Wavelength(um)	Intensity
0.5	0.371395
0.50001	0.486971
0.50002	0.591723
0.50003	0.619358
0.50004	0.568585
0.50005	0.447142
0.50006	0.36381
0.50007	0.452531
0.50008	0.571986
0.50009	0.619534
0.5001	0.588812
0.50011	0.481751
0.50012	0.36987
0.50013	0.419116
0.50014	0.54712
0.50015	0.614716
0.50016	0.603925
0.50017	0.514974
0.50018	0.388608
0.50019	0.390634
0.5002	0.517522
0.50021	0.604779
0.50022	0.613892
0.50023	0.544777
0.50024	0.416902
0.50025	0.371385
0.50026	0.484227
0.50027	0.589568
0.50028	0.618729
0.50029	0.569996
0.5003	0.450597
0.50031	0.36487
0.50032	0.449231
0.50033	0.568975
0.50034	0.61842
0.50035	0.590075
0.50036	0.485696
0.50037	0.372493
0.50038	0.415715
0.50039	0.543083
0.5004	0.612892
0.50041	0.604823
0.50042	0.519089
0.50043	0.392947
0.50044	0.387901
0.50045	0.512393
0.50046	0.60201
0.50047	0.614211
0.50048	0.548738
0.50049	0.422723
0.5005	0.370282
0.50051	0.478146
0.50052	0.585618
0.50053	0.618255
0.50054	0.573509
0.50055	0.457394
0.50056	0.366261
0.50057	0.442663
0.50058	0.563636
0.50059	0.61693
0.5006	0.592888
0.50061	0.492862
0.50062	0.376803
0.50063	0.409544
0.50064	0.53623
0.50065	0.610148
0.50066	0.606712
0.50067	0.526058
0.50068	0.39998
0.50069	0.383387
0.5007	0.504083
0.50071	0.597763
0.50072	0.614968
0.50073	0.555048
0.50074	0.43176
0.50075	0.368783
0.50076	0.46876
0.50077	0.579627
0.50078	0.617663
0.50079	0.578808
0.5008	0.467465
0.50081	0.368757
0.50082	0.433063
0.50083	0.555715
0.50084	0.61476
0.50085	0.596907
0.50086	0.503022
0.50087	0.383479
0.50088	0.401138
0.50089	0.526336
0.5009	0.606149
0.50091	0.609228
0.50092	0.535538
0.50093	0.410145
0.50094	0.377953
0.50095	0.492469
0.50096	0.591673
0.50097	0.615773
0.50098	0.563292
0.50099	0.444146
0.501	0.367972
0.50101	0.456164
0.50102	0.57121
0.50103	0.61654
0.50104	0.585435
0.50105	0.480664
0.50106	0.373444
0.50107	0.420879
0.50108	0.544839
0.50109	0.611466
0.5011	0.601647
0.50111	0.515818
0.50112	0.393361
0.50113	0.391387
0.50114	0.513116
0.50115	0.600416
0.50116	0.611867
0.50117	0.547039
0.50118	0.423879
0.50119	0.372888
0.5012	0.477474
0.50121	0.583233
0.50122	0.616104
0.50123	0.572908
0.50124	0.459897
0.50125	0.369306
0.50126	0.440657
0.50127	0.55986
0.50128	0.614335
0.50129	0.592791
0.5013	0.496671
0.50131	0.381599
0.50132	0.406941
0.50133	0.530568
0.50134	0.606462
0.50135	0.606493
0.50136	0.530713
0.50137	0.407255
0.50138	0.381691
0.50139	0.496317
0.5014	0.592329
0.50141	0.613997
0.50142	0.559905
0.50143	0.441423
0.50144	0.369959
0.50145	0.45922
0.50146	0.571809
0.50147	0.615305
0.50148	0.583186
0.50149	0.47877
0.5015	0.374501
0.50151	0.422952
0.50152	0.544987
0.50153	0.610357
0.50154	0.600148
0.50155	0.514917
0.50156	0.394446
0.50157	0.39268
0.50158	0.512476
0.50159	0.599019
0.5016	0.610704
0.50161	0.546962
0.50162	0.425679
0.50163	0.37407
0.50164	0.475877
0.50165	0.581135
0.50166	0.614858
0.50167	0.573316
0.50168	0.462632
0.50169	0.371322
0.5017	0.438277
0.50171	0.556673
0.50172	0.612584
0.50173	0.593283
0.50174	0.500161
0.50175	0.385249
0.50176	0.404465
0.50177	0.526002
0.50178	0.603775
0.50179	0.606656
0.5018	0.534553
0.50181	0.412822
0.50182	0.380331
0.50183	0.490323
0.50184	0.588272
0.50185	0.613417
0.50186	0.563617
0.50187	0.448593
0.50188	0.371124
0.50189	0.452211
0.5019	0.565975
0.50191	0.61356
0.50192	0.586303
0.50193	0.486842
0.50194	0.379194
0.50195	0.416018
0.50196	0.537085
0.50197	0.607009
0.50198	0.602237
0.50199	0.523077
0.502	0.402768
0.50201	0.387613
0.50202	0.502499
0.50203	0.593614
0.50204	0.611351
0.50205	0.554469
0.50206	0.43681
0.50207	0.372945
0.50208	0.464373
0.50209	0.573239
0.5021	0.613648
0.50211	0.579562
0.50212	0.475233
0.50213	0.375659
0.50214	0.42664
0.50215	0.545967
0.50216	0.609077
0.50217	0.59778
0.50218	0.51285
0.50219	0.395251
0.5022	0.395028
0.50221	0.512477
0.50222	0.597505
0.50223	0.608979
0.50224	0.54619
0.50225	0.427283
0.50226	0.375916
0.50227	0.474595
0.50228	0.578777
0.50229	0.613156
0.5023	0.573365
0.50231	0.465493
0.50232	0.373986
0.50233	0.435895
0.50234	0.552901
0.50235	0.61028
0.50236	0.59357
0.50237	0.504104
0.50238	0.389901
0.50239	0.401921
0.5024	0.520396
0.50241	0.600236
0.50242	0.606569
0.50243	0.539033
0.50244	0.419901
0.50245	0.379316
0.50246	0.482843
0.50247	0.582862
0.50248	0.61234
0.50249	0.567962
0.5025	0.457686
0.50251	0.373559
0.50252	0.443532
0.50253	0.558117
0.50254	0.610865
0.50255	0.589844
0.50256	0.496995
0.50257	0.386319
0.50258	0.407842
0.50259	0.526411
0.5026	0.602045
0.50261	0.604341
0.50262	0.533192
0.50263	0.414488
0.50264	0.382589
0.50265	0.489149
0.50266	0.585719
0.50267	0.611406
0.50268	0.563549
0.50269	0.451805
0.5027	0.373859
0.50271	0.449425
0.50272	0.561814
0.50273	0.611028
0.50274	0.586787
0.50275	0.491615
0.50276	0.38413
0.50277	0.412502
0.50278	0.530669
0.50279	0.60312
0.5028	0.602468
0.50281	0.5288
0.50282	0.410851
0.50283	0.385336
0.50284	0.493578
0.50285	0.587523
0.50286	0.610514
0.50287	0.56027
0.50288	0.447802
0.50289	0.374482
0.5029	0.453521
0.50291	0.564147
0.50292	0.610917
0.50293	0.584537
0.50294	0.488006
0.50295	0.383027
0.50296	0.415725
0.50297	0.53329
0.50298	0.603598
0.50299	0.601074
0.503	0.525942
0.50301	0.408814
0.50302	0.387297
0.50303	0.496195
0.50304	0.5884
0.50305	0.609775
0.50306	0.558218
0.50307	0.445618
0.50308	0.375154
0.50309	0.455812
0.5031	0.565226
0.50311	0.610631
0.50312	0.583182
0.50313	0.486179
0.50314	0.382791
0.50315	0.417425
0.50316	0.534362
0.50317	0.603568
0.50318	0.600235
0.50319	0.524658
0.5032	0.408248
0.50321	0.388329
0.50322	0.497054
0.50323	0.588429
0.50324	0.609253
0.50325	0.557441
0.50326	0.445198
0.50327	0.375724
0.50328	0.456313
0.50329	0.565119
0.5033	0.610223
0.50331	0.582763
0.50332	0.486124
0.50333	0.383306
0.50334	0.417578
0.50335	0.533936
0.50336	0.603071
0.50337	0.599983
0.50338	0.524954
0.50339	0.409084
0.5034	0.388392
0.50341	0.49619
0.50342	0.58764
0.50343	0.608966
0.50344	0.557942
0.50345	0.446508
0.50346	0.37616
0.50347	0.455047
0.50348	0.563843
0.50349	0.609699
0.5035	0.583274
0.50351	0.487817
0.50352	0.384561
0.50353	0.416216
0.50354	0.532023
0.50355	0.602102
0.50356	0.6003
0.50357	0.526802
0.50358	0.411322
0.50359	0.387542
0.5036	0.493617
0.50361	0.586017
0.50362	0.608889
0.50363	0.559683
0.50364	0.449534
0.50365	0.376548
0.50366	0.45205
0.50367	0.561375
0.50368	0.609022
0.50369	0.584666
0.5037	0.49122
0.50371	0.386647
0.50372	0.413422
0.50373	0.528599
0.50374	0.600612
0.50375	0.601128
0.50376	0.530139
0.50377	0.415019
0.50378	0.385929
0.50379	0.48933
0.5038	0.583499
0.50381	0.608949
0.50382	0.562583
0.50383	0.454279
0.50384	0.377084
0.50385	0.447375
0.50386	0.557647
0.50387	0.608108
0.50388	0.586844
0.50389	0.496281
0.5039	0.389748
0.50391	0.409345
0.50392	0.523607
0.50393	0.598504
0.50394	0.602359
0.50395	0.534871
0.50396	0.420283
0.50397	0.383807
0.50398	0.483317
0.50399	0.579978
0.504	0.609031
0.50401	0.566519
0.50402	0.46075
0.50403	0.378075
0.50404	0.441104
0.50405	0.552552
0.50406	0.606829
0.50407	0.58967
0.50408	0.502919
0.50409	0.394119
0.5041	0.404212
0.50411	0.516965
0.50412	0.595639
0.50413	0.603847
0.50414	0.54086
0.50415	0.427244
0.50416	0.381541
0.50417	0.475572
0.50418	0.575307
0.50419	0.608975
0.5042	0.571326
0.50421	0.468936
0.50422	0.379924
0.50423	0.433378
0.50424	0.545949
0.50425	0.605016
0.50426	0.592964
0.50427	0.511017
0.50428	0.400068
0.50429	0.398359
0.5043	0.50858
0.50431	0.591832
0.50432	0.605399
0.50433	0.547928
0.50434	0.436027
0.50435	0.379619
0.50436	0.466119
0.50437	0.569296
0.50438	0.608582
0.50439	0.576793
0.5044	0.478788
0.50441	0.383118
0.50442	0.424428
0.50443	0.53767
0.50444	0.602452
0.50445	0.596501
0.50446	0.520408
0.50447	0.407911
0.50448	0.392257
0.50449	0.498363
0.5045	0.586857
0.50451	0.606783
0.50452	0.555845
0.50453	0.446713
0.50454	0.37865
0.50455	0.455052
0.50456	0.561721
0.50457	0.607605
0.50458	0.582665
0.50459	0.490192
0.5046	0.388188
0.50461	0.41462
0.50462	0.527535
0.50463	0.59888
0.50464	0.600016
0.50465	0.530865
0.50466	0.417925
0.50467	0.386541
0.50468	0.486269
0.50469	0.580447
0.5047	0.607725
0.50471	0.564333
0.50472	0.459301
0.50473	0.379351
0.50474	0.442577
0.50475	0.552331
0.50476	0.605759
0.50477	0.588646
0.50478	0.502954
0.50479	0.395657
0.5048	0.404507
0.50481	0.515378
0.50482	0.593997
0.50483	0.603203
0.50484	0.542092
0.50485	0.430292
0.50486	0.382023
0.50487	0.472334
0.50488	0.572295
0.50489	0.60791
0.5049	0.57306
0.50491	0.473673
0.50492	0.382495
0.50493	0.429084
0.50494	0.540863
0.50495	0.602712
0.50496	0.594395
0.50497	0.516783
0.50498	0.405965
0.50499	0.394872
0.505	0.50108
0.50501	0.58746
0.50502	0.605718
0.50503	0.553731
0.50504	0.445041
0.50505	0.379669
0.50506	0.456748
0.50507	0.562073
0.50508	0.606979
0.50509	0.581651
0.5051	0.489575
0.50511	0.388833
0.50512	0.415218
0.50513	0.527076
0.50514	0.598089
0.50515	0.599534
0.50516	0.531293
0.50517	0.419377
0.50518	0.386757
0.50519	0.484637
0.5052	0.578888
0.50521	0.607175
0.50522	0.565362
0.50523	0.462004
0.50524	0.380535
0.50525	0.439946
0.50526	0.549441
0.50527	0.604532
0.50528	0.589686
0.50529	0.506604
0.5053	0.398967
0.50531	0.401952
0.50532	0.510795
0.50533	0.591473
0.50534	0.603646
0.50535	0.546011
0.50536	0.435902
0.50537	0.381436
0.50538	0.466246
0.50539	0.567873
0.5054	0.607148
0.50541	0.576513
0.50542	0.480792
0.50543	0.385626
0.50544	0.422712
0.50545	0.534092
0.50546	0.600123
0.50547	0.596711
0.50548	0.524225
0.50549	0.413215
0.5055	0.390627
0.50551	0.491997
0.50552	0.582409
0.50553	0.606279
0.50554	0.560397
0.50555	0.455238
0.50556	0.380302
0.50557	0.446436
0.50558	0.554007
0.50559	0.605169
0.5056	0.586676
0.50561	0.50081
0.50562	0.395708
0.50563	0.406286
0.50564	0.515813
0.50565	0.593262
0.50566	0.602237
0.50567	0.5418
0.50568	0.43149
0.50569	0.382904
0.5057	0.470932
0.50571	0.570415
0.50572	0.606939
0.50573	0.573863
0.50574	0.476763
0.50575	0.384652
0.50576	0.426214
0.50577	0.53693
0.50578	0.60072
0.50579	0.595314
0.5058	0.521295
0.50581	0.411093
0.50582	0.39241
0.50583	0.494602
0.50584	0.583419
0.50585	0.605742
0.50586	0.558627
0.50587	0.45324
0.50588	0.38058
0.50589	0.448307
0.5059	0.555022
0.50591	0.60509
0.50592	0.585796
0.50593	0.499581
0.50594	0.395376
0.50595	0.407208
0.50596	0.516424
0.50597	0.59324
0.50598	0.601864
0.50599	0.541384
0.506	0.431476
0.50601	0.383237
0.50602	0.470844
0.50603	0.570047
0.50604	0.606669
0.50605	0.573978
0.50606	0.477479
0.50607	0.385238
0.50608	0.425486
0.50609	0.535843
0.5061	0.600145
0.50611	0.595572
0.50612	0.522621
0.50613	0.41266
0.50614	0.391705
0.50615	0.492578
0.50616	0.582128
0.50617	0.605737
0.50618	0.560177
0.50619	0.455903
0.5062	0.38101
0.50621	0.445554
0.50622	0.552631
0.50623	0.604412
0.50624	0.587129
0.50625	0.502908
0.50626	0.397781
0.50627	0.40466
0.50628	0.51271
0.50629	0.591469
0.5063	0.602556
0.50631	0.544747
0.50632	0.435796
0.50633	0.382446
0.50634	0.466034
0.50635	0.566776
0.50636	0.60631
0.50637	0.576798
0.50638	0.482884
0.50639	0.387502
0.5064	0.420654
0.50641	0.530798
0.50642	0.598312
0.50643	0.59737
0.50644	0.528084
0.50645	0.418042
0.50646	0.388825
0.50647	0.485916
0.50648	0.578393
0.50649	0.606093
0.5065	0.564854
0.50651	0.463233
0.50652	0.382079
0.50653	0.438335
0.50654	0.546657
0.50655	0.602906
0.50656	0.590417
0.50657	0.510628
0.50658	0.403378
0.50659	0.399132
0.5066	0.504534
0.50661	0.587661
0.50662	0.604
0.50663	0.551589
0.50664	0.444645
0.50665	0.381357
0.50666	0.456581
0.50667	0.560272
0.50668	0.605492
0.50669	0.58193
0.5067	0.492853
0.50671	0.392315
0.50672	0.412245
0.50673	0.521499
0.50674	0.594791
0.50675	0.600253
0.50676	0.537315
0.50677	0.427761
0.50678	0.384839
0.50679	0.47454
0.5068	0.571733
0.50681	0.606301
0.50682	0.572143
0.50683	0.475252
0.50684	0.385084
0.50685	0.427092
0.50686	0.536633
0.50687	0.600003
0.50688	0.595067
0.50689	0.522361
0.5069	0.413124
0.50691	0.3918
0.50692	0.491625
0.50693	0.581187
0.50694	0.605548
0.50695	0.561296
0.50696	0.458309
0.50697	0.381639
0.50698	0.44275
0.50699	0.549897
0.507	0.60351
0.50701	0.588647
0.50702	0.507071
0.50703	0.401125
0.50704	0.401411
0.50705	0.507468
0.50706	0.588811
0.50707	0.603435
0.50708	0.549631
0.50709	0.442475
0.5071	0.38169
0.50711	0.45849
0.50712	0.561346
0.50713	0.605519
0.50714	0.581193
0.50715	0.491787
0.50716	0.391984
0.50717	0.412846
0.50718	0.521874
0.50719	0.594793
0.5072	0.600154
0.50721	0.537396
0.50722	0.428136
0.50723	0.384769
0.50724	0.473776
0.50725	0.571089
0.50726	0.606221
0.50727	0.572902
0.50728	0.476843
0.50729	0.385737
0.5073	0.42536
0.50731	0.534768
0.50732	0.599318
0.50733	0.595886
0.50734	0.524839
0.50735	0.415585
0.50736	0.390306
0.50737	0.488242
0.50738	0.579265
0.50739	0.6058
0.5074	0.563969
0.50741	0.462547
0.50742	0.382253
0.50743	0.43833
0.50744	0.546162
0.50745	0.602567
0.50746	0.590804
0.50747	0.512199
0.50748	0.405014
0.50749	0.397699
0.5075	0.501666
0.50751	0.586027
0.50752	0.604425
0.50753	0.554584
0.50754	0.449163
0.50755	0.381272
0.50756	0.451263
0.50757	0.55612
0.50758	0.604709
0.50759	0.585075
0.5076	0.499707
0.50761	0.396499
0.50762	0.406375
0.50763	0.51393
0.50764	0.59153
0.50765	0.602255
0.50766	0.54493
0.50767	0.436904
0.50768	0.382441
0.50769	0.4638
0.5077	0.564739
0.50771	0.605905
0.50772	0.578856
0.50773	0.487571
0.50774	0.390014
0.50775	0.415821
0.50776	0.524996
0.50777	0.595926
0.50778	0.599441
0.50779	0.535183
0.5078	0.42592
0.50781	0.38536
0.50782	0.475688
0.50783	0.572133
0.50784	0.606302
0.50785	0.5723
0.50786	0.475975
0.50787	0.385439
0.50788	0.425604
0.50789	0.534879
0.5079	0.59936
0.50791	0.596125
0.50792	0.525508
0.50793	0.416299
0.50794	0.389621
0.50795	0.486768
0.50796	0.578423
0.50797	0.606041
0.50798	0.565551
0.50799	0.46507
0.508	0.382586
0.50801	0.435378
0.50802	0.543628
0.50803	0.601969
0.50804	0.592438
0.50805	0.516054
0.50806	0.408062
0.50807	0.394834
0.50808	0.496949
0.50809	0.583729
0.5081	0.605251
0.50811	0.558743
0.50812	0.454972
0.50813	0.381221
0.50814	0.444878
0.50815	0.551312
0.50816	0.603879
0.50817	0.588505
0.50818	0.506954
0.50819	0.401175
0.5082	0.400645
0.50821	0.506192
0.50822	0.58817
0.50823	0.60405
0.50824	0.552002
0.50825	0.445762
0.50826	0.381082
0.50827	0.453911
0.50828	0.558015
0.50829	0.605209
0.5083	0.584442
0.50831	0.498322
0.50832	0.395558
0.50833	0.406751
0.50834	0.514496
0.50835	0.591855
0.50836	0.602549
0.50837	0.545443
0.50838	0.437484
0.50839	0.381906
0.5084	0.46234
0.50841	0.563822
0.50842	0.606066
0.50843	0.580357
0.50844	0.490252
0.50845	0.391095
0.50846	0.412897
0.50847	0.521883
0.50848	0.594888
0.50849	0.60085
0.5085	0.539167
0.50851	0.43015
0.50852	0.383437
0.50853	0.470076
0.50854	0.568818
0.50855	0.606549
0.50856	0.576346
0.50857	0.482816
0.50858	0.387646
0.50859	0.418878
0.5086	0.52839
0.50861	0.597365
0.50862	0.599045
0.50863	0.533264
0.50864	0.423745
0.50865	0.385439
0.50866	0.477068
0.50867	0.573085
0.50868	0.606747
0.50869	0.572501
0.5087	0.47607
0.50871	0.385058
0.50872	0.424532
0.50873	0.534063
0.50874	0.59937
0.50875	0.597218
0.50876	0.527814
0.50877	0.418232
0.50878	0.387703
0.50879	0.483287
0.5088	0.5767
0.50881	0.606739
0.50882	0.5689
0.50883	0.47005
0.50884	0.383178
0.50885	0.429737
0.50886	0.538952
0.50887	0.60098
0.50888	0.595445
0.50889	0.522881
0.5089	0.41356
0.50891	0.390045
0.50892	0.488725
0.50893	0.579733
0.50894	0.606597
0.50895	0.565613
0.50896	0.46478
0.50897	0.381858
0.50898	0.434399
0.50899	0.543105
0.509	0.602264
0.50901	0.593793
0.50902	0.51852
0.50903	0.409667
0.50904	0.392314
0.50905	0.493384
0.50906	0.582244
0.50907	0.606383
0.50908	0.562702
0.50909	0.460269
0.5091	0.380959
0.50911	0.438451
0.50912	0.546568
0.50913	0.603279
0.50914	0.592319
0.50915	0.514775
0.50916	0.406488
0.50917	0.394384
0.50918	0.497273
0.50919	0.584288
0.5092	0.60615
0.50921	0.560218
0.50922	0.456521
0.50923	0.380362
0.50924	0.441844
0.50925	0.549381
0.50926	0.604075
0.50927	0.591072
0.50928	0.511682
0.50929	0.403963
0.5093	0.396153
0.50931	0.500405
0.50932	0.58591
0.50933	0.605943
0.50934	0.558204
0.50935	0.453533
0.50936	0.379962
0.50937	0.444544
0.50938	0.551581
0.50939	0.604693
0.5094	0.590092
0.50941	0.509267
0.50942	0.402035
0.50943	0.397544
0.50944	0.502793
0.50945	0.587145
0.50946	0.605798
0.50947	0.556694
0.50948	0.451298
0.50949	0.379678
0.5095	0.446526
0.50951	0.553193
0.50952	0.605164
0.50953	0.589412
0.50954	0.507551
0.50955	0.40066
0.50956	0.398499
0.50957	0.504446
0.50958	0.588021
0.50959	0.605741
0.5096	0.555714
0.50961	0.449812
0.50962	0.379448
0.50963	0.447776
0.50964	0.554239
0.50965	0.605511
0.50966	0.589053
0.50967	0.506547
0.50968	0.399804
0.50969	0.398978
0.5097	0.505373
0.50971	0.588556
0.50972	0.605791
0.50973	0.555281
0.50974	0.449072
0.50975	0.379231
0.50976	0.448283
0.50977	0.55473
0.50978	0.605749
0.50979	0.589031
0.5098	0.506265
0.50981	0.399448
0.50982	0.398957
0.50983	0.505576
0.50984	0.58876
0.50985	0.605957
0.50986	0.555405
0.50987	0.449077
0.50988	0.37901
0.50989	0.448039
0.5099	0.554671
0.50991	0.605881
0.50992	0.589349
0.50993	0.50671
0.50994	0.399591
0.50995	0.398429
0.50996	0.505054
0.50997	0.588633
0.50998	0.60624
0.50999	0.556087
0.51	0.449833
0.51001	0.378788
0.51002	0.447043
0.51003	0.554058
0.51004	0.605905
0.51005	0.590005
0.51006	0.507883
0.51007	0.400245
0.51008	0.397401
0.51009	0.5038
0.5101	0.588167
0.51011	0.606632
0.51012	0.55732
0.51013	0.451347
0.51014	0.378592
0.51015	0.445294
0.51016	0.552877
0.51017	0.605807
0.51018	0.590987
0.51019	0.509778
0.5102	0.401439
0.51021	0.3959
0.51022	0.501802
0.51023	0.587344
0.51024	0.607116
0.51025	0.559089
0.51026	0.453631
0.51027	0.378469
0.51028	0.442799
0.51029	0.551108
0.5103	0.605567
0.51031	0.592273
0.51032	0.512387
0.51033	0.403216
0.51034	0.393965
0.51035	0.499045
0.51036	0.586137
0.51037	0.607667
0.51038	0.561372
0.51039	0.456696
0.5104	0.378491
0.51041	0.439568
0.51042	0.548722
0.51043	0.605153
0.51044	0.593832
0.51045	0.515692
0.51046	0.405633
0.51047	0.391659
0.51048	0.49551
0.51049	0.584511
0.5105	0.608249
0.51051	0.564136
0.51052	0.460556
0.51053	0.378751
0.51054	0.435622
0.51055	0.545682
0.51056	0.604526
0.51057	0.595627
0.51058	0.51967
0.51059	0.408755
0.5106	0.389066
0.51061	0.491177
0.51062	0.582422
0.51063	0.608819
0.51064	0.567341
0.51065	0.465218
0.51066	0.379363
0.51067	0.430995
0.51068	0.541944
0.51069	0.603637
0.5107	0.597609
0.51071	0.524289
0.51072	0.412653
0.51073	0.386296
0.51074	0.486027
0.51075	0.579814
0.51076	0.609325
0.51077	0.570934
0.51078	0.470685
0.51079	0.380462
0.5108	0.425736
0.51081	0.537459
0.51082	0.602429
0.51083	0.59972
0.51084	0.529506
0.51085	0.417399
0.51086	0.383486
0.51087	0.480045
0.51088	0.576627
0.51089	0.609705
0.5109	0.574856
0.51091	0.476948
0.51092	0.3822
0.51093	0.419917
0.51094	0.532171
0.51095	0.600834
0.51096	0.601895
0.51097	0.535265
0.51098	0.423063
0.51099	0.380805
0.511	0.473224
0.51101	0.572787
0.51102	0.60989
0.51103	0.579037
0.51104	0.483986
0.51105	0.384739
0.51106	0.413639
0.51107	0.526024
0.51108	0.598776
0.51109	0.604059
0.5111	0.541502
0.51111	0.4297
0.51112	0.378453
0.51113	0.465572
0.51114	0.568217
0.51115	0.6098
0.51116	0.583396
0.51117	0.491761
0.51118	0.388248
0.51119	0.40704
0.5112	0.518959
0.51121	0.596168
0.51122	0.606128
0.51123	0.548135
0.51124	0.43735
0.51125	0.376664
0.51126	0.457118
0.51127	0.562829
0.51128	0.609346
0.51129	0.587844
0.5113	0.500215
0.51131	0.392891
0.51132	0.400301
0.51133	0.510925
0.51134	0.592915
0.51135	0.60801
0.51136	0.555073
0.51137	0.446027
0.51138	0.3757
0.51139	0.447922
0.5114	0.556531
0.51141	0.608429
0.51142	0.592281
0.51143	0.50927
0.51144	0.398816
0.51145	0.393655
0.51146	0.501879
0.51147	0.588912
0.51148	0.609603
0.51149	0.562209
0.5115	0.455713
0.51151	0.375842
0.51152	0.438087
0.51153	0.549226
0.51154	0.606943
0.51155	0.596599
0.51156	0.518826
0.51157	0.406145
0.51158	0.387389
0.51159	0.491797
0.5116	0.584043
0.51161	0.610797
0.51162	0.569426
0.51163	0.466356
0.51164	0.37738
0.51165	0.42777
0.51166	0.540819
0.51167	0.604768
0.51168	0.600681
0.51169	0.528762
0.5117	0.414955
0.51171	0.38185
0.51172	0.480684
0.51173	0.578186
0.51174	0.611472
0.51175	0.576596
0.51176	0.477864
0.51177	0.380596
0.51178	0.417199
0.51179	0.53122
0.5118	0.601777
0.51181	0.604402
0.51182	0.538937
0.51183	0.425273
0.51184	0.377436
0.51185	0.468592
0.51186	0.57121
0.51187	0.611499
0.51188	0.583579
0.51189	0.490106
0.5119	0.385739
0.51191	0.406683
0.51192	0.520353
0.51193	0.597829
0.51194	0.607629
0.51195	0.549194
0.51196	0.43706
0.51197	0.374585
0.51198	0.455631
0.51199	0.562982
0.512	0.610739
0.51201	0.59023
0.51202	0.502916
0.51203	0.392998
0.51204	0.396628
0.51205	0.508168
0.51206	0.592774
0.51207	0.61022
0.51208	0.55936
0.51209	0.450206
0.5121	0.373751
0.51211	0.441998
0.51212	0.553369
0.51213	0.609041
0.51214	0.596394
0.51215	0.516093
0.51216	0.402482
0.51217	0.387536
0.51218	0.494657
0.51219	0.586452
0.5122	0.612024
0.51221	0.569253
0.51222	0.464534
0.51223	0.375366
0.51224	0.427999
0.51225	0.542247
0.51226	0.606244
0.51227	0.601911
0.51228	0.529413
0.51229	0.414192
0.5123	0.379998
0.51231	0.47988
0.51232	0.578697
0.51233	0.612881
0.51234	0.578683
0.51235	0.479799
0.51236	0.379799
0.51237	0.414071
0.51238	0.529515
0.51239	0.602173
0.5124	0.606614
0.51241	0.542632
0.51242	0.42801
0.51243	0.374668
0.51244	0.46399
0.51245	0.569337
0.51246	0.612621
0.51247	0.587458
0.51248	0.495706
0.51249	0.387302
0.5125	0.400802
0.51251	0.51511
0.51252	0.59664
0.51253	0.61033
0.51254	0.555499
0.51255	0.443695
0.51256	0.372214
0.51257	0.447274
0.51258	0.558206
0.51259	0.611061
0.5126	0.595381
0.51261	0.51192
0.51262	0.397965
0.51263	0.388933
0.51264	0.499039
0.51265	0.58945
0.51266	0.612878
0.51267	0.567758
0.51268	0.460896
0.51269	0.373246
0.5127	0.430189
0.51271	0.545154
0.51272	0.608003
0.51273	0.602256
0.51274	0.528083
0.51275	0.411689
0.51276	0.379333
0.51277	0.481416
0.51278	0.580394
0.51279	0.614067
0.5128	0.579159
0.51281	0.479174
0.51282	0.378231
0.51283	0.413399
0.51284	0.530071
0.51285	0.603237
0.51286	0.607882
0.51287	0.543837
0.51288	0.428166
0.51289	0.372941
0.5129	0.462507
0.51291	0.569269
0.51292	0.613694
0.51293	0.589457
0.51294	0.498031
0.51295	0.38741
0.51296	0.397796
0.51297	0.512919
0.51298	0.596535
0.51299	0.612057
0.513	0.558829
0.51301	0.446909
0.51302	0.370665
0.51303	0.442794
0.51304	0.555882
0.51305	0.61154
0.51306	0.598417
0.51307	0.516943
0.51308	0.400727
0.51309	0.384485
0.5131	0.493777
0.51311	0.587659
0.51312	0.614569
0.51313	0.572726
0.51314	0.467283
0.51315	0.373245
0.51316	0.423032
0.51317	0.540081
0.51318	0.607371
0.51319	0.605807
0.5132	0.535396
0.51321	0.417809
0.51322	0.374711
0.51323	0.472912
0.51324	0.576367
0.51325	0.615196
0.51326	0.585222
0.51327	0.488569
0.51328	0.38111
0.51329	0.404287
0.5133	0.521792
0.51331	0.600932
0.51332	0.611402
0.51333	0.552908
0.51334	0.43799
0.51335	0.369721
0.51336	0.450854
0.51337	0.562429
0.51338	0.613698
0.51339	0.596031
0.5134	0.510021
0.51341	0.394258
0.51342	0.387938
0.51343	0.501083
0.51344	0.591952
0.51345	0.614968
0.51346	0.569041
0.51347	0.460386
0.51348	0.37056
0.51349	0.428487
0.5135	0.545659
0.51351	0.609817
0.51352	0.604891
0.51353	0.530929
0.51354	0.412216
0.51355	0.375584
0.51356	0.478246
0.51357	0.580155
0.51358	0.616266
0.51359	0.583413
0.5136	0.483993
0.51361	0.377846
0.51362	0.407116
0.51363	0.525962
0.51364	0.603269
0.51365	0.611549
0.51366	0.55065
0.51367	0.434079
0.51368	0.368847
0.51369	0.453914
0.5137	0.565274
0.51371	0.615034
0.51372	0.595687
0.51373	0.507797
0.51374	0.391587
0.51375	0.388464
0.51376	0.503421
0.51377	0.59375
0.51378	0.615756
0.51379	0.56863
0.5138	0.458639
0.51381	0.369077
0.51382	0.42918
0.51383	0.5471
0.51384	0.610986
0.51385	0.605568
0.51386	0.530859
0.51387	0.411119
0.51388	0.374549
0.51389	0.478412
0.5139	0.580947
0.51391	0.617248
0.51392	0.58441
0.51393	0.484551
0.51394	0.377014
0.51395	0.405687
0.51396	0.525543
0.51397	0.603809
0.51398	0.612783
0.51399	0.552368
0.514	0.435192
0.51401	0.367393
0.51402	0.451756
0.51403	0.564568
0.51404	0.615744
0.51405	0.597611
0.51406	0.510496
0.51407	0.392541
0.51408	0.385617
0.51409	0.500751
0.5141	0.593161
0.51411	0.617063
0.51412	0.571666
0.51413	0.462185
0.51414	0.368584
0.51415	0.424883
0.51416	0.544393
0.51417	0.610928
0.51418	0.607912
0.51419	0.535311
0.5142	0.414636
0.51421	0.371482
0.51422	0.473271
0.51423	0.578696
0.51424	0.618128
0.51425	0.588232
0.51426	0.490364
0.51427	0.378814
0.51428	0.399934
0.51429	0.520383
0.5143	0.602446
0.51431	0.615024
0.51432	0.558041
0.51433	0.441555
0.51434	0.365674
0.51435	0.444259
0.51436	0.560102
0.51437	0.615664
0.51438	0.601662
0.51439	0.518117
0.5144	0.397593
0.51441	0.37969
0.51442	0.492837
0.51443	0.58992
0.51444	0.618663
0.51445	0.577957
0.51446	0.471179
0.51447	0.369835
0.51448	0.415678
0.51449	0.537192
0.5145	0.60932
0.51451	0.611625
0.51452	0.5441
0.51453	0.423295
0.51454	0.367194
0.51455	0.462626
0.51456	0.572973
0.51457	0.618524
0.51458	0.594517
0.51459	0.501394
0.5146	0.384278
0.51461	0.390378
0.51462	0.510054
0.51463	0.598697
0.51464	0.617825
0.51465	0.567282
0.51466	0.453529
0.51467	0.365041
0.51468	0.431469
0.51469	0.551304
0.5147	0.614258
0.51471	0.607319
0.51472	0.530365
0.51473	0.407771
0.51474	0.371861
0.51475	0.479295
0.51476	0.583375
0.51477	0.619959
0.51478	0.586925
0.51479	0.485664
0.5148	0.374527
0.51481	0.402144
0.51482	0.524831
0.51483	0.60546
0.51484	0.616038
0.51485	0.556668
0.51486	0.437824
0.51487	0.363584
0.51488	0.446369
0.51489	0.562969
0.5149	0.617687
0.51491	0.602516
0.51492	0.517299
0.51493	0.395073
0.51494	0.37843
0.51495	0.493929
0.51496	0.591682
0.51497	0.62037
0.51498	0.579299
0.51499	0.471338
0.515	0.367894
0.51501	0.413904
0.51502	0.537258
0.51503	0.610604
0.51504	0.613681
0.51505	0.54653
0.51506	0.424297
0.51507	0.364507
0.51508	0.459798
0.51509	0.572476
0.5151	0.619981
0.51511	0.597589
0.51512	0.505296
0.51513	0.385061
0.51514	0.38582
0.51515	0.506424
0.51516	0.598245
0.51517	0.620107
0.51518	0.572011
0.51519	0.458712
0.5152	0.363761
0.51521	0.424884
0.51522	0.54751
0.51523	0.614475
0.51524	0.611093
0.51525	0.537231
0.51526	0.413008
0.51527	0.366881
0.51528	0.471439
0.51529	0.580114
0.5153	0.621466
0.51531	0.592869
0.51532	0.494669
0.51533	0.377428
0.51534	0.393168
0.51535	0.516806
0.51536	0.603374
0.51537	0.619476
0.51538	0.565386
0.51539	0.447965
0.5154	0.361453
0.51541	0.434571
0.51542	0.555791
0.51543	0.617369
0.51544	0.608566
0.51545	0.529073
0.51546	0.403888
0.51547	0.369893
0.51548	0.481143
0.51549	0.586146
0.5155	0.622417
0.51551	0.588645
0.51552	0.485652
0.51553	0.371777
0.51554	0.399831
0.51555	0.525166
0.51556	0.607334
0.51557	0.618737
0.51558	0.559703
0.51559	0.439183
0.5156	0.360323
0.51561	0.442641
0.51562	0.562299
0.51563	0.619534
0.51564	0.606352
0.51565	0.522305
0.51566	0.396784
0.51567	0.372877
0.51568	0.488864
0.51569	0.590797
0.5157	0.623062
0.51571	0.58516
0.51572	0.478413
0.51573	0.367694
0.51574	0.405347
0.51575	0.531616
0.51576	0.610341
0.51577	0.618104
0.51578	0.555191
0.51579	0.432385
0.5158	0.359808
0.51581	0.448898
0.51582	0.567206
0.51583	0.621167
0.51584	0.604656
0.51585	0.517117
0.51586	0.39151
0.51587	0.375323
0.51588	0.494605
0.51589	0.594246
0.5159	0.623581
0.51591	0.582611
0.51592	0.473065
0.51593	0.364804
0.51594	0.4094
0.51595	0.536258
0.51596	0.61256
0.51597	0.617745
0.51598	0.55203
0.51599	0.427556
0.516	0.359462
0.51601	0.453231
0.51602	0.570647
0.51603	0.622416
0.51604	0.603635
0.51605	0.513654
0.51606	0.387894
0.51607	0.376863
0.51608	0.498385
0.51609	0.596627
0.5161	0.624109
0.51611	0.581145
0.51612	0.469685
0.51613	0.362815
0.51614	0.41178
0.51615	0.539171
0.51616	0.61411
0.51617	0.617782
0.51618	0.550352
0.51619	0.424677
0.5162	0.358968
0.51621	0.455567
0.51622	0.572712
0.51623	0.623382
0.51624	0.603401
0.51625	0.512015
0.51626	0.385816
0.51627	0.377257
0.51628	0.500214
0.51629	0.59802
0.5163	0.624729
0.51631	0.580861
0.51632	0.468329
0.51633	0.361539
0.51634	0.412354
0.51635	0.540396
0.51636	0.615058
0.51637	0.618285
0.51638	0.550238
0.51639	0.423746
0.5164	0.358143
0.51641	0.455858
0.51642	0.573445
0.51643	0.624117
0.51644	0.604014
0.51645	0.512266
0.51646	0.385228
0.51647	0.376375
0.51648	0.500084
0.51649	0.598458
0.5165	0.62548
0.51651	0.581808
0.51652	0.46904
0.51653	0.360917
0.51654	0.411051
0.51655	0.539931
0.51656	0.61542
0.51657	0.619279
0.51658	0.551728
0.51659	0.424798
0.5166	0.356945
0.51661	0.454062
0.51662	0.572836
0.51663	0.624623
0.51664	0.605483
0.51665	0.514436
0.51666	0.386175
0.51667	0.374196
0.51668	0.497955
0.51669	0.59792
0.5167	0.626349
0.51671	0.583983
0.51672	0.471856
0.51673	0.361023
0.51674	0.40785
0.51675	0.537731
0.51676	0.615164
0.51677	0.620737
0.51678	0.554808
0.51679	0.427903
0.5168	0.355473
0.51681	0.450139
0.51682	0.570827
0.51683	0.624853
0.51684	0.607766
0.51685	0.518518
0.51686	0.388791
0.51687	0.37081
0.51688	0.493762
0.51689	0.596334
0.5169	0.627274
0.51691	0.587328
0.51692	0.4768
0.51693	0.362067
0.51694	0.402794
0.51695	0.5337
0.51696	0.614205
0.51697	0.62258
0.51698	0.559416
0.51699	0.433159
0.517	0.353979
0.51701	0.444064
0.51702	0.567303
0.51703	0.624711
0.51704	0.610768
0.51705	0.524461
0.51706	0.393294
0.51707	0.366438
0.51708	0.487413
0.51709	0.593573
0.5171	0.628144
0.51711	0.591734
0.51712	0.48387
0.51713	0.364394
0.51714	0.396005
0.51715	0.527703
0.51716	0.612404
0.51717	0.624681
0.51718	0.565433
0.51719	0.440669
0.5172	0.352877
0.51721	0.435836
0.51722	0.5621
0.51723	0.624046
0.51724	0.614341
0.51725	0.53216
0.51726	0.399952
0.51727	0.361456
0.51728	0.478804
0.51729	0.589455
0.5173	0.628798
0.51731	0.597035
0.51732	0.493019
0.51733	0.368459
0.51734	0.387722
0.51735	0.519562
0.51736	0.60957
0.51737	0.626861
0.51738	0.572681
0.51739	0.450515
0.5174	0.352746
0.51741	0.425521
0.51742	0.554998
0.51743	0.622659
0.51744	0.618287
0.51745	0.541448
0.51746	0.40905
0.51747	0.356426
0.51748	0.467843
0.51749	0.583739
0.5175	0.629023
0.51751	0.603007
0.51752	0.504136
0.51753	0.374794
0.51754	0.378353
0.51755	0.509075
0.51756	0.605453
0.51757	0.628891
0.51758	0.580922
0.51759	0.462711
0.5176	0.354318
0.51761	0.413296
0.51762	0.545731
0.51763	0.620292
0.51764	0.622355
0.51765	0.552085
0.51766	0.420828
0.51767	0.35213
0.51768	0.454489
0.51769	0.576129
0.5177	0.628553
0.51771	0.609377
0.51772	0.517019
0.51773	0.383943
0.51774	0.368533
0.51775	0.496039
0.51776	0.599742
0.51777	0.630492
0.51778	0.589855
0.51779	0.477169
0.5178	0.358437
0.51781	0.399525
0.51782	0.533996
0.51783	0.61663
0.51784	0.626245
0.51785	0.563757
0.51786	0.435416
0.51787	0.349571
0.51788	0.438814
0.51789	0.566271
0.5179	0.627068
0.51791	0.615818
0.51792	0.531369
0.51793	0.396376
0.51794	0.359191
0.51795	0.48029
0.51796	0.592064
0.51797	0.631334
0.51798	0.599122
0.51799	0.493663
0.518	0.365976
0.51801	0.384855
0.51802	0.519476
0.51803	0.611295
0.51804	0.629611
0.51805	0.576075
0.51806	0.452771
0.51807	0.34994
0.51808	0.421099
0.51809	0.553763
0.5181	0.624187
0.51811	0.621955
0.51812	0.54678
0.51813	0.412383
0.51814	0.351591
0.51815	0.461778
0.51816	0.581982
0.51817	0.631032
0.51818	0.608313
0.51819	0.511814
0.5182	0.377701
0.51821	0.370325
0.51822	0.501882
0.51823	0.603839
0.51824	0.632054
0.51825	0.588585
0.51826	0.472626
0.51827	0.354506
0.51828	0.401964
0.51829	0.538178
0.5183	0.619466
0.51831	0.627369
0.51832	0.562753
0.51833	0.431969
0.51834	0.347305
0.51835	0.440681
0.51836	0.569
0.51837	0.629142
0.51838	0.616972
0.51839	0.53109
0.5184	0.394108
0.51841	0.357447
0.51842	0.481039
0.51843	0.593743
0.51844	0.633129
0.51845	0.600781
0.51846	0.494475
0.51847	0.364417
0.51848	0.382534
0.51849	0.519106
0.5185	0.612385
0.51851	0.631598
0.51852	0.578713
0.51853	0.45479
0.51854	0.348078
0.51855	0.417582
0.51856	0.552581
0.51857	0.625155
0.51858	0.624608
0.51859	0.550836
0.5186	0.415257
0.51861	0.34822
0.51862	0.457023
0.51863	0.580418
0.51864	0.632329
0.51865	0.612118
0.51866	0.517595
0.51867	0.380438
0.51868	0.364583
0.51869	0.496248
0.5187	0.602344
0.51871	0.634132
0.51872	0.594036
0.51873	0.480136
0.51874	0.355543
0.51875	0.393691
0.51876	0.532197
0.51877	0.618477
0.51878	0.630691
0.51879	0.570314
0.5188	0.440665
0.51881	0.344958
0.51882	0.430381
0.51883	0.56322
0.51884	0.629077
0.51885	0.622025
0.51886	0.541103
0.51887	0.402684
0.51888	0.350591
0.51889	0.469587
0.5189	0.588658
0.51891	0.634406
0.51892	0.608074
0.51893	0.506991
0.51894	0.370807
0.51895	0.371079
0.51896	0.507435
0.51897	0.608427
0.51898	0.634651
0.51899	0.588749
0.519	0.469313
0.51901	0.349888
0.51902	0.402439
0.51903	0.541505
0.51904	0.622712
0.51905	0.629907
0.51906	0.564036
0.51907	0.430465
0.51908	0.343547
0.51909	0.43966
0.5191	0.570576
0.51911	0.631778
0.51912	0.62017
0.51913	0.534151
0.51914	0.39404
0.51915	0.352795
0.51916	0.478198
0.51917	0.594224
0.51918	0.635866
0.51919	0.605371
0.5192	0.499771
0.51921	0.364529
0.51922	0.375641
0.51923	0.514752
0.51924	0.612466
0.51925	0.635137
0.51926	0.585431
0.51927	0.462321
0.51928	0.346381
0.51929	0.407975
0.5193	0.547339
0.51931	0.625516
0.51932	0.629665
0.51933	0.560359
0.51934	0.42424
0.51935	0.342624
0.51936	0.445069
0.51937	0.575004
0.51938	0.633633
0.51939	0.619437
0.5194	0.530402
0.51941	0.389059
0.51942	0.353733
0.51943	0.482822
0.51944	0.597454
0.51945	0.637039
0.51946	0.604381
0.51947	0.496261
0.51948	0.361042
0.51949	0.377478
0.5195	0.518334
0.51951	0.61476
0.51952	0.635883
0.51953	0.584428
0.51954	0.459346
0.51955	0.34428
0.51956	0.40985
0.51957	0.549894
0.51958	0.627141
0.51959	0.630227
0.5196	0.559592
0.51961	0.42201
0.51962	0.341439
0.51963	0.446423
0.51964	0.576697
0.51965	0.634849
0.51966	0.620056
0.51967	0.530116
0.51968	0.387592
0.51969	0.352799
0.5197	0.483429
0.51971	0.598516
0.51972	0.638095
0.51973	0.605305
0.51974	0.496658
0.51975	0.360081
0.51976	0.376187
0.51977	0.518216
0.51978	0.615435
0.51979	0.637019
0.5198	0.585907
0.51981	0.46052
0.51982	0.343293
0.51983	0.407832
0.51984	0.549213
0.51985	0.627673
0.51986	0.631686
0.51987	0.561869
0.51988	0.423854
0.51989	0.339758
0.5199	0.443596
0.51991	0.575677
0.51992	0.635471
0.51993	0.622087
0.51994	0.533394
0.51995	0.389711
0.51996	0.349852
0.51997	0.479931
0.51998	0.597394
0.51999	0.639037
0.52	0.608165
0.52001	0.501045
0.52002	0.361769
0.52003	0.371692
0.52004	0.514299
0.52005	0.61444
0.52006	0.638512
0.52007	0.589853
0.52008	0.465941
0.52009	0.343638
0.5201	0.40186
0.52011	0.545168
0.52012	0.627023
0.52013	0.633969
0.52014	0.567143
0.52015	0.429945
0.52016	0.337891
0.52017	0.436489
0.52018	0.57178
0.52019	0.635376
0.5202	0.625413
0.52021	0.540176
0.52022	0.395736
0.52023	0.345231
0.52024	0.472159
0.52025	0.593889
0.52026	0.639705
0.52027	0.612798
0.52028	0.509384
0.52029	0.366633
0.5203	0.364275
0.52031	0.506346
0.52032	0.611544
0.52033	0.640162
0.52034	0.596063
0.52035	0.475654
0.52036	0.346061
0.52037	0.392076
0.52038	0.537457
0.52039	0.624929
0.5204	0.636832
0.52041	0.575176
0.52042	0.440498
0.52043	0.336731
0.52044	0.425064
0.52045	0.564652
0.52046	0.634269
0.52047	0.62974
0.52048	0.550214
0.52049	0.406157
0.5205	0.339836
0.52051	0.459903
0.52052	0.587611
0.52053	0.639771
0.52054	0.618861
0.52055	0.521464
0.52056	0.375522
0.52057	0.354682
0.52058	0.493997
0.52059	0.606325
0.5206	0.6416
0.52061	0.604139
0.52062	0.489564
0.52063	0.35178
0.52064	0.378957
0.52065	0.52561
0.52066	0.620944
0.52067	0.639861
0.52068	0.585528
0.52069	0.455649
0.5207	0.33777
0.52071	0.409478
0.52072	0.553748
0.52073	0.631677
0.52074	0.634605
0.52075	0.563046
0.52076	0.421473
0.52077	0.335238
0.52078	0.443011
0.52079	0.577965
0.5208	0.638734
0.52081	0.625828
0.52082	0.536849
0.52083	0.389422
0.52084	0.344327
0.52085	0.476847
0.52086	0.598158
0.52087	0.642291
0.52088	0.613493
0.52089	0.507338
0.5209	0.362328
0.52091	0.363558
0.52092	0.509033
0.52093	0.614422
0.52094	0.642479
0.52095	0.597551
0.52096	0.475284
0.52097	0.343029
0.52098	0.390323
0.52099	0.538349
0.521	0.626938
0.52101	0.639374
0.52102	0.577978
0.52103	0.441945
0.52104	0.333748
0.52105	0.421602
0.52106	0.564153
0.52107	0.635909
0.52108	0.633005
0.52109	0.554828
0.5211	0.409142
0.52111	0.33551
0.52112	0.4546
0.52113	0.586202
0.52114	0.641526
0.52115	0.62336
0.52116	0.528311
0.52117	0.37921
0.52118	0.347858
0.52119	0.487112
0.5212	0.604498
0.52121	0.64394
0.52122	0.610401
0.52123	0.498878
0.52124	0.354766
0.52125	0.369024
0.52126	0.517614
0.52127	0.619172
0.52128	0.643259
0.52129	0.594087
0.5213	0.467334
0.52131	0.338273
0.52132	0.396449
0.52133	0.545191
0.52134	0.630411
0.52135	0.639545
0.52136	0.574411
0.52137	0.43493
0.52138	0.331501
0.52139	0.4274
0.5214	0.56939
0.52141	0.638404
0.52142	0.63282
0.52143	0.551445
0.52144	0.403402
0.52145	0.335082
0.52146	0.459454
0.52147	0.590066
0.52148	0.643324
0.52149	0.62307
0.5215	0.525403
0.52151	0.374906
0.52152	0.348356
0.52153	0.490745
0.52154	0.607261
0.52155	0.645308
0.52156	0.610264
0.52157	0.496722
0.52158	0.35179
0.52159	0.369583
0.5216	0.520002
0.52161	0.621115
0.52162	0.644453
0.52163	0.594369
0.52164	0.466148
0.52165	0.336219
0.52166	0.396412
0.52167	0.546469
0.52168	0.631806
0.52169	0.640816
0.5217	0.575381
0.52171	0.43481
0.52172	0.329726
0.52173	0.426394
0.52174	0.569776
0.52175	0.639511
0.52176	0.634422
0.52177	0.553366
0.52178	0.404248
0.52179	0.332849
0.5218	0.457372
0.52181	0.589811
0.52182	0.644392
0.52183	0.625262
0.52184	0.528506
0.52185	0.376361
0.52186	0.345017
0.52187	0.487677
0.52188	0.606622
0.52189	0.646577
0.5219	0.613314
0.52191	0.501167
0.52192	0.353226
0.52193	0.364721
0.52194	0.516154
0.52195	0.620339
0.52196	0.646162
0.52197	0.59855
0.52198	0.471964
0.52199	0.336795
0.522	0.389897
0.52201	0.542104
0.52202	0.631127
0.52203	0.64321
0.52204	0.580965
0.52205	0.441824
0.52206	0.328534
0.52207	0.418354
0.52208	0.565165
0.52209	0.639154
0.5221	0.637751
0.52211	0.560599
0.52212	0.412018
0.52213	0.329112
0.52214	0.448111
0.52215	0.585215
0.52216	0.644573
0.52217	0.62979
0.52218	0.537582
0.52219	0.384134
0.5222	0.338255
0.52221	0.477587
0.52222	0.602281
0.52223	0.647513
0.52224	0.619313
0.52225	0.512173
0.52226	0.35996
0.52227	0.35484
0.52228	0.505647
0.52229	0.61647
0.5223	0.648073
0.52231	0.606302
0.52232	0.484822
0.52233	0.341271
0.52234	0.377168
0.52235	0.531562
0.52236	0.627932
0.52237	0.646324
0.52238	0.590745
0.52239	0.456212
0.5224	0.329549
0.52241	0.403314
0.52242	0.554923
0.52243	0.636822
0.52244	0.642312
0.52245	0.572656
0.52246	0.427301
0.52247	0.325709
0.52248	0.431433
0.52249	0.575557
0.5225	0.643288
0.52251	0.636055
0.52252	0.552107
0.52253	0.399325
0.52254	0.329915
0.52255	0.459966
0.52256	0.593441
0.52257	0.647461
0.52258	0.627555
0.52259	0.529251
0.5226	0.37374
0.52261	0.341566
0.52262	0.487725
0.52263	0.608649
0.52264	0.64945
0.52265	0.616804
0.52266	0.50437
0.52267	0.352099
0.52268	0.359445
0.52269	0.513883
0.5227	0.621302
0.52271	0.649337
0.52272	0.603788
0.52273	0.477903
0.52274	0.335864
0.52275	0.381973
0.52276	0.537931
0.52277	0.63154
0.52278	0.647182
0.52279	0.588508
0.5228	0.450494
0.52281	0.326184
0.52282	0.407479
0.52283	0.559594
0.52284	0.639507
0.52285	0.643024
0.52286	0.570988
0.52287	0.423003
0.52288	0.323694
0.52289	0.434426
0.5229	0.578774
0.52291	0.645333
0.52292	0.636884
0.52293	0.5513
0.52294	0.396506
0.52295	0.328409
0.52296	0.461537
0.52297	0.59548
0.52298	0.649134
0.52299	0.628766
0.523	0.529584
0.52301	0.37224
0.52302	0.339736
0.52303	0.487842
0.52304	0.609792
0.52305	0.651008
0.52306	0.618669
0.52307	0.50608
0.52308	0.35151
0.52309	0.356605
0.5231	0.512669
0.52311	0.621823
0.52312	0.651031
0.52313	0.606588
0.52314	0.481155
0.52315	0.335537
0.52316	0.377669
0.52317	0.535596
0.52318	0.631703
0.52319	0.649262
0.5232	0.592527
0.52321	0.455324
0.52322	0.325302
0.52323	0.401511
0.52324	0.556395
0.52325	0.639558
0.52326	0.64574
0.52327	0.576507
0.52328	0.429271
0.52329	0.321392
0.5233	0.426814
0.52331	0.574978
0.52332	0.645511
0.52333	0.640493
0.52334	0.558581
0.52335	0.403847
0.52336	0.323911
0.52337	0.452464
0.52338	0.591351
0.52339	0.649668
0.5234	0.633535
0.52341	0.538851
0.52342	0.380033
0.52343	0.33248
0.52344	0.477592
0.52345	0.605578
0.52346	0.65212
0.52347	0.624871
0.52348	0.517484
0.52349	0.358886
0.5235	0.34631
0.52351	0.50157
0.52352	0.617757
0.52353	0.652946
0.52354	0.614506
0.52355	0.494733
0.52356	0.341441
0.52357	0.364348
0.52358	0.523986
0.52359	0.628
0.5236	0.652206
0.52361	0.602443
0.52362	0.470955
0.52363	0.328599
0.52364	0.385424
0.52365	0.544594
0.52366	0.636423
0.52367	0.649949
0.52368	0.588698
0.52369	0.446624
0.5237	0.321012
0.52371	0.408397
0.52372	0.563277
0.52373	0.643137
0.52374	0.646209
0.52375	0.573301
0.52376	0.422334
0.52377	0.318999
0.52378	0.432249
0.52379	0.58001
0.5238	0.648243
0.52381	0.641012
0.52382	0.556309
0.52383	0.398795
0.52384	0.322507
0.52385	0.456138
0.52386	0.594825
0.52387	0.651834
0.52388	0.634375
0.52389	0.537819
0.5239	0.376799
0.52391	0.331129
0.52392	0.479416
0.52393	0.607794
0.52394	0.653988
0.52395	0.626309
0.52396	0.517973
0.52397	0.357176
0.52398	0.34418
0.52399	0.50162
0.524	0.619006
0.52401	0.654773
0.52402	0.616825
0.52403	0.496976
0.52404	0.340728
0.52405	0.360793
0.52406	0.522439
0.52407	0.628563
0.52408	0.654245
0.52409	0.605933
0.5241	0.475105
0.52411	0.328153
0.52412	0.380032
0.52413	0.54169
0.52414	0.636563
0.52415	0.652449
0.52416	0.593652
0.52417	0.452716
0.52418	0.319967
0.52419	0.400982
0.5242	0.559286
0.52421	0.643105
0.52422	0.649424
0.52423	0.58001
0.52424	0.430246
0.52425	0.316456
0.52426	0.422821
0.52427	0.575205
0.52428	0.648277
0.52429	0.645198
0.5243	0.56505
0.52431	0.408209
0.52432	0.317636
0.52433	0.444856
0.52434	0.589476
0.52435	0.652162
0.52436	0.639794
0.52437	0.54884
0.52438	0.387181
0.52439	0.323272
0.5244	0.466537
0.52441	0.602155
0.52442	0.654832
0.52443	0.633231
0.52444	0.531474
0.52445	0.367773
0.52446	0.332907
0.52447	0.487451
0.52448	0.613316
0.52449	0.656352
0.5245	0.625526
0.52451	0.513085
0.52452	0.350593
0.52453	0.345929
0.52454	0.50731
0.52455	0.623044
0.52456	0.656777
0.52457	0.616695
0.52458	0.493844
0.52459	0.336207
0.5246	0.361639
0.52461	0.525927
0.52462	0.631423
0.52463	0.656156
0.52464	0.606755
0.52465	0.47397
0.52466	0.325087
0.52467	0.379322
0.52468	0.543195
0.52469	0.638538
0.5247	0.654529
0.52471	0.59573
0.52472	0.453731
0.52473	0.317572
0.52474	0.398295
0.52475	0.559071
0.52476	0.644471
0.52477	0.651932
0.52478	0.583648
0.52479	0.433444
0.5248	0.313842
0.52481	0.41795
0.52482	0.573552
0.52483	0.649295
0.52484	0.648395
0.52485	0.570549
0.52486	0.413469
0.52487	0.313899
0.52488	0.437773
0.52489	0.586669
0.5249	0.653081
0.52491	0.643945
0.52492	0.556486
0.52493	0.394203
0.52494	0.317581
0.52495	0.457349
0.52496	0.598471
0.52497	0.65589
0.52498	0.638605
0.52499	0.541525
0.525	0.376061
0.52501	0.324578
0.52502	0.476361
0.52503	0.609019
0.52504	0.65778
0.52505	0.632396
0.52506	0.525756
0.52507	0.359461
0.52508	0.334474
0.52509	0.494575
0.5251	0.618384
0.52511	0.658801
0.52512	0.62534
0.52513	0.509287
0.52514	0.344798
0.52515	0.346782
0.52516	0.511836
0.52517	0.626633
0.52518	0.659
0.52519	0.617458
0.5252	0.49225
0.52521	0.332423
0.52522	0.360991
0.52523	0.528044
0.52524	0.633839
0.52525	0.658415
0.52526	0.608772
0.52527	0.474803
0.52528	0.322618
0.52529	0.376594
0.5253	0.543149
0.52531	0.640068
0.52532	0.657086
0.52533	0.599308
0.52534	0.457128
0.52535	0.315578
0.52536	0.393122
0.52537	0.557135
0.52538	0.645385
0.52539	0.655043
0.5254	0.589096
0.52541	0.439432
0.52542	0.3114
0.52543	0.410156
0.52544	0.570012
0.52545	0.649851
0.52546	0.652318
0.52547	0.57817
0.52548	0.421941
0.52549	0.310079
0.5255	0.427341
0.52551	0.581809
0.52552	0.65352
0.52553	0.648938
0.52554	0.566571
0.52555	0.404895
0.52556	0.311515
0.52557	0.444385
0.52558	0.592568
0.52559	0.656447
0.5256	0.644929
0.52561	0.554348
0.52562	0.388545
0.52563	0.315519
0.52564	0.461056
0.52565	0.602337
0.52566	0.658678
0.52567	0.640316
0.52568	0.541556
0.52569	0.37314
0.5257	0.321838
0.52571	0.47718
0.52572	0.61117
0.52573	0.660257
0.52574	0.635122
0.52575	0.528262
0.52576	0.358918
0.52577	0.330173
0.52578	0.492631
0.52579	0.61912
0.5258	0.661225
0.52581	0.629371
0.52582	0.51454
0.52583	0.3461
0.52584	0.340198
0.52585	0.507323
0.52586	0.626244
0.52587	0.66162
0.52588	0.623088
0.52589	0.500474
0.5259	0.334876
0.52591	0.351581
0.52592	0.521204
0.52593	0.632595
0.52594	0.661477
0.52595	0.616296
0.52596	0.486159
0.52597	0.325397
0.52598	0.364
0.52599	0.534249
0.526	0.638224
0.52601	0.660827
0.52602	0.609022
0.52603	0.471696
0.52604	0.31777
0.52605	0.377154
0.52606	0.546451
0.52607	0.643182
0.52608	0.659701
0.52609	0.601292
0.5261	0.457196
0.52611	0.312055
0.52612	0.390771
0.52613	0.557821
0.52614	0.647515
0.52615	0.658127
0.52616	0.593137
0.52617	0.442775
0.52618	0.30826
0.52619	0.404615
0.5262	0.568379
0.52621	0.651266
0.52622	0.656133
0.52623	0.584586
0.52624	0.428552
0.52625	0.306349
0.52626	0.418485
0.52627	0.578155
0.52628	0.654478
0.52629	0.653743
0.5263	0.575674
0.52631	0.414649
0.52632	0.306241
0.52633	0.432215
0.52634	0.587182
0.52635	0.657189
0.52636	0.650984
0.52637	0.566436
0.52638	0.401186
0.52639	0.307819
0.5264	0.445671
0.52641	0.595498
0.52642	0.659436
0.52643	0.647878
0.52644	0.556909
0.52645	0.388277
0.52646	0.310937
0.52647	0.458749
0.52648	0.60314
0.52649	0.661252
0.5265	0.64445
0.52651	0.547135
0.52652	0.376032
0.52653	0.31543
0.52654	0.471373
0.52655	0.61015
0.52656	0.662671
0.52657	0.640722
0.52658	0.537156
0.52659	0.364548
0.5266	0.32112
0.52661	0.483486
0.52662	0.616565
0.52663	0.66372
0.52664	0.636719
0.52665	0.527015
0.52666	0.353909
0.52667	0.327825
0.52668	0.495051
0.52669	0.622424
0.5267	0.66443
0.52671	0.632463
0.52672	0.516761
0.52673	0.344186
0.52674	0.335366
0.52675	0.506046
0.52676	0.627765
0.52677	0.664827
0.52678	0.627977
0.52679	0.506439
0.5268	0.335431
0.52681	0.34357
0.52682	0.516462
0.52683	0.632623
0.52684	0.664936
0.52685	0.623284
0.52686	0.496098
0.52687	0.327679
0.52688	0.352274
0.52689	0.526298
0.5269	0.637032
0.52691	0.664782
0.52692	0.618407
0.52693	0.485786
0.52694	0.320948
0.52695	0.36133
0.52696	0.535562
0.52697	0.641024
0.52698	0.664387
0.52699	0.613371
0.527	0.475552
0.52701	0.315237
0.52702	0.370607
0.52703	0.544266
0.52704	0.64463
0.52705	0.663775
0.52706	0.608199
0.52707	0.465441
0.52708	0.31053
0.52709	0.379988
0.5271	0.552428
0.52711	0.64788
0.52712	0.662965
0.52713	0.602915
0.52714	0.455499
0.52715	0.306795
0.52716	0.389371
0.52717	0.560068
0.52718	0.6508
0.52719	0.661979
0.5272	0.597542
0.52721	0.445769
0.52722	0.303986
0.52723	0.398672
0.52724	0.567207
0.52725	0.653417
0.52726	0.660837
0.52727	0.592105
0.52728	0.43629
0.52729	0.302048
0.5273	0.407817
0.52731	0.573869
0.52732	0.655755
0.52733	0.659557
0.52734	0.586629
0.52735	0.4271
0.52736	0.300914
0.52737	0.41675
0.52738	0.580077
0.52739	0.657837
0.5274	0.658159
0.52741	0.581135
0.52742	0.418231
0.52743	0.300515
0.52744	0.425422
0.52745	0.585855
0.52746	0.659684
0.52747	0.656659
0.52748	0.57565
0.52749	0.409711
0.5275	0.300774
0.52751	0.433797
0.52752	0.591226
0.52753	0.661317
0.52754	0.655077
0.52755	0.570195
0.52756	0.401565
0.52757	0.301615
0.52758	0.441845
0.52759	0.596214
0.5276	0.662756
0.52761	0.653428
0.52762	0.564794
0.52763	0.393811
0.52764	0.302958
0.52765	0.449547
0.52766	0.600839
0.52767	0.664018
0.52768	0.651729
0.52769	0.559469
0.5277	0.386464
0.52771	0.304727
0.52772	0.456887
0.52773	0.605124
0.52774	0.66512
0.52775	0.649997
0.52776	0.554242
0.52777	0.379534
0.52778	0.306847
0.52779	0.463855
0.5278	0.609089
0.52781	0.66608
0.52782	0.648247
0.52783	0.549134
0.52784	0.373027
0.52785	0.309248
0.52786	0.470448
0.52787	0.612753
0.52788	0.666911
0.52789	0.646494
0.5279	0.544166
0.52791	0.366944
0.52792	0.311861
0.52793	0.476662
0.52794	0.616135
0.52795	0.667628
0.52796	0.644752
0.52797	0.539355
0.52798	0.361283
0.52799	0.314625
0.528	0.482498
0.52801	0.619251
0.52802	0.668245
0.52803	0.643036
0.52804	0.534722
0.52805	0.356037
0.52806	0.317483
0.52807	0.48796
0.52808	0.622117
0.52809	0.668775
0.5281	0.641358
0.52811	0.530283
0.52812	0.351197
0.52813	0.32038
0.52814	0.493052
0.52815	0.624749
0.52816	0.669228
0.52817	0.639733
0.52818	0.526053
0.52819	0.346753
0.5282	0.323269
0.52821	0.497779
0.52822	0.627161
0.52823	0.669616
0.52824	0.638171
0.52825	0.522049
0.52826	0.34269
0.52827	0.326108
0.52828	0.502149
0.52829	0.629365
0.5283	0.66995
0.52831	0.636685
0.52832	0.518285
0.52833	0.338994
0.52834	0.328858
0.52835	0.506167
0.52836	0.631374
0.52837	0.670238
0.52838	0.635286
0.52839	0.514772
0.5284	0.335649
0.52841	0.331484
0.52842	0.50984
0.52843	0.633197
0.52844	0.67049
0.52845	0.633983
0.52846	0.511523
0.52847	0.332639
0.52848	0.333958
0.52849	0.513176
0.5285	0.634846
0.52851	0.670714
0.52852	0.632787
0.52853	0.508549
0.52854	0.329947
0.52855	0.336251
0.52856	0.516181
0.52857	0.636329
0.52858	0.670916
0.52859	0.631706
0.5286	0.505858
0.52861	0.327556
0.52862	0.338342
0.52863	0.518861
0.52864	0.637654
0.52865	0.671104
0.52866	0.630748
0.52867	0.50346
0.52868	0.325452
0.52869	0.340211
0.5287	0.521223
0.52871	0.638828
0.52872	0.671283
0.52873	0.62992
0.52874	0.501362
0.52875	0.323621
0.52876	0.341839
0.52877	0.52327
0.52878	0.639857
0.52879	0.671459
0.5288	0.629228
0.52881	0.499572
0.52882	0.322048
0.52883	0.343214
0.52884	0.525008
0.52885	0.640747
0.52886	0.671635
0.52887	0.628679
0.52888	0.498094
0.52889	0.320725
0.5289	0.344323
0.52891	0.526441
0.52892	0.641501
0.52893	0.671817
0.52894	0.628276
0.52895	0.496933
0.52896	0.31964
0.52897	0.345156
0.52898	0.527571
0.52899	0.642124
0.529	0.672005
0.52901	0.628024
0.52902	0.496095
0.52903	0.318786
0.52904	0.345704
0.52905	0.5284
0.52906	0.642618
0.52907	0.672204
0.52908	0.627925
0.52909	0.495581
0.5291	0.31816
0.52911	0.345962
0.52912	0.52893
0.52913	0.642985
0.52914	0.672413
0.52915	0.627982
0.52916	0.495395
0.52917	0.317758
0.52918	0.345925
0.52919	0.529161
0.5292	0.643226
0.52921	0.672635
0.52922	0.628194
0.52923	0.495539
0.52924	0.31758
0.52925	0.345591
0.52926	0.529092
0.52927	0.64334
0.52928	0.672869
0.52929	0.628564
0.5293	0.496014
0.52931	0.317629
0.52932	0.344958
0.52933	0.528723
0.52934	0.643327
0.52935	0.673114
0.52936	0.629089
0.52937	0.496819
0.52938	0.31791
0.52939	0.344027
0.5294	0.528049
0.52941	0.643186
0.52942	0.67337
0.52943	0.629768
0.52944	0.497955
0.52945	0.318429
0.52946	0.342801
0.52947	0.527069
0.52948	0.642913
0.52949	0.673633
0.5295	0.630599
0.52951	0.499419
0.52952	0.319197
0.52953	0.341283
0.52954	0.525778
0.52955	0.642506
0.52956	0.673902
0.52957	0.631578
0.52958	0.501211
0.52959	0.320225
0.5296	0.339481
0.52961	0.52417
0.52962	0.64196
0.52963	0.674172
0.52964	0.6327
0.52965	0.503325
0.52966	0.321529
0.52967	0.337402
0.52968	0.52224
0.52969	0.64127
0.5297	0.67444
0.52971	0.63396
0.52972	0.505759
0.52973	0.323123
0.52974	0.335058
0.52975	0.51998
0.52976	0.640429
0.52977	0.674699
0.52978	0.635352
0.52979	0.508506
0.5298	0.325027
0.52981	0.332463
0.52982	0.517382
0.52983	0.639431
0.52984	0.674946
0.52985	0.63687
0.52986	0.511561
0.52987	0.32726
0.52988	0.329634
0.52989	0.514438
0.5299	0.638268
0.52991	0.675172
0.52992	0.638504
0.52993	0.514915
0.52994	0.329841
0.52995	0.326592
0.52996	0.511138
0.52997	0.636931
0.52998	0.675372
0.52999	0.640246
0.53	0.51856
0.53001	0.332791
0.53002	0.32336
0.53003	0.507473
0.53004	0.635409
0.53005	0.675536
0.53006	0.642088
0.53007	0.522485
0.53008	0.336133
0.53009	0.319967
0.5301	0.503431
0.53011	0.633691
0.53012	0.675657
0.53013	0.644017
0.53014	0.526679
0.53015	0.339887
0.53016	0.316447
0.53017	0.499001
0.53018	0.631766
0.53019	0.675724
0.5302	0.646024
0.53021	0.531129
0.53022	0.344073
0.53023	0.312838
0.53024	0.494174
0.53025	0.629619
0.53026	0.675729
0.53027	0.648097
0.53028	0.53582
0.53029	0.348709
0.5303	0.309185
0.53031	0.488937
0.53032	0.627237
0.53033	0.675659
0.53034	0.650223
0.53035	0.540736
0.53036	0.353812
0.53037	0.305538
0.53038	0.48328
0.53039	0.624602
0.5304	0.675504
0.53041	0.65239
0.53042	0.545861
0.53043	0.359395
0.53044	0.301952
0.53045	0.477192
0.53046	0.6217
0.53047	0.67525
0.53048	0.654583
0.53049	0.551176
0.5305	0.36547
0.53051	0.298492
0.53052	0.470666
0.53053	0.618509
0.53054	0.674885
0.53055	0.656788
0.53056	0.556662
0.53057	0.372042
0.53058	0.295227
0.53059	0.463694
0.5306	0.615012
0.53061	0.674393
0.53062	0.658992
0.53063	0.562297
0.53064	0.379114
0.53065	0.292234
0.53066	0.456272
0.53067	0.611187
0.53068	0.67376
0.53069	0.661178
0.5307	0.56806
0.53071	0.386682
0.53072	0.289593
0.53073	0.448397
0.53074	0.607011
0.53075	0.67297
0.53076	0.66333
0.53077	0.573927
0.53078	0.394739
0.53079	0.287394
0.5308	0.440074
0.53081	0.602459
0.53082	0.672006
0.53083	0.665433
0.53084	0.579876
0.53085	0.40327
0.53086	0.285729
0.53087	0.431309
0.53088	0.597507
0.53089	0.670849
0.5309	0.66747
0.53091	0.585882
0.53092	0.412256
0.53093	0.284692
0.53094	0.422117
0.53095	0.592128
0.53096	0.669479
0.53097	0.669424
0.53098	0.591919
0.53099	0.421672
0.531	0.284382
0.53101	0.412522
0.53102	0.586292
0.53103	0.667876
0.53104	0.671276
0.53105	0.597964
0.53106	0.431487
0.53107	0.284893
0.53108	0.402554
0.53109	0.579969
0.5311	0.666018
0.53111	0.67301
0.53112	0.603989
0.53113	0.441663
0.53114	0.286319
0.53115	0.39226
0.53116	0.57313
0.53117	0.66388
0.53118	0.674606
0.53119	0.609971
0.5312	0.452162
0.53121	0.288744
0.53122	0.381695
0.53123	0.565743
0.53124	0.661438
0.53125	0.676046
0.53126	0.615883
0.53127	0.462935
0.53128	0.292247
0.53129	0.370933
0.5313	0.557775
0.53131	0.658665
0.53132	0.677308
0.53133	0.6217
0.53134	0.473936
0.53135	0.296891
0.53136	0.360066
0.53137	0.549195
0.53138	0.655531
0.53139	0.678374
0.5314	0.627396
0.53141	0.485111
0.53142	0.302725
0.53143	0.349204
0.53144	0.539971
0.53145	0.652006
0.53146	0.679222
0.53147	0.632947
0.53148	0.496407
0.53149	0.309778
0.5315	0.338479
0.53151	0.530074
0.53152	0.648056
0.53153	0.679829
0.53154	0.638329
0.53155	0.507768
0.53156	0.318058
0.53157	0.328047
0.53158	0.519478
0.53159	0.643645
0.5316	0.680172
0.53161	0.643516
0.53162	0.519138
0.53163	0.327553
0.53164	0.318085
0.53165	0.508163
0.53166	0.638735
0.53167	0.680228
0.53168	0.648487
0.53169	0.530462
0.5317	0.338224
0.53171	0.30879
0.53172	0.496113
0.53173	0.633285
0.53174	0.67997
0.53175	0.653216
0.53176	0.541686
0.53177	0.350012
0.53178	0.300382
0.53179	0.483324
0.5318	0.627252
0.53181	0.679372
0.53182	0.657682
0.53183	0.552757
0.53184	0.362833
0.53185	0.293091
0.53186	0.469804
0.53187	0.62059
0.53188	0.678404
0.53189	0.661861
0.5319	0.563624
0.53191	0.376584
0.53192	0.287159
0.53193	0.455577
0.53194	0.613248
0.53195	0.677035
0.53196	0.665731
0.53197	0.57424
0.53198	0.391147
0.53199	0.282823
0.532	0.440691
0.53201	0.605177
0.53202	0.675233
0.53203	0.669269
0.53204	0.58456
0.53205	0.406388
0.53206	0.280313
0.53207	0.425217
0.53208	0.596321
0.53209	0.672961
0.5321	0.672452
0.53211	0.594544
0.53212	0.422164
0.53213	0.279833
0.53214	0.409262
0.53215	0.586626
0.53216	0.670181
0.53217	0.675256
0.53218	0.604151
0.53219	0.438327
0.5322	0.281553
0.53221	0.392968
0.53222	0.576038
0.53223	0.666851
0.53224	0.677657
0.53225	0.613348
0.53226	0.454729
0.53227	0.285593
0.53228	0.376525
0.53229	0.5645
0.5323	0.662926
0.53231	0.679631
0.53232	0.622103
0.53233	0.471224
0.53234	0.292017
0.53235	0.360172
0.53236	0.551963
0.53237	0.658356
0.53238	0.68115
0.53239	0.630386
0.5324	0.487673
0.53241	0.300821
0.53242	0.344199
0.53243	0.538382
0.53244	0.653087
0.53245	0.682186
0.53246	0.638171
0.53247	0.503944
0.53248	0.311934
0.53249	0.328954
0.5325	0.52372
0.53251	0.647062
0.53252	0.68271
0.53253	0.645434
0.53254	0.519918
0.53255	0.325215
0.53256	0.314831
0.53257	0.507959
0.53258	0.640217
0.53259	0.682689
0.5326	0.652152
0.53261	0.535486
0.53262	0.340462
0.53263	0.302266
0.53264	0.491102
0.53265	0.632484
0.53266	0.682086
0.53267	0.658304
0.53268	0.550555
0.53269	0.357421
0.5327	0.291719
0.53271	0.47318
0.53272	0.623791
0.53273	0.680864
0.53274	0.663869
0.53275	0.565043
0.53276	0.375798
0.53277	0.28365
0.53278	0.454267
0.53279	0.614061
0.5328	0.678978
0.53281	0.668826
0.53282	0.57888
0.53283	0.395276
0.53284	0.278491
0.53285	0.43449
0.53286	0.603214
0.53287	0.676382
0.53288	0.673156
0.53289	0.59201
0.5329	0.415529
0.53291	0.276611
0.53292	0.41404
0.53293	0.591168
0.53294	0.673021
0.53295	0.676836
0.53296	0.604386
0.53297	0.436235
0.53298	0.278281
0.53299	0.393189
0.533	0.57784
0.53301	0.668838
0.53302	0.679842
0.53303	0.615971
0.53304	0.45709
0.53305	0.283647
0.53306	0.372301
0.53307	0.563156
0.53308	0.663767
0.53309	0.68215
0.5331	0.626735
0.53311	0.477818
0.53312	0.292711
0.53313	0.35184
0.53314	0.547047
0.53315	0.657734
0.53316	0.68373
0.53317	0.636657
0.53318	0.498171
0.53319	0.305318
0.5332	0.332373
0.53321	0.529464
0.53322	0.650661
0.53323	0.684549
0.53324	0.645719
0.53325	0.51794
0.53326	0.32117
0.53327	0.31456
0.53328	0.510388
0.53329	0.642459
0.5333	0.684571
0.53331	0.653905
0.53332	0.536951
0.53333	0.339846
0.53334	0.299125
0.53335	0.48984
0.53336	0.633031
0.53337	0.683751
0.53338	0.661204
0.53339	0.555063
0.5334	0.360833
0.53341	0.286822
0.53342	0.467901
0.53343	0.622276
0.53344	0.682041
0.53345	0.667604
0.53346	0.572171
0.53347	0.383567
0.53348	0.278369
0.53349	0.444734
0.5335	0.610083
0.53351	0.679384
0.53352	0.673093
0.53353	0.588193
0.53354	0.407473
0.53355	0.27438
0.53356	0.420609
0.53357	0.596342
0.53358	0.675715
0.53359	0.677655
0.5336	0.603074
0.53361	0.431994
0.53362	0.275294
0.53363	0.395926
0.53364	0.58094
0.53365	0.670959
0.53366	0.681272
0.53367	0.616778
0.53368	0.456623
0.53369	0.281312
0.5337	0.371241
0.53371	0.563776
0.53372	0.665031
0.53373	0.683923
0.53374	0.629284
0.53375	0.480918
0.53376	0.292363
0.53377	0.347277
0.53378	0.544766
0.53379	0.657834
0.5338	0.685579
0.53381	0.64058
0.53382	0.50451
0.53383	0.308102
0.53384	0.324924
0.53385	0.52386
0.53386	0.64926
0.53387	0.686205
0.53388	0.650665
0.53389	0.527107
0.5339	0.32794
0.53391	0.305203
0.53392	0.501062
0.53393	0.639188
0.53394	0.685756
0.53395	0.659539
0.53396	0.548486
0.53397	0.351111
0.53398	0.289208
0.53399	0.476459
0.534	0.627488
0.53401	0.684179
0.53402	0.667204
0.53403	0.568488
0.53404	0.376748
0.53405	0.278003
0.53406	0.450256
0.53407	0.614018
0.53408	0.681409
0.53409	0.67366
0.5341	0.587008
0.53411	0.403966
0.53412	0.272496
0.53413	0.422812
0.53414	0.598634
0.53415	0.677368
0.53416	0.678906
0.53417	0.603984
0.53418	0.431924
0.53419	0.273312
0.5342	0.394688
0.53421	0.581191
0.53422	0.671963
0.53423	0.68293
0.53424	0.619384
0.53425	0.459878
0.53426	0.280679
0.53427	0.366684
0.53428	0.561563
0.53429	0.665089
0.5343	0.685716
0.53431	0.633202
0.53432	0.487211
0.53433	0.294384
0.53434	0.339851
0.53435	0.539651
0.53436	0.656619
0.53437	0.687238
0.53438	0.645448
0.53439	0.513437
0.5344	0.313787
0.53441	0.315479
0.53442	0.515418
0.53443	0.646413
0.53444	0.687454
0.53445	0.656139
0.53446	0.538195
0.53447	0.337908
0.53448	0.295022
0.53449	0.488924
0.5345	0.634312
0.53451	0.686314
0.53452	0.665296
0.53453	0.561241
0.53454	0.365558
0.53455	0.27996
0.53456	0.460371
0.53457	0.620145
0.53458	0.683748
0.53459	0.672938
0.5346	0.58242
0.53461	0.395484
0.53462	0.271609
0.53463	0.430167
0.53464	0.603731
0.53465	0.67967
0.53466	0.679078
0.53467	0.60165
0.53468	0.426492
0.53469	0.270904
0.5347	0.39899
0.53471	0.584888
0.53472	0.673974
0.53473	0.68372
0.53474	0.618904
0.53475	0.457539
0.53476	0.278219
0.53477	0.367849
0.53478	0.563456
0.53479	0.666532
0.5348	0.686858
0.53481	0.634191
0.53482	0.487778
0.53483	0.293269
0.53484	0.33811
0.53485	0.539314
0.53486	0.657194
0.53487	0.688467
0.53488	0.64754
0.53489	0.516571
0.5349	0.31515
0.53491	0.311468
0.53492	0.512429
0.53493	0.645786
0.53494	0.688509
0.53495	0.658994
0.53496	0.543475
0.53497	0.342488
0.53498	0.289829
0.53499	0.482906
0.535	0.632112
0.53501	0.686923
0.53502	0.668596
0.53503	0.568206
0.53504	0.373656
0.53505	0.275079
0.53506	0.451064
0.53507	0.615958
0.53508	0.683628
0.53509	0.676384
0.5351	0.590614
0.53511	0.407002
0.53512	0.268778
0.53513	0.417531
0.53514	0.597102
0.53515	0.678515
0.53516	0.682387
0.53517	0.610641
0.53518	0.44103
0.53519	0.271846
0.5352	0.383332
0.53521	0.575333
0.53522	0.671449
0.53523	0.686615
0.53524	0.628292
0.53525	0.474505
0.53526	0.284333
0.53527	0.349962
0.53528	0.550477
0.53529	0.662265
0.5353	0.689062
0.53531	0.643613
0.53532	0.506494
0.53533	0.305389
0.53534	0.31939
0.53535	0.522446
0.53536	0.650768
0.53537	0.6897
0.53538	0.656671
0.53539	0.536356
0.5354	0.33342
0.53541	0.293936
0.53542	0.491308
0.53543	0.636732
0.53544	0.688472
0.53545	0.667534
0.53546	0.563693
0.53547	0.366401
0.53548	0.275995
0.53549	0.457384
0.5355	0.619906
0.53551	0.685293
0.53552	0.676269
0.53553	0.588297
0.53554	0.402218
0.53555	0.267617
0.53556	0.421368
0.53557	0.600027
0.53558	0.680048
0.53559	0.682925
0.5356	0.610101
0.53561	0.438946
0.53562	0.270048
0.53563	0.384462
0.53564	0.576841
0.53565	0.672582
0.53566	0.687532
0.53567	0.629124
0.53568	0.475022
0.53569	0.283391
0.5357	0.34847
0.53571	0.550139
0.53572	0.662705
0.53573	0.690092
0.53574	0.64544
0.53575	0.509296
0.53576	0.306554
0.53577	0.31581
0.53578	0.519825
0.53579	0.650186
0.5358	0.69058
0.53581	0.659145
0.53582	0.541012
0.53583	0.337488
0.53584	0.289333
0.53585	0.486012
0.53586	0.634757
0.53587	0.688935
0.53588	0.67034
0.53589	0.569733
0.5359	0.373642
0.53591	0.271916
0.53592	0.449153
0.53593	0.616122
0.53594	0.685057
0.53595	0.679114
0.53596	0.595264
0.53597	0.412438
0.53598	0.265867
0.53599	0.410211
0.536	0.59397
0.53601	0.678804
0.53602	0.685534
0.53603	0.617571
0.53604	0.451636
0.53605	0.272313
0.53606	0.37083
0.53607	0.568015
0.53608	0.669989
0.53609	0.689638
0.5361	0.636722
0.53611	0.489508
0.53612	0.290847
0.53613	0.333438
0.53614	0.538053
0.53615	0.658374
0.53616	0.691426
0.53617	0.652833
0.53618	0.524872
0.53619	0.319603
0.5362	0.301172
0.53621	0.504062
0.53622	0.643675
0.53623	0.690861
0.53624	0.666041
0.53625	0.557022
0.53626	0.355744
0.53627	0.27752
0.53628	0.46635
0.53629	0.625564
0.5363	0.687857
0.53631	0.676473
0.53632	0.585611
0.53633	0.396115
0.53634	0.26563
0.53635	0.425752
0.53636	0.603687
0.53637	0.682278
0.53638	0.684233
0.53639	0.610544
0.5364	0.437826
0.53641	0.267478
0.53642	0.383858
0.53643	0.577695
0.53644	0.673934
0.53645	0.68939
0.53646	0.63188
0.53647	0.478589
0.53648	0.283232
0.53649	0.343195
0.5365	0.547312
0.53651	0.662574
0.53652	0.691972
0.53653	0.649759
0.53654	0.516817
0.53655	0.311142
0.53656	0.307225
0.53657	0.51244
0.53658	0.64789
0.53659	0.691957
0.5366	0.664353
0.53661	0.551555
0.53662	0.348056
0.53663	0.279989
0.53664	0.473332
0.53665	0.629516
0.53666	0.689265
0.53667	0.675828
0.53668	0.582335
0.53669	0.390261
0.5367	0.265309
0.53671	0.430826
0.53672	0.607052
0.53673	0.683758
0.53674	0.684322
0.53675	0.609027
0.53676	0.434279
0.53677	0.265729
0.53678	0.386638
0.53679	0.580098
0.5368	0.67523
0.53681	0.689931
0.53682	0.631701
0.53683	0.477359
0.53684	0.281628
0.53685	0.343598
0.53686	0.548327
0.53687	0.663407
0.53688	0.6927
0.53689	0.65053
0.5369	0.517622
0.53691	0.311034
0.53692	0.305674
0.53693	0.511625
0.53694	0.647939
0.53695	0.692613
0.53696	0.665728
0.53697	0.55397
0.53698	0.350259
0.53699	0.277529
0.537	0.470292
0.53701	0.628415
0.53702	0.689586
0.53703	0.677496
0.53704	0.585903
0.53705	0.394979
0.53706	0.26351
0.53707	0.425349
0.53708	0.604379
0.53709	0.683462
0.5371	0.686001
0.53711	0.613311
0.53712	0.441237
0.53713	0.266301
0.53714	0.378894
0.53715	0.575384
0.53716	0.674004
0.53717	0.691358
0.53718	0.636315
0.53719	0.486008
0.5372	0.285899
0.53721	0.334376
0.53722	0.541089
0.53723	0.66089
0.53724	0.693614
0.53725	0.65514
0.53726	0.527326
0.53727	0.319552
0.53728	0.296543
0.53729	0.501442
0.5373	0.643716
0.53731	0.692743
0.53732	0.670043
0.53733	0.564131
0.53734	0.362722
0.53735	0.270749
0.53736	0.456956
0.53737	0.622002
0.53738	0.688636
0.53739	0.681259
0.5374	0.59601
0.53741	0.410475
0.53742	0.261546
0.53743	0.409107
0.53744	0.595234
0.53745	0.681096
0.53746	0.688969
0.53747	0.622957
0.53748	0.458596
0.53749	0.271046
0.5375	0.360759
0.53751	0.562936
0.53752	0.66983
0.53753	0.693287
0.53754	0.645178
0.53755	0.504097
0.53756	0.298003
0.53757	0.316403
0.53758	0.524823
0.53759	0.654443
0.5376	0.694244
0.53761	0.662967
0.53762	0.545205
0.53763	0.338263
0.53764	0.281831
0.53765	0.481059
0.53766	0.63445
0.53767	0.691778
0.53768	0.676619
0.53769	0.581102
0.5377	0.386279
0.53771	0.262893
0.53772	0.432664
0.53773	0.609291
0.53774	0.685729
0.53775	0.686383
0.53776	0.611591
0.53777	0.436751
0.53778	0.263546
0.53779	0.382019
0.5378	0.578401
0.53781	0.675827
0.53782	0.692435
0.53783	0.636827
0.53784	0.485631
0.53785	0.284165
0.53786	0.333317
0.53787	0.54134
0.53788	0.661691
0.53789	0.694861
0.5379	0.657125
0.53791	0.530372
0.53792	0.3213
0.53793	0.292531
0.53794	0.498041
0.53795	0.642822
0.53796	0.693643
0.53797	0.672836
0.53798	0.569688
0.53799	0.369081
0.538	0.266403
0.53801	0.449214
0.53802	0.618629
0.53803	0.688652
0.53804	0.684271
0.53805	0.603163
0.53806	0.421287
0.53807	0.260343
0.53808	0.396925
0.53809	0.58848
0.5381	0.679635
0.53811	0.691667
0.53812	0.630888
0.53813	0.47288
0.53814	0.276129
0.53815	0.345185
0.53816	0.551823
0.53817	0.666213
0.53818	0.695157
0.53819	0.653193
0.5382	0.520559
0.53821	0.31099
0.53822	0.300146
0.53823	0.508439
0.53824	0.647871
0.53825	0.694761
0.53826	0.670479
0.53827	0.562596
0.53828	0.35882
0.53829	0.269258
0.5383	0.458866
0.53831	0.623983
0.53832	0.69037
0.53833	0.683117
0.53834	0.598375
0.53835	0.412597
0.53836	0.259039
0.53837	0.405031
0.53838	0.593852
0.53839	0.681739
0.5384	0.691397
0.53841	0.627933
0.53842	0.466419
0.53843	0.272266
0.53844	0.350973
0.53845	0.556848
0.53846	0.668477
0.53847	0.695492
0.53848	0.651627
0.53849	0.516358
0.5385	0.306522
0.53851	0.303189
0.53852	0.512662
0.53853	0.650044
0.53854	0.695447
0.53855	0.669908
0.53856	0.560345
0.53857	0.355308
0.53858	0.269835
0.53859	0.461777
0.5386	0.625761
0.53861	0.691163
0.53862	0.683203
0.53863	0.597637
0.53864	0.410844
0.53865	0.258254
0.53866	0.406191
0.53867	0.594874
0.53868	0.682386
0.53869	0.691843
0.5387	0.628268
0.53871	0.466536
0.53872	0.271694
0.53873	0.350249
0.53874	0.556687
0.53875	0.668696
0.53876	0.696031
0.53877	0.652637
0.53878	0.51804
0.53879	0.307517
0.5388	0.301072
0.53881	0.510864
0.53882	0.649505
0.53883	0.695821
0.53884	0.671255
0.53885	0.563126
0.53886	0.358499
0.53887	0.267614
0.53888	0.457974
0.53889	0.624074
0.5389	0.691106
0.53891	0.684594
0.53892	0.60105
0.53893	0.416102
0.53894	0.25775
0.53895	0.400334
0.53896	0.591579
0.53897	0.681601
0.53898	0.693018
0.53899	0.631906
0.539	0.473278
0.53901	0.274491
0.53902	0.342959
0.53903	0.551284
0.53904	0.666836
0.53905	0.696739
0.53906	0.656171
0.53907	0.52556
0.53908	0.314223
0.53909	0.293952
0.5391	0.502909
0.53911	0.646153
0.53912	0.695801
0.53913	0.674413
0.53914	0.570798
0.53915	0.368594
0.53916	0.263148
0.53917	0.447296
0.53918	0.61873
0.53919	0.690063
0.5392	0.687143
0.53921	0.608392
0.53922	0.428387
0.53923	0.258459
0.53924	0.387422
0.53925	0.583675
0.53926	0.679185
0.53927	0.694734
0.53928	0.638574
0.53929	0.486447
0.5393	0.28171
0.53931	0.329442
0.53932	0.540254
0.53933	0.662618
0.53934	0.697387
0.53935	0.661918
0.53936	0.53855
0.53937	0.327445
0.53938	0.282824
0.53939	0.488374
0.5394	0.639605
0.53941	0.695108
0.53942	0.679048
0.53943	0.582883
0.53944	0.385924
0.53945	0.258148
0.53946	0.429444
0.53947	0.609226
0.53948	0.687691
0.53949	0.690491
0.5395	0.619132
0.53951	0.447543
0.53952	0.262469
0.53953	0.367593
0.53954	0.570534
0.53955	0.674709
0.53956	0.696606
0.53957	0.647722
0.53958	0.505525
0.53959	0.295172
0.5396	0.310693
0.53961	0.522886
0.53962	0.655498
0.53963	0.69755
0.53964	0.669329
0.53965	0.556285
0.53966	0.34823
0.53967	0.269816
0.53968	0.466619
0.53969	0.629176
0.5397	0.693257
0.53971	0.684612
0.53972	0.598574
0.53973	0.410645
0.53974	0.255633
0.53975	0.404181
0.53976	0.594718
0.53977	0.68342
0.53978	0.694086
0.53979	0.632456
0.5398	0.473036
0.53981	0.272819
0.53982	0.341548
0.53983	0.551176
0.53984	0.667483
0.53985	0.69806
0.53986	0.658563
0.53987	0.529582
0.53988	0.316982
0.53989	0.288895
0.5399	0.498195
0.53991	0.64463
0.53992	0.696606
0.53993	0.677649
0.53994	0.577678
0.53995	0.37733
0.53996	0.25862
0.53997	0.436977
0.53998	0.613831
0.53999	0.689544
0.54	0.690375
0.54001	0.616771
0.54002	0.442356
0.54003	0.259877
0.54004	0.371771
0.54005	0.573983
0.54006	0.676423
0.54007	0.697198
0.54008	0.647319
0.54009	0.503772
0.5401	0.292902
0.54011	0.311268
0.54012	0.524295
0.54013	0.656508
0.54014	0.698331
0.54015	0.670122
0.54016	0.557243
0.54017	0.348712
0.54018	0.268147
0.54019	0.465093
0.5402	0.628798
0.54021	0.693717
0.54022	0.685964
0.54023	0.601325
0.54024	0.41457
0.54025	0.254684
0.54026	0.399231
0.54027	0.592121
0.54028	0.683009
0.54029	0.695448
0.5403	0.636159
0.54031	0.479789
0.54032	0.275749
0.54033	0.333853
0.54034	0.545414
0.54035	0.665555
0.54036	0.698924
0.54037	0.662521
0.54038	0.538044
0.54039	0.325324
0.5404	0.281074
0.54041	0.488401
0.54042	0.640399
0.54043	0.696454
0.54044	0.681298
0.54045	0.586761
0.54046	0.390468
0.54047	0.255016
0.54048	0.422879
0.54049	0.60634
0.5405	0.687792
0.54051	0.69323
0.54052	0.625617
0.54053	0.458426
0.54054	0.264547
0.54055	0.354623
0.54056	0.562151
0.54057	0.672365
0.54058	0.698796
0.54059	0.655303
0.5406	0.520787
0.54061	0.30713
0.54062	0.294858
0.54063	0.507138
0.54064	0.649263
0.54065	0.698173
0.54066	0.676778
0.54067	0.573676
0.54068	0.370497
0.54069	0.25862
0.5407	0.442325
0.54071	0.617278
0.54072	0.691209
0.54073	0.690904
0.54074	0.616193
0.54075	0.44029
0.54076	0.257926
0.54077	0.37239
0.54078	0.575074
0.54079	0.677401
0.5408	0.698286
0.54081	0.648883
0.54082	0.506073
0.54083	0.293673
0.54084	0.307654
0.54085	0.52167
0.54086	0.655883
0.54087	0.699208
0.54088	0.672754
0.54089	0.562598
0.5409	0.354799
0.54091	0.263546
0.54092	0.457534
0.54093	0.625442
0.54094	0.693601
0.54095	0.688778
0.54096	0.608326
0.54097	0.425794
0.54098	0.254443
0.54099	0.386526
0.541	0.584666
0.54101	0.681022
0.54102	0.697674
0.54103	0.643621
0.54104	0.494377
0.54105	0.284267
0.54106	0.318235
0.54107	0.532369
0.54108	0.660635
0.54109	0.699823
0.5411	0.669522
0.54111	0.553963
0.54112	0.343295
0.54113	0.268287
0.54114	0.468627
0.54115	0.631222
0.54116	0.695228
0.54117	0.687099
0.54118	0.60238
0.54119	0.415183
0.5412	0.252826
0.54121	0.396742
0.54122	0.591303
0.54123	0.68349
0.54124	0.697176
0.54125	0.639808
0.54126	0.486046
0.54127	0.278197
0.54128	0.32584
0.54129	0.539542
0.5413	0.66379
0.54131	0.700214
0.54132	0.667312
0.54133	0.548105
0.54134	0.335799
0.54135	0.271786
0.54136	0.475754
0.54137	0.634892
0.54138	0.696274
0.54139	0.686053
0.5414	0.598629
0.54141	0.408583
0.54142	0.2521
0.54143	0.402923
0.54144	0.595251
0.54145	0.684987
0.54146	0.696943
0.54147	0.637656
0.54148	0.481312
0.54149	0.274878
0.5415	0.330031
0.54151	0.543412
0.54152	0.665529
0.54153	0.700511
0.54154	0.666285
0.54155	0.545247
0.54156	0.332133
0.54157	0.273386
0.54158	0.479038
0.54159	0.636627
0.5416	0.696857
0.54161	0.685759
0.54162	0.597251
0.54163	0.406049
0.54164	0.251658
0.54165	0.40503
0.54166	0.596665
0.54167	0.685616
0.54168	0.697066
0.54169	0.63729
0.5417	0.480304
0.54171	0.273959
0.54172	0.33059
0.54173	0.544096
0.54174	0.665941
0.54175	0.700783
0.54176	0.666521
0.54177	0.545504
0.54178	0.3322
0.54179	0.272787
0.5418	0.478533
0.54181	0.636501
0.54182	0.697024
0.54183	0.686266
0.54184	0.598317
0.54185	0.407609
0.54186	0.251276
0.54187	0.403042
0.54188	0.595594
0.54189	0.685409
0.5419	0.69757
0.54191	0.638742
0.54192	0.483058
0.54193	0.275382
0.54194	0.327465
0.54195	0.541604
0.54196	0.665038
0.54197	0.701033
0.54198	0.668023
0.54199	0.548878
0.542	0.336032
0.54201	0.270007
0.54202	0.474213
0.54203	0.634494
0.54204	0.696761
0.54205	0.687553
0.54206	0.601794
0.54207	0.413277
0.54208	0.251127
0.54209	0.396939
0.5421	0.591979
0.54211	0.684327
0.54212	0.698413
0.54213	0.641951
0.54214	0.489525
0.54215	0.279391
0.54216	0.320755
0.54217	0.53584
0.54218	0.662747
0.54219	0.701204
0.5422	0.670711
0.54221	0.555262
0.54222	0.343785
0.54223	0.265399
0.54224	0.465973
0.54225	0.63049
0.54226	0.695987
0.54227	0.689528
0.54228	0.607542
0.54229	0.423041
0.5423	0.251777
0.54231	0.386719
0.54232	0.585652
0.54233	0.682256
0.54234	0.699493
0.54235	0.646764
0.54236	0.499555
0.54237	0.286504
0.54238	0.310755
0.54239	0.526596
0.5424	0.65891
0.54241	0.701172
0.54242	0.674428
0.54243	0.564435
0.54244	0.355688
0.54245	0.259684
0.54246	0.453643
0.54247	0.624274
0.54248	0.694551
0.54249	0.692032
0.5425	0.615317
0.54251	0.436823
0.54252	0.254179
0.54253	0.372441
0.54254	0.576334
0.54255	0.679007
0.54256	0.700643
0.54257	0.652942
0.54258	0.512884
0.54259	0.297437
0.5426	0.298036
0.54261	0.513565
0.54262	0.653279
0.54263	0.700754
0.54264	0.678947
0.54265	0.576063
0.54266	0.371956
0.54267	0.254023
0.54268	0.437028
0.54269	0.615519
0.5427	0.692237
0.54271	0.694843
0.54272	0.624784
0.54273	0.454427
0.54274	0.259619
0.54275	0.35433
0.54276	0.563629
0.54277	0.674307
0.54278	0.701634
0.54279	0.660171
0.5428	0.529116
0.54281	0.312964
0.54282	0.283586
0.54283	0.496357
0.54284	0.645502
0.54285	0.699699
0.54286	0.683976
0.54287	0.589705
0.54288	0.392673
0.54289	0.250061
0.5429	0.415985
0.54291	0.603783
0.54292	0.688749
0.54293	0.69768
0.54294	0.635524
0.54295	0.475489
0.54296	0.269601
0.54297	0.332932
0.54298	0.547026
0.54299	0.667787
0.543	0.702179
0.54301	0.668072
0.54302	0.547721
0.54303	0.333735
0.54304	0.268976
0.54305	0.474544
0.54306	0.635112
0.54307	0.697688
0.54308	0.689168
0.54309	0.604826
0.5431	0.41767
0.54311	0.24991
0.54312	0.39056
0.54313	0.58849
0.54314	0.683705
0.54315	0.700209
0.54316	0.647055
0.54317	0.499437
0.54318	0.285609
0.54319	0.309355
0.5432	0.525912
0.54321	0.658972
0.54322	0.701928
0.54323	0.676218
0.54324	0.568042
0.54325	0.360053
0.54326	0.256507
0.54327	0.447752
0.54328	0.621507
0.54329	0.694324
0.5433	0.69413
0.54331	0.620818
0.54332	0.446445
0.54333	0.255977
0.54334	0.361221
0.54335	0.568926
0.54336	0.676623
0.54337	0.702041
0.54338	0.658849
0.54339	0.525497
0.5434	0.308781
0.54341	0.285556
0.54342	0.499626
0.54343	0.647248
0.54344	0.700462
0.54345	0.684144
0.54346	0.589325
0.54347	0.391686
0.54348	0.249224
0.54349	0.415852
0.5435	0.603927
0.54351	0.689116
0.54352	0.698428
0.54353	0.637034
0.54354	0.478134
0.54355	0.270568
0.54356	0.329224
0.54357	0.544257
0.54358	0.66689
0.54359	0.702732
0.5436	0.670354
0.54361	0.552737
0.54362	0.33953
0.54363	0.264623
0.54364	0.467577
0.54365	0.631845
0.54366	0.697284
0.54367	0.691358
0.54368	0.610767
0.54369	0.427773
0.5437	0.250636
0.54371	0.379296
0.54372	0.581446
0.54373	0.681457
0.54374	0.701583
0.54375	0.652812
0.54376	0.511574
0.54377	0.295281
0.54378	0.297079
0.54379	0.513586
0.5438	0.65374
0.54381	0.70177
0.54382	0.681009
0.54383	0.580139
0.54384	0.377267
0.54385	0.250806
0.54386	0.429516
0.54387	0.6118
0.54388	0.691788
0.54389	0.697342
0.5439	0.631562
0.54391	0.466883
0.54392	0.263999
0.54393	0.339664
0.54394	0.552987
0.54395	0.670591
0.54396	0.703067
0.54397	0.667506
0.54398	0.545432
0.54399	0.330378
0.544	0.268992
0.54401	0.476135
0.54402	0.636204
0.54403	0.698553
0.54404	0.690253
0.54405	0.606685
0.54406	0.420371
0.54407	0.249006
0.54408	0.386036
0.54409	0.58594
0.5441	0.683233
0.54411	0.70155
0.54412	0.650947
0.54413	0.507219
0.54414	0.291238
0.54415	0.300392
0.54416	0.517419
0.54417	0.655562
0.54418	0.702278
0.54419	0.680497
0.5442	0.578356
0.54421	0.374431
0.54422	0.250858
0.54423	0.431649
0.54424	0.613075
0.54425	0.692354
0.54426	0.697513
0.54427	0.631438
0.54428	0.466452
0.54429	0.263466
0.5443	0.339411
0.54431	0.552923
0.54432	0.670686
0.54433	0.703382
0.54434	0.668227
0.54435	0.546897
0.54436	0.331959
0.54437	0.267379
0.54438	0.473843
0.54439	0.635162
0.5444	0.698509
0.54441	0.691189
0.54442	0.609122
0.54443	0.424514
0.54444	0.249227
0.54445	0.381185
0.54446	0.582893
0.54447	0.682269
0.54448	0.702195
0.54449	0.653583
0.5445	0.512829
0.54451	0.295957
0.54452	0.294669
0.54453	0.511402
0.54454	0.652958
0.54455	0.702147
0.54456	0.682772
0.54457	0.584214
0.54458	0.383184
0.54459	0.248711
0.5446	0.42225
0.54461	0.607881
0.54462	0.690886
0.54463	0.698991
0.54464	0.636717
0.54465	0.476907
0.54466	0.268958
0.54467	0.328402
0.54468	0.544025
0.54469	0.667142
0.5447	0.703634
0.54471	0.672438
0.54472	0.557021
0.54473	0.3445
0.54474	0.260256
0.54475	0.460528
0.54476	0.628532
0.54477	0.697013
0.54478	0.693999
0.54479	0.617808
0.5448	0.440129
0.54481	0.252499
0.54482	0.364805
0.54483	0.571916
0.54484	0.678296
0.54485	0.703272
0.54486	0.660357
0.54487	0.527971
0.54488	0.310506
0.54489	0.281015
0.5449	0.495008
0.54491	0.645474
0.54492	0.70104
0.54493	0.687422
0.54494	0.597077
0.54495	0.403695
0.54496	0.246826
0.54497	0.401095
0.54498	0.595514
0.54499	0.686912
0.545	0.701316
0.54501	0.646705
0.54502	0.497613
0.54503	0.282934
0.54504	0.307782
0.54505	0.525378
0.54506	0.659275
0.54507	0.703293
0.54508	0.679448
0.54509	0.574802
0.5451	0.368921
0.54511	0.250966
0.54512	0.435491
0.54513	0.615337
0.54514	0.693401
0.54515	0.69799
0.54516	0.631675
0.54517	0.466616
0.54518	0.262925
0.54519	0.337633
0.5452	0.551736
0.54521	0.670431
0.54522	0.704048
0.54523	0.670259
0.54524	0.551317
0.54525	0.337101
0.54526	0.263088
0.54527	0.46702
0.54528	0.631899
0.54529	0.698109
0.5453	0.693495
0.54531	0.615482
0.54532	0.435734
0.54533	0.250856
0.54534	0.368267
0.54535	0.574386
0.54536	0.679366
0.54537	0.703543
0.54538	0.660037
0.54539	0.527016
0.5454	0.309356
0.54541	0.280985
0.54542	0.495276
0.54543	0.645673
0.54544	0.701327
0.54545	0.688018
0.54546	0.598368
0.54547	0.40576
0.54548	0.246353
0.54549	0.398072
0.5455	0.593717
0.54551	0.686437
0.54552	0.701989
0.54553	0.648973
0.54554	0.502338
0.54555	0.286492
0.54556	0.302487
0.54557	0.520206
0.54558	0.657079
0.54559	0.703305
0.5456	0.681737
0.54561	0.580599
0.54562	0.377463
0.54563	0.248442
0.54564	0.426041
0.54565	0.610135
0.54566	0.691952
0.54567	0.699575
0.54568	0.637266
0.54569	0.477754
0.5457	0.268913
0.54571	0.325731
0.54572	0.541964
0.54573	0.666482
0.54574	0.704262
0.54575	0.674828
0.54576	0.562466
0.54577	0.351514
0.54578	0.255789
0.54579	0.451627
0.5458	0.624024
0.54581	0.696168
0.54582	0.696476
0.54583	0.625122
0.54584	0.453737
0.54585	0.2566
0.54586	0.349269
0.54587	0.560799
0.54588	0.674194
0.54589	0.704387
0.5459	0.667463
0.54591	0.544273
0.54592	0.32843
0.54593	0.266946
0.54594	0.474605
0.54595	0.635733
0.54596	0.699311
0.54597	0.692854
0.54598	0.612758
0.54599	0.430737
0.546	0.249166
0.54601	0.37207
0.54602	0.577004
0.54603	0.680483
0.54604	0.703851
0.54605	0.659815
0.54606	0.52633
0.54607	0.308534
0.54608	0.280535
0.54609	0.494954
0.5461	0.64557
0.54611	0.701573
0.54612	0.688864
0.54613	0.600394
0.54614	0.409152
0.54615	0.245952
0.54616	0.393457
0.54617	0.590869
0.54618	0.685578
0.54619	0.702807
0.5462	0.652056
0.54621	0.50894
0.54622	0.291939
0.54623	0.295364
0.54624	0.512769
0.54625	0.653803
0.54626	0.703121
0.54627	0.684653
0.54628	0.588252
0.54629	0.389306
0.5463	0.246143
0.54631	0.413026
0.54632	0.602669
0.54633	0.689674
0.54634	0.701397
0.54635	0.644355
0.54636	0.49239
0.54637	0.278561
0.54638	0.31047
0.54639	0.52821
0.5464	0.660662
0.54641	0.704103
0.54642	0.680361
0.54643	0.57655
0.54644	0.371433
0.54645	0.248872
0.54646	0.43057
0.54647	0.612653
0.54648	0.692939
0.54649	0.699746
0.5465	0.636878
0.54651	0.476935
0.54652	0.268155
0.54653	0.325124
0.54654	0.541462
0.54655	0.666344
0.54656	0.704648
0.54657	0.676121
0.54658	0.565494
0.54659	0.355675
0.5466	0.253308
0.54661	0.446013
0.54662	0.62104
0.54663	0.695516
0.54664	0.697971
0.54665	0.629782
0.54666	0.462799
0.54667	0.260366
0.54668	0.338798
0.54669	0.552711
0.5467	0.671016
0.54671	0.704869
0.54672	0.672056
0.54673	0.555278
0.54674	0.342083
0.54675	0.258708
0.54676	0.459361
0.54677	0.628017
0.54678	0.697526
0.54679	0.696176
0.5468	0.623218
0.54681	0.450162
0.54682	0.25477
0.54683	0.35113
0.54684	0.562132
0.54685	0.674816
0.54686	0.704865
0.54687	0.668281
0.54688	0.546077
0.54689	0.330635
0.5469	0.264438
0.54691	0.470668
0.54692	0.633745
0.54693	0.699073
0.54694	0.694456
0.54695	0.617321
0.54696	0.439165
0.54697	0.250928
0.54698	0.36188
0.54699	0.569882
0.547	0.677863
0.54701	0.70472
0.54702	0.6649
0.54703	0.538044
0.54704	0.321253
0.54705	0.269986
0.54706	0.480007
0.54707	0.638357
0.54708	0.700244
0.54709	0.692894
0.5471	0.612214
0.54711	0.42991
0.54712	0.248421
0.54713	0.370899
0.54714	0.576096
0.54715	0.680252
0.54716	0.704507
0.54717	0.662004
0.54718	0.531307
0.54719	0.313827
0.5472	0.27495
0.54721	0.487459
0.54722	0.64196
0.54723	0.701109
0.54724	0.691558
0.54725	0.608001
0.54726	0.422468
0.54727	0.246873
0.54728	0.378102
0.54729	0.580886
0.5473	0.682058
0.54731	0.704286
0.54732	0.659669
0.54733	0.525972
0.54734	0.308233
0.54735	0.27903
0.54736	0.493097
0.54737	0.644641
0.54738	0.701725
0.54739	0.690506
0.5474	0.604768
0.54741	0.416882
0.54742	0.245976
0.54743	0.383439
0.54744	0.584339
0.54745	0.683341
0.54746	0.704102
0.54747	0.657957
0.54748	0.522118
0.54749	0.304355
0.5475	0.282013
0.54751	0.496984
0.54752	0.646462
0.54753	0.702133
0.54754	0.689783
0.54755	0.602581
0.54756	0.413177
0.54757	0.245492
0.54758	0.386889
0.54759	0.58652
0.5476	0.684142
0.54761	0.703989
0.54762	0.656912
0.54763	0.519802
0.54764	0.302102
0.54765	0.283757
0.54766	0.499163
0.54767	0.647467
0.54768	0.702362
0.54769	0.689418
0.5477	0.601483
0.54771	0.411366
0.54772	0.245266
0.54773	0.388439
0.54774	0.587468
0.54775	0.684489
0.54776	0.703968
0.54777	0.656563
0.54778	0.519057
0.54779	0.301414
0.5478	0.284184
0.54781	0.499662
0.54782	0.647679
0.54783	0.702427
0.54784	0.689426
0.54785	0.601497
0.54786	0.411455
0.54787	0.245224
0.54788	0.388088
0.54789	0.587203
0.5479	0.68439
0.54791	0.704047
0.54792	0.656917
0.54793	0.519894
0.54794	0.302275
0.54795	0.283274
0.54796	0.498488
0.54797	0.647103
0.54798	0.702332
0.54799	0.68981
0.548	0.602623
0.54801	0.413442
0.54802	0.245375
0.54803	0.385835
0.54804	0.585718
0.54805	0.683843
0.54806	0.704222
0.54807	0.657968
0.54808	0.5223
0.54809	0.304709
0.5481	0.281063
0.54811	0.495624
0.54812	0.645725
0.54813	0.702064
0.54814	0.690554
0.54815	0.604837
0.54816	0.417323
0.54817	0.245813
0.54818	0.381686
0.54819	0.582987
0.5482	0.682827
0.54821	0.704473
0.54822	0.659689
0.54823	0.526241
0.54824	0.308783
0.54825	0.277645
0.54826	0.491039
0.54827	0.643512
0.54828	0.701599
0.54829	0.691631
0.5483	0.608097
0.54831	0.423083
0.54832	0.246712
0.54833	0.375653
0.54834	0.578957
0.54835	0.681308
0.54836	0.704772
0.54837	0.662035
0.54838	0.531659
0.54839	0.314593
0.5484	0.273179
0.54841	0.484679
0.54842	0.640409
0.54843	0.7009
0.54844	0.693
0.54845	0.612336
0.54846	0.430696
0.54847	0.248325
0.54848	0.367766
0.54849	0.573555
0.5485	0.679233
0.54851	0.705073
0.54852	0.664947
0.54853	0.538472
0.54854	0.322259
0.54855	0.267903
0.54856	0.476477
0.54857	0.636344
0.54858	0.699917
0.54859	0.694605
0.5486	0.617469
0.54861	0.440116
0.54862	0.250977
0.54863	0.358083
0.54864	0.566682
0.54865	0.676535
0.54866	0.705323
0.54867	0.66835
0.54868	0.546576
0.54869	0.331902
0.5487	0.262141
0.54871	0.466357
0.54872	0.63122
0.54873	0.698583
0.54874	0.696379
0.54875	0.623392
0.54876	0.45127
0.54877	0.255054
0.54878	0.346708
0.54879	0.558218
0.5488	0.673127
0.54881	0.705452
0.54882	0.672153
0.54883	0.555839
0.54884	0.343629
0.54885	0.256322
0.54886	0.454239
0.54887	0.624918
0.54888	0.696819
0.54889	0.698242
0.5489	0.629983
0.54891	0.464051
0.54892	0.260984
0.54893	0.333815
0.54894	0.548018
0.54895	0.668904
0.54896	0.70538
0.54897	0.676256
0.54898	0.566107
0.54899	0.357511
0.549	0.250992
0.54901	0.440053
0.54902	0.617292
0.54903	0.69453
0.54904	0.700104
0.54905	0.637107
0.54906	0.478314
0.54907	0.269203
0.54908	0.319676
0.54909	0.535916
0.5491	0.663736
0.54911	0.705013
0.54912	0.680546
0.54913	0.577208
0.54914	0.373558
0.54915	0.246812
0.54916	0.423762
0.54917	0.608171
0.54918	0.6916
0.54919	0.701862
0.5492	0.644617
0.54921	0.493874
0.54922	0.280122
0.54923	0.304701
0.54924	0.521733
0.54925	0.657471
0.54926	0.704244
0.54927	0.6849
0.54928	0.588946
0.54929	0.391705
0.5493	0.24455
0.54931	0.405383
0.54932	0.597351
0.54933	0.687898
0.54934	0.703405
0.54935	0.652354
0.54936	0.510507
0.54937	0.294078
0.54938	0.289475
0.54939	0.505282
0.5494	0.649929
0.54941	0.702951
0.54942	0.68919
0.54943	0.601116
0.54944	0.411797
0.54945	0.245051
0.54946	0.385033
0.54947	0.584603
0.54948	0.683268
0.54949	0.70461
0.5495	0.660157
0.54951	0.527954
0.54952	0.311284
0.54953	0.274796
0.54954	0.486385
0.54955	0.640896
0.54956	0.700995
0.54957	0.693279
0.54958	0.613503
0.54959	0.433584
0.5496	0.249172
0.54961	0.36298
0.54962	0.569665
0.54963	0.677529
0.54964	0.705344
0.54965	0.667859
0.54966	0.545928
0.54967	0.331783
0.54968	0.261693
0.54969	0.464903
0.5497	0.630127
0.54971	0.698219
0.54972	0.697023
0.54973	0.625887
0.54974	0.456733
0.54975	0.257696
0.54976	0.339713
0.54977	0.552256
0.54978	0.670468
0.54979	0.705458
0.5498	0.675291
0.54981	0.564127
0.54982	0.35542
0.54983	0.251418
0.54984	0.440781
0.54985	0.617334
0.54986	0.694441
0.54987	0.700274
0.54988	0.63805
0.54989	0.480838
0.5499	0.271221
0.54991	0.316022
0.54992	0.532083
0.54993	0.661839
0.54994	0.704793
0.54995	0.682284
0.54996	0.582245
0.54997	0.381834
0.54998	0.245378
0.54999	0.414108
0.55	0.602193
0.55001	0.689454
0.55002	0.702874
0.55003	0.649782
0.55004	0.505447
0.55005	0.290048
0.55006	0.293073
0.55007	0.508869
0.55008	0.651353
0.55009	0.703166
0.5501	0.688671
0.55011	0.599983
0.55012	0.410476
0.55013	0.245004
0.55014	0.385221
0.55015	0.584336
0.55016	0.683016
0.55017	0.704655
0.55018	0.660878
0.55019	0.530091
0.5502	0.314092
0.55021	0.272453
0.55022	0.482397
0.55023	0.638672
0.55024	0.700374
0.55025	0.694281
0.55026	0.617056
0.55027	0.440653
0.55028	0.25154
0.55029	0.354825
0.5503	0.563371
0.55031	0.674845
0.55032	0.705438
0.55033	0.671147
0.55034	0.554306
0.55035	0.34285
0.55036	0.256138
0.55037	0.452592
0.55038	0.623407
0.55039	0.696184
0.5504	0.698942
0.55041	0.633204
0.55042	0.471596
0.55043	0.265804
0.55044	0.324138
0.55045	0.538896
0.55046	0.664608
0.55047	0.705024
0.55048	0.680403
0.55049	0.577666
0.5505	0.375435
0.55051	0.246335
0.55052	0.419636
0.55053	0.605111
0.55054	0.690324
0.55055	0.702476
0.55056	0.648194
0.55057	0.502521
0.55058	0.287961
0.55059	0.295023
0.5506	0.510555
0.55061	0.651915
0.55062	0.703189
0.55063	0.68847
0.55064	0.599789
0.55065	0.410682
0.55066	0.245163
0.55067	0.384147
0.55068	0.583292
0.55069	0.682474
0.5507	0.704692
0.55071	0.661819
0.55072	0.532695
0.55073	0.317415
0.55074	0.270019
0.55075	0.478126
0.55076	0.636306
0.55077	0.699675
0.55078	0.695175
0.55079	0.620354
0.5508	0.447289
0.55081	0.254208
0.55082	0.347404
0.55083	0.557432
0.55084	0.672254
0.55085	0.70538
0.55086	0.673893
0.55087	0.561477
0.55088	0.352848
0.55089	0.252191
0.5509	0.441673
0.55091	0.61725
0.55092	0.694179
0.55093	0.700339
0.55094	0.6391
0.55095	0.48397
0.55096	0.274069
0.55097	0.311578
0.55098	0.527045
0.55099	0.659211
0.551	0.704298
0.55101	0.68425
0.55102	0.588349
0.55103	0.392426
0.55104	0.244676
0.55105	0.401788
0.55106	0.594148
0.55107	0.68634
0.55108	0.70377
0.55109	0.655817
0.5511	0.519579
0.55111	0.304082
0.55112	0.279861
0.55113	0.49179
0.55114	0.642806
0.55115	0.701167
0.55116	0.692729
0.55117	0.612913
0.55118	0.434098
0.55119	0.249962
0.5512	0.359918
0.55121	0.56636
0.55122	0.67572
0.55123	0.705254
0.55124	0.670339
0.55125	0.553181
0.55126	0.342365
0.55127	0.256302
0.55128	0.451678
0.55129	0.622403
0.5513	0.695648
0.55131	0.699166
0.55132	0.634885
0.55133	0.475897
0.55134	0.269085
0.55135	0.318723
0.55136	0.53328
0.55137	0.661787
0.55138	0.704537
0.55139	0.682527
0.5514	0.584085
0.55141	0.386204
0.55142	0.245163
0.55143	0.407403
0.55144	0.597283
0.55145	0.687326
0.55146	0.70338
0.55147	0.654076
0.55148	0.516157
0.55149	0.30114
0.5515	0.282294
0.55151	0.494493
0.55152	0.643901
0.55153	0.70131
0.55154	0.69225
0.55155	0.611825
0.55156	0.432606
0.55157	0.249776
0.55158	0.360815
0.55159	0.566675
0.5516	0.675688
0.55161	0.705153
0.55162	0.670358
0.55163	0.553627
0.55164	0.343389
0.55165	0.255904
0.55166	0.450067
0.55167	0.621299
0.55168	0.695189
0.55169	0.699371
0.5517	0.636125
0.55171	0.478827
0.55172	0.271299
0.55173	0.315431
0.55174	0.529872
0.55175	0.6601
0.55176	0.704214
0.55177	0.683639
0.55178	0.587469
0.55179	0.391966
0.5518	0.244979
0.55181	0.40104
0.55182	0.593114
0.55183	0.685684
0.55184	0.703719
0.55185	0.656843
0.55186	0.522698
0.55187	0.308054
0.55188	0.276683
0.55189	0.48647
0.5519	0.639784
0.55191	0.700215
0.55192	0.693835
0.55193	0.617204
0.55194	0.442826
0.55195	0.253321
0.55196	0.3501
0.55197	0.558446
0.55198	0.672179
0.55199	0.705073
0.552	0.673918
0.55201	0.562733
0.55202	0.355929
0.55203	0.251359
0.55204	0.436818
0.55205	0.613816
0.55206	0.6927
0.55207	0.700835
0.55208	0.642617
0.55209	0.49252
0.5521	0.281391
0.55211	0.302239
0.55212	0.516545
0.55213	0.653894
0.55214	0.703127
0.55215	0.687325
0.55216	0.598072
0.55217	0.409663
0.55218	0.245799
0.55219	0.382758
0.5522	0.581164
0.55221	0.681073
0.55222	0.704476
0.55223	0.663657
0.55224	0.538574
0.55225	0.325803
0.55226	0.264817
0.55227	0.467216
0.55228	0.62987
0.55229	0.697465
0.5523	0.697024
0.55231	0.628323
0.55232	0.464263
0.55233	0.263267
0.55234	0.328566
0.55235	0.540829
0.55236	0.664562
0.55237	0.704507
0.55238	0.680356
0.55239	0.5795
0.5524	0.380514
0.55241	0.246168
0.55242	0.411556
0.55243	0.598983
0.55244	0.687517
0.55245	0.702923
0.55246	0.653408
0.55247	0.515915
0.55248	0.302083
0.55249	0.281597
0.5525	0.492193
0.55251	0.642183
0.55252	0.700557
0.55253	0.692754
0.55254	0.614599
0.55255	0.438921
0.55256	0.252487
0.55257	0.35307
0.55258	0.560044
0.55259	0.672521
0.5526	0.704835
0.55261	0.673405
0.55262	0.562234
0.55263	0.356097
0.55264	0.25154
0.55265	0.435741
0.55266	0.612741
0.55267	0.692088
0.55268	0.700842
0.55269	0.6437
0.5527	0.495586
0.55271	0.284503
0.55272	0.2988
0.55273	0.512112
0.55274	0.651478
0.55275	0.702441
0.55276	0.688441
0.55277	0.602049
0.55278	0.417236
0.55279	0.247273
0.5528	0.374277
0.55281	0.574901
0.55282	0.678348
0.55283	0.704507
0.55284	0.666912
0.55285	0.546954
0.55286	0.336651
0.55287	0.259291
0.55288	0.455178
0.55289	0.623128
0.5529	0.695237
0.55291	0.698597
0.55292	0.635019
0.55293	0.478264
0.55294	0.272258
0.55295	0.31444
0.55296	0.527457
0.55297	0.65832
0.55298	0.703488
0.55299	0.684449
0.553	0.591216
0.55301	0.39967
0.55302	0.245724
0.55303	0.391468
0.55304	0.58601
0.55305	0.682482
0.55306	0.703846
0.55307	0.661264
0.55308	0.534235
0.55309	0.322038
0.5531	0.267349
0.55311	0.470015
0.55312	0.630684
0.55313	0.697316
0.55314	0.696494
0.55315	0.627791
0.55316	0.464457
0.55317	0.264294
0.55318	0.32728
0.55319	0.538699
0.5532	0.663136
0.55321	0.703986
0.55322	0.681086
0.55323	0.582562
0.55324	0.386438
0.55325	0.246148
0.55326	0.404362
0.55327	0.593858
0.55328	0.685256
0.55329	0.703107
0.5533	0.656787
0.55331	0.524532
0.55332	0.31189
0.55333	0.274235
0.55334	0.480495
0.55335	0.635811
0.55336	0.698584
0.55337	0.694774
0.55338	0.622364
0.55339	0.454503
0.5534	0.259571
0.55341	0.336611
0.55342	0.546225
0.55343	0.666236
0.55344	0.704152
0.55345	0.678594
0.55346	0.576442
0.55347	0.377583
0.55348	0.247234
0.55349	0.4129
0.5535	0.598802
0.55351	0.686903
0.55352	0.702481
0.55353	0.653731
0.55354	0.518166
0.55355	0.305783
0.55356	0.278991
0.55357	0.486851
0.55358	0.638789
0.55359	0.699224
0.5536	0.693614
0.55361	0.618993
0.55362	0.448602
0.55363	0.257249
0.55364	0.342062
0.55365	0.550315
0.55366	0.667825
0.55367	0.704133
0.55368	0.677144
0.55369	0.573103
0.5537	0.373062
0.55371	0.248108
0.55372	0.417106
0.55373	0.601075
0.55374	0.687573
0.55375	0.702092
0.55376	0.652259
0.55377	0.515334
0.55378	0.303373
0.55379	0.281082
0.5538	0.489248
0.55381	0.639786
0.55382	0.699345
0.55383	0.69312
0.55384	0.617832
0.55385	0.446847
0.55386	0.256807
0.55387	0.343476
0.55388	0.551132
0.55389	0.668016
0.5539	0.704009
0.55391	0.676826
0.55392	0.572669
0.55393	0.372823
0.55394	0.248335
0.55395	0.417019
0.55396	0.600791
0.55397	0.687336
0.55398	0.701995
0.55399	0.652446
0.554	0.516113
0.55401	0.304489
0.55402	0.280315
0.55403	0.487759
0.55404	0.638864
0.55405	0.698985
0.55406	0.693329
0.55407	0.618924
0.55408	0.44925
0.55409	0.258094
0.5541	0.340832
0.55411	0.548719
0.55412	0.666832
0.55413	0.703792
0.55414	0.677653
0.55415	0.575146
0.55416	0.376842
0.55417	0.24791
0.55418	0.412657
0.55419	0.597948
0.5542	0.686185
0.55421	0.702182
0.55422	0.654269
0.55423	0.520463
0.55424	0.309174
0.55425	0.276804
0.55426	0.482364
0.55427	0.635986
0.55428	0.698114
0.55429	0.694202
0.5543	0.622207
0.55431	0.455757
0.55432	0.261336
0.55433	0.334233
0.55434	0.542999
0.55435	0.664208
0.55436	0.70343
0.55437	0.679554
0.55438	0.580421
0.55439	0.385134
0.5544	0.247249
0.55441	0.404017
0.55442	0.592432
0.55443	0.684037
0.55444	0.702573
0.55445	0.657616
0.55446	0.528233
0.55447	0.317663
0.55448	0.270983
0.55449	0.472948
0.5545	0.631013
0.55451	0.69663
0.55452	0.695634
0.55453	0.627512
0.55454	0.466228
0.55455	0.267114
0.55456	0.323937
0.55457	0.533783
0.55458	0.659993
0.55459	0.702804
0.5546	0.68238
0.55461	0.588265
0.55462	0.397709
0.55463	0.247192
0.55464	0.391115
0.55465	0.584009
0.55466	0.680728
0.55467	0.703027
0.55468	0.662283
0.55469	0.539152
0.5547	0.330318
0.55471	0.263661
0.55472	0.45933
0.55473	0.623697
0.55474	0.694363
0.55475	0.697446
0.55476	0.63457
0.55477	0.480423
0.55478	0.276285
0.55479	0.310445
0.5548	0.52077
0.55481	0.653935
0.55482	0.701728
0.55483	0.685909
0.55484	0.598338
0.55485	0.41451
0.55486	0.248995
0.55487	0.374059
0.55488	0.57233
0.55489	0.676013
0.5549	0.703335
0.55491	0.667991
0.55492	0.552826
0.55493	0.347507
0.55494	0.256109
0.55495	0.441304
0.55496	0.613675
0.55497	0.691063
0.55498	0.699399
0.55499	0.643028
0.555	0.497964
0.55501	0.289857
0.55502	0.29464
0.55503	0.503569
0.55504	0.64568
0.55505	0.699946
0.55506	0.689857
0.55507	0.610203
0.55508	0.435331
0.55509	0.254267
0.5551	0.353183
0.55511	0.556922
0.55512	0.669547
0.55513	0.703226
0.55514	0.674391
0.55515	0.568744
0.55516	0.369454
0.55517	0.250135
0.55518	0.418733
0.55519	0.600459
0.5552	0.686399
0.55521	0.701194
0.55522	0.652456
0.55523	0.518315
0.55524	0.308779
0.55525	0.277976
0.55526	0.481745
0.55527	0.634753
0.55528	0.697128
0.55529	0.69388
0.5553	0.623338
0.55531	0.459743
0.55532	0.264804
0.55533	0.329254
0.55534	0.537203
0.55535	0.66088
0.55536	0.702363
0.55537	0.68108
0.55538	0.586287
0.55539	0.396082
0.5554	0.248075
0.55541	0.391704
0.55542	0.583424
0.55543	0.679941
0.55544	0.702471
0.55545	0.662372
0.55546	0.540785
0.55547	0.333691
0.55548	0.262665
0.55549	0.454904
0.5555	0.62054
0.55551	0.692862
0.55552	0.697584
0.55553	0.637161
0.55554	0.487059
0.55555	0.282288
0.55556	0.303765
0.55557	0.51252
0.55558	0.64943
0.55559	0.700335
0.5556	0.687611
0.55561	0.604757
0.55562	0.4269
0.55563	0.252615
0.55564	0.360804
0.55565	0.561811
0.55566	0.671144
0.55567	0.702814
0.55568	0.672258
0.55569	0.564551
0.5557	0.364659
0.55571	0.251763
0.55572	0.422883
0.55573	0.60227
0.55574	0.686633
0.55575	0.700529
0.55576	0.651057
0.55577	0.516353
0.55578	0.307866
0.55579	0.279264
0.5558	0.482237
0.55581	0.634461
0.55582	0.696651
0.55583	0.693503
0.55584	0.623414
0.55585	0.460968
0.55586	0.266336
0.55587	0.327521
0.55588	0.534756
0.55589	0.659323
0.5559	0.701737
0.55591	0.681572
0.55592	0.588712
0.55593	0.401012
0.55594	0.248982
0.55595	0.386086
0.55596	0.579008
0.55597	0.677802
0.55598	0.702222
0.55599	0.664401
0.556	0.546523
0.55601	0.341713
0.55602	0.259581
0.55603	0.445956
0.55604	0.615054
0.55605	0.690711
0.55606	0.698243
0.55607	0.641514
0.55608	0.496975
0.55609	0.291016
0.5561	0.294759
0.55611	0.501395
0.55612	0.64361
0.55613	0.69867
0.55614	0.689761
0.55615	0.612354
0.55616	0.441343
0.55617	0.258021
0.55618	0.346031
0.55619	0.549683
0.5562	0.665572
0.55621	0.702109
0.55622	0.676574
0.55623	0.576403
0.55624	0.382782
0.55625	0.249636
0.55626	0.403937
0.55627	0.590088
0.55628	0.68178
0.55629	0.701277
0.5563	0.658341
0.55631	0.533399
0.55632	0.326894
0.55633	0.267249
0.55634	0.461119
0.55635	0.622926
0.55636	0.692931
0.55637	0.696255
0.55638	0.634607
0.55639	0.483712
0.5564	0.281435
0.55641	0.306093
0.55642	0.513204
0.55643	0.648934
0.55644	0.699549
0.55645	0.686974
0.55646	0.604872
0.55647	0.428893
0.55648	0.254484
0.55649	0.357833
0.5565	0.558275
0.55651	0.668935
0.55652	0.701991
0.55653	0.673226
0.55654	0.56871
0.55655	0.372293
0.55656	0.251363
0.55657	0.41412
0.55658	0.595948
0.55659	0.683678
0.5566	0.700456
0.55661	0.654685
0.55662	0.525981
0.55663	0.319437
0.55664	0.272143
0.55665	0.468792
0.55666	0.626624
0.55667	0.693773
0.55668	0.694999
0.55669	0.630938
0.5567	0.477175
0.55671	0.277538
0.55672	0.311728
0.55673	0.518303
0.55674	0.651009
0.55675	0.699678
0.55676	0.685545
0.55677	0.601545
0.55678	0.423899
0.55679	0.253712
0.5568	0.362385
0.55681	0.56115
0.55682	0.669851
0.55683	0.701703
0.55684	0.671902
0.55685	0.566151
0.55686	0.369379
0.55687	0.252319
0.55688	0.416701
0.55689	0.59709
0.5569	0.683823
0.55691	0.700025
0.55692	0.653776
0.55693	0.524674
0.55694	0.318724
0.55695	0.273035
0.55696	0.469283
0.55697	0.626521
0.55698	0.693474
0.55699	0.694692
0.557	0.630805
0.55701	0.477603
0.55702	0.278438
0.55703	0.311113
0.55704	0.517014
0.55705	0.650087
0.55706	0.699221
0.55707	0.685645
0.55708	0.602604
0.55709	0.426399
0.5571	0.254876
0.55711	0.359587
0.55712	0.55855
0.55713	0.668471
0.55714	0.701352
0.55715	0.67272
0.55716	0.568866
0.55717	0.373912
0.55718	0.252022
0.55719	0.411761
0.5572	0.593648
0.55721	0.682286
0.55722	0.700034
0.55723	0.655668
0.55724	0.52951
0.55725	0.324604
0.55726	0.269846
0.55727	0.462664
0.55728	0.622646
0.55729	0.692042
0.5573	0.695331
0.55731	0.63418
0.55732	0.484926
0.55733	0.284185
0.55734	0.304411
0.55735	0.509318
0.55736	0.646115
0.55737	0.69813
0.55738	0.687207
0.55739	0.607923
0.5574	0.436287
0.55741	0.258416
0.55742	0.34962
0.55743	0.550342
0.55744	0.664674
0.55745	0.700832
0.55746	0.675537
0.55747	0.576619
0.55748	0.385905
0.55749	0.251307
0.5575	0.399338
0.55751	0.585392
0.55752	0.678893
0.55753	0.700324
0.55754	0.660126
0.55755	0.540156
0.55756	0.337438
0.55757	0.263598
0.55758	0.448774
0.55759	0.614695
0.5576	0.689253
0.55761	0.696689
0.55762	0.640718
0.55763	0.498768
0.55764	0.295722
0.55765	0.292532
0.55766	0.494863
0.55767	0.638734
0.55768	0.696137
0.55769	0.689927
0.5577	0.617033
0.55771	0.453278
0.55772	0.265954
0.55773	0.333049
0.55774	0.536031
0.55775	0.658063
0.55776	0.699828
0.55777	0.679959
0.55778	0.588815
0.55779	0.405378
0.5578	0.252315
0.55781	0.379562
0.55782	0.571729
0.55783	0.673214
0.55784	0.700522
0.55785	0.666643
0.55786	0.555911
0.55787	0.357849
0.55788	0.256567
0.55789	0.427331
0.5579	0.602017
0.55791	0.684649
0.55792	0.698329
0.55793	0.649783
0.55794	0.518399
0.55795	0.314553
0.55796	0.277444
0.55797	0.473048
0.55798	0.627259
0.55799	0.69275
0.558	0.693287
0.55801	0.629151
0.55802	0.476756
0.55803	0.279997
0.55804	0.311215
0.55805	0.514794
0.55806	0.647934
0.55807	0.697811
0.55808	0.685367
0.55809	0.604519
0.5581	0.432071
0.55811	0.258398
0.55812	0.353024
0.55813	0.5517
0.55814	0.664535
0.55815	0.700051
0.55816	0.674482
0.55817	0.575709
0.55818	0.386252
0.55819	0.252497
0.5582	0.398232
0.55821	0.583581
0.55822	0.677506
0.55823	0.699611
0.55824	0.660496
0.55825	0.542676
0.55826	0.342123
0.55827	0.262683
0.55828	0.443215
0.55829	0.610632
0.5583	0.687233
0.55831	0.696571
0.55832	0.643237
0.55833	0.505614
0.55834	0.303292
0.55835	0.28692
0.55836	0.485584
0.55837	0.63323
0.55838	0.694024
0.55839	0.69095
0.5584	0.622516
0.55841	0.465108
0.55842	0.273643
0.55843	0.3215
0.55844	0.524017
0.55845	0.651808
0.55846	0.698121
0.55847	0.682717
0.55848	0.598158
0.55849	0.422292
0.5585	0.256504
0.55851	0.362181
0.55852	0.557968
0.55853	0.666791
0.55854	0.699703
0.55855	0.671793
0.55856	0.570046
0.55857	0.378992
0.55858	0.253754
0.55859	0.405136
0.5586	0.58738
0.55861	0.678562
0.55862	0.698886
0.55863	0.658067
0.55864	0.53819
0.55865	0.337765
0.55866	0.265278
0.55867	0.447456
0.55868	0.612467
0.55869	0.687445
0.5587	0.695739
0.55871	0.641399
0.55872	0.502811
0.55873	0.30173
0.55874	0.28906
0.55875	0.487239
0.55876	0.633574
0.55877	0.693708
0.55878	0.690281
0.55879	0.621641
0.5588	0.464458
0.55881	0.274145
0.55882	0.321847
0.55883	0.523431
0.55884	0.651078
0.55885	0.697559
0.55886	0.682492
0.55887	0.59866
0.55888	0.424125
0.55889	0.257753
0.5589	0.360033
0.55891	0.555592
0.55892	0.665351
0.55893	0.699157
0.55894	0.672317
0.55895	0.572373
0.55896	0.383349
0.55897	0.25412
0.55898	0.400366
0.55899	0.583676
0.559	0.676724
0.55901	0.698612
0.55902	0.659672
0.55903	0.542796
0.55904	0.344233
0.55905	0.263228
0.55906	0.440335
0.55907	0.607861
0.55908	0.685485
0.55909	0.695992
0.5591	0.644455
0.55911	0.510105
0.55912	0.309328
0.55913	0.283531
0.55914	0.478242
0.55915	0.628435
0.55916	0.691875
0.55917	0.69133
0.55918	0.626555
0.55919	0.47472
0.5592	0.281334
0.55921	0.312423
0.55922	0.513095
0.55923	0.645724
0.55924	0.696085
0.55925	0.684624
0.55926	0.60587
0.55927	0.437382
0.55928	0.262643
0.55929	0.346896
0.5593	0.544428
0.55931	0.660051
0.55932	0.698266
0.55933	0.675846
0.55934	0.582333
0.55935	0.399234
0.55936	0.254843
0.55937	0.384115
0.55938	0.57213
0.55939	0.671712
0.5594	0.698531
0.55941	0.664945
0.55942	0.555938
0.55943	0.361845
0.55944	0.258355
0.55945	0.421765
0.55946	0.596304
0.55947	0.680968
0.55948	0.696959
0.55949	0.651853
0.5595	0.526787
0.55951	0.32716
0.55952	0.272364
0.55953	0.458175
0.55954	0.617167
0.55955	0.688044
0.55956	0.693596
0.55957	0.636496
0.55958	0.495136
0.55959	0.297339
0.5596	0.295065
0.55961	0.492275
0.55962	0.634988
0.55963	0.693125
0.55964	0.688465
0.55965	0.618797
0.55966	0.461454
0.55967	0.274474
0.55968	0.324104
0.55969	0.523473
0.5597	0.650044
0.55971	0.696362
0.55972	0.681566
0.55973	0.5987
0.55974	0.426472
0.55975	0.260245
0.55976	0.357037
0.55977	0.551528
0.55978	0.662601
0.55979	0.697873
0.5598	0.67288
0.55981	0.576179
0.55982	0.391226
0.55983	0.255599
0.55984	0.391685
0.55985	0.576424
0.55986	0.672901
0.55987	0.697751
0.55988	0.662373
0.55989	0.551266
0.5599	0.357049
0.55991	0.260569
0.55992	0.426317
0.55993	0.598283
0.55994	0.681157
0.55995	0.696061
0.55996	0.650002
0.55997	0.52408
0.55998	0.325518
0.55999	0.274302
0.56	0.459694
0.56001	0.617302
0.56002	0.687552
0.56003	0.692849
0.56004	0.635719
0.56005	0.494858
0.56006	0.298319
0.56007	0.29527
0.56008	0.491015
0.56009	0.633706
0.5601	0.69224
0.56011	0.688139
0.56012	0.619482
0.56013	0.463992
0.56014	0.277051
0.56015	0.321584
0.56016	0.519833
0.56017	0.647726
0.56018	0.69535
0.56019	0.681944
0.5602	0.601259
0.56021	0.432059
0.56022	0.262997
0.56023	0.351313
0.56024	0.545958
0.56025	0.659584
0.56026	0.696985
0.56027	0.674259
0.56028	0.581046
0.56029	0.399839
0.5603	0.256915
0.56031	0.382717
0.56032	0.569369
0.56033	0.669481
0.56034	0.69723
0.56035	0.665072
0.56036	0.558874
0.56037	0.368318
0.56038	0.258922
0.56039	0.414378
0.5604	0.590158
0.56041	0.677599
0.56042	0.69615
0.56043	0.654365
0.56044	0.534833
0.56045	0.338646
0.56046	0.268497
0.56047	0.445239
0.56048	0.608476
0.56049	0.684094
0.5605	0.693793
0.56051	0.642115
0.56052	0.509087
0.56053	0.312066
0.56054	0.284596
0.56055	0.474577
0.56056	0.624501
0.56057	0.689105
0.56058	0.690196
0.56059	0.628303
0.5606	0.481893
0.56061	0.289802
0.56062	0.305851
0.56063	0.501949
0.56064	0.638422
0.56065	0.692747
0.56066	0.685382
0.56067	0.612914
0.56068	0.453621
0.56069	0.272915
0.5607	0.330779
0.56071	0.527125
0.56072	0.650423
0.56073	0.695118
0.56074	0.679366
0.56075	0.595951
0.56076	0.424768
0.56077	0.262178
0.56078	0.357961
0.56079	0.550027
0.5608	0.660677
0.56081	0.696302
0.56082	0.672157
0.56083	0.577432
0.56084	0.395955
0.56085	0.257968
0.56086	0.386162
0.56087	0.570681
0.56088	0.66934
0.56089	0.696366
0.5609	0.663754
0.56091	0.557408
0.56092	0.367924
0.56093	0.260226
0.56094	0.414384
0.56095	0.589176
0.56096	0.676556
0.56097	0.695367
0.56098	0.654159
0.56099	0.535967
0.561	0.341503
0.56101	0.268487
0.56102	0.441883
0.56103	0.605637
0.56104	0.682449
0.56105	0.69335
0.56106	0.64337
0.56107	0.513244
0.56108	0.317559
0.56109	0.281962
0.5611	0.468137
0.56111	0.620209
0.56112	0.687129
0.56113	0.690352
0.56114	0.631387
0.56115	0.489432
0.56116	0.296931
0.56117	0.29966
0.56118	0.492816
0.56119	0.633039
0.5612	0.690692
0.56121	0.686404
0.56122	0.618215
0.56123	0.464788
0.56124	0.280356
0.56125	0.320513
0.56126	0.515737
0.56127	0.644272
0.56128	0.693222
0.56129	0.681528
0.5613	0.60387
0.56131	0.43964
0.56132	0.268396
0.56133	0.343483
0.56134	0.536826
0.56135	0.654046
0.56136	0.694791
0.56137	0.675744
0.56138	0.588376
0.56139	0.414384
0.5614	0.26138
0.56141	0.367638
0.56142	0.556085
0.56143	0.662488
0.56144	0.695461
0.56145	0.669068
0.56146	0.571774
0.56147	0.389482
0.56148	0.259378
0.56149	0.392194
0.5615	0.573568
0.56151	0.669713
0.56152	0.695287
0.56153	0.661514
0.56154	0.554126
0.56155	0.365444
0.56156	0.262203
0.56157	0.416528
0.56158	0.58936
0.56159	0.675828
0.5616	0.694314
0.56161	0.653096
0.56162	0.535515
0.56163	0.342813
0.56164	0.269443
0.56165	0.440176
0.56166	0.603562
0.56167	0.680925
0.56168	0.692584
0.56169	0.643828
0.5617	0.51605
0.56171	0.322129
0.56172	0.280524
0.56173	0.462808
0.56174	0.616285
0.56175	0.685089
0.56176	0.690133
0.56177	0.633727
0.56178	0.495874
0.56179	0.303902
0.5618	0.294767
0.56181	0.484211
0.56182	0.627642
0.56183	0.688395
0.56184	0.686991
0.56185	0.622811
0.56186	0.475156
0.56187	0.288573
0.56188	0.31146
0.56189	0.504261
0.5619	0.637739
0.56191	0.69091
0.56192	0.683188
0.56193	0.611107
0.56194	0.454101
0.56195	0.276483
0.56196	0.32991
0.56197	0.522903
0.56198	0.646682
0.56199	0.692692
0.562	0.678748
0.56201	0.598644
0.56202	0.432942
0.56203	0.26785
0.56204	0.349483
0.56205	0.540132
0.56206	0.654566
0.56207	0.693796
0.56208	0.673696
0.56209	0.585461
0.5621	0.41194
0.56211	0.262756
0.56212	0.369626
0.56213	0.555978
0.56214	0.661481
0.56215	0.694268
0.56216	0.668056
0.56217	0.571604
0.56218	0.391375
0.56219	0.261147
0.5622	0.389883
0.56221	0.570495
0.56222	0.667509
0.56223	0.694153
0.56224	0.661848
0.56225	0.55713
0.56226	0.37154
0.56227	0.262843
0.56228	0.409886
0.56229	0.583749
0.5623	0.672726
0.56231	0.693488
0.56232	0.655098
0.56233	0.542105
0.56234	0.352728
0.56235	0.267561
0.56236	0.42936
0.56237	0.595816
0.56238	0.677199
0.56239	0.69231
0.5624	0.647828
0.56241	0.526607
0.56242	0.335221
0.56243	0.274944
0.56244	0.448102
0.56245	0.606775
0.56246	0.680991
0.56247	0.690651
0.56248	0.640063
0.56249	0.510725
0.5625	0.319278
0.56251	0.284588
0.56252	0.465973
0.56253	0.616705
0.56254	0.684158
0.56255	0.688543
0.56256	0.631829
0.56257	0.494558
0.56258	0.305122
0.56259	0.296074
0.5626	0.482888
0.56261	0.625682
0.56262	0.686752
0.56263	0.686013
0.56264	0.623157
0.56265	0.478215
0.56266	0.292929
0.56267	0.308987
0.56268	0.498801
0.56269	0.63378
0.5627	0.68882
0.56271	0.683091
0.56272	0.614075
0.56273	0.461813
0.56274	0.282821
0.56275	0.322937
0.56276	0.513698
0.56277	0.641069
0.56278	0.690405
0.56279	0.679801
0.5628	0.60462
0.56281	0.445475
0.56282	0.274864
0.56283	0.337574
0.56284	0.527587
0.56285	0.647614
0.56286	0.691545
0.56287	0.67617
0.56288	0.594825
0.56289	0.429331
0.5629	0.269062
0.56291	0.352588
0.56292	0.540493
0.56293	0.653475
0.56294	0.692279
0.56295	0.672223
0.56296	0.584733
0.56297	0.413508
0.56298	0.265368
0.56299	0.367719
0.563	0.552453
0.56301	0.65871
0.56302	0.69264
0.56303	0.667986
0.56304	0.574383
0.56305	0.398134
0.56306	0.263681
0.56307	0.382752
0.56308	0.563509
0.56309	0.663369
0.5631	0.692659
0.56311	0.663482
0.56312	0.563821
0.56313	0.383329
0.56314	0.263862
0.56315	0.397515
0.56316	0.573711
0.56317	0.667503
0.56318	0.692365
0.56319	0.658738
0.5632	0.553094
0.56321	0.369206
0.56322	0.265741
0.56323	0.411874
0.56324	0.583107
0.56325	0.671154
0.56326	0.691787
0.56327	0.653778
0.56328	0.542251
0.56329	0.355866
0.5633	0.269124
0.56331	0.425731
0.56332	0.591748
0.56333	0.674363
0.56334	0.690952
0.56335	0.648628
0.56336	0.531343
0.56337	0.343396
0.56338	0.27381
0.56339	0.439013
0.5634	0.599684
0.56341	0.67717
0.56342	0.689884
0.56343	0.643314
0.56344	0.520422
0.56345	0.331864
0.56346	0.27959
0.56347	0.451672
0.56348	0.606963
0.56349	0.679608
0.5635	0.688606
0.56351	0.637863
0.56352	0.509538
0.56353	0.321322
0.56354	0.286262
0.56355	0.463681
0.56356	0.613631
0.56357	0.68171
0.56358	0.687144
0.56359	0.632301
0.5636	0.498745
0.56361	0.311802
0.56362	0.293635
0.56363	0.475026
0.56364	0.619732
0.56365	0.683506
0.56366	0.685517
0.56367	0.626655
0.56368	0.488093
0.56369	0.303318
0.5637	0.301529
0.56371	0.485704
0.56372	0.625308
0.56373	0.685025
0.56374	0.683749
0.56375	0.620952
0.56376	0.477631
0.56377	0.295866
0.56378	0.309783
0.56379	0.495722
0.5638	0.630396
0.56381	0.686291
0.56382	0.68186
0.56383	0.615219
0.56384	0.467406
0.56385	0.289423
0.56386	0.31825
0.56387	0.505095
0.56388	0.635034
0.56389	0.68733
0.5639	0.679869
0.56391	0.609484
0.56392	0.457462
0.56393	0.283954
0.56394	0.326806
0.56395	0.513842
0.56396	0.639256
0.56397	0.688164
0.56398	0.677797
0.56399	0.603773
0.564	0.447839
0.56401	0.279409
0.56402	0.335341
0.56403	0.521983
0.56404	0.643092
0.56405	0.688815
0.56406	0.675663
0.56407	0.598114
0.56408	0.438573
0.56409	0.275729
0.5641	0.343763
0.56411	0.529542
0.56412	0.646572
0.56413	0.689301
0.56414	0.673486
0.56415	0.592532
0.56416	0.429697
0.56417	0.272846
0.56418	0.351994
0.56419	0.536545
0.5642	0.649723
0.56421	0.689643
0.56422	0.671282
0.56423	0.587054
0.56424	0.421237
0.56425	0.270686
0.56426	0.359971
0.56427	0.543017
0.56428	0.65257
0.56429	0.689856
0.5643	0.669071
0.56431	0.581704
0.56432	0.413217
0.56433	0.269172
0.56434	0.367643
0.56435	0.548982
0.56436	0.655137
0.56437	0.689958
0.56438	0.666868
0.56439	0.576507
0.5644	0.405654
0.56441	0.268228
0.56442	0.374968
0.56443	0.554465
0.56444	0.657444
0.56445	0.689964
0.56446	0.66469
0.56447	0.571484
0.56448	0.398562
0.56449	0.267774
0.5645	0.381916
0.56451	0.55949
0.56452	0.659511
0.56453	0.689889
0.56454	0.662552
0.56455	0.56666
0.56456	0.39195
0.56457	0.267736
0.56458	0.388461
0.56459	0.564079
0.5646	0.661356
0.56461	0.689745
0.56462	0.66047
0.56463	0.562053
0.56464	0.385822
0.56465	0.26804
0.56466	0.394586
0.56467	0.568254
0.56468	0.662996
0.56469	0.689545
0.5647	0.658457
0.56471	0.557684
0.56472	0.380182
0.56473	0.268618
0.56474	0.400277
0.56475	0.572033
0.56476	0.664445
0.56477	0.689301
0.56478	0.656527
0.56479	0.55357
0.5648	0.375026
0.56481	0.269406
0.56482	0.405528
0.56483	0.575437
0.56484	0.665717
0.56485	0.689023
0.56486	0.654693
0.56487	0.549728
0.56488	0.370351
0.56489	0.270345
0.5649	0.410331
0.56491	0.578481
0.56492	0.666825
0.56493	0.688722
0.56494	0.652965
0.56495	0.546173
0.56496	0.366149
0.56497	0.271382
0.56498	0.414685
0.56499	0.581181
0.565	0.66778
0.56501	0.688405
0.56502	0.651356
0.56503	0.542918
0.56504	0.362414
0.56505	0.272468
0.56506	0.418589
0.56507	0.583551
0.56508	0.668592
0.56509	0.688083
0.5651	0.649875
0.56511	0.539975
0.56512	0.359135
0.56513	0.273561
0.56514	0.422044
0.56515	0.585604
0.56516	0.669269
0.56517	0.68776
0.56518	0.64853
0.56519	0.537355
0.5652	0.356304
0.56521	0.274624
0.56522	0.425052
0.56523	0.587351
0.56524	0.66982
0.56525	0.687445
0.56526	0.647329
0.56527	0.535066
0.56528	0.35391
0.56529	0.275626
0.5653	0.427614
0.56531	0.588801
0.56532	0.67025
0.56533	0.687143
0.56534	0.64628
0.56535	0.533116
0.56536	0.351944
0.56537	0.276538
0.56538	0.429735
0.56539	0.589963
0.5654	0.670567
0.56541	0.686857
0.56542	0.645388
0.56543	0.531511
0.56544	0.350397
0.56545	0.277341
0.56546	0.431416
0.56547	0.590843
0.56548	0.670774
0.56549	0.686593
0.5655	0.644658
0.56551	0.530256
0.56552	0.34926
0.56553	0.278017
0.56554	0.432661
0.56555	0.591448
0.56556	0.670875
0.56557	0.686354
0.56558	0.644093
0.56559	0.529353
0.5656	0.348528
0.56561	0.278553
0.56562	0.433472
0.56563	0.591781
0.56564	0.670872
0.56565	0.68614
0.56566	0.643696
0.56567	0.528806
0.56568	0.348195
0.56569	0.278943
0.5657	0.433852
0.56571	0.591846
0.56572	0.670768
0.56573	0.685954
0.56574	0.643468
0.56575	0.528613
0.56576	0.348257
0.56577	0.279181
0.56578	0.433802
0.56579	0.591643
0.5658	0.670563
0.56581	0.685796
0.56582	0.643409
0.56583	0.528776
0.56584	0.348711
0.56585	0.279271
0.56586	0.433325
0.56587	0.591173
0.56588	0.670256
0.56589	0.685666
0.5659	0.643518
0.56591	0.529291
0.56592	0.349558
0.56593	0.279215
0.56594	0.432422
0.56595	0.590435
0.56596	0.669847
0.56597	0.685562
0.56598	0.643794
0.56599	0.530156
0.566	0.350797
0.56601	0.279024
0.56602	0.431094
0.56603	0.589427
0.56604	0.669334
0.56605	0.685483
0.56606	0.644233
0.56607	0.531366
0.56608	0.352432
0.56609	0.278712
0.5661	0.429342
0.56611	0.588144
0.56612	0.668713
0.56613	0.685424
0.56614	0.644831
0.56615	0.532916
0.56616	0.354466
0.56617	0.278296
0.56618	0.427166
0.56619	0.586583
0.5662	0.66798
0.56621	0.685383
0.56622	0.645583
0.56623	0.534798
0.56624	0.356903
0.56625	0.277797
0.56626	0.424568
0.56627	0.584737
0.56628	0.66713
0.56629	0.685354
0.5663	0.646483
0.56631	0.537004
0.56632	0.359749
0.56633	0.277244
0.56634	0.421548
0.56635	0.582598
0.56636	0.666157
0.56637	0.685333
0.56638	0.647522
0.56639	0.539526
0.5664	0.363009
0.56641	0.276667
0.56642	0.418109
0.56643	0.580157
0.56644	0.665055
0.56645	0.685312
0.56646	0.648694
0.56647	0.542351
0.56648	0.366689
0.56649	0.276102
0.5665	0.414253
0.56651	0.577406
0.56652	0.663814
0.56653	0.685286
0.56654	0.649988
0.56655	0.545468
0.56656	0.370795
0.56657	0.275588
0.56658	0.409985
0.56659	0.574332
0.5666	0.662426
0.56661	0.685244
0.56662	0.651396
0.56663	0.548864
0.56664	0.375331
0.56665	0.275171
0.56666	0.405309
0.56667	0.570923
0.56668	0.660881
0.56669	0.68518
0.5667	0.652904
0.56671	0.552525
0.56672	0.380301
0.56673	0.2749
0.56674	0.400233
0.56675	0.567166
0.56676	0.659167
0.56677	0.685083
0.56678	0.654503
0.56679	0.556433
0.5668	0.385707
0.56681	0.274828
0.56682	0.394769
0.56683	0.563045
0.56684	0.657271
0.56685	0.684942
0.56686	0.656179
0.56687	0.560572
0.56688	0.391548
0.56689	0.275013
0.5669	0.38893
0.56691	0.558545
0.56692	0.65518
0.56693	0.684747
0.56694	0.657919
0.56695	0.564924
0.56696	0.397821
0.56697	0.275514
0.56698	0.382734
0.56699	0.553649
0.567	0.652879
0.56701	0.684485
0.56702	0.659709
0.56703	0.56947
0.56704	0.404521
0.56705	0.276396
0.56706	0.376205
0.56707	0.54834
0.56708	0.650352
0.56709	0.684144
0.5671	0.661534
0.56711	0.574188
0.56712	0.41164
0.56713	0.277723
0.56714	0.369372
0.56715	0.542599
0.56716	0.647581
0.56717	0.683709
0.56718	0.66338
0.56719	0.579058
0.5672	0.419164
0.56721	0.279562
0.56722	0.362271
0.56723	0.536407
0.56724	0.644546
0.56725	0.683166
0.56726	0.665229
0.56727	0.584056
0.56728	0.427078
0.56729	0.281979
0.5673	0.354948
0.56731	0.529745
0.56732	0.641227
0.56733	0.682499
0.56734	0.667066
0.56735	0.589161
0.56736	0.435361
0.56737	0.285036
0.56738	0.347457
0.56739	0.522595
0.5674	0.637602
0.56741	0.681691
0.56742	0.668873
0.56743	0.594348
0.56744	0.44399
0.56745	0.288795
0.56746	0.339861
0.56747	0.51494
0.56748	0.633647
0.56749	0.680724
0.5675	0.670634
0.56751	0.599592
0.56752	0.452937
0.56753	0.29331
0.56754	0.332237
0.56755	0.506762
0.56756	0.629337
0.56757	0.67958
0.56758	0.672329
0.56759	0.60487
0.5676	0.462171
0.56761	0.29863
0.56762	0.324674
0.56763	0.498048
0.56764	0.624644
0.56765	0.678238
0.56766	0.673941
0.56767	0.610155
0.56768	0.471657
0.56769	0.304794
0.5677	0.317272
0.56771	0.488786
0.56772	0.61954
0.56773	0.676677
0.56774	0.675451
0.56775	0.615423
0.56776	0.481358
0.56777	0.311829
0.56778	0.310148
0.56779	0.478971
0.5678	0.613994
0.56781	0.674874
0.56782	0.676839
0.56783	0.620649
0.56784	0.491233
0.56785	0.319753
0.56786	0.303429
0.56787	0.468602
0.56788	0.607973
0.56789	0.672805
0.5679	0.678084
0.56791	0.625806
0.56792	0.501241
0.56793	0.328566
0.56794	0.297256
0.56795	0.457686
0.56796	0.601443
0.56797	0.670444
0.56798	0.679166
0.56799	0.63087
0.568	0.511336
0.56801	0.338258
0.56802	0.29178
0.56803	0.44624
0.56804	0.594369
0.56805	0.667764
0.56806	0.680064
0.56807	0.635816
0.56808	0.521474
0.56809	0.3488
0.5681	0.287161
0.56811	0.434295
0.56812	0.586715
0.56813	0.664734
0.56814	0.680755
0.56815	0.640618
0.56816	0.53161
0.56817	0.360151
0.56818	0.283564
0.56819	0.421894
0.5682	0.578442
0.56821	0.661324
0.56822	0.681216
0.56823	0.645253
0.56824	0.541697
0.56825	0.372254
0.56826	0.281152
0.56827	0.409101
0.56828	0.569514
0.56829	0.657498
0.5683	0.681423
0.56831	0.649695
0.56832	0.551691
0.56833	0.385037
0.56834	0.280083
0.56835	0.396001
0.56836	0.559893
0.56837	0.653222
0.56838	0.681351
0.56839	0.653921
0.5684	0.561548
0.56841	0.398421
0.56842	0.280503
0.56843	0.382701
0.56844	0.549544
0.56845	0.648455
0.56846	0.680974
0.56847	0.657907
0.56848	0.571224
0.56849	0.412311
0.5685	0.282539
0.56851	0.369341
0.56852	0.538435
0.56853	0.643158
0.56854	0.680262
0.56855	0.661628
0.56856	0.58068
0.56857	0.426609
0.56858	0.286291
0.56859	0.356088
0.5686	0.526539
0.56861	0.637285
0.56862	0.679187
0.56863	0.665061
0.56864	0.589875
0.56865	0.441211
0.56866	0.291826
0.56867	0.343144
0.56868	0.513837
0.56869	0.630789
0.5687	0.677716
0.56871	0.668181
0.56872	0.598773
0.56873	0.456007
0.56874	0.299172
0.56875	0.330741
0.56876	0.500321
0.56877	0.62362
0.56878	0.675816
0.56879	0.670965
0.5688	0.607339
0.56881	0.470892
0.56882	0.308317
0.56883	0.319146
0.56884	0.485996
0.56885	0.615727
0.56886	0.67345
0.56887	0.673388
0.56888	0.615541
0.56889	0.48576
0.5689	0.319202
0.56891	0.308651
0.56892	0.470889
0.56893	0.607055
0.56894	0.670579
0.56895	0.675423
0.56896	0.623347
0.56897	0.500509
0.56898	0.331728
0.56899	0.299566
0.569	0.45505
0.56901	0.597547
0.56902	0.667161
0.56903	0.677044
0.56904	0.63073
0.56905	0.515044
0.56906	0.345754
0.56907	0.292209
0.56908	0.438562
0.56909	0.587147
0.5691	0.66315
0.56911	0.678223
0.56912	0.637663
0.56913	0.529276
0.56914	0.361103
0.56915	0.286894
0.56916	0.421546
0.56917	0.575799
0.56918	0.658497
0.56919	0.678931
0.5692	0.644121
0.56921	0.543124
0.56922	0.377575
0.56923	0.283907
0.56924	0.404171
0.56925	0.563452
0.56926	0.653147
0.56927	0.679135
0.56928	0.650079
0.56929	0.556516
0.5693	0.394945
0.56931	0.283492
0.56932	0.386658
0.56933	0.550057
0.56934	0.647044
0.56935	0.678802
0.56936	0.655514
0.56937	0.569388
0.56938	0.412983
0.56939	0.28583
0.5694	0.369289
0.56941	0.53558
0.56942	0.640125
0.56943	0.677895
0.56944	0.660403
0.56945	0.581684
0.56946	0.431454
0.56947	0.291022
0.56948	0.352406
0.56949	0.519999
0.5695	0.632324
0.56951	0.676374
0.56952	0.664724
0.56953	0.593355
0.56954	0.450129
0.56955	0.299077
0.56956	0.336417
0.56957	0.503315
0.56958	0.62357
0.56959	0.674195
0.5696	0.668452
0.56961	0.604362
0.56962	0.468794
0.56963	0.30991
0.56964	0.32178
0.56965	0.48556
0.56966	0.613791
0.56967	0.671308
0.56968	0.671564
0.56969	0.61467
0.5697	0.487251
0.56971	0.323337
0.56972	0.308996
0.56973	0.466807
0.56974	0.602909
0.56975	0.667662
0.56976	0.674032
0.56977	0.62425
0.56978	0.505322
0.56979	0.339092
0.5698	0.298582
0.56981	0.447182
0.56982	0.59085
0.56983	0.663197
0.56984	0.675828
0.56985	0.633077
0.56986	0.522855
0.56987	0.35684
0.56988	0.291037
0.56989	0.426879
0.5699	0.57754
0.56991	0.65785
0.56992	0.67692
0.56993	0.64113
0.56994	0.539719
0.56995	0.376195
0.56996	0.286807
0.56997	0.406171
0.56998	0.562912
0.56999	0.651548
0.57	0.677273
0.57001	0.64839
0.57002	0.555807
0.57003	0.39675
0.57004	0.286243
0.57005	0.385427
0.57006	0.546914
0.57007	0.644216
0.57008	0.676848
0.57009	0.65484
0.5701	0.571031
0.57011	0.418092
0.57012	0.289563
0.57013	0.365114
0.57014	0.529514
0.57015	0.63577
0.57016	0.6756
0.57017	0.660462
0.57018	0.585324
0.57019	0.439823
0.5702	0.296822
0.57021	0.345802
0.57022	0.510712
0.57023	0.626121
0.57024	0.673479
0.57025	0.665238
0.57026	0.598635
0.57027	0.461578
0.57028	0.307903
0.57029	0.328153
0.5703	0.490556
0.57031	0.615174
0.57032	0.670427
0.57033	0.669147
0.57034	0.610926
0.57035	0.483034
0.57036	0.322518
0.57037	0.312889
0.57038	0.469156
0.57039	0.602834
0.5704	0.66638
0.57041	0.672167
0.57042	0.622171
0.57043	0.503913
0.57044	0.340232
0.57045	0.300755
0.57046	0.44671
0.57047	0.589005
0.57048	0.661265
0.57049	0.674269
0.5705	0.632351
0.57051	0.523987
0.57052	0.360502
0.57053	0.292454
0.57054	0.423521
0.57055	0.5736
0.57056	0.655002
0.57057	0.675422
0.57058	0.641452
0.57059	0.543075
0.5706	0.382716
0.57061	0.288575
0.57062	0.400021
0.57063	0.556545
0.57064	0.647499
0.57065	0.675587
0.57066	0.649466
0.57067	0.56104
0.57068	0.406246
0.57069	0.289524
0.5707	0.376789
0.57071	0.537791
0.57072	0.638658
0.57073	0.674717
0.57074	0.656382
0.57075	0.577781
0.57076	0.430482
0.57077	0.295467
0.57078	0.354553
0.57079	0.517335
0.5708	0.628371
0.57081	0.672759
0.57082	0.662192
0.57083	0.593229
0.57084	0.454869
0.57085	0.306296
0.57086	0.334182
0.57087	0.495233
0.57088	0.616524
0.57089	0.669648
0.5709	0.666883
0.57091	0.60734
0.57092	0.478923
0.57093	0.321633
0.57094	0.316642
0.57095	0.471635
0.57096	0.603
0.57097	0.66531
0.57098	0.670436
0.57099	0.620089
0.571	0.502243
0.57101	0.340871
0.57102	0.302925
0.57103	0.446807
0.57104	0.587686
0.57105	0.65966
0.57106	0.672829
0.57107	0.631466
0.57108	0.524513
0.57109	0.363238
0.5711	0.293956
0.57111	0.421173
0.57112	0.570479
0.57113	0.652599
0.57114	0.674029
0.57115	0.641466
0.57116	0.545495
0.57117	0.387875
0.57118	0.290473
0.57119	0.395342
0.5712	0.5513
0.57121	0.644017
0.57122	0.673995
0.57123	0.650092
0.57124	0.56502
0.57125	0.413917
0.57126	0.292921
0.57127	0.370127
0.57128	0.530117
0.57129	0.633792
0.5713	0.672675
0.57131	0.657345
0.57132	0.582974
0.57133	0.440551
0.57134	0.30137
0.57135	0.346547
0.57136	0.506965
0.57137	0.621794
0.57138	0.670005
0.57139	0.663224
0.5714	0.599293
0.57141	0.467067
0.57142	0.315497
0.57143	0.325785
0.57144	0.481986
0.57145	0.607885
0.57146	0.665904
0.57147	0.667721
0.57148	0.613944
0.57149	0.492878
0.5715	0.334617
0.57151	0.309103
0.57152	0.455466
0.57153	0.591929
0.57154	0.660281
0.57155	0.670821
0.57156	0.626916
0.57157	0.517527
0.57158	0.357774
0.57159	0.297713
0.5716	0.427887
0.57161	0.573803
0.57162	0.653025
0.57163	0.672498
0.57164	0.638217
0.57165	0.540676
0.57166	0.383866
0.57167	0.292603
0.57168	0.399968
0.57169	0.553415
0.5717	0.644011
0.57171	0.672713
0.57172	0.647858
0.57173	0.562097
0.57174	0.411761
0.57175	0.294385
0.57176	0.372698
0.57177	0.530729
0.57178	0.633098
0.57179	0.671413
0.5718	0.655854
0.57181	0.581644
0.57182	0.440405
0.57183	0.303165
0.57184	0.347331
0.57185	0.505799
0.57186	0.620135
0.57187	0.668526
0.57188	0.662215
0.57189	0.59924
0.5719	0.468886
0.57191	0.318514
0.57192	0.325333
0.57193	0.478822
0.57194	0.604962
0.57195	0.663964
0.57196	0.666942
0.57197	0.614856
0.57198	0.496471
0.57199	0.339527
0.572	0.308252
0.57201	0.45019
0.57202	0.587427
0.57203	0.657619
0.57204	0.670025
0.57205	0.628492
0.57206	0.522608
0.57207	0.364962
0.57208	0.297521
0.57209	0.420559
0.5721	0.567397
0.57211	0.64936
0.57212	0.671438
0.57213	0.64017
0.57214	0.546912
0.57215	0.393418
0.57216	0.294231
0.57217	0.390903
0.57218	0.54479
0.57219	0.639041
0.5722	0.671139
0.57221	0.649915
0.57222	0.569135
0.57223	0.42351
0.57224	0.29891
0.57225	0.362539
0.57226	0.519612
0.57227	0.626493
0.57228	0.669064
0.57229	0.657755
0.5723	0.58914
0.57231	0.453996
0.57232	0.311404
0.57233	0.337098
0.57234	0.49201
0.57235	0.611541
0.57236	0.665127
0.57237	0.663706
0.57238	0.606867
0.57239	0.483854
0.5724	0.330886
0.57241	0.316405
0.57242	0.462345
0.57243	0.594006
0.57244	0.659217
0.57245	0.667774
0.57246	0.62231
0.57247	0.512307
0.57248	0.356005
0.57249	0.302251
0.5725	0.431273
0.57251	0.573731
0.57252	0.6512
0.57253	0.669946
0.57254	0.635494
0.57255	0.53881
0.57256	0.385113
0.57257	0.296099
0.57258	0.399819
0.57259	0.550605
0.5726	0.640916
0.57261	0.670185
0.57262	0.646459
0.57263	0.563016
0.57264	0.416515
0.57265	0.298783
0.57266	0.369432
0.57267	0.524615
0.57268	0.628181
0.57269	0.668433
0.5727	0.655247
0.57271	0.58473
0.57272	0.448665
0.57273	0.310302
0.57274	0.341957
0.57275	0.495909
0.57276	0.6128
0.57277	0.664602
0.57278	0.661889
0.57279	0.60387
0.5728	0.480283
0.57281	0.329801
0.57282	0.319506
0.57283	0.464882
0.57284	0.594574
0.57285	0.658574
0.57286	0.666404
0.57287	0.620427
0.57288	0.510406
0.57289	0.355738
0.5729	0.304178
0.57291	0.432279
0.57292	0.573326
0.57293	0.650202
0.57294	0.668784
0.57295	0.634436
0.57296	0.538369
0.57297	0.386182
0.57298	0.297686
0.57299	0.399291
0.573	0.548941
0.57301	0.639308
0.57302	0.668999
0.57303	0.64595
0.57304	0.563757
0.57305	0.419138
0.57306	0.30097
0.57307	0.367617
0.57308	0.521423
0.57309	0.625689
0.5731	0.666985
0.57311	0.655027
0.57312	0.586353
0.57313	0.452805
0.57314	0.313943
0.57315	0.339423
0.57316	0.490981
0.57317	0.609126
0.57318	0.662644
0.57319	0.66171
0.5732	0.606073
0.57321	0.485726
0.57322	0.335491
0.57323	0.317152
0.57324	0.458139
0.57325	0.589403
0.57326	0.655845
0.57327	0.666024
0.57328	0.622923
0.57329	0.516834
0.5733	0.363719
0.57331	0.303152
0.57332	0.423861
0.57333	0.56634
0.57334	0.646418
0.57335	0.667962
0.57336	0.636955
0.57337	0.545423
0.57338	0.396345
0.57339	0.299189
0.5734	0.389666
0.57341	0.539847
0.57342	0.634158
0.57343	0.667488
0.57344	0.64824
0.57345	0.571083
0.57346	0.431105
0.57347	0.305993
0.57348	0.357673
0.57349	0.510007
0.5735	0.618836
0.57351	0.664524
0.57352	0.656848
0.57353	0.593619
0.57354	0.466042
0.57355	0.323036
0.57356	0.330489
0.57357	0.477187
0.57358	0.60021
0.57359	0.658953
0.5736	0.662829
0.57361	0.612984
0.57362	0.49965
0.57363	0.348646
0.57364	0.310889
0.57365	0.442189
0.57366	0.578057
0.57367	0.650611
0.57368	0.666204
0.57369	0.629214
0.5737	0.530888
0.57371	0.380409
0.57372	0.301284
0.57373	0.406396
0.57374	0.552227
0.57375	0.639298
0.57376	0.666957
0.57377	0.642388
0.57378	0.559119
0.57379	0.415689
0.5738	0.30312
0.57381	0.371876
0.57382	0.52272
0.57383	0.624772
0.57384	0.66503
0.57385	0.652595
0.57386	0.584014
0.57387	0.452069
0.57388	0.316441
0.57389	0.341346
0.5739	0.489808
0.57391	0.606775
0.57392	0.660317
0.57393	0.659908
0.57394	0.605457
0.57395	0.487614
0.57396	0.339847
0.57397	0.317895
0.57398	0.454197
0.57399	0.585054
0.574	0.652663
0.57401	0.664372
0.57402	0.623462
0.57403	0.520946
0.57404	0.370863
0.57405	0.304428
0.57406	0.417208
0.57407	0.559417
0.57408	0.641861
0.57409	0.665991
0.5741	0.638111
0.57411	0.551202
0.57412	0.406546
0.57413	0.302946
0.57414	0.380924
0.57415	0.529817
0.57416	0.627665
0.57417	0.664721
0.57418	0.649508
0.57419	0.577918
0.5742	0.444073
0.57421	0.313933
0.57422	0.348203
0.57423	0.496482
0.57424	0.609795
0.57425	0.660464
0.57426	0.657748
0.57427	0.600915
0.57428	0.481127
0.57429	0.336172
0.5743	0.32242
0.57431	0.460097
0.57432	0.587977
0.57433	0.653065
0.57434	0.662894
0.57435	0.620184
0.57436	0.516037
0.57437	0.367087
0.57438	0.306874
0.57439	0.422013
0.5744	0.561993
0.57441	0.642311
0.57442	0.664964
0.57443	0.635812
0.57444	0.547748
0.57445	0.40344
0.57446	0.303948
0.57447	0.38443
0.57448	0.531779
0.57449	0.62794
0.5745	0.663924
0.57451	0.647917
0.57452	0.575693
0.57453	0.442055
0.57454	0.314352
0.57455	0.350435
0.57456	0.497571
0.57457	0.609655
0.57458	0.659676
0.57459	0.656611
0.5746	0.599647
0.57461	0.480302
0.57462	0.336853
0.57463	0.323721
0.57464	0.460116
0.57465	0.587162
0.57466	0.652057
0.57467	0.661972
0.57468	0.619597
0.57469	0.516298
0.5747	0.368642
0.57471	0.307908
0.57472	0.420907
0.57473	0.560234
0.57474	0.640842
0.57475	0.664027
0.57476	0.635639
0.57477	0.548868
0.57478	0.40615
0.57479	0.305564
0.5748	0.3824
0.57481	0.528824
0.57482	0.625746
0.57483	0.662739
0.57484	0.647907
0.57485	0.577397
0.57486	0.445894
0.57487	0.317342
0.57488	0.348033
0.57489	0.49324
0.5749	0.606453
0.57491	0.658004
0.57492	0.656528
0.57493	0.601656
0.57494	0.485039
0.57495	0.341705
0.57496	0.32187
0.57497	0.45439
0.57498	0.582655
0.57499	0.649641
0.575	0.661587
0.57501	0.621647
0.57502	0.521601
0.57503	0.375427
0.57504	0.307755
0.57505	0.414059
0.57506	0.554135
0.57507	0.6374
0.57508	0.663108
0.57509	0.637487
0.5751	0.554384
0.57511	0.414565
0.57512	0.308174
0.57513	0.375128
0.57514	0.520913
0.57515	0.62097
0.57516	0.661046
0.57517	0.649328
0.57518	0.582801
0.57519	0.455411
0.5752	0.32335
0.57521	0.341528
0.57522	0.483457
0.57523	0.600012
0.57524	0.655274
0.57525	0.657304
0.57526	0.606665
0.57527	0.49506
0.57528	0.351112
0.57529	0.317704
0.5753	0.442981
0.57531	0.574217
0.57532	0.645581
0.57533	0.661499
0.57534	0.626017
0.57535	0.531572
0.57536	0.387641
0.57537	0.30753
0.57538	0.401752
0.57539	0.543419
0.5754	0.631683
0.57541	0.661924
0.57542	0.641005
0.57543	0.563848
0.57544	0.428638
0.57545	0.313012
0.57546	0.363279
0.57547	0.507779
0.57548	0.613236
0.57549	0.658507
0.5755	0.651796
0.57551	0.591402
0.57552	0.47031
0.57553	0.333489
0.57554	0.33209
0.57555	0.468065
0.57556	0.589884
0.57557	0.651084
0.57558	0.658524
0.57559	0.614135
0.5756	0.509868
0.57561	0.365838
0.57562	0.312901
0.57563	0.426001
0.57564	0.561347
0.57565	0.639404
0.57566	0.661256
0.57567	0.632147
0.57568	0.545575
0.57569	0.405582
0.5757	0.309218
0.57571	0.384584
0.57572	0.527579
0.57573	0.623134
0.57574	0.659973
0.57575	0.645617
0.57576	0.576539
0.57577	0.448205
0.57578	0.322004
0.57579	0.348138
0.5758	0.489018
0.57581	0.6019
0.57582	0.654559
0.57583	0.654718
0.57584	0.602442
0.57585	0.49006
0.57586	0.349235
0.57587	0.321771
0.57588	0.446947
0.57589	0.575353
0.5759	0.644799
0.57591	0.659567
0.57592	0.623295
0.57593	0.528685
0.57594	0.386672
0.57595	0.310086
0.57596	0.403887
0.57597	0.543305
0.57598	0.63038
0.57599	0.660196
0.576	0.639263
0.57601	0.562695
0.57602	0.429324
0.57603	0.315543
0.57604	0.363838
0.57605	0.505963
0.57606	0.610926
0.57607	0.656537
0.57608	0.650545
0.57609	0.591485
0.5761	0.472759
0.57611	0.337388
0.57612	0.332015
0.57613	0.464272
0.57614	0.586045
0.57615	0.648408
0.57616	0.657301
0.57617	0.614936
0.57618	0.513765
0.57619	0.371929
0.5762	0.313757
0.57621	0.420355
0.57622	0.555458
0.57623	0.635524
0.57624	0.659611
0.57625	0.633172
0.57626	0.550407
0.57627	0.413956
0.57628	0.312765
0.57629	0.377885
0.5763	0.519205
0.57631	0.617508
0.57632	0.657447
0.57633	0.646406
0.57634	0.581745
0.57635	0.458379
0.57636	0.329533
0.57637	0.342043
0.57638	0.477985
0.57639	0.593948
0.5764	0.650664
0.57641	0.654832
0.57642	0.607494
0.57643	0.501264
0.57644	0.361072
0.57645	0.318646
0.57646	0.433619
0.57647	0.5645
0.57648	0.638999
0.57649	0.65857
0.5765	0.627721
0.57651	0.540107
0.57652	0.40215
0.57653	0.312365
0.57654	0.389509
0.57655	0.52909
0.57656	0.622081
0.57657	0.657633
0.57658	0.642636
0.57659	0.573616
0.5766	0.447153
0.57661	0.324792
0.57662	0.35077
0.57663	0.488245
0.57664	0.599483
0.57665	0.651904
0.57666	0.652463
0.57667	0.601319
0.57668	0.491492
0.57669	0.353651
0.5767	0.323545
0.57671	0.443577
0.57672	0.570818
0.57673	0.64114
0.57674	0.657356
0.57675	0.623213
0.57676	0.532122
0.57677	0.393784
0.57678	0.313245
0.57679	0.398305
0.5768	0.535934
0.57681	0.624975
0.57682	0.657358
0.57683	0.639502
0.57684	0.567401
0.57685	0.439165
0.57686	0.322351
0.57687	0.357516
0.57688	0.495251
0.57689	0.602971
0.5769	0.652381
0.57691	0.650428
0.57692	0.596678
0.57693	0.484634
0.57694	0.349186
0.57695	0.327616
0.57696	0.450256
0.57697	0.57471
0.57698	0.642192
0.57699	0.656176
0.577	0.619879
0.57701	0.526666
0.57702	0.388663
0.57703	0.314586
0.57704	0.404091
0.57705	0.539994
0.57706	0.626428
0.57707	0.656813
0.57708	0.637197
0.57709	0.563307
0.5771	0.434408
0.57711	0.321562
0.57712	0.361899
0.57713	0.499183
0.57714	0.604639
0.57715	0.652268
0.57716	0.648892
0.57717	0.593751
0.57718	0.48078
0.57719	0.347268
0.5772	0.330351
0.57721	0.453732
0.57722	0.576386
0.57723	0.642316
0.57724	0.655168
0.57725	0.617866
0.57726	0.523858
0.57727	0.386591
0.57728	0.315874
0.57729	0.406817
0.5773	0.541445
0.57731	0.626588
0.57732	0.656115
0.57733	0.63584
0.57734	0.561449
0.57735	0.432825
0.57736	0.322013
0.57737	0.363751
0.57738	0.500175
0.57739	0.604621
0.5774	0.651666
0.57741	0.647944
0.57742	0.592631
0.57743	0.479942
0.57744	0.347631
0.57745	0.331518
0.57746	0.454082
0.57747	0.575961
0.57748	0.641595
0.57749	0.654402
0.5775	0.617242
0.57751	0.523731
0.57752	0.387427
0.57753	0.316882
0.57754	0.406509
0.57755	0.540384
0.57756	0.625523
0.57757	0.65531
0.57758	0.63547
0.57759	0.561849
0.5776	0.434351
0.57761	0.323541
0.57762	0.363071
0.57763	0.4983
0.57764	0.602967
0.57765	0.650603
0.57766	0.647604
0.57767	0.593324
0.57768	0.482078
0.57769	0.350182
0.5777	0.331126
0.57771	0.451369
0.57772	0.573466
0.57773	0.64004
0.57774	0.653875
0.57775	0.61799
0.57776	0.526239
0.57777	0.391114
0.57778	0.317665
0.57779	0.403245
0.5778	0.536826
0.57781	0.623219
0.57782	0.654379
0.57783	0.636055
0.57784	0.564446
0.57785	0.438924
0.57786	0.326236
0.57787	0.359997
0.57788	0.493573
0.57789	0.599642
0.5779	0.649036
0.57791	0.647819
0.57792	0.595748
0.57793	0.487101
0.57794	0.355001
0.57795	0.329409
0.57796	0.445643
0.57797	0.568847
0.57798	0.637582
0.57799	0.653516
0.578	0.620015
0.57801	0.531262
0.57802	0.397672
0.57803	0.31854
0.57804	0.397166
0.57805	0.53071
0.57806	0.619587
0.57807	0.653229
0.57808	0.637483
0.57809	0.569096
0.5781	0.446479
0.57811	0.330419
0.57812	0.354824
0.57813	0.485961
0.57814	0.594528
0.57815	0.646852
0.57816	0.648465
0.57817	0.599743
0.57818	0.494868
0.57819	0.362311
0.5782	0.326837
0.57821	0.436957
0.57822	0.561969
0.57823	0.634084
0.57824	0.653185
0.57825	0.623145
0.57826	0.538605
0.57827	0.407164
0.57828	0.320074
0.57829	0.388505
0.5783	0.52191
0.57831	0.614455
0.57832	0.651702
0.57833	0.639575
0.57834	0.575573
0.57835	0.456923
0.57836	0.3366
0.57837	0.34804
0.57838	0.475401
0.57839	0.58743
0.5784	0.643868
0.57841	0.649352
0.57842	0.605071
0.57843	0.505172
0.57844	0.372421
0.57845	0.324132
0.57846	0.425415
0.57847	0.552626
0.57848	0.629329
0.57849	0.652679
0.5785	0.627136
0.57851	0.547994
0.57852	0.419649
0.57853	0.323063
0.57854	0.37765
0.57855	0.510253
0.57856	0.607577
0.57857	0.649573
0.57858	0.642083
0.57859	0.583574
0.5786	0.470103
0.57861	0.345415
0.57862	0.340382
0.57863	0.461846
0.57864	0.578073
0.57865	0.639827
0.57866	0.650224
0.57867	0.61142
0.57868	0.517724
0.57869	0.385648
0.5787	0.322286
0.57871	0.411235
0.57872	0.540547
0.57873	0.623027
0.57874	0.651726
0.57875	0.631679
0.57876	0.559073
0.57877	0.435112
0.57878	0.328479
0.57879	0.365228
0.5788	0.495549
0.57881	0.598622
0.57882	0.646544
0.57883	0.644696
0.57884	0.592723
0.57885	0.485762
0.57886	0.357523
0.57887	0.332902
0.57888	0.445329
0.57889	0.566109
0.5789	0.634397
0.57891	0.650763
0.57892	0.618415
0.57893	0.532134
0.57894	0.402211
0.57895	0.322546
0.57896	0.394858
0.57897	0.525425
0.57898	0.614802
0.57899	0.64999
0.579	0.636403
0.57901	0.571403
0.57902	0.453395
0.57903	0.33737
0.57904	0.352216
0.57905	0.477654
0.57906	0.587182
0.57907	0.642247
0.57908	0.647046
0.57909	0.602575
0.5791	0.503512
0.57911	0.373471
0.57912	0.327007
0.57913	0.426065
0.57914	0.551135
0.57915	0.627166
0.57916	0.65059
0.57917	0.625625
0.57918	0.547914
0.57919	0.422127
0.5792	0.32634
0.57921	0.377079
0.57922	0.506959
0.57923	0.604196
0.57924	0.647062
0.57925	0.640888
0.57926	0.584474
0.57927	0.474146
0.57928	0.350696
0.57929	0.340041
0.5793	0.456561
0.57931	0.572777
0.57932	0.636232
0.57933	0.648709
0.57934	0.612633
0.57935	0.522819
0.57936	0.393548
0.57937	0.324436
0.57938	0.404609
0.57939	0.532722
0.5794	0.617633
0.57941	0.649262
0.57942	0.632568
0.57943	0.564478
0.57944	0.445134
0.57945	0.335098
0.57946	0.359213
0.57947	0.484942
0.57948	0.590668
0.57949	0.642463
0.5795	0.644659
0.57951	0.597712
0.57952	0.496802
0.57953	0.369123
0.57954	0.330632
0.57955	0.43256
0.57956	0.554876
0.57957	0.627966
0.57958	0.649203
0.57959	0.622352
0.5796	0.543021
0.57961	0.417643
0.57962	0.327099
0.57963	0.382059
0.57964	0.51049
0.57965	0.605209
0.57966	0.646263
0.57967	0.638721
0.57968	0.581172
0.57969	0.470643
0.5797	0.349983
0.57971	0.343229
0.57972	0.459407
0.57973	0.573606
0.57974	0.635627
0.57975	0.647198
0.57976	0.610503
0.57977	0.5206
0.57978	0.392801
0.57979	0.326322
0.5798	0.406474
0.57981	0.532954
0.57982	0.616818
0.57983	0.647982
0.57984	0.631154
0.57985	0.563354
0.57986	0.445177
0.57987	0.336762
0.57988	0.360282
0.57989	0.484239
0.5799	0.589218
0.57991	0.641
0.57992	0.643524
0.57993	0.597292
0.57994	0.497771
0.57995	0.371561
0.57996	0.331764
0.57997	0.430873
0.57998	0.552367
0.57999	0.625888
0.58	0.647927
0.58001	0.622206
0.58002	0.544634
0.58003	0.421227
0.58004	0.329533
0.58005	0.379948
0.58006	0.506607
0.58007	0.602059
0.58008	0.644426
0.58009	0.638435
0.5801	0.583003
0.58011	0.475121
0.58012	0.354587
0.58013	0.342055
0.58014	0.454187
0.58015	0.568919
0.58016	0.632782
0.58017	0.64637
0.58018	0.612122
0.58019	0.525416
0.5802	0.399533
0.58021	0.327859
0.58022	0.40069
0.58023	0.526375
0.58024	0.612478
0.58025	0.646203
0.58026	0.632167
0.58027	0.567931
0.58028	0.453236
0.58029	0.342189
0.5803	0.355733
0.58031	0.475777
0.58032	0.582874
0.58033	0.637822
0.58034	0.643557
0.58035	0.601146
0.58036	0.50612
0.58037	0.380676
0.58038	0.330928
0.58039	0.421353
0.5804	0.543594
0.58041	0.620805
0.58042	0.646594
0.58043	0.624944
0.58044	0.552385
0.58045	0.432658
0.58046	0.334313
0.58047	0.371444
0.58048	0.495322
0.58049	0.59452
0.5805	0.641294
0.58051	0.639714
0.58052	0.589524
0.58053	0.487162
0.58054	0.365032
0.58055	0.337727
0.58056	0.441141
0.58057	0.558423
0.58058	0.627339
0.58059	0.645838
0.5806	0.616986
0.58061	0.536675
0.58062	0.413845
0.58063	0.330596
0.58064	0.388055
0.58065	0.512718
0.58066	0.604144
0.58067	0.643451
0.58068	0.635049
0.58069	0.577503
0.5807	0.468933
0.58071	0.352744
0.58072	0.347199
0.58073	0.459561
0.58074	0.571075
0.58075	0.632349
0.58076	0.644147
0.58077	0.608503
0.58078	0.521108
0.58079	0.397141
0.5808	0.33045
0.58081	0.404693
0.58082	0.527999
0.58083	0.612013
0.58084	0.644519
0.58085	0.629761
0.58086	0.565326
0.58087	0.451777
0.58088	0.343735
0.58089	0.358362
0.5809	0.476344
0.58091	0.581778
0.58092	0.636074
0.58093	0.641717
0.58094	0.599702
0.58095	0.505971
0.58096	0.38275
0.58097	0.333169
0.58098	0.420733
0.58099	0.541276
0.581	0.618375
0.58101	0.6447
0.58102	0.624035
0.58103	0.553228
0.58104	0.435976
0.58105	0.337745
0.58106	0.370376
0.58107	0.491381
0.58108	0.590757
0.58109	0.638728
0.5811	0.638727
0.58111	0.590781
0.58112	0.491527
0.58113	0.370741
0.58114	0.338017
0.58115	0.43576
0.58116	0.552706
0.58117	0.623449
0.58118	0.644176
0.58119	0.618049
0.5812	0.541432
0.58121	0.421731
0.58122	0.334384
0.58123	0.382567
0.58124	0.504666
0.58125	0.598228
0.58126	0.640498
0.58127	0.635344
0.58128	0.58193
0.58129	0.477998
0.5813	0.361054
0.58131	0.344298
0.58132	0.44952
0.58133	0.562456
0.58134	0.627432
0.58135	0.64311
0.58136	0.611968
0.58137	0.530142
0.58138	0.409164
0.58139	0.333187
0.5814	0.394428
0.58141	0.516259
0.58142	0.604387
0.58143	0.641553
0.58144	0.631719
0.58145	0.573325
0.58146	0.465562
0.58147	0.353525
0.58148	0.351395
0.58149	0.461882
0.5815	0.570696
0.58151	0.630498
0.58152	0.641649
0.58153	0.605947
0.58154	0.519535
0.58155	0.398316
0.58156	0.333665
0.58157	0.405592
0.58158	0.526255
0.58159	0.609408
0.5816	0.64204
0.58161	0.627995
0.58162	0.565129
0.58163	0.454352
0.58164	0.347917
0.58165	0.358795
0.58166	0.472793
0.58167	0.577589
0.58168	0.6328
0.58169	0.639926
0.5817	0.60013
0.58171	0.509765
0.58172	0.38916
0.58173	0.335347
0.58174	0.415813
0.58175	0.534764
0.58176	0.613447
0.58177	0.64209
0.58178	0.624297
0.58179	0.557485
0.5818	0.444452
0.58181	0.343949
0.58182	0.366087
0.58183	0.482259
0.58184	0.583282
0.58185	0.634471
0.58186	0.63806
0.58187	0.594646
0.58188	0.500956
0.58189	0.381614
0.5819	0.337803
0.58191	0.424929
0.58192	0.5419
0.58193	0.616641
0.58194	0.641819
0.58195	0.620742
0.58196	0.550521
0.58197	0.435905
0.58198	0.341326
0.58199	0.372953
0.582	0.490313
0.58201	0.587906
0.58202	0.635625
0.58203	0.636156
0.58204	0.589609
0.58205	0.493202
0.58206	0.37556
0.58207	0.340663
0.58208	0.43285
0.58209	0.547773
0.5821	0.619104
0.58211	0.641324
0.58212	0.617431
0.58213	0.54434
0.58214	0.42872
0.58215	0.33976
0.58216	0.37916
0.58217	0.497009
0.58218	0.591576
0.58219	0.63636
0.5822	0.634304
0.58221	0.585117
0.58222	0.486573
0.58223	0.370858
0.58224	0.34362
0.58225	0.439527
0.58226	0.552481
0.58227	0.620937
0.58228	0.640692
0.58229	0.614451
0.5823	0.53903
0.58231	0.422877
0.58232	0.338991
0.58233	0.384541
0.58234	0.502406
0.58235	0.594389
0.58236	0.636759
0.58237	0.632582
0.58238	0.581255
0.58239	0.481114
0.5824	0.367364
0.58241	0.346428
0.58242	0.444944
0.58243	0.556112
0.58244	0.622221
0.58245	0.639993
0.58246	0.611875
0.58247	0.534657
0.58248	0.418341
0.58249	0.33879
0.5825	0.38898
0.58251	0.50656
0.58252	0.596425
0.58253	0.636889
0.58254	0.631053
0.58255	0.578086
0.58256	0.476851
0.58257	0.364941
0.58258	0.348903
0.58259	0.449103
0.5826	0.558739
0.58261	0.623021
0.58262	0.639283
0.58263	0.60976
0.58264	0.531269
0.58265	0.415067
0.58266	0.338976
0.58267	0.392406
0.58268	0.509525
0.58269	0.597748
0.5827	0.636801
0.58271	0.629768
0.58272	0.575661
0.58273	0.473795
0.58274	0.363472
0.58275	0.350912
0.58276	0.452015
0.58277	0.560419
0.58278	0.623386
0.58279	0.638605
0.5828	0.608151
0.58281	0.528898
0.58282	0.413011
0.58283	0.339411
0.58284	0.394776
0.58285	0.511344
0.58286	0.598405
0.58287	0.636535
0.58288	0.62876
0.58289	0.574013
0.5829	0.471945
0.58291	0.362865
0.58292	0.352368
0.58293	0.4537
0.58294	0.561195
0.58295	0.623352
0.58296	0.637988
0.58297	0.607074
0.58298	0.527559
0.58299	0.412133
0.583	0.340003
0.58301	0.396073
0.58302	0.512051
0.58303	0.598427
0.58304	0.636113
0.58305	0.628053
0.58306	0.573159
0.58307	0.471294
0.58308	0.363056
0.58309	0.353231
0.5831	0.454174
0.58311	0.561094
0.58312	0.622938
0.58313	0.637448
0.58314	0.606543
0.58315	0.527255
0.58316	0.412402
0.58317	0.340709
0.58318	0.3963
0.58319	0.511666
0.5832	0.597831
0.58321	0.635547
0.58322	0.627652
0.58323	0.5731
0.58324	0.471827
0.58325	0.364015
0.58326	0.353495
0.58327	0.453456
0.58328	0.560129
0.58329	0.622151
0.5833	0.636987
0.58331	0.606555
0.58332	0.527975
0.58333	0.413798
0.58334	0.341529
0.58335	0.395479
0.58336	0.510203
0.58337	0.596618
0.58338	0.634834
0.58339	0.627551
0.5834	0.573825
0.58341	0.473526
0.58342	0.365745
0.58343	0.353195
0.58344	0.451563
0.58345	0.558299
0.58346	0.620981
0.58347	0.636593
0.58348	0.607094
0.58349	0.529696
0.5835	0.416314
0.58351	0.342505
0.58352	0.393649
0.58353	0.507661
0.58354	0.594775
0.58355	0.633956
0.58356	0.627731
0.58357	0.575304
0.58358	0.476367
0.58359	0.368276
0.5836	0.352402
0.58361	0.448515
0.58362	0.555587
0.58363	0.619407
0.58364	0.636242
0.58365	0.608128
0.58366	0.532383
0.58367	0.419951
0.58368	0.343723
0.58369	0.390867
0.5837	0.504032
0.58371	0.592274
0.58372	0.632885
0.58373	0.628156
0.58374	0.577497
0.58375	0.48032
0.58376	0.371668
0.58377	0.351223
0.58378	0.444332
0.58379	0.551964
0.5838	0.617393
0.58381	0.635896
0.58382	0.609613
0.58383	0.535987
0.58384	0.424715
0.58385	0.345307
0.58386	0.387218
0.58387	0.499301
0.58388	0.589072
0.58389	0.631577
0.5839	0.62878
0.58391	0.580346
0.58392	0.485349
0.58393	0.376
0.58394	0.349807
0.58395	0.439045
0.58396	0.547389
0.58397	0.614889
0.58398	0.635505
0.58399	0.61149
0.584	0.540447
0.58401	0.430615
0.58402	0.347415
0.58403	0.382812
0.58404	0.493448
0.58405	0.585115
0.58406	0.629977
0.58407	0.629543
0.58408	0.583783
0.58409	0.491406
0.5841	0.381365
0.58411	0.348344
0.58412	0.432697
0.58413	0.541811
0.58414	0.61183
0.58415	0.635006
0.58416	0.613688
0.58417	0.545688
0.58418	0.437652
0.58419	0.350236
0.5842	0.377799
0.58421	0.486454
0.58422	0.580332
0.58423	0.628014
0.58424	0.630372
0.58425	0.587723
0.58426	0.498428
0.58427	0.387858
0.58428	0.347068
0.58429	0.425355
0.5843	0.53517
0.58431	0.60814
0.58432	0.634322
0.58433	0.616123
0.58434	0.55162
0.58435	0.445815
0.58436	0.353979
0.58437	0.372371
0.58438	0.478308
0.58439	0.574643
0.5844	0.625606
0.58441	0.631185
0.58442	0.592072
0.58443	0.506339
0.58444	0.395571
0.58445	0.346253
0.58446	0.417116
0.58447	0.5274
0.58448	0.603726
0.58449	0.633367
0.5845	0.6187
0.58451	0.55814
0.58452	0.455076
0.58453	0.358866
0.58454	0.366776
0.58455	0.469012
0.58456	0.567954
0.58457	0.622657
0.58458	0.631884
0.58459	0.596719
0.5846	0.515041
0.58461	0.404576
0.58462	0.346217
0.58463	0.408125
0.58464	0.518436
0.58465	0.598484
0.58466	0.632038
0.58467	0.621311
0.58468	0.565129
0.58469	0.465378
0.5847	0.365113
0.58471	0.361321
0.58472	0.458593
0.58473	0.560164
0.58474	0.619055
0.58475	0.632361
0.58476	0.601546
0.58477	0.524418
0.58478	0.414913
0.58479	0.347303
0.5848	0.398585
0.58481	0.508222
0.58482	0.592295
0.58483	0.630221
0.58484	0.623839
0.58485	0.572453
0.58486	0.476636
0.58487	0.372917
0.58488	0.356379
0.58489	0.447121
0.5849	0.551165
0.58491	0.614676
0.58492	0.632498
0.58493	0.606422
0.58494	0.534332
0.58495	0.42658
0.58496	0.349873
0.58497	0.388775
0.58498	0.496714
0.58499	0.585028
0.585	0.62779
0.58501	0.626156
0.58502	0.579968
0.58503	0.48873
0.58504	0.382432
0.58505	0.352386
0.58506	0.434722
0.58507	0.540847
0.58508	0.609382
0.58509	0.632164
0.5851	0.611205
0.58511	0.544627
0.58512	0.439526
0.58513	0.354277
0.58514	0.379065
0.58515	0.483904
0.58516	0.576541
0.58517	0.624602
0.58518	0.628124
0.58519	0.587517
0.5852	0.501506
0.58521	0.393751
0.58522	0.349832
0.58523	0.421605
0.58524	0.529112
0.58525	0.603018
0.58526	0.631214
0.58527	0.615745
0.58528	0.555128
0.58529	0.453638
0.5853	0.360833
0.58531	0.369925
0.58532	0.469834
0.58533	0.566688
0.58534	0.620502
0.58535	0.629594
0.58536	0.594933
0.58537	0.51478
0.58538	0.406887
0.58539	0.349237
0.5854	0.408084
0.58541	0.515879
0.58542	0.595419
0.58543	0.629492
0.58544	0.619886
0.58545	0.565647
0.58546	0.468748
0.58547	0.369782
0.58548	0.361928
0.58549	0.454618
0.5855	0.555321
0.58551	0.615318
0.58552	0.630407
0.58553	0.602041
0.58554	0.528337
0.58555	0.421761
0.58556	0.351114
0.58557	0.3946
0.58558	0.501107
0.58559	0.586406
0.5856	0.626826
0.58561	0.62346
0.58562	0.575982
0.58563	0.484631
0.58564	0.381265
0.58565	0.355736
0.58566	0.438484
0.58567	0.542302
0.58568	0.608863
0.58569	0.630391
0.5857	0.60866
0.58571	0.541942
0.58572	0.438196
0.58573	0.355921
0.58574	0.381747
0.58575	0.484823
0.58576	0.575793
0.58577	0.623031
0.58578	0.626291
0.58579	0.585928
0.5858	0.501014
0.58581	0.395282
0.58582	0.352064
0.58583	0.4218
0.58584	0.527519
0.58585	0.600934
0.58586	0.629364
0.58587	0.614603
0.58588	0.555345
0.58589	0.455918
0.5859	0.363999
0.58591	0.370269
0.58592	0.46715
0.58593	0.563398
0.58594	0.617904
0.58595	0.628196
0.58596	0.595272
0.58597	0.517589
0.58598	0.411684
0.58599	0.351624
0.586	0.405118
0.58601	0.510915
0.58602	0.59132
0.58603	0.627125
0.58604	0.619678
0.58605	0.568291
0.58606	0.474575
0.58607	0.37552
0.58608	0.361048
0.58609	0.44836
0.5861	0.54905
0.58611	0.611223
0.58612	0.628979
0.58613	0.6038
0.58614	0.53403
0.58615	0.430163
0.58616	0.355036
0.58617	0.3892
0.58618	0.492516
0.58619	0.579797
0.5862	0.62346
0.58621	0.623685
0.58622	0.58052
0.58623	0.493755
0.58624	0.390433
0.58625	0.35504
0.58626	0.428924
0.58627	0.532619
0.58628	0.602753
0.58629	0.62843
0.5863	0.611298
0.58631	0.550001
0.58632	0.450278
0.58633	0.362736
0.58634	0.375025
0.58635	0.472492
0.58636	0.566152
0.58637	0.618133
0.58638	0.626418
0.58639	0.59178
0.5864	0.513012
0.58641	0.408452
0.58642	0.353183
0.58643	0.409565
0.58644	0.514048
0.58645	0.592244
0.58646	0.626323
0.58647	0.61755
0.58648	0.565173
0.58649	0.47148
0.5865	0.374884
0.58651	0.363752
0.58652	0.451212
0.58653	0.550192
0.58654	0.61089
0.58655	0.627658
0.58656	0.601825
0.58657	0.53189
0.58658	0.429064
0.58659	0.356258
0.5866	0.391295
0.58661	0.493404
0.58662	0.579443
0.58663	0.622413
0.58664	0.622336
0.58665	0.579231
0.58666	0.493161
0.58667	0.391303
0.58668	0.356625
0.58669	0.429326
0.5867	0.531786
0.58671	0.60146
0.58672	0.627172
0.58673	0.610414
0.58674	0.549949
0.58675	0.451576
0.58676	0.36474
0.58677	0.375412
0.58678	0.470956
0.58679	0.56411
0.5868	0.616433
0.58681	0.625429
0.58682	0.591878
0.58683	0.514697
0.58684	0.411469
0.58685	0.354806
0.58686	0.407829
0.58687	0.510915
0.58688	0.589559
0.58689	0.624705
0.5869	0.617311
0.58691	0.566781
0.58692	0.47518
0.58693	0.378672
0.58694	0.363424
0.58695	0.447265
0.58696	0.54605
0.58697	0.608092
0.58698	0.626588
0.58699	0.602839
0.587	0.535488
0.58701	0.434562
0.58702	0.359168
0.58703	0.388101
0.58704	0.487752
0.58705	0.574907
0.58706	0.619981
0.58707	0.622278
0.58708	0.582015
0.58709	0.499034
0.5871	0.397611
0.58711	0.356872
0.58712	0.423281
0.58713	0.525169
0.58714	0.597083
0.58715	0.625554
0.58716	0.611853
0.58717	0.554991
0.58718	0.459559
0.58719	0.370079
0.5872	0.371863
0.58721	0.462767
0.58722	0.557257
0.58723	0.612696
0.58724	0.625068
0.58725	0.595322
0.58726	0.522327
0.58727	0.420654
0.58728	0.357067
0.58729	0.400428
0.5873	0.501555
0.58731	0.583093
0.58732	0.622042
0.58733	0.618669
0.58734	0.572728
0.58735	0.485357
0.58736	0.387266
0.58737	0.36101
0.58738	0.43686
0.58739	0.536451
0.5874	0.602522
0.58741	0.625417
0.58742	0.606407
0.58743	0.544332
0.58744	0.446567
0.58745	0.364777
0.58746	0.380596
0.58747	0.475601
0.58748	0.565832
0.58749	0.615738
0.5875	0.623032
0.58751	0.588294
0.58752	0.510882
0.58753	0.409811
0.58754	0.357297
0.58755	0.411477
0.58756	0.512507
0.58757	0.589117
0.58758	0.623035
0.58759	0.614997
0.5876	0.564429
0.58761	0.473958
0.58762	0.379984
0.58763	0.366002
0.58764	0.448159
0.58765	0.545087
0.58766	0.606297
0.58767	0.624674
0.58768	0.601348
0.58769	0.535179
0.5877	0.436286
0.58771	0.361937
0.58772	0.388658
0.58773	0.485753
0.58774	0.572156
0.58775	0.617598
0.58776	0.620829
0.58777	0.582115
0.58778	0.501448
0.58779	0.401811
0.5878	0.358842
0.58781	0.4207
0.58782	0.52082
0.58783	0.593353
0.58784	0.6233
0.58785	0.611588
0.58786	0.557449
0.58787	0.464991
0.58788	0.37522
0.58789	0.37092
0.5879	0.457011
0.58791	0.551382
0.58792	0.608749
0.58793	0.623631
0.58794	0.596983
0.58795	0.527808
0.58796	0.428656
0.58797	0.360782
0.58798	0.395412
0.58799	0.493315
0.588	0.57655
0.58801	0.61858
0.58802	0.61874
0.58803	0.577065
0.58804	0.494209
0.58805	0.396344
0.58806	0.360887
0.58807	0.427798
0.58808	0.526714
0.58809	0.596099
0.5881	0.623103
0.58811	0.6087
0.58812	0.552033
0.58813	0.458499
0.58814	0.372439
0.58815	0.375111
0.58816	0.463387
0.58817	0.555594
0.58818	0.610141
0.58819	0.622525
0.5882	0.593546
0.58821	0.522406
0.58822	0.423542
0.58823	0.360671
0.58824	0.400469
0.58825	0.49841
0.58826	0.579263
0.58827	0.618908
0.58828	0.616975
0.58829	0.573352
0.5883	0.48926
0.58831	0.393093
0.58832	0.362841
0.58833	0.432633
0.58834	0.530377
0.58835	0.597575
0.58836	0.62264
0.58837	0.606519
0.58838	0.548346
0.58839	0.45446
0.5884	0.3712
0.58841	0.378159
0.58842	0.467319
0.58843	0.557922
0.58844	0.610659
0.58845	0.621522
0.58846	0.5912
0.58847	0.51908
0.58848	0.42079
0.58849	0.361141
0.5885	0.403621
0.58851	0.50116
0.58852	0.580473
0.58853	0.618739
0.58854	0.615675
0.58855	0.571105
0.58856	0.486634
0.58857	0.391795
0.58858	0.364334
0.58859	0.435164
0.5886	0.531953
0.58861	0.597929
0.58862	0.622035
0.58863	0.605163
0.58864	0.546478
0.58865	0.452819
0.58866	0.371194
0.58867	0.379842
0.58868	0.468861
0.58869	0.558495
0.5887	0.61042
0.58871	0.620723
0.58872	0.590034
0.58873	0.517869
0.58874	0.420272
0.58875	0.361923
0.58876	0.404789
0.58877	0.501652
0.58878	0.580285
0.58879	0.618157
0.5888	0.614916
0.58881	0.570383
0.58882	0.486317
0.58883	0.392285
0.58884	0.365194
0.58885	0.435405
0.58886	0.531528
0.58887	0.597235
0.58888	0.621349
0.58889	0.60468
0.5889	0.546453
0.58891	0.453519
0.58892	0.372274
0.58893	0.380099
0.58894	0.468069
0.58895	0.55738
0.58896	0.609469
0.58897	0.62016
0.58898	0.590068
0.58899	0.518762
0.589	0.421909
0.58901	0.362939
0.58902	0.403993
0.58903	0.499941
0.58904	0.578735
0.58905	0.617182
0.58906	0.614704
0.58907	0.571176
0.58908	0.488268
0.58909	0.394507
0.5891	0.365433
0.58911	0.43341
0.58912	0.529133
0.58913	0.595502
0.58914	0.620573
0.58915	0.60505
0.58916	0.54823
0.58917	0.456511
0.58918	0.374455
0.58919	0.379013
0.5892	0.464987
0.58921	0.554576
0.58922	0.607785
0.58923	0.619801
0.58924	0.591254
0.58925	0.521696
0.58926	0.425684
0.58927	0.364294
0.58928	0.401341
0.58929	0.496042
0.5893	0.575791
0.58931	0.615768
0.58932	0.614981
0.58933	0.573408
0.58934	0.49242
0.58935	0.398517
0.58936	0.365238
0.58937	0.429269
0.58938	0.524742
0.58939	0.592667
0.5894	0.619636
0.58941	0.606187
0.58942	0.551709
0.58943	0.461754
0.58944	0.377899
0.58945	0.376808
0.58946	0.459661
0.58947	0.550018
0.58948	0.605283
0.58949	0.619549
0.5895	0.593477
0.58951	0.52656
0.58952	0.431625
0.58953	0.366268
0.58954	0.397041
0.58955	0.48994
0.58956	0.571356
0.58957	0.613802
0.58958	0.615623
0.58959	0.576937
0.5896	0.498675
0.58961	0.40446
0.58962	0.364967
0.58963	0.42313
0.58964	0.518288
0.58965	0.588603
0.58966	0.618404
0.58967	0.607939
0.58968	0.556731
0.58969	0.4692
0.5897	0.382896
0.58971	0.373863
0.58972	0.452155
0.58973	0.543589
0.58974	0.601808
0.58975	0.619244
0.58976	0.596559
0.58977	0.533188
0.58978	0.439782
0.58979	0.369291
0.5898	0.391427
0.58981	0.481615
0.58982	0.56527
0.58983	0.611111
0.58984	0.616445
0.58985	0.581558
0.58986	0.506888
0.58987	0.412532
0.58988	0.365151
0.58989	0.415232
0.5899	0.509669
0.58991	0.583121
0.58992	0.616678
0.58993	0.610093
0.58994	0.563071
0.58995	0.478767
0.58996	0.389824
0.58997	0.370732
0.58998	0.442587
0.58999	0.535124
0.59	0.597145
0.59001	0.618666
0.59002	0.600257
0.59003	0.541354
0.59004	0.450186
0.59005	0.37392
0.59006	0.384996
0.59007	0.471066
0.59008	0.557321
0.59009	0.607454
0.5901	0.6172
0.59011	0.587005
0.59012	0.516856
0.59013	0.422929
0.59014	0.366481
0.59015	0.405953
0.59016	0.498778
0.59017	0.57597
0.59018	0.614199
0.59019	0.612378
0.5902	0.570443
0.59021	0.490311
0.59022	0.399086
0.59023	0.368161
0.59024	0.431187
0.59025	0.524433
0.59026	0.591015
0.59027	0.617531
0.59028	0.604272
0.59029	0.550762
0.5903	0.4628
0.59031	0.380779
0.59032	0.378457
0.59033	0.458362
0.59034	0.547252
0.59035	0.602529
0.59036	0.617584
0.59037	0.592949
0.59038	0.528297
0.59039	0.435781
0.5904	0.369774
0.59041	0.39588
0.59042	0.485546
0.59043	0.566845
0.59044	0.610642
0.59045	0.614462
0.59046	0.578494
0.59047	0.503594
0.59048	0.411033
0.59049	0.367089
0.5905	0.418363
0.59051	0.511326
0.59052	0.583079
0.59053	0.615498
0.59054	0.608246
0.59055	0.561045
0.59056	0.477478
0.59057	0.39048
0.59058	0.372765
0.59059	0.443721
0.5906	0.534785
0.59061	0.595971
0.59062	0.617233
0.59063	0.599005
0.59064	0.54084
0.59065	0.451089
0.59066	0.375902
0.59067	0.385878
0.59068	0.470001
0.59069	0.555403
0.5907	0.605622
0.59071	0.615959
0.59072	0.58681
0.59073	0.518267
0.59074	0.425878
0.59075	0.368602
0.59076	0.404805
0.59077	0.495672
0.59078	0.572944
0.59079	0.612162
0.5908	0.611767
0.59081	0.571763
0.59082	0.493925
0.59083	0.403509
0.59084	0.369122
0.59085	0.427603
0.59086	0.519658
0.59087	0.587355
0.59088	0.615724
0.59089	0.604732
0.5909	0.554025
0.59091	0.468662
0.59092	0.385673
0.59093	0.37714
0.59094	0.452369
0.59095	0.541283
0.59096	0.598691
0.59097	0.616427
0.59098	0.59492
0.59099	0.533862
0.591	0.443601
0.59101	0.373826
0.59102	0.391574
0.59103	0.477479
0.59104	0.560182
0.59105	0.607055
0.59106	0.614371
0.59107	0.582409
0.59108	0.511683
0.59109	0.420104
0.5911	0.368913
0.59111	0.410846
0.59112	0.501696
0.59113	0.576205
0.59114	0.612573
0.59115	0.609639
0.59116	0.567312
0.59117	0.488087
0.59118	0.399668
0.59119	0.371188
0.5912	0.433212
0.59121	0.524167
0.59122	0.589338
0.59123	0.615365
0.59124	0.602301
0.59125	0.5498
0.59126	0.463894
0.59127	0.383747
0.59128	0.380173
0.59129	0.457028
0.5913	0.544365
0.59131	0.599646
0.59132	0.615539
0.59133	0.592425
0.59134	0.530141
0.59135	0.440145
0.59136	0.373535
0.59137	0.394789
0.59138	0.480923
0.59139	0.562014
0.5914	0.607233
0.59141	0.613187
0.59142	0.580092
0.59143	0.508734
0.59144	0.418068
0.59145	0.369753
0.59146	0.413597
0.59147	0.503861
0.59148	0.577005
0.59149	0.612213
0.5915	0.608386
0.59151	0.565416
0.59152	0.486137
0.59153	0.398975
0.59154	0.372518
0.59155	0.435057
0.59156	0.525132
0.59157	0.589342
0.59158	0.614697
0.59159	0.601206
0.5916	0.548564
0.59161	0.463094
0.59162	0.384117
0.59163	0.381343
0.59164	0.457742
0.59165	0.544295
0.59166	0.599089
0.59167	0.614786
0.59168	0.591714
0.59169	0.529787
0.5917	0.440532
0.59171	0.374501
0.59172	0.395252
0.59173	0.480464
0.59174	0.561117
0.59175	0.606343
0.59176	0.612566
0.59177	0.579989
0.59178	0.509441
0.59179	0.419519
0.5918	0.370731
0.59181	0.41298
0.59182	0.502321
0.59183	0.575508
0.59184	0.611209
0.59185	0.608111
0.59186	0.566139
0.59187	0.488021
0.59188	0.401189
0.59189	0.372908
0.5919	0.433183
0.59191	0.522683
0.59192	0.58747
0.59193	0.613789
0.59194	0.60149
0.59195	0.550315
0.59196	0.466165
0.59197	0.386624
0.59198	0.380628
0.59199	0.454605
0.592	0.541153
0.59201	0.597061
0.59202	0.614179
0.59203	0.592768
0.59204	0.532734
0.59205	0.444662
0.59206	0.376709
0.59207	0.393076
0.59208	0.476189
0.59209	0.557512
0.5921	0.604367
0.59211	0.612462
0.59212	0.582021
0.59213	0.513699
0.59214	0.424417
0.59215	0.372008
0.59216	0.409179
0.59217	0.497114
0.59218	0.571668
0.59219	0.609484
0.5922	0.608711
0.59221	0.569344
0.59222	0.493617
0.59223	0.406394
0.59224	0.37268
0.59225	0.427775
0.59226	0.516792
0.59227	0.583614
0.59228	0.612509
0.59229	0.602991
0.5923	0.554864
0.59231	0.473013
0.59232	0.39153
0.59233	0.378465
0.59234	0.447753
0.59235	0.534838
0.59236	0.593394
0.59237	0.613531
0.59238	0.595368
0.59239	0.53876
0.5924	0.452526
0.59241	0.380628
0.59242	0.388744
0.59243	0.468151
0.59244	0.551025
0.59245	0.601081
0.59246	0.612631
0.59247	0.58591
0.59248	0.521271
0.59249	0.432899
0.5925	0.374255
0.59251	0.402652
0.59252	0.488196
0.59253	0.565244
0.59254	0.606762
0.59255	0.609882
0.59256	0.5747
0.59257	0.502716
0.59258	0.414934
0.59259	0.372664
0.5926	0.419208
0.59261	0.507312
0.59262	0.577468
0.59263	0.610525
0.59264	0.605349
0.59265	0.56184
0.59266	0.483502
0.59267	0.399434
0.59268	0.375772
0.59269	0.437436
0.5927	0.525103
0.59271	0.587722
0.59272	0.612456
0.59273	0.599095
0.59274	0.547467
0.59275	0.464125
0.59276	0.387129
0.59277	0.38318
0.59278	0.456452
0.59279	0.541317
0.5928	0.596064
0.59281	0.612634
0.59282	0.591182
0.59283	0.531764
0.59284	0.445167
0.59285	0.378595
0.59286	0.394249
0.59287	0.475513
0.59288	0.555813
0.59289	0.602567
0.5929	0.611131
0.59291	0.581681
0.59292	0.514963
0.59293	0.427271
0.59294	0.374186
0.59295	0.408192
0.59296	0.494041
0.59297	0.568537
0.59298	0.607311
0.59299	0.608013
0.593	0.570674
0.59301	0.497365
0.59302	0.411106
0.59303	0.373998
0.59304	0.424177
0.59305	0.511609
0.59306	0.579487
0.59307	0.610378
0.59308	0.603341
0.59309	0.558264
0.5931	0.479333
0.59311	0.397316
0.59312	0.377862
0.59313	0.441403
0.59314	0.527925
0.59315	0.588698
0.59316	0.611843
0.59317	0.597173
0.59318	0.544579
0.59319	0.4613
0.5932	0.386465
0.59321	0.38538
0.59322	0.459161
0.59323	0.54281
0.59324	0.596229
0.59325	0.611777
0.59326	0.589572
0.59327	0.529787
0.59328	0.443755
0.59329	0.378979
0.5933	0.395986
0.59331	0.476862
0.59332	0.556164
0.59333	0.602148
0.59334	0.610248
0.59335	0.580603
0.59336	0.514092
0.59337	0.427225
0.59338	0.375106
0.59339	0.409018
0.5934	0.494046
0.59341	0.567954
0.59342	0.606528
0.59343	0.607315
0.59344	0.570344
0.59345	0.497747
0.59346	0.412248
0.59347	0.374891
0.59348	0.423789
0.59349	0.510371
0.5935	0.578184
0.59351	0.60944
0.59352	0.603036
0.59353	0.558886
0.59354	0.481055
0.59355	0.399335
0.59356	0.378182
0.59357	0.439643
0.59358	0.525603
0.59359	0.58689
0.5936	0.610956
0.59361	0.597467
0.59362	0.546342
0.59363	0.464364
0.59364	0.388932
0.59365	0.384653
0.59366	0.455999
0.59367	0.539593
0.59368	0.594124
0.59369	0.611139
0.5937	0.590665
0.59371	0.532849
0.59372	0.44806
0.59373	0.381382
0.59374	0.39385
0.59375	0.472366
0.59376	0.552257
0.59377	0.599946
0.59378	0.610051
0.59379	0.582691
0.5938	0.518572
0.59381	0.432556
0.59382	0.376893
0.59383	0.405246
0.59384	0.488356
0.59385	0.563564
0.59386	0.604421
0.59387	0.60775
0.59388	0.573613
0.59389	0.503709
0.5939	0.418273
0.59391	0.375527
0.59392	0.418284
0.59393	0.503673
0.59394	0.573516
0.59395	0.607615
0.59396	0.604289
0.59397	0.563507
0.59398	0.488489
0.59399	0.405615
0.594	0.377197
0.59401	0.432429
0.59402	0.518107
0.59403	0.582141
0.59404	0.609591
0.59405	0.599722
0.59406	0.552462
0.59407	0.473174
0.59408	0.394941
0.59409	0.381682
0.5941	0.447193
0.59411	0.531516
0.59412	0.58948
0.59413	0.610409
0.59414	0.594101
0.59415	0.540585
0.59416	0.458054
0.59417	0.386547
0.59418	0.388659
0.59419	0.462153
0.5942	0.543817
0.59421	0.595585
0.59422	0.610127
0.59423	0.587479
0.59424	0.527998
0.59425	0.443435
0.59426	0.380635
0.59427	0.397732
0.59428	0.476962
0.59429	0.554969
0.5943	0.600513
0.59431	0.608799
0.59432	0.579913
0.59433	0.514845
0.59434	0.429635
0.59435	0.377308
0.59436	0.408473
0.59437	0.491347
0.59438	0.564963
0.59439	0.604321
0.5944	0.606476
0.59441	0.571466
0.59442	0.501288
0.59443	0.416964
0.59444	0.376562
0.59445	0.42045
0.59446	0.505102
0.59447	0.573813
0.59448	0.607067
0.59449	0.603207
0.5945	0.562207
0.59451	0.487511
0.59452	0.405713
0.59453	0.378292
0.59454	0.433255
0.59455	0.51808
0.59456	0.581549
0.59457	0.608806
0.59458	0.599041
0.59459	0.552212
0.5946	0.473717
0.59461	0.396132
0.59462	0.382304
0.59463	0.44652
0.59464	0.530185
0.59465	0.588211
0.59466	0.609593
0.59467	0.594025
0.59468	0.541569
0.59469	0.46012
0.5947	0.388425
0.59471	0.38834
0.59472	0.459927
0.59473	0.541358
0.59474	0.593846
0.59475	0.609477
0.59476	0.588208
0.59477	0.530375
0.59478	0.446946
0.59479	0.382728
0.5948	0.396097
0.59481	0.473215
0.59482	0.551573
0.59483	0.598502
0.59484	0.608507
0.59485	0.58164
0.59486	0.51874
0.59487	0.43442
0.59488	0.37911
0.59489	0.405251
0.5949	0.486173
0.59491	0.560826
0.59492	0.60223
0.59493	0.606731
0.59494	0.574374
0.59495	0.506785
0.59496	0.422764
0.59497	0.377568
0.59498	0.415476
0.59499	0.498641
0.595	0.569129
0.59501	0.605081
0.59502	0.604191
0.59503	0.566466
0.59504	0.49464
0.59505	0.412181
0.59506	0.378031
0.59507	0.426462
0.59508	0.5105
0.59509	0.576508
0.5951	0.607102
0.59511	0.600933
0.59512	0.557978
0.59513	0.482448
0.59514	0.402852
0.59515	0.380372
0.59516	0.437926
0.59517	0.52167
0.59518	0.582997
0.59519	0.608342
0.5952	0.596998
0.59521	0.548975
0.59522	0.470355
0.59523	0.394925
0.59524	0.384415
0.59525	0.449619
0.59526	0.5321
0.59527	0.588634
0.59528	0.608845
0.59529	0.592429
0.5953	0.539528
0.59531	0.458514
0.59532	0.388508
0.59533	0.38995
0.59534	0.461329
0.59535	0.541762
0.59536	0.593459
0.59537	0.608656
0.59538	0.587268
0.59539	0.529714
0.5954	0.447076
0.59541	0.383667
0.59542	0.39675
0.59543	0.472881
0.59544	0.550648
0.59545	0.597516
0.59546	0.607816
0.59547	0.581561
0.59548	0.519614
0.59549	0.436192
0.5955	0.380424
0.59551	0.40458
0.59552	0.484136
0.59553	0.558763
0.59554	0.600848
0.59555	0.606366
0.59556	0.57535
0.59557	0.509316
0.59558	0.425999
0.59559	0.378758
0.5956	0.413209
0.59561	0.494987
0.59562	0.566124
0.59563	0.603496
0.59564	0.604344
0.59565	0.568682
0.59566	0.49891
0.59567	0.416625
0.59568	0.378608
0.59569	0.422422
0.5957	0.505353
0.59571	0.572753
0.59572	0.605502
0.59573	0.601788
0.59574	0.561606
0.59575	0.488489
0.59576	0.40818
0.59577	0.379879
0.59578	0.432019
0.59579	0.51518
0.5958	0.57868
0.59581	0.606907
0.59582	0.598735
0.59583	0.554171
0.59584	0.47815
0.59585	0.400753
0.59586	0.382449
0.59587	0.441825
0.59588	0.524433
0.59589	0.583936
0.5959	0.607749
0.59591	0.595223
0.59592	0.546428
0.59593	0.467987
0.59594	0.394409
0.59595	0.386178
0.59596	0.451687
0.59597	0.533091
0.59598	0.588556
0.59599	0.608065
0.596	0.591286
0.59601	0.538431
0.59602	0.458094
0.59603	0.38919
0.59604	0.390913
0.59605	0.461479
0.59606	0.541149
0.59607	0.592575
0.59608	0.607892
0.59609	0.58696
0.5961	0.530235
0.59611	0.448559
0.59612	0.385112
0.59613	0.396498
0.59614	0.471096
0.59615	0.548609
0.59616	0.596027
0.59617	0.607263
0.59618	0.582282
0.59619	0.521895
0.5962	0.439467
0.59621	0.382165
0.59622	0.402775
0.59623	0.480454
0.59624	0.555484
0.59625	0.598948
0.59626	0.606213
0.59627	0.577286
0.59628	0.513469
0.59629	0.430893
0.5963	0.38032
0.59631	0.409596
0.59632	0.489489
0.59633	0.561789
0.59634	0.601372
0.59635	0.604774
0.59636	0.57201
0.59637	0.505014
0.59638	0.422902
0.59639	0.379524
0.5964	0.41682
0.59641	0.498153
0.59642	0.567546
0.59643	0.603333
0.59644	0.602978
0.59645	0.566489
0.59646	0.496585
0.59647	0.41555
0.59648	0.379712
0.59649	0.424321
0.5965	0.506413
0.59651	0.572778
0.59652	0.604862
0.59653	0.600853
0.59654	0.560758
0.59655	0.488238
0.59656	0.408879
0.59657	0.380803
0.59658	0.431985
0.59659	0.514247
0.5966	0.577511
0.59661	0.605992
0.59662	0.598432
0.59663	0.554854
0.59664	0.480026
0.59665	0.40292
0.59666	0.382709
0.59667	0.439713
0.59668	0.521643
0.59669	0.581772
0.5967	0.606752
0.59671	0.595742
0.59672	0.548813
0.59673	0.471999
0.59674	0.39769
0.59675	0.385335
0.59676	0.447419
0.59677	0.528597
0.59678	0.585587
0.59679	0.607172
0.5968	0.592811
0.59681	0.54267
0.59682	0.464203
0.59683	0.393194
0.59684	0.388583
0.59685	0.455032
0.59686	0.535112
0.59687	0.588985
0.59688	0.60728
0.59689	0.589669
0.5969	0.53646
0.59691	0.456683
0.59692	0.389425
0.59693	0.392359
0.59694	0.462493
0.59695	0.541194
0.59696	0.591992
0.59697	0.607102
0.59698	0.586341
0.59699	0.530217
0.597	0.449474
0.59701	0.386365
0.59702	0.396568
0.59703	0.469755
0.59704	0.546855
0.59705	0.594635
0.59706	0.606665
0.59707	0.582854
0.59708	0.523974
0.59709	0.44261
0.5971	0.383986
0.59711	0.401122
0.59712	0.476782
0.59713	0.552108
0.59714	0.59694
0.59715	0.605994
0.59716	0.579234
0.59717	0.517763
0.59718	0.436118
0.59719	0.382254
0.5972	0.405939
0.59721	0.483544
0.59722	0.556971
0.59723	0.598931
0.59724	0.605113
0.59725	0.575507
0.59726	0.511613
0.59727	0.430018
0.59728	0.381125
0.59729	0.410943
0.5973	0.490021
0.59731	0.561459
0.59732	0.600634
0.59733	0.604045
0.59734	0.571696
0.59735	0.505555
0.59736	0.424326
0.59737	0.380552
0.59738	0.416066
0.59739	0.4962
0.5974	0.565592
0.59741	0.602071
0.59742	0.602813
0.59743	0.567827
0.59744	0.499613
0.59745	0.419051
0.59746	0.380484
0.59747	0.421247
0.59748	0.502072
0.59749	0.569389
0.5975	0.603265
0.59751	0.601439
0.59752	0.563921
0.59753	0.493813
0.59754	0.414196
0.59755	0.380868
0.59756	0.426432
0.59757	0.507633
0.59758	0.572868
0.59759	0.604238
0.5976	0.599943
0.59761	0.560002
0.59762	0.488176
0.59763	0.409761
0.59764	0.381651
0.59765	0.431576
0.59766	0.512883
0.59767	0.576049
0.59768	0.60501
0.59769	0.598345
0.5977	0.556089
0.59771	0.482722
0.59772	0.405737
0.59773	0.382778
0.59774	0.436639
0.59775	0.517826
0.59776	0.57895
0.59777	0.605601
0.59778	0.596665
0.59779	0.552205
0.5978	0.477469
0.59781	0.402115
0.59782	0.384198
0.59783	0.441588
0.59784	0.522465
0.59785	0.581589
0.59786	0.60603
0.59787	0.594921
0.59788	0.548367
0.59789	0.47243
0.5979	0.39888
0.59791	0.385859
0.59792	0.446394
0.59793	0.526808
0.59794	0.583985
0.59795	0.606315
0.59796	0.593131
0.59797	0.544594
0.59798	0.467617
0.59799	0.396014
0.598	0.387715
0.59801	0.451035
0.59802	0.530864
0.59803	0.586154
0.59804	0.606474
0.59805	0.591311
0.59806	0.540903
0.59807	0.463041
0.59808	0.393496
0.59809	0.389719
0.5981	0.455492
0.59811	0.534641
0.59812	0.588113
0.59813	0.606521
0.59814	0.589479
0.59815	0.53731
0.59816	0.458708
0.59817	0.391303
0.59818	0.391832
0.59819	0.459751
0.5982	0.53815
0.59821	0.589877
0.59822	0.606474
0.59823	0.587648
0.59824	0.53383
0.59825	0.454623
0.59826	0.389412
0.59827	0.394013
0.59828	0.463802
0.59829	0.541401
0.5983	0.591462
0.59831	0.606346
0.59832	0.585835
0.59833	0.530476
0.59834	0.45079
0.59835	0.387798
0.59836	0.396228
0.59837	0.467634
0.59838	0.544404
0.59839	0.592881
0.5984	0.606151
0.59841	0.584052
0.59842	0.527259
0.59843	0.447208
0.59844	0.386434
0.59845	0.398445
0.59846	0.471242
0.59847	0.547169
0.59848	0.594149
0.59849	0.605903
0.5985	0.582312
0.59851	0.524193
0.59852	0.443878
0.59853	0.385297
0.59854	0.400637
0.59855	0.474623
0.59856	0.549708
0.59857	0.595277
0.59858	0.605613
0.59859	0.580628
0.5986	0.521286
0.59861	0.440798
0.59862	0.38436
0.59863	0.402777
0.59864	0.477773
0.59865	0.552028
0.59866	0.596278
0.59867	0.605293
0.59868	0.579011
0.59869	0.518548
0.5987	0.437963
0.59871	0.383599
0.59872	0.404843
0.59873	0.480692
0.59874	0.554141
0.59875	0.597162
0.59876	0.604954
0.59877	0.577472
0.59878	0.515986
0.59879	0.43537
0.5988	0.382992
0.59881	0.406816
0.59882	0.48338
0.59883	0.556056
0.59884	0.59794
0.59885	0.604605
0.59886	0.576019
0.59887	0.513608
0.59888	0.433015
0.59889	0.382516
0.5989	0.408679
0.59891	0.485836
0.59892	0.55778
0.59893	0.59862
0.59894	0.604256
0.59895	0.574662
0.59896	0.511419
0.59897	0.43089
0.59898	0.382151
0.59899	0.410415
0.599	0.488063
0.59901	0.559322
0.59902	0.599212
0.59903	0.603914
0.59904	0.573409
0.59905	0.509424
0.59906	0.428992
0.59907	0.381877
0.59908	0.412014
0.59909	0.490062
0.5991	0.560688
0.59911	0.599723
0.59912	0.603587
0.59913	0.572267
0.59914	0.507629
0.59915	0.427313
0.59916	0.381678
0.59917	0.413463
0.59918	0.491835
0.59919	0.561886
0.5992	0.600161
0.59921	0.603282
0.59922	0.571243
0.59923	0.506037
0.59924	0.425848
0.59925	0.381538
0.59926	0.414754
0.59927	0.493383
0.59928	0.562922
0.59929	0.60053
0.5993	0.603005
0.59931	0.570341
0.59932	0.50465
0.59933	0.424592
0.59934	0.381442
0.59935	0.415878
0.59936	0.494709
0.59937	0.563801
0.59938	0.600837
0.59939	0.602761
0.5994	0.569568
0.59941	0.503472
0.59942	0.42354
0.59943	0.381379
0.59944	0.41683
0.59945	0.495814
0.59946	0.564526
0.59947	0.601087
0.59948	0.602554
0.59949	0.568927
0.5995	0.502505
0.59951	0.422687
0.59952	0.38134
0.59953	0.417604
0.59954	0.496701
0.59955	0.565103
0.59956	0.601282
0.59957	0.602388
0.59958	0.568422
0.59959	0.501749
0.5996	0.422029
0.59961	0.381315
0.59962	0.418196
0.59963	0.49737
0.59964	0.565534
0.59965	0.601426
0.59966	0.602267
0.59967	0.568054
0.59968	0.501207
0.59969	0.421564
0.5997	0.381299
0.59971	0.418603
0.59972	0.497822
0.59973	0.565821
0.59974	0.601522
0.59975	0.602191
0.59976	0.567827
0.59977	0.500878
0.59978	0.421289
0.59979	0.381287
0.5998	0.418824
0.59981	0.498059
0.59982	0.565966
0.59983	0.60157
0.59984	0.602162
0.59985	0.567741
0.59986	0.500764
0.59987	0.421202
0.59988	0.381277
0.59989	0.418857
0.5999	0.498081
0.59991	0.565969
0.59992	0.601572
0.59993	0.602181
0.59994	0.567796
0.59995	0.500864
0.59996	0.421304
0.59997	0.381268
0.59998	0.418702
0.59999	0.497888
0.6	0.565832
0.60001	0.601527
0.60002	0.602248
0.60003	0.567993
0.60004	0.501179
0.60005	0.421595
0.60006	0.381261
0.60007	0.41836
0.60008	0.49748
0.60009	0.565552
0.6001	0.601435
0.60011	0.602361
0.60012	0.56833
0.60013	0.501707
0.60014	0.422076
0.60015	0.38126
0.60016	0.417833
0.60017	0.496856
0.60018	0.565129
0.60019	0.601294
0.6002	0.602519
0.60021	0.568805
0.60022	0.502448
0.60023	0.42275
0.60024	0.38127
0.60025	0.417123
0.60026	0.496015
0.60027	0.564561
0.60028	0.601101
0.60029	0.60272
0.6003	0.569416
0.60031	0.5034
0.60032	0.423619
0.60033	0.381297
0.60034	0.416234
0.60035	0.494956
0.60036	0.563844
0.60037	0.600853
0.60038	0.60296
0.60039	0.57016
0.6004	0.504562
0.60041	0.424687
0.60042	0.381351
0.60043	0.415171
0.60044	0.493678
0.60045	0.562975
0.60046	0.600547
0.60047	0.603235
0.60048	0.571033
0.60049	0.505932
0.6005	0.425959
0.60051	0.381441
0.60052	0.413939
0.60053	0.492179
0.60054	0.561949
0.60055	0.600177
0.60056	0.60354
0.60057	0.57203
0.60058	0.507507
0.60059	0.42744
0.6006	0.381581
0.60061	0.412545
0.60062	0.490457
0.60063	0.560762
0.60064	0.599739
0.60065	0.603871
0.60066	0.573145
0.60067	0.509284
0.60068	0.429134
0.60069	0.381785
0.6007	0.410999
0.60071	0.48851
0.60072	0.559407
0.60073	0.599226
0.60074	0.60422
0.60075	0.574373
0.60076	0.511259
0.60077	0.431048
0.60078	0.382068
0.60079	0.409311
0.6008	0.486338
0.60081	0.557878
0.60082	0.598631
0.60083	0.60458
0.60084	0.575705
0.60085	0.513428
0.60086	0.433187
0.60087	0.38245
0.60088	0.407492
0.60089	0.483937
0.6009	0.556169
0.60091	0.597946
0.60092	0.604945
0.60093	0.577136
0.60094	0.515785
0.60095	0.435556
0.60096	0.382947
0.60097	0.405556
0.60098	0.481308
0.60099	0.55427
0.601	0.597163
0.60101	0.605305
0.60102	0.578655
0.60103	0.518324
0.60104	0.438161
0.60105	0.383583
0.60106	0.403519
0.60107	0.478449
0.60108	0.552175
0.60109	0.596272
0.6011	0.605651
0.60111	0.580254
0.60112	0.521039
0.60113	0.441006
0.60114	0.384378
0.60115	0.401401
0.60116	0.475361
0.60117	0.549875
0.60118	0.595264
0.60119	0.605973
0.6012	0.581922
0.60121	0.523922
0.60122	0.444096
0.60123	0.385356
0.60124	0.39922
0.60125	0.472044
0.60126	0.547359
0.60127	0.594127
0.60128	0.60626
0.60129	0.583649
0.6013	0.526963
0.60131	0.447433
0.60132	0.386542
0.60133	0.397002
0.60134	0.468501
0.60135	0.54462
0.60136	0.59285
0.60137	0.606501
0.60138	0.585423
0.60139	0.530153
0.6014	0.451019
0.60141	0.387959
0.60142	0.394773
0.60143	0.464735
0.60144	0.541645
0.60145	0.591421
0.60146	0.606684
0.60147	0.587231
0.60148	0.533481
0.60149	0.454855
0.6015	0.389632
0.60151	0.392563
0.60152	0.460752
0.60153	0.538427
0.60154	0.589826
0.60155	0.606795
0.60156	0.589061
0.60157	0.536935
0.60158	0.458938
0.60159	0.391587
0.6016	0.390403
0.60161	0.45656
0.60162	0.534954
0.60163	0.588051
0.60164	0.606821
0.60165	0.590897
0.60166	0.540501
0.60167	0.463266
0.60168	0.393847
0.60169	0.388331
0.6017	0.452169
0.60171	0.531217
0.60172	0.586082
0.60173	0.606747
0.60174	0.592726
0.60175	0.544165
0.60176	0.467833
0.60177	0.396436
0.60178	0.386386
0.60179	0.447592
0.6018	0.527205
0.60181	0.583903
0.60182	0.606558
0.60183	0.594532
0.60184	0.547913
0.60185	0.472633
0.60186	0.399374
0.60187	0.384609
0.60188	0.442847
0.60189	0.522911
0.6019	0.581499
0.60191	0.606238
0.60192	0.596299
0.60193	0.551726
0.60194	0.477655
0.60195	0.402682
0.60196	0.383047
0.60197	0.437954
0.60198	0.518326
0.60199	0.578852
0.602	0.605769
0.60201	0.598009
0.60202	0.555588
0.60203	0.482887
0.60204	0.406376
0.60205	0.381748
0.60206	0.43294
0.60207	0.513444
0.60208	0.575946
0.60209	0.605134
0.6021	0.599646
0.60211	0.55948
0.60212	0.488315
0.60213	0.410468
0.60214	0.380761
0.60215	0.427834
0.60216	0.508259
0.60217	0.572762
0.60218	0.604315
0.60219	0.60119
0.6022	0.563382
0.60221	0.493922
0.60222	0.414969
0.60223	0.380138
0.60224	0.422675
0.60225	0.502768
0.60226	0.569284
0.60227	0.603292
0.60228	0.602623
0.60229	0.567275
0.6023	0.499688
0.60231	0.419882
0.60232	0.379932
0.60233	0.417504
0.60234	0.496972
0.60235	0.565492
0.60236	0.602044
0.60237	0.603925
0.60238	0.571135
0.60239	0.505592
0.6024	0.425209
0.60241	0.380195
0.60242	0.412371
0.60243	0.490873
0.60244	0.561367
0.60245	0.600552
0.60246	0.605074
0.60247	0.574942
0.60248	0.51161
0.60249	0.430944
0.6025	0.380976
0.60251	0.407333
0.60252	0.48448
0.60253	0.556893
0.60254	0.598792
0.60255	0.606051
0.60256	0.578672
0.60257	0.517717
0.60258	0.437076
0.60259	0.382325
0.6026	0.402454
0.60261	0.477805
0.60262	0.552052
0.60263	0.596742
0.60264	0.606834
0.60265	0.582302
0.60266	0.523883
0.60267	0.44359
0.60268	0.384285
0.60269	0.397804
0.6027	0.470867
0.60271	0.546826
0.60272	0.594379
0.60273	0.607398
0.60274	0.585807
0.60275	0.530081
0.60276	0.450463
0.60277	0.386895
0.60278	0.393461
0.60279	0.463691
0.6028	0.541201
0.60281	0.591679
0.60282	0.607721
0.60283	0.589163
0.60284	0.536278
0.60285	0.457668
0.60286	0.390185
0.60287	0.389508
0.60288	0.456314
0.60289	0.535163
0.6029	0.588616
0.60291	0.607778
0.60292	0.592344
0.60293	0.542444
0.60294	0.465172
0.60295	0.394179
0.60296	0.386035
0.60297	0.448777
0.60298	0.528702
0.60299	0.585165
0.603	0.607544
0.60301	0.595325
0.60302	0.548545
0.60303	0.472937
0.60304	0.398889
0.60305	0.383132
0.60306	0.441137
0.60307	0.521812
0.60308	0.581299
0.60309	0.606993
0.6031	0.59808
0.60311	0.554548
0.60312	0.480922
0.60313	0.404317
0.60314	0.380895
0.60315	0.433458
0.60316	0.514489
0.60317	0.576994
0.60318	0.606097
0.60319	0.60058
0.6032	0.560419
0.60321	0.489081
0.60322	0.410455
0.60323	0.379414
0.60324	0.425821
0.60325	0.506738
0.60326	0.572223
0.60327	0.604828
0.60328	0.6028
0.60329	0.566124
0.6033	0.497363
0.60331	0.41728
0.60332	0.378778
0.60333	0.418318
0.60334	0.498571
0.60335	0.566961
0.60336	0.603158
0.60337	0.604711
0.60338	0.571627
0.60339	0.505719
0.6034	0.424758
0.60341	0.379069
0.60342	0.411053
0.60343	0.490007
0.60344	0.561184
0.60345	0.601056
0.60346	0.606285
0.60347	0.576896
0.60348	0.514095
0.60349	0.432845
0.6035	0.380356
0.60351	0.404148
0.60352	0.481079
0.60353	0.554869
0.60354	0.59849
0.60355	0.607491
0.60356	0.581895
0.60357	0.522435
0.60358	0.441483
0.60359	0.382697
0.6036	0.397733
0.60361	0.471832
0.60362	0.547997
0.60363	0.59543
0.60364	0.6083
0.60365	0.58659
0.60366	0.530687
0.60367	0.450605
0.60368	0.386131
0.60369	0.391948
0.6037	0.462325
0.60371	0.540554
0.60372	0.591841
0.60373	0.608681
0.60374	0.590948
0.60375	0.538795
0.60376	0.460137
0.60377	0.390676
0.60378	0.386943
0.60379	0.452638
0.6038	0.532528
0.60381	0.587692
0.60382	0.608602
0.60383	0.594935
0.60384	0.546706
0.60385	0.469996
0.60386	0.396329
0.60387	0.382868
0.60388	0.442867
0.60389	0.523919
0.6039	0.582948
0.60391	0.608028
0.60392	0.598517
0.60393	0.554369
0.60394	0.480096
0.60395	0.403063
0.60396	0.379871
0.60397	0.433132
0.60398	0.514733
0.60399	0.577577
0.604	0.606927
0.60401	0.601661
0.60402	0.561731
0.60403	0.490345
0.60404	0.410828
0.60405	0.378092
0.60406	0.423575
0.60407	0.50499
0.60408	0.571547
0.60409	0.605261
0.6041	0.604332
0.60411	0.568744
0.60412	0.500653
0.60413	0.41955
0.60414	0.377654
0.60415	0.41436
0.60416	0.494725
0.60417	0.564829
0.60418	0.602995
0.60419	0.606496
0.6042	0.575362
0.60421	0.510929
0.60422	0.429135
0.60423	0.378658
0.60424	0.405673
0.60425	0.48399
0.60426	0.557396
0.60427	0.600089
0.60428	0.608117
0.60429	0.581539
0.6043	0.521083
0.60431	0.43947
0.60432	0.381176
0.60433	0.397719
0.60434	0.472863
0.60435	0.549228
0.60436	0.596504
0.60437	0.60916
0.60438	0.587231
0.60439	0.531031
0.6044	0.450429
0.60441	0.385243
0.60442	0.390713
0.60443	0.461445
0.60444	0.540312
0.60445	0.5922
0.60446	0.609588
0.60447	0.592398
0.60448	0.540689
0.60449	0.461873
0.6045	0.390857
0.60451	0.384881
0.60452	0.449869
0.60453	0.530645
0.60454	0.587138
0.60455	0.609362
0.60456	0.596997
0.60457	0.549981
0.60458	0.473659
0.60459	0.397972
0.6046	0.380442
0.60461	0.438298
0.60462	0.520237
0.60463	0.581277
0.60464	0.608443
0.60465	0.60099
0.60466	0.558837
0.60467	0.485642
0.60468	0.406502
0.60469	0.377599
0.6047	0.426933
0.60471	0.509119
0.60472	0.574579
0.60473	0.606787
0.60474	0.604337
0.60475	0.567188
0.60476	0.497678
0.60477	0.416324
0.60478	0.376531
0.60479	0.416007
0.6048	0.497341
0.60481	0.56701
0.60482	0.604353
0.60483	0.606998
0.60484	0.574975
0.60485	0.509628
0.60486	0.427279
0.60487	0.377374
0.60488	0.405787
0.60489	0.484985
0.6049	0.558542
0.60491	0.601096
0.60492	0.608934
0.60493	0.582141
0.60494	0.521361
0.60495	0.439184
0.60496	0.380212
0.60497	0.396565
0.60498	0.472166
0.60499	0.549153
0.605	0.596968
0.60501	0.610103
0.60502	0.588633
0.60503	0.532755
0.60504	0.451836
0.60505	0.385069
0.60506	0.388646
0.60507	0.459038
0.60508	0.538835
0.60509	0.591923
0.6051	0.610463
0.60511	0.594402
0.60512	0.543698
0.60513	0.465022
0.60514	0.391905
0.60515	0.38234
0.60516	0.445803
0.60517	0.527598
0.60518	0.585915
0.60519	0.609971
0.6052	0.599402
0.60521	0.55409
0.60522	0.478526
0.60523	0.400611
0.60524	0.377938
0.60525	0.432711
0.60526	0.515472
0.60527	0.578898
0.60528	0.608579
0.60529	0.603588
0.6053	0.563842
0.60531	0.492138
0.60532	0.411019
0.60533	0.375696
0.60534	0.420062
0.60535	0.502521
0.60536	0.570832
0.60537	0.606239
0.60538	0.606917
0.60539	0.572873
0.6054	0.50566
0.60541	0.422907
0.60542	0.375809
0.60543	0.408203
0.60544	0.488844
0.60545	0.561683
0.60546	0.6029
0.60547	0.609345
0.60548	0.581115
0.60549	0.518906
0.6055	0.436014
0.60551	0.378398
0.60552	0.397519
0.60553	0.474589
0.60554	0.551427
0.60555	0.59851
0.60556	0.610826
0.60557	0.588504
0.60558	0.53171
0.60559	0.450052
0.6056	0.383489
0.60561	0.388415
0.60562	0.459958
0.60563	0.54006
0.60564	0.593015
0.60565	0.611315
0.60566	0.594983
0.60567	0.543925
0.60568	0.464723
0.60569	0.391014
0.6057	0.381297
0.60571	0.445219
0.60572	0.527598
0.60573	0.586362
0.60574	0.610762
0.60575	0.600502
0.60576	0.555423
0.60577	0.47973
0.60578	0.400805
0.60579	0.37654
0.6058	0.430704
0.60581	0.514092
0.60582	0.578501
0.60583	0.609116
0.60584	0.60501
0.60585	0.566094
0.60586	0.494792
0.60587	0.41261
0.60588	0.37446
0.60589	0.416818
0.6059	0.499635
0.60591	0.569387
0.60592	0.606322
0.60593	0.608462
0.60594	0.575845
0.60595	0.509647
0.60596	0.426106
0.60597	0.375278
0.60598	0.404021
0.60599	0.484375
0.606	0.558988
0.60601	0.602322
0.60602	0.610808
0.60603	0.584596
0.60604	0.524064
0.60605	0.440926
0.60606	0.379095
0.60607	0.39282
0.60608	0.46853
0.60609	0.547287
0.6061	0.597056
0.60611	0.612001
0.60612	0.592278
0.60613	0.537839
0.60614	0.456676
0.60615	0.385879
0.60616	0.383733
0.60617	0.452393
0.60618	0.534296
0.60619	0.590465
0.6062	0.611989
0.60621	0.598833
0.60622	0.550801
0.60623	0.472962
0.60624	0.395459
0.60625	0.377258
0.60626	0.436349
0.60627	0.520062
0.60628	0.58249
0.60629	0.610717
0.6063	0.604205
0.60631	0.562805
0.60632	0.48941
0.60633	0.40754
0.60634	0.373821
0.60635	0.420872
0.60636	0.504684
0.60637	0.573079
0.60638	0.608125
0.60639	0.608344
0.6064	0.573735
0.60641	0.505675
0.60642	0.421722
0.60643	0.373732
0.60644	0.406518
0.60645	0.488328
0.60646	0.562193
0.60647	0.604151
0.60648	0.611199
0.60649	0.583493
0.6065	0.521455
0.60651	0.437538
0.60652	0.377147
0.60653	0.393906
0.60654	0.471245
0.60655	0.549813
0.60656	0.598728
0.60657	0.61272
0.60658	0.592
0.60659	0.536492
0.6066	0.45449
0.60661	0.38404
0.60662	0.383678
0.60663	0.453786
0.60664	0.53595
0.60665	0.591791
0.60666	0.612851
0.60667	0.599191
0.60668	0.550572
0.60669	0.472076
0.6067	0.394201
0.60671	0.376448
0.60672	0.436413
0.60673	0.520666
0.60674	0.583273
0.60675	0.611533
0.60676	0.605006
0.60677	0.563522
0.60678	0.489825
0.60679	0.40725
0.6068	0.372735
0.60681	0.419707
0.60682	0.504082
0.60683	0.573119
0.60684	0.608701
0.60685	0.609393
0.60686	0.575206
0.60687	0.507313
0.60688	0.422678
0.60689	0.372904
0.6069	0.404349
0.60691	0.486411
0.60692	0.561288
0.60693	0.604288
0.60694	0.612299
0.60695	0.585516
0.60696	0.524176
0.60697	0.439894
0.60698	0.377109
0.60699	0.391097
0.607	0.467971
0.60701	0.547764
0.60702	0.598219
0.60703	0.613668
0.60704	0.594366
0.60705	0.540111
0.60706	0.458275
0.60707	0.385263
0.60708	0.380723
0.60709	0.449211
0.6071	0.532579
0.60711	0.590422
0.60712	0.613444
0.60713	0.601688
0.60714	0.554877
0.60715	0.477212
0.60716	0.397047
0.60717	0.373941
0.60718	0.430724
0.60719	0.515824
0.6072	0.580826
0.60721	0.611559
0.60722	0.607423
0.60723	0.568284
0.60724	0.496148
0.60725	0.411933
0.60726	0.371322
0.60727	0.413245
0.60728	0.49768
0.60729	0.569375
0.6073	0.607944
0.60731	0.611515
0.60732	0.58019
0.60733	0.514596
0.60734	0.429254
0.60735	0.373204
0.60736	0.397625
0.60737	0.478445
0.60738	0.556035
0.60739	0.602521
0.6074	0.61391
0.60741	0.590486
0.60742	0.532153
0.60743	0.448268
0.60744	0.379641
0.60745	0.384781
0.60746	0.458565
0.60747	0.540814
0.60748	0.595209
0.60749	0.614549
0.6075	0.599088
0.60751	0.548498
0.60752	0.468224
0.60753	0.390379
0.60754	0.375604
0.60755	0.438651
0.60756	0.523784
0.60757	0.585928
0.60758	0.613366
0.60759	0.605932
0.6076	0.563386
0.60761	0.488424
0.60762	0.404883
0.60763	0.370853
0.60764	0.419496
0.60765	0.50511
0.60766	0.574611
0.60767	0.610289
0.60768	0.610958
0.60769	0.576633
0.6077	0.508254
0.60771	0.42241
0.60772	0.37104
0.60773	0.402051
0.60774	0.485086
0.60775	0.561208
0.60776	0.605236
0.60777	0.614112
0.60778	0.588106
0.60779	0.527205
0.6078	0.442094
0.60781	0.376341
0.60782	0.387371
0.60783	0.464169
0.60784	0.545716
0.60785	0.59812
0.60786	0.615334
0.60787	0.597708
0.60788	0.544877
0.60789	0.463042
0.6079	0.38655
0.60791	0.376515
0.60792	0.443015
0.60793	0.528196
0.60794	0.588853
0.60795	0.614558
0.60796	0.605365
0.60797	0.560965
0.60798	0.484411
0.60799	0.401106
0.608	0.370414
0.60801	0.422495
0.60802	0.508814
0.60803	0.577356
0.60804	0.611708
0.60805	0.611018
0.60806	0.575251
0.60807	0.50546
0.60808	0.419169
0.60809	0.369722
0.6081	0.403679
0.60811	0.487878
0.60812	0.563574
0.60813	0.606699
0.60814	0.614611
0.60815	0.58758
0.60816	0.525582
0.60817	0.439736
0.60818	0.374695
0.60819	0.387773
0.6082	0.46589
0.60821	0.547495
0.60822	0.599435
0.60823	0.616083
0.60824	0.597843
0.60825	0.544303
0.60826	0.461761
0.60827	0.385127
0.60828	0.376004
0.60829	0.443582
0.6083	0.529187
0.60831	0.589823
0.60832	0.615366
0.60833	0.605963
0.60834	0.561274
0.60835	0.484261
0.60836	0.400377
0.60837	0.36945
0.60838	0.421941
0.60839	0.508834
0.6084	0.577774
0.60841	0.61238
0.60842	0.61188
0.60843	0.576246
0.60844	0.506381
0.60845	0.419467
0.60846	0.368859
0.60847	0.402191
0.60848	0.486791
0.60849	0.563231
0.6085	0.607033
0.60851	0.615536
0.60852	0.589053
0.60853	0.527431
0.60854	0.44123
0.60855	0.374493
0.60856	0.385716
0.60857	0.46364
0.60858	0.546188
0.60859	0.599224
0.6086	0.616871
0.60861	0.599583
0.60862	0.546884
0.60863	0.464464
0.60864	0.386064
0.60865	0.373905
0.60866	0.44024
0.60867	0.526732
0.60868	0.588849
0.60869	0.615811
0.6087	0.607759
0.60871	0.564362
0.60872	0.488055
0.60873	0.402771
0.60874	0.367947
0.60875	0.417749
0.60876	0.505096
0.60877	0.575819
0.60878	0.612272
0.60879	0.613521
0.6088	0.57961
0.60881	0.51106
0.60882	0.423441
0.60883	0.368602
0.60884	0.397593
0.60885	0.481724
0.60886	0.560076
0.60887	0.606152
0.60888	0.616812
0.60889	0.592459
0.6089	0.532735
0.60891	0.446715
0.60892	0.376031
0.60893	0.381355
0.60894	0.457335
0.60895	0.541637
0.60896	0.597341
0.60897	0.617567
0.60898	0.602804
0.60899	0.552533
0.609	0.471237
0.60901	0.389742
0.60902	0.37057
0.60903	0.43298
0.60904	0.520638
0.60905	0.585729
0.60906	0.61571
0.60907	0.610572
0.60908	0.570077
0.60909	0.495796
0.6091	0.408678
0.60911	0.366461
0.60912	0.410057
0.60913	0.497403
0.60914	0.571227
0.60915	0.611142
0.60916	0.615707
0.60917	0.585122
0.60918	0.519399
0.60919	0.43141
0.6092	0.369671
0.60921	0.390246
0.60922	0.472522
0.60923	0.553797
0.60924	0.603754
0.60925	0.618151
0.60926	0.597516
0.60927	0.541295
0.60928	0.456382
0.60929	0.380103
0.6093	0.375333
0.60931	0.446932
0.60932	0.533499
0.60933	0.593423
0.60934	0.617832
0.60935	0.607167
0.60936	0.560958
0.60937	0.482114
0.60938	0.396917
0.60939	0.366932
0.6094	0.421967
0.60941	0.510563
0.60942	0.580038
0.60943	0.614663
0.60944	0.614012
0.60945	0.578043
0.60946	0.507349
0.60947	0.418705
0.60948	0.366152
0.60949	0.399341
0.6095	0.485469
0.60951	0.563522
0.60952	0.608532
0.60953	0.617996
0.60954	0.592338
0.60955	0.531108
0.60956	0.443757
0.60957	0.373327
0.60958	0.381013
0.60959	0.459049
0.6096	0.54388
0.60961	0.599314
0.60962	0.619056
0.60963	0.60372
0.60964	0.552691
0.60965	0.47035
0.60966	0.387901
0.60967	0.368917
0.60968	0.432564
0.60969	0.521266
0.6097	0.586881
0.60971	0.617111
0.60972	0.612116
0.60973	0.571634
0.60974	0.496953
0.60975	0.408553
0.60976	0.364585
0.60977	0.407731
0.60978	0.496072
0.60979	0.571129
0.6098	0.612053
0.60981	0.617472
0.60982	0.587653
0.60983	0.522346
0.60984	0.433473
0.60985	0.368771
0.60986	0.386636
0.60987	0.469042
0.60988	0.552019
0.60989	0.603755
0.6099	0.61973
0.60991	0.600588
0.60992	0.545639
0.60993	0.460713
0.60994	0.381236
0.60995	0.371474
0.60996	0.441376
0.60997	0.529649
0.60998	0.592078
0.60999	0.618815
0.61	0.610349
0.61001	0.566238
0.61002	0.488478
0.61003	0.400778
0.61004	0.364145
0.61005	0.414793
0.61006	0.504345
0.61007	0.576896
0.61008	0.614626
0.61009	0.616883
0.6101	0.58378
0.61011	0.515299
0.61012	0.425522
0.61013	0.365797
0.61014	0.39148
0.61015	0.476786
0.61016	0.55814
0.61017	0.607033
0.61018	0.620135
0.61019	0.598062
0.6102	0.540094
0.61021	0.453314
0.61022	0.376489
0.61023	0.373857
0.61024	0.448132
0.61025	0.535865
0.61026	0.595889
0.61027	0.620038
0.61028	0.608978
0.61029	0.562134
0.6103	0.482105
0.61031	0.395148
0.61032	0.364149
0.61033	0.420118
0.61034	0.510352
0.61035	0.581053
0.61036	0.616492
0.61037	0.61647
0.61038	0.580975
0.61039	0.510183
0.6104	0.419836
0.61041	0.363848
0.61042	0.395037
0.61043	0.482239
0.61044	0.56243
0.61045	0.609367
0.61046	0.620489
0.61047	0.596371
0.61048	0.536277
0.61049	0.448204
0.6105	0.373274
0.61051	0.375521
0.61052	0.452677
0.61053	0.540047
0.61054	0.59851
0.61055	0.620972
0.61056	0.608202
0.61057	0.559529
0.61058	0.477955
0.61059	0.391444
0.6106	0.364083
0.61061	0.423449
0.61062	0.514158
0.61063	0.583765
0.61064	0.617823
0.61065	0.616407
0.61066	0.579423
0.61067	0.507149
0.61068	0.416338
0.61069	0.362507
0.6107	0.396975
0.61071	0.485391
0.61072	0.56502
0.61073	0.610908
0.61074	0.620942
0.61075	0.595676
0.61076	0.534342
0.61077	0.445405
0.61078	0.371302
0.61079	0.376105
0.6108	0.454924
0.61081	0.542284
0.61082	0.600067
0.61083	0.621745
0.61084	0.608157
0.61085	0.558567
0.61086	0.476106
0.61087	0.389514
0.61088	0.363617
0.61089	0.424628
0.6109	0.515804
0.61091	0.585132
0.61092	0.618723
0.61093	0.616804
0.61094	0.579244
0.61095	0.506297
0.61096	0.414986
0.61097	0.361522
0.61098	0.397097
0.61099	0.48623
0.611	0.565978
0.61101	0.611737
0.61102	0.621577
0.61103	0.59607
0.61104	0.534385
0.61105	0.444942
0.61106	0.370428
0.61107	0.375415
0.61108	0.454812
0.61109	0.542609
0.6111	0.600617
0.61111	0.622417
0.61112	0.608908
0.61113	0.55932
0.61114	0.476615
0.61115	0.389309
0.61116	0.362604
0.61117	0.42357
0.61118	0.515288
0.61119	0.585184
0.6112	0.619228
0.61121	0.6177
0.61122	0.580488
0.61123	0.507681
0.61124	0.415797
0.61125	0.360825
0.61126	0.395319
0.61127	0.484724
0.61128	0.565307
0.61129	0.611864
0.6113	0.622409
0.61131	0.597576
0.61132	0.536441
0.61133	0.446862
0.61134	0.370668
0.61135	0.373411
0.61136	0.452298
0.61137	0.540996
0.61138	0.600145
0.61139	0.622979
0.6114	0.610451
0.61141	0.561799
0.61142	0.479519
0.61143	0.390902
0.61144	0.361082
0.61145	0.420243
0.61146	0.512561
0.61147	0.58388
0.61148	0.619306
0.61149	0.619066
0.6115	0.583133
0.61151	0.511311
0.61152	0.418859
0.61153	0.360544
0.61154	0.391668
0.61155	0.480817
0.61156	0.562937
0.61157	0.611234
0.61158	0.623388
0.61159	0.600144
0.6116	0.540484
0.61161	0.451227
0.61162	0.372207
0.61163	0.370217
0.61164	0.447344
0.61165	0.537355
0.61166	0.598566
0.61167	0.623355
0.61168	0.612713
0.61169	0.56594
0.6117	0.484834
0.61171	0.394484
0.61172	0.359289
0.61173	0.41468
0.61174	0.507523
0.61175	0.581105
0.61176	0.618855
0.61177	0.620806
0.61178	0.587086
0.61179	0.517148
0.6118	0.424319
0.61181	0.361001
0.61182	0.386296
0.61183	0.474429
0.61184	0.558729
0.61185	0.609714
0.61186	0.624391
0.61187	0.603652
0.61188	0.546421
0.61189	0.458105
0.6119	0.375389
0.61191	0.36614
0.61192	0.439942
0.61193	0.531531
0.61194	0.595721
0.61195	0.623399
0.61196	0.615549
0.61197	0.571609
0.61198	0.492537
0.61199	0.400346
0.612	0.357673
0.61201	0.407004
0.61202	0.500033
0.61203	0.576673
0.61204	0.617701
0.61205	0.622751
0.61206	0.592177
0.61207	0.525086
0.61208	0.43235
0.61209	0.362714
0.6121	0.379518
0.61211	0.465479
0.61212	0.552476
0.61213	0.607103
0.61214	0.625228
0.61215	0.607908
0.61216	0.554085
0.61217	0.467532
0.61218	0.380693
0.61219	0.361701
0.6122	0.430143
0.61221	0.523317
0.61222	0.591375
0.61223	0.622895
0.61224	0.618741
0.61225	0.578591
0.61226	0.502539
0.61227	0.408826
0.61228	0.356905
0.61229	0.397482
0.6123	0.489927
0.61231	0.57032
0.61232	0.615599
0.61233	0.624665
0.61234	0.598162
0.61235	0.534939
0.61236	0.443104
0.61237	0.366371
0.61238	0.371869
0.61239	0.453923
0.6124	0.543902
0.61241	0.60312
0.61242	0.625638
0.61243	0.612643
0.61244	0.563222
0.61245	0.479475
0.61246	0.388673
0.61247	0.357679
0.61248	0.418119
0.61249	0.512464
0.6125	0.585215
0.61251	0.621554
0.61252	0.622005
0.61253	0.586593
0.61254	0.514658
0.61255	0.420245
0.61256	0.357872
0.61257	0.386595
0.61258	0.477055
0.61259	0.561712
0.6126	0.612226
0.61261	0.62624
0.61262	0.604722
0.61263	0.546425
0.61264	0.456645
0.61265	0.372771
0.61266	0.364167
0.61267	0.439812
0.61268	0.53268
0.61269	0.597407
0.6127	0.625289
0.61271	0.617521
0.61272	0.57349
0.61273	0.493782
0.61274	0.399871
0.61275	0.355126
0.61276	0.404254
0.61277	0.498717
0.61278	0.576851
0.61279	0.619011
0.6128	0.624986
0.61281	0.59524
0.61282	0.528594
0.61283	0.434813
0.61284	0.361631
0.61285	0.375143
0.61286	0.461339
0.61287	0.550447
0.61288	0.607178
0.61289	0.627102
0.6129	0.611465
0.61291	0.559156
0.61292	0.472883
0.61293	0.382725
0.61294	0.357578
0.61295	0.423402
0.61296	0.518455
0.61297	0.589521
0.61298	0.623775
0.61299	0.622136
0.613	0.584458
0.61301	0.510147
0.61302	0.414696
0.61303	0.355344
0.61304	0.389269
0.61305	0.48187
0.61306	0.565816
0.61307	0.614819
0.61308	0.627261
0.61309	0.604083
0.6131	0.543912
0.61311	0.45254
0.61312	0.369296
0.61313	0.36434
0.61314	0.442887
0.61315	0.536083
0.61316	0.599967
0.61317	0.626798
0.61318	0.617932
0.61319	0.572639
0.6132	0.491521
0.61321	0.396896
0.61322	0.353622
0.61323	0.40529
0.61324	0.5009
0.61325	0.578937
0.61326	0.620607
0.61327	0.626018
0.61328	0.595613
0.61329	0.528091
0.6133	0.433297
0.61331	0.35978
0.61332	0.374366
0.61333	0.461874
0.61334	0.551585
0.61335	0.608446
0.61336	0.628338
0.61337	0.612604
0.61338	0.560052
0.61339	0.473151
0.6134	0.381849
0.61341	0.355877
0.61342	0.422144
0.61343	0.518174
0.61344	0.590011
0.61345	0.624803
0.61346	0.6236
0.61347	0.586288
0.61348	0.512029
0.61349	0.415626
0.6135	0.354082
0.61351	0.386609
0.61352	0.479812
0.61353	0.565056
0.61354	0.61521
0.61355	0.628628
0.61356	0.606371
0.61357	0.546969
0.61358	0.455446
0.61359	0.369791
0.6136	0.361349
0.61361	0.439009
0.61362	0.533609
0.61363	0.599261
0.61364	0.627646
0.61365	0.620225
0.61366	0.576341
0.61367	0.496058
0.61368	0.399891
0.61369	0.351868
0.6137	0.400127
0.61371	0.496376
0.61372	0.576647
0.61373	0.620498
0.61374	0.627886
0.61375	0.599444
0.61376	0.533658
0.61377	0.438767
0.61378	0.360754
0.61379	0.369215
0.6138	0.455295
0.61381	0.547233
0.61382	0.606908
0.61383	0.629358
0.61384	0.616093
0.61385	0.566001
0.61386	0.480488
0.61387	0.386326
0.61388	0.352631
0.61389	0.414139
0.6139	0.511405
0.61391	0.586539
0.61392	0.624532
0.61393	0.626311
0.61394	0.592028
0.61395	0.520379
0.61396	0.423405
0.61397	0.354586
0.61398	0.378683
0.61399	0.470614
0.614	0.559142
0.61401	0.613167
0.61402	0.630138
0.61403	0.611396
0.61404	0.555488
0.61405	0.465597
0.61406	0.375025
0.61407	0.355774
0.61408	0.428043
0.61409	0.524859
0.6141	0.59492
0.61411	0.627513
0.61412	0.62409
0.61413	0.58432
0.61414	0.507376
0.61415	0.409571
0.61416	0.350988
0.61417	0.389052
0.61418	0.484731
0.61419	0.569468
0.6142	0.618236
0.61421	0.630172
0.61422	0.606317
0.61423	0.545017
0.61424	0.451619
0.61425	0.365953
0.61426	0.360677
0.61427	0.441398
0.61428	0.53677
0.61429	0.601974
0.6143	0.629627
0.61431	0.621397
0.61432	0.57651
0.61433	0.49487
0.61434	0.397381
0.61435	0.349566
0.61436	0.399739
0.61437	0.497529
0.61438	0.57836
0.61439	0.622298
0.6144	0.629628
0.61441	0.601029
0.61442	0.534786
0.61443	0.438734
0.61444	0.358963
0.61445	0.366754
0.61446	0.453907
0.61447	0.547215
0.61448	0.607876
0.61449	0.631041
0.6145	0.618392
0.61451	0.568775
0.61452	0.483053
0.61453	0.38687
0.61454	0.349877
0.61455	0.410284
0.61456	0.508972
0.61457	0.585969
0.61458	0.625521
0.61459	0.628663
0.6146	0.595692
0.61461	0.524978
0.61462	0.427067
0.61463	0.353825
0.61464	0.373482
0.61465	0.465378
0.61466	0.556295
0.61467	0.612787
0.61468	0.631906
0.61469	0.615226
0.6147	0.561284
0.61471	0.472083
0.61472	0.377989
0.61473	0.35147
0.61474	0.42034
0.61475	0.519075
0.61476	0.592439
0.61477	0.628052
0.61478	0.627418
0.61479	0.59046
0.6148	0.515754
0.61481	0.416688
0.61482	0.350256
0.61483	0.380417
0.61484	0.475704
0.61485	0.564122
0.61486	0.616852
0.61487	0.63236
0.61488	0.612037
0.61489	0.554187
0.6149	0.462083
0.61491	0.370633
0.61492	0.353921
0.61493	0.429659
0.61494	0.527886
0.61495	0.597906
0.61496	0.630027
0.61497	0.626021
0.61498	0.585471
0.61499	0.507254
0.615	0.407616
0.61501	0.347948
0.61502	0.387201
0.61503	0.484835
0.61504	0.570807
0.61505	0.620202
0.61506	0.632525
0.61507	0.608952
0.61508	0.547624
0.61509	0.453145
0.6151	0.364649
0.61511	0.356843
0.61512	0.438067
0.61513	0.535469
0.61514	0.602492
0.61515	0.631562
0.61516	0.624589
0.61517	0.580853
0.61518	0.499598
0.61519	0.39983
0.6152	0.346595
0.61521	0.393549
0.61522	0.492758
0.61523	0.576453
0.61524	0.622949
0.61525	0.632509
0.61526	0.606087
0.61527	0.541716
0.61528	0.445328
0.61529	0.359863
0.6153	0.359907
0.61531	0.445449
0.61532	0.541894
0.61533	0.606305
0.61534	0.632761
0.61535	0.623226
0.61536	0.576718
0.61537	0.49288
0.61538	0.39328
0.61539	0.345905
0.6154	0.399244
0.61541	0.499483
0.61542	0.581156
0.61543	0.625193
0.61544	0.632407
0.61545	0.603541
0.61546	0.536567
0.61547	0.438665
0.61548	0.35609
0.61549	0.362835
0.6155	0.451734
0.61551	0.547228
0.61552	0.609436
0.61553	0.633711
0.61554	0.622021
0.61555	0.573166
0.61556	0.487178
0.61557	0.387899
0.61558	0.345621
0.61559	0.404124
0.6156	0.505034
0.61561	0.584998
0.61562	0.627016
0.61563	0.632299
0.61564	0.601404
0.61565	0.532265
0.61566	0.433175
0.61567	0.353156
0.61568	0.365404
0.61569	0.456876
0.6157	0.551534
0.61571	0.611965
0.61572	0.634486
0.61573	0.62105
0.61574	0.570281
0.61575	0.482552
0.61576	0.383613
0.61577	0.345521
0.61578	0.408069
0.61579	0.509436
0.6158	0.588047
0.61581	0.628486
0.61582	0.632253
0.61583	0.599749
0.61584	0.528884
0.61585	0.42886
0.61586	0.350904
0.61587	0.367438
0.61588	0.460851
0.61589	0.554863
0.6159	0.613952
0.61591	0.635146
0.61592	0.620378
0.61593	0.568131
0.61594	0.479046
0.61595	0.380352
0.61596	0.345427
0.61597	0.410991
0.61598	0.512713
0.61599	0.590356
0.616	0.629657
0.61601	0.632321
0.61602	0.598634
0.61603	0.526481
0.61604	0.425721
0.61605	0.349206
0.61606	0.368807
0.61607	0.46364
0.61608	0.557256
0.61609	0.615444
0.6161	0.635736
0.61611	0.620051
0.61612	0.566771
0.61613	0.476696
0.61614	0.378062
0.61615	0.345203
0.61616	0.412829
0.61617	0.514884
0.61618	0.591965
0.61619	0.630567
0.6162	0.632542
0.61621	0.598105
0.61622	0.525099
0.61623	0.423758
0.61624	0.347969
0.61625	0.369416
0.61626	0.465233
0.61627	0.558739
0.61628	0.616474
0.61629	0.636286
0.6163	0.620105
0.61631	0.56624
0.61632	0.475529
0.61633	0.376706
0.61634	0.34476
0.61635	0.413539
0.61636	0.515957
0.61637	0.592897
0.61638	0.631239
0.61639	0.632942
0.6164	0.59819
0.61641	0.524769
0.61642	0.422977
0.61643	0.34714
0.61644	0.369207
0.61645	0.465616
0.61646	0.559324
0.61647	0.617057
0.61648	0.636813
0.61649	0.620556
0.6165	0.566559
0.61651	0.475564
0.61652	0.376274
0.61653	0.344052
0.61654	0.413093
0.61655	0.51593
0.61656	0.593159
0.61657	0.631683
0.61658	0.633529
0.61659	0.598901
0.6166	0.525509
0.61661	0.423391
0.61662	0.346707
0.61663	0.368151
0.61664	0.464774
0.61665	0.559008
0.61666	0.617195
0.61667	0.63732
0.61668	0.62141
0.61669	0.567737
0.6167	0.476818
0.61671	0.376785
0.61672	0.343078
0.61673	0.411475
0.61674	0.51479
0.61675	0.592742
0.61676	0.631893
0.61677	0.634299
0.61678	0.600236
0.61679	0.527321
0.6168	0.425024
0.61681	0.346705
0.61682	0.366256
0.61683	0.462691
0.61684	0.557772
0.61685	0.616872
0.61686	0.637794
0.61687	0.622654
0.61688	0.569765
0.61689	0.479298
0.6169	0.378284
0.61691	0.341886
0.61692	0.40868
0.61693	0.51251
0.61694	0.591623
0.61695	0.631848
0.61696	0.635233
0.61697	0.602176
0.61698	0.530198
0.61699	0.427904
0.617	0.347211
0.61701	0.363561
0.61702	0.459345
0.61703	0.555581
0.61704	0.616059
0.61705	0.638207
0.61706	0.624261
0.61707	0.572617
0.61708	0.483006
0.61709	0.380843
0.6171	0.340571
0.61711	0.404724
0.61712	0.509052
0.61713	0.589759
0.61714	0.631513
0.61715	0.636297
0.61716	0.604685
0.61717	0.534112
0.61718	0.432067
0.61719	0.348347
0.6172	0.360146
0.61721	0.454716
0.61722	0.552384
0.61723	0.614709
0.61724	0.63852
0.61725	0.626188
0.61726	0.576251
0.61727	0.487932
0.61728	0.384556
0.61729	0.33928
0.6173	0.399639
0.61731	0.504368
0.61732	0.587092
0.61733	0.630837
0.61734	0.637442
0.61735	0.607711
0.61736	0.539023
0.61737	0.437544
0.61738	0.350277
0.61739	0.356134
0.6174	0.448785
0.61741	0.548117
0.61742	0.61276
0.61743	0.638674
0.61744	0.628378
0.61745	0.580609
0.61746	0.494052
0.61747	0.389531
0.61748	0.338217
0.61749	0.393487
0.6175	0.498399
0.61751	0.583547
0.61752	0.629752
0.61753	0.638604
0.61754	0.611186
0.61755	0.54487
0.61756	0.444361
0.61757	0.353199
0.61758	0.351705
0.61759	0.441546
0.6176	0.542696
0.61761	0.610131
0.61762	0.6386
0.61763	0.630757
0.61764	0.585611
0.61765	0.501322
0.61766	0.395882
0.61767	0.337636
0.61768	0.386371
0.61769	0.491085
0.6177	0.579032
0.61771	0.628178
0.61772	0.639706
0.61773	0.615025
0.61774	0.551573
0.61775	0.452527
0.61776	0.357337
0.61777	0.347098
0.61778	0.43301
0.61779	0.536029
0.6178	0.606725
0.61781	0.638209
0.61782	0.633239
0.61783	0.591164
0.61784	0.509679
0.61785	0.403713
0.61786	0.337848
0.61787	0.378445
0.61788	0.482365
0.61789	0.573436
0.6179	0.626012
0.61791	0.640654
0.61792	0.61913
0.61793	0.559032
0.61794	0.462024
0.61795	0.362928
0.61796	0.342627
0.61797	0.42322
0.61798	0.528008
0.61799	0.602426
0.618	0.637401
0.61801	0.635721
0.61802	0.597154
0.61803	0.519031
0.61804	0.413107
0.61805	0.339207
0.61806	0.369935
0.61807	0.472188
0.61808	0.566631
0.61809	0.623139
0.6181	0.641341
0.61811	0.623386
0.61812	0.567124
0.61813	0.472803
0.61814	0.370204
0.61815	0.338681
0.61816	0.412271
0.61817	0.518523
0.61818	0.597099
0.61819	0.636055
0.6182	0.638087
0.61821	0.603454
0.61822	0.529257
0.61823	0.424108
0.61824	0.342101
0.61825	0.361154
0.61826	0.460526
0.61827	0.558474
0.61828	0.619421
0.61829	0.641645
0.6183	0.627666
0.61831	0.575708
0.61832	0.484775
0.61833	0.379367
0.61834	0.335727
0.61835	0.400326
0.61836	0.507463
0.61837	0.590588
0.61838	0.634036
0.61839	0.640209
0.6184	0.609919
0.61841	0.54021
0.61842	0.43671
0.61843	0.346922
0.61844	0.352519
0.61845	0.447393
0.61846	0.54881
0.61847	0.614701
0.61848	0.641428
0.61849	0.631828
0.6185	0.584621
0.61851	0.497806
0.61852	0.390565
0.61853	0.334301
0.61854	0.387651
0.61855	0.494729
0.61856	0.58272
0.61857	0.631187
0.61858	0.641941
0.61859	0.616392
0.6186	0.551713
0.61861	0.450839
0.61862	0.354042
0.61863	0.344569
0.61864	0.432871
0.61865	0.537475
0.61866	0.608801
0.61867	0.640534
0.61868	0.635718
0.61869	0.593685
0.6187	0.511718
0.61871	0.403868
0.61872	0.334984
0.61873	0.374639
0.61874	0.480256
0.61875	0.573301
0.61876	0.627332
0.61877	0.643127
0.61878	0.622704
0.61879	0.563565
0.6188	0.466353
0.61881	0.363767
0.61882	0.337962
0.61883	0.417142
0.61884	0.524308
0.61885	0.601519
0.61886	0.638789
0.61887	0.639171
0.61888	0.602709
0.61889	0.52629
0.6189	0.419245
0.61891	0.338359
0.61892	0.361843
0.61893	0.464032
0.61894	0.562123
0.61895	0.622273
0.61896	0.643593
0.61897	0.628674
0.61898	0.575543
0.61899	0.483036
0.619	0.376296
0.61901	0.333462
0.61902	0.400532
0.61903	0.509167
0.61904	0.592632
0.61905	0.636
0.61906	0.642009
0.61907	0.611489
0.61908	0.541268
0.61909	0.43655
0.6191	0.344954
0.61911	0.349996
0.61912	0.446143
0.61913	0.548971
0.61914	0.615784
0.61915	0.643148
0.61916	0.634112
0.61917	0.587411
0.61918	0.500606
0.61919	0.39168
0.6192	0.331894
0.61921	0.383558
0.61922	0.491954
0.61923	0.581895
0.61924	0.631948
0.61925	0.644038
0.61926	0.619813
0.61927	0.556367
0.61928	0.455519
0.61929	0.355173
0.6193	0.340018
0.61931	0.42682
0.61932	0.533636
0.61933	0.607615
0.61934	0.64158
0.61935	0.638819
0.61936	0.598924
0.61937	0.518726
0.61938	0.409794
0.61939	0.334071
0.6194	0.366974
0.61941	0.472653
0.61942	0.569044
0.61943	0.626389
0.61944	0.645052
0.61945	0.627466
0.61946	0.571288
0.61947	0.475784
0.61948	0.369219
0.61949	0.332973
0.6195	0.406508
0.61951	0.515938
0.61952	0.597488
0.61953	0.638655
0.61954	0.642583
0.61955	0.60983
0.61956	0.537023
0.61957	0.430328
0.61958	0.340686
0.61959	0.351802
0.6196	0.451393
0.61961	0.553811
0.61962	0.619048
0.61963	0.644825
0.61964	0.634224
0.61965	0.585727
0.61966	0.49689
0.61967	0.387039
0.61968	0.329998
0.61969	0.385932
0.6197	0.495768
0.61971	0.585099
0.61972	0.634112
0.61973	0.645183
0.61974	0.619881
0.61975	0.555106
0.61976	0.452798
0.61977	0.35219
0.61978	0.339325
0.61979	0.42852
0.6198	0.535945
0.61981	0.60962
0.61982	0.643107
0.61983	0.639857
0.61984	0.599381
0.61985	0.518331
0.61986	0.408297
0.61987	0.332152
0.61988	0.366168
0.61989	0.473147
0.6199	0.57013
0.61991	0.627653
0.61992	0.646377
0.61993	0.628826
0.61994	0.572582
0.61995	0.476592
0.61996	0.368687
0.61997	0.331006
0.61998	0.4047
0.61999	0.515249
0.62	0.597764
0.62001	0.639619
0.62002	0.644129
0.62003	0.611956
0.62004	0.53958
0.62005	0.432386
0.62006	0.340241
0.62007	0.348671
0.62008	0.44832
0.62009	0.552262
0.6201	0.618947
0.62011	0.645905
0.62012	0.636417
0.62013	0.589077
0.62014	0.501015
0.62015	0.389866
0.62016	0.328327
0.62017	0.381024
0.62018	0.491645
0.62019	0.583113
0.6202	0.634048
0.62021	0.646786
0.62022	0.623172
0.62023	0.560122
0.62024	0.45849
0.62025	0.354627
0.62026	0.33522
0.62027	0.421877
0.62028	0.531219
0.62029	0.607622
0.6203	0.643472
0.62031	0.642402
0.62032	0.604239
0.62033	0.525349
0.62034	0.415002
0.62035	0.332537
0.62036	0.359078
0.62037	0.465276
0.62038	0.565292
0.62039	0.626037
0.6204	0.647557
0.62041	0.632756
0.62042	0.579478
0.62043	0.485667
0.62044	0.375095
0.62045	0.327746
0.62046	0.394897
0.62047	0.506831
0.62048	0.593267
0.62049	0.638749
0.6205	0.646519
0.62051	0.617746
0.62052	0.548908
0.62053	0.443042
0.62054	0.344358
0.62055	0.340939
0.62056	0.436652
0.62057	0.54395
0.62058	0.615182
0.62059	0.646136
0.6206	0.640444
0.62061	0.597221
0.62062	0.512946
0.62063	0.40083
0.62064	0.328006
0.62065	0.36908
0.62066	0.479148
0.62067	0.57545
0.62068	0.631357
0.62069	0.648485
0.6207	0.629302
0.62071	0.571076
0.62072	0.472736
0.62073	0.363754
0.62074	0.328996
0.62075	0.406841
0.62076	0.518834
0.62077	0.601033
0.62078	0.642178
0.62079	0.645965
0.6208	0.612975
0.62081	0.539416
0.62082	0.430513
0.62083	0.337171
0.62084	0.346786
0.62085	0.448611
0.62086	0.553754
0.62087	0.620862
0.62088	0.647988
0.62089	0.638627
0.6209	0.591323
0.62091	0.502797
0.62092	0.389843
0.62093	0.325564
0.62094	0.377651
0.62095	0.489911
0.62096	0.583104
0.62097	0.635284
0.62098	0.649031
0.62099	0.626416
0.621	0.564282
0.62101	0.462532
0.62102	0.355445
0.62103	0.330879
0.62104	0.416286
0.62105	0.527847
0.62106	0.606772
0.62107	0.644668
0.62108	0.645443
0.62109	0.609212
0.6211	0.532029
0.62111	0.421022
0.62112	0.332316
0.62113	0.351742
0.62114	0.457571
0.62115	0.56091
0.62116	0.624989
0.62117	0.649322
0.62118	0.63725
0.62119	0.586891
0.6212	0.495215
0.62121	0.381895
0.62122	0.324261
0.62123	0.384117
0.62124	0.49763
0.62125	0.588547
0.62126	0.638104
0.62127	0.649462
0.62128	0.624386
0.62129	0.559424
0.6213	0.455254
0.62131	0.349733
0.62132	0.332474
0.62133	0.422908
0.62134	0.534054
0.62135	0.610756
0.62136	0.646465
0.62137	0.645196
0.62138	0.606735
0.62139	0.527036
0.6214	0.414595
0.62141	0.329141
0.62142	0.3551
0.62143	0.463466
0.62144	0.56564
0.62145	0.627797
0.62146	0.650355
0.62147	0.636539
0.62148	0.584189
0.62149	0.490425
0.6215	0.376811
0.62151	0.323372
0.62152	0.388054
0.62153	0.502383
0.62154	0.591992
0.62155	0.640015
0.62156	0.649965
0.62157	0.623423
0.62158	0.556741
0.62159	0.451023
0.6216	0.346257
0.62161	0.333148
0.62162	0.426527
0.62163	0.537591
0.62164	0.613167
0.62165	0.647736
0.62166	0.645391
0.62167	0.605739
0.62168	0.524637
0.62169	0.411232
0.6217	0.327175
0.62171	0.356415
0.62172	0.46627
0.62173	0.568085
0.62174	0.629438
0.62175	0.651223
0.62176	0.636642
0.62177	0.58339
0.62178	0.488572
0.62179	0.374465
0.6218	0.322436
0.62181	0.389214
0.62182	0.504217
0.62183	0.593559
0.62184	0.641134
0.62185	0.650653
0.62186	0.623654
0.62187	0.556381
0.62188	0.449923
0.62189	0.344807
0.6219	0.332537
0.62191	0.427037
0.62192	0.538524
0.62193	0.6141
0.62194	0.648568
0.62195	0.646117
0.62196	0.606329
0.62197	0.52495
0.62198	0.410953
0.62199	0.326191
0.622	0.355457
0.62201	0.465951
0.62202	0.5683
0.62203	0.629973
0.62204	0.651986
0.62205	0.637625
0.62206	0.584578
0.62207	0.489742
0.62208	0.37484
0.62209	0.321271
0.6221	0.387471
0.62211	0.503123
0.62212	0.593282
0.62213	0.641497
0.62214	0.651561
0.62215	0.625124
0.62216	0.558404
0.62217	0.452016
0.62218	0.345372
0.62219	0.330537
0.6222	0.424367
0.62221	0.536837
0.62222	0.613557
0.62223	0.648968
0.62224	0.647383
0.62225	0.608524
0.62226	0.528012
0.62227	0.413824
0.62228	0.326229
0.62229	0.352183
0.6223	0.462452
0.62231	0.566249
0.62232	0.62938
0.62233	0.652627
0.62234	0.639471
0.62235	0.587745
0.62236	0.493962
0.62237	0.378046
0.62238	0.319989
0.62239	0.382804
0.6224	0.499029
0.62241	0.591097
0.62242	0.641054
0.62243	0.652645
0.62244	0.627784
0.62245	0.562776
0.62246	0.457347
0.62247	0.348155
0.62248	0.327311
0.62249	0.418477
0.6225	0.532429
0.62251	0.611453
0.62252	0.648865
0.62253	0.649118
0.62254	0.612247
0.62255	0.533775
0.62256	0.419953
0.62257	0.327609
0.62258	0.346753
0.62259	0.455686
0.6226	0.561799
0.62261	0.62755
0.62262	0.65305
0.62263	0.642079
0.62264	0.592782
0.62265	0.501194
0.62266	0.384315
0.62267	0.319006
0.62268	0.375314
0.62269	0.491795
0.6227	0.586846
0.62271	0.639676
0.62272	0.653783
0.62273	0.631503
0.62274	0.569364
0.62275	0.465927
0.62276	0.353556
0.62277	0.323307
0.62278	0.409374
0.62279	0.525111
0.6228	0.607606
0.62281	0.648107
0.62282	0.651173
0.62283	0.617329
0.62284	0.542096
0.62285	0.429461
0.62286	0.330919
0.62287	0.339564
0.62288	0.445559
0.62289	0.554724
0.6229	0.624283
0.62291	0.653079
0.62292	0.645267
0.62293	0.599485
0.62294	0.511311
0.62295	0.393948
0.62296	0.319057
0.62297	0.365276
0.62298	0.481231
0.62299	0.580273
0.623	0.637144
0.62301	0.654775
0.62302	0.636061
0.62303	0.577934
0.62304	0.477696
0.62305	0.36212
0.62306	0.319312
0.62307	0.39717
0.62308	0.514618
0.62309	0.601738
0.6231	0.646457
0.62311	0.653317
0.62312	0.623511
0.62313	0.552725
0.62314	0.442422
0.62315	0.33697
0.62316	0.331334
0.62317	0.432011
0.62318	0.544702
0.62319	0.619283
0.6232	0.65246
0.62321	0.648772
0.62322	0.607556
0.62323	0.524077
0.62324	0.407235
0.62325	0.321179
0.62326	0.353231
0.62327	0.46713
0.62328	0.571018
0.62329	0.633148
0.6233	0.655344
0.62331	0.641156
0.62332	0.588149
0.62333	0.492476
0.62334	0.37444
0.62335	0.316479
0.62336	0.382172
0.62337	0.500628
0.62338	0.593465
0.62339	0.643592
0.6234	0.655246
0.62341	0.630449
0.62342	0.565297
0.62343	0.458788
0.62344	0.346703
0.62345	0.323181
0.62346	0.415106
0.62347	0.531327
0.62348	0.61215
0.62349	0.650852
0.6235	0.652255
0.62351	0.616602
0.62352	0.539121
0.62353	0.424351
0.62354	0.326653
0.62355	0.34012
0.62356	0.449336
0.62357	0.558621
0.62358	0.627278
0.62359	0.655128
0.6236	0.646412
0.62361	0.59957
0.62362	0.509931
0.62363	0.39101
0.62364	0.316333
0.62365	0.365035
0.62366	0.482806
0.62367	0.582294
0.62368	0.639092
0.62369	0.656576
0.6237	0.63772
0.62371	0.579329
0.62372	0.478317
0.62373	0.36103
0.62374	0.316709
0.62375	0.395173
0.62376	0.514137
0.62377	0.602372
0.62378	0.647825
0.62379	0.655305
0.6238	0.626151
0.62381	0.555929
0.62382	0.445234
0.62383	0.336847
0.62384	0.32743
0.62385	0.427865
0.62386	0.542532
0.62387	0.619012
0.62388	0.653686
0.62389	0.651381
0.6239	0.611667
0.62391	0.529539
0.62392	0.412064
0.62393	0.320666
0.62394	0.346963
0.62395	0.460902
0.62396	0.56762
0.62397	0.632428
0.62398	0.656846
0.62399	0.644834
0.624	0.594234
0.62401	0.50052
0.62402	0.380608
0.62403	0.313996
0.62404	0.373026
0.62405	0.492675
0.62406	0.589315
0.62407	0.642846
0.62408	0.657436
0.62409	0.63566
0.6241	0.573854
0.62411	0.469496
0.62412	0.35297
0.62413	0.317303
0.62414	0.403111
0.62415	0.522146
0.62416	0.607701
0.62417	0.650478
0.62418	0.655548
0.62419	0.623839
0.6242	0.550598
0.62421	0.437419
0.62422	0.331295
0.62423	0.32992
0.62424	0.434922
0.62425	0.548742
0.62426	0.622948
0.62427	0.655508
0.62428	0.651238
0.62429	0.609339
0.6243	0.524656
0.62431	0.40561
0.62432	0.317421
0.62433	0.350247
0.62434	0.466621
0.62435	0.572221
0.62436	0.635262
0.62437	0.658087
0.62438	0.644532
0.62439	0.59214
0.6244	0.49639
0.62441	0.375726
0.62442	0.312501
0.62443	0.376157
0.62444	0.496898
0.62445	0.592558
0.62446	0.644853
0.62447	0.658332
0.62448	0.635429
0.62449	0.572257
0.6245	0.466394
0.62451	0.349642
0.62452	0.316765
0.62453	0.405422
0.62454	0.52492
0.62455	0.609856
0.62456	0.651912
0.62457	0.656325
0.62458	0.623914
0.62459	0.549767
0.6246	0.435541
0.62461	0.32923
0.62462	0.329486
0.62463	0.436048
0.62464	0.550236
0.62465	0.624281
0.62466	0.656605
0.62467	0.652119
0.62468	0.609969
0.62469	0.524849
0.6247	0.405008
0.62471	0.316059
0.62472	0.349184
0.62473	0.466454
0.62474	0.572663
0.62475	0.636025
0.62476	0.659072
0.62477	0.645743
0.62478	0.593581
0.62479	0.497826
0.6248	0.376249
0.62481	0.311104
0.62482	0.373961
0.62483	0.49551
0.62484	0.592197
0.62485	0.645281
0.62486	0.65942
0.62487	0.637204
0.62488	0.574767
0.62489	0.469211
0.6249	0.350889
0.62491	0.314561
0.62492	0.401853
0.62493	0.522493
0.62494	0.608938
0.62495	0.652224
0.62496	0.65773
0.62497	0.626495
0.62498	0.553597
0.62499	0.439743
0.625	0.330555
0.62501	0.325825
0.62502	0.431095
0.62503	0.547004
0.62504	0.623039
0.62505	0.657009
0.62506	0.654057
0.62507	0.613607
0.62508	0.530215
0.62509	0.410407
0.6251	0.316639
0.62511	0.343647
0.62512	0.46027
0.62513	0.568874
0.62514	0.634675
0.62515	0.659768
0.62516	0.648436
0.62517	0.598534
0.62518	0.504881
0.62519	0.382416
0.6252	0.31007
0.62521	0.366399
0.62522	0.488342
0.62523	0.588092
0.62524	0.644023
0.62525	0.660605
0.62526	0.640883
0.62527	0.581291
0.62528	0.477998
0.62529	0.357137
0.6253	0.311147
0.62531	0.392361
0.62532	0.514628
0.62533	0.604739
0.62534	0.651247
0.62535	0.659603
0.62536	0.631403
0.62537	0.561928
0.62538	0.450142
0.62539	0.335973
0.6254	0.319505
0.62541	0.419945
0.62542	0.538729
0.62543	0.618951
0.62544	0.656494
0.62545	0.656823
0.62546	0.619995
0.62547	0.540552
0.62548	0.422081
0.62549	0.320185
0.6255	0.334207
0.62551	0.447833
0.62552	0.560458
0.62553	0.630883
0.62554	0.659889
0.62555	0.652307
0.62556	0.606659
0.62557	0.517345
0.62558	0.39477
0.62559	0.310718
0.6256	0.353936
0.62561	0.475024
0.62562	0.579774
0.62563	0.640697
0.62564	0.66154
0.62565	0.646083
0.62566	0.591405
0.62567	0.492594
0.62568	0.369309
0.62569	0.308049
0.6257	0.37722
0.62571	0.500823
0.62572	0.596729
0.62573	0.648545
0.62574	0.661531
0.62575	0.638168
0.62576	0.574268
0.62577	0.46671
0.62578	0.34687
0.62579	0.31212
0.6258	0.402632
0.62581	0.524791
0.62582	0.611431
0.62583	0.654569
0.62584	0.659932
0.62585	0.628569
0.62586	0.555314
0.62587	0.440244
0.62588	0.328582
0.62589	0.322369
0.6259	0.428923
0.62591	0.546693
0.62592	0.624012
0.62593	0.658892
0.62594	0.656794
0.62595	0.617294
0.62596	0.53466
0.62597	0.413894
0.62598	0.315396
0.62599	0.337844
0.626	0.455091
0.62601	0.566438
0.62602	0.634618
0.62603	0.661621
0.62604	0.652156
0.62605	0.604353
0.62606	0.512488
0.62607	0.388488
0.62608	0.307962
0.62609	0.357365
0.6261	0.480392
0.62611	0.584033
0.62612	0.64339
0.62613	0.662849
0.62614	0.646046
0.62615	0.589768
0.62616	0.489063
0.62617	0.364944
0.62618	0.306541
0.62619	0.379691
0.6262	0.504318
0.62621	0.599547
0.62622	0.650463
0.62623	0.662649
0.62624	0.638484
0.62625	0.573578
0.62626	0.464742
0.62627	0.344213
0.62628	0.310977
0.62629	0.403658
0.6263	0.526554
0.62631	0.613085
0.62632	0.655958
0.62633	0.661084
0.62634	0.629487
0.62635	0.555851
0.62636	0.439988
0.62637	0.327188
0.62638	0.320738
0.62639	0.428261
0.6264	0.546937
0.62641	0.62477
0.62642	0.659983
0.62643	0.658205
0.62644	0.619068
0.62645	0.536689
0.62646	0.415368
0.62647	0.314611
0.62648	0.335011
0.62649	0.452694
0.6265	0.565409
0.62651	0.63473
0.62652	0.662635
0.62653	0.65405
0.62654	0.607245
0.62655	0.516246
0.62656	0.391538
0.62657	0.30699
0.62658	0.352823
0.62659	0.476356
0.6266	0.581987
0.62661	0.643089
0.62662	0.663996
0.62663	0.648652
0.62664	0.594044
0.62665	0.494728
0.62666	0.369218
0.62667	0.30454
0.62668	0.373157
0.62669	0.498832
0.6267	0.596735
0.62671	0.649966
0.62672	0.664135
0.62673	0.642037
0.62674	0.579502
0.62675	0.472411
0.62676	0.349149
0.62677	0.307166
0.62678	0.395057
0.62679	0.519855
0.6268	0.609745
0.62681	0.655468
0.62682	0.663114
0.62683	0.634227
0.62684	0.563676
0.62685	0.449637
0.62686	0.332036
0.62687	0.314486
0.62688	0.41768
0.62689	0.53928
0.6269	0.621123
0.62691	0.659694
0.62692	0.660982
0.62693	0.625243
0.62694	0.546644
0.62695	0.426821
0.62696	0.318487
0.62697	0.325899
0.62698	0.44034
0.62699	0.55705
0.627	0.63098
0.62701	0.662732
0.62702	0.657783
0.62703	0.615107
0.62704	0.528515
0.62705	0.404438
0.62706	0.308955
0.62707	0.34066
0.62708	0.462504
0.62709	0.573168
0.6271	0.639426
0.62711	0.664658
0.62712	0.653553
0.62713	0.603847
0.62714	0.509435
0.62715	0.383014
0.62716	0.303697
0.62717	0.357968
0.62718	0.483786
0.62719	0.587682
0.6272	0.646564
0.62721	0.665541
0.62722	0.648325
0.62723	0.591496
0.62724	0.489587
0.62725	0.363096
0.62726	0.302749
0.62727	0.377036
0.62728	0.503926
0.62729	0.600662
0.6273	0.652493
0.62731	0.665441
0.62732	0.642127
0.62733	0.578095
0.62734	0.469198
0.62735	0.345223
0.62736	0.305936
0.62737	0.397149
0.62738	0.522764
0.62739	0.612196
0.6274	0.657302
0.62741	0.664409
0.62742	0.634985
0.62743	0.563702
0.62744	0.448538
0.62745	0.329891
0.62746	0.3129
0.62747	0.417691
0.62748	0.540219
0.62749	0.622376
0.6275	0.661074
0.62751	0.662494
0.62752	0.626927
0.62753	0.548387
0.62754	0.427917
0.62755	0.317516
0.62756	0.323145
0.62757	0.43816
0.62758	0.556267
0.62759	0.631296
0.6276	0.663881
0.62761	0.659735
0.62762	0.61798
0.62763	0.532241
0.62764	0.407682
0.62765	0.308398
0.62766	0.336091
0.62767	0.45817
0.62768	0.570924
0.62769	0.639048
0.6277	0.665792
0.62771	0.656171
0.62772	0.608175
0.62773	0.515375
0.62774	0.3882
0.62775	0.302707
0.62776	0.351133
0.62777	0.477435
0.62778	0.584236
0.62779	0.64572
0.6278	0.666864
0.62781	0.651834
0.62782	0.597545
0.62783	0.497923
0.62784	0.369851
0.62785	0.300465
0.62786	0.367679
0.62787	0.495759
0.62788	0.596264
0.62789	0.651395
0.6279	0.667154
0.62791	0.646756
0.62792	0.586131
0.62793	0.480041
0.62794	0.353004
0.62795	0.301557
0.62796	0.385184
0.62797	0.513019
0.62798	0.60708
0.62799	0.656148
0.628	0.666709
0.62801	0.640968
0.62802	0.57398
0.62803	0.46191
0.62804	0.338001
0.62805	0.305745
0.62806	0.403175
0.62807	0.529146
0.62808	0.616761
0.62809	0.66005
0.6281	0.665573
0.62811	0.6345
0.62812	0.561147
0.62813	0.44373
0.62814	0.325136
0.62815	0.312698
0.62816	0.421254
0.62817	0.544118
0.62818	0.625385
0.62819	0.663165
0.6282	0.663788
0.62821	0.627382
0.62822	0.547698
0.62823	0.425719
0.62824	0.314638
0.62825	0.322021
0.62826	0.439104
0.62827	0.557941
0.62828	0.633027
0.62829	0.665553
0.6283	0.661392
0.62831	0.619644
0.62832	0.533705
0.62833	0.408109
0.62834	0.306658
0.62835	0.333288
0.62836	0.45648
0.62837	0.570646
0.62838	0.639763
0.62839	0.667267
0.6284	0.658418
0.62841	0.611321
0.62842	0.519255
0.62843	0.391133
0.62844	0.301265
0.62845	0.346069
0.62846	0.473205
0.62847	0.582275
0.62848	0.64566
0.62849	0.668358
0.6285	0.654901
0.62851	0.602447
0.62852	0.504443
0.62853	0.375024
0.62854	0.298441
0.62855	0.359954
0.62856	0.489154
0.62857	0.592884
0.62858	0.650785
0.62859	0.668871
0.6286	0.650873
0.62861	0.593061
0.62862	0.489373
0.62863	0.360004
0.62864	0.298089
0.62865	0.37457
0.62866	0.504248
0.62867	0.60253
0.62868	0.655198
0.62869	0.668849
0.6287	0.646365
0.62871	0.583204
0.62872	0.47416
0.62873	0.346271
0.62874	0.300044
0.62875	0.389588
0.62876	0.518445
0.62877	0.611275
0.62878	0.658958
0.62879	0.668331
0.6288	0.641408
0.62881	0.572922
0.62882	0.458925
0.62883	0.333996
0.62884	0.304091
0.62885	0.40473
0.62886	0.53173
0.62887	0.61918
0.62888	0.662115
0.62889	0.667354
0.6289	0.636033
0.62891	0.562262
0.62892	0.443794
0.62893	0.323315
0.62894	0.309974
0.62895	0.419766
0.62896	0.544108
0.62897	0.626306
0.62898	0.66472
0.62899	0.665953
0.629	0.630271
0.62901	0.551278
0.62902	0.428897
0.62903	0.31432
0.62904	0.31742
0.62905	0.434514
0.62906	0.555601
0.62907	0.63271
0.62908	0.666817
0.62909	0.664162
0.6291	0.624153
0.62911	0.540025
0.62912	0.414361
0.62913	0.307062
0.62914	0.326149
0.62915	0.448835
0.62916	0.56624
0.62917	0.638447
0.62918	0.66845
0.62919	0.662011
0.6292	0.617712
0.62921	0.528564
0.62922	0.40031
0.62923	0.301545
0.62924	0.335888
0.62925	0.462626
0.62926	0.576061
0.62927	0.643571
0.62928	0.669657
0.62929	0.659532
0.6293	0.61098
0.62931	0.516955
0.62932	0.386862
0.62933	0.297736
0.62934	0.346381
0.62935	0.475814
0.62936	0.585109
0.62937	0.648129
0.62938	0.670476
0.62939	0.656755
0.6294	0.603993
0.62941	0.505263
0.62942	0.374123
0.62943	0.295561
0.62944	0.357393
0.62945	0.488354
0.62946	0.593427
0.62947	0.652169
0.62948	0.67094
0.62949	0.653707
0.6295	0.596784
0.62951	0.493554
0.62952	0.362186
0.62953	0.294915
0.62954	0.368716
0.62955	0.500219
0.62956	0.601061
0.62957	0.655733
0.62958	0.671083
0.62959	0.650418
0.6296	0.589391
0.62961	0.481893
0.62962	0.351127
0.62963	0.295671
0.62964	0.380171
0.62965	0.5114
0.62966	0.608056
0.62967	0.658863
0.62968	0.670936
0.62969	0.646917
0.6297	0.581849
0.62971	0.470345
0.62972	0.341006
0.62973	0.297683
0.62974	0.391606
0.62975	0.521899
0.62976	0.614456
0.62977	0.661595
0.62978	0.670527
0.62979	0.64323
0.6298	0.574196
0.62981	0.458974
0.62982	0.331862
0.62983	0.300793
0.62984	0.402895
0.62985	0.531729
0.62986	0.620303
0.62987	0.663964
0.62988	0.669885
0.62989	0.639385
0.6299	0.56647
0.62991	0.44784
0.62992	0.323717
0.62993	0.304842
0.62994	0.413938
0.62995	0.540907
0.62996	0.625638
0.62997	0.666005
0.62998	0.669037
0.62999	0.63541
0.63	0.558708
0.63001	0.437
0.63002	0.316572
0.63003	0.30967
0.63004	0.424654
0.63005	0.549458
0.63006	0.630499
0.63007	0.667748
0.63008	0.668008
0.63009	0.631331
0.6301	0.550949
0.63011	0.426506
0.63012	0.310412
0.63013	0.315123
0.63014	0.434982
0.63015	0.557408
0.63016	0.634923
0.63017	0.669221
0.63018	0.666823
0.63019	0.627177
0.6302	0.54323
0.63021	0.416404
0.63022	0.305205
0.63023	0.321056
0.63024	0.444878
0.63025	0.564786
0.63026	0.638944
0.63027	0.670453
0.63028	0.665505
0.63029	0.622973
0.6303	0.535587
0.63031	0.406735
0.63032	0.300906
0.63033	0.327336
0.63034	0.454311
0.63035	0.57162
0.63036	0.642594
0.63037	0.671468
0.63038	0.664078
0.63039	0.618746
0.6304	0.528058
0.63041	0.397533
0.63042	0.297457
0.63043	0.333841
0.63044	0.463259
0.63045	0.57794
0.63046	0.645903
0.63047	0.67229
0.63048	0.662563
0.63049	0.614522
0.6305	0.520675
0.63051	0.388822
0.63052	0.294792
0.63053	0.340462
0.63054	0.471711
0.63055	0.583776
0.63056	0.6489
0.63057	0.672942
0.63058	0.660982
0.63059	0.610327
0.6306	0.513473
0.63061	0.380624
0.63062	0.292838
0.63063	0.347106
0.63064	0.479664
0.63065	0.589155
0.63066	0.651609
0.63067	0.673444
0.63068	0.659356
0.63069	0.606185
0.6307	0.506482
0.63071	0.37295
0.63072	0.291518
0.63073	0.353689
0.63074	0.487117
0.63075	0.594105
0.63076	0.654056
0.63077	0.673818
0.63078	0.657704
0.63079	0.602121
0.6308	0.499731
0.63081	0.365806
0.63082	0.290754
0.63083	0.36014
0.63084	0.494077
0.63085	0.598651
0.63086	0.656263
0.63087	0.674082
0.63088	0.656045
0.63089	0.598159
0.6309	0.493248
0.63091	0.359192
0.63092	0.290466
0.63093	0.366399
0.63094	0.500551
0.63095	0.602818
0.63096	0.65825
0.63097	0.674252
0.63098	0.654399
0.63099	0.594321
0.631	0.487058
0.63101	0.353102
0.63102	0.290576
0.63103	0.372417
0.63104	0.50655
0.63105	0.60663
0.63106	0.660038
0.63107	0.674347
0.63108	0.652781
0.63109	0.59063
0.6311	0.481182
0.63111	0.347525
0.63112	0.29101
0.63113	0.378151
0.63114	0.512086
0.63115	0.610106
0.63116	0.661644
0.63117	0.67438
0.63118	0.651209
0.63119	0.587106
0.6312	0.475641
0.63121	0.342447
0.63122	0.291697
0.63123	0.383568
0.63124	0.517171
0.63125	0.613268
0.63126	0.663084
0.63127	0.674367
0.63128	0.649698
0.63129	0.583768
0.6313	0.470453
0.63131	0.33785
0.63132	0.292569
0.63133	0.388639
0.63134	0.521819
0.63135	0.616133
0.63136	0.664373
0.63137	0.67432
0.63138	0.648264
0.63139	0.580636
0.6314	0.465633
0.63141	0.333712
0.63142	0.293565
0.63143	0.393343
0.63144	0.526042
0.63145	0.618718
0.63146	0.665525
0.63147	0.674253
0.63148	0.646921
0.63149	0.577726
0.6315	0.461194
0.63151	0.330014
0.63152	0.294629
0.63153	0.397663
0.63154	0.529853
0.63155	0.621038
0.63156	0.666552
0.63157	0.674176
0.63158	0.64568
0.63159	0.575055
0.6316	0.457149
0.63161	0.326732
0.63162	0.295709
0.63163	0.401583
0.63164	0.533263
0.63165	0.623108
0.63166	0.667466
0.63167	0.674099
0.63168	0.644554
0.63169	0.572637
0.6317	0.453507
0.63171	0.323844
0.63172	0.296761
0.63173	0.405093
0.63174	0.536284
0.63175	0.624938
0.63176	0.668275
0.63177	0.674032
0.63178	0.643554
0.63179	0.570486
0.6318	0.450276
0.63181	0.321328
0.63182	0.297744
0.63183	0.408186
0.63184	0.538925
0.63185	0.62654
0.63186	0.66899
0.63187	0.673983
0.63188	0.642689
0.63189	0.568613
0.6319	0.447463
0.63191	0.319163
0.63192	0.298622
0.63193	0.410854
0.63194	0.541196
0.63195	0.627924
0.63196	0.669618
0.63197	0.673959
0.63198	0.641968
0.63199	0.567028
0.632	0.445075
0.63201	0.317333
0.63202	0.299367
0.63203	0.413092
0.63204	0.543103
0.63205	0.629096
0.63206	0.670164
0.63207	0.673967
0.63208	0.641398
0.63209	0.565741
0.6321	0.443115
0.63211	0.31582
0.63212	0.299953
0.63213	0.414896
0.63214	0.544653
0.63215	0.630064
0.63216	0.670635
0.63217	0.67401
0.63218	0.640986
0.63219	0.564759
0.6322	0.441588
0.63221	0.31461
0.63222	0.30036
0.63223	0.416264
0.63224	0.545851
0.63225	0.630832
0.63226	0.671034
0.63227	0.674094
0.63228	0.640735
0.63229	0.564088
0.6323	0.440497
0.63231	0.313695
0.63232	0.300572
0.63233	0.417193
0.63234	0.5467
0.63235	0.631405
0.63236	0.671365
0.63237	0.674222
0.63238	0.64065
0.63239	0.563733
0.6324	0.439845
0.63241	0.313067
0.63242	0.300578
0.63243	0.417679
0.63244	0.547204
0.63245	0.631785
0.63246	0.67163
0.63247	0.674394
0.63248	0.640733
0.63249	0.563696
0.6325	0.439634
0.63251	0.312723
0.63252	0.300372
0.63253	0.417721
0.63254	0.547362
0.63255	0.631972
0.63256	0.671829
0.63257	0.674613
0.63258	0.640985
0.63259	0.56398
0.6326	0.439867
0.63261	0.312663
0.63262	0.299949
0.63263	0.417318
0.63264	0.547174
0.63265	0.631968
0.63266	0.671963
0.63267	0.674877
0.63268	0.641405
0.63269	0.564584
0.6327	0.440546
0.63271	0.312892
0.63272	0.299313
0.63273	0.416466
0.63274	0.546638
0.63275	0.631769
0.63276	0.67203
0.63277	0.675186
0.63278	0.641992
0.63279	0.565506
0.6328	0.44167
0.63281	0.313416
0.63282	0.29847
0.63283	0.415165
0.63284	0.54575
0.63285	0.631374
0.63286	0.672027
0.63287	0.675537
0.63288	0.642744
0.63289	0.566745
0.6329	0.443241
0.63291	0.314248
0.63292	0.29743
0.63293	0.413413
0.63294	0.544505
0.63295	0.630778
0.63296	0.671952
0.63297	0.675927
0.63298	0.643655
0.63299	0.568294
0.633	0.445259
0.63301	0.315403
0.63302	0.296208
0.63303	0.411208
0.63304	0.542896
0.63305	0.629975
0.63306	0.6718
0.63307	0.67635
0.63308	0.644721
0.63309	0.570148
0.6331	0.447724
0.63311	0.316897
0.63312	0.294826
0.63313	0.408549
0.63314	0.540915
0.63315	0.628959
0.63316	0.671565
0.63317	0.676803
0.63318	0.645935
0.63319	0.5723
0.6332	0.450632
0.63321	0.318754
0.63322	0.29331
0.63323	0.405438
0.63324	0.538552
0.63325	0.62772
0.63326	0.671241
0.63327	0.677278
0.63328	0.647289
0.63329	0.574739
0.6333	0.453982
0.63331	0.320995
0.63332	0.291689
0.63333	0.401875
0.63334	0.535797
0.63335	0.626249
0.63336	0.670819
0.63337	0.677768
0.63338	0.648774
0.63339	0.577455
0.6334	0.457769
0.63341	0.323647
0.63342	0.290003
0.63343	0.397864
0.63344	0.532637
0.63345	0.624534
0.63346	0.670291
0.63347	0.678263
0.63348	0.65038
0.63349	0.580436
0.6335	0.461987
0.63351	0.326736
0.63352	0.288294
0.63353	0.393408
0.63354	0.529058
0.63355	0.622563
0.63356	0.669645
0.63357	0.678755
0.63358	0.652095
0.63359	0.583667
0.6336	0.466628
0.63361	0.33029
0.63362	0.286611
0.63363	0.388516
0.63364	0.525046
0.63365	0.62032
0.63366	0.668872
0.63367	0.679232
0.63368	0.653907
0.63369	0.587133
0.6337	0.471681
0.63371	0.334336
0.63372	0.285012
0.63373	0.383199
0.63374	0.520584
0.63375	0.617789
0.63376	0.667957
0.63377	0.679684
0.63378	0.655802
0.63379	0.590817
0.6338	0.477135
0.63381	0.338902
0.63382	0.283558
0.63383	0.377473
0.63384	0.515655
0.63385	0.614952
0.63386	0.666887
0.63387	0.680096
0.63388	0.657766
0.63389	0.5947
0.6339	0.482973
0.63391	0.344012
0.63392	0.28232
0.63393	0.371358
0.63394	0.510242
0.63395	0.61179
0.63396	0.665645
0.63397	0.680457
0.63398	0.659783
0.63399	0.598763
0.634	0.48918
0.63401	0.349688
0.63402	0.281374
0.63403	0.364881
0.63404	0.504327
0.63405	0.60828
0.63406	0.664217
0.63407	0.68075
0.63408	0.661837
0.63409	0.602985
0.6341	0.495733
0.63411	0.355947
0.63412	0.2808
0.63413	0.358077
0.63414	0.497892
0.63415	0.604399
0.63416	0.662582
0.63417	0.680961
0.63418	0.663911
0.63419	0.607343
0.6342	0.50261
0.63421	0.362805
0.63422	0.280686
0.63423	0.350989
0.63424	0.490919
0.63425	0.600122
0.63426	0.66072
0.63427	0.681072
0.63428	0.665987
0.63429	0.611815
0.6343	0.509784
0.63431	0.370267
0.63432	0.281122
0.63433	0.343673
0.63434	0.483393
0.63435	0.59542
0.63436	0.658611
0.63437	0.681065
0.63438	0.668046
0.63439	0.616376
0.6344	0.517228
0.63441	0.378336
0.63442	0.282199
0.63443	0.336193
0.63444	0.475299
0.63445	0.590265
0.63446	0.656229
0.63447	0.680921
0.63448	0.670069
0.63449	0.621
0.6345	0.524909
0.63451	0.387004
0.63452	0.284011
0.63453	0.32863
0.63454	0.466627
0.63455	0.584625
0.63456	0.653551
0.63457	0.680621
0.63458	0.672035
0.63459	0.625664
0.6346	0.532794
0.63461	0.396258
0.63462	0.286649
0.63463	0.321077
0.63464	0.457371
0.63465	0.578467
0.63466	0.650547
0.63467	0.680141
0.63468	0.673923
0.63469	0.63034
0.6347	0.540848
0.63471	0.406074
0.63472	0.290196
0.63473	0.313645
0.63474	0.44753
0.63475	0.571756
0.63476	0.647189
0.63477	0.67946
0.63478	0.675711
0.63479	0.635001
0.6348	0.549033
0.63481	0.416423
0.63482	0.294732
0.63483	0.306461
0.63484	0.437113
0.63485	0.564456
0.63486	0.643443
0.63487	0.678553
0.63488	0.677378
0.63489	0.639621
0.6349	0.55731
0.63491	0.427264
0.63492	0.300323
0.63493	0.299668
0.63494	0.426139
0.63495	0.556529
0.63496	0.639276
0.63497	0.677393
0.63498	0.6789
0.63499	0.644172
0.635	0.565639
0.63501	0.438551
0.63502	0.30702
0.63503	0.293427
0.63504	0.414638
0.63505	0.547937
0.63506	0.63465
0.63507	0.675952
0.63508	0.680253
0.63509	0.648627
0.6351	0.57398
0.63511	0.45023
0.63512	0.31486
0.63513	0.287912
0.63514	0.402659
0.63515	0.538644
0.63516	0.629523
0.63517	0.674201
0.63518	0.681412
0.63519	0.652959
0.6352	0.582293
0.63521	0.46224
0.63522	0.323856
0.63523	0.28331
0.63524	0.390269
0.63525	0.528613
0.63526	0.623854
0.63527	0.672107
0.63528	0.682351
0.63529	0.65714
0.6353	0.590536
0.63531	0.474516
0.63532	0.334002
0.63533	0.279816
0.63534	0.377561
0.63535	0.51781
0.63536	0.617596
0.63537	0.669635
0.63538	0.683043
0.63539	0.661142
0.6354	0.59867
0.63541	0.486987
0.63542	0.345269
0.63543	0.277624
0.63544	0.364654
0.63545	0.506209
0.63546	0.6107
0.63547	0.666749
0.63548	0.68346
0.63549	0.664938
0.6355	0.606655
0.63551	0.499583
0.63552	0.357602
0.63553	0.276925
0.63554	0.351697
0.63555	0.493788
0.63556	0.603112
0.63557	0.663408
0.63558	0.683572
0.63559	0.6685
0.6356	0.614452
0.63561	0.512229
0.63562	0.370925
0.63563	0.277895
0.63564	0.338877
0.63565	0.480536
0.63566	0.59478
0.63567	0.659568
0.63568	0.683348
0.63569	0.6718
0.6357	0.622025
0.63571	0.524851
0.63572	0.385142
0.63573	0.280685
0.63574	0.326416
0.63575	0.46646
0.63576	0.585644
0.63577	0.655182
0.63578	0.682754
0.63579	0.67481
0.6358	0.629337
0.63581	0.537377
0.63582	0.400137
0.63583	0.285416
0.63584	0.314573
0.63585	0.451583
0.63586	0.575647
0.63587	0.6502
0.63588	0.681753
0.63589	0.6775
0.6359	0.636354
0.63591	0.549737
0.63592	0.415779
0.63593	0.292165
0.63594	0.303643
0.63595	0.435956
0.63596	0.56473
0.63597	0.644565
0.63598	0.680309
0.63599	0.679843
0.636	0.643043
0.63601	0.561862
0.63602	0.431928
0.63603	0.30096
0.63604	0.293952
0.63605	0.419662
0.63606	0.552836
0.63607	0.638219
0.63608	0.678379
0.63609	0.681806
0.6361	0.649371
0.63611	0.573691
0.63612	0.448435
0.63613	0.311774
0.63614	0.285845
0.63615	0.402824
0.63616	0.539911
0.63617	0.631098
0.63618	0.675919
0.63619	0.683359
0.6362	0.655308
0.63621	0.585164
0.63622	0.46515
0.63623	0.324525
0.63624	0.279676
0.63625	0.385618
0.63626	0.525909
0.63627	0.623131
0.63628	0.672879
0.63629	0.684467
0.6363	0.660824
0.63631	0.596226
0.63632	0.481926
0.63633	0.339078
0.63634	0.275787
0.63635	0.368272
0.63636	0.510796
0.63637	0.614246
0.63638	0.669207
0.63639	0.685096
0.6364	0.665888
0.63641	0.606829
0.63642	0.498619
0.63643	0.355245
0.63644	0.274487
0.63645	0.351083
0.63646	0.494557
0.63647	0.604366
0.63648	0.664844
0.63649	0.685208
0.6365	0.670473
0.63651	0.616928
0.63652	0.515096
0.63653	0.372799
0.63654	0.276032
0.63655	0.334414
0.63656	0.477202
0.63657	0.593409
0.63658	0.659727
0.63659	0.684762
0.6366	0.674549
0.63661	0.626482
0.63662	0.531232
0.63663	0.391482
0.63664	0.280597
0.63665	0.318698
0.63666	0.458779
0.63667	0.581293
0.63668	0.653785
0.63669	0.683713
0.6367	0.678086
0.63671	0.635456
0.63672	0.546917
0.63673	0.411019
0.63674	0.288263
0.63675	0.304431
0.63676	0.439381
0.63677	0.567938
0.63678	0.646944
0.63679	0.682012
0.6368	0.681053
0.63681	0.643816
0.63682	0.562052
0.63683	0.431125
0.63684	0.299
0.63685	0.292152
0.63686	0.419166
0.63687	0.553268
0.63688	0.639118
0.63689	0.679606
0.6369	0.683418
0.63691	0.651534
0.63692	0.576552
0.63693	0.451521
0.63694	0.312664
0.63695	0.282423
0.63696	0.39837
0.63697	0.537216
0.63698	0.63022
0.63699	0.676436
0.637	0.685145
0.63701	0.658582
0.63702	0.590346
0.63703	0.471942
0.63704	0.329006
0.63705	0.275789
0.63706	0.377319
0.63707	0.519736
0.63708	0.620152
0.63709	0.672435
0.6371	0.686196
0.63711	0.664933
0.63712	0.603373
0.63713	0.492146
0.63714	0.347681
0.63715	0.272737
0.63716	0.356449
0.63717	0.500807
0.63718	0.608811
0.63719	0.66753
0.6372	0.686529
0.63721	0.670564
0.63722	0.615586
0.63723	0.511916
0.63724	0.368278
0.63725	0.273645
0.63726	0.336306
0.63727	0.480455
0.63728	0.596091
0.63729	0.66164
0.6373	0.686097
0.63731	0.675446
0.63732	0.626943
0.63733	0.531065
0.63734	0.39034
0.63735	0.278742
0.63736	0.317549
0.63737	0.458763
0.63738	0.581885
0.63739	0.654674
0.6374	0.684848
0.63741	0.679555
0.63742	0.637414
0.63743	0.549438
0.63744	0.413396
0.63745	0.288073
0.63746	0.300929
0.63747	0.435896
0.63748	0.56609
0.63749	0.646531
0.6375	0.682722
0.63751	0.682859
0.63752	0.646973
0.63753	0.566907
0.63754	0.436985
0.63755	0.301483
0.63756	0.287251
0.63757	0.412129
0.63758	0.548613
0.63759	0.637101
0.6376	0.679653
0.63761	0.685327
0.63762	0.655599
0.63763	0.583373
0.63764	0.460678
0.63765	0.31863
0.63766	0.277321
0.63767	0.387867
0.63768	0.529384
0.63769	0.626266
0.6377	0.675562
0.63771	0.686921
0.63772	0.663272
0.63773	0.598762
0.63774	0.48409
0.63775	0.339003
0.63776	0.271864
0.63777	0.36367
0.63778	0.508374
0.63779	0.613897
0.6378	0.670365
0.63781	0.687597
0.63782	0.669976
0.63783	0.613018
0.63784	0.506895
0.63785	0.361976
0.63786	0.271446
0.63787	0.34027
0.63788	0.485607
0.63789	0.599859
0.6379	0.663962
0.63791	0.687307
0.63792	0.675692
0.63793	0.626106
0.63794	0.528823
0.63795	0.386856
0.63796	0.276393
0.63797	0.318563
0.63798	0.4612
0.63799	0.58402
0.638	0.656243
0.63801	0.68599
0.63802	0.680398
0.63803	0.637999
0.63804	0.549661
0.63805	0.41294
0.63806	0.286737
0.63807	0.299582
0.63808	0.435385
0.63809	0.566249
0.6381	0.647083
0.63811	0.683579
0.63812	0.684071
0.63813	0.648684
0.63814	0.569251
0.63815	0.439559
0.63816	0.302193
0.63817	0.284429
0.63818	0.408556
0.63819	0.546439
0.6382	0.636346
0.63821	0.679994
0.63822	0.686679
0.63823	0.65815
0.63824	0.587479
0.63825	0.466111
0.63826	0.322191
0.63827	0.274173
0.63828	0.381304
0.63829	0.524517
0.6383	0.62388
0.63831	0.675141
0.63832	0.688184
0.63833	0.666391
0.63834	0.60427
0.63835	0.492088
0.63836	0.345932
0.63837	0.269723
0.63838	0.354451
0.63839	0.500474
0.6384	0.609527
0.63841	0.668913
0.63842	0.68854
0.63843	0.673401
0.63844	0.61958
0.63845	0.517077
0.63846	0.372479
0.63847	0.271693
0.63848	0.329058
0.63849	0.474399
0.6385	0.59312
0.63851	0.661184
0.63852	0.687689
0.63853	0.67917
0.63854	0.633387
0.63855	0.540764
0.63856	0.400852
0.63857	0.280291
0.63858	0.3064
0.63859	0.446524
0.6386	0.5745
0.63861	0.651813
0.63862	0.685558
0.63863	0.683682
0.63864	0.645686
0.63865	0.562922
0.63866	0.430109
0.63867	0.295269
0.63868	0.28789
0.63869	0.41728
0.6387	0.553526
0.63871	0.640641
0.63872	0.682062
0.63873	0.686915
0.63874	0.65648
0.63875	0.5834
0.63876	0.459411
0.63877	0.315944
0.63878	0.274936
0.63879	0.387354
0.6388	0.5301
0.63881	0.627491
0.63882	0.677097
0.63883	0.688835
0.63884	0.665778
0.63885	0.602108
0.63886	0.488058
0.63887	0.341287
0.63888	0.268754
0.63889	0.357735
0.6389	0.504202
0.63891	0.612172
0.63892	0.67054
0.63893	0.689398
0.63894	0.673587
0.63895	0.619
0.63896	0.515499
0.63897	0.370065
0.63898	0.270163
0.63899	0.329737
0.639	0.475935
0.63901	0.594489
0.63902	0.662248
0.63903	0.688542
0.63904	0.67991
0.63905	0.634067
0.63906	0.541335
0.63907	0.400986
0.63908	0.279425
0.63909	0.304963
0.6391	0.445595
0.63911	0.574251
0.63912	0.652053
0.63913	0.68619
0.63914	0.684741
0.63915	0.647319
0.63916	0.56529
0.63917	0.43283
0.63918	0.296167
0.63919	0.285185
0.6392	0.413739
0.63921	0.551295
0.63922	0.639766
0.63923	0.682242
0.63924	0.688065
0.63925	0.658779
0.63926	0.587197
0.63927	0.46454
0.63928	0.31943
0.63929	0.27214
0.6393	0.38127
0.63931	0.52552
0.63932	0.625177
0.63933	0.676579
0.63934	0.68985
0.63935	0.668471
0.63936	0.606973
0.63937	0.495267
0.63938	0.34782
0.63939	0.267248
0.6394	0.349494
0.63941	0.496936
0.63942	0.608059
0.63943	0.669053
0.63944	0.690047
0.63945	0.676421
0.63946	0.624591
0.63947	0.524379
0.63948	0.379729
0.63949	0.271332
0.6395	0.320135
0.63951	0.465737
0.63952	0.588183
0.63953	0.659491
0.63954	0.688587
0.63955	0.682641
0.63956	0.640065
0.63957	0.551444
0.63958	0.413543
0.63959	0.284419
0.6396	0.295246
0.63961	0.432391
0.63962	0.565335
0.63963	0.647688
0.63964	0.685377
0.63965	0.687135
0.63966	0.653432
0.63967	0.576194
0.63968	0.447814
0.63969	0.305704
0.6397	0.277003
0.63971	0.397744
0.63972	0.539354
0.63973	0.633415
0.63974	0.680294
0.63975	0.689885
0.63976	0.664736
0.63977	0.598491
0.63978	0.481355
0.63979	0.333694
0.6398	0.26736
0.63981	0.363122
0.63982	0.510184
0.63983	0.616418
0.63984	0.673188
0.63985	0.690856
0.63986	0.674024
0.63987	0.61829
0.63988	0.513279
0.63989	0.366485
0.6399	0.26766
0.63991	0.33038
0.63992	0.477957
0.63993	0.596429
0.63994	0.663875
0.63995	0.689984
0.63996	0.681331
0.63997	0.635607
0.63998	0.542976
0.63999	0.402068
0.64	0.278298
0.64001	0.301847
0.64002	0.443098
0.64003	0.573194
0.64004	0.652134
0.64005	0.687179
0.64006	0.686678
0.64007	0.650495
0.64008	0.570076
0.64009	0.438598
0.6401	0.298595
0.64011	0.280106
0.64012	0.406465
0.64013	0.546505
0.64014	0.63771
0.64015	0.682317
0.64016	0.690063
0.64017	0.663021
0.64018	0.594389
0.64019	0.474552
0.6402	0.326922
0.64021	0.267587
0.64022	0.369475
0.64023	0.516265
0.64024	0.620319
0.64025	0.675237
0.64026	0.691459
0.64027	0.673254
0.64028	0.615856
0.64029	0.508795
0.6403	0.361048
0.64031	0.26605
0.64032	0.334196
0.64033	0.482584
0.64034	0.599658
0.64035	0.665738
0.64036	0.69081
0.64037	0.681251
0.64038	0.634503
0.64039	0.540562
0.6404	0.398559
0.64041	0.276123
0.64042	0.303298
0.64043	0.445914
0.64044	0.575432
0.64045	0.653577
0.64046	0.68802
0.64047	0.687051
0.64048	0.650405
0.64049	0.569401
0.6405	0.437228
0.64051	0.297088
0.64052	0.279797
0.64053	0.40721
0.64054	0.5474
0.64055	0.638469
0.64056	0.682959
0.64057	0.690664
0.64058	0.663653
0.64059	0.595096
0.6406	0.475236
0.64061	0.327037
0.64062	0.26654
0.64063	0.368109
0.64064	0.515455
0.64065	0.62009
0.64066	0.675449
0.64067	0.692071
0.64068	0.674341
0.64069	0.617593
0.6407	0.511258
0.64071	0.36332
0.64072	0.265547
0.64073	0.331029
0.64074	0.479737
0.64075	0.5981
0.64076	0.665263
0.64077	0.69121
0.64078	0.682547
0.64079	0.636942
0.6408	0.544435
0.64081	0.403101
0.64082	0.277417
0.64083	0.299107
0.64084	0.440813
0.64085	0.572168
0.64086	0.652124
0.64087	0.687981
0.64088	0.688325
0.64089	0.653245
0.6409	0.574286
0.64091	0.443818
0.64092	0.301111
0.64093	0.275834
0.64094	0.399877
0.64095	0.54204
0.64096	0.635707
0.64097	0.682232
0.64098	0.691691
0.64099	0.666626
0.641	0.600611
0.64101	0.483451
0.64102	0.334205
0.64103	0.264377
0.64104	0.358964
0.64105	0.507637
0.64106	0.615643
0.64107	0.673758
0.64108	0.692624
0.64109	0.677203
0.6411	0.623392
0.64111	0.520591
0.64112	0.373515
0.64113	0.26673
0.64114	0.321046
0.64115	0.46922
0.64116	0.591549
0.64117	0.662294
0.64118	0.691052
0.64119	0.685069
0.6412	0.642722
0.64121	0.554382
0.64122	0.415798
0.64123	0.283065
0.64124	0.289871
0.64125	0.427607
0.64126	0.563073
0.64127	0.647517
0.64128	0.686854
0.64129	0.690285
0.6413	0.658742
0.64131	0.584393
0.64132	0.458276
0.64133	0.311619
0.64134	0.269396
0.64135	0.384442
0.64136	0.52998
0.64137	0.629047
0.64138	0.679844
0.64139	0.692866
0.6414	0.671605
0.64141	0.610494
0.64142	0.49888
0.64143	0.349199
0.64144	0.262847
0.64145	0.342416
0.64146	0.492303
0.64147	0.606466
0.64148	0.669775
0.64149	0.692776
0.6415	0.681448
0.64151	0.632737
0.64152	0.536274
0.64153	0.392039
0.64154	0.271707
0.64155	0.305293
0.64156	0.450563
0.64157	0.579352
0.64158	0.656328
0.64159	0.689919
0.6416	0.688375
0.64161	0.651271
0.64162	0.569723
0.64163	0.436617
0.64164	0.295151
0.64165	0.27752
0.64166	0.406066
0.64167	0.547359
0.64168	0.639115
0.64169	0.684135
0.6417	0.692439
0.64171	0.666279
0.64172	0.598933
0.64173	0.480149
0.64174	0.330271
0.64175	0.263298
0.64176	0.361218
0.64177	0.510353
0.64178	0.617693
0.64179	0.675187
0.6418	0.693639
0.64181	0.67794
0.64182	0.62389
0.64183	0.52074
0.64184	0.372978
0.64185	0.26534
0.64186	0.319698
0.64187	0.46863
0.64188	0.59159
0.64189	0.662764
0.6419	0.691907
0.64191	0.686399
0.64192	0.644737
0.64193	0.557293
0.64194	0.419071
0.64195	0.283853
0.64196	0.286249
0.64197	0.423234
0.64198	0.560377
0.64199	0.646472
0.642	0.687102
0.64201	0.69175
0.64202	0.661683
0.64203	0.589313
0.64204	0.465043
0.64205	0.316394
0.64206	0.265829
0.64207	0.376336
0.64208	0.523794
0.64209	0.625844
0.6421	0.679002
0.64211	0.694025
0.64212	0.674947
0.64213	0.616701
0.64214	0.508407
0.64215	0.358696
0.64216	0.262213
0.64217	0.331531
0.64218	0.481972
0.64219	0.600366
0.6422	0.667296
0.64221	0.693183
0.64222	0.684715
0.64223	0.639584
0.64224	0.547674
0.64225	0.405969
0.64226	0.276585
0.64227	0.293782
0.64228	0.435771
0.64229	0.569544
0.6423	0.651583
0.64231	0.6891
0.64232	0.69112
0.64233	0.658194
0.64234	0.582132
0.64235	0.454004
0.64236	0.306996
0.64237	0.268663
0.64238	0.387209
0.64239	0.533023
0.6424	0.631371
0.64241	0.681563
0.64242	0.694227
0.64243	0.672789
0.64244	0.611589
0.64245	0.499738
0.64246	0.349061
0.64247	0.260835
0.64248	0.339864
0.64249	0.490821
0.6425	0.606108
0.64251	0.67026
0.64252	0.694017
0.64253	0.683595
0.64254	0.636158
0.64255	0.541295
0.64256	0.397451
0.64257	0.272304
0.64258	0.298941
0.64259	0.443685
0.6426	0.575242
0.64261	0.654772
0.64262	0.690379
0.64263	0.690784
0.64264	0.656095
0.64265	0.577757
0.64266	0.44731
0.64267	0.301504
0.64268	0.270567
0.64269	0.393581
0.6427	0.538347
0.64271	0.634582
0.64272	0.683104
0.64273	0.694446
0.64274	0.671694
0.64275	0.608854
0.64276	0.495042
0.64277	0.343877
0.64278	0.26014
0.64279	0.344188
0.6428	0.49537
0.64281	0.609097
0.64282	0.671869
0.64283	0.694583
0.64284	0.683223
0.64285	0.634694
0.64286	0.538438
0.64287	0.393561
0.64288	0.270265
0.64289	0.301041
0.6429	0.447024
0.64291	0.57771
0.64292	0.656234
0.64293	0.691091
0.64294	0.690886
0.64295	0.655562
0.64296	0.576419
0.64297	0.445112
0.64298	0.299521
0.64299	0.270831
0.643	0.395345
0.64301	0.539944
0.64302	0.635648
0.64303	0.683753
0.64304	0.694796
0.64305	0.671791
0.64306	0.608668
0.64307	0.49449
0.64308	0.343019
0.64309	0.259558
0.6431	0.34426
0.64311	0.49572
0.64312	0.609469
0.64313	0.672229
0.64314	0.694967
0.64315	0.683686
0.64316	0.635307
0.64317	0.539242
0.64318	0.394323
0.64319	0.27013
0.6432	0.299789
0.64321	0.445805
0.64322	0.57704
0.64323	0.656047
0.64324	0.691292
0.64325	0.691479
0.64326	0.656661
0.64327	0.578204
0.64328	0.447474
0.64329	0.300935
0.6433	0.269233
0.64331	0.392448
0.64332	0.537854
0.64333	0.63461
0.64334	0.68354
0.64335	0.695301
0.64336	0.673104
0.64337	0.611062
0.64338	0.498121
0.64339	0.346503
0.6434	0.259031
0.64341	0.340028
0.64342	0.491857
0.64343	0.607221
0.64344	0.671338
0.64345	0.695163
0.64346	0.684976
0.64347	0.637983
0.64348	0.543697
0.64349	0.399776
0.6435	0.272021
0.64351	0.295234
0.64352	0.439982
0.64353	0.57318
0.64354	0.65417
0.64355	0.690949
0.64356	0.692527
0.64357	0.65934
0.64358	0.583048
0.64359	0.454387
0.6436	0.305952
0.64361	0.266023
0.64362	0.384878
0.64363	0.531971
0.64364	0.63138
0.64365	0.682396
0.64366	0.695894
0.64367	0.675553
0.64368	0.615929
0.64369	0.50585
0.6437	0.354497
0.64371	0.259031
0.64372	0.331623
0.64373	0.483645
0.64374	0.602211
0.64375	0.669088
0.64376	0.695079
0.64377	0.686987
0.64378	0.64258
0.64379	0.551644
0.6438	0.409962
0.64381	0.276513
0.64382	0.287788
0.64383	0.429449
0.64384	0.565926
0.64385	0.650444
0.64386	0.689935
0.64387	0.693901
0.64388	0.663437
0.64389	0.590742
0.6439	0.465745
0.64391	0.315065
0.64392	0.261959
0.64393	0.372684
0.64394	0.522047
0.64395	0.625737
0.64396	0.680156
0.64397	0.696424
0.64398	0.678957
0.64399	0.623026
0.644	0.517446
0.64401	0.367265
0.64402	0.260552
0.64403	0.319429
0.64404	0.470842
0.64405	0.594149
0.64406	0.665258
0.64407	0.694531
0.64408	0.68952
0.64409	0.648839
0.6441	0.562772
0.64411	0.424869
0.64412	0.284572
0.64413	0.278319
0.64414	0.414093
0.64415	0.554924
0.64416	0.644584
0.64417	0.688029
0.64418	0.695384
0.64419	0.668681
0.6442	0.600929
0.64421	0.481306
0.64422	0.328937
0.64423	0.258362
0.64424	0.356081
0.64425	0.507702
0.64426	0.61732
0.64427	0.676545
0.64428	0.696649
0.64429	0.683037
0.6443	0.631983
0.64431	0.532518
0.64432	0.385036
0.64433	0.265076
0.64434	0.304229
0.64435	0.453144
0.64436	0.582589
0.64437	0.65951
0.64438	0.693243
0.64439	0.692291
0.6444	0.656389
0.64441	0.576613
0.64442	0.444334
0.64443	0.29741
0.64444	0.268286
0.64445	0.39389
0.64446	0.539669
0.64447	0.636165
0.64448	0.684906
0.64449	0.696674
0.6445	0.674705
0.64451	0.613121
0.64452	0.500638
0.64453	0.348209
0.64454	0.257152
0.64455	0.33563
0.64456	0.488453
0.64457	0.605608
0.64458	0.671173
0.64459	0.696239
0.6446	0.687432
0.64461	0.642315
0.64462	0.550496
0.64463	0.407848
0.64464	0.274437
0.64465	0.287426
0.64466	0.43028
0.64467	0.566924
0.64468	0.651364
0.64469	0.690843
0.6447	0.694931
0.64471	0.664764
0.64472	0.592556
0.64473	0.46795
0.64474	0.316231
0.64475	0.25989
0.64476	0.369105
0.64477	0.519523
0.64478	0.624606
0.64479	0.68013
0.6448	0.697384
0.64481	0.681064
0.64482	0.626714
0.64483	0.523091
0.64484	0.373255
0.64485	0.260773
0.64486	0.312518
0.64487	0.463793
0.64488	0.589906
0.64489	0.663515
0.6449	0.694771
0.64491	0.691703
0.64492	0.653453
0.64493	0.570641
0.64494	0.435388
0.64495	0.290532
0.64496	0.271309
0.64497	0.402196
0.64498	0.546385
0.64499	0.640184
0.645	0.686848
0.64501	0.696994
0.64502	0.673428
0.64503	0.609864
0.64504	0.495
0.64505	0.341893
0.64506	0.256101
0.64507	0.340608
0.64508	0.493774
0.64509	0.609137
0.6451	0.673131
0.64511	0.697042
0.64512	0.687243
0.64513	0.64102
0.64514	0.547789
0.64515	0.403934
0.64516	0.271904
0.64517	0.288942
0.64518	0.433362
0.64519	0.569336
0.6452	0.652885
0.64521	0.691719
0.64522	0.695342
0.64523	0.664761
0.64524	0.592075
0.64525	0.466887
0.64526	0.314858
0.64527	0.259235
0.64528	0.369394
0.64529	0.520079
0.6453	0.62514
0.64531	0.680646
0.64532	0.697955
0.64533	0.681789
0.64534	0.627722
0.64535	0.524456
0.64536	0.374528
0.64537	0.26042
0.64538	0.310358
0.64539	0.461777
0.6454	0.588788
0.64541	0.663177
0.64542	0.695075
0.64543	0.692672
0.64544	0.655297
0.64545	0.573686
0.64546	0.439437
0.64547	0.292865
0.64548	0.268472
0.64549	0.39728
0.6455	0.54285
0.64551	0.638396
0.64552	0.686429
0.64553	0.697772
0.64554	0.675564
0.64555	0.613834
0.64556	0.501127
0.64557	0.347966
0.64558	0.255503
0.64559	0.33349
0.6456	0.487107
0.64561	0.605176
0.64562	0.671463
0.64563	0.697199
0.64564	0.689211
0.64565	0.645274
0.64566	0.555058
0.64567	0.413302
0.64568	0.276173
0.64569	0.281956
0.6457	0.423282
0.64571	0.562374
0.64572	0.64933
0.64573	0.690789
0.64574	0.696724
0.64575	0.668789
0.64576	0.599642
0.64577	0.478293
0.64578	0.324824
0.64579	0.256116
0.6458	0.356761
0.64581	0.509325
0.64582	0.618918
0.64583	0.678084
0.64584	0.698337
0.64585	0.685166
0.64586	0.634934
0.64587	0.536562
0.64588	0.38905
0.64589	0.264601
0.6459	0.297959
0.64591	0.446874
0.64592	0.578989
0.64593	0.65831
0.64594	0.693994
0.64595	0.69502
0.64596	0.661675
0.64597	0.58544
0.64598	0.456418
0.64599	0.305406
0.646	0.260978
0.64601	0.379075
0.64602	0.528572
0.64603	0.63039
0.64604	0.683331
0.64605	0.698703
0.64606	0.680736
0.64607	0.624519
0.64608	0.518566
0.64609	0.36712
0.6461	0.257609
0.64611	0.31503
0.64612	0.467842
0.64613	0.593039
0.64614	0.665651
0.64615	0.69627
0.64616	0.69285
0.64617	0.654433
0.64618	0.571522
0.64619	0.435919
0.6462	0.28974
0.64621	0.268779
0.64622	0.399737
0.64623	0.545074
0.64624	0.639922
0.64625	0.687449
0.64626	0.698489
0.64627	0.676108
0.64628	0.614271
0.64629	0.501419
0.6463	0.347799
0.64631	0.254424
0.64632	0.332051
0.64633	0.486168
0.64634	0.604843
0.64635	0.67162
0.64636	0.697815
0.64637	0.690388
0.64638	0.647266
0.64639	0.558176
0.6464	0.417134
0.64641	0.277611
0.64642	0.278309
0.64643	0.418348
0.64644	0.559084
0.64645	0.6478
0.64646	0.690648
0.64647	0.697862
0.64648	0.67146
0.64649	0.604426
0.6465	0.485438
0.64651	0.331208
0.64652	0.254161
0.64653	0.348214
0.64654	0.501942
0.64655	0.614688
0.64656	0.676442
0.64657	0.698798
0.64658	0.687795
0.64659	0.64037
0.6466	0.545672
0.64661	0.40032
0.64662	0.268624
0.64663	0.288547
0.64664	0.434717
0.64665	0.570855
0.64666	0.654265
0.64667	0.693105
0.64668	0.696974
0.64669	0.666957
0.6467	0.595208
0.64671	0.470896
0.64672	0.317327
0.64673	0.255934
0.64674	0.362972
0.64675	0.515312
0.64676	0.622823
0.64677	0.680307
0.64678	0.699368
0.64679	0.685215
0.6468	0.633931
0.64681	0.534256
0.64682	0.385641
0.64683	0.262273
0.64684	0.298675
0.64685	0.448786
0.64686	0.580617
0.64687	0.659519
0.64688	0.694972
0.64689	0.695957
0.6469	0.662753
0.64691	0.586825
0.64692	0.458017
0.64693	0.306016
0.64694	0.258931
0.64695	0.375973
0.64696	0.526442
0.64697	0.629459
0.64698	0.683373
0.64699	0.699652
0.647	0.682781
0.64701	0.628117
0.64702	0.524146
0.64703	0.373182
0.64704	0.258008
0.64705	0.308073
0.64706	0.460573
0.64707	0.588575
0.64708	0.66373
0.64709	0.696373
0.6471	0.694928
0.64711	0.658987
0.64712	0.579464
0.64713	0.446974
0.64714	0.297058
0.64715	0.262451
0.64716	0.387009
0.64717	0.535493
0.64718	0.634771
0.64719	0.685769
0.6472	0.699756
0.64721	0.680607
0.64722	0.623083
0.64723	0.515527
0.64724	0.362959
0.64725	0.255299
0.64726	0.316287
0.64727	0.470138
0.64728	0.594901
0.64729	0.667034
0.6473	0.697414
0.64731	0.693984
0.64732	0.655782
0.64733	0.573287
0.64734	0.437893
0.64735	0.290201
0.64736	0.265922
0.64737	0.395964
0.64738	0.542609
0.64739	0.638901
0.6474	0.687602
0.64741	0.69977
0.64742	0.678792
0.64743	0.618957
0.64744	0.508549
0.64745	0.354946
0.64746	0.253667
0.64747	0.323001
0.64748	0.477552
0.64749	0.599733
0.6475	0.66954
0.64751	0.698178
0.64752	0.69321
0.64753	0.65324
0.64754	0.568428
0.64755	0.430861
0.64756	0.285191
0.64757	0.268904
0.64758	0.402783
0.64759	0.547911
0.6476	0.641959
0.64761	0.688951
0.64762	0.699764
0.64763	0.677417
0.64764	0.615849
0.64765	0.503327
0.64766	0.349091
0.64767	0.25272
0.64768	0.327997
0.64769	0.482885
0.6477	0.603182
0.64771	0.671328
0.64772	0.698729
0.64773	0.692668
0.64774	0.651442
0.64775	0.564992
0.64776	0.425933
0.64777	0.28181
0.64778	0.271073
0.64779	0.407441
0.6478	0.551492
0.64781	0.644026
0.64782	0.689879
0.64783	0.699793
0.64784	0.676542
0.64785	0.613838
0.64786	0.499946
0.64787	0.345342
0.64788	0.252162
0.64789	0.331138
0.6479	0.486191
0.64791	0.605322
0.64792	0.672457
0.64793	0.699113
0.64794	0.692404
0.64795	0.650447
0.64796	0.563054
0.64797	0.423144
0.64798	0.279892
0.64799	0.272217
0.648	0.409931
0.64801	0.553413
0.64802	0.645157
0.64803	0.690423
0.64804	0.69989
0.64805	0.676209
0.64806	0.61298
0.64807	0.498461
0.64808	0.343657
0.64809	0.251804
0.6481	0.332341
0.64811	0.487507
0.64812	0.606201
0.64813	0.67296
0.64814	0.699357
0.64815	0.692447
0.64816	0.65029
0.64817	0.562657
0.64818	0.422511
0.64819	0.279344
0.6482	0.272219
0.64821	0.410247
0.64822	0.553709
0.64823	0.645379
0.64824	0.690606
0.64825	0.700074
0.64826	0.676436
0.64827	0.613299
0.64828	0.498896
0.64829	0.344021
0.6483	0.251566
0.64831	0.331573
0.64832	0.486843
0.64833	0.605835
0.64834	0.672851
0.64835	0.699469
0.64836	0.692803
0.64837	0.65098
0.64838	0.563814
0.64839	0.424045
0.6484	0.28015
0.64841	0.271056
0.64842	0.408384
0.64843	0.552379
0.64844	0.644693
0.64845	0.690426
0.64846	0.700343
0.64847	0.677221
0.64848	0.614792
0.64849	0.501251
0.6485	0.34645
0.64851	0.25148
0.64852	0.328838
0.64853	0.484186
0.64854	0.604211
0.64855	0.672118
0.64856	0.699441
0.64857	0.693462
0.64858	0.652502
0.64859	0.566505
0.6486	0.427743
0.64861	0.28238
0.64862	0.268796
0.64863	0.404334
0.64864	0.549396
0.64865	0.643076
0.64866	0.689866
0.64867	0.700679
0.64868	0.678541
0.64869	0.617427
0.6487	0.505496
0.64871	0.350985
0.64872	0.251689
0.64873	0.324185
0.64874	0.4795
0.64875	0.601287
0.64876	0.67073
0.64877	0.699245
0.64878	0.694395
0.64879	0.654815
0.6488	0.570679
0.64881	0.433592
0.64882	0.286178
0.64883	0.265603
0.64884	0.398088
0.64885	0.544697
0.64886	0.640475
0.64887	0.688885
0.64888	0.701045
0.64889	0.680351
0.6489	0.621142
0.64891	0.511571
0.64892	0.35769
0.64893	0.252447
0.64894	0.317715
0.64895	0.472723
0.64896	0.596989
0.64897	0.668632
0.64898	0.698835
0.64899	0.695552
0.649	0.657856
0.64901	0.576253
0.64902	0.44156
0.64903	0.291754
0.64904	0.26175
0.64905	0.38965
0.64906	0.538191
0.64907	0.636814
0.64908	0.687425
0.64909	0.701387
0.6491	0.682586
0.64911	0.625849
0.64912	0.519385
0.64913	0.366633
0.64914	0.254114
0.64915	0.309599
0.64916	0.463779
0.64917	0.591212
0.64918	0.665743
0.64919	0.698149
0.6492	0.696867
0.64921	0.661537
0.64922	0.583116
0.64923	0.451587
0.64924	0.299364
0.64925	0.257625
0.64926	0.379046
0.64927	0.529757
0.64928	0.631985
0.64929	0.685406
0.6493	0.701633
0.64931	0.685163
0.64932	0.631434
0.64933	0.528811
0.64934	0.377868
0.64935	0.257145
0.64936	0.300102
0.64937	0.45258
0.64938	0.583819
0.64939	0.661959
0.6494	0.697102
0.64941	0.698257
0.64942	0.665752
0.64943	0.591122
0.64944	0.463576
0.64945	0.309282
0.64946	0.253751
0.64947	0.366351
0.64948	0.519246
0.64949	0.62585
0.6495	0.682725
0.64951	0.701695
0.64952	0.68798
0.64953	0.63776
0.64954	0.539689
0.64955	0.391414
0.64956	0.262073
0.64957	0.289614
0.64958	0.439046
0.64959	0.574638
0.6496	0.657147
0.64961	0.695592
0.64962	0.699622
0.64963	0.670374
0.64964	0.600103
0.64965	0.477384
0.64966	0.321764
0.64967	0.25079
0.64968	0.35172
0.64969	0.506486
0.6497	0.618236
0.64971	0.679254
0.64972	0.701464
0.64973	0.690921
0.64974	0.64467
0.64975	0.55182
0.64976	0.407231
0.64977	0.26947
0.64978	0.278687
0.64979	0.423122
0.6498	0.563464
0.64981	0.651142
0.64982	0.693493
0.64983	0.700844
0.64984	0.675263
0.64985	0.609863
0.64986	0.492816
0.64987	0.337007
0.64988	0.249535
0.64989	0.335432
0.6499	0.491298
0.64991	0.608934
0.64992	0.674839
0.64993	0.700816
0.64994	0.693853
0.64995	0.651988
0.64996	0.564974
0.64997	0.4252
0.64998	0.279895
0.64999	0.26807
0.65	0.404815
0.65001	0.55006
0.65002	0.643744
0.65003	0.690659
0.65004	0.701792
0.65005	0.680263
0.65006	0.620187
0.65007	0.509624
0.65008	0.355106
0.65009	0.250885
0.6501	0.31795
0.65011	0.473504
0.65012	0.597696
0.65013	0.669292
0.65014	0.699604
0.65015	0.69663
0.65016	0.659528
0.65017	0.578892
0.65018	0.445111
0.65019	0.293833
0.6502	0.258731
0.65021	0.384243
0.65022	0.53416
0.65023	0.634716
0.65024	0.686913
0.65025	0.702316
0.65026	0.685206
0.65027	0.630846
0.65028	0.52751
0.65029	0.376017
0.6503	0.25578
0.65031	0.29998
0.65032	0.452966
0.65033	0.584232
0.65034	0.662392
0.65035	0.697661
0.65036	0.699093
0.65037	0.667093
0.65038	0.593292
0.65039	0.466662
0.6504	0.311612
0.65041	0.251853
0.65042	0.361706
0.65043	0.515489
0.65044	0.623773
0.65045	0.682051
0.65046	0.70225
0.65047	0.689916
0.65048	0.641602
0.65049	0.546134
0.6505	0.39953
0.65051	0.265105
0.65052	0.282542
0.65053	0.429633
0.65054	0.568211
0.65055	0.653874
0.65056	0.694792
0.65057	0.701069
0.65058	0.674478
0.65059	0.607881
0.6506	0.489464
0.65061	0.333335
0.65062	0.248784
0.65063	0.337776
0.65064	0.49378
0.65065	0.610584
0.65066	0.675828
0.65067	0.701405
0.65068	0.694208
0.65069	0.652213
0.6507	0.565132
0.65071	0.42527
0.65072	0.279561
0.65073	0.267009
0.65074	0.403619
0.65075	0.549275
0.65076	0.643428
0.65077	0.690772
0.65078	0.702372
0.65079	0.681477
0.6508	0.622362
0.65081	0.513063
0.65082	0.358825
0.65083	0.250914
0.65084	0.313408
0.65085	0.468826
0.65086	0.594766
0.65087	0.66796
0.65088	0.69957
0.65089	0.697887
0.6509	0.662437
0.65091	0.584124
0.65092	0.452707
0.65093	0.29953
0.65094	0.255092
0.65095	0.37531
0.65096	0.527047
0.65097	0.630683
0.65098	0.68534
0.65099	0.702796
0.651	0.68788
0.65101	0.636442
0.65102	0.536963
0.65103	0.387613
0.65104	0.259484
0.65105	0.290043
0.65106	0.440556
0.65107	0.575887
0.65108	0.658106
0.65109	0.696503
0.6511	0.700748
0.65111	0.672038
0.65112	0.602737
0.65113	0.481203
0.65114	0.324958
0.65115	0.24873
0.65116	0.345519
0.65117	0.501186
0.65118	0.615211
0.65119	0.678189
0.6512	0.702113
0.65121	0.693472
0.65122	0.64984
0.65123	0.560662
0.65124	0.418967
0.65125	0.27535
0.65126	0.269662
0.65127	0.40916
0.65128	0.553481
0.65129	0.645865
0.6513	0.691926
0.65131	0.70257
0.65132	0.680784
0.65133	0.620616
0.65134	0.510059
0.65135	0.355304
0.65136	0.249848
0.65137	0.31565
0.65138	0.471449
0.65139	0.596518
0.6514	0.668954
0.65141	0.700066
0.65142	0.698036
0.65143	0.662292
0.65144	0.583675
0.65145	0.451965
0.65146	0.298751
0.65147	0.254724
0.65148	0.375267
0.65149	0.527083
0.6515	0.630765
0.65151	0.685509
0.65152	0.703114
0.65153	0.688449
0.65154	0.637433
0.65155	0.538574
0.65156	0.389583
0.65157	0.259988
0.65158	0.28785
0.65159	0.437835
0.6516	0.574053
0.65161	0.657202
0.65162	0.696361
0.65163	0.701341
0.65164	0.673548
0.65165	0.605559
0.65166	0.485591
0.65167	0.32917
0.65168	0.247906
0.65169	0.340187
0.6517	0.496299
0.65171	0.612252
0.65172	0.676865
0.65173	0.702111
0.65174	0.694806
0.65175	0.652896
0.65176	0.566093
0.65177	0.426479
0.65178	0.279902
0.65179	0.265026
0.6518	0.400788
0.65181	0.547242
0.65182	0.642416
0.65183	0.69065
0.65184	0.703139
0.65185	0.683376
0.65186	0.625927
0.65187	0.518844
0.65188	0.365358
0.65189	0.251606
0.6519	0.306151
0.65191	0.460953
0.65192	0.589698
0.65193	0.665527
0.65194	0.699252
0.65195	0.699622
0.65196	0.666743
0.65197	0.592048
0.65198	0.464529
0.65199	0.309253
0.652	0.250619
0.65201	0.361498
0.65202	0.515555
0.65203	0.623985
0.65204	0.68252
0.65205	0.703155
0.65206	0.691549
0.65207	0.644455
0.65208	0.55082
0.65209	0.405514
0.6521	0.267307
0.65211	0.276458
0.65212	0.421315
0.65213	0.562424
0.65214	0.650933
0.65215	0.694173
0.65216	0.702648
0.65217	0.678742
0.65218	0.615971
0.65219	0.502304
0.6522	0.346565
0.65221	0.24799
0.65222	0.322258
0.65223	0.478654
0.65224	0.601202
0.65225	0.671471
0.65226	0.701069
0.65227	0.69784
0.65228	0.660874
0.65229	0.58077
0.6523	0.447588
0.65231	0.295017
0.65232	0.255301
0.65233	0.378473
0.65234	0.529772
0.65235	0.632412
0.65236	0.686434
0.65237	0.703605
0.65238	0.688677
0.65239	0.6375
0.6524	0.538553
0.65241	0.389482
0.65242	0.25951
0.65243	0.286738
0.65244	0.436666
0.65245	0.573285
0.65246	0.656891
0.65247	0.696499
0.65248	0.702005
0.65249	0.674959
0.6525	0.608119
0.65251	0.48959
0.65252	0.333083
0.65253	0.247067
0.65254	0.334801
0.65255	0.491264
0.65256	0.609172
0.65257	0.675498
0.65258	0.702166
0.65259	0.696334
0.6526	0.65636
0.65261	0.572288
0.65262	0.435234
0.65263	0.285652
0.65264	0.259901
0.65265	0.390616
0.65266	0.539452
0.65267	0.638042
0.65268	0.68898
0.65269	0.703767
0.6527	0.686516
0.65271	0.632459
0.65272	0.529826
0.65273	0.378522
0.65274	0.2551
0.65275	0.294387
0.65276	0.446912
0.65277	0.580327
0.65278	0.660699
0.65279	0.697933
0.6528	0.701482
0.65281	0.672349
0.65282	0.602802
0.65283	0.481146
0.65284	0.324592
0.65285	0.247206
0.65286	0.343035
0.65287	0.499103
0.65288	0.614041
0.65289	0.677929
0.6529	0.702793
0.65291	0.695354
0.65292	0.65352
0.65293	0.567017
0.65294	0.427727
0.65295	0.280364
0.65296	0.263039
0.65297	0.397752
0.65298	0.544973
0.65299	0.641219
0.653	0.690407
0.65301	0.703851
0.65302	0.6853
0.65303	0.629643
0.65304	0.525003
0.65305	0.372625
0.65306	0.25299
0.65307	0.298546
0.65308	0.452181
0.65309	0.583888
0.6531	0.662617
0.65311	0.698668
0.65312	0.701261
0.65313	0.671128
0.65314	0.600313
0.65315	0.477239
0.65316	0.320777
0.65317	0.247346
0.65318	0.346597
0.65319	0.502403
0.6532	0.616074
0.65321	0.678957
0.65322	0.703105
0.65323	0.695056
0.65324	0.652553
0.65325	0.565212
0.65326	0.425191
0.65327	0.278601
0.65328	0.263945
0.65329	0.399832
0.6533	0.546557
0.65331	0.642136
0.65332	0.690856
0.65333	0.703978
0.65334	0.685161
0.65335	0.629226
0.65336	0.524282
0.65337	0.371752
0.65338	0.25257
0.65339	0.298807
0.6534	0.45256
0.65341	0.584138
0.65342	0.662776
0.65343	0.698803
0.65344	0.701431
0.65345	0.671403
0.65346	0.60079
0.65347	0.477986
0.65348	0.32147
0.65349	0.247016
0.6535	0.34535
0.65351	0.501267
0.65352	0.615379
0.65353	0.678661
0.65354	0.70316
0.65355	0.6955
0.65356	0.653532
0.65357	0.566963
0.65358	0.427666
0.65359	0.280178
0.6536	0.262381
0.65361	0.396845
0.65362	0.544268
0.65363	0.640842
0.65364	0.690361
0.65365	0.704174
0.65366	0.686124
0.65367	0.63124
0.65368	0.527694
0.65369	0.375904
0.6537	0.25377
0.65371	0.295125
0.65372	0.448048
0.65373	0.581084
0.65374	0.661177
0.65375	0.698334
0.65376	0.701986
0.65377	0.673162
0.65378	0.604212
0.65379	0.483373
0.6538	0.326724
0.65381	0.246339
0.65382	0.339322
0.65383	0.495651
0.65384	0.611911
0.65385	0.677002
0.65386	0.702924
0.65387	0.696644
0.65388	0.656398
0.65389	0.572194
0.6539	0.435127
0.65391	0.285318
0.65392	0.258626
0.65393	0.388787
0.65394	0.538003
0.65395	0.63725
0.65396	0.688853
0.65397	0.704372
0.65398	0.688111
0.65399	0.635572
0.654	0.535112
0.65401	0.385131
0.65402	0.257073
0.65403	0.287806
0.65404	0.438556
0.65405	0.57457
0.65406	0.657698
0.65407	0.697164
0.65408	0.702826
0.65409	0.676277
0.6541	0.610404
0.65411	0.493246
0.65412	0.336794
0.65413	0.246035
0.65414	0.32872
0.65415	0.485372
0.65416	0.605469
0.65417	0.673831
0.65418	0.702272
0.65419	0.698351
0.6542	0.660968
0.65421	0.580661
0.65422	0.447466
0.65423	0.29461
0.65424	0.253499
0.65425	0.375696
0.65426	0.527497
0.65427	0.631128
0.65428	0.686156
0.65429	0.704418
0.6543	0.690937
0.65431	0.641968
0.65432	0.546239
0.65433	0.39948
0.65434	0.263464
0.65435	0.277583
0.65436	0.423942
0.65437	0.564272
0.65438	0.652083
0.65439	0.695096
0.6544	0.703762
0.65441	0.680509
0.65442	0.619039
0.65443	0.507295
0.65444	0.352035
0.65445	0.247419
0.65446	0.31404
0.65447	0.470129
0.65448	0.595692
0.65449	0.668874
0.6545	0.700981
0.65451	0.700391
0.65452	0.666939
0.65453	0.591962
0.65454	0.464429
0.65455	0.308875
0.65456	0.248445
0.65457	0.357759
0.65458	0.512334
0.65459	0.622089
0.6546	0.681985
0.65461	0.704062
0.65462	0.694324
0.65463	0.650052
0.65464	0.560608
0.65465	0.418886
0.65466	0.274311
0.65467	0.265774
0.65468	0.404092
0.65469	0.549697
0.6547	0.643935
0.65471	0.691827
0.65472	0.704513
0.65473	0.685523
0.65474	0.629651
0.65475	0.525022
0.65476	0.372737
0.65477	0.252347
0.65478	0.296264
0.65479	0.449564
0.6548	0.582042
0.65481	0.661726
0.65482	0.698733
0.65483	0.702444
0.65484	0.673903
0.65485	0.605544
0.65486	0.48556
0.65487	0.328938
0.65488	0.245593
0.65489	0.335515
0.6549	0.491979
0.65491	0.609576
0.65492	0.675926
0.65493	0.702963
0.65494	0.697905
0.65495	0.659335
0.65496	0.577582
0.65497	0.443041
0.65498	0.291119
0.65499	0.254472
0.655	0.3791
0.65501	0.530196
0.65502	0.632688
0.65503	0.686938
0.65504	0.704711
0.65505	0.690896
0.65506	0.641665
0.65507	0.545729
0.65508	0.398908
0.65509	0.26303
0.6551	0.277143
0.65511	0.42339
0.65512	0.563804
0.65513	0.651823
0.65514	0.695099
0.65515	0.704109
0.65516	0.681371
0.65517	0.620728
0.65518	0.510145
0.65519	0.35533
0.6552	0.247712
0.65521	0.310174
0.65522	0.465857
0.65523	0.592842
0.65524	0.66742
0.65525	0.700681
0.65526	0.701238
0.65527	0.669248
0.65528	0.596379
0.65529	0.471299
0.6553	0.315157
0.65531	0.246682
0.65532	0.349567
0.65533	0.504996
0.65534	0.617587
0.65535	0.679874
0.65536	0.703896
0.65537	0.696133
0.65538	0.654416
0.65539	0.568532
0.6554	0.430095
0.65541	0.281638
0.65542	0.259521
0.65543	0.391642
0.65544	0.540087
0.65545	0.638415
0.65546	0.689526
0.65547	0.704901
0.65548	0.688788
0.65549	0.636746
0.6555	0.537212
0.65551	0.387983
0.65552	0.25789
0.65553	0.284065
0.65554	0.433539
0.65555	0.570934
0.65556	0.65573
0.65557	0.69666
0.65558	0.703805
0.65559	0.679163
0.6556	0.616112
0.65561	0.502633
0.65562	0.347002
0.65563	0.246208
0.65564	0.31709
0.65565	0.473327
0.65566	0.597655
0.65567	0.669913
0.65568	0.701506
0.65569	0.700676
0.6557	0.66719
0.65571	0.592409
0.65572	0.465286
0.65573	0.3097
0.65574	0.247501
0.65575	0.35513
0.65576	0.509889
0.65577	0.620528
0.65578	0.681306
0.65579	0.704245
0.6558	0.695545
0.65581	0.652783
0.65582	0.565589
0.65583	0.426028
0.65584	0.278859
0.65585	0.26108
0.65586	0.395117
0.65587	0.542711
0.65588	0.639898
0.65589	0.690204
0.6559	0.705012
0.65591	0.688412
0.65592	0.635842
0.65593	0.535705
0.65594	0.38616
0.65595	0.257054
0.65596	0.284907
0.65597	0.434697
0.65598	0.571681
0.65599	0.656122
0.656	0.696852
0.65601	0.703906
0.65602	0.679251
0.65603	0.616273
0.65604	0.502968
0.65605	0.347447
0.65606	0.24613
0.65607	0.316167
0.65608	0.472285
0.65609	0.596926
0.6561	0.669533
0.65611	0.701455
0.65612	0.700991
0.65613	0.668014
0.65614	0.594002
0.65615	0.467809
0.65616	0.312037
0.65617	0.246788
0.65618	0.351902
0.65619	0.506953
0.6562	0.618696
0.65621	0.680432
0.65622	0.704171
0.65623	0.696303
0.65624	0.654639
0.65625	0.569002
0.65626	0.430947
0.65627	0.282247
0.65628	0.258453
0.65629	0.38949
0.6563	0.538261
0.65631	0.637296
0.65632	0.68908
0.65633	0.705128
0.65634	0.689855
0.65635	0.639057
0.65636	0.541322
0.65637	0.393439
0.65638	0.26024
0.65639	0.279459
0.6564	0.426889
0.65641	0.566106
0.65642	0.653038
0.65643	0.695697
0.65644	0.70442
0.65645	0.681636
0.65646	0.6212
0.65647	0.51113
0.65648	0.356697
0.65649	0.247632
0.6565	0.307485
0.65651	0.462684
0.65652	0.590582
0.65653	0.666218
0.65654	0.700468
0.65655	0.702115
0.65656	0.671621
0.65657	0.601017
0.65658	0.478753
0.65659	0.322434
0.6566	0.245179
0.65661	0.340031
0.65662	0.496006
0.65663	0.611899
0.65664	0.677102
0.65665	0.703543
0.65666	0.698257
0.65667	0.659772
0.65668	0.578488
0.65669	0.444727
0.6567	0.292524
0.65671	0.252639
0.65672	0.374809
0.65673	0.526408
0.65674	0.630314
0.65675	0.685928
0.65676	0.705044
0.65677	0.692871
0.65678	0.646048
0.65679	0.553645
0.6568	0.409827
0.65681	0.268787
0.65682	0.268868
0.65683	0.409962
0.65684	0.553738
0.65685	0.646097
0.65686	0.692897
0.65687	0.705066
0.65688	0.685967
0.65689	0.630403
0.6569	0.526598
0.65691	0.375092
0.65692	0.252716
0.65693	0.292096
0.65694	0.444133
0.65695	0.578033
0.65696	0.65951
0.65697	0.698183
0.65698	0.703682
0.65699	0.677539
0.657	0.612806
0.65701	0.497562
0.65702	0.341795
0.65703	0.245225
0.65704	0.320283
0.65705	0.476426
0.65706	0.599444
0.65707	0.670796
0.65708	0.701931
0.65709	0.700948
0.6571	0.667574
0.65711	0.593238
0.65712	0.466889
0.65713	0.311376
0.65714	0.246503
0.65715	0.351439
0.65716	0.506321
0.65717	0.618177
0.65718	0.680169
0.65719	0.70426
0.6572	0.696901
0.65721	0.656053
0.65722	0.571716
0.65723	0.435088
0.65724	0.285312
0.65725	0.256003
0.65726	0.383838
0.65727	0.533578
0.65728	0.634459
0.65729	0.68782
0.6573	0.705269
0.65731	0.691569
0.65732	0.642955
0.65733	0.5483
0.65734	0.402848
0.65735	0.264952
0.65736	0.272579
0.65737	0.416125
0.65738	0.558146
0.65739	0.64852
0.6574	0.693915
0.65741	0.705039
0.65742	0.684965
0.65743	0.62826
0.65744	0.523111
0.65745	0.371032
0.65746	0.251329
0.65747	0.294715
0.65748	0.447323
0.65749	0.580097
0.6575	0.660577
0.65751	0.698593
0.65752	0.703633
0.65753	0.677097
0.65754	0.611961
0.65755	0.496352
0.65756	0.340653
0.65757	0.245017
0.65758	0.320773
0.65759	0.476791
0.6576	0.599575
0.65761	0.670828
0.65762	0.701977
0.65763	0.701103
0.65764	0.667966
0.65765	0.594063
0.65766	0.468316
0.65767	0.312813
0.65768	0.246057
0.65769	0.349196
0.6577	0.504158
0.65771	0.616759
0.65772	0.679454
0.65773	0.704168
0.65774	0.697489
0.65775	0.65757
0.65776	0.574596
0.65777	0.439409
0.65778	0.288619
0.65779	0.25397
0.6578	0.378641
0.65781	0.529253
0.65782	0.631839
0.65783	0.686612
0.65784	0.705253
0.65785	0.692823
0.65786	0.645907
0.65787	0.553621
0.65788	0.410149
0.65789	0.269069
0.6579	0.267864
0.65791	0.408041
0.65792	0.552044
0.65793	0.645007
0.65794	0.692442
0.65795	0.705305
0.65796	0.687128
0.65797	0.63298
0.65798	0.531239
0.65799	0.381166
0.658	0.254944
0.65801	0.286581
0.65802	0.436612
0.65803	0.572588
0.65804	0.656443
0.65805	0.697066
0.65806	0.704384
0.65807	0.680422
0.65808	0.618794
0.65809	0.507601
0.6581	0.353182
0.65811	0.246717
0.65812	0.308865
0.65813	0.463817
0.65814	0.591
0.65815	0.666314
0.65816	0.700588
0.65817	0.702542
0.65818	0.672722
0.65819	0.603369
0.6582	0.482917
0.65821	0.326978
0.65822	0.2445
0.65823	0.333499
0.65824	0.489327
0.65825	0.607422
0.65826	0.674774
0.65827	0.703101
0.65828	0.699824
0.65829	0.66404
0.6583	0.586735
0.65831	0.457457
0.65832	0.303342
0.65833	0.24805
0.65834	0.359397
0.65835	0.512969
0.65836	0.622008
0.65837	0.681956
0.65838	0.704683
0.65839	0.696266
0.6584	0.65439
0.65841	0.568942
0.65842	0.431562
0.65843	0.283013
0.65844	0.256818
0.65845	0.385663
0.65846	0.534685
0.65847	0.634915
0.65848	0.687985
0.65849	0.705404
0.6585	0.691901
0.65851	0.643787
0.65852	0.550063
0.65853	0.405633
0.65854	0.266612
0.65855	0.270032
0.65856	0.411598
0.65857	0.554493
0.65858	0.646294
0.65859	0.692965
0.6586	0.705324
0.65861	0.686757
0.65862	0.632249
0.65863	0.530196
0.65864	0.380129
0.65865	0.25459
0.65866	0.286805
0.65867	0.436692
0.65868	0.572465
0.65869	0.656286
0.6587	0.696994
0.65871	0.704495
0.65872	0.680859
0.65873	0.619799
0.65874	0.50947
0.65875	0.355549
0.65876	0.247185
0.65877	0.30622
0.65878	0.460598
0.65879	0.588701
0.6588	0.665022
0.65881	0.700155
0.65882	0.702965
0.65883	0.674232
0.65884	0.60647
0.65885	0.488044
0.65886	0.33241
0.65887	0.244411
0.65888	0.327409
0.65889	0.483099
0.6589	0.603317
0.65891	0.67262
0.65892	0.702522
0.65893	0.700776
0.65894	0.6669
0.65895	0.592301
0.65896	0.466113
0.65897	0.311218
0.65898	0.246064
0.65899	0.349603
0.659	0.504082
0.65901	0.616437
0.65902	0.679189
0.65903	0.704163
0.65904	0.697964
0.65905	0.658888
0.65906	0.577341
0.65907	0.443903
0.65908	0.292437
0.65909	0.251761
0.6591	0.372156
0.65911	0.523508
0.65912	0.628182
0.65913	0.684825
0.65914	0.705136
0.65915	0.694564
0.65916	0.65022
0.65917	0.561653
0.65918	0.42167
0.65919	0.27646
0.6592	0.260984
0.65921	0.394555
0.65922	0.541391
0.65923	0.63867
0.65924	0.689616
0.65925	0.705494
0.65926	0.69061
0.65927	0.640925
0.65928	0.545313
0.65929	0.399691
0.6593	0.263583
0.65931	0.273137
0.65932	0.416408
0.65933	0.557781
0.65934	0.648014
0.65935	0.69364
0.65936	0.705285
0.65937	0.686131
0.65938	0.631033
0.65939	0.52841
0.6594	0.378263
0.65941	0.253981
0.65942	0.287599
0.65943	0.437437
0.65944	0.572749
0.65945	0.656316
0.65946	0.696967
0.65947	0.704553
0.65948	0.681157
0.65949	0.620581
0.6595	0.511045
0.65951	0.357684
0.65952	0.247709
0.65953	0.303766
0.65954	0.457452
0.65955	0.586381
0.65956	0.663673
0.65957	0.699661
0.65958	0.703339
0.65959	0.675719
0.6596	0.609605
0.65961	0.493337
0.65962	0.338248
0.65963	0.244697
0.65964	0.321079
0.65965	0.476337
0.65966	0.598766
0.65967	0.670171
0.65968	0.701779
0.65969	0.701679
0.6597	0.669846
0.65971	0.598152
0.65972	0.475414
0.65973	0.320226
0.65974	0.244768
0.65975	0.339051
0.65976	0.494035
0.65977	0.609998
0.65978	0.675891
0.65979	0.703374
0.6598	0.699609
0.65981	0.663568
0.65982	0.586268
0.65983	0.457415
0.65984	0.303858
0.65985	0.247656
0.65986	0.357268
0.65987	0.510529
0.65988	0.620167
0.65989	0.680905
0.6599	0.704491
0.65991	0.697162
0.65992	0.656916
0.65993	0.574007
0.65994	0.439488
0.65995	0.289341
0.65996	0.253032
0.65997	0.375396
0.65998	0.525833
0.65999	0.62936
0.66	0.685279
0.66001	0.705176
0.66002	0.69437
0.66003	0.649922
0.66004	0.561429
0.66005	0.421784
0.66006	0.276818
0.66007	0.26053
0.66008	0.393173
0.66009	0.539985
0.6601	0.637658
0.66011	0.689073
0.66012	0.705469
0.66013	0.691264
0.66014	0.642621
0.66015	0.548597
0.66016	0.404455
0.66017	0.266375
0.66018	0.26977
0.66019	0.4104
0.6602	0.553032
0.66021	0.64514
0.66022	0.692341
0.66023	0.705406
0.66024	0.687875
0.66025	0.635047
0.66026	0.535579
0.66027	0.387649
0.66028	0.258038
0.66029	0.280378
0.6603	0.426938
0.66031	0.565033
0.66032	0.651875
0.66033	0.695135
0.66034	0.705022
0.66035	0.684231
0.66036	0.627237
0.66037	0.522444
0.66038	0.371507
0.66039	0.251778
0.6604	0.292002
0.66041	0.442689
0.66042	0.576051
0.66043	0.657931
0.66044	0.697498
0.66045	0.704351
0.66046	0.680363
0.66047	0.61923
0.66048	0.509269
0.66049	0.356155
0.6605	0.247515
0.66051	0.304321
0.66052	0.457595
0.66053	0.58615
0.66054	0.663367
0.66055	0.699473
0.66056	0.703423
0.66057	0.676299
0.66058	0.611065
0.66059	0.496126
0.6606	0.341705
0.66061	0.245122
0.66062	0.317054
0.66063	0.471626
0.66064	0.595392
0.66065	0.668239
0.66066	0.701098
0.66067	0.702267
0.66068	0.67207
0.66069	0.602784
0.6607	0.483092
0.66071	0.328248
0.66072	0.244441
0.66073	0.329958
0.66074	0.484774
0.66075	0.60384
0.66076	0.672598
0.66077	0.702409
0.66078	0.700913
0.66079	0.667705
0.6608	0.594428
0.66081	0.470241
0.66082	0.315853
0.66083	0.245289
0.66084	0.34283
0.66085	0.497047
0.66086	0.611554
0.66087	0.676491
0.66088	0.703439
0.66089	0.699386
0.6609	0.663232
0.66091	0.586042
0.66092	0.457645
0.66093	0.304568
0.66094	0.24747
0.66095	0.355506
0.66096	0.508465
0.66097	0.618588
0.66098	0.67996
0.66099	0.704218
0.661	0.697714
0.66101	0.658683
0.66102	0.577668
0.66103	0.445372
0.66104	0.294415
0.66105	0.250779
0.66106	0.367854
0.66107	0.519057
0.66108	0.624995
0.66109	0.683045
0.6611	0.704775
0.66111	0.695921
0.66112	0.654086
0.66113	0.56935
0.66114	0.433485
0.66115	0.285394
0.66116	0.255015
0.66117	0.379773
0.66118	0.528857
0.66119	0.630825
0.6612	0.685781
0.66121	0.705136
0.66122	0.694031
0.66123	0.64947
0.66124	0.561131
0.66125	0.422042
0.66126	0.277485
0.66127	0.259986
0.66128	0.391185
0.66129	0.5379
0.6613	0.636122
0.66131	0.688201
0.66132	0.705327
0.66133	0.692068
0.66134	0.644866
0.66135	0.553055
0.66136	0.411093
0.66137	0.270647
0.66138	0.26551
0.66139	0.402035
0.6614	0.546225
0.66141	0.640928
0.66142	0.690336
0.66143	0.705369
0.66144	0.690055
0.66145	0.640301
0.66146	0.545162
0.66147	0.400682
0.66148	0.264826
0.66149	0.271419
0.6615	0.412285
0.66151	0.55387
0.66152	0.645282
0.66153	0.692213
0.66154	0.705286
0.66155	0.688015
0.66156	0.635805
0.66157	0.537493
0.66158	0.390844
0.66159	0.259952
0.6616	0.277565
0.66161	0.421912
0.66162	0.560872
0.66163	0.649218
0.66164	0.693858
0.66165	0.705098
0.66166	0.685967
0.66167	0.631406
0.66168	0.530085
0.66169	0.381607
0.6617	0.255948
0.66171	0.283813
0.66172	0.430902
0.66173	0.567268
0.66174	0.65277
0.66175	0.695293
0.66176	0.704824
0.66177	0.683934
0.66178	0.62713
0.66179	0.522977
0.6618	0.37299
0.66181	0.252728
0.66182	0.290048
0.66183	0.43925
0.66184	0.573092
0.66185	0.655966
0.66186	0.696541
0.66187	0.704482
0.66188	0.681934
0.66189	0.623004
0.6619	0.5162
0.66191	0.365006
0.66192	0.250205
0.66193	0.296169
0.66194	0.446959
0.66195	0.578376
0.66196	0.658833
0.66197	0.69762
0.66198	0.704088
0.66199	0.679986
0.662	0.619053
0.66201	0.509786
0.66202	0.357661
0.66203	0.24829
0.66204	0.302092
0.66205	0.454034
0.66206	0.583151
0.66207	0.661395
0.66208	0.698549
0.66209	0.703659
0.6621	0.678109
0.66211	0.615302
0.66212	0.503765
0.66213	0.350955
0.66214	0.246894
0.66215	0.307745
0.66216	0.460486
0.66217	0.587444
0.66218	0.663675
0.66219	0.699344
0.6622	0.703209
0.66221	0.676318
0.66222	0.611773
0.66223	0.498161
0.66224	0.344882
0.66225	0.245932
0.66226	0.313067
0.66227	0.466326
0.66228	0.591281
0.66229	0.665692
0.6623	0.700019
0.66231	0.702752
0.66232	0.674631
0.66233	0.608486
0.66234	0.492997
0.66235	0.339434
0.66236	0.245324
0.66237	0.318011
0.66238	0.471566
0.66239	0.594685
0.6624	0.667464
0.66241	0.700588
0.66242	0.702299
0.66243	0.673061
0.66244	0.605463
0.66245	0.488294
0.66246	0.334597
0.66247	0.244996
0.66248	0.322534
0.66249	0.476221
0.6625	0.597676
0.66251	0.669006
0.66252	0.701063
0.66253	0.701862
0.66254	0.671621
0.66255	0.60272
0.66256	0.48407
0.66257	0.330356
0.66258	0.244879
0.66259	0.326607
0.6626	0.480302
0.66261	0.600274
0.66262	0.670332
0.66263	0.701454
0.66264	0.70145
0.66265	0.670325
0.66266	0.600274
0.66267	0.480338
0.66268	0.326697
0.66269	0.244914
0.6627	0.330202
0.66271	0.483823
0.66272	0.602494
0.66273	0.671454
0.66274	0.70177
0.66275	0.701074
0.66276	0.669182
0.66277	0.59814
0.66278	0.477113
0.66279	0.323603
0.6628	0.245046
0.66281	0.333299
0.66282	0.486794
0.66283	0.60435
0.66284	0.672382
0.66285	0.702019
0.66286	0.700739
0.66287	0.668202
0.66288	0.596328
0.66289	0.474403
0.6629	0.321058
0.66291	0.245231
0.66292	0.335884
0.66293	0.489226
0.66294	0.605853
0.66295	0.673124
0.66296	0.702207
0.66297	0.700453
0.66298	0.667393
0.66299	0.594851
0.663	0.472218
0.66301	0.319049
0.66302	0.245431
0.66303	0.337943
0.66304	0.491128
0.66305	0.607015
0.66306	0.673689
0.66307	0.702341
0.66308	0.700221
0.66309	0.666762
0.6631	0.593715
0.66311	0.470563
0.66312	0.317564
0.66313	0.245616
0.66314	0.33947
0.66315	0.492505
0.66316	0.607841
0.66317	0.674081
0.66318	0.702424
0.66319	0.700046
0.6632	0.666313
0.66321	0.592928
0.66322	0.469443
0.66323	0.316592
0.66324	0.245763
0.66325	0.340458
0.66326	0.493364
0.66327	0.608338
0.66328	0.674303
0.66329	0.70246
0.6633	0.699933
0.66331	0.66605
0.66332	0.592494
0.66333	0.46886
0.66334	0.316127
0.66335	0.245859
0.66336	0.340904
0.66337	0.493709
0.66338	0.608508
0.66339	0.674359
0.6634	0.702449
0.66341	0.699882
0.66342	0.665975
0.66343	0.592414
0.66344	0.468817
0.66345	0.316165
0.66346	0.245897
0.66347	0.340807
0.66348	0.493541
0.66349	0.608354
0.6635	0.67425
0.66351	0.702393
0.66352	0.699894
0.66353	0.666088
0.66354	0.592689
0.66355	0.469312
0.66356	0.316706
0.66357	0.245878
0.66358	0.340169
0.66359	0.492859
0.6636	0.607875
0.66361	0.673973
0.66362	0.70229
0.66363	0.699967
0.66364	0.666387
0.66365	0.593317
0.66366	0.470343
0.66367	0.317753
0.66368	0.245811
0.66369	0.338991
0.6637	0.491663
0.66371	0.607069
0.66372	0.673529
0.66373	0.70214
0.66374	0.7001
0.66375	0.66687
0.66376	0.594293
0.66377	0.471907
0.66378	0.31931
0.66379	0.245712
0.6638	0.337281
0.66381	0.489948
0.66382	0.60593
0.66383	0.672912
0.66384	0.701938
0.66385	0.70029
0.66386	0.667532
0.66387	0.595612
0.66388	0.473999
0.66389	0.321386
0.6639	0.245604
0.66391	0.335046
0.66392	0.487709
0.66393	0.604452
0.66394	0.672118
0.66395	0.701682
0.66396	0.700532
0.66397	0.668368
0.66398	0.597266
0.66399	0.476611
0.664	0.323993
0.66401	0.245519
0.66402	0.332298
0.66403	0.484939
0.66404	0.602626
0.66405	0.67114
0.66406	0.701364
0.66407	0.700821
0.66408	0.66937
0.66409	0.599243
0.6641	0.479735
0.66411	0.327142
0.66412	0.245496
0.66413	0.32905
0.66414	0.48163
0.66415	0.600443
0.66416	0.66997
0.66417	0.700979
0.66418	0.701149
0.66419	0.670529
0.6642	0.601533
0.66421	0.483359
0.66422	0.330849
0.66423	0.245581
0.66424	0.32532
0.66425	0.477773
0.66426	0.597889
0.66427	0.668597
0.66428	0.700518
0.66429	0.701508
0.6643	0.671836
0.66431	0.604122
0.66432	0.487472
0.66433	0.335126
0.66434	0.24583
0.66435	0.321134
0.66436	0.473356
0.66437	0.594949
0.66438	0.667012
0.66439	0.699973
0.6644	0.70189
0.66441	0.673278
0.66442	0.606993
0.66443	0.492057
0.66444	0.339989
0.66445	0.246301
0.66446	0.316519
0.66447	0.468368
0.66448	0.591606
0.66449	0.665199
0.6645	0.699332
0.66451	0.702285
0.66452	0.674843
0.66453	0.610128
0.66454	0.497097
0.66455	0.345451
0.66456	0.247064
0.66457	0.311513
0.66458	0.462798
0.66459	0.58784
0.6646	0.663145
0.66461	0.698584
0.66462	0.70268
0.66463	0.676517
0.66464	0.61351
0.66465	0.502572
0.66466	0.351522
0.66467	0.248192
0.66468	0.306158
0.66469	0.456634
0.6647	0.583632
0.66471	0.660831
0.66472	0.697717
0.66473	0.703063
0.66474	0.678285
0.66475	0.617117
0.66476	0.508459
0.66477	0.358211
0.66478	0.249763
0.66479	0.300508
0.6648	0.449866
0.66481	0.578956
0.66482	0.65824
0.66483	0.696714
0.66484	0.703421
0.66485	0.68013
0.66486	0.620927
0.66487	0.514733
0.66488	0.365521
0.66489	0.25186
0.6649	0.294628
0.66491	0.442485
0.66492	0.573786
0.66493	0.65535
0.66494	0.695561
0.66495	0.703739
0.66496	0.682036
0.66497	0.624916
0.66498	0.521365
0.66499	0.373452
0.665	0.254569
0.66501	0.288593
0.66502	0.434486
0.66503	0.568096
0.66504	0.652138
0.66505	0.69424
0.66506	0.704001
0.66507	0.683984
0.66508	0.629061
0.66509	0.528324
0.6651	0.381996
0.66511	0.257974
0.66512	0.282493
0.66513	0.425865
0.66514	0.561854
0.66515	0.648578
0.66516	0.692731
0.66517	0.704191
0.66518	0.685956
0.66519	0.633335
0.6652	0.535579
0.66521	0.39114
0.66522	0.26216
0.66523	0.276432
0.66524	0.416626
0.66525	0.555028
0.66526	0.644642
0.66527	0.691014
0.66528	0.704291
0.66529	0.687931
0.6653	0.637712
0.66531	0.543093
0.66532	0.400865
0.66533	0.267205
0.66534	0.270528
0.66535	0.406782
0.66536	0.547585
0.66537	0.6403
0.66538	0.689065
0.66539	0.704281
0.6654	0.689889
0.66541	0.642164
0.66542	0.55083
0.66543	0.411142
0.66544	0.273183
0.66545	0.264917
0.66546	0.396351
0.66547	0.539491
0.66548	0.635516
0.66549	0.686859
0.6655	0.704141
0.66551	0.691809
0.66552	0.646664
0.66553	0.558751
0.66554	0.421937
0.66555	0.280156
0.66556	0.25975
0.66557	0.385367
0.66558	0.530709
0.66559	0.630257
0.6656	0.684371
0.66561	0.703849
0.66562	0.693669
0.66563	0.651185
0.66564	0.566814
0.66565	0.433207
0.66566	0.288172
0.66567	0.255191
0.66568	0.373878
0.66569	0.521204
0.6657	0.62448
0.66571	0.68157
0.66572	0.703382
0.66573	0.695447
0.66574	0.655696
0.66575	0.57498
0.66576	0.444904
0.66577	0.297265
0.66578	0.251419
0.66579	0.36195
0.6658	0.510944
0.66581	0.618145
0.66582	0.678424
0.66583	0.702717
0.66584	0.697118
0.66585	0.66017
0.66586	0.583205
0.66587	0.456971
0.66588	0.307452
0.66589	0.248622
0.6659	0.349671
0.66591	0.499895
0.66592	0.611204
0.66593	0.674899
0.66594	0.701825
0.66595	0.698659
0.66596	0.664578
0.66597	0.591449
0.66598	0.469348
0.66599	0.318725
0.666	0.246991
0.66601	0.337158
0.66602	0.488033
0.66603	0.603608
0.66604	0.670956
0.66605	0.70068
0.66606	0.700045
0.66607	0.66889
0.66608	0.599667
0.66609	0.481969
0.6661	0.33106
0.66611	0.246716
0.66612	0.324553
0.66613	0.475338
0.66614	0.595306
0.66615	0.666556
0.66616	0.699251
0.66617	0.701251
0.66618	0.67308
0.66619	0.60782
0.6662	0.494765
0.66621	0.344406
0.66622	0.247981
0.66623	0.312035
0.66624	0.461801
0.66625	0.586242
0.66626	0.661651
0.66627	0.697507
0.66628	0.702249
0.66629	0.677117
0.6663	0.615865
0.66631	0.507665
0.66632	0.358694
0.66633	0.250949
0.66634	0.299817
0.66635	0.447428
0.66636	0.576359
0.66637	0.656195
0.66638	0.695411
0.66639	0.703013
0.6664	0.680974
0.66641	0.623763
0.66642	0.520596
0.66643	0.373833
0.66644	0.255759
0.66645	0.288151
0.66646	0.432244
0.66647	0.565597
0.66648	0.650134
0.66649	0.692928
0.6665	0.703512
0.66651	0.684622
0.66652	0.631475
0.66653	0.533486
0.66654	0.389716
0.66655	0.262515
0.66656	0.277321
0.66657	0.4163
0.66658	0.553899
0.66659	0.64341
0.6666	0.690015
0.66661	0.703717
0.66662	0.688033
0.66663	0.638965
0.66664	0.546266
0.66665	0.406218
0.66666	0.271277
0.66667	0.267646
0.66668	0.399678
0.66669	0.541206
0.6667	0.635961
0.66671	0.686628
0.66672	0.703595
0.66673	0.691178
0.66674	0.646195
0.66675	0.558867
0.66676	0.423205
0.66677	0.282055
0.66678	0.259468
0.66679	0.382503
0.6668	0.527466
0.66681	0.62772
0.66682	0.68272
0.66683	0.703112
0.66684	0.694028
0.66685	0.653133
0.66686	0.571224
0.66687	0.440537
0.66688	0.294806
0.66689	0.253142
0.6669	0.364944
0.66691	0.512633
0.66692	0.618615
0.66693	0.678236
0.66694	0.702231
0.66695	0.696554
0.66696	0.659745
0.66697	0.583275
0.66698	0.458069
0.66699	0.309432
0.667	0.249019
0.66701	0.347232
0.66702	0.496676
0.66703	0.60857
0.66704	0.67312
0.66705	0.700912
0.66706	0.698725
0.66707	0.666
0.66708	0.594966
0.66709	0.475656
0.6671	0.325784
0.66711	0.247426
0.66712	0.329659
0.66713	0.479581
0.66714	0.597503
0.66715	0.667308
0.66716	0.699113
0.66717	0.700511
0.66718	0.671868
0.66719	0.606243
0.6672	0.493161
0.66721	0.343664
0.66722	0.248644
0.66723	0.312588
0.66724	0.461362
0.66725	0.585331
0.66726	0.66073
0.66727	0.696788
0.66728	0.701879
0.66729	0.677319
0.6673	0.617059
0.66731	0.51045
0.66732	0.362838
0.66733	0.252884
0.66734	0.296451
0.66735	0.442072
0.66736	0.57197
0.66737	0.653311
0.66738	0.693884
0.66739	0.702794
0.6674	0.682326
0.66741	0.627373
0.66742	0.527402
0.66743	0.383045
0.66744	0.260269
0.66745	0.281746
0.66746	0.421812
0.66747	0.557338
0.66748	0.644966
0.66749	0.690347
0.6675	0.703219
0.66751	0.68686
0.66752	0.637147
0.66753	0.543908
0.66754	0.404006
0.66755	0.270814
0.66756	0.269019
0.66757	0.400751
0.66758	0.541359
0.66759	0.635608
0.6676	0.686114
0.66761	0.703114
0.66762	0.690892
0.66763	0.646346
0.66764	0.559869
0.66765	0.425441
0.66766	0.284423
0.66767	0.258844
0.66768	0.379133
0.66769	0.52397
0.6677	0.625138
0.66771	0.681116
0.66772	0.702436
0.66773	0.694395
0.66774	0.654941
0.66775	0.5752
0.66776	0.447073
0.66777	0.300885
0.66778	0.251785
0.66779	0.357304
0.6678	0.505128
0.66781	0.613452
0.66782	0.675278
0.66783	0.701138
0.66784	0.697336
0.66785	0.662905
0.66786	0.589831
0.66787	0.468644
0.66788	0.319892
0.66789	0.248355
0.6679	0.335716
0.66791	0.484826
0.66792	0.600443
0.66793	0.668516
0.66794	0.699166
0.66795	0.699686
0.66796	0.670212
0.66797	0.603702
0.66798	0.489917
0.66799	0.341049
0.668	0.248967
0.66801	0.314938
0.66802	0.463101
0.66803	0.585999
0.66804	0.660737
0.66805	0.696463
0.66806	0.701408
0.66807	0.67684
0.66808	0.616764
0.66809	0.510684
0.6681	0.363909
0.66811	0.253888
0.66812	0.295652
0.66813	0.440062
0.66814	0.57001
0.66815	0.651839
0.66816	0.692961
0.66817	0.702465
0.66818	0.682765
0.66819	0.628979
0.6682	0.530766
0.66821	0.387995
0.66822	0.263203
0.66823	0.278634
0.66824	0.415906
0.66825	0.552374
0.66826	0.641708
0.66827	0.688589
0.66828	0.702815
0.66829	0.687965
0.6683	0.640317
0.66831	0.550013
0.66832	0.412828
0.66833	0.276795
0.66834	0.264718
0.66835	0.390946
0.66836	0.533005
0.66837	0.630222
0.66838	0.683264
0.66839	0.702411
0.6684	0.692416
0.66841	0.650755
0.66842	0.568309
0.66843	0.437951
0.66844	0.294345
0.66845	0.254732
0.66846	0.36564
0.66847	0.511847
0.66848	0.617251
0.66849	0.676892
0.6685	0.701199
0.66851	0.696091
0.66852	0.660273
0.66853	0.585561
0.66854	0.462951
0.66855	0.315362
0.66856	0.249425
0.66857	0.34061
0.66858	0.488894
0.66859	0.602656
0.6686	0.669369
0.66861	0.69912
0.66862	0.698961
0.66863	0.668859
0.66864	0.601701
0.66865	0.487464
0.66866	0.339218
0.66867	0.249375
0.66868	0.316653
0.66869	0.464212
0.6687	0.586297
0.66871	0.660578
0.66872	0.696102
0.66873	0.700994
0.66874	0.676497
0.66875	0.616683
0.66876	0.511189
0.66877	0.365207
0.66878	0.254916
0.66879	0.294735
0.6688	0.437973
0.66881	0.568038
0.66882	0.650389
0.66883	0.692067
0.66884	0.702149
0.66885	0.683177
0.66886	0.630476
0.66887	0.533881
0.66888	0.392599
0.66889	0.266072
0.6689	0.275945
0.66891	0.41049
0.66892	0.547759
0.66893	0.638659
0.66894	0.686923
0.66895	0.702382
0.66896	0.688883
0.66897	0.643063
0.66898	0.555357
0.66899	0.420689
0.669	0.282547
0.66901	0.261426
0.66902	0.382258
0.66903	0.525371
0.66904	0.625231
0.66905	0.680566
0.66906	0.701637
0.66907	0.693599
0.66908	0.654436
0.66909	0.57548
0.6691	0.44884
0.66911	0.303744
0.66912	0.252256
0.66913	0.353993
0.66914	0.500842
0.66915	0.60994
0.66916	0.672876
0.66917	0.699852
0.66918	0.697303
0.66919	0.664592
0.6692	0.594162
0.66921	0.4765
0.66922	0.328831
0.66923	0.249315
0.66924	0.326657
0.66925	0.474226
0.66926	0.592614
0.66927	0.663718
0.66928	0.69695
0.66929	0.699967
0.6693	0.673533
0.66931	0.611346
0.66932	0.503224
0.66933	0.356835
0.66934	0.253148
0.66935	0.301451
0.66936	0.445713
0.66937	0.573088
0.66938	0.652938
0.66939	0.692844
0.6694	0.701556
0.66941	0.681259
0.66942	0.627008
0.66943	0.528664
0.66944	0.386737
0.66945	0.263861
0.66946	0.279768
0.66947	0.415674
0.66948	0.551213
0.66949	0.640366
0.6695	0.687429
0.66951	0.702024
0.66952	0.687769
0.66953	0.641139
0.66954	0.552571
0.66955	0.417558
0.66956	0.281087
0.66957	0.263082
0.66958	0.384726
0.66959	0.526884
0.6696	0.625817
0.66961	0.680583
0.66962	0.701315
0.66963	0.693056
0.66964	0.653748
0.66965	0.574776
0.66966	0.448428
0.66967	0.304026
0.66968	0.252779
0.66969	0.353782
0.6697	0.500071
0.66971	0.609091
0.66972	0.672165
0.66973	0.699359
0.66974	0.697108
0.66975	0.664851
0.66976	0.595176
0.66977	0.47862
0.66978	0.331546
0.66979	0.249952
0.6698	0.324086
0.66981	0.470869
0.66982	0.589985
0.66983	0.662013
0.66984	0.69607
0.66985	0.6999
0.66986	0.674466
0.66987	0.613722
0.66988	0.507567
0.66989	0.36234
0.6699	0.255203
0.66991	0.297193
0.66992	0.439559
0.66993	0.568307
0.66994	0.649942
0.66995	0.691344
0.66996	0.7014
0.66997	0.682609
0.66998	0.630405
0.66999	0.534855
0.67	0.395074
0.67001	0.268505
0.67002	0.274884
0.67003	0.406682
0.67004	0.543896
0.67005	0.635746
0.67006	0.685056
0.67007	0.701557
0.67008	0.689292
0.67009	0.645238
0.6701	0.560204
0.67011	0.428514
0.67012	0.289189
0.67013	0.258981
0.67014	0.373124
0.67015	0.516662
0.67016	0.619201
0.67017	0.677056
0.67018	0.700309
0.67019	0.694519
0.6702	0.658254
0.67021	0.583447
0.67022	0.461608
0.67023	0.316035
0.67024	0.251076
0.67025	0.340178
0.67026	0.486636
0.67027	0.600071
0.67028	0.667173
0.67029	0.69757
0.6703	0.698281
0.67031	0.669489
0.67032	0.604501
0.67033	0.49353
0.67034	0.347477
0.67035	0.252242
0.67036	0.309559
0.67037	0.454047
0.67038	0.578125
0.67039	0.655203
0.6704	0.693234
0.67041	0.700555
0.67042	0.678981
0.67043	0.623348
0.67044	0.523675
0.67045	0.381822
0.67046	0.262789
0.67047	0.283333
0.67048	0.419415
0.67049	0.553159
0.6705	0.640918
0.67051	0.687172
0.67052	0.7013
0.67053	0.686762
0.67054	0.640012
0.67055	0.55164
0.67056	0.417461
0.67057	0.282165
0.67058	0.263717
0.67059	0.383655
0.6706	0.525041
0.67061	0.624066
0.67062	0.679223
0.67063	0.700456
0.67064	0.692853
0.67065	0.65454
0.67066	0.577188
0.67067	0.45301
0.67068	0.309046
0.67069	0.252743
0.6707	0.348177
0.67071	0.493773
0.67072	0.604378
0.67073	0.669197
0.67074	0.697939
0.67075	0.697259
0.67076	0.666992
0.67077	0.600205
0.67078	0.487382
0.67079	0.341582
0.6708	0.251866
0.67081	0.314922
0.67082	0.459579
0.67083	0.581587
0.67084	0.65687
0.67085	0.693638
0.67086	0.699969
0.67087	0.677428
0.67088	0.620671
0.67089	0.519791
0.6709	0.377709
0.67091	0.261608
0.67092	0.286291
0.67093	0.423026
0.67094	0.555456
0.67095	0.641986
0.67096	0.68741
0.67097	0.700948
0.67098	0.6859
0.67099	0.638621
0.671	0.549729
0.67101	0.415451
0.67102	0.281401
0.67103	0.2649
0.67104	0.385157
0.67105	0.525833
0.67106	0.624259
0.67107	0.679079
0.67108	0.700136
0.67109	0.692446
0.6711	0.654127
0.67111	0.576906
0.67112	0.453119
0.67113	0.309684
0.67114	0.253159
0.67115	0.347617
0.67116	0.492727
0.67117	0.603384
0.67118	0.668431
0.67119	0.697444
0.6712	0.697085
0.67121	0.667271
0.67122	0.6012
0.67123	0.489409
0.67124	0.344234
0.67125	0.252745
0.67126	0.312699
0.67127	0.456424
0.67128	0.579061
0.67129	0.655212
0.6713	0.692749
0.67131	0.699813
0.67132	0.678138
0.67133	0.622601
0.67134	0.523412
0.67135	0.382589
0.67136	0.26416
0.67137	0.283238
0.67138	0.417641
0.67139	0.551033
0.6714	0.639128
0.67141	0.685891
0.67142	0.700597
0.67143	0.686801
0.67144	0.641172
0.67145	0.554563
0.67146	0.422435
0.67147	0.28655
0.67148	0.262271
0.67149	0.377693
0.6715	0.519156
0.67151	0.619854
0.67152	0.676665
0.67153	0.69937
0.67154	0.693311
0.67155	0.657011
0.67156	0.582571
0.67157	0.461856
0.67158	0.317897
0.67159	0.252464
0.6716	0.338638
0.67161	0.48351
0.67162	0.597046
0.67163	0.664824
0.67164	0.696031
0.67165	0.697695
0.67166	0.670231
0.67167	0.607336
0.67168	0.499431
0.67169	0.35548
0.6717	0.255444
0.67171	0.303299
0.67172	0.444547
0.67173	0.570378
0.67174	0.650071
0.67175	0.690434
0.67176	0.699951
0.67177	0.680937
0.67178	0.628886
0.67179	0.534224
0.6718	0.396435
0.67181	0.271311
0.67182	0.275053
0.67183	0.403291
0.67184	0.539598
0.67185	0.632067
0.67186	0.682388
0.67187	0.700037
0.67188	0.689218
0.67189	0.647323
0.6719	0.5657
0.67191	0.438203
0.67192	0.298556
0.67193	0.257301
0.67194	0.361548
0.67195	0.504632
0.67196	0.610438
0.67197	0.671651
0.67198	0.697872
0.67199	0.695135
0.672	0.662781
0.67201	0.593626
0.67202	0.478783
0.67203	0.334448
0.67204	0.252686
0.67205	0.322029
0.67206	0.465732
0.67207	0.584806
0.67208	0.657924
0.67209	0.693326
0.6721	0.698714
0.67211	0.675399
0.67212	0.617968
0.67213	0.51679
0.67214	0.375706
0.67215	0.262311
0.67216	0.288279
0.67217	0.423697
0.67218	0.554842
0.67219	0.640857
0.6722	0.686221
0.67221	0.69994
0.67222	0.685301
0.67223	0.638815
0.67224	0.55139
0.67225	0.419162
0.67226	0.285344
0.67227	0.264225
0.67228	0.380115
0.67229	0.520358
0.6723	0.620051
0.67231	0.676317
0.67232	0.698753
0.67233	0.692582
0.67234	0.656319
0.67235	0.582172
0.67236	0.462209
0.67237	0.319225
0.67238	0.253348
0.67239	0.337588
0.6724	0.481463
0.67241	0.595089
0.67242	0.663313
0.67243	0.695039
0.67244	0.6973
0.67245	0.670649
0.67246	0.609021
0.67247	0.502973
0.67248	0.360385
0.67249	0.257677
0.6725	0.299758
0.67251	0.438789
0.67252	0.565578
0.67253	0.646846
0.67254	0.688626
0.67255	0.699465
0.67256	0.681964
0.67257	0.632003
0.67258	0.540284
0.67259	0.405106
0.6726	0.277073
0.67261	0.270955
0.67262	0.393781
0.67263	0.531248
0.67264	0.626496
0.67265	0.679278
0.67266	0.699037
0.67267	0.690394
0.67268	0.651282
0.67269	0.573538
0.6727	0.450189
0.67271	0.309217
0.67272	0.255346
0.67273	0.34898
0.67274	0.492109
0.67275	0.601806
0.67276	0.666688
0.67277	0.695914
0.67278	0.696026
0.67279	0.667056
0.6728	0.602525
0.67281	0.493272
0.67282	0.350317
0.67283	0.255744
0.67284	0.308147
0.67285	0.448692
0.67286	0.572335
0.67287	0.650476
0.67288	0.689932
0.67289	0.698897
0.6729	0.679519
0.67291	0.627287
0.67292	0.532852
0.67293	0.396157
0.67294	0.272602
0.67295	0.275977
0.67296	0.402374
0.67297	0.537751
0.67298	0.630196
0.67299	0.680849
0.673	0.69898
0.67301	0.688833
0.67302	0.647997
0.67303	0.56813
0.67304	0.442987
0.67305	0.303778
0.67306	0.257219
0.67307	0.35573
0.67308	0.498002
0.67309	0.605356
0.6731	0.668348
0.67311	0.696186
0.67312	0.695115
0.67313	0.664884
0.67314	0.598816
0.67315	0.487993
0.67316	0.345242
0.67317	0.255307
0.67318	0.312718
0.67319	0.453578
0.6732	0.57547
0.67321	0.652027
0.67322	0.690348
0.67323	0.698421
0.67324	0.678174
0.67325	0.62493
0.67326	0.529378
0.67327	0.392301
0.67328	0.271089
0.67329	0.278433
0.6733	0.405887
0.67331	0.540162
0.67332	0.631409
0.67333	0.681217
0.67334	0.698739
0.67335	0.688062
0.67336	0.646663
0.67337	0.566187
0.67338	0.440707
0.67339	0.30243
0.6734	0.258144
0.67341	0.357657
0.67342	0.499355
0.67343	0.605964
0.67344	0.668456
0.67345	0.695981
0.67346	0.694688
0.67347	0.664274
0.67348	0.59807
0.67349	0.487271
0.6735	0.344956
0.67351	0.255722
0.67352	0.313173
0.67353	0.453572
0.67354	0.575165
0.67355	0.651635
0.67356	0.689975
0.67357	0.698126
0.67358	0.678024
0.67359	0.62505
0.6736	0.529974
0.67361	0.393488
0.67362	0.272139
0.67363	0.278008
0.67364	0.404359
0.67365	0.538611
0.67366	0.630237
0.67367	0.680454
0.67368	0.698369
0.67369	0.688135
0.6737	0.647345
0.67371	0.567772
0.67372	0.443352
0.67373	0.304991
0.67374	0.257904
0.67375	0.354755
0.67376	0.496246
0.67377	0.603689
0.67378	0.667051
0.67379	0.695325
0.6738	0.694766
0.67381	0.665249
0.67382	0.600301
0.67383	0.491095
0.67384	0.349396
0.67385	0.256938
0.67386	0.309542
0.67387	0.44871
0.67388	0.571433
0.67389	0.649299
0.6739	0.688805
0.67391	0.698
0.67392	0.679053
0.67393	0.627614
0.67394	0.534588
0.67395	0.399677
0.67396	0.275845
0.67397	0.274868
0.67398	0.397834
0.67399	0.533065
0.674	0.626632
0.67401	0.678515
0.67402	0.697828
0.67403	0.689003
0.67404	0.64997
0.67405	0.572782
0.67406	0.450838
0.67407	0.311605
0.67408	0.256861
0.67409	0.347164
0.6741	0.488611
0.67411	0.598434
0.67412	0.664048
0.67413	0.694143
0.67414	0.69527
0.67415	0.667702
0.67416	0.605363
0.67417	0.499313
0.67418	0.358651
0.67419	0.259484
0.6742	0.302176
0.67421	0.438946
0.67422	0.56412
0.67423	0.644882
0.67424	0.686728
0.67425	0.697936
0.67426	0.681128
0.67427	0.632442
0.67428	0.543
0.67429	0.410829
0.6743	0.282765
0.67431	0.26967
0.67432	0.386381
0.67433	0.52333
0.67434	0.6204
0.67435	0.675246
0.67436	0.696978
0.67437	0.690511
0.67438	0.654334
0.67439	0.580949
0.6744	0.462984
0.67441	0.322694
0.67442	0.255964
0.67443	0.335216
0.67444	0.47626
0.67445	0.589937
0.67446	0.659234
0.67447	0.692259
0.67448	0.696022
0.67449	0.67141
0.6745	0.612953
0.67451	0.511622
0.67452	0.372889
0.67453	0.264423
0.67454	0.291826
0.67455	0.424195
0.67456	0.552911
0.67457	0.638109
0.67458	0.683521
0.67459	0.697729
0.6746	0.684013
0.67461	0.639214
0.67462	0.554828
0.67463	0.426842
0.67464	0.293816
0.67465	0.263632
0.67466	0.370186
0.67467	0.509068
0.67468	0.611187
0.67469	0.670367
0.6747	0.695579
0.67471	0.692406
0.67472	0.66011
0.67473	0.591846
0.67474	0.479463
0.67475	0.338807
0.67476	0.256744
0.67477	0.319581
0.67478	0.458926
0.67479	0.577773
0.6748	0.652264
0.67481	0.689393
0.67482	0.696748
0.67483	0.676044
0.67484	0.62263
0.67485	0.52755
0.67486	0.392222
0.67487	0.273248
0.67488	0.279795
0.67489	0.404433
0.6749	0.537331
0.67491	0.628549
0.67492	0.678848
0.67493	0.697076
0.67494	0.687371
0.67495	0.647491
0.67496	0.569523
0.67497	0.447446
0.67498	0.310074
0.67499	0.258627
0.675	0.349722
0.67501	0.489836
0.67502	0.598477
0.67503	0.663471
0.67504	0.693293
0.67505	0.694341
0.67506	0.666864
0.67507	0.604903
0.67508	0.49975
0.67509	0.360411
0.6751	0.261257
0.67511	0.301486
0.67512	0.436361
0.67513	0.56135
0.67514	0.642639
0.67515	0.68515
0.67516	0.697082
0.67517	0.681179
0.67518	0.633832
0.67519	0.546439
0.6752	0.416534
0.67521	0.287656
0.67522	0.268137
0.67523	0.379882
0.67524	0.516777
0.67525	0.615603
0.67526	0.672243
0.67527	0.695581
0.67528	0.690778
0.67529	0.65673
0.6753	0.586385
0.67531	0.472114
0.67532	0.332487
0.67533	0.257204
0.67534	0.326031
0.67535	0.46517
0.67536	0.581574
0.67537	0.653997
0.67538	0.689668
0.67539	0.695882
0.6754	0.674079
0.67541	0.619428
0.67542	0.523093
0.67543	0.387635
0.67544	0.27187
0.67545	0.283019
0.67546	0.408522
0.67547	0.539924
0.67548	0.629687
0.67549	0.679008
0.6755	0.696564
0.67551	0.68631
0.67552	0.645902
0.67553	0.567457
0.67554	0.445334
0.67555	0.30918
0.67556	0.25979
0.67557	0.351332
0.67558	0.490587
0.67559	0.598483
0.6756	0.663086
0.67561	0.692735
0.67562	0.693732
0.67563	0.666314
0.67564	0.604589
0.67565	0.500003
0.67566	0.36151
0.67567	0.262408
0.67568	0.301114
0.67569	0.434766
0.6757	0.559605
0.67571	0.641207
0.67572	0.68413
0.67573	0.69651
0.67574	0.681167
0.67575	0.634646
0.67576	0.548519
0.67577	0.42005
0.67578	0.290806
0.67579	0.267394
0.6758	0.375913
0.67581	0.512651
0.67582	0.612537
0.67583	0.670294
0.67584	0.694634
0.67585	0.690863
0.67586	0.65812
0.67587	0.589635
0.67588	0.477674
0.67589	0.338701
0.6759	0.258473
0.67591	0.320615
0.67592	0.458211
0.67593	0.576202
0.67594	0.650576
0.67595	0.687912
0.67596	0.695653
0.67597	0.675571
0.67598	0.623232
0.67599	0.52997
0.676	0.396804
0.67601	0.277263
0.67602	0.278358
0.67603	0.398836
0.67604	0.531565
0.67605	0.624151
0.67606	0.67595
0.67607	0.69561
0.67608	0.687486
0.67609	0.649733
0.6761	0.574889
0.67611	0.456573
0.67612	0.319486
0.67613	0.258974
0.67614	0.340143
0.67615	0.47875
0.67616	0.590095
0.67617	0.658144
0.67618	0.690613
0.67619	0.694202
0.6762	0.669734
0.67621	0.611927
0.67622	0.512194
0.67623	0.375999
0.67624	0.26811
0.67625	0.291194
0.67626	0.41957
0.67627	0.547603
0.67628	0.633688
0.67629	0.680331
0.6763	0.695874
0.67631	0.683796
0.67632	0.641381
0.67633	0.560668
0.67634	0.437097
0.67635	0.303883
0.67636	0.262716
0.67637	0.358733
0.67638	0.496456
0.67639	0.601633
0.6764	0.664206
0.67641	0.692454
0.67642	0.692344
0.67643	0.663855
0.67644	0.600996
0.67645	0.495542
0.67646	0.357874
0.67647	0.262671
0.67648	0.304677
0.67649	0.437868
0.6765	0.561059
0.67651	0.641458
0.67652	0.683669
0.67653	0.695613
0.67654	0.679975
0.67655	0.633286
0.67656	0.54727
0.67657	0.419557
0.67658	0.291685
0.67659	0.268554
0.6766	0.375753
0.67661	0.511487
0.67662	0.611127
0.67663	0.66901
0.67664	0.693623
0.67665	0.690248
0.67666	0.658125
0.67667	0.590686
0.67668	0.48032
0.67669	0.342515
0.6767	0.260155
0.67671	0.317873
0.67672	0.453662
0.67673	0.572213
0.67674	0.647723
0.67675	0.686162
0.67676	0.694987
0.67677	0.67619
0.67678	0.625658
0.67679	0.534966
0.6768	0.404167
0.67681	0.282522
0.67682	0.275479
0.67683	0.390829
0.67684	0.52404
0.67685	0.618844
0.67686	0.672763
0.67687	0.694282
0.67688	0.688065
0.67689	0.652719
0.6769	0.581231
0.67691	0.466777
0.67692	0.329869
0.67693	0.259756
0.67694	0.330105
0.67695	0.466989
0.67696	0.581317
0.67697	0.6527
0.67698	0.687973
0.67699	0.694139
0.677	0.672593
0.67701	0.618688
0.67702	0.523993
0.67703	0.39105
0.67704	0.275931
0.67705	0.282664
0.67706	0.40376
0.67707	0.534316
0.67708	0.625009
0.67709	0.675635
0.6771	0.694566
0.67711	0.685929
0.67712	0.6478
0.67713	0.572834
0.67714	0.455103
0.67715	0.319783
0.67716	0.260728
0.67717	0.340908
0.67718	0.477939
0.67719	0.588589
0.6772	0.656568
0.67721	0.689238
0.67722	0.69319
0.67723	0.669317
0.67724	0.612548
0.67725	0.514548
0.67726	0.380251
0.67727	0.27142
0.67728	0.289462
0.67729	0.414458
0.6773	0.5425
0.67731	0.629806
0.67732	0.677768
0.67733	0.69459
0.67734	0.683955
0.67735	0.643506
0.67736	0.565674
0.67737	0.445434
0.67738	0.312044
0.67739	0.262428
0.6774	0.349977
0.67741	0.486622
0.67742	0.594211
0.67743	0.659472
0.67744	0.69007
0.67745	0.692241
0.67746	0.666479
0.67747	0.607387
0.67748	0.506788
0.67749	0.371756
0.6775	0.268521
0.67751	0.295394
0.67752	0.422906
0.67753	0.548753
0.67754	0.633382
0.67755	0.679271
0.67756	0.694448
0.67757	0.682239
0.67758	0.639959
0.67759	0.559895
0.6776	0.437856
0.67761	0.306417
0.67762	0.264336
0.67763	0.357126
0.67764	0.493148
0.67765	0.598329
0.67766	0.661524
0.67767	0.690556
0.67768	0.691376
0.67769	0.664174
0.6777	0.603325
0.67771	0.500833
0.67772	0.365513
0.67773	0.266829
0.67774	0.300121
0.67775	0.42912
0.67776	0.553205
0.67777	0.635852
0.67778	0.68023
0.67779	0.694212
0.6778	0.680858
0.67781	0.637253
0.67782	0.555609
0.67783	0.432419
0.67784	0.302682
0.67785	0.266061
0.67786	0.362247
0.67787	0.497611
0.67788	0.601052
0.67789	0.662808
0.6779	0.690762
0.67791	0.690657
0.67792	0.662476
0.67793	0.600454
0.67794	0.496762
0.67795	0.361458
0.67796	0.266026
0.67797	0.303421
0.67798	0.433131
0.67799	0.555955
0.678	0.637297
0.67801	0.680708
0.67802	0.693935
0.67803	0.679869
0.67804	0.635458
0.67805	0.552894
0.67806	0.429142
0.67807	0.300661
0.67808	0.267336
0.67809	0.365285
0.6781	0.500083
0.67811	0.602458
0.67812	0.663382
0.67813	0.690734
0.67814	0.690128
0.67815	0.661435
0.67816	0.598834
0.67817	0.494623
0.67818	0.359533
0.67819	0.265895
0.6782	0.305164
0.67821	0.434968
0.67822	0.55707
0.67823	0.63777
0.67824	0.680742
0.67825	0.693651
0.67826	0.679308
0.67827	0.634615
0.67828	0.551794
0.67829	0.428029
0.6783	0.300234
0.67831	0.268009
0.67832	0.366222
0.67833	0.500611
0.67834	0.602591
0.67835	0.663278
0.67836	0.690496
0.67837	0.689811
0.67838	0.661078
0.67839	0.598495
0.6784	0.494435
0.67841	0.359696
0.67842	0.266326
0.67843	0.305301
0.67844	0.434656
0.67845	0.556582
0.67846	0.637295
0.67847	0.680349
0.67848	0.693372
0.67849	0.679186
0.6785	0.63474
0.67851	0.552319
0.67852	0.42907
0.67853	0.301353
0.67854	0.268041
0.67855	0.365065
0.67856	0.499216
0.67857	0.601466
0.67858	0.662503
0.67859	0.690053
0.6786	0.68971
0.67861	0.661405
0.67862	0.599435
0.67863	0.496188
0.67864	0.361929
0.67865	0.26732
0.67866	0.303853
0.67867	0.432208
0.67868	0.554491
0.67869	0.635867
0.6787	0.679524
0.67871	0.693093
0.67872	0.679496
0.67873	0.635818
0.67874	0.55445
0.67875	0.432246
0.67876	0.304041
0.67877	0.267501
0.67878	0.361848
0.67879	0.495889
0.6788	0.599064
0.67881	0.661041
0.67882	0.68939
0.67883	0.689808
0.67884	0.662395
0.67885	0.601621
0.67886	0.499845
0.67887	0.366241
0.67888	0.268984
0.67889	0.300913
0.6789	0.427627
0.67891	0.550769
0.67892	0.633457
0.67893	0.678241
0.67894	0.692788
0.67895	0.680208
0.67896	0.637809
0.67897	0.558131
0.67898	0.437526
0.67899	0.308389
0.679	0.266562
0.67901	0.35663
0.67902	0.490599
0.67903	0.595336
0.67904	0.658851
0.67905	0.68847
0.67906	0.690068
0.67907	0.664
0.67908	0.60499
0.67909	0.505341
0.6791	0.372656
0.67911	0.271524
0.67912	0.296653
0.67913	0.420913
0.67914	0.545353
0.67915	0.630004
0.67916	0.676451
0.67917	0.692411
0.67918	0.68127
0.67919	0.640644
0.6792	0.56328
0.67921	0.444864
0.67922	0.314544
0.67923	0.26551
0.67924	0.349509
0.67925	0.483291
0.67926	0.590205
0.67927	0.655866
0.67928	0.687238
0.67929	0.690434
0.6793	0.666151
0.67931	0.609451
0.67932	0.512584
0.67933	0.381208
0.67934	0.275241
0.67935	0.291333
0.67936	0.412073
0.67937	0.538151
0.67938	0.625419
0.67939	0.674081
0.6794	0.6919
0.67941	0.682612
0.67942	0.644233
0.67943	0.569781
0.67944	0.454192
0.67945	0.32269
0.67946	0.26474
0.67947	0.340641
0.67948	0.473894
0.67949	0.58356
0.6795	0.651993
0.67951	0.685617
0.67952	0.690829
0.67953	0.668757
0.67954	0.614884
0.67955	0.521447
0.67956	0.391915
0.67957	0.280507
0.67958	0.285325
0.67959	0.401135
0.6796	0.529047
0.67961	0.619586
0.67962	0.671038
0.67963	0.691169
0.67964	0.684142
0.67965	0.648458
0.67966	0.577488
0.67967	0.465408
0.67968	0.333018
0.67969	0.264759
0.6797	0.330267
0.67971	0.462332
0.67972	0.575259
0.67973	0.647113
0.67974	0.683508
0.67975	0.69116
0.67976	0.671708
0.67977	0.621145
0.67978	0.531769
0.67979	0.404768
0.6798	0.287742
0.67981	0.279127
0.67982	0.388171
0.67983	0.5179
0.67984	0.612353
0.67985	0.667199
0.67986	0.690115
0.67987	0.685752
0.67988	0.653184
0.67989	0.586228
0.6799	0.47837
0.67991	0.345702
0.67992	0.266174
0.67993	0.318739
0.67994	0.448543
0.67995	0.565129
0.67996	0.641074
0.67997	0.68079
0.67998	0.691314
0.67999	0.674876
0.68	0.628067
0.68001	0.543357
0.68002	0.419705
0.68003	0.297377
0.68004	0.273386
0.68005	0.373333
0.68006	0.504555
0.68007	0.603537
0.68008	0.662418
0.68009	0.688613
0.6801	0.687316
0.68011	0.658258
0.68012	0.595801
0.68013	0.492889
0.68014	0.360855
0.68015	0.269667
0.68016	0.306566
0.68017	0.432494
0.68018	0.55297
0.68019	0.633693
0.6802	0.677317
0.68021	0.691159
0.68022	0.678115
0.68023	0.635465
0.68024	0.555983
0.68025	0.436597
0.68026	0.309807
0.68027	0.268896
0.68028	0.356896
0.68029	0.488858
0.6803	0.59292
0.68031	0.656515
0.68032	0.686516
0.68033	0.688692
0.68034	0.66351
0.68035	0.605988
0.68036	0.508726
0.68037	0.378502
0.68038	0.275953
0.68039	0.294451
0.6804	0.414228
0.68041	0.538558
0.68042	0.624751
0.68043	0.672914
0.68044	0.690545
0.68045	0.681268
0.68046	0.64314
0.68047	0.569391
0.68048	0.455236
0.68049	0.325331
0.6805	0.266593
0.68051	0.339313
0.68052	0.470679
0.68053	0.580248
0.68054	0.649276
0.68055	0.683653
0.68056	0.68972
0.68057	0.668758
0.68058	0.616549
0.68059	0.525597
0.6806	0.398547
0.68061	0.285705
0.68062	0.283321
0.68063	0.393911
0.68064	0.521659
0.68065	0.613989
0.68066	0.667376
0.68067	0.6893
0.68068	0.68416
0.68069	0.650879
0.6807	0.5833
0.68071	0.475334
0.68072	0.344098
0.68073	0.267497
0.68074	0.321279
0.68075	0.449947
0.68076	0.565239
0.68077	0.640449
0.68078	0.679826
0.68079	0.690223
0.6808	0.67381
0.68081	0.627238
0.68082	0.543175
0.68083	0.420757
0.68084	0.299475
0.68085	0.274332
0.68086	0.371906
0.68087	0.502049
0.68088	0.601108
0.68089	0.660462
0.6809	0.68723
0.68091	0.686606
0.68092	0.658464
0.68093	0.597414
0.68094	0.496525
0.68095	0.366059
0.68096	0.272628
0.68097	0.303794
0.68098	0.426714
0.68099	0.547586
0.681	0.629741
0.68101	0.674804
0.68102	0.690007
0.68103	0.678465
0.68104	0.637799
0.68105	0.561108
0.68106	0.444764
0.68107	0.317593
0.68108	0.26883
0.68109	0.348858
0.6811	0.479556
0.68111	0.585771
0.68112	0.65189
0.68113	0.684112
0.68114	0.688405
0.68115	0.665671
0.68116	0.611433
0.68117	0.518389
0.68118	0.390939
0.68119	0.282875
0.6812	0.288204
0.68121	0.401238
0.68122	0.526984
0.68123	0.616809
0.68124	0.668319
0.68125	0.688855
0.68126	0.682511
0.68127	0.647977
0.68128	0.579028
0.68129	0.47008
0.6813	0.340083
0.68131	0.268238
0.68132	0.325801
0.68133	0.454119
0.68134	0.567607
0.68135	0.641329
0.68136	0.679691
0.68137	0.689341
0.68138	0.672273
0.68139	0.625055
0.6814	0.540468
0.68141	0.418243
0.68142	0.298831
0.68143	0.276176
0.68144	0.374097
0.68145	0.503161
0.68146	0.601264
0.68147	0.660059
0.68148	0.686521
0.68149	0.685728
0.6815	0.65752
0.68151	0.596569
0.68152	0.496134
0.68153	0.366617
0.68154	0.273877
0.68155	0.304234
0.68156	0.42589
0.68157	0.54623
0.68158	0.628395
0.68159	0.673673
0.6816	0.689176
0.68161	0.678038
0.68162	0.637989
0.68163	0.562294
0.68164	0.447293
0.68165	0.320655
0.68166	0.269586
0.68167	0.34633
0.68168	0.475955
0.68169	0.582672
0.6817	0.649657
0.68171	0.682729
0.68172	0.68788
0.68173	0.666177
0.68174	0.613377
0.68175	0.52231
0.68176	0.396523
0.68177	0.286715
0.68178	0.286142
0.68179	0.395377
0.6818	0.521283
0.68181	0.612648
0.68182	0.665716
0.68183	0.687647
0.68184	0.682728
0.68185	0.649956
0.68186	0.583414
0.68187	0.477288
0.68188	0.347975
0.68189	0.270274
0.6819	0.319579
0.68191	0.445423
0.68192	0.560573
0.68193	0.636687
0.68194	0.677159
0.68195	0.688715
0.68196	0.673703
0.68197	0.629121
0.68198	0.547995
0.68199	0.428847
0.682	0.307121
0.68201	0.273887
0.68202	0.36363
0.68203	0.492507
0.68204	0.593592
0.68205	0.655417
0.68206	0.684455
0.68207	0.686098
0.68208	0.66069
0.68209	0.603407
0.6821	0.507381
0.68211	0.379892
0.68212	0.279684
0.68213	0.296149
0.68214	0.412012
0.68215	0.534526
0.68216	0.620655
0.68217	0.669436
0.68218	0.687951
0.68219	0.679851
0.6822	0.643499
0.68221	0.572617
0.68222	0.462466
0.68223	0.334702
0.68224	0.269895
0.68225	0.332436
0.68226	0.459876
0.68227	0.570694
0.68228	0.642304
0.68229	0.679253
0.6823	0.68788
0.68231	0.669936
0.68232	0.621899
0.68233	0.536756
0.68234	0.415095
0.68235	0.298473
0.68236	0.27892
0.68237	0.376803
0.68238	0.504187
0.68239	0.601001
0.6824	0.659121
0.68241	0.68527
0.68242	0.684367
0.68243	0.656233
0.68244	0.59567
0.68245	0.49622
0.68246	0.368297
0.68247	0.276167
0.68248	0.304456
0.68249	0.423808
0.6825	0.543429
0.68251	0.625827
0.68252	0.671638
0.68253	0.687781
0.68254	0.677445
0.68255	0.638565
0.68256	0.564683
0.68257	0.452041
0.68258	0.326242
0.68259	0.270968
0.6826	0.341778
0.68261	0.469468
0.68262	0.577117
0.68263	0.645691
0.68264	0.680302
0.68265	0.686977
0.68266	0.667067
0.68267	0.61673
0.68268	0.529024
0.68269	0.406145
0.6827	0.29369
0.68271	0.283141
0.68272	0.385461
0.68273	0.51138
0.68274	0.605356
0.68275	0.661124
0.68276	0.685463
0.68277	0.682961
0.68278	0.653122
0.68279	0.590553
0.6828	0.489168
0.68281	0.361506
0.68282	0.274887
0.68283	0.310018
0.68284	0.430793
0.68285	0.548399
0.68286	0.628534
0.68287	0.672605
0.68288	0.687376
0.68289	0.675758
0.6829	0.635452
0.68291	0.559955
0.68292	0.446189
0.68293	0.322027
0.68294	0.272265
0.68295	0.347088
0.68296	0.474425
0.68297	0.580204
0.68298	0.647137
0.68299	0.680529
0.683	0.68621
0.68301	0.665322
0.68302	0.613888
0.68303	0.52507
0.68304	0.401965
0.68305	0.29198
0.68306	0.285629
0.68307	0.389477
0.68308	0.514369
0.68309	0.606944
0.6831	0.661649
0.68311	0.68521
0.68312	0.682054
0.68313	0.651557
0.68314	0.588289
0.68315	0.486395
0.68316	0.359277
0.68317	0.275023
0.68318	0.31231
0.68319	0.433056
0.6832	0.549692
0.68321	0.628991
0.68322	0.6725
0.68323	0.686876
0.68324	0.674934
0.68325	0.634331
0.68326	0.558612
0.68327	0.444957
0.68328	0.321664
0.68329	0.273136
0.6833	0.348174
0.68331	0.474911
0.68332	0.580151
0.68333	0.646793
0.68334	0.680051
0.68335	0.685682
0.68336	0.664813
0.68337	0.613501
0.68338	0.525005
0.68339	0.402482
0.6834	0.292921
0.68341	0.286005
0.68342	0.388857
0.68343	0.513304
0.68344	0.605897
0.68345	0.660788
0.68346	0.684585
0.68347	0.681716
0.68348	0.651616
0.68349	0.588958
0.6835	0.487931
0.68351	0.361462
0.68352	0.276269
0.68353	0.311209
0.68354	0.430672
0.68355	0.547409
0.68356	0.627271
0.68357	0.671372
0.68358	0.686318
0.68359	0.675007
0.6836	0.635233
0.68361	0.560674
0.68362	0.448307
0.68363	0.325023
0.68364	0.273481
0.68365	0.345068
0.68366	0.470987
0.68367	0.576999
0.68368	0.644677
0.68369	0.678874
0.6837	0.685396
0.68371	0.665536
0.68372	0.615552
0.68373	0.528785
0.68374	0.407634
0.68375	0.296514
0.68376	0.284376
0.68377	0.383679
0.68378	0.508196
0.68379	0.602198
0.6838	0.658518
0.68381	0.683562
0.68382	0.681911
0.68383	0.653247
0.68384	0.592483
0.68385	0.493684
0.68386	0.368054
0.68387	0.278837
0.68388	0.306943
0.68389	0.423686
0.6839	0.541496
0.68391	0.623304
0.68392	0.669156
0.68393	0.68564
0.68394	0.675903
0.68395	0.638058
0.68396	0.566005
0.68397	0.456134
0.68398	0.332254
0.68399	0.273735
0.684	0.338011
0.68401	0.462623
0.68402	0.570633
0.68403	0.640679
0.68404	0.676902
0.68405	0.685255
0.68406	0.667371
0.68407	0.61988
0.68408	0.536221
0.68409	0.417369
0.6841	0.303161
0.68411	0.281322
0.68412	0.374108
0.68413	0.498925
0.68414	0.59568
0.68415	0.654691
0.68416	0.682009
0.68417	0.682504
0.68418	0.65628
0.68419	0.598641
0.6842	0.503436
0.68421	0.379153
0.68422	0.283429
0.68423	0.300116
0.68424	0.412136
0.68425	0.531754
0.68426	0.616881
0.68427	0.665677
0.68428	0.684678
0.68429	0.677443
0.6843	0.642575
0.68431	0.574316
0.68432	0.468241
0.68433	0.343722
0.68434	0.274851
0.68435	0.327513
0.68436	0.44972
0.68437	0.560788
0.68438	0.634557
0.68439	0.67393
0.6844	0.685059
0.68441	0.670089
0.68442	0.626188
0.68443	0.546974
0.68444	0.431594
0.68445	0.313583
0.68446	0.277935
0.68447	0.360477
0.68448	0.485269
0.68449	0.586026
0.6845	0.649039
0.68451	0.679695
0.68452	0.68326
0.68453	0.66043
0.68454	0.607063
0.68455	0.516828
0.68456	0.394874
0.68457	0.291146
0.68458	0.291804
0.68459	0.396143
0.6846	0.517857
0.68461	0.60765
0.68462	0.66064
0.68463	0.683172
0.68464	0.679348
0.68465	0.648434
0.68466	0.585174
0.68467	0.484302
0.68468	0.359866
0.68469	0.27827
0.6847	0.314489
0.68471	0.432191
0.68472	0.547058
0.68473	0.625928
0.68474	0.66964
0.68475	0.684516
0.68476	0.673361
0.68477	0.634058
0.68478	0.560554
0.68479	0.45009
0.6848	0.328646
0.68481	0.275856
0.68482	0.34344
0.68483	0.466956
0.68484	0.572773
0.68485	0.641155
0.68486	0.676279
0.68487	0.683845
0.68488	0.665309
0.68489	0.617258
0.6849	0.533338
0.68491	0.415209
0.68492	0.303341
0.68493	0.283671
0.68494	0.376062
0.68495	0.499386
0.68496	0.595103
0.68497	0.653622
0.68498	0.680755
0.68499	0.681243
0.685	0.655184
0.68501	0.598009
0.68502	0.503804
0.68503	0.38101
0.68504	0.285801
0.68505	0.300446
0.68506	0.41009
0.68507	0.528912
0.68508	0.614257
0.68509	0.663593
0.6851	0.683232
0.68511	0.676764
0.68512	0.642964
0.68513	0.576324
0.68514	0.472419
0.68515	0.349127
0.68516	0.277251
0.68517	0.324212
0.68518	0.443776
0.68519	0.555309
0.6852	0.630487
0.68521	0.671303
0.68522	0.683836
0.68523	0.670441
0.68524	0.628623
0.68525	0.552275
0.68526	0.439882
0.68527	0.321343
0.68528	0.278061
0.68529	0.352728
0.6853	0.475912
0.68531	0.578577
0.68532	0.644054
0.68533	0.676953
0.68534	0.682666
0.68535	0.662287
0.68536	0.612141
0.68537	0.526028
0.68538	0.407149
0.68539	0.299376
0.6854	0.287694
0.68541	0.383855
0.68542	0.505753
0.68543	0.598845
0.68544	0.65521
0.68545	0.680709
0.68546	0.679795
0.68547	0.652301
0.68548	0.593519
0.68549	0.497869
0.6855	0.375421
0.68551	0.284624
0.68552	0.304863
0.68553	0.41579
0.68554	0.532914
0.68555	0.616312
0.68556	0.664179
0.68557	0.682711
0.68558	0.675273
0.68559	0.640475
0.6856	0.572791
0.68561	0.468243
0.68562	0.346089
0.68563	0.277927
0.68564	0.327821
0.68565	0.447166
0.68566	0.557261
0.68567	0.631203
0.68568	0.671164
0.68569	0.683068
0.6857	0.669135
0.68571	0.626802
0.68572	0.550045
0.68573	0.437773
0.68574	0.320615
0.68575	0.279429
0.68576	0.354683
0.68577	0.477042
0.68578	0.578823
0.68579	0.643748
0.6858	0.676335
0.68581	0.681871
0.68582	0.6614
0.68583	0.61128
0.68584	0.525443
0.68585	0.407276
0.68586	0.30037
0.68587	0.288576
0.68588	0.383688
0.68589	0.504838
0.6859	0.597725
0.68591	0.654161
0.68592	0.679841
0.68593	0.679186
0.68594	0.652078
0.68595	0.593925
0.68596	0.499241
0.68597	0.377742
0.68598	0.286443
0.68599	0.30426
0.686	0.413361
0.68601	0.530252
0.68602	0.614143
0.68603	0.662639
0.68604	0.681803
0.68605	0.675065
0.68606	0.641176
0.68607	0.574781
0.68608	0.471814
0.68609	0.350291
0.6861	0.279489
0.68611	0.325035
0.68612	0.44257
0.68613	0.553178
0.68614	0.628272
0.68615	0.669358
0.68616	0.682324
0.68617	0.669548
0.68618	0.6287
0.68619	0.55393
0.6862	0.443664
0.68621	0.326085
0.68622	0.279628
0.68623	0.349351
0.68624	0.470523
0.68625	0.57364
0.68626	0.640309
0.68627	0.67447
0.68628	0.681486
0.68629	0.662662
0.6863	0.614662
0.68631	0.53151
0.68632	0.41543
0.68633	0.306216
0.68634	0.286456
0.68635	0.375749
0.68636	0.496714
0.68637	0.59174
0.68638	0.650443
0.68639	0.678108
0.6864	0.679357
0.68641	0.654429
0.68642	0.599086
0.68643	0.507725
0.68644	0.387877
0.68645	0.291578
0.68646	0.299132
0.68647	0.402979
0.68648	0.520864
0.68649	0.607624
0.6865	0.658845
0.68651	0.680384
0.68652	0.675993
0.68653	0.644867
0.68654	0.582015
0.68655	0.482858
0.68656	0.361858
0.68657	0.282755
0.68658	0.316535
0.68659	0.430054
0.6866	0.542856
0.68661	0.621457
0.68662	0.665673
0.68663	0.681394
0.68664	0.671437
0.68665	0.633994
0.68666	0.563519
0.68667	0.45728
0.68668	0.338268
0.68669	0.279951
0.6867	0.337429
0.68671	0.456256
0.68672	0.562686
0.68673	0.633407
0.68674	0.671064
0.68675	0.68122
0.68676	0.665728
0.68677	0.621831
0.68678	0.543704
0.68679	0.431451
0.6868	0.317966
0.68681	0.282979
0.68682	0.360607
0.68683	0.481096
0.68684	0.580424
0.68685	0.643638
0.68686	0.67514
0.68687	0.679931
0.68688	0.658894
0.68689	0.608405
0.6869	0.522715
0.68691	0.405919
0.68692	0.301698
0.68693	0.291305
0.68694	0.384994
0.68695	0.504278
0.68696	0.596181
0.68697	0.652302
0.68698	0.678007
0.68699	0.677585
0.687	0.650965
0.68701	0.593758
0.68702	0.500748
0.68703	0.381297
0.68704	0.29002
0.68705	0.304146
0.68706	0.409698
0.68707	0.525651
0.68708	0.610088
0.68709	0.659541
0.6871	0.679758
0.68711	0.674232
0.68712	0.641966
0.68713	0.577943
0.68714	0.478056
0.68715	0.358236
0.68716	0.283238
0.68717	0.320572
0.68718	0.434033
0.68719	0.545169
0.6872	0.622287
0.68721	0.66548
0.68722	0.680472
0.68723	0.669915
0.68724	0.631926
0.68725	0.561038
0.68726	0.454944
0.68727	0.337387
0.68728	0.281386
0.68729	0.339623
0.6873	0.457496
0.68731	0.562854
0.68732	0.632918
0.68733	0.670233
0.68734	0.68022
0.68735	0.664674
0.68736	0.620875
0.68737	0.543141
0.68738	0.431773
0.68739	0.31935
0.6874	0.284234
0.68741	0.360389
0.68742	0.479752
0.68743	0.578778
0.68744	0.642116
0.68745	0.6739
0.68746	0.679063
0.68747	0.658543
0.68748	0.608851
0.68749	0.524381
0.6875	0.40895
0.68751	0.304632
0.68752	0.291332
0.68753	0.382067
0.68754	0.500594
0.68755	0.593035
0.68756	0.650006
0.68757	0.676571
0.68758	0.677056
0.68759	0.651555
0.6876	0.595898
0.68761	0.504915
0.68762	0.386917
0.68763	0.293597
0.68764	0.302071
0.68765	0.403991
0.68766	0.519917
0.68767	0.605738
0.68768	0.656703
0.68769	0.678325
0.6877	0.674247
0.68771	0.643743
0.68772	0.582073
0.68773	0.484931
0.68774	0.366128
0.68775	0.286443
0.68776	0.315757
0.68777	0.425641
0.68778	0.537689
0.68779	0.617001
0.6878	0.662314
0.68781	0.679233
0.68782	0.670679
0.68783	0.635142
0.68784	0.567443
0.68785	0.464652
0.68786	0.347027
0.68787	0.283188
0.68788	0.331674
0.68789	0.446627
0.6879	0.55393
0.68791	0.62694
0.68792	0.666933
0.68793	0.679357
0.68794	0.666394
0.68795	0.625788
0.68796	0.552089
0.68797	0.444324
0.68798	0.330024
0.68799	0.283682
0.688	0.349142
0.68801	0.466679
0.68802	0.568692
0.68803	0.635664
0.68804	0.670647
0.68805	0.678755
0.68806	0.661429
0.68807	0.615719
0.68808	0.536109
0.68809	0.424222
0.6881	0.315465
0.68811	0.287627
0.68812	0.367547
0.68813	0.48562
0.68814	0.58205
0.68815	0.643278
0.68816	0.673533
0.68817	0.677478
0.68818	0.655821
0.68819	0.604981
0.6882	0.519614
0.68821	0.40463
0.68822	0.303613
0.68823	0.294618
0.68824	0.386366
0.68825	0.50335
0.68826	0.59409
0.68827	0.649878
0.68828	0.675662
0.68829	0.675574
0.6883	0.649606
0.68831	0.593623
0.68832	0.502732
0.68833	0.385841
0.68834	0.294632
0.68835	0.304181
0.68836	0.405175
0.68837	0.519827
0.68838	0.604902
0.68839	0.655554
0.6884	0.677096
0.68841	0.673085
0.68842	0.642822
0.68843	0.5817
0.68844	0.485607
0.68845	0.368141
0.68846	0.288578
0.68847	0.315813
0.68848	0.423641
0.68849	0.53505
0.6885	0.614579
0.68851	0.660387
0.68852	0.677894
0.68853	0.670053
0.68854	0.635504
0.68855	0.569275
0.68856	0.468393
0.68857	0.351793
0.68858	0.285401
0.68859	0.329019
0.6886	0.441516
0.68861	0.549046
0.68862	0.623211
0.68863	0.664453
0.68864	0.678108
0.68865	0.666517
0.68866	0.627692
0.68867	0.556417
0.68868	0.451255
0.68869	0.337032
0.6887	0.28496
0.68871	0.343336
0.68872	0.458625
0.68873	0.561864
0.68874	0.630882
0.68875	0.667819
0.68876	0.677788
0.68877	0.662514
0.68878	0.619426
0.68879	0.543202
0.6888	0.434365
0.68881	0.324048
0.68882	0.287033
0.68883	0.358347
0.68884	0.474853
0.68885	0.573562
0.68886	0.637675
0.68887	0.670548
0.68888	0.676977
0.68889	0.658081
0.6889	0.61075
0.68891	0.529712
0.68892	0.417895
0.68893	0.312977
0.68894	0.291342
0.68895	0.373697
0.68896	0.490133
0.68897	0.584207
0.68898	0.643664
0.68899	0.672698
0.689	0.675717
0.68901	0.653254
0.68902	0.601708
0.68903	0.516035
0.68904	0.402012
0.68905	0.303903
0.68906	0.297575
0.68907	0.389089
0.68908	0.504433
0.68909	0.593869
0.6891	0.64892
0.68911	0.67432
0.68912	0.67405
0.68913	0.648069
0.68914	0.592349
0.68915	0.502263
0.68916	0.386875
0.68917	0.296848
0.68918	0.305404
0.68919	0.404285
0.6892	0.51775
0.68921	0.602618
0.68922	0.653507
0.68923	0.675463
0.68924	0.672011
0.68925	0.642562
0.68926	0.582722
0.68927	0.488492
0.68928	0.372628
0.68929	0.29178
0.6893	0.314502
0.68931	0.4191
0.68932	0.530102
0.68933	0.610521
0.68934	0.657485
0.68935	0.676172
0.68936	0.669636
0.68937	0.636769
0.68938	0.57288
0.68939	0.474818
0.6894	0.359395
0.68941	0.288617
0.68942	0.32456
0.68943	0.433398
0.68944	0.541517
0.68945	0.617646
0.68946	0.66091
0.68947	0.676488
0.68948	0.666962
0.68949	0.630727
0.6895	0.562878
0.68951	0.461338
0.68952	0.347277
0.68953	0.287234
0.68954	0.335295
0.68955	0.44708
0.68956	0.552037
0.68957	0.624053
0.68958	0.663833
0.68959	0.67645
0.6896	0.66402
0.68961	0.624474
0.68962	0.55277
0.68963	0.448144
0.68964	0.336348
0.68965	0.287475
0.68966	0.346454
0.68967	0.460081
0.68968	0.561707
0.68969	0.629803
0.6897	0.666299
0.68971	0.676095
0.68972	0.660844
0.68973	0.618046
0.68974	0.542616
0.68975	0.435325
0.68976	0.326655
0.68977	0.289161
0.68978	0.357819
0.68979	0.472363
0.6898	0.570575
0.68981	0.63495
0.68982	0.668354
0.68983	0.675457
0.68984	0.657465
0.68985	0.611483
0.68986	0.53247
0.68987	0.422963
0.68988	0.318216
0.68989	0.292099
0.6899	0.369206
0.68991	0.483906
0.68992	0.578691
0.68993	0.639545
0.68994	0.670036
0.68995	0.674569
0.68996	0.653916
0.68997	0.604822
0.68998	0.52239
0.68999	0.411131
0.69	0.311022
0.69001	0.296093
0.69002	0.380463
0.69003	0.494709
0.69004	0.586104
0.69005	0.643637
0.69006	0.671383
0.69007	0.673461
0.69008	0.650226
0.69009	0.598103
0.6901	0.512433
0.69011	0.399892
0.69012	0.305041
0.69013	0.300949
0.69014	0.391467
0.69015	0.504781
0.69016	0.592863
0.69017	0.647268
0.69018	0.672431
0.69019	0.672162
0.6902	0.646427
0.69021	0.591363
0.69022	0.50265
0.69023	0.389298
0.69024	0.300217
0.69025	0.306483
0.69026	0.402124
0.69027	0.514138
0.69028	0.599014
0.69029	0.650481
0.6903	0.67321
0.69031	0.670702
0.69032	0.642548
0.69033	0.584642
0.69034	0.493094
0.69035	0.379388
0.69036	0.296478
0.69037	0.312522
0.69038	0.412361
0.69039	0.522806
0.6904	0.604601
0.69041	0.653314
0.69042	0.673751
0.69043	0.669107
0.69044	0.638618
0.69045	0.577975
0.69046	0.483811
0.69047	0.37019
0.69048	0.293737
0.69049	0.318911
0.6905	0.422125
0.69051	0.53081
0.69052	0.609666
0.69053	0.6558
0.69054	0.674082
0.69055	0.667403
0.69056	0.634667
0.69057	0.571401
0.69058	0.474847
0.69059	0.361719
0.6906	0.291898
0.69061	0.325509
0.69062	0.431377
0.69063	0.538182
0.69064	0.614248
0.69065	0.657972
0.69066	0.674231
0.69067	0.665615
0.69068	0.630722
0.69069	0.564954
0.6907	0.46624
0.69071	0.353979
0.69072	0.290858
0.69073	0.332192
0.69074	0.440095
0.69075	0.544951
0.69076	0.618384
0.69077	0.65986
0.69078	0.67422
0.69079	0.663767
0.6908	0.62681
0.69081	0.558669
0.69082	0.458024
0.69083	0.346962
0.69084	0.290514
0.69085	0.338856
0.69086	0.448264
0.69087	0.551148
0.69088	0.622107
0.69089	0.661492
0.6909	0.674074
0.69091	0.66188
0.69092	0.622959
0.69093	0.552579
0.69094	0.450231
0.69095	0.340652
0.69096	0.290759
0.69097	0.345409
0.69098	0.455878
0.69099	0.556805
0.691	0.625449
0.69101	0.662892
0.69102	0.673813
0.69103	0.659978
0.69104	0.619193
0.69105	0.546712
0.69106	0.442883
0.69107	0.335025
0.69108	0.291492
0.69109	0.351776
0.6911	0.462938
0.69111	0.56195
0.69112	0.628439
0.69113	0.664085
0.69114	0.673459
0.69115	0.65808
0.69116	0.615538
0.69117	0.5411
0.69118	0.436002
0.69119	0.330048
0.6912	0.292615
0.69121	0.357893
0.69122	0.469448
0.69123	0.566612
0.69124	0.631102
0.69125	0.665091
0.69126	0.67303
0.69127	0.656206
0.69128	0.612015
0.69129	0.535767
0.6913	0.429603
0.69131	0.325684
0.69132	0.294039
0.69133	0.36371
0.69134	0.475419
0.69135	0.570817
0.69136	0.633464
0.69137	0.665931
0.69138	0.672543
0.69139	0.654375
0.6914	0.608648
0.69141	0.530737
0.69142	0.423695
0.69143	0.321895
0.69144	0.295678
0.69145	0.369185
0.69146	0.48086
0.69147	0.57459
0.69148	0.635547
0.69149	0.666621
0.6915	0.672015
0.69151	0.652605
0.69152	0.605456
0.69153	0.526033
0.69154	0.418286
0.69155	0.318636
0.69156	0.297456
0.69157	0.374285
0.69158	0.485783
0.69159	0.577953
0.6916	0.637369
0.69161	0.667179
0.69162	0.671461
0.69163	0.65091
0.69164	0.602459
0.69165	0.521674
0.69166	0.413379
0.69167	0.315865
0.69168	0.299304
0.69169	0.378985
0.6917	0.490202
0.69171	0.580928
0.69172	0.638951
0.69173	0.66762
0.69174	0.670894
0.69175	0.649306
0.69176	0.599674
0.69177	0.517676
0.69178	0.408974
0.69179	0.313538
0.6918	0.301162
0.69181	0.383264
0.69182	0.494129
0.69183	0.583534
0.69184	0.640307
0.69185	0.667955
0.69186	0.670327
0.69187	0.647807
0.69188	0.597117
0.69189	0.514055
0.6919	0.405068
0.69191	0.311615
0.69192	0.302977
0.69193	0.387108
0.69194	0.497577
0.69195	0.585788
0.69196	0.641452
0.69197	0.668199
0.69198	0.66977
0.69199	0.646425
0.692	0.594801
0.69201	0.510823
0.69202	0.401658
0.69203	0.310057
0.69204	0.304702
0.69205	0.390507
0.69206	0.500558
0.69207	0.587705
0.69208	0.642399
0.69209	0.66836
0.6921	0.669235
0.69211	0.645171
0.69212	0.592741
0.69213	0.50799
0.69214	0.398737
0.69215	0.308826
0.69216	0.306298
0.69217	0.393453
0.69218	0.503084
0.69219	0.589298
0.6922	0.643159
0.69221	0.668448
0.69222	0.66873
0.69223	0.644055
0.69224	0.590945
0.69225	0.505565
0.69226	0.3963
0.69227	0.307892
0.69228	0.307735
0.69229	0.395941
0.6923	0.505165
0.69231	0.59058
0.69232	0.643741
0.69233	0.668471
0.69234	0.668261
0.69235	0.643084
0.69236	0.589424
0.69237	0.503554
0.69238	0.39434
0.69239	0.307225
0.6924	0.308985
0.69241	0.397968
0.69242	0.506809
0.69243	0.59156
0.69244	0.644152
0.69245	0.668436
0.69246	0.667835
0.69247	0.642265
0.69248	0.588185
0.69249	0.501962
0.6925	0.39285
0.69251	0.306802
0.69252	0.310029
0.69253	0.399534
0.69254	0.508025
0.69255	0.592245
0.69256	0.6444
0.69257	0.668346
0.69258	0.667458
0.69259	0.641604
0.6926	0.587232
0.69261	0.500792
0.69262	0.391824
0.69263	0.306605
0.69264	0.310852
0.69265	0.400639
0.69266	0.508819
0.69267	0.592641
0.69268	0.644488
0.69269	0.668206
0.6927	0.667131
0.69271	0.641104
0.69272	0.58657
0.69273	0.500046
0.69274	0.391256
0.69275	0.30662
0.69276	0.311444
0.69277	0.401283
0.69278	0.509196
0.69279	0.592754
0.6928	0.64442
0.69281	0.668019
0.69282	0.666859
0.69283	0.640767
0.69284	0.586201
0.69285	0.499724
0.69286	0.391142
0.69287	0.306839
0.69288	0.311802
0.69289	0.401468
0.6929	0.509158
0.69291	0.592586
0.69292	0.644198
0.69293	0.667785
0.69294	0.666641
0.69295	0.640594
0.69296	0.586125
0.69297	0.499825
0.69298	0.391479
0.69299	0.307256
0.693	0.311925
0.69301	0.401198
0.69302	0.508709
0.69303	0.592137
0.69304	0.643821
0.69305	0.667505
0.69306	0.666477
0.69307	0.640585
0.69308	0.58634
0.69309	0.500346
0.6931	0.392264
0.69311	0.307875
0.69312	0.31182
0.69313	0.400476
0.69314	0.507849
0.69315	0.591407
0.69316	0.643289
0.69317	0.667178
0.69318	0.666366
0.69319	0.640737
0.6932	0.586843
0.69321	0.501284
0.69322	0.393495
0.69323	0.3087
0.69324	0.311494
0.69325	0.399306
0.69326	0.506577
0.69327	0.590393
0.69328	0.6426
0.69329	0.6668
0.6933	0.666305
0.69331	0.641047
0.69332	0.587629
0.69333	0.502633
0.69334	0.395173
0.69335	0.309744
0.69336	0.310964
0.69337	0.397693
0.69338	0.504891
0.69339	0.589092
0.6934	0.641748
0.69341	0.666368
0.69342	0.666289
0.69343	0.641509
0.69344	0.588693
0.69345	0.504387
0.69346	0.397297
0.69347	0.311022
0.69348	0.310249
0.69349	0.395645
0.6935	0.502789
0.69351	0.587497
0.69352	0.640729
0.69353	0.665876
0.69354	0.666314
0.69355	0.642117
0.69356	0.590025
0.69357	0.506537
0.69358	0.399868
0.69359	0.312553
0.6936	0.309374
0.69361	0.393169
0.69362	0.500264
0.69363	0.585602
0.69364	0.639535
0.69365	0.665319
0.69366	0.666373
0.69367	0.642863
0.69368	0.591615
0.69369	0.509075
0.6937	0.402887
0.69371	0.314362
0.69372	0.308368
0.69373	0.390276
0.69374	0.497314
0.69375	0.583397
0.69376	0.638158
0.69377	0.664689
0.69378	0.666457
0.69379	0.643738
0.6938	0.593454
0.69381	0.511989
0.69382	0.406356
0.69383	0.316475
0.69384	0.307267
0.69385	0.386977
0.69386	0.493931
0.69387	0.580871
0.69388	0.636588
0.69389	0.663976
0.6939	0.666558
0.69391	0.644732
0.69392	0.595527
0.69393	0.515267
0.69394	0.410274
0.69395	0.318922
0.69396	0.30611
0.69397	0.383287
0.69398	0.490108
0.69399	0.578013
0.694	0.634814
0.69401	0.66317
0.69402	0.666666
0.69403	0.645832
0.69404	0.59782
0.69405	0.518894
0.69406	0.414641
0.69407	0.321737
0.69408	0.304946
0.69409	0.379226
0.6941	0.48584
0.69411	0.574809
0.69412	0.632823
0.69413	0.66226
0.69414	0.666769
0.69415	0.647025
0.69416	0.600318
0.69417	0.522855
0.69418	0.419455
0.69419	0.324951
0.6942	0.303827
0.69421	0.374816
0.69422	0.48112
0.69423	0.571243
0.69424	0.630599
0.69425	0.661233
0.69426	0.666854
0.69427	0.648297
0.69428	0.603004
0.69429	0.527133
0.6943	0.42471
0.69431	0.328601
0.69432	0.302811
0.69433	0.370084
0.69434	0.475941
0.69435	0.567299
0.69436	0.628126
0.69437	0.660075
0.69438	0.666908
0.69439	0.649634
0.6944	0.605858
0.69441	0.531706
0.69442	0.430402
0.69443	0.33272
0.69444	0.301962
0.69445	0.365065
0.69446	0.470299
0.69447	0.562959
0.69448	0.625388
0.69449	0.658769
0.6945	0.666915
0.69451	0.651018
0.69452	0.608862
0.69453	0.536555
0.69454	0.43652
0.69455	0.337341
0.69456	0.30135
0.69457	0.359798
0.69458	0.46419
0.69459	0.558203
0.6946	0.622363
0.69461	0.657298
0.69462	0.66686
0.69463	0.652432
0.69464	0.611994
0.69465	0.541656
0.69466	0.443052
0.69467	0.342493
0.69468	0.30105
0.69469	0.354333
0.6947	0.457613
0.69471	0.553011
0.69472	0.61903
0.69473	0.655645
0.69474	0.666725
0.69475	0.653857
0.69476	0.615233
0.69477	0.546983
0.69478	0.449983
0.69479	0.348206
0.6948	0.301141
0.69481	0.348727
0.69482	0.450572
0.69483	0.547363
0.69484	0.615367
0.69485	0.653788
0.69486	0.666491
0.69487	0.655274
0.69488	0.618554
0.69489	0.552511
0.6949	0.457292
0.69491	0.354499
0.69492	0.301706
0.69493	0.343046
0.69494	0.443074
0.69495	0.541236
0.69496	0.611348
0.69497	0.651705
0.69498	0.666139
0.69499	0.656663
0.695	0.621935
0.69501	0.558211
0.69502	0.464956
0.69503	0.36139
0.69504	0.302829
0.69505	0.337369
0.69506	0.435131
0.69507	0.534609
0.69508	0.606947
0.69509	0.649373
0.6951	0.665648
0.69511	0.658001
0.69512	0.625351
0.69513	0.564052
0.69514	0.472948
0.69515	0.368887
0.69516	0.304594
0.69517	0.331786
0.69518	0.426764
0.69519	0.527462
0.6952	0.602135
0.69521	0.646767
0.69522	0.664996
0.69523	0.659268
0.69524	0.628776
0.69525	0.570005
0.69526	0.481237
0.69527	0.376993
0.69528	0.307084
0.69529	0.326397
0.6953	0.418003
0.69531	0.519773
0.69532	0.596881
0.69533	0.64386
0.69534	0.664158
0.69535	0.66044
0.69536	0.632184
0.69537	0.576037
0.69538	0.489787
0.69539	0.385699
0.6954	0.310376
0.69541	0.321316
0.69542	0.408888
0.69543	0.511526
0.69544	0.591154
0.69545	0.640621
0.69546	0.663109
0.69547	0.661492
0.69548	0.635547
0.69549	0.582115
0.6955	0.498561
0.69551	0.39499
0.69552	0.314541
0.69553	0.316668
0.69554	0.399471
0.69555	0.502706
0.69556	0.584921
0.69557	0.63702
0.69558	0.661822
0.69559	0.662399
0.6956	0.63884
0.69561	0.588204
0.69562	0.507517
0.69563	0.404838
0.69564	0.31964
0.69565	0.312588
0.69566	0.389822
0.69567	0.493303
0.69568	0.578147
0.69569	0.633023
0.6957	0.660269
0.69571	0.663136
0.69572	0.642033
0.69573	0.594272
0.69574	0.516611
0.69575	0.415209
0.69576	0.325722
0.69577	0.30922
0.69578	0.380027
0.69579	0.483313
0.6958	0.570798
0.69581	0.628594
0.69582	0.65842
0.69583	0.663674
0.69584	0.645099
0.69585	0.600282
0.69586	0.525798
0.69587	0.426057
0.69588	0.332819
0.69589	0.306712
0.6959	0.370191
0.69591	0.472743
0.69592	0.562837
0.69593	0.623695
0.69594	0.656242
0.69595	0.663987
0.69596	0.648009
0.69597	0.6062
0.69598	0.535029
0.69599	0.437329
0.696	0.340947
0.69601	0.305214
0.69602	0.360442
0.69603	0.461609
0.69604	0.554232
0.69605	0.618287
0.69606	0.653701
0.69607	0.664044
0.69608	0.650733
0.69609	0.611992
0.6961	0.544256
0.69611	0.448964
0.69612	0.350102
0.69613	0.304873
0.69614	0.350928
0.69615	0.449941
0.69616	0.544948
0.69617	0.612326
0.69618	0.650759
0.69619	0.663813
0.6962	0.653242
0.69621	0.617622
0.69622	0.553429
0.69623	0.460893
0.69624	0.360259
0.69625	0.305827
0.69626	0.341823
0.69627	0.437787
0.69628	0.534956
0.69629	0.605768
0.6963	0.647378
0.69631	0.663263
0.69632	0.655505
0.69633	0.623056
0.69634	0.5625
0.69635	0.473045
0.69636	0.371372
0.69637	0.308199
0.69638	0.333322
0.69639	0.425217
0.6964	0.524233
0.69641	0.598567
0.69642	0.643516
0.69643	0.662358
0.69644	0.657492
0.69645	0.62826
0.69646	0.57142
0.69647	0.485341
0.69648	0.383375
0.69649	0.312087
0.6965	0.325641
0.69651	0.412326
0.69652	0.51276
0.69653	0.590674
0.69654	0.639128
0.69655	0.661062
0.69656	0.659169
0.69657	0.633199
0.69658	0.580141
0.69659	0.497704
0.6966	0.396183
0.69661	0.317564
0.69662	0.31901
0.69663	0.399239
0.69664	0.500533
0.69665	0.582042
0.69666	0.634167
0.69667	0.659336
0.69668	0.660505
0.69669	0.637841
0.6967	0.588617
0.69671	0.510053
0.69672	0.409694
0.69673	0.324668
0.69674	0.313668
0.69675	0.386116
0.69676	0.487559
0.69677	0.572623
0.69678	0.628581
0.69679	0.657139
0.6968	0.661465
0.69681	0.642151
0.69682	0.596803
0.69683	0.522309
0.69684	0.423791
0.69685	0.333398
0.69686	0.309856
0.69687	0.373151
0.69688	0.473866
0.69689	0.562371
0.6969	0.622318
0.69691	0.654427
0.69692	0.662013
0.69693	0.646096
0.69694	0.604656
0.69695	0.534394
0.69696	0.438347
0.69697	0.343712
0.69698	0.307803
0.69699	0.360581
0.697	0.459504
0.69701	0.551244
0.69702	0.615321
0.69703	0.651152
0.69704	0.662111
0.69705	0.649642
0.69706	0.612134
0.69707	0.546235
0.69708	0.453229
0.69709	0.355529
0.6971	0.307711
0.69711	0.348678
0.69712	0.444558
0.69713	0.539206
0.69714	0.607532
0.69715	0.647263
0.69716	0.661719
0.69717	0.652755
0.69718	0.619198
0.69719	0.557761
0.6972	0.468299
0.69721	0.368727
0.69722	0.30975
0.69723	0.33775
0.69724	0.429146
0.69725	0.526233
0.69726	0.598889
0.69727	0.642705
0.69728	0.660796
0.69729	0.655399
0.6973	0.62581
0.69731	0.568906
0.69732	0.483423
0.69733	0.38315
0.69734	0.314035
0.69735	0.328135
0.69736	0.413433
0.69737	0.512315
0.69738	0.589332
0.69739	0.637422
0.6974	0.659295
0.69741	0.65754
0.69742	0.631933
0.69743	0.579608
0.69744	0.498466
0.69745	0.398612
0.69746	0.320623
0.69747	0.320184
0.69748	0.397637
0.69749	0.497463
0.6975	0.5788
0.69751	0.63135
0.69752	0.657169
0.69753	0.65914
0.69754	0.637532
0.69755	0.589812
0.69756	0.513302
0.69757	0.414908
0.69758	0.329499
0.69759	0.314251
0.6976	0.382031
0.69761	0.481716
0.69762	0.567236
0.69763	0.624423
0.69764	0.654364
0.69765	0.660158
0.69766	0.64257
0.69767	0.599465
0.69768	0.527815
0.69769	0.431818
0.6977	0.340578
0.69771	0.310664
0.69772	0.366947
0.69773	0.465151
0.69774	0.55459
0.69775	0.616572
0.69776	0.650824
0.69777	0.660553
0.69778	0.647015
0.69779	0.608521
0.6978	0.541896
0.69781	0.44912
0.69782	0.353703
0.69783	0.309712
0.69784	0.352776
0.69785	0.447894
0.69786	0.540823
0.69787	0.607724
0.69788	0.646487
0.69789	0.66028
0.6979	0.650829
0.69791	0.616937
0.69792	0.55545
0.69793	0.466593
0.69794	0.368655
0.69795	0.311609
0.69796	0.339959
0.69797	0.430125
0.69798	0.525913
0.69799	0.597806
0.698	0.641287
0.69801	0.65929
0.69802	0.653978
0.69803	0.624674
0.69804	0.56839
0.69805	0.484026
0.69806	0.385162
0.69807	0.316483
0.69808	0.328973
0.69809	0.412097
0.6981	0.509864
0.69811	0.586744
0.69812	0.635153
0.69813	0.657531
0.69814	0.656423
0.69815	0.631695
0.69816	0.580642
0.69817	0.501225
0.69818	0.402915
0.69819	0.324353
0.6982	0.320303
0.69821	0.394141
0.69822	0.492715
0.69823	0.574467
0.69824	0.628008
0.69825	0.654943
0.69826	0.658123
0.69827	0.637964
0.69828	0.592142
0.69829	0.518012
0.6983	0.421585
0.69831	0.335123
0.69832	0.314415
0.69833	0.37667
0.69834	0.474553
0.69835	0.560915
0.69836	0.61977
0.69837	0.651464
0.69838	0.659036
0.69839	0.643448
0.6984	0.602835
0.69841	0.534231
0.69842	0.440837
0.69843	0.348585
0.69844	0.311714
0.69845	0.360182
0.69846	0.455527
0.69847	0.54604
0.69848	0.610355
0.69849	0.647025
0.6985	0.659113
0.69851	0.648113
0.69852	0.612673
0.69853	0.54975
0.69854	0.460345
0.69855	0.364432
0.69856	0.31251
0.69857	0.345248
0.69858	0.435865
0.69859	0.529817
0.6986	0.599676
0.69861	0.641548
0.69862	0.658303
0.69863	0.651923
0.69864	0.621617
0.69865	0.564456
0.69866	0.479807
0.69867	0.382276
0.69868	0.316975
0.69869	0.332487
0.6987	0.415889
0.69871	0.512256
0.69872	0.587647
0.69873	0.634953
0.69874	0.656547
0.69875	0.654841
0.69876	0.629628
0.69877	0.578254
0.69878	0.498948
0.69879	0.401678
0.6988	0.325124
0.69881	0.322531
0.69882	0.396029
0.69883	0.493416
0.69884	0.574189
0.69885	0.627149
0.69886	0.65378
0.69887	0.656826
0.69888	0.636676
0.69889	0.591071
0.6989	0.517528
0.69891	0.422175
0.69892	0.336803
0.69893	0.315975
0.69894	0.376826
0.69895	0.473424
0.69896	0.559234
0.69897	0.618042
0.69898	0.64993
0.69899	0.657832
0.699	0.642727
0.69901	0.602846
0.69902	0.535346
0.69903	0.443305
0.69904	0.351697
0.69905	0.313318
0.69906	0.358934
0.69907	0.452494
0.69908	0.542736
0.69909	0.607533
0.6991	0.644917
0.69911	0.657809
0.69912	0.64775
0.69913	0.613531
0.69914	0.552236
0.69915	0.464632
0.69916	0.369356
0.69917	0.314904
0.69918	0.343094
0.69919	0.430948
0.6992	0.524686
0.69921	0.595523
0.69922	0.638653
0.69923	0.656698
0.69924	0.651711
0.69925	0.623087
0.69926	0.568065
0.69927	0.485764
0.69928	0.389232
0.69929	0.320876
0.6993	0.330094
0.69931	0.409243
0.69932	0.505126
0.69933	0.581918
0.69934	0.63104
0.69935	0.654433
0.69936	0.654572
0.69937	0.631483
0.69938	0.582732
0.69939	0.506359
0.6994	0.410723
0.69941	0.331146
0.69942	0.320709
0.69943	0.387976
0.69944	0.484173
0.69945	0.566634
0.69946	0.621973
0.69947	0.650939
0.69948	0.656292
0.69949	0.638688
0.6995	0.596158
0.69951	0.526132
0.69952	0.43322
0.69953	0.345396
0.69954	0.315619
0.69955	0.367894
0.69956	0.462045
0.69957	0.549612
0.69958	0.611344
0.69959	0.646132
0.6996	0.656818
0.69961	0.644675
0.69962	0.608288
0.69963	0.544855
0.69964	0.456141
0.69965	0.363109
0.69966	0.315325
0.69967	0.349867
0.69968	0.439093
0.69969	0.53083
0.6997	0.59904
0.69971	0.639915
0.69972	0.656095
0.69973	0.649414
0.69974	0.61908
0.69975	0.562352
0.69976	0.478962
0.69977	0.383617
0.69978	0.320079
0.69979	0.334844
0.6998	0.415823
0.69981	0.510329
0.69982	0.584954
0.69983	0.632182
0.69984	0.654053
0.69985	0.652871
0.69986	0.628501
0.69987	0.578492
0.69988	0.501234
0.69989	0.406172
0.6999	0.329831
0.69991	0.323773
0.69992	0.392922
0.69993	0.488238
0.69994	0.56899
0.69995	0.62282
0.69996	0.650613
0.69997	0.655005
0.69998	0.636528
0.69999	0.593181
0.7	0.522588
