Wavelength(um),Intensity
4.000000000000000222e-01,3.255176378508000188e-15
4.001000250062515806e-01,3.247835909162999926e-15
4.002000500125031390e-01,3.238478230146000051e-15
4.003000750187546974e-01,3.230485367076999970e-15
4.004001000250062559e-01,3.222357383584999923e-15
4.005001250312578143e-01,3.213140964092999886e-15
4.006001500375093727e-01,3.205862754995000091e-15
4.007001750437609866e-01,3.196614220588000076e-15
4.008002000500125450e-01,3.188663160885000027e-15
4.009002250562641034e-01,3.180653984297000092e-15
4.010002500625156618e-01,3.171514897421999842e-15
4.011002750687672203e-01,3.164318890381999893e-15
4.012003000750187787e-01,3.155199909688999960e-15
4.013003250812703371e-01,3.147310997095000069e-15
4.014003500875218955e-01,3.139436265995999876e-15
4.015003750937734539e-01,3.130392088432000101e-15
4.016004001000250123e-01,3.123291013904000173e-15
4.017004251062765707e-01,3.114313438087000162e-15
4.018004501125281291e-01,3.106498673393000143e-15
4.019004751187797431e-01,3.098766709679000135e-15
4.020005001250313015e-01,3.089828166475000183e-15
4.021005251312828599e-01,3.082829048368000040e-15
4.022005501375344183e-01,3.073999641529999987e-15
4.023005751437859767e-01,3.066265827260999983e-15
4.024006001500375351e-01,3.058679442774000124e-15
4.025006251562890935e-01,3.049851668828000144e-15
4.026006501625406520e-01,3.042956646105999812e-15
4.027006751687922104e-01,3.034276749591999825e-15
4.028007001750437688e-01,3.026624519696999944e-15
4.029007251812953272e-01,3.019180340927000135e-15
4.030007501875468856e-01,3.010461314353000122e-15
4.031007751937984995e-01,3.003665152753000156e-15
4.032008002000500579e-01,2.995130075758999961e-15
4.033008252063016164e-01,2.987555745828000192e-15
4.034008502125531748e-01,2.980247320567000037e-15
4.035008752188047332e-01,2.971632304892999804e-15
4.036009002250562916e-01,2.964926739336000034e-15
4.037009252313078500e-01,2.956526919874000084e-15
4.038009502375594084e-01,2.949020059927999811e-15
4.039009752438109668e-01,2.941833857705999997e-15
4.040010002500625252e-01,2.933311048049999878e-15
4.041010252563140837e-01,2.926681601740000131e-15
4.042010502625656421e-01,2.918402903822999928e-15
4.043010752688172005e-01,2.910949537837999863e-15
4.044011002750688144e-01,2.903868484852000097e-15
4.045011252813203728e-01,2.895422014980000062e-15
4.046011502875719312e-01,2.888849953798999901e-15
4.047011752938234896e-01,2.880673355605000025e-15
4.048012003000750481e-01,2.873254054726000167e-15
4.049012253063266065e-01,2.866256054177000032e-15
4.050012503125781649e-01,2.857865291500000170e-15
4.051012753188297233e-01,2.851327320309000187e-15
4.052013003250812817e-01,2.843229468153999959e-15
4.053013253313328401e-01,2.835820594155999976e-15
4.054013503375843985e-01,2.828879480086999943e-15
4.055013753438359569e-01,2.820519062486000182e-15
4.056014003500875709e-01,2.813986713373000018e-15
4.057014253563391293e-01,2.805939109937000145e-15
4.058014503625906877e-01,2.798511418621000072e-15
4.059014753688422461e-01,2.791595450251999913e-15
4.060015003750938045e-01,2.783234974475999891e-15
4.061015253813453629e-01,2.776674789203000160e-15
4.062015503875969213e-01,2.768643377212999922e-15
4.063015753938484798e-01,2.761161508986999857e-15
4.064016004001000382e-01,2.754232418667999829e-15
4.065016254063515966e-01,2.745834076198000011e-15
4.066016504126031550e-01,2.739205072426999889e-15
4.067016754188547134e-01,2.731148904794999916e-15
4.068017004251063273e-01,2.723570727630000004e-15
4.069017254313578857e-01,2.716583950214999836e-15
4.070017504376094442e-01,2.708104058041999926e-15
4.071017754438610026e-01,2.701359430095999918e-15
4.072018004501125610e-01,2.693232248735000177e-15
4.073018254563641194e-01,2.685510793608999971e-15
4.074018504626156778e-01,2.678417490245999867e-15
4.075018754688672362e-01,2.669808445741000096e-15
4.076019004751187946e-01,2.662897112816999878e-15
4.077019254813703530e-01,2.654647428936000114e-15
4.078019504876219115e-01,2.646728631349999920e-15
4.079019754938734699e-01,2.639471173619999923e-15
4.080020005001250283e-01,2.630675418897000107e-15
4.081020255063766422e-01,2.623535725411999972e-15
4.082020505126282006e-01,2.615102472408000066e-15
4.083020755188797590e-01,2.606924489370000049e-15
4.084021005251313174e-01,2.599439222582000152e-15
4.085021255313828759e-01,2.590394300904000171e-15
4.086021505376344343e-01,2.582959911049999981e-15
4.087021755438859927e-01,2.574277148381000070e-15
4.088022005501375511e-01,2.565772049517999976e-15
4.089022255563891095e-01,2.557988198057000000e-15
4.090022505626406679e-01,2.548624683740000134e-15
4.091022755688922263e-01,2.540822611538999844e-15
4.092023005751437847e-01,2.531818235558000083e-15
4.093023255813953432e-01,2.522912232903000047e-15
4.094023505876469571e-01,2.514753454022999969e-15
4.095023755938985155e-01,2.504996151162000182e-15
4.096024006001500739e-01,2.496746893478000129e-15
4.097024256064016323e-01,2.487342835708000086e-15
4.098024506126531907e-01,2.477956517204999916e-15
4.099024756189047491e-01,2.469341263978000106e-15
4.100025006251563076e-01,2.459111556573000037e-15
4.101025256314078660e-01,2.450332493586000024e-15
4.102025506376594244e-01,2.440447113105999962e-15
4.103025756439109828e-01,2.430497780238000082e-15
4.104026006501625412e-01,2.421341112485000021e-15
4.105026256564141551e-01,2.410556484324999835e-15
4.106026506626657135e-01,2.401161372429999936e-15
4.107026756689172720e-01,2.390711235474999898e-15
4.108027006751688304e-01,2.380115269081000093e-15
4.109027256814203888e-01,2.370331866683999973e-15
4.110027506876719472e-01,2.358911314691000093e-15
4.111027756939235056e-01,2.348815859901000056e-15
4.112028007001750640e-01,2.337719984289000113e-15
4.113028257064266224e-01,2.326397364726999870e-15
4.114028507126781808e-01,2.315905479544999843e-15
4.115028757189297393e-01,2.303771866832000100e-15
4.116029007251812977e-01,2.292895712622999811e-15
4.117029257314328561e-01,2.281077152500999981e-15
4.118029507376844700e-01,2.268952130933999805e-15
4.119029757439360284e-01,2.257674814364999889e-15
4.120030007501875868e-01,2.244757858350000195e-15
4.121030257564391452e-01,2.233028741990999875e-15
4.122030507626907037e-01,2.220420309941000148e-15
4.123030757689422621e-01,2.207429380878999871e-15
4.124031007751938205e-01,2.195302993793000068e-15
4.125031257814453789e-01,2.181547329838000123e-15
4.126031507876969373e-01,2.168909159605000116e-15
4.127031757939484957e-01,2.155460675782000182e-15
4.128032008002000541e-01,2.141558162669999890e-15
4.129032258064516125e-01,2.128536768887999838e-15
4.130032508127031710e-01,2.113905589449999939e-15
4.131032758189547849e-01,2.100321233728000004e-15
4.132033008252063433e-01,2.086002521499999994e-15
4.133033258314579017e-01,2.071165223849999914e-15
4.134033508377094601e-01,2.057226860606000064e-15
4.135033758439610185e-01,2.041710116741000022e-15
4.136034008502125769e-01,2.027170943459000050e-15
4.137034258564641354e-01,2.011980553442000014e-15
4.138034508627156938e-01,1.996215352369000153e-15
4.139034758689672522e-01,1.981368174180000015e-15
4.140035008752188106e-01,1.964986321306000130e-15
4.141035258814703690e-01,1.949514944142000068e-15
4.142035508877219274e-01,1.933483535413999891e-15
4.143035758939735413e-01,1.916831105444999816e-15
4.144036009002250998e-01,1.901117033401000005e-15
4.145036259064766582e-01,1.883925607446999817e-15
4.146036509127282166e-01,1.867581093293000125e-15
4.147036759189797750e-01,1.850775573290000098e-15
4.148037009252313334e-01,1.833314291629999841e-15
4.149037259314828918e-01,1.816813522859000135e-15
4.150037509377344502e-01,1.798906900966000059e-15
4.151037759439860086e-01,1.781787729426999958e-15
4.152038009502375671e-01,1.764314377555999923e-15
4.153038259564891255e-01,1.746163175999000019e-15
4.154038509627406839e-01,1.728995709057999968e-15
4.155038759689922978e-01,1.710508125851999955e-15
4.156039009752438562e-01,1.692753324252999937e-15
4.157039259814954146e-01,1.674757306496999956e-15
4.158039509877469730e-01,1.656073549585999940e-15
4.159039759939985315e-01,1.638396438345000004e-15
4.160040010002500899e-01,1.619497814915999908e-15
4.161040260065016483e-01,1.601281263214000006e-15
4.162040510127532067e-01,1.582940593103000082e-15
4.163040760190047651e-01,1.563914891858000060e-15
4.164041010252563235e-01,1.545917652869000054e-15
4.165041260315078819e-01,1.526809029787999973e-15
4.166041510377594403e-01,1.508335684352000030e-15
4.167041760440109988e-01,1.489857242310999989e-15
4.168042010502626127e-01,1.470707794317999960e-15
4.169042260565141711e-01,1.452605424885999922e-15
4.170042510627657295e-01,1.433510636389000033e-15
4.171042760690172879e-01,1.415006948826000091e-15
4.172043010752688463e-01,1.396616198744000019e-15
4.173043260815204047e-01,1.377578353840000050e-15
4.174043510877719632e-01,1.359601220718999997e-15
4.175043760940235216e-01,1.340757310098000002e-15
4.176044011002750800e-01,1.322462430466000009e-15
4.177044261065266384e-01,1.304394578547999982e-15
4.178044511127781968e-01,1.285711434431000032e-15
4.179044761190297552e-01,1.268095231861999974e-15
4.180045011252813691e-01,1.249740383089999918e-15
4.181045261315329276e-01,1.231892471536999958e-15
4.182045511377844860e-01,1.214378653471999963e-15
4.183045761440360444e-01,1.196287671621999966e-15
4.184046011502876028e-01,1.179261789306000043e-15
4.185046261565391612e-01,1.161626147700999991e-15
4.186046511627907196e-01,1.144455148485999956e-15
4.187046761690422780e-01,1.127715859763999902e-15
4.188047011752938364e-01,1.110441319451999938e-15
4.189047261815453949e-01,1.094219768291000002e-15
4.190047511877969533e-01,1.077514593638999965e-15
4.191047761940485117e-01,1.061230133074999990e-15
4.192048012003001256e-01,1.045463158956000036e-15
4.193048262065516840e-01,1.029205192681000084e-15
4.194048512128032424e-01,1.013977397726000008e-15
4.195048762190548008e-01,9.983869809323000651e-16
4.196049012253063593e-01,9.831713464467000150e-16
4.197049262315579177e-01,9.685458860210000706e-16
4.198049512378094761e-01,9.534745496188999746e-16
4.199049762440610345e-01,9.393996737123000413e-16
4.200050012503125929e-01,9.250765609958000889e-16
4.201050262565641513e-01,9.110803274237999273e-16
4.202050512628157097e-01,8.977329821277000057e-16
4.203050762690672681e-01,8.839848425525999975e-16
4.204051012753188266e-01,8.711889449008000063e-16
4.205051262815704405e-01,8.582509620165999579e-16
4.206051512878219989e-01,8.455898818096000013e-16
4.207051762940735573e-01,8.336218464125000098e-16
4.208052013003251157e-01,8.212969502162999517e-16
4.209052263065766741e-01,8.098703996161999516e-16
4.210052513128282325e-01,7.983991174017000207e-16
4.211052763190797910e-01,7.871532856744000293e-16
4.212053013253313494e-01,7.766307985178999779e-16
4.213053263315829078e-01,7.657940740874999600e-16
4.214053513378344662e-01,7.557929223154999956e-16
4.215053763440860246e-01,7.458350328078000293e-16
4.216054013503375830e-01,7.360504154746000429e-16
4.217054263565891969e-01,7.270063480378000265e-16
4.218054513628407554e-01,7.176892241863999969e-16
4.219054763690923138e-01,7.091374335599999818e-16
4.220055013753438722e-01,7.007075579760999864e-16
4.221055263815954306e-01,6.923986080206000022e-16
4.222055513878469890e-01,6.848349514410999994e-16
4.223055763940985474e-01,6.770378200222999646e-16
4.224056014003501058e-01,6.699299469889999967e-16
4.225056264066016642e-01,6.630138102673999877e-16
4.226056514128532227e-01,6.561669917730999971e-16
4.227056764191047811e-01,6.500590875019999821e-16
4.228057014253563395e-01,6.437558623367999509e-16
4.229057264316079534e-01,6.380611539147000047e-16
4.230057514378595118e-01,6.326193855755999770e-16
4.231057764441110702e-01,6.271968578287999757e-16
4.232058014503626286e-01,6.224970302211999508e-16
4.233058264566141871e-01,6.176388362351000213e-16
4.234058514628657455e-01,6.133052432014999531e-16
4.235058764691173039e-01,6.092776641487999914e-16
4.236059014753688623e-01,6.052212882799000037e-16
4.237059264816204207e-01,6.018627662579000247e-16
4.238059514878719791e-01,5.983818907114000177e-16
4.239059764941235375e-01,5.953399919236999611e-16
4.240060015003750959e-01,5.926500785089000094e-16
4.241060265066266544e-01,5.898863964323999892e-16
4.242060515128782683e-01,5.877885206296000473e-16
4.243060765191298267e-01,5.856036587314999515e-16
4.244061015253813851e-01,5.837714128035999824e-16
4.245061265316329435e-01,5.823302004847000048e-16
4.246061515378845019e-01,5.807734306030999808e-16
4.247061765441360603e-01,5.798441285400000178e-16
4.248062015503876188e-01,5.788627473404000295e-16
4.249062265566391772e-01,5.781480250224999872e-16
4.250062515628907356e-01,5.778573172427999642e-16
4.251062765691422940e-01,5.774132597411000455e-16
4.252063015753938524e-01,5.775532454732999720e-16
4.253063265816454108e-01,5.776756930987999945e-16
4.254063515878969692e-01,5.779801396227000079e-16
4.255063765941485832e-01,5.787360716514999581e-16
4.256064016004001416e-01,5.793050524412000275e-16
4.257064266066517000e-01,5.804105150473999938e-16
4.258064516129032584e-01,5.815329838544999704e-16
4.259064766191548168e-01,5.827549639197000012e-16
4.260065016254063752e-01,5.844509086226000437e-16
4.261065266316579336e-01,5.859308178199000459e-16
4.262065516379094920e-01,5.878964440637000025e-16
4.263065766441610505e-01,5.899137420288000414e-16
4.264066016504126089e-01,5.919507957700999583e-16
4.265066266566641673e-01,5.944798112282999972e-16
4.266066516629157812e-01,5.967685209371999884e-16
4.267066766691673396e-01,5.994896585554000125e-16
4.268067016754188980e-01,6.022972998349000290e-16
4.269067266816704564e-01,6.050482386636999601e-16
4.270067516879220149e-01,6.083049944888000212e-16
4.271067766941735733e-01,6.113020687619999704e-16
4.272068017004251317e-01,6.146763815727000424e-16
4.273068267066766901e-01,6.181722519270999571e-16
4.274068517129282485e-01,6.215388331380999734e-16
4.275068767191798069e-01,6.254212352782999596e-16
4.276069017254313653e-01,6.290293023944000372e-16
4.277069267316829237e-01,6.329581075084999565e-16
4.278069517379344822e-01,6.370437255744000096e-16
4.279069767441860961e-01,6.409314011496999725e-16
4.280070017504376545e-01,6.453414269123999842e-16
4.281070267566892129e-01,6.494674744906000139e-16
4.282070517629407713e-01,6.538567787698000409e-16
4.283070767691923297e-01,6.584381472357999757e-16
4.284071017754438881e-01,6.627572682639000095e-16
4.285071267816954466e-01,6.676020061876999811e-16
4.286071517879470050e-01,6.721577638674000240e-16
4.287071767941985634e-01,6.769187135218999795e-16
4.288072018004501218e-01,6.819070705891000307e-16
4.289072268067016802e-01,6.865731234317999983e-16
4.290072518129532386e-01,6.917647866860000198e-16
4.291072768192047970e-01,6.966670591011999632e-16
4.292073018254564110e-01,7.017159159058999944e-16
4.293073268317079694e-01,7.070272890988000439e-16
4.294073518379595278e-01,7.119605267908999728e-16
4.295073768442110862e-01,7.174158513240999607e-16
4.296074018504626446e-01,7.225854179775999692e-16
4.297074268567142030e-01,7.278421537567000093e-16
4.298074518629657614e-01,7.333956469582000162e-16
4.299074768692173198e-01,7.385191090053000218e-16
4.300075018754688783e-01,7.441575945777999534e-16
4.301075268817204367e-01,7.495180230756999998e-16
4.302075518879719951e-01,7.549057273634000115e-16
4.303075768942236090e-01,7.606235741775999529e-16
4.304076019004751674e-01,7.658634181985000050e-16
4.305076269067267258e-01,7.716072942606000061e-16
4.306076519129782842e-01,7.770841606657000337e-16
4.307076769192298427e-01,7.825272787180999579e-16
4.308077019254814011e-01,7.883322710685999735e-16
4.309077269317329595e-01,7.936146949346000137e-16
4.310077519379845179e-01,7.993855581295000275e-16
4.311077769442360763e-01,8.049033609819000107e-16
4.312078019504876347e-01,8.103251248191999686e-16
4.313078269567391931e-01,8.161384239883999510e-16
4.314078519629907515e-01,8.213878909825000345e-16
4.315078769692423100e-01,8.271052435091000354e-16
4.316079019754939239e-01,8.325859854290000327e-16
4.317079269817454823e-01,8.379066040634000033e-16
4.318079519879970407e-01,8.436452905070999771e-16
4.319079769942485991e-01,8.487816899091000019e-16
4.320080020005001575e-01,8.543598712276999537e-16
4.321080270067517159e-01,8.597197626852000252e-16
4.322080520130032744e-01,8.648532312702000178e-16
4.323080770192548328e-01,8.704278069831999903e-16
4.324081020255063912e-01,8.753642211320000343e-16
4.325081270317579496e-01,8.807097140208999815e-16
4.326081520380095080e-01,8.858570352694000453e-16
4.327081770442610664e-01,8.907096859237999899e-16
4.328082020505126248e-01,8.960221921407999897e-16
4.329082270567642388e-01,9.006636510507000699e-16
4.330082520630157972e-01,9.056749252686999114e-16
4.331082770692673556e-01,9.105092938902999050e-16
4.332083020755189140e-01,9.149784571130000367e-16
4.333083270817704724e-01,9.199212988049999050e-16
4.334083520880220308e-01,9.241631785991000129e-16
4.335083770942735892e-01,9.287286484797000186e-16
4.336084021005251476e-01,9.331398889225000498e-16
4.337084271067767061e-01,9.371138627418999084e-16
4.338084521130282645e-01,9.415702561542999183e-16
4.339084771192798229e-01,9.452996483172999934e-16
4.340085021255314368e-01,9.492995610151000436e-16
4.341085271317829397e-01,9.531693365548000630e-16
4.342085521380345536e-01,9.565290196571000750e-16
4.343085771442861120e-01,9.603744505273999113e-16
4.344086021505376705e-01,9.634717413171000520e-16
4.345086271567892289e-01,9.667805376161000172e-16
4.346086521630407873e-01,9.699855385510999885e-16
4.347086771692923457e-01,9.726088180102999766e-16
4.348087021755439041e-01,9.757167114455000526e-16
4.349087271817954625e-01,9.780620980745999511e-16
4.350087521880470209e-01,9.805550233794000601e-16
4.351087771942985793e-01,9.829733816446999066e-16
4.352088022005501378e-01,9.847416524404999706e-16
4.353088272068017517e-01,9.869893718497999420e-16
4.354088522130533101e-01,9.884687676566000243e-16
4.355088772193048685e-01,9.900288272021999306e-16
4.356089022255564269e-01,9.915475559489000319e-16
4.357089272318079853e-01,9.923535495800999844e-16
4.358089522380595437e-01,9.936309766412000254e-16
4.359089772443111022e-01,9.941451269611999968e-16
4.360090022505626606e-01,9.946725851968000656e-16
4.361090272568142190e-01,9.951976112625999978e-16
4.362090522630657774e-01,9.949565440270999465e-16
4.363090772693173358e-01,9.951777148432000393e-16
4.364091022755688942e-01,9.946535981182999516e-16
4.365091272818204526e-01,9.940772699764999043e-16
4.366091522880720666e-01,9.935437730398000437e-16
4.367091772943236250e-01,9.922024771074000773e-16
4.368092023005751834e-01,9.913139486450000582e-16
4.369092273068267418e-01,9.897129104917000905e-16
4.370092523130783002e-01,9.879986197228999192e-16
4.371092773193298586e-01,9.863794580438000476e-16
4.372093023255814170e-01,9.839254131888000462e-16
4.373093273318329754e-01,9.819159360634000123e-16
4.374093523380845339e-01,9.792428454555999038e-16
4.375093773443360923e-01,9.764024869410999330e-16
4.376094023505876507e-01,9.737168173767999980e-16
4.377094273568392646e-01,9.701856745477999649e-16
4.378094523630907675e-01,9.670926577837000365e-16
4.379094773693423814e-01,9.634006768529000737e-16
4.380095023755939398e-01,9.594955214076999304e-16
4.381095273818454983e-01,9.558107307545000089e-16
4.382095523880970567e-01,9.512870465713999399e-16
4.383095773943486151e-01,9.471968748414999560e-16
4.384096024006001735e-01,9.425873251736999603e-16
4.385096274068517319e-01,9.377278201953000226e-16
4.386096524131032903e-01,9.331587267649999474e-16
4.387096774193548487e-01,9.277737258605999223e-16
4.388097024256064072e-01,9.228184199631000090e-16
4.389097274318579656e-01,9.174357433016999632e-16
4.390097524381095795e-01,9.117749934146999094e-16
4.391097774443611379e-01,9.064767616928999215e-16
4.392098024506126963e-01,9.004008644645999454e-16
4.393098274568642547e-01,8.947506061986000753e-16
4.394098524631158131e-01,8.887746623644999188e-16
4.395098774693673715e-01,8.825005223979000475e-16
4.396099024756189300e-01,8.766602952345000235e-16
4.397099274818704884e-01,8.700938499555999511e-16
4.398099524881220468e-01,8.639474702600000039e-16
4.399099774943736052e-01,8.575833788396999999e-16
4.400100025006251636e-01,8.509076368350000066e-16
4.401100275068767220e-01,8.447334393567999871e-16
4.402100525131282804e-01,8.378945075161000303e-16
4.403100775193798944e-01,8.314664073633000051e-16
4.404101025256314528e-01,8.249307915074000195e-16
4.405101275318830112e-01,8.180748563585000395e-16
4.406101525381345696e-01,8.117816190165000450e-16
4.407101775443861280e-01,8.048926288906000297e-16
4.408102025506376864e-01,7.984005708608999913e-16
4.409102275568892448e-01,7.919102816606999518e-16
4.410102525631408033e-01,7.850944635102999679e-16
4.411102775693923617e-01,7.788938201672999678e-16
4.412103025756439201e-01,7.721710016663000431e-16
4.413103275818954785e-01,7.658255833885000216e-16
4.414103525881470924e-01,7.595875716865000365e-16
4.415103775943985953e-01,7.530211374367999640e-16
4.416104026006502092e-01,7.471125333878999889e-16
4.417104276069017676e-01,7.407579094127999590e-16
4.418104526131533261e-01,7.347552348778000243e-16
4.419104776194048845e-01,7.289600250530000260e-16
4.420105026256564429e-01,7.228348317832000308e-16
4.421105276319080013e-01,7.173992435821000479e-16
4.422105526381595597e-01,7.115943082496999819e-16
4.423105776444111181e-01,7.061097335234999874e-16
4.424106026506626765e-01,7.009254438105999638e-16
4.425106276569142350e-01,6.954103182036999543e-16
4.426106526631657934e-01,6.906058640179999615e-16
4.427106776694174073e-01,6.855082812084999843e-16
4.428107026756689657e-01,6.806940046033999745e-16
4.429107276819205241e-01,6.762651841582000409e-16
4.430107526881720825e-01,6.715052288745000109e-16
4.431107776944236409e-01,6.674665785666999860e-16
4.432108027006751994e-01,6.632096521760999703e-16
4.433108277069267578e-01,6.591941257597999750e-16
4.434108527131783162e-01,6.556412570076000345e-16
4.435108777194298746e-01,6.517573612264999776e-16
4.436109027256814330e-01,6.485958089565000140e-16
4.437109277319329914e-01,6.452891907988999762e-16
4.438109527381845498e-01,6.421780587555999942e-16
4.439109777444361082e-01,6.395991878760000273e-16
4.440110027506877222e-01,6.366903546774999881e-16
4.441110277569392806e-01,6.344965521992000253e-16
4.442110527631908390e-01,6.322292422270000491e-16
4.443110777694423974e-01,6.301084821251000420e-16
4.444111027756939558e-01,6.285823654134999999e-16
4.445111277819455142e-01,6.267283763489000106e-16
4.446111527881970726e-01,6.255747920497999919e-16
4.447111777944486311e-01,6.244178583061999583e-16
4.448112028007001895e-01,6.233568017908999532e-16
4.449112278069517479e-01,6.229465611764999789e-16
4.450112528132033063e-01,6.222121647942999948e-16
4.451112778194549202e-01,6.221575739312000478e-16
4.452113028257064231e-01,6.221685575044000433e-16
4.453113278319580370e-01,6.222237591827999520e-16
4.454113528382095955e-01,6.229804921275000068e-16
4.455113778444611539e-01,6.234186655756999650e-16
4.456114028507127123e-01,6.245111612156999858e-16
4.457114278569642707e-01,6.257372958126999675e-16
4.458114528632158291e-01,6.269557171348000166e-16
4.459114778694673875e-01,6.289217089173999916e-16
4.460115028757189459e-01,6.305770219595000457e-16
4.461115278819705043e-01,6.328573539740999767e-16
4.462115528882220628e-01,6.353389716973999711e-16
4.463115778944736212e-01,6.377615225535999978e-16
4.464116029007252351e-01,6.409739904004999602e-16
4.465116279069767935e-01,6.438863471195000060e-16
4.466116529132283519e-01,6.473915911879000449e-16
4.467116779194799103e-01,6.511660160097999558e-16
4.468117029257314687e-01,6.548314937017999677e-16
4.469117279319830272e-01,6.593263533263000199e-16
4.470117529382345856e-01,6.635347417626000319e-16
4.471117779444861440e-01,6.683021155711000398e-16
4.472118029507377024e-01,6.734071214888999743e-16
4.473118279569892608e-01,6.783550735612999769e-16
4.474118529632408192e-01,6.841697115628999870e-16
4.475118779694923776e-01,6.897146660879999856e-16
4.476119029757439360e-01,6.957834568601999897e-16
4.477119279819955500e-01,7.022592908260000093e-16
4.478119529882471084e-01,7.085320239055999818e-16
4.479119779944986668e-01,7.157073134642999603e-16
4.480120030007502252e-01,7.226334257384999705e-16
4.481120280070017836e-01,7.300477351857000402e-16
4.482120530132533420e-01,7.379400072859999978e-16
4.483120780195049004e-01,7.455857622999000337e-16
4.484121030257564589e-01,7.541690478100000107e-16
4.485121280320080173e-01,7.625273605207000351e-16
4.486121530382595757e-01,7.713382338563000416e-16
4.487121780445111341e-01,7.806999408701000258e-16
4.488122030507626925e-01,7.897746042509000230e-16
4.489122280570142509e-01,7.998216857498999924e-16
4.490122530632658648e-01,8.096722907246999707e-16
4.491122780695174233e-01,8.199403438165999812e-16
4.492123030757689817e-01,8.308344551329999959e-16
4.493123280820205401e-01,8.414041497714000092e-16
4.494123530882720985e-01,8.529814514887999728e-16
4.495123780945236569e-01,8.643949982258999616e-16
4.496124031007752153e-01,8.761915548677999883e-16
4.497124281070267737e-01,8.886921233506999709e-16
4.498124531132783321e-01,9.008341449838000804e-16
4.499124781195298906e-01,9.140196382986000598e-16
4.500125031257814490e-01,9.270786508755000348e-16
4.501125281320330629e-01,9.404873917476999383e-16
4.502125531382846213e-01,9.546814690660000237e-16
4.503125781445361797e-01,9.684863959453000531e-16
4.504126031507877381e-01,9.833719689990000826e-16
4.505126281570392965e-01,9.981733901098999477e-16
4.506126531632908550e-01,1.013292587386000006e-15
4.507126781695424134e-01,1.029282125700999989e-15
4.508127031757939718e-01,1.044855304751999919e-15
4.509127281820455302e-01,1.061547721205999981e-15
4.510127531882970886e-01,1.078203647006999979e-15
4.511127781945486470e-01,1.095146714278999924e-15
4.512128032008002054e-01,1.113049333055000066e-15
4.513128282070517638e-01,1.130512271029999994e-15
4.514128532133033778e-01,1.149134706460999919e-15
4.515128782195549362e-01,1.167773839828000062e-15
4.516129032258064946e-01,1.186670859819000062e-15
4.517129282320580530e-01,1.206621122824000031e-15
4.518129532383096114e-01,1.226112273692000090e-15
4.519129782445611698e-01,1.246805085562000027e-15
4.520130032508127282e-01,1.267573519023999953e-15
4.521130282570642867e-01,1.288571671034000070e-15
4.522130532633158451e-01,1.310721486942999963e-15
4.523130782695674035e-01,1.332396517838999911e-15
4.524131032758189619e-01,1.355317322591000027e-15
4.525131282820705203e-01,1.378379175676000032e-15
4.526131532883220787e-01,1.401643809197999963e-15
4.527131782945736926e-01,1.426163536583999999e-15
4.528132033008252511e-01,1.450196272158000061e-15
4.529132283070768095e-01,1.475520112693000088e-15
4.530132533133283679e-01,1.501056517788999997e-15
4.531132783195799263e-01,1.526769045993000094e-15
4.532133033258314847e-01,1.553845101680999964e-15
4.533133283320830431e-01,1.580425488427000063e-15
4.534133533383346015e-01,1.608343223461999930e-15
4.535133783445861599e-01,1.636551396936999915e-15
4.536134033508377184e-01,1.664908558779000038e-15
4.537134283570892768e-01,1.694742091583999981e-15
4.538134533633408907e-01,1.724074196655999948e-15
4.539134783695923936e-01,1.754789844421999930e-15
4.540135033758440075e-01,1.785879874311999856e-15
4.541135283820955659e-01,1.817090218228999842e-15
4.542135533883471243e-01,1.849893590956999818e-15
4.543135783945986828e-01,1.882191629014999899e-15
4.544136034008502412e-01,1.915917377846000170e-15
4.545136284071017996e-01,1.950106464956999877e-15
4.546136534133533580e-01,1.984383450951000104e-15
4.547136784196049164e-01,2.020372261660000120e-15
4.548137034258564748e-01,2.055852374245000194e-15
4.549137284321080332e-01,2.092800101665000186e-15
4.550137534383595916e-01,2.130303666086000014e-15
4.551137784446112056e-01,2.167856048728999940e-15
4.552138034508627640e-01,2.207238367026000152e-15
4.553138284571143224e-01,2.246106178751000103e-15
4.554138534633658808e-01,2.286473063885999913e-15
4.555138784696174392e-01,2.327489505597999925e-15
4.556139034758689976e-01,2.368505529046000058e-15
4.557139284821205560e-01,2.411465639864999977e-15
4.558139534883721145e-01,2.453900440496000058e-15
4.559139784946236729e-01,2.497852638731000157e-15
4.560140035008752313e-01,2.542545068063000137e-15
4.561140285071267897e-01,2.587171565520000055e-15
4.562140535133783481e-01,2.633846018851999833e-15
4.563140785196299065e-01,2.679973492296999862e-15
4.564141035258815204e-01,2.727615718746000197e-15
4.565141285321330789e-01,2.776080182203999968e-15
4.566141535383846373e-01,2.824390159465000154e-15
4.567141785446361957e-01,2.874834281094000029e-15
4.568142035508877541e-01,2.924692424228999851e-15
4.569142285571393125e-01,2.976032926618999972e-15
4.570142535633908709e-01,3.028261807211999994e-15
4.571142785696424293e-01,3.080215346054999931e-15
4.572143035758939877e-01,3.134361395996000061e-15
4.573143285821455462e-01,3.187856349542999824e-15
4.574143535883971046e-01,3.242758708154000101e-15
4.575143785946487185e-01,3.298588707165999901e-15
4.576144036009002214e-01,3.353978488632000014e-15
4.577144286071518353e-01,3.411578330790999917e-15
4.578144536134033937e-01,3.468425532129000149e-15
4.579144786196549521e-01,3.526549417570000154e-15
4.580145036259065106e-01,3.585602149142000302e-15
4.581145286321580690e-01,3.643993440555000375e-15
4.582145536384096274e-01,3.704556626408999655e-15
4.583145786446611858e-01,3.764217139239000065e-15
4.584146036509127442e-01,3.824951875097000327e-15
4.585146286571643026e-01,3.886564605528999620e-15
4.586146536634158610e-01,3.947224806426999873e-15
4.587146786696674194e-01,4.009947432479000205e-15
4.588147036759190334e-01,4.071558303751999711e-15
4.589147286821705918e-01,4.133955289226000334e-15
4.590147536884221502e-01,4.197115224541999905e-15
4.591147786946737086e-01,4.258951406776999963e-15
4.592148037009252670e-01,4.322655738112999645e-15
4.593148287071768254e-01,4.384971405362000066e-15
4.594148537134283838e-01,4.447688377961000250e-15
4.595148787196799423e-01,4.510981736325999718e-15
4.596149037259315007e-01,4.572496663305999952e-15
4.597149287321830591e-01,4.635594301323999758e-15
4.598149537384346175e-01,4.696959961788999776e-15
4.599149787446861759e-01,4.758244519602999992e-15
4.600150037509377343e-01,4.819847388973999709e-15
4.601150287571893482e-01,4.879139217958999883e-15
4.602150537634409067e-01,4.939639024067000120e-15
4.603150787696924651e-01,4.998008453091999895e-15
4.604151037759440235e-01,5.055729094454000160e-15
4.605151287821955819e-01,5.113452572431999622e-15
4.606151537884471403e-01,5.168278512809999765e-15
4.607151787946986987e-01,5.223868523734999702e-15
4.608152038009502571e-01,5.276902001404000294e-15
4.609152288072018155e-01,5.328663417674999986e-15
4.610152538134533740e-01,5.380084592287999953e-15
4.611152788197049324e-01,5.428007432107000235e-15
4.612153038259565463e-01,5.476217535799000252e-15
4.613153288322080492e-01,5.521461747399000237e-15
4.614153538384596631e-01,5.564802161817999797e-15
4.615153788447112215e-01,5.607475264943999771e-15
4.616154038509627799e-01,5.646088781362000331e-15
4.617154288572143384e-01,5.684527413122999911e-15
4.618154538634658968e-01,5.719659953465000081e-15
4.619154788697174552e-01,5.752306305600000169e-15
4.620155038759690136e-01,5.784025889571999755e-15
4.621155288822205720e-01,5.811226309399999730e-15
4.622155538884721304e-01,5.837861368497999681e-15
4.623155788947236888e-01,5.860975979117999834e-15
4.624156039009752472e-01,5.881131676069999760e-15
4.625156289072268612e-01,5.900217507915999795e-15
4.626156539134783641e-01,5.914480847105000050e-15
4.627156789197299780e-01,5.927906837808999870e-15
4.628157039259815364e-01,5.937764689784000038e-15
4.629157289322330948e-01,5.944346292971999858e-15
4.630157539384846532e-01,5.949863578181999990e-15
4.631157789447362116e-01,5.950446481231999702e-15
4.632158039509877701e-01,5.950068300265000050e-15
4.633158289572393285e-01,5.946260910620000047e-15
4.634158539634908869e-01,5.939039109000999691e-15
4.635158789697424453e-01,5.930916483294000319e-15
4.636159039759940592e-01,5.917947107816000303e-15
4.637159289822455621e-01,5.904044098408000240e-15
4.638159539884971760e-01,5.887027955130999925e-15
4.639159789947487345e-01,5.866632488599999857e-15
4.640160040010002929e-01,5.845637840698999846e-15
4.641160290072518513e-01,5.820063119448999967e-15
4.642160540135034097e-01,5.793713063933999901e-15
4.643160790197549681e-01,5.764709469054000217e-15
4.644161040260065265e-01,5.732507897576000164e-15
4.645161290322580849e-01,5.700111060843999967e-15
4.646161540385096433e-01,5.663539468248999982e-15
4.647161790447612018e-01,5.626443903283999610e-15
4.648162040510127602e-01,5.587248703588000173e-15
4.649162290572643741e-01,5.545139799514000200e-15
4.650162540635158770e-01,5.503292688988999653e-15
4.651162790697674909e-01,5.457762132705999757e-15
4.652163040760190493e-01,5.412007508857000316e-15
4.653163290822706077e-01,5.364748217947999808e-15
4.654163540885221662e-01,5.314915666317000109e-15
4.655163790947737246e-01,5.265809311170000229e-15
4.656164041010252830e-01,5.213547852135000050e-15
4.657164291072768414e-01,5.161369797594000003e-15
4.658164541135283998e-01,5.108275183128999751e-15
4.659164791197799582e-01,5.052961689046000197e-15
4.660165041260315166e-01,4.998806329370000238e-15
4.661165291322830750e-01,4.942017392923999979e-15
4.662165541385346890e-01,4.885593986266000118e-15
4.663165791447861919e-01,4.828799582958000384e-15
4.664166041510378058e-01,4.770123481691000322e-15
4.665166291572893642e-01,4.712979279144999860e-15
4.666166541635409226e-01,4.653686779308000053e-15
4.667166791697924810e-01,4.594995550457999953e-15
4.668167041760440394e-01,4.536412447172000157e-15
4.669167291822955979e-01,4.476246923058000244e-15
4.670167541885471563e-01,4.417914931842999892e-15
4.671167791947987147e-01,4.357865702746999780e-15
4.672168042010502731e-01,4.298597641144000273e-15
4.673168292073018870e-01,4.239840132772999771e-15
4.674168542135533899e-01,4.179750887837000161e-15
4.675168792198050038e-01,4.121719487741000105e-15
4.676169042260565623e-01,4.062338296790000306e-15
4.677169292323081207e-01,4.003859695446999747e-15
4.678169542385596791e-01,3.946215799090999941e-15
4.679169792448112375e-01,3.887440501094000019e-15
4.680170042510627959e-01,3.830875438248000349e-15
4.681170292573143543e-01,3.773266341021000330e-15
4.682170542635659127e-01,3.716627553860000001e-15
4.683170792698174711e-01,3.661074386446000328e-15
4.684171042760690296e-01,3.604543245138999857e-15
4.685171292823205880e-01,3.550310415566000031e-15
4.686171542885722019e-01,3.495281043457999862e-15
4.687171792948237048e-01,3.441242981624000078e-15
4.688172043010753187e-01,3.388476418254000002e-15
4.689172293073268771e-01,3.334843307312999898e-15
4.690172543135784355e-01,3.283542173579000108e-15
4.691172793198299940e-01,3.231641476320000085e-15
4.692173043260815524e-01,3.180715812640999920e-15
4.693173293323331108e-01,3.131193677855000061e-15
4.694173543385846692e-01,3.080882889525999863e-15
4.695173793448362276e-01,3.032895429817000119e-15
4.696174043510877860e-01,2.984463913266000180e-15
4.697174293573393444e-01,2.936962471556999865e-15
4.698174543635909028e-01,2.890952414994999932e-15
4.699174793698425168e-01,2.844204416204000084e-15
4.700175043760940197e-01,2.799737986048000115e-15
4.701175293823456336e-01,2.754949071505999857e-15
4.702175543885971920e-01,2.711024775915000110e-15
4.703175793948487504e-01,2.668646347775999902e-15
4.704176044011003088e-01,2.625561308453000152e-15
4.705176294073518672e-01,2.584692937217000156e-15
4.706176544136034257e-01,2.543598230830999960e-15
4.707176794198549841e-01,2.503289258438999903e-15
4.708177044261065425e-01,2.464555355182999958e-15
4.709177294323581009e-01,2.425132114722999815e-15
4.710177544386097148e-01,2.387844856736000123e-15
4.711177794448612177e-01,2.350408236578999951e-15
4.712178044511128316e-01,2.313670168322999999e-15
4.713178294573643345e-01,2.278518470080000036e-15
4.714178544636159485e-01,2.242685709600999820e-15
4.715178794698675069e-01,2.208898773932000154e-15
4.716179044761190653e-01,2.175026372041000125e-15
4.717179294823706237e-01,2.141761927439999995e-15
4.718179544886221821e-01,2.110083472636999826e-15
4.719179794948737405e-01,2.077727175405999942e-15
4.720180045011252989e-01,2.047321905225000049e-15
4.721180295073768574e-01,2.016886424748000134e-15
4.722180545136284158e-01,1.986968074874999835e-15
4.723180795198800297e-01,1.958628492722999848e-15
4.724181045261315326e-01,1.929611990994000090e-15
4.725181295323831465e-01,1.902450541781999986e-15
4.726181545386347049e-01,1.875309150510999888e-15
4.727181795448862633e-01,1.848596145720999941e-15
4.728182045511378218e-01,1.823451973539000137e-15
4.729182295573893802e-01,1.797632368900999960e-15
4.730182545636409386e-01,1.773574062340999959e-15
4.731182795698924970e-01,1.749584619675000035e-15
4.732183045761440554e-01,1.725938676265999913e-15
4.733183295823956138e-01,1.703851788216000076e-15
4.734183545886471722e-01,1.681092720074000055e-15
4.735183795948987306e-01,1.660004610127000012e-15
4.736184046011503446e-01,1.639034492321999957e-15
4.737184296074018475e-01,1.618327589799000066e-15
4.738184546136534614e-01,1.599172472593000054e-15
4.739184796199050198e-01,1.579351793665999910e-15
4.740185046261565782e-01,1.561117292826000031e-15
4.741185296324081366e-01,1.543052941978999932e-15
4.742185546386596950e-01,1.525177105157999958e-15
4.743185796449112535e-01,1.508850435059000065e-15
4.744186046511628119e-01,1.491869042897999947e-15
4.745186296574143703e-01,1.476394990137999978e-15
4.746186546636659287e-01,1.461147854413000001e-15
4.747186796699174871e-01,1.446020627902000029e-15
4.748187046761690455e-01,1.432446043507000034e-15
4.749187296824206594e-01,1.418233048929999931e-15
4.750187546886721623e-01,1.405456009220000066e-15
4.751187796949237763e-01,1.392969136397000078e-15
4.752188047011753347e-01,1.380540313513999923e-15
4.753188297074268931e-01,1.369675816176000081e-15
4.754188547136784515e-01,1.358195664854999924e-15
4.755188797199300099e-01,1.348087755864999976e-15
4.756189047261815683e-01,1.338340867025000039e-15
4.757189297324331267e-01,1.328596584614000062e-15
4.758189547386846852e-01,1.320437494907000076e-15
4.759189797449362436e-01,1.311692890319000059e-15
4.760190047511878575e-01,1.304265251192000045e-15
4.761190297574393604e-01,1.297279334722000064e-15
4.762190547636909743e-01,1.290247901067999923e-15
4.763190797699425327e-01,1.284833033763000093e-15
4.764191047761940911e-01,1.278871225119999932e-15
4.765191297824456496e-01,1.274180324009000065e-15
4.766191547886972080e-01,1.270023324265000022e-15
4.767191797949487664e-01,1.265780556443999956e-15
4.768192048012003248e-01,1.263198483839000049e-15
4.769192298074518832e-01,1.260118295698999950e-15
4.770192548137034416e-01,1.258273154344000090e-15
4.771192798199550000e-01,1.257068276637000022e-15
4.772193048262065584e-01,1.255746251605000056e-15
4.773193298324581724e-01,1.256143264035000003e-15
4.774193548387096753e-01,1.256102734001000098e-15
4.775193798449612892e-01,1.257272173982999948e-15
4.776194048512128476e-01,1.259204426665999904e-15
4.777194298574644060e-01,1.260997830952999959e-15
4.778194548637159644e-01,1.264584817570000017e-15
4.779194798699675228e-01,1.267809066536999979e-15
4.780195048762190813e-01,1.272230648039999989e-15
4.781195298824706397e-01,1.277556885391000057e-15
4.782195548887221981e-01,1.282733815047999961e-15
4.783195798949737565e-01,1.289797627010000042e-15
4.784196049012253149e-01,1.296590302274000005e-15
4.785196299074768733e-01,1.304581403573000058e-15
4.786196549137284872e-01,1.313641987488000065e-15
4.787196799199799901e-01,1.322556029577999907e-15
4.788197049262316041e-01,1.333471595540000001e-15
4.789197299324831625e-01,1.344227728155999934e-15
4.790197549387347209e-01,1.356198498435000053e-15
4.791197799449862793e-01,1.369429815485999930e-15
4.792198049512378377e-01,1.382532275418999909e-15
4.793198299574893961e-01,1.397774566628999937e-15
4.794198549637409545e-01,1.412992445629999962e-15
4.795198799699925130e-01,1.429457891855999935e-15
4.796199049762440714e-01,1.447405372938999941e-15
4.797199299824956853e-01,1.465258912095999943e-15
4.798199549887471882e-01,1.485417387168000061e-15
4.799199799949988021e-01,1.505714063630000081e-15
4.800200050012503605e-01,1.527309206697999933e-15
4.801200300075019189e-01,1.550642484623000055e-15
4.802200550137534774e-01,1.573935722623999935e-15
4.803200800200050358e-01,1.599726877153999921e-15
4.804201050262565942e-01,1.625849328428000098e-15
4.805201300325081526e-01,1.653338281678999989e-15
4.806201550387597110e-01,1.682857842371000031e-15
4.807201800450112694e-01,1.712410233010000064e-15
4.808202050512628278e-01,1.744680931150999941e-15
4.809202300575143862e-01,1.777508279975000090e-15
4.810202550637660002e-01,1.811784961536999945e-15
4.811202800700175031e-01,1.848422100910000145e-15
4.812203050762691170e-01,1.885181988197999940e-15
4.813203300825206754e-01,1.924903663110000018e-15
4.814203550887722338e-01,1.965438203706000072e-15
4.815203800950237922e-01,2.007512197062000123e-15
4.816204051012753506e-01,2.052308857633000196e-15
4.817204301075269091e-01,2.097327685847000078e-15
4.818204551137784675e-01,2.145563627753000154e-15
4.819204801200300259e-01,2.194891004755000187e-15
4.820205051262815843e-01,2.245838065844000091e-15
4.821205301325331427e-01,2.299886979048999915e-15
4.822205551387847011e-01,2.354248603931000191e-15
4.823205801450363150e-01,2.412069561233999974e-15
4.824206051512878179e-01,2.471262284958000089e-15
4.825206301575394319e-01,2.532115125341000020e-15
4.826206551637909903e-01,2.596437402903999845e-15
4.827206801700425487e-01,2.661122827988000029e-15
4.828207051762941071e-01,2.729455161859000092e-15
4.829207301825456655e-01,2.799404505402999916e-15
4.830207551887972239e-01,2.870964700380000171e-15
4.831207801950487823e-01,2.946297729884000159e-15
4.832208052013003408e-01,3.021950239231999816e-15
4.833208302075518992e-01,3.101314540792000050e-15
4.834208552138035131e-01,3.182443135497999928e-15
4.835208802200550160e-01,3.264967796397999854e-15
4.836209052263066299e-01,3.351425405868999853e-15
4.837209302325581883e-01,3.437987419214000048e-15
4.838209552388097467e-01,3.528108354389999848e-15
4.839209802450613052e-01,3.619956272750000313e-15
4.840210052513128636e-01,3.712722020680000211e-15
4.841210302575644220e-01,3.809332614613000063e-15
4.842210552638159804e-01,3.905565042960999843e-15
4.843210802700675388e-01,4.004872453025000230e-15
4.844211052763190972e-01,4.105584158063000155e-15
4.845211302825706556e-01,4.206367708134999672e-15
4.846211552888222140e-01,4.310550597584000368e-15
4.847211802950738280e-01,4.413517243585000158e-15
4.848212053013253309e-01,4.518642081660000021e-15
4.849212303075769448e-01,4.624482691710999926e-15
4.850212553138285032e-01,4.729114629906999609e-15
4.851212803200800616e-01,4.836274261152999904e-15
4.852213053263316200e-01,4.940995531539999703e-15
4.853213303325831784e-01,5.046497623379999874e-15
4.854213553388347369e-01,5.151660919158999737e-15
4.855213803450862953e-01,5.253933628224000267e-15
4.856214053513378537e-01,5.357473254658999953e-15
4.857214303575894121e-01,5.457059479435999621e-15
4.858214553638409705e-01,5.555692209792000013e-15
4.859214803700925289e-01,5.652699696833000143e-15
4.860215053763441428e-01,5.744920462324999681e-15
4.861215303825956457e-01,5.836945638537999659e-15
4.862215553888472597e-01,5.923453351756999750e-15
4.863215803950988181e-01,6.007181934207000306e-15
4.864216054013503765e-01,6.088043696485999715e-15
4.865216304076019349e-01,6.162339054878999817e-15
4.866216554138534933e-01,6.235092685595999819e-15
4.867216804201050517e-01,6.301063782923000221e-15
4.868217054263566101e-01,6.362698585192999640e-15
4.869217304326081686e-01,6.420604754261000010e-15
4.870217554388597270e-01,6.470644109217000148e-15
4.871217804451113409e-01,6.518234526623999732e-15
4.872218054513628438e-01,6.558389884544999704e-15
4.873218304576144577e-01,6.593230276741000241e-15
4.874218554638660161e-01,6.624106011844999915e-15
4.875218804701175745e-01,6.646543879900000259e-15
4.876219054763691330e-01,6.666261656112999980e-15
4.877219304826206914e-01,6.678649569097000235e-15
4.878219554888722498e-01,6.685455974273000292e-15
4.879219804951238082e-01,6.688740219063000343e-15
4.880220055013753666e-01,6.683776268639999652e-15
4.881220305076269250e-01,6.676443725999000233e-15
4.882220555138784834e-01,6.662568678299999967e-15
4.883220805201300418e-01,6.643477574160999955e-15
4.884221055263816558e-01,6.621838017814000066e-15
4.885221305326331587e-01,6.592736523324000075e-15
4.886221555388847726e-01,6.562061091593999738e-15
4.887221805451363310e-01,6.526078424228000229e-15
4.888222055513878894e-01,6.485659290001999653e-15
4.889222305576394478e-01,6.443945664027999622e-15
4.890222555638910062e-01,6.395891184419999946e-15
4.891222805701425647e-01,6.347256461685999641e-15
4.892223055763941231e-01,6.294722578059000038e-15
4.893223305826456815e-01,6.238699960908999879e-15
4.894223555888972399e-01,6.182668688109999889e-15
4.895223805951487983e-01,6.121500338353000142e-15
4.896224056014003567e-01,6.060728552186999754e-15
4.897224306076519706e-01,5.997409887223999839e-15
4.898224556139034735e-01,5.931521499528999867e-15
4.899224806201550875e-01,5.866762934004999648e-15
4.900225056264066459e-01,5.797975811699000064e-15
4.901225306326582043e-01,5.730411433696000008e-15
4.902225556389097627e-01,5.661458707970999791e-15
4.903225806451613211e-01,5.590710973626999727e-15
4.904226056514128795e-01,5.521993967294000115e-15
4.905226306576644379e-01,5.450166482866000115e-15
4.906226556639159964e-01,5.380176405903000053e-15
4.907226806701675548e-01,5.309704107423000004e-15
4.908227056764191687e-01,5.238022702267999726e-15
4.909227306826706716e-01,5.169015661215999621e-15
4.910227556889222855e-01,5.097599494240999782e-15
4.911227806951737884e-01,5.028424634303000097e-15
4.912228057014254023e-01,4.959424919811999788e-15
4.913228307076769608e-01,4.889618875224000376e-15
4.914228557139285192e-01,4.822900154671999827e-15
4.915228807201800776e-01,4.754273886607999804e-15
4.916229057264316360e-01,4.688112416413999969e-15
4.917229307326831944e-01,4.622567401663999692e-15
4.918229557389347528e-01,4.556464620304000019e-15
4.919229807451863112e-01,4.493674839980000231e-15
4.920230057514378696e-01,4.429313055145999641e-15
4.921230307576894836e-01,4.367502077646000100e-15
4.922230557639409865e-01,4.306578714290000034e-15
4.923230807701926004e-01,4.245229310230000171e-15
4.924231057764441588e-01,4.187279952813000367e-15
4.925231307826957172e-01,4.127967351448000326e-15
4.926231557889472756e-01,4.071195115675000332e-15
4.927231807951988340e-01,4.015455750367000132e-15
4.928232058014503925e-01,3.959340138269999770e-15
4.929232308077019509e-01,3.906616734051999976e-15
4.930232558139535093e-01,3.852649320957999903e-15
4.931232808202050677e-01,3.801150622491000019e-15
4.932233058264566261e-01,3.750742596768000001e-15
4.933233308327081845e-01,3.699955192364999820e-15
4.934233558389597984e-01,3.652490192041000375e-15
4.935233808452113013e-01,3.603838959168999716e-15
4.936234058514629153e-01,3.557549751591000351e-15
4.937234308577144737e-01,3.512351429392000158e-15
4.938234558639660321e-01,3.466740694717999854e-15
4.939234808702175905e-01,3.424347247126000080e-15
4.940235058764691489e-01,3.380786335707000145e-15
4.941235308827207073e-01,3.339464852881000045e-15
4.942235558889722657e-01,3.299198293067999927e-15
4.943235808952238242e-01,3.258470896739000193e-15
4.944236059014753826e-01,3.220838439724999910e-15
4.945236309077269410e-01,3.182034175427999833e-15
4.946236559139784994e-01,3.145344029571000096e-15
4.947236809202301133e-01,3.109653189297000067e-15
4.948237059264816162e-01,3.073447308346000042e-15
4.949237309327332301e-01,3.040208659134999816e-15
4.950237559389847886e-01,3.005781537631999921e-15
4.951237809452363470e-01,2.973346906528000156e-15
4.952238059514879054e-01,2.941847155193999817e-15
4.953238309577394638e-01,2.909779910748999900e-15
4.954238559639910222e-01,2.880554583380000176e-15
4.955238809702425806e-01,2.850119870321999885e-15
4.956239059764941390e-01,2.821565218323999814e-15
4.957239309827456974e-01,2.793878639119999825e-15
4.958239559889973114e-01,2.765577158077000066e-15
4.959239809952488143e-01,2.739999413768000089e-15
4.960240060015004282e-01,2.713190744837999998e-15
4.961240310077519866e-01,2.688161186883000001e-15
4.962240560140035450e-01,2.663935726736999962e-15
4.963240810202551034e-01,2.639054503630999875e-15
4.964241060265066618e-01,2.616789453527000034e-15
4.965241310327582203e-01,2.593274561304999973e-15
4.966241560390097787e-01,2.571449459858000011e-15
4.967241810452613371e-01,2.550370863970999883e-15
4.968242060515128955e-01,2.528602662766999856e-15
4.969242310577644539e-01,2.509354365000000043e-15
4.970242560640160123e-01,2.488842028479000107e-15
4.971242810702676262e-01,2.469941353700999915e-15
4.972243060765191291e-01,2.451737354010000036e-15
4.973243310827707431e-01,2.432817040080000059e-15
4.974243560890223015e-01,2.416332021673000028e-15
4.975243810952738599e-01,2.398574320208999876e-15
4.976244061015254183e-01,2.382361003896999831e-15
4.977244311077769767e-01,2.366803243724999943e-15
4.978244561140285351e-01,2.350508947063999930e-15
4.979244811202800935e-01,2.336577497514000164e-15
4.980245061265316520e-01,2.321370406856000006e-15
4.981245311327832104e-01,2.307650584855999980e-15
4.982245561390347688e-01,2.294555755380000146e-15
4.983245811452863272e-01,2.280710432509999856e-15
4.984246061515379411e-01,2.269168959342999898e-15
4.985246311577894440e-01,2.256355754394999913e-15
4.986246561640410579e-01,2.244981732908000172e-15
4.987246811702926164e-01,2.234213585728000105e-15
4.988247061765441748e-01,2.222685271067000143e-15
4.989247311827957332e-01,2.213413923758999810e-15
4.990247561890472916e-01,2.202881807085000081e-15
4.991247811952988500e-01,2.193748794033000123e-15
4.992248062015504084e-01,2.185215555773999998e-15
4.993248312078019668e-01,2.175917344748999990e-15
4.994248562140535252e-01,2.168842743066000062e-15
4.995248812203051392e-01,2.160526965012999815e-15
4.996249062265566421e-01,2.153577880569999895e-15
4.997249312328082560e-01,2.147236930839000037e-15
4.998249562390598144e-01,2.140130890608999994e-15
4.999249812453113728e-01,2.135229179185000127e-15
5.000250062515628757e-01,2.129115287973999927e-15
5.001250312578144896e-01,2.124343437386999910e-15
5.002250562640659926e-01,2.120204846105999884e-15
5.003250812703176065e-01,2.115305588788999959e-15
5.004251062765692204e-01,2.112607463112000155e-15
5.005251312828207233e-01,2.108737945089999958e-15
5.006251562890723372e-01,2.106193688584999822e-15
5.007251812953238401e-01,2.104328061197000156e-15
5.008252063015754540e-01,2.101711667729999973e-15
5.009252313078269570e-01,2.101311190564999933e-15
5.010252563140785709e-01,2.099794602355999859e-15
5.011252813203300738e-01,2.099594658023999884e-15
5.012253063265816877e-01,2.100142858360999989e-15
5.013253313328331906e-01,2.099957038416000089e-15
5.014253563390848045e-01,2.102022633534999812e-15
5.015253813453364184e-01,2.103046458080000093e-15
5.016254063515879213e-01,2.105388024711000059e-15
5.017254313578395353e-01,2.108576458883000061e-15
5.018254563640910382e-01,2.111056726430999825e-15
5.019254813703426521e-01,2.115847620137000183e-15
5.020255063765941550e-01,2.119694520108000097e-15
5.021255313828457689e-01,2.124871154766000133e-15
5.022255563890972718e-01,2.131028878038000025e-15
5.023255813953488857e-01,2.136516701880999837e-15
5.024256064016003887e-01,2.144402692647999975e-15
5.025256314078520026e-01,2.151473140653000182e-15
5.026256564141036165e-01,2.159898396876000123e-15
5.027256814203551194e-01,2.169481556956999841e-15
5.028257064266066223e-01,2.178447797992999935e-15
5.029257314328582362e-01,2.189930751519000121e-15
5.030257564391098501e-01,2.200763487944000158e-15
5.031257814453613531e-01,2.212988216660999903e-15
5.032258064516129670e-01,2.226597262121000092e-15
5.033258314578644699e-01,2.239659877975000183e-15
5.034258564641160838e-01,2.255389845887000113e-15
5.035258814703675867e-01,2.270678422366999963e-15
5.036259064766192006e-01,2.287404039409999999e-15
5.037259314828707035e-01,2.305792506028000031e-15
5.038259564891223174e-01,2.323719029020999948e-15
5.039259814953738204e-01,2.344487186296999814e-15
5.040260065016254343e-01,2.365065791490999925e-15
5.041260315078770482e-01,2.387118200425999831e-15
5.042260565141285511e-01,2.411155387080000159e-15
5.043260815203801650e-01,2.434813892076000187e-15
5.044261065266316679e-01,2.461483872088999926e-15
5.045261315328832818e-01,2.488241192596000193e-15
5.046261565391347848e-01,2.516459799709000166e-15
5.047261815453863987e-01,2.546991530798999856e-15
5.048262065516379016e-01,2.577184256390999838e-15
5.049262315578895155e-01,2.610488295374999877e-15
5.050262565641410184e-01,2.644129252955999834e-15
5.051262815703926323e-01,2.679085727787000115e-15
5.052263065766442462e-01,2.716601458746000022e-15
5.053263315828957492e-01,2.753682314374999888e-15
5.054263565891473631e-01,2.793773082154999841e-15
5.055263815953988660e-01,2.834308245670000097e-15
5.056264066016504799e-01,2.875729826390000054e-15
5.057264316079019828e-01,2.919712311529000031e-15
5.058264566141535967e-01,2.962878489286000035e-15
5.059264816204050996e-01,3.008551783887000114e-15
5.060265066266567136e-01,3.054465622318000038e-15
5.061265316329082165e-01,3.100364556458999943e-15
5.062265566391598304e-01,3.148376084180999883e-15
5.063265816454114443e-01,3.194753026487999871e-15
5.064266066516629472e-01,3.242541460313000052e-15
5.065266316579144501e-01,3.289924014897000097e-15
5.066266566641660640e-01,3.335827246182000106e-15
5.067266816704176779e-01,3.382850038417999929e-15
5.068267066766691809e-01,3.427016078862999924e-15
5.069267316829207948e-01,3.470946437765999931e-15
5.070267566891722977e-01,3.513508718782999833e-15
5.071267816954239116e-01,3.552818980430999875e-15
5.072268067016754145e-01,3.591967624493000184e-15
5.073268317079270284e-01,3.627055045212999858e-15
5.074268567141785313e-01,3.660179006018000178e-15
5.075268817204301453e-01,3.691161068597000245e-15
5.076269067266816482e-01,3.717460469726999870e-15
5.077269317329332621e-01,3.742614842175999644e-15
5.078269567391848760e-01,3.763173479843999734e-15
5.079269817454363789e-01,3.780625161551000080e-15
5.080270067516879928e-01,3.795883554020999768e-15
5.081270317579394957e-01,3.805958487857999966e-15
5.082270567641911097e-01,3.814635537783999798e-15
5.083270817704426126e-01,3.819173934608000200e-15
5.084271067766942265e-01,3.820342281036999918e-15
5.085271317829457294e-01,3.820044674235999644e-15
5.086271567891973433e-01,3.815015239519000232e-15
5.087271817954488462e-01,3.808966623853000052e-15
5.088272068017004601e-01,3.799952576188999633e-15
5.089272318079520740e-01,3.787942650604999608e-15
5.090272568142035770e-01,3.775568118987999807e-15
5.091272818204551909e-01,3.759439984099999844e-15
5.092273068267066938e-01,3.742908427651999888e-15
5.093273318329583077e-01,3.724793020995999780e-15
5.094273568392098106e-01,3.704290956589000070e-15
5.095273818454614245e-01,3.684478331100000044e-15
5.096274068517129274e-01,3.661991001723000001e-15
5.097274318579645414e-01,3.639653646266000290e-15
5.098274568642160443e-01,3.616971699535000192e-15
5.099274818704676582e-01,3.592491201329000186e-15
5.100275068767192721e-01,3.569509118968999873e-15
5.101275318829707750e-01,3.544808511590999898e-15
5.102275568892222779e-01,3.520644900908999942e-15
5.103275818954738918e-01,3.497106896227999960e-15
5.104276069017255058e-01,3.472244651806000156e-15
5.105276319079770087e-01,3.449420013359000055e-15
5.106276569142286226e-01,3.425639649312999823e-15
5.107276819204801255e-01,3.402621526280999848e-15
5.108277069267317394e-01,3.380928200174999941e-15
5.109277319329832423e-01,3.358257019339000045e-15
5.110277569392348562e-01,3.337937298041000074e-15
5.111277819454863591e-01,3.317227851193999808e-15
5.112278069517379731e-01,3.297372580838999823e-15
5.113278319579894760e-01,3.279306712183999906e-15
5.114278569642410899e-01,3.260486963768999921e-15
5.115278819704927038e-01,3.244157637531000138e-15
5.116279069767442067e-01,3.227827096848000114e-15
5.117279319829958206e-01,3.212337985288000119e-15
5.118279569892473235e-01,3.198914392109999934e-15
5.119279819954989375e-01,3.184852398177000069e-15
5.120280070017504404e-01,3.173290696757000126e-15
5.121280320080020543e-01,3.161968965416000052e-15
5.122280570142535572e-01,3.151397472107999981e-15
5.123280820205051711e-01,3.143026829817999824e-15
5.124281070267566740e-01,3.134047559984000087e-15
5.125281320330082879e-01,3.127491698413999837e-15
5.126281570392599019e-01,3.121307352950999977e-15
5.127281820455114048e-01,3.115732486245000191e-15
5.128282070517630187e-01,3.112401192414999873e-15
5.129282320580145216e-01,3.108435288064000186e-15
5.130282570642661355e-01,3.106768975714999840e-15
5.131282820705176384e-01,3.105537599239999975e-15
5.132283070767692523e-01,3.104756549736999904e-15
5.133283320830207552e-01,3.106213492993999887e-15
5.134283570892723692e-01,3.106986263600000177e-15
5.135283820955238721e-01,3.109925132690000027e-15
5.136284071017754860e-01,3.113333601768999861e-15
5.137284321080270999e-01,3.117042746694000066e-15
5.138284571142786028e-01,3.122973136425000083e-15
5.139284821205301057e-01,3.128173818331999970e-15
5.140285071267817196e-01,3.135423692498999825e-15
5.141285321330333336e-01,3.143177327639000068e-15
5.142285571392848365e-01,3.151110510324000110e-15
5.143285821455364504e-01,3.161262219220999868e-15
5.144286071517879533e-01,3.170661464901000190e-15
5.145286321580395672e-01,3.182026385245999980e-15
5.146286571642910701e-01,3.193947459487000032e-15
5.147286821705426840e-01,3.205965029152000181e-15
5.148287071767941869e-01,3.220224686690999907e-15
5.149287321830458009e-01,3.233739373675999994e-15
5.150287571892973038e-01,3.249174876103000119e-15
5.151287821955489177e-01,3.265245453639999843e-15
5.152288072018005316e-01,3.281370990877000068e-15
5.153288322080520345e-01,3.299795571233999835e-15
5.154288572143036484e-01,3.317517292676000006e-15
5.155288822205551513e-01,3.337155837553999833e-15
5.156289072268067653e-01,3.357538455521000036e-15
5.157289322330582682e-01,3.377974113297999851e-15
5.158289572393098821e-01,3.400799736906999856e-15
5.159289822455613850e-01,3.422998246049000142e-15
5.160290072518129989e-01,3.447149194311999854e-15
5.161290322580645018e-01,3.472185801557999983e-15
5.162290572643161157e-01,3.497313383298000064e-15
5.163290822705677297e-01,3.524959829581999983e-15
5.164291072768192326e-01,3.552091857452999826e-15
5.165291322830708465e-01,3.581254450882999969e-15
5.166291572893223494e-01,3.611482823711000047e-15
5.167291822955739633e-01,3.641883076984999814e-15
5.168292073018254662e-01,3.674975557094000135e-15
5.169292323080770801e-01,3.707710020010000044e-15
5.170292573143285830e-01,3.742602539523000314e-15
5.171292823205801970e-01,3.778789547284000121e-15
5.172293073268316999e-01,3.815279997683000292e-15
5.173293323330833138e-01,3.854691474428999656e-15
5.174293573393348167e-01,3.893955965869000307e-15
5.175293823455864306e-01,3.935566579746000195e-15
5.176294073518379335e-01,3.978764347158000000e-15
5.177294323580895474e-01,4.022461794800000057e-15
5.178294573643411614e-01,4.069383403278999798e-15
5.179294823705926643e-01,4.116443093473000097e-15
5.180295073768442782e-01,4.166116767100999805e-15
5.181295323830957811e-01,4.217758407891999990e-15
5.182295573893473950e-01,4.270182997924000265e-15
5.183295823955988979e-01,4.326235355862000061e-15
5.184296074018505118e-01,4.382811698429999961e-15
5.185296324081020147e-01,4.442377582426999856e-15
5.186296574143536287e-01,4.504414148409999770e-15
5.187296824206051316e-01,4.567634893000999978e-15
5.188297074268567455e-01,4.635025004297000307e-15
5.189297324331083594e-01,4.703467191857999750e-15
5.190297574393598623e-01,4.775423976733000279e-15
5.191297824456114762e-01,4.850525650443999659e-15
5.192298074518629791e-01,4.927379987720999788e-15
5.193298324581145931e-01,5.009139576841000251e-15
5.194298574643660960e-01,5.092680105528000119e-15
5.195298824706177099e-01,5.180469531192000019e-15
5.196299074768692128e-01,5.272320192576999938e-15
5.197299324831208267e-01,5.366728289781999720e-15
5.198299574893723296e-01,5.467050883741999766e-15
5.199299824956239435e-01,5.570169651720999867e-15
5.200300075018755575e-01,5.678568275596000003e-15
5.201300325081270604e-01,5.792289431534999668e-15
5.202300575143786743e-01,5.909710144138999651e-15
5.203300825206301772e-01,6.034441136252999928e-15
5.204301075268817911e-01,6.163392978120999990e-15
5.205301325331332940e-01,6.299074022090999764e-15
5.206301575393849079e-01,6.441822562480999648e-15
5.207301825456364108e-01,6.589884217927999773e-15
5.208302075518880248e-01,6.747181499077000243e-15
5.209302325581395277e-01,6.910682053959000351e-15
5.210302575643911416e-01,7.082916736308999619e-15
5.211302825706426445e-01,7.264601496418000629e-15
5.212303075768942584e-01,7.453819055409999678e-15
5.213303325831457613e-01,7.654855065230000293e-15
5.214303575893973752e-01,7.864753626592999670e-15
5.215303825956489892e-01,8.086015353136999703e-15
5.216304076019004921e-01,8.319796550606999920e-15
5.217304326081521060e-01,8.563907726511999809e-15
5.218304576144036089e-01,8.822966593780000274e-15
5.219304826206552228e-01,9.094022166594000558e-15
5.220305076269067257e-01,9.379309821226000077e-15
5.221305326331583396e-01,9.680329701261000583e-15
5.222305576394098425e-01,9.994238836724000172e-15
5.223305826456614565e-01,1.032561798758000066e-14
5.224306076519129594e-01,1.067107610997999976e-14
5.225306326581645733e-01,1.103176734952000050e-14
5.226306576644161872e-01,1.140883568558999953e-14
5.227306826706676901e-01,1.179759739465999969e-14
5.228307076769193040e-01,1.220122192428999949e-14
5.229307326831708069e-01,1.261437890182999941e-14
5.230307576894224209e-01,1.303492589649000021e-14
5.231307826956739238e-01,1.346153736790999932e-14
5.232308077019255377e-01,1.388499201265000039e-14
5.233308327081770406e-01,1.430403796858999946e-14
5.234308577144286545e-01,1.470872993977999882e-14
5.235308827206801574e-01,1.509044325124999994e-14
5.236309077269317713e-01,1.544316956103999845e-14
5.237309327331833853e-01,1.575172648055000084e-14
5.238309577394348882e-01,1.600996686495999990e-14
5.239309827456863911e-01,1.620563885487000025e-14
5.240310077519380050e-01,1.632757096169999860e-14
5.241310327581896189e-01,1.637204568044999925e-14
5.242310577644411218e-01,1.632808244125000021e-14
5.243310827706927357e-01,1.619609543470999882e-14
5.244311077769442386e-01,1.597553861306999924e-14
5.245311327831958526e-01,1.566643318302999843e-14
5.246311577894473555e-01,1.527935004655999933e-14
5.247311827956989694e-01,1.481792872410000121e-14
5.248312078019504723e-01,1.429425792049000101e-14
5.249312328082020862e-01,1.372049271111999960e-14
5.250312578144535891e-01,1.310448243434000017e-14
5.251312828207052030e-01,1.246220632017999921e-14
5.252313078269568170e-01,1.180127195566000029e-14
5.253313328332083199e-01,1.113231454719000055e-14
5.254313578394599338e-01,1.046630758922999988e-14
5.255313828457114367e-01,9.807115002699999521e-15
5.256314078519630506e-01,9.164727919282000602e-15
5.257314328582145535e-01,8.542339269002000252e-15
5.258314578644661674e-01,7.943442070400999274e-15
5.259314828707176703e-01,7.373469080255999220e-15
5.260315078769692843e-01,6.831181246287000213e-15
5.261315328832207872e-01,6.320370551588999849e-15
5.262315578894724011e-01,5.840783377000000241e-15
5.263315828957240150e-01,5.391328096617000312e-15
5.264316079019755179e-01,4.973966110282999662e-15
5.265316329082270208e-01,4.585389335758999630e-15
5.266316579144786347e-01,4.226144044149000264e-15
5.267316829207302487e-01,3.894916606588999772e-15
5.268317079269817516e-01,3.589003009586000268e-15
5.269317329332333655e-01,3.308960449507000144e-15
5.270317579394848684e-01,3.051473403598000152e-15
5.271317829457364823e-01,2.815866854072000118e-15
5.272318079519879852e-01,2.600986552665999918e-15
5.273318329582395991e-01,2.404067366388999969e-15
5.274318579644912131e-01,2.225267341694999842e-15
5.275318829707427160e-01,2.062036712951000138e-15
5.276319079769942189e-01,1.913418497315000002e-15
5.277319329832458328e-01,1.778761347738000015e-15
5.278319579894974467e-01,1.655794356545000093e-15
5.279319829957489496e-01,1.544627203845999961e-15
5.280320080020005635e-01,1.443578563883999998e-15
5.281320330082520664e-01,1.351743260914000036e-15
5.282320580145036804e-01,1.268943088329000024e-15
5.283320830207551833e-01,1.193486225870000064e-15
5.284321080270067972e-01,1.125501761697999951e-15
5.285321330332584111e-01,1.064038343493999976e-15
5.286321580395099140e-01,1.008304499664999975e-15
5.287321830457614169e-01,9.584656454091000780e-16
5.288322080520130308e-01,9.133192418091999847e-16
5.289322330582646448e-01,8.729791746821999772e-16
5.290322580645161477e-01,8.370446734678000351e-16
5.291322830707677616e-01,8.047905018936999639e-16
5.292323080770192645e-01,7.765967542956999843e-16
5.293323330832708784e-01,7.516192193267000350e-16
5.294323580895223813e-01,7.298897180113999524e-16
5.295323830957739952e-01,7.114116041139000213e-16
5.296324081020254981e-01,6.954436807340999996e-16
5.297324331082771121e-01,6.824880156601000060e-16
5.298324581145286150e-01,6.719507817161999925e-16
5.299324831207802289e-01,6.637167981810999911e-16
5.300325081270318428e-01,6.581148753632000102e-16
5.301325331332833457e-01,6.543125115688999966e-16
5.302325581395348486e-01,6.528922345887999785e-16
5.303325831457864625e-01,6.534551958601000242e-16
5.304326081520380765e-01,6.556895843427999668e-16
5.305326331582895794e-01,6.602468869355000094e-16
5.306326581645411933e-01,6.661487152075000220e-16
5.307326831707926962e-01,6.740654821792999888e-16
5.308327081770443101e-01,6.837939095253999803e-16
5.309327331832958130e-01,6.947922279624999670e-16
5.310327581895474269e-01,7.080972509125999611e-16
5.311327831957990409e-01,7.225480778935000186e-16
5.312328082020505438e-01,7.389481585758000304e-16
5.313328332083020467e-01,7.573273959348999611e-16
5.314328582145536606e-01,7.768859899699000462e-16
5.315328832208052745e-01,7.991484187945000063e-16
5.316329082270567774e-01,8.227274842141999922e-16
5.317329332333083913e-01,8.486203152132000280e-16
5.318329582395598942e-01,8.771271005920000210e-16
5.319329832458115082e-01,9.071437439504999455e-16
5.320330082520630111e-01,9.407973629208999948e-16
5.321330332583146250e-01,9.763966882712999293e-16
5.322330582645662389e-01,1.015206478376999966e-15
5.323330832708177418e-01,1.057827190592999943e-15
5.324331082770692447e-01,1.102799670157999918e-15
5.325331332833208586e-01,1.153012938033999903e-15
5.326331582895724726e-01,1.206388756053000027e-15
5.327331832958239755e-01,1.264602685152999956e-15
5.328332083020755894e-01,1.328631038743999990e-15
5.329332333083270923e-01,1.396661113616999921e-15
5.330332583145787062e-01,1.472623771691999915e-15
5.331332833208302091e-01,1.554018341786000081e-15
5.332333083270818230e-01,1.643223542014000013e-15
5.333333333333333259e-01,1.741783294031000018e-15
5.334333583395849399e-01,1.847647655813999916e-15
5.335333833458364428e-01,1.966298758149999938e-15
5.336334083520880567e-01,2.094897259474000054e-15
5.337334333583396706e-01,2.237098150387000115e-15
5.338334583645911735e-01,2.395473472112999846e-15
5.339334833708426764e-01,2.568117722958000043e-15
5.340335083770942903e-01,2.763073891508000154e-15
5.341335333833459043e-01,2.977612814918999927e-15
5.342335583895974072e-01,3.217891192726999947e-15
5.343335833958490211e-01,3.488714204093999833e-15
5.344336084021005240e-01,3.789465003016000363e-15
5.345336334083521379e-01,4.133049750108000209e-15
5.346336584146036408e-01,4.518485819171000026e-15
5.347336834208552547e-01,4.957421177383000278e-15
5.348337084271068687e-01,5.460315929067000295e-15
5.349337334333583716e-01,6.031306614015999757e-15
5.350337584396098745e-01,6.694044840781000027e-15
5.351337834458614884e-01,7.454565929901000228e-15
5.352338084521131023e-01,8.337664293924000721e-15
5.353338334583646052e-01,9.368661496368000768e-15
5.354338584646162191e-01,1.056507532995999937e-14
5.355338834708677220e-01,1.197351405798999981e-14
5.356339084771193360e-01,1.361576326262999954e-14
5.357339334833708389e-01,1.553566862687000002e-14
5.358339584896224528e-01,1.777181836855999952e-14
5.359339834958740667e-01,2.032931007010999855e-14
5.360340085021255696e-01,2.322309944016000143e-14
5.361340335083770725e-01,2.638034837946999976e-14
5.362340585146286864e-01,2.968353009543000074e-14
5.363340835208803004e-01,3.295014583263999712e-14
5.364341085271318033e-01,3.590870359224000215e-14
5.365341335333834172e-01,3.834797544426000076e-14
5.366341585396349201e-01,4.007838145672000075e-14
5.367341835458865340e-01,4.102344450905000148e-14
5.368342085521380369e-01,4.123815899343000008e-14
5.369342335583896508e-01,4.078397891826999719e-14
5.370342585646411537e-01,3.981365105230000305e-14
5.371342835708927677e-01,3.845311204152000027e-14
5.372343085771442706e-01,3.680008487867000154e-14
5.373343335833958845e-01,3.498606145601999804e-14
5.374343585896474984e-01,3.305712638499000263e-14
5.375343835958990013e-01,3.108832058777000161e-14
5.376344086021505042e-01,2.913184776891000077e-14
5.377344336084021181e-01,2.719456468319999910e-14
5.378344586146537321e-01,2.533225693098999848e-14
5.379344836209052350e-01,2.353694168088000107e-14
5.380345086271568489e-01,2.182548340732000047e-14
5.381345336334083518e-01,2.021793082438999970e-14
5.382345586396599657e-01,1.869089109205999911e-14
5.383345836459114686e-01,1.727303187979000071e-14
5.384346086521630825e-01,1.594594506178000034e-14
5.385346336584146965e-01,1.470793240458000130e-14
5.386346586646661994e-01,1.357151068826000022e-14
5.387346836709177023e-01,1.250820408406000050e-14
5.388347086771693162e-01,1.153703656625000063e-14
5.389347336834209301e-01,1.064073154779999963e-14
5.390347586896724330e-01,9.812376583533999956e-15
5.391347836959240469e-01,9.062759806305000568e-15
5.392348087021755498e-01,8.365127034442000078e-15
5.393348337084271638e-01,7.734603601484000441e-15
5.394348587146786667e-01,7.156771566891000019e-15
5.395348837209302806e-01,6.624154069823999832e-15
5.396349087271818945e-01,6.147089482509000072e-15
5.397349337334333974e-01,5.701893480384000342e-15
5.398349587396849003e-01,5.302227153908999743e-15
5.399349837459365142e-01,4.936052865534999635e-15
5.400350087521881282e-01,4.596866000162999981e-15
5.401350337584396311e-01,4.294866137897999868e-15
5.402350587646912450e-01,4.008992494568000080e-15
5.403350837709427479e-01,3.752447135530999817e-15
5.404351087771943618e-01,3.514757308396000083e-15
5.405351337834458647e-01,3.290491970727000001e-15
5.406351587896974786e-01,3.089923003895999988e-15
5.407351837959489815e-01,2.893935562472999909e-15
5.408352088022005955e-01,2.715793532387000067e-15
5.409352338084520984e-01,2.546620068269999972e-15
5.410352588147037123e-01,2.382008817245999847e-15
5.411352838209553262e-01,2.233071897299999966e-15
5.412353088272068291e-01,2.082742156902999931e-15
5.413353338334583320e-01,1.944436570610999912e-15
5.414353588397099459e-01,1.811729824466999808e-15
5.415353838459615599e-01,1.680687877374000069e-15
5.416354088522130628e-01,1.563572247269999984e-15
5.417354338584646767e-01,1.445992003320999975e-15
5.418354588647161796e-01,1.340247280009000047e-15
5.419354838709677935e-01,1.244348377123999992e-15
5.420355088772192964e-01,1.154289333944000016e-15
5.421355338834709103e-01,1.084061878819000051e-15
5.422355588897225243e-01,1.025816823746000034e-15
5.423355838959740272e-01,9.890916743101000774e-16
5.424356089022255301e-01,9.839342552600000929e-16
5.425356339084771440e-01,1.009278892275000014e-15
5.426356589147287579e-01,1.086650887536999997e-15
5.427356839209802608e-01,1.234611634975000071e-15
5.428357089272318747e-01,1.464392241788000089e-15
5.429357339334833776e-01,1.839376040762000039e-15
5.430357589397349916e-01,2.395493360929000060e-15
5.431357839459864945e-01,3.218500293822000009e-15
5.432358089522381084e-01,4.507960595917999685e-15
5.433358339584897223e-01,6.415925293346000239e-15
5.434358589647412252e-01,9.539425642240999685e-15
5.435358839709927281e-01,1.468564749624000135e-14
5.436359089772443420e-01,2.346630647671000110e-14
5.437359339834959560e-01,3.876798282584000235e-14
5.438359589897474589e-01,5.742790222724000466e-14
5.439359839959990728e-01,6.921346943359999932e-14
5.440360090022505757e-01,7.100487539061000546e-14
5.441360340085021896e-01,6.835114759975000248e-14
5.442360590147536925e-01,6.453384667769999619e-14
5.443360840210053064e-01,6.038786749483999546e-14
5.444361090272568093e-01,5.643544549742000205e-14
5.445361340335084233e-01,5.242560779255000306e-14
5.446361590397599262e-01,4.873617203498999853e-14
5.447361840460115401e-01,4.541532741095999718e-14
5.448362090522631540e-01,4.220480803291000053e-14
5.449362340585146569e-01,3.929358802448999742e-14
5.450362590647661598e-01,3.651477588395999856e-14
5.451362840710177737e-01,3.390548931183999950e-14
5.452363090772693877e-01,3.153322837448999761e-14
5.453363340835208906e-01,2.926064877786999954e-14
5.454363590897725045e-01,2.719829146939999888e-14
5.455363840960240074e-01,2.526808373921000027e-14
5.456364091022756213e-01,2.345775363645999846e-14
5.457364341085271242e-01,2.181869726595999858e-14
5.458364591147787381e-01,2.026136855543999899e-14
5.459364841210303521e-01,1.884885366347000144e-14
5.460365091272818550e-01,1.754257189701000048e-14
5.461365341335333579e-01,1.632496328480000041e-14
5.462365591397849718e-01,1.523332033484000119e-14
5.463365841460365857e-01,1.420708850973999988e-14
5.464366091522880886e-01,1.328374886146999966e-14
5.465366341585397025e-01,1.243973227484999995e-14
5.466366591647912054e-01,1.165929816153999955e-14
5.467366841710428194e-01,1.096846900330999953e-14
5.468367091772943223e-01,1.032476753600000070e-14
5.469367341835459362e-01,9.753422722555000699e-15
5.470367591897975501e-01,9.237751261521000786e-15
5.471367841960490530e-01,8.766028247108000122e-15
5.472368092023005559e-01,8.356899028129000165e-15
5.473368342085521698e-01,7.979092771175999469e-15
5.474368592148037838e-01,7.652151445416000320e-15
5.475368842210552867e-01,7.363102500796999996e-15
5.476369092273069006e-01,7.104118881801999857e-15
5.477369342335584035e-01,6.889179730336000025e-15
5.478369592398100174e-01,6.693037583349999628e-15
5.479369842460615203e-01,6.530692066423999688e-15
5.480370092523131342e-01,6.388997084620000195e-15
5.481370342585646371e-01,6.260621670235999623e-15
5.482370592648162511e-01,6.155409650292999932e-15
5.483370842710677540e-01,6.052037441374999639e-15
5.484371092773193679e-01,5.964802402171000209e-15
5.485371342835709818e-01,5.884188789019999765e-15
5.486371592898224847e-01,5.807100474824999834e-15
5.487371842960739876e-01,5.744204377761999776e-15
5.488372093023256015e-01,5.678400769346000381e-15
5.489372343085772155e-01,5.622848398064000187e-15
5.490372593148287184e-01,5.568888642179999661e-15
5.491372843210803323e-01,5.513571755056000303e-15
5.492373093273318352e-01,5.465914247226000337e-15
5.493373343335834491e-01,5.410095976281999972e-15
5.494373593398349520e-01,5.356657490178000363e-15
5.495373843460865659e-01,5.296965635546999862e-15
5.496374093523381799e-01,5.228503985357999803e-15
5.497374343585896828e-01,5.162086380061999825e-15
5.498374593648411857e-01,5.089014325756000357e-15
5.499374843710927996e-01,5.025470632219000129e-15
5.500375093773444135e-01,4.970778150060000191e-15
5.501375343835959164e-01,4.926966616124000066e-15
5.502375593898475303e-01,4.904515931477000259e-15
5.503375843960990332e-01,4.893684878446999693e-15
5.504376094023506472e-01,4.906314633361000064e-15
5.505376344086021501e-01,4.940562518909000140e-15
5.506376594148537640e-01,4.993878773916999713e-15
5.507376844211053779e-01,5.056089818711000213e-15
5.508377094273568808e-01,5.068961201901000180e-15
5.509377344336083837e-01,4.988156737256000173e-15
5.510377594398599976e-01,4.812896295388000100e-15
5.511377844461116116e-01,4.594470742106999904e-15
5.512378094523631145e-01,4.379534206671000297e-15
5.513378344586147284e-01,4.175323660638999721e-15
5.514378594648662313e-01,3.996833082046000040e-15
5.515378844711178452e-01,3.841712360561999724e-15
5.516379094773693481e-01,3.706993620052999671e-15
5.517379344836209620e-01,3.594093885084999844e-15
5.518379594898724649e-01,3.491244490700999833e-15
5.519379844961240789e-01,3.402710988368999950e-15
5.520380095023755818e-01,3.322509528647999803e-15
5.521380345086271957e-01,3.248452349951000035e-15
5.522380595148788096e-01,3.184065884471000171e-15
5.523380845211303125e-01,3.121387105762999827e-15
5.524381095273818154e-01,3.066085926195999942e-15
5.525381345336334293e-01,3.013855169141000003e-15
5.526381595398850433e-01,2.963737381188999943e-15
5.527381845461365462e-01,2.919480339197000143e-15
5.528382095523881601e-01,2.874471720196999899e-15
5.529382345586396630e-01,2.834342072594999999e-15
5.530382595648912769e-01,2.795395706381000026e-15
5.531382845711427798e-01,2.757173884875000142e-15
5.532383095773943937e-01,2.723183722691000114e-15
5.533383345836460077e-01,2.687602531023000015e-15
5.534383595898975106e-01,2.655764730480999974e-15
5.535383845961490135e-01,2.624291290730999985e-15
5.536384096024006274e-01,2.593002175837999970e-15
5.537384346086522413e-01,2.565082388156999872e-15
5.538384596149037442e-01,2.535291437829999806e-15
5.539384846211553581e-01,2.508623365162999876e-15
5.540385096274068610e-01,2.481899413819999835e-15
5.541385346336584750e-01,2.455118812309999856e-15
5.542385596399099779e-01,2.431139598483999822e-15
5.543385846461615918e-01,2.405199437555999872e-15
5.544386096524132057e-01,2.381978917661000103e-15
5.545386346586647086e-01,2.358474308148000183e-15
5.546386596649162115e-01,2.334844571715999914e-15
5.547386846711678254e-01,2.313664416774999953e-15
5.548387096774194394e-01,2.290591638669000071e-15
5.549387346836709423e-01,2.270015764519999960e-15
5.550387596899225562e-01,2.249067057821999825e-15
5.551387846961740591e-01,2.228012213952999830e-15
5.552388097024256730e-01,2.209137557078999811e-15
5.553388347086771759e-01,2.188437339885000059e-15
5.554388597149287898e-01,2.170007459930999911e-15
5.555388847211802927e-01,2.151077244707000042e-15
5.556389097274319067e-01,2.132000169481999912e-15
5.557389347336834096e-01,2.114817439006000140e-15
5.558389597399350235e-01,2.095856445796000047e-15
5.559389847461866374e-01,2.078994556466999910e-15
5.560390097524381403e-01,2.061603952552000026e-15
5.561390347586896432e-01,2.044156089874999845e-15
5.562390597649412571e-01,2.028493029653000006e-15
5.563390847711928711e-01,2.011234273099999878e-15
5.564391097774443740e-01,1.996023292391000169e-15
5.565391347836959879e-01,1.980313581723000184e-15
5.566391597899474908e-01,1.964629050171999988e-15
5.567391847961991047e-01,1.950589205412000115e-15
5.568392098024506076e-01,1.935045281243000061e-15
5.569392348087022215e-01,1.921396405004000194e-15
5.570392598149538355e-01,1.907138135741999810e-15
5.571392848212053384e-01,1.892809242902000188e-15
5.572393098274568413e-01,1.879824566761999927e-15
5.573393348337084552e-01,1.865291482865000136e-15
5.574393598399600691e-01,1.852478352244999903e-15
5.575393848462115720e-01,1.839044086304000147e-15
5.576394098524631859e-01,1.825651762317000119e-15
5.577394348587146888e-01,1.813584398500999974e-15
5.578394598649663028e-01,1.800149585656000113e-15
5.579394848712178057e-01,1.788389430433000190e-15
5.580395098774694196e-01,1.775982439489999919e-15
5.581395348837210335e-01,1.763591978819000053e-15
5.582395598899725364e-01,1.752355729021000070e-15
5.583395848962240393e-01,1.739841950178999965e-15
5.584396099024756532e-01,1.728978079776999962e-15
5.585396349087272672e-01,1.717524621252000065e-15
5.586396599149787701e-01,1.706184900157000037e-15
5.587396849212302730e-01,1.695927889672999912e-15
5.588397099274818869e-01,1.684434372533000064e-15
5.589397349337335008e-01,1.674439567668999967e-15
5.590397599399850037e-01,1.663790321833000064e-15
5.591397849462366176e-01,1.653254141640000049e-15
5.592398099524881205e-01,1.643690385290000081e-15
5.593398349587397345e-01,1.632954674842999902e-15
5.594398599649912374e-01,1.623642124713999962e-15
5.595398849712428513e-01,1.613668814681000098e-15
5.596399099774944652e-01,1.603834624158000070e-15
5.597399349837459681e-01,1.594883673931999996e-15
5.598399599899974710e-01,1.584826548022999978e-15
5.599399849962490849e-01,1.576124312246000074e-15
5.600400100025006989e-01,1.566758209015999923e-15
5.601400350087522018e-01,1.557555555974999955e-15
5.602400600150038157e-01,1.549154561300000080e-15
5.603400850212553186e-01,1.539709782722000019e-15
5.604401100275069325e-01,1.531556399655000005e-15
5.605401350337584354e-01,1.522738267899000013e-15
5.606401600400100493e-01,1.514106174498999925e-15
5.607401850462616633e-01,1.506200935630999908e-15
5.608402100525131662e-01,1.497311173856999963e-15
5.609402350587646691e-01,1.489653427478000081e-15
5.610402600650162830e-01,1.481331901963999983e-15
5.611402850712678969e-01,1.473217412627999956e-15
5.612403100775193998e-01,1.465761047458999927e-15
5.613403350837710137e-01,1.457376466858000021e-15
5.614403600900225166e-01,1.450168228874999920e-15
5.615403850962741306e-01,1.442298741437999967e-15
5.616404101025256335e-01,1.434655491727000079e-15
5.617404351087772474e-01,1.427606881123000010e-15
5.618404601150288613e-01,1.419683562152999983e-15
5.619404851212803642e-01,1.412884190986999917e-15
5.620405101275318671e-01,1.405427576554999939e-15
5.621405351337834810e-01,1.398214932828999957e-15
5.622405601400350950e-01,1.391538298534000060e-15
5.623405851462865979e-01,1.384037896355000036e-15
5.624406101525381008e-01,1.377611899100000001e-15
5.625406351587897147e-01,1.370533744994000045e-15
5.626406601650413286e-01,1.363715752873999918e-15
5.627406851712928315e-01,1.357379410299000063e-15
5.628407101775444454e-01,1.350267722972999978e-15
5.629407351837959483e-01,1.344183531547000054e-15
5.630407601900475623e-01,1.337453316242999909e-15
5.631407851962990652e-01,1.330997988425999937e-15
5.632408102025506791e-01,1.324973914920999916e-15
5.633408352088022930e-01,1.318220681686000096e-15
5.634408602150537959e-01,1.312450364702000093e-15
5.635408852213052988e-01,1.306041044273000016e-15
5.636409102275569127e-01,1.299919973096000028e-15
5.637409352338085267e-01,1.294183263451000085e-15
5.638409602400600296e-01,1.287761362553000010e-15
5.639409852463116435e-01,1.282279906628999958e-15
5.640410102525631464e-01,1.276167254582999930e-15
5.641410352588147603e-01,1.270354959400000006e-15
5.642410602650662632e-01,1.264883414169999932e-15
5.643410852713178771e-01,1.258768600991000001e-15
5.644411102775694911e-01,1.253553668533999981e-15
5.645411352838209940e-01,1.247715997900000027e-15
5.646411602900724969e-01,1.242189558337000014e-15
5.647411852963241108e-01,1.236963292759999962e-15
5.648412103025757247e-01,1.231133825802000026e-15
5.649412353088272276e-01,1.226165422747999922e-15
5.650412603150788415e-01,1.220583283769999997e-15
5.651412853213303444e-01,1.215322038376999962e-15
5.652413103275819584e-01,1.210323040603999988e-15
5.653413353338334613e-01,1.204759049137000025e-15
5.654413603400850752e-01,1.200019019781000086e-15
5.655413853463365781e-01,1.194674921389999979e-15
5.656414103525881920e-01,1.189660337470000040e-15
5.657414353588396949e-01,1.184872610889999960e-15
5.658414603650913088e-01,1.179556379087000041e-15
5.659414853713429228e-01,1.175028423965999950e-15
5.660415103775944257e-01,1.169906438605999913e-15
5.661415353838459286e-01,1.165121502593000009e-15
5.662415603900975425e-01,1.160530343191999913e-15
5.663415853963491564e-01,1.155445564590000076e-15
5.664416104026006593e-01,1.151114786555000062e-15
5.665416354088522732e-01,1.146200433903999936e-15
5.666416604151037761e-01,1.141629722435000056e-15
5.667416854213553901e-01,1.137221894022999932e-15
5.668417104276068930e-01,1.132353775790999961e-15
5.669417354338585069e-01,1.128206664651999982e-15
5.670417604401101208e-01,1.123486796580000065e-15
5.671417854463616237e-01,1.119116214002999940e-15
5.672418104526131266e-01,1.114879652013999902e-15
5.673418354588647405e-01,1.110214726308000097e-15
5.674418604651163545e-01,1.106239031309999954e-15
5.675418854713678574e-01,1.101701748165999976e-15
5.676419104776194713e-01,1.097518574898000082e-15
5.677419354838709742e-01,1.093442423242999917e-15
5.678419604901225881e-01,1.088968417794000089e-15
5.679419854963740910e-01,1.085152954192999980e-15
5.680420105026257049e-01,1.080787291084999931e-15
5.681420355088773189e-01,1.076779723452000069e-15
5.682420605151288218e-01,1.072853948203999931e-15
5.683420855213803247e-01,1.068559566824999956e-15
5.684421105276319386e-01,1.064894187620000012e-15
5.685421355338835525e-01,1.060690254474000011e-15
5.686421605401350554e-01,1.056847584454999910e-15
5.687421855463866693e-01,1.053063096801000047e-15
5.688422105526381722e-01,1.048937927239000064e-15
5.689422355588897862e-01,1.045413123804999965e-15
5.690422605651412891e-01,1.041361594622999955e-15
5.691422855713929030e-01,1.037673773634000044e-15
5.692423105776444059e-01,1.034022071328000012e-15
5.693423355838960198e-01,1.030056462488999989e-15
5.694423605901475227e-01,1.026663624152999987e-15
5.695423855963991366e-01,1.022756110214000005e-15
5.696424106026507506e-01,1.019214034205999974e-15
5.697424356089022535e-01,1.015687447999000089e-15
5.698424606151537564e-01,1.011872556403999992e-15
5.699424856214053703e-01,1.008603697717999922e-15
5.700425106276569842e-01,1.004832385831999926e-15
5.701425356339084871e-01,1.001427628253999976e-15
5.702425606401601010e-01,9.980191161638999299e-16
5.703425856464116039e-01,9.943468079830000657e-16
5.704426106526632179e-01,9.911946261375999378e-16
5.705426356589147208e-01,9.875523057806999644e-16
5.706426606651663347e-01,9.842770076015999974e-16
5.707426856714179486e-01,9.809799807960999081e-16
5.708427106776694515e-01,9.774426219728000013e-16
5.709427356839209544e-01,9.744003027480000815e-16
5.710427606901725683e-01,9.708802610035999503e-16
5.711427856964241823e-01,9.677271417656000507e-16
5.712428107026756852e-01,9.645355632777999913e-16
5.713428357089272991e-01,9.611261382303000186e-16
5.714428607151788020e-01,9.581874912218999402e-16
5.715428857214304159e-01,9.547836135442000401e-16
5.716429107276819188e-01,9.517459363452000059e-16
5.717429357339335327e-01,9.486541919720999789e-16
5.718429607401851467e-01,9.453661086333999754e-16
5.719429857464366496e-01,9.425252624024999661e-16
5.720430107526881525e-01,9.392317749345000461e-16
5.721430357589397664e-01,9.363033222915999512e-16
5.722430607651913803e-01,9.333063065641000053e-16
5.723430857714428832e-01,9.301335094856999128e-16
5.724431107776944971e-01,9.273851449004999433e-16
5.725431357839460000e-01,9.241967642815000645e-16
5.726431607901976140e-01,9.213716957085999402e-16
5.727431857964491169e-01,9.184645942286000380e-16
5.728432108027007308e-01,9.154013826074000520e-16
5.729432358089522337e-01,9.127404788063000458e-16
5.730432608152038476e-01,9.096522455895000660e-16
5.731432858214553505e-01,9.069251641104999774e-16
5.732433108277069644e-01,9.041035684995999558e-16
5.733433358339585784e-01,9.011447036989999718e-16
5.734433608402100813e-01,8.985666998099000307e-16
5.735433858464615842e-01,8.955740244340999219e-16
5.736434108527131981e-01,8.929398614949999786e-16
5.737434358589648120e-01,8.901996120123999668e-16
5.738434608652163149e-01,8.873400655261000412e-16
5.739434858714679288e-01,8.848405621237000307e-16
5.740435108777194317e-01,8.819390623729999620e-16
5.741435358839710457e-01,8.793930438099999928e-16
5.742435608902225486e-01,8.767302754648000001e-16
5.743435858964741625e-01,8.739653902134999992e-16
5.744436109027257764e-01,8.715403655601000102e-16
5.745436359089772793e-01,8.687260140829000371e-16
5.746436609152287822e-01,8.662637117487000373e-16
5.747436859214803961e-01,8.636748437441000165e-16
5.748437109277320101e-01,8.610002735287000005e-16
5.749437359339835130e-01,8.586459695998000113e-16
5.750437609402351269e-01,8.559149511321000384e-16
5.751437859464866298e-01,8.535321551982000143e-16
5.752438109527382437e-01,8.510137420336999943e-16
5.753438359589897466e-01,8.484252731357000365e-16
5.754438609652413605e-01,8.461381129309000090e-16
5.755438859714929745e-01,8.434868609513999745e-16
5.756439109777444774e-01,8.411797036225999969e-16
5.757439359839959803e-01,8.387287216647999818e-16
5.758439609902475942e-01,8.362226314751000073e-16
5.759439859964992081e-01,8.339994410114999801e-16
5.760440110027507110e-01,8.314247198675999986e-16
5.761440360090023249e-01,8.291896083816000260e-16
5.762440610152538278e-01,8.268031457495999591e-16
5.763440860215054418e-01,8.243757961268000074e-16
5.764441110277569447e-01,8.222134886246999627e-16
5.765441360340085586e-01,8.197121282299000344e-16
5.766441610402600615e-01,8.175455691114000096e-16
5.767441860465116754e-01,8.152208378097999844e-16
5.768442110527631783e-01,8.128687652583000380e-16
5.769442360590147922e-01,8.107644213942999919e-16
5.770442610652664062e-01,8.083334356588999514e-16
5.771442860715179091e-01,8.062321619701000348e-16
5.772443110777694120e-01,8.039665558213000050e-16
5.773443360840210259e-01,8.016864817944999585e-16
5.774443610902726398e-01,7.996373752802000334e-16
5.775443860965241427e-01,7.972739895361999864e-16
5.776444111027757566e-01,7.952349737597000292e-16
5.777444361090272595e-01,7.930261273466999673e-16
5.778444611152788735e-01,7.908150648332999851e-16
5.779444861215303764e-01,7.888187155154999940e-16
5.780445111277819903e-01,7.865203302802999784e-16
5.781445361340336042e-01,7.845406888994999869e-16
5.782445611402851071e-01,7.823863018056000152e-16
5.783445861465366100e-01,7.802413244655999764e-16
5.784446111527882239e-01,7.782953292248999826e-16
5.785446361590398379e-01,7.760594721102999803e-16
5.786446611652913408e-01,7.741365360168000210e-16
5.787446861715429547e-01,7.720345415641999607e-16
5.788447111777944576e-01,7.699529822660999543e-16
5.789447361840460715e-01,7.680551543996000213e-16
5.790447611902975744e-01,7.658794884962000039e-16
5.791447861965491883e-01,7.640106731541000346e-16
5.792448112028008023e-01,7.619590204745999598e-16
5.793448362090523052e-01,7.599382271398999876e-16
5.794448612153038081e-01,7.580864271493999517e-16
5.795448862215554220e-01,7.559687170829000216e-16
5.796449112278070359e-01,7.541515966925000331e-16
5.797449362340585388e-01,7.521484185906999859e-16
5.798449612403101527e-01,7.501859440048000103e-16
5.799449862465616556e-01,7.483781595670000476e-16
5.800450112528132696e-01,7.463162467659999843e-16
5.801450362590647725e-01,7.445484755507999578e-16
5.802450612653163864e-01,7.425919375113999761e-16
5.803450862715678893e-01,7.406854232477999530e-16
5.804451112778195032e-01,7.389198235217000220e-16
5.805451362840710061e-01,7.369117610760000191e-16
5.806451612903226200e-01,7.351912075868000423e-16
5.807451862965742340e-01,7.332796758874999889e-16
5.808452113028257369e-01,7.314269376650000148e-16
5.809452363090772398e-01,7.297017793473000168e-16
5.810452613153288537e-01,7.277457026020000376e-16
5.811452863215804676e-01,7.260703464247999602e-16
5.812453113278319705e-01,7.242022500349999865e-16
5.813453363340835844e-01,7.224012003357999881e-16
5.814453613403350873e-01,7.207148551372000139e-16
5.815453863465867013e-01,7.188089851603000113e-16
5.816454113528382042e-01,7.171769027980000125e-16
5.817454363590898181e-01,7.153507615504000462e-16
5.818454613653414320e-01,7.135993886217999570e-16
5.819454863715929349e-01,7.119502430471999912e-16
5.820455113778444378e-01,7.100927946361999880e-16
5.821455363840960517e-01,7.085020844505999865e-16
5.822455613903476657e-01,7.067164264238999753e-16
5.823455863965991686e-01,7.050127986771999523e-16
5.824456114028507825e-01,7.033994156490999550e-16
5.825456364091022854e-01,7.015887998493999909e-16
5.826456614153538993e-01,7.000377424727000327e-16
5.827456864216054022e-01,6.982912401066999717e-16
5.828457114278570161e-01,6.966335272210999995e-16
5.829457364341086301e-01,6.950545115078000396e-16
5.830457614403601330e-01,6.932891749457999519e-16
5.831457864466116359e-01,6.917761144002000444e-16
5.832458114528632498e-01,6.900675233378000035e-16
5.833458364591148637e-01,6.884540161057000264e-16
5.834458614653663666e-01,6.869080600377999542e-16
5.835458864716179805e-01,6.851865302696000485e-16
5.836459114778694834e-01,6.837099136601999562e-16
5.837459364841210974e-01,6.820380279196000413e-16
5.838459614903726003e-01,6.804670488622000121e-16
5.839459864966242142e-01,6.789529065273999669e-16
5.840460115028757171e-01,6.772737564931999724e-16
5.841460365091273310e-01,6.758320560362999507e-16
5.842460615153788339e-01,6.741957125584000363e-16
5.843460865216304478e-01,6.726656749977000094e-16
5.844461115278820618e-01,6.711821673885000296e-16
5.845461365341335647e-01,6.695440327470000339e-16
5.846461615403850676e-01,6.681358198306000184e-16
5.847461865466366815e-01,6.665339401413999510e-16
5.848462115528882954e-01,6.650433508627000051e-16
5.849462365591397983e-01,6.635893846498999937e-16
5.850462615653914122e-01,6.619909746000000482e-16
5.851462865716429151e-01,6.606148964412999588e-16
5.852463115778945291e-01,6.590464270609999738e-16
5.853463365841460320e-01,6.575937902125999963e-16
5.854463615903976459e-01,6.561682711159000423e-16
5.855463865966492598e-01,6.546083148894000335e-16
5.856464116029007627e-01,6.532630667540000070e-16
5.857464366091522656e-01,6.517270218862000356e-16
5.858464616154038795e-01,6.503109586166999954e-16
5.859464866216554935e-01,6.489129150324999797e-16
5.860465116279069964e-01,6.473902541967999777e-16
5.861465366341586103e-01,6.460746438918000320e-16
5.862465616404101132e-01,6.445701253321000054e-16
5.863465866466617271e-01,6.431893349017999582e-16
5.864466116529132300e-01,6.418178371051000167e-16
5.865466366591648439e-01,6.403313361159000062e-16
5.866466616654164579e-01,6.390441987570000164e-16
5.867466866716679608e-01,6.375703135180000182e-16
5.868467116779194637e-01,6.362235240652999816e-16
5.869467366841710776e-01,6.348776946081000109e-16
5.870467616904226915e-01,6.334262739751999688e-16
5.871467866966741944e-01,6.321664862030999679e-16
5.872468117029258083e-01,6.307223418754000451e-16
5.873468367091773112e-01,6.294082779973000056e-16
5.874468617154289252e-01,6.280872117367999759e-16
5.875468867216804281e-01,6.266697607762000117e-16
5.876469117279320420e-01,6.254362450003999999e-16
5.877469367341835449e-01,6.240210736987000155e-16
5.878469617404351588e-01,6.227386179780000009e-16
5.879469867466866617e-01,6.214415428306999725e-16
5.880470117529382756e-01,6.200570653330999663e-16
5.881470367591898896e-01,6.188487863707999561e-16
5.882470617654413925e-01,6.174617457157000323e-16
5.883470867716928954e-01,6.162097242479999603e-16
5.884471117779445093e-01,6.149358731712999652e-16
5.885471367841961232e-01,6.135834377235000474e-16
5.886471617904476261e-01,6.123995259281000204e-16
5.887471867966992400e-01,6.110399859051000210e-16
5.888472118029507429e-01,6.098174187253999529e-16
5.889472368092023569e-01,6.085661352738999533e-16
5.890472618154538598e-01,6.072448186190999740e-16
5.891472868217054737e-01,6.060843331756999802e-16
5.892473118279570876e-01,6.047515310670999722e-16
5.893473368342085905e-01,6.035573055362999689e-16
5.894473618404600934e-01,6.023278367310000116e-16
5.895473868467117073e-01,6.010366763541999539e-16
5.896474118529633213e-01,5.998986907569999816e-16
5.897474368592148242e-01,5.985919264351999659e-16
5.898474618654664381e-01,5.974250539658000300e-16
5.899474868717179410e-01,5.962167850637999540e-16
5.900475118779695549e-01,5.949549771151999862e-16
5.901475368842210578e-01,5.938387210509000225e-16
5.902475618904726717e-01,5.925573813942000134e-16
5.903475868967242857e-01,5.914169217788999941e-16
5.904476119029757886e-01,5.902292188667999989e-16
5.905476369092272915e-01,5.889958765910999637e-16
5.906476619154789054e-01,5.879005165651999786e-16
5.907476869217305193e-01,5.866439446659000348e-16
5.908477119279820222e-01,5.855289350493000253e-16
5.909477369342336361e-01,5.843611917694999868e-16
5.910477619404851390e-01,5.831555127867999600e-16
5.911477869467367530e-01,5.820803112792000090e-16
5.912478119529882559e-01,5.808479460140999586e-16
5.913478369592398698e-01,5.797575442267999815e-16
5.914478619654913727e-01,5.786092291287999524e-16
5.915478869717429866e-01,5.774304213824999574e-16
5.916479119779944895e-01,5.763746137324000137e-16
5.917479369842461034e-01,5.751658292555999832e-16
5.918479619904977174e-01,5.740991411852999530e-16
5.919479869967492203e-01,5.729697112340000003e-16
5.920480120030007232e-01,5.718170446164000460e-16
5.921480370092523371e-01,5.707799867398999576e-16
5.922480620155039510e-01,5.695942692109000428e-16
5.923480870217554539e-01,5.685505028346000341e-16
5.924481120280070678e-01,5.674394645467000178e-16
5.925481370342585707e-01,5.663121871713000281e-16
5.926481620405101847e-01,5.652931976709999757e-16
5.927481870467616876e-01,5.641300142337999678e-16
5.928482120530133015e-01,5.631083827732999620e-16
5.929482370592649154e-01,5.620152592192000452e-16
5.930482620655164183e-01,5.609126750970999902e-16
5.931482870717679212e-01,5.599111269883999926e-16
5.932483120780195351e-01,5.587699344612000320e-16
5.933483370842711491e-01,5.577696411642999803e-16
5.934483620905226520e-01,5.566939497597000096e-16
5.935483870967742659e-01,5.556153351940000222e-16
5.936484121030257688e-01,5.546305993442999911e-16
5.937484371092773827e-01,5.535108982523999823e-16
5.938484621155288856e-01,5.525312061625000481e-16
5.939484871217804995e-01,5.514725098100999867e-16
5.940485121280321135e-01,5.504172034901999897e-16
5.941485371342836164e-01,5.494487231923999971e-16
5.942485621405351193e-01,5.483500638638000038e-16
5.943485871467867332e-01,5.473902843498999788e-16
5.944486121530383471e-01,5.463481930345000262e-16
5.945486371592898500e-01,5.453155914140000004e-16
5.946486621655414639e-01,5.443628424910999879e-16
5.947486871717929668e-01,5.432847604414999640e-16
5.948487121780445808e-01,5.423442049493999819e-16
5.949487371842960837e-01,5.413183029802000430e-16
5.950487621905476976e-01,5.403077374640000474e-16
5.951487871967992005e-01,5.393701583211999597e-16
5.952488122030508144e-01,5.383121792377999967e-16
5.953488372093023173e-01,5.373901691841999983e-16
5.954488622155539312e-01,5.363800693710000199e-16
5.955488872218055452e-01,5.353909275275000257e-16
5.956489122280570481e-01,5.344680266646999829e-16
5.957489372343085510e-01,5.334297372209000456e-16
5.958489622405601649e-01,5.325256588489999631e-16
5.959489872468117788e-01,5.315310359912999606e-16
5.960490122530632817e-01,5.305627780965000133e-16
5.961490372593148956e-01,5.296541319692000339e-16
5.962490622655663985e-01,5.286351577481000398e-16
5.963490872718180125e-01,5.277484370412999963e-16
5.964491122780695154e-01,5.267689796079999931e-16
5.965491372843211293e-01,5.258210423508000179e-16
5.966491622905727432e-01,5.249261918024999629e-16
5.967491872968242461e-01,5.239261177531000307e-16
5.968492123030757490e-01,5.230561481104000253e-16
5.969492373093273629e-01,5.220915135329000486e-16
5.970492623155789769e-01,5.211633221408000414e-16
5.971492873218304798e-01,5.202818133078999790e-16
5.972493123280820937e-01,5.193002375442999969e-16
5.973493373343335966e-01,5.184464512412999700e-16
5.974493623405852105e-01,5.174963253968999805e-16
5.975493873468367134e-01,5.165873355704000429e-16
5.976494123530883273e-01,5.157187608583000441e-16
5.977494373593399413e-01,5.147553008902000131e-16
5.978494623655914442e-01,5.139171385192000059e-16
5.979494873718429471e-01,5.129812203966999882e-16
5.980495123780945610e-01,5.120909005335999527e-16
5.981495373843461749e-01,5.112348579606000457e-16
5.982495623905976778e-01,5.102891423780999981e-16
5.983495873968491807e-01,5.094660697576999836e-16
5.984496124031007946e-01,5.085440620766000451e-16
5.985496374093524086e-01,5.076718900618000326e-16
5.986496624156039115e-01,5.068280015680000455e-16
5.987496874218555254e-01,5.058996611086999826e-16
5.988497124281070283e-01,5.050911561955000437e-16
5.989497374343586422e-01,5.041827896267000060e-16
5.990497624406101451e-01,5.033282590163999589e-16
5.991497874468617590e-01,5.024961424850999803e-16
5.992498124531133730e-01,5.015848157408000262e-16
5.993498374593648759e-01,5.007903929733999916e-16
5.994498624656163788e-01,4.998954293223999700e-16
5.995498874718679927e-01,4.990580942763999953e-16
5.996499124781196066e-01,4.982374648490000412e-16
5.997499374843711095e-01,4.973428623497999853e-16
5.998499624906227234e-01,4.965620612918000141e-16
5.999499874968742263e-01,4.956802278799999765e-16
6.000500125031258403e-01,4.948595770250000236e-16
6.001500375093773432e-01,4.940500745004999778e-16
6.002500625156289571e-01,4.931718327600000251e-16
6.003500875218805710e-01,4.924041874658000296e-16
6.004501125281320739e-01,4.915352830034999956e-16
6.005501375343835768e-01,4.907309000067000169e-16
6.006501625406351907e-01,4.899322437379000035e-16
6.007501875468868047e-01,4.890700628285999764e-16
6.008502125531383076e-01,4.883151304551999621e-16
6.009502375593899215e-01,4.874588950412999632e-16
6.010502625656414244e-01,4.866702875218999869e-16
6.011502875718930383e-01,4.858821344220999550e-16
6.012503125781445412e-01,4.850356557476999992e-16
6.013503375843961551e-01,4.842929936070999966e-16
6.014503625906477691e-01,4.834492176648999728e-16
6.015503875968992720e-01,4.826759681855000326e-16
6.016504126031507749e-01,4.818980757358000032e-16
6.017504376094023888e-01,4.810670359802999804e-16
6.018504626156540027e-01,4.803362580429000060e-16
6.019504876219055056e-01,4.795047447022000140e-16
6.020505126281570085e-01,4.787464324467000120e-16
6.021505376344086224e-01,4.779785257455999683e-16
6.022505626406602364e-01,4.771626079485000351e-16
6.023505876469117393e-01,4.764433009355999836e-16
6.024506126531633532e-01,4.756238347951000117e-16
6.025506376594148561e-01,4.748800252876999711e-16
6.026506626656664700e-01,4.741218198203000187e-16
6.027506876719179729e-01,4.733206957796000143e-16
6.028507126781695868e-01,4.726124581894999825e-16
6.029507376844212008e-01,4.718048434729999836e-16
6.030507626906727037e-01,4.710751366993999991e-16
6.031507876969242066e-01,4.703264182310999640e-16
6.032508127031758205e-01,4.695398394701999932e-16
6.033508377094274344e-01,4.688423212149000463e-16
6.034508627156789373e-01,4.680463773689000387e-16
6.035508877219305512e-01,4.673303753386999684e-16
6.036509127281820541e-01,4.665909003725000115e-16
6.037509377344336681e-01,4.658185784737999806e-16
6.038509627406851710e-01,4.651314278132000313e-16
6.039509877469367849e-01,4.643469890512000031e-16
6.040510127531883988e-01,4.636443352161000483e-16
6.041510377594399017e-01,4.629139187691000449e-16
6.042510627656914046e-01,4.621556107787999718e-16
6.043510877719430185e-01,4.614785186148000158e-16
6.044511127781946325e-01,4.607054211974000189e-16
6.045511377844461354e-01,4.600157190602000368e-16
6.046511627906977493e-01,4.592941220426999580e-16
6.047511877969492522e-01,4.585495038050999788e-16
6.048512128032008661e-01,4.578820806851000361e-16
6.049512378094523690e-01,4.571201272061000065e-16
6.050512628157039829e-01,4.564429929894999568e-16
6.051512878219554858e-01,4.557300121142999791e-16
6.052513128282070998e-01,4.549988372105999774e-16
6.053513378344586027e-01,4.543407966415999779e-16
6.054513628407102166e-01,4.535898542782000293e-16
6.055513878469618305e-01,4.529249532331000427e-16
6.056514128532133334e-01,4.522204205002000386e-16
6.057514378594648363e-01,4.515024306497000202e-16
6.058514628657164502e-01,4.508534561754999647e-16
6.059514878719680642e-01,4.501133642258999809e-16
6.060515128782195671e-01,4.494603362816000414e-16
6.061515378844711810e-01,4.487640555960999610e-16
6.062515628907226839e-01,4.480589805052000465e-16
6.063515878969742978e-01,4.474187630438999780e-16
6.064516129032258007e-01,4.466893482741000220e-16
6.065516379094774146e-01,4.460478275463000383e-16
6.066516629157290286e-01,4.453596233305000130e-16
6.067516879219805315e-01,4.446672178245999860e-16
6.068517129282320344e-01,4.440354854204999760e-16
6.069517379344836483e-01,4.433166321998999944e-16
6.070517629407352622e-01,4.426863207442999995e-16
6.071517879469867651e-01,4.420060537207999964e-16
6.072518129532383790e-01,4.413260838736999766e-16
6.073518379594898819e-01,4.407025718750000223e-16
6.074518629657414959e-01,4.399941346601000224e-16
6.075518879719929988e-01,4.393746921262999950e-16
6.076519129782446127e-01,4.387021864112999769e-16
6.077519379844962266e-01,4.380343742783999802e-16
6.078519629907477295e-01,4.374187879098000146e-16
6.079519879969992324e-01,4.367206083214000013e-16
6.080520130032508463e-01,4.361117158203000074e-16
6.081520380095024603e-01,4.354468648529999888e-16
6.082520630157539632e-01,4.347910310592999981e-16
6.083520880220055771e-01,4.341831820701000001e-16
6.084521130282570800e-01,4.334951864384000237e-16
6.085521380345086939e-01,4.328965553433999998e-16
6.086521630407601968e-01,4.322392012229000095e-16
6.087521880470118107e-01,4.315950595620000242e-16
6.088522130532633136e-01,4.309946292154999995e-16
6.089522380595149276e-01,4.303166190767000154e-16
6.090522630657664305e-01,4.297279094867000074e-16
6.091522880720180444e-01,4.290779085403999972e-16
6.092523130782696583e-01,4.284452425204999893e-16
6.093523380845211612e-01,4.278520490519999816e-16
6.094523630907726641e-01,4.271839521181999991e-16
6.095523880970242780e-01,4.266049054148999872e-16
6.096524131032758920e-01,4.259621697397999764e-16
6.097524381095273949e-01,4.253407756482999766e-16
6.098524631157790088e-01,4.247545947822000010e-16
6.099524881220305117e-01,4.240962751461999947e-16
6.100525131282821256e-01,4.235265859861000190e-16
6.101525381345336285e-01,4.228909631645000196e-16
6.102525631407852424e-01,4.222805666300999830e-16
6.103525881470368564e-01,4.217011538082000064e-16
6.104526131532883593e-01,4.210524763995999827e-16
6.105526381595398622e-01,4.204918588043000234e-16
6.106526631657914761e-01,4.198632633323000113e-16
6.107526881720430900e-01,4.192636722606999934e-16
6.108527131782945929e-01,4.186908382726000193e-16
6.109527381845462068e-01,4.180517013699999909e-16
6.110527631907977097e-01,4.174998900870000180e-16
6.111527881970493237e-01,4.168782205066000211e-16
6.112528132033008266e-01,4.162892238959000194e-16
6.113528382095524405e-01,4.157227910419999791e-16
6.114528632158040544e-01,4.150931051243000134e-16
6.115528882220555573e-01,4.145498504571000071e-16
6.116529132283070602e-01,4.139350168562000021e-16
6.117529382345586741e-01,4.133563966157000237e-16
6.118529632408102881e-01,4.127961576060999912e-16
6.119529882470617910e-01,4.121757767873999994e-16
6.120530132533134049e-01,4.116407829903000050e-16
6.121530382595649078e-01,4.110326567398999872e-16
6.122530632658165217e-01,4.104641513326000082e-16
6.123530882720680246e-01,4.099098810574000148e-16
6.124531132783196385e-01,4.092986631332000206e-16
6.125531382845711414e-01,4.087716512801999941e-16
6.126531632908227554e-01,4.081701466782000176e-16
6.127531882970742583e-01,4.076115751041000013e-16
6.128532133033258722e-01,4.070631420034000084e-16
6.129532383095774861e-01,4.064610273547000199e-16
6.130532633158289890e-01,4.059417950167999937e-16
6.131532883220804919e-01,4.053468569700999861e-16
6.132533133283321058e-01,4.047980175797000003e-16
6.133533383345837198e-01,4.042552520849000137e-16
6.134533633408352227e-01,4.036621220766999976e-16
6.135533883470868366e-01,4.031504053115999880e-16
6.136534133533383395e-01,4.025619335024000055e-16
6.137534383595899534e-01,4.020226093280999969e-16
6.138534633658414563e-01,4.014853575751999799e-16
6.139534883720930702e-01,4.009011169323000088e-16
6.140535133783446842e-01,4.003966937173000015e-16
6.141535383845961871e-01,3.998146356501999999e-16
6.142535633908476900e-01,3.992846277515000059e-16
6.143535883970993039e-01,3.987527267216999928e-16
6.144536134033509178e-01,3.981772644846999767e-16
6.145536384096024207e-01,3.976798881466000033e-16
6.146536634158540346e-01,3.971041467508999785e-16
6.147536884221055375e-01,3.965832385229999850e-16
6.148537134283571515e-01,3.960565316504000135e-16
6.149537384346086544e-01,3.954897256630000148e-16
6.150537634408602683e-01,3.949991686003999849e-16
6.151537884471118822e-01,3.944296911970000232e-16
6.152538134533633851e-01,3.939176938788999906e-16
6.153538384596148880e-01,3.933960605566000028e-16
6.154538634658665019e-01,3.928378305529000219e-16
6.155538884721181159e-01,3.923538915584999772e-16
6.156539134783696188e-01,3.917906361067000009e-16
6.157539384846212327e-01,3.912873628020999788e-16
6.158539634908727356e-01,3.907706750921000177e-16
6.159539884971243495e-01,3.902209265369000231e-16
6.160540135033758524e-01,3.897433814693000096e-16
6.161540385096274663e-01,3.891862656431000202e-16
6.162540635158789692e-01,3.886915072623000237e-16
6.163540885221305832e-01,3.881796334222999773e-16
6.164541135283820861e-01,3.876382653120999889e-16
6.165541385346337000e-01,3.871669182619000070e-16
6.166541635408853139e-01,3.866159064260000019e-16
6.167541885471368168e-01,3.861294819448000099e-16
6.168542135533883197e-01,3.856222964838000050e-16
6.169542385596399336e-01,3.850891869139000233e-16
6.170542635658915476e-01,3.846238147470000109e-16
6.171542885721430505e-01,3.840788456480000108e-16
6.172543135783946644e-01,3.836005601278000115e-16
6.173543385846461673e-01,3.830979595039999839e-16
6.174543635908977812e-01,3.825730283256999892e-16
6.175543885971492841e-01,3.821134313889999877e-16
6.176544136034008980e-01,3.815744394994999955e-16
6.177544386096525120e-01,3.811040954042000240e-16
6.178544636159040149e-01,3.806059650594000160e-16
6.179544886221555178e-01,3.800891138765999886e-16
6.180545136284071317e-01,3.796351151031000123e-16
6.181545386346587456e-01,3.791020696348000084e-16
6.182545636409102485e-01,3.786394881227999843e-16
6.183545886471618624e-01,3.781457285687000142e-16
6.184546136534133653e-01,3.776368621459999821e-16
6.185546386596649793e-01,3.771882872426999841e-16
6.186546636659164822e-01,3.766611635725000135e-16
6.187546886721680961e-01,3.762061832229000053e-16
6.188547136784197100e-01,3.757167316800000096e-16
6.189547386846712129e-01,3.752157798387000149e-16
6.190547636909227158e-01,3.747724542441999847e-16
6.191547886971743297e-01,3.742512127422000153e-16
6.192548137034259437e-01,3.738036398998999756e-16
6.193548387096774466e-01,3.733183707467000049e-16
6.194548637159290605e-01,3.728252022597000129e-16
6.195548887221805634e-01,3.723869185895000219e-16
6.196549137284321773e-01,3.718714849612000192e-16
6.197549387346836802e-01,3.714311191143000074e-16
6.198549637409352941e-01,3.709499405259999815e-16
6.199549887471867970e-01,3.704644506879000177e-16
6.200550137534384110e-01,3.700310351445000210e-16
6.201550387596899139e-01,3.695213804244999916e-16
6.202550637659415278e-01,3.690880557089999831e-16
6.203550887721931417e-01,3.686109118146999869e-16
6.204551137784446446e-01,3.681330499964999932e-16
6.205551387846961475e-01,3.677043915587999834e-16
6.206551637909477614e-01,3.672005313653999809e-16
6.207551887971993754e-01,3.667741073762000073e-16
6.208552138034508783e-01,3.663009342390000206e-16
6.209552388097024922e-01,3.658305948682999793e-16
6.210552638159539951e-01,3.654065064324000176e-16
6.211552888222056090e-01,3.649083714574999951e-16
6.212553138284571119e-01,3.644886360140000145e-16
6.213553388347087258e-01,3.640193255497999801e-16
6.214553638409603398e-01,3.635563856112999956e-16
6.215553888472118427e-01,3.631366928846999756e-16
6.216554138534633456e-01,3.626442411338999756e-16
6.217554388597149595e-01,3.622310384008000031e-16
6.218554638659665734e-01,3.617655518655000160e-16
6.219554888722180763e-01,3.613099213539999826e-16
6.220555138784696902e-01,3.608944672337999893e-16
6.221555388847211931e-01,3.604076551377999991e-16
6.222555638909728071e-01,3.600007761208000066e-16
6.223555888972243100e-01,3.595390095563000085e-16
6.224556139034759239e-01,3.590905807405999999e-16
6.225556389097275378e-01,3.586792275866000001e-16
6.226556639159790407e-01,3.581980465076999918e-16
6.227556889222305436e-01,3.577973603842000095e-16
6.228557139284821575e-01,3.573392962732999762e-16
6.229557389347337715e-01,3.568979985260999824e-16
6.230557639409852744e-01,3.564906153671000098e-16
6.231557889472368883e-01,3.560150409709999844e-16
6.232558139534883912e-01,3.556203746465000192e-16
6.233558389597400051e-01,3.551659423746999978e-16
6.234558639659915080e-01,3.547316672377999832e-16
6.235558889722431219e-01,3.543281088161000123e-16
6.236559139784946248e-01,3.538581106015000211e-16
6.237559389847462388e-01,3.534693100433000118e-16
6.238559639909977417e-01,3.530184746707000177e-16
6.239559889972493556e-01,3.525911431981999984e-16
6.240560140035009695e-01,3.521912990473999918e-16
6.241560390097524724e-01,3.517268657994999966e-16
6.242560640160039753e-01,3.513437768511999837e-16
6.243560890222555892e-01,3.508964997865000039e-16
6.244561140285072032e-01,3.504760187941999795e-16
6.245561390347587061e-01,3.500797623838999921e-16
6.246561640410103200e-01,3.496208767677000165e-16
6.247561890472618229e-01,3.492433469039999764e-16
6.248562140535134368e-01,3.487995816262000193e-16
6.249562390597649397e-01,3.483858433854000128e-16
6.250562640660165536e-01,3.479930285363000040e-16
6.251562890722681676e-01,3.475396258905999920e-16
6.252563140785196705e-01,3.471674538080000059e-16
6.253563390847711734e-01,3.467271182528999827e-16
6.254563640910227873e-01,3.463199856389000028e-16
6.255563890972744012e-01,3.459304726175999781e-16
6.256564141035259041e-01,3.454825315240000211e-16
6.257564391097775180e-01,3.451155807523999831e-16
6.258564641160290209e-01,3.446786731074000243e-16
6.259564891222806349e-01,3.442780914537000020e-16
6.260565141285321378e-01,3.438918036619999762e-16
6.261565391347837517e-01,3.434493319435000086e-16
6.262565641410353656e-01,3.430874783692999969e-16
6.263565891472868685e-01,3.426539840415999971e-16
6.264566141535383714e-01,3.422598579078000081e-16
6.265566391597899853e-01,3.418766794036000062e-16
6.266566641660415993e-01,3.414396397065000091e-16
6.267566891722931022e-01,3.410827095407999924e-16
6.268567141785447161e-01,3.406525819194000027e-16
6.269567391847962190e-01,3.402648091516000180e-16
6.270567641910478329e-01,3.398846334582000226e-16
6.271567891972993358e-01,3.394530043710000070e-16
6.272568142035509497e-01,3.391008513003000122e-16
6.273568392098024527e-01,3.386740541680999763e-16
6.274568642160540666e-01,3.382925212622999787e-16
6.275568892223055695e-01,3.379152380485000125e-16
6.276569142285571834e-01,3.374889896557000031e-16
6.277569392348087973e-01,3.371414727935000117e-16
6.278569642410603002e-01,3.367180095957999883e-16
6.279569892473118031e-01,3.363426487991000092e-16
6.280570142535634170e-01,3.359681868096000245e-16
6.281570392598150310e-01,3.355473180525000236e-16
6.282570642660665339e-01,3.352043039793999800e-16
6.283570892723181478e-01,3.347841515790999811e-16
6.284571142785696507e-01,3.344148554205999845e-16
6.285571392848212646e-01,3.340431196461000186e-16
6.286571642910727675e-01,3.336276128477000047e-16
6.287571892973243814e-01,3.332889623351999830e-16
6.288572143035759954e-01,3.328721103903000144e-16
6.289572393098274983e-01,3.325087906243000084e-16
6.290572643160790012e-01,3.321396894171999820e-16
6.291572893223306151e-01,3.317295138882999950e-16
6.292573143285822290e-01,3.313950791634000129e-16
6.293573393348337319e-01,3.309814868863000229e-16
6.294573643410853458e-01,3.306240054674999808e-16
6.295573893473368488e-01,3.302574160105999813e-16
6.296574143535884627e-01,3.298525155691000010e-16
6.297574393598399656e-01,3.295221383632999776e-16
6.298574643660915795e-01,3.291117934478000187e-16
6.299574893723431934e-01,3.287600777474000203e-16
6.300575143785946963e-01,3.283959573100999891e-16
6.301575393848461992e-01,3.279963330828000087e-16
6.302575643910978132e-01,3.276698883891999972e-16
6.303575893973494271e-01,3.272627736155000148e-16
6.304576144036009300e-01,3.269166907736999843e-16
6.305576394098525439e-01,3.265549275195000021e-16
6.306576644161040468e-01,3.261605443862000098e-16
6.307576894223556607e-01,3.258379067374999839e-16
6.308577144286071636e-01,3.254340380067999982e-16
6.309577394348587775e-01,3.250935243258000071e-16
6.310577644411102805e-01,3.247340762787000011e-16
6.311577894473618944e-01,3.243449278282000192e-16
6.312578144536133973e-01,3.240259716217000145e-16
6.313578394598650112e-01,3.236253405570999767e-16
6.314578644661166251e-01,3.232902926366000123e-16
6.315578894723681280e-01,3.229330881647999946e-16
6.316579144786196309e-01,3.225491512549999880e-16
6.317579394848712449e-01,3.222337500067000198e-16
6.318579644911228588e-01,3.218363513176999795e-16
6.319579894973743617e-01,3.215066704131999977e-16
6.320580145036259756e-01,3.211516484495999935e-16
6.321580395098774785e-01,3.207729032183000129e-16
6.322580645161290924e-01,3.204609354366000123e-16
6.323580895223805953e-01,3.200667654244000012e-16
6.324581145286322093e-01,3.197423396313999770e-16
6.325581395348838232e-01,3.193894165505000014e-16
6.326581645411353261e-01,3.190158201541999904e-16
6.327581895473868290e-01,3.187071590570999756e-16
6.328582145536384429e-01,3.183162163334000062e-16
6.329582395598900568e-01,3.179969501547000087e-16
6.330582645661415597e-01,3.176460777711999866e-16
6.331582895723931736e-01,3.172775957618999957e-16
6.332583145786446766e-01,3.169721011899000084e-16
6.333583395848962905e-01,3.165843705076999933e-16
6.334583645911477934e-01,3.162701395923999920e-16
6.335583895973994073e-01,3.159212499500999977e-16
6.336584146036510212e-01,3.155578671043999954e-16
6.337584396099025241e-01,3.152554352798999805e-16
6.338584646161540270e-01,3.148709389252999853e-16
6.339584896224056410e-01,3.145616738273999969e-16
6.340585146286572549e-01,3.142147391131000200e-16
6.341585396349087578e-01,3.138564438831999876e-16
6.342585646411603717e-01,3.135569742368000137e-16
6.343585896474118746e-01,3.131757170965999768e-16
6.344586146536634885e-01,3.128713009379000079e-16
6.345586396599149914e-01,3.125262512380000023e-16
6.346586646661666054e-01,3.121729904967000136e-16
6.347586896724181083e-01,3.118763447532000032e-16
6.348587146786697222e-01,3.114983174600000094e-16
6.349587396849212251e-01,3.111986525510000096e-16
6.350587646911728390e-01,3.108554603378000171e-16
6.351587896974244529e-01,3.105072278916000168e-16
6.352588147036759558e-01,3.102133198071999885e-16
6.353588397099274587e-01,3.098385466982999763e-16
6.354588647161790727e-01,3.095435319047000234e-16
6.355588897224306866e-01,3.092021397544000241e-16
6.356589147286821895e-01,3.088588854383999889e-16
6.357589397349338034e-01,3.085675876299999812e-16
6.358589647411853063e-01,3.081960644599999867e-16
6.359589897474369202e-01,3.079056039000999769e-16
6.360590147536884231e-01,3.075659873511000084e-16
6.361590397599400371e-01,3.072276904830999828e-16
6.362590647661916510e-01,3.069389071677999872e-16
6.363590897724431539e-01,3.065706440983999774e-16
6.364591147786946568e-01,3.062846246428000101e-16
6.365591397849462707e-01,3.059467435422999901e-16
6.366591647911978846e-01,3.056133774238000138e-16
6.367591897974493875e-01,3.053270071595999816e-16
6.368592148037010015e-01,3.049620161102000043e-16
6.369592398099525044e-01,3.046803384327000190e-16
6.370592648162041183e-01,3.043441513555000124e-16
6.371592898224556212e-01,3.040156702567000209e-16
6.372593148287072351e-01,3.037316088546000110e-16
6.373593398349588490e-01,3.033699068048999998e-16
6.374593648412103519e-01,3.030924857299000181e-16
6.375593898474618548e-01,3.027579850317999998e-16
6.376594148537134688e-01,3.024343714032999980e-16
6.377594398599650827e-01,3.021525293424000048e-16
6.378594648662165856e-01,3.017941294258999830e-16
6.379594898724680885e-01,3.015208543173000122e-16
6.380595148787197024e-01,3.011880009922999822e-16
6.381595398849713163e-01,3.008692173330999970e-16
6.382595648912228192e-01,3.005894974327000192e-16
6.383595898974744332e-01,3.002344029253000053e-16
6.384596149037259361e-01,2.999651673995000116e-16
6.385596399099775500e-01,2.996339357780999857e-16
6.386596649162290529e-01,2.993199397240000137e-16
6.387596899224806668e-01,2.990422438792999863e-16
6.388597149287322807e-01,2.986904677709000046e-16
6.389597399349837836e-01,2.984251683818999809e-16
6.390597649412352865e-01,2.980955215942999889e-16
6.391597899474869005e-01,2.977862483282999947e-16
6.392598149537385144e-01,2.975104595246000186e-16
6.393598399599900173e-01,2.971619974171999920e-16
6.394598649662416312e-01,2.969005273938999893e-16
6.395598899724931341e-01,2.965724593251000178e-16
6.396599149787447480e-01,2.962679001167999916e-16
6.397599399849962509e-01,2.959939591220000120e-16
6.398599649912478649e-01,2.956488404136000130e-16
6.399599899974994788e-01,2.953911046315999870e-16
6.400600150037509817e-01,2.950645970730000117e-16
6.401600400100024846e-01,2.947647104687999904e-16
6.402600650162540985e-01,2.944925351955000119e-16
6.403600900225057124e-01,2.941507804899999798e-16
6.404601150287572153e-01,2.938966966766999975e-16
6.405601400350088293e-01,2.935717582347000178e-16
6.406601650412603322e-01,2.932765093013000213e-16
6.407601900475119461e-01,2.930060122517999839e-16
6.408602150537634490e-01,2.926676236339999905e-16
6.409602400600150629e-01,2.924170594080999761e-16
6.410602650662666768e-01,2.920936439313000207e-16
6.411602900725181797e-01,2.918029772558999942e-16
6.412603150787696826e-01,2.915340769449999981e-16
6.413603400850212966e-01,2.911990812632000060e-16
6.414603650912729105e-01,2.909519762571000082e-16
6.415603900975244134e-01,2.906301191308999888e-16
6.416604151037759163e-01,2.903440177357000195e-16
6.417604401100275302e-01,2.900766455850000038e-16
6.418604651162791441e-01,2.897450455293999973e-16
6.419604901225306470e-01,2.895012623535999787e-16
6.420605151287822610e-01,2.891809009841000182e-16
6.421605401350337639e-01,2.888992678349000056e-16
6.422605651412853778e-01,2.886333118502999896e-16
6.423605901475368807e-01,2.883051024604000101e-16
6.424606151537884946e-01,2.880645504141000190e-16
6.425606401600401085e-01,2.877457115464000143e-16
6.426606651662916114e-01,2.874685373692999792e-16
6.427606901725431143e-01,2.872039576621999983e-16
6.428607151787947283e-01,2.868791700385999906e-16
6.429607401850463422e-01,2.866417549820999957e-16
6.430607651912978451e-01,2.863244451076000108e-16
6.431607901975494590e-01,2.860516904053999828e-16
6.432608152038009619e-01,2.857884251309000219e-16
6.433608402100525758e-01,2.854670999225999870e-16
6.434608652163040787e-01,2.852327498261999897e-16
6.435608902225556927e-01,2.849169746494999840e-16
6.436609152288073066e-01,2.846485948461999873e-16
6.437609402350588095e-01,2.843865715657000127e-16
6.438609652413103124e-01,2.840686947352999788e-16
6.439609902475619263e-01,2.838372854523999840e-16
6.440610152538135402e-01,2.835230296095000142e-16
6.441610402600650431e-01,2.832589588253999977e-16
6.442610652663166571e-01,2.829981074848999786e-16
6.443610902725681600e-01,2.826837014534000086e-16
6.444611152788197739e-01,2.824551501484000147e-16
6.445611402850712768e-01,2.821424328747999854e-16
6.446611652913228907e-01,2.818826315755999983e-16
6.447611902975743936e-01,2.816228909295000146e-16
6.448612153038260075e-01,2.813119623532999958e-16
6.449612403100775104e-01,2.810861613131999848e-16
6.450612653163291244e-01,2.807749755408999987e-16
6.451612903225807383e-01,2.805193848210999870e-16
6.452613153288322412e-01,2.802606897591999783e-16
6.453613403350837441e-01,2.799532488877999979e-16
6.454613653413353580e-01,2.797301090735000162e-16
6.455613903475869719e-01,2.794204662642000163e-16
6.456614153538384748e-01,2.791690371998000022e-16
6.457614403600900888e-01,2.789113426027999996e-16
6.458614653663415917e-01,2.786074044101000002e-16
6.459614903725932056e-01,2.783868233433000027e-16
6.460615153788447085e-01,2.780787294796999923e-16
6.461615403850963224e-01,2.778314049514000188e-16
6.462615653913479363e-01,2.775746476886000206e-16
6.463615903975994392e-01,2.772742179080999794e-16
6.464616154038509421e-01,2.770561046005000026e-16
6.465616404101025561e-01,2.767495746139999935e-16
6.466616654163541700e-01,2.765062945638000103e-16
6.467616904226056729e-01,2.762504101530999821e-16
6.468617154288572868e-01,2.759534860655000191e-16
6.469617404351087897e-01,2.757377352002000131e-16
6.470617654413604036e-01,2.754327722966000199e-16
6.471617904476119065e-01,2.751934801552999949e-16
6.472618154538635205e-01,2.749384303858999803e-16
6.473618404601151344e-01,2.746450382361999945e-16
6.474618654663666373e-01,2.744315731831000169e-16
6.475618904726181402e-01,2.741282067638999922e-16
6.476619154788697541e-01,2.738928569128000233e-16
6.477619404851213680e-01,2.736385974677999811e-16
6.478619654913728709e-01,2.733487470009000048e-16
6.479619904976244849e-01,2.731374794165999855e-16
6.480620155038759878e-01,2.728357244879999788e-16
6.481620405101276017e-01,2.726042615376000039e-16
6.482620655163791046e-01,2.723507564907999786e-16
6.483620905226307185e-01,2.720644601432000100e-16
6.484621155288822214e-01,2.718553066239000033e-16
6.485621405351338353e-01,2.715551925397000135e-16
6.486621655413853382e-01,2.713275649424999856e-16
6.487621905476369522e-01,2.710747779674000002e-16
6.488622155538885661e-01,2.707920478643999817e-16
6.489622405601400690e-01,2.705849184166000206e-16
6.490622655663915719e-01,2.702864576561999782e-16
6.491622905726431858e-01,2.700625990203999920e-16
6.492623155788947997e-01,2.698104917650000031e-16
6.493623405851463026e-01,2.695313394506999987e-16
6.494623655913979166e-01,2.693261487933000164e-16
6.495623905976494195e-01,2.690293658052999986e-16
6.496624156039010334e-01,2.688092172031999754e-16
6.497624406101525363e-01,2.685577414651000164e-16
6.498624656164041502e-01,2.682821507798999881e-16
6.499624906226557641e-01,2.680787863892999984e-16
6.500625156289072670e-01,2.677836740924000114e-16
6.501625406351587699e-01,2.675671486077999804e-16
6.502625656414103839e-01,2.673162517040000094e-16
6.503625906476619978e-01,2.670442177774999933e-16
6.504626156539135007e-01,2.668425965238000017e-16
6.505626406601650036e-01,2.665491814844000211e-16
6.506626656664167285e-01,2.663362176667999995e-16
6.507626906726682314e-01,2.660858752028000203e-16
6.508627156789197343e-01,2.658174130723000197e-16
6.509627406851713483e-01,2.656174670121000096e-16
6.510627656914229622e-01,2.653258028451999911e-16
6.511627906976744651e-01,2.651163756421000083e-16
6.512628157039259680e-01,2.648665947797000160e-16
6.513628407101775819e-01,2.646017365719000007e-16
6.514628657164291958e-01,2.644034030295999896e-16
6.515628907226806987e-01,2.641135209919000190e-16
6.516629157289322016e-01,2.639075581384000141e-16
6.517629407351838156e-01,2.636582990702999996e-16
6.518629657414354295e-01,2.633970307228999977e-16
6.519629907476869324e-01,2.632002092723999904e-16
6.520630157539385463e-01,2.629121227973999981e-16
6.521630407601901602e-01,2.627095541572000050e-16
6.522630657664416631e-01,2.624607869625999816e-16
6.523630907726931660e-01,2.622031031389999975e-16
6.524631157789447800e-01,2.620077059403000228e-16
6.525631407851963939e-01,2.617214273724999915e-16
6.526631657914478968e-01,2.615221705425000008e-16
6.527631907976993997e-01,2.612738629564000109e-16
6.528632158039510136e-01,2.610197607494999933e-16
6.529632408102026275e-01,2.608257110916999953e-16
6.530632658164541304e-01,2.605412717726999825e-16
6.531632908227057444e-01,2.603452636322999759e-16
6.532633158289573583e-01,2.600973916588999883e-16
6.533633408352088612e-01,2.598468580985999767e-16
6.534633658414603641e-01,2.596540721506999792e-16
6.535633908477119780e-01,2.593714971628000144e-16
6.536634158539635919e-01,2.591786704924000211e-16
6.537634408602150948e-01,2.589312273471999843e-16
6.538634658664665977e-01,2.586842720271999780e-16
6.539634908727182117e-01,2.584926811629999781e-16
6.540635158789698256e-01,2.582119997803000131e-16
6.541635408852213285e-01,2.580222753678000216e-16
6.542635658914728314e-01,2.577752259959000055e-16
6.543635908977245563e-01,2.575318192470999931e-16
6.544636159039760592e-01,2.573413271270000033e-16
6.545636409102275621e-01,2.570625624830000102e-16
6.546636659164791761e-01,2.568758794459000053e-16
6.547636909227307900e-01,2.566292333559000119e-16
6.548637159289822929e-01,2.563894043270999909e-16
6.549637409352337958e-01,2.561999710491999995e-16
6.550637659414854097e-01,2.559231769891999866e-16
6.551637909477370236e-01,2.557394777635999774e-16
6.552638159539885265e-01,2.554932215180999973e-16
6.553638409602400294e-01,2.552569472131999916e-16
6.554638659664916434e-01,2.550684757752000034e-16
6.555638909727432573e-01,2.547936599777000129e-16
6.556639159789947602e-01,2.546128640253000183e-16
6.557639409852463741e-01,2.543669872873000058e-16
6.558639659914979880e-01,2.541342663335999987e-16
6.559639909977494909e-01,2.539467036725000038e-16
6.560640160040009938e-01,2.536739156704999915e-16
6.561640410102526078e-01,2.534959674573000080e-16
6.562640660165042217e-01,2.532504755086999983e-16
6.563640910227557246e-01,2.530213085187999838e-16
6.564641160290072275e-01,2.528345926355999829e-16
6.565641410352588414e-01,2.525638571020000026e-16
6.566641660415104553e-01,2.523886695356999772e-16
6.567641910477619582e-01,2.521435403120000047e-16
6.568642160540135722e-01,2.519178944932000030e-16
6.569642410602651861e-01,2.517319403377999978e-16
6.570642660665166890e-01,2.514632837441000089e-16
6.571642910727681919e-01,2.512907943840000075e-16
6.572643160790198058e-01,2.510460484536999770e-16
6.573643410852714197e-01,2.508239378493999867e-16
6.574643660915229226e-01,2.506386995185000146e-16
6.575643910977744255e-01,2.503721600536999996e-16
6.576644161040260395e-01,2.502022835549999799e-16
6.577644411102776534e-01,2.499578923871999980e-16
6.578644661165291563e-01,2.497392709285999968e-16
6.579644911227806592e-01,2.495546545249000222e-16
6.580645161290322731e-01,2.492902440771999885e-16
6.581645411352838870e-01,2.491229007628999994e-16
6.582645661415353899e-01,2.488788653949999811e-16
6.583645911477870039e-01,2.486637216651999791e-16
6.584646161540386178e-01,2.484796711217000141e-16
6.585646411602901207e-01,2.482174246817999757e-16
6.586646661665416236e-01,2.480525435348000202e-16
6.587646911727932375e-01,2.478088742233000098e-16
6.588647161790448514e-01,2.475972042566999836e-16
6.589647411852963543e-01,2.474136743162000240e-16
6.590647661915478572e-01,2.471536443519999885e-16
6.591647911977994712e-01,2.469911777944999997e-16
6.592648162040510851e-01,2.467478943134000219e-16
6.593648412103025880e-01,2.465396782114999960e-16
6.594648662165542019e-01,2.463566001373999907e-16
6.595648912228058158e-01,2.460988023457999922e-16
6.596649162290573187e-01,2.459386634935000059e-16
6.597649412353088216e-01,2.456957716472999844e-16
6.598649662415604356e-01,2.454910026078999887e-16
6.599649912478120495e-01,2.453083436560000138e-16
6.600650162540635524e-01,2.450528308194000197e-16
6.601650412603150553e-01,2.448949570223000194e-16
6.602650662665666692e-01,2.446524721047000157e-16
6.603650912728182831e-01,2.444511275619999829e-16
6.604651162790697860e-01,2.442688202525000172e-16
6.605651412853214000e-01,2.440156089330000227e-16
6.606651662915730139e-01,2.438599157423000154e-16
6.607651912978245168e-01,2.436178409599999862e-16
6.608652163040760197e-01,2.434198941835000104e-16
6.609652413103276336e-01,2.432378836124999869e-16
6.610652663165792475e-01,2.429870022840999893e-16
6.611652913228307504e-01,2.428334148370000082e-16
6.612653163290822533e-01,2.425917629937999987e-16
6.613653413353338673e-01,2.423971887119999961e-16
6.614653663415854812e-01,2.422154284882999840e-16
6.615653913478369841e-01,2.419669175342999958e-16
6.616654163540884870e-01,2.418153630125000035e-16
6.617654413603401009e-01,2.415741427738999930e-16
6.618654663665917148e-01,2.413829064376000068e-16
6.619654913728432177e-01,2.412013297722000071e-16
6.620655163790948317e-01,2.409552021948000209e-16
6.621655413853464456e-01,2.408056004039999918e-16
6.622655663915979485e-01,2.405648333452999841e-16
6.623655913978494514e-01,2.403769245729999799e-16
6.624656164041010653e-01,2.401955040703000191e-16
6.625656414103526792e-01,2.399518033192000075e-16
6.626656664166041821e-01,2.398040831967999760e-16
6.627656914228556850e-01,2.395637769414000022e-16
6.628657164291072990e-01,2.393791486371000141e-16
6.629657414353589129e-01,2.391978192366999825e-16
6.630657664416104158e-01,2.389565588484000146e-16
6.631657914478620297e-01,2.388106408072000107e-16
6.632658164541136436e-01,2.385708237026000096e-16
6.633658414603651465e-01,2.383894635210999903e-16
6.634658664666166494e-01,2.382081991003000040e-16
6.635658914728682634e-01,2.379694265965000077e-16
6.636659164791198773e-01,2.378252565736999782e-16
6.637659414853713802e-01,2.375859609981000173e-16
6.638659664916228831e-01,2.374078413815999854e-16
6.639659914978744970e-01,2.372266037704000232e-16
6.640660165041261109e-01,2.369903437277999933e-16
6.641660415103776138e-01,2.368478336660999969e-16
6.642660665166292278e-01,2.366090671279000138e-16
6.643660915228808417e-01,2.364341388199999890e-16
6.644661165291323446e-01,2.362528676794000053e-16
6.645661415353838475e-01,2.360191308894999793e-16
6.646661665416354614e-01,2.358781945645999859e-16
6.647661915478870753e-01,2.356399765694999803e-16
6.648662165541385782e-01,2.354682134726999936e-16
6.649662415603900811e-01,2.352868810615000032e-16
6.650662665666416951e-01,2.350557049055999754e-16
6.651662915728933090e-01,2.349162785615000189e-16
6.652663165791448119e-01,2.346786341893000215e-16
6.653663415853963148e-01,2.345099956833000150e-16
6.654663665916479287e-01,2.343285620682999776e-16
6.655663915978995426e-01,2.340999712367000052e-16
6.656664166041510455e-01,2.339619870501999886e-16
6.657664416104026595e-01,2.337249507025999766e-16
6.658664666166542734e-01,2.335594031220000130e-16
6.659664916229057763e-01,2.333778328728999768e-16
6.660665166291572792e-01,2.331518456765000102e-16
6.661665416354088931e-01,2.330152192269000038e-16
6.662665666416605070e-01,2.327788138000000005e-16
6.663665916479120099e-01,2.326163245417999964e-16
6.664666166541635128e-01,2.324345970191999996e-16
6.665666416604151268e-01,2.322112553327000174e-16
6.666666666666667407e-01,2.320759282050000211e-16
6.667666916729182436e-01,2.318401856495999889e-16
6.668667166791698575e-01,2.316807101997000101e-16
6.669667416854214714e-01,2.314987770915000041e-16
6.670667666916729743e-01,2.312780780941999950e-16
6.671667916979244772e-01,2.311439597419000176e-16
6.672668167041760912e-01,2.309089010133999954e-16
6.673668417104277051e-01,2.307523966523999840e-16
6.674668667166792080e-01,2.305702376657000104e-16
6.675668917229307109e-01,2.303522201146000232e-16
6.676669167291823248e-01,2.302192570223999987e-16
6.677669417354339387e-01,2.299849332271999783e-16
6.678669667416854416e-01,2.298313839320999874e-16
6.679669917479369445e-01,2.296489984970999967e-16
6.680670167541886695e-01,2.294337017536000129e-16
6.681670417604401724e-01,2.293018310275000208e-16
6.682670667666916753e-01,2.290682702901000073e-16
6.683670917729432892e-01,2.289176174120000173e-16
6.684671167791949031e-01,2.287349616276000217e-16
6.685671417854464060e-01,2.285223894635000148e-16
6.686671667916979089e-01,2.283915275541999908e-16
6.687671917979495229e-01,2.281587537002000210e-16
6.688672168042011368e-01,2.280109479706999983e-16
6.689672418104526397e-01,2.278279965141999816e-16
6.690672668167041426e-01,2.276181672013000108e-16
6.691672918229557565e-01,2.274882456505000225e-16
6.692673168292073704e-01,2.272562963284999877e-16
6.693673418354588733e-01,2.271112997399999941e-16
6.694673668417104873e-01,2.269280429700999913e-16
6.695673918479621012e-01,2.267209842250000063e-16
6.696674168542136041e-01,2.265919375934999815e-16
6.697674418604651070e-01,2.263608471841999872e-16
6.698674668667167209e-01,2.262186080362000085e-16
6.699674918729683348e-01,2.260350122905000218e-16
6.700675168792198377e-01,2.258307210369000060e-16
6.701675418854713406e-01,2.257024643986000059e-16
6.702675668917229546e-01,2.254722581480999981e-16
6.703675918979745685e-01,2.253327280964999909e-16
6.704676169042260714e-01,2.251487854473999894e-16
6.705676419104776853e-01,2.249472923410999759e-16
6.706676669167292992e-01,2.248197761002000114e-16
6.707676919229808021e-01,2.245905039283999816e-16
6.708677169292323050e-01,2.244536407644000187e-16
6.709677419354839190e-01,2.242693395571000245e-16
6.710677669417355329e-01,2.240706590942000206e-16
6.711677919479870358e-01,2.239438141496000060e-16
6.712678169542385387e-01,2.237155093289999770e-16
6.713678419604901526e-01,2.235812590692999775e-16
6.714678669667417665e-01,2.233965840772999822e-16
6.715678919729932694e-01,2.232007286298999948e-16
6.716679169792447723e-01,2.230744938582999758e-16
6.717679419854964973e-01,2.228472066910999789e-16
6.718679669917480002e-01,2.227155342247000214e-16
6.719679919979995031e-01,2.225304936130999927e-16
6.720680170042511170e-01,2.223374929945000101e-16
6.721680420105027309e-01,2.222118095234000060e-16
6.722680670167542338e-01,2.219855723959999975e-16
6.723680920230057367e-01,2.218564112504999901e-16
6.724681170292573507e-01,2.216709730744999925e-16
6.725681420355089646e-01,2.214808090515999923e-16
6.726681670417604675e-01,2.213555828885000116e-16
6.727681920480119704e-01,2.211304077322999941e-16
6.728682170542635843e-01,2.210036822246999878e-16
6.729682420605151982e-01,2.208178215322000051e-16
6.730682670667667011e-01,2.206304947259999940e-16
6.731682920730183151e-01,2.205056671482000086e-16
6.732683170792699290e-01,2.202816094315999891e-16
6.733683420855214319e-01,2.201572937537999983e-16
6.734683670917729348e-01,2.199710464015000089e-16
6.735683920980245487e-01,2.197866066447000089e-16
6.736684171042761626e-01,2.196621458440000018e-16
6.737684421105276655e-01,2.194392682532000100e-16
6.738684671167791684e-01,2.193173239649000045e-16
6.739684921230307824e-01,2.191306906189999949e-16
6.740685171292823963e-01,2.189491401078000072e-16
6.741685421355338992e-01,2.188249729908000092e-16
6.742685671417855131e-01,2.186032892145999918e-16
6.743685921480371270e-01,2.184836222615000004e-16
6.744686171542886299e-01,2.182965579788000098e-16
6.745686421605401328e-01,2.181178633824999989e-16
6.746686671667917468e-01,2.179939130729999938e-16
6.747686921730433607e-01,2.177734701280000065e-16
6.748687171792948636e-01,2.176560449129999997e-16
6.749687421855463665e-01,2.174685822208999965e-16
6.750687671917979804e-01,2.172927793730000100e-16
6.751687921980495943e-01,2.171690052315999903e-16
6.752688172043010972e-01,2.169498510267999984e-16
6.753688422105526001e-01,2.168346145401999943e-16
6.754688672168043251e-01,2.166467606129999925e-16
6.755688922230558280e-01,2.164738543023000003e-16
6.756689172293073309e-01,2.163501926779000115e-16
6.757689422355589448e-01,2.161323577692999978e-16
6.758689672418105587e-01,2.160192416913999915e-16
6.759689922480620616e-01,2.158309884627999951e-16
6.760690172543135645e-01,2.156609721695000039e-16
6.761690422605651785e-01,2.155373713558999940e-16
6.762690672668167924e-01,2.153209069534999930e-16
6.763690922730682953e-01,2.152098623931000048e-16
6.764691172793197982e-01,2.150212289227999980e-16
6.765691422855714121e-01,2.148541188797000021e-16
6.766691672918230260e-01,2.147305393021999881e-16
6.767691922980745289e-01,2.145154974647000080e-16
6.768692173043261429e-01,2.144064703043999877e-16
6.769692423105777568e-01,2.142174605259000112e-16
6.770692673168292597e-01,2.140532378177999927e-16
6.771692923230807626e-01,2.139296027139999972e-16
6.772693173293323765e-01,2.137160031022999897e-16
6.773693423355839904e-01,2.136089130323999891e-16
6.774693673418354933e-01,2.134195235616999983e-16
6.775693923480869962e-01,2.132581791971999922e-16
6.776694173543386102e-01,2.131344273785000040e-16
6.777694423605902241e-01,2.129223000439000075e-16
6.778694673668417270e-01,2.128170787921000110e-16
6.779694923730933409e-01,2.126273166235999946e-16
6.780695173793449548e-01,2.124688460814000028e-16
6.781695423855964577e-01,2.123449336741999967e-16
6.782695673918479606e-01,2.121343296255999998e-16
6.783695923980995746e-01,2.120309244276999979e-16
6.784696174043511885e-01,2.118408136598000006e-16
6.785696424106026914e-01,2.116852232141999948e-16
6.786696674168541943e-01,2.115611073595999936e-16
6.787696924231058082e-01,2.113520701838000006e-16
6.788697174293574221e-01,2.112504194410999910e-16
6.789697424356089250e-01,2.110599701718999921e-16
6.790697674418604279e-01,2.109072474567000038e-16
6.791697924481121529e-01,2.107828836835000057e-16
6.792698174543636558e-01,2.105754660841999906e-16
6.793698424606151587e-01,2.104755205564999913e-16
6.794698674668667726e-01,2.102847604369999933e-16
6.795698924731183865e-01,2.101349029737999961e-16
6.796699174793698894e-01,2.100102435096000036e-16
6.797699424856213923e-01,2.098044833844999942e-16
6.798699674918730063e-01,2.097061825591999994e-16
6.799699924981246202e-01,2.095151359770000047e-16
6.800700175043761231e-01,2.093681399083000008e-16
6.801700425106276260e-01,2.092431426382999880e-16
6.802700675168792399e-01,2.090390778048999998e-16
6.803700925231308538e-01,2.089423508598000061e-16
6.804701175293823567e-01,2.087510312232000055e-16
6.805701425356339707e-01,2.086068867114000055e-16
6.806701675418855846e-01,2.084815123936000054e-16
6.807701925481370875e-01,2.082791847236000037e-16
6.808702175543885904e-01,2.081839710691000072e-16
6.809702425606402043e-01,2.079923934480999895e-16
6.810702675668918182e-01,2.078510647080999890e-16
6.811702925731433211e-01,2.077252483890999990e-16
6.812703175793948240e-01,2.075246802464000018e-16
6.813703425856464380e-01,2.074309016831999937e-16
6.814703675918980519e-01,2.072390891185000104e-16
6.815703925981495548e-01,2.071005766730000093e-16
6.816704176044011687e-01,2.069742943559999937e-16
6.817704426106527826e-01,2.067755376651999911e-16
6.818704676169042855e-01,2.066831362401000079e-16
6.819704926231557884e-01,2.064911099960999960e-16
6.820705176294074024e-01,2.063553898093999949e-16
6.821705426356590163e-01,2.062285980516999878e-16
6.822705676419105192e-01,2.060316943964999925e-16
6.823705926481620221e-01,2.059406112727000031e-16
6.824706176544136360e-01,2.057484021993000104e-16
6.825706426606652499e-01,2.056154607802999947e-16
6.826706676669167528e-01,2.054881215843999918e-16
6.827706926731682557e-01,2.052931059322999885e-16
6.828707176794199807e-01,2.052032757691999903e-16
6.829707426856714836e-01,2.050109139646000054e-16
6.830707676919229865e-01,2.048807410464999956e-16
6.831707926981746004e-01,2.047528294906000049e-16
6.832708177044262143e-01,2.045597468155999927e-16
6.833708427106777172e-01,2.044711103502000026e-16
6.834708677169292201e-01,2.042786240047999913e-16
6.835708927231808341e-01,2.041511879607999902e-16
6.836709177294324480e-01,2.040226564205000080e-16
6.837709427356839509e-01,2.038315351968999981e-16
6.838709677419354538e-01,2.037440234897000096e-16
6.839709927481870677e-01,2.035514472367999954e-16
6.840710177544386816e-01,2.034267434221000091e-16
6.841710427606901845e-01,2.032975793543000060e-16
6.842710677669417985e-01,2.031084675123000088e-16
6.843710927731934124e-01,2.030220192471999972e-16
6.844711177794449153e-01,2.028293811464999922e-16
6.845711427856964182e-01,2.027073729805000083e-16
6.846711677919480321e-01,2.025775266808999921e-16
6.847711927981996460e-01,2.023904467572000070e-16
6.848712178044511489e-01,2.023049880931000111e-16
6.849712428107026518e-01,2.021123134017999983e-16
6.850712678169542658e-01,2.019929798218999931e-16
6.851712928232058797e-01,2.018624310590000081e-16
6.852713178294573826e-01,2.016774247406000031e-16
6.853713428357089965e-01,2.015929016242999877e-16
6.854713678419606104e-01,2.014002302092000073e-16
6.855713928482121133e-01,2.012835413134999919e-16
6.856714178544636162e-01,2.011522580522999964e-16
6.857714428607152302e-01,2.009693486064999976e-16
6.858714678669668441e-01,2.008856763677999934e-16
6.859714928732183470e-01,2.006930276546000090e-16
6.860715178794698499e-01,2.005789490354000042e-16
6.861715428857214638e-01,2.004469032326999979e-16
6.862715678919730777e-01,2.002661301623000009e-16
6.863715928982245806e-01,2.001832569240999956e-16
6.864716179044760835e-01,1.999906736142999978e-16
6.865716429107278085e-01,1.998791743310999957e-16
6.866716679169793114e-01,1.997463347317999986e-16
6.867716929232308143e-01,1.995677217481000114e-16
6.868717179294824282e-01,1.994855788180000029e-16
6.869717429357340421e-01,1.992930996295999901e-16
6.870717679419855450e-01,1.991841601442000064e-16
6.871717929482370479e-01,1.990505220559999979e-16
6.872718179544886619e-01,1.988741148146999889e-16
6.873718429607402758e-01,1.987926468215000091e-16
6.874718679669917787e-01,1.986003112689000037e-16
6.875718929732432816e-01,1.984938920149000060e-16
6.876719179794948955e-01,1.983594233745000032e-16
6.877719429857465094e-01,1.981852398306999885e-16
6.878719679919980123e-01,1.981043713741999928e-16
6.879719929982496263e-01,1.979122143319000086e-16
6.880720180045012402e-01,1.978082884156000046e-16
6.881720430107527431e-01,1.976729844791999916e-16
6.882720680170042460e-01,1.975010721807999911e-16
6.883720930232558599e-01,1.974207554093999988e-16
6.884721180295074738e-01,1.972288236974999922e-16
6.885721430357589767e-01,1.971273536878000123e-16
6.886721680420104796e-01,1.969911839158999935e-16
6.887721930482620936e-01,1.968215531436999998e-16
6.888722180545137075e-01,1.967417142594999955e-16
6.889722430607652104e-01,1.965500454440000074e-16
6.890722680670168243e-01,1.964509962270000063e-16
6.891722930732684382e-01,1.963139536324999886e-16
6.892723180795199411e-01,1.961466456374000107e-16
6.893723430857714440e-01,1.960672325857999922e-16
6.894723680920230580e-01,1.958758740389000114e-16
6.895723930982746719e-01,1.957792150364000060e-16
6.896724181045261748e-01,1.956412903928999879e-16
6.897724431107776777e-01,1.954763272638000012e-16
6.898724681170292916e-01,1.953972670400999879e-16
6.899724931232809055e-01,1.952062450465999922e-16
6.900725181295324084e-01,1.951119179210999949e-16
6.901725431357839113e-01,1.949730791631000083e-16
6.902725681420356363e-01,1.948104705193999911e-16
6.903725931482871392e-01,1.947316990766999900e-16
6.904726181545386421e-01,1.945410677559999891e-16
6.905726431607902560e-01,1.944490478727999933e-16
6.906726681670418699e-01,1.943092978166000052e-16
6.907726931732933728e-01,1.941490754173999900e-16
6.908727181795448757e-01,1.940705248959000120e-16
6.909727431857964897e-01,1.938803072564999879e-16
6.910727681920481036e-01,1.937905382029999938e-16
6.911727931982996065e-01,1.936498630766999954e-16
6.912728182045511094e-01,1.934920518745000001e-16
6.913728432108027233e-01,1.934136769555000012e-16
6.914728682170543372e-01,1.932239344569999895e-16
6.915728932233058401e-01,1.931363830559999923e-16
6.916729182295574541e-01,1.929947805686000034e-16
6.917729432358090680e-01,1.928394046065999993e-16
6.918729682420605709e-01,1.927611520079999914e-16
6.919729932483120738e-01,1.925719413623999950e-16
6.920730182545636877e-01,1.924865787732000025e-16
6.921730432608153016e-01,1.923440560791000099e-16
6.922730682670668045e-01,1.921911335071999937e-16
6.923730932733183074e-01,1.921129252562999917e-16
6.924731182795699214e-01,1.919242639640000092e-16
6.925731432858215353e-01,1.918410226775000053e-16
6.926731682920730382e-01,1.916975727727999904e-16
6.927731932983246521e-01,1.915471388653000075e-16
6.928732183045762660e-01,1.914689459843000120e-16
6.929732433108277689e-01,1.912809108118999902e-16
6.930732683170792718e-01,1.911997641274000046e-16
6.931732933233308858e-01,1.910553843873999913e-16
6.932733183295824997e-01,1.909074355538000014e-16
6.933733433358340026e-01,1.908291700644000042e-16
6.934733683420855055e-01,1.906417823900999929e-16
6.935733933483371194e-01,1.905626680390999963e-16
6.936734183545887333e-01,1.904173474506999949e-16
6.937734433608402362e-01,1.902718989036000059e-16
6.938734683670917391e-01,1.901935158405000096e-16
6.939734933733434641e-01,1.900068307506999896e-16
6.940735183795949670e-01,1.899297079329000092e-16
6.941735433858464699e-01,1.897834645548999925e-16
6.942735683920980838e-01,1.896405449778999992e-16
6.943735933983496977e-01,1.895619933167000077e-16
6.944736184046012006e-01,1.893760590515000026e-16
6.945736434108527035e-01,1.893008769401000109e-16
6.946736684171043175e-01,1.891537061889000114e-16
6.947736934233559314e-01,1.890133184236999955e-16
6.948737184296074343e-01,1.889345360318999939e-16
6.949737434358589372e-01,1.887493934403999968e-16
6.950737684421105511e-01,1.886760980505999925e-16
6.951737934483621650e-01,1.885280050399999988e-16
6.952738184546136679e-01,1.883901597448000077e-16
6.953738434608652819e-01,1.883110913425000034e-16
6.954738684671168958e-01,1.881267900624999933e-16
6.955738934733683987e-01,1.880553388175999996e-16
6.956739184796199016e-01,1.879063429745999935e-16
6.957739434858715155e-01,1.877710628097999985e-16
6.958739684921231294e-01,1.876916684133000098e-16
6.959739934983746323e-01,1.875082637149999978e-16
6.960740185046261352e-01,1.874386009796000030e-16
6.961740435108777492e-01,1.872887005344999980e-16
6.962740685171293631e-01,1.871559822173000113e-16
6.963740935233808660e-01,1.870761969160000045e-16
6.964741185296324799e-01,1.868937240202999951e-16
6.965741435358840938e-01,1.868257917871999923e-16
6.966741685421355967e-01,1.866749995654000068e-16
6.967741935483870996e-01,1.865448508054999878e-16
6.968742185546387136e-01,1.864646226691999974e-16
6.969742435608903275e-01,1.862831309131999977e-16
6.970742685671418304e-01,1.862168751777000078e-16
6.971742935733933333e-01,1.860652046301000003e-16
6.972743185796449472e-01,1.859376439842999968e-16
6.973743435858965611e-01,1.858569418051999947e-16
6.974743685921480640e-01,1.856764952702000030e-16
6.975743935983995669e-01,1.856118762913999923e-16
6.976744186046511809e-01,1.854593461933000106e-16
6.977744436109027948e-01,1.853343683144999926e-16
6.978744686171542977e-01,1.852531256184999903e-16
6.979744936234059116e-01,1.850737468159000039e-16
6.980745186296575255e-01,1.850106834341000075e-16
6.981745436359090284e-01,1.848572912321000113e-16
6.982745686421605313e-01,1.847348873454999930e-16
6.983745936484121453e-01,1.846530535632999891e-16
6.984746186546637592e-01,1.844747948380999981e-16
6.985746436609152621e-01,1.844132376892999998e-16
6.986746686671667650e-01,1.842590062455999970e-16
6.987746936734183789e-01,1.841391811922999967e-16
6.988747186796699928e-01,1.840567131700000055e-16
6.989747436859214957e-01,1.838796264910999878e-16
6.990747686921731097e-01,1.838195272481000073e-16
6.991747936984247236e-01,1.836644905900999954e-16
6.992748187046762265e-01,1.835472589035000015e-16
6.993748437109277294e-01,1.834641164633999903e-16
6.994748687171793433e-01,1.832882460718000061e-16
6.995748937234309572e-01,1.832295410944999900e-16
6.996749187296824601e-01,1.830737116140000023e-16
6.997749437359339630e-01,1.829590672623000023e-16
6.998749687421855770e-01,1.828752127556999931e-16
6.999749937484371909e-01,1.827006203540999906e-16
7.000750187546886938e-01,1.826432646134999903e-16
7.001750437609403077e-01,1.824866712750999921e-16
7.002750687671919216e-01,1.823746187867999914e-16
7.003750937734434245e-01,1.822900152392000033e-16
7.004751187796949274e-01,1.821167452403000069e-16
7.005751437859465414e-01,1.820606800213999918e-16
7.006751687921981553e-01,1.819033457772000094e-16
7.007751937984496582e-01,1.817938681582999985e-16
7.008752188047011611e-01,1.817084594310000077e-16
7.009752438109527750e-01,1.815365466589999919e-16
7.010752688172043889e-01,1.814817011398999969e-16
7.011752938234558918e-01,1.813236457693999931e-16
7.012753188297073947e-01,1.812167410411999907e-16
7.013753438359590087e-01,1.811304914417000109e-16
7.014753688422106226e-01,1.809599842684000069e-16
7.015753938484621255e-01,1.809063042636000113e-16
7.016754188547137394e-01,1.807475551927999964e-16
7.017754438609653533e-01,1.806432117938000092e-16
7.018754688672168562e-01,1.805560864847000072e-16
7.019754938734683591e-01,1.803870367291000027e-16
7.020755188797199731e-01,1.803344642519000045e-16
7.021755438859715870e-01,1.801750560460999948e-16
7.022755688922230899e-01,1.800732745494000007e-16
7.023755938984745928e-01,1.799852362370000030e-16
7.024756189047262067e-01,1.798176789500999970e-16
7.025756439109778206e-01,1.797661421052000052e-16
7.026756689172293235e-01,1.796060897048000034e-16
7.027756939234809375e-01,1.795068434715000120e-16
7.028757189297325514e-01,1.794178486809999956e-16
7.029757439359840543e-01,1.792518295992000080e-16
7.030757689422355572e-01,1.792012750450999917e-16
7.031757939484871711e-01,1.790406243507000099e-16
7.032758189547387850e-01,1.789439226090999942e-16
7.033758439609902879e-01,1.788539578364999981e-16
7.034758689672417908e-01,1.786895368111000087e-16
7.035758939734934048e-01,1.786399115628999978e-16
7.036759189797450187e-01,1.784786877766999960e-16
7.037759439859965216e-01,1.783844986944999919e-16
7.038759689922481355e-01,1.782935119232999986e-16
7.039759939984997494e-01,1.781307162289000086e-16
7.040760190047512523e-01,1.780819502765999957e-16
7.041760440110027552e-01,1.779201847701999926e-16
7.042760690172543692e-01,1.778285003301000008e-16
7.043760940235059831e-01,1.777364752797999884e-16
7.044761190297574860e-01,1.775753560818000059e-16
7.045761440360089889e-01,1.775273932115999900e-16
7.046761690422606028e-01,1.773651270441000024e-16
7.047761940485122167e-01,1.772759273386999955e-16
7.048762190547637196e-01,1.771828261083999957e-16
7.049762440610152225e-01,1.770234179788000051e-16
7.050762690672668365e-01,1.769761838237000107e-16
7.051762940735184504e-01,1.768134381171999947e-16
7.052763190797699533e-01,1.767266959249999986e-16
7.053763440860215672e-01,1.766324843834000069e-16
7.054763690922731811e-01,1.764748241696999899e-16
7.055763940985246840e-01,1.764282596014999935e-16
7.056764191047761869e-01,1.762650775504000042e-16
7.057764441110278009e-01,1.761807782627000030e-16
7.058764691172794148e-01,1.760854371989999905e-16
7.059764941235309177e-01,1.759295757755000013e-16
7.060765191297824206e-01,1.758836299781999990e-16
7.061765441360340345e-01,1.757200595741000002e-16
7.062765691422856484e-01,1.756381931574000066e-16
7.063765941485371513e-01,1.755417054440000091e-16
7.064766191547887653e-01,1.753876775720000007e-16
7.065766441610403792e-01,1.753422759291999900e-16
7.066766691672918821e-01,1.751783376114000008e-16
7.067766941735433850e-01,1.750988583080999990e-16
7.068767191797949989e-01,1.750011863451999975e-16
7.069767441860466128e-01,1.748490305838000119e-16
7.070767691922981157e-01,1.748041226830999880e-16
7.071767941985496186e-01,1.746398727169999930e-16
7.072768192048012326e-01,1.745627742875999940e-16
7.073768442110528465e-01,1.744639148378999940e-16
7.074768692173043494e-01,1.743136759505999921e-16
7.075768942235558523e-01,1.742691975352999885e-16
7.076769192298075772e-01,1.741046720313999880e-16
7.077769442360590801e-01,1.740299182524999936e-16
7.078769692423105830e-01,1.739298436352999958e-16
7.079769942485621970e-01,1.737815579868000015e-16
7.080770192548138109e-01,1.737374518499000033e-16
7.081770442610653138e-01,1.735727041080999907e-16
7.082770692673168167e-01,1.735002757223000109e-16
7.083770942735684306e-01,1.733989647813000053e-16
7.084771192798200445e-01,1.732526622548999985e-16
7.085771442860715474e-01,1.732088573382999986e-16
7.086771692923230503e-01,1.730439178096999946e-16
7.087771942985746643e-01,1.729737846487999999e-16
7.088772193048262782e-01,1.728712248007999878e-16
7.089772443110777811e-01,1.727269400278000076e-16
7.090772693173293950e-01,1.726833822541999990e-16
7.091772943235810089e-01,1.725183025987999975e-16
7.092773193298325118e-01,1.724504372957000059e-16
7.093773443360840147e-01,1.723466292207000105e-16
7.094773693423356287e-01,1.722044184649999977e-16
7.095773943485872426e-01,1.721610598603999965e-16
7.096774193548387455e-01,1.719958865478999945e-16
7.097774443610902484e-01,1.719302463831999973e-16
7.098774693673418623e-01,1.718251522245000009e-16
7.099774943735934762e-01,1.716850135856999907e-16
7.100775193798449791e-01,1.716417624472000039e-16
7.101775443860965931e-01,1.714765236689000083e-16
7.102775693923482070e-01,1.714130684630999892e-16
7.103775943985997099e-01,1.713066782455000056e-16
7.104776194048512128e-01,1.711686528940999936e-16
7.105776444111028267e-01,1.711254613272000095e-16
7.106776694173544406e-01,1.709602128028999891e-16
7.107776944236059435e-01,1.708989167243000053e-16
7.108777194298574464e-01,1.707912327331999895e-16
7.109777444361090604e-01,1.706553591566000064e-16
7.110777694423606743e-01,1.706121688363999951e-16
7.111777944486121772e-01,1.704469591423999928e-16
7.112778194548636801e-01,1.703877861719000074e-16
7.113778444611154050e-01,1.702787942598000024e-16
7.114778694673669079e-01,1.701450936552000061e-16
7.115778944736184108e-01,1.701018406707999891e-16
7.116779194798700248e-01,1.699367131402999884e-16
7.117779444861216387e-01,1.698796223873000083e-16
7.118779694923731416e-01,1.697693223814000081e-16
7.119779944986246445e-01,1.696378391784000122e-16
7.120780195048762584e-01,1.695944877211999912e-16
7.121780445111278723e-01,1.694295171624999992e-16
7.122780695173793752e-01,1.693744930514000010e-16
7.123780945236308781e-01,1.692628922373000101e-16
7.124781195298824921e-01,1.691336470902000058e-16
7.125781445361341060e-01,1.690901156520999914e-16
7.126781695423856089e-01,1.689253188014999909e-16
7.127781945486372228e-01,1.688722902870999880e-16
7.128782195548888367e-01,1.687593642801000045e-16
7.129782445611403396e-01,1.686323749058000063e-16
7.130782695673918425e-01,1.685886122818000111e-16
7.131782945736434565e-01,1.684240527647999904e-16
7.132783195798950704e-01,1.683729939169000077e-16
7.133783445861465733e-01,1.682587543812000021e-16
7.134783695923980762e-01,1.681340527616000000e-16
7.135783945986496901e-01,1.680900095510999928e-16
7.136784196049013040e-01,1.679257422842000012e-16
7.137784446111528069e-01,1.678766083710000095e-16
7.138784696174044209e-01,1.677610550252999977e-16
7.139784946236560348e-01,1.676386607793999910e-16
7.140785196299075377e-01,1.675942683289999955e-16
7.141785446361590406e-01,1.674303334632999968e-16
7.142785696424106545e-01,1.673830763258999893e-16
7.143785946486622684e-01,1.672662074375999900e-16
7.144786196549137713e-01,1.671461423243000119e-16
7.145786446611652742e-01,1.671013491083000042e-16
7.146786696674168882e-01,1.669377960844999988e-16
7.147786946736685021e-01,1.668923659190000079e-16
7.148787196799200050e-01,1.667741810099000099e-16
7.149787446861715079e-01,1.666564585541999921e-16
7.150787696924232328e-01,1.666112105082000104e-16
7.151787946986747357e-01,1.664481040304000113e-16
7.152788197049262386e-01,1.664044696353000000e-16
7.153788447111778526e-01,1.662849843988000095e-16
7.154788697174294665e-01,1.661696259469000070e-16
7.155788947236809694e-01,1.661238591346999972e-16
7.156789197299324723e-01,1.659612319184999980e-16
7.157789447361840862e-01,1.659193307726999945e-16
7.158789697424357001e-01,1.657985470315000122e-16
7.159789947486872030e-01,1.656855734712000093e-16
7.160790197549387059e-01,1.656392458673999989e-16
7.161790447611903199e-01,1.654771607059999886e-16
7.162790697674419338e-01,1.654369530097999930e-16
7.163790947736934367e-01,1.653148886551000089e-16
7.164791197799450506e-01,1.652043194674000062e-16
7.165791447861966645e-01,1.651573800023999949e-16
7.166791697924481674e-01,1.649958922692000008e-16
7.167791947986996703e-01,1.649573251216999983e-16
7.168792198049512843e-01,1.648339802903999942e-16
7.169792448112028982e-01,1.647258218192000022e-16
7.170792698174544011e-01,1.646782145762999942e-16
7.171792948237059040e-01,1.645173749845999939e-16
7.172793198299575179e-01,1.644804053883999941e-16
7.173793448362091318e-01,1.643558055246999975e-16
7.174793698424606347e-01,1.642500769465000032e-16
7.175793948487122487e-01,1.642017508251000080e-16
7.176794198549638626e-01,1.640416067739999993e-16
7.177794448612153655e-01,1.640061686253000001e-16
7.178794698674668684e-01,1.638803096244000082e-16
7.179794948737184823e-01,1.637770129657000086e-16
7.180795198799700962e-01,1.637279142713999878e-16
7.181795448862215991e-01,1.635685190605999879e-16
7.182795698924731020e-01,1.635345747502000024e-16
7.183795948987247160e-01,1.634074907937999979e-16
7.184796199049763299e-01,1.633066507876999946e-16
7.185796449112278328e-01,1.632567461776000061e-16
7.186796699174793357e-01,1.630981558332999935e-16
7.187796949237310606e-01,1.630656433468999913e-16
7.188797199299825635e-01,1.629373404436000066e-16
7.189797449362340664e-01,1.628389477047999923e-16
7.190797699424856804e-01,1.627881744031000014e-16
7.191797949487372943e-01,1.626304369481000050e-16
7.192798199549887972e-01,1.625993025628999937e-16
7.193798449612403001e-01,1.624698070448999960e-16
7.194798699674919140e-01,1.623738795649999893e-16
7.195798949737435279e-01,1.623221985063999905e-16
7.196799199799950308e-01,1.621653750028000123e-16
7.197799449862465337e-01,1.621355738941000048e-16
7.198799699924981477e-01,1.620049147949000075e-16
7.199799949987497616e-01,1.619114684435000109e-16
7.200800200050012645e-01,1.618588409368999903e-16
7.201800450112528784e-01,1.617029802481999974e-16
7.202800700175044923e-01,1.616744463745999985e-16
7.203800950237559952e-01,1.615426269192999912e-16
7.204801200300074981e-01,1.614516453205000012e-16
7.205801450362591121e-01,1.613980161869000091e-16
7.206801700425107260e-01,1.612431652656999937e-16
7.207801950487622289e-01,1.612158458735000039e-16
7.208802200550137318e-01,1.610829018103999996e-16
7.209802450612653457e-01,1.609943972476000101e-16
7.210802700675169596e-01,1.609397322170000028e-16
7.211802950737684625e-01,1.607859523415999938e-16
7.212803200800200765e-01,1.607597948803000069e-16
7.213803450862716904e-01,1.606257481680999927e-16
7.214803700925231933e-01,1.605397156983000121e-16
7.215803950987746962e-01,1.604839652122999947e-16
7.216804201050263101e-01,1.603312942276000064e-16
7.217804451112779240e-01,1.603062338147999914e-16
7.218804701175294269e-01,1.601711144438000048e-16
7.219804951237809298e-01,1.600875586501000106e-16
7.220805201300325438e-01,1.600306945211000051e-16
7.221805451362841577e-01,1.598792016792000073e-16
7.222805701425356606e-01,1.598551981065000039e-16
7.223805951487871635e-01,1.597190532651000036e-16
7.224806201550388884e-01,1.596379892870000109e-16
7.225806451612903913e-01,1.595799836250999977e-16
7.226806701675418942e-01,1.594297171411000011e-16
7.227806951737935082e-01,1.594066932801000031e-16
7.228807201800451221e-01,1.592695226494999980e-16
7.229807451862966250e-01,1.591909110017000031e-16
7.230807701925481279e-01,1.591316971567999982e-16
7.231807951987997418e-01,1.589826879273999880e-16
7.232808202050513557e-01,1.589605724769000020e-16
7.233808452113028586e-01,1.588224043492000045e-16
7.234808702175543615e-01,1.587462392781000021e-16
7.235808952238059755e-01,1.586857803645000015e-16
7.236809202300575894e-01,1.585380846657999977e-16
7.237809452363090923e-01,1.585168326895000075e-16
7.238809702425607062e-01,1.583777199451999906e-16
7.239809952488123201e-01,1.583040214043000042e-16
7.240810202550638230e-01,1.582423095707999970e-16
7.241810452613153259e-01,1.580959936055000110e-16
7.242810702675669399e-01,1.580755532950999904e-16
7.243810952738185538e-01,1.579355273956000034e-16
7.244811202800700567e-01,1.578642718178000018e-16
7.245811452863215596e-01,1.578012554825999975e-16
7.246811702925731735e-01,1.576563475906000083e-16
7.247811952988247874e-01,1.576366353116999945e-16
7.248812203050762903e-01,1.574957089560999980e-16
7.249812453113279043e-01,1.574268669675999920e-16
7.250812703175795182e-01,1.573625055038999899e-16
7.251812953238310211e-01,1.572190570822999906e-16
7.252813203300825240e-01,1.572000252481999879e-16
7.253813453363341379e-01,1.570582527963000029e-16
7.254813703425857518e-01,1.569918290179999906e-16
7.255813953488372547e-01,1.569261071294000036e-16
7.256814203550887576e-01,1.567841718332000048e-16
7.257814453613403716e-01,1.567657559979999923e-16
7.258814703675919855e-01,1.566231729109999973e-16
7.259814953738434884e-01,1.565591519601000009e-16
7.260815203800949913e-01,1.564920391605000004e-16
7.261815453863467162e-01,1.563516686509999895e-16
7.262815703925982191e-01,1.563338195274999976e-16
7.263815953988497220e-01,1.561904772316000045e-16
7.264816204051013360e-01,1.561288528222000006e-16
7.265816454113529499e-01,1.560603293405000119e-16
7.266816704176044528e-01,1.559215703209999917e-16
7.267816954238559557e-01,1.559042176048000076e-16
7.268817204301075696e-01,1.557601485926999902e-16
7.269817454363591835e-01,1.557008980337999946e-16
7.270817704426106864e-01,1.556309274639000065e-16
7.271817954488621893e-01,1.554938187316000078e-16
7.272818204551138033e-01,1.554769044024999913e-16
7.273818454613654172e-01,1.553321500951999895e-16
7.274818704676169201e-01,1.552752540112000030e-16
7.275818954738685340e-01,1.552038204493000082e-16
7.276819204801201479e-01,1.550684106624000075e-16
7.277819454863716508e-01,1.550518689270999968e-16
7.278819704926231537e-01,1.549064654901999978e-16
7.279819954988747677e-01,1.548518949314000105e-16
7.280820205051263816e-01,1.547789681491000073e-16
7.281820455113778845e-01,1.546452929738999974e-16
7.282820705176293874e-01,1.546290568659999918e-16
7.283820955238810013e-01,1.544830503918999996e-16
7.284821205301326152e-01,1.544307856362999970e-16
7.285821455363841181e-01,1.543563461169999987e-16
7.286821705426357321e-01,1.542244532122999885e-16
7.287821955488873460e-01,1.542084662105999972e-16
7.288822205551388489e-01,1.540619071498000016e-16
7.289822455613903518e-01,1.540119350160000058e-16
7.290822705676419657e-01,1.539359761029000001e-16
7.291822955738935796e-01,1.538059148590000120e-16
7.292823205801450825e-01,1.537901190606000123e-16
7.293823455863965854e-01,1.536430542092999987e-16
7.294823705926481994e-01,1.535953417635999932e-16
7.295823955988998133e-01,1.535178345312000042e-16
7.296824206051513162e-01,1.533896388031000070e-16
7.297824456114028191e-01,1.533739664551000056e-16
7.298824706176545440e-01,1.532264348794999959e-16
7.299824956239060469e-01,1.531809502584000007e-16
7.300825206301575498e-01,1.531018784023000107e-16
7.301825456364091638e-01,1.529755908395000099e-16
7.302825706426607777e-01,1.529599881465999994e-16
7.303825956489122806e-01,1.528120490985000007e-16
7.304826206551637835e-01,1.527687742792999943e-16
7.305826456614153974e-01,1.526881299999999887e-16
7.306826706676670113e-01,1.525637883259000117e-16
7.307826956739185142e-01,1.525481864985000007e-16
7.308827206801700171e-01,1.523998786820999991e-16
7.309827456864216311e-01,1.523587699093999899e-16
7.310827706926732450e-01,1.522765264107000044e-16
7.311827956989247479e-01,1.521541590258999926e-16
7.312828207051763618e-01,1.521384898658000121e-16
7.313828457114279757e-01,1.519898596852000082e-16
7.314828707176794786e-01,1.519508959725000035e-16
7.315828957239309815e-01,1.518670624157999965e-16
7.316829207301825955e-01,1.517467201381999992e-16
7.317829457364342094e-01,1.517309311722999937e-16
7.318829707426857123e-01,1.515820352255000000e-16
7.319829957489372152e-01,1.515451778523000027e-16
7.320830207551888291e-01,1.514597281872999937e-16
7.321830457614404430e-01,1.513414346611999917e-16
7.322830707676919459e-01,1.513254618525999882e-16
7.323830957739435599e-01,1.511763476987999888e-16
7.324831207801951738e-01,1.511415621720999968e-16
7.325831457864466767e-01,1.510544979456000020e-16
7.326831707926981796e-01,1.509382955789000085e-16
7.327831957989497935e-01,1.509220824758999934e-16
7.328832208052014074e-01,1.507728096098000057e-16
7.329832458114529103e-01,1.507400676161000098e-16
7.330832708177044132e-01,1.506513857475999938e-16
7.331832958239560272e-01,1.505373112957000115e-16
7.332833208302076411e-01,1.505208004248000023e-16
7.333833458364591440e-01,1.503714184883000114e-16
7.334833708427106469e-01,1.503406793129000012e-16
7.335833958489623718e-01,1.502503690108000122e-16
7.336834208552138747e-01,1.501384433911999976e-16
7.337834458614653776e-01,1.501215671155000002e-16
7.338834708677169916e-01,1.499721223990999933e-16
7.339834958739686055e-01,1.499433439999000082e-16
7.340835208802201084e-01,1.498514040529999976e-16
7.341835458864716113e-01,1.497416572336000117e-16
7.342835708927232252e-01,1.497243599172999880e-16
7.343835958989748391e-01,1.495749125681000060e-16
7.344836209052263420e-01,1.495480579562999891e-16
7.345836459114778449e-01,1.494544945200000025e-16
7.346836709177294589e-01,1.493469635431999958e-16
7.347836959239810728e-01,1.493291867069000039e-16
7.348837209302325757e-01,1.491797877220000074e-16
7.349837459364841896e-01,1.491548136206999921e-16
7.350837709427358035e-01,1.490596258546999945e-16
7.351837959489873064e-01,1.489543380535999948e-16
7.352838209552388093e-01,1.489360281396000015e-16
7.353838459614904233e-01,1.487867371177999912e-16
7.354838709677420372e-01,1.487635988429999888e-16
7.355838959739935401e-01,1.486667824873000005e-16
7.356839209802450430e-01,1.485637562274999922e-16
7.357839459864966569e-01,1.485448460595000102e-16
7.358839709927482708e-01,1.483957094657999993e-16
7.359839959989997737e-01,1.483743628215999902e-16
7.360840210052513877e-01,1.482759286907000032e-16
7.361840460115030016e-01,1.481751947443999959e-16
7.362840710177545045e-01,1.481556343621999899e-16
7.363840960240060074e-01,1.480067178410999917e-16
7.364841210302576213e-01,1.479871279977000012e-16
7.365841460365092352e-01,1.478870886193999895e-16
7.366841710427607381e-01,1.477886717316999889e-16
7.367841960490122410e-01,1.477684026549000122e-16
7.368842210552638550e-01,1.476197530217000111e-16
7.369842460615154689e-01,1.476018568920000099e-16
7.370842710677669718e-01,1.475002044419000081e-16
7.371842960740184747e-01,1.474041210419000083e-16
7.372843210802700886e-01,1.473830920841999967e-16
7.373843460865217025e-01,1.472347742700000068e-16
7.374843710927732054e-01,1.472185380903999897e-16
7.375843960990248194e-01,1.471152974032000083e-16
7.376844211052764333e-01,1.470215771894999919e-16
7.377844461115279362e-01,1.469997382623000032e-16
7.378844711177794391e-01,1.468518113409000025e-16
7.379844961240310530e-01,1.468371877116999937e-16
7.380845211302826669e-01,1.467323674467000091e-16
7.381845461365341698e-01,1.466410230855999877e-16
7.382845711427856727e-01,1.466183155047000054e-16
7.383845961490372867e-01,1.464708291232000021e-16
7.384846211552889006e-01,1.464577607412000015e-16
7.385846461615404035e-01,1.463513734958000019e-16
7.386846711677920174e-01,1.462624245662999938e-16
7.387846961740436313e-01,1.462387953260999924e-16
7.388847211802951342e-01,1.460918035951999945e-16
7.389847461865466371e-01,1.460802336288999967e-16
7.390847711927982511e-01,1.459722851358000049e-16
7.391847961990498650e-01,1.458857379049000108e-16
7.392848212053013679e-01,1.458611299029999979e-16
7.393848462115528708e-01,1.457146902137999903e-16
7.394848712178044847e-01,1.457045710686999895e-16
7.395848962240560986e-01,1.455950835450999984e-16
7.396849212303076015e-01,1.455109576975999903e-16
7.397849462365592155e-01,1.454853250550999888e-16
7.398849712428108294e-01,1.453394988875999995e-16
7.399849962490623323e-01,1.453307844114000081e-16
7.400850212553138352e-01,1.452197862585000108e-16
7.401850462615654491e-01,1.451381075684999954e-16
7.402850712678170630e-01,1.451114160652999994e-16
7.403850962740685659e-01,1.449662720959000084e-16
7.404851212803200688e-01,1.449589130751000031e-16
7.405851462865716828e-01,1.448464222116999897e-16
7.406851712928232967e-01,1.447671921007000039e-16
7.407851962990747996e-01,1.447393818417000108e-16
7.408852213053263025e-01,1.445949675625000115e-16
7.409852463115779164e-01,1.445889016187999913e-16
7.410852713178295303e-01,1.444749396771000096e-16
7.411852963240810332e-01,1.443981724090999999e-16
7.412853213303326472e-01,1.443691973525000093e-16
7.413853463365842611e-01,1.442255676217999887e-16
7.414853713428357640e-01,1.442207339960000074e-16
7.415853963490872669e-01,1.441053146640999886e-16
7.416854213553388808e-01,1.440310056304999992e-16
7.417854463615904947e-01,1.440008092343999898e-16
7.418854713678419976e-01,1.438580184721999909e-16
7.419854963740935005e-01,1.438543643599000078e-16
7.420855213803451145e-01,1.437375148065000111e-16
7.421855463865967284e-01,1.436656735222000106e-16
7.422855713928482313e-01,1.436342164760000054e-16
7.423855963990998452e-01,1.434923185534999917e-16
7.424856214053514591e-01,1.434897781879000028e-16
7.425856464116029620e-01,1.433715225371000027e-16
7.426856714178544649e-01,1.433021543844000055e-16
7.427856964241060789e-01,1.432693953832000014e-16
7.428857214303576928e-01,1.431284566040999906e-16
7.429857464366091957e-01,1.431269872034000050e-16
7.430857714428606986e-01,1.430073653184000008e-16
7.431857964491123125e-01,1.429404780200999877e-16
7.432858214553639264e-01,1.429063750522999997e-16
7.433858464616154293e-01,1.427664449558999881e-16
7.434858714678670433e-01,1.427659739196000023e-16
7.435858964741186572e-01,1.426450034829000031e-16
7.436859214803701601e-01,1.425805907948999893e-16
7.437859464866216630e-01,1.425450985872000031e-16
7.438859714928732769e-01,1.424062346691000099e-16
7.439859964991248908e-01,1.424067080673999965e-16
7.440860215053763937e-01,1.422844237913999961e-16
7.441860465116278966e-01,1.422224872617999909e-16
7.442860715178795106e-01,1.421855692294999881e-16
7.443860965241311245e-01,1.420478248826000023e-16
7.444861215303826274e-01,1.420491745952000067e-16
7.445861465366341303e-01,1.419256052184000103e-16
7.446861715428857442e-01,1.418661415826999967e-16
7.447861965491373581e-01,1.418277593817999941e-16
7.448862215553888610e-01,1.416911989919999909e-16
7.449862465616404750e-01,1.416933813757999922e-16
7.450862715678920889e-01,1.415685775666000115e-16
7.451862965741435918e-01,1.415115971953999877e-16
7.452863215803950947e-01,1.414717262364999956e-16
7.453863465866467086e-01,1.413364139392999931e-16
7.454863715928983225e-01,1.413393721298999994e-16
7.455863965991498254e-01,1.412133660065999913e-16
7.456864216054013283e-01,1.411588557867000123e-16
7.457864466116529423e-01,1.411174537709000102e-16
7.458864716179045562e-01,1.409834343695999987e-16
7.459864966241560591e-01,1.409870972416999993e-16
7.460865216304076730e-01,1.408599213464000101e-16
7.461865466366592869e-01,1.408078671761000022e-16
7.462865716429107898e-01,1.407648866222999967e-16
7.463865966491622927e-01,1.406321943086000036e-16
7.464866216554139067e-01,1.406364740294999982e-16
7.465866466616655206e-01,1.405081454081000100e-16
7.466866716679170235e-01,1.404585314059000039e-16
7.467866966741685264e-01,1.404139433300000043e-16
7.468867216804201403e-01,1.402826437765000081e-16
7.469867466866717542e-01,1.402875030846999941e-16
7.470867716929232571e-01,1.401580870378000037e-16
7.471867966991747601e-01,1.401109171115999998e-16
7.472868217054264850e-01,1.400647034391000005e-16
7.473868467116779879e-01,1.399348604415000084e-16
7.474868717179294908e-01,1.399402379064999936e-16
7.475868967241811047e-01,1.398097713611999924e-16
7.476869217304327186e-01,1.397650256118999879e-16
7.477869467366842215e-01,1.397171446922000103e-16
7.478869717429357244e-01,1.395887954207999884e-16
7.479869967491873384e-01,1.395946165622000094e-16
7.480870217554389523e-01,1.394631392191999998e-16
7.481870467616904552e-01,1.394208047417000035e-16
7.482870717679419581e-01,1.393712325071000041e-16
7.483870967741935720e-01,1.392444396299999877e-16
7.484871217804451859e-01,1.392506516490000041e-16
7.485871467866966888e-01,1.391182098083000034e-16
7.486871717929483028e-01,1.390782752535999951e-16
7.487871967991999167e-01,1.390269896867000089e-16
7.488872218054514196e-01,1.389017957617000014e-16
7.489872468117029225e-01,1.389083240729999892e-16
7.490872718179545364e-01,1.387749562562000077e-16
7.491872968242061503e-01,1.387373939912000033e-16
7.492873218304576532e-01,1.386843615763999963e-16
7.493873468367091562e-01,1.385608174456999952e-16
7.494873718429607701e-01,1.385676049187000087e-16
7.495873968492123840e-01,1.384333640637999924e-16
7.496874218554638869e-01,1.383981607088999933e-16
7.497874468617155008e-01,1.383433634883999991e-16
7.498874718679671147e-01,1.382215184215999942e-16
7.499874968742186176e-01,1.382284933939000078e-16
7.500875218804701205e-01,1.380934172318999934e-16
7.501875468867217345e-01,1.380605441904999983e-16
7.502875718929733484e-01,1.380039503270999939e-16
7.503875968992248513e-01,1.378838443561000091e-16
7.504876219054763542e-01,1.378909486583000080e-16
7.505876469117279681e-01,1.377550995243999893e-16
7.506876719179795820e-01,1.377245495602999920e-16
7.507876969242310849e-01,1.376661605482000054e-16
7.508877219304825879e-01,1.375478576533999962e-16
7.509877469367343128e-01,1.375550263771000058e-16
7.510877719429858157e-01,1.374184416627999979e-16
7.511877969492373186e-01,1.373901740298000078e-16
7.512878219554889325e-01,1.373299513030999916e-16
7.513878469617405464e-01,1.372134785659999983e-16
7.514878719679920493e-01,1.372206363844999936e-16
7.515878969742435523e-01,1.370833633404999984e-16
7.516879219804951662e-01,1.370573518875000050e-16
7.517879469867467801e-01,1.369952786976999958e-16
7.518879719929982830e-01,1.368806861001999904e-16
7.519879969992497859e-01,1.368877815081000009e-16
7.520880220055013998e-01,1.367498859899000110e-16
7.521880470117530137e-01,1.367261207151000081e-16
7.522880720180045167e-01,1.366622004862000067e-16
7.523880970242561306e-01,1.365495405999999912e-16
7.524881220305077445e-01,1.365565120422999999e-16
7.525881470367592474e-01,1.364180441329999944e-16
7.526881720430107503e-01,1.363964871737000116e-16
7.527881970492623642e-01,1.363307028252000051e-16
7.528882220555139781e-01,1.362200216927999953e-16
7.529882470617654810e-01,1.362268106870000093e-16
7.530882720680169840e-01,1.360878299242000120e-16
7.531882970742685979e-01,1.360684540086999994e-16
7.532883220805202118e-01,1.360007916332000036e-16
7.533883470867717147e-01,1.358921192964999961e-16
7.534883720930233286e-01,1.358986440467000006e-16
7.535883970992749425e-01,1.357591874257999992e-16
7.536884221055264454e-01,1.357419461162000027e-16
7.537884471117779484e-01,1.356723871078000099e-16
7.538884721180295623e-01,1.355657628193999944e-16
7.539884971242811762e-01,1.355719644091000099e-16
7.540885221305326791e-01,1.354320942901000100e-16
7.541885471367841820e-01,1.354169627682000063e-16
7.542885721430357959e-01,1.353455064605999929e-16
7.543885971492874098e-01,1.352409738983000095e-16
7.544886221555389128e-01,1.352467957651000094e-16
7.545886471617904157e-01,1.351065729580999993e-16
7.546886721680421406e-01,1.350935154650999901e-16
7.547886971742936435e-01,1.350201546901000064e-16
7.548887221805451464e-01,1.349177474078000009e-16
7.549887471867967603e-01,1.349231176142999914e-16
7.550887721930483742e-01,1.347825898794000000e-16
7.551887971992998771e-01,1.347715614231000036e-16
7.552888222055513801e-01,1.346962860699000012e-16
7.553888472118029940e-01,1.345960395891999993e-16
7.554888722180546079e-01,1.346008976180000025e-16
7.555888972243061108e-01,1.344601298613000065e-16
7.556889222305576137e-01,1.344511073702000066e-16
7.557889472368092276e-01,1.343739261037000115e-16
7.558889722430608415e-01,1.342758779966999950e-16
7.559889972493123445e-01,1.342801629079000111e-16
7.560890222555639584e-01,1.341392074420999921e-16
7.561890472618155723e-01,1.341321401830000086e-16
7.562890722680670752e-01,1.340530519644000008e-16
7.563890972743185781e-01,1.339572472799999948e-16
7.564891222805701920e-01,1.339609141388999901e-16
7.565891472868218059e-01,1.338198445557000058e-16
7.566891722930733089e-01,1.338146966205000036e-16
7.567891972993248118e-01,1.337336995748999963e-16
7.568892223055764257e-01,1.336401618397000115e-16
7.569892473118280396e-01,1.336431381093999948e-16
7.570892723180795425e-01,1.335020078048999990e-16
7.571892973243311564e-01,1.334987385053000115e-16
7.572893223305827703e-01,1.334158375063999956e-16
7.573893473368342732e-01,1.333245950056000013e-16
7.574893723430857762e-01,1.333268149173999973e-16
7.575893973493373901e-01,1.331856749661999879e-16
7.576894223555890040e-01,1.331842313054000044e-16
7.577894473618405069e-01,1.330994256892999914e-16
7.578894723680920098e-01,1.330105035970000072e-16
7.579894973743436237e-01,1.330119053634000104e-16
7.580895223805952376e-01,1.328708122317999921e-16
7.581895473868467406e-01,1.328711390410000098e-16
7.582895723930982435e-01,1.327844279056000098e-16
7.583895973993499684e-01,1.326978510568000107e-16
7.584896224056014713e-01,1.326983746863999961e-16
7.585896474118529742e-01,1.325573970761000002e-16
7.586896724181045881e-01,1.325594638574000116e-16
7.587896974243562020e-01,1.324708673344000040e-16
7.588897224306077050e-01,1.323866664766000005e-16
7.589897474368592079e-01,1.323862554513999918e-16
7.590897724431108218e-01,1.322454476870999938e-16
7.591897974493624357e-01,1.322491932455999968e-16
7.592898224556139386e-01,1.321587181129000036e-16
7.593898474618654415e-01,1.320769247265999943e-16
7.594898724681170554e-01,1.320755315133000118e-16
7.595898974743686694e-01,1.319349713771999983e-16
7.596899224806201723e-01,1.319403648069000032e-16
7.597899474868717862e-01,1.318480309542000101e-16
7.598899724931234001e-01,1.317686654105000060e-16
7.599899974993749030e-01,1.317662276056000104e-16
7.600900225056264059e-01,1.316259671251000102e-16
7.601900475118780198e-01,1.316329455224000045e-16
7.602900725181296337e-01,1.315387609849000040e-16
7.603900975243811367e-01,1.314618451583999994e-16
7.604901225306326396e-01,1.314583073579999877e-16
7.605901475368842535e-01,1.313184102045999971e-16
7.606901725431358674e-01,1.313269252005000112e-16
7.607901975493873703e-01,1.312309054683000034e-16
7.608902225556389842e-01,1.311564572812999913e-16
7.609902475618905981e-01,1.311517649176000015e-16
7.610902725681421011e-01,1.310122894685999881e-16
7.611902975743936040e-01,1.310222793657000112e-16
7.612903225806452179e-01,1.309244344343000111e-16
7.613903475868968318e-01,1.308524647756999950e-16
7.614903725931483347e-01,1.308465577614999943e-16
7.615903975993998376e-01,1.307075633622000000e-16
7.616904226056514515e-01,1.307189738354000054e-16
7.617904476119030655e-01,1.306193276665999914e-16
7.618904726181545684e-01,1.305498602014999952e-16
7.619904976244060713e-01,1.305426943372999973e-16
7.620905226306577962e-01,1.304042568115999951e-16
7.621905476369092991e-01,1.304170453552999902e-16
7.622905726431608020e-01,1.303156271629999908e-16
7.623905976494124159e-01,1.302486807956999963e-16
7.624906226556640298e-01,1.302401995267000088e-16
7.625906476619155328e-01,1.301023682447000050e-16
7.626906726681670357e-01,1.301164640838000114e-16
7.627906976744186496e-01,1.300132825190000029e-16
7.628907226806702635e-01,1.299488577666999980e-16
7.629907476869217664e-01,1.299390038701999975e-16
7.630907726931732693e-01,1.298018400010000025e-16
7.631907976994248832e-01,1.298171861395000090e-16
7.632908227056764972e-01,1.297122682520000013e-16
7.633908477119280001e-01,1.296503809221999953e-16
7.634908727181796140e-01,1.296391103393999939e-16
7.635908977244312279e-01,1.295026860889999910e-16
7.636909227306827308e-01,1.295192371411999998e-16
7.637909477369342337e-01,1.294126211523999968e-16
7.638909727431858476e-01,1.293532933849999955e-16
7.639909977494374616e-01,1.293405673015000089e-16
7.640910227556889645e-01,1.292049449768999894e-16
7.641910477619404674e-01,1.292226387583999887e-16
7.642910727681920813e-01,1.291143532853000087e-16
7.643910977744436952e-01,1.290575946917999920e-16
7.644911227806951981e-01,1.290433719310000097e-16
7.645911477869468120e-01,1.289086237413999958e-16
7.646911727931984259e-01,1.289274051392000094e-16
7.647911977994499289e-01,1.288174770723000057e-16
7.648912228057014318e-01,1.287632845673000028e-16
7.649912478119530457e-01,1.287475053639000093e-16
7.650912728182046596e-01,1.286136782286000050e-16
7.651912978244561625e-01,1.286334736227999975e-16
7.652913228307076654e-01,1.285219261498000111e-16
7.653913478369592793e-01,1.284702992543000072e-16
7.654913728432108933e-01,1.284529169686000120e-16
7.655913978494623962e-01,1.283200718131999902e-16
7.656914228557138991e-01,1.283408161234000095e-16
7.657914478619656240e-01,1.282276796529000072e-16
7.658914728682171269e-01,1.281786226130000064e-16
7.659914978744686298e-01,1.281595965867999920e-16
7.660915228807202437e-01,1.280277981190999947e-16
7.661915478869718577e-01,1.280494342850000016e-16
7.662915728932233606e-01,1.279347489618999934e-16
7.663915978994748635e-01,1.278882652148999941e-16
7.664916229057264774e-01,1.278675536694000025e-16
7.665916479119780913e-01,1.277368655219999879e-16
7.666916729182295942e-01,1.277593353689999937e-16
7.667916979244810971e-01,1.276431396152999899e-16
7.668917229307327110e-01,1.275992302895000042e-16
7.669917479369843250e-01,1.275767956723999938e-16
7.670917729432358279e-01,1.274472727085000080e-16
7.671917979494874418e-01,1.274704991960000033e-16
7.672918229557390557e-01,1.273528200479000027e-16
7.673918479619905586e-01,1.273114728834999940e-16
7.674918729682420615e-01,1.272872676605000054e-16
7.675918979744936754e-01,1.271589689846000030e-16
7.676919229807452894e-01,1.271828929434999918e-16
7.677919479869967923e-01,1.270637753743000028e-16
7.678919729932482952e-01,1.270249920501000085e-16
7.679919979994999091e-01,1.269989861655999965e-16
7.680920230057515230e-01,1.268719766639999892e-16
7.681920480120030259e-01,1.268965371049999981e-16
7.682920730182546398e-01,1.267760274980999905e-16
7.683920980245062538e-01,1.267398053753999969e-16
7.684921230307577567e-01,1.267119657659999955e-16
7.685921480370092596e-01,1.265863085597000033e-16
7.686921730432608735e-01,1.266114405520999954e-16
7.687921980495124874e-01,1.264895782232000062e-16
7.688922230557639903e-01,1.264559034633000025e-16
7.689922480620154932e-01,1.264261818970000118e-16
7.690922730682671071e-01,1.263019134443999957e-16
7.691922980745187211e-01,1.263275292671999878e-16
7.692923230807702240e-01,1.262043400941999931e-16
7.693923480870217269e-01,1.261731944858000046e-16
7.694923730932734518e-01,1.261415715417999967e-16
7.695923980995249547e-01,1.260187785717999923e-16
7.696924231057764576e-01,1.260448430914000117e-16
7.697924481120280715e-01,1.259204041578000024e-16
7.698924731182796855e-01,1.258917969898999894e-16
7.699924981245311884e-01,1.258582429327999902e-16
7.700925231307826913e-01,1.257369725072000082e-16
7.701925481370343052e-01,1.257634012172999902e-16
7.702925731432859191e-01,1.256377398256000057e-16
7.703925981495374220e-01,1.256116471854999991e-16
7.704926231557889249e-01,1.255761279836999923e-16
7.705926481620405388e-01,1.254564326597000070e-16
7.706926731682921528e-01,1.254831579699999927e-16
7.707926981745436557e-01,1.253563188556000042e-16
7.708927231807952696e-01,1.253327136990000062e-16
7.709927481870468835e-01,1.252951913289000068e-16
7.710927731932983864e-01,1.251771227277999998e-16
7.711927981995498893e-01,1.252040757295999968e-16
7.712928232058015032e-01,1.250761135963999936e-16
7.713928482120531172e-01,1.250549896507999914e-16
7.714928732183046201e-01,1.250154440240999916e-16
7.715928982245561230e-01,1.248990590636000074e-16
7.716929232308077369e-01,1.249261741400000020e-16
7.717929482370593508e-01,1.247971365353000014e-16
7.718929732433108537e-01,1.247784723934999884e-16
7.719929982495624676e-01,1.247368900908999978e-16
7.720930232558140816e-01,1.246222598695000016e-16
7.721930482620655845e-01,1.246494836224000065e-16
7.722930732683170874e-01,1.245194373763000060e-16
7.723930982745687013e-01,1.245032178788999894e-16
7.724931232808203152e-01,1.244595618921999879e-16
7.725931482870718181e-01,1.243467143498999883e-16
7.726931732933233210e-01,1.243739523990999973e-16
7.727931982995749349e-01,1.242429289144999947e-16
7.728932233058265489e-01,1.242291251737000064e-16
7.729932483120780518e-01,1.241833818792000048e-16
7.730932733183295547e-01,1.240723795105000030e-16
7.731932983245812796e-01,1.240995749608999984e-16
7.732933233308327825e-01,1.239676344055000031e-16
7.733933483370842854e-01,1.239562187156999947e-16
7.734933733433358993e-01,1.239083669673999918e-16
7.735933983495875133e-01,1.237992649379000011e-16
7.736934233558390162e-01,1.238263562533000003e-16
7.737934483620905191e-01,1.236935614669000117e-16
7.738934733683421330e-01,1.236845134484999958e-16
7.739934983745937469e-01,1.236345389169000123e-16
7.740935233808452498e-01,1.235273856811999891e-16
7.741935483870967527e-01,1.235542993579000061e-16
7.742935733933483666e-01,1.234207043639999886e-16
7.743935983995999806e-01,1.234139965578000041e-16
7.744936234058514835e-01,1.233618822377999931e-16
7.745936484121030974e-01,1.232567245206000112e-16
7.746936734183547113e-01,1.232833912824999938e-16
7.747936984246062142e-01,1.231490521631999902e-16
7.748937234308577171e-01,1.231446548413000103e-16
7.749937484371093310e-01,1.230903886981999894e-16
7.750937734433609450e-01,1.229872743669999894e-16
7.751937984496124479e-01,1.230136246104000032e-16
7.752938234558639508e-01,1.228785936563000076e-16
7.753938484621155647e-01,1.228764603204000063e-16
7.754938734683671786e-01,1.228200117377000066e-16
7.755938984746186815e-01,1.227189733350999999e-16
7.756939234808702954e-01,1.227449336624000018e-16
7.757939484871219094e-01,1.226092720355000053e-16
7.758939734933734123e-01,1.226093771242999877e-16
7.759939984996249152e-01,1.225507487429000081e-16
7.760940235058765291e-01,1.224518418429000039e-16
7.761940485121281430e-01,1.224773477523999955e-16
7.762940735183796459e-01,1.223411168015999964e-16
7.763940985246311488e-01,1.223434291934999981e-16
7.764941235308827627e-01,1.222826188519999950e-16
7.765941485371343767e-01,1.221858908519999959e-16
7.766941735433858796e-01,1.222108763706000029e-16
7.767941985496373825e-01,1.220741381291000050e-16
7.768942235558889964e-01,1.220786137876999899e-16
7.769942485621406103e-01,1.220156025241000080e-16
7.770942735683921132e-01,1.219210907971999963e-16
7.771942985746437271e-01,1.219454898183000042e-16
7.772943235808953411e-01,1.218083122180999978e-16
7.773943485871468440e-01,1.218149282596000097e-16
7.774943735933983469e-01,1.217497296580000097e-16
7.775943985996499608e-01,1.216574869262000040e-16
7.776944236059015747e-01,1.216812352760000090e-16
7.777944486121530776e-01,1.215436722929999928e-16
7.778944736184045805e-01,1.215523705913000003e-16
7.779944986246561944e-01,1.214849596866000066e-16
7.780945236309078084e-01,1.213950023991999925e-16
7.781945486371593113e-01,1.214180180421000084e-16
7.782945736434109252e-01,1.212801302211999966e-16
7.783945986496625391e-01,1.212908752019999980e-16
7.784946236559140420e-01,1.212212627288999922e-16
7.785946486621655449e-01,1.211336436549999886e-16
7.786946736684171588e-01,1.211558741683000119e-16
7.787946986746687728e-01,1.210177327656999948e-16
7.788947236809202757e-01,1.210304834779000106e-16
7.789947486871717786e-01,1.209586750272000120e-16
7.790947736934233925e-01,1.208734365818999902e-16
7.791947986996750064e-01,1.208948234356999895e-16
7.792948237059265093e-01,1.207565032459999994e-16
7.793948487121781232e-01,1.207712211032000016e-16
7.794948737184297372e-01,1.206972217756999901e-16
7.795948987246812401e-01,1.206144012916999989e-16
7.796949237309327430e-01,1.206348757155000061e-16
7.797949487371843569e-01,1.204964341671000094e-16
7.798949737434359708e-01,1.205130693380999952e-16
7.799949987496874737e-01,1.204368758406999986e-16
7.800950237559389766e-01,1.203564892626999934e-16
7.801950487621905905e-01,1.203759727320000046e-16
7.802950737684422045e-01,1.202374619745000079e-16
7.803950987746937074e-01,1.202559474204999989e-16
7.804951237809452103e-01,1.201775534618000064e-16
7.805951487871968242e-01,1.200996265520999904e-16
7.806951737934484381e-01,1.201180530598000032e-16
7.807951987996999410e-01,1.199795480142000107e-16
7.808952238059515549e-01,1.199998507814000115e-16
7.809952488122031689e-01,1.199192832610000047e-16
7.810952738184546718e-01,1.198438673693999945e-16
7.811952988247061747e-01,1.198611926427999920e-16
7.812953238309577886e-01,1.197227688977999885e-16
7.813953488372094025e-01,1.197448403470999968e-16
7.814953738434609054e-01,1.196621116147999943e-16
7.815953988497124083e-01,1.195892327380999906e-16
7.816954238559640222e-01,1.196053873502999882e-16
7.817954488622156362e-01,1.194671090330000037e-16
7.818954738684671391e-01,1.194908947908000109e-16
7.819954988747187530e-01,1.194060100297999901e-16
7.820955238809703669e-01,1.193356904184000105e-16
7.821955488872218698e-01,1.193506121689000107e-16
7.822955738934733727e-01,1.192125452311000106e-16
7.823955988997249866e-01,1.192379966733999955e-16
7.824956239059766006e-01,1.191509803000000005e-16
7.825956489122281035e-01,1.190832530144999984e-16
7.826956739184796064e-01,1.190968912391000083e-16
7.827956989247312203e-01,1.189591076396000081e-16
7.828957239309828342e-01,1.189861620108999895e-16
7.829957489372343371e-01,1.188970200627000092e-16
7.830957739434859510e-01,1.188318937324999880e-16
7.831957989497375650e-01,1.188441718263999931e-16
7.832958239559890679e-01,1.187067306003999960e-16
7.833958489622405708e-01,1.187353264032000034e-16
7.834958739684921847e-01,1.186440770706000057e-16
7.835958989747437986e-01,1.185815823888999926e-16
7.836959239809953015e-01,1.185924512669000114e-16
7.837959489872468044e-01,1.184554277881000055e-16
7.838959739934984183e-01,1.184855115462000117e-16
7.839959989997500323e-01,1.183921712596000088e-16
7.840960240060015352e-01,1.183323200908999918e-16
7.841960490122530381e-01,1.183417139108000049e-16
7.842960740185046520e-01,1.182051682670999891e-16
7.843960990247562659e-01,1.182366809194999991e-16
7.844961240310077688e-01,1.181412805550000075e-16
7.845961490372593827e-01,1.180840985336999993e-16
7.846961740435109967e-01,1.180919706735999969e-16
7.847961990497624996e-01,1.179559865343999912e-16
7.848962240560140025e-01,1.179888764714000012e-16
7.849962490622656164e-01,1.178914433183000014e-16
7.850962740685172303e-01,1.178369527484000118e-16
7.851962990747687332e-01,1.178432490109999944e-16
7.852963240810202361e-01,1.177078877756999882e-16
7.853963490872718500e-01,1.177420860954999995e-16
7.854963740935234640e-01,1.176426385266999961e-16
7.855963990997749669e-01,1.175908395005999933e-16
7.856964241060265808e-01,1.175954857904999879e-16
7.857964491122781947e-01,1.174607972663999883e-16
7.858964741185296976e-01,1.174962219661999885e-16
7.859964991247812005e-01,1.173947684154000122e-16
7.860965241310328144e-01,1.173456691024000073e-16
7.861965491372844284e-01,1.173486263728999927e-16
7.862965741435359313e-01,1.172147011589999909e-16
7.863965991497874342e-01,1.172513183162999937e-16
7.864966241560390481e-01,1.171479222117000042e-16
7.865966491622906620e-01,1.171015585031000065e-16
7.866966741685421649e-01,1.171027898430999888e-16
7.867966991747936678e-01,1.169697058311999914e-16
7.868967241810453928e-01,1.170074562922999954e-16
7.869967491872968957e-01,1.169021531774999931e-16
7.870967741935483986e-01,1.168585375369999990e-16
7.871967991998000125e-01,1.168579960888999901e-16
7.872968242060516264e-01,1.167258253020999909e-16
7.873968492123031293e-01,1.167646417399000024e-16
7.874968742185546322e-01,1.166574547233000078e-16
7.875968992248062461e-01,1.166165771000000017e-16
7.876969242310578601e-01,1.166141907976999887e-16
7.877969492373093630e-01,1.164829746549000059e-16
7.878969742435608659e-01,1.165227624191999985e-16
7.879969992498124798e-01,1.164137029756000009e-16
7.880970242560640937e-01,1.163755577715000055e-16
7.881970492623155966e-01,1.163712800925000025e-16
7.882970742685672105e-01,1.162410967489000087e-16
7.883970992748188245e-01,1.162818089191000096e-16
7.884971242810703274e-01,1.161709362161999986e-16
7.885971492873218303e-01,1.161355426017999988e-16
7.886971742935734442e-01,1.161293378539999967e-16
7.887971992998250581e-01,1.160002586386000106e-16
7.888972243060765610e-01,1.160418242146000001e-16
7.889972493123280639e-01,1.159291726788000016e-16
7.890972743185796778e-01,1.158965274958999979e-16
7.891972993248312918e-01,1.158883460080999919e-16
7.892973243310827947e-01,1.157604332928000108e-16
7.893973493373344086e-01,1.158027777425000046e-16
7.894973743435860225e-01,1.156883801181000044e-16
7.895973993498375254e-01,1.156584711333999922e-16
7.896974243560890283e-01,1.156482594391000107e-16
7.897974493623406422e-01,1.155215775401000072e-16
7.898974743685922562e-01,1.155646307812000087e-16
7.899974993748437591e-01,1.154485314184000116e-16
7.900975243810952620e-01,1.154213683456999953e-16
7.901975493873468759e-01,1.154090986877000062e-16
7.902975743935984898e-01,1.152837252649000013e-16
7.903975993998499927e-01,1.153274339154999966e-16
7.904976244061014956e-01,1.152096941793000111e-16
7.905976494123532206e-01,1.151852843039999944e-16
7.906976744186047235e-01,1.151709257205000059e-16
7.907976994248562264e-01,1.150469299489000078e-16
7.908977244311078403e-01,1.150912201036999961e-16
7.909977494373594542e-01,1.149718800315999972e-16
7.910977744436109571e-01,1.149502069740000088e-16
7.911977994498624600e-01,1.149337096024999895e-16
7.912978244561140739e-01,1.148111451157000121e-16
7.913978494623656879e-01,1.148559266710999915e-16
7.914978744686171908e-01,1.147350134568999901e-16
7.915978994748686937e-01,1.147160553684999919e-16
7.916979244811203076e-01,1.146973711672000008e-16
7.917979494873719215e-01,1.145762983045999929e-16
7.918979744936234244e-01,1.146215061968999993e-16
7.919979994998750383e-01,1.144990747705000058e-16
7.920980245061266523e-01,1.144828238437000088e-16
7.921980495123781552e-01,1.144619202547999914e-16
7.922980745186296581e-01,1.143424012801999983e-16
7.923980995248812720e-01,1.143879604983000081e-16
7.924981245311328859e-01,1.142640652584000075e-16
7.925981495373843888e-01,1.142505200528999895e-16
7.926981745436358917e-01,1.142273788598999972e-16
7.927981995498875056e-01,1.141094922537000112e-16
7.928982245561391196e-01,1.141553395847000015e-16
7.929982495623906225e-01,1.140300325354000051e-16
7.930982745686422364e-01,1.140191699112999902e-16
7.931982995748938503e-01,1.139937441743999892e-16
7.932983245811453532e-01,1.138775360141000096e-16
7.933983495873968561e-01,1.139235885236000066e-16
7.934983745936484700e-01,1.137969175361000086e-16
7.935983995999000840e-01,1.137887178646999913e-16
7.936984246061515869e-01,1.137609830328999905e-16
7.937984496124030898e-01,1.136465232733000004e-16
7.938984746186547037e-01,1.136927116306000046e-16
7.939984996249063176e-01,1.135647374641000006e-16
7.940985246311578205e-01,1.135591918026000105e-16
7.941985496374093234e-01,1.135291276990000016e-16
7.942985746436610484e-01,1.134164827796000079e-16
7.943985996499125513e-01,1.134627416562999971e-16
7.944986246561640542e-01,1.133335332218999901e-16
7.945986496624156681e-01,1.133306294650000014e-16
7.946986746686672820e-01,1.132982126926000088e-16
7.947986996749187849e-01,1.131874467535000007e-16
7.948987246811702878e-01,1.132337001804000076e-16
7.949987496874219017e-01,1.131033028565999877e-16
7.950987746936735157e-01,1.131030083202000116e-16
7.951987996999250186e-01,1.130682053156000103e-16
7.952988247061765215e-01,1.129593608611000116e-16
7.953988497124281354e-01,1.130055173904000092e-16
7.954988747186797493e-01,1.128739746059000034e-16
7.955988997249312522e-01,1.128762483890000004e-16
7.956989247311828661e-01,1.128390236973000030e-16
7.957989497374344801e-01,1.127321532936000035e-16
7.958989747436859830e-01,1.127781415912000119e-16
7.959989997499374859e-01,1.126455220292000058e-16
7.960990247561890998e-01,1.126503473053999984e-16
7.961990497624407137e-01,1.126106920193999961e-16
7.962990747686922166e-01,1.125058654868999963e-16
7.963990997749437195e-01,1.125516187890999934e-16
7.964991247811953334e-01,1.124179892536000039e-16
7.965991497874469474e-01,1.124253469130000060e-16
7.966991747936984503e-01,1.123832467867000093e-16
7.967991997999500642e-01,1.122805165546000047e-16
7.968992248062016781e-01,1.123259594194999945e-16
7.969992498124531810e-01,1.121913822066000012e-16
7.970992748187046839e-01,1.122012379905000073e-16
7.971992998249562978e-01,1.121566730008000033e-16
7.972993248312079118e-01,1.120560918576999886e-16
7.973993498374594147e-01,1.121011466986000055e-16
7.974993748437109176e-01,1.119656794089999908e-16
7.975993998499625315e-01,1.119779939534000078e-16
7.976994248562141454e-01,1.119309450508999965e-16
7.977994498624656483e-01,1.118325666823999957e-16
7.978994748687171512e-01,1.118771657189000099e-16
7.979994998749688762e-01,1.117408842271999880e-16
7.980995248812203791e-01,1.117556357682000096e-16
7.981995498874718820e-01,1.117061049234999978e-16
7.982995748937234959e-01,1.116099958453000120e-16
7.983995998999751098e-01,1.116540730100000112e-16
7.984996249062266127e-01,1.115170483048000122e-16
7.985996499124781156e-01,1.115342071517000048e-16
7.986996749187297295e-01,1.114821816972000119e-16
7.987996999249813435e-01,1.113883787069999983e-16
7.988997249312328464e-01,1.114318422883000123e-16
7.989997499374843493e-01,1.112941202878999916e-16
7.990997749437359632e-01,1.113136255427000067e-16
7.991997999499875771e-01,1.112590796572000010e-16
7.992998249562390800e-01,1.111676250489999951e-16
7.993998499624906939e-01,1.112104051441999896e-16
7.994998749687423079e-01,1.110720641510000088e-16
7.995998999749938108e-01,1.110938860407000035e-16
7.996999249812453137e-01,1.110368162969000065e-16
7.997999499874969276e-01,1.109477506757999986e-16
7.998999749937485415e-01,1.109897599785000016e-16
8.000000000000000444e-01,1.108508531978000024e-16
