Wavelength(um),Intensity
0.5,0.371395
0.50001,0.371708
0.50002,0.372026
0.50003,0.372348
0.50004,0.372674
0.50005,0.373004
0.50006,0.373338
0.50007,0.373676
0.50008,0.374017
0.5000899999999999,0.374363
0.5001,0.374712
0.50011,0.375065
0.50012,0.375422
0.50013,0.375783
0.50014,0.376147
0.50015,0.376515
0.50016,0.376887
0.50017,0.377262
0.50018,0.377641
0.50019,0.378024
0.5002,0.37841
0.5002099999999999,0.3788
0.50022,0.379193
0.5002300000000001,0.37959
0.50024,0.37999
0.50025,0.380393
0.50026,0.3808
0.50027,0.38121
0.50028,0.381624
0.50029,0.382041
0.5003,0.382461
0.50031,0.382884
0.50032,0.383311
0.5003299999999999,0.383741
0.50034,0.384174
0.5003500000000001,0.38461
0.50036,0.385049
0.50037,0.385491
0.50038,0.385937
0.50039,0.386385
0.5004,0.386837
0.50041,0.387291
0.50042,0.387748
0.50043,0.388208
0.50044,0.388671
0.50045,0.389137
0.50046,0.389606
0.5004700000000001,0.390078
0.50048,0.390552
0.50049,0.391029
0.5005,0.391508
0.50051,0.391991
0.50052,0.392476
0.5005299999999999,0.392963
0.50054,0.393454
0.50055,0.393946
0.50056,0.394441
0.50057,0.394939
0.50058,0.395439
0.50059,0.395942
0.5006,0.396447
0.50061,0.396955
0.50062,0.397464
0.50063,0.397976
0.50064,0.398491
0.5006499999999999,0.399007
0.50066,0.399526
0.5006700000000001,0.400047
0.50068,0.400571
0.50069,0.401096
0.5007,0.401624
0.50071,0.402153
0.50072,0.402685
0.50073,0.403219
0.50074,0.403754
0.50075,0.404292
0.50076,0.404831
0.5007699999999999,0.405373
0.50078,0.405916
0.5007900000000001,0.406462
0.5008,0.407009
0.50081,0.407558
0.50082,0.408108
0.50083,0.408661
0.50084,0.409215
0.50085,0.409771
0.50086,0.410328
0.50087,0.410887
0.50088,0.411448
0.50089,0.41201
0.5009,0.412574
0.5009100000000001,0.41314
0.50092,0.413706
0.50093,0.414275
0.50094,0.414845
0.50095,0.415416
0.50096,0.415988
0.50097,0.416562
0.50098,0.417138
0.50099,0.417714
0.501,0.418292
0.50101,0.418871
0.50102,0.419451
0.50103,0.420033
0.50104,0.420616
0.50105,0.4212
0.50106,0.421785
0.50107,0.422371
0.50108,0.422958
0.5010899999999999,0.423546
0.5011,0.424135
0.50111,0.424726
0.50112,0.425317
0.50113,0.425909
0.50114,0.426502
0.50115,0.427096
0.50116,0.427691
0.50117,0.428287
0.50118,0.428883
0.50119,0.42948
0.5012,0.430079
0.5012099999999999,0.430677
0.50122,0.431277
0.5012300000000001,0.431877
0.50124,0.432478
0.50125,0.43308
0.50126,0.433682
0.50127,0.434285
0.50128,0.434888
0.50129,0.435492
0.5013,0.436097
0.50131,0.436702
0.50132,0.437307
0.5013299999999999,0.437913
0.50134,0.43852
0.5013500000000001,0.439127
0.50136,0.439734
0.50137,0.440342
0.50138,0.44095
0.50139,0.441558
0.5014,0.442167
0.50141,0.442776
0.50142,0.443385
0.50143,0.443994
0.50144,0.444604
0.50145,0.445214
0.50146,0.445824
0.5014700000000001,0.446435
0.50148,0.447045
0.50149,0.447656
0.5015,0.448266
0.50151,0.448877
0.50152,0.449488
0.5015299999999999,0.450099
0.50154,0.45071
0.50155,0.451321
0.50156,0.451932
0.50157,0.452543
0.50158,0.453154
0.50159,0.453764
0.5016,0.454375
0.50161,0.454986
0.50162,0.455596
0.50163,0.456207
0.50164,0.456817
0.5016499999999999,0.457427
0.50166,0.458037
0.5016700000000001,0.458646
0.50168,0.459256
0.50169,0.459865
0.5017,0.460474
0.50171,0.461083
0.50172,0.461691
0.50173,0.462299
0.50174,0.462907
0.50175,0.463514
0.50176,0.464121
0.5017699999999999,0.464728
0.50178,0.465334
0.5017900000000001,0.46594
0.5018,0.466545
0.50181,0.46715
0.50182,0.467754
0.50183,0.468358
0.50184,0.468962
0.50185,0.469565
0.50186,0.470167
0.50187,0.470769
0.50188,0.471371
0.50189,0.471972
0.5019,0.472572
0.5019100000000001,0.473172
0.50192,0.473771
0.50193,0.474369
0.50194,0.474967
0.50195,0.475564
0.50196,0.476161
0.50197,0.476757
0.50198,0.477352
0.50199,0.477946
0.502,0.47854
0.50201,0.479133
0.50202,0.479725
0.50203,0.480317
0.50204,0.480908
0.50205,0.481498
0.50206,0.482087
0.50207,0.482675
0.50208,0.483263
0.5020899999999999,0.48385
0.5021,0.484435
0.5021100000000001,0.485021
0.50212,0.485605
0.50213,0.486188
0.50214,0.486771
0.50215,0.487352
0.50216,0.487933
0.50217,0.488513
0.50218,0.489091
0.50219,0.489669
0.5022,0.490246
0.5022099999999999,0.490822
0.50222,0.491397
0.5022300000000001,0.491971
0.50224,0.492544
0.50225,0.493116
0.50226,0.493687
0.50227,0.494257
0.50228,0.494826
0.50229,0.495394
0.5023,0.495961
0.50231,0.496527
0.50232,0.497092
0.5023299999999999,0.497655
0.50234,0.498218
0.5023500000000001,0.49878
0.50236,0.49934
0.50237,0.499899
0.50238,0.500457
0.50239,0.501015
0.5024,0.50157
0.50241,0.502125
0.50242,0.502679
0.50243,0.503231
0.50244,0.503783
0.50245,0.504333
0.50246,0.504882
0.50247,0.505429
0.50248,0.505976
0.50249,0.506521
0.5025,0.507065
0.50251,0.507608
0.50252,0.50815
0.5025299999999999,0.50869
0.50254,0.50923
0.50255,0.509768
0.50256,0.510304
0.50257,0.51084
0.50258,0.511374
0.50259,0.511907
0.5026,0.512438
0.50261,0.512969
0.50262,0.513498
0.50263,0.514025
0.50264,0.514552
0.5026499999999999,0.515077
0.50266,0.515601
0.5026700000000001,0.516123
0.50268,0.516644
0.50269,0.517164
0.5027,0.517683
0.50271,0.5182
0.5027200000000001,0.518716
0.50273,0.51923
0.50274,0.519743
0.50275,0.520255
0.50276,0.520765
0.5027699999999999,0.521274
0.50278,0.521781
0.5027900000000001,0.522288
0.5028,0.522792
0.50281,0.523296
0.50282,0.523798
0.50283,0.524298
0.50284,0.524797
0.50285,0.525295
0.50286,0.525791
0.50287,0.526286
0.50288,0.52678
0.50289,0.527272
0.5029,0.527763
0.5029100000000001,0.528252
0.50292,0.528739
0.50293,0.529226
0.5029399999999999,0.529711
0.50295,0.530194
0.50296,0.530676
0.50297,0.531156
0.50298,0.531635
0.50299,0.532113
0.503,0.532589
0.50301,0.533064
0.50302,0.533537
0.50303,0.534008
0.50304,0.534478
0.50305,0.534947
0.50306,0.535414
0.50307,0.53588
0.50308,0.536344
0.5030899999999999,0.536807
0.5031,0.537268
0.5031100000000001,0.537728
0.50312,0.538186
0.50313,0.538643
0.50314,0.539098
0.50315,0.539552
0.50316,0.540004
0.50317,0.540454
0.50318,0.540904
0.50319,0.541351
0.5032,0.541797
0.5032099999999999,0.542242
0.50322,0.542685
0.5032300000000001,0.543126
0.50324,0.543566
0.50325,0.544005
0.50326,0.544442
0.50327,0.544877
0.50328,0.545311
0.50329,0.545743
0.5033,0.546174
0.50331,0.546603
0.50332,0.547031
0.5033299999999999,0.547457
0.50334,0.547881
0.5033500000000001,0.548304
0.50336,0.548726
0.50337,0.549146
0.50338,0.549564
0.50339,0.549981
0.5034,0.550396
0.50341,0.55081
0.50342,0.551222
0.50343,0.551633
0.50344,0.552042
0.50345,0.552449
0.50346,0.552855
0.50347,0.553259
0.50348,0.553662
0.50349,0.554063
0.5035,0.554463
0.50351,0.554861
0.50352,0.555257
0.5035299999999999,0.555652
0.50354,0.556046
0.50355,0.556437
0.50356,0.556828
0.50357,0.557216
0.50358,0.557603
0.50359,0.557989
0.5036,0.558373
0.50361,0.558755
0.50362,0.559136
0.50363,0.559515
0.50364,0.559893
0.5036499999999999,0.560269
0.50366,0.560644
0.5036700000000001,0.561016
0.50368,0.561388
0.50369,0.561758
0.5037,0.562126
0.50371,0.562492
0.5037200000000001,0.562858
0.50373,0.563221
0.50374,0.563583
0.50375,0.563943
0.50376,0.564302
0.5037699999999999,0.564659
0.50378,0.565015
0.5037900000000001,0.565369
0.5038,0.565721
0.50381,0.566072
0.50382,0.566422
0.50383,0.566769
0.50384,0.567115
0.50385,0.56746
0.50386,0.567803
0.50387,0.568144
0.50388,0.568484
0.50389,0.568823
0.5039,0.569159
0.5039100000000001,0.569494
0.50392,0.569828
0.50393,0.57016
0.5039399999999999,0.57049
0.50395,0.570819
0.50396,0.571147
0.50397,0.571472
0.50398,0.571797
0.50399,0.572119
0.504,0.57244
0.50401,0.57276
0.50402,0.573077
0.50403,0.573394
0.50404,0.573708
0.50405,0.574022
0.50406,0.574333
0.50407,0.574643
0.50408,0.574952
0.5040899999999999,0.575259
0.5041,0.575564
0.5041100000000001,0.575868
0.50412,0.57617
0.50413,0.576471
0.50414,0.57677
0.50415,0.577067
0.50416,0.577363
0.50417,0.577658
0.50418,0.577951
0.50419,0.578242
0.5042,0.578532
0.5042099999999999,0.57882
0.50422,0.579107
0.5042300000000001,0.579392
0.50424,0.579675
0.50425,0.579957
0.50426,0.580238
0.50427,0.580517
0.50428,0.580794
0.50429,0.58107
0.5043,0.581344
0.50431,0.581617
0.50432,0.581888
0.50433,0.582158
0.50434,0.582426
0.5043500000000001,0.582692
0.50436,0.582957
0.50437,0.583221
0.50438,0.583483
0.50439,0.583743
0.5044,0.584002
0.50441,0.584259
0.50442,0.584515
0.50443,0.584769
0.50444,0.585022
0.50445,0.585273
0.50446,0.585523
0.50447,0.585771
0.50448,0.586017
0.50449,0.586262
0.5045,0.586506
0.50451,0.586748
0.50452,0.586988
0.5045299999999999,0.587227
0.50454,0.587465
0.50455,0.587701
0.50456,0.587935
0.50457,0.588168
0.50458,0.588399
0.50459,0.588629
0.5046,0.588857
0.50461,0.589084
0.50462,0.589309
0.50463,0.589533
0.50464,0.589755
0.5046499999999999,0.589976
0.50466,0.590195
0.5046700000000001,0.590413
0.50468,0.590629
0.50469,0.590844
0.5047,0.591057
0.50471,0.591269
0.5047200000000001,0.591479
0.50473,0.591688
0.50474,0.591895
0.50475,0.5921
0.50476,0.592305
0.5047699999999999,0.592507
0.50478,0.592708
0.5047900000000001,0.592908
0.5048,0.593106
0.50481,0.593303
0.50482,0.593498
0.50483,0.593692
0.50484,0.593884
0.50485,0.594075
0.50486,0.594264
0.50487,0.594452
0.50488,0.594638
0.50489,0.594823
0.5049,0.595006
0.50491,0.595188
0.50492,0.595368
0.50493,0.595547
0.5049399999999999,0.595725
0.50495,0.595901
0.50496,0.596075
0.50497,0.596248
0.50498,0.596419
0.50499,0.596589
0.505,0.596758
0.50501,0.596925
0.50502,0.597091
0.50503,0.597255
0.50504,0.597417
0.50505,0.597578
0.50506,0.597738
0.50507,0.597896
0.50508,0.598053
0.5050899999999999,0.598208
0.5051,0.598362
0.5051100000000001,0.598515
0.50512,0.598666
0.50513,0.598815
0.50514,0.598963
0.50515,0.59911
0.50516,0.599255
0.50517,0.599399
0.50518,0.599541
0.50519,0.599681
0.5052,0.599821
0.5052099999999999,0.599959
0.50522,0.600095
0.5052300000000001,0.60023
0.50524,0.600363
0.50525,0.600496
0.50526,0.600626
0.50527,0.600755
0.50528,0.600883
0.50529,0.601009
0.5053,0.601134
0.50531,0.601258
0.50532,0.601379
0.50533,0.6015
0.50534,0.601619
0.5053500000000001,0.601737
0.50536,0.601853
0.50537,0.601968
0.5053799999999999,0.602081
0.50539,0.602193
0.5054,0.602304
0.50541,0.602413
0.50542,0.60252
0.50543,0.602626
0.50544,0.602731
0.50545,0.602835
0.50546,0.602936
0.50547,0.603037
0.50548,0.603136
0.50549,0.603234
0.5055,0.60333
0.50551,0.603425
0.50552,0.603518
0.5055299999999999,0.60361
0.50554,0.603701
0.50555,0.60379
0.50556,0.603877
0.50557,0.603964
0.50558,0.604049
0.50559,0.604132
0.5056,0.604214
0.50561,0.604295
0.50562,0.604374
0.50563,0.604452
0.50564,0.604528
0.5056499999999999,0.604603
0.50566,0.604677
0.5056700000000001,0.604749
0.50568,0.60482
0.50569,0.604889
0.5057,0.604957
0.50571,0.605024
0.5057200000000001,0.605089
0.50573,0.605153
0.50574,0.605215
0.50575,0.605276
0.50576,0.605336
0.5057699999999999,0.605394
0.50578,0.605451
0.5057900000000001,0.605506
0.5058,0.60556
0.50581,0.605612
0.50582,0.605664
0.50583,0.605713
0.50584,0.605762
0.50585,0.605809
0.50586,0.605854
0.50587,0.605899
0.50588,0.605941
0.50589,0.605983
0.5059,0.606023
0.50591,0.606062
0.50592,0.606099
0.50593,0.606135
0.50594,0.606169
0.50595,0.606202
0.50596,0.606234
0.50597,0.606264
0.50598,0.606293
0.50599,0.606321
0.506,0.606347
0.50601,0.606372
0.50602,0.606395
0.50603,0.606417
0.50604,0.606438
0.50605,0.606457
0.50606,0.606475
0.50607,0.606491
0.50608,0.606507
0.5060899999999999,0.60652
0.5061,0.606533
0.5061100000000001,0.606544
0.50612,0.606553
0.50613,0.606561
0.50614,0.606568
0.50615,0.606574
0.50616,0.606578
0.50617,0.606581
0.50618,0.606582
0.50619,0.606582
0.5062,0.60658
0.5062099999999999,0.606578
0.50622,0.606574
0.5062300000000001,0.606568
0.50624,0.606561
0.50625,0.606553
0.50626,0.606543
0.50627,0.606532
0.50628,0.60652
0.50629,0.606506
0.5063,0.606491
0.50631,0.606475
0.50632,0.606457
0.50633,0.606438
0.50634,0.606417
0.5063500000000001,0.606395
0.50636,0.606372
0.50637,0.606347
0.5063799999999999,0.606321
0.50639,0.606293
0.5064,0.606265
0.50641,0.606235
0.50642,0.606203
0.50643,0.60617
0.50644,0.606136
0.50645,0.6061
0.50646,0.606063
0.50647,0.606025
0.50648,0.605985
0.50649,0.605944
0.5065,0.605902
0.50651,0.605858
0.50652,0.605813
0.5065299999999999,0.605766
0.50654,0.605719
0.5065500000000001,0.605669
0.50656,0.605619
0.50657,0.605567
0.50658,0.605513
0.50659,0.605459
0.5066,0.605403
0.50661,0.605345
0.50662,0.605287
0.50663,0.605226
0.50664,0.605165
0.5066499999999999,0.605102
0.50666,0.605038
0.5066700000000001,0.604972
0.50668,0.604905
0.50669,0.604837
0.5067,0.604767
0.50671,0.604696
0.5067200000000001,0.604624
0.50673,0.60455
0.50674,0.604475
0.50675,0.604399
0.50676,0.604321
0.5067699999999999,0.604242
0.50678,0.604161
0.5067900000000001,0.60408
0.5068,0.603996
0.50681,0.603912
0.50682,0.603826
0.50683,0.603739
0.50684,0.60365
0.50685,0.60356
0.50686,0.603469
0.50687,0.603376
0.50688,0.603282
0.50689,0.603186
0.5069,0.60309
0.50691,0.602991
0.50692,0.602892
0.50693,0.602791
0.50694,0.602689
0.50695,0.602585
0.50696,0.60248
0.50697,0.602374
0.50698,0.602266
0.50699,0.602157
0.507,0.602047
0.50701,0.601935
0.50702,0.601822
0.50703,0.601708
0.50704,0.601592
0.50705,0.601475
0.50706,0.601356
0.50707,0.601236
0.50708,0.601115
0.5070899999999999,0.600993
0.5071,0.600869
0.5071100000000001,0.600743
0.50712,0.600617
0.50713,0.600489
0.50714,0.600359
0.50715,0.600229
0.50716,0.600096
0.50717,0.599963
0.50718,0.599828
0.50719,0.599692
0.5072,0.599554
0.5072099999999999,0.599416
0.50722,0.599275
0.5072300000000001,0.599134
0.50724,0.598991
0.50725,0.598847
0.50726,0.598701
0.50727,0.598554
0.50728,0.598405
0.50729,0.598256
0.5073,0.598105
0.50731,0.597952
0.50732,0.597798
0.50733,0.597643
0.50734,0.597487
0.50735,0.597329
0.50736,0.597169
0.50737,0.597009
0.5073799999999999,0.596847
0.50739,0.596683
0.5074,0.596519
0.50741,0.596353
0.50742,0.596185
0.50743,0.596016
0.50744,0.595846
0.50745,0.595675
0.50746,0.595502
0.50747,0.595328
0.50748,0.595152
0.50749,0.594975
0.5075,0.594797
0.50751,0.594617
0.50752,0.594436
0.5075299999999999,0.594254
0.50754,0.59407
0.5075500000000001,0.593885
0.50756,0.593698
0.50757,0.59351
0.50758,0.593321
0.50759,0.593131
0.5076,0.592939
0.50761,0.592745
0.50762,0.592551
0.50763,0.592355
0.50764,0.592157
0.5076499999999999,0.591958
0.50766,0.591758
0.5076700000000001,0.591557
0.50768,0.591354
0.50769,0.59115
0.5077,0.590944
0.50771,0.590737
0.5077200000000001,0.590529
0.50773,0.590319
0.50774,0.590108
0.50775,0.589896
0.50776,0.589682
0.5077699999999999,0.589467
0.50778,0.58925
0.5077900000000001,0.589032
0.5078,0.588813
0.50781,0.588593
0.5078199999999999,0.588371
0.50783,0.588147
0.50784,0.587923
0.50785,0.587697
0.50786,0.587469
0.50787,0.58724
0.50788,0.58701
0.50789,0.586779
0.5079,0.586546
0.50791,0.586311
0.50792,0.586076
0.50793,0.585839
0.50794,0.5856
0.50795,0.585361
0.50796,0.58512
0.50797,0.584877
0.50798,0.584633
0.50799,0.584388
0.508,0.584142
0.50801,0.583894
0.50802,0.583644
0.50803,0.583394
0.50804,0.583142
0.50805,0.582888
0.50806,0.582633
0.50807,0.582377
0.50808,0.58212
0.5080899999999999,0.581861
0.5081,0.581601
0.5081100000000001,0.581339
0.50812,0.581076
0.50813,0.580812
0.50814,0.580546
0.50815,0.580279
0.5081600000000001,0.580011
0.50817,0.579741
0.50818,0.57947
0.50819,0.579197
0.5082,0.578923
0.5082099999999999,0.578648
0.50822,0.578371
0.5082300000000001,0.578093
0.50824,0.577814
0.50825,0.577533
0.50826,0.577251
0.50827,0.576968
0.50828,0.576683
0.50829,0.576397
0.5083,0.576109
0.50831,0.57582
0.50832,0.57553
0.50833,0.575239
0.50834,0.574946
0.50835,0.574651
0.50836,0.574355
0.50837,0.574058
0.5083799999999999,0.57376
0.50839,0.57346
0.5084,0.573159
0.50841,0.572856
0.50842,0.572553
0.50843,0.572247
0.50844,0.571941
0.50845,0.571633
0.50846,0.571323
0.50847,0.571013
0.50848,0.570701
0.50849,0.570387
0.5085,0.570073
0.50851,0.569757
0.50852,0.569439
0.5085299999999999,0.56912
0.50854,0.5688
0.5085500000000001,0.568479
0.50856,0.568156
0.50857,0.567832
0.50858,0.567506
0.50859,0.567179
0.5086,0.566851
0.50861,0.566521
0.50862,0.56619
0.50863,0.565858
0.50864,0.565524
0.5086499999999999,0.565189
0.50866,0.564853
0.5086700000000001,0.564515
0.50868,0.564176
0.50869,0.563836
0.5087,0.563494
0.50871,0.563151
0.5087200000000001,0.562807
0.50873,0.562461
0.50874,0.562114
0.50875,0.561765
0.50876,0.561416
0.50877,0.561065
0.50878,0.560712
0.5087900000000001,0.560358
0.5088,0.560003
0.50881,0.559647
0.5088199999999999,0.559289
0.50883,0.55893
0.50884,0.55857
0.50885,0.558208
0.50886,0.557845
0.50887,0.55748
0.50888,0.557115
0.50889,0.556748
0.5089,0.556379
0.50891,0.55601
0.50892,0.555639
0.50893,0.555266
0.50894,0.554893
0.50895,0.554518
0.50896,0.554142
0.50897,0.553764
0.50898,0.553385
0.50899,0.553005
0.509,0.552624
0.50901,0.552241
0.50902,0.551857
0.50903,0.551472
0.50904,0.551085
0.50905,0.550697
0.50906,0.550308
0.50907,0.549917
0.50908,0.549525
0.5090899999999999,0.549132
0.5091,0.548738
0.5091100000000001,0.548342
0.50912,0.547945
0.50913,0.547547
0.50914,0.547147
0.50915,0.546746
0.5091600000000001,0.546344
0.50917,0.545941
0.50918,0.545536
0.50919,0.54513
0.5092,0.544723
0.5092099999999999,0.544315
0.50922,0.543905
0.5092300000000001,0.543494
0.50924,0.543082
0.50925,0.542669
0.50926,0.542254
0.50927,0.541838
0.50928,0.541421
0.50929,0.541002
0.5093,0.540583
0.50931,0.540162
0.50932,0.539739
0.50933,0.539316
0.50934,0.538891
0.50935,0.538466
0.50936,0.538038
0.50937,0.53761
0.5093799999999999,0.537181
0.50939,0.53675
0.5094,0.536318
0.50941,0.535885
0.50942,0.53545
0.50943,0.535015
0.50944,0.534578
0.50945,0.53414
0.50946,0.533701
0.50947,0.533261
0.50948,0.532819
0.50949,0.532376
0.5095,0.531933
0.50951,0.531487
0.50952,0.531041
0.5095299999999999,0.530594
0.50954,0.530145
0.5095500000000001,0.529696
0.50956,0.529245
0.50957,0.528793
0.50958,0.528339
0.50959,0.527885
0.5096,0.52743
0.50961,0.526973
0.50962,0.526515
0.50963,0.526056
0.50964,0.525596
0.5096499999999999,0.525135
0.50966,0.524673
0.5096700000000001,0.52421
0.50968,0.523745
0.50969,0.52328
0.5097,0.522813
0.50971,0.522345
0.5097200000000001,0.521877
0.50973,0.521407
0.50974,0.520936
0.50975,0.520464
0.50976,0.51999
0.50977,0.519516
0.50978,0.519041
0.50979,0.518565
0.5098,0.518087
0.50981,0.517609
0.5098199999999999,0.517129
0.50983,0.516649
0.50984,0.516167
0.50985,0.515685
0.50986,0.515201
0.50987,0.514717
0.50988,0.514231
0.50989,0.513745
0.5099,0.513257
0.50991,0.512768
0.50992,0.512279
0.50993,0.511788
0.50994,0.511297
0.50995,0.510804
0.50996,0.510311
0.50997,0.509817
0.50998,0.509321
0.50999,0.508825
0.51,0.508328
0.51001,0.50783
0.51002,0.507331
0.51003,0.506831
0.51004,0.50633
0.51005,0.505828
0.51006,0.505325
0.51007,0.504822
0.51008,0.504317
0.5100899999999999,0.503812
0.5101,0.503306
0.5101100000000001,0.502799
0.51012,0.502291
0.51013,0.501782
0.51014,0.501273
0.51015,0.500762
0.5101600000000001,0.500251
0.51017,0.499739
0.51018,0.499226
0.51019,0.498713
0.5102,0.498198
0.5102099999999999,0.497683
0.51022,0.497167
0.5102300000000001,0.49665
0.51024,0.496133
0.51025,0.495615
0.5102599999999999,0.495095
0.51027,0.494576
0.51028,0.494055
0.51029,0.493534
0.5103,0.493012
0.51031,0.49249
0.51032,0.491966
0.51033,0.491442
0.51034,0.490918
0.51035,0.490392
0.51036,0.489866
0.51037,0.48934
0.51038,0.488812
0.51039,0.488285
0.5104,0.487756
0.51041,0.487227
0.51042,0.486697
0.51043,0.486167
0.51044,0.485636
0.51045,0.485105
0.51046,0.484573
0.51047,0.48404
0.51048,0.483507
0.51049,0.482973
0.5105,0.482439
0.51051,0.481904
0.51052,0.481369
0.5105299999999999,0.480834
0.51054,0.480297
0.5105500000000001,0.479761
0.51056,0.479224
0.51057,0.478686
0.51058,0.478148
0.51059,0.47761
0.5106,0.477071
0.51061,0.476532
0.51062,0.475992
0.51063,0.475452
0.51064,0.474912
0.5106499999999999,0.474371
0.51066,0.47383
0.5106700000000001,0.473289
0.51068,0.472747
0.51069,0.472205
0.5107,0.471663
0.51071,0.47112
0.5107200000000001,0.470577
0.51073,0.470034
0.51074,0.469491
0.51075,0.468947
0.51076,0.468403
0.51077,0.467859
0.51078,0.467315
0.51079,0.466771
0.5108,0.466226
0.51081,0.465681
0.5108199999999999,0.465136
0.51083,0.464591
0.51084,0.464046
0.51085,0.463501
0.51086,0.462955
0.51087,0.46241
0.51088,0.461864
0.51089,0.461319
0.5109,0.460773
0.51091,0.460227
0.51092,0.459682
0.51093,0.459136
0.51094,0.45859
0.51095,0.458045
0.51096,0.457499
0.51097,0.456954
0.51098,0.456408
0.51099,0.455863
0.511,0.455318
0.51101,0.454772
0.51102,0.454227
0.51103,0.453683
0.51104,0.453138
0.51105,0.452593
0.51106,0.452049
0.51107,0.451505
0.51108,0.450961
0.5110899999999999,0.450417
0.5111,0.449874
0.5111100000000001,0.449331
0.51112,0.448788
0.51113,0.448245
0.51114,0.447703
0.51115,0.447161
0.5111600000000001,0.446619
0.51117,0.446078
0.51118,0.445537
0.51119,0.444997
0.5112,0.444457
0.5112099999999999,0.443917
0.51122,0.443378
0.5112300000000001,0.442839
0.51124,0.442301
0.51125,0.441763
0.5112599999999999,0.441226
0.51127,0.440689
0.51128,0.440153
0.51129,0.439618
0.5113,0.439083
0.51131,0.438548
0.51132,0.438015
0.51133,0.437481
0.51134,0.436949
0.51135,0.436417
0.51136,0.435886
0.51137,0.435355
0.51138,0.434826
0.51139,0.434297
0.5114,0.433768
0.51141,0.433241
0.51142,0.432714
0.51143,0.432189
0.51144,0.431663
0.51145,0.431139
0.51146,0.430616
0.51147,0.430094
0.51148,0.429572
0.51149,0.429051
0.5115,0.428532
0.51151,0.428013
0.51152,0.427495
0.5115299999999999,0.426979
0.51154,0.426463
0.5115500000000001,0.425948
0.51156,0.425435
0.51157,0.424922
0.51158,0.424411
0.51159,0.4239
0.5116,0.423391
0.51161,0.422883
0.51162,0.422376
0.51163,0.42187
0.51164,0.421366
0.5116499999999999,0.420863
0.51166,0.42036
0.5116700000000001,0.41986
0.51168,0.41936
0.51169,0.418862
0.5117,0.418365
0.51171,0.41787
0.5117200000000001,0.417376
0.51173,0.416883
0.51174,0.416391
0.51175,0.415901
0.51176,0.415413
0.51177,0.414926
0.51178,0.41444
0.51179,0.413956
0.5118,0.413474
0.51181,0.412993
0.5118199999999999,0.412514
0.51183,0.412036
0.51184,0.41156
0.51185,0.411085
0.51186,0.410612
0.51187,0.410141
0.51188,0.409671
0.51189,0.409203
0.5119,0.408737
0.51191,0.408273
0.51192,0.40781
0.51193,0.407349
0.51194,0.40689
0.51195,0.406433
0.51196,0.405978
0.51197,0.405524
0.51198,0.405073
0.5119900000000001,0.404623
0.512,0.404175
0.51201,0.40373
0.51202,0.403286
0.51203,0.402844
0.5120399999999999,0.402404
0.51205,0.401967
0.51206,0.401531
0.51207,0.401097
0.5120800000000001,0.400666
0.51209,0.400236
0.5121,0.399809
0.5121100000000001,0.399384
0.51212,0.398961
0.51213,0.398541
0.51214,0.398122
0.51215,0.397706
0.51216,0.397292
0.51217,0.39688
0.51218,0.396471
0.51219,0.396064
0.5122000000000001,0.395659
0.51221,0.395257
0.51222,0.394857
0.51223,0.394459
0.51224,0.394064
0.51225,0.393671
0.5122599999999999,0.393281
0.51227,0.392894
0.51228,0.392508
0.5122899999999999,0.392126
0.5123,0.391746
0.5123099999999999,0.391368
0.51232,0.390993
0.5123300000000001,0.390621
0.51234,0.390251
0.51235,0.389884
0.51236,0.389519
0.51237,0.389158
0.51238,0.388799
0.51239,0.388442
0.5124,0.388089
0.5124099999999999,0.387738
0.51242,0.38739
0.5124299999999999,0.387045
0.51244,0.386702
0.5124500000000001,0.386363
0.51246,0.386026
0.51247,0.385692
0.51248,0.385361
0.51249,0.385033
0.5125,0.384708
0.51251,0.384386
0.51252,0.384067
0.5125299999999999,0.383751
0.51254,0.383437
0.51255,0.383127
0.5125599999999999,0.38282
0.5125700000000001,0.382516
0.51258,0.382215
0.51259,0.381917
0.5126000000000001,0.381623
0.51261,0.381331
0.51262,0.381043
0.51263,0.380757
0.51264,0.380475
0.5126499999999999,0.380196
0.51266,0.379921
0.51267,0.379648
0.5126799999999999,0.379379
0.5126900000000001,0.379113
0.5127,0.378851
0.51271,0.378591
0.5127200000000001,0.378335
0.51273,0.378083
0.51274,0.377833
0.51275,0.377587
0.51276,0.377345
0.51277,0.377106
0.51278,0.37687
0.51279,0.376638
0.5127999999999999,0.376409
0.51281,0.376183
0.51282,0.375962
0.51283,0.375743
0.5128400000000001,0.375528
0.51285,0.375317
0.51286,0.375109
0.51287,0.374905
0.51288,0.374704
0.51289,0.374507
0.5129,0.374313
0.51291,0.374123
0.5129199999999999,0.373937
0.51293,0.373754
0.5129400000000001,0.373575
0.51295,0.373399
0.5129600000000001,0.373227
0.51297,0.373059
0.51298,0.372895
0.5129900000000001,0.372734
0.513,0.372577
0.51301,0.372424
0.51302,0.372274
0.51303,0.372129
0.5130399999999999,0.371987
0.51305,0.371848
0.51306,0.371714
0.51307,0.371583
0.5130800000000001,0.371456
0.51309,0.371333
0.5131,0.371214
0.5131100000000001,0.371099
0.51312,0.370987
0.51313,0.370879
0.51314,0.370776
0.51315,0.370676
0.51316,0.370579
0.5131699999999999,0.370487
0.51318,0.370399
0.51319,0.370315
0.5132000000000001,0.370234
0.51321,0.370158
0.51322,0.370085
0.51323,0.370016
0.51324,0.369951
0.51325,0.369891
0.5132599999999999,0.369834
0.51327,0.369781
0.51328,0.369732
0.5132899999999999,0.369687
0.5133,0.369646
0.5133099999999999,0.369609
0.51332,0.369576
0.5133300000000001,0.369547
0.51334,0.369522
0.51335,0.369501
0.51336,0.369484
0.51337,0.369472
0.51338,0.369463
0.51339,0.369458
0.5134,0.369457
0.5134099999999999,0.36946
0.51342,0.369467
0.5134299999999999,0.369479
0.51344,0.369494
0.5134500000000001,0.369513
0.51346,0.369537
0.51347,0.369564
0.51348,0.369596
0.51349,0.369631
0.5135,0.369671
0.51351,0.369714
0.51352,0.369762
0.5135299999999999,0.369814
0.51354,0.36987
0.51355,0.369929
0.5135599999999999,0.369993
0.5135700000000001,0.370061
0.51358,0.370133
0.51359,0.370209
0.5136000000000001,0.37029
0.51361,0.370374
0.51362,0.370462
0.51363,0.370554
0.51364,0.370651
0.5136499999999999,0.370751
0.51366,0.370855
0.51367,0.370964
0.5136799999999999,0.371076
0.5136900000000001,0.371193
0.5137,0.371313
0.51371,0.371438
0.5137200000000001,0.371567
0.51373,0.371699
0.51374,0.371836
0.51375,0.371977
0.51376,0.372121
0.51377,0.37227
0.51378,0.372423
0.51379,0.372579
0.5137999999999999,0.37274
0.51381,0.372904
0.51382,0.373073
0.51383,0.373246
0.5138400000000001,0.373422
0.51385,0.373603
0.51386,0.373787
0.51387,0.373975
0.51388,0.374168
0.51389,0.374364
0.5139,0.374564
0.51391,0.374768
0.5139199999999999,0.374976
0.51393,0.375188
0.5139400000000001,0.375403
0.51395,0.375623
0.5139600000000001,0.375846
0.51397,0.376074
0.51398,0.376305
0.5139900000000001,0.37654
0.514,0.376778
0.51401,0.377021
0.51402,0.377268
0.51403,0.377518
0.5140399999999999,0.377772
0.51405,0.378029
0.51406,0.378291
0.51407,0.378556
0.5140800000000001,0.378825
0.51409,0.379098
0.5141,0.379374
0.5141100000000001,0.379655
0.51412,0.379938
0.51413,0.380226
0.51414,0.380517
0.51415,0.380812
0.51416,0.38111
0.5141699999999999,0.381413
0.51418,0.381718
0.51419,0.382028
0.5142,0.38234
0.5142100000000001,0.382657
0.51422,0.382977
0.51423,0.383301
0.51424,0.383628
0.51425,0.383958
0.5142599999999999,0.384292
0.51427,0.38463
0.51428,0.384971
0.5142899999999999,0.385315
0.5143,0.385663
0.5143099999999999,0.386015
0.51432,0.386369
0.5143300000000001,0.386727
0.51434,0.387089
0.51435,0.387454
0.51436,0.387822
0.51437,0.388194
0.51438,0.388568
0.51439,0.388946
0.5144,0.389328
0.5144099999999999,0.389712
0.51442,0.3901
0.5144299999999999,0.390491
0.51444,0.390886
0.5144500000000001,0.391283
0.51446,0.391684
0.51447,0.392087
0.51448,0.392494
0.51449,0.392904
0.5145,0.393317
0.51451,0.393734
0.51452,0.394153
0.5145299999999999,0.394575
0.51454,0.395
0.51455,0.395428
0.5145599999999999,0.39586
0.5145700000000001,0.396294
0.51458,0.396731
0.51459,0.397171
0.5146000000000001,0.397614
0.51461,0.39806
0.51462,0.398508
0.51463,0.39896
0.51464,0.399414
0.5146499999999999,0.399871
0.51466,0.400331
0.51467,0.400794
0.5146799999999999,0.401259
0.5146900000000001,0.401727
0.5147,0.402198
0.51471,0.402672
0.5147200000000001,0.403148
0.51473,0.403627
0.51474,0.404108
0.51475,0.404592
0.51476,0.405078
0.51477,0.405568
0.51478,0.406059
0.51479,0.406553
0.5147999999999999,0.40705
0.51481,0.407549
0.51482,0.40805
0.51483,0.408554
0.5148400000000001,0.409061
0.51485,0.409569
0.51486,0.410081
0.51487,0.410594
0.51488,0.41111
0.51489,0.411628
0.5149,0.412148
0.51491,0.41267
0.5149199999999999,0.413195
0.51493,0.413722
0.5149400000000001,0.414251
0.51495,0.414782
0.5149600000000001,0.415316
0.51497,0.415851
0.51498,0.416389
0.5149900000000001,0.416929
0.515,0.41747
0.51501,0.418014
0.51502,0.41856
0.51503,0.419108
0.5150399999999999,0.419657
0.51505,0.420209
0.51506,0.420763
0.51507,0.421318
0.5150800000000001,0.421875
0.51509,0.422435
0.5151,0.422996
0.5151100000000001,0.423558
0.51512,0.424123
0.51513,0.424689
0.5151399999999999,0.425257
0.51515,0.425827
0.51516,0.426399
0.5151699999999999,0.426972
0.51518,0.427546
0.51519,0.428123
0.5152,0.428701
0.5152100000000001,0.42928
0.51522,0.429862
0.51523,0.430444
0.51524,0.431028
0.51525,0.431614
0.5152599999999999,0.432201
0.51527,0.43279
0.51528,0.43338
0.5152899999999999,0.433971
0.5153,0.434564
0.5153099999999999,0.435158
0.51532,0.435754
0.5153300000000001,0.436351
0.51534,0.436949
0.51535,0.437548
0.51536,0.438149
0.51537,0.438751
0.51538,0.439354
0.51539,0.439958
0.5154,0.440563
0.5154099999999999,0.44117
0.51542,0.441778
0.5154299999999999,0.442386
0.51544,0.442996
0.5154500000000001,0.443607
0.51546,0.444219
0.51547,0.444832
0.51548,0.445446
0.51549,0.446061
0.5155,0.446677
0.51551,0.447293
0.51552,0.447911
0.5155299999999999,0.44853
0.51554,0.449149
0.51555,0.449769
0.5155599999999999,0.45039
0.5155700000000001,0.451012
0.51558,0.451635
0.51559,0.452258
0.5156000000000001,0.452882
0.51561,0.453507
0.51562,0.454133
0.51563,0.454759
0.51564,0.455386
0.5156499999999999,0.456014
0.51566,0.456642
0.51567,0.457271
0.5156799999999999,0.4579
0.5156900000000001,0.45853
0.5157,0.45916
0.51571,0.459791
0.5157200000000001,0.460423
0.51573,0.461055
0.51574,0.461687
0.51575,0.46232
0.51576,0.462953
0.51577,0.463587
0.51578,0.464221
0.51579,0.464856
0.5157999999999999,0.46549
0.51581,0.466126
0.5158200000000001,0.466761
0.51583,0.467397
0.5158400000000001,0.468033
0.51585,0.468669
0.51586,0.469305
0.51587,0.469942
0.51588,0.470579
0.51589,0.471216
0.5159,0.471853
0.51591,0.472491
0.5159199999999999,0.473128
0.51593,0.473766
0.5159400000000001,0.474403
0.51595,0.475041
0.5159600000000001,0.475679
0.51597,0.476317
0.51598,0.476955
0.5159900000000001,0.477593
0.516,0.47823
0.51601,0.478868
0.51602,0.479506
0.51603,0.480144
0.5160399999999999,0.480781
0.51605,0.481419
0.51606,0.482056
0.51607,0.482694
0.5160800000000001,0.483331
0.51609,0.483968
0.5161,0.484605
0.5161100000000001,0.485241
0.51612,0.485878
0.51613,0.486514
0.5161399999999999,0.48715
0.51615,0.487786
0.51616,0.488421
0.5161699999999999,0.489056
0.51618,0.489691
0.51619,0.490325
0.5162,0.49096
0.5162100000000001,0.491593
0.51622,0.492227
0.51623,0.49286
0.51624,0.493493
0.51625,0.494125
0.5162599999999999,0.494757
0.51627,0.495388
0.51628,0.496019
0.5162899999999999,0.49665
0.5163,0.49728
0.5163099999999999,0.497909
0.51632,0.498538
0.5163300000000001,0.499167
0.51634,0.499795
0.51635,0.500422
0.51636,0.501049
0.51637,0.501675
0.51638,0.502301
0.51639,0.502926
0.5164,0.50355
0.5164099999999999,0.504174
0.51642,0.504797
0.51643,0.50542
0.51644,0.506042
0.5164500000000001,0.506663
0.51646,0.507283
0.51647,0.507903
0.51648,0.508522
0.51649,0.509141
0.5165,0.509758
0.51651,0.510375
0.51652,0.510991
0.5165299999999999,0.511606
0.51654,0.512221
0.51655,0.512835
0.5165599999999999,0.513448
0.5165700000000001,0.51406
0.51658,0.514671
0.51659,0.515281
0.5166000000000001,0.515891
0.51661,0.5165
0.51662,0.517107
0.51663,0.517714
0.51664,0.51832
0.5166499999999999,0.518925
0.51666,0.51953
0.51667,0.520133
0.5166799999999999,0.520735
0.5166900000000001,0.521337
0.5167,0.521937
0.51671,0.522536
0.5167200000000001,0.523135
0.51673,0.523732
0.51674,0.524329
0.51675,0.524924
0.51676,0.525519
0.51677,0.526112
0.51678,0.526704
0.51679,0.527296
0.5167999999999999,0.527886
0.51681,0.528475
0.5168200000000001,0.529063
0.51683,0.52965
0.5168400000000001,0.530236
0.51685,0.530821
0.51686,0.531405
0.51687,0.531987
0.51688,0.532569
0.51689,0.533149
0.5169,0.533728
0.51691,0.534306
0.5169199999999999,0.534883
0.51693,0.535459
0.5169400000000001,0.536033
0.51695,0.536607
0.5169600000000001,0.537179
0.51697,0.53775
0.51698,0.538319
0.5169900000000001,0.538888
0.517,0.539455
0.51701,0.540021
0.51702,0.540586
0.51703,0.54115
0.5170399999999999,0.541712
0.51705,0.542273
0.51706,0.542833
0.51707,0.543391
0.5170800000000001,0.543949
0.51709,0.544505
0.5171,0.545059
0.51711,0.545613
0.51712,0.546165
0.51713,0.546715
0.5171399999999999,0.547265
0.51715,0.547813
0.51716,0.54836
0.5171699999999999,0.548905
0.51718,0.549449
0.51719,0.549992
0.5172,0.550533
0.5172100000000001,0.551073
0.51722,0.551612
0.51723,0.552149
0.51724,0.552685
0.51725,0.553219
0.5172599999999999,0.553752
0.51727,0.554284
0.51728,0.554814
0.5172899999999999,0.555343
0.5173,0.555871
0.5173099999999999,0.556397
0.51732,0.556921
0.5173300000000001,0.557444
0.51734,0.557966
0.51735,0.558487
0.51736,0.559005
0.51737,0.559523
0.51738,0.560039
0.51739,0.560553
0.5174,0.561066
0.5174099999999999,0.561578
0.51742,0.562088
0.51743,0.562597
0.51744,0.563104
0.5174500000000001,0.563609
0.51746,0.564114
0.51747,0.564616
0.51748,0.565118
0.51749,0.565617
0.5175,0.566115
0.51751,0.566612
0.51752,0.567107
0.5175299999999999,0.567601
0.51754,0.568093
0.51755,0.568584
0.5175599999999999,0.569073
0.5175700000000001,0.56956
0.51758,0.570046
0.51759,0.570531
0.5176000000000001,0.571013
0.51761,0.571495
0.51762,0.571975
0.51763,0.572453
0.51764,0.57293
0.5176499999999999,0.573405
0.51766,0.573878
0.51767,0.57435
0.5176799999999999,0.574821
0.5176900000000001,0.57529
0.5177,0.575757
0.51771,0.576223
0.5177200000000001,0.576687
0.51773,0.577149
0.51774,0.57761
0.51775,0.57807
0.51776,0.578528
0.51777,0.578984
0.51778,0.579438
0.51779,0.579891
0.5177999999999999,0.580343
0.51781,0.580793
0.5178200000000001,0.581241
0.51783,0.581687
0.5178400000000001,0.582132
0.51785,0.582576
0.51786,0.583017
0.51787,0.583457
0.51788,0.583896
0.51789,0.584333
0.5179,0.584768
0.51791,0.585202
0.5179199999999999,0.585634
0.51793,0.586064
0.5179400000000001,0.586493
0.51795,0.58692
0.5179600000000001,0.587345
0.51797,0.587769
0.51798,0.588191
0.5179900000000001,0.588612
0.518,0.589031
0.51801,0.589448
0.51802,0.589864
0.51803,0.590278
0.51804,0.59069
0.5180499999999999,0.5911
0.51806,0.591509
0.51807,0.591917
0.5180800000000001,0.592322
0.51809,0.592726
0.5181,0.593129
0.51811,0.593529
0.51812,0.593929
0.51813,0.594326
0.5181399999999999,0.594722
0.51815,0.595116
0.51816,0.595508
0.5181699999999999,0.595899
0.51818,0.596288
0.51819,0.596675
0.5182,0.597061
0.5182100000000001,0.597445
0.51822,0.597827
0.51823,0.598208
0.51824,0.598587
0.51825,0.598964
0.5182599999999999,0.59934
0.51827,0.599714
0.51828,0.600086
0.5182899999999999,0.600456
0.5183,0.600825
0.5183099999999999,0.601193
0.51832,0.601558
0.5183300000000001,0.601922
0.51834,0.602284
0.51835,0.602645
0.51836,0.603003
0.51837,0.60336
0.51838,0.603716
0.51839,0.60407
0.5184,0.604422
0.5184099999999999,0.604772
0.51842,0.605121
0.51843,0.605468
0.51844,0.605813
0.5184500000000001,0.606156
0.51846,0.606498
0.51847,0.606838
0.51848,0.607177
0.51849,0.607514
0.5185,0.607849
0.51851,0.608182
0.51852,0.608514
0.5185299999999999,0.608844
0.51854,0.609172
0.51855,0.609499
0.5185599999999999,0.609824
0.5185700000000001,0.610147
0.51858,0.610468
0.51859,0.610788
0.5186000000000001,0.611106
0.51861,0.611423
0.51862,0.611737
0.51863,0.61205
0.51864,0.612362
0.5186499999999999,0.612671
0.51866,0.612979
0.51867,0.613285
0.5186799999999999,0.61359
0.5186900000000001,0.613893
0.5187,0.614194
0.51871,0.614493
0.5187200000000001,0.614791
0.51873,0.615087
0.51874,0.615381
0.51875,0.615674
0.51876,0.615965
0.51877,0.616254
0.51878,0.616541
0.51879,0.616827
0.5187999999999999,0.617111
0.51881,0.617393
0.5188200000000001,0.617674
0.51883,0.617953
0.5188400000000001,0.61823
0.51885,0.618506
0.51886,0.61878
0.51887,0.619052
0.51888,0.619322
0.51889,0.619591
0.5189,0.619858
0.51891,0.620123
0.5189199999999999,0.620387
0.51893,0.620649
0.5189400000000001,0.620909
0.51895,0.621167
0.5189600000000001,0.621424
0.51897,0.621679
0.51898,0.621932
0.5189900000000001,0.622184
0.519,0.622434
0.51901,0.622682
0.51902,0.622929
0.51903,0.623174
0.51904,0.623417
0.5190499999999999,0.623658
0.51906,0.623898
0.51907,0.624136
0.51908,0.624372
0.51909,0.624607
0.5191,0.62484
0.51911,0.625071
0.51912,0.6253
0.51913,0.625528
0.5191399999999999,0.625754
0.51915,0.625978
0.51916,0.626201
0.5191699999999999,0.626422
0.51918,0.626641
0.51919,0.626859
0.5192,0.627075
0.5192100000000001,0.627289
0.51922,0.627501
0.51923,0.627712
0.51924,0.627921
0.51925,0.628128
0.5192599999999999,0.628334
0.51927,0.628538
0.51928,0.62874
0.5192899999999999,0.62894
0.5193,0.629139
0.5193099999999999,0.629336
0.51932,0.629532
0.5193300000000001,0.629725
0.51934,0.629917
0.51935,0.630108
0.51936,0.630296
0.51937,0.630483
0.51938,0.630668
0.51939,0.630852
0.5194,0.631033
0.5194099999999999,0.631213
0.51942,0.631392
0.51943,0.631568
0.51944,0.631743
0.5194500000000001,0.631916
0.51946,0.632088
0.51947,0.632258
0.51948,0.632426
0.51949,0.632592
0.5195,0.632757
0.51951,0.63292
0.51952,0.633081
0.5195299999999999,0.633241
0.51954,0.633399
0.51955,0.633555
0.5195599999999999,0.633709
0.5195700000000001,0.633862
0.51958,0.634013
0.51959,0.634162
0.5196000000000001,0.63431
0.51961,0.634456
0.51962,0.6346
0.51963,0.634743
0.51964,0.634883
0.51965,0.635022
0.51966,0.63516
0.51967,0.635296
0.5196799999999999,0.635429
0.5196900000000001,0.635562
0.5197,0.635692
0.51971,0.635821
0.5197200000000001,0.635948
0.51973,0.636074
0.51974,0.636197
0.51975,0.636319
0.51976,0.63644
0.51977,0.636558
0.51978,0.636675
0.51979,0.63679
0.5197999999999999,0.636904
0.51981,0.637016
0.5198200000000001,0.637126
0.51983,0.637234
0.5198400000000001,0.637341
0.51985,0.637446
0.51986,0.637549
0.51987,0.63765
0.51988,0.63775
0.51989,0.637848
0.5199,0.637945
0.51991,0.638039
0.5199199999999999,0.638132
0.51993,0.638223
0.5199400000000001,0.638313
0.51995,0.638401
0.5199600000000001,0.638487
0.51997,0.638571
0.51998,0.638654
0.5199900000000001,0.638735
0.52,0.638814
0.52001,0.638891
0.5200199999999999,0.638967
0.52003,0.639041
0.52004,0.639113
0.5200499999999999,0.639184
0.52006,0.639253
0.52007,0.63932
0.52008,0.639386
0.52009,0.639449
0.5201,0.639511
0.52011,0.639572
0.52012,0.63963
0.52013,0.639687
0.5201399999999999,0.639742
0.52015,0.639796
0.52016,0.639847
0.5201699999999999,0.639897
0.52018,0.639945
0.52019,0.639992
0.5202,0.640037
0.5202100000000001,0.64008
0.52022,0.640121
0.52023,0.64016
0.52024,0.640198
0.52025,0.640234
0.52026,0.640269
0.52027,0.640301
0.52028,0.640332
0.5202899999999999,0.640362
0.5203,0.640389
0.5203099999999999,0.640415
0.52032,0.640439
0.5203300000000001,0.640461
0.52034,0.640481
0.52035,0.6405
0.52036,0.640517
0.52037,0.640532
0.52038,0.640546
0.52039,0.640558
0.5204,0.640568
0.5204099999999999,0.640576
0.52042,0.640582
0.52043,0.640587
0.52044,0.64059
0.5204500000000001,0.640592
0.52046,0.640591
0.52047,0.640589
0.52048,0.640585
0.52049,0.640579
0.5205,0.640572
0.52051,0.640563
0.52052,0.640552
0.5205299999999999,0.640539
0.52054,0.640524
0.52055,0.640508
0.5205599999999999,0.64049
0.5205700000000001,0.64047
0.52058,0.640449
0.52059,0.640425
0.5206000000000001,0.6404
0.52061,0.640373
0.52062,0.640345
0.52063,0.640314
0.52064,0.640282
0.52065,0.640248
0.52066,0.640213
0.52067,0.640175
0.5206799999999999,0.640136
0.5206900000000001,0.640095
0.5207,0.640052
0.52071,0.640008
0.5207200000000001,0.639961
0.52073,0.639913
0.52074,0.639863
0.52075,0.639811
0.52076,0.639758
0.52077,0.639703
0.52078,0.639645
0.52079,0.639587
0.5207999999999999,0.639526
0.52081,0.639463
0.5208200000000001,0.639399
0.52083,0.639333
0.5208400000000001,0.639265
0.52085,0.639196
0.52086,0.639124
0.52087,0.639051
0.52088,0.638976
0.52089,0.638899
0.5209,0.63882
0.52091,0.63874
0.5209199999999999,0.638657
0.52093,0.638573
0.5209400000000001,0.638487
0.52095,0.638399
0.5209600000000001,0.63831
0.52097,0.638219
0.52098,0.638125
0.5209900000000001,0.63803
0.521,0.637933
0.52101,0.637835
0.5210199999999999,0.637734
0.52103,0.637632
0.52104,0.637528
0.5210499999999999,0.637422
0.52106,0.637314
0.52107,0.637204
0.52108,0.637092
0.52109,0.636979
0.5211,0.636864
0.52111,0.636747
0.52112,0.636628
0.52113,0.636507
0.5211399999999999,0.636384
0.52115,0.63626
0.52116,0.636133
0.5211699999999999,0.636005
0.52118,0.635875
0.52119,0.635743
0.5212,0.635609
0.5212100000000001,0.635474
0.52122,0.635336
0.52123,0.635197
0.52124,0.635055
0.52125,0.634912
0.52126,0.634767
0.52127,0.63462
0.52128,0.634472
0.5212899999999999,0.634321
0.5213,0.634168
0.5213099999999999,0.634014
0.52132,0.633857
0.5213300000000001,0.633699
0.52134,0.633539
0.52135,0.633377
0.52136,0.633213
0.52137,0.633047
0.52138,0.63288
0.52139,0.63271
0.5214,0.632538
0.5214099999999999,0.632365
0.52142,0.632189
0.52143,0.632012
0.52144,0.631833
0.5214500000000001,0.631652
0.52146,0.631469
0.52147,0.631284
0.52148,0.631097
0.52149,0.630908
0.5215,0.630717
0.52151,0.630524
0.52152,0.63033
0.5215299999999999,0.630133
0.52154,0.629934
0.52155,0.629734
0.5215599999999999,0.629531
0.5215700000000001,0.629327
0.52158,0.629121
0.52159,0.628912
0.5216000000000001,0.628702
0.52161,0.62849
0.52162,0.628276
0.52163,0.628059
0.52164,0.627841
0.52165,0.627621
0.52166,0.627399
0.52167,0.627175
0.5216799999999999,0.626949
0.5216900000000001,0.626721
0.5217,0.626491
0.52171,0.626259
0.5217200000000001,0.626025
0.52173,0.625789
0.52174,0.625551
0.52175,0.625311
0.52176,0.625069
0.52177,0.624825
0.52178,0.624579
0.52179,0.624331
0.5217999999999999,0.624081
0.52181,0.623829
0.5218200000000001,0.623575
0.52183,0.623319
0.5218400000000001,0.62306
0.52185,0.6228
0.52186,0.622538
0.5218700000000001,0.622274
0.52188,0.622008
0.52189,0.621739
0.5219,0.621469
0.52191,0.621196
0.5219199999999999,0.620922
0.52193,0.620646
0.5219400000000001,0.620367
0.52195,0.620086
0.5219600000000001,0.619804
0.52197,0.619519
0.52198,0.619232
0.52199,0.618943
0.522,0.618652
0.52201,0.618359
0.5220199999999999,0.618064
0.52203,0.617767
0.52204,0.617468
0.5220499999999999,0.617166
0.52206,0.616863
0.52207,0.616557
0.52208,0.61625
0.52209,0.61594
0.5221,0.615628
0.52211,0.615314
0.52212,0.614998
0.52213,0.61468
0.5221399999999999,0.61436
0.52215,0.614037
0.52216,0.613713
0.5221699999999999,0.613386
0.52218,0.613057
0.52219,0.612726
0.5222,0.612393
0.5222100000000001,0.612058
0.52222,0.611721
0.52223,0.611381
0.52224,0.61104
0.52225,0.610696
0.52226,0.61035
0.52227,0.610002
0.52228,0.609652
0.5222899999999999,0.609299
0.5223,0.608945
0.5223099999999999,0.608588
0.52232,0.608229
0.5223300000000001,0.607868
0.52234,0.607505
0.52235,0.60714
0.52236,0.606772
0.52237,0.606402
0.52238,0.60603
0.52239,0.605656
0.5224,0.60528
0.5224099999999999,0.604901
0.52242,0.60452
0.52243,0.604137
0.52244,0.603752
0.5224500000000001,0.603365
0.52246,0.602975
0.52247,0.602584
0.52248,0.602189
0.52249,0.601793
0.5225,0.601395
0.52251,0.600994
0.52252,0.600591
0.5225299999999999,0.600186
0.52254,0.599779
0.52255,0.599369
0.5225599999999999,0.598957
0.5225700000000001,0.598543
0.52258,0.598127
0.52259,0.597708
0.5226000000000001,0.597287
0.52261,0.596864
0.52262,0.596438
0.52263,0.596011
0.52264,0.595581
0.52265,0.595149
0.52266,0.594714
0.52267,0.594277
0.5226799999999999,0.593838
0.5226900000000001,0.593397
0.5227,0.592954
0.52271,0.592508
0.5227200000000001,0.59206
0.52273,0.591609
0.52274,0.591156
0.52275,0.590701
0.52276,0.590244
0.52277,0.589784
0.52278,0.589323
0.52279,0.588858
0.5227999999999999,0.588392
0.52281,0.587923
0.5228200000000001,0.587452
0.52283,0.586978
0.5228400000000001,0.586503
0.52285,0.586024
0.52286,0.585544
0.5228700000000001,0.585061
0.52288,0.584576
0.52289,0.584089
0.5229,0.583599
0.52291,0.583107
0.5229199999999999,0.582613
0.5229299999999999,0.582116
0.5229400000000001,0.581617
0.52295,0.581115
0.5229600000000001,0.580612
0.52297,0.580105
0.52298,0.579597
0.52299,0.579086
0.523,0.578573
0.52301,0.578057
0.5230199999999999,0.57754
0.52303,0.577019
0.52304,0.576497
0.5230499999999999,0.575972
0.52306,0.575445
0.52307,0.574915
0.52308,0.574383
0.52309,0.573849
0.5231,0.573312
0.52311,0.572773
0.52312,0.572231
0.52313,0.571687
0.5231399999999999,0.571141
0.52315,0.570592
0.52316,0.570041
0.5231699999999999,0.569488
0.52318,0.568932
0.52319,0.568374
0.5232,0.567814
0.5232100000000001,0.567251
0.52322,0.566686
0.52323,0.566118
0.52324,0.565548
0.52325,0.564975
0.52326,0.564401
0.52327,0.563824
0.52328,0.563244
0.5232899999999999,0.562662
0.5233,0.562078
0.5233099999999999,0.561491
0.52332,0.560902
0.5233300000000001,0.56031
0.52334,0.559716
0.52335,0.55912
0.52336,0.558522
0.52337,0.557921
0.52338,0.557317
0.52339,0.556711
0.5234,0.556103
0.5234099999999999,0.555493
0.52342,0.55488
0.52343,0.554264
0.52344,0.553646
0.5234500000000001,0.553026
0.52346,0.552404
0.52347,0.551779
0.5234800000000001,0.551152
0.52349,0.550522
0.5235,0.54989
0.52351,0.549256
0.52352,0.548619
0.5235299999999999,0.54798
0.52354,0.547338
0.52355,0.546694
0.5235599999999999,0.546048
0.5235700000000001,0.5454
0.52358,0.544749
0.52359,0.544095
0.5236000000000001,0.54344
0.52361,0.542781
0.52362,0.542121
0.52363,0.541458
0.52364,0.540793
0.52365,0.540126
0.52366,0.539456
0.52367,0.538784
0.5236799999999999,0.538109
0.5236900000000001,0.537432
0.5237,0.536753
0.52371,0.536072
0.5237200000000001,0.535388
0.52373,0.534702
0.52374,0.534013
0.52375,0.533322
0.52376,0.532629
0.52377,0.531934
0.52378,0.531236
0.52379,0.530536
0.5237999999999999,0.529833
0.52381,0.529129
0.5238200000000001,0.528422
0.52383,0.527713
0.5238400000000001,0.527001
0.52385,0.526287
0.52386,0.525571
0.5238700000000001,0.524853
0.52388,0.524133
0.52389,0.52341
0.5239,0.522685
0.52391,0.521957
0.5239199999999999,0.521228
0.5239299999999999,0.520496
0.5239400000000001,0.519762
0.52395,0.519026
0.52396,0.518287
0.52397,0.517547
0.52398,0.516804
0.52399,0.516059
0.524,0.515312
0.52401,0.514562
0.5240199999999999,0.513811
0.52403,0.513057
0.52404,0.512301
0.5240499999999999,0.511543
0.52406,0.510783
0.52407,0.510021
0.52408,0.509256
0.5240900000000001,0.50849
0.5241,0.507721
0.52411,0.506951
0.52412,0.506178
0.52413,0.505403
0.5241399999999999,0.504626
0.52415,0.503847
0.52416,0.503066
0.5241699999999999,0.502283
0.52418,0.501498
0.52419,0.500711
0.5242,0.499922
0.5242100000000001,0.499131
0.52422,0.498338
0.52423,0.497542
0.52424,0.496745
0.52425,0.495946
0.52426,0.495146
0.52427,0.494343
0.52428,0.493538
0.5242899999999999,0.492731
0.5243,0.491923
0.5243099999999999,0.491112
0.52432,0.4903
0.5243300000000001,0.489486
0.52434,0.48867
0.52435,0.487852
0.52436,0.487033
0.52437,0.486211
0.52438,0.485388
0.52439,0.484563
0.5244,0.483737
0.5244099999999999,0.482908
0.52442,0.482078
0.52443,0.481246
0.52444,0.480413
0.5244500000000001,0.479578
0.52446,0.478741
0.52447,0.477902
0.5244800000000001,0.477062
0.52449,0.47622
0.5245,0.475377
0.52451,0.474532
0.52452,0.473686
0.5245299999999999,0.472838
0.52454,0.471988
0.52455,0.471137
0.5245599999999999,0.470285
0.5245700000000001,0.469431
0.52458,0.468576
0.52459,0.467719
0.5246000000000001,0.466861
0.52461,0.466001
0.52462,0.46514
0.52463,0.464278
0.52464,0.463414
0.52465,0.462549
0.52466,0.461683
0.52467,0.460816
0.5246799999999999,0.459947
0.5246900000000001,0.459077
0.5247,0.458206
0.52471,0.457334
0.5247200000000001,0.456461
0.52473,0.455586
0.52474,0.45471
0.52475,0.453834
0.52476,0.452956
0.52477,0.452077
0.52478,0.451197
0.52479,0.450317
0.5247999999999999,0.449435
0.52481,0.448552
0.5248200000000001,0.447669
0.52483,0.446784
0.5248400000000001,0.445899
0.52485,0.445013
0.52486,0.444126
0.5248700000000001,0.443239
0.52488,0.44235
0.52489,0.441461
0.5248999999999999,0.440571
0.52491,0.439681
0.5249199999999999,0.43879
0.5249299999999999,0.437898
0.5249400000000001,0.437006
0.52495,0.436113
0.52496,0.43522
0.52497,0.434326
0.52498,0.433432
0.52499,0.432537
0.525,0.431642
0.52501,0.430747
0.5250199999999999,0.429851
0.52503,0.428955
0.52504,0.428059
0.5250499999999999,0.427162
0.52506,0.426266
0.52507,0.425369
0.52508,0.424472
0.5250900000000001,0.423575
0.5251,0.422677
0.52511,0.42178
0.52512,0.420883
0.52513,0.419986
0.5251399999999999,0.419089
0.52515,0.418192
0.52516,0.417295
0.5251699999999999,0.416399
0.52518,0.415502
0.52519,0.414606
0.5252,0.41371
0.5252100000000001,0.412815
0.52522,0.41192
0.52523,0.411025
0.52524,0.410131
0.52525,0.409237
0.52526,0.408344
0.52527,0.407451
0.52528,0.406559
0.5252899999999999,0.405667
0.5253,0.404777
0.5253099999999999,0.403887
0.52532,0.402997
0.5253300000000001,0.402109
0.52534,0.401221
0.52535,0.400334
0.52536,0.399449
0.52537,0.398564
0.52538,0.39768
0.52539,0.396797
0.5254,0.395915
0.5254099999999999,0.395035
0.52542,0.394156
0.52543,0.393277
0.52544,0.392401
0.5254500000000001,0.391525
0.52546,0.390651
0.52547,0.389778
0.5254800000000001,0.388907
0.52549,0.388037
0.5255,0.387169
0.52551,0.386302
0.52552,0.385437
0.5255299999999999,0.384573
0.52554,0.383712
0.52555,0.382852
0.5255599999999999,0.381994
0.5255700000000001,0.381138
0.52558,0.380283
0.52559,0.379431
0.5256000000000001,0.378581
0.52561,0.377732
0.52562,0.376886
0.52563,0.376042
0.52564,0.3752
0.52565,0.374361
0.52566,0.373523
0.52567,0.372689
0.5256799999999999,0.371856
0.5256900000000001,0.371026
0.5257000000000001,0.370198
0.52571,0.369373
0.5257200000000001,0.368551
0.52573,0.367731
0.52574,0.366914
0.52575,0.3661
0.52576,0.365288
0.52577,0.364479
0.52578,0.363674
0.52579,0.362871
0.5257999999999999,0.362071
0.52581,0.361274
0.5258200000000001,0.36048
0.52583,0.35969
0.5258400000000001,0.358902
0.52585,0.358118
0.52586,0.357338
0.5258700000000001,0.35656
0.52588,0.355786
0.52589,0.355016
0.5258999999999999,0.354249
0.52591,0.353485
0.5259199999999999,0.352725
0.5259299999999999,0.351969
0.5259400000000001,0.351217
0.52595,0.350468
0.52596,0.349723
0.52597,0.348983
0.52598,0.348246
0.52599,0.347513
0.526,0.346784
0.52601,0.346059
0.5260199999999999,0.345338
0.52603,0.344622
0.52604,0.343909
0.5260499999999999,0.343201
0.52606,0.342498
0.52607,0.341799
0.52608,0.341104
0.5260900000000001,0.340414
0.5261,0.339728
0.52611,0.339047
0.52612,0.338371
0.52613,0.337699
0.5261399999999999,0.337032
0.52615,0.33637
0.52616,0.335713
0.5261699999999999,0.335061
0.52618,0.334414
0.52619,0.333772
0.5262,0.333135
0.5262100000000001,0.332503
0.52622,0.331876
0.52623,0.331254
0.52624,0.330638
0.52625,0.330027
0.52626,0.329422
0.52627,0.328822
0.52628,0.328227
0.5262899999999999,0.327638
0.5263,0.327054
0.52631,0.326477
0.52632,0.325904
0.5263300000000001,0.325338
0.52634,0.324777
0.52635,0.324222
0.52636,0.323673
0.52637,0.32313
0.52638,0.322593
0.52639,0.322062
0.5264,0.321537
0.5264099999999999,0.321018
0.52642,0.320506
0.52643,0.319999
0.52644,0.319499
0.5264500000000001,0.319005
0.52646,0.318517
0.52647,0.318036
0.5264800000000001,0.317561
0.52649,0.317092
0.5265,0.316631
0.52651,0.316175
0.52652,0.315726
0.5265299999999999,0.315284
0.52654,0.314849
0.52655,0.31442
0.5265599999999999,0.313998
0.5265700000000001,0.313583
0.52658,0.313175
0.52659,0.312773
0.5266000000000001,0.312379
0.52661,0.311991
0.52662,0.31161
0.52663,0.311237
0.52664,0.31087
0.52665,0.310511
0.52666,0.310158
0.52667,0.309813
0.5266799999999999,0.309475
0.5266900000000001,0.309145
0.5267000000000001,0.308821
0.52671,0.308505
0.5267200000000001,0.308196
0.52673,0.307895
0.52674,0.307601
0.52675,0.307314
0.52676,0.307035
0.52677,0.306763
0.52678,0.306499
0.52679,0.306243
0.5267999999999999,0.305994
0.52681,0.305752
0.5268200000000001,0.305518
0.52683,0.305292
0.5268400000000001,0.305074
0.52685,0.304863
0.52686,0.30466
0.52687,0.304465
0.52688,0.304277
0.52689,0.304098
0.5268999999999999,0.303926
0.52691,0.303761
0.5269199999999999,0.303605
0.5269299999999999,0.303457
0.5269400000000001,0.303316
0.52695,0.303184
0.52696,0.303059
0.52697,0.302942
0.52698,0.302834
0.52699,0.302733
0.527,0.30264
0.52701,0.302555
0.5270199999999999,0.302479
0.52703,0.30241
0.52704,0.302349
0.5270499999999999,0.302296
0.52706,0.302252
0.52707,0.302215
0.52708,0.302187
0.5270900000000001,0.302166
0.5271,0.302154
0.52711,0.30215
0.52712,0.302154
0.52713,0.302166
0.5271399999999999,0.302186
0.52715,0.302214
0.52716,0.30225
0.5271699999999999,0.302295
0.52718,0.302347
0.52719,0.302408
0.5272,0.302477
0.5272100000000001,0.302554
0.52722,0.302639
0.52723,0.302732
0.52724,0.302833
0.52725,0.302942
0.52726,0.30306
0.52727,0.303185
0.52728,0.303319
0.5272899999999999,0.303461
0.5273,0.303611
0.52731,0.303768
0.52732,0.303934
0.5273300000000001,0.304108
0.52734,0.30429
0.52735,0.30448
0.52736,0.304678
0.52737,0.304884
0.52738,0.305098
0.52739,0.30532
0.5274,0.30555
0.5274099999999999,0.305788
0.52742,0.306033
0.52743,0.306287
0.52744,0.306548
0.5274500000000001,0.306818
0.52746,0.307095
0.52747,0.30738
0.5274800000000001,0.307673
0.52749,0.307974
0.5275,0.308282
0.52751,0.308598
0.52752,0.308922
0.5275299999999999,0.309254
0.52754,0.309593
0.52755,0.30994
0.5275599999999999,0.310294
0.5275700000000001,0.310656
0.52758,0.311026
0.52759,0.311403
0.5276000000000001,0.311788
0.52761,0.31218
0.52762,0.312579
0.52763,0.312986
0.52764,0.313401
0.52765,0.313822
0.52766,0.314251
0.52767,0.314688
0.5276799999999999,0.315131
0.5276900000000001,0.315582
0.5277000000000001,0.31604
0.52771,0.316505
0.5277200000000001,0.316977
0.52773,0.317457
0.52774,0.317943
0.52775,0.318436
0.52776,0.318936
0.52777,0.319444
0.52778,0.319958
0.52779,0.320479
0.5277999999999999,0.321007
0.5278099999999999,0.321541
0.5278200000000001,0.322082
0.52783,0.32263
0.5278400000000001,0.323185
0.52785,0.323746
0.52786,0.324314
0.52787,0.324888
0.52788,0.325469
0.52789,0.326056
0.5278999999999999,0.326649
0.52791,0.327249
0.52792,0.327855
0.5279299999999999,0.328468
0.5279400000000001,0.329087
0.52795,0.329711
0.52796,0.330342
0.52797,0.330979
0.52798,0.331622
0.52799,0.332271
0.528,0.332926
0.52801,0.333587
0.5280199999999999,0.334253
0.52803,0.334925
0.52804,0.335603
0.5280499999999999,0.336287
0.52806,0.336976
0.52807,0.337671
0.52808,0.338372
0.5280900000000001,0.339078
0.5281,0.339789
0.52811,0.340506
0.52812,0.341228
0.52813,0.341955
0.5281399999999999,0.342688
0.52815,0.343425
0.52816,0.344168
0.5281699999999999,0.344916
0.52818,0.345669
0.52819,0.346427
0.5282,0.347189
0.5282100000000001,0.347957
0.52822,0.348729
0.52823,0.349506
0.52824,0.350288
0.52825,0.351074
0.52826,0.351865
0.52827,0.352661
0.52828,0.353461
0.5282899999999999,0.354266
0.5283,0.355074
0.52831,0.355887
0.52832,0.356705
0.5283300000000001,0.357526
0.52834,0.358352
0.52835,0.359182
0.52836,0.360016
0.52837,0.360854
0.52838,0.361696
0.52839,0.362541
0.5284,0.363391
0.5284099999999999,0.364244
0.52842,0.365101
0.52843,0.365962
0.52844,0.366826
0.5284500000000001,0.367694
0.52846,0.368565
0.52847,0.36944
0.5284800000000001,0.370318
0.52849,0.3712
0.5285,0.372085
0.52851,0.372973
0.52852,0.373864
0.5285299999999999,0.374759
0.52854,0.375656
0.52855,0.376556
0.5285599999999999,0.37746
0.5285700000000001,0.378366
0.52858,0.379275
0.52859,0.380187
0.5286000000000001,0.381102
0.52861,0.38202
0.52862,0.38294
0.52863,0.383863
0.52864,0.384788
0.52865,0.385716
0.52866,0.386646
0.52867,0.387578
0.5286799999999999,0.388513
0.5286900000000001,0.38945
0.5287000000000001,0.39039
0.52871,0.391332
0.5287200000000001,0.392275
0.52873,0.393221
0.52874,0.394169
0.52875,0.395119
0.52876,0.396071
0.52877,0.397024
0.52878,0.39798
0.52879,0.398937
0.5287999999999999,0.399896
0.5288099999999999,0.400857
0.5288200000000001,0.401819
0.52883,0.402783
0.52884,0.403749
0.52885,0.404716
0.52886,0.405684
0.52887,0.406654
0.52888,0.407625
0.52889,0.408598
0.5288999999999999,0.409571
0.52891,0.410546
0.52892,0.411522
0.5289299999999999,0.4125
0.5289400000000001,0.413478
0.52895,0.414457
0.52896,0.415438
0.52897,0.416419
0.52898,0.417401
0.52899,0.418384
0.529,0.419368
0.52901,0.420352
0.5290199999999999,0.421338
0.52903,0.422324
0.52904,0.42331
0.5290499999999999,0.424298
0.52906,0.425285
0.52907,0.426274
0.52908,0.427262
0.5290900000000001,0.428251
0.5291,0.429241
0.52911,0.430231
0.52912,0.431221
0.52913,0.432211
0.5291399999999999,0.433202
0.52915,0.434193
0.52916,0.435184
0.5291699999999999,0.436175
0.52918,0.437166
0.52919,0.438157
0.5292,0.439148
0.5292100000000001,0.44014
0.52922,0.441131
0.52923,0.442122
0.52924,0.443112
0.52925,0.444103
0.52926,0.445093
0.52927,0.446083
0.52928,0.447073
0.5292899999999999,0.448063
0.5293,0.449052
0.52931,0.45004
0.52932,0.451029
0.5293300000000001,0.452016
0.52934,0.453004
0.52935,0.453991
0.52936,0.454977
0.52937,0.455962
0.52938,0.456947
0.52939,0.457931
0.5294,0.458915
0.5294099999999999,0.459898
0.52942,0.46088
0.52943,0.461861
0.52944,0.462842
0.5294500000000001,0.463822
0.52946,0.4648
0.52947,0.465778
0.5294800000000001,0.466755
0.52949,0.467731
0.5295,0.468706
0.52951,0.46968
0.52952,0.470653
0.52953,0.471625
0.52954,0.472595
0.52955,0.473565
0.5295599999999999,0.474533
0.5295700000000001,0.475501
0.52958,0.476467
0.52959,0.477432
0.5296000000000001,0.478395
0.52961,0.479358
0.52962,0.480318
0.52963,0.481278
0.52964,0.482236
0.52965,0.483193
0.52966,0.484149
0.52967,0.485103
0.5296799999999999,0.486056
0.5296900000000001,0.487007
0.5297000000000001,0.487956
0.52971,0.488905
0.5297200000000001,0.489851
0.52973,0.490796
0.52974,0.49174
0.52975,0.492682
0.52976,0.493622
0.52977,0.494561
0.5297799999999999,0.495498
0.52979,0.496433
0.5297999999999999,0.497367
0.5298099999999999,0.498299
0.5298200000000001,0.499229
0.52983,0.500157
0.52984,0.501084
0.52985,0.502009
0.52986,0.502932
0.52987,0.503853
0.52988,0.504772
0.52989,0.50569
0.5298999999999999,0.506605
0.52991,0.507519
0.52992,0.508431
0.5299299999999999,0.509341
0.5299400000000001,0.510249
0.52995,0.511155
0.52996,0.512059
0.52997,0.512961
0.52998,0.513861
0.52999,0.514759
0.53,0.515655
0.53001,0.516549
0.5300199999999999,0.517441
0.53003,0.518331
0.53004,0.519218
0.5300499999999999,0.520104
0.53006,0.520988
0.53007,0.521869
0.53008,0.522748
0.5300900000000001,0.523625
0.5301,0.5245
0.53011,0.525373
0.53012,0.526244
0.53013,0.527112
0.53014,0.527978
0.53015,0.528842
0.53016,0.529704
0.5301699999999999,0.530564
0.53018,0.531421
0.53019,0.532276
0.5302,0.533129
0.5302100000000001,0.533979
0.53022,0.534827
0.53023,0.535673
0.53024,0.536517
0.53025,0.537358
0.53026,0.538197
0.53027,0.539034
0.53028,0.539868
0.5302899999999999,0.5407
0.5303,0.54153
0.53031,0.542357
0.53032,0.543182
0.5303300000000001,0.544004
0.53034,0.544824
0.53035,0.545642
0.53036,0.546457
0.53037,0.54727
0.53038,0.548081
0.53039,0.548889
0.5304,0.549694
0.5304099999999999,0.550498
0.53042,0.551298
0.53043,0.552097
0.53044,0.552893
0.5304500000000001,0.553686
0.53046,0.554477
0.53047,0.555266
0.5304800000000001,0.556052
0.53049,0.556835
0.5305,0.557616
0.53051,0.558395
0.53052,0.559171
0.53053,0.559945
0.53054,0.560716
0.53055,0.561484
0.5305599999999999,0.56225
0.5305700000000001,0.563014
0.53058,0.563775
0.53059,0.564534
0.5306000000000001,0.56529
0.53061,0.566043
0.53062,0.566794
0.53063,0.567543
0.53064,0.568289
0.53065,0.569032
0.53066,0.569773
0.53067,0.570512
0.5306799999999999,0.571247
0.5306900000000001,0.571981
0.5307000000000001,0.572711
0.53071,0.57344
0.5307200000000001,0.574165
0.53073,0.574888
0.53074,0.575609
0.53075,0.576327
0.53076,0.577042
0.53077,0.577755
0.5307799999999999,0.578466
0.53079,0.579173
0.5307999999999999,0.579879
0.5308099999999999,0.580581
0.5308200000000001,0.581281
0.53083,0.581979
0.53084,0.582674
0.53085,0.583366
0.53086,0.584056
0.53087,0.584743
0.53088,0.585428
0.53089,0.58611
0.5308999999999999,0.58679
0.53091,0.587467
0.53092,0.588141
0.5309299999999999,0.588813
0.5309400000000001,0.589482
0.53095,0.590149
0.53096,0.590813
0.53097,0.591475
0.53098,0.592134
0.53099,0.592791
0.531,0.593445
0.53101,0.594096
0.5310199999999999,0.594745
0.53103,0.595391
0.53104,0.596035
0.5310499999999999,0.596676
0.53106,0.597315
0.53107,0.597951
0.53108,0.598584
0.5310900000000001,0.599215
0.5311,0.599843
0.53111,0.600469
0.53112,0.601093
0.53113,0.601713
0.53114,0.602332
0.53115,0.602947
0.53116,0.60356
0.5311699999999999,0.604171
0.53118,0.604779
0.53119,0.605385
0.5312,0.605988
0.5312100000000001,0.606588
0.53122,0.607186
0.53123,0.607781
0.53124,0.608374
0.53125,0.608965
0.53126,0.609552
0.53127,0.610138
0.53128,0.61072
0.5312899999999999,0.611301
0.5313,0.611879
0.53131,0.612454
0.53132,0.613027
0.5313300000000001,0.613597
0.53134,0.614165
0.53135,0.61473
0.53136,0.615292
0.53137,0.615853
0.53138,0.616411
0.53139,0.616966
0.5314,0.617519
0.5314099999999999,0.618069
0.53142,0.618617
0.53143,0.619162
0.53144,0.619705
0.5314500000000001,0.620245
0.53146,0.620783
0.53147,0.621319
0.5314800000000001,0.621852
0.53149,0.622382
0.5315,0.62291
0.53151,0.623436
0.53152,0.623959
0.53153,0.62448
0.53154,0.624998
0.53155,0.625514
0.5315599999999999,0.626028
0.5315700000000001,0.626539
0.53158,0.627047
0.53159,0.627553
0.5316000000000001,0.628057
0.53161,0.628558
0.53162,0.629057
0.53163,0.629554
0.53164,0.630048
0.53165,0.630539
0.53166,0.631029
0.53167,0.631515
0.5316799999999999,0.632
0.5316900000000001,0.632482
0.5317000000000001,0.632961
0.53171,0.633439
0.5317200000000001,0.633914
0.53173,0.634386
0.53174,0.634856
0.53175,0.635324
0.53176,0.635789
0.53177,0.636252
0.5317799999999999,0.636713
0.53179,0.637171
0.5317999999999999,0.637627
0.5318099999999999,0.638081
0.5318200000000001,0.638532
0.53183,0.638981
0.53184,0.639428
0.53185,0.639872
0.53186,0.640314
0.53187,0.640753
0.53188,0.64119
0.53189,0.641625
0.5318999999999999,0.642058
0.53191,0.642488
0.53192,0.642916
0.5319299999999999,0.643342
0.5319400000000001,0.643765
0.53195,0.644186
0.53196,0.644605
0.53197,0.645021
0.53198,0.645436
0.53199,0.645847
0.532,0.646257
0.53201,0.646664
0.5320199999999999,0.647069
0.53203,0.647472
0.53204,0.647873
0.5320499999999999,0.648271
0.53206,0.648667
0.53207,0.649061
0.53208,0.649452
0.5320900000000001,0.649841
0.5321,0.650228
0.53211,0.650613
0.53212,0.650996
0.53213,0.651376
0.53214,0.651754
0.53215,0.65213
0.53216,0.652503
0.5321699999999999,0.652875
0.53218,0.653244
0.53219,0.653611
0.5322,0.653975
0.5322100000000001,0.654338
0.53222,0.654698
0.53223,0.655056
0.53224,0.655412
0.53225,0.655766
0.53226,0.656117
0.53227,0.656467
0.53228,0.656814
0.5322899999999999,0.657159
0.5323,0.657501
0.53231,0.657842
0.53232,0.658181
0.5323300000000001,0.658517
0.53234,0.658851
0.53235,0.659183
0.53236,0.659513
0.53237,0.65984
0.53238,0.660166
0.53239,0.660489
0.5324,0.660811
0.5324099999999999,0.66113
0.53242,0.661447
0.53243,0.661761
0.53244,0.662074
0.5324500000000001,0.662385
0.53246,0.662693
0.53247,0.662999
0.5324800000000001,0.663304
0.53249,0.663606
0.5325,0.663906
0.53251,0.664204
0.53252,0.664499
0.53253,0.664793
0.53254,0.665085
0.53255,0.665374
0.5325599999999999,0.665662
0.5325700000000001,0.665947
0.53258,0.66623
0.53259,0.666511
0.5326000000000001,0.66679
0.53261,0.667067
0.53262,0.667342
0.53263,0.667615
0.53264,0.667886
0.53265,0.668155
0.53266,0.668421
0.53267,0.668686
0.5326799999999999,0.668949
0.5326900000000001,0.669209
0.5327000000000001,0.669468
0.53271,0.669724
0.5327200000000001,0.669978
0.53273,0.670231
0.53274,0.670481
0.53275,0.670729
0.53276,0.670975
0.53277,0.67122
0.5327799999999999,0.671462
0.53279,0.671702
0.5327999999999999,0.67194
0.5328099999999999,0.672176
0.5328200000000001,0.67241
0.53283,0.672643
0.53284,0.672873
0.53285,0.673101
0.53286,0.673327
0.53287,0.673551
0.53288,0.673773
0.53289,0.673993
0.5328999999999999,0.674211
0.53291,0.674427
0.53292,0.674641
0.5329299999999999,0.674853
0.5329400000000001,0.675064
0.53295,0.675272
0.53296,0.675478
0.53297,0.675682
0.53298,0.675884
0.53299,0.676085
0.533,0.676283
0.53301,0.676479
0.5330199999999999,0.676674
0.53303,0.676866
0.53304,0.677056
0.5330499999999999,0.677245
0.53306,0.677431
0.53307,0.677616
0.53308,0.677799
0.5330900000000001,0.677979
0.5331,0.678158
0.53311,0.678335
0.53312,0.678509
0.53313,0.678682
0.53314,0.678853
0.53315,0.679022
0.53316,0.679189
0.5331699999999999,0.679354
0.53318,0.679518
0.53319,0.679679
0.5332,0.679838
0.5332100000000001,0.679996
0.53322,0.680151
0.53323,0.680305
0.53324,0.680456
0.53325,0.680606
0.53326,0.680754
0.53327,0.6809
0.53328,0.681044
0.5332899999999999,0.681186
0.5333,0.681326
0.53331,0.681464
0.53332,0.6816
0.5333300000000001,0.681735
0.53334,0.681867
0.53335,0.681998
0.5333600000000001,0.682127
0.53337,0.682253
0.53338,0.682378
0.53339,0.682501
0.5334,0.682622
0.5334099999999999,0.682742
0.53342,0.682859
0.53343,0.682974
0.53344,0.683088
0.5334500000000001,0.683199
0.53346,0.683309
0.53347,0.683417
0.5334800000000001,0.683523
0.53349,0.683627
0.5335,0.683729
0.53351,0.68383
0.53352,0.683928
0.53353,0.684025
0.53354,0.684119
0.53355,0.684212
0.5335599999999999,0.684303
0.5335700000000001,0.684392
0.53358,0.684479
0.53359,0.684564
0.5336000000000001,0.684648
0.53361,0.684729
0.53362,0.684809
0.53363,0.684887
0.53364,0.684963
0.53365,0.685037
0.53366,0.685109
0.53367,0.685179
0.5336799999999999,0.685248
0.5336900000000001,0.685314
0.5337000000000001,0.685379
0.53371,0.685442
0.53372,0.685503
0.53373,0.685562
0.53374,0.685619
0.53375,0.685674
0.53376,0.685728
0.53377,0.68578
0.5337799999999999,0.685829
0.53379,0.685877
0.5337999999999999,0.685923
0.5338099999999999,0.685967
0.5338200000000001,0.68601
0.53383,0.68605
0.53384,0.686089
0.53385,0.686126
0.53386,0.68616
0.53387,0.686193
0.53388,0.686225
0.53389,0.686254
0.5338999999999999,0.686281
0.53391,0.686307
0.53392,0.686331
0.5339299999999999,0.686352
0.5339400000000001,0.686372
0.53395,0.686391
0.53396,0.686407
0.5339700000000001,0.686421
0.53398,0.686434
0.53399,0.686444
0.534,0.686453
0.53401,0.68646
0.5340199999999999,0.686465
0.53403,0.686469
0.53404,0.68647
0.5340499999999999,0.686469
0.53406,0.686467
0.53407,0.686463
0.53408,0.686457
0.5340900000000001,0.686449
0.5341,0.686439
0.53411,0.686427
0.53412,0.686414
0.53413,0.686398
0.53414,0.686381
0.53415,0.686362
0.53416,0.686341
0.5341699999999999,0.686318
0.53418,0.686293
0.53419,0.686267
0.5342,0.686238
0.5342100000000001,0.686208
0.53422,0.686176
0.53423,0.686142
0.53424,0.686106
0.53425,0.686068
0.53426,0.686028
0.53427,0.685987
0.53428,0.685943
0.5342899999999999,0.685898
0.5343,0.68585
0.53431,0.685801
0.53432,0.68575
0.5343300000000001,0.685698
0.53434,0.685643
0.53435,0.685586
0.5343600000000001,0.685528
0.53437,0.685467
0.53438,0.685405
0.53439,0.685341
0.5344,0.685275
0.5344099999999999,0.685207
0.53442,0.685137
0.53443,0.685065
0.53444,0.684991
0.5344500000000001,0.684916
0.53446,0.684838
0.53447,0.684759
0.5344800000000001,0.684678
0.53449,0.684595
0.5345,0.684509
0.53451,0.684422
0.53452,0.684334
0.53453,0.684243
0.53454,0.68415
0.53455,0.684056
0.5345599999999999,0.683959
0.5345700000000001,0.683861
0.53458,0.68376
0.53459,0.683658
0.5346000000000001,0.683554
0.53461,0.683448
0.53462,0.68334
0.53463,0.68323
0.53464,0.683118
0.53465,0.683004
0.5346599999999999,0.682888
0.53467,0.68277
0.5346799999999999,0.682651
0.5346900000000001,0.682529
0.5347000000000001,0.682406
0.53471,0.68228
0.53472,0.682153
0.53473,0.682023
0.53474,0.681892
0.53475,0.681759
0.53476,0.681624
0.53477,0.681487
0.5347799999999999,0.681347
0.53479,0.681206
0.5347999999999999,0.681063
0.5348099999999999,0.680918
0.5348200000000001,0.680771
0.53483,0.680622
0.53484,0.680471
0.53485,0.680318
0.53486,0.680164
0.53487,0.680007
0.53488,0.679848
0.53489,0.679687
0.5348999999999999,0.679524
0.53491,0.679359
0.53492,0.679193
0.5349299999999999,0.679024
0.5349400000000001,0.678853
0.53495,0.67868
0.53496,0.678505
0.5349700000000001,0.678329
0.53498,0.67815
0.53499,0.677969
0.535,0.677786
0.53501,0.677601
0.5350199999999999,0.677414
0.53503,0.677225
0.53504,0.677034
0.5350499999999999,0.676841
0.53506,0.676646
0.53507,0.676449
0.53508,0.67625
0.5350900000000001,0.676049
0.5351,0.675846
0.53511,0.675641
0.53512,0.675433
0.53513,0.675224
0.53514,0.675013
0.53515,0.674799
0.53516,0.674584
0.5351699999999999,0.674366
0.53518,0.674146
0.53519,0.673925
0.5352,0.673701
0.5352100000000001,0.673475
0.53522,0.673247
0.53523,0.673017
0.53524,0.672785
0.53525,0.67255
0.53526,0.672314
0.53527,0.672075
0.53528,0.671835
0.5352899999999999,0.671592
0.5353,0.671347
0.53531,0.6711
0.53532,0.670851
0.5353300000000001,0.6706
0.53534,0.670347
0.53535,0.670091
0.5353600000000001,0.669834
0.53537,0.669574
0.53538,0.669312
0.53539,0.669048
0.5354,0.668782
0.5354099999999999,0.668513
0.53542,0.668243
0.53543,0.66797
0.53544,0.667695
0.5354500000000001,0.667418
0.53546,0.667139
0.53547,0.666857
0.5354800000000001,0.666574
0.53549,0.666288
0.5355,0.666
0.53551,0.66571
0.53552,0.665417
0.53553,0.665123
0.53554,0.664826
0.53555,0.664527
0.5355599999999999,0.664226
0.5355700000000001,0.663922
0.5355800000000001,0.663616
0.53559,0.663308
0.5356000000000001,0.662998
0.53561,0.662686
0.53562,0.662371
0.53563,0.662054
0.53564,0.661735
0.53565,0.661413
0.5356599999999999,0.66109
0.53567,0.660764
0.5356799999999999,0.660435
0.53569,0.660105
0.5357000000000001,0.659772
0.53571,0.659437
0.53572,0.659099
0.53573,0.658759
0.53574,0.658417
0.53575,0.658073
0.53576,0.657726
0.53577,0.657377
0.5357799999999999,0.657026
0.53579,0.656672
0.5357999999999999,0.656316
0.5358099999999999,0.655958
0.5358200000000001,0.655597
0.53583,0.655234
0.53584,0.654869
0.53585,0.654501
0.53586,0.654131
0.53587,0.653758
0.53588,0.653383
0.53589,0.653006
0.5358999999999999,0.652627
0.53591,0.652245
0.53592,0.65186
0.5359299999999999,0.651473
0.5359400000000001,0.651084
0.53595,0.650692
0.53596,0.650298
0.5359700000000001,0.649902
0.53598,0.649503
0.53599,0.649102
0.536,0.648698
0.53601,0.648292
0.5360199999999999,0.647883
0.53603,0.647472
0.53604,0.647058
0.5360499999999999,0.646642
0.53606,0.646224
0.53607,0.645803
0.53608,0.645379
0.5360900000000001,0.644953
0.5361,0.644525
0.53611,0.644094
0.53612,0.64366
0.53613,0.643224
0.53614,0.642786
0.53615,0.642345
0.53616,0.641901
0.5361699999999999,0.641455
0.53618,0.641006
0.53619,0.640555
0.5362,0.640102
0.5362100000000001,0.639645
0.53622,0.639187
0.53623,0.638725
0.53624,0.638261
0.53625,0.637795
0.53626,0.637326
0.53627,0.636854
0.53628,0.63638
0.5362899999999999,0.635903
0.5363,0.635423
0.53631,0.634941
0.53632,0.634456
0.5363300000000001,0.633969
0.53634,0.633479
0.53635,0.632986
0.5363600000000001,0.632491
0.53637,0.631993
0.53638,0.631493
0.53639,0.630989
0.5364,0.630484
0.5364099999999999,0.629975
0.53642,0.629464
0.53643,0.62895
0.53644,0.628433
0.5364500000000001,0.627914
0.53646,0.627392
0.53647,0.626868
0.5364800000000001,0.62634
0.53649,0.62581
0.5365,0.625277
0.53651,0.624742
0.53652,0.624204
0.53653,0.623663
0.53654,0.623119
0.53655,0.622572
0.5365599999999999,0.622023
0.5365700000000001,0.621471
0.5365800000000001,0.620916
0.53659,0.620359
0.5366000000000001,0.619799
0.53661,0.619235
0.53662,0.61867
0.5366299999999999,0.618101
0.53664,0.617529
0.53665,0.616955
0.5366599999999999,0.616378
0.53667,0.615798
0.5366799999999999,0.615216
0.53669,0.61463
0.5367000000000001,0.614042
0.53671,0.61345
0.53672,0.612856
0.53673,0.612259
0.53674,0.61166
0.53675,0.611057
0.53676,0.610452
0.53677,0.609843
0.5367799999999999,0.609232
0.53679,0.608618
0.5367999999999999,0.608001
0.5368099999999999,0.607381
0.5368200000000001,0.606758
0.53683,0.606133
0.53684,0.605504
0.53685,0.604873
0.53686,0.604238
0.53687,0.603601
0.53688,0.602961
0.53689,0.602317
0.5368999999999999,0.601671
0.53691,0.601022
0.53692,0.60037
0.5369299999999999,0.599715
0.5369400000000001,0.599057
0.53695,0.598396
0.53696,0.597733
0.5369700000000001,0.597066
0.53698,0.596396
0.53699,0.595723
0.537,0.595047
0.53701,0.594369
0.5370199999999999,0.593687
0.53703,0.593002
0.53704,0.592315
0.5370499999999999,0.591624
0.53706,0.59093
0.53707,0.590233
0.53708,0.589534
0.5370900000000001,0.588831
0.5371,0.588125
0.53711,0.587416
0.53712,0.586704
0.53713,0.585989
0.53714,0.585271
0.53715,0.58455
0.53716,0.583826
0.5371699999999999,0.583099
0.53718,0.582369
0.5371900000000001,0.581636
0.5372,0.580899
0.5372100000000001,0.58016
0.53722,0.579418
0.53723,0.578672
0.53724,0.577923
0.53725,0.577172
0.53726,0.576417
0.53727,0.575659
0.53728,0.574898
0.5372899999999999,0.574134
0.5373,0.573367
0.53731,0.572597
0.53732,0.571824
0.5373300000000001,0.571047
0.53734,0.570268
0.53735,0.569485
0.5373600000000001,0.5687
0.53737,0.567911
0.53738,0.567119
0.53739,0.566324
0.5374,0.565526
0.5374099999999999,0.564725
0.53742,0.56392
0.53743,0.563113
0.53744,0.562302
0.5374500000000001,0.561488
0.53746,0.560672
0.53747,0.559852
0.5374800000000001,0.559029
0.53749,0.558202
0.5375,0.557373
0.53751,0.556541
0.53752,0.555705
0.53753,0.554867
0.53754,0.554025
0.53755,0.55318
0.5375599999999999,0.552332
0.5375700000000001,0.551481
0.5375800000000001,0.550627
0.53759,0.549769
0.5376000000000001,0.548909
0.53761,0.548045
0.53762,0.547179
0.5376299999999999,0.546309
0.53764,0.545436
0.53765,0.54456
0.5376599999999999,0.543681
0.53767,0.542798
0.5376799999999999,0.541913
0.53769,0.541025
0.5377000000000001,0.540133
0.53771,0.539239
0.53772,0.538341
0.53773,0.53744
0.53774,0.536536
0.53775,0.535629
0.53776,0.534719
0.53777,0.533806
0.5377799999999999,0.53289
0.53779,0.531971
0.5378,0.531048
0.5378099999999999,0.530123
0.5378200000000001,0.529195
0.53783,0.528263
0.53784,0.527329
0.53785,0.526391
0.53786,0.525451
0.53787,0.524507
0.53788,0.523561
0.53789,0.522611
0.5378999999999999,0.521659
0.53791,0.520703
0.53792,0.519745
0.5379299999999999,0.518783
0.5379400000000001,0.517819
0.53795,0.516851
0.53796,0.515881
0.5379700000000001,0.514907
0.53798,0.513931
0.53799,0.512952
0.538,0.51197
0.53801,0.510985
0.5380199999999999,0.509997
0.53803,0.509006
0.53804,0.508012
0.5380499999999999,0.507016
0.53806,0.506016
0.53807,0.505014
0.53808,0.504009
0.5380900000000001,0.503001
0.5381,0.50199
0.53811,0.500976
0.53812,0.49996
0.53813,0.498941
0.53814,0.497919
0.53815,0.496894
0.53816,0.495867
0.5381699999999999,0.494837
0.53818,0.493804
0.5381900000000001,0.492769
0.5382,0.491731
0.5382100000000001,0.49069
0.53822,0.489646
0.53823,0.4886
0.53824,0.487551
0.53825,0.4865
0.53826,0.485446
0.53827,0.48439
0.53828,0.483331
0.5382899999999999,0.482269
0.5383,0.481205
0.53831,0.480139
0.53832,0.47907
0.5383300000000001,0.477998
0.53834,0.476924
0.53835,0.475848
0.5383600000000001,0.474769
0.53837,0.473688
0.53838,0.472605
0.53839,0.471519
0.5384,0.470431
0.5384099999999999,0.469341
0.53842,0.468248
0.53843,0.467153
0.53844,0.466056
0.5384500000000001,0.464957
0.53846,0.463856
0.53847,0.462752
0.5384800000000001,0.461646
0.53849,0.460539
0.5385,0.459429
0.53851,0.458317
0.53852,0.457203
0.53853,0.456087
0.53854,0.45497
0.53855,0.45385
0.5385599999999999,0.452728
0.5385700000000001,0.451605
0.5385800000000001,0.450479
0.53859,0.449352
0.5386,0.448223
0.53861,0.447093
0.53862,0.44596
0.5386299999999999,0.444826
0.53864,0.44369
0.53865,0.442553
0.5386599999999999,0.441414
0.53867,0.440274
0.5386799999999999,0.439132
0.53869,0.437988
0.5387000000000001,0.436843
0.53871,0.435697
0.53872,0.434549
0.53873,0.4334
0.53874,0.43225
0.53875,0.431098
0.53876,0.429945
0.53877,0.428791
0.5387799999999999,0.427636
0.53879,0.426479
0.5388,0.425322
0.5388099999999999,0.424163
0.5388200000000001,0.423004
0.53883,0.421843
0.53884,0.420682
0.53885,0.41952
0.53886,0.418357
0.53887,0.417193
0.53888,0.416028
0.53889,0.414863
0.5388999999999999,0.413697
0.53891,0.41253
0.53892,0.411363
0.5389299999999999,0.410196
0.5389400000000001,0.409028
0.53895,0.407859
0.53896,0.40669
0.5389700000000001,0.405521
0.53898,0.404351
0.53899,0.403182
0.539,0.402012
0.53901,0.400842
0.5390199999999999,0.399672
0.53903,0.398501
0.53904,0.397331
0.5390499999999999,0.396161
0.53906,0.394991
0.53907,0.393822
0.53908,0.392652
0.5390900000000001,0.391483
0.5391,0.390314
0.53911,0.389145
0.53912,0.387977
0.53913,0.38681
0.53914,0.385643
0.53915,0.384477
0.53916,0.383311
0.5391699999999999,0.382146
0.53918,0.380982
0.5391900000000001,0.379819
0.5392,0.378656
0.5392100000000001,0.377495
0.53922,0.376335
0.53923,0.375176
0.53924,0.374018
0.53925,0.372861
0.53926,0.371705
0.53927,0.370551
0.53928,0.369398
0.5392899999999999,0.368247
0.5393,0.367097
0.53931,0.365949
0.53932,0.364803
0.5393300000000001,0.363658
0.53934,0.362515
0.53935,0.361374
0.5393600000000001,0.360235
0.53937,0.359098
0.53938,0.357963
0.53939,0.35683
0.5394,0.355699
0.53941,0.354571
0.53942,0.353445
0.53943,0.352321
0.53944,0.3512
0.5394500000000001,0.350081
0.53946,0.348965
0.53947,0.347852
0.5394800000000001,0.346741
0.53949,0.345634
0.5395,0.344529
0.53951,0.343427
0.53952,0.342328
0.53953,0.341233
0.5395399999999999,0.34014
0.53955,0.339051
0.5395599999999999,0.337965
0.5395700000000001,0.336883
0.5395800000000001,0.335804
0.53959,0.334729
0.5396,0.333658
0.53961,0.33259
0.53962,0.331526
0.5396299999999999,0.330466
0.53964,0.329409
0.53965,0.328357
0.5396599999999999,0.327309
0.53967,0.326265
0.5396799999999999,0.325226
0.53969,0.324191
0.5397000000000001,0.32316
0.53971,0.322133
0.53972,0.321112
0.53973,0.320095
0.53974,0.319082
0.53975,0.318075
0.53976,0.317072
0.53977,0.316074
0.5397799999999999,0.315082
0.53979,0.314094
0.5398,0.313112
0.5398099999999999,0.312135
0.5398200000000001,0.311163
0.53983,0.310197
0.53984,0.309236
0.53985,0.308281
0.53986,0.307332
0.53987,0.306388
0.53988,0.30545
0.53989,0.304518
0.5398999999999999,0.303593
0.53991,0.302673
0.53992,0.301759
0.5399299999999999,0.300851
0.5399400000000001,0.29995
0.53995,0.299056
0.53996,0.298167
0.5399700000000001,0.297285
0.53998,0.29641
0.53999,0.295542
0.54,0.29468
0.54001,0.293825
0.54002,0.292977
0.54003,0.292136
0.54004,0.291302
0.5400499999999999,0.290476
0.54006,0.289656
0.54007,0.288844
0.54008,0.288039
0.5400900000000001,0.287242
0.5401,0.286452
0.54011,0.28567
0.54012,0.284895
0.54013,0.284128
0.54014,0.283369
0.54015,0.282618
0.54016,0.281875
0.5401699999999999,0.28114
0.54018,0.280413
0.5401900000000001,0.279694
0.5402,0.278983
0.5402100000000001,0.278281
0.54022,0.277587
0.54023,0.276902
0.54024,0.276225
0.54025,0.275556
0.54026,0.274897
0.54027,0.274246
0.54028,0.273603
0.5402899999999999,0.27297
0.5403,0.272346
0.54031,0.27173
0.54032,0.271124
0.5403300000000001,0.270526
0.54034,0.269938
0.54035,0.269359
0.5403600000000001,0.268789
0.54037,0.268229
0.54038,0.267678
0.54039,0.267137
0.5404,0.266605
0.54041,0.266082
0.54042,0.265569
0.54043,0.265066
0.54044,0.264573
0.5404500000000001,0.264089
0.54046,0.263615
0.54047,0.263151
0.5404800000000001,0.262698
0.54049,0.262254
0.5405,0.26182
0.54051,0.261396
0.54052,0.260982
0.54053,0.260578
0.5405399999999999,0.260185
0.54055,0.259802
0.5405599999999999,0.259429
0.54057,0.259066
0.5405800000000001,0.258714
0.54059,0.258372
0.5406,0.258041
0.54061,0.25772
0.54062,0.25741
0.5406299999999999,0.25711
0.54064,0.256821
0.54065,0.256543
0.5406599999999999,0.256275
0.54067,0.256018
0.5406799999999999,0.255772
0.54069,0.255536
0.5407000000000001,0.255311
0.54071,0.255097
0.54072,0.254894
0.54073,0.254701
0.54074,0.25452
0.54075,0.254349
0.54076,0.254189
0.54077,0.25404
0.5407799999999999,0.253903
0.54079,0.253776
0.5408,0.25366
0.5408099999999999,0.253555
0.5408200000000001,0.253461
0.54083,0.253378
0.54084,0.253306
0.54085,0.253245
0.54086,0.253195
0.54087,0.253157
0.54088,0.253129
0.54089,0.253112
0.5408999999999999,0.253107
0.54091,0.253112
0.54092,0.253129
0.5409299999999999,0.253157
0.5409400000000001,0.253196
0.54095,0.253245
0.54096,0.253306
0.5409700000000001,0.253378
0.54098,0.253461
0.54099,0.253555
0.541,0.25366
0.54101,0.253776
0.54102,0.253904
0.54103,0.254042
0.54104,0.254191
0.5410499999999999,0.254351
0.54106,0.254522
0.54107,0.254704
0.54108,0.254897
0.5410900000000001,0.255101
0.5411,0.255315
0.54111,0.255541
0.54112,0.255777
0.54113,0.256025
0.54114,0.256283
0.54115,0.256551
0.54116,0.256831
0.5411699999999999,0.257121
0.54118,0.257422
0.5411900000000001,0.257734
0.5412,0.258056
0.5412100000000001,0.258389
0.54122,0.258732
0.54123,0.259086
0.54124,0.25945
0.54125,0.259825
0.54126,0.26021
0.54127,0.260605
0.54128,0.261011
0.5412899999999999,0.261427
0.5413,0.261854
0.54131,0.26229
0.54132,0.262737
0.5413300000000001,0.263194
0.54134,0.263661
0.54135,0.264138
0.5413600000000001,0.264624
0.54137,0.265121
0.54138,0.265628
0.54139,0.266144
0.5414,0.26667
0.54141,0.267206
0.54142,0.267752
0.54143,0.268307
0.54144,0.268872
0.5414500000000001,0.269446
0.54146,0.27003
0.54147,0.270623
0.5414800000000001,0.271225
0.54149,0.271837
0.5415,0.272457
0.5415099999999999,0.273087
0.54152,0.273726
0.54153,0.274374
0.5415399999999999,0.275031
0.54155,0.275697
0.5415599999999999,0.276372
0.54157,0.277055
0.5415800000000001,0.277747
0.54159,0.278448
0.5416,0.279157
0.54161,0.279875
0.54162,0.280601
0.54163,0.281336
0.54164,0.282079
0.54165,0.28283
0.5416599999999999,0.283589
0.54167,0.284356
0.5416799999999999,0.285132
0.54169,0.285915
0.5417000000000001,0.286706
0.54171,0.287505
0.54172,0.288312
0.54173,0.289126
0.54174,0.289948
0.54175,0.290777
0.54176,0.291614
0.54177,0.292458
0.5417799999999999,0.293309
0.54179,0.294168
0.5418,0.295033
0.5418099999999999,0.295906
0.5418200000000001,0.296785
0.54183,0.297672
0.54184,0.298565
0.54185,0.299465
0.54186,0.300372
0.54187,0.301285
0.54188,0.302205
0.54189,0.303131
0.5418999999999999,0.304064
0.54191,0.305003
0.54192,0.305948
0.5419299999999999,0.306899
0.5419400000000001,0.307856
0.54195,0.308819
0.54196,0.309788
0.5419700000000001,0.310763
0.54198,0.311744
0.54199,0.31273
0.542,0.313721
0.54201,0.314718
0.54202,0.315721
0.54203,0.316729
0.54204,0.317742
0.5420499999999999,0.31876
0.54206,0.319784
0.54207,0.320812
0.54208,0.321845
0.5420900000000001,0.322883
0.5421,0.323926
0.54211,0.324974
0.54212,0.326026
0.54213,0.327083
0.54214,0.328144
0.54215,0.329209
0.54216,0.330279
0.5421699999999999,0.331353
0.54218,0.332432
0.5421900000000001,0.333514
0.5422,0.3346
0.5422100000000001,0.33569
0.54222,0.336784
0.54223,0.337882
0.54224,0.338983
0.54225,0.340088
0.54226,0.341197
0.54227,0.342309
0.54228,0.343424
0.5422899999999999,0.344543
0.5423,0.345665
0.54231,0.34679
0.54232,0.347918
0.5423300000000001,0.349049
0.54234,0.350184
0.54235,0.351321
0.5423600000000001,0.35246
0.54237,0.353603
0.54238,0.354748
0.54239,0.355896
0.5424,0.357046
0.54241,0.358198
0.54242,0.359353
0.54243,0.360511
0.54244,0.36167
0.5424500000000001,0.362832
0.54246,0.363996
0.54247,0.365161
0.5424800000000001,0.366329
0.54249,0.367499
0.5425,0.36867
0.5425099999999999,0.369843
0.54252,0.371018
0.54253,0.372194
0.5425399999999999,0.373372
0.54255,0.374552
0.5425599999999999,0.375733
0.54257,0.376915
0.5425800000000001,0.378098
0.54259,0.379283
0.5426,0.380469
0.54261,0.381656
0.54262,0.382844
0.54263,0.384033
0.54264,0.385223
0.54265,0.386414
0.5426599999999999,0.387605
0.54267,0.388798
0.5426799999999999,0.389991
0.54269,0.391184
0.5427000000000001,0.392379
0.54271,0.393573
0.54272,0.394769
0.54273,0.395964
0.54274,0.39716
0.54275,0.398356
0.54276,0.399553
0.54277,0.400749
0.5427799999999999,0.401946
0.54279,0.403143
0.5428,0.40434
0.5428099999999999,0.405536
0.5428200000000001,0.406733
0.54283,0.40793
0.54284,0.409126
0.54285,0.410322
0.54286,0.411518
0.54287,0.412713
0.54288,0.413908
0.54289,0.415103
0.5428999999999999,0.416297
0.54291,0.417491
0.54292,0.418684
0.5429299999999999,0.419876
0.5429400000000001,0.421068
0.54295,0.422259
0.54296,0.42345
0.5429700000000001,0.424639
0.54298,0.425828
0.54299,0.427016
0.543,0.428202
0.54301,0.429388
0.54302,0.430573
0.54303,0.431757
0.54304,0.43294
0.5430499999999999,0.434121
0.54306,0.435302
0.54307,0.436481
0.54308,0.437659
0.5430900000000001,0.438835
0.5431,0.440011
0.54311,0.441185
0.54312,0.442357
0.54313,0.443528
0.54314,0.444698
0.54315,0.445866
0.54316,0.447033
0.5431699999999999,0.448198
0.54318,0.449361
0.5431900000000001,0.450523
0.5432,0.451683
0.5432100000000001,0.452841
0.54322,0.453998
0.54323,0.455153
0.5432400000000001,0.456306
0.54325,0.457457
0.54326,0.458606
0.54327,0.459754
0.54328,0.460899
0.5432899999999999,0.462043
0.5433,0.463184
0.54331,0.464324
0.54332,0.465461
0.5433300000000001,0.466597
0.54334,0.46773
0.54335,0.468862
0.5433600000000001,0.469991
0.54337,0.471118
0.54338,0.472242
0.54339,0.473365
0.5434,0.474485
0.54341,0.475603
0.54342,0.476719
0.54343,0.477832
0.54344,0.478944
0.5434500000000001,0.480052
0.54346,0.481159
0.54347,0.482263
0.54348,0.483364
0.54349,0.484463
0.5435,0.48556
0.5435099999999999,0.486654
0.54352,0.487746
0.54353,0.488835
0.5435399999999999,0.489922
0.54355,0.491006
0.5435599999999999,0.492087
0.54357,0.493166
0.5435800000000001,0.494242
0.54359,0.495316
0.5436,0.496387
0.54361,0.497455
0.54362,0.498521
0.54363,0.499584
0.54364,0.500644
0.54365,0.501702
0.5436599999999999,0.502757
0.54367,0.503809
0.5436799999999999,0.504858
0.54369,0.505905
0.5437000000000001,0.506949
0.54371,0.50799
0.54372,0.509028
0.54373,0.510063
0.54374,0.511096
0.54375,0.512125
0.54376,0.513152
0.54377,0.514176
0.5437799999999999,0.515197
0.54379,0.516215
0.5438,0.51723
0.5438099999999999,0.518242
0.5438200000000001,0.519252
0.54383,0.520258
0.54384,0.521262
0.5438500000000001,0.522262
0.54386,0.52326
0.54387,0.524254
0.54388,0.525246
0.54389,0.526235
0.5438999999999999,0.52722
0.54391,0.528203
0.54392,0.529183
0.5439299999999999,0.530159
0.5439400000000001,0.531133
0.54395,0.532103
0.54396,0.533071
0.5439700000000001,0.534035
0.54398,0.534997
0.54399,0.535955
0.544,0.53691
0.54401,0.537862
0.54402,0.538812
0.54403,0.539758
0.54404,0.540701
0.5440499999999999,0.541641
0.54406,0.542577
0.54407,0.543511
0.54408,0.544442
0.5440900000000001,0.545369
0.5441,0.546294
0.54411,0.547215
0.54412,0.548133
0.54413,0.549048
0.54414,0.54996
0.54415,0.550869
0.54416,0.551775
0.5441699999999999,0.552678
0.54418,0.553577
0.5441900000000001,0.554474
0.5442,0.555367
0.5442100000000001,0.556257
0.54422,0.557144
0.54423,0.558028
0.5442400000000001,0.558908
0.54425,0.559786
0.54426,0.560661
0.54427,0.561532
0.54428,0.5624
0.5442899999999999,0.563265
0.5443,0.564127
0.54431,0.564986
0.54432,0.565841
0.5443300000000001,0.566694
0.54434,0.567543
0.54435,0.56839
0.5443600000000001,0.569233
0.54437,0.570073
0.54438,0.57091
0.54439,0.571743
0.5444,0.572574
0.54441,0.573401
0.5444199999999999,0.574226
0.54443,0.575047
0.54444,0.575865
0.5444500000000001,0.57668
0.54446,0.577492
0.54447,0.578301
0.54448,0.579106
0.54449,0.579909
0.5445,0.580708
0.5445099999999999,0.581504
0.54452,0.582298
0.54453,0.583088
0.5445399999999999,0.583875
0.54455,0.584659
0.5445599999999999,0.585439
0.54457,0.586217
0.5445800000000001,0.586992
0.54459,0.587763
0.5446,0.588532
0.54461,0.589297
0.54462,0.59006
0.54463,0.590819
0.54464,0.591575
0.54465,0.592328
0.5446599999999999,0.593078
0.54467,0.593825
0.5446799999999999,0.594569
0.54469,0.59531
0.5447000000000001,0.596048
0.54471,0.596783
0.54472,0.597514
0.54473,0.598243
0.54474,0.598969
0.54475,0.599691
0.54476,0.600411
0.54477,0.601128
0.5447799999999999,0.601841
0.54479,0.602552
0.5448,0.60326
0.5448099999999999,0.603964
0.5448200000000001,0.604666
0.54483,0.605365
0.54484,0.60606
0.5448500000000001,0.606753
0.54486,0.607443
0.54487,0.60813
0.54488,0.608814
0.54489,0.609494
0.5448999999999999,0.610172
0.54491,0.610847
0.54492,0.611519
0.5449299999999999,0.612188
0.5449400000000001,0.612855
0.54495,0.613518
0.54496,0.614178
0.5449700000000001,0.614836
0.54498,0.61549
0.54499,0.616142
0.545,0.61679
0.54501,0.617436
0.54502,0.618079
0.54503,0.618719
0.54504,0.619356
0.5450499999999999,0.619991
0.54506,0.620622
0.54507,0.621251
0.54508,0.621876
0.5450900000000001,0.622499
0.5451,0.623119
0.54511,0.623737
0.54512,0.624351
0.54513,0.624963
0.54514,0.625571
0.54515,0.626177
0.54516,0.62678
0.5451699999999999,0.627381
0.54518,0.627978
0.5451900000000001,0.628573
0.5452,0.629165
0.5452100000000001,0.629754
0.54522,0.630341
0.54523,0.630924
0.5452400000000001,0.631505
0.54525,0.632083
0.54526,0.632659
0.54527,0.633231
0.54528,0.633801
0.5452899999999999,0.634369
0.5453,0.634933
0.54531,0.635495
0.54532,0.636054
0.5453300000000001,0.63661
0.54534,0.637164
0.54535,0.637715
0.5453600000000001,0.638263
0.54537,0.638809
0.54538,0.639352
0.54539,0.639892
0.5454,0.64043
0.54541,0.640965
0.5454199999999999,0.641497
0.54543,0.642027
0.54544,0.642554
0.54545,0.643078
0.5454600000000001,0.6436
0.54547,0.644119
0.54548,0.644636
0.54549,0.64515
0.5455,0.645661
0.5455099999999999,0.64617
0.54552,0.646676
0.54553,0.64718
0.5455399999999999,0.647681
0.54555,0.648179
0.5455599999999999,0.648675
0.54557,0.649169
0.5455800000000001,0.649659
0.54559,0.650148
0.5456,0.650633
0.54561,0.651117
0.54562,0.651597
0.54563,0.652075
0.54564,0.652551
0.54565,0.653024
0.5456599999999999,0.653495
0.54567,0.653963
0.5456799999999999,0.654429
0.54569,0.654892
0.5457000000000001,0.655353
0.54571,0.655811
0.54572,0.656267
0.54573,0.65672
0.54574,0.657171
0.54575,0.657619
0.54576,0.658065
0.54577,0.658509
0.5457799999999999,0.65895
0.54579,0.659388
0.5458,0.659825
0.5458099999999999,0.660259
0.5458200000000001,0.66069
0.54583,0.661119
0.54584,0.661546
0.5458500000000001,0.66197
0.54586,0.662392
0.54587,0.662811
0.54588,0.663228
0.54589,0.663643
0.5458999999999999,0.664056
0.54591,0.664466
0.54592,0.664873
0.5459299999999999,0.665279
0.5459400000000001,0.665682
0.54595,0.666082
0.54596,0.666481
0.5459700000000001,0.666877
0.54598,0.667271
0.54599,0.667662
0.546,0.668051
0.54601,0.668438
0.54602,0.668822
0.54603,0.669205
0.54604,0.669585
0.5460499999999999,0.669962
0.54606,0.670338
0.54607,0.670711
0.54608,0.671082
0.5460900000000001,0.67145
0.5461,0.671817
0.54611,0.672181
0.54612,0.672543
0.54613,0.672902
0.54614,0.67326
0.54615,0.673615
0.54616,0.673968
0.5461699999999999,0.674319
0.54618,0.674667
0.5461900000000001,0.675014
0.5462,0.675358
0.5462100000000001,0.6757
0.54622,0.676039
0.54623,0.676377
0.5462400000000001,0.676712
0.54625,0.677046
0.54626,0.677377
0.54627,0.677706
0.54628,0.678032
0.5462899999999999,0.678357
0.5463,0.678679
0.54631,0.679
0.54632,0.679318
0.5463300000000001,0.679634
0.54634,0.679948
0.54635,0.680259
0.5463600000000001,0.680569
0.54637,0.680877
0.54638,0.681182
0.5463899999999999,0.681485
0.5464,0.681786
0.54641,0.682085
0.5464199999999999,0.682382
0.54643,0.682677
0.54644,0.68297
0.54645,0.683261
0.5464600000000001,0.68355
0.54647,0.683836
0.54648,0.684121
0.54649,0.684403
0.5465,0.684684
0.5465099999999999,0.684962
0.54652,0.685238
0.54653,0.685512
0.5465399999999999,0.685785
0.54655,0.686055
0.5465599999999999,0.686323
0.54657,0.686589
0.5465800000000001,0.686853
0.54659,0.687115
0.5466,0.687375
0.54661,0.687633
0.54662,0.687889
0.54663,0.688143
0.54664,0.688395
0.54665,0.688645
0.5466599999999999,0.688893
0.54667,0.689139
0.5466799999999999,0.689383
0.54669,0.689625
0.5467000000000001,0.689866
0.54671,0.690104
0.54672,0.69034
0.54673,0.690574
0.54674,0.690806
0.54675,0.691036
0.54676,0.691265
0.54677,0.691491
0.5467799999999999,0.691715
0.54679,0.691938
0.5468,0.692158
0.5468099999999999,0.692377
0.5468200000000001,0.692594
0.54683,0.692808
0.54684,0.693021
0.5468500000000001,0.693232
0.54686,0.693441
0.54687,0.693648
0.54688,0.693853
0.54689,0.694056
0.5468999999999999,0.694257
0.54691,0.694457
0.54692,0.694654
0.5469299999999999,0.69485
0.5469400000000001,0.695043
0.54695,0.695235
0.54696,0.695425
0.5469700000000001,0.695613
0.54698,0.695799
0.54699,0.695983
0.547,0.696166
0.54701,0.696346
0.54702,0.696525
0.54703,0.696701
0.54704,0.696876
0.5470499999999999,0.697049
0.54706,0.697221
0.5470700000000001,0.69739
0.54708,0.697557
0.5470900000000001,0.697723
0.5471,0.697887
0.54711,0.698048
0.54712,0.698208
0.54713,0.698367
0.54714,0.698523
0.54715,0.698678
0.54716,0.69883
0.5471699999999999,0.698981
0.54718,0.69913
0.5471900000000001,0.699277
0.5472,0.699423
0.5472100000000001,0.699566
0.54722,0.699708
0.54723,0.699848
0.5472400000000001,0.699986
0.54725,0.700122
0.54726,0.700257
0.54727,0.70039
0.54728,0.70052
0.5472899999999999,0.70065
0.5473,0.700777
0.54731,0.700902
0.54732,0.701026
0.5473300000000001,0.701148
0.54734,0.701268
0.54735,0.701386
0.5473600000000001,0.701503
0.54737,0.701617
0.54738,0.70173
0.5473899999999999,0.701841
0.5474,0.701951
0.54741,0.702058
0.5474199999999999,0.702164
0.54743,0.702268
0.54744,0.702371
0.54745,0.702471
0.5474600000000001,0.70257
0.54747,0.702667
0.54748,0.702762
0.54749,0.702855
0.5475,0.702947
0.5475099999999999,0.703037
0.54752,0.703125
0.54753,0.703211
0.5475399999999999,0.703296
0.54755,0.703379
0.5475599999999999,0.70346
0.54757,0.703539
0.5475800000000001,0.703617
0.54759,0.703693
0.5476,0.703767
0.54761,0.703839
0.54762,0.70391
0.54763,0.703978
0.54764,0.704046
0.54765,0.704111
0.5476599999999999,0.704175
0.54767,0.704236
0.54768,0.704297
0.54769,0.704355
0.5477000000000001,0.704412
0.54771,0.704467
0.54772,0.70452
0.54773,0.704571
0.54774,0.704621
0.54775,0.704669
0.54776,0.704715
0.54777,0.70476
0.5477799999999999,0.704802
0.54779,0.704843
0.5478,0.704883
0.5478099999999999,0.70492
0.5478200000000001,0.704956
0.54783,0.70499
0.54784,0.705023
0.5478500000000001,0.705054
0.54786,0.705083
0.54787,0.70511
0.54788,0.705135
0.54789,0.705159
0.5478999999999999,0.705181
0.54791,0.705202
0.54792,0.70522
0.5479299999999999,0.705237
0.5479400000000001,0.705252
0.54795,0.705266
0.54796,0.705278
0.5479700000000001,0.705288
0.54798,0.705296
0.54799,0.705302
0.548,0.705307
0.54801,0.70531
0.54802,0.705312
0.54803,0.705312
0.54804,0.70531
0.5480499999999999,0.705306
0.54806,0.7053
0.5480700000000001,0.705293
0.54808,0.705284
0.5480900000000001,0.705274
0.5481,0.705262
0.54811,0.705248
0.54812,0.705232
0.54813,0.705214
0.54814,0.705195
0.54815,0.705174
0.54816,0.705152
0.5481699999999999,0.705127
0.54818,0.705101
0.5481900000000001,0.705073
0.5482,0.705044
0.5482100000000001,0.705013
0.54822,0.70498
0.54823,0.704945
0.5482400000000001,0.704909
0.54825,0.704871
0.54826,0.704831
0.54827,0.704789
0.54828,0.704746
0.5482899999999999,0.704701
0.5483,0.704654
0.54831,0.704606
0.54832,0.704556
0.5483300000000001,0.704504
0.54834,0.70445
0.54835,0.704395
0.54836,0.704338
0.54837,0.704279
0.54838,0.704219
0.5483899999999999,0.704156
0.5484,0.704092
0.54841,0.704027
0.5484199999999999,0.703959
0.54843,0.70389
0.54844,0.703819
0.54845,0.703746
0.5484600000000001,0.703672
0.54847,0.703596
0.54848,0.703518
0.54849,0.703439
0.5485,0.703357
0.5485099999999999,0.703274
0.54852,0.703189
0.54853,0.703103
0.5485399999999999,0.703014
0.54855,0.702924
0.5485599999999999,0.702833
0.54857,0.702739
0.5485800000000001,0.702644
0.54859,0.702547
0.5486,0.702448
0.54861,0.702347
0.54862,0.702245
0.54863,0.702141
0.54864,0.702035
0.54865,0.701927
0.5486599999999999,0.701818
0.54867,0.701707
0.54868,0.701594
0.54869,0.701479
0.5487000000000001,0.701363
0.54871,0.701245
0.54872,0.701125
0.54873,0.701003
0.54874,0.70088
0.54875,0.700754
0.54876,0.700627
0.54877,0.700498
0.5487799999999999,0.700368
0.54879,0.700235
0.5488,0.700101
0.5488099999999999,0.699965
0.5488200000000001,0.699827
0.54883,0.699688
0.54884,0.699546
0.5488500000000001,0.699403
0.54886,0.699258
0.54887,0.699112
0.54888,0.698963
0.54889,0.698813
0.5488999999999999,0.698661
0.54891,0.698507
0.54892,0.698351
0.5489299999999999,0.698193
0.5489400000000001,0.698034
0.54895,0.697873
0.54896,0.69771
0.5489700000000001,0.697545
0.54898,0.697378
0.54899,0.69721
0.549,0.697039
0.54901,0.696867
0.54902,0.696693
0.54903,0.696517
0.54904,0.69634
0.5490499999999999,0.69616
0.54906,0.695979
0.5490700000000001,0.695796
0.54908,0.695611
0.5490900000000001,0.695424
0.5491,0.695235
0.54911,0.695044
0.54912,0.694852
0.54913,0.694658
0.54914,0.694461
0.54915,0.694263
0.54916,0.694063
0.5491699999999999,0.693862
0.54918,0.693658
0.5491900000000001,0.693452
0.5492,0.693245
0.5492100000000001,0.693036
0.54922,0.692824
0.54923,0.692611
0.5492400000000001,0.692396
0.54925,0.692179
0.54926,0.691961
0.54927,0.69174
0.54928,0.691517
0.54929,0.691293
0.5492999999999999,0.691066
0.54931,0.690838
0.54932,0.690608
0.5493300000000001,0.690376
0.54934,0.690141
0.54935,0.689905
0.54936,0.689667
0.54937,0.689428
0.54938,0.689186
0.5493899999999999,0.688942
0.5494,0.688696
0.54941,0.688449
0.5494199999999999,0.688199
0.54943,0.687947
0.54944,0.687694
0.54945,0.687438
0.5494600000000001,0.687181
0.54947,0.686921
0.54948,0.68666
0.54949,0.686397
0.5495,0.686131
0.5495099999999999,0.685864
0.54952,0.685594
0.54953,0.685323
0.5495399999999999,0.68505
0.54955,0.684774
0.5495599999999999,0.684497
0.54957,0.684218
0.5495800000000001,0.683936
0.54959,0.683653
0.5496,0.683368
0.54961,0.68308
0.54962,0.682791
0.54963,0.682499
0.54964,0.682206
0.54965,0.68191
0.5496599999999999,0.681613
0.54967,0.681313
0.54968,0.681011
0.54969,0.680708
0.5497000000000001,0.680402
0.54971,0.680094
0.54972,0.679784
0.54973,0.679472
0.54974,0.679158
0.54975,0.678842
0.54976,0.678523
0.54977,0.678203
0.5497799999999999,0.677881
0.54979,0.677556
0.5498,0.67723
0.5498099999999999,0.676901
0.5498200000000001,0.67657
0.54983,0.676237
0.54984,0.675902
0.5498500000000001,0.675565
0.54986,0.675225
0.54987,0.674884
0.54988,0.67454
0.54989,0.674194
0.5498999999999999,0.673847
0.54991,0.673497
0.54992,0.673144
0.5499299999999999,0.67279
0.5499400000000001,0.672433
0.54995,0.672075
0.54996,0.671714
0.5499700000000001,0.671351
0.54998,0.670985
0.54999,0.670618
0.55,0.670248
0.55001,0.669877
0.55002,0.669503
0.55003,0.669126
0.55004,0.668748
0.5500499999999999,0.668367
0.55006,0.667984
0.5500700000000001,0.667599
0.55008,0.667212
0.5500900000000001,0.666822
0.5501,0.66643
0.55011,0.666036
0.55012,0.66564
0.55013,0.665241
0.55014,0.66484
0.55015,0.664437
0.55016,0.664032
0.5501699999999999,0.663624
0.55018,0.663214
0.5501900000000001,0.662802
0.5502,0.662387
0.5502100000000001,0.66197
0.55022,0.661551
0.55023,0.66113
0.5502400000000001,0.660706
0.55025,0.66028
0.55026,0.659851
0.55027,0.659421
0.55028,0.658988
0.55029,0.658552
0.5502999999999999,0.658114
0.55031,0.657674
0.55032,0.657232
0.55033,0.656787
0.55034,0.65634
0.55035,0.65589
0.55036,0.655438
0.55037,0.654984
0.55038,0.654527
0.5503899999999999,0.654068
0.5504,0.653606
0.55041,0.653142
0.5504199999999999,0.652676
0.55043,0.652207
0.55044,0.651736
0.55045,0.651262
0.5504600000000001,0.650786
0.55047,0.650308
0.55048,0.649827
0.55049,0.649343
0.5505,0.648857
0.5505099999999999,0.648369
0.55052,0.647878
0.55053,0.647385
0.5505399999999999,0.646889
0.55055,0.646391
0.5505599999999999,0.64589
0.55057,0.645387
0.5505800000000001,0.644882
0.55059,0.644373
0.5506,0.643863
0.55061,0.643349
0.55062,0.642834
0.55063,0.642315
0.55064,0.641795
0.55065,0.641271
0.5506599999999999,0.640745
0.55067,0.640217
0.55068,0.639686
0.55069,0.639153
0.5507000000000001,0.638616
0.55071,0.638078
0.55072,0.637536
0.55073,0.636993
0.55074,0.636446
0.55075,0.635897
0.55076,0.635346
0.55077,0.634791
0.5507799999999999,0.634235
0.55079,0.633675
0.5508,0.633113
0.5508099999999999,0.632548
0.5508200000000001,0.631981
0.55083,0.631411
0.55084,0.630838
0.5508500000000001,0.630263
0.55086,0.629685
0.55087,0.629105
0.55088,0.628521
0.55089,0.627936
0.5509,0.627347
0.55091,0.626756
0.55092,0.626162
0.5509299999999999,0.625565
0.5509400000000001,0.624966
0.55095,0.624364
0.55096,0.623759
0.5509700000000001,0.623152
0.55098,0.622541
0.55099,0.621929
0.551,0.621313
0.55101,0.620695
0.55102,0.620074
0.55103,0.61945
0.55104,0.618823
0.5510499999999999,0.618194
0.55106,0.617562
0.5510700000000001,0.616927
0.55108,0.616289
0.5510900000000001,0.615649
0.5511,0.615006
0.55111,0.61436
0.55112,0.613711
0.55113,0.613059
0.55114,0.612405
0.55115,0.611748
0.55116,0.611088
0.5511699999999999,0.610425
0.55118,0.609759
0.5511900000000001,0.609091
0.5512,0.60842
0.5512100000000001,0.607746
0.55122,0.607069
0.55123,0.606389
0.5512400000000001,0.605707
0.55125,0.605021
0.55126,0.604333
0.5512699999999999,0.603642
0.55128,0.602948
0.55129,0.602251
0.5512999999999999,0.601551
0.55131,0.600848
0.55132,0.600143
0.55133,0.599435
0.55134,0.598723
0.55135,0.598009
0.55136,0.597292
0.55137,0.596572
0.55138,0.595849
0.5513899999999999,0.595123
0.5514,0.594395
0.55141,0.593663
0.5514199999999999,0.592929
0.55143,0.592191
0.55144,0.591451
0.55145,0.590708
0.5514600000000001,0.589961
0.55147,0.589212
0.55148,0.58846
0.55149,0.587705
0.5515,0.586947
0.55151,0.586186
0.55152,0.585422
0.55153,0.584656
0.5515399999999999,0.583886
0.55155,0.583113
0.5515599999999999,0.582338
0.55157,0.581559
0.5515800000000001,0.580777
0.55159,0.579993
0.5516,0.579205
0.55161,0.578415
0.55162,0.577621
0.55163,0.576825
0.55164,0.576026
0.55165,0.575223
0.5516599999999999,0.574418
0.55167,0.573609
0.55168,0.572798
0.55169,0.571984
0.5517000000000001,0.571167
0.55171,0.570346
0.55172,0.569523
0.55173,0.568697
0.55174,0.567868
0.55175,0.567035
0.55176,0.5662
0.55177,0.565362
0.5517799999999999,0.564521
0.55179,0.563677
0.5518,0.562829
0.5518099999999999,0.561979
0.5518200000000001,0.561126
0.55183,0.56027
0.55184,0.559411
0.5518500000000001,0.558549
0.55186,0.557684
0.55187,0.556816
0.55188,0.555945
0.55189,0.555071
0.5519,0.554194
0.55191,0.553314
0.55192,0.552431
0.5519299999999999,0.551545
0.5519400000000001,0.550656
0.55195,0.549764
0.55196,0.548869
0.5519700000000001,0.547971
0.55198,0.54707
0.55199,0.546167
0.552,0.54526
0.55201,0.54435
0.55202,0.543438
0.55203,0.542522
0.55204,0.541603
0.5520499999999999,0.540682
0.55206,0.539758
0.5520700000000001,0.53883
0.55208,0.5379
0.5520900000000001,0.536967
0.5521,0.536031
0.55211,0.535092
0.55212,0.53415
0.55213,0.533205
0.55214,0.532257
0.55215,0.531307
0.55216,0.530353
0.5521699999999999,0.529397
0.55218,0.528437
0.5521900000000001,0.527475
0.5522,0.52651
0.5522100000000001,0.525542
0.55222,0.524572
0.55223,0.523598
0.5522400000000001,0.522622
0.55225,0.521642
0.55226,0.52066
0.5522699999999999,0.519675
0.55228,0.518688
0.55229,0.517697
0.5522999999999999,0.516704
0.55231,0.515708
0.55232,0.514709
0.55233,0.513708
0.55234,0.512703
0.55235,0.511696
0.55236,0.510687
0.55237,0.509674
0.55238,0.508659
0.5523899999999999,0.507641
0.5524,0.506621
0.55241,0.505597
0.5524199999999999,0.504572
0.55243,0.503543
0.55244,0.502512
0.55245,0.501478
0.5524600000000001,0.500442
0.55247,0.499403
0.55248,0.498361
0.55249,0.497317
0.5525,0.49627
0.55251,0.495221
0.55252,0.49417
0.55253,0.493115
0.5525399999999999,0.492059
0.55255,0.490999
0.5525599999999999,0.489938
0.55257,0.488874
0.5525800000000001,0.487807
0.55259,0.486738
0.5526,0.485667
0.55261,0.484593
0.55262,0.483517
0.55263,0.482439
0.55264,0.481358
0.55265,0.480275
0.5526599999999999,0.47919
0.55267,0.478102
0.55268,0.477012
0.55269,0.47592
0.5527000000000001,0.474826
0.55271,0.473729
0.55272,0.472631
0.55273,0.47153
0.55274,0.470427
0.55275,0.469322
0.55276,0.468215
0.55277,0.467106
0.5527799999999999,0.465995
0.55279,0.464882
0.5528,0.463767
0.5528099999999999,0.46265
0.5528200000000001,0.461531
0.55283,0.46041
0.55284,0.459288
0.5528500000000001,0.458163
0.55286,0.457037
0.55287,0.455909
0.55288,0.454779
0.55289,0.453647
0.5529,0.452514
0.55291,0.451379
0.55292,0.450242
0.5529299999999999,0.449104
0.5529400000000001,0.447964
0.55295,0.446822
0.55296,0.445679
0.5529700000000001,0.444535
0.55298,0.443389
0.55299,0.442241
0.553,0.441092
0.55301,0.439942
0.55302,0.438791
0.55303,0.437638
0.55304,0.436484
0.5530499999999999,0.435328
0.55306,0.434171
0.5530700000000001,0.433014
0.55308,0.431855
0.5530900000000001,0.430695
0.5531,0.429534
0.55311,0.428372
0.5531200000000001,0.427209
0.55313,0.426044
0.55314,0.42488
0.55315,0.423714
0.55316,0.422547
0.5531699999999999,0.42138
0.55318,0.420211
0.5531900000000001,0.419042
0.5532,0.417873
0.5532100000000001,0.416703
0.55322,0.415532
0.55323,0.41436
0.55324,0.413189
0.55325,0.412016
0.55326,0.410843
0.5532699999999999,0.40967
0.55328,0.408497
0.55329,0.407323
0.5532999999999999,0.406149
0.55331,0.404975
0.55332,0.4038
0.55333,0.402626
0.55334,0.401452
0.55335,0.400277
0.55336,0.399103
0.55337,0.397928
0.55338,0.396754
0.5533899999999999,0.39558
0.5534,0.394406
0.55341,0.393233
0.5534199999999999,0.392059
0.55343,0.390887
0.55344,0.389714
0.55345,0.388542
0.5534600000000001,0.387371
0.55347,0.3862
0.55348,0.38503
0.55349,0.383861
0.5535,0.382692
0.55351,0.381524
0.55352,0.380357
0.55353,0.379191
0.5535399999999999,0.378026
0.55355,0.376862
0.5535599999999999,0.375699
0.55357,0.374538
0.5535800000000001,0.373377
0.55359,0.372218
0.5536,0.37106
0.55361,0.369903
0.55362,0.368748
0.55363,0.367595
0.55364,0.366443
0.55365,0.365292
0.5536599999999999,0.364143
0.55367,0.362996
0.55368,0.361851
0.55369,0.360708
0.5537000000000001,0.359566
0.55371,0.358427
0.55372,0.357289
0.55373,0.356154
0.55374,0.355021
0.55375,0.35389
0.55376,0.352762
0.55377,0.351635
0.5537799999999999,0.350512
0.55379,0.349391
0.5538,0.348272
0.5538099999999999,0.347156
0.5538200000000001,0.346042
0.55383,0.344932
0.55384,0.343824
0.5538500000000001,0.342719
0.55386,0.341617
0.55387,0.340519
0.55388,0.339423
0.55389,0.33833
0.5539,0.337241
0.55391,0.336155
0.55392,0.335072
0.5539299999999999,0.333993
0.5539400000000001,0.332918
0.55395,0.331845
0.55396,0.330777
0.5539700000000001,0.329712
0.55398,0.328651
0.55399,0.327594
0.554,0.326541
0.55401,0.325492
0.55402,0.324447
0.55403,0.323406
0.55404,0.322369
0.5540499999999999,0.321337
0.55406,0.320309
0.5540700000000001,0.319285
0.55408,0.318266
0.5540900000000001,0.317252
0.5541,0.316242
0.55411,0.315236
0.5541200000000001,0.314236
0.55413,0.31324
0.55414,0.31225
0.55415,0.311264
0.55416,0.310284
0.5541699999999999,0.309308
0.5541799999999999,0.308338
0.5541900000000001,0.307373
0.5542,0.306414
0.5542100000000001,0.30546
0.55422,0.304511
0.55423,0.303568
0.55424,0.302631
0.55425,0.301699
0.55426,0.300773
0.5542699999999999,0.299853
0.55428,0.298939
0.55429,0.298031
0.5542999999999999,0.297129
0.55431,0.296233
0.55432,0.295343
0.55433,0.29446
0.55434,0.293583
0.55435,0.292712
0.55436,0.291848
0.55437,0.290991
0.55438,0.29014
0.5543899999999999,0.289295
0.5544,0.288458
0.55441,0.287627
0.5544199999999999,0.286804
0.55443,0.285987
0.55444,0.285177
0.55445,0.284375
0.5544600000000001,0.283579
0.55447,0.282791
0.55448,0.28201
0.55449,0.281237
0.5545,0.280471
0.55451,0.279712
0.55452,0.278961
0.55453,0.278218
0.5545399999999999,0.277482
0.55455,0.276754
0.5545599999999999,0.276034
0.55457,0.275322
0.5545800000000001,0.274618
0.55459,0.273921
0.5546,0.273233
0.55461,0.272553
0.55462,0.271881
0.55463,0.271217
0.55464,0.270562
0.55465,0.269915
0.5546599999999999,0.269277
0.55467,0.268646
0.55468,0.268025
0.55469,0.267412
0.5547000000000001,0.266807
0.55471,0.266212
0.55472,0.265625
0.5547300000000001,0.265047
0.55474,0.264478
0.55475,0.263917
0.55476,0.263366
0.55477,0.262823
0.5547799999999999,0.26229
0.55479,0.261766
0.5548,0.261251
0.5548099999999999,0.260745
0.5548200000000001,0.260248
0.55483,0.259761
0.55484,0.259283
0.5548500000000001,0.258814
0.55486,0.258355
0.55487,0.257905
0.55488,0.257464
0.55489,0.257034
0.5549,0.256612
0.55491,0.256201
0.55492,0.255799
0.5549299999999999,0.255407
0.5549400000000001,0.255024
0.55495,0.254651
0.55496,0.254289
0.5549700000000001,0.253935
0.55498,0.253592
0.55499,0.253259
0.555,0.252935
0.55501,0.252622
0.55502,0.252318
0.55503,0.252025
0.55504,0.251741
0.5550499999999999,0.251468
0.55506,0.251205
0.5550700000000001,0.250952
0.55508,0.250709
0.5550900000000001,0.250476
0.5551,0.250253
0.55511,0.25004
0.5551200000000001,0.249838
0.55513,0.249646
0.55514,0.249464
0.55515,0.249293
0.55516,0.249131
0.5551699999999999,0.24898
0.5551799999999999,0.24884
0.5551900000000001,0.248709
0.5552,0.248589
0.55521,0.24848
0.55522,0.24838
0.55523,0.248291
0.55524,0.248213
0.55525,0.248144
0.55526,0.248086
0.5552699999999999,0.248039
0.55528,0.248002
0.55529,0.247975
0.5552999999999999,0.247959
0.55531,0.247952
0.55532,0.247957
0.55533,0.247971
0.5553400000000001,0.247997
0.55535,0.248032
0.55536,0.248078
0.55537,0.248134
0.55538,0.2482
0.5553899999999999,0.248277
0.5554,0.248364
0.55541,0.248462
0.5554199999999999,0.248569
0.55543,0.248687
0.55544,0.248815
0.55545,0.248954
0.5554600000000001,0.249103
0.55547,0.249261
0.55548,0.249431
0.55549,0.24961
0.5555,0.249799
0.55551,0.249999
0.55552,0.250209
0.55553,0.250428
0.5555399999999999,0.250658
0.55555,0.250898
0.5555599999999999,0.251148
0.55557,0.251408
0.5555800000000001,0.251678
0.55559,0.251957
0.5556,0.252247
0.55561,0.252547
0.55562,0.252856
0.55563,0.253175
0.55564,0.253504
0.55565,0.253843
0.5556599999999999,0.254191
0.55567,0.254549
0.55568,0.254916
0.55569,0.255294
0.5557000000000001,0.25568
0.55571,0.256077
0.55572,0.256482
0.5557300000000001,0.256897
0.55574,0.257322
0.55575,0.257756
0.55576,0.258199
0.55577,0.258651
0.5557799999999999,0.259113
0.55579,0.259583
0.5558,0.260063
0.5558099999999999,0.260552
0.5558200000000001,0.26105
0.55583,0.261557
0.55584,0.262072
0.5558500000000001,0.262597
0.55586,0.26313
0.55587,0.263672
0.55588,0.264223
0.55589,0.264783
0.5559,0.265351
0.55591,0.265927
0.55592,0.266513
0.5559299999999999,0.267106
0.5559400000000001,0.267708
0.55595,0.268318
0.55596,0.268937
0.5559700000000001,0.269563
0.55598,0.270198
0.55599,0.270841
0.556,0.271492
0.55601,0.272151
0.55602,0.272818
0.55603,0.273492
0.55604,0.274175
0.5560499999999999,0.274865
0.55606,0.275562
0.5560700000000001,0.276268
0.55608,0.276981
0.5560900000000001,0.277701
0.5561,0.278429
0.55611,0.279164
0.5561200000000001,0.279906
0.55613,0.280656
0.55614,0.281412
0.5561499999999999,0.282176
0.55616,0.282947
0.5561699999999999,0.283724
0.5561799999999999,0.284509
0.5561900000000001,0.2853
0.5562,0.286098
0.55621,0.286903
0.55622,0.287714
0.55623,0.288532
0.55624,0.289356
0.55625,0.290187
0.55626,0.291024
0.5562699999999999,0.291867
0.55628,0.292717
0.55629,0.293572
0.5562999999999999,0.294434
0.55631,0.295302
0.55632,0.296175
0.55633,0.297054
0.5563400000000001,0.29794
0.55635,0.29883
0.55636,0.299727
0.55637,0.300629
0.55638,0.301536
0.5563899999999999,0.302449
0.5564,0.303367
0.55641,0.304291
0.5564199999999999,0.305219
0.55643,0.306153
0.55644,0.307092
0.55645,0.308036
0.5564600000000001,0.308985
0.55647,0.309939
0.55648,0.310897
0.55649,0.31186
0.5565,0.312828
0.55651,0.3138
0.55652,0.314777
0.55653,0.315758
0.5565399999999999,0.316744
0.55655,0.317734
0.5565599999999999,0.318728
0.55657,0.319726
0.5565800000000001,0.320729
0.55659,0.321735
0.5566,0.322746
0.55661,0.32376
0.55662,0.324778
0.55663,0.3258
0.55664,0.326825
0.55665,0.327854
0.5566599999999999,0.328887
0.55667,0.329923
0.55668,0.330962
0.55669,0.332005
0.5567000000000001,0.333051
0.55671,0.3341
0.55672,0.335153
0.5567300000000001,0.336208
0.55674,0.337266
0.55675,0.338328
0.55676,0.339392
0.55677,0.340459
0.5567799999999999,0.341529
0.55679,0.342601
0.5568,0.343676
0.5568099999999999,0.344754
0.5568200000000001,0.345834
0.55683,0.346916
0.55684,0.348001
0.5568500000000001,0.349088
0.55686,0.350178
0.55687,0.351269
0.55688,0.352363
0.55689,0.353459
0.5569,0.354556
0.55691,0.355656
0.55692,0.356758
0.5569299999999999,0.357861
0.5569400000000001,0.358966
0.5569500000000001,0.360073
0.55696,0.361181
0.5569700000000001,0.362291
0.55698,0.363402
0.55699,0.364515
0.557,0.365629
0.55701,0.366745
0.55702,0.367862
0.55703,0.36898
0.55704,0.370099
0.5570499999999999,0.37122
0.55706,0.372341
0.5570700000000001,0.373464
0.55708,0.374587
0.5570900000000001,0.375711
0.5571,0.376836
0.55711,0.377962
0.5571200000000001,0.379089
0.55713,0.380217
0.55714,0.381345
0.5571499999999999,0.382473
0.55716,0.383602
0.5571699999999999,0.384732
0.5571799999999999,0.385862
0.5571900000000001,0.386992
0.5572,0.388123
0.55721,0.389254
0.55722,0.390386
0.55723,0.391517
0.55724,0.392649
0.55725,0.393781
0.55726,0.394912
0.5572699999999999,0.396044
0.55728,0.397176
0.55729,0.398308
0.5572999999999999,0.399439
0.55731,0.400571
0.55732,0.401702
0.55733,0.402833
0.5573400000000001,0.403964
0.55735,0.405094
0.55736,0.406224
0.55737,0.407353
0.55738,0.408482
0.5573899999999999,0.409611
0.5574,0.410739
0.55741,0.411866
0.5574199999999999,0.412993
0.55743,0.414119
0.55744,0.415244
0.55745,0.416369
0.5574600000000001,0.417493
0.55747,0.418616
0.55748,0.419738
0.55749,0.420859
0.5575,0.42198
0.55751,0.423099
0.55752,0.424217
0.55753,0.425335
0.5575399999999999,0.426451
0.55755,0.427566
0.55756,0.42868
0.55757,0.429793
0.5575800000000001,0.430905
0.55759,0.432015
0.5576,0.433124
0.55761,0.434232
0.55762,0.435339
0.55763,0.436444
0.55764,0.437548
0.55765,0.43865
0.5576599999999999,0.439751
0.55767,0.440851
0.55768,0.441949
0.55769,0.443045
0.5577000000000001,0.44414
0.55771,0.445233
0.55772,0.446325
0.5577300000000001,0.447415
0.55774,0.448503
0.55775,0.44959
0.55776,0.450675
0.55777,0.451758
0.5577799999999999,0.45284
0.55779,0.453919
0.5578,0.454997
0.5578099999999999,0.456073
0.5578200000000001,0.457147
0.55783,0.458219
0.55784,0.45929
0.5578500000000001,0.460358
0.55786,0.461424
0.55787,0.462489
0.55788,0.463551
0.55789,0.464612
0.5579,0.46567
0.55791,0.466726
0.55792,0.467781
0.5579299999999999,0.468833
0.5579400000000001,0.469883
0.5579500000000001,0.470931
0.55796,0.471976
0.5579700000000001,0.47302
0.55798,0.474061
0.55799,0.4751
0.558,0.476137
0.55801,0.477172
0.55802,0.478204
0.55803,0.479234
0.55804,0.480262
0.5580499999999999,0.481288
0.55806,0.482311
0.5580700000000001,0.483332
0.55808,0.48435
0.5580900000000001,0.485366
0.5581,0.48638
0.55811,0.487391
0.55812,0.4884
0.55813,0.489407
0.55814,0.490411
0.5581499999999999,0.491412
0.55816,0.492411
0.5581699999999999,0.493408
0.5581799999999999,0.494402
0.5581900000000001,0.495394
0.5582,0.496383
0.55821,0.49737
0.55822,0.498354
0.55823,0.499335
0.55824,0.500314
0.55825,0.50129
0.55826,0.502264
0.5582699999999999,0.503235
0.55828,0.504204
0.55829,0.50517
0.5582999999999999,0.506133
0.55831,0.507094
0.55832,0.508052
0.55833,0.509008
0.5583400000000001,0.50996
0.55835,0.510911
0.55836,0.511858
0.55837,0.512803
0.55838,0.513745
0.5583899999999999,0.514684
0.5584,0.515621
0.55841,0.516555
0.5584199999999999,0.517486
0.55843,0.518415
0.55844,0.519341
0.55845,0.520264
0.5584600000000001,0.521184
0.55847,0.522102
0.55848,0.523017
0.55849,0.523929
0.5585,0.524838
0.55851,0.525745
0.55852,0.526649
0.55853,0.52755
0.5585399999999999,0.528448
0.55855,0.529344
0.55856,0.530236
0.55857,0.531126
0.5585800000000001,0.532014
0.55859,0.532898
0.5586,0.533779
0.55861,0.534658
0.55862,0.535534
0.55863,0.536407
0.55864,0.537278
0.55865,0.538145
0.5586599999999999,0.53901
0.55867,0.539872
0.55868,0.540731
0.55869,0.541587
0.5587000000000001,0.54244
0.55871,0.543291
0.55872,0.544139
0.5587300000000001,0.544984
0.55874,0.545826
0.55875,0.546665
0.55876,0.547501
0.55877,0.548335
0.5587799999999999,0.549166
0.55879,0.549994
0.5588,0.550819
0.5588099999999999,0.551641
0.5588200000000001,0.55246
0.55883,0.553277
0.55884,0.554091
0.5588500000000001,0.554902
0.55886,0.55571
0.55887,0.556515
0.55888,0.557317
0.55889,0.558117
0.5589,0.558914
0.55891,0.559708
0.55892,0.560499
0.5589299999999999,0.561287
0.5589400000000001,0.562072
0.5589500000000001,0.562855
0.55896,0.563635
0.5589700000000001,0.564412
0.55898,0.565186
0.55899,0.565957
0.559,0.566726
0.55901,0.567491
0.55902,0.568254
0.55903,0.569014
0.55904,0.569771
0.5590499999999999,0.570526
0.5590599999999999,0.571277
0.5590700000000001,0.572026
0.55908,0.572772
0.5590900000000001,0.573515
0.5591,0.574255
0.55911,0.574993
0.55912,0.575728
0.55913,0.57646
0.55914,0.577189
0.5591499999999999,0.577915
0.55916,0.578639
0.55917,0.57936
0.5591799999999999,0.580078
0.5591900000000001,0.580793
0.5592,0.581505
0.55921,0.582215
0.55922,0.582922
0.55923,0.583626
0.55924,0.584328
0.55925,0.585026
0.55926,0.585722
0.5592699999999999,0.586416
0.55928,0.587106
0.55929,0.587794
0.5592999999999999,0.588479
0.55931,0.589161
0.55932,0.58984
0.55933,0.590517
0.5593400000000001,0.591191
0.55935,0.591863
0.55936,0.592531
0.55937,0.593197
0.55938,0.59386
0.5593899999999999,0.594521
0.5594,0.595179
0.55941,0.595834
0.5594199999999999,0.596486
0.55943,0.597136
0.55944,0.597783
0.55945,0.598427
0.5594600000000001,0.599069
0.55947,0.599708
0.55948,0.600345
0.55949,0.600978
0.5595,0.601609
0.55951,0.602238
0.55952,0.602864
0.55953,0.603487
0.5595399999999999,0.604107
0.55955,0.604725
0.55956,0.60534
0.55957,0.605953
0.5595800000000001,0.606563
0.55959,0.60717
0.5596,0.607775
0.55961,0.608377
0.55962,0.608977
0.55963,0.609574
0.55964,0.610168
0.55965,0.61076
0.5596599999999999,0.61135
0.55967,0.611936
0.55968,0.61252
0.55969,0.613102
0.5597000000000001,0.613681
0.55971,0.614257
0.55972,0.614831
0.5597300000000001,0.615403
0.55974,0.615972
0.55975,0.616538
0.55976,0.617102
0.55977,0.617663
0.5597799999999999,0.618222
0.55979,0.618778
0.5598,0.619332
0.5598099999999999,0.619883
0.5598200000000001,0.620432
0.55983,0.620978
0.55984,0.621522
0.5598500000000001,0.622063
0.55986,0.622602
0.55987,0.623138
0.55988,0.623672
0.55989,0.624203
0.5599,0.624732
0.55991,0.625259
0.55992,0.625783
0.5599299999999999,0.626304
0.5599400000000001,0.626824
0.5599500000000001,0.62734
0.55996,0.627855
0.5599700000000001,0.628367
0.55998,0.628876
0.55999,0.629383
0.56,0.629888
0.56001,0.63039
0.56002,0.63089
0.56003,0.631388
0.56004,0.631883
0.5600499999999999,0.632376
0.5600599999999999,0.632866
0.5600700000000001,0.633354
0.56008,0.63384
0.56009,0.634323
0.5601,0.634804
0.56011,0.635283
0.56012,0.635759
0.56013,0.636233
0.56014,0.636705
0.5601499999999999,0.637174
0.56016,0.637641
0.56017,0.638106
0.5601799999999999,0.638568
0.5601900000000001,0.639028
0.5602,0.639486
0.56021,0.639942
0.56022,0.640395
0.56023,0.640846
0.56024,0.641295
0.56025,0.641741
0.56026,0.642185
0.5602699999999999,0.642627
0.56028,0.643067
0.56029,0.643504
0.5602999999999999,0.643939
0.56031,0.644372
0.56032,0.644803
0.56033,0.645231
0.5603400000000001,0.645657
0.56035,0.646081
0.56036,0.646503
0.56037,0.646923
0.56038,0.64734
0.5603899999999999,0.647755
0.5604,0.648168
0.56041,0.648579
0.5604199999999999,0.648988
0.56043,0.649394
0.56044,0.649799
0.56045,0.650201
0.5604600000000001,0.650601
0.56047,0.650998
0.56048,0.651394
0.56049,0.651788
0.5605,0.652179
0.56051,0.652568
0.56052,0.652955
0.56053,0.65334
0.5605399999999999,0.653723
0.56055,0.654104
0.56056,0.654482
0.56057,0.654859
0.5605800000000001,0.655233
0.56059,0.655605
0.5606,0.655976
0.56061,0.656344
0.56062,0.65671
0.56063,0.657074
0.56064,0.657435
0.56065,0.657795
0.5606599999999999,0.658153
0.56067,0.658509
0.56068,0.658862
0.56069,0.659214
0.5607000000000001,0.659563
0.56071,0.659911
0.56072,0.660256
0.5607300000000001,0.6606
0.56074,0.660941
0.56075,0.66128
0.56076,0.661618
0.56077,0.661953
0.56078,0.662286
0.56079,0.662618
0.5608,0.662947
0.5608099999999999,0.663274
0.5608200000000001,0.663599
0.56083,0.663923
0.56084,0.664244
0.5608500000000001,0.664563
0.56086,0.664881
0.56087,0.665196
0.56088,0.66551
0.56089,0.665821
0.5609,0.66613
0.56091,0.666438
0.56092,0.666744
0.5609299999999999,0.667047
0.5609400000000001,0.667349
0.5609500000000001,0.667649
0.56096,0.667947
0.5609700000000001,0.668242
0.56098,0.668536
0.56099,0.668829
0.561,0.669119
0.56101,0.669407
0.56102,0.669693
0.5610299999999999,0.669978
0.56104,0.67026
0.5610499999999999,0.670541
0.5610599999999999,0.670819
0.5610700000000001,0.671096
0.56108,0.671371
0.56109,0.671644
0.5611,0.671916
0.56111,0.672185
0.56112,0.672452
0.56113,0.672718
0.56114,0.672982
0.5611499999999999,0.673243
0.56116,0.673503
0.56117,0.673762
0.5611799999999999,0.674018
0.5611900000000001,0.674272
0.5612,0.674525
0.56121,0.674776
0.56122,0.675025
0.56123,0.675272
0.56124,0.675517
0.56125,0.675761
0.56126,0.676002
0.5612699999999999,0.676242
0.56128,0.67648
0.56129,0.676716
0.5612999999999999,0.676951
0.56131,0.677183
0.56132,0.677414
0.56133,0.677643
0.5613400000000001,0.67787
0.56135,0.678096
0.56136,0.678319
0.56137,0.678541
0.56138,0.678761
0.56139,0.67898
0.5614,0.679196
0.56141,0.679411
0.5614199999999999,0.679624
0.56143,0.679835
0.56144,0.680045
0.56145,0.680252
0.5614600000000001,0.680458
0.56147,0.680663
0.56148,0.680865
0.56149,0.681066
0.5615,0.681265
0.56151,0.681462
0.56152,0.681658
0.56153,0.681851
0.5615399999999999,0.682043
0.56155,0.682234
0.56156,0.682422
0.56157,0.682609
0.5615800000000001,0.682794
0.56159,0.682978
0.5616,0.68316
0.56161,0.68334
0.56162,0.683518
0.56163,0.683695
0.56164,0.68387
0.56165,0.684043
0.5616599999999999,0.684214
0.56167,0.684384
0.56168,0.684552
0.56169,0.684719
0.5617000000000001,0.684884
0.56171,0.685047
0.56172,0.685208
0.5617300000000001,0.685368
0.56174,0.685526
0.56175,0.685682
0.56176,0.685837
0.56177,0.68599
0.56178,0.686142
0.56179,0.686291
0.5618,0.686439
0.5618099999999999,0.686586
0.5618200000000001,0.686731
0.56183,0.686874
0.56184,0.687015
0.5618500000000001,0.687155
0.56186,0.687293
0.56187,0.68743
0.56188,0.687565
0.56189,0.687698
0.5619,0.687829
0.56191,0.687959
0.56192,0.688088
0.5619299999999999,0.688214
0.5619400000000001,0.68834
0.5619500000000001,0.688463
0.56196,0.688585
0.5619700000000001,0.688705
0.56198,0.688824
0.56199,0.688941
0.562,0.689056
0.56201,0.68917
0.56202,0.689282
0.5620299999999999,0.689392
0.56204,0.689501
0.5620499999999999,0.689609
0.5620599999999999,0.689714
0.5620700000000001,0.689818
0.56208,0.689921
0.56209,0.690022
0.5621,0.690121
0.56211,0.690219
0.56212,0.690315
0.56213,0.690409
0.56214,0.690502
0.5621499999999999,0.690594
0.56216,0.690683
0.56217,0.690771
0.5621799999999999,0.690858
0.5621900000000001,0.690943
0.5622,0.691026
0.56221,0.691108
0.56222,0.691189
0.56223,0.691267
0.56224,0.691344
0.56225,0.69142
0.56226,0.691494
0.5622699999999999,0.691566
0.56228,0.691637
0.56229,0.691706
0.5622999999999999,0.691774
0.56231,0.69184
0.56232,0.691905
0.56233,0.691968
0.5623400000000001,0.692029
0.56235,0.692089
0.56236,0.692147
0.56237,0.692204
0.56238,0.692259
0.56239,0.692313
0.5624,0.692365
0.56241,0.692415
0.5624199999999999,0.692464
0.56243,0.692512
0.56244,0.692558
0.56245,0.692602
0.5624600000000001,0.692645
0.56247,0.692686
0.56248,0.692726
0.56249,0.692764
0.5625,0.6928
0.56251,0.692835
0.56252,0.692869
0.56253,0.692901
0.5625399999999999,0.692931
0.56255,0.69296
0.56256,0.692988
0.56257,0.693013
0.5625800000000001,0.693038
0.56259,0.69306
0.5626,0.693082
0.56261,0.693101
0.56262,0.693119
0.56263,0.693136
0.56264,0.693151
0.56265,0.693165
0.5626599999999999,0.693177
0.56267,0.693187
0.56268,0.693196
0.56269,0.693203
0.5627000000000001,0.693209
0.56271,0.693214
0.56272,0.693217
0.5627300000000001,0.693218
0.56274,0.693218
0.56275,0.693216
0.56276,0.693213
0.56277,0.693208
0.56278,0.693201
0.56279,0.693194
0.5628,0.693184
0.5628099999999999,0.693173
0.5628200000000001,0.693161
0.56283,0.693147
0.56284,0.693131
0.5628500000000001,0.693115
0.56286,0.693096
0.56287,0.693076
0.56288,0.693054
0.56289,0.693031
0.5629,0.693007
0.56291,0.692981
0.56292,0.692953
0.5629299999999999,0.692924
0.5629400000000001,0.692893
0.5629500000000001,0.692861
0.56296,0.692827
0.5629700000000001,0.692792
0.56298,0.692755
0.56299,0.692717
0.563,0.692677
0.56301,0.692636
0.56302,0.692593
0.5630299999999999,0.692548
0.56304,0.692503
0.5630499999999999,0.692455
0.5630599999999999,0.692406
0.5630700000000001,0.692356
0.56308,0.692304
0.56309,0.69225
0.5631,0.692195
0.56311,0.692139
0.56312,0.692081
0.56313,0.692021
0.56314,0.69196
0.5631499999999999,0.691897
0.56316,0.691833
0.56317,0.691767
0.5631799999999999,0.6917
0.5631900000000001,0.691631
0.5632,0.691561
0.56321,0.691489
0.56322,0.691416
0.56323,0.691341
0.56324,0.691265
0.56325,0.691187
0.56326,0.691108
0.5632699999999999,0.691027
0.56328,0.690944
0.56329,0.69086
0.5632999999999999,0.690775
0.56331,0.690688
0.56332,0.690599
0.56333,0.690509
0.5633400000000001,0.690417
0.56335,0.690324
0.56336,0.690229
0.56337,0.690133
0.56338,0.690035
0.56339,0.689936
0.5634,0.689835
0.56341,0.689733
0.5634199999999999,0.689629
0.56343,0.689523
0.56344,0.689416
0.56345,0.689308
0.5634600000000001,0.689197
0.56347,0.689086
0.56348,0.688973
0.56349,0.688858
0.5635,0.688742
0.56351,0.688624
0.56352,0.688504
0.56353,0.688384
0.5635399999999999,0.688261
0.56355,0.688137
0.56356,0.688012
0.56357,0.687884
0.5635800000000001,0.687756
0.56359,0.687626
0.5636,0.687494
0.56361,0.68736
0.56362,0.687226
0.56363,0.687089
0.56364,0.686951
0.56365,0.686812
0.5636599999999999,0.68667
0.56367,0.686528
0.56368,0.686383
0.56369,0.686238
0.5637000000000001,0.68609
0.56371,0.685941
0.56372,0.685791
0.5637300000000001,0.685639
0.56374,0.685485
0.56375,0.68533
0.56376,0.685173
0.56377,0.685015
0.56378,0.684855
0.56379,0.684693
0.5638,0.68453
0.5638099999999999,0.684365
0.5638200000000001,0.684199
0.56383,0.684031
0.56384,0.683862
0.5638500000000001,0.683691
0.56386,0.683518
0.56387,0.683344
0.56388,0.683168
0.56389,0.682991
0.5639,0.682812
0.56391,0.682631
0.56392,0.682449
0.5639299999999999,0.682265
0.5639400000000001,0.68208
0.5639500000000001,0.681893
0.56396,0.681704
0.5639700000000001,0.681514
0.56398,0.681322
0.56399,0.681129
0.564,0.680934
0.56401,0.680737
0.56402,0.680539
0.5640299999999999,0.680339
0.56404,0.680138
0.5640499999999999,0.679935
0.5640599999999999,0.67973
0.5640700000000001,0.679524
0.56408,0.679316
0.56409,0.679106
0.5641,0.678895
0.56411,0.678682
0.56412,0.678468
0.56413,0.678252
0.56414,0.678034
0.5641499999999999,0.677814
0.56416,0.677593
0.56417,0.677371
0.5641799999999999,0.677146
0.5641900000000001,0.67692
0.5642,0.676693
0.56421,0.676464
0.56422,0.676233
0.56423,0.676
0.56424,0.675766
0.56425,0.67553
0.56426,0.675293
0.5642699999999999,0.675053
0.56428,0.674813
0.56429,0.67457
0.5642999999999999,0.674326
0.56431,0.67408
0.56432,0.673832
0.56433,0.673583
0.5643400000000001,0.673332
0.56435,0.67308
0.56436,0.672825
0.56437,0.67257
0.56438,0.672312
0.56439,0.672053
0.5644,0.671792
0.56441,0.671529
0.5644199999999999,0.671265
0.56443,0.670998
0.56444,0.670731
0.56445,0.670461
0.5644600000000001,0.67019
0.56447,0.669917
0.56448,0.669643
0.56449,0.669366
0.5645,0.669088
0.56451,0.668808
0.56452,0.668527
0.56453,0.668244
0.5645399999999999,0.667959
0.56455,0.667672
0.56456,0.667384
0.56457,0.667094
0.5645800000000001,0.666802
0.56459,0.666509
0.5646,0.666213
0.5646100000000001,0.665916
0.56462,0.665617
0.56463,0.665317
0.56464,0.665015
0.56465,0.664711
0.5646599999999999,0.664405
0.56467,0.664097
0.56468,0.663788
0.56469,0.663477
0.5647000000000001,0.663164
0.56471,0.66285
0.56472,0.662533
0.5647300000000001,0.662215
0.56474,0.661895
0.56475,0.661574
0.56476,0.66125
0.56477,0.660925
0.56478,0.660598
0.56479,0.660269
0.5648,0.659939
0.5648099999999999,0.659606
0.5648200000000001,0.659272
0.56483,0.658936
0.56484,0.658598
0.5648500000000001,0.658259
0.56486,0.657917
0.56487,0.657574
0.56488,0.657229
0.56489,0.656882
0.5649,0.656534
0.56491,0.656183
0.56492,0.655831
0.5649299999999999,0.655477
0.5649400000000001,0.655121
0.5649500000000001,0.654763
0.56496,0.654404
0.56497,0.654042
0.56498,0.653679
0.56499,0.653314
0.565,0.652947
0.56501,0.652579
0.56502,0.652208
0.5650299999999999,0.651835
0.56504,0.651461
0.5650499999999999,0.651085
0.5650599999999999,0.650707
0.5650700000000001,0.650327
0.56508,0.649945
0.56509,0.649562
0.5651,0.649176
0.56511,0.648789
0.56512,0.648399
0.56513,0.648008
0.56514,0.647615
0.5651499999999999,0.64722
0.56516,0.646824
0.56517,0.646425
0.5651799999999999,0.646024
0.5651900000000001,0.645622
0.5652,0.645218
0.56521,0.644811
0.5652200000000001,0.644403
0.56523,0.643993
0.56524,0.643581
0.56525,0.643167
0.56526,0.642751
0.5652699999999999,0.642334
0.56528,0.641914
0.56529,0.641493
0.5652999999999999,0.641069
0.56531,0.640644
0.56532,0.640216
0.56533,0.639787
0.5653400000000001,0.639356
0.56535,0.638923
0.56536,0.638487
0.56537,0.63805
0.56538,0.637611
0.56539,0.63717
0.5654,0.636728
0.56541,0.636283
0.5654199999999999,0.635836
0.56543,0.635387
0.56544,0.634936
0.56545,0.634484
0.5654600000000001,0.634029
0.56547,0.633572
0.56548,0.633114
0.56549,0.632653
0.5655,0.632191
0.56551,0.631726
0.56552,0.631259
0.56553,0.630791
0.5655399999999999,0.63032
0.56555,0.629848
0.56556,0.629373
0.56557,0.628897
0.5655800000000001,0.628418
0.56559,0.627938
0.5656,0.627455
0.5656100000000001,0.626971
0.56562,0.626484
0.56563,0.625996
0.56564,0.625505
0.56565,0.625012
0.5656599999999999,0.624518
0.56567,0.624021
0.56568,0.623523
0.56569,0.623022
0.5657000000000001,0.622519
0.56571,0.622014
0.56572,0.621508
0.5657300000000001,0.620999
0.56574,0.620488
0.56575,0.619975
0.56576,0.61946
0.56577,0.618943
0.56578,0.618424
0.56579,0.617903
0.5658,0.61738
0.5658099999999999,0.616855
0.5658200000000001,0.616328
0.56583,0.615798
0.56584,0.615267
0.5658500000000001,0.614733
0.56586,0.614198
0.56587,0.61366
0.56588,0.613121
0.56589,0.612579
0.5659,0.612035
0.5659099999999999,0.611489
0.56592,0.610942
0.5659299999999999,0.610392
0.5659400000000001,0.60984
0.5659500000000001,0.609285
0.56596,0.608729
0.56597,0.608171
0.56598,0.60761
0.56599,0.607048
0.566,0.606483
0.56601,0.605917
0.56602,0.605348
0.5660299999999999,0.604777
0.56604,0.604204
0.5660499999999999,0.603629
0.5660599999999999,0.603052
0.5660700000000001,0.602473
0.56608,0.601891
0.56609,0.601308
0.5661,0.600722
0.56611,0.600135
0.56612,0.599545
0.56613,0.598953
0.56614,0.598359
0.5661499999999999,0.597763
0.56616,0.597165
0.56617,0.596564
0.5661799999999999,0.595962
0.5661900000000001,0.595357
0.5662,0.594751
0.56621,0.594142
0.5662200000000001,0.593531
0.56623,0.592918
0.56624,0.592303
0.56625,0.591686
0.56626,0.591066
0.5662699999999999,0.590445
0.56628,0.589821
0.56629,0.589195
0.5662999999999999,0.588568
0.56631,0.587938
0.56632,0.587305
0.56633,0.586671
0.5663400000000001,0.586035
0.56635,0.585397
0.56636,0.584756
0.56637,0.584113
0.56638,0.583468
0.56639,0.582822
0.5664,0.582172
0.56641,0.581521
0.5664199999999999,0.580868
0.56643,0.580213
0.56644,0.579555
0.56645,0.578895
0.5664600000000001,0.578234
0.56647,0.57757
0.56648,0.576904
0.56649,0.576236
0.5665,0.575565
0.56651,0.574893
0.56652,0.574219
0.56653,0.573542
0.5665399999999999,0.572863
0.56655,0.572183
0.56656,0.5715
0.56657,0.570815
0.5665800000000001,0.570128
0.56659,0.569438
0.5666,0.568747
0.5666100000000001,0.568054
0.56662,0.567358
0.56663,0.566661
0.56664,0.565961
0.56665,0.565259
0.5666599999999999,0.564555
0.56667,0.563849
0.56668,0.563141
0.56669,0.562431
0.5667000000000001,0.561719
0.56671,0.561004
0.56672,0.560288
0.5667300000000001,0.559569
0.56674,0.558849
0.56675,0.558126
0.56676,0.557402
0.56677,0.556675
0.56678,0.555946
0.56679,0.555215
0.5668,0.554482
0.5668099999999999,0.553747
0.5668200000000001,0.55301
0.5668300000000001,0.552271
0.56684,0.55153
0.5668500000000001,0.550787
0.56686,0.550042
0.56687,0.549295
0.56688,0.548545
0.56689,0.547794
0.5669,0.547041
0.5669099999999999,0.546286
0.56692,0.545528
0.5669299999999999,0.544769
0.56694,0.544008
0.5669500000000001,0.543245
0.56696,0.542479
0.56697,0.541712
0.56698,0.540943
0.56699,0.540172
0.567,0.539399
0.56701,0.538623
0.56702,0.537846
0.5670299999999999,0.537067
0.56704,0.536286
0.5670499999999999,0.535503
0.5670599999999999,0.534719
0.5670700000000001,0.533932
0.56708,0.533143
0.56709,0.532353
0.5671,0.53156
0.56711,0.530766
0.56712,0.529969
0.56713,0.529171
0.56714,0.528371
0.5671499999999999,0.527569
0.56716,0.526766
0.56717,0.52596
0.5671799999999999,0.525152
0.5671900000000001,0.524343
0.5672,0.523532
0.56721,0.522719
0.5672200000000001,0.521904
0.56723,0.521088
0.56724,0.520269
0.56725,0.519449
0.56726,0.518627
0.5672699999999999,0.517803
0.56728,0.516978
0.56729,0.51615
0.5672999999999999,0.515321
0.56731,0.514491
0.56732,0.513658
0.56733,0.512824
0.5673400000000001,0.511988
0.56735,0.511151
0.56736,0.510311
0.56737,0.50947
0.56738,0.508628
0.56739,0.507783
0.5674,0.506938
0.56741,0.50609
0.5674199999999999,0.505241
0.56743,0.50439
0.56744,0.503538
0.56745,0.502684
0.5674600000000001,0.501828
0.56747,0.500971
0.56748,0.500113
0.56749,0.499252
0.5675,0.498391
0.56751,0.497528
0.56752,0.496663
0.56753,0.495797
0.5675399999999999,0.494929
0.56755,0.49406
0.56756,0.493189
0.56757,0.492317
0.5675800000000001,0.491444
0.56759,0.490569
0.5676,0.489693
0.5676100000000001,0.488815
0.56762,0.487937
0.56763,0.487056
0.56764,0.486175
0.56765,0.485292
0.5676599999999999,0.484408
0.56767,0.483522
0.56768,0.482635
0.56769,0.481747
0.5677000000000001,0.480858
0.56771,0.479968
0.56772,0.479076
0.5677300000000001,0.478183
0.56774,0.477289
0.56775,0.476394
0.56776,0.475498
0.56777,0.474601
0.56778,0.473702
0.56779,0.472803
0.5678,0.471902
0.5678099999999999,0.471
0.5678200000000001,0.470098
0.5678300000000001,0.469194
0.56784,0.468289
0.5678500000000001,0.467384
0.56786,0.466477
0.56787,0.46557
0.5678799999999999,0.464661
0.56789,0.463752
0.5679,0.462842
0.5679099999999999,0.461931
0.56792,0.461019
0.5679299999999999,0.460107
0.56794,0.459193
0.5679500000000001,0.458279
0.56796,0.457364
0.56797,0.456449
0.56798,0.455532
0.56799,0.454615
0.568,0.453698
0.56801,0.452779
0.56802,0.45186
0.5680299999999999,0.450941
0.56804,0.450021
0.5680499999999999,0.4491
0.5680599999999999,0.448179
0.5680700000000001,0.447258
0.56808,0.446336
0.56809,0.445413
0.5681,0.444491
0.56811,0.443567
0.56812,0.442644
0.56813,0.44172
0.56814,0.440795
0.5681499999999999,0.439871
0.56816,0.438946
0.56817,0.438021
0.5681799999999999,0.437096
0.5681900000000001,0.43617
0.5682,0.435245
0.56821,0.434319
0.5682200000000001,0.433393
0.56823,0.432467
0.56824,0.431541
0.56825,0.430615
0.56826,0.429689
0.5682699999999999,0.428763
0.56828,0.427837
0.56829,0.426911
0.5682999999999999,0.425985
0.56831,0.42506
0.56832,0.424135
0.56833,0.423209
0.5683400000000001,0.422284
0.56835,0.42136
0.56836,0.420435
0.56837,0.419511
0.56838,0.418588
0.56839,0.417664
0.5684,0.416741
0.56841,0.415819
0.5684199999999999,0.414897
0.56843,0.413975
0.5684400000000001,0.413054
0.56845,0.412134
0.5684600000000001,0.411214
0.56847,0.410295
0.56848,0.409377
0.56849,0.408459
0.5685,0.407542
0.56851,0.406626
0.56852,0.40571
0.56853,0.404796
0.5685399999999999,0.403882
0.56855,0.402969
0.56856,0.402057
0.56857,0.401146
0.5685800000000001,0.400236
0.56859,0.399328
0.5686,0.39842
0.5686100000000001,0.397513
0.56862,0.396608
0.56863,0.395703
0.56864,0.3948
0.56865,0.393898
0.5686599999999999,0.392997
0.56867,0.392098
0.56868,0.3912
0.56869,0.390304
0.5687000000000001,0.389408
0.56871,0.388515
0.56872,0.387623
0.5687300000000001,0.386732
0.56874,0.385843
0.56875,0.384955
0.56876,0.38407
0.56877,0.383185
0.56878,0.382303
0.56879,0.381422
0.5688,0.380543
0.5688099999999999,0.379666
0.5688200000000001,0.378791
0.5688300000000001,0.377918
0.56884,0.377047
0.5688500000000001,0.376177
0.56886,0.37531
0.56887,0.374445
0.5688799999999999,0.373582
0.56889,0.372721
0.5689,0.371862
0.5689099999999999,0.371005
0.56892,0.370151
0.5689299999999999,0.369299
0.56894,0.368449
0.5689500000000001,0.367602
0.56896,0.366757
0.56897,0.365915
0.56898,0.365075
0.56899,0.364237
0.569,0.363402
0.56901,0.36257
0.56902,0.361741
0.5690299999999999,0.360914
0.56904,0.36009
0.56905,0.359268
0.5690599999999999,0.35845
0.5690700000000001,0.357634
0.56908,0.356821
0.56909,0.356011
0.5691,0.355204
0.56911,0.3544
0.56912,0.353599
0.56913,0.352801
0.56914,0.352007
0.5691499999999999,0.351215
0.56916,0.350427
0.56917,0.349642
0.5691799999999999,0.34886
0.5691900000000001,0.348082
0.5692,0.347307
0.56921,0.346535
0.5692200000000001,0.345767
0.56923,0.345002
0.56924,0.344241
0.56925,0.343483
0.56926,0.342729
0.5692699999999999,0.341979
0.56928,0.341232
0.56929,0.340489
0.5692999999999999,0.33975
0.56931,0.339015
0.56932,0.338283
0.56933,0.337556
0.5693400000000001,0.336832
0.56935,0.336112
0.56936,0.335396
0.56937,0.334685
0.56938,0.333977
0.56939,0.333274
0.5694,0.332574
0.56941,0.331879
0.5694199999999999,0.331188
0.56943,0.330502
0.5694400000000001,0.329819
0.56945,0.329142
0.5694600000000001,0.328468
0.56947,0.327799
0.56948,0.327134
0.56949,0.326474
0.5695,0.325818
0.56951,0.325167
0.56952,0.324521
0.56953,0.323879
0.5695399999999999,0.323242
0.56955,0.32261
0.56956,0.321982
0.56957,0.32136
0.5695800000000001,0.320742
0.56959,0.320129
0.5696,0.31952
0.5696100000000001,0.318917
0.56962,0.318319
0.56963,0.317726
0.56964,0.317138
0.56965,0.316555
0.5696599999999999,0.315977
0.56967,0.315404
0.56968,0.314836
0.56969,0.314274
0.5697000000000001,0.313717
0.56971,0.313165
0.56972,0.312618
0.5697300000000001,0.312077
0.56974,0.311541
0.56975,0.311011
0.56976,0.310486
0.56977,0.309966
0.56978,0.309452
0.56979,0.308944
0.5698,0.308441
0.5698099999999999,0.307943
0.5698200000000001,0.307452
0.5698300000000001,0.306966
0.56984,0.306485
0.56985,0.306011
0.56986,0.305542
0.56987,0.305079
0.5698799999999999,0.304622
0.56989,0.30417
0.5699,0.303725
0.5699099999999999,0.303285
0.56992,0.302851
0.5699299999999999,0.302423
0.56994,0.302001
0.5699500000000001,0.301585
0.56996,0.301175
0.56997,0.300771
0.56998,0.300374
0.56999,0.299982
0.57,0.299596
0.57001,0.299217
0.57002,0.298843
0.5700299999999999,0.298476
0.57004,0.298115
0.57005,0.29776
0.5700599999999999,0.297412
0.5700700000000001,0.297069
0.57008,0.296733
0.57009,0.296403
0.5701,0.29608
0.57011,0.295763
0.57012,0.295452
0.57013,0.295148
0.57014,0.29485
0.5701499999999999,0.294558
0.57016,0.294273
0.57017,0.293995
0.5701799999999999,0.293722
0.5701900000000001,0.293457
0.5702,0.293197
0.57021,0.292944
0.5702200000000001,0.292698
0.57023,0.292458
0.57024,0.292225
0.57025,0.291999
0.57026,0.291778
0.5702699999999999,0.291565
0.57028,0.291358
0.57029,0.291158
0.5702999999999999,0.290964
0.57031,0.290777
0.57032,0.290596
0.57033,0.290423
0.5703400000000001,0.290255
0.57035,0.290095
0.57036,0.289941
0.57037,0.289794
0.57038,0.289653
0.57039,0.289519
0.5704,0.289392
0.57041,0.289272
0.5704199999999999,0.289158
0.57043,0.289051
0.5704400000000001,0.28895
0.57045,0.288857
0.5704600000000001,0.28877
0.57047,0.288689
0.57048,0.288616
0.57049,0.288549
0.5705,0.288489
0.57051,0.288435
0.57052,0.288389
0.57053,0.288349
0.5705399999999999,0.288315
0.57055,0.288289
0.57056,0.288269
0.57057,0.288256
0.5705800000000001,0.288249
0.57059,0.288249
0.5706,0.288256
0.5706100000000001,0.28827
0.57062,0.28829
0.57063,0.288317
0.57064,0.28835
0.57065,0.288391
0.57066,0.288438
0.57067,0.288491
0.57068,0.288551
0.57069,0.288618
0.5707000000000001,0.288692
0.57071,0.288772
0.57072,0.288858
0.5707300000000001,0.288952
0.57074,0.289051
0.57075,0.289158
0.57076,0.289271
0.57077,0.28939
0.57078,0.289516
0.5707899999999999,0.289649
0.5708,0.289788
0.5708099999999999,0.289933
0.5708200000000001,0.290085
0.5708300000000001,0.290244
0.57084,0.290409
0.57085,0.29058
0.57086,0.290758
0.57087,0.290942
0.5708799999999999,0.291132
0.57089,0.291329
0.5709,0.291532
0.5709099999999999,0.291742
0.57092,0.291958
0.5709299999999999,0.29218
0.57094,0.292408
0.5709500000000001,0.292643
0.57096,0.292884
0.57097,0.293131
0.57098,0.293384
0.57099,0.293643
0.571,0.293909
0.57101,0.294181
0.57102,0.294458
0.5710299999999999,0.294742
0.57104,0.295032
0.57105,0.295328
0.5710599999999999,0.29563
0.5710700000000001,0.295938
0.57108,0.296252
0.57109,0.296571
0.5711,0.296897
0.57111,0.297228
0.57112,0.297566
0.57113,0.297909
0.57114,0.298258
0.5711499999999999,0.298613
0.57116,0.298973
0.57117,0.299339
0.5711799999999999,0.299711
0.5711900000000001,0.300089
0.5712,0.300472
0.57121,0.30086
0.5712200000000001,0.301255
0.57123,0.301655
0.57124,0.30206
0.57125,0.302471
0.57126,0.302887
0.57127,0.303309
0.57128,0.303736
0.57129,0.304168
0.5712999999999999,0.304606
0.57131,0.305049
0.57132,0.305497
0.57133,0.30595
0.5713400000000001,0.306409
0.57135,0.306873
0.57136,0.307342
0.57137,0.307816
0.57138,0.308295
0.57139,0.308779
0.5714,0.309268
0.57141,0.309762
0.5714199999999999,0.310261
0.57143,0.310765
0.5714400000000001,0.311273
0.57145,0.311787
0.5714600000000001,0.312305
0.57147,0.312828
0.57148,0.313356
0.57149,0.313888
0.5715,0.314425
0.57151,0.314967
0.57152,0.315513
0.57153,0.316064
0.5715399999999999,0.316619
0.57155,0.317179
0.57156,0.317743
0.57157,0.318311
0.5715800000000001,0.318884
0.57159,0.319461
0.5716,0.320043
0.5716100000000001,0.320629
0.57162,0.321218
0.57163,0.321812
0.57164,0.32241
0.57165,0.323013
0.57166,0.323619
0.57167,0.324229
0.57168,0.324844
0.57169,0.325462
0.5717000000000001,0.326084
0.57171,0.32671
0.57172,0.327339
0.5717300000000001,0.327973
0.57174,0.32861
0.57175,0.329251
0.57176,0.329896
0.57177,0.330544
0.57178,0.331196
0.5717899999999999,0.331852
0.5718,0.332511
0.5718099999999999,0.333173
0.57182,0.333839
0.5718300000000001,0.334508
0.57184,0.335181
0.57185,0.335857
0.57186,0.336536
0.57187,0.337218
0.5718799999999999,0.337904
0.57189,0.338593
0.5719,0.339285
0.5719099999999999,0.33998
0.57192,0.340678
0.5719299999999999,0.341379
0.57194,0.342084
0.5719500000000001,0.342791
0.57196,0.343501
0.57197,0.344213
0.57198,0.344929
0.57199,0.345648
0.572,0.346369
0.57201,0.347093
0.57202,0.347819
0.5720299999999999,0.348549
0.57204,0.34928
0.57205,0.350015
0.5720599999999999,0.350752
0.5720700000000001,0.351491
0.57208,0.352233
0.57209,0.352977
0.5721,0.353724
0.57211,0.354473
0.57212,0.355224
0.57213,0.355978
0.57214,0.356734
0.5721499999999999,0.357492
0.57216,0.358252
0.57217,0.359014
0.5721799999999999,0.359779
0.5721900000000001,0.360545
0.5722,0.361313
0.57221,0.362084
0.5722200000000001,0.362856
0.57223,0.36363
0.57224,0.364406
0.57225,0.365184
0.57226,0.365964
0.57227,0.366746
0.57228,0.367529
0.57229,0.368314
0.5722999999999999,0.3691
0.57231,0.369889
0.57232,0.370678
0.57233,0.37147
0.5723400000000001,0.372263
0.57235,0.373057
0.57236,0.373853
0.57237,0.37465
0.57238,0.375449
0.57239,0.376249
0.5724,0.37705
0.57241,0.377852
0.5724199999999999,0.378656
0.57243,0.379461
0.5724400000000001,0.380268
0.57245,0.381075
0.5724600000000001,0.381883
0.57247,0.382693
0.57248,0.383504
0.57249,0.384315
0.5725,0.385128
0.57251,0.385942
0.57252,0.386756
0.57253,0.387572
0.5725399999999999,0.388388
0.57255,0.389205
0.57256,0.390023
0.57257,0.390842
0.5725800000000001,0.391662
0.57259,0.392482
0.5726,0.393303
0.5726100000000001,0.394124
0.57262,0.394947
0.57263,0.395769
0.57264,0.396593
0.57265,0.397417
0.57266,0.398241
0.57267,0.399066
0.57268,0.399892
0.57269,0.400717
0.5727000000000001,0.401544
0.57271,0.40237
0.57272,0.403197
0.5727300000000001,0.404025
0.57274,0.404852
0.57275,0.40568
0.5727599999999999,0.406508
0.57277,0.407336
0.57278,0.408165
0.5727899999999999,0.408994
0.5728,0.409822
0.5728099999999999,0.410651
0.57282,0.41148
0.5728300000000001,0.412309
0.57284,0.413138
0.57285,0.413967
0.57286,0.414797
0.57287,0.415626
0.57288,0.416455
0.57289,0.417283
0.5729,0.418112
0.5729099999999999,0.418941
0.57292,0.419769
0.5729299999999999,0.420598
0.57294,0.421426
0.5729500000000001,0.422253
0.57296,0.423081
0.57297,0.423908
0.57298,0.424735
0.57299,0.425562
0.573,0.426388
0.57301,0.427214
0.57302,0.42804
0.5730299999999999,0.428865
0.57304,0.42969
0.57305,0.430514
0.5730599999999999,0.431338
0.5730700000000001,0.432162
0.57308,0.432984
0.57309,0.433807
0.5731,0.434628
0.57311,0.43545
0.57312,0.43627
0.57313,0.43709
0.57314,0.43791
0.5731499999999999,0.438728
0.57316,0.439546
0.57317,0.440364
0.5731799999999999,0.441181
0.5731900000000001,0.441996
0.5732,0.442812
0.57321,0.443626
0.5732200000000001,0.44444
0.57323,0.445253
0.57324,0.446065
0.57325,0.446876
0.57326,0.447686
0.57327,0.448496
0.57328,0.449305
0.57329,0.450112
0.5732999999999999,0.450919
0.57331,0.451725
0.57332,0.45253
0.57333,0.453334
0.5733400000000001,0.454137
0.57335,0.454939
0.57336,0.45574
0.57337,0.45654
0.57338,0.457339
0.57339,0.458137
0.5734,0.458934
0.57341,0.45973
0.5734199999999999,0.460524
0.57343,0.461318
0.5734400000000001,0.46211
0.57345,0.462902
0.5734600000000001,0.463692
0.57347,0.464481
0.57348,0.465269
0.57349,0.466055
0.5735,0.466841
0.57351,0.467625
0.57352,0.468408
0.57353,0.46919
0.5735399999999999,0.46997
0.57355,0.47075
0.57356,0.471528
0.57357,0.472304
0.5735800000000001,0.47308
0.57359,0.473854
0.5736,0.474626
0.5736100000000001,0.475398
0.57362,0.476168
0.57363,0.476936
0.57364,0.477704
0.57365,0.47847
0.57366,0.479234
0.57367,0.479997
0.57368,0.480759
0.57369,0.48152
0.5737000000000001,0.482278
0.57371,0.483036
0.57372,0.483792
0.5737300000000001,0.484547
0.57374,0.4853
0.57375,0.486051
0.5737599999999999,0.486801
0.57377,0.48755
0.57378,0.488297
0.5737899999999999,0.489043
0.5738,0.489787
0.5738099999999999,0.490529
0.57382,0.49127
0.5738300000000001,0.49201
0.57384,0.492748
0.57385,0.493484
0.57386,0.494219
0.57387,0.494952
0.57388,0.495684
0.57389,0.496414
0.5739,0.497142
0.5739099999999999,0.497869
0.57392,0.498595
0.5739299999999999,0.499318
0.57394,0.50004
0.5739500000000001,0.500761
0.57396,0.501479
0.57397,0.502196
0.57398,0.502912
0.57399,0.503626
0.574,0.504338
0.57401,0.505048
0.57402,0.505757
0.5740299999999999,0.506464
0.57404,0.507169
0.57405,0.507873
0.5740599999999999,0.508575
0.5740700000000001,0.509275
0.57408,0.509974
0.57409,0.510671
0.5741,0.511366
0.57411,0.512059
0.57412,0.512751
0.57413,0.513441
0.57414,0.514129
0.5741499999999999,0.514815
0.57416,0.5155
0.57417,0.516183
0.5741799999999999,0.516864
0.5741900000000001,0.517544
0.5742,0.518221
0.57421,0.518897
0.5742200000000001,0.519572
0.57423,0.520244
0.57424,0.520914
0.57425,0.521583
0.57426,0.52225
0.57427,0.522916
0.57428,0.523579
0.57429,0.524241
0.5742999999999999,0.5249
0.57431,0.525558
0.57432,0.526215
0.57433,0.526869
0.5743400000000001,0.527522
0.57435,0.528172
0.57436,0.528821
0.57437,0.529469
0.57438,0.530114
0.57439,0.530757
0.5744,0.531399
0.57441,0.532039
0.5744199999999999,0.532677
0.57443,0.533313
0.5744400000000001,0.533947
0.57445,0.53458
0.5744600000000001,0.535211
0.57447,0.535839
0.57448,0.536466
0.5744900000000001,0.537091
0.5745,0.537715
0.57451,0.538336
0.57452,0.538956
0.57453,0.539573
0.5745399999999999,0.540189
0.57455,0.540803
0.57456,0.541415
0.57457,0.542026
0.5745800000000001,0.542634
0.57459,0.543241
0.5746,0.543846
0.5746100000000001,0.544448
0.57462,0.545049
0.57463,0.545649
0.57464,0.546246
0.57465,0.546841
0.57466,0.547435
0.57467,0.548026
0.57468,0.548616
0.57469,0.549204
0.5747000000000001,0.54979
0.57471,0.550374
0.57472,0.550957
0.57473,0.551537
0.57474,0.552116
0.57475,0.552693
0.5747599999999999,0.553267
0.57477,0.55384
0.57478,0.554412
0.5747899999999999,0.554981
0.5748,0.555548
0.5748099999999999,0.556114
0.57482,0.556677
0.5748300000000001,0.557239
0.57484,0.557799
0.57485,0.558357
0.57486,0.558913
0.57487,0.559468
0.57488,0.56002
0.57489,0.560571
0.5749,0.561119
0.5749099999999999,0.561666
0.57492,0.562211
0.5749299999999999,0.562754
0.57494,0.563296
0.5749500000000001,0.563835
0.57496,0.564372
0.57497,0.564908
0.57498,0.565442
0.57499,0.565974
0.575,0.566504
0.57501,0.567032
0.57502,0.567559
0.5750299999999999,0.568083
0.57504,0.568606
0.57505,0.569126
0.5750599999999999,0.569645
0.5750700000000001,0.570163
0.57508,0.570678
0.57509,0.571191
0.5751000000000001,0.571703
0.57511,0.572212
0.57512,0.57272
0.57513,0.573226
0.57514,0.57373
0.5751499999999999,0.574233
0.57516,0.574733
0.57517,0.575232
0.5751799999999999,0.575729
0.5751900000000001,0.576224
0.5752,0.576717
0.57521,0.577208
0.5752200000000001,0.577697
0.57523,0.578185
0.57524,0.578671
0.57525,0.579155
0.57526,0.579637
0.57527,0.580117
0.57528,0.580596
0.57529,0.581073
0.5752999999999999,0.581547
0.57531,0.58202
0.57532,0.582492
0.57533,0.582961
0.5753400000000001,0.583429
0.57535,0.583895
0.57536,0.584359
0.57537,0.584821
0.57538,0.585281
0.57539,0.58574
0.5754,0.586196
0.57541,0.586651
0.5754199999999999,0.587105
0.57543,0.587556
0.5754400000000001,0.588006
0.57545,0.588453
0.5754600000000001,0.588899
0.57547,0.589344
0.57548,0.589786
0.5754900000000001,0.590227
0.5755,0.590666
0.57551,0.591103
0.57552,0.591538
0.57553,0.591971
0.5755399999999999,0.592403
0.57555,0.592833
0.57556,0.593262
0.57557,0.593688
0.5755800000000001,0.594113
0.57559,0.594536
0.5756,0.594957
0.5756100000000001,0.595376
0.57562,0.595794
0.57563,0.59621
0.57564,0.596624
0.57565,0.597036
0.57566,0.597447
0.5756699999999999,0.597856
0.57568,0.598263
0.57569,0.598669
0.5757000000000001,0.599072
0.57571,0.599474
0.57572,0.599875
0.57573,0.600273
0.57574,0.60067
0.57575,0.601065
0.5757599999999999,0.601458
0.57577,0.60185
0.57578,0.60224
0.5757899999999999,0.602628
0.5758,0.603015
0.5758099999999999,0.603399
0.57582,0.603782
0.5758300000000001,0.604164
0.57584,0.604543
0.57585,0.604921
0.57586,0.605298
0.57587,0.605672
0.57588,0.606045
0.57589,0.606416
0.5759,0.606786
0.5759099999999999,0.607153
0.57592,0.60752
0.5759299999999999,0.607884
0.57594,0.608247
0.5759500000000001,0.608608
0.57596,0.608967
0.57597,0.609325
0.57598,0.609681
0.57599,0.610035
0.576,0.610388
0.57601,0.610739
0.57602,0.611088
0.5760299999999999,0.611436
0.57604,0.611782
0.57605,0.612127
0.5760599999999999,0.61247
0.5760700000000001,0.612811
0.57608,0.61315
0.57609,0.613488
0.5761000000000001,0.613824
0.57611,0.614159
0.57612,0.614492
0.57613,0.614823
0.57614,0.615153
0.5761499999999999,0.615481
0.57616,0.615807
0.57617,0.616132
0.5761799999999999,0.616455
0.5761900000000001,0.616777
0.5762,0.617097
0.57621,0.617415
0.5762200000000001,0.617732
0.57623,0.618047
0.57624,0.61836
0.57625,0.618672
0.57626,0.618983
0.57627,0.619291
0.57628,0.619598
0.57629,0.619904
0.5762999999999999,0.620208
0.57631,0.62051
0.57632,0.620811
0.57633,0.62111
0.5763400000000001,0.621408
0.57635,0.621704
0.57636,0.621998
0.57637,0.622291
0.57638,0.622582
0.57639,0.622872
0.5764,0.62316
0.57641,0.623447
0.5764199999999999,0.623732
0.57643,0.624015
0.5764400000000001,0.624297
0.57645,0.624578
0.5764600000000001,0.624856
0.57647,0.625134
0.57648,0.625409
0.5764900000000001,0.625684
0.5765,0.625956
0.57651,0.626227
0.57652,0.626497
0.57653,0.626765
0.5765399999999999,0.627031
0.57655,0.627296
0.57656,0.62756
0.57657,0.627822
0.5765800000000001,0.628082
0.57659,0.628341
0.5766,0.628598
0.5766100000000001,0.628854
0.57662,0.629108
0.57663,0.629361
0.57664,0.629612
0.57665,0.629862
0.57666,0.63011
0.5766699999999999,0.630357
0.57668,0.630602
0.57669,0.630846
0.5767,0.631088
0.5767100000000001,0.631329
0.57672,0.631569
0.57673,0.631806
0.57674,0.632043
0.57675,0.632277
0.5767599999999999,0.632511
0.57677,0.632743
0.57678,0.632973
0.5767899999999999,0.633202
0.5768,0.633429
0.5768099999999999,0.633655
0.57682,0.63388
0.5768300000000001,0.634103
0.57684,0.634324
0.57685,0.634545
0.57686,0.634763
0.57687,0.63498
0.57688,0.635196
0.57689,0.63541
0.5769,0.635623
0.5769099999999999,0.635835
0.57692,0.636044
0.5769299999999999,0.636253
0.57694,0.63646
0.5769500000000001,0.636666
0.57696,0.63687
0.57697,0.637072
0.57698,0.637274
0.57699,0.637474
0.577,0.637672
0.57701,0.637869
0.57702,0.638065
0.5770299999999999,0.638259
0.57704,0.638451
0.57705,0.638643
0.5770599999999999,0.638833
0.5770700000000001,0.639021
0.57708,0.639208
0.57709,0.639394
0.5771000000000001,0.639578
0.57711,0.639761
0.57712,0.639942
0.57713,0.640122
0.57714,0.640301
0.5771499999999999,0.640478
0.57716,0.640654
0.57717,0.640828
0.5771799999999999,0.641001
0.5771900000000001,0.641173
0.5772,0.641343
0.57721,0.641512
0.5772200000000001,0.641679
0.57723,0.641845
0.57724,0.64201
0.57725,0.642173
0.57726,0.642335
0.57727,0.642496
0.57728,0.642655
0.57729,0.642813
0.5772999999999999,0.642969
0.57731,0.643124
0.57732,0.643278
0.57733,0.64343
0.5773400000000001,0.643581
0.57735,0.64373
0.57736,0.643879
0.57737,0.644025
0.57738,0.644171
0.57739,0.644315
0.5774,0.644458
0.57741,0.644599
0.5774199999999999,0.644739
0.57743,0.644878
0.5774400000000001,0.645015
0.57745,0.645151
0.5774600000000001,0.645286
0.57747,0.645419
0.57748,0.645551
0.5774900000000001,0.645682
0.5775,0.645811
0.57751,0.645939
0.57752,0.646066
0.57753,0.646191
0.5775399999999999,0.646315
0.57755,0.646438
0.57756,0.646559
0.57757,0.646679
0.5775800000000001,0.646798
0.57759,0.646915
0.5776,0.647031
0.5776100000000001,0.647146
0.57762,0.647259
0.57763,0.647371
0.5776399999999999,0.647482
0.57765,0.647591
0.57766,0.647699
0.5776699999999999,0.647806
0.57768,0.647912
0.57769,0.648016
0.5777,0.648119
0.5777100000000001,0.64822
0.57772,0.64832
0.57773,0.648419
0.57774,0.648517
0.57775,0.648613
0.5777599999999999,0.648708
0.57777,0.648802
0.57778,0.648894
0.5777899999999999,0.648986
0.5778,0.649075
0.5778099999999999,0.649164
0.57782,0.649251
0.5778300000000001,0.649337
0.57784,0.649422
0.57785,0.649505
0.57786,0.649587
0.57787,0.649668
0.57788,0.649748
0.57789,0.649826
0.5779,0.649903
0.5779099999999999,0.649979
0.57792,0.650053
0.5779299999999999,0.650126
0.57794,0.650198
0.5779500000000001,0.650269
0.57796,0.650338
0.57797,0.650406
0.57798,0.650473
0.57799,0.650538
0.578,0.650603
0.57801,0.650666
0.57802,0.650727
0.5780299999999999,0.650788
0.57804,0.650847
0.57805,0.650905
0.5780599999999999,0.650961
0.5780700000000001,0.651017
0.57808,0.651071
0.57809,0.651124
0.5781000000000001,0.651175
0.57811,0.651226
0.57812,0.651275
0.57813,0.651323
0.57814,0.651369
0.5781499999999999,0.651414
0.57816,0.651459
0.57817,0.651501
0.5781799999999999,0.651543
0.5781900000000001,0.651583
0.5782,0.651622
0.57821,0.65166
0.5782200000000001,0.651697
0.57823,0.651732
0.57824,0.651766
0.57825,0.651799
0.57826,0.651831
0.57827,0.651861
0.57828,0.65189
0.57829,0.651918
0.5782999999999999,0.651945
0.57831,0.65197
0.5783200000000001,0.651994
0.57833,0.652017
0.5783400000000001,0.652039
0.57835,0.65206
0.57836,0.652079
0.57837,0.652097
0.57838,0.652114
0.57839,0.652129
0.5784,0.652144
0.57841,0.652157
0.5784199999999999,0.652168
0.57843,0.652179
0.5784400000000001,0.652189
0.57845,0.652197
0.5784600000000001,0.652204
0.57847,0.652209
0.57848,0.652214
0.5784900000000001,0.652217
0.5785,0.652219
0.57851,0.65222
0.57852,0.65222
0.57853,0.652218
0.5785399999999999,0.652215
0.57855,0.652211
0.57856,0.652206
0.57857,0.6522
0.5785800000000001,0.652192
0.57859,0.652183
0.5786,0.652173
0.5786100000000001,0.652162
0.57862,0.652149
0.57863,0.652136
0.5786399999999999,0.652121
0.57865,0.652104
0.57866,0.652087
0.5786699999999999,0.652068
0.57868,0.652049
0.57869,0.652028
0.5787,0.652005
0.5787100000000001,0.651982
0.57872,0.651957
0.57873,0.651932
0.57874,0.651905
0.57875,0.651876
0.5787599999999999,0.651847
0.57877,0.651816
0.57878,0.651784
0.5787899999999999,0.651751
0.5788,0.651717
0.5788099999999999,0.651682
0.57882,0.651645
0.5788300000000001,0.651607
0.57884,0.651568
0.57885,0.651528
0.57886,0.651486
0.57887,0.651444
0.57888,0.6514
0.57889,0.651355
0.5789,0.651308
0.5789099999999999,0.651261
0.57892,0.651212
0.57893,0.651162
0.57894,0.651111
0.5789500000000001,0.651059
0.57896,0.651006
0.57897,0.650951
0.57898,0.650895
0.57899,0.650838
0.579,0.65078
0.57901,0.650721
0.57902,0.65066
0.5790299999999999,0.650598
0.57904,0.650535
0.57905,0.650471
0.5790599999999999,0.650406
0.5790700000000001,0.650339
0.57908,0.650271
0.57909,0.650202
0.5791000000000001,0.650132
0.57911,0.650061
0.57912,0.649988
0.57913,0.649915
0.57914,0.64984
0.5791499999999999,0.649764
0.57916,0.649686
0.57917,0.649608
0.5791799999999999,0.649528
0.5791900000000001,0.649447
0.5792,0.649365
0.57921,0.649282
0.5792200000000001,0.649198
0.57923,0.649112
0.57924,0.649025
0.57925,0.648937
0.57926,0.648848
0.57927,0.648758
0.57928,0.648666
0.57929,0.648574
0.5792999999999999,0.64848
0.57931,0.648385
0.5793200000000001,0.648288
0.57933,0.648191
0.5793400000000001,0.648092
0.57935,0.647992
0.57936,0.647891
0.57937,0.647789
0.57938,0.647686
0.57939,0.647581
0.5794,0.647475
0.57941,0.647368
0.5794199999999999,0.64726
0.57943,0.647151
0.5794400000000001,0.647041
0.57945,0.646929
0.5794600000000001,0.646816
0.57947,0.646702
0.57948,0.646587
0.5794900000000001,0.64647
0.5795,0.646353
0.57951,0.646234
0.57952,0.646114
0.57953,0.645993
0.5795399999999999,0.64587
0.57955,0.645747
0.57956,0.645622
0.57957,0.645496
0.5795800000000001,0.645369
0.57959,0.645241
0.5796,0.645112
0.57961,0.644981
0.57962,0.644849
0.57963,0.644716
0.5796399999999999,0.644582
0.57965,0.644447
0.57966,0.64431
0.5796699999999999,0.644173
0.57968,0.644034
0.57969,0.643894
0.5797,0.643752
0.5797100000000001,0.64361
0.57972,0.643466
0.57973,0.643321
0.57974,0.643175
0.57975,0.643028
0.5797599999999999,0.64288
0.57977,0.64273
0.57978,0.64258
0.5797899999999999,0.642428
0.5798,0.642275
0.5798099999999999,0.64212
0.57982,0.641965
0.5798300000000001,0.641808
0.57984,0.64165
0.57985,0.641491
0.57986,0.641331
0.57987,0.64117
0.57988,0.641007
0.57989,0.640844
0.5799,0.640679
0.5799099999999999,0.640512
0.57992,0.640345
0.57993,0.640177
0.57994,0.640007
0.5799500000000001,0.639836
0.57996,0.639664
0.57997,0.639491
0.57998,0.639317
0.57999,0.639141
0.58,0.638964
0.58001,0.638786
0.58002,0.638607
0.5800299999999999,0.638427
0.58004,0.638245
0.58005,0.638063
0.5800599999999999,0.637879
0.5800700000000001,0.637694
0.58008,0.637507
0.58009,0.63732
0.5801000000000001,0.637131
0.58011,0.636941
0.58012,0.63675
0.58013,0.636558
0.58014,0.636365
0.5801499999999999,0.63617
0.58016,0.635975
0.58017,0.635778
0.5801799999999999,0.63558
0.5801900000000001,0.63538
0.5802,0.63518
0.58021,0.634978
0.5802200000000001,0.634775
0.58023,0.634571
0.58024,0.634366
0.58025,0.634159
0.58026,0.633952
0.58027,0.633743
0.58028,0.633533
0.58029,0.633322
0.5802999999999999,0.633109
0.58031,0.632896
0.5803200000000001,0.632681
0.58033,0.632465
0.5803400000000001,0.632248
0.58035,0.63203
0.58036,0.63181
0.58037,0.63159
0.58038,0.631368
0.58039,0.631145
0.5804,0.63092
0.58041,0.630695
0.5804199999999999,0.630468
0.58043,0.63024
0.5804400000000001,0.630011
0.58045,0.629781
0.5804600000000001,0.62955
0.58047,0.629317
0.58048,0.629083
0.5804900000000001,0.628848
0.5805,0.628612
0.58051,0.628375
0.58052,0.628136
0.58053,0.627896
0.58054,0.627656
0.5805499999999999,0.627413
0.58056,0.62717
0.58057,0.626926
0.5805800000000001,0.62668
0.58059,0.626433
0.5806,0.626185
0.58061,0.625936
0.58062,0.625685
0.58063,0.625433
0.5806399999999999,0.625181
0.58065,0.624927
0.58066,0.624671
0.5806699999999999,0.624415
0.58068,0.624157
0.58069,0.623898
0.5807,0.623638
0.5807100000000001,0.623377
0.58072,0.623115
0.58073,0.622851
0.58074,0.622586
0.58075,0.62232
0.5807599999999999,0.622053
0.58077,0.621785
0.58078,0.621515
0.5807899999999999,0.621245
0.5808,0.620973
0.5808099999999999,0.6207
0.58082,0.620425
0.5808300000000001,0.62015
0.58084,0.619873
0.58085,0.619595
0.58086,0.619316
0.58087,0.619036
0.58088,0.618754
0.58089,0.618471
0.5809,0.618188
0.5809099999999999,0.617903
0.58092,0.617616
0.58093,0.617329
0.58094,0.61704
0.5809500000000001,0.61675
0.58096,0.616459
0.58097,0.616167
0.58098,0.615874
0.58099,0.615579
0.581,0.615283
0.58101,0.614986
0.58102,0.614688
0.5810299999999999,0.614389
0.58104,0.614088
0.58105,0.613786
0.5810599999999999,0.613483
0.5810700000000001,0.613179
0.58108,0.612874
0.58109,0.612567
0.5811000000000001,0.61226
0.58111,0.611951
0.58112,0.611641
0.58113,0.611329
0.58114,0.611017
0.5811499999999999,0.610703
0.58116,0.610388
0.58117,0.610072
0.5811799999999999,0.609755
0.5811900000000001,0.609437
0.5812,0.609117
0.58121,0.608796
0.5812200000000001,0.608474
0.58123,0.608151
0.58124,0.607827
0.58125,0.607501
0.58126,0.607174
0.58127,0.606846
0.58128,0.606517
0.58129,0.606187
0.5812999999999999,0.605855
0.58131,0.605523
0.5813200000000001,0.605189
0.58133,0.604854
0.5813400000000001,0.604518
0.58135,0.60418
0.58136,0.603842
0.58137,0.603502
0.58138,0.603161
0.58139,0.602819
0.5814,0.602475
0.58141,0.602131
0.5814199999999999,0.601785
0.58143,0.601438
0.5814400000000001,0.60109
0.58145,0.600741
0.5814600000000001,0.600391
0.58147,0.600039
0.58148,0.599686
0.5814900000000001,0.599332
0.5815,0.598977
0.58151,0.598621
0.58152,0.598263
0.58153,0.597905
0.58154,0.597545
0.5815499999999999,0.597184
0.58156,0.596822
0.58157,0.596458
0.58158,0.596094
0.58159,0.595728
0.5816,0.595361
0.58161,0.594993
0.58162,0.594624
0.58163,0.594254
0.5816399999999999,0.593882
0.58165,0.59351
0.58166,0.593136
0.5816699999999999,0.592761
0.58168,0.592385
0.58169,0.592007
0.5817,0.591629
0.5817100000000001,0.591249
0.58172,0.590869
0.58173,0.590487
0.58174,0.590103
0.58175,0.589719
0.5817599999999999,0.589334
0.58177,0.588947
0.58178,0.588559
0.5817899999999999,0.588171
0.5818,0.58778
0.5818099999999999,0.587389
0.58182,0.586997
0.5818300000000001,0.586603
0.58184,0.586209
0.58185,0.585813
0.58186,0.585416
0.58187,0.585018
0.58188,0.584619
0.58189,0.584219
0.5819,0.583817
0.5819099999999999,0.583414
0.58192,0.583011
0.58193,0.582606
0.58194,0.5822
0.5819500000000001,0.581793
0.58196,0.581384
0.58197,0.580975
0.58198,0.580564
0.58199,0.580153
0.582,0.57974
0.58201,0.579326
0.58202,0.578911
0.5820299999999999,0.578495
0.58204,0.578078
0.58205,0.577659
0.5820599999999999,0.57724
0.5820700000000001,0.576819
0.58208,0.576397
0.58209,0.575975
0.5821000000000001,0.575551
0.58211,0.575126
0.58212,0.574699
0.58213,0.574272
0.58214,0.573844
0.58215,0.573414
0.58216,0.572984
0.58217,0.572552
0.5821799999999999,0.572119
0.5821900000000001,0.571686
0.5822,0.571251
0.58221,0.570815
0.5822200000000001,0.570378
0.58223,0.569939
0.58224,0.5695
0.58225,0.56906
0.58226,0.568618
0.58227,0.568176
0.58228,0.567732
0.58229,0.567288
0.5822999999999999,0.566842
0.58231,0.566395
0.5823200000000001,0.565948
0.58233,0.565499
0.5823400000000001,0.565049
0.58235,0.564598
0.58236,0.564146
0.58237,0.563693
0.58238,0.563238
0.58239,0.562783
0.5824,0.562327
0.58241,0.56187
0.5824199999999999,0.561411
0.58243,0.560952
0.5824400000000001,0.560492
0.58245,0.56003
0.5824600000000001,0.559568
0.58247,0.559104
0.58248,0.55864
0.5824900000000001,0.558174
0.5825,0.557708
0.58251,0.55724
0.5825199999999999,0.556772
0.58253,0.556302
0.58254,0.555832
0.5825499999999999,0.55536
0.58256,0.554888
0.58257,0.554414
0.58258,0.553939
0.58259,0.553464
0.5826,0.552987
0.58261,0.55251
0.58262,0.552031
0.58263,0.551552
0.5826399999999999,0.551072
0.58265,0.55059
0.58266,0.550108
0.5826699999999999,0.549625
0.58268,0.54914
0.58269,0.548655
0.5827,0.548169
0.5827100000000001,0.547682
0.58272,0.547194
0.58273,0.546705
0.58274,0.546215
0.58275,0.545724
0.58276,0.545232
0.58277,0.544739
0.58278,0.544246
0.5827899999999999,0.543751
0.5828,0.543256
0.5828099999999999,0.542759
0.58282,0.542262
0.5828300000000001,0.541764
0.58284,0.541265
0.58285,0.540765
0.58286,0.540264
0.58287,0.539762
0.58288,0.539259
0.58289,0.538756
0.5829,0.538251
0.5829099999999999,0.537746
0.58292,0.53724
0.58293,0.536733
0.58294,0.536225
0.5829500000000001,0.535717
0.58296,0.535207
0.58297,0.534697
0.58298,0.534185
0.58299,0.533673
0.583,0.533161
0.58301,0.532647
0.58302,0.532132
0.5830299999999999,0.531617
0.58304,0.531101
0.58305,0.530584
0.5830599999999999,0.530066
0.5830700000000001,0.529548
0.58308,0.529029
0.58309,0.528509
0.5831000000000001,0.527988
0.58311,0.527466
0.58312,0.526944
0.58313,0.526421
0.58314,0.525897
0.58315,0.525372
0.58316,0.524847
0.58317,0.524321
0.5831799999999999,0.523794
0.5831900000000001,0.523266
0.5832,0.522738
0.58321,0.522209
0.5832200000000001,0.521679
0.58323,0.521149
0.58324,0.520617
0.58325,0.520086
0.58326,0.519553
0.58327,0.51902
0.58328,0.518486
0.58329,0.517952
0.5832999999999999,0.517416
0.58331,0.51688
0.5833200000000001,0.516344
0.58333,0.515807
0.5833400000000001,0.515269
0.58335,0.514731
0.58336,0.514192
0.58337,0.513652
0.58338,0.513112
0.58339,0.512571
0.5834,0.512029
0.58341,0.511487
0.5834199999999999,0.510945
0.58343,0.510401
0.5834400000000001,0.509858
0.58345,0.509313
0.5834600000000001,0.508768
0.58347,0.508223
0.58348,0.507677
0.5834900000000001,0.50713
0.5835,0.506583
0.58351,0.506036
0.5835199999999999,0.505487
0.58353,0.504939
0.58354,0.50439
0.5835499999999999,0.50384
0.58356,0.50329
0.58357,0.502739
0.58358,0.502188
0.58359,0.501637
0.5836,0.501085
0.58361,0.500532
0.58362,0.499979
0.58363,0.499426
0.5836399999999999,0.498872
0.58365,0.498318
0.58366,0.497764
0.5836699999999999,0.497209
0.58368,0.496653
0.58369,0.496097
0.5837,0.495541
0.5837100000000001,0.494985
0.58372,0.494428
0.58373,0.493871
0.58374,0.493313
0.58375,0.492755
0.58376,0.492197
0.58377,0.491639
0.58378,0.49108
0.5837899999999999,0.49052
0.5838,0.489961
0.5838099999999999,0.489401
0.58382,0.488841
0.5838300000000001,0.488281
0.58384,0.48772
0.58385,0.48716
0.58386,0.486599
0.58387,0.486037
0.58388,0.485476
0.58389,0.484914
0.5839,0.484352
0.5839099999999999,0.48379
0.58392,0.483228
0.58393,0.482665
0.58394,0.482103
0.5839500000000001,0.48154
0.58396,0.480977
0.58397,0.480414
0.58398,0.47985
0.58399,0.479287
0.584,0.478724
0.58401,0.47816
0.58402,0.477596
0.5840299999999999,0.477033
0.58404,0.476469
0.58405,0.475905
0.5840599999999999,0.475341
0.5840700000000001,0.474777
0.58408,0.474213
0.58409,0.473649
0.5841000000000001,0.473085
0.58411,0.472521
0.58412,0.471957
0.58413,0.471393
0.58414,0.470829
0.58415,0.470265
0.58416,0.469701
0.58417,0.469137
0.5841799999999999,0.468573
0.5841900000000001,0.468009
0.5842,0.467446
0.58421,0.466882
0.5842200000000001,0.466319
0.58423,0.465755
0.58424,0.465192
0.58425,0.464629
0.58426,0.464066
0.58427,0.463504
0.58428,0.462941
0.58429,0.462379
0.5842999999999999,0.461817
0.58431,0.461255
0.5843200000000001,0.460693
0.58433,0.460131
0.5843400000000001,0.45957
0.58435,0.459009
0.58436,0.458449
0.5843700000000001,0.457888
0.58438,0.457328
0.58439,0.456768
0.5844,0.456208
0.58441,0.455649
0.5844199999999999,0.45509
0.58443,0.454532
0.5844400000000001,0.453973
0.58445,0.453416
0.5844600000000001,0.452858
0.58447,0.452301
0.58448,0.451744
0.58449,0.451188
0.5845,0.450632
0.58451,0.450077
0.5845199999999999,0.449522
0.58453,0.448968
0.58454,0.448414
0.5845499999999999,0.44786
0.58456,0.447307
0.58457,0.446754
0.58458,0.446202
0.58459,0.445651
0.5846,0.4451
0.58461,0.44455
0.58462,0.444
0.58463,0.443451
0.5846399999999999,0.442902
0.58465,0.442354
0.58466,0.441807
0.5846699999999999,0.44126
0.58468,0.440714
0.58469,0.440168
0.5847,0.439624
0.5847100000000001,0.43908
0.58472,0.438536
0.58473,0.437994
0.58474,0.437452
0.58475,0.43691
0.58476,0.43637
0.58477,0.43583
0.58478,0.435291
0.5847899999999999,0.434753
0.5848,0.434216
0.5848099999999999,0.433679
0.58482,0.433143
0.5848300000000001,0.432608
0.58484,0.432074
0.58485,0.431541
0.58486,0.431009
0.58487,0.430477
0.58488,0.429947
0.58489,0.429417
0.5849,0.428888
0.5849099999999999,0.428361
0.58492,0.427834
0.58493,0.427308
0.58494,0.426783
0.5849500000000001,0.426259
0.58496,0.425736
0.58497,0.425215
0.58498,0.424694
0.58499,0.424174
0.585,0.423655
0.58501,0.423137
0.58502,0.422621
0.5850299999999999,0.422105
0.58504,0.421591
0.58505,0.421078
0.5850599999999999,0.420566
0.5850700000000001,0.420055
0.58508,0.419545
0.58509,0.419036
0.5851000000000001,0.418529
0.58511,0.418023
0.58512,0.417517
0.58513,0.417014
0.58514,0.416511
0.58515,0.41601
0.58516,0.41551
0.58517,0.415011
0.5851799999999999,0.414514
0.5851900000000001,0.414017
0.5852,0.413523
0.58521,0.413029
0.5852200000000001,0.412537
0.58523,0.412046
0.58524,0.411557
0.58525,0.411069
0.58526,0.410582
0.58527,0.410097
0.58528,0.409613
0.58529,0.409131
0.5852999999999999,0.40865
0.58531,0.40817
0.5853200000000001,0.407692
0.58533,0.407216
0.5853400000000001,0.406741
0.58535,0.406267
0.58536,0.405795
0.5853700000000001,0.405325
0.58538,0.404856
0.58539,0.404389
0.5854,0.403923
0.58541,0.403459
0.5854199999999999,0.402997
0.5854299999999999,0.402536
0.5854400000000001,0.402077
0.58545,0.401619
0.5854600000000001,0.401163
0.58547,0.400709
0.58548,0.400257
0.58549,0.399806
0.5855,0.399357
0.58551,0.398909
0.5855199999999999,0.398464
0.58553,0.39802
0.58554,0.397578
0.5855499999999999,0.397137
0.58556,0.396699
0.58557,0.396262
0.58558,0.395827
0.58559,0.395394
0.5856,0.394963
0.58561,0.394533
0.58562,0.394106
0.58563,0.39368
0.5856399999999999,0.393256
0.58565,0.392834
0.58566,0.392414
0.5856699999999999,0.391996
0.58568,0.39158
0.58569,0.391166
0.5857,0.390754
0.5857100000000001,0.390343
0.58572,0.389935
0.58573,0.389529
0.58574,0.389125
0.58575,0.388722
0.58576,0.388322
0.58577,0.387924
0.58578,0.387528
0.5857899999999999,0.387134
0.5858,0.386742
0.5858099999999999,0.386352
0.58582,0.385964
0.5858300000000001,0.385579
0.58584,0.385195
0.58585,0.384814
0.58586,0.384435
0.58587,0.384058
0.58588,0.383683
0.58589,0.38331
0.5859,0.38294
0.5859099999999999,0.382572
0.58592,0.382205
0.58593,0.381842
0.58594,0.38148
0.5859500000000001,0.381121
0.58596,0.380764
0.58597,0.380409
0.5859800000000001,0.380056
0.58599,0.379706
0.586,0.379358
0.58601,0.379012
0.58602,0.378669
0.5860299999999999,0.378328
0.58604,0.37799
0.58605,0.377653
0.5860599999999999,0.377319
0.5860700000000001,0.376988
0.58608,0.376659
0.58609,0.376332
0.5861000000000001,0.376008
0.58611,0.375686
0.58612,0.375366
0.58613,0.375049
0.58614,0.374734
0.58615,0.374422
0.58616,0.374112
0.58617,0.373805
0.5861799999999999,0.3735
0.5861900000000001,0.373198
0.5862,0.372898
0.58621,0.372601
0.5862200000000001,0.372306
0.58623,0.372014
0.58624,0.371724
0.58625,0.371437
0.58626,0.371152
0.58627,0.37087
0.58628,0.370591
0.58629,0.370314
0.5862999999999999,0.370039
0.58631,0.369768
0.5863200000000001,0.369498
0.58633,0.369232
0.5863400000000001,0.368968
0.58635,0.368706
0.58636,0.368448
0.5863700000000001,0.368192
0.58638,0.367938
0.58639,0.367687
0.5864,0.367439
0.58641,0.367194
0.5864199999999999,0.366951
0.5864299999999999,0.366711
0.5864400000000001,0.366473
0.58645,0.366239
0.58646,0.366006
0.58647,0.365777
0.58648,0.36555
0.58649,0.365326
0.5865,0.365105
0.58651,0.364887
0.5865199999999999,0.364671
0.58653,0.364458
0.58654,0.364248
0.5865499999999999,0.36404
0.58656,0.363835
0.58657,0.363633
0.58658,0.363434
0.5865900000000001,0.363238
0.5866,0.363044
0.58661,0.362853
0.58662,0.362665
0.58663,0.362479
0.5866399999999999,0.362297
0.58665,0.362117
0.58666,0.36194
0.5866699999999999,0.361766
0.58668,0.361595
0.58669,0.361426
0.5867,0.361261
0.5867100000000001,0.361098
0.58672,0.360938
0.58673,0.36078
0.58674,0.360626
0.58675,0.360475
0.58676,0.360326
0.58677,0.36018
0.58678,0.360037
0.5867899999999999,0.359897
0.5868,0.35976
0.5868099999999999,0.359625
0.58682,0.359494
0.5868300000000001,0.359365
0.58684,0.359239
0.58685,0.359116
0.58686,0.358996
0.58687,0.358879
0.58688,0.358765
0.58689,0.358653
0.5869,0.358545
0.5869099999999999,0.358439
0.58692,0.358336
0.58693,0.358236
0.58694,0.358139
0.5869500000000001,0.358045
0.58696,0.357954
0.58697,0.357865
0.5869800000000001,0.35778
0.58699,0.357697
0.587,0.357617
0.58701,0.35754
0.58702,0.357466
0.5870299999999999,0.357395
0.58704,0.357327
0.58705,0.357262
0.5870599999999999,0.3572
0.5870700000000001,0.35714
0.58708,0.357083
0.58709,0.35703
0.5871000000000001,0.356979
0.58711,0.356931
0.58712,0.356886
0.58713,0.356844
0.58714,0.356804
0.58715,0.356768
0.58716,0.356735
0.58717,0.356704
0.5871799999999999,0.356676
0.5871900000000001,0.356651
0.5872,0.356629
0.58721,0.35661
0.5872200000000001,0.356594
0.58723,0.356581
0.58724,0.35657
0.58725,0.356562
0.58726,0.356558
0.58727,0.356556
0.58728,0.356557
0.58729,0.35656
0.5872999999999999,0.356567
0.58731,0.356577
0.5873200000000001,0.356589
0.58733,0.356604
0.5873400000000001,0.356622
0.58735,0.356643
0.58736,0.356667
0.5873700000000001,0.356693
0.58738,0.356723
0.58739,0.356755
0.5873999999999999,0.35679
0.58741,0.356828
0.5874199999999999,0.356869
0.5874299999999999,0.356912
0.5874400000000001,0.356958
0.58745,0.357008
0.58746,0.357059
0.58747,0.357114
0.58748,0.357172
0.58749,0.357232
0.5875,0.357295
0.58751,0.357361
0.5875199999999999,0.357429
0.58753,0.357501
0.58754,0.357575
0.5875499999999999,0.357651
0.58756,0.357731
0.58757,0.357813
0.58758,0.357898
0.5875900000000001,0.357986
0.5876,0.358077
0.58761,0.35817
0.58762,0.358266
0.58763,0.358365
0.5876399999999999,0.358466
0.58765,0.35857
0.58766,0.358677
0.5876699999999999,0.358786
0.58768,0.358898
0.58769,0.359013
0.5877,0.35913
0.5877100000000001,0.35925
0.58772,0.359373
0.58773,0.359498
0.58774,0.359626
0.58775,0.359757
0.58776,0.35989
0.58777,0.360026
0.58778,0.360165
0.5877899999999999,0.360306
0.5878,0.360449
0.5878099999999999,0.360595
0.58782,0.360744
0.5878300000000001,0.360896
0.58784,0.361049
0.58785,0.361206
0.58786,0.361365
0.58787,0.361526
0.58788,0.36169
0.58789,0.361857
0.5879,0.362026
0.5879099999999999,0.362198
0.58792,0.362372
0.58793,0.362548
0.58794,0.362727
0.5879500000000001,0.362909
0.58796,0.363093
0.58797,0.363279
0.5879800000000001,0.363468
0.58799,0.363659
0.588,0.363853
0.58801,0.364049
0.58802,0.364247
0.5880299999999999,0.364448
0.58804,0.364651
0.58805,0.364857
0.5880599999999999,0.365065
0.5880700000000001,0.365275
0.58808,0.365488
0.58809,0.365703
0.5881000000000001,0.365921
0.58811,0.36614
0.58812,0.366362
0.58813,0.366586
0.58814,0.366813
0.58815,0.367042
0.58816,0.367273
0.58817,0.367506
0.5881799999999999,0.367742
0.5881900000000001,0.36798
0.5882000000000001,0.36822
0.58821,0.368462
0.5882200000000001,0.368706
0.58823,0.368953
0.58824,0.369202
0.58825,0.369453
0.58826,0.369706
0.58827,0.369962
0.58828,0.370219
0.58829,0.370479
0.5882999999999999,0.37074
0.58831,0.371004
0.5883200000000001,0.37127
0.58833,0.371538
0.5883400000000001,0.371808
0.58835,0.37208
0.58836,0.372355
0.5883700000000001,0.372631
0.58838,0.372909
0.58839,0.373189
0.5883999999999999,0.373472
0.58841,0.373756
0.5884199999999999,0.374042
0.5884299999999999,0.374331
0.5884400000000001,0.374621
0.58845,0.374913
0.58846,0.375207
0.58847,0.375503
0.58848,0.375801
0.58849,0.376101
0.5885,0.376403
0.58851,0.376706
0.5885199999999999,0.377012
0.58853,0.377319
0.58854,0.377629
0.5885499999999999,0.37794
0.58856,0.378253
0.58857,0.378567
0.58858,0.378884
0.5885900000000001,0.379202
0.5886,0.379522
0.58861,0.379844
0.58862,0.380168
0.58863,0.380493
0.5886399999999999,0.38082
0.58865,0.381149
0.58866,0.381479
0.5886699999999999,0.381812
0.58868,0.382146
0.58869,0.382481
0.5887,0.382818
0.5887100000000001,0.383157
0.58872,0.383498
0.58873,0.38384
0.58874,0.384184
0.58875,0.384529
0.58876,0.384876
0.58877,0.385225
0.58878,0.385575
0.5887899999999999,0.385926
0.5888,0.386279
0.58881,0.386634
0.58882,0.38699
0.5888300000000001,0.387348
0.58884,0.387707
0.58885,0.388068
0.58886,0.38843
0.58887,0.388794
0.58888,0.389159
0.58889,0.389525
0.5889,0.389893
0.5889099999999999,0.390263
0.58892,0.390633
0.58893,0.391006
0.58894,0.391379
0.5889500000000001,0.391754
0.58896,0.39213
0.58897,0.392508
0.5889800000000001,0.392887
0.58899,0.393267
0.589,0.393648
0.58901,0.394031
0.58902,0.394415
0.5890299999999999,0.394801
0.58904,0.395187
0.58905,0.395575
0.5890599999999999,0.395964
0.5890700000000001,0.396354
0.58908,0.396746
0.58909,0.397138
0.5891000000000001,0.397532
0.58911,0.397927
0.58912,0.398323
0.58913,0.398721
0.58914,0.399119
0.58915,0.399519
0.58916,0.39992
0.58917,0.400321
0.5891799999999999,0.400724
0.5891900000000001,0.401128
0.5892000000000001,0.401533
0.58921,0.401939
0.5892200000000001,0.402347
0.58923,0.402755
0.58924,0.403164
0.58925,0.403574
0.58926,0.403985
0.58927,0.404398
0.58928,0.404811
0.58929,0.405225
0.5892999999999999,0.40564
0.58931,0.406056
0.5893200000000001,0.406473
0.58933,0.406891
0.5893400000000001,0.407309
0.58935,0.407729
0.58936,0.408149
0.58937,0.408571
0.58938,0.408993
0.58939,0.409416
0.5893999999999999,0.40984
0.58941,0.410265
0.5894199999999999,0.41069
0.5894299999999999,0.411117
0.5894400000000001,0.411544
0.58945,0.411972
0.58946,0.412401
0.58947,0.41283
0.58948,0.41326
0.58949,0.413691
0.5895,0.414123
0.58951,0.414555
0.5895199999999999,0.414989
0.58953,0.415422
0.58954,0.415857
0.5895499999999999,0.416292
0.58956,0.416728
0.58957,0.417164
0.58958,0.417601
0.5895900000000001,0.418039
0.5896,0.418478
0.58961,0.418916
0.58962,0.419356
0.58963,0.419796
0.5896399999999999,0.420237
0.58965,0.420678
0.58966,0.42112
0.5896699999999999,0.421562
0.58968,0.422005
0.58969,0.422449
0.5897,0.422893
0.5897100000000001,0.423337
0.58972,0.423782
0.58973,0.424228
0.58974,0.424674
0.58975,0.42512
0.58976,0.425567
0.58977,0.426014
0.58978,0.426462
0.5897899999999999,0.42691
0.5898,0.427359
0.58981,0.427808
0.58982,0.428257
0.5898300000000001,0.428707
0.58984,0.429157
0.58985,0.429607
0.58986,0.430058
0.58987,0.430509
0.58988,0.430961
0.58989,0.431413
0.5899,0.431865
0.5899099999999999,0.432318
0.58992,0.43277
0.58993,0.433223
0.58994,0.433677
0.5899500000000001,0.43413
0.58996,0.434584
0.58997,0.435038
0.5899800000000001,0.435493
0.58999,0.435947
0.59,0.436402
0.59001,0.436857
0.59002,0.437313
0.5900299999999999,0.437768
0.59004,0.438224
0.59005,0.43868
0.5900599999999999,0.439136
0.5900700000000001,0.439592
0.59008,0.440048
0.59009,0.440505
0.5901000000000001,0.440961
0.59011,0.441418
0.59012,0.441875
0.59013,0.442332
0.59014,0.442789
0.59015,0.443246
0.59016,0.443704
0.59017,0.444161
0.5901799999999999,0.444618
0.5901900000000001,0.445076
0.5902000000000001,0.445534
0.59021,0.445991
0.5902200000000001,0.446449
0.59023,0.446906
0.59024,0.447364
0.59025,0.447822
0.59026,0.44828
0.59027,0.448737
0.59028,0.449195
0.59029,0.449653
0.5902999999999999,0.45011
0.5903099999999999,0.450568
0.5903200000000001,0.451026
0.59033,0.451483
0.5903400000000001,0.451941
0.59035,0.452398
0.59036,0.452855
0.59037,0.453313
0.59038,0.45377
0.59039,0.454227
0.5903999999999999,0.454684
0.59041,0.455141
0.59042,0.455598
0.5904299999999999,0.456054
0.5904400000000001,0.456511
0.59045,0.456967
0.59046,0.457424
0.59047,0.45788
0.59048,0.458336
0.59049,0.458791
0.5905,0.459247
0.59051,0.459702
0.5905199999999999,0.460158
0.59053,0.460613
0.59054,0.461068
0.5905499999999999,0.461522
0.59056,0.461977
0.59057,0.462431
0.59058,0.462885
0.5905900000000001,0.463339
0.5906,0.463792
0.59061,0.464246
0.59062,0.464699
0.59063,0.465152
0.5906399999999999,0.465604
0.59065,0.466056
0.59066,0.466508
0.5906699999999999,0.46696
0.59068,0.467412
0.59069,0.467863
0.5907,0.468314
0.5907100000000001,0.468764
0.59072,0.469214
0.59073,0.469664
0.59074,0.470114
0.59075,0.470563
0.59076,0.471012
0.59077,0.471461
0.59078,0.471909
0.5907899999999999,0.472357
0.5908,0.472804
0.59081,0.473252
0.59082,0.473698
0.5908300000000001,0.474145
0.59084,0.474591
0.59085,0.475037
0.59086,0.475482
0.59087,0.475927
0.59088,0.476371
0.59089,0.476815
0.5909,0.477259
0.5909099999999999,0.477702
0.59092,0.478145
0.59093,0.478588
0.59094,0.47903
0.5909500000000001,0.479471
0.59096,0.479912
0.59097,0.480353
0.5909800000000001,0.480793
0.59099,0.481233
0.591,0.481672
0.59101,0.482111
0.59102,0.48255
0.5910299999999999,0.482987
0.59104,0.483425
0.59105,0.483862
0.5910599999999999,0.484298
0.5910700000000001,0.484734
0.59108,0.48517
0.59109,0.485605
0.5911000000000001,0.486039
0.59111,0.486473
0.59112,0.486907
0.59113,0.487339
0.59114,0.487772
0.59115,0.488204
0.59116,0.488635
0.59117,0.489066
0.5911799999999999,0.489496
0.5911900000000001,0.489926
0.5912000000000001,0.490355
0.59121,0.490784
0.5912200000000001,0.491212
0.59123,0.491639
0.59124,0.492066
0.59125,0.492493
0.59126,0.492918
0.59127,0.493344
0.59128,0.493768
0.59129,0.494192
0.5912999999999999,0.494616
0.5913099999999999,0.495039
0.5913200000000001,0.495461
0.59133,0.495883
0.59134,0.496304
0.59135,0.496724
0.59136,0.497144
0.59137,0.497563
0.59138,0.497982
0.59139,0.4984
0.5913999999999999,0.498817
0.59141,0.499234
0.59142,0.49965
0.5914299999999999,0.500066
0.5914400000000001,0.500481
0.59145,0.500895
0.59146,0.501308
0.59147,0.501721
0.59148,0.502134
0.59149,0.502545
0.5915,0.502956
0.59151,0.503367
0.5915199999999999,0.503776
0.59153,0.504185
0.59154,0.504594
0.5915499999999999,0.505001
0.59156,0.505408
0.59157,0.505815
0.59158,0.50622
0.5915900000000001,0.506625
0.5916,0.50703
0.59161,0.507433
0.59162,0.507836
0.59163,0.508238
0.5916399999999999,0.50864
0.59165,0.509041
0.59166,0.509441
0.5916699999999999,0.50984
0.59168,0.510239
0.59169,0.510637
0.5917,0.511034
0.5917100000000001,0.511431
0.59172,0.511827
0.59173,0.512222
0.59174,0.512616
0.59175,0.51301
0.59176,0.513403
0.59177,0.513795
0.59178,0.514187
0.5917899999999999,0.514578
0.5918,0.514968
0.59181,0.515357
0.59182,0.515746
0.5918300000000001,0.516134
0.59184,0.516521
0.59185,0.516907
0.59186,0.517293
0.59187,0.517677
0.59188,0.518062
0.59189,0.518445
0.5919,0.518828
0.5919099999999999,0.519209
0.59192,0.51959
0.59193,0.519971
0.59194,0.52035
0.5919500000000001,0.520729
0.59196,0.521107
0.59197,0.521484
0.5919800000000001,0.521861
0.59199,0.522237
0.592,0.522612
0.59201,0.522986
0.59202,0.523359
0.59203,0.523732
0.59204,0.524104
0.59205,0.524475
0.5920599999999999,0.524845
0.5920700000000001,0.525214
0.59208,0.525583
0.59209,0.525951
0.5921000000000001,0.526318
0.59211,0.526684
0.59212,0.52705
0.59213,0.527415
0.59214,0.527779
0.59215,0.528142
0.59216,0.528504
0.59217,0.528866
0.5921799999999999,0.529226
0.5921900000000001,0.529586
0.5922000000000001,0.529945
0.59221,0.530304
0.5922200000000001,0.530661
0.59223,0.531018
0.59224,0.531374
0.59225,0.531729
0.59226,0.532083
0.59227,0.532437
0.5922799999999999,0.532789
0.59229,0.533141
0.5922999999999999,0.533492
0.5923099999999999,0.533842
0.5923200000000001,0.534192
0.59233,0.53454
0.59234,0.534888
0.59235,0.535235
0.59236,0.535581
0.59237,0.535926
0.59238,0.536271
0.59239,0.536614
0.5923999999999999,0.536957
0.59241,0.537299
0.59242,0.53764
0.5924299999999999,0.537981
0.5924400000000001,0.53832
0.59245,0.538659
0.59246,0.538996
0.59247,0.539333
0.59248,0.539669
0.59249,0.540005
0.5925,0.540339
0.59251,0.540673
0.5925199999999999,0.541006
0.59253,0.541338
0.59254,0.541669
0.5925499999999999,0.541999
0.59256,0.542328
0.59257,0.542657
0.59258,0.542985
0.5925900000000001,0.543312
0.5926,0.543638
0.59261,0.543963
0.59262,0.544287
0.59263,0.544611
0.59264,0.544933
0.59265,0.545255
0.59266,0.545576
0.5926699999999999,0.545896
0.59268,0.546216
0.59269,0.546534
0.5927,0.546852
0.5927100000000001,0.547168
0.59272,0.547484
0.59273,0.547799
0.59274,0.548113
0.59275,0.548427
0.59276,0.548739
0.59277,0.549051
0.59278,0.549361
0.5927899999999999,0.549671
0.5928,0.54998
0.59281,0.550289
0.59282,0.550596
0.5928300000000001,0.550902
0.59284,0.551208
0.59285,0.551513
0.59286,0.551817
0.59287,0.55212
0.59288,0.552422
0.59289,0.552723
0.5929,0.553024
0.5929099999999999,0.553324
0.59292,0.553622
0.59293,0.55392
0.59294,0.554217
0.5929500000000001,0.554513
0.59296,0.554809
0.59297,0.555103
0.5929800000000001,0.555397
0.59299,0.55569
0.593,0.555982
0.59301,0.556273
0.59302,0.556563
0.59303,0.556852
0.59304,0.557141
0.59305,0.557428
0.5930599999999999,0.557715
0.5930700000000001,0.558001
0.59308,0.558286
0.59309,0.55857
0.5931000000000001,0.558853
0.59311,0.559136
0.59312,0.559417
0.59313,0.559698
0.59314,0.559978
0.59315,0.560257
0.59316,0.560535
0.59317,0.560812
0.5931799999999999,0.561089
0.5931900000000001,0.561364
0.5932000000000001,0.561639
0.59321,0.561913
0.5932200000000001,0.562186
0.59323,0.562458
0.59324,0.562729
0.59325,0.562999
0.59326,0.563269
0.59327,0.563537
0.5932799999999999,0.563805
0.59329,0.564072
0.5932999999999999,0.564338
0.5933099999999999,0.564603
0.5933200000000001,0.564868
0.59333,0.565131
0.59334,0.565394
0.59335,0.565656
0.59336,0.565916
0.59337,0.566177
0.59338,0.566436
0.59339,0.566694
0.5933999999999999,0.566952
0.59341,0.567208
0.59342,0.567464
0.5934299999999999,0.567719
0.5934400000000001,0.567973
0.59345,0.568226
0.59346,0.568478
0.59347,0.56873
0.59348,0.56898
0.59349,0.56923
0.5935,0.569479
0.59351,0.569727
0.5935199999999999,0.569974
0.59353,0.57022
0.59354,0.570466
0.5935499999999999,0.57071
0.59356,0.570954
0.59357,0.571197
0.59358,0.571439
0.5935900000000001,0.57168
0.5936,0.57192
0.59361,0.57216
0.59362,0.572399
0.59363,0.572636
0.59364,0.572873
0.59365,0.573109
0.59366,0.573344
0.5936699999999999,0.573579
0.59368,0.573812
0.59369,0.574045
0.5937,0.574277
0.5937100000000001,0.574508
0.59372,0.574738
0.59373,0.574967
0.59374,0.575195
0.59375,0.575423
0.59376,0.575649
0.59377,0.575875
0.59378,0.5761
0.5937899999999999,0.576324
0.5938,0.576547
0.59381,0.57677
0.59382,0.576991
0.5938300000000001,0.577212
0.59384,0.577432
0.59385,0.577651
0.59386,0.577869
0.59387,0.578087
0.59388,0.578303
0.59389,0.578519
0.5939,0.578734
0.5939099999999999,0.578947
0.59392,0.579161
0.59393,0.579373
0.59394,0.579584
0.5939500000000001,0.579795
0.59396,0.580005
0.59397,0.580213
0.5939800000000001,0.580421
0.59399,0.580629
0.594,0.580835
0.59401,0.581041
0.59402,0.581245
0.59403,0.581449
0.59404,0.581652
0.59405,0.581854
0.5940599999999999,0.582056
0.5940700000000001,0.582256
0.59408,0.582456
0.59409,0.582655
0.5941000000000001,0.582853
0.59411,0.58305
0.59412,0.583246
0.59413,0.583441
0.59414,0.583636
0.59415,0.58383
0.59416,0.584023
0.59417,0.584215
0.5941799999999999,0.584406
0.5941900000000001,0.584597
0.5942000000000001,0.584786
0.59421,0.584975
0.5942200000000001,0.585163
0.59423,0.58535
0.59424,0.585537
0.59425,0.585722
0.59426,0.585907
0.59427,0.586091
0.5942799999999999,0.586274
0.59429,0.586456
0.5942999999999999,0.586637
0.5943099999999999,0.586818
0.5943200000000001,0.586997
0.59433,0.587176
0.59434,0.587354
0.59435,0.587531
0.59436,0.587708
0.59437,0.587883
0.59438,0.588058
0.59439,0.588232
0.5943999999999999,0.588405
0.59441,0.588577
0.59442,0.588749
0.5944299999999999,0.58892
0.5944400000000001,0.589089
0.59445,0.589258
0.59446,0.589427
0.59447,0.589594
0.59448,0.58976
0.59449,0.589926
0.5945,0.590091
0.59451,0.590255
0.5945199999999999,0.590418
0.59453,0.590581
0.59454,0.590743
0.5945499999999999,0.590903
0.59456,0.591063
0.59457,0.591223
0.59458,0.591381
0.5945900000000001,0.591539
0.5946,0.591695
0.59461,0.591851
0.59462,0.592006
0.59463,0.592161
0.59464,0.592314
0.59465,0.592467
0.59466,0.592619
0.5946699999999999,0.59277
0.59468,0.59292
0.59469,0.59307
0.5947,0.593218
0.5947100000000001,0.593366
0.59472,0.593513
0.59473,0.59366
0.59474,0.593805
0.59475,0.59395
0.59476,0.594094
0.59477,0.594237
0.59478,0.594379
0.5947899999999999,0.59452
0.5948,0.594661
0.59481,0.594801
0.59482,0.59494
0.5948300000000001,0.595078
0.59484,0.595215
0.59485,0.595352
0.59486,0.595488
0.59487,0.595623
0.59488,0.595757
0.59489,0.595891
0.5949,0.596023
0.5949099999999999,0.596155
0.59492,0.596286
0.59493,0.596417
0.59494,0.596546
0.5949500000000001,0.596675
0.59496,0.596803
0.59497,0.59693
0.5949800000000001,0.597056
0.59499,0.597182
0.595,0.597306
0.59501,0.59743
0.59502,0.597553
0.59503,0.597676
0.59504,0.597797
0.59505,0.597918
0.5950599999999999,0.598038
0.5950700000000001,0.598157
0.59508,0.598276
0.59509,0.598393
0.5951000000000001,0.59851
0.59511,0.598626
0.59512,0.598741
0.59513,0.598856
0.59514,0.59897
0.59515,0.599083
0.59516,0.599195
0.59517,0.599306
0.5951799999999999,0.599417
0.5951900000000001,0.599526
0.5952000000000001,0.599636
0.59521,0.599744
0.5952200000000001,0.599851
0.59523,0.599958
0.59524,0.600064
0.59525,0.600169
0.59526,0.600273
0.59527,0.600377
0.5952799999999999,0.60048
0.59529,0.600582
0.5952999999999999,0.600683
0.5953099999999999,0.600783
0.5953200000000001,0.600883
0.59533,0.600982
0.59534,0.60108
0.59535,0.601177
0.59536,0.601274
0.59537,0.60137
0.59538,0.601465
0.59539,0.601559
0.5953999999999999,0.601653
0.59541,0.601745
0.59542,0.601837
0.5954299999999999,0.601929
0.5954400000000001,0.602019
0.59545,0.602109
0.59546,0.602198
0.59547,0.602286
0.59548,0.602373
0.59549,0.60246
0.5955,0.602546
0.59551,0.602631
0.5955199999999999,0.602715
0.59553,0.602798
0.59554,0.602881
0.5955499999999999,0.602963
0.59556,0.603045
0.59557,0.603125
0.59558,0.603205
0.5955900000000001,0.603284
0.5956,0.603362
0.59561,0.603439
0.59562,0.603516
0.59563,0.603592
0.59564,0.603667
0.59565,0.603741
0.59566,0.603815
0.5956699999999999,0.603888
0.59568,0.60396
0.59569,0.604032
0.5957,0.604102
0.5957100000000001,0.604172
0.59572,0.604241
0.59573,0.604309
0.59574,0.604377
0.59575,0.604444
0.59576,0.60451
0.59577,0.604575
0.59578,0.60464
0.5957899999999999,0.604704
0.5958,0.604767
0.59581,0.604829
0.59582,0.604891
0.5958300000000001,0.604951
0.59584,0.605012
0.59585,0.605071
0.5958600000000001,0.605129
0.59587,0.605187
0.59588,0.605244
0.59589,0.605301
0.5959,0.605356
0.5959099999999999,0.605411
0.59592,0.605465
0.59593,0.605518
0.59594,0.605571
0.5959500000000001,0.605623
0.59596,0.605674
0.59597,0.605724
0.5959800000000001,0.605774
0.59599,0.605823
0.596,0.605871
0.59601,0.605918
0.59602,0.605965
0.59603,0.606011
0.59604,0.606056
0.59605,0.6061
0.5960599999999999,0.606144
0.5960700000000001,0.606187
0.59608,0.606229
0.59609,0.60627
0.5961000000000001,0.606311
0.59611,0.606351
0.59612,0.60639
0.59613,0.606429
0.59614,0.606466
0.59615,0.606503
0.59616,0.60654
0.59617,0.606575
0.5961799999999999,0.60661
0.5961900000000001,0.606644
0.5962000000000001,0.606677
0.59621,0.60671
0.59622,0.606742
0.59623,0.606773
0.59624,0.606803
0.59625,0.606833
0.59626,0.606862
0.59627,0.60689
0.5962799999999999,0.606917
0.59629,0.606944
0.5962999999999999,0.60697
0.5963099999999999,0.606995
0.5963200000000001,0.60702
0.59633,0.607044
0.59634,0.607067
0.59635,0.607089
0.59636,0.60711
0.59637,0.607131
0.59638,0.607151
0.59639,0.607171
0.5963999999999999,0.607189
0.59641,0.607207
0.59642,0.607225
0.5964299999999999,0.607241
0.5964400000000001,0.607257
0.59645,0.607272
0.59646,0.607286
0.5964700000000001,0.6073
0.59648,0.607312
0.59649,0.607325
0.5965,0.607336
0.59651,0.607347
0.5965199999999999,0.607356
0.59653,0.607366
0.59654,0.607374
0.5965499999999999,0.607382
0.59656,0.607389
0.59657,0.607395
0.59658,0.607401
0.5965900000000001,0.607406
0.5966,0.60741
0.59661,0.607413
0.59662,0.607416
0.59663,0.607418
0.59664,0.607419
0.59665,0.607419
0.59666,0.607419
0.5966699999999999,0.607418
0.59668,0.607417
0.59669,0.607414
0.5967,0.607411
0.5967100000000001,0.607407
0.59672,0.607403
0.59673,0.607397
0.59674,0.607391
0.59675,0.607385
0.59676,0.607377
0.59677,0.607369
0.59678,0.60736
0.5967899999999999,0.607351
0.5968,0.60734
0.59681,0.607329
0.59682,0.607318
0.5968300000000001,0.607305
0.59684,0.607292
0.59685,0.607278
0.5968600000000001,0.607264
0.59687,0.607248
0.59688,0.607232
0.59689,0.607215
0.5969,0.607198
0.5969099999999999,0.60718
0.59692,0.607161
0.59693,0.607141
0.59694,0.607121
0.5969500000000001,0.6071
0.59696,0.607078
0.59697,0.607056
0.5969800000000001,0.607032
0.59699,0.607009
0.597,0.606984
0.59701,0.606959
0.59702,0.606933
0.59703,0.606906
0.59704,0.606878
0.59705,0.60685
0.5970599999999999,0.606821
0.5970700000000001,0.606792
0.59708,0.606761
0.59709,0.60673
0.5971000000000001,0.606698
0.59711,0.606666
0.59712,0.606633
0.59713,0.606599
0.59714,0.606564
0.59715,0.606529
0.5971599999999999,0.606493
0.59717,0.606456
0.5971799999999999,0.606419
0.5971900000000001,0.606381
0.5972000000000001,0.606342
0.59721,0.606302
0.59722,0.606262
0.59723,0.606221
0.59724,0.606179
0.59725,0.606137
0.59726,0.606094
0.59727,0.60605
0.5972799999999999,0.606005
0.59729,0.60596
0.5972999999999999,0.605914
0.5973099999999999,0.605868
0.5973200000000001,0.60582
0.59733,0.605772
0.59734,0.605723
0.59735,0.605674
0.59736,0.605624
0.59737,0.605573
0.59738,0.605521
0.59739,0.605469
0.5973999999999999,0.605416
0.59741,0.605362
0.59742,0.605308
0.5974299999999999,0.605252
0.5974400000000001,0.605197
0.59745,0.60514
0.59746,0.605083
0.5974700000000001,0.605025
0.59748,0.604966
0.59749,0.604907
0.5975,0.604847
0.59751,0.604786
0.5975199999999999,0.604724
0.59753,0.604662
0.59754,0.604599
0.5975499999999999,0.604536
0.59756,0.604471
0.59757,0.604406
0.59758,0.604341
0.5975900000000001,0.604274
0.5976,0.604207
0.59761,0.604139
0.59762,0.604071
0.59763,0.604001
0.59764,0.603931
0.59765,0.603861
0.59766,0.603789
0.5976699999999999,0.603717
0.59768,0.603645
0.59769,0.603571
0.5977,0.603497
0.5977100000000001,0.603422
0.59772,0.603346
0.59773,0.60327
0.59774,0.603193
0.59775,0.603116
0.59776,0.603037
0.59777,0.602958
0.59778,0.602878
0.5977899999999999,0.602798
0.5978,0.602717
0.59781,0.602635
0.59782,0.602552
0.5978300000000001,0.602469
0.59784,0.602385
0.59785,0.6023
0.5978600000000001,0.602215
0.59787,0.602128
0.59788,0.602042
0.59789,0.601954
0.5979,0.601866
0.5979099999999999,0.601777
0.59792,0.601687
0.59793,0.601597
0.59794,0.601506
0.5979500000000001,0.601414
0.59796,0.601322
0.59797,0.601229
0.5979800000000001,0.601135
0.59799,0.60104
0.598,0.600945
0.59801,0.600849
0.59802,0.600753
0.59803,0.600655
0.59804,0.600557
0.59805,0.600459
0.5980599999999999,0.600359
0.5980700000000001,0.600259
0.5980800000000001,0.600158
0.59809,0.600057
0.5981000000000001,0.599954
0.59811,0.599852
0.59812,0.599748
0.59813,0.599644
0.59814,0.599539
0.59815,0.599433
0.5981599999999999,0.599326
0.59817,0.599219
0.5981799999999999,0.599112
0.59819,0.599003
0.5982000000000001,0.598894
0.59821,0.598784
0.59822,0.598673
0.59823,0.598562
0.59824,0.59845
0.59825,0.598337
0.59826,0.598224
0.59827,0.59811
0.5982799999999999,0.597995
0.59829,0.597879
0.5982999999999999,0.597763
0.5983099999999999,0.597646
0.5983200000000001,0.597529
0.59833,0.59741
0.59834,0.597291
0.59835,0.597172
0.59836,0.597051
0.59837,0.59693
0.59838,0.596808
0.59839,0.596686
0.5983999999999999,0.596563
0.59841,0.596439
0.59842,0.596314
0.5984299999999999,0.596189
0.5984400000000001,0.596063
0.59845,0.595936
0.59846,0.595809
0.5984700000000001,0.595681
0.59848,0.595552
0.59849,0.595422
0.5985,0.595292
0.59851,0.595161
0.5985199999999999,0.59503
0.59853,0.594898
0.59854,0.594765
0.5985499999999999,0.594631
0.59856,0.594497
0.59857,0.594362
0.59858,0.594226
0.5985900000000001,0.594089
0.5986,0.593952
0.59861,0.593814
0.59862,0.593676
0.59863,0.593537
0.59864,0.593397
0.59865,0.593256
0.59866,0.593115
0.5986699999999999,0.592973
0.59868,0.59283
0.59869,0.592687
0.5987,0.592543
0.5987100000000001,0.592398
0.59872,0.592252
0.59873,0.592106
0.59874,0.591959
0.59875,0.591812
0.59876,0.591663
0.59877,0.591514
0.59878,0.591365
0.5987899999999999,0.591214
0.5988,0.591063
0.59881,0.590911
0.59882,0.590759
0.5988300000000001,0.590606
0.59884,0.590452
0.59885,0.590297
0.5988600000000001,0.590142
0.59887,0.589986
0.59888,0.58983
0.59889,0.589672
0.5989,0.589514
0.5989099999999999,0.589355
0.59892,0.589196
0.59893,0.589036
0.59894,0.588875
0.5989500000000001,0.588714
0.59896,0.588551
0.59897,0.588388
0.5989800000000001,0.588225
0.59899,0.588061
0.599,0.587896
0.59901,0.58773
0.59902,0.587564
0.59903,0.587397
0.59904,0.587229
0.59905,0.58706
0.5990599999999999,0.586891
0.5990700000000001,0.586721
0.5990800000000001,0.586551
0.59909,0.58638
0.5991000000000001,0.586208
0.59911,0.586035
0.59912,0.585862
0.5991299999999999,0.585688
0.59914,0.585513
0.59915,0.585338
0.5991599999999999,0.585162
0.59917,0.584985
0.5991799999999999,0.584807
0.59919,0.584629
0.5992000000000001,0.58445
0.59921,0.584271
0.59922,0.584091
0.59923,0.58391
0.59924,0.583728
0.59925,0.583546
0.59926,0.583363
0.59927,0.583179
0.5992799999999999,0.582995
0.59929,0.58281
0.5992999999999999,0.582624
0.5993099999999999,0.582437
0.5993200000000001,0.58225
0.59933,0.582062
0.59934,0.581874
0.59935,0.581685
0.59936,0.581495
0.59937,0.581304
0.59938,0.581113
0.59939,0.580921
0.5993999999999999,0.580728
0.59941,0.580535
0.59942,0.580341
0.5994299999999999,0.580146
0.5994400000000001,0.579951
0.59945,0.579754
0.59946,0.579558
0.5994700000000001,0.57936
0.59948,0.579162
0.59949,0.578963
0.5995,0.578763
0.59951,0.578563
0.5995199999999999,0.578362
0.59953,0.578161
0.59954,0.577958
0.5995499999999999,0.577755
0.59956,0.577552
0.59957,0.577347
0.59958,0.577142
0.5995900000000001,0.576936
0.5996,0.57673
0.59961,0.576523
0.59962,0.576315
0.59963,0.576106
0.59964,0.575897
0.59965,0.575687
0.59966,0.575477
0.5996699999999999,0.575266
0.59968,0.575054
0.5996900000000001,0.574841
0.5997,0.574628
0.5997100000000001,0.574414
0.59972,0.574199
0.59973,0.573984
0.59974,0.573768
0.59975,0.573551
0.59976,0.573334
0.59977,0.573116
0.59978,0.572897
0.5997899999999999,0.572677
0.5998,0.572457
0.59981,0.572236
0.59982,0.572015
0.5998300000000001,0.571793
0.59984,0.57157
0.59985,0.571346
0.5998600000000001,0.571122
0.59987,0.570897
0.59988,0.570672
0.59989,0.570445
0.5999,0.570218
0.5999099999999999,0.569991
0.59992,0.569762
0.59993,0.569534
0.59994,0.569304
0.5999500000000001,0.569074
0.59996,0.568843
0.59997,0.568611
0.5999800000000001,0.568378
0.59999,0.568145
0.6,0.567912
0.60001,0.567677
0.60002,0.567442
0.60003,0.567207
0.60004,0.56697
0.60005,0.566733
0.6000599999999999,0.566495
0.6000700000000001,0.566257
0.6000800000000001,0.566018
0.60009,0.565778
0.6001000000000001,0.565538
0.60011,0.565296
0.60012,0.565055
0.6001299999999999,0.564812
0.60014,0.564569
0.60015,0.564325
0.6001599999999999,0.564081
0.60017,0.563836
0.6001799999999999,0.56359
0.60019,0.563343
0.6002000000000001,0.563096
0.60021,0.562848
0.60022,0.5626
0.60023,0.562351
0.60024,0.562101
0.60025,0.56185
0.60026,0.561599
0.60027,0.561347
0.6002799999999999,0.561095
0.60029,0.560842
0.6003,0.560588
0.6003099999999999,0.560334
0.6003200000000001,0.560078
0.60033,0.559823
0.60034,0.559566
0.60035,0.559309
0.60036,0.559051
0.60037,0.558793
0.60038,0.558534
0.60039,0.558274
0.6003999999999999,0.558014
0.60041,0.557753
0.60042,0.557491
0.6004299999999999,0.557229
0.6004400000000001,0.556966
0.60045,0.556702
0.60046,0.556438
0.6004700000000001,0.556173
0.60048,0.555907
0.60049,0.555641
0.6005,0.555374
0.60051,0.555106
0.6005199999999999,0.554838
0.60053,0.554569
0.60054,0.554299
0.6005499999999999,0.554029
0.60056,0.553758
0.60057,0.553487
0.60058,0.553215
0.6005900000000001,0.552942
0.6006,0.552669
0.60061,0.552395
0.60062,0.55212
0.60063,0.551844
0.60064,0.551568
0.60065,0.551292
0.60066,0.551015
0.6006699999999999,0.550737
0.60068,0.550458
0.6006900000000001,0.550179
0.6007,0.549899
0.6007100000000001,0.549619
0.60072,0.549338
0.60073,0.549056
0.60074,0.548773
0.60075,0.54849
0.60076,0.548207
0.60077,0.547923
0.60078,0.547638
0.6007899999999999,0.547352
0.6008,0.547066
0.60081,0.546779
0.60082,0.546492
0.6008300000000001,0.546204
0.60084,0.545915
0.60085,0.545626
0.6008600000000001,0.545336
0.60087,0.545045
0.60088,0.544754
0.60089,0.544463
0.6009,0.54417
0.6009099999999999,0.543877
0.60092,0.543583
0.60093,0.543289
0.60094,0.542994
0.6009500000000001,0.542699
0.60096,0.542403
0.60097,0.542106
0.6009800000000001,0.541809
0.60099,0.541511
0.601,0.541212
0.60101,0.540913
0.60102,0.540614
0.60103,0.540313
0.60104,0.540012
0.60105,0.539711
0.6010599999999999,0.539409
0.6010700000000001,0.539106
0.6010800000000001,0.538802
0.60109,0.538498
0.6011,0.538194
0.60111,0.537889
0.60112,0.537583
0.6011299999999999,0.537277
0.60114,0.53697
0.60115,0.536662
0.6011599999999999,0.536354
0.60117,0.536045
0.6011799999999999,0.535736
0.60119,0.535426
0.6012000000000001,0.535116
0.60121,0.534805
0.60122,0.534493
0.60123,0.534181
0.60124,0.533868
0.60125,0.533555
0.60126,0.533241
0.60127,0.532926
0.6012799999999999,0.532611
0.60129,0.532295
0.6013,0.531979
0.6013099999999999,0.531662
0.6013200000000001,0.531345
0.60133,0.531027
0.60134,0.530708
0.60135,0.530389
0.60136,0.53007
0.60137,0.529749
0.60138,0.529429
0.60139,0.529107
0.6013999999999999,0.528785
0.60141,0.528463
0.60142,0.52814
0.6014299999999999,0.527816
0.6014400000000001,0.527492
0.60145,0.527168
0.60146,0.526842
0.6014700000000001,0.526517
0.60148,0.52619
0.60149,0.525864
0.6015,0.525536
0.60151,0.525208
0.6015199999999999,0.52488
0.60153,0.524551
0.60154,0.524221
0.6015499999999999,0.523891
0.60156,0.523561
0.60157,0.523229
0.60158,0.522898
0.6015900000000001,0.522566
0.6016,0.522233
0.60161,0.5219
0.60162,0.521566
0.60163,0.521232
0.60164,0.520897
0.60165,0.520562
0.60166,0.520226
0.6016699999999999,0.519889
0.60168,0.519553
0.6016900000000001,0.519215
0.6017,0.518877
0.6017100000000001,0.518539
0.60172,0.5182
0.60173,0.517861
0.60174,0.517521
0.60175,0.517181
0.60176,0.51684
0.60177,0.516498
0.60178,0.516157
0.6017899999999999,0.515814
0.6018,0.515471
0.60181,0.515128
0.60182,0.514784
0.6018300000000001,0.51444
0.60184,0.514095
0.60185,0.51375
0.6018600000000001,0.513405
0.60187,0.513058
0.60188,0.512712
0.60189,0.512365
0.6019,0.512017
0.60191,0.511669
0.60192,0.511321
0.60193,0.510972
0.60194,0.510622
0.6019500000000001,0.510273
0.60196,0.509922
0.60197,0.509572
0.6019800000000001,0.50922
0.60199,0.508869
0.602,0.508517
0.60201,0.508164
0.60202,0.507811
0.60203,0.507458
0.6020399999999999,0.507104
0.60205,0.50675
0.6020599999999999,0.506395
0.6020700000000001,0.50604
0.6020800000000001,0.505685
0.60209,0.505329
0.6021,0.504972
0.60211,0.504616
0.60212,0.504258
0.6021299999999999,0.503901
0.60214,0.503543
0.60215,0.503185
0.6021599999999999,0.502826
0.60217,0.502467
0.6021799999999999,0.502107
0.60219,0.501747
0.6022000000000001,0.501387
0.60221,0.501026
0.60222,0.500665
0.60223,0.500303
0.60224,0.499942
0.60225,0.499579
0.60226,0.499217
0.60227,0.498854
0.6022799999999999,0.49849
0.60229,0.498127
0.6023,0.497762
0.6023099999999999,0.497398
0.6023200000000001,0.497033
0.60233,0.496668
0.60234,0.496303
0.60235,0.495937
0.60236,0.495571
0.60237,0.495204
0.60238,0.494837
0.60239,0.49447
0.6023999999999999,0.494102
0.60241,0.493735
0.60242,0.493366
0.6024299999999999,0.492998
0.6024400000000001,0.492629
0.60245,0.49226
0.60246,0.49189
0.6024700000000001,0.491521
0.60248,0.491151
0.60249,0.49078
0.6025,0.49041
0.60251,0.490039
0.60252,0.489667
0.60253,0.489296
0.60254,0.488924
0.6025499999999999,0.488552
0.60256,0.48818
0.60257,0.487807
0.60258,0.487434
0.6025900000000001,0.487061
0.6026,0.486687
0.60261,0.486314
0.60262,0.48594
0.60263,0.485565
0.60264,0.485191
0.60265,0.484816
0.60266,0.484441
0.6026699999999999,0.484066
0.60268,0.483691
0.6026900000000001,0.483315
0.6027,0.482939
0.6027100000000001,0.482563
0.60272,0.482186
0.60273,0.48181
0.60274,0.481433
0.60275,0.481056
0.60276,0.480679
0.60277,0.480302
0.60278,0.479924
0.6027899999999999,0.479546
0.6028,0.479168
0.60281,0.47879
0.60282,0.478412
0.6028300000000001,0.478033
0.60284,0.477654
0.60285,0.477276
0.6028600000000001,0.476897
0.60287,0.476517
0.60288,0.476138
0.60289,0.475758
0.6029,0.475379
0.60291,0.474999
0.60292,0.474619
0.60293,0.474239
0.60294,0.473859
0.6029500000000001,0.473478
0.60296,0.473098
0.60297,0.472717
0.6029800000000001,0.472337
0.60299,0.471956
0.603,0.471575
0.60301,0.471194
0.60302,0.470813
0.60303,0.470432
0.6030399999999999,0.47005
0.60305,0.469669
0.6030599999999999,0.469287
0.60307,0.468906
0.6030800000000001,0.468524
0.60309,0.468142
0.6031,0.467761
0.60311,0.467379
0.60312,0.466997
0.6031299999999999,0.466615
0.60314,0.466233
0.60315,0.465851
0.6031599999999999,0.465469
0.60317,0.465087
0.6031799999999999,0.464705
0.60319,0.464323
0.6032000000000001,0.463941
0.60321,0.463559
0.60322,0.463176
0.60323,0.462794
0.60324,0.462412
0.60325,0.46203
0.60326,0.461648
0.60327,0.461266
0.6032799999999999,0.460884
0.60329,0.460502
0.6033,0.46012
0.6033099999999999,0.459738
0.6033200000000001,0.459356
0.60333,0.458974
0.60334,0.458592
0.60335,0.45821
0.60336,0.457828
0.60337,0.457447
0.60338,0.457065
0.60339,0.456684
0.6033999999999999,0.456302
0.60341,0.455921
0.60342,0.45554
0.6034299999999999,0.455159
0.6034400000000001,0.454778
0.60345,0.454397
0.60346,0.454016
0.6034700000000001,0.453635
0.60348,0.453255
0.60349,0.452874
0.6035,0.452494
0.60351,0.452114
0.60352,0.451734
0.60353,0.451354
0.60354,0.450974
0.6035499999999999,0.450595
0.60356,0.450215
0.60357,0.449836
0.60358,0.449457
0.6035900000000001,0.449078
0.6036,0.4487
0.60361,0.448321
0.60362,0.447943
0.60363,0.447565
0.60364,0.447187
0.60365,0.44681
0.60366,0.446432
0.6036699999999999,0.446055
0.60368,0.445678
0.6036900000000001,0.445302
0.6037,0.444925
0.6037100000000001,0.444549
0.60372,0.444173
0.60373,0.443797
0.60374,0.443422
0.60375,0.443047
0.60376,0.442672
0.60377,0.442298
0.60378,0.441923
0.6037899999999999,0.44155
0.6038,0.441176
0.60381,0.440803
0.60382,0.44043
0.6038300000000001,0.440057
0.60384,0.439685
0.60385,0.439313
0.6038600000000001,0.438941
0.60387,0.43857
0.60388,0.438199
0.60389,0.437828
0.6039,0.437458
0.60391,0.437088
0.60392,0.436719
0.60393,0.43635
0.60394,0.435981
0.6039500000000001,0.435613
0.60396,0.435245
0.60397,0.434878
0.6039800000000001,0.434511
0.60399,0.434144
0.604,0.433778
0.6040099999999999,0.433412
0.60402,0.433047
0.60403,0.432682
0.6040399999999999,0.432317
0.60405,0.431954
0.6040599999999999,0.43159
0.60407,0.431227
0.6040800000000001,0.430865
0.60409,0.430503
0.6041,0.430141
0.60411,0.42978
0.60412,0.429419
0.60413,0.429059
0.60414,0.4287
0.60415,0.428341
0.6041599999999999,0.427983
0.60417,0.427625
0.6041799999999999,0.427267
0.60419,0.426911
0.6042000000000001,0.426554
0.60421,0.426199
0.60422,0.425844
0.60423,0.425489
0.60424,0.425135
0.60425,0.424782
0.60426,0.424429
0.60427,0.424077
0.6042799999999999,0.423725
0.60429,0.423375
0.6043,0.423024
0.6043099999999999,0.422675
0.6043200000000001,0.422326
0.60433,0.421977
0.60434,0.42163
0.60435,0.421283
0.60436,0.420936
0.60437,0.42059
0.60438,0.420245
0.60439,0.419901
0.6043999999999999,0.419557
0.60441,0.419215
0.60442,0.418872
0.6044299999999999,0.418531
0.6044400000000001,0.41819
0.60445,0.41785
0.60446,0.417511
0.6044700000000001,0.417172
0.60448,0.416834
0.60449,0.416497
0.6045,0.416161
0.60451,0.415825
0.60452,0.41549
0.60453,0.415156
0.60454,0.414823
0.6045499999999999,0.414491
0.60456,0.414159
0.60457,0.413828
0.60458,0.413498
0.6045900000000001,0.413169
0.6046,0.412841
0.60461,0.412514
0.60462,0.412187
0.60463,0.411861
0.60464,0.411536
0.60465,0.411212
0.60466,0.410889
0.6046699999999999,0.410567
0.60468,0.410245
0.6046900000000001,0.409925
0.6047,0.409605
0.6047100000000001,0.409286
0.60472,0.408969
0.60473,0.408652
0.60474,0.408336
0.60475,0.408021
0.60476,0.407707
0.60477,0.407394
0.60478,0.407082
0.6047899999999999,0.40677
0.6048,0.40646
0.60481,0.406151
0.60482,0.405843
0.6048300000000001,0.405536
0.60484,0.405229
0.60485,0.404924
0.6048600000000001,0.40462
0.60487,0.404317
0.60488,0.404014
0.60489,0.403713
0.6049,0.403413
0.60491,0.403114
0.60492,0.402816
0.60493,0.402519
0.60494,0.402223
0.6049500000000001,0.401929
0.60496,0.401635
0.60497,0.401342
0.6049800000000001,0.401051
0.60499,0.40076
0.605,0.400471
0.6050099999999999,0.400183
0.60502,0.399896
0.60503,0.39961
0.6050399999999999,0.399325
0.60505,0.399042
0.6050599999999999,0.398759
0.60507,0.398478
0.6050800000000001,0.398198
0.60509,0.397919
0.6051,0.397641
0.60511,0.397364
0.60512,0.397089
0.60513,0.396815
0.60514,0.396542
0.60515,0.39627
0.6051599999999999,0.395999
0.60517,0.39573
0.6051799999999999,0.395462
0.60519,0.395195
0.6052000000000001,0.39493
0.60521,0.394665
0.60522,0.394402
0.60523,0.39414
0.60524,0.39388
0.60525,0.393621
0.60526,0.393363
0.60527,0.393106
0.6052799999999999,0.392851
0.60529,0.392597
0.6053,0.392344
0.6053099999999999,0.392093
0.6053200000000001,0.391842
0.60533,0.391594
0.60534,0.391346
0.60535,0.3911
0.60536,0.390856
0.60537,0.390612
0.60538,0.39037
0.60539,0.39013
0.6053999999999999,0.389891
0.60541,0.389653
0.60542,0.389416
0.6054299999999999,0.389181
0.6054400000000001,0.388948
0.60545,0.388716
0.60546,0.388485
0.6054700000000001,0.388255
0.60548,0.388028
0.60549,0.387801
0.6055,0.387576
0.60551,0.387353
0.60552,0.38713
0.60553,0.38691
0.60554,0.386691
0.6055499999999999,0.386473
0.60556,0.386257
0.60557,0.386042
0.60558,0.385829
0.6055900000000001,0.385617
0.6056,0.385407
0.60561,0.385198
0.60562,0.384991
0.60563,0.384785
0.60564,0.384581
0.60565,0.384379
0.60566,0.384177
0.6056699999999999,0.383978
0.60568,0.38378
0.6056900000000001,0.383584
0.6057,0.383389
0.6057100000000001,0.383196
0.60572,0.383004
0.60573,0.382814
0.6057400000000001,0.382625
0.60575,0.382438
0.60576,0.382253
0.60577,0.382069
0.60578,0.381887
0.6057899999999999,0.381707
0.6058,0.381528
0.60581,0.381351
0.60582,0.381175
0.6058300000000001,0.381001
0.60584,0.380829
0.60585,0.380658
0.6058600000000001,0.380489
0.60587,0.380322
0.60588,0.380156
0.60589,0.379992
0.6059,0.37983
0.60591,0.379669
0.60592,0.37951
0.60593,0.379353
0.60594,0.379198
0.6059500000000001,0.379044
0.60596,0.378892
0.60597,0.378741
0.60598,0.378592
0.60599,0.378445
0.606,0.3783
0.6060099999999999,0.378157
0.60602,0.378015
0.60603,0.377875
0.6060399999999999,0.377736
0.60605,0.3776
0.6060599999999999,0.377465
0.60607,0.377332
0.6060800000000001,0.3772
0.60609,0.377071
0.6061,0.376943
0.60611,0.376817
0.60612,0.376693
0.60613,0.37657
0.60614,0.37645
0.60615,0.376331
0.6061599999999999,0.376214
0.60617,0.376098
0.6061799999999999,0.375985
0.60619,0.375873
0.6062000000000001,0.375763
0.60621,0.375655
0.60622,0.375549
0.60623,0.375445
0.60624,0.375342
0.60625,0.375241
0.60626,0.375143
0.60627,0.375045
0.6062799999999999,0.37495
0.60629,0.374857
0.6063,0.374765
0.6063099999999999,0.374676
0.6063200000000001,0.374588
0.60633,0.374502
0.60634,0.374418
0.6063500000000001,0.374336
0.60636,0.374255
0.60637,0.374177
0.60638,0.3741
0.60639,0.374025
0.6063999999999999,0.373952
0.60641,0.373881
0.60642,0.373812
0.6064299999999999,0.373745
0.6064400000000001,0.37368
0.60645,0.373616
0.60646,0.373555
0.6064700000000001,0.373495
0.60648,0.373438
0.60649,0.373382
0.6065,0.373328
0.60651,0.373276
0.60652,0.373226
0.60653,0.373178
0.60654,0.373131
0.6065499999999999,0.373087
0.60656,0.373045
0.60657,0.373004
0.60658,0.372966
0.6065900000000001,0.372929
0.6066,0.372895
0.60661,0.372862
0.60662,0.372831
0.60663,0.372802
0.60664,0.372775
0.60665,0.37275
0.60666,0.372727
0.6066699999999999,0.372706
0.60668,0.372687
0.6066900000000001,0.37267
0.6067,0.372654
0.6067100000000001,0.372641
0.60672,0.37263
0.60673,0.37262
0.6067400000000001,0.372613
0.60675,0.372607
0.60676,0.372604
0.60677,0.372602
0.60678,0.372603
0.6067899999999999,0.372605
0.6068,0.372609
0.60681,0.372616
0.60682,0.372624
0.6068300000000001,0.372634
0.60684,0.372646
0.60685,0.37266
0.6068600000000001,0.372676
0.60687,0.372694
0.60688,0.372714
0.60689,0.372736
0.6069,0.37276
0.60691,0.372786
0.6069199999999999,0.372814
0.60693,0.372844
0.60694,0.372876
0.6069500000000001,0.37291
0.60696,0.372946
0.60697,0.372983
0.60698,0.373023
0.60699,0.373065
0.607,0.373108
0.6070099999999999,0.373154
0.60702,0.373201
0.60703,0.373251
0.6070399999999999,0.373303
0.60705,0.373356
0.6070599999999999,0.373411
0.60707,0.373469
0.6070800000000001,0.373528
0.60709,0.37359
0.6071,0.373653
0.60711,0.373718
0.60712,0.373785
0.60713,0.373855
0.60714,0.373926
0.60715,0.373999
0.6071599999999999,0.374074
0.60717,0.374151
0.6071799999999999,0.37423
0.60719,0.374311
0.6072000000000001,0.374394
0.60721,0.374479
0.60722,0.374566
0.60723,0.374654
0.60724,0.374745
0.60725,0.374838
0.60726,0.374932
0.60727,0.375029
0.6072799999999999,0.375127
0.60729,0.375228
0.6073,0.37533
0.6073099999999999,0.375435
0.6073200000000001,0.375541
0.60733,0.375649
0.60734,0.375759
0.6073500000000001,0.375871
0.60736,0.375985
0.60737,0.376101
0.60738,0.376219
0.60739,0.376339
0.6073999999999999,0.37646
0.60741,0.376584
0.60742,0.376709
0.6074299999999999,0.376837
0.6074400000000001,0.376966
0.60745,0.377097
0.60746,0.37723
0.6074700000000001,0.377365
0.60748,0.377502
0.60749,0.377641
0.6075,0.377782
0.60751,0.377925
0.60752,0.378069
0.60753,0.378215
0.60754,0.378364
0.6075499999999999,0.378514
0.60756,0.378666
0.60757,0.37882
0.60758,0.378975
0.6075900000000001,0.379133
0.6076,0.379292
0.60761,0.379454
0.60762,0.379617
0.60763,0.379782
0.60764,0.379949
0.60765,0.380118
0.60766,0.380288
0.6076699999999999,0.38046
0.60768,0.380635
0.6076900000000001,0.380811
0.6077,0.380989
0.6077100000000001,0.381168
0.60772,0.38135
0.60773,0.381533
0.6077400000000001,0.381718
0.60775,0.381905
0.60776,0.382094
0.60777,0.382285
0.60778,0.382477
0.6077899999999999,0.382671
0.6078,0.382867
0.60781,0.383065
0.60782,0.383264
0.6078300000000001,0.383465
0.60784,0.383668
0.60785,0.383873
0.6078600000000001,0.38408
0.60787,0.384288
0.60788,0.384498
0.60789,0.38471
0.6079,0.384923
0.60791,0.385138
0.6079199999999999,0.385355
0.60793,0.385574
0.60794,0.385795
0.60795,0.386017
0.6079600000000001,0.386241
0.60797,0.386466
0.60798,0.386693
0.60799,0.386922
0.608,0.387153
0.6080099999999999,0.387385
0.60802,0.387619
0.60803,0.387855
0.6080399999999999,0.388092
0.60805,0.388331
0.6080599999999999,0.388572
0.60807,0.388814
0.6080800000000001,0.389058
0.60809,0.389304
0.6081,0.389551
0.60811,0.3898
0.60812,0.39005
0.60813,0.390302
0.60814,0.390556
0.60815,0.390811
0.6081599999999999,0.391068
0.60817,0.391327
0.6081799999999999,0.391587
0.60819,0.391848
0.6082000000000001,0.392112
0.60821,0.392376
0.60822,0.392643
0.60823,0.392911
0.60824,0.39318
0.60825,0.393451
0.60826,0.393724
0.60827,0.393998
0.6082799999999999,0.394274
0.60829,0.394551
0.6083,0.39483
0.6083099999999999,0.39511
0.6083200000000001,0.395392
0.60833,0.395675
0.60834,0.39596
0.6083500000000001,0.396246
0.60836,0.396533
0.60837,0.396823
0.60838,0.397113
0.60839,0.397405
0.6083999999999999,0.397699
0.60841,0.397994
0.60842,0.39829
0.6084299999999999,0.398588
0.6084400000000001,0.398887
0.60845,0.399188
0.60846,0.39949
0.6084700000000001,0.399794
0.60848,0.400098
0.60849,0.400405
0.6085,0.400712
0.60851,0.401021
0.60852,0.401332
0.60853,0.401644
0.60854,0.401957
0.6085499999999999,0.402271
0.60856,0.402587
0.60857,0.402905
0.60858,0.403223
0.6085900000000001,0.403543
0.6086,0.403864
0.60861,0.404187
0.60862,0.40451
0.60863,0.404835
0.60864,0.405162
0.60865,0.40549
0.60866,0.405818
0.6086699999999999,0.406149
0.60868,0.40648
0.6086900000000001,0.406813
0.6087,0.407147
0.6087100000000001,0.407482
0.60872,0.407818
0.60873,0.408156
0.6087400000000001,0.408495
0.60875,0.408835
0.60876,0.409176
0.60877,0.409519
0.60878,0.409863
0.6087899999999999,0.410207
0.6088,0.410554
0.60881,0.410901
0.60882,0.411249
0.6088300000000001,0.411599
0.60884,0.411949
0.60885,0.412301
0.6088600000000001,0.412654
0.60887,0.413008
0.60888,0.413363
0.6088899999999999,0.41372
0.6089,0.414077
0.60891,0.414435
0.6089199999999999,0.414795
0.60893,0.415156
0.60894,0.415517
0.60895,0.41588
0.6089600000000001,0.416244
0.60897,0.416609
0.60898,0.416975
0.60899,0.417342
0.609,0.41771
0.6090099999999999,0.418079
0.60902,0.418449
0.60903,0.41882
0.6090399999999999,0.419192
0.60905,0.419565
0.6090599999999999,0.419939
0.60907,0.420314
0.6090800000000001,0.42069
0.60909,0.421066
0.6091,0.421444
0.60911,0.421823
0.60912,0.422203
0.60913,0.422583
0.60914,0.422965
0.60915,0.423347
0.6091599999999999,0.423731
0.60917,0.424115
0.6091799999999999,0.4245
0.60919,0.424886
0.6092000000000001,0.425273
0.60921,0.425661
0.60922,0.42605
0.60923,0.426439
0.60924,0.426829
0.60925,0.427221
0.60926,0.427613
0.60927,0.428005
0.6092799999999999,0.428399
0.60929,0.428794
0.6093,0.429189
0.6093099999999999,0.429585
0.6093200000000001,0.429982
0.60933,0.430379
0.60934,0.430778
0.6093500000000001,0.431177
0.60936,0.431577
0.60937,0.431977
0.60938,0.432379
0.60939,0.432781
0.6093999999999999,0.433184
0.60941,0.433587
0.60942,0.433991
0.6094299999999999,0.434396
0.6094400000000001,0.434802
0.60945,0.435208
0.60946,0.435615
0.6094700000000001,0.436023
0.60948,0.436431
0.60949,0.43684
0.6095,0.43725
0.60951,0.43766
0.60952,0.438071
0.60953,0.438483
0.60954,0.438895
0.6095499999999999,0.439308
0.60956,0.439721
0.6095700000000001,0.440135
0.60958,0.44055
0.6095900000000001,0.440965
0.6096,0.441381
0.60961,0.441797
0.60962,0.442214
0.60963,0.442631
0.60964,0.443049
0.60965,0.443468
0.60966,0.443887
0.6096699999999999,0.444306
0.60968,0.444726
0.6096900000000001,0.445147
0.6097,0.445568
0.6097100000000001,0.44599
0.60972,0.446412
0.60973,0.446834
0.6097400000000001,0.447257
0.60975,0.447681
0.60976,0.448105
0.60977,0.448529
0.60978,0.448954
0.6097899999999999,0.449379
0.6098,0.449805
0.60981,0.450231
0.60982,0.450658
0.6098300000000001,0.451085
0.60984,0.451512
0.60985,0.45194
0.6098600000000001,0.452368
0.60987,0.452796
0.60988,0.453225
0.6098899999999999,0.453654
0.6099,0.454084
0.60991,0.454514
0.6099199999999999,0.454944
0.60993,0.455375
0.60994,0.455806
0.60995,0.456237
0.6099600000000001,0.456669
0.60997,0.457101
0.60998,0.457533
0.60999,0.457966
0.61,0.458399
0.6100099999999999,0.458832
0.61002,0.459265
0.61003,0.459699
0.6100399999999999,0.460133
0.61005,0.460567
0.6100599999999999,0.461001
0.61007,0.461436
0.6100800000000001,0.461871
0.61009,0.462306
0.6101,0.462742
0.61011,0.463177
0.61012,0.463613
0.61013,0.464049
0.61014,0.464485
0.61015,0.464922
0.6101599999999999,0.465358
0.61017,0.465795
0.61018,0.466232
0.61019,0.466669
0.6102000000000001,0.467106
0.61021,0.467544
0.61022,0.467981
0.61023,0.468419
0.61024,0.468857
0.61025,0.469295
0.61026,0.469733
0.61027,0.470171
0.6102799999999999,0.470609
0.61029,0.471048
0.6103,0.471486
0.6103099999999999,0.471925
0.6103200000000001,0.472364
0.61033,0.472802
0.61034,0.473241
0.6103500000000001,0.47368
0.61036,0.474119
0.61037,0.474558
0.61038,0.474997
0.61039,0.475436
0.6103999999999999,0.475876
0.61041,0.476315
0.61042,0.476754
0.6104299999999999,0.477193
0.6104400000000001,0.477632
0.61045,0.478072
0.61046,0.478511
0.6104700000000001,0.47895
0.61048,0.479389
0.61049,0.479829
0.6105,0.480268
0.61051,0.480707
0.61052,0.481146
0.61053,0.481585
0.61054,0.482024
0.6105499999999999,0.482463
0.61056,0.482902
0.6105700000000001,0.483341
0.61058,0.48378
0.6105900000000001,0.484218
0.6106,0.484657
0.61061,0.485096
0.61062,0.485534
0.61063,0.485973
0.61064,0.486411
0.61065,0.486849
0.61066,0.487287
0.6106699999999999,0.487725
0.61068,0.488163
0.6106900000000001,0.488601
0.6107,0.489038
0.6107100000000001,0.489476
0.61072,0.489913
0.61073,0.49035
0.6107400000000001,0.490787
0.61075,0.491224
0.61076,0.49166
0.61077,0.492097
0.61078,0.492533
0.6107899999999999,0.492969
0.6108,0.493405
0.61081,0.493841
0.61082,0.494277
0.6108300000000001,0.494712
0.61084,0.495147
0.61085,0.495582
0.61086,0.496017
0.61087,0.496452
0.61088,0.496886
0.6108899999999999,0.49732
0.6109,0.497754
0.61091,0.498187
0.6109199999999999,0.498621
0.61093,0.499054
0.61094,0.499487
0.61095,0.499919
0.6109600000000001,0.500352
0.61097,0.500784
0.61098,0.501216
0.61099,0.501647
0.611,0.502078
0.6110099999999999,0.502509
0.61102,0.50294
0.61103,0.50337
0.6110399999999999,0.503801
0.61105,0.50423
0.6110599999999999,0.50466
0.61107,0.505089
0.6110800000000001,0.505518
0.61109,0.505946
0.6111,0.506375
0.61111,0.506803
0.61112,0.50723
0.61113,0.507657
0.61114,0.508084
0.61115,0.508511
0.6111599999999999,0.508937
0.61117,0.509363
0.61118,0.509788
0.61119,0.510213
0.6112000000000001,0.510638
0.61121,0.511062
0.61122,0.511486
0.61123,0.51191
0.61124,0.512333
0.61125,0.512756
0.61126,0.513179
0.61127,0.513601
0.6112799999999999,0.514022
0.61129,0.514444
0.6113,0.514865
0.6113099999999999,0.515285
0.6113200000000001,0.515705
0.61133,0.516125
0.61134,0.516544
0.6113500000000001,0.516963
0.61136,0.517381
0.61137,0.517799
0.61138,0.518217
0.61139,0.518634
0.6113999999999999,0.51905
0.61141,0.519466
0.61142,0.519882
0.6114299999999999,0.520297
0.6114400000000001,0.520712
0.61145,0.521127
0.61146,0.52154
0.6114700000000001,0.521954
0.61148,0.522367
0.61149,0.522779
0.6115,0.523191
0.61151,0.523603
0.61152,0.524014
0.61153,0.524424
0.61154,0.524834
0.6115499999999999,0.525244
0.61156,0.525653
0.6115700000000001,0.526062
0.61158,0.52647
0.6115900000000001,0.526877
0.6116,0.527284
0.61161,0.527691
0.61162,0.528097
0.61163,0.528502
0.61164,0.528907
0.61165,0.529312
0.61166,0.529716
0.6116699999999999,0.530119
0.61168,0.530522
0.6116900000000001,0.530924
0.6117,0.531326
0.6117100000000001,0.531727
0.61172,0.532128
0.61173,0.532528
0.6117400000000001,0.532927
0.61175,0.533326
0.61176,0.533725
0.61177,0.534123
0.61178,0.53452
0.61179,0.534917
0.6117999999999999,0.535313
0.61181,0.535709
0.61182,0.536104
0.6118300000000001,0.536498
0.61184,0.536892
0.61185,0.537285
0.61186,0.537678
0.61187,0.53807
0.61188,0.538462
0.6118899999999999,0.538853
0.6119,0.539243
0.61191,0.539633
0.6119199999999999,0.540022
0.61193,0.540411
0.61194,0.540799
0.61195,0.541186
0.6119600000000001,0.541573
0.61197,0.541959
0.61198,0.542344
0.61199,0.542729
0.612,0.543113
0.6120099999999999,0.543497
0.61202,0.54388
0.61203,0.544262
0.6120399999999999,0.544644
0.61205,0.545025
0.6120599999999999,0.545406
0.61207,0.545785
0.6120800000000001,0.546165
0.61209,0.546543
0.6121,0.546921
0.61211,0.547298
0.61212,0.547675
0.61213,0.548051
0.61214,0.548426
0.61215,0.548801
0.6121599999999999,0.549175
0.61217,0.549548
0.61218,0.549921
0.61219,0.550293
0.6122000000000001,0.550664
0.61221,0.551035
0.61222,0.551405
0.61223,0.551774
0.61224,0.552143
0.61225,0.552511
0.61226,0.552879
0.61227,0.553245
0.6122799999999999,0.553611
0.61229,0.553976
0.6123,0.554341
0.6123099999999999,0.554705
0.6123200000000001,0.555068
0.61233,0.555431
0.61234,0.555793
0.6123500000000001,0.556154
0.61236,0.556514
0.61237,0.556874
0.61238,0.557233
0.61239,0.557591
0.6123999999999999,0.557949
0.61241,0.558306
0.61242,0.558662
0.6124299999999999,0.559018
0.6124400000000001,0.559373
0.61245,0.559727
0.61246,0.56008
0.6124700000000001,0.560433
0.61248,0.560785
0.61249,0.561136
0.6125,0.561487
0.61251,0.561836
0.61252,0.562186
0.61253,0.562534
0.61254,0.562882
0.6125499999999999,0.563229
0.61256,0.563575
0.6125700000000001,0.56392
0.61258,0.564265
0.6125900000000001,0.564609
0.6126,0.564952
0.61261,0.565295
0.61262,0.565637
0.61263,0.565978
0.61264,0.566318
0.61265,0.566658
0.61266,0.566997
0.6126699999999999,0.567335
0.61268,0.567672
0.6126900000000001,0.568009
0.6127,0.568345
0.6127100000000001,0.56868
0.61272,0.569014
0.61273,0.569348
0.6127400000000001,0.569681
0.61275,0.570013
0.61276,0.570344
0.61277,0.570675
0.61278,0.571005
0.61279,0.571334
0.6127999999999999,0.571662
0.61281,0.57199
0.61282,0.572316
0.61283,0.572643
0.61284,0.572968
0.61285,0.573292
0.61286,0.573616
0.61287,0.573939
0.61288,0.574261
0.6128899999999999,0.574583
0.6129,0.574904
0.61291,0.575223
0.6129199999999999,0.575543
0.61293,0.575861
0.61294,0.576179
0.61295,0.576495
0.6129600000000001,0.576811
0.61297,0.577127
0.61298,0.577441
0.61299,0.577755
0.613,0.578068
0.6130099999999999,0.57838
0.61302,0.578691
0.61303,0.579002
0.6130399999999999,0.579312
0.61305,0.579621
0.6130599999999999,0.579929
0.61307,0.580237
0.6130800000000001,0.580543
0.61309,0.580849
0.6131,0.581154
0.61311,0.581459
0.61312,0.581762
0.61313,0.582065
0.61314,0.582367
0.61315,0.582668
0.6131599999999999,0.582968
0.61317,0.583268
0.61318,0.583567
0.61319,0.583865
0.6132000000000001,0.584162
0.61321,0.584458
0.61322,0.584754
0.61323,0.585048
0.61324,0.585342
0.61325,0.585636
0.61326,0.585928
0.61327,0.58622
0.6132799999999999,0.58651
0.61329,0.5868
0.6133,0.58709
0.6133099999999999,0.587378
0.6133200000000001,0.587665
0.61333,0.587952
0.61334,0.588238
0.6133500000000001,0.588523
0.61336,0.588808
0.61337,0.589091
0.61338,0.589374
0.61339,0.589656
0.6134,0.589937
0.61341,0.590217
0.61342,0.590497
0.6134299999999999,0.590775
0.6134400000000001,0.591053
0.61345,0.59133
0.61346,0.591607
0.6134700000000001,0.591882
0.61348,0.592157
0.61349,0.59243
0.6135,0.592703
0.61351,0.592976
0.61352,0.593247
0.61353,0.593517
0.61354,0.593787
0.6135499999999999,0.594056
0.61356,0.594324
0.6135700000000001,0.594591
0.61358,0.594858
0.6135900000000001,0.595123
0.6136,0.595388
0.61361,0.595652
0.61362,0.595915
0.61363,0.596178
0.61364,0.596439
0.61365,0.5967
0.61366,0.59696
0.6136699999999999,0.597219
0.61368,0.597477
0.6136900000000001,0.597735
0.6137,0.597991
0.6137100000000001,0.598247
0.61372,0.598502
0.61373,0.598756
0.6137400000000001,0.599009
0.61375,0.599262
0.61376,0.599514
0.6137699999999999,0.599764
0.61378,0.600014
0.61379,0.600264
0.6137999999999999,0.600512
0.61381,0.600759
0.61382,0.601006
0.61383,0.601252
0.61384,0.601497
0.61385,0.601741
0.61386,0.601985
0.61387,0.602227
0.61388,0.602469
0.6138899999999999,0.60271
0.6139,0.60295
0.61391,0.603189
0.6139199999999999,0.603427
0.61393,0.603665
0.61394,0.603902
0.61395,0.604138
0.6139600000000001,0.604373
0.61397,0.604607
0.61398,0.60484
0.61399,0.605073
0.614,0.605305
0.61401,0.605536
0.61402,0.605766
0.61403,0.605995
0.6140399999999999,0.606223
0.61405,0.606451
0.6140599999999999,0.606678
0.61407,0.606904
0.6140800000000001,0.607129
0.61409,0.607353
0.6141,0.607576
0.61411,0.607799
0.61412,0.608021
0.61413,0.608242
0.61414,0.608462
0.61415,0.608681
0.6141599999999999,0.608899
0.61417,0.609117
0.61418,0.609334
0.61419,0.60955
0.6142000000000001,0.609765
0.61421,0.609979
0.61422,0.610192
0.61423,0.610405
0.61424,0.610617
0.61425,0.610828
0.61426,0.611038
0.61427,0.611247
0.6142799999999999,0.611455
0.61429,0.611663
0.6143,0.61187
0.6143099999999999,0.612075
0.6143200000000001,0.61228
0.61433,0.612485
0.61434,0.612688
0.6143500000000001,0.612891
0.61436,0.613092
0.61437,0.613293
0.61438,0.613493
0.61439,0.613692
0.6144,0.613891
0.61441,0.614088
0.61442,0.614285
0.6144299999999999,0.614481
0.6144400000000001,0.614676
0.61445,0.61487
0.61446,0.615063
0.6144700000000001,0.615255
0.61448,0.615447
0.61449,0.615638
0.6145,0.615828
0.61451,0.616017
0.61452,0.616205
0.61453,0.616393
0.61454,0.616579
0.6145499999999999,0.616765
0.61456,0.61695
0.6145700000000001,0.617134
0.61458,0.617317
0.6145900000000001,0.6175
0.6146,0.617681
0.61461,0.617862
0.61462,0.618042
0.61463,0.618221
0.61464,0.618399
0.61465,0.618576
0.61466,0.618753
0.6146699999999999,0.618928
0.61468,0.619103
0.6146900000000001,0.619277
0.6147,0.61945
0.6147100000000001,0.619623
0.61472,0.619794
0.61473,0.619965
0.6147400000000001,0.620135
0.61475,0.620304
0.61476,0.620472
0.6147699999999999,0.620639
0.61478,0.620805
0.61479,0.620971
0.6147999999999999,0.621136
0.61481,0.6213
0.61482,0.621463
0.61483,0.621625
0.61484,0.621786
0.61485,0.621947
0.61486,0.622107
0.61487,0.622265
0.61488,0.622423
0.6148899999999999,0.622581
0.6149,0.622737
0.61491,0.622892
0.6149199999999999,0.623047
0.61493,0.623201
0.61494,0.623354
0.61495,0.623506
0.6149600000000001,0.623657
0.61497,0.623808
0.61498,0.623957
0.61499,0.624106
0.615,0.624254
0.61501,0.624401
0.61502,0.624547
0.61503,0.624693
0.6150399999999999,0.624837
0.61505,0.624981
0.6150599999999999,0.625124
0.61507,0.625266
0.6150800000000001,0.625407
0.61509,0.625548
0.6151,0.625687
0.61511,0.625826
0.61512,0.625964
0.61513,0.626101
0.61514,0.626237
0.61515,0.626372
0.6151599999999999,0.626506
0.61517,0.62664
0.61518,0.626773
0.61519,0.626905
0.6152000000000001,0.627036
0.61521,0.627166
0.61522,0.627296
0.61523,0.627424
0.61524,0.627552
0.61525,0.627679
0.61526,0.627805
0.61527,0.62793
0.6152799999999999,0.628054
0.61529,0.628178
0.6153,0.6283
0.6153099999999999,0.628422
0.6153200000000001,0.628543
0.61533,0.628663
0.61534,0.628783
0.6153500000000001,0.628901
0.61536,0.629019
0.61537,0.629136
0.61538,0.629252
0.61539,0.629367
0.6154,0.629481
0.61541,0.629594
0.61542,0.629707
0.6154299999999999,0.629818
0.6154400000000001,0.629929
0.61545,0.630039
0.61546,0.630149
0.6154700000000001,0.630257
0.61548,0.630364
0.61549,0.630471
0.6155,0.630577
0.61551,0.630682
0.61552,0.630786
0.61553,0.630889
0.61554,0.630992
0.6155499999999999,0.631093
0.61556,0.631194
0.6155700000000001,0.631294
0.61558,0.631393
0.6155900000000001,0.631491
0.6156,0.631588
0.61561,0.631685
0.6156200000000001,0.631781
0.61563,0.631876
0.61564,0.63197
0.61565,0.632063
0.61566,0.632155
0.6156699999999999,0.632246
0.61568,0.632337
0.6156900000000001,0.632427
0.6157,0.632516
0.6157100000000001,0.632604
0.61572,0.632691
0.61573,0.632777
0.61574,0.632863
0.61575,0.632948
0.61576,0.633031
0.6157699999999999,0.633114
0.61578,0.633197
0.61579,0.633278
0.6157999999999999,0.633358
0.61581,0.633438
0.61582,0.633517
0.61583,0.633595
0.61584,0.633672
0.61585,0.633748
0.61586,0.633823
0.61587,0.633898
0.61588,0.633971
0.6158899999999999,0.634044
0.6159,0.634116
0.61591,0.634187
0.6159199999999999,0.634258
0.61593,0.634327
0.61594,0.634396
0.61595,0.634464
0.6159600000000001,0.63453
0.61597,0.634596
0.61598,0.634662
0.61599,0.634726
0.616,0.63479
0.61601,0.634852
0.61602,0.634914
0.61603,0.634975
0.6160399999999999,0.635035
0.61605,0.635094
0.6160599999999999,0.635153
0.61607,0.63521
0.6160800000000001,0.635267
0.61609,0.635323
0.6161,0.635378
0.61611,0.635432
0.61612,0.635485
0.61613,0.635538
0.61614,0.635589
0.61615,0.63564
0.6161599999999999,0.63569
0.61617,0.635739
0.61618,0.635787
0.61619,0.635834
0.6162000000000001,0.635881
0.61621,0.635927
0.61622,0.635971
0.61623,0.636015
0.61624,0.636058
0.61625,0.636101
0.61626,0.636142
0.61627,0.636182
0.6162799999999999,0.636222
0.61629,0.636261
0.6163,0.636299
0.6163099999999999,0.636336
0.6163200000000001,0.636372
0.61633,0.636408
0.61634,0.636442
0.6163500000000001,0.636476
0.61636,0.636509
0.61637,0.63654
0.61638,0.636572
0.61639,0.636602
0.6164,0.636631
0.61641,0.63666
0.61642,0.636687
0.6164299999999999,0.636714
0.6164400000000001,0.63674
0.61645,0.636765
0.61646,0.636789
0.6164700000000001,0.636813
0.61648,0.636835
0.61649,0.636857
0.6165,0.636878
0.61651,0.636898
0.61652,0.636917
0.61653,0.636935
0.61654,0.636952
0.6165499999999999,0.636969
0.61656,0.636984
0.6165700000000001,0.636999
0.61658,0.637013
0.6165900000000001,0.637026
0.6166,0.637038
0.61661,0.63705
0.6166200000000001,0.63706
0.61663,0.63707
0.61664,0.637078
0.61665,0.637086
0.61666,0.637093
0.6166699999999999,0.637099
0.6166799999999999,0.637105
0.6166900000000001,0.637109
0.6167,0.637112
0.6167100000000001,0.637115
0.61672,0.637117
0.61673,0.637118
0.61674,0.637118
0.61675,0.637117
0.61676,0.637115
0.6167699999999999,0.637113
0.61678,0.637109
0.61679,0.637105
0.6167999999999999,0.6371
0.61681,0.637094
0.61682,0.637087
0.61683,0.637079
0.61684,0.63707
0.61685,0.637061
0.61686,0.637051
0.61687,0.637039
0.61688,0.637027
0.6168899999999999,0.637014
0.6169,0.637
0.61691,0.636985
0.6169199999999999,0.63697
0.61693,0.636953
0.61694,0.636936
0.61695,0.636918
0.6169600000000001,0.636899
0.61697,0.636878
0.61698,0.636858
0.61699,0.636836
0.617,0.636813
0.61701,0.63679
0.61702,0.636765
0.61703,0.63674
0.6170399999999999,0.636714
0.61705,0.636687
0.6170599999999999,0.636659
0.61707,0.63663
0.6170800000000001,0.6366
0.61709,0.63657
0.6171,0.636538
0.61711,0.636506
0.61712,0.636473
0.61713,0.636438
0.61714,0.636403
0.61715,0.636368
0.6171599999999999,0.636331
0.61717,0.636293
0.61718,0.636255
0.61719,0.636215
0.6172000000000001,0.636175
0.61721,0.636134
0.61722,0.636091
0.6172300000000001,0.636048
0.61724,0.636005
0.61725,0.63596
0.61726,0.635914
0.61727,0.635868
0.6172799999999999,0.63582
0.61729,0.635772
0.6173,0.635723
0.6173099999999999,0.635672
0.6173200000000001,0.635621
0.61733,0.635569
0.61734,0.635517
0.6173500000000001,0.635463
0.61736,0.635408
0.61737,0.635353
0.61738,0.635296
0.61739,0.635239
0.6174,0.635181
0.61741,0.635122
0.61742,0.635062
0.6174299999999999,0.635001
0.6174400000000001,0.634939
0.61745,0.634876
0.61746,0.634813
0.6174700000000001,0.634748
0.61748,0.634683
0.61749,0.634616
0.6175,0.634549
0.61751,0.634481
0.61752,0.634412
0.61753,0.634342
0.61754,0.634271
0.6175499999999999,0.634199
0.61756,0.634127
0.6175700000000001,0.634053
0.61758,0.633979
0.6175900000000001,0.633903
0.6176,0.633827
0.61761,0.63375
0.6176200000000001,0.633672
0.61763,0.633593
0.61764,0.633513
0.61765,0.633432
0.61766,0.63335
0.6176699999999999,0.633267
0.6176799999999999,0.633184
0.6176900000000001,0.633099
0.6177,0.633014
0.61771,0.632927
0.61772,0.63284
0.61773,0.632752
0.61774,0.632662
0.61775,0.632572
0.61776,0.632481
0.6177699999999999,0.632389
0.61778,0.632297
0.61779,0.632203
0.6177999999999999,0.632108
0.61781,0.632013
0.61782,0.631916
0.61783,0.631819
0.6178400000000001,0.63172
0.61785,0.631621
0.61786,0.631521
0.61787,0.631419
0.61788,0.631317
0.6178899999999999,0.631214
0.6179,0.63111
0.61791,0.631005
0.6179199999999999,0.630899
0.61793,0.630793
0.61794,0.630685
0.61795,0.630576
0.6179600000000001,0.630467
0.61797,0.630356
0.61798,0.630245
0.61799,0.630132
0.618,0.630019
0.61801,0.629905
0.61802,0.629789
0.61803,0.629673
0.6180399999999999,0.629556
0.61805,0.629438
0.6180599999999999,0.629319
0.61807,0.629199
0.6180800000000001,0.629078
0.61809,0.628956
0.6181,0.628834
0.61811,0.62871
0.61812,0.628585
0.61813,0.628459
0.61814,0.628333
0.61815,0.628205
0.6181599999999999,0.628077
0.61817,0.627947
0.61818,0.627817
0.61819,0.627686
0.6182000000000001,0.627553
0.61821,0.62742
0.61822,0.627286
0.6182300000000001,0.62715
0.61824,0.627014
0.61825,0.626877
0.61826,0.626739
0.61827,0.6266
0.6182799999999999,0.62646
0.61829,0.626319
0.6183,0.626177
0.6183099999999999,0.626034
0.6183200000000001,0.62589
0.61833,0.625746
0.61834,0.6256
0.6183500000000001,0.625453
0.61836,0.625305
0.61837,0.625157
0.61838,0.625007
0.61839,0.624856
0.6184,0.624705
0.61841,0.624552
0.61842,0.624398
0.6184299999999999,0.624244
0.6184400000000001,0.624088
0.61845,0.623932
0.61846,0.623774
0.6184700000000001,0.623616
0.61848,0.623456
0.61849,0.623296
0.6185,0.623134
0.61851,0.622972
0.61852,0.622809
0.61853,0.622644
0.61854,0.622479
0.6185499999999999,0.622313
0.61856,0.622145
0.6185700000000001,0.621977
0.61858,0.621808
0.6185900000000001,0.621637
0.6186,0.621466
0.61861,0.621294
0.6186200000000001,0.62112
0.61863,0.620946
0.61864,0.620771
0.6186499999999999,0.620595
0.61866,0.620417
0.6186699999999999,0.620239
0.6186799999999999,0.62006
0.6186900000000001,0.619879
0.6187,0.619698
0.61871,0.619516
0.61872,0.619333
0.61873,0.619148
0.61874,0.618963
0.61875,0.618777
0.61876,0.618589
0.6187699999999999,0.618401
0.61878,0.618212
0.61879,0.618021
0.6187999999999999,0.61783
0.61881,0.617638
0.61882,0.617444
0.61883,0.61725
0.6188400000000001,0.617054
0.61885,0.616858
0.61886,0.616661
0.61887,0.616462
0.61888,0.616263
0.6188899999999999,0.616062
0.6189,0.615861
0.61891,0.615658
0.6189199999999999,0.615455
0.61893,0.61525
0.61894,0.615044
0.61895,0.614838
0.6189600000000001,0.61463
0.61897,0.614421
0.61898,0.614212
0.61899,0.614001
0.619,0.613789
0.61901,0.613576
0.61902,0.613362
0.61903,0.613148
0.6190399999999999,0.612932
0.61905,0.612715
0.6190599999999999,0.612497
0.61907,0.612278
0.6190800000000001,0.612058
0.61909,0.611836
0.6191,0.611614
0.61911,0.611391
0.61912,0.611167
0.61913,0.610942
0.61914,0.610715
0.61915,0.610488
0.6191599999999999,0.610259
0.61917,0.61003
0.61918,0.609799
0.61919,0.609568
0.6192000000000001,0.609335
0.61921,0.609102
0.61922,0.608867
0.6192300000000001,0.608631
0.61924,0.608394
0.61925,0.608156
0.61926,0.607917
0.61927,0.607677
0.6192799999999999,0.607436
0.61929,0.607194
0.6193,0.606951
0.6193099999999999,0.606707
0.6193200000000001,0.606461
0.61933,0.606215
0.61934,0.605967
0.6193500000000001,0.605719
0.61936,0.605469
0.61937,0.605219
0.61938,0.604967
0.61939,0.604714
0.6194,0.60446
0.61941,0.604205
0.61942,0.603949
0.6194299999999999,0.603692
0.6194400000000001,0.603434
0.6194500000000001,0.603175
0.61946,0.602915
0.6194700000000001,0.602653
0.61948,0.602391
0.61949,0.602127
0.6195,0.601863
0.61951,0.601597
0.61952,0.60133
0.61953,0.601062
0.61954,0.600793
0.6195499999999999,0.600523
0.61956,0.600252
0.6195700000000001,0.59998
0.61958,0.599706
0.6195900000000001,0.599432
0.6196,0.599157
0.61961,0.59888
0.6196200000000001,0.598602
0.61963,0.598323
0.61964,0.598044
0.6196499999999999,0.597763
0.61966,0.597481
0.6196699999999999,0.597197
0.6196799999999999,0.596913
0.6196900000000001,0.596628
0.6197,0.596341
0.61971,0.596054
0.61972,0.595765
0.61973,0.595475
0.61974,0.595184
0.61975,0.594892
0.61976,0.594599
0.6197699999999999,0.594305
0.61978,0.59401
0.61979,0.593713
0.6197999999999999,0.593416
0.61981,0.593117
0.61982,0.592818
0.61983,0.592517
0.6198400000000001,0.592215
0.61985,0.591912
0.61986,0.591607
0.61987,0.591302
0.61988,0.590996
0.6198899999999999,0.590688
0.6199,0.590379
0.61991,0.59007
0.6199199999999999,0.589759
0.61993,0.589447
0.61994,0.589134
0.61995,0.588819
0.6199600000000001,0.588504
0.61997,0.588187
0.61998,0.58787
0.61999,0.587551
0.62,0.587231
0.62001,0.58691
0.62002,0.586588
0.62003,0.586265
0.6200399999999999,0.58594
0.62005,0.585615
0.62006,0.585288
0.62007,0.58496
0.6200800000000001,0.584631
0.62009,0.584301
0.6201,0.58397
0.62011,0.583638
0.62012,0.583304
0.62013,0.58297
0.62014,0.582634
0.62015,0.582297
0.6201599999999999,0.581959
0.62017,0.58162
0.62018,0.58128
0.62019,0.580938
0.6202000000000001,0.580596
0.62021,0.580252
0.62022,0.579907
0.6202300000000001,0.579561
0.62024,0.579214
0.62025,0.578865
0.62026,0.578516
0.62027,0.578165
0.6202799999999999,0.577814
0.62029,0.577461
0.6203,0.577107
0.6203099999999999,0.576752
0.6203200000000001,0.576395
0.62033,0.576038
0.62034,0.575679
0.6203500000000001,0.575319
0.62036,0.574959
0.62037,0.574596
0.62038,0.574233
0.62039,0.573869
0.6204,0.573503
0.62041,0.573137
0.62042,0.572769
0.6204299999999999,0.5724
0.6204400000000001,0.57203
0.6204500000000001,0.571658
0.62046,0.571286
0.6204700000000001,0.570912
0.62048,0.570538
0.62049,0.570162
0.6205,0.569785
0.62051,0.569406
0.62052,0.569027
0.62053,0.568646
0.62054,0.568265
0.6205499999999999,0.567882
0.62056,0.567498
0.6205700000000001,0.567113
0.62058,0.566726
0.6205900000000001,0.566339
0.6206,0.56595
0.62061,0.56556
0.62062,0.565169
0.62063,0.564777
0.62064,0.564384
0.6206499999999999,0.56399
0.62066,0.563594
0.6206699999999999,0.563197
0.6206799999999999,0.562799
0.6206900000000001,0.5624
0.6207,0.562
0.62071,0.561598
0.62072,0.561196
0.62073,0.560792
0.62074,0.560387
0.62075,0.559981
0.62076,0.559574
0.6207699999999999,0.559166
0.62078,0.558756
0.62079,0.558345
0.6207999999999999,0.557933
0.62081,0.55752
0.62082,0.557106
0.62083,0.556691
0.6208400000000001,0.556274
0.62085,0.555857
0.62086,0.555438
0.62087,0.555018
0.62088,0.554597
0.6208899999999999,0.554174
0.6209,0.553751
0.62091,0.553326
0.6209199999999999,0.552901
0.62093,0.552474
0.62094,0.552046
0.62095,0.551616
0.6209600000000001,0.551186
0.62097,0.550754
0.62098,0.550322
0.62099,0.549888
0.621,0.549453
0.62101,0.549016
0.62102,0.548579
0.62103,0.548141
0.6210399999999999,0.547701
0.62105,0.54726
0.62106,0.546818
0.62107,0.546375
0.6210800000000001,0.545931
0.62109,0.545485
0.6211,0.545039
0.62111,0.544591
0.62112,0.544142
0.62113,0.543692
0.62114,0.543241
0.62115,0.542789
0.6211599999999999,0.542335
0.62117,0.541881
0.62118,0.541425
0.62119,0.540968
0.6212000000000001,0.54051
0.62121,0.540051
0.62122,0.539591
0.6212300000000001,0.539129
0.62124,0.538667
0.62125,0.538203
0.62126,0.537738
0.62127,0.537272
0.6212799999999999,0.536805
0.62129,0.536337
0.6213,0.535868
0.6213099999999999,0.535397
0.6213200000000001,0.534925
0.62133,0.534453
0.62134,0.533979
0.6213500000000001,0.533504
0.62136,0.533028
0.62137,0.53255
0.62138,0.532072
0.62139,0.531592
0.6214,0.531112
0.62141,0.53063
0.62142,0.530147
0.6214299999999999,0.529663
0.6214400000000001,0.529178
0.6214500000000001,0.528692
0.62146,0.528205
0.6214700000000001,0.527716
0.62148,0.527227
0.62149,0.526736
0.6215,0.526245
0.62151,0.525752
0.62152,0.525258
0.62153,0.524763
0.62154,0.524267
0.6215499999999999,0.52377
0.6215599999999999,0.523271
0.6215700000000001,0.522772
0.62158,0.522272
0.6215900000000001,0.52177
0.6216,0.521267
0.62161,0.520764
0.62162,0.520259
0.62163,0.519753
0.62164,0.519246
0.6216499999999999,0.518738
0.62166,0.518229
0.62167,0.517719
0.6216799999999999,0.517208
0.6216900000000001,0.516695
0.6217,0.516182
0.62171,0.515668
0.62172,0.515152
0.62173,0.514636
0.62174,0.514118
0.62175,0.5136
0.62176,0.51308
0.6217699999999999,0.51256
0.62178,0.512038
0.62179,0.511515
0.6217999999999999,0.510991
0.62181,0.510467
0.62182,0.509941
0.62183,0.509414
0.6218400000000001,0.508886
0.62185,0.508357
0.62186,0.507827
0.62187,0.507296
0.62188,0.506764
0.6218899999999999,0.506231
0.6219,0.505698
0.62191,0.505163
0.6219199999999999,0.504627
0.62193,0.50409
0.62194,0.503552
0.62195,0.503013
0.6219600000000001,0.502473
0.62197,0.501932
0.62198,0.501391
0.62199,0.500848
0.622,0.500304
0.62201,0.499759
0.62202,0.499214
0.62203,0.498667
0.6220399999999999,0.498119
0.62205,0.497571
0.62206,0.497021
0.62207,0.496471
0.6220800000000001,0.49592
0.62209,0.495367
0.6221,0.494814
0.62211,0.49426
0.62212,0.493705
0.62213,0.493149
0.62214,0.492592
0.62215,0.492034
0.6221599999999999,0.491476
0.62217,0.490916
0.62218,0.490356
0.62219,0.489794
0.6222000000000001,0.489232
0.62221,0.488669
0.62222,0.488105
0.6222300000000001,0.48754
0.62224,0.486974
0.62225,0.486408
0.62226,0.48584
0.62227,0.485272
0.6222799999999999,0.484703
0.62229,0.484133
0.6223,0.483562
0.6223099999999999,0.482991
0.6223200000000001,0.482418
0.62233,0.481845
0.62234,0.481271
0.6223500000000001,0.480696
0.62236,0.48012
0.62237,0.479544
0.62238,0.478967
0.62239,0.478389
0.6224,0.47781
0.62241,0.47723
0.62242,0.47665
0.6224299999999999,0.476069
0.6224400000000001,0.475487
0.6224500000000001,0.474904
0.62246,0.474321
0.6224700000000001,0.473737
0.62248,0.473152
0.62249,0.472566
0.6225,0.47198
0.62251,0.471393
0.62252,0.470805
0.62253,0.470217
0.62254,0.469628
0.6225499999999999,0.469038
0.6225599999999999,0.468448
0.6225700000000001,0.467857
0.62258,0.467265
0.62259,0.466672
0.6226,0.466079
0.62261,0.465486
0.62262,0.464891
0.62263,0.464296
0.62264,0.463701
0.6226499999999999,0.463105
0.62266,0.462508
0.62267,0.46191
0.6226799999999999,0.461312
0.6226900000000001,0.460714
0.6227,0.460115
0.62271,0.459515
0.62272,0.458914
0.62273,0.458314
0.62274,0.457712
0.62275,0.45711
0.62276,0.456508
0.6227699999999999,0.455905
0.62278,0.455301
0.62279,0.454697
0.6227999999999999,0.454093
0.62281,0.453488
0.62282,0.452882
0.62283,0.452276
0.6228400000000001,0.45167
0.62285,0.451063
0.62286,0.450456
0.62287,0.449848
0.62288,0.44924
0.6228899999999999,0.448631
0.6229,0.448022
0.62291,0.447413
0.6229199999999999,0.446803
0.62293,0.446193
0.62294,0.445582
0.62295,0.444971
0.6229600000000001,0.44436
0.62297,0.443748
0.62298,0.443136
0.62299,0.442524
0.623,0.441911
0.62301,0.441298
0.62302,0.440685
0.62303,0.440072
0.6230399999999999,0.439458
0.62305,0.438844
0.62306,0.43823
0.62307,0.437615
0.6230800000000001,0.437
0.62309,0.436385
0.6231,0.43577
0.62311,0.435154
0.62312,0.434539
0.62313,0.433923
0.62314,0.433307
0.62315,0.432691
0.6231599999999999,0.432074
0.62317,0.431458
0.62318,0.430841
0.62319,0.430225
0.6232000000000001,0.429608
0.62321,0.428991
0.62322,0.428374
0.6232300000000001,0.427757
0.62324,0.427139
0.62325,0.426522
0.62326,0.425905
0.62327,0.425288
0.62328,0.42467
0.62329,0.424053
0.6233,0.423435
0.6233099999999999,0.422818
0.6233200000000001,0.422201
0.62333,0.421584
0.62334,0.420966
0.6233500000000001,0.420349
0.62336,0.419732
0.62337,0.419115
0.62338,0.418498
0.62339,0.417882
0.6234,0.417265
0.62341,0.416648
0.62342,0.416032
0.6234299999999999,0.415416
0.6234400000000001,0.4148
0.6234500000000001,0.414184
0.62346,0.413568
0.6234700000000001,0.412953
0.62348,0.412338
0.62349,0.411723
0.6235,0.411108
0.62351,0.410494
0.62352,0.409879
0.6235299999999999,0.409266
0.62354,0.408652
0.6235499999999999,0.408039
0.6235599999999999,0.407426
0.6235700000000001,0.406813
0.62358,0.406201
0.62359,0.405589
0.6236,0.404978
0.62361,0.404367
0.62362,0.403756
0.62363,0.403146
0.62364,0.402536
0.6236499999999999,0.401927
0.62366,0.401318
0.62367,0.40071
0.6236799999999999,0.400102
0.6236900000000001,0.399495
0.6237,0.398888
0.62371,0.398282
0.62372,0.397676
0.62373,0.397071
0.62374,0.396466
0.62375,0.395863
0.62376,0.395259
0.6237699999999999,0.394657
0.62378,0.394055
0.62379,0.393453
0.6237999999999999,0.392853
0.62381,0.392253
0.62382,0.391653
0.62383,0.391055
0.6238400000000001,0.390457
0.62385,0.38986
0.62386,0.389264
0.62387,0.388668
0.62388,0.388073
0.62389,0.387479
0.6239,0.386886
0.62391,0.386294
0.6239199999999999,0.385703
0.62393,0.385112
0.62394,0.384523
0.62395,0.383934
0.6239600000000001,0.383346
0.62397,0.38276
0.62398,0.382174
0.62399,0.381589
0.624,0.381005
0.62401,0.380422
0.62402,0.379841
0.62403,0.37926
0.6240399999999999,0.37868
0.62405,0.378101
0.62406,0.377524
0.62407,0.376947
0.6240800000000001,0.376372
0.62409,0.375798
0.6241,0.375225
0.62411,0.374653
0.62412,0.374082
0.62413,0.373513
0.62414,0.372944
0.62415,0.372377
0.6241599999999999,0.371812
0.62417,0.371247
0.62418,0.370684
0.62419,0.370122
0.6242000000000001,0.369562
0.62421,0.369002
0.62422,0.368445
0.6242300000000001,0.367888
0.62424,0.367333
0.62425,0.366779
0.62426,0.366227
0.62427,0.365676
0.62428,0.365127
0.62429,0.364579
0.6243,0.364033
0.6243099999999999,0.363488
0.6243200000000001,0.362945
0.62433,0.362403
0.62434,0.361863
0.6243500000000001,0.361324
0.62436,0.360787
0.62437,0.360252
0.62438,0.359718
0.62439,0.359186
0.6244,0.358655
0.62441,0.358127
0.62442,0.3576
0.6244299999999999,0.357074
0.6244400000000001,0.356551
0.6244500000000001,0.356029
0.62446,0.355509
0.6244700000000001,0.354991
0.62448,0.354474
0.62449,0.35396
0.6245,0.353447
0.62451,0.352936
0.62452,0.352427
0.6245299999999999,0.35192
0.62454,0.351415
0.6245499999999999,0.350911
0.6245599999999999,0.35041
0.6245700000000001,0.349911
0.62458,0.349413
0.62459,0.348918
0.6246,0.348425
0.62461,0.347934
0.62462,0.347444
0.62463,0.346957
0.62464,0.346472
0.6246499999999999,0.345989
0.62466,0.345509
0.62467,0.34503
0.6246799999999999,0.344554
0.6246900000000001,0.344079
0.6247,0.343607
0.62471,0.343137
0.62472,0.34267
0.62473,0.342204
0.62474,0.341741
0.62475,0.341281
0.62476,0.340822
0.6247699999999999,0.340366
0.62478,0.339912
0.62479,0.339461
0.6247999999999999,0.339012
0.62481,0.338565
0.62482,0.338121
0.62483,0.337679
0.6248400000000001,0.337239
0.62485,0.336802
0.62486,0.336368
0.62487,0.335936
0.62488,0.335506
0.62489,0.33508
0.6249,0.334655
0.62491,0.334233
0.6249199999999999,0.333814
0.62493,0.333397
0.62494,0.332983
0.62495,0.332572
0.6249600000000001,0.332163
0.62497,0.331757
0.62498,0.331354
0.62499,0.330953
0.625,0.330555
0.62501,0.33016
0.62502,0.329767
0.62503,0.329378
0.6250399999999999,0.328991
0.62505,0.328607
0.62506,0.328225
0.62507,0.327847
0.6250800000000001,0.327471
0.62509,0.327098
0.6251,0.326728
0.62511,0.326361
0.62512,0.325997
0.62513,0.325636
0.62514,0.325278
0.62515,0.324922
0.6251599999999999,0.32457
0.62517,0.32422
0.62518,0.323874
0.62519,0.323531
0.6252000000000001,0.32319
0.62521,0.322853
0.62522,0.322519
0.6252300000000001,0.322188
0.62524,0.32186
0.62525,0.321535
0.62526,0.321213
0.62527,0.320894
0.62528,0.320579
0.62529,0.320266
0.6253,0.319957
0.6253099999999999,0.319651
0.6253200000000001,0.319348
0.62533,0.319049
0.62534,0.318752
0.6253500000000001,0.318459
0.62536,0.318169
0.62537,0.317883
0.62538,0.3176
0.62539,0.31732
0.6254,0.317043
0.62541,0.316769
0.62542,0.316499
0.6254299999999999,0.316233
0.6254400000000001,0.315969
0.6254500000000001,0.31571
0.62546,0.315453
0.6254700000000001,0.3152
0.62548,0.31495
0.62549,0.314704
0.6255,0.314461
0.62551,0.314222
0.62552,0.313986
0.6255299999999999,0.313753
0.62554,0.313524
0.6255499999999999,0.313299
0.6255599999999999,0.313077
0.6255700000000001,0.312858
0.62558,0.312643
0.62559,0.312432
0.6256,0.312224
0.62561,0.31202
0.62562,0.311819
0.62563,0.311622
0.62564,0.311428
0.6256499999999999,0.311238
0.62566,0.311052
0.62567,0.310869
0.6256799999999999,0.31069
0.6256900000000001,0.310514
0.6257,0.310343
0.62571,0.310174
0.62572,0.31001
0.62573,0.309849
0.62574,0.309692
0.62575,0.309539
0.62576,0.309389
0.6257699999999999,0.309243
0.62578,0.309101
0.62579,0.308962
0.6257999999999999,0.308827
0.62581,0.308696
0.62582,0.308569
0.62583,0.308445
0.6258400000000001,0.308325
0.62585,0.308209
0.62586,0.308097
0.62587,0.307988
0.62588,0.307884
0.62589,0.307783
0.6259,0.307686
0.62591,0.307592
0.6259199999999999,0.307503
0.62593,0.307417
0.62594,0.307335
0.62595,0.307257
0.6259600000000001,0.307183
0.62597,0.307113
0.62598,0.307046
0.62599,0.306983
0.626,0.306925
0.62601,0.30687
0.62602,0.306819
0.62603,0.306771
0.6260399999999999,0.306728
0.62605,0.306689
0.62606,0.306653
0.62607,0.306621
0.6260800000000001,0.306593
0.62609,0.306569
0.6261,0.306549
0.62611,0.306533
0.62612,0.306521
0.62613,0.306513
0.62614,0.306508
0.62615,0.306508
0.6261599999999999,0.306511
0.62617,0.306518
0.62618,0.306529
0.62619,0.306545
0.6262000000000001,0.306564
0.62621,0.306586
0.62622,0.306613
0.6262300000000001,0.306644
0.62624,0.306679
0.62625,0.306717
0.62626,0.30676
0.62627,0.306806
0.62628,0.306856
0.62629,0.30691
0.6263,0.306968
0.6263099999999999,0.30703
0.6263200000000001,0.307096
0.62633,0.307166
0.62634,0.30724
0.6263500000000001,0.307318
0.62636,0.307399
0.62637,0.307485
0.62638,0.307574
0.62639,0.307667
0.6264,0.307764
0.62641,0.307865
0.62642,0.30797
0.6264299999999999,0.308079
0.6264400000000001,0.308192
0.6264500000000001,0.308308
0.62646,0.308429
0.6264700000000001,0.308553
0.62648,0.308681
0.62649,0.308813
0.6265,0.308949
0.62651,0.309089
0.62652,0.309233
0.6265299999999999,0.30938
0.62654,0.309531
0.6265499999999999,0.309686
0.6265599999999999,0.309845
0.6265700000000001,0.310008
0.62658,0.310175
0.62659,0.310345
0.6266,0.310519
0.62661,0.310698
0.62662,0.310879
0.62663,0.311065
0.62664,0.311254
0.6266499999999999,0.311448
0.62666,0.311645
0.62667,0.311845
0.6266799999999999,0.31205
0.6266900000000001,0.312258
0.6267,0.31247
0.62671,0.312686
0.62672,0.312905
0.62673,0.313128
0.62674,0.313355
0.62675,0.313586
0.62676,0.31382
0.6267699999999999,0.314058
0.62678,0.3143
0.62679,0.314545
0.6267999999999999,0.314794
0.62681,0.315047
0.62682,0.315303
0.62683,0.315563
0.6268400000000001,0.315826
0.62685,0.316094
0.62686,0.316364
0.62687,0.316639
0.62688,0.316917
0.62689,0.317198
0.6269,0.317483
0.62691,0.317772
0.6269199999999999,0.318064
0.62693,0.318359
0.62694,0.318659
0.62695,0.318961
0.6269600000000001,0.319267
0.62697,0.319577
0.62698,0.31989
0.62699,0.320207
0.627,0.320527
0.62701,0.32085
0.62702,0.321177
0.62703,0.321508
0.6270399999999999,0.321841
0.62705,0.322178
0.62706,0.322519
0.62707,0.322863
0.6270800000000001,0.32321
0.62709,0.32356
0.6271,0.323914
0.6271100000000001,0.324271
0.62712,0.324632
0.62713,0.324996
0.62714,0.325363
0.62715,0.325733
0.6271599999999999,0.326106
0.62717,0.326483
0.62718,0.326863
0.62719,0.327246
0.6272000000000001,0.327633
0.62721,0.328022
0.62722,0.328415
0.6272300000000001,0.328811
0.62724,0.32921
0.62725,0.329612
0.62726,0.330017
0.62727,0.330425
0.62728,0.330836
0.62729,0.331251
0.6273,0.331668
0.6273099999999999,0.332089
0.6273200000000001,0.332512
0.62733,0.332938
0.62734,0.333368
0.6273500000000001,0.3338
0.62736,0.334235
0.62737,0.334674
0.62738,0.335115
0.62739,0.335559
0.6274,0.336006
0.62741,0.336456
0.62742,0.336908
0.6274299999999999,0.337364
0.6274400000000001,0.337822
0.6274500000000001,0.338283
0.62746,0.338747
0.62747,0.339214
0.62748,0.339683
0.62749,0.340155
0.6275,0.34063
0.62751,0.341108
0.62752,0.341588
0.6275299999999999,0.342071
0.62754,0.342556
0.6275499999999999,0.343044
0.6275599999999999,0.343535
0.6275700000000001,0.344029
0.62758,0.344525
0.62759,0.345023
0.6276,0.345524
0.62761,0.346028
0.62762,0.346534
0.62763,0.347042
0.62764,0.347554
0.6276499999999999,0.348067
0.62766,0.348583
0.62767,0.349102
0.6276799999999999,0.349622
0.6276900000000001,0.350146
0.6277,0.350671
0.62771,0.351199
0.6277200000000001,0.351729
0.62773,0.352262
0.62774,0.352797
0.62775,0.353334
0.62776,0.353873
0.6277699999999999,0.354415
0.62778,0.354959
0.62779,0.355505
0.6277999999999999,0.356053
0.62781,0.356604
0.62782,0.357156
0.62783,0.357711
0.6278400000000001,0.358268
0.62785,0.358827
0.62786,0.359388
0.62787,0.359951
0.62788,0.360516
0.62789,0.361084
0.6279,0.361653
0.62791,0.362224
0.6279199999999999,0.362797
0.62793,0.363372
0.62794,0.363949
0.62795,0.364528
0.6279600000000001,0.365109
0.62797,0.365692
0.62798,0.366277
0.62799,0.366863
0.628,0.367451
0.62801,0.368041
0.62802,0.368633
0.62803,0.369227
0.6280399999999999,0.369822
0.62805,0.37042
0.62806,0.371018
0.62807,0.371619
0.6280800000000001,0.372221
0.62809,0.372825
0.6281,0.373431
0.6281100000000001,0.374038
0.62812,0.374647
0.62813,0.375257
0.62814,0.375869
0.62815,0.376482
0.6281599999999999,0.377098
0.62817,0.377714
0.62818,0.378332
0.62819,0.378952
0.6282000000000001,0.379573
0.62821,0.380195
0.62822,0.380819
0.6282300000000001,0.381444
0.62824,0.382071
0.62825,0.382699
0.62826,0.383328
0.62827,0.383959
0.62828,0.384591
0.62829,0.385225
0.6283,0.385859
0.6283099999999999,0.386495
0.6283200000000001,0.387132
0.62833,0.387771
0.62834,0.38841
0.6283500000000001,0.389051
0.62836,0.389693
0.62837,0.390336
0.62838,0.39098
0.62839,0.391626
0.6284,0.392272
0.6284099999999999,0.39292
0.62842,0.393569
0.6284299999999999,0.394218
0.6284400000000001,0.394869
0.6284500000000001,0.395521
0.62846,0.396174
0.62847,0.396828
0.62848,0.397482
0.62849,0.398138
0.6285,0.398795
0.62851,0.399452
0.62852,0.400111
0.6285299999999999,0.40077
0.62854,0.401431
0.6285499999999999,0.402092
0.6285599999999999,0.402754
0.6285700000000001,0.403416
0.62858,0.40408
0.62859,0.404744
0.6286,0.405409
0.62861,0.406075
0.62862,0.406742
0.62863,0.407409
0.62864,0.408077
0.6286499999999999,0.408746
0.62866,0.409416
0.62867,0.410086
0.6286799999999999,0.410756
0.6286900000000001,0.411428
0.6287,0.4121
0.62871,0.412772
0.6287200000000001,0.413446
0.62873,0.414119
0.62874,0.414794
0.62875,0.415468
0.62876,0.416144
0.6287699999999999,0.41682
0.62878,0.417496
0.62879,0.418173
0.6287999999999999,0.41885
0.62881,0.419528
0.62882,0.420206
0.62883,0.420884
0.6288400000000001,0.421563
0.62885,0.422242
0.62886,0.422922
0.62887,0.423602
0.62888,0.424283
0.62889,0.424963
0.6289,0.425644
0.62891,0.426326
0.6289199999999999,0.427007
0.62893,0.427689
0.62894,0.428371
0.62895,0.429054
0.6289600000000001,0.429736
0.62897,0.430419
0.62898,0.431102
0.62899,0.431785
0.629,0.432468
0.62901,0.433152
0.62902,0.433836
0.62903,0.434519
0.6290399999999999,0.435203
0.62905,0.435887
0.62906,0.436571
0.62907,0.437256
0.6290800000000001,0.43794
0.62909,0.438624
0.6291,0.439308
0.6291100000000001,0.439993
0.62912,0.440677
0.62913,0.441361
0.62914,0.442046
0.62915,0.44273
0.6291599999999999,0.443414
0.62917,0.444099
0.62918,0.444783
0.62919,0.445467
0.6292000000000001,0.446151
0.62921,0.446835
0.62922,0.447518
0.6292300000000001,0.448202
0.62924,0.448886
0.62925,0.449569
0.62926,0.450252
0.62927,0.450935
0.62928,0.451618
0.62929,0.452301
0.6293,0.452983
0.6293099999999999,0.453665
0.6293200000000001,0.454347
0.6293300000000001,0.455029
0.62934,0.455711
0.6293500000000001,0.456392
0.62936,0.457073
0.62937,0.457753
0.62938,0.458434
0.62939,0.459114
0.6294,0.459794
0.6294099999999999,0.460473
0.62942,0.461152
0.6294299999999999,0.461831
0.62944,0.462509
0.6294500000000001,0.463187
0.62946,0.463865
0.62947,0.464542
0.62948,0.465219
0.62949,0.465896
0.6295,0.466572
0.62951,0.467247
0.62952,0.467922
0.6295299999999999,0.468597
0.62954,0.469271
0.6295499999999999,0.469945
0.6295599999999999,0.470618
0.6295700000000001,0.471291
0.62958,0.471963
0.62959,0.472635
0.6296,0.473306
0.62961,0.473977
0.62962,0.474647
0.62963,0.475317
0.62964,0.475986
0.6296499999999999,0.476655
0.62966,0.477323
0.62967,0.47799
0.6296799999999999,0.478657
0.6296900000000001,0.479323
0.6297,0.479989
0.62971,0.480654
0.6297200000000001,0.481318
0.62973,0.481982
0.62974,0.482645
0.62975,0.483307
0.62976,0.483969
0.6297699999999999,0.48463
0.62978,0.485291
0.62979,0.48595
0.6297999999999999,0.486609
0.62981,0.487268
0.62982,0.487926
0.62983,0.488583
0.6298400000000001,0.489239
0.62985,0.489894
0.62986,0.490549
0.62987,0.491203
0.62988,0.491857
0.62989,0.492509
0.6299,0.493161
0.62991,0.493812
0.6299199999999999,0.494462
0.62993,0.495112
0.62994,0.49576
0.62995,0.496408
0.6299600000000001,0.497055
0.62997,0.497702
0.62998,0.498347
0.62999,0.498992
0.63,0.499636
0.63001,0.500279
0.63002,0.500921
0.63003,0.501562
0.6300399999999999,0.502203
0.63005,0.502842
0.63006,0.503481
0.63007,0.504119
0.6300800000000001,0.504756
0.63009,0.505392
0.6301,0.506027
0.6301100000000001,0.506661
0.63012,0.507295
0.63013,0.507927
0.63014,0.508559
0.63015,0.509189
0.6301599999999999,0.509819
0.63017,0.510448
0.63018,0.511076
0.63019,0.511703
0.6302000000000001,0.512329
0.63021,0.512954
0.63022,0.513578
0.6302300000000001,0.514201
0.63024,0.514823
0.63025,0.515444
0.63026,0.516064
0.63027,0.516684
0.63028,0.517302
0.63029,0.517919
0.6303,0.518535
0.6303099999999999,0.51915
0.6303200000000001,0.519765
0.6303300000000001,0.520378
0.63034,0.52099
0.6303500000000001,0.521601
0.63036,0.522212
0.63037,0.522821
0.6303799999999999,0.523429
0.63039,0.524036
0.6304,0.524642
0.6304099999999999,0.525247
0.63042,0.525851
0.6304299999999999,0.526454
0.63044,0.527056
0.6304500000000001,0.527656
0.63046,0.528256
0.63047,0.528855
0.63048,0.529452
0.63049,0.530049
0.6305,0.530644
0.63051,0.531239
0.63052,0.531832
0.6305299999999999,0.532424
0.63054,0.533015
0.6305499999999999,0.533605
0.6305599999999999,0.534194
0.6305700000000001,0.534782
0.63058,0.535368
0.63059,0.535954
0.6306,0.536539
0.63061,0.537122
0.63062,0.537704
0.63063,0.538285
0.63064,0.538865
0.6306499999999999,0.539444
0.63066,0.540022
0.63067,0.540598
0.6306799999999999,0.541174
0.6306900000000001,0.541748
0.6307,0.542321
0.63071,0.542893
0.6307200000000001,0.543464
0.63073,0.544034
0.63074,0.544603
0.63075,0.54517
0.63076,0.545736
0.6307699999999999,0.546301
0.63078,0.546865
0.63079,0.547428
0.6307999999999999,0.54799
0.63081,0.54855
0.63082,0.549109
0.63083,0.549668
0.6308400000000001,0.550224
0.63085,0.55078
0.63086,0.551335
0.63087,0.551888
0.63088,0.55244
0.63089,0.552991
0.6309,0.553541
0.63091,0.55409
0.6309199999999999,0.554637
0.63093,0.555184
0.6309400000000001,0.555729
0.63095,0.556273
0.6309600000000001,0.556815
0.63097,0.557357
0.63098,0.557897
0.63099,0.558436
0.631,0.558974
0.63101,0.559511
0.63102,0.560046
0.63103,0.56058
0.6310399999999999,0.561113
0.63105,0.561645
0.63106,0.562176
0.63107,0.562705
0.6310800000000001,0.563233
0.63109,0.56376
0.6311,0.564286
0.6311100000000001,0.564811
0.63112,0.565334
0.63113,0.565856
0.63114,0.566377
0.63115,0.566897
0.6311599999999999,0.567415
0.63117,0.567932
0.63118,0.568448
0.63119,0.568963
0.6312000000000001,0.569476
0.63121,0.569989
0.63122,0.5705
0.6312300000000001,0.571009
0.63124,0.571518
0.63125,0.572025
0.63126,0.572531
0.63127,0.573036
0.63128,0.57354
0.63129,0.574042
0.6313,0.574544
0.6313099999999999,0.575043
0.6313200000000001,0.575542
0.6313300000000001,0.57604
0.63134,0.576536
0.6313500000000001,0.577031
0.63136,0.577524
0.63137,0.578017
0.6313799999999999,0.578508
0.63139,0.578998
0.6314,0.579487
0.6314099999999999,0.579974
0.63142,0.580461
0.6314299999999999,0.580946
0.63144,0.58143
0.6314500000000001,0.581912
0.63146,0.582393
0.63147,0.582873
0.63148,0.583352
0.63149,0.58383
0.6315,0.584306
0.63151,0.584781
0.63152,0.585255
0.6315299999999999,0.585728
0.63154,0.586199
0.63155,0.586669
0.6315599999999999,0.587138
0.6315700000000001,0.587605
0.63158,0.588072
0.63159,0.588537
0.6316,0.589001
0.63161,0.589463
0.63162,0.589925
0.63163,0.590385
0.63164,0.590844
0.6316499999999999,0.591301
0.63166,0.591758
0.63167,0.592213
0.6316799999999999,0.592667
0.6316900000000001,0.593119
0.6317,0.593571
0.63171,0.594021
0.6317200000000001,0.59447
0.63173,0.594917
0.63174,0.595364
0.63175,0.595809
0.63176,0.596253
0.6317699999999999,0.596696
0.63178,0.597137
0.63179,0.597577
0.6317999999999999,0.598016
0.63181,0.598454
0.63182,0.59889
0.63183,0.599326
0.6318400000000001,0.59976
0.63185,0.600192
0.63186,0.600624
0.63187,0.601054
0.63188,0.601483
0.63189,0.601911
0.6319,0.602338
0.63191,0.602763
0.6319199999999999,0.603187
0.63193,0.60361
0.6319400000000001,0.604031
0.63195,0.604452
0.6319600000000001,0.604871
0.63197,0.605289
0.63198,0.605706
0.63199,0.606121
0.632,0.606535
0.63201,0.606948
0.63202,0.60736
0.63203,0.607771
0.6320399999999999,0.60818
0.63205,0.608588
0.63206,0.608995
0.63207,0.6094
0.6320800000000001,0.609805
0.63209,0.610208
0.6321,0.61061
0.6321100000000001,0.61101
0.63212,0.61141
0.63213,0.611808
0.63214,0.612205
0.63215,0.612601
0.6321599999999999,0.612996
0.63217,0.613389
0.63218,0.613781
0.63219,0.614172
0.6322000000000001,0.614562
0.63221,0.61495
0.63222,0.615338
0.6322300000000001,0.615724
0.63224,0.616109
0.63225,0.616492
0.63226,0.616875
0.63227,0.617256
0.63228,0.617636
0.63229,0.618015
0.6323,0.618392
0.6323099999999999,0.618769
0.6323200000000001,0.619144
0.6323300000000001,0.619518
0.63234,0.619891
0.63235,0.620262
0.63236,0.620633
0.63237,0.621002
0.6323799999999999,0.62137
0.63239,0.621736
0.6324,0.622102
0.6324099999999999,0.622466
0.63242,0.62283
0.6324299999999999,0.623192
0.63244,0.623552
0.6324500000000001,0.623912
0.63246,0.62427
0.63247,0.624627
0.63248,0.624984
0.63249,0.625338
0.6325,0.625692
0.63251,0.626044
0.63252,0.626396
0.6325299999999999,0.626746
0.63254,0.627095
0.63255,0.627442
0.6325599999999999,0.627789
0.6325700000000001,0.628134
0.63258,0.628478
0.63259,0.628821
0.6326,0.629163
0.63261,0.629504
0.63262,0.629843
0.63263,0.630182
0.63264,0.630519
0.6326499999999999,0.630855
0.63266,0.631189
0.63267,0.631523
0.6326799999999999,0.631856
0.6326900000000001,0.632187
0.6327,0.632517
0.63271,0.632846
0.6327200000000001,0.633174
0.63273,0.6335
0.63274,0.633826
0.63275,0.63415
0.63276,0.634473
0.6327699999999999,0.634795
0.63278,0.635116
0.63279,0.635435
0.6327999999999999,0.635754
0.63281,0.636071
0.63282,0.636388
0.63283,0.636703
0.6328400000000001,0.637016
0.63285,0.637329
0.63286,0.637641
0.63287,0.637951
0.63288,0.638261
0.63289,0.638569
0.6329,0.638876
0.63291,0.639182
0.6329199999999999,0.639486
0.63293,0.63979
0.6329400000000001,0.640092
0.63295,0.640394
0.6329600000000001,0.640694
0.63297,0.640993
0.63298,0.641291
0.63299,0.641588
0.633,0.641883
0.63301,0.642178
0.63302,0.642471
0.63303,0.642764
0.6330399999999999,0.643055
0.63305,0.643345
0.63306,0.643634
0.63307,0.643921
0.6330800000000001,0.644208
0.63309,0.644494
0.6331,0.644778
0.6331100000000001,0.645061
0.63312,0.645344
0.63313,0.645625
0.63314,0.645905
0.63315,0.646183
0.63316,0.646461
0.63317,0.646738
0.63318,0.647013
0.63319,0.647288
0.6332000000000001,0.647561
0.63321,0.647833
0.63322,0.648104
0.6332300000000001,0.648374
0.63324,0.648643
0.63325,0.648911
0.63326,0.649177
0.63327,0.649443
0.63328,0.649708
0.6332899999999999,0.649971
0.6333,0.650233
0.6333099999999999,0.650494
0.6333200000000001,0.650754
0.6333300000000001,0.651014
0.63334,0.651271
0.63335,0.651528
0.63336,0.651784
0.63337,0.652039
0.6333799999999999,0.652292
0.63339,0.652545
0.6334,0.652796
0.6334099999999999,0.653046
0.63342,0.653296
0.6334299999999999,0.653544
0.63344,0.653791
0.6334500000000001,0.654037
0.63346,0.654282
0.63347,0.654526
0.63348,0.654768
0.63349,0.65501
0.6335,0.655251
0.63351,0.65549
0.63352,0.655729
0.6335299999999999,0.655966
0.63354,0.656203
0.63355,0.656438
0.6335599999999999,0.656672
0.6335700000000001,0.656905
0.63358,0.657137
0.63359,0.657368
0.6336,0.657598
0.63361,0.657827
0.63362,0.658055
0.63363,0.658282
0.63364,0.658508
0.6336499999999999,0.658733
0.63366,0.658956
0.63367,0.659179
0.6336799999999999,0.6594
0.6336900000000001,0.659621
0.6337,0.65984
0.63371,0.660059
0.6337200000000001,0.660276
0.63373,0.660492
0.63374,0.660708
0.63375,0.660922
0.63376,0.661135
0.63377,0.661347
0.63378,0.661558
0.63379,0.661768
0.6337999999999999,0.661977
0.63381,0.662185
0.63382,0.662392
0.63383,0.662598
0.6338400000000001,0.662803
0.63385,0.663007
0.63386,0.66321
0.63387,0.663411
0.63388,0.663612
0.63389,0.663812
0.6339,0.66401
0.63391,0.664208
0.6339199999999999,0.664405
0.63393,0.6646
0.6339400000000001,0.664795
0.63395,0.664989
0.6339600000000001,0.665181
0.63397,0.665373
0.63398,0.665563
0.63399,0.665753
0.634,0.665941
0.63401,0.666128
0.63402,0.666315
0.63403,0.6665
0.6340399999999999,0.666685
0.63405,0.666868
0.63406,0.667051
0.63407,0.667232
0.6340800000000001,0.667412
0.63409,0.667592
0.6341,0.66777
0.6341100000000001,0.667947
0.63412,0.668124
0.63413,0.668299
0.63414,0.668473
0.63415,0.668647
0.63416,0.668819
0.63417,0.66899
0.63418,0.669161
0.63419,0.66933
0.6342000000000001,0.669498
0.63421,0.669666
0.63422,0.669832
0.6342300000000001,0.669997
0.63424,0.670162
0.63425,0.670325
0.63426,0.670487
0.63427,0.670649
0.63428,0.670809
0.6342899999999999,0.670968
0.6343,0.671127
0.6343099999999999,0.671284
0.63432,0.671441
0.6343300000000001,0.671596
0.63434,0.67175
0.63435,0.671904
0.63436,0.672056
0.63437,0.672208
0.6343799999999999,0.672358
0.63439,0.672508
0.6344,0.672656
0.6344099999999999,0.672804
0.63442,0.672951
0.6344299999999999,0.673096
0.63444,0.673241
0.6344500000000001,0.673384
0.63446,0.673527
0.63447,0.673669
0.63448,0.67381
0.63449,0.673949
0.6345,0.674088
0.63451,0.674226
0.63452,0.674363
0.6345299999999999,0.674499
0.63454,0.674633
0.63455,0.674767
0.6345599999999999,0.6749
0.6345700000000001,0.675032
0.63458,0.675163
0.63459,0.675293
0.6346,0.675422
0.63461,0.67555
0.63462,0.675678
0.63463,0.675804
0.63464,0.675929
0.6346499999999999,0.676053
0.63466,0.676177
0.63467,0.676299
0.6346799999999999,0.67642
0.6346900000000001,0.676541
0.6347,0.67666
0.63471,0.676779
0.6347200000000001,0.676896
0.63473,0.677013
0.63474,0.677128
0.63475,0.677243
0.63476,0.677357
0.63477,0.67747
0.63478,0.677581
0.63479,0.677692
0.6347999999999999,0.677802
0.63481,0.677911
0.63482,0.678019
0.63483,0.678126
0.6348400000000001,0.678232
0.63485,0.678337
0.63486,0.678442
0.63487,0.678545
0.63488,0.678647
0.63489,0.678749
0.6349,0.678849
0.63491,0.678948
0.6349199999999999,0.679047
0.63493,0.679145
0.6349400000000001,0.679241
0.63495,0.679337
0.6349600000000001,0.679432
0.63497,0.679525
0.63498,0.679618
0.63499,0.67971
0.635,0.679801
0.63501,0.679891
0.63502,0.67998
0.63503,0.680068
0.6350399999999999,0.680156
0.63505,0.680242
0.63506,0.680327
0.63507,0.680412
0.6350800000000001,0.680495
0.63509,0.680578
0.6351,0.680659
0.6351100000000001,0.68074
0.63512,0.68082
0.63513,0.680898
0.63514,0.680976
0.63515,0.681053
0.63516,0.681129
0.63517,0.681204
0.63518,0.681278
0.63519,0.681351
0.6352000000000001,0.681424
0.63521,0.681495
0.63522,0.681565
0.6352300000000001,0.681635
0.63524,0.681703
0.63525,0.681771
0.6352599999999999,0.681837
0.63527,0.681903
0.63528,0.681968
0.6352899999999999,0.682032
0.6353,0.682095
0.6353099999999999,0.682157
0.63532,0.682218
0.6353300000000001,0.682278
0.63534,0.682337
0.63535,0.682395
0.63536,0.682453
0.63537,0.682509
0.63538,0.682565
0.63539,0.682619
0.6354,0.682673
0.6354099999999999,0.682726
0.63542,0.682777
0.6354299999999999,0.682828
0.63544,0.682878
0.6354500000000001,0.682927
0.63546,0.682975
0.63547,0.683022
0.63548,0.683069
0.63549,0.683114
0.6355,0.683158
0.63551,0.683202
0.63552,0.683244
0.6355299999999999,0.683286
0.63554,0.683327
0.63555,0.683367
0.6355599999999999,0.683405
0.6355700000000001,0.683443
0.63558,0.68348
0.63559,0.683516
0.6356,0.683552
0.63561,0.683586
0.63562,0.683619
0.63563,0.683651
0.63564,0.683683
0.6356499999999999,0.683713
0.63566,0.683743
0.63567,0.683772
0.6356799999999999,0.6838
0.6356900000000001,0.683826
0.6357,0.683852
0.63571,0.683877
0.6357200000000001,0.683901
0.63573,0.683925
0.63574,0.683947
0.63575,0.683968
0.63576,0.683989
0.63577,0.684008
0.63578,0.684027
0.63579,0.684044
0.6357999999999999,0.684061
0.63581,0.684077
0.63582,0.684092
0.63583,0.684106
0.6358400000000001,0.684119
0.63585,0.684131
0.63586,0.684142
0.63587,0.684152
0.63588,0.684162
0.63589,0.68417
0.6359,0.684178
0.63591,0.684184
0.6359199999999999,0.68419
0.63593,0.684195
0.6359400000000001,0.684198
0.63595,0.684201
0.6359600000000001,0.684203
0.63597,0.684204
0.63598,0.684204
0.63599,0.684204
0.636,0.684202
0.63601,0.684199
0.63602,0.684196
0.63603,0.684191
0.6360399999999999,0.684186
0.63605,0.68418
0.63606,0.684172
0.63607,0.684164
0.6360800000000001,0.684155
0.63609,0.684145
0.6361,0.684134
0.6361100000000001,0.684122
0.63612,0.684109
0.63613,0.684096
0.63614,0.684081
0.63615,0.684065
0.63616,0.684049
0.63617,0.684031
0.63618,0.684013
0.63619,0.683994
0.6362000000000001,0.683974
0.63621,0.683953
0.63622,0.68393
0.6362300000000001,0.683908
0.63624,0.683884
0.63625,0.683859
0.6362599999999999,0.683833
0.63627,0.683806
0.63628,0.683779
0.6362899999999999,0.68375
0.6363,0.683721
0.6363099999999999,0.68369
0.63632,0.683659
0.6363300000000001,0.683627
0.63634,0.683593
0.63635,0.683559
0.63636,0.683524
0.63637,0.683488
0.63638,0.683451
0.63639,0.683413
0.6364,0.683375
0.6364099999999999,0.683335
0.63642,0.683294
0.6364299999999999,0.683253
0.63644,0.68321
0.6364500000000001,0.683167
0.63646,0.683122
0.63647,0.683077
0.63648,0.683031
0.63649,0.682984
0.6365,0.682935
0.63651,0.682886
0.63652,0.682836
0.6365299999999999,0.682785
0.63654,0.682734
0.63655,0.682681
0.6365599999999999,0.682627
0.6365700000000001,0.682572
0.63658,0.682517
0.63659,0.68246
0.6366,0.682402
0.63661,0.682344
0.63662,0.682285
0.63663,0.682224
0.63664,0.682163
0.6366499999999999,0.682101
0.63666,0.682037
0.63667,0.681973
0.6366799999999999,0.681908
0.6366900000000001,0.681842
0.6367,0.681775
0.63671,0.681707
0.6367200000000001,0.681638
0.63673,0.681569
0.63674,0.681498
0.63675,0.681426
0.63676,0.681353
0.63677,0.68128
0.63678,0.681205
0.63679,0.68113
0.6367999999999999,0.681053
0.63681,0.680976
0.63682,0.680897
0.63683,0.680818
0.6368400000000001,0.680738
0.63685,0.680657
0.63686,0.680574
0.63687,0.680491
0.63688,0.680407
0.63689,0.680322
0.6369,0.680236
0.63691,0.680149
0.6369199999999999,0.680061
0.63693,0.679972
0.6369400000000001,0.679882
0.63695,0.679791
0.6369600000000001,0.679699
0.63697,0.679607
0.63698,0.679513
0.6369900000000001,0.679418
0.637,0.679323
0.63701,0.679226
0.63702,0.679128
0.63703,0.67903
0.6370399999999999,0.67893
0.63705,0.67883
0.63706,0.678728
0.63707,0.678626
0.6370800000000001,0.678522
0.63709,0.678418
0.6371,0.678312
0.6371100000000001,0.678206
0.63712,0.678099
0.63713,0.67799
0.63714,0.677881
0.63715,0.677771
0.63716,0.677659
0.63717,0.677547
0.63718,0.677434
0.63719,0.67732
0.6372000000000001,0.677204
0.63721,0.677088
0.63722,0.676971
0.63723,0.676853
0.63724,0.676734
0.63725,0.676614
0.6372599999999999,0.676492
0.63727,0.67637
0.63728,0.676247
0.6372899999999999,0.676123
0.6373,0.675998
0.6373099999999999,0.675872
0.63732,0.675745
0.6373300000000001,0.675617
0.63734,0.675488
0.63735,0.675357
0.63736,0.675226
0.63737,0.675094
0.63738,0.674961
0.63739,0.674827
0.6374,0.674692
0.6374099999999999,0.674556
0.63742,0.674419
0.6374299999999999,0.674281
0.63744,0.674142
0.6374500000000001,0.674001
0.63746,0.67386
0.63747,0.673718
0.63748,0.673575
0.63749,0.673431
0.6375,0.673286
0.63751,0.673139
0.63752,0.672992
0.6375299999999999,0.672844
0.63754,0.672695
0.63755,0.672544
0.6375599999999999,0.672393
0.6375700000000001,0.672241
0.63758,0.672087
0.63759,0.671933
0.6376000000000001,0.671778
0.63761,0.671621
0.63762,0.671464
0.63763,0.671305
0.63764,0.671146
0.6376499999999999,0.670985
0.63766,0.670824
0.63767,0.670661
0.6376799999999999,0.670497
0.6376900000000001,0.670333
0.6377,0.670167
0.63771,0.67
0.6377200000000001,0.669832
0.63773,0.669663
0.63774,0.669493
0.63775,0.669323
0.63776,0.669151
0.63777,0.668978
0.63778,0.668803
0.63779,0.668628
0.6377999999999999,0.668452
0.63781,0.668275
0.63782,0.668097
0.63783,0.667917
0.6378400000000001,0.667737
0.63785,0.667555
0.63786,0.667373
0.63787,0.667189
0.63788,0.667005
0.63789,0.666819
0.6379,0.666632
0.63791,0.666444
0.6379199999999999,0.666255
0.63793,0.666065
0.6379400000000001,0.665874
0.63795,0.665682
0.6379600000000001,0.665489
0.63797,0.665295
0.63798,0.6651
0.6379900000000001,0.664903
0.638,0.664706
0.63801,0.664507
0.63802,0.664307
0.63803,0.664107
0.6380399999999999,0.663905
0.63805,0.663702
0.63806,0.663498
0.63807,0.663293
0.6380800000000001,0.663087
0.63809,0.66288
0.6381,0.662671
0.6381100000000001,0.662462
0.63812,0.662251
0.63813,0.66204
0.63814,0.661827
0.63815,0.661613
0.63816,0.661398
0.6381699999999999,0.661182
0.63818,0.660965
0.63819,0.660747
0.6382000000000001,0.660527
0.63821,0.660307
0.63822,0.660085
0.63823,0.659863
0.63824,0.659639
0.63825,0.659414
0.6382599999999999,0.659188
0.63827,0.658961
0.63828,0.658732
0.6382899999999999,0.658503
0.6383,0.658272
0.6383099999999999,0.658041
0.63832,0.657808
0.6383300000000001,0.657574
0.63834,0.657339
0.63835,0.657103
0.63836,0.656866
0.63837,0.656627
0.63838,0.656388
0.63839,0.656147
0.6384,0.655905
0.6384099999999999,0.655662
0.63842,0.655418
0.6384299999999999,0.655173
0.63844,0.654926
0.6384500000000001,0.654679
0.63846,0.65443
0.63847,0.65418
0.63848,0.653929
0.63849,0.653677
0.6385,0.653424
0.63851,0.653169
0.63852,0.652913
0.6385299999999999,0.652657
0.63854,0.652399
0.63855,0.65214
0.6385599999999999,0.651879
0.6385700000000001,0.651618
0.63858,0.651355
0.63859,0.651091
0.6386000000000001,0.650826
0.63861,0.65056
0.63862,0.650293
0.63863,0.650024
0.63864,0.649755
0.6386499999999999,0.649484
0.63866,0.649212
0.63867,0.648938
0.6386799999999999,0.648664
0.6386900000000001,0.648388
0.6387,0.648111
0.63871,0.647833
0.6387200000000001,0.647554
0.63873,0.647274
0.63874,0.646992
0.63875,0.646709
0.63876,0.646425
0.63877,0.64614
0.63878,0.645854
0.63879,0.645566
0.6387999999999999,0.645277
0.63881,0.644987
0.63882,0.644696
0.63883,0.644404
0.6388400000000001,0.64411
0.63885,0.643815
0.63886,0.643519
0.63887,0.643221
0.63888,0.642923
0.63889,0.642623
0.6389,0.642322
0.63891,0.64202
0.6389199999999999,0.641716
0.63893,0.641412
0.6389400000000001,0.641106
0.63895,0.640798
0.6389600000000001,0.64049
0.63897,0.64018
0.63898,0.639869
0.6389900000000001,0.639557
0.639,0.639244
0.63901,0.638929
0.63902,0.638613
0.63903,0.638296
0.6390399999999999,0.637978
0.63905,0.637658
0.63906,0.637337
0.63907,0.637015
0.6390800000000001,0.636691
0.63909,0.636367
0.6391,0.636041
0.6391100000000001,0.635714
0.63912,0.635385
0.63913,0.635055
0.63914,0.634724
0.63915,0.634392
0.63916,0.634058
0.6391699999999999,0.633723
0.63918,0.633387
0.63919,0.63305
0.6392,0.632711
0.6392100000000001,0.632371
0.63922,0.63203
0.63923,0.631687
0.63924,0.631343
0.63925,0.630998
0.6392599999999999,0.630651
0.63927,0.630304
0.63928,0.629955
0.6392899999999999,0.629604
0.6393,0.629253
0.6393099999999999,0.6289
0.63932,0.628545
0.6393300000000001,0.62819
0.63934,0.627833
0.63935,0.627475
0.63936,0.627115
0.63937,0.626754
0.63938,0.626392
0.63939,0.626028
0.6394,0.625664
0.6394099999999999,0.625297
0.63942,0.62493
0.6394299999999999,0.624561
0.63944,0.624191
0.6394500000000001,0.62382
0.63946,0.623447
0.63947,0.623073
0.63948,0.622697
0.63949,0.62232
0.6395,0.621942
0.63951,0.621563
0.63952,0.621182
0.6395299999999999,0.6208
0.63954,0.620416
0.63955,0.620031
0.6395599999999999,0.619645
0.6395700000000001,0.619257
0.63958,0.618868
0.63959,0.618478
0.6396000000000001,0.618086
0.63961,0.617693
0.63962,0.617299
0.63963,0.616903
0.63964,0.616506
0.6396499999999999,0.616108
0.63966,0.615708
0.63967,0.615306
0.6396799999999999,0.614904
0.6396900000000001,0.6145
0.6397,0.614094
0.63971,0.613688
0.6397200000000001,0.61328
0.63973,0.61287
0.63974,0.612459
0.63975,0.612047
0.63976,0.611633
0.63977,0.611218
0.63978,0.610801
0.63979,0.610384
0.6397999999999999,0.609964
0.63981,0.609544
0.63982,0.609122
0.63983,0.608698
0.6398400000000001,0.608273
0.63985,0.607847
0.63986,0.607419
0.63987,0.60699
0.63988,0.60656
0.63989,0.606128
0.6399,0.605694
0.63991,0.605259
0.6399199999999999,0.604823
0.63993,0.604386
0.6399400000000001,0.603947
0.63995,0.603506
0.6399600000000001,0.603064
0.63997,0.602621
0.63998,0.602176
0.6399900000000001,0.60173
0.64,0.601282
0.64001,0.600833
0.64002,0.600383
0.64003,0.599931
0.6400399999999999,0.599478
0.64005,0.599023
0.64006,0.598567
0.64007,0.598109
0.6400800000000001,0.59765
0.64009,0.597189
0.6401,0.596727
0.6401100000000001,0.596264
0.64012,0.595799
0.64013,0.595333
0.6401399999999999,0.594865
0.64015,0.594396
0.64016,0.593925
0.6401699999999999,0.593453
0.64018,0.592979
0.64019,0.592504
0.6402,0.592027
0.6402100000000001,0.591549
0.64022,0.59107
0.64023,0.590589
0.64024,0.590106
0.64025,0.589622
0.6402599999999999,0.589137
0.64027,0.58865
0.64028,0.588162
0.6402899999999999,0.587672
0.6403,0.587181
0.6403099999999999,0.586688
0.64032,0.586194
0.6403300000000001,0.585698
0.64034,0.585201
0.64035,0.584702
0.64036,0.584202
0.64037,0.5837
0.64038,0.583197
0.64039,0.582693
0.6404,0.582187
0.6404099999999999,0.581679
0.64042,0.58117
0.6404299999999999,0.580659
0.64044,0.580147
0.6404500000000001,0.579634
0.64046,0.579118
0.64047,0.578602
0.64048,0.578084
0.64049,0.577564
0.6405,0.577043
0.64051,0.576521
0.64052,0.575997
0.6405299999999999,0.575471
0.64054,0.574944
0.64055,0.574415
0.6405599999999999,0.573885
0.6405700000000001,0.573354
0.64058,0.572821
0.64059,0.572286
0.6406000000000001,0.57175
0.64061,0.571212
0.64062,0.570673
0.64063,0.570133
0.64064,0.56959
0.6406499999999999,0.569047
0.64066,0.568502
0.64067,0.567955
0.6406799999999999,0.567407
0.6406900000000001,0.566857
0.6407,0.566306
0.64071,0.565753
0.6407200000000001,0.565199
0.64073,0.564643
0.64074,0.564086
0.64075,0.563527
0.64076,0.562967
0.64077,0.562405
0.64078,0.561842
0.64079,0.561277
0.6407999999999999,0.56071
0.64081,0.560142
0.6408200000000001,0.559573
0.64083,0.559002
0.6408400000000001,0.55843
0.64085,0.557856
0.64086,0.55728
0.64087,0.556703
0.64088,0.556125
0.64089,0.555545
0.6409,0.554963
0.64091,0.55438
0.6409199999999999,0.553795
0.64093,0.553209
0.6409400000000001,0.552622
0.64095,0.552033
0.6409600000000001,0.551442
0.64097,0.55085
0.64098,0.550256
0.6409900000000001,0.549661
0.641,0.549064
0.64101,0.548466
0.64102,0.547866
0.64103,0.547265
0.6410399999999999,0.546662
0.64105,0.546058
0.64106,0.545452
0.64107,0.544845
0.6410800000000001,0.544236
0.64109,0.543625
0.6411,0.543014
0.6411100000000001,0.5424
0.64112,0.541785
0.64113,0.541169
0.6411399999999999,0.540551
0.64115,0.539932
0.64116,0.539311
0.6411699999999999,0.538688
0.64118,0.538064
0.64119,0.537439
0.6412,0.536812
0.6412100000000001,0.536184
0.64122,0.535554
0.64123,0.534923
0.64124,0.53429
0.64125,0.533655
0.6412599999999999,0.533019
0.64127,0.532382
0.64128,0.531743
0.6412899999999999,0.531103
0.6413,0.530461
0.6413099999999999,0.529818
0.64132,0.529173
0.6413300000000001,0.528527
0.64134,0.527879
0.64135,0.52723
0.64136,0.526579
0.64137,0.525927
0.64138,0.525273
0.64139,0.524618
0.6414,0.523962
0.6414099999999999,0.523304
0.64142,0.522644
0.64143,0.521983
0.64144,0.521321
0.6414500000000001,0.520657
0.64146,0.519992
0.64147,0.519325
0.64148,0.518657
0.64149,0.517987
0.6415,0.517316
0.64151,0.516644
0.64152,0.51597
0.6415299999999999,0.515294
0.64154,0.514618
0.64155,0.513939
0.6415599999999999,0.51326
0.6415700000000001,0.512579
0.64158,0.511896
0.64159,0.511212
0.6416000000000001,0.510527
0.64161,0.50984
0.64162,0.509152
0.64163,0.508463
0.64164,0.507772
0.6416499999999999,0.507079
0.64166,0.506386
0.64167,0.505691
0.6416799999999999,0.504994
0.6416900000000001,0.504296
0.6417,0.503597
0.64171,0.502896
0.6417200000000001,0.502195
0.64173,0.501491
0.64174,0.500787
0.64175,0.500081
0.64176,0.499373
0.64177,0.498665
0.64178,0.497954
0.64179,0.497243
0.6417999999999999,0.49653
0.64181,0.495816
0.6418200000000001,0.495101
0.64183,0.494384
0.6418400000000001,0.493666
0.64185,0.492947
0.64186,0.492227
0.64187,0.491505
0.64188,0.490782
0.64189,0.490057
0.6419,0.489331
0.64191,0.488604
0.6419199999999999,0.487876
0.64193,0.487147
0.6419400000000001,0.486416
0.64195,0.485684
0.6419600000000001,0.48495
0.64197,0.484216
0.64198,0.48348
0.6419900000000001,0.482743
0.642,0.482005
0.64201,0.481266
0.64202,0.480525
0.64203,0.479783
0.6420399999999999,0.47904
0.64205,0.478296
0.64206,0.477551
0.64207,0.476804
0.6420800000000001,0.476056
0.64209,0.475308
0.6421,0.474558
0.64211,0.473806
0.64212,0.473054
0.64213,0.472301
0.6421399999999999,0.471546
0.64215,0.470791
0.64216,0.470034
0.6421699999999999,0.469276
0.64218,0.468517
0.64219,0.467757
0.6422,0.466996
0.6422100000000001,0.466234
0.64222,0.46547
0.64223,0.464706
0.64224,0.463941
0.64225,0.463174
0.6422599999999999,0.462407
0.64227,0.461638
0.64228,0.460869
0.6422899999999999,0.460099
0.6423,0.459327
0.6423099999999999,0.458555
0.64232,0.457781
0.6423300000000001,0.457007
0.64234,0.456232
0.64235,0.455455
0.64236,0.454678
0.64237,0.4539
0.64238,0.453121
0.64239,0.452341
0.6424,0.451561
0.6424099999999999,0.450779
0.64242,0.449996
0.64243,0.449213
0.64244,0.448429
0.6424500000000001,0.447643
0.64246,0.446857
0.64247,0.446071
0.64248,0.445283
0.64249,0.444495
0.6425,0.443705
0.64251,0.442916
0.64252,0.442125
0.6425299999999999,0.441333
0.64254,0.440541
0.64255,0.439748
0.6425599999999999,0.438954
0.6425700000000001,0.43816
0.64258,0.437365
0.64259,0.436569
0.6426000000000001,0.435773
0.64261,0.434976
0.64262,0.434178
0.64263,0.43338
0.64264,0.432581
0.6426499999999999,0.431781
0.64266,0.430981
0.64267,0.43018
0.6426799999999999,0.429379
0.6426900000000001,0.428577
0.6427,0.427774
0.64271,0.426971
0.6427200000000001,0.426168
0.64273,0.425364
0.64274,0.424559
0.64275,0.423754
0.64276,0.422949
0.64277,0.422143
0.64278,0.421336
0.64279,0.42053
0.6427999999999999,0.419723
0.64281,0.418915
0.6428200000000001,0.418107
0.64283,0.417299
0.6428400000000001,0.41649
0.64285,0.415681
0.64286,0.414872
0.64287,0.414062
0.64288,0.413253
0.64289,0.412442
0.6429,0.411632
0.64291,0.410821
0.6429199999999999,0.410011
0.64293,0.409199
0.6429400000000001,0.408388
0.64295,0.407577
0.6429600000000001,0.406765
0.64297,0.405954
0.64298,0.405142
0.6429900000000001,0.40433
0.643,0.403518
0.64301,0.402706
0.64302,0.401893
0.64303,0.401081
0.64304,0.400269
0.6430499999999999,0.399457
0.64306,0.398645
0.64307,0.397832
0.6430800000000001,0.39702
0.64309,0.396208
0.6431,0.395396
0.64311,0.394584
0.64312,0.393772
0.64313,0.392961
0.6431399999999999,0.392149
0.64315,0.391338
0.64316,0.390527
0.6431699999999999,0.389716
0.64318,0.388905
0.64319,0.388095
0.6432,0.387285
0.6432100000000001,0.386475
0.64322,0.385665
0.64323,0.384856
0.64324,0.384047
0.64325,0.383239
0.6432599999999999,0.382431
0.64327,0.381623
0.64328,0.380816
0.6432899999999999,0.380009
0.6433,0.379203
0.6433099999999999,0.378397
0.64332,0.377592
0.6433300000000001,0.376787
0.64334,0.375982
0.64335,0.375179
0.64336,0.374376
0.64337,0.373573
0.64338,0.372771
0.64339,0.37197
0.6434,0.37117
0.6434099999999999,0.37037
0.64342,0.369571
0.64343,0.368772
0.64344,0.367975
0.6434500000000001,0.367178
0.64346,0.366382
0.64347,0.365587
0.64348,0.364793
0.64349,0.363999
0.6435,0.363207
0.64351,0.362415
0.64352,0.361625
0.6435299999999999,0.360835
0.64354,0.360046
0.64355,0.359259
0.6435599999999999,0.358472
0.6435700000000001,0.357686
0.64358,0.356902
0.64359,0.356118
0.6436000000000001,0.355336
0.64361,0.354555
0.64362,0.353775
0.64363,0.352996
0.64364,0.352219
0.6436499999999999,0.351443
0.64366,0.350668
0.64367,0.349894
0.6436799999999999,0.349122
0.6436900000000001,0.348351
0.6437,0.347581
0.64371,0.346813
0.6437200000000001,0.346046
0.64373,0.345281
0.64374,0.344517
0.64375,0.343754
0.64376,0.342994
0.64377,0.342234
0.64378,0.341476
0.64379,0.34072
0.6437999999999999,0.339966
0.64381,0.339213
0.6438200000000001,0.338461
0.64383,0.337712
0.6438400000000001,0.336964
0.64385,0.336218
0.64386,0.335474
0.64387,0.334731
0.64388,0.33399
0.64389,0.333252
0.6439,0.332515
0.64391,0.331779
0.6439199999999999,0.331046
0.64393,0.330315
0.6439400000000001,0.329586
0.64395,0.328859
0.6439600000000001,0.328133
0.64397,0.32741
0.64398,0.326689
0.6439900000000001,0.32597
0.644,0.325253
0.64401,0.324539
0.64402,0.323826
0.64403,0.323116
0.64404,0.322408
0.6440499999999999,0.321702
0.64406,0.320999
0.64407,0.320298
0.64408,0.319599
0.64409,0.318902
0.6441,0.318208
0.64411,0.317517
0.64412,0.316828
0.64413,0.316141
0.6441399999999999,0.315457
0.64415,0.314775
0.64416,0.314096
0.6441699999999999,0.31342
0.64418,0.312746
0.64419,0.312075
0.6442,0.311406
0.6442100000000001,0.31074
0.64422,0.310077
0.64423,0.309416
0.64424,0.308759
0.64425,0.308104
0.6442599999999999,0.307452
0.64427,0.306803
0.64428,0.306156
0.6442899999999999,0.305513
0.6443,0.304873
0.6443099999999999,0.304235
0.64432,0.303601
0.6443300000000001,0.302969
0.64434,0.302341
0.64435,0.301715
0.64436,0.301093
0.64437,0.300474
0.64438,0.299858
0.64439,0.299245
0.6444,0.298635
0.6444099999999999,0.298028
0.64442,0.297425
0.64443,0.296825
0.64444,0.296229
0.6444500000000001,0.295635
0.64446,0.295045
0.64447,0.294459
0.64448,0.293876
0.64449,0.293296
0.6445,0.292719
0.64451,0.292147
0.64452,0.291577
0.6445299999999999,0.291011
0.64454,0.290449
0.64455,0.289891
0.6445599999999999,0.289335
0.6445700000000001,0.288784
0.64458,0.288236
0.64459,0.287692
0.6446000000000001,0.287152
0.64461,0.286615
0.64462,0.286082
0.64463,0.285553
0.64464,0.285028
0.64465,0.284506
0.64466,0.283989
0.64467,0.283475
0.6446799999999999,0.282965
0.6446900000000001,0.282459
0.6447,0.281957
0.64471,0.281459
0.6447200000000001,0.280965
0.64473,0.280475
0.64474,0.279989
0.64475,0.279508
0.64476,0.27903
0.64477,0.278556
0.64478,0.278087
0.64479,0.277621
0.6447999999999999,0.27716
0.64481,0.276703
0.6448200000000001,0.27625
0.64483,0.275802
0.6448400000000001,0.275358
0.64485,0.274918
0.64486,0.274482
0.64487,0.274051
0.64488,0.273624
0.64489,0.273201
0.6449,0.272783
0.64491,0.272369
0.6449199999999999,0.27196
0.64493,0.271555
0.6449400000000001,0.271155
0.64495,0.270759
0.6449600000000001,0.270368
0.64497,0.269981
0.64498,0.269599
0.6449900000000001,0.269221
0.645,0.268848
0.64501,0.26848
0.6450199999999999,0.268116
0.64503,0.267757
0.64504,0.267402
0.6450499999999999,0.267052
0.64506,0.266707
0.64507,0.266367
0.64508,0.266032
0.64509,0.265701
0.6451,0.265375
0.64511,0.265053
0.64512,0.264737
0.64513,0.264425
0.6451399999999999,0.264119
0.64515,0.263817
0.64516,0.26352
0.6451699999999999,0.263228
0.64518,0.26294
0.64519,0.262658
0.6452,0.262381
0.6452100000000001,0.262108
0.64522,0.261841
0.64523,0.261579
0.64524,0.261321
0.64525,0.261069
0.64526,0.260821
0.64527,0.260579
0.64528,0.260342
0.6452899999999999,0.26011
0.6453,0.259882
0.6453099999999999,0.25966
0.64532,0.259443
0.6453300000000001,0.259232
0.64534,0.259025
0.64535,0.258823
0.64536,0.258627
0.64537,0.258435
0.64538,0.258249
0.64539,0.258068
0.6454,0.257893
0.6454099999999999,0.257722
0.64542,0.257557
0.64543,0.257397
0.64544,0.257242
0.6454500000000001,0.257092
0.64546,0.256948
0.64547,0.256809
0.64548,0.256675
0.64549,0.256546
0.6455,0.256423
0.64551,0.256305
0.64552,0.256192
0.6455299999999999,0.256085
0.64554,0.255982
0.64555,0.255886
0.6455599999999999,0.255794
0.6455700000000001,0.255708
0.64558,0.255627
0.64559,0.255551
0.6456000000000001,0.255481
0.64561,0.255416
0.64562,0.255357
0.64563,0.255302
0.64564,0.255254
0.64565,0.25521
0.64566,0.255172
0.64567,0.255139
0.6456799999999999,0.255112
0.6456900000000001,0.25509
0.6457,0.255073
0.64571,0.255062
0.6457200000000001,0.255056
0.64573,0.255055
0.64574,0.25506
0.64575,0.25507
0.64576,0.255085
0.64577,0.255106
0.64578,0.255133
0.64579,0.255164
0.6457999999999999,0.255201
0.64581,0.255243
0.6458200000000001,0.255291
0.64583,0.255344
0.6458400000000001,0.255403
0.64585,0.255466
0.64586,0.255536
0.64587,0.25561
0.64588,0.25569
0.64589,0.255775
0.6459,0.255866
0.64591,0.255961
0.6459199999999999,0.256063
0.64593,0.256169
0.6459400000000001,0.256281
0.64595,0.256398
0.6459600000000001,0.256521
0.64597,0.256648
0.64598,0.256782
0.6459900000000001,0.25692
0.646,0.257064
0.64601,0.257212
0.6460199999999999,0.257367
0.64603,0.257526
0.64604,0.257691
0.6460499999999999,0.257861
0.64606,0.258036
0.64607,0.258216
0.64608,0.258402
0.64609,0.258593
0.6461,0.258789
0.64611,0.25899
0.64612,0.259197
0.64613,0.259408
0.6461399999999999,0.259625
0.64615,0.259847
0.64616,0.260074
0.6461699999999999,0.260306
0.64618,0.260544
0.64619,0.260786
0.6462,0.261033
0.6462100000000001,0.261286
0.64622,0.261544
0.64623,0.261806
0.64624,0.262074
0.64625,0.262347
0.64626,0.262625
0.64627,0.262908
0.64628,0.263195
0.6462899999999999,0.263488
0.6463,0.263786
0.6463099999999999,0.264089
0.64632,0.264396
0.6463300000000001,0.264709
0.64634,0.265026
0.64635,0.265348
0.64636,0.265676
0.64637,0.266008
0.64638,0.266344
0.64639,0.266686
0.6464,0.267033
0.6464099999999999,0.267384
0.64642,0.26774
0.64643,0.268101
0.64644,0.268466
0.6464500000000001,0.268836
0.64646,0.269211
0.64647,0.269591
0.64648,0.269975
0.64649,0.270364
0.6465,0.270757
0.64651,0.271156
0.64652,0.271558
0.6465299999999999,0.271966
0.64654,0.272377
0.64655,0.272794
0.6465599999999999,0.273215
0.6465700000000001,0.27364
0.64658,0.27407
0.64659,0.274504
0.6466000000000001,0.274943
0.64661,0.275386
0.64662,0.275833
0.64663,0.276285
0.64664,0.276741
0.64665,0.277202
0.64666,0.277666
0.64667,0.278135
0.6466799999999999,0.278609
0.6466900000000001,0.279086
0.6467,0.279568
0.64671,0.280054
0.6467200000000001,0.280544
0.64673,0.281038
0.64674,0.281536
0.64675,0.282039
0.64676,0.282545
0.64677,0.283056
0.64678,0.28357
0.64679,0.284089
0.6467999999999999,0.284612
0.64681,0.285138
0.6468200000000001,0.285669
0.64683,0.286203
0.6468400000000001,0.286741
0.64685,0.287283
0.64686,0.287829
0.6468700000000001,0.288379
0.64688,0.288932
0.64689,0.28949
0.6469,0.290051
0.64691,0.290615
0.6469199999999999,0.291184
0.64693,0.291756
0.6469400000000001,0.292331
0.64695,0.292911
0.6469600000000001,0.293494
0.64697,0.29408
0.64698,0.29467
0.64699,0.295263
0.647,0.29586
0.64701,0.296461
0.6470199999999999,0.297065
0.64703,0.297672
0.64704,0.298283
0.6470499999999999,0.298897
0.64706,0.299514
0.64707,0.300135
0.64708,0.300758
0.64709,0.301386
0.6471,0.302016
0.64711,0.302649
0.64712,0.303286
0.64713,0.303926
0.6471399999999999,0.304569
0.64715,0.305215
0.64716,0.305864
0.6471699999999999,0.306516
0.64718,0.307172
0.64719,0.30783
0.6472,0.308491
0.6472100000000001,0.309155
0.64722,0.309822
0.64723,0.310492
0.64724,0.311164
0.64725,0.31184
0.64726,0.312518
0.64727,0.313199
0.64728,0.313883
0.6472899999999999,0.31457
0.6473,0.315259
0.6473099999999999,0.315951
0.64732,0.316645
0.6473300000000001,0.317343
0.64734,0.318042
0.64735,0.318745
0.64736,0.319449
0.64737,0.320157
0.64738,0.320866
0.64739,0.321579
0.6474,0.322293
0.6474099999999999,0.32301
0.64742,0.32373
0.64743,0.324452
0.64744,0.325176
0.6474500000000001,0.325902
0.64746,0.326631
0.64747,0.327362
0.64748,0.328095
0.64749,0.32883
0.6475,0.329567
0.64751,0.330307
0.64752,0.331049
0.6475299999999999,0.331792
0.64754,0.332538
0.64755,0.333286
0.6475599999999999,0.334036
0.6475700000000001,0.334787
0.64758,0.335541
0.64759,0.336297
0.6476000000000001,0.337054
0.64761,0.337814
0.64762,0.338575
0.64763,0.339338
0.64764,0.340103
0.64765,0.34087
0.64766,0.341638
0.64767,0.342408
0.6476799999999999,0.34318
0.6476900000000001,0.343953
0.6477,0.344728
0.64771,0.345505
0.6477200000000001,0.346283
0.64773,0.347063
0.64774,0.347844
0.64775,0.348627
0.64776,0.349412
0.64777,0.350198
0.64778,0.350985
0.64779,0.351773
0.6477999999999999,0.352564
0.64781,0.353355
0.6478200000000001,0.354148
0.64783,0.354942
0.6478400000000001,0.355737
0.64785,0.356534
0.64786,0.357332
0.6478700000000001,0.358131
0.64788,0.358931
0.64789,0.359732
0.6479,0.360535
0.64791,0.361339
0.6479199999999999,0.362144
0.6479299999999999,0.362949
0.6479400000000001,0.363756
0.64795,0.364564
0.6479600000000001,0.365373
0.64797,0.366183
0.64798,0.366994
0.64799,0.367806
0.648,0.368619
0.64801,0.369432
0.6480199999999999,0.370247
0.64803,0.371062
0.64804,0.371878
0.6480499999999999,0.372695
0.64806,0.373513
0.64807,0.374332
0.64808,0.375151
0.64809,0.375971
0.6481,0.376791
0.64811,0.377613
0.64812,0.378435
0.64813,0.379257
0.6481399999999999,0.38008
0.64815,0.380904
0.64816,0.381728
0.6481699999999999,0.382553
0.64818,0.383379
0.64819,0.384205
0.6482,0.385031
0.6482100000000001,0.385858
0.64822,0.386685
0.64823,0.387513
0.64824,0.388341
0.64825,0.389169
0.64826,0.389998
0.64827,0.390827
0.64828,0.391656
0.6482899999999999,0.392486
0.6483,0.393316
0.6483099999999999,0.394146
0.64832,0.394977
0.6483300000000001,0.395808
0.64834,0.396639
0.64835,0.39747
0.64836,0.398301
0.64837,0.399132
0.64838,0.399964
0.64839,0.400796
0.6484,0.401627
0.6484099999999999,0.402459
0.64842,0.403291
0.64843,0.404123
0.64844,0.404955
0.6484500000000001,0.405786
0.64846,0.406618
0.64847,0.40745
0.6484800000000001,0.408282
0.64849,0.409114
0.6485,0.409945
0.64851,0.410777
0.64852,0.411608
0.6485299999999999,0.412439
0.64854,0.41327
0.64855,0.414101
0.6485599999999999,0.414932
0.6485700000000001,0.415763
0.64858,0.416593
0.64859,0.417423
0.6486000000000001,0.418253
0.64861,0.419082
0.64862,0.419912
0.64863,0.42074
0.64864,0.421569
0.64865,0.422397
0.64866,0.423225
0.64867,0.424053
0.6486799999999999,0.42488
0.6486900000000001,0.425707
0.6487,0.426533
0.64871,0.427359
0.6487200000000001,0.428185
0.64873,0.42901
0.64874,0.429835
0.64875,0.430659
0.64876,0.431482
0.64877,0.432306
0.64878,0.433128
0.64879,0.43395
0.6487999999999999,0.434772
0.64881,0.435593
0.6488200000000001,0.436413
0.64883,0.437233
0.6488400000000001,0.438052
0.64885,0.438871
0.64886,0.439689
0.6488700000000001,0.440506
0.64888,0.441323
0.64889,0.442139
0.6489,0.442954
0.64891,0.443769
0.6489199999999999,0.444583
0.6489299999999999,0.445396
0.6489400000000001,0.446209
0.64895,0.44702
0.64896,0.447831
0.64897,0.448642
0.64898,0.449451
0.64899,0.45026
0.649,0.451068
0.64901,0.451875
0.6490199999999999,0.452681
0.64903,0.453487
0.64904,0.454291
0.6490499999999999,0.455095
0.64906,0.455898
0.64907,0.4567
0.64908,0.457501
0.6490900000000001,0.458302
0.6491,0.459101
0.64911,0.459899
0.64912,0.460697
0.64913,0.461493
0.6491399999999999,0.462289
0.64915,0.463084
0.64916,0.463878
0.6491699999999999,0.46467
0.64918,0.465462
0.64919,0.466253
0.6492,0.467043
0.6492100000000001,0.467832
0.64922,0.468619
0.64923,0.469406
0.64924,0.470192
0.64925,0.470977
0.64926,0.47176
0.64927,0.472543
0.64928,0.473324
0.6492899999999999,0.474105
0.6493,0.474884
0.6493099999999999,0.475662
0.64932,0.476439
0.6493300000000001,0.477215
0.64934,0.47799
0.64935,0.478764
0.64936,0.479537
0.64937,0.480308
0.64938,0.481079
0.64939,0.481848
0.6494,0.482616
0.6494099999999999,0.483383
0.64942,0.484149
0.64943,0.484913
0.64944,0.485677
0.6494500000000001,0.486439
0.64946,0.4872
0.64947,0.487959
0.6494800000000001,0.488718
0.64949,0.489475
0.6495,0.490231
0.64951,0.490986
0.64952,0.49174
0.6495299999999999,0.492492
0.64954,0.493243
0.64955,0.493993
0.6495599999999999,0.494742
0.6495700000000001,0.495489
0.64958,0.496235
0.64959,0.49698
0.6496000000000001,0.497723
0.64961,0.498465
0.64962,0.499206
0.64963,0.499946
0.64964,0.500684
0.64965,0.501421
0.64966,0.502156
0.64967,0.502891
0.6496799999999999,0.503624
0.6496900000000001,0.504355
0.6497,0.505086
0.64971,0.505815
0.6497200000000001,0.506542
0.64973,0.507268
0.64974,0.507993
0.64975,0.508717
0.64976,0.509439
0.64977,0.51016
0.64978,0.510879
0.64979,0.511597
0.6497999999999999,0.512314
0.64981,0.513029
0.6498200000000001,0.513743
0.64983,0.514456
0.6498400000000001,0.515167
0.64985,0.515876
0.64986,0.516585
0.6498700000000001,0.517291
0.64988,0.517997
0.64989,0.518701
0.6498999999999999,0.519404
0.64991,0.520105
0.6499199999999999,0.520805
0.6499299999999999,0.521503
0.6499400000000001,0.5222
0.64995,0.522895
0.64996,0.523589
0.64997,0.524282
0.64998,0.524973
0.64999,0.525663
0.65,0.526351
0.65001,0.527038
0.6500199999999999,0.527723
0.65003,0.528407
0.65004,0.52909
0.6500499999999999,0.529771
0.65006,0.53045
0.65007,0.531128
0.65008,0.531805
0.6500900000000001,0.53248
0.6501,0.533154
0.65011,0.533826
0.65012,0.534496
0.65013,0.535166
0.6501399999999999,0.535833
0.65015,0.5365
0.65016,0.537164
0.6501699999999999,0.537828
0.65018,0.538489
0.65019,0.53915
0.6502,0.539808
0.6502100000000001,0.540466
0.65022,0.541121
0.65023,0.541776
0.65024,0.542429
0.65025,0.54308
0.65026,0.54373
0.65027,0.544378
0.65028,0.545025
0.6502899999999999,0.54567
0.6503,0.546314
0.6503099999999999,0.546956
0.65032,0.547597
0.6503300000000001,0.548236
0.65034,0.548874
0.65035,0.54951
0.65036,0.550145
0.65037,0.550778
0.65038,0.55141
0.65039,0.55204
0.6504,0.552669
0.6504099999999999,0.553296
0.65042,0.553922
0.65043,0.554546
0.65044,0.555168
0.6504500000000001,0.555789
0.65046,0.556409
0.65047,0.557027
0.6504800000000001,0.557644
0.65049,0.558259
0.6505,0.558872
0.65051,0.559484
0.65052,0.560094
0.6505299999999999,0.560703
0.65054,0.561311
0.65055,0.561917
0.6505599999999999,0.562521
0.6505700000000001,0.563124
0.65058,0.563725
0.65059,0.564325
0.6506000000000001,0.564923
0.65061,0.56552
0.65062,0.566115
0.65063,0.566709
0.65064,0.567301
0.65065,0.567892
0.65066,0.568481
0.65067,0.569068
0.6506799999999999,0.569655
0.6506900000000001,0.570239
0.6507000000000001,0.570822
0.65071,0.571404
0.6507200000000001,0.571984
0.65073,0.572562
0.65074,0.573139
0.65075,0.573715
0.65076,0.574289
0.65077,0.574861
0.65078,0.575432
0.65079,0.576001
0.6507999999999999,0.576569
0.65081,0.577136
0.6508200000000001,0.5777
0.65083,0.578264
0.6508400000000001,0.578825
0.65085,0.579386
0.65086,0.579945
0.6508700000000001,0.580502
0.65088,0.581058
0.65089,0.581612
0.6508999999999999,0.582165
0.65091,0.582716
0.6509199999999999,0.583266
0.6509299999999999,0.583814
0.6509400000000001,0.584361
0.65095,0.584906
0.65096,0.58545
0.65097,0.585992
0.65098,0.586532
0.65099,0.587072
0.651,0.587609
0.65101,0.588146
0.6510199999999999,0.58868
0.65103,0.589214
0.65104,0.589745
0.6510499999999999,0.590276
0.65106,0.590804
0.65107,0.591332
0.65108,0.591857
0.6510900000000001,0.592382
0.6511,0.592904
0.65111,0.593426
0.65112,0.593946
0.65113,0.594464
0.6511399999999999,0.594981
0.65115,0.595496
0.65116,0.59601
0.6511699999999999,0.596522
0.65118,0.597033
0.65119,0.597543
0.6512,0.598051
0.6512100000000001,0.598557
0.65122,0.599062
0.65123,0.599566
0.65124,0.600068
0.65125,0.600569
0.65126,0.601068
0.65127,0.601566
0.65128,0.602062
0.6512899999999999,0.602557
0.6513,0.60305
0.65131,0.603542
0.65132,0.604032
0.6513300000000001,0.604521
0.65134,0.605009
0.65135,0.605495
0.65136,0.60598
0.65137,0.606463
0.65138,0.606944
0.65139,0.607425
0.6514,0.607904
0.6514099999999999,0.608381
0.65142,0.608857
0.65143,0.609332
0.65144,0.609805
0.6514500000000001,0.610276
0.65146,0.610747
0.65147,0.611215
0.6514800000000001,0.611683
0.65149,0.612149
0.6515,0.612613
0.65151,0.613076
0.65152,0.613538
0.6515299999999999,0.613998
0.65154,0.614457
0.65155,0.614914
0.6515599999999999,0.61537
0.6515700000000001,0.615825
0.65158,0.616278
0.65159,0.61673
0.6516000000000001,0.61718
0.65161,0.617629
0.65162,0.618077
0.65163,0.618523
0.65164,0.618968
0.65165,0.619411
0.65166,0.619853
0.65167,0.620294
0.6516799999999999,0.620733
0.6516900000000001,0.621171
0.6517000000000001,0.621607
0.65171,0.622042
0.6517200000000001,0.622476
0.65173,0.622908
0.65174,0.623339
0.65175,0.623768
0.65176,0.624197
0.65177,0.624623
0.65178,0.625049
0.65179,0.625473
0.6517999999999999,0.625895
0.65181,0.626317
0.6518200000000001,0.626737
0.65183,0.627155
0.6518400000000001,0.627572
0.65185,0.627988
0.65186,0.628403
0.65187,0.628816
0.65188,0.629228
0.65189,0.629638
0.6518999999999999,0.630047
0.65191,0.630455
0.6519199999999999,0.630861
0.6519299999999999,0.631266
0.6519400000000001,0.63167
0.65195,0.632072
0.65196,0.632473
0.65197,0.632873
0.65198,0.633272
0.65199,0.633669
0.652,0.634064
0.65201,0.634459
0.6520199999999999,0.634852
0.65203,0.635244
0.65204,0.635634
0.6520499999999999,0.636023
0.65206,0.636411
0.65207,0.636797
0.65208,0.637183
0.6520900000000001,0.637566
0.6521,0.637949
0.65211,0.63833
0.65212,0.63871
0.65213,0.639089
0.6521399999999999,0.639466
0.65215,0.639842
0.65216,0.640217
0.6521699999999999,0.640591
0.65218,0.640963
0.65219,0.641334
0.6522,0.641703
0.6522100000000001,0.642072
0.65222,0.642439
0.65223,0.642804
0.65224,0.643169
0.65225,0.643532
0.65226,0.643894
0.65227,0.644255
0.65228,0.644614
0.6522899999999999,0.644972
0.6523,0.645329
0.65231,0.645685
0.65232,0.646039
0.6523300000000001,0.646392
0.65234,0.646744
0.65235,0.647095
0.65236,0.647444
0.65237,0.647792
0.65238,0.648139
0.65239,0.648484
0.6524,0.648829
0.6524099999999999,0.649172
0.65242,0.649514
0.65243,0.649854
0.65244,0.650194
0.6524500000000001,0.650532
0.65246,0.650869
0.65247,0.651205
0.6524800000000001,0.651539
0.65249,0.651872
0.6525,0.652204
0.65251,0.652535
0.65252,0.652865
0.6525299999999999,0.653193
0.65254,0.65352
0.65255,0.653846
0.6525599999999999,0.654171
0.6525700000000001,0.654494
0.65258,0.654817
0.65259,0.655138
0.6526000000000001,0.655458
0.65261,0.655776
0.65262,0.656094
0.65263,0.65641
0.65264,0.656725
0.65265,0.657039
0.65266,0.657352
0.65267,0.657663
0.6526799999999999,0.657974
0.6526900000000001,0.658283
0.6527000000000001,0.658591
0.65271,0.658898
0.6527200000000001,0.659203
0.65273,0.659508
0.65274,0.659811
0.65275,0.660113
0.65276,0.660414
0.65277,0.660714
0.65278,0.661012
0.65279,0.66131
0.6527999999999999,0.661606
0.6528099999999999,0.661901
0.6528200000000001,0.662195
0.65283,0.662488
0.6528400000000001,0.662779
0.65285,0.66307
0.65286,0.663359
0.65287,0.663647
0.65288,0.663934
0.65289,0.66422
0.6528999999999999,0.664505
0.65291,0.664788
0.65292,0.665071
0.6529299999999999,0.665352
0.6529400000000001,0.665632
0.65295,0.665911
0.65296,0.666189
0.65297,0.666466
0.65298,0.666741
0.65299,0.667016
0.653,0.667289
0.65301,0.667561
0.6530199999999999,0.667833
0.65303,0.668103
0.65304,0.668372
0.6530499999999999,0.668639
0.65306,0.668906
0.65307,0.669172
0.65308,0.669436
0.6530900000000001,0.669699
0.6531,0.669961
0.65311,0.670223
0.65312,0.670483
0.65313,0.670742
0.6531399999999999,0.670999
0.65315,0.671256
0.65316,0.671512
0.6531699999999999,0.671766
0.65318,0.67202
0.65319,0.672272
0.6532,0.672523
0.6532100000000001,0.672773
0.65322,0.673022
0.65323,0.67327
0.65324,0.673517
0.65325,0.673763
0.65326,0.674008
0.65327,0.674252
0.65328,0.674494
0.6532899999999999,0.674736
0.6533,0.674976
0.65331,0.675216
0.65332,0.675454
0.6533300000000001,0.675691
0.65334,0.675927
0.65335,0.676162
0.65336,0.676396
0.65337,0.676629
0.65338,0.676861
0.65339,0.677092
0.6534,0.677322
0.6534099999999999,0.677551
0.65342,0.677779
0.65343,0.678005
0.65344,0.678231
0.6534500000000001,0.678455
0.65346,0.678679
0.65347,0.678902
0.6534800000000001,0.679123
0.65349,0.679343
0.6535,0.679563
0.65351,0.679781
0.65352,0.679998
0.6535299999999999,0.680215
0.65354,0.68043
0.65355,0.680644
0.6535599999999999,0.680857
0.6535700000000001,0.681069
0.65358,0.68128
0.65359,0.681491
0.6536000000000001,0.6817
0.65361,0.681908
0.65362,0.682115
0.65363,0.682321
0.65364,0.682526
0.65365,0.68273
0.65366,0.682933
0.65367,0.683135
0.6536799999999999,0.683336
0.6536900000000001,0.683535
0.6537000000000001,0.683734
0.65371,0.683932
0.6537200000000001,0.684129
0.65373,0.684325
0.65374,0.68452
0.65375,0.684714
0.65376,0.684907
0.65377,0.685099
0.65378,0.68529
0.65379,0.68548
0.6537999999999999,0.685668
0.6538099999999999,0.685856
0.6538200000000001,0.686043
0.65383,0.686229
0.65384,0.686414
0.65385,0.686598
0.65386,0.686781
0.65387,0.686963
0.65388,0.687144
0.65389,0.687324
0.6538999999999999,0.687503
0.65391,0.687681
0.65392,0.687859
0.6539299999999999,0.688035
0.6539400000000001,0.68821
0.65395,0.688384
0.65396,0.688557
0.65397,0.688729
0.65398,0.688901
0.65399,0.689071
0.654,0.68924
0.65401,0.689409
0.6540199999999999,0.689576
0.65403,0.689743
0.65404,0.689908
0.6540499999999999,0.690073
0.65406,0.690236
0.65407,0.690399
0.65408,0.69056
0.6540900000000001,0.690721
0.6541,0.690881
0.65411,0.69104
0.65412,0.691198
0.65413,0.691354
0.6541399999999999,0.69151
0.65415,0.691665
0.65416,0.691819
0.6541699999999999,0.691973
0.65418,0.692125
0.65419,0.692276
0.6542,0.692426
0.6542100000000001,0.692576
0.65422,0.692724
0.65423,0.692871
0.65424,0.693018
0.65425,0.693163
0.65426,0.693308
0.65427,0.693452
0.65428,0.693595
0.6542899999999999,0.693736
0.6543,0.693877
0.65431,0.694017
0.65432,0.694156
0.6543300000000001,0.694295
0.65434,0.694432
0.65435,0.694568
0.65436,0.694703
0.65437,0.694838
0.65438,0.694971
0.65439,0.695104
0.6544,0.695236
0.6544099999999999,0.695366
0.65442,0.695496
0.65443,0.695625
0.65444,0.695753
0.6544500000000001,0.69588
0.65446,0.696006
0.65447,0.696132
0.6544800000000001,0.696256
0.65449,0.696379
0.6545,0.696502
0.65451,0.696624
0.65452,0.696744
0.65453,0.696864
0.65454,0.696983
0.65455,0.697101
0.6545599999999999,0.697218
0.6545700000000001,0.697334
0.65458,0.69745
0.65459,0.697564
0.6546000000000001,0.697677
0.65461,0.69779
0.65462,0.697902
0.65463,0.698012
0.65464,0.698122
0.65465,0.698231
0.65466,0.698339
0.65467,0.698447
0.6546799999999999,0.698553
0.6546900000000001,0.698658
0.6547000000000001,0.698763
0.65471,0.698867
0.6547200000000001,0.698969
0.65473,0.699071
0.65474,0.699172
0.65475,0.699272
0.65476,0.699371
0.65477,0.69947
0.6547799999999999,0.699567
0.65479,0.699664
0.6547999999999999,0.699759
0.6548099999999999,0.699854
0.6548200000000001,0.699948
0.65483,0.700041
0.65484,0.700133
0.65485,0.700224
0.65486,0.700315
0.65487,0.700404
0.65488,0.700493
0.65489,0.700581
0.6548999999999999,0.700667
0.65491,0.700753
0.65492,0.700839
0.6549299999999999,0.700923
0.6549400000000001,0.701006
0.65495,0.701089
0.65496,0.70117
0.65497,0.701251
0.65498,0.701331
0.65499,0.70141
0.655,0.701488
0.65501,0.701565
0.6550199999999999,0.701642
0.65503,0.701717
0.65504,0.701792
0.6550499999999999,0.701866
0.65506,0.701939
0.65507,0.702011
0.65508,0.702082
0.6550900000000001,0.702152
0.6551,0.702222
0.65511,0.70229
0.65512,0.702358
0.65513,0.702425
0.65514,0.702491
0.65515,0.702556
0.65516,0.70262
0.6551699999999999,0.702684
0.65518,0.702747
0.65519,0.702808
0.6552,0.702869
0.6552100000000001,0.702929
0.65522,0.702988
0.65523,0.703047
0.65524,0.703104
0.65525,0.703161
0.65526,0.703216
0.65527,0.703271
0.65528,0.703325
0.6552899999999999,0.703378
0.6553,0.703431
0.65531,0.703482
0.65532,0.703533
0.6553300000000001,0.703583
0.65534,0.703632
0.65535,0.70368
0.65536,0.703727
0.65537,0.703773
0.65538,0.703819
0.65539,0.703863
0.6554,0.703907
0.6554099999999999,0.70395
0.65542,0.703992
0.65543,0.704034
0.65544,0.704074
0.6554500000000001,0.704114
0.65546,0.704152
0.65547,0.70419
0.6554800000000001,0.704227
0.65549,0.704263
0.6555,0.704299
0.65551,0.704333
0.65552,0.704367
0.65553,0.7044
0.65554,0.704432
0.65555,0.704463
0.6555599999999999,0.704493
0.6555700000000001,0.704523
0.65558,0.704551
0.65559,0.704579
0.6556000000000001,0.704606
0.65561,0.704632
0.65562,0.704657
0.65563,0.704682
0.65564,0.704705
0.65565,0.704728
0.65566,0.70475
0.65567,0.704771
0.6556799999999999,0.704791
0.6556900000000001,0.70481
0.6557000000000001,0.704829
0.65571,0.704846
0.6557200000000001,0.704863
0.65573,0.704879
0.65574,0.704894
0.65575,0.704909
0.65576,0.704922
0.65577,0.704935
0.6557799999999999,0.704947
0.65579,0.704958
0.6557999999999999,0.704968
0.6558099999999999,0.704977
0.6558200000000001,0.704985
0.65583,0.704993
0.65584,0.705
0.65585,0.705006
0.65586,0.705011
0.65587,0.705015
0.65588,0.705018
0.65589,0.705021
0.6558999999999999,0.705023
0.65591,0.705024
0.65592,0.705024
0.6559299999999999,0.705023
0.6559400000000001,0.705021
0.65595,0.705019
0.65596,0.705016
0.65597,0.705011
0.65598,0.705006
0.65599,0.705001
0.656,0.704994
0.65601,0.704987
0.6560199999999999,0.704978
0.65603,0.704969
0.65604,0.704959
0.6560499999999999,0.704948
0.65606,0.704937
0.65607,0.704924
0.65608,0.704911
0.6560900000000001,0.704897
0.6561,0.704882
0.65611,0.704866
0.65612,0.704849
0.65613,0.704832
0.65614,0.704813
0.65615,0.704794
0.65616,0.704774
0.6561699999999999,0.704753
0.65618,0.704732
0.65619,0.704709
0.6562,0.704686
0.6562100000000001,0.704661
0.65622,0.704636
0.65623,0.70461
0.65624,0.704584
0.65625,0.704556
0.65626,0.704528
0.65627,0.704498
0.65628,0.704468
0.6562899999999999,0.704437
0.6563,0.704406
0.65631,0.704373
0.65632,0.70434
0.6563300000000001,0.704305
0.65634,0.70427
0.65635,0.704234
0.65636,0.704197
0.65637,0.70416
0.65638,0.704121
0.65639,0.704082
0.6564,0.704042
0.6564099999999999,0.704001
0.65642,0.703959
0.65643,0.703916
0.65644,0.703873
0.6564500000000001,0.703828
0.65646,0.703783
0.65647,0.703737
0.6564800000000001,0.70369
0.65649,0.703642
0.6565,0.703594
0.65651,0.703544
0.65652,0.703494
0.65653,0.703443
0.65654,0.703391
0.65655,0.703338
0.6565599999999999,0.703284
0.6565700000000001,0.70323
0.65658,0.703174
0.65659,0.703118
0.6566000000000001,0.703061
0.65661,0.703003
0.65662,0.702944
0.65663,0.702885
0.65664,0.702824
0.65665,0.702763
0.65666,0.702701
0.65667,0.702638
0.6566799999999999,0.702574
0.6566900000000001,0.702509
0.6567000000000001,0.702444
0.65671,0.702377
0.6567200000000001,0.70231
0.65673,0.702242
0.65674,0.702173
0.65675,0.702103
0.65676,0.702032
0.65677,0.701961
0.6567799999999999,0.701889
0.65679,0.701815
0.6567999999999999,0.701741
0.6568099999999999,0.701666
0.6568200000000001,0.70159
0.65683,0.701514
0.65684,0.701436
0.65685,0.701358
0.65686,0.701278
0.65687,0.701198
0.65688,0.701117
0.65689,0.701036
0.6568999999999999,0.700953
0.65691,0.700869
0.65692,0.700785
0.6569299999999999,0.700699
0.6569400000000001,0.700613
0.65695,0.700526
0.65696,0.700438
0.65697,0.70035
0.65698,0.70026
0.65699,0.70017
0.657,0.700078
0.65701,0.699986
0.6570199999999999,0.699893
0.65703,0.699799
0.65704,0.699704
0.6570499999999999,0.699608
0.65706,0.699512
0.65707,0.699414
0.65708,0.699316
0.6570900000000001,0.699217
0.6571,0.699117
0.65711,0.699016
0.65712,0.698914
0.65713,0.698811
0.65714,0.698708
0.65715,0.698603
0.65716,0.698498
0.6571699999999999,0.698392
0.65718,0.698285
0.65719,0.698177
0.6572,0.698068
0.6572100000000001,0.697958
0.65722,0.697847
0.65723,0.697736
0.65724,0.697624
0.65725,0.69751
0.65726,0.697396
0.65727,0.697281
0.65728,0.697165
0.6572899999999999,0.697048
0.6573,0.696931
0.65731,0.696812
0.65732,0.696693
0.6573300000000001,0.696572
0.65734,0.696451
0.65735,0.696329
0.65736,0.696206
0.65737,0.696082
0.65738,0.695957
0.65739,0.695831
0.6574,0.695705
0.6574099999999999,0.695577
0.65742,0.695449
0.65743,0.695319
0.65744,0.695189
0.6574500000000001,0.695058
0.65746,0.694926
0.65747,0.694793
0.6574800000000001,0.694659
0.65749,0.694524
0.6575,0.694389
0.65751,0.694252
0.65752,0.694114
0.65753,0.693976
0.65754,0.693837
0.65755,0.693697
0.6575599999999999,0.693555
0.6575700000000001,0.693413
0.65758,0.69327
0.65759,0.693127
0.6576000000000001,0.692982
0.65761,0.692836
0.65762,0.692689
0.65763,0.692542
0.65764,0.692393
0.65765,0.692244
0.65766,0.692094
0.65767,0.691943
0.6576799999999999,0.69179
0.6576900000000001,0.691637
0.6577000000000001,0.691483
0.65771,0.691328
0.6577200000000001,0.691173
0.65773,0.691016
0.65774,0.690858
0.65775,0.690699
0.65776,0.69054
0.65777,0.690379
0.6577799999999999,0.690218
0.65779,0.690055
0.6577999999999999,0.689892
0.6578099999999999,0.689728
0.6578200000000001,0.689563
0.65783,0.689396
0.65784,0.689229
0.65785,0.689061
0.65786,0.688892
0.65787,0.688722
0.65788,0.688552
0.65789,0.68838
0.6578999999999999,0.688207
0.65791,0.688033
0.65792,0.687859
0.6579299999999999,0.687683
0.6579400000000001,0.687506
0.65795,0.687329
0.65796,0.68715
0.65797,0.686971
0.65798,0.686791
0.65799,0.686609
0.658,0.686427
0.65801,0.686244
0.6580199999999999,0.686059
0.65803,0.685874
0.65804,0.685688
0.6580499999999999,0.685501
0.65806,0.685313
0.65807,0.685124
0.65808,0.684934
0.6580900000000001,0.684743
0.6581,0.684551
0.65811,0.684358
0.65812,0.684164
0.65813,0.683969
0.65814,0.683773
0.65815,0.683576
0.65816,0.683378
0.6581699999999999,0.683179
0.65818,0.68298
0.65819,0.682779
0.6582,0.682577
0.6582100000000001,0.682374
0.65822,0.68217
0.65823,0.681966
0.65824,0.68176
0.65825,0.681553
0.65826,0.681345
0.65827,0.681137
0.65828,0.680927
0.6582899999999999,0.680716
0.6583,0.680505
0.65831,0.680292
0.65832,0.680078
0.6583300000000001,0.679863
0.65834,0.679648
0.65835,0.679431
0.6583600000000001,0.679213
0.65837,0.678994
0.65838,0.678775
0.65839,0.678554
0.6584,0.678332
0.6584099999999999,0.678109
0.65842,0.677885
0.65843,0.67766
0.65844,0.677434
0.6584500000000001,0.677208
0.65846,0.67698
0.65847,0.676751
0.6584800000000001,0.676521
0.65849,0.67629
0.6585,0.676058
0.65851,0.675825
0.65852,0.675591
0.65853,0.675355
0.65854,0.675119
0.65855,0.674882
0.6585599999999999,0.674644
0.6585700000000001,0.674404
0.65858,0.674164
0.65859,0.673923
0.6586000000000001,0.67368
0.65861,0.673437
0.65862,0.673192
0.65863,0.672947
0.65864,0.6727
0.65865,0.672453
0.65866,0.672204
0.65867,0.671954
0.6586799999999999,0.671703
0.6586900000000001,0.671451
0.6587000000000001,0.671198
0.65871,0.670944
0.65872,0.670689
0.65873,0.670433
0.65874,0.670176
0.65875,0.669918
0.65876,0.669658
0.65877,0.669398
0.6587799999999999,0.669137
0.65879,0.668874
0.6587999999999999,0.66861
0.6588099999999999,0.668346
0.6588200000000001,0.66808
0.65883,0.667813
0.65884,0.667545
0.65885,0.667276
0.65886,0.667006
0.65887,0.666735
0.65888,0.666462
0.65889,0.666189
0.6588999999999999,0.665914
0.65891,0.665639
0.65892,0.665362
0.6589299999999999,0.665084
0.6589400000000001,0.664805
0.65895,0.664526
0.65896,0.664244
0.6589700000000001,0.663962
0.65898,0.663679
0.65899,0.663395
0.659,0.663109
0.65901,0.662822
0.6590199999999999,0.662535
0.65903,0.662246
0.65904,0.661956
0.6590499999999999,0.661665
0.65906,0.661372
0.65907,0.661079
0.65908,0.660785
0.6590900000000001,0.660489
0.6591,0.660192
0.65911,0.659894
0.65912,0.659595
0.65913,0.659295
0.65914,0.658994
0.65915,0.658692
0.65916,0.658388
0.6591699999999999,0.658084
0.65918,0.657778
0.65919,0.657471
0.6592,0.657163
0.6592100000000001,0.656853
0.65922,0.656543
0.65923,0.656232
0.65924,0.655919
0.65925,0.655605
0.65926,0.65529
0.65927,0.654974
0.65928,0.654656
0.6592899999999999,0.654338
0.6593,0.654018
0.65931,0.653697
0.65932,0.653375
0.6593300000000001,0.653052
0.65934,0.652728
0.65935,0.652402
0.6593600000000001,0.652076
0.65937,0.651748
0.65938,0.651419
0.65939,0.651089
0.6594,0.650757
0.6594099999999999,0.650425
0.65942,0.650091
0.65943,0.649756
0.65944,0.64942
0.6594500000000001,0.649083
0.65946,0.648744
0.65947,0.648404
0.6594800000000001,0.648063
0.65949,0.647721
0.6595,0.647378
0.65951,0.647033
0.65952,0.646688
0.65953,0.646341
0.65954,0.645993
0.65955,0.645643
0.6595599999999999,0.645293
0.6595700000000001,0.644941
0.65958,0.644588
0.65959,0.644234
0.6596000000000001,0.643878
0.65961,0.643522
0.65962,0.643164
0.65963,0.642805
0.65964,0.642444
0.65965,0.642083
0.6596599999999999,0.64172
0.65967,0.641356
0.6596799999999999,0.640991
0.6596900000000001,0.640624
0.6597000000000001,0.640256
0.65971,0.639887
0.65972,0.639517
0.65973,0.639146
0.65974,0.638773
0.65975,0.638399
0.65976,0.638024
0.65977,0.637647
0.6597799999999999,0.63727
0.65979,0.636891
0.6597999999999999,0.636511
0.6598099999999999,0.636129
0.6598200000000001,0.635746
0.65983,0.635362
0.65984,0.634977
0.65985,0.63459
0.65986,0.634203
0.65987,0.633814
0.65988,0.633423
0.65989,0.633032
0.6598999999999999,0.632639
0.65991,0.632245
0.65992,0.631849
0.6599299999999999,0.631452
0.6599400000000001,0.631054
0.65995,0.630655
0.65996,0.630254
0.6599700000000001,0.629853
0.65998,0.629449
0.65999,0.629045
0.66,0.628639
0.66001,0.628232
0.6600199999999999,0.627824
0.66003,0.627414
0.66004,0.627003
0.6600499999999999,0.626591
0.66006,0.626177
0.66007,0.625763
0.66008,0.625346
0.6600900000000001,0.624929
0.6601,0.62451
0.66011,0.62409
0.66012,0.623669
0.66013,0.623246
0.66014,0.622822
0.66015,0.622396
0.66016,0.62197
0.6601699999999999,0.621542
0.66018,0.621112
0.66019,0.620682
0.6602,0.620249
0.6602100000000001,0.619816
0.66022,0.619381
0.66023,0.618945
0.66024,0.618508
0.66025,0.618069
0.66026,0.617629
0.66027,0.617188
0.66028,0.616745
0.6602899999999999,0.616301
0.6603,0.615856
0.66031,0.615409
0.66032,0.614961
0.6603300000000001,0.614511
0.66034,0.614061
0.66035,0.613608
0.6603600000000001,0.613155
0.66037,0.6127
0.66038,0.612244
0.66039,0.611786
0.6604,0.611327
0.6604099999999999,0.610867
0.66042,0.610405
0.66043,0.609942
0.66044,0.609477
0.6604500000000001,0.609012
0.66046,0.608544
0.66047,0.608076
0.6604800000000001,0.607606
0.66049,0.607135
0.6605,0.606662
0.66051,0.606188
0.66052,0.605712
0.66053,0.605235
0.66054,0.604757
0.66055,0.604278
0.6605599999999999,0.603797
0.6605700000000001,0.603314
0.6605800000000001,0.60283
0.66059,0.602345
0.6606000000000001,0.601859
0.66061,0.601371
0.66062,0.600881
0.66063,0.60039
0.66064,0.599898
0.66065,0.599405
0.6606599999999999,0.59891
0.66067,0.598413
0.6606799999999999,0.597915
0.66069,0.597416
0.6607000000000001,0.596916
0.66071,0.596414
0.66072,0.59591
0.66073,0.595405
0.66074,0.594899
0.66075,0.594391
0.66076,0.593882
0.66077,0.593372
0.6607799999999999,0.59286
0.66079,0.592347
0.6607999999999999,0.591832
0.6608099999999999,0.591316
0.6608200000000001,0.590798
0.66083,0.590279
0.66084,0.589759
0.66085,0.589237
0.66086,0.588713
0.66087,0.588189
0.66088,0.587663
0.66089,0.587135
0.6608999999999999,0.586606
0.66091,0.586076
0.66092,0.585544
0.6609299999999999,0.58501
0.6609400000000001,0.584476
0.66095,0.583939
0.66096,0.583402
0.6609700000000001,0.582863
0.66098,0.582322
0.66099,0.58178
0.661,0.581237
0.66101,0.580692
0.6610199999999999,0.580146
0.66103,0.579598
0.66104,0.579049
0.6610499999999999,0.578498
0.66106,0.577946
0.66107,0.577393
0.66108,0.576838
0.6610900000000001,0.576282
0.6611,0.575724
0.66111,0.575165
0.66112,0.574604
0.66113,0.574042
0.66114,0.573478
0.66115,0.572913
0.66116,0.572347
0.6611699999999999,0.571779
0.66118,0.571209
0.66119,0.570638
0.6612,0.570066
0.6612100000000001,0.569492
0.66122,0.568917
0.66123,0.56834
0.66124,0.567762
0.66125,0.567183
0.66126,0.566602
0.66127,0.566019
0.66128,0.565435
0.6612899999999999,0.56485
0.6613,0.564263
0.66131,0.563675
0.66132,0.563085
0.6613300000000001,0.562494
0.66134,0.561901
0.66135,0.561307
0.6613600000000001,0.560712
0.66137,0.560115
0.66138,0.559516
0.66139,0.558916
0.6614,0.558315
0.6614099999999999,0.557712
0.66142,0.557108
0.66143,0.556502
0.66144,0.555895
0.6614500000000001,0.555286
0.66146,0.554676
0.66147,0.554065
0.6614800000000001,0.553452
0.66149,0.552837
0.6615,0.552222
0.66151,0.551604
0.66152,0.550985
0.66153,0.550365
0.66154,0.549744
0.66155,0.549121
0.6615599999999999,0.548496
0.6615700000000001,0.54787
0.6615800000000001,0.547243
0.66159,0.546614
0.6616000000000001,0.545983
0.66161,0.545352
0.66162,0.544719
0.6616299999999999,0.544084
0.66164,0.543448
0.66165,0.54281
0.6616599999999999,0.542172
0.66167,0.541531
0.6616799999999999,0.540889
0.66169,0.540246
0.6617000000000001,0.539602
0.66171,0.538955
0.66172,0.538308
0.66173,0.537659
0.66174,0.537009
0.66175,0.536357
0.66176,0.535704
0.66177,0.535049
0.6617799999999999,0.534393
0.66179,0.533736
0.6617999999999999,0.533077
0.6618099999999999,0.532417
0.6618200000000001,0.531755
0.66183,0.531092
0.66184,0.530427
0.66185,0.529761
0.66186,0.529094
0.66187,0.528426
0.66188,0.527755
0.66189,0.527084
0.6618999999999999,0.526411
0.66191,0.525737
0.66192,0.525061
0.6619299999999999,0.524384
0.6619400000000001,0.523706
0.66195,0.523026
0.66196,0.522345
0.6619700000000001,0.521662
0.66198,0.520978
0.66199,0.520293
0.662,0.519606
0.66201,0.518918
0.6620199999999999,0.518229
0.66203,0.517538
0.66204,0.516846
0.6620499999999999,0.516153
0.66206,0.515458
0.66207,0.514762
0.66208,0.514064
0.6620900000000001,0.513365
0.6621,0.512665
0.66211,0.511964
0.66212,0.511261
0.66213,0.510557
0.66214,0.509851
0.66215,0.509144
0.66216,0.508436
0.6621699999999999,0.507727
0.66218,0.507016
0.6621900000000001,0.506304
0.6622,0.505591
0.6622100000000001,0.504876
0.66222,0.50416
0.66223,0.503443
0.66224,0.502724
0.66225,0.502005
0.66226,0.501284
0.66227,0.500561
0.66228,0.499838
0.6622899999999999,0.499113
0.6623,0.498387
0.66231,0.497659
0.66232,0.496931
0.6623300000000001,0.496201
0.66234,0.49547
0.66235,0.494738
0.6623600000000001,0.494004
0.66237,0.493269
0.66238,0.492533
0.66239,0.491796
0.6624,0.491058
0.6624099999999999,0.490318
0.66242,0.489577
0.66243,0.488835
0.66244,0.488092
0.6624500000000001,0.487348
0.66246,0.486602
0.66247,0.485856
0.6624800000000001,0.485108
0.66249,0.484359
0.6625,0.483609
0.66251,0.482857
0.66252,0.482105
0.66253,0.481351
0.66254,0.480597
0.66255,0.479841
0.6625599999999999,0.479084
0.6625700000000001,0.478326
0.6625800000000001,0.477567
0.66259,0.476806
0.6626000000000001,0.476045
0.66261,0.475283
0.66262,0.474519
0.6626299999999999,0.473755
0.66264,0.472989
0.66265,0.472223
0.6626599999999999,0.471455
0.66267,0.470686
0.6626799999999999,0.469917
0.66269,0.469146
0.6627000000000001,0.468374
0.66271,0.467601
0.66272,0.466828
0.66273,0.466053
0.66274,0.465277
0.66275,0.4645
0.66276,0.463723
0.66277,0.462944
0.6627799999999999,0.462165
0.66279,0.461384
0.6628,0.460603
0.6628099999999999,0.45982
0.6628200000000001,0.459037
0.66283,0.458253
0.66284,0.457468
0.66285,0.456682
0.66286,0.455895
0.66287,0.455107
0.66288,0.454319
0.66289,0.453529
0.6628999999999999,0.452739
0.66291,0.451948
0.66292,0.451156
0.6629299999999999,0.450364
0.6629400000000001,0.44957
0.66295,0.448776
0.66296,0.447981
0.6629700000000001,0.447185
0.66298,0.446388
0.66299,0.445591
0.663,0.444793
0.66301,0.443994
0.6630199999999999,0.443195
0.66303,0.442394
0.66304,0.441593
0.6630499999999999,0.440792
0.66306,0.439989
0.66307,0.439186
0.66308,0.438383
0.6630900000000001,0.437579
0.6631,0.436774
0.66311,0.435968
0.66312,0.435162
0.66313,0.434355
0.66314,0.433548
0.66315,0.43274
0.66316,0.431932
0.6631699999999999,0.431123
0.66318,0.430313
0.6631900000000001,0.429503
0.6632,0.428693
0.6632100000000001,0.427882
0.66322,0.42707
0.66323,0.426258
0.66324,0.425446
0.66325,0.424633
0.66326,0.42382
0.66327,0.423006
0.66328,0.422192
0.6632899999999999,0.421377
0.6633,0.420562
0.66331,0.419747
0.66332,0.418931
0.6633300000000001,0.418115
0.66334,0.417299
0.66335,0.416483
0.6633600000000001,0.415666
0.66337,0.414848
0.66338,0.414031
0.66339,0.413213
0.6634,0.412395
0.6634099999999999,0.411577
0.66342,0.410759
0.66343,0.40994
0.66344,0.409121
0.6634500000000001,0.408302
0.66346,0.407483
0.66347,0.406664
0.6634800000000001,0.405845
0.66349,0.405025
0.6635,0.404206
0.66351,0.403386
0.66352,0.402567
0.66353,0.401747
0.66354,0.400927
0.66355,0.400107
0.6635599999999999,0.399288
0.6635700000000001,0.398468
0.6635800000000001,0.397648
0.66359,0.396829
0.6636,0.396009
0.66361,0.39519
0.66362,0.39437
0.6636299999999999,0.393551
0.66364,0.392732
0.66365,0.391913
0.6636599999999999,0.391094
0.66367,0.390276
0.6636799999999999,0.389457
0.66369,0.388639
0.6637000000000001,0.387821
0.66371,0.387004
0.66372,0.386186
0.66373,0.385369
0.66374,0.384553
0.66375,0.383736
0.66376,0.38292
0.66377,0.382105
0.6637799999999999,0.381289
0.66379,0.380475
0.6638,0.37966
0.6638099999999999,0.378846
0.6638200000000001,0.378033
0.66383,0.37722
0.66384,0.376407
0.66385,0.375595
0.66386,0.374784
0.66387,0.373973
0.66388,0.373162
0.66389,0.372353
0.6638999999999999,0.371543
0.66391,0.370735
0.66392,0.369927
0.6639299999999999,0.36912
0.6639400000000001,0.368314
0.66395,0.367508
0.66396,0.366703
0.6639700000000001,0.365899
0.66398,0.365095
0.66399,0.364293
0.664,0.363491
0.66401,0.36269
0.6640199999999999,0.36189
0.66403,0.36109
0.66404,0.360292
0.6640499999999999,0.359495
0.66406,0.358698
0.66407,0.357903
0.66408,0.357108
0.6640900000000001,0.356315
0.6641,0.355522
0.66411,0.354731
0.66412,0.35394
0.66413,0.353151
0.66414,0.352363
0.66415,0.351576
0.66416,0.35079
0.6641699999999999,0.350006
0.66418,0.349222
0.6641900000000001,0.34844
0.6642,0.347659
0.6642100000000001,0.346879
0.66422,0.346101
0.66423,0.345324
0.66424,0.344548
0.66425,0.343774
0.66426,0.343001
0.66427,0.342229
0.66428,0.341459
0.6642899999999999,0.34069
0.6643,0.339923
0.66431,0.339157
0.66432,0.338393
0.6643300000000001,0.33763
0.66434,0.336869
0.66435,0.33611
0.6643600000000001,0.335352
0.66437,0.334596
0.66438,0.333841
0.66439,0.333088
0.6644,0.332337
0.66441,0.331588
0.66442,0.33084
0.66443,0.330094
0.66444,0.32935
0.6644500000000001,0.328607
0.66446,0.327867
0.66447,0.327128
0.6644800000000001,0.326392
0.66449,0.325657
0.6645,0.324924
0.66451,0.324193
0.66452,0.323464
0.66453,0.322738
0.6645399999999999,0.322013
0.66455,0.32129
0.6645599999999999,0.320569
0.6645700000000001,0.319851
0.6645800000000001,0.319134
0.66459,0.31842
0.6646,0.317708
0.66461,0.316998
0.66462,0.316291
0.6646299999999999,0.315585
0.66464,0.314882
0.66465,0.314181
0.6646599999999999,0.313483
0.66467,0.312787
0.6646799999999999,0.312093
0.66469,0.311402
0.6647000000000001,0.310713
0.66471,0.310026
0.66472,0.309342
0.66473,0.308661
0.66474,0.307982
0.66475,0.307306
0.66476,0.306632
0.66477,0.305961
0.6647799999999999,0.305292
0.66479,0.304626
0.6648,0.303963
0.6648099999999999,0.303302
0.6648200000000001,0.302644
0.66483,0.301989
0.66484,0.301337
0.66485,0.300687
0.66486,0.300041
0.66487,0.299397
0.66488,0.298756
0.66489,0.298117
0.6648999999999999,0.297482
0.66491,0.29685
0.66492,0.29622
0.6649299999999999,0.295594
0.6649400000000001,0.294971
0.66495,0.29435
0.66496,0.293733
0.6649700000000001,0.293119
0.66498,0.292508
0.66499,0.2919
0.665,0.291295
0.66501,0.290693
0.66502,0.290095
0.66503,0.2895
0.66504,0.288908
0.6650499999999999,0.288319
0.66506,0.287733
0.66507,0.287151
0.66508,0.286572
0.6650900000000001,0.285997
0.6651,0.285425
0.66511,0.284856
0.66512,0.284291
0.66513,0.283729
0.66514,0.283171
0.66515,0.282616
0.66516,0.282065
0.6651699999999999,0.281517
0.66518,0.280973
0.6651900000000001,0.280432
0.6652,0.279895
0.6652100000000001,0.279362
0.66522,0.278832
0.66523,0.278306
0.66524,0.277784
0.66525,0.277265
0.66526,0.27675
0.66527,0.276239
0.66528,0.275732
0.6652899999999999,0.275228
0.6653,0.274728
0.66531,0.274232
0.66532,0.27374
0.6653300000000001,0.273252
0.66534,0.272768
0.66535,0.272288
0.6653600000000001,0.271811
0.66537,0.271339
0.66538,0.27087
0.66539,0.270406
0.6654,0.269946
0.66541,0.269489
0.66542,0.269037
0.66543,0.268589
0.66544,0.268145
0.6654500000000001,0.267705
0.66546,0.267269
0.66547,0.266837
0.6654800000000001,0.26641
0.66549,0.265986
0.6655,0.265567
0.66551,0.265152
0.66552,0.264742
0.66553,0.264335
0.6655399999999999,0.263933
0.66555,0.263536
0.6655599999999999,0.263142
0.66557,0.262753
0.6655800000000001,0.262369
0.66559,0.261988
0.6656,0.261612
0.66561,0.261241
0.66562,0.260874
0.6656299999999999,0.260511
0.66564,0.260153
0.66565,0.259799
0.6656599999999999,0.25945
0.66567,0.259105
0.6656799999999999,0.258765
0.66569,0.258429
0.6657000000000001,0.258098
0.66571,0.257771
0.66572,0.257449
0.66573,0.257132
0.66574,0.256819
0.66575,0.256511
0.66576,0.256207
0.66577,0.255908
0.6657799999999999,0.255614
0.66579,0.255324
0.6658,0.255039
0.6658099999999999,0.254759
0.6658200000000001,0.254484
0.66583,0.254213
0.66584,0.253947
0.66585,0.253686
0.66586,0.253429
0.66587,0.253177
0.66588,0.25293
0.66589,0.252688
0.6658999999999999,0.252451
0.66591,0.252218
0.66592,0.25199
0.6659299999999999,0.251767
0.6659400000000001,0.251549
0.66595,0.251336
0.66596,0.251128
0.6659700000000001,0.250924
0.66598,0.250726
0.66599,0.250532
0.666,0.250343
0.66601,0.250159
0.66602,0.24998
0.66603,0.249806
0.66604,0.249637
0.6660499999999999,0.249473
0.66606,0.249314
0.66607,0.249159
0.66608,0.24901
0.6660900000000001,0.248866
0.6661,0.248726
0.66611,0.248592
0.66612,0.248462
0.66613,0.248338
0.66614,0.248218
0.66615,0.248104
0.66616,0.247994
0.6661699999999999,0.24789
0.66618,0.247791
0.6661900000000001,0.247696
0.6662,0.247607
0.6662100000000001,0.247522
0.66622,0.247443
0.66623,0.247369
0.66624,0.247299
0.66625,0.247235
0.66626,0.247176
0.66627,0.247122
0.66628,0.247072
0.6662899999999999,0.247028
0.6663,0.246989
0.66631,0.246955
0.66632,0.246926
0.6663300000000001,0.246902
0.66634,0.246883
0.66635,0.246869
0.6663600000000001,0.246861
0.66637,0.246857
0.66638,0.246858
0.66639,0.246864
0.6664,0.246876
0.66641,0.246892
0.66642,0.246914
0.66643,0.24694
0.66644,0.246972
0.6664500000000001,0.247008
0.66646,0.24705
0.66647,0.247096
0.6664800000000001,0.247148
0.66649,0.247205
0.6665,0.247266
0.6665099999999999,0.247333
0.66652,0.247404
0.66653,0.247481
0.6665399999999999,0.247563
0.66655,0.247649
0.6665599999999999,0.247741
0.66657,0.247838
0.6665800000000001,0.247939
0.66659,0.248046
0.6666,0.248158
0.66661,0.248274
0.66662,0.248396
0.66663,0.248522
0.66664,0.248653
0.66665,0.24879
0.6666599999999999,0.248931
0.66667,0.249077
0.6666799999999999,0.249228
0.66669,0.249384
0.6667000000000001,0.249545
0.66671,0.24971
0.66672,0.249881
0.66673,0.250056
0.66674,0.250237
0.66675,0.250422
0.66676,0.250612
0.66677,0.250807
0.6667799999999999,0.251006
0.66679,0.251211
0.6668,0.25142
0.6668099999999999,0.251634
0.6668200000000001,0.251853
0.66683,0.252076
0.66684,0.252304
0.66685,0.252537
0.66686,0.252775
0.66687,0.253018
0.66688,0.253265
0.66689,0.253517
0.6668999999999999,0.253773
0.66691,0.254034
0.66692,0.2543
0.6669299999999999,0.254571
0.6669400000000001,0.254846
0.66695,0.255126
0.66696,0.25541
0.6669700000000001,0.255699
0.66698,0.255992
0.66699,0.25629
0.667,0.256593
0.66701,0.2569
0.66702,0.257212
0.66703,0.257528
0.66704,0.257848
0.6670499999999999,0.258173
0.66706,0.258503
0.66707,0.258837
0.66708,0.259175
0.6670900000000001,0.259518
0.6671,0.259865
0.66711,0.260216
0.66712,0.260572
0.66713,0.260932
0.66714,0.261296
0.66715,0.261665
0.66716,0.262038
0.6671699999999999,0.262416
0.66718,0.262797
0.6671900000000001,0.263183
0.6672,0.263573
0.6672100000000001,0.263967
0.66722,0.264365
0.66723,0.264768
0.66724,0.265174
0.66725,0.265585
0.66726,0.266
0.66727,0.266419
0.66728,0.266842
0.6672899999999999,0.267268
0.6673,0.267699
0.66731,0.268134
0.66732,0.268573
0.6673300000000001,0.269016
0.66734,0.269463
0.66735,0.269914
0.6673600000000001,0.270369
0.66737,0.270827
0.66738,0.27129
0.66739,0.271756
0.6674,0.272226
0.66741,0.2727
0.66742,0.273177
0.66743,0.273659
0.66744,0.274144
0.6674500000000001,0.274633
0.66746,0.275125
0.66747,0.275621
0.6674800000000001,0.276121
0.66749,0.276624
0.6675,0.277131
0.6675099999999999,0.277642
0.66752,0.278156
0.66753,0.278674
0.6675399999999999,0.279195
0.66755,0.27972
0.6675599999999999,0.280248
0.66757,0.28078
0.6675800000000001,0.281315
0.66759,0.281853
0.6676,0.282395
0.66761,0.28294
0.66762,0.283489
0.66763,0.28404
0.66764,0.284596
0.66765,0.285154
0.6676599999999999,0.285715
0.66767,0.28628
0.6676799999999999,0.286848
0.66769,0.28742
0.6677000000000001,0.287994
0.66771,0.288571
0.66772,0.289152
0.66773,0.289736
0.66774,0.290322
0.66775,0.290912
0.66776,0.291505
0.66777,0.292101
0.6677799999999999,0.292699
0.66779,0.293301
0.6678,0.293905
0.6678099999999999,0.294513
0.6678200000000001,0.295123
0.66783,0.295736
0.66784,0.296352
0.66785,0.296971
0.66786,0.297593
0.66787,0.298217
0.66788,0.298844
0.66789,0.299474
0.6678999999999999,0.300106
0.66791,0.300741
0.66792,0.301379
0.6679299999999999,0.302019
0.6679400000000001,0.302662
0.66795,0.303307
0.66796,0.303955
0.6679700000000001,0.304606
0.66798,0.305259
0.66799,0.305914
0.668,0.306572
0.66801,0.307232
0.66802,0.307895
0.66803,0.30856
0.66804,0.309227
0.6680499999999999,0.309897
0.66806,0.310569
0.66807,0.311243
0.66808,0.31192
0.6680900000000001,0.312599
0.6681,0.313279
0.66811,0.313963
0.66812,0.314648
0.66813,0.315335
0.66814,0.316025
0.66815,0.316716
0.66816,0.31741
0.6681699999999999,0.318106
0.66818,0.318803
0.6681900000000001,0.319503
0.6682,0.320205
0.6682100000000001,0.320908
0.66822,0.321614
0.66823,0.322321
0.6682400000000001,0.32303
0.66825,0.323742
0.66826,0.324455
0.66827,0.325169
0.66828,0.325886
0.6682899999999999,0.326604
0.6683,0.327324
0.66831,0.328046
0.66832,0.328769
0.6683300000000001,0.329494
0.66834,0.330221
0.66835,0.330949
0.6683600000000001,0.331679
0.66837,0.332411
0.66838,0.333144
0.66839,0.333878
0.6684,0.334615
0.66841,0.335352
0.66842,0.336091
0.66843,0.336832
0.66844,0.337574
0.6684500000000001,0.338317
0.66846,0.339062
0.66847,0.339808
0.66848,0.340555
0.66849,0.341304
0.6685,0.342053
0.6685099999999999,0.342805
0.66852,0.343557
0.66853,0.344311
0.6685399999999999,0.345066
0.66855,0.345822
0.6685599999999999,0.346579
0.66857,0.347337
0.6685800000000001,0.348097
0.66859,0.348857
0.6686,0.349619
0.66861,0.350381
0.66862,0.351145
0.66863,0.35191
0.66864,0.352676
0.66865,0.353442
0.6686599999999999,0.35421
0.66867,0.354978
0.6686799999999999,0.355748
0.66869,0.356518
0.6687000000000001,0.357289
0.66871,0.358061
0.66872,0.358834
0.66873,0.359608
0.66874,0.360382
0.66875,0.361157
0.66876,0.361933
0.66877,0.36271
0.6687799999999999,0.363487
0.66879,0.364266
0.6688,0.365044
0.6688099999999999,0.365824
0.6688200000000001,0.366604
0.66883,0.367384
0.66884,0.368166
0.6688500000000001,0.368947
0.66886,0.36973
0.66887,0.370513
0.66888,0.371296
0.66889,0.37208
0.6688999999999999,0.372864
0.66891,0.373649
0.66892,0.374435
0.6689299999999999,0.37522
0.6689400000000001,0.376006
0.66895,0.376793
0.66896,0.37758
0.6689700000000001,0.378367
0.66898,0.379155
0.66899,0.379943
0.669,0.380731
0.66901,0.381519
0.66902,0.382308
0.66903,0.383097
0.66904,0.383887
0.6690499999999999,0.384676
0.66906,0.385466
0.66907,0.386256
0.66908,0.387046
0.6690900000000001,0.387836
0.6691,0.388626
0.66911,0.389417
0.66912,0.390207
0.66913,0.390998
0.66914,0.391788
0.66915,0.392579
0.66916,0.39337
0.6691699999999999,0.394161
0.66918,0.394952
0.6691900000000001,0.395742
0.6692,0.396533
0.6692100000000001,0.397324
0.66922,0.398115
0.66923,0.398905
0.6692400000000001,0.399696
0.66925,0.400486
0.66926,0.401277
0.66927,0.402067
0.66928,0.402857
0.6692899999999999,0.403647
0.6693,0.404437
0.66931,0.405226
0.66932,0.406016
0.6693300000000001,0.406805
0.66934,0.407594
0.66935,0.408382
0.6693600000000001,0.409171
0.66937,0.409959
0.66938,0.410747
0.66939,0.411535
0.6694,0.412322
0.66941,0.413109
0.6694199999999999,0.413895
0.66943,0.414682
0.66944,0.415468
0.6694500000000001,0.416253
0.66946,0.417038
0.66947,0.417823
0.66948,0.418608
0.66949,0.419391
0.6695,0.420175
0.6695099999999999,0.420958
0.66952,0.421741
0.66953,0.422523
0.6695399999999999,0.423304
0.66955,0.424086
0.6695599999999999,0.424866
0.66957,0.425646
0.6695800000000001,0.426426
0.66959,0.427205
0.6696,0.427984
0.66961,0.428761
0.66962,0.429539
0.66963,0.430316
0.66964,0.431092
0.66965,0.431867
0.6696599999999999,0.432642
0.66967,0.433417
0.6696799999999999,0.43419
0.66969,0.434963
0.6697000000000001,0.435736
0.66971,0.436508
0.66972,0.437279
0.66973,0.438049
0.66974,0.438819
0.66975,0.439588
0.66976,0.440356
0.66977,0.441123
0.6697799999999999,0.44189
0.66979,0.442656
0.6698,0.443421
0.6698099999999999,0.444186
0.6698200000000001,0.444949
0.66983,0.445712
0.66984,0.446474
0.6698500000000001,0.447236
0.66986,0.447996
0.66987,0.448756
0.66988,0.449515
0.66989,0.450273
0.6698999999999999,0.45103
0.66991,0.451786
0.66992,0.452542
0.6699299999999999,0.453296
0.6699400000000001,0.45405
0.66995,0.454803
0.66996,0.455555
0.6699700000000001,0.456306
0.66998,0.457056
0.66999,0.457805
0.67,0.458553
0.67001,0.459301
0.67002,0.460047
0.67003,0.460792
0.67004,0.461537
0.6700499999999999,0.46228
0.67006,0.463023
0.67007,0.463764
0.67008,0.464505
0.6700900000000001,0.465245
0.6701,0.465983
0.67011,0.466721
0.67012,0.467457
0.67013,0.468193
0.67014,0.468927
0.67015,0.469661
0.67016,0.470393
0.6701699999999999,0.471125
0.67018,0.471855
0.6701900000000001,0.472584
0.6702,0.473312
0.6702100000000001,0.47404
0.67022,0.474766
0.67023,0.475491
0.6702400000000001,0.476214
0.67025,0.476937
0.67026,0.477659
0.67027,0.47838
0.67028,0.479099
0.6702899999999999,0.479817
0.6703,0.480535
0.67031,0.481251
0.67032,0.481966
0.6703300000000001,0.48268
0.67034,0.483392
0.67035,0.484104
0.6703600000000001,0.484814
0.67037,0.485524
0.67038,0.486232
0.67039,0.486939
0.6704,0.487644
0.67041,0.488349
0.6704199999999999,0.489052
0.67043,0.489755
0.67044,0.490456
0.67045,0.491156
0.6704600000000001,0.491854
0.67047,0.492552
0.67048,0.493248
0.67049,0.493943
0.6705,0.494637
0.6705099999999999,0.495329
0.67052,0.496021
0.67053,0.496711
0.6705399999999999,0.4974
0.67055,0.498087
0.6705599999999999,0.498774
0.67057,0.499459
0.6705800000000001,0.500143
0.67059,0.500826
0.6706,0.501507
0.67061,0.502187
0.67062,0.502866
0.67063,0.503544
0.67064,0.50422
0.67065,0.504896
0.6706599999999999,0.50557
0.67067,0.506242
0.6706799999999999,0.506913
0.67069,0.507584
0.6707000000000001,0.508252
0.67071,0.50892
0.67072,0.509586
0.67073,0.510251
0.67074,0.510914
0.67075,0.511577
0.67076,0.512238
0.67077,0.512898
0.6707799999999999,0.513556
0.67079,0.514213
0.6708,0.514869
0.6708099999999999,0.515523
0.6708200000000001,0.516176
0.67083,0.516828
0.67084,0.517479
0.6708500000000001,0.518128
0.67086,0.518776
0.67087,0.519423
0.67088,0.520068
0.67089,0.520712
0.6708999999999999,0.521354
0.67091,0.521996
0.67092,0.522635
0.6709299999999999,0.523274
0.6709400000000001,0.523911
0.67095,0.524547
0.67096,0.525182
0.6709700000000001,0.525815
0.67098,0.526447
0.67099,0.527077
0.671,0.527707
0.67101,0.528334
0.67102,0.528961
0.67103,0.529586
0.67104,0.53021
0.6710499999999999,0.530832
0.67106,0.531453
0.67107,0.532073
0.67108,0.532691
0.6710900000000001,0.533308
0.6711,0.533924
0.67111,0.534538
0.67112,0.535151
0.67113,0.535763
0.67114,0.536373
0.67115,0.536982
0.67116,0.537589
0.6711699999999999,0.538195
0.67118,0.5388
0.6711900000000001,0.539403
0.6712,0.540005
0.6712100000000001,0.540606
0.67122,0.541205
0.67123,0.541803
0.6712400000000001,0.5424
0.67125,0.542995
0.67126,0.543589
0.67127,0.544181
0.67128,0.544772
0.6712899999999999,0.545362
0.6713,0.54595
0.67131,0.546537
0.67132,0.547123
0.6713300000000001,0.547707
0.67134,0.548289
0.67135,0.548871
0.6713600000000001,0.549451
0.67137,0.55003
0.67138,0.550607
0.6713899999999999,0.551183
0.6714,0.551757
0.67141,0.55233
0.6714199999999999,0.552902
0.67143,0.553473
0.67144,0.554042
0.67145,0.554609
0.6714600000000001,0.555176
0.67147,0.55574
0.67148,0.556304
0.67149,0.556866
0.6715,0.557427
0.6715099999999999,0.557986
0.67152,0.558544
0.67153,0.559101
0.6715399999999999,0.559656
0.67155,0.56021
0.6715599999999999,0.560763
0.67157,0.561314
0.6715800000000001,0.561864
0.67159,0.562412
0.6716,0.562959
0.67161,0.563505
0.67162,0.564049
0.67163,0.564592
0.67164,0.565133
0.67165,0.565674
0.6716599999999999,0.566212
0.67167,0.56675
0.6716799999999999,0.567286
0.67169,0.567821
0.6717000000000001,0.568354
0.67171,0.568886
0.67172,0.569417
0.67173,0.569946
0.67174,0.570474
0.67175,0.571
0.67176,0.571525
0.67177,0.572049
0.6717799999999999,0.572572
0.67179,0.573093
0.6718,0.573612
0.6718099999999999,0.574131
0.6718200000000001,0.574648
0.67183,0.575163
0.67184,0.575678
0.6718500000000001,0.576191
0.67186,0.576702
0.67187,0.577212
0.67188,0.577721
0.67189,0.578229
0.6718999999999999,0.578735
0.67191,0.57924
0.67192,0.579743
0.6719299999999999,0.580245
0.6719400000000001,0.580746
0.67195,0.581246
0.67196,0.581744
0.6719700000000001,0.58224
0.67198,0.582736
0.67199,0.58323
0.672,0.583723
0.67201,0.584214
0.67202,0.584704
0.67203,0.585193
0.67204,0.58568
0.6720499999999999,0.586166
0.67206,0.586651
0.6720700000000001,0.587134
0.67208,0.587616
0.6720900000000001,0.588097
0.6721,0.588577
0.67211,0.589055
0.67212,0.589531
0.67213,0.590007
0.67214,0.590481
0.67215,0.590954
0.67216,0.591425
0.6721699999999999,0.591895
0.67218,0.592364
0.6721900000000001,0.592832
0.6722,0.593298
0.6722100000000001,0.593763
0.67222,0.594226
0.67223,0.594689
0.6722400000000001,0.59515
0.67225,0.595609
0.67226,0.596068
0.67227,0.596525
0.67228,0.59698
0.6722899999999999,0.597435
0.6723,0.597888
0.67231,0.59834
0.67232,0.59879
0.6723300000000001,0.59924
0.67234,0.599688
0.67235,0.600134
0.6723600000000001,0.60058
0.67237,0.601024
0.67238,0.601467
0.6723899999999999,0.601908
0.6724,0.602348
0.67241,0.602787
0.6724199999999999,0.603225
0.67243,0.603661
0.67244,0.604096
0.67245,0.60453
0.6724600000000001,0.604963
0.67247,0.605394
0.67248,0.605824
0.67249,0.606253
0.6725,0.60668
0.6725099999999999,0.607107
0.67252,0.607532
0.67253,0.607955
0.6725399999999999,0.608378
0.67255,0.608799
0.6725599999999999,0.609219
0.67257,0.609637
0.6725800000000001,0.610055
0.67259,0.610471
0.6726,0.610886
0.67261,0.6113
0.67262,0.611712
0.67263,0.612123
0.67264,0.612533
0.67265,0.612942
0.6726599999999999,0.613349
0.67267,0.613755
0.67268,0.61416
0.67269,0.614564
0.6727000000000001,0.614966
0.67271,0.615368
0.67272,0.615768
0.67273,0.616166
0.67274,0.616564
0.67275,0.61696
0.67276,0.617355
0.67277,0.617749
0.6727799999999999,0.618142
0.67279,0.618533
0.6728,0.618924
0.6728099999999999,0.619313
0.6728200000000001,0.6197
0.67283,0.620087
0.67284,0.620472
0.6728500000000001,0.620857
0.67286,0.62124
0.67287,0.621621
0.67288,0.622002
0.67289,0.622381
0.6728999999999999,0.622759
0.67291,0.623136
0.67292,0.623512
0.6729299999999999,0.623887
0.6729400000000001,0.62426
0.67295,0.624632
0.67296,0.625003
0.6729700000000001,0.625373
0.67298,0.625742
0.67299,0.626109
0.673,0.626475
0.67301,0.626841
0.67302,0.627204
0.67303,0.627567
0.67304,0.627929
0.6730499999999999,0.628289
0.67306,0.628648
0.6730700000000001,0.629006
0.67308,0.629363
0.6730900000000001,0.629719
0.6731,0.630074
0.67311,0.630427
0.67312,0.630779
0.67313,0.63113
0.67314,0.63148
0.67315,0.631829
0.67316,0.632177
0.6731699999999999,0.632523
0.67318,0.632868
0.6731900000000001,0.633213
0.6732,0.633556
0.6732100000000001,0.633897
0.67322,0.634238
0.67323,0.634578
0.6732400000000001,0.634916
0.67325,0.635254
0.67326,0.63559
0.67327,0.635925
0.67328,0.636259
0.6732899999999999,0.636592
0.6733,0.636923
0.67331,0.637254
0.67332,0.637583
0.6733300000000001,0.637911
0.67334,0.638239
0.67335,0.638565
0.67336,0.63889
0.67337,0.639213
0.67338,0.639536
0.6733899999999999,0.639858
0.6734,0.640178
0.67341,0.640498
0.6734199999999999,0.640816
0.67343,0.641133
0.67344,0.641449
0.67345,0.641764
0.6734600000000001,0.642078
0.67347,0.642391
0.67348,0.642703
0.67349,0.643013
0.6735,0.643323
0.6735099999999999,0.643631
0.67352,0.643938
0.67353,0.644245
0.6735399999999999,0.64455
0.67355,0.644854
0.6735599999999999,0.645157
0.67357,0.645459
0.6735800000000001,0.64576
0.67359,0.646059
0.6736,0.646358
0.67361,0.646656
0.67362,0.646952
0.67363,0.647248
0.67364,0.647542
0.67365,0.647835
0.6736599999999999,0.648128
0.67367,0.648419
0.67368,0.648709
0.67369,0.648998
0.6737000000000001,0.649286
0.67371,0.649573
0.67372,0.649859
0.67373,0.650144
0.67374,0.650428
0.67375,0.65071
0.67376,0.650992
0.67377,0.651273
0.6737799999999999,0.651553
0.67379,0.651831
0.6738,0.652109
0.6738099999999999,0.652385
0.6738200000000001,0.652661
0.67383,0.652935
0.67384,0.653209
0.6738500000000001,0.653481
0.67386,0.653752
0.67387,0.654023
0.67388,0.654292
0.67389,0.65456
0.6738999999999999,0.654827
0.67391,0.655094
0.67392,0.655359
0.6739299999999999,0.655623
0.6739400000000001,0.655886
0.67395,0.656148
0.67396,0.65641
0.6739700000000001,0.65667
0.67398,0.656929
0.67399,0.657187
0.674,0.657444
0.67401,0.6577
0.67402,0.657955
0.67403,0.658209
0.67404,0.658462
0.6740499999999999,0.658714
0.67406,0.658966
0.6740700000000001,0.659216
0.67408,0.659465
0.6740900000000001,0.659713
0.6741,0.65996
0.67411,0.660206
0.67412,0.660451
0.67413,0.660695
0.67414,0.660939
0.67415,0.661181
0.67416,0.661422
0.6741699999999999,0.661662
0.67418,0.661902
0.6741900000000001,0.66214
0.6742,0.662377
0.6742100000000001,0.662613
0.67422,0.662849
0.67423,0.663083
0.6742400000000001,0.663317
0.67425,0.663549
0.67426,0.663781
0.67427,0.664011
0.67428,0.664241
0.67429,0.664469
0.6742999999999999,0.664697
0.67431,0.664924
0.67432,0.665149
0.6743300000000001,0.665374
0.67434,0.665598
0.67435,0.665821
0.67436,0.666043
0.67437,0.666263
0.67438,0.666483
0.6743899999999999,0.666703
0.6744,0.666921
0.67441,0.667138
0.6744199999999999,0.667354
0.67443,0.667569
0.67444,0.667784
0.67445,0.667997
0.6744600000000001,0.668209
0.67447,0.668421
0.67448,0.668632
0.67449,0.668841
0.6745,0.66905
0.6745099999999999,0.669258
0.67452,0.669465
0.67453,0.669671
0.6745399999999999,0.669876
0.67455,0.67008
0.6745599999999999,0.670283
0.67457,0.670485
0.6745800000000001,0.670686
0.67459,0.670887
0.6746,0.671086
0.67461,0.671285
0.67462,0.671483
0.67463,0.671679
0.67464,0.671875
0.67465,0.67207
0.6746599999999999,0.672264
0.67467,0.672457
0.67468,0.672649
0.67469,0.672841
0.6747000000000001,0.673031
0.67471,0.673221
0.67472,0.673409
0.67473,0.673597
0.67474,0.673784
0.67475,0.673969
0.67476,0.674154
0.67477,0.674339
0.6747799999999999,0.674522
0.67479,0.674704
0.6748,0.674885
0.6748099999999999,0.675066
0.6748200000000001,0.675246
0.67483,0.675424
0.67484,0.675602
0.6748500000000001,0.675779
0.67486,0.675955
0.67487,0.676131
0.67488,0.676305
0.67489,0.676478
0.6748999999999999,0.676651
0.67491,0.676823
0.67492,0.676993
0.6749299999999999,0.677163
0.6749400000000001,0.677332
0.67495,0.677501
0.67496,0.677668
0.6749700000000001,0.677834
0.67498,0.678
0.67499,0.678165
0.675,0.678328
0.67501,0.678491
0.67502,0.678654
0.67503,0.678815
0.67504,0.678975
0.6750499999999999,0.679135
0.67506,0.679293
0.6750700000000001,0.679451
0.67508,0.679608
0.6750900000000001,0.679764
0.6751,0.679919
0.67511,0.680074
0.67512,0.680227
0.67513,0.68038
0.67514,0.680532
0.67515,0.680683
0.67516,0.680833
0.6751699999999999,0.680982
0.67518,0.681131
0.6751900000000001,0.681278
0.6752,0.681425
0.6752100000000001,0.681571
0.67522,0.681716
0.67523,0.68186
0.6752400000000001,0.682003
0.67525,0.682146
0.67526,0.682288
0.67527,0.682428
0.67528,0.682568
0.67529,0.682708
0.6752999999999999,0.682846
0.67531,0.682984
0.67532,0.68312
0.67533,0.683256
0.67534,0.683391
0.67535,0.683525
0.67536,0.683659
0.67537,0.683791
0.67538,0.683923
0.6753899999999999,0.684054
0.6754,0.684184
0.67541,0.684313
0.6754199999999999,0.684441
0.67543,0.684569
0.67544,0.684696
0.67545,0.684822
0.6754600000000001,0.684947
0.67547,0.685071
0.67548,0.685195
0.67549,0.685317
0.6755,0.685439
0.6755099999999999,0.68556
0.67552,0.68568
0.67553,0.6858
0.6755399999999999,0.685918
0.67555,0.686036
0.6755599999999999,0.686153
0.67557,0.686269
0.6755800000000001,0.686385
0.67559,0.686499
0.6756,0.686613
0.67561,0.686726
0.67562,0.686838
0.67563,0.68695
0.67564,0.68706
0.67565,0.68717
0.6756599999999999,0.687279
0.67567,0.687387
0.67568,0.687494
0.67569,0.687601
0.6757000000000001,0.687706
0.67571,0.687811
0.67572,0.687916
0.67573,0.688019
0.67574,0.688121
0.67575,0.688223
0.67576,0.688324
0.67577,0.688424
0.6757799999999999,0.688524
0.67579,0.688622
0.6758,0.68872
0.6758099999999999,0.688817
0.6758200000000001,0.688913
0.67583,0.689009
0.67584,0.689104
0.6758500000000001,0.689197
0.67586,0.68929
0.67587,0.689383
0.67588,0.689474
0.67589,0.689565
0.6759,0.689655
0.67591,0.689744
0.67592,0.689833
0.6759299999999999,0.68992
0.6759400000000001,0.690007
0.67595,0.690093
0.67596,0.690178
0.6759700000000001,0.690263
0.67598,0.690346
0.67599,0.690429
0.676,0.690512
0.67601,0.690593
0.67602,0.690674
0.67603,0.690753
0.67604,0.690833
0.6760499999999999,0.690911
0.67606,0.690988
0.6760700000000001,0.691065
0.67608,0.691141
0.6760900000000001,0.691216
0.6761,0.691291
0.67611,0.691364
0.67612,0.691437
0.67613,0.691509
0.67614,0.691581
0.67615,0.691651
0.67616,0.691721
0.6761699999999999,0.69179
0.67618,0.691859
0.6761900000000001,0.691926
0.6762,0.691993
0.6762100000000001,0.692059
0.67622,0.692124
0.67623,0.692189
0.6762400000000001,0.692253
0.67625,0.692316
0.67626,0.692378
0.6762699999999999,0.692439
0.67628,0.6925
0.67629,0.69256
0.6762999999999999,0.692619
0.67631,0.692677
0.67632,0.692735
0.67633,0.692792
0.67634,0.692848
0.67635,0.692904
0.67636,0.692958
0.67637,0.693012
0.67638,0.693065
0.6763899999999999,0.693118
0.6764,0.693169
0.67641,0.69322
0.6764199999999999,0.69327
0.67643,0.69332
0.67644,0.693368
0.67645,0.693416
0.6764600000000001,0.693464
0.67647,0.69351
0.67648,0.693556
0.67649,0.6936
0.6765,0.693645
0.67651,0.693688
0.67652,0.693731
0.67653,0.693773
0.6765399999999999,0.693814
0.67655,0.693854
0.6765599999999999,0.693894
0.67657,0.693933
0.6765800000000001,0.693971
0.67659,0.694008
0.6766,0.694045
0.67661,0.694081
0.67662,0.694116
0.67663,0.694151
0.67664,0.694184
0.67665,0.694217
0.6766599999999999,0.69425
0.67667,0.694281
0.67668,0.694312
0.67669,0.694342
0.6767000000000001,0.694371
0.67671,0.6944
0.67672,0.694427
0.67673,0.694454
0.67674,0.694481
0.67675,0.694506
0.67676,0.694531
0.67677,0.694555
0.6767799999999999,0.694579
0.67679,0.694601
0.6768,0.694623
0.6768099999999999,0.694644
0.6768200000000001,0.694665
0.67683,0.694684
0.67684,0.694703
0.6768500000000001,0.694722
0.67686,0.694739
0.67687,0.694756
0.67688,0.694772
0.67689,0.694787
0.6769,0.694802
0.67691,0.694815
0.67692,0.694828
0.6769299999999999,0.694841
0.6769400000000001,0.694852
0.67695,0.694863
0.67696,0.694873
0.6769700000000001,0.694883
0.67698,0.694892
0.67699,0.694899
0.677,0.694907
0.67701,0.694913
0.67702,0.694919
0.67703,0.694924
0.67704,0.694928
0.6770499999999999,0.694932
0.67706,0.694935
0.6770700000000001,0.694937
0.67708,0.694938
0.6770900000000001,0.694939
0.6771,0.694939
0.67711,0.694938
0.67712,0.694936
0.67713,0.694934
0.67714,0.694931
0.67715,0.694927
0.67716,0.694923
0.6771699999999999,0.694917
0.67718,0.694911
0.6771900000000001,0.694905
0.6772,0.694897
0.6772100000000001,0.694889
0.67722,0.69488
0.67723,0.694871
0.6772400000000001,0.694861
0.67725,0.694849
0.67726,0.694838
0.6772699999999999,0.694825
0.67728,0.694812
0.67729,0.694798
0.6772999999999999,0.694783
0.67731,0.694768
0.67732,0.694752
0.67733,0.694735
0.67734,0.694717
0.67735,0.694699
0.67736,0.69468
0.67737,0.69466
0.67738,0.69464
0.6773899999999999,0.694619
0.6774,0.694597
0.67741,0.694574
0.6774199999999999,0.694551
0.67743,0.694526
0.67744,0.694502
0.67745,0.694476
0.6774600000000001,0.69445
0.67747,0.694423
0.67748,0.694395
0.67749,0.694366
0.6775,0.694337
0.67751,0.694307
0.67752,0.694276
0.67753,0.694245
0.6775399999999999,0.694213
0.67755,0.69418
0.6775599999999999,0.694147
0.67757,0.694112
0.6775800000000001,0.694077
0.67759,0.694041
0.6776,0.694005
0.67761,0.693968
0.67762,0.69393
0.67763,0.693891
0.67764,0.693852
0.67765,0.693811
0.6776599999999999,0.693771
0.67767,0.693729
0.67768,0.693687
0.67769,0.693644
0.6777000000000001,0.6936
0.67771,0.693555
0.67772,0.69351
0.67773,0.693464
0.67774,0.693418
0.67775,0.69337
0.67776,0.693322
0.67777,0.693273
0.6777799999999999,0.693223
0.67779,0.693173
0.6778,0.693122
0.6778099999999999,0.69307
0.6778200000000001,0.693018
0.67783,0.692964
0.67784,0.69291
0.6778500000000001,0.692856
0.67786,0.6928
0.67787,0.692744
0.67788,0.692687
0.67789,0.69263
0.6779,0.692571
0.67791,0.692512
0.67792,0.692452
0.6779299999999999,0.692392
0.6779400000000001,0.69233
0.67795,0.692268
0.67796,0.692206
0.6779700000000001,0.692142
0.67798,0.692078
0.67799,0.692013
0.678,0.691947
0.67801,0.691881
0.67802,0.691814
0.67803,0.691746
0.67804,0.691677
0.6780499999999999,0.691608
0.67806,0.691538
0.6780700000000001,0.691467
0.67808,0.691395
0.6780900000000001,0.691323
0.6781,0.69125
0.67811,0.691176
0.6781200000000001,0.691102
0.67813,0.691026
0.67814,0.69095
0.67815,0.690874
0.67816,0.690796
0.6781699999999999,0.690718
0.67818,0.690639
0.6781900000000001,0.690559
0.6782,0.690479
0.6782100000000001,0.690398
0.67822,0.690316
0.67823,0.690233
0.67824,0.69015
0.67825,0.690066
0.67826,0.689981
0.6782699999999999,0.689895
0.67828,0.689809
0.67829,0.689722
0.6782999999999999,0.689634
0.67831,0.689545
0.67832,0.689456
0.67833,0.689366
0.67834,0.689275
0.67835,0.689184
0.67836,0.689092
0.67837,0.688998
0.67838,0.688905
0.6783899999999999,0.68881
0.6784,0.688715
0.67841,0.688619
0.6784199999999999,0.688522
0.67843,0.688425
0.67844,0.688326
0.67845,0.688227
0.6784600000000001,0.688128
0.67847,0.688027
0.67848,0.687926
0.67849,0.687824
0.6785,0.687721
0.67851,0.687618
0.67852,0.687514
0.67853,0.687409
0.6785399999999999,0.687303
0.67855,0.687196
0.6785599999999999,0.687089
0.67857,0.686981
0.6785800000000001,0.686872
0.67859,0.686763
0.6786,0.686653
0.67861,0.686542
0.67862,0.68643
0.67863,0.686317
0.67864,0.686204
0.67865,0.68609
0.6786599999999999,0.685975
0.67867,0.68586
0.67868,0.685743
0.67869,0.685626
0.6787000000000001,0.685508
0.67871,0.68539
0.67872,0.68527
0.67873,0.68515
0.67874,0.685029
0.67875,0.684908
0.67876,0.684785
0.67877,0.684662
0.6787799999999999,0.684538
0.67879,0.684414
0.6788,0.684288
0.6788099999999999,0.684162
0.6788200000000001,0.684035
0.67883,0.683907
0.67884,0.683779
0.6788500000000001,0.68365
0.67886,0.68352
0.67887,0.683389
0.67888,0.683257
0.67889,0.683125
0.6789,0.682992
0.67891,0.682858
0.67892,0.682723
0.6789299999999999,0.682588
0.6789400000000001,0.682451
0.67895,0.682315
0.67896,0.682177
0.6789700000000001,0.682038
0.67898,0.681899
0.67899,0.681759
0.679,0.681618
0.67901,0.681476
0.67902,0.681334
0.67903,0.681191
0.67904,0.681047
0.6790499999999999,0.680902
0.67906,0.680757
0.6790700000000001,0.68061
0.67908,0.680463
0.6790900000000001,0.680315
0.6791,0.680167
0.67911,0.680017
0.6791200000000001,0.679867
0.67913,0.679716
0.67914,0.679564
0.67915,0.679412
0.67916,0.679259
0.6791699999999999,0.679104
0.6791799999999999,0.67895
0.6791900000000001,0.678794
0.6792,0.678637
0.6792100000000001,0.67848
0.67922,0.678322
0.67923,0.678163
0.67924,0.678004
0.67925,0.677843
0.67926,0.677682
0.6792699999999999,0.67752
0.67928,0.677357
0.67929,0.677193
0.6792999999999999,0.677029
0.67931,0.676864
0.67932,0.676698
0.67933,0.676531
0.67934,0.676363
0.67935,0.676195
0.67936,0.676026
0.67937,0.675856
0.67938,0.675685
0.6793899999999999,0.675514
0.6794,0.675341
0.67941,0.675168
0.6794199999999999,0.674994
0.67943,0.674819
0.67944,0.674644
0.67945,0.674467
0.6794600000000001,0.67429
0.67947,0.674112
0.67948,0.673933
0.67949,0.673753
0.6795,0.673573
0.67951,0.673392
0.67952,0.67321
0.67953,0.673027
0.6795399999999999,0.672843
0.67955,0.672658
0.6795599999999999,0.672473
0.67957,0.672287
0.6795800000000001,0.6721
0.67959,0.671912
0.6796,0.671724
0.67961,0.671534
0.67962,0.671344
0.67963,0.671153
0.67964,0.670961
0.67965,0.670768
0.6796599999999999,0.670575
0.67967,0.67038
0.67968,0.670185
0.67969,0.669989
0.6797000000000001,0.669792
0.67971,0.669595
0.67972,0.669396
0.6797300000000001,0.669197
0.67974,0.668997
0.67975,0.668796
0.67976,0.668594
0.67977,0.668391
0.6797799999999999,0.668188
0.67979,0.667984
0.6798,0.667779
0.6798099999999999,0.667573
0.6798200000000001,0.667366
0.67983,0.667158
0.67984,0.66695
0.6798500000000001,0.66674
0.67986,0.66653
0.67987,0.666319
0.67988,0.666107
0.67989,0.665895
0.6799,0.665681
0.67991,0.665467
0.67992,0.665252
0.6799299999999999,0.665036
0.6799400000000001,0.664819
0.67995,0.664601
0.67996,0.664383
0.6799700000000001,0.664163
0.67998,0.663943
0.67999,0.663722
0.68,0.6635
0.68001,0.663277
0.68002,0.663053
0.68003,0.662829
0.68004,0.662603
0.6800499999999999,0.662377
0.68006,0.66215
0.6800700000000001,0.661922
0.68008,0.661693
0.6800900000000001,0.661463
0.6801,0.661233
0.68011,0.661001
0.6801200000000001,0.660769
0.68013,0.660536
0.68014,0.660302
0.68015,0.660067
0.68016,0.659831
0.6801699999999999,0.659595
0.6801799999999999,0.659357
0.6801900000000001,0.659119
0.6802,0.65888
0.68021,0.65864
0.68022,0.658399
0.68023,0.658157
0.68024,0.657914
0.68025,0.657671
0.68026,0.657426
0.6802699999999999,0.657181
0.68028,0.656935
0.68029,0.656688
0.6802999999999999,0.65644
0.68031,0.656191
0.68032,0.655941
0.68033,0.655691
0.6803400000000001,0.655439
0.68035,0.655187
0.68036,0.654934
0.68037,0.65468
0.68038,0.654425
0.6803899999999999,0.654169
0.6804,0.653912
0.68041,0.653654
0.6804199999999999,0.653396
0.68043,0.653136
0.68044,0.652876
0.68045,0.652615
0.6804600000000001,0.652353
0.68047,0.65209
0.68048,0.651826
0.68049,0.651561
0.6805,0.651295
0.68051,0.651029
0.68052,0.650761
0.68053,0.650493
0.6805399999999999,0.650223
0.68055,0.649953
0.6805599999999999,0.649682
0.68057,0.64941
0.6805800000000001,0.649137
0.68059,0.648863
0.6806,0.648589
0.68061,0.648313
0.68062,0.648036
0.68063,0.647759
0.68064,0.64748
0.68065,0.647201
0.6806599999999999,0.646921
0.68067,0.64664
0.68068,0.646358
0.68069,0.646075
0.6807000000000001,0.645791
0.68071,0.645506
0.68072,0.645221
0.6807300000000001,0.644934
0.68074,0.644646
0.68075,0.644358
0.68076,0.644069
0.68077,0.643778
0.6807799999999999,0.643487
0.68079,0.643195
0.6808,0.642902
0.6808099999999999,0.642608
0.6808200000000001,0.642313
0.68083,0.642017
0.68084,0.64172
0.6808500000000001,0.641423
0.68086,0.641124
0.68087,0.640824
0.68088,0.640524
0.68089,0.640222
0.6809,0.63992
0.68091,0.639617
0.68092,0.639312
0.6809299999999999,0.639007
0.6809400000000001,0.638701
0.68095,0.638394
0.68096,0.638086
0.6809700000000001,0.637777
0.68098,0.637467
0.68099,0.637156
0.681,0.636845
0.68101,0.636532
0.68102,0.636218
0.68103,0.635903
0.68104,0.635588
0.6810499999999999,0.635271
0.68106,0.634954
0.6810700000000001,0.634635
0.68108,0.634316
0.6810900000000001,0.633996
0.6811,0.633674
0.68111,0.633352
0.6811200000000001,0.633029
0.68113,0.632705
0.68114,0.63238
0.6811499999999999,0.632054
0.68116,0.631727
0.6811699999999999,0.631399
0.6811799999999999,0.63107
0.6811900000000001,0.63074
0.6812,0.630409
0.68121,0.630077
0.68122,0.629744
0.68123,0.62941
0.68124,0.629076
0.68125,0.62874
0.68126,0.628403
0.6812699999999999,0.628066
0.68128,0.627727
0.68129,0.627388
0.6812999999999999,0.627047
0.68131,0.626705
0.68132,0.626363
0.68133,0.626019
0.6813400000000001,0.625675
0.68135,0.62533
0.68136,0.624983
0.68137,0.624636
0.68138,0.624287
0.6813899999999999,0.623938
0.6814,0.623588
0.68141,0.623237
0.6814199999999999,0.622884
0.68143,0.622531
0.68144,0.622177
0.68145,0.621822
0.6814600000000001,0.621465
0.68147,0.621108
0.68148,0.62075
0.68149,0.620391
0.6815,0.620031
0.68151,0.619669
0.68152,0.619307
0.68153,0.618944
0.6815399999999999,0.61858
0.68155,0.618215
0.6815599999999999,0.617849
0.68157,0.617482
0.6815800000000001,0.617114
0.68159,0.616745
0.6816,0.616374
0.68161,0.616003
0.68162,0.615631
0.68163,0.615258
0.68164,0.614884
0.68165,0.614509
0.6816599999999999,0.614133
0.68167,0.613756
0.68168,0.613378
0.68169,0.612999
0.6817000000000001,0.612619
0.68171,0.612238
0.68172,0.611856
0.6817300000000001,0.611472
0.68174,0.611088
0.68175,0.610703
0.68176,0.610317
0.68177,0.60993
0.6817799999999999,0.609542
0.68179,0.609153
0.6818,0.608763
0.6818099999999999,0.608372
0.6818200000000001,0.607979
0.68183,0.607586
0.68184,0.607192
0.6818500000000001,0.606797
0.68186,0.606401
0.68187,0.606003
0.68188,0.605605
0.68189,0.605206
0.6819,0.604806
0.68191,0.604404
0.68192,0.604002
0.6819299999999999,0.603599
0.6819400000000001,0.603195
0.6819500000000001,0.602789
0.68196,0.602383
0.6819700000000001,0.601975
0.68198,0.601567
0.68199,0.601158
0.682,0.600747
0.68201,0.600336
0.68202,0.599923
0.68203,0.59951
0.68204,0.599095
0.6820499999999999,0.59868
0.68206,0.598263
0.6820700000000001,0.597846
0.68208,0.597427
0.6820900000000001,0.597007
0.6821,0.596587
0.68211,0.596165
0.6821200000000001,0.595742
0.68213,0.595319
0.68214,0.594894
0.6821499999999999,0.594468
0.68216,0.594041
0.6821699999999999,0.593614
0.6821799999999999,0.593185
0.6821900000000001,0.592755
0.6822,0.592324
0.68221,0.591892
0.68222,0.591459
0.68223,0.591025
0.68224,0.59059
0.68225,0.590154
0.68226,0.589717
0.6822699999999999,0.589279
0.68228,0.58884
0.68229,0.5884
0.6822999999999999,0.587959
0.68231,0.587516
0.68232,0.587073
0.68233,0.586629
0.6823400000000001,0.586184
0.68235,0.585737
0.68236,0.58529
0.68237,0.584842
0.68238,0.584392
0.6823899999999999,0.583942
0.6824,0.58349
0.68241,0.583038
0.6824199999999999,0.582584
0.68243,0.58213
0.68244,0.581674
0.68245,0.581218
0.6824600000000001,0.58076
0.68247,0.580301
0.68248,0.579842
0.68249,0.579381
0.6825,0.578919
0.68251,0.578456
0.68252,0.577993
0.68253,0.577528
0.6825399999999999,0.577062
0.68255,0.576595
0.68256,0.576127
0.68257,0.575658
0.6825800000000001,0.575188
0.68259,0.574717
0.6826,0.574245
0.68261,0.573772
0.68262,0.573298
0.68263,0.572823
0.68264,0.572347
0.68265,0.57187
0.6826599999999999,0.571392
0.68267,0.570913
0.68268,0.570432
0.68269,0.569951
0.6827000000000001,0.569469
0.68271,0.568986
0.68272,0.568501
0.6827300000000001,0.568016
0.68274,0.56753
0.68275,0.567043
0.68276,0.566554
0.68277,0.566065
0.6827799999999999,0.565574
0.68279,0.565083
0.6828,0.564591
0.6828099999999999,0.564097
0.6828200000000001,0.563603
0.68283,0.563107
0.68284,0.562611
0.6828500000000001,0.562113
0.68286,0.561615
0.68287,0.561115
0.68288,0.560615
0.68289,0.560113
0.6829,0.559611
0.68291,0.559107
0.68292,0.558602
0.6829299999999999,0.558097
0.6829400000000001,0.55759
0.6829500000000001,0.557083
0.68296,0.556574
0.6829700000000001,0.556065
0.68298,0.555554
0.68299,0.555042
0.683,0.55453
0.68301,0.554016
0.68302,0.553502
0.68303,0.552986
0.68304,0.55247
0.6830499999999999,0.551952
0.68306,0.551433
0.6830700000000001,0.550914
0.68308,0.550393
0.6830900000000001,0.549872
0.6831,0.549349
0.68311,0.548826
0.68312,0.548301
0.68313,0.547776
0.68314,0.547249
0.6831499999999999,0.546722
0.68316,0.546194
0.6831699999999999,0.545664
0.6831799999999999,0.545134
0.6831900000000001,0.544603
0.6832,0.54407
0.68321,0.543537
0.68322,0.543003
0.68323,0.542468
0.68324,0.541931
0.68325,0.541394
0.68326,0.540856
0.6832699999999999,0.540317
0.68328,0.539777
0.68329,0.539236
0.6832999999999999,0.538694
0.68331,0.538151
0.68332,0.537607
0.68333,0.537063
0.6833400000000001,0.536517
0.68335,0.53597
0.68336,0.535422
0.68337,0.534874
0.68338,0.534324
0.6833899999999999,0.533774
0.6834,0.533223
0.68341,0.53267
0.6834199999999999,0.532117
0.68343,0.531563
0.68344,0.531008
0.68345,0.530452
0.6834600000000001,0.529895
0.68347,0.529337
0.68348,0.528778
0.68349,0.528218
0.6835,0.527658
0.68351,0.527096
0.68352,0.526534
0.68353,0.52597
0.6835399999999999,0.525406
0.68355,0.524841
0.68356,0.524275
0.68357,0.523708
0.6835800000000001,0.52314
0.68359,0.522571
0.6836,0.522002
0.68361,0.521431
0.68362,0.52086
0.68363,0.520287
0.68364,0.519714
0.68365,0.51914
0.6836599999999999,0.518565
0.68367,0.517989
0.68368,0.517413
0.68369,0.516835
0.6837000000000001,0.516257
0.68371,0.515678
0.68372,0.515098
0.6837300000000001,0.514517
0.68374,0.513935
0.68375,0.513352
0.68376,0.512769
0.68377,0.512185
0.6837799999999999,0.511599
0.68379,0.511014
0.6838,0.510427
0.6838099999999999,0.509839
0.6838200000000001,0.509251
0.68383,0.508661
0.68384,0.508071
0.6838500000000001,0.507481
0.68386,0.506889
0.68387,0.506296
0.68388,0.505703
0.68389,0.505109
0.6839,0.504514
0.68391,0.503919
0.68392,0.503322
0.6839299999999999,0.502725
0.6839400000000001,0.502127
0.6839500000000001,0.501528
0.68396,0.500929
0.6839700000000001,0.500328
0.68398,0.499727
0.68399,0.499126
0.684,0.498523
0.68401,0.49792
0.68402,0.497316
0.68403,0.496711
0.68404,0.496105
0.6840499999999999,0.495499
0.6840599999999999,0.494892
0.6840700000000001,0.494285
0.68408,0.493676
0.6840900000000001,0.493067
0.6841,0.492457
0.68411,0.491847
0.68412,0.491235
0.68413,0.490624
0.68414,0.490011
0.6841499999999999,0.489398
0.68416,0.488784
0.68417,0.488169
0.6841799999999999,0.487554
0.6841900000000001,0.486938
0.6842,0.486321
0.68421,0.485704
0.68422,0.485086
0.68423,0.484467
0.68424,0.483848
0.68425,0.483228
0.68426,0.482608
0.6842699999999999,0.481987
0.68428,0.481365
0.68429,0.480743
0.6842999999999999,0.48012
0.68431,0.479496
0.68432,0.478872
0.68433,0.478247
0.6843400000000001,0.477622
0.68435,0.476996
0.68436,0.47637
0.68437,0.475743
0.68438,0.475115
0.6843899999999999,0.474487
0.6844,0.473858
0.68441,0.473229
0.6844199999999999,0.472599
0.68443,0.471969
0.68444,0.471338
0.68445,0.470707
0.6844600000000001,0.470075
0.68447,0.469443
0.68448,0.46881
0.68449,0.468176
0.6845,0.467543
0.68451,0.466908
0.68452,0.466273
0.68453,0.465638
0.6845399999999999,0.465002
0.68455,0.464366
0.68456,0.463729
0.68457,0.463092
0.6845800000000001,0.462455
0.68459,0.461817
0.6846,0.461179
0.68461,0.46054
0.68462,0.459901
0.68463,0.459261
0.68464,0.458621
0.68465,0.457981
0.6846599999999999,0.45734
0.68467,0.456699
0.68468,0.456057
0.68469,0.455415
0.6847000000000001,0.454773
0.68471,0.454131
0.68472,0.453488
0.6847300000000001,0.452845
0.68474,0.452201
0.68475,0.451557
0.68476,0.450913
0.68477,0.450269
0.6847799999999999,0.449624
0.68479,0.448979
0.6848,0.448333
0.6848099999999999,0.447688
0.6848200000000001,0.447042
0.68483,0.446396
0.68484,0.44575
0.6848500000000001,0.445103
0.68486,0.444456
0.68487,0.443809
0.68488,0.443162
0.68489,0.442515
0.6849,0.441867
0.68491,0.441219
0.68492,0.440571
0.6849299999999999,0.439923
0.6849400000000001,0.439275
0.6849500000000001,0.438627
0.68496,0.437978
0.6849700000000001,0.437329
0.68498,0.43668
0.68499,0.436031
0.685,0.435382
0.68501,0.434733
0.68502,0.434084
0.68503,0.433435
0.68504,0.432785
0.6850499999999999,0.432136
0.6850599999999999,0.431486
0.6850700000000001,0.430837
0.68508,0.430187
0.68509,0.429537
0.6851,0.428888
0.68511,0.428238
0.68512,0.427588
0.68513,0.426939
0.68514,0.426289
0.6851499999999999,0.42564
0.68516,0.42499
0.68517,0.42434
0.6851799999999999,0.423691
0.6851900000000001,0.423042
0.6852,0.422392
0.68521,0.421743
0.68522,0.421094
0.68523,0.420445
0.68524,0.419796
0.68525,0.419147
0.68526,0.418499
0.6852699999999999,0.41785
0.68528,0.417202
0.68529,0.416554
0.6852999999999999,0.415906
0.68531,0.415258
0.68532,0.414611
0.68533,0.413963
0.6853400000000001,0.413316
0.68535,0.412669
0.68536,0.412023
0.68537,0.411376
0.68538,0.41073
0.6853899999999999,0.410084
0.6854,0.409439
0.68541,0.408794
0.6854199999999999,0.408149
0.68543,0.407504
0.68544,0.40686
0.68545,0.406216
0.6854600000000001,0.405572
0.68547,0.404929
0.68548,0.404286
0.68549,0.403643
0.6855,0.403001
0.68551,0.40236
0.68552,0.401718
0.68553,0.401078
0.6855399999999999,0.400437
0.68555,0.399797
0.68556,0.399158
0.68557,0.398519
0.6855800000000001,0.39788
0.68559,0.397242
0.6856,0.396605
0.68561,0.395968
0.68562,0.395331
0.68563,0.394695
0.68564,0.39406
0.68565,0.393425
0.6856599999999999,0.392791
0.68567,0.392157
0.68568,0.391524
0.68569,0.390892
0.6857000000000001,0.39026
0.68571,0.389629
0.68572,0.388999
0.6857300000000001,0.388369
0.68574,0.38774
0.68575,0.387111
0.68576,0.386484
0.68577,0.385857
0.68578,0.38523
0.68579,0.384605
0.6858,0.38398
0.6858099999999999,0.383356
0.6858200000000001,0.382733
0.68583,0.38211
0.68584,0.381489
0.6858500000000001,0.380868
0.68586,0.380248
0.68587,0.379629
0.68588,0.37901
0.68589,0.378393
0.6859,0.377776
0.68591,0.377161
0.68592,0.376546
0.6859299999999999,0.375932
0.6859400000000001,0.375319
0.6859500000000001,0.374707
0.68596,0.374096
0.6859700000000001,0.373486
0.68598,0.372877
0.68599,0.372269
0.686,0.371661
0.68601,0.371055
0.68602,0.37045
0.6860299999999999,0.369846
0.68604,0.369243
0.6860499999999999,0.368642
0.6860599999999999,0.368041
0.6860700000000001,0.367441
0.68608,0.366843
0.68609,0.366245
0.6861,0.365649
0.68611,0.365054
0.68612,0.36446
0.68613,0.363867
0.68614,0.363275
0.6861499999999999,0.362685
0.68616,0.362096
0.68617,0.361508
0.6861799999999999,0.360921
0.6861900000000001,0.360335
0.6862,0.359751
0.68621,0.359168
0.68622,0.358587
0.68623,0.358006
0.68624,0.357427
0.68625,0.35685
0.68626,0.356273
0.6862699999999999,0.355699
0.68628,0.355125
0.68629,0.354553
0.6862999999999999,0.353982
0.68631,0.353413
0.68632,0.352845
0.68633,0.352278
0.6863400000000001,0.351713
0.68635,0.35115
0.68636,0.350588
0.68637,0.350027
0.68638,0.349468
0.68639,0.348911
0.6864,0.348355
0.68641,0.347801
0.6864199999999999,0.347248
0.68643,0.346697
0.68644,0.346147
0.68645,0.345599
0.6864600000000001,0.345053
0.68647,0.344508
0.68648,0.343965
0.68649,0.343423
0.6865,0.342883
0.68651,0.342345
0.68652,0.341809
0.68653,0.341274
0.6865399999999999,0.340741
0.68655,0.34021
0.68656,0.339681
0.68657,0.339153
0.6865800000000001,0.338627
0.68659,0.338103
0.6866,0.337581
0.68661,0.337061
0.68662,0.336542
0.68663,0.336025
0.68664,0.33551
0.68665,0.334997
0.6866599999999999,0.334486
0.68667,0.333977
0.68668,0.33347
0.68669,0.332964
0.6867000000000001,0.332461
0.68671,0.33196
0.68672,0.33146
0.6867300000000001,0.330963
0.68674,0.330467
0.68675,0.329974
0.68676,0.329482
0.68677,0.328993
0.68678,0.328506
0.68679,0.32802
0.6868,0.327537
0.6868099999999999,0.327056
0.6868200000000001,0.326577
0.68683,0.3261
0.68684,0.325625
0.6868500000000001,0.325153
0.68686,0.324682
0.68687,0.324214
0.68688,0.323748
0.68689,0.323284
0.6869,0.322822
0.68691,0.322363
0.68692,0.321905
0.6869299999999999,0.32145
0.6869400000000001,0.320998
0.6869500000000001,0.320547
0.68696,0.320099
0.6869700000000001,0.319653
0.68698,0.319209
0.68699,0.318768
0.687,0.318329
0.68701,0.317892
0.68702,0.317458
0.6870299999999999,0.317026
0.68704,0.316597
0.6870499999999999,0.31617
0.6870599999999999,0.315745
0.6870700000000001,0.315323
0.68708,0.314903
0.68709,0.314485
0.6871,0.31407
0.68711,0.313658
0.68712,0.313248
0.68713,0.31284
0.68714,0.312435
0.6871499999999999,0.312033
0.68716,0.311632
0.68717,0.311235
0.6871799999999999,0.31084
0.6871900000000001,0.310448
0.6872,0.310058
0.68721,0.309671
0.68722,0.309286
0.68723,0.308904
0.68724,0.308524
0.68725,0.308147
0.68726,0.307773
0.6872699999999999,0.307402
0.68728,0.307033
0.68729,0.306667
0.6872999999999999,0.306303
0.68731,0.305942
0.68732,0.305584
0.68733,0.305228
0.6873400000000001,0.304876
0.68735,0.304526
0.68736,0.304178
0.68737,0.303834
0.68738,0.303492
0.68739,0.303153
0.6874,0.302817
0.68741,0.302483
0.6874199999999999,0.302153
0.68743,0.301825
0.68744,0.3015
0.68745,0.301177
0.6874600000000001,0.300858
0.68747,0.300541
0.68748,0.300228
0.68749,0.299917
0.6875,0.299609
0.68751,0.299304
0.68752,0.299002
0.68753,0.298702
0.6875399999999999,0.298406
0.68755,0.298112
0.68756,0.297822
0.68757,0.297534
0.6875800000000001,0.29725
0.68759,0.296968
0.6876,0.296689
0.68761,0.296413
0.68762,0.29614
0.68763,0.295871
0.68764,0.295604
0.68765,0.29534
0.6876599999999999,0.295079
0.68767,0.294821
0.68768,0.294566
0.68769,0.294314
0.6877000000000001,0.294066
0.68771,0.29382
0.68772,0.293577
0.6877300000000001,0.293337
0.68774,0.293101
0.68775,0.292867
0.68776,0.292637
0.68777,0.292409
0.68778,0.292185
0.68779,0.291964
0.6878,0.291746
0.6878099999999999,0.291531
0.6878200000000001,0.291319
0.68783,0.29111
0.68784,0.290905
0.6878500000000001,0.290702
0.68786,0.290503
0.68787,0.290307
0.68788,0.290113
0.68789,0.289923
0.6879,0.289737
0.68791,0.289553
0.68792,0.289373
0.6879299999999999,0.289195
0.6879400000000001,0.289021
0.6879500000000001,0.28885
0.68796,0.288682
0.6879700000000001,0.288518
0.68798,0.288357
0.68799,0.288198
0.688,0.288043
0.68801,0.287892
0.68802,0.287743
0.6880299999999999,0.287598
0.68804,0.287456
0.6880499999999999,0.287317
0.6880599999999999,0.287181
0.6880700000000001,0.287049
0.68808,0.286919
0.68809,0.286793
0.6881,0.286671
0.68811,0.286551
0.68812,0.286435
0.68813,0.286322
0.68814,0.286212
0.6881499999999999,0.286105
0.68816,0.286002
0.68817,0.285902
0.6881799999999999,0.285805
0.6881900000000001,0.285712
0.6882,0.285622
0.68821,0.285535
0.68822,0.285451
0.68823,0.28537
0.68824,0.285293
0.68825,0.285219
0.68826,0.285149
0.6882699999999999,0.285081
0.68828,0.285017
0.68829,0.284956
0.6882999999999999,0.284899
0.68831,0.284844
0.68832,0.284793
0.68833,0.284745
0.6883400000000001,0.284701
0.68835,0.28466
0.68836,0.284622
0.68837,0.284587
0.68838,0.284556
0.68839,0.284528
0.6884,0.284503
0.68841,0.284481
0.6884199999999999,0.284463
0.68843,0.284448
0.68844,0.284436
0.68845,0.284428
0.6884600000000001,0.284422
0.68847,0.28442
0.68848,0.284422
0.68849,0.284426
0.6885,0.284434
0.68851,0.284445
0.68852,0.284459
0.68853,0.284477
0.6885399999999999,0.284498
0.68855,0.284522
0.68856,0.284549
0.68857,0.28458
0.6885800000000001,0.284614
0.68859,0.284651
0.6886,0.284691
0.68861,0.284735
0.68862,0.284781
0.68863,0.284831
0.68864,0.284885
0.68865,0.284941
0.6886599999999999,0.285001
0.68867,0.285064
0.68868,0.28513
0.68869,0.285199
0.6887000000000001,0.285272
0.68871,0.285348
0.68872,0.285426
0.6887300000000001,0.285509
0.68874,0.285594
0.68875,0.285682
0.68876,0.285774
0.68877,0.285869
0.68878,0.285967
0.68879,0.286068
0.6888,0.286173
0.6888099999999999,0.28628
0.6888200000000001,0.286391
0.68883,0.286505
0.68884,0.286622
0.6888500000000001,0.286742
0.68886,0.286865
0.68887,0.286991
0.68888,0.287121
0.68889,0.287253
0.6889,0.287389
0.68891,0.287528
0.68892,0.28767
0.6889299999999999,0.287815
0.6889400000000001,0.287963
0.6889500000000001,0.288114
0.68896,0.288268
0.6889700000000001,0.288425
0.68898,0.288586
0.68899,0.288749
0.689,0.288915
0.68901,0.289085
0.68902,0.289257
0.6890299999999999,0.289433
0.68904,0.289611
0.6890499999999999,0.289793
0.6890599999999999,0.289977
0.6890700000000001,0.290165
0.68908,0.290355
0.68909,0.290549
0.6891,0.290745
0.68911,0.290945
0.68912,0.291147
0.68913,0.291352
0.68914,0.291561
0.6891499999999999,0.291772
0.68916,0.291986
0.68917,0.292203
0.6891799999999999,0.292423
0.6891900000000001,0.292646
0.6892,0.292871
0.68921,0.2931
0.68922,0.293331
0.68923,0.293565
0.68924,0.293803
0.68925,0.294043
0.68926,0.294285
0.6892699999999999,0.294531
0.68928,0.294779
0.68929,0.295031
0.6892999999999999,0.295285
0.68931,0.295542
0.68932,0.295801
0.68933,0.296064
0.6893400000000001,0.296329
0.68935,0.296597
0.68936,0.296867
0.68937,0.297141
0.68938,0.297417
0.68939,0.297695
0.6894,0.297977
0.68941,0.298261
0.6894199999999999,0.298548
0.68943,0.298837
0.68944,0.29913
0.68945,0.299424
0.6894600000000001,0.299722
0.68947,0.300022
0.68948,0.300324
0.68949,0.30063
0.6895,0.300938
0.68951,0.301248
0.68952,0.301561
0.68953,0.301877
0.6895399999999999,0.302195
0.68955,0.302515
0.68956,0.302839
0.68957,0.303164
0.6895800000000001,0.303493
0.68959,0.303823
0.6896,0.304156
0.6896100000000001,0.304492
0.68962,0.30483
0.68963,0.305171
0.68964,0.305514
0.68965,0.305859
0.6896599999999999,0.306207
0.68967,0.306557
0.68968,0.30691
0.68969,0.307265
0.6897000000000001,0.307622
0.68971,0.307982
0.68972,0.308344
0.6897300000000001,0.308709
0.68974,0.309075
0.68975,0.309444
0.68976,0.309816
0.68977,0.310189
0.68978,0.310565
0.68979,0.310943
0.6898,0.311324
0.6898099999999999,0.311706
0.6898200000000001,0.312091
0.68983,0.312478
0.68984,0.312867
0.6898500000000001,0.313259
0.68986,0.313652
0.68987,0.314048
0.68988,0.314446
0.68989,0.314846
0.6899,0.315248
0.68991,0.315652
0.68992,0.316059
0.6899299999999999,0.316467
0.6899400000000001,0.316878
0.6899500000000001,0.31729
0.68996,0.317705
0.68997,0.318122
0.68998,0.31854
0.68999,0.318961
0.69,0.319384
0.69001,0.319808
0.69002,0.320235
0.6900299999999999,0.320664
0.69004,0.321094
0.6900499999999999,0.321527
0.6900599999999999,0.321961
0.6900700000000001,0.322397
0.69008,0.322836
0.69009,0.323276
0.6901,0.323718
0.69011,0.324161
0.69012,0.324607
0.69013,0.325055
0.69014,0.325504
0.6901499999999999,0.325955
0.69016,0.326408
0.69017,0.326863
0.6901799999999999,0.327319
0.6901900000000001,0.327777
0.6902,0.328237
0.69021,0.328699
0.6902200000000001,0.329162
0.69023,0.329627
0.69024,0.330094
0.69025,0.330562
0.69026,0.331032
0.6902699999999999,0.331504
0.69028,0.331978
0.69029,0.332452
0.6902999999999999,0.332929
0.69031,0.333407
0.69032,0.333887
0.69033,0.334368
0.6903400000000001,0.334851
0.69035,0.335336
0.69036,0.335822
0.69037,0.336309
0.69038,0.336798
0.69039,0.337289
0.6904,0.337781
0.69041,0.338274
0.6904199999999999,0.338769
0.69043,0.339265
0.69044,0.339763
0.69045,0.340262
0.6904600000000001,0.340763
0.69047,0.341265
0.69048,0.341768
0.69049,0.342273
0.6905,0.342779
0.69051,0.343287
0.69052,0.343795
0.69053,0.344305
0.6905399999999999,0.344817
0.69055,0.345329
0.69056,0.345843
0.69057,0.346358
0.6905800000000001,0.346875
0.69059,0.347392
0.6906,0.347911
0.6906100000000001,0.348431
0.69062,0.348953
0.69063,0.349475
0.69064,0.349999
0.69065,0.350524
0.6906599999999999,0.35105
0.69067,0.351577
0.69068,0.352105
0.69069,0.352634
0.6907000000000001,0.353165
0.69071,0.353696
0.69072,0.354229
0.6907300000000001,0.354762
0.69074,0.355297
0.69075,0.355833
0.69076,0.35637
0.69077,0.356907
0.69078,0.357446
0.69079,0.357986
0.6908,0.358527
0.6908099999999999,0.359068
0.6908200000000001,0.359611
0.69083,0.360154
0.69084,0.360699
0.6908500000000001,0.361244
0.69086,0.361791
0.69087,0.362338
0.69088,0.362886
0.69089,0.363435
0.6909,0.363985
0.6909099999999999,0.364535
0.69092,0.365087
0.6909299999999999,0.365639
0.6909400000000001,0.366192
0.6909500000000001,0.366746
0.69096,0.367301
0.69097,0.367856
0.69098,0.368413
0.69099,0.36897
0.691,0.369527
0.69101,0.370086
0.69102,0.370645
0.6910299999999999,0.371205
0.69104,0.371765
0.6910499999999999,0.372327
0.6910599999999999,0.372889
0.6910700000000001,0.373451
0.69108,0.374014
0.69109,0.374578
0.6911,0.375143
0.69111,0.375708
0.69112,0.376273
0.69113,0.37684
0.69114,0.377407
0.6911499999999999,0.377974
0.69116,0.378542
0.69117,0.379111
0.6911799999999999,0.37968
0.6911900000000001,0.380249
0.6912,0.380819
0.69121,0.38139
0.6912200000000001,0.381961
0.69123,0.382533
0.69124,0.383105
0.69125,0.383677
0.69126,0.38425
0.6912699999999999,0.384824
0.69128,0.385398
0.69129,0.385972
0.6912999999999999,0.386547
0.69131,0.387122
0.69132,0.387697
0.69133,0.388273
0.6913400000000001,0.388849
0.69135,0.389426
0.69136,0.390003
0.69137,0.39058
0.69138,0.391158
0.69139,0.391735
0.6914,0.392314
0.69141,0.392892
0.6914199999999999,0.393471
0.69143,0.39405
0.69144,0.394629
0.69145,0.395209
0.6914600000000001,0.395789
0.69147,0.396369
0.69148,0.396949
0.69149,0.39753
0.6915,0.398111
0.69151,0.398692
0.69152,0.399273
0.69153,0.399854
0.6915399999999999,0.400436
0.69155,0.401017
0.69156,0.401599
0.69157,0.402181
0.6915800000000001,0.402763
0.69159,0.403346
0.6916,0.403928
0.6916100000000001,0.404511
0.69162,0.405093
0.69163,0.405676
0.69164,0.406259
0.69165,0.406841
0.6916599999999999,0.407424
0.69167,0.408007
0.69168,0.40859
0.69169,0.409173
0.6917000000000001,0.409757
0.69171,0.41034
0.69172,0.410923
0.6917300000000001,0.411506
0.69174,0.412089
0.69175,0.412672
0.69176,0.413255
0.69177,0.413838
0.69178,0.414421
0.69179,0.415004
0.6918,0.415587
0.6918099999999999,0.41617
0.6918200000000001,0.416753
0.6918300000000001,0.417336
0.69184,0.417919
0.6918500000000001,0.418501
0.69186,0.419084
0.69187,0.419666
0.69188,0.420248
0.69189,0.42083
0.6919,0.421412
0.6919099999999999,0.421994
0.69192,0.422576
0.6919299999999999,0.423158
0.69194,0.423739
0.6919500000000001,0.42432
0.69196,0.424901
0.69197,0.425482
0.69198,0.426063
0.69199,0.426643
0.692,0.427224
0.69201,0.427804
0.69202,0.428384
0.6920299999999999,0.428963
0.69204,0.429543
0.6920499999999999,0.430122
0.6920599999999999,0.430701
0.6920700000000001,0.43128
0.69208,0.431858
0.69209,0.432436
0.6921,0.433014
0.69211,0.433592
0.69212,0.434169
0.69213,0.434746
0.69214,0.435323
0.6921499999999999,0.435899
0.69216,0.436475
0.69217,0.437051
0.6921799999999999,0.437626
0.6921900000000001,0.438202
0.6922,0.438776
0.69221,0.439351
0.6922200000000001,0.439925
0.69223,0.440499
0.69224,0.441072
0.69225,0.441645
0.69226,0.442218
0.6922699999999999,0.44279
0.69228,0.443362
0.69229,0.443933
0.6922999999999999,0.444505
0.69231,0.445075
0.69232,0.445646
0.69233,0.446215
0.6923400000000001,0.446785
0.69235,0.447354
0.69236,0.447922
0.69237,0.448491
0.69238,0.449058
0.69239,0.449626
0.6924,0.450192
0.69241,0.450759
0.6924199999999999,0.451325
0.69243,0.45189
0.69244,0.452455
0.69245,0.453019
0.6924600000000001,0.453583
0.69247,0.454147
0.69248,0.45471
0.69249,0.455272
0.6925,0.455834
0.69251,0.456396
0.69252,0.456957
0.69253,0.457517
0.6925399999999999,0.458077
0.69255,0.458636
0.69256,0.459195
0.69257,0.459754
0.6925800000000001,0.460311
0.69259,0.460869
0.6926,0.461425
0.6926100000000001,0.461981
0.69262,0.462537
0.69263,0.463092
0.69264,0.463646
0.69265,0.4642
0.6926599999999999,0.464753
0.69267,0.465306
0.69268,0.465858
0.69269,0.46641
0.6927000000000001,0.46696
0.69271,0.467511
0.69272,0.46806
0.6927300000000001,0.468609
0.69274,0.469158
0.69275,0.469706
0.69276,0.470253
0.69277,0.4708
0.69278,0.471345
0.69279,0.471891
0.6928,0.472435
0.6928099999999999,0.472979
0.6928200000000001,0.473523
0.6928300000000001,0.474066
0.69284,0.474608
0.6928500000000001,0.475149
0.69286,0.47569
0.69287,0.47623
0.6928799999999999,0.476769
0.69289,0.477308
0.6929,0.477846
0.6929099999999999,0.478384
0.69292,0.478921
0.6929299999999999,0.479457
0.69294,0.479992
0.6929500000000001,0.480527
0.69296,0.481061
0.69297,0.481594
0.69298,0.482126
0.69299,0.482658
0.693,0.48319
0.69301,0.48372
0.69302,0.48425
0.6930299999999999,0.484779
0.69304,0.485307
0.6930499999999999,0.485835
0.6930599999999999,0.486361
0.6930700000000001,0.486888
0.69308,0.487413
0.69309,0.487938
0.6931,0.488462
0.69311,0.488985
0.69312,0.489507
0.69313,0.490029
0.69314,0.49055
0.6931499999999999,0.49107
0.69316,0.491589
0.69317,0.492108
0.6931799999999999,0.492626
0.6931900000000001,0.493143
0.6932,0.49366
0.69321,0.494175
0.6932200000000001,0.49469
0.69323,0.495204
0.69324,0.495718
0.69325,0.49623
0.69326,0.496742
0.6932699999999999,0.497253
0.69328,0.497763
0.69329,0.498272
0.6932999999999999,0.498781
0.69331,0.499289
0.69332,0.499796
0.69333,0.500302
0.6933400000000001,0.500808
0.69335,0.501312
0.69336,0.501816
0.69337,0.502319
0.69338,0.502821
0.69339,0.503323
0.6934,0.503823
0.69341,0.504323
0.6934199999999999,0.504822
0.69343,0.50532
0.6934400000000001,0.505818
0.69345,0.506314
0.6934600000000001,0.50681
0.69347,0.507305
0.69348,0.507799
0.69349,0.508292
0.6935,0.508784
0.69351,0.509276
0.69352,0.509767
0.69353,0.510257
0.6935399999999999,0.510746
0.69355,0.511234
0.69356,0.511721
0.69357,0.512208
0.6935800000000001,0.512694
0.69359,0.513178
0.6936,0.513662
0.6936100000000001,0.514146
0.69362,0.514628
0.69363,0.515109
0.69364,0.51559
0.69365,0.51607
0.6936599999999999,0.516549
0.69367,0.517027
0.69368,0.517504
0.69369,0.51798
0.6937000000000001,0.518456
0.69371,0.51893
0.69372,0.519404
0.6937300000000001,0.519877
0.69374,0.520349
0.69375,0.52082
0.69376,0.521291
0.69377,0.52176
0.69378,0.522229
0.69379,0.522696
0.6938,0.523163
0.6938099999999999,0.523629
0.6938200000000001,0.524094
0.6938300000000001,0.524559
0.69384,0.525022
0.6938500000000001,0.525484
0.69386,0.525946
0.69387,0.526407
0.6938799999999999,0.526866
0.69389,0.527325
0.6939,0.527784
0.6939099999999999,0.528241
0.69392,0.528697
0.6939299999999999,0.529152
0.69394,0.529607
0.6939500000000001,0.530061
0.69396,0.530513
0.69397,0.530965
0.69398,0.531416
0.69399,0.531866
0.694,0.532316
0.69401,0.532764
0.69402,0.533211
0.6940299999999999,0.533658
0.69404,0.534104
0.69405,0.534548
0.6940599999999999,0.534992
0.6940700000000001,0.535435
0.69408,0.535877
0.69409,0.536319
0.6941,0.536759
0.69411,0.537198
0.69412,0.537637
0.69413,0.538074
0.69414,0.538511
0.6941499999999999,0.538947
0.69416,0.539382
0.69417,0.539816
0.6941799999999999,0.540249
0.6941900000000001,0.540681
0.6942,0.541113
0.69421,0.541543
0.6942200000000001,0.541972
0.69423,0.542401
0.69424,0.542829
0.69425,0.543256
0.69426,0.543682
0.6942699999999999,0.544107
0.69428,0.544531
0.69429,0.544954
0.6942999999999999,0.545376
0.69431,0.545798
0.69432,0.546218
0.69433,0.546638
0.6943400000000001,0.547056
0.69435,0.547474
0.69436,0.547891
0.69437,0.548307
0.69438,0.548722
0.69439,0.549136
0.6944,0.54955
0.69441,0.549962
0.6944199999999999,0.550373
0.69443,0.550784
0.6944400000000001,0.551194
0.69445,0.551602
0.6944600000000001,0.55201
0.69447,0.552417
0.69448,0.552823
0.69449,0.553228
0.6945,0.553633
0.69451,0.554036
0.69452,0.554438
0.69453,0.55484
0.6945399999999999,0.55524
0.69455,0.55564
0.69456,0.556039
0.69457,0.556437
0.6945800000000001,0.556834
0.69459,0.55723
0.6946,0.557625
0.6946100000000001,0.558019
0.69462,0.558413
0.69463,0.558805
0.69464,0.559197
0.69465,0.559587
0.6946599999999999,0.559977
0.69467,0.560366
0.69468,0.560754
0.69469,0.561141
0.6947000000000001,0.561527
0.69471,0.561912
0.69472,0.562297
0.6947300000000001,0.56268
0.69474,0.563062
0.69475,0.563444
0.69476,0.563825
0.69477,0.564205
0.69478,0.564584
0.69479,0.564962
0.6948,0.565339
0.6948099999999999,0.565715
0.6948200000000001,0.56609
0.6948300000000001,0.566465
0.69484,0.566838
0.69485,0.567211
0.69486,0.567582
0.69487,0.567953
0.6948799999999999,0.568323
0.69489,0.568692
0.6949,0.56906
0.6949099999999999,0.569428
0.69492,0.569794
0.6949299999999999,0.570159
0.69494,0.570524
0.6949500000000001,0.570887
0.69496,0.57125
0.69497,0.571612
0.69498,0.571973
0.69499,0.572333
0.695,0.572692
0.69501,0.573051
0.69502,0.573408
0.6950299999999999,0.573764
0.69504,0.57412
0.69505,0.574475
0.6950599999999999,0.574829
0.6950700000000001,0.575181
0.69508,0.575534
0.69509,0.575885
0.6951,0.576235
0.69511,0.576584
0.69512,0.576933
0.69513,0.57728
0.69514,0.577627
0.6951499999999999,0.577973
0.69516,0.578318
0.69517,0.578662
0.6951799999999999,0.579005
0.6951900000000001,0.579347
0.6952,0.579689
0.69521,0.580029
0.6952200000000001,0.580369
0.69523,0.580708
0.69524,0.581046
0.69525,0.581383
0.69526,0.581719
0.6952699999999999,0.582054
0.69528,0.582388
0.69529,0.582722
0.6952999999999999,0.583055
0.69531,0.583386
0.69532,0.583717
0.69533,0.584047
0.6953400000000001,0.584376
0.69535,0.584704
0.69536,0.585032
0.69537,0.585358
0.69538,0.585684
0.69539,0.586009
0.6954,0.586333
0.69541,0.586656
0.6954199999999999,0.586978
0.69543,0.587299
0.6954400000000001,0.587619
0.69545,0.587939
0.6954600000000001,0.588258
0.69547,0.588575
0.69548,0.588892
0.69549,0.589208
0.6955,0.589524
0.69551,0.589838
0.69552,0.590151
0.69553,0.590464
0.6955399999999999,0.590776
0.69555,0.591087
0.69556,0.591397
0.69557,0.591706
0.6955800000000001,0.592014
0.69559,0.592322
0.6956,0.592628
0.6956100000000001,0.592934
0.69562,0.593239
0.69563,0.593543
0.69564,0.593846
0.69565,0.594148
0.69566,0.59445
0.69567,0.594751
0.69568,0.59505
0.69569,0.595349
0.6957000000000001,0.595647
0.69571,0.595945
0.69572,0.596241
0.6957300000000001,0.596536
0.69574,0.596831
0.69575,0.597125
0.69576,0.597418
0.69577,0.59771
0.69578,0.598001
0.6957899999999999,0.598292
0.6958,0.598582
0.6958099999999999,0.59887
0.6958200000000001,0.599158
0.6958300000000001,0.599445
0.69584,0.599732
0.69585,0.600017
0.69586,0.600302
0.69587,0.600586
0.6958799999999999,0.600868
0.69589,0.601151
0.6959,0.601432
0.6959099999999999,0.601712
0.69592,0.601992
0.6959299999999999,0.602271
0.69594,0.602549
0.6959500000000001,0.602826
0.69596,0.603102
0.69597,0.603377
0.69598,0.603652
0.69599,0.603926
0.696,0.604199
0.69601,0.604471
0.69602,0.604742
0.6960299999999999,0.605013
0.69604,0.605282
0.69605,0.605551
0.6960599999999999,0.605819
0.6960700000000001,0.606087
0.69608,0.606353
0.69609,0.606619
0.6961,0.606883
0.69611,0.607147
0.69612,0.60741
0.69613,0.607673
0.69614,0.607934
0.6961499999999999,0.608195
0.69616,0.608455
0.69617,0.608714
0.6961799999999999,0.608972
0.6961900000000001,0.60923
0.6962,0.609486
0.69621,0.609742
0.6962200000000001,0.609997
0.69623,0.610251
0.69624,0.610505
0.69625,0.610757
0.69626,0.611009
0.69627,0.61126
0.69628,0.61151
0.69629,0.61176
0.6962999999999999,0.612008
0.69631,0.612256
0.69632,0.612503
0.69633,0.612749
0.6963400000000001,0.612995
0.69635,0.613239
0.69636,0.613483
0.69637,0.613726
0.69638,0.613968
0.69639,0.61421
0.6964,0.61445
0.69641,0.61469
0.6964199999999999,0.614929
0.69643,0.615168
0.6964400000000001,0.615405
0.69645,0.615642
0.6964600000000001,0.615878
0.69647,0.616113
0.69648,0.616347
0.69649,0.616581
0.6965,0.616814
0.69651,0.617046
0.69652,0.617277
0.69653,0.617507
0.6965399999999999,0.617737
0.69655,0.617966
0.69656,0.618194
0.69657,0.618421
0.6965800000000001,0.618648
0.69659,0.618873
0.6966,0.619098
0.6966100000000001,0.619323
0.69662,0.619546
0.69663,0.619769
0.69664,0.619991
0.69665,0.620212
0.69666,0.620432
0.69667,0.620652
0.69668,0.620871
0.69669,0.621089
0.6967000000000001,0.621306
0.69671,0.621523
0.69672,0.621738
0.6967300000000001,0.621953
0.69674,0.622168
0.69675,0.622381
0.69676,0.622594
0.69677,0.622806
0.69678,0.623017
0.6967899999999999,0.623227
0.6968,0.623437
0.6968099999999999,0.623646
0.69682,0.623854
0.6968300000000001,0.624062
0.69684,0.624268
0.69685,0.624474
0.69686,0.624679
0.69687,0.624884
0.6968799999999999,0.625087
0.69689,0.62529
0.6969,0.625492
0.6969099999999999,0.625694
0.69692,0.625894
0.6969299999999999,0.626094
0.69694,0.626293
0.6969500000000001,0.626492
0.69696,0.626689
0.69697,0.626886
0.69698,0.627083
0.69699,0.627278
0.697,0.627473
0.69701,0.627667
0.69702,0.62786
0.6970299999999999,0.628052
0.69704,0.628244
0.69705,0.628435
0.6970599999999999,0.628625
0.6970700000000001,0.628815
0.69708,0.629004
0.69709,0.629192
0.6971,0.629379
0.69711,0.629566
0.69712,0.629752
0.69713,0.629937
0.69714,0.630121
0.6971499999999999,0.630305
0.69716,0.630488
0.69717,0.63067
0.6971799999999999,0.630852
0.6971900000000001,0.631032
0.6972,0.631212
0.69721,0.631392
0.6972200000000001,0.63157
0.69723,0.631748
0.69724,0.631925
0.69725,0.632102
0.69726,0.632277
0.69727,0.632452
0.69728,0.632627
0.69729,0.6328
0.6972999999999999,0.632973
0.69731,0.633145
0.69732,0.633317
0.69733,0.633487
0.6973400000000001,0.633657
0.69735,0.633827
0.69736,0.633995
0.69737,0.634163
0.69738,0.63433
0.69739,0.634496
0.6974,0.634662
0.69741,0.634827
0.6974199999999999,0.634991
0.69743,0.635155
0.6974400000000001,0.635318
0.69745,0.63548
0.6974600000000001,0.635642
0.69747,0.635802
0.69748,0.635962
0.69749,0.636122
0.6975,0.63628
0.69751,0.636438
0.69752,0.636596
0.69753,0.636752
0.6975399999999999,0.636908
0.69755,0.637063
0.69756,0.637218
0.69757,0.637371
0.6975800000000001,0.637524
0.69759,0.637677
0.6976,0.637828
0.6976100000000001,0.637979
0.69762,0.63813
0.69763,0.638279
0.69764,0.638428
0.69765,0.638576
0.69766,0.638724
0.69767,0.638871
0.69768,0.639017
0.69769,0.639162
0.6977000000000001,0.639307
0.69771,0.639451
0.69772,0.639595
0.6977300000000001,0.639737
0.69774,0.639879
0.69775,0.640021
0.6977599999999999,0.640161
0.69777,0.640301
0.69778,0.640441
0.6977899999999999,0.640579
0.6978,0.640717
0.6978099999999999,0.640854
0.69782,0.640991
0.6978300000000001,0.641127
0.69784,0.641262
0.69785,0.641397
0.69786,0.641531
0.69787,0.641664
0.69788,0.641796
0.69789,0.641928
0.6979,0.642059
0.6979099999999999,0.64219
0.69792,0.64232
0.6979299999999999,0.642449
0.69794,0.642577
0.6979500000000001,0.642705
0.69796,0.642832
0.69797,0.642959
0.69798,0.643084
0.69799,0.64321
0.698,0.643334
0.69801,0.643458
0.69802,0.643581
0.6980299999999999,0.643703
0.69804,0.643825
0.69805,0.643946
0.6980599999999999,0.644067
0.6980700000000001,0.644187
0.69808,0.644306
0.69809,0.644424
0.6981,0.644542
0.69811,0.644659
0.69812,0.644776
0.69813,0.644892
0.69814,0.645007
0.6981499999999999,0.645121
0.69816,0.645235
0.69817,0.645349
0.6981799999999999,0.645461
0.6981900000000001,0.645573
0.6982,0.645684
0.69821,0.645795
0.6982200000000001,0.645905
0.69823,0.646014
0.69824,0.646123
0.69825,0.646231
0.69826,0.646338
0.69827,0.646445
0.69828,0.646551
0.69829,0.646656
0.6982999999999999,0.646761
0.69831,0.646865
0.69832,0.646969
0.69833,0.647071
0.6983400000000001,0.647174
0.69835,0.647275
0.69836,0.647376
0.69837,0.647476
0.69838,0.647576
0.69839,0.647675
0.6984,0.647773
0.69841,0.647871
0.6984199999999999,0.647968
0.69843,0.648064
0.6984400000000001,0.64816
0.69845,0.648255
0.6984600000000001,0.648349
0.69847,0.648443
0.69848,0.648536
0.69849,0.648629
0.6985,0.648721
0.69851,0.648812
0.69852,0.648903
0.69853,0.648993
0.6985399999999999,0.649082
0.69855,0.649171
0.69856,0.649259
0.69857,0.649347
0.6985800000000001,0.649433
0.69859,0.64952
0.6986,0.649605
0.6986100000000001,0.64969
0.69862,0.649774
0.69863,0.649858
0.69864,0.649941
0.69865,0.650024
0.69866,0.650105
0.69867,0.650186
0.69868,0.650267
0.69869,0.650347
0.6987000000000001,0.650426
0.69871,0.650505
0.69872,0.650583
0.6987300000000001,0.65066
0.69874,0.650737
0.69875,0.650813
0.6987599999999999,0.650889
0.69877,0.650964
0.69878,0.651038
0.6987899999999999,0.651112
0.6988,0.651185
0.6988099999999999,0.651257
0.69882,0.651329
0.6988300000000001,0.6514
0.69884,0.651471
0.69885,0.651541
0.69886,0.65161
0.69887,0.651679
0.69888,0.651747
0.69889,0.651814
0.6989,0.651881
0.6989099999999999,0.651947
0.69892,0.652013
0.6989299999999999,0.652078
0.69894,0.652142
0.6989500000000001,0.652206
0.69896,0.652269
0.69897,0.652332
0.69898,0.652394
0.69899,0.652455
0.699,0.652516
0.69901,0.652576
0.69902,0.652636
0.6990299999999999,0.652695
0.69904,0.652753
0.69905,0.65281
0.6990599999999999,0.652868
0.6990700000000001,0.652924
0.69908,0.65298
0.69909,0.653035
0.6991,0.65309
0.69911,0.653144
0.69912,0.653197
0.69913,0.65325
0.69914,0.653302
0.6991499999999999,0.653354
0.69916,0.653405
0.69917,0.653455
0.6991799999999999,0.653505
0.6991900000000001,0.653554
0.6992,0.653603
0.69921,0.653651
0.6992200000000001,0.653698
0.69923,0.653745
0.69924,0.653791
0.69925,0.653836
0.69926,0.653881
0.69927,0.653926
0.69928,0.65397
0.69929,0.654013
0.6992999999999999,0.654055
0.69931,0.654097
0.69932,0.654139
0.69933,0.654179
0.6993400000000001,0.654219
0.69935,0.654259
0.69936,0.654298
0.69937,0.654336
0.69938,0.654374
0.69939,0.654411
0.6994,0.654448
0.69941,0.654484
0.6994199999999999,0.654519
0.69943,0.654554
0.6994400000000001,0.654588
0.69945,0.654622
0.6994600000000001,0.654655
0.69947,0.654687
0.69948,0.654719
0.6994900000000001,0.65475
0.6995,0.654781
0.69951,0.654811
0.69952,0.654841
0.69953,0.654869
0.6995399999999999,0.654898
0.69955,0.654925
0.69956,0.654952
0.69957,0.654979
0.6995800000000001,0.655005
0.69959,0.65503
0.6996,0.655055
0.6996100000000001,0.655079
0.69962,0.655103
0.69963,0.655126
0.69964,0.655148
0.69965,0.65517
0.69966,0.655191
0.69967,0.655212
0.69968,0.655232
0.69969,0.655251
0.6997000000000001,0.65527
0.69971,0.655288
0.69972,0.655306
0.69973,0.655323
0.69974,0.655339
0.69975,0.655355
0.6997599999999999,0.655371
0.69977,0.655386
0.69978,0.6554
0.6997899999999999,0.655413
0.6998,0.655426
0.6998099999999999,0.655439
0.69982,0.655451
0.6998300000000001,0.655462
0.69984,0.655473
0.69985,0.655483
0.69986,0.655492
0.69987,0.655501
0.69988,0.655509
0.69989,0.655517
0.6999,0.655524
0.6999099999999999,0.655531
0.69992,0.655537
0.6999299999999999,0.655543
0.69994,0.655547
0.6999500000000001,0.655552
0.69996,0.655555
0.69997,0.655559
0.69998,0.655561
0.69999,0.655563
0.7,0.655564
