Wavelength_nm,Reflection
500.0,0.6913370746962167
500.01,0.679930372416285
500.02,0.6510779724906107
500.03,0.6014884848601317
500.04,0.5274752168815178
500.05,0.4302821274860764
500.06,0.3285466039320665
500.07,0.2674740338962578
500.08,0.28816675323290963
500.09,0.37571536948351225
500.1,0.4797252488551661
500.11,0.5670382945966632
500.12,0.6291919157129983
500.13,0.6683772956401379
500.14,0.6884220417633001
500.15,0.6917740077453338
500.16,0.6788381950340237
500.17,0.6479065106995499
500.18,0.5954352035459434
500.19,0.5177436670409881
500.2,0.41725715576515526
500.21,0.3162964017650444
500.22,0.2639658855619329
500.23,0.2972148231072197
500.24,0.39189162120728527
500.25,0.49601475940686557
500.26,0.5801638579822516
500.27,0.6385631440587742
500.28,0.6742672795071315
500.29,0.6911002702047518
500.3,0.6912048890592004
500.31,0.6745586415005903
500.32,0.6389551756123137
500.33,0.5804494970252198
500.34,0.4957978605228155
500.35,0.3907098221477298
500.36,0.295315536613669
500.37,0.26317654416771946
500.38,0.3184002012928652
500.39,0.42179829197081026
500.4,0.5231670389922651
500.41,0.600609429854625
500.42,0.6522720164835218
500.43,0.6820938369005384
500.44,0.6936184963893782
500.45,0.6883710721127939
500.46,0.6655917642358595
500.47,0.6223082245357079
500.48,0.5542007592223563
500.49,0.4596527209018562
500.5,0.3514968589608011
500.51,0.2721722104153894
500.52,0.2741167530719428
500.53,0.3560008127594425
500.54,0.4645785004470556
500.55,0.558449323523604
500.56,0.6256222322755909
500.57,0.6679859625846304
500.58,0.6898483219540253
500.59,0.694055421107478
500.6,0.6811628604992676
500.61,0.6493474977938525
500.62,0.5946933183610276
500.63,0.5131098704382194
500.64,0.4076875727668435
500.65,0.3049199091488954
500.66,0.26020952214626797
500.67,0.30749648817452346
500.68,0.4113521694936636
500.69,0.5166500216823634
500.7,0.5976564057268843
500.71,0.6516494559265104
500.72,0.6827851121634471
500.73,0.6949112423845845
500.74,0.6897058899323848
500.75,0.6663828393565157
500.76,0.621764141637547
500.77,0.551221041235622
500.78,0.45322066030079666
500.79,0.3425870746900631
500.8,0.266473423224274
500.81,0.278275378959641
500.82,0.3687659437984564
500.83,0.4796973298914516
500.84,0.57176145897517
500.85,0.635773263972753
500.86,0.6748181152656691
500.87,0.6933727725211747
500.88,0.6940118463400409
500.89,0.6767924191297807
500.9,0.6392251177591017
500.91,0.5767769152831482
500.92,0.48587453751095966
500.93,0.3744015253883124
500.94,0.28039891327228106
500.95,0.2641598609453176
500.96,0.33895910511891625
500.97,0.4511097433599449
500.98,0.5509996236962577
500.99,0.6227677695529669
501.0,0.6679286975765302
501.01,0.6912668891016099
501.02,0.6960109013641942
501.03,0.6828347031734273
501.04,0.6497557504863983
501.05,0.5924433657782824
501.06,0.5064442041209681
501.07,0.39596849489783575
501.08,0.29284421324616977
501.09,0.2587708201659562
501.1,0.32138582483128364
501.11,0.43301599951730935
501.12,0.5377317099579156
501.13,0.6145514021016282
501.14,0.663628140530209
501.15,0.6898865910508665
501.16,0.6969693223797161
501.17,0.685918604769084
501.18,0.6550223753260447
501.19,0.600045357885422
501.2,0.516143251034181
501.21,0.4059753719558895
501.22,0.2987928152463831
501.23,0.2569757313612379
501.24,0.3145545400194269
501.25,0.42639019425695834
501.26,0.5334170122427859
501.27,0.6123443069749853
501.28,0.6628437033110139
501.29,0.689976743442783
501.3,0.6975673118838627
501.31,0.6867569455159406
501.32,0.6558362242593344
501.33,0.6004705194582105
501.34,0.5156510912576164
501.35,0.404116493300439
501.36,0.2962868287988709
501.37,0.2564864572695047
501.38,0.3176954100802827
501.39,0.4315683170249484
501.4,0.5385756112842095
501.41,0.6165350693858374
501.42,0.6658266934845214
501.43,0.6917021617514865
501.44,0.6979211431174293
501.45,0.6854330153012366
501.46,0.6522391263721139
501.47,0.5936849655236599
501.48,0.5048254743429031
501.49,0.39026368856568844
501.5,0.28569386757853726
501.51,0.2583105195067043
501.52,0.33150914588440117
501.53,0.448504796489347
501.54,0.552782193653997
501.55,0.626633844052201
501.56,0.6721235176930309
501.57,0.6946385597629336
501.58,0.6975862252592029
501.59,0.6814072880780939
501.6,0.6435036450792883
501.61,0.5787166752212405
501.62,0.482688227120391
501.63,0.3645773955143271
501.64,0.2700000244988886
501.65,0.2667086126770299
501.66,0.35773804623854755
501.67,0.4765095260404245
501.68,0.574625897845157
501.69,0.6413146401983767
501.7,0.6806220543307228
501.71,0.6977960328776014
501.72,0.6955471706873756
501.73,0.6734660318985857
501.74,0.6280424155045436
501.75,0.5535964649053992
501.76,0.447706920385799
501.77,0.3286639167082972
501.78,0.25602972951606545
501.79,0.28830020707055565
501.8,0.3976265963335197
501.81,0.5136738617580358
501.82,0.6017258750618677
501.83,0.6585573050045443
501.84,0.6896577682057154
501.85,0.6996526985199583
501.86,0.6901690110681579
501.87,0.6595845172610146
501.88,0.6032211794191542
501.89,0.515379557172407
501.9,0.3988531600849864
501.91,0.2882517527718187
501.92,0.2553708572686733
501.93,0.32926532349736226
501.94,0.4499226284170323
501.95,0.5565464342476839
501.96,0.6309476576611229
501.97,0.6758738839289948
501.98,0.6971293370828705
501.99,0.6981430455734269
502.0,0.679051074008449
502.01,0.6366569274005843
502.02,0.5651339570360775
502.03,0.4607431036952269
502.04,0.33864681838159133
502.05,0.25708617867465705
502.06,0.2817911430040569
502.07,0.39078124671013176
502.08,0.5098599607149533
502.09,0.6005232302242075
502.1,0.6588264032331576
502.11,0.6905355840979045
502.12,0.7005352128576394
502.13,0.6905119850230339
502.14,0.6586960275815451
502.15,0.6000788977654536
502.16,0.5087353154999467
502.17,0.3886997757000121
502.18,0.2796550372827896
502.19,0.2574635527654131
502.2,0.3424587023111776
502.21,0.46610477848436027
502.22,0.5702677005523683
502.23,0.6408165164717137
502.24,0.6819878858204599
502.25,0.6996543068936629
502.26,0.6968095402173088
502.27,0.6729120535669203
502.28,0.6239172968478265
502.29,0.543468870610322
502.3,0.4299778527962475
502.31,0.3086861315082591
502.32,0.25091873946706084
502.33,0.3077632976483094
502.34,0.4291180007191692
502.35,0.5431492501713697
502.36,0.6240652605660624
502.37,0.6733204480224815
502.38,0.6972745187749667
502.39,0.6999543654976569
502.4,0.681804520223073
502.41,0.6396131854969992
502.42,0.5671779635339618
502.43,0.4602212034807936
502.44,0.3347603284599507
502.45,0.25385985415417966
502.46,0.285879513629673
502.47,0.40138430230868427
502.48,0.5217390755951499
502.49,0.610569553973231
502.5,0.6660892386559617
502.51,0.6947632916864372
502.52,0.701366208333756
502.53,0.6870631001632779
502.54,0.6492435063910552
502.55,0.5819466554896928
502.56,0.47964309245112347
502.57,0.3531775635329024
502.58,0.259087943795385
502.59,0.2739890832553291
502.6,0.38396734145923755
502.61,0.5079295212521212
502.62,0.601913363257309
502.63,0.6614955925867887
502.64,0.6931057463200921
502.65,0.7019923439532187
502.66,0.6897565134119599
502.67,0.6541136161702903
502.68,0.5892207703203055
502.69,0.4889879792507532
502.7,0.3620198204838939
502.71,0.262022568552731
502.72,0.2693016371323851
502.73,0.3770533571878623
502.74,0.502852034649437
502.75,0.5991116591461576
502.76,0.6602909017110585
502.77,0.6928830372663459
502.78,0.702354233680835
502.79,0.6904387031291421
502.8,0.6548751689130219
502.81,0.5897260972568923
502.82,0.4887290532060592
502.83,0.36065762897994
502.84,0.26070211210140265
502.85,0.2704458492041579
502.86,0.3806282229984711
502.87,0.5069272448244817
502.88,0.6025184800507902
502.89,0.6627054013503938
502.9,0.6942455022508044
502.91,0.7025610638198122
502.92,0.6891966424108606
502.93,0.6515905634560817
502.94,0.5834735347136955
502.95,0.4787990175618958
502.96,0.34907807106483696
502.97,0.2555483126024707
502.98,0.2780306337655683
502.99,0.39481760047993963
503.0,0.5199026798629619
503.01,0.6117950373085768
503.02,0.6684243867979437
503.03,0.6969044970208165
503.04,0.7023121217649512
503.05,0.6856575016492595
503.06,0.6437377068175245
503.07,0.5697525960855842
503.08,0.4585847158801702
503.09,0.3279684229920734
503.1,0.24948167923858883
503.11,0.29446783765281853
503.12,0.41967909952152943
503.13,0.5408022521640761
503.14,0.625932669105629
503.15,0.6766190425219821
503.16,0.7001493345022859
503.17,0.7008925770337058
503.18,0.678957619145263
503.19,0.6301533098220238
503.2,0.5471064204614111
503.21,0.4271946820339944
503.22,0.29959323478452393
503.23,0.2482610920888227
503.24,0.3229752096529475
503.25,0.45455419429367355
503.26,0.5678532129469378
503.27,0.6433416348287735
503.28,0.6860244825144827
503.29,0.7028779046866541
503.3,0.6971495434259846
503.31,0.6676590414873103
503.32,0.6089126307762283
503.33,0.5133681080109527
503.34,0.38430093908021007
503.35,0.2695550031529365
503.36,0.26014169571181966
503.37,0.3656982447132227
503.38,0.4973965978369928
503.39,0.5985416973715357
503.4,0.6620122656284076
503.41,0.6950392643119547
503.42,0.7036115213885396
503.43,0.6894173086253613
503.44,0.6495857315989021
503.45,0.5771723887153649
503.46,0.46604457500556945
503.47,0.33223553120063853
503.48,0.24883598198080267
503.49,0.29333875308847607
503.5,0.42159637191695654
503.51,0.5446242146725847
503.52,0.6298862883933647
503.53,0.6797147663874877
503.54,0.7017988728678969
503.55,0.7004466732702724
503.56,0.6753428939467648
503.57,0.621556059105719
503.58,0.5311474146778946
503.59,0.4038622253201795
503.6,0.2800548252591993
503.61,0.25327705310398296
503.62,0.35097370500029024
503.63,0.48563216764447636
503.64,0.5917414161664328
503.65,0.658845241042017
503.66,0.6941545411315369
503.67,0.7041567928779304
503.68,0.6908780584241293
503.69,0.6515528536469675
503.7,0.5790765654295502
503.71,0.4669058286568353
503.72,0.3312189758018543
503.73,0.24781309303055907
503.74,0.29593661249195036
503.75,0.4270927855726463
503.76,0.55029459551562
503.77,0.6343715265449102
503.78,0.6826387997595964
503.79,0.7029784762180615
503.8,0.6994924507223682
503.81,0.6714089875868162
503.82,0.613146670911362
503.83,0.5164902839981278
503.84,0.3840901934354962
503.85,0.2667472832017228
503.86,0.2618936998866693
503.87,0.3747551775022253
503.88,0.5087933898681155
503.89,0.6083948730410856
503.9,0.6690154025131884
503.91,0.698783272860596
503.92,0.7035354463672086
503.93,0.6842466608907197
503.94,0.6368767357646578
503.95,0.553336515201792
503.96,0.42964393243998805
503.97,0.29651898629135975
503.98,0.24733441767825426
503.99,0.3327890173789027
504.0,0.47055519654754613
504.01,0.5831351422982569
504.02,0.6549614982702449
504.03,0.693111572259845
504.04,0.7047392739867402
504.05,0.6922919130800259
504.06,0.653071679150496
504.07,0.5796737946543837
504.08,0.4651237953334263
504.09,0.3268538529994873
504.1,0.2461520940160389
504.11,0.3026463737669913
504.12,0.4383640920841832
504.13,0.5607473299012921
504.14,0.6420543824879779
504.15,0.6872668309926687
504.16,0.7044153257632374
504.17,0.697124417613953
504.18,0.6637679350826609
504.19,0.5976688132815651
504.2,0.4905944938022181
504.21,0.3519894240432394
504.22,0.25134917016619274
504.23,0.2833077000467405
504.24,0.41406393432511124
504.25,0.543095132573925
504.26,0.6316855194278175
504.27,0.6823254441007
504.28,0.7035494162815733
504.29,0.6998478943041834
504.3,0.6703653076502034
504.31,0.6089816572650745
504.32,0.5069585896039448
504.33,0.3693303286647654
504.34,0.25738417584817647
504.35,0.2725230916589226
504.36,0.3985523303030154
504.37,0.5315798164021073
504.38,0.6249509170492027
504.39,0.6791023392810821
504.4,0.7028355059529924
504.41,0.701187853380766
504.42,0.6737535245851672
504.43,0.6147056757465946
504.44,0.5150785687955989
504.45,0.37792816922196915
504.46,0.26081959622381207
504.47,0.268164536946356
504.48,0.39210186957319804
504.49,0.5270678529588547
504.5,0.6225561225414545
504.51,0.6781041990532246
504.52,0.702678829601439
504.53,0.7015408938762421
504.54,0.6743957920129173
504.55,0.6154018618487016
504.56,0.5154454034892786
504.57,0.37751672167501754
504.58,0.2601504868814526
504.59,0.2691361675010754
504.6,0.39474961528279245
504.61,0.5298901342080914
504.62,0.6247557393506287
504.63,0.6794932512765021
504.64,0.7031901205484977
504.65,0.7009957400506407
504.66,0.6723710838892224
504.67,0.6111315767689113
504.68,0.5080742457341456
504.69,0.36809028586016757
504.7,0.2555777706172114
504.71,0.27575274794341986
504.72,0.40650432662757824
504.73,0.5398533833580057
504.74,0.6313322549261345
504.75,0.6830749631969171
504.76,0.7041835146884271
504.77,0.6993377798759479
504.78,0.6673814732568512
504.79,0.6014603600832196
504.8,0.4924991104583333
504.81,0.34991899276300786
504.82,0.24905121566083455
504.83,0.28964502003801784
504.84,0.4272534292318908
504.85,0.5562300927928705
504.86,0.6416140850592231
504.87,0.6883137538946709
504.88,0.705181574077868
504.89,0.6960397629317314
504.9,0.6587257592290193
504.91,0.5854301610465462
504.92,0.46786101977332134
504.93,0.3240078934669751
504.94,0.24454027186731045
504.95,0.3131663788194718
504.96,0.456419716763685
504.97,0.5777494164779008
504.98,0.6545335131536689
504.99,0.6943719496463182
505.0,0.7054216992762281
505.01,0.6902321497995632
505.02,0.6452343257447543
505.03,0.5615175123447729
505.04,0.43320369086126254
505.05,0.2931146842649556
505.06,0.24810203106732207
505.07,0.34825843987725424
505.08,0.4925739284505282
505.09,0.6026480311945289
505.1,0.6687207342948531
505.11,0.700157877477222
505.12,0.7038491042533264
505.13,0.6806375876721388
505.14,0.6251586599088803
505.15,0.527646441429306
505.16,0.3882757298025974
505.17,0.26331924675050483
505.18,0.2668802367929002
505.19,0.39503345446885424
505.2,0.5332830305322638
505.21,0.6288210786048533
505.22,0.6826153781329689
505.23,0.7043593883984696
505.24,0.6990724609766696
505.25,0.6654463138670232
505.26,0.5960272123345024
505.27,0.48147333977506745
505.28,0.3353885736935897
505.29,0.24531878286713413
505.3,0.3062767526727896
505.31,0.45083639542500803
505.32,0.5753672844786089
505.33,0.654046721223942
505.34,0.6945582442173548
505.35,0.705430367705902
505.36,0.6892490174246142
505.37,0.6421095566286414
505.38,0.5545655155668723
505.39,0.4215347474084796
505.4,0.2827856137670963
505.41,0.25289002636603136
505.42,0.366200781142947
505.43,0.5105978523701263
505.44,0.6154701830531081
505.45,0.6761939226710971
505.46,0.7028146949682001
505.47,0.7014898327419815
505.48,0.6718578241762381
505.49,0.6070655301898764
505.5,0.49707725690095833
505.51,0.35051565168240406
505.52,0.24795887759746488
505.53,0.2957580782903632
505.54,0.43960274682050204
505.55,0.56841317489142
505.56,0.650623734169762
505.57,0.6933095477449468
505.58,0.705479963698671
505.59,0.6900835262580365
505.6,0.643327107562611
505.61,0.5556009566710695
505.62,0.4215282594286376
505.63,0.28181935700105565
505.64,0.2540123601908727
505.65,0.370509010624295
505.66,0.5154780931716997
505.67,0.6192675750280445
505.68,0.6785102873285163
505.69,0.7035152583651639
505.7,0.7002151077419582
505.71,0.6677489964505035
505.72,0.5985823322219228
505.73,0.48276591619476217
505.74,0.3340901280236334
505.75,0.2449660603691571
505.76,0.31248091597267397
505.77,0.46049906842764476
505.78,0.5838884347005943
505.79,0.6598565613421128
505.8,0.6973202127163625
505.81,0.7046793415169634
505.82,0.6837478930295212
505.83,0.6293645573723257
505.84,0.5311041776619151
505.85,0.3883267634516805
505.86,0.26130913663336
505.87,0.27208652195433125
505.88,0.40803951652786596
505.89,0.5466726570952796
505.9,0.6388156797840956
505.91,0.6883243228352768
505.92,0.7052627997981316
505.93,0.6938189886677092
505.94,0.651068732192431
505.95,0.5676173512832605
505.96,0.4361137599614003
505.97,0.2911416158974464
505.98,0.25065973841813755
505.99,0.36229552469703574
506.0,0.5100849503384594
506.01,0.6169421499871369
506.02,0.6778115796510293
506.03,0.7033542188733947
506.04,0.6997818604207914
506.05,0.6661428158325897
506.06,0.5944736910770162
506.07,0.4747225175532154
506.08,0.32431913075457824
506.09,0.24469494204699047
506.1,0.32595161280106105
506.11,0.4765454451238397
506.12,0.5958351198402072
506.13,0.6669784619473492
506.14,0.7000834922662027
506.15,0.7029860817819279
506.16,0.6764016942347384
506.17,0.6137517321788053
506.18,0.5041604560816425
506.19,0.35455840399908717
506.2,0.24840247437326038
506.21,0.29966750001166237
506.22,0.4480698860143667
506.23,0.5770283461700451
506.24,0.6569284227462736
506.25,0.6963873465487972
506.26,0.7044452856624545
506.27,0.683159634558194
506.28,0.6271110102154165
506.29,0.5253751498354583
506.3,0.3787692220780675
506.31,0.25617427660783665
506.32,0.28242701032007145
506.33,0.4260420840408785
506.34,0.5618607034963677
506.35,0.6486282584778627
506.36,0.6930276674601925
506.37,0.7049134040378128
506.38,0.6873448652962082
506.39,0.6357613365326257
506.4,0.5394186565800239
506.41,0.39575227678092495
506.42,0.26380549755884114
506.43,0.2724083206406404
506.44,0.41120849566169854
506.45,0.5513722239293445
506.46,0.6428498922975228
506.47,0.6905832291317137
506.48,0.7049224031254849
506.49,0.6895775108840042
506.5,0.6405101650137721
506.51,0.5471192942063728
506.52,0.40519470857017637
506.53,0.26867959173211803
506.54,0.2678684178611955
506.55,0.40385423391400016
506.56,0.5462478393145398
506.57,0.6401165115121161
506.58,0.6894311157869938
506.59,0.7047976705119633
506.6,0.690216246212165
506.61,0.641813356475749
506.62,0.5489729978582242
506.63,0.40708871996198664
506.64,0.26952987136348083
506.65,0.26774865309345935
506.66,0.4040324925569428
506.67,0.5468020512312892
506.68,0.6406648889910762
506.69,0.6897297852479821
506.7,0.7046626811835784
506.71,0.689382441746851
506.72,0.6398082015649081
506.73,0.545115984532201
506.74,0.4014655199484734
506.75,0.2662072958782617
506.76,0.2719585188777643
506.77,0.41171627995163096
506.78,0.5529815567594633
506.79,0.6444289783079266
506.8,0.691411230463989
506.81,0.7044400442818789
506.82,0.6869681077509648
506.83,0.6343245326028093
506.84,0.5353234118092204
506.85,0.38834933841922836
506.86,0.2596361908704915
506.87,0.2813857485048644
506.88,0.4267979826428522
506.89,0.5643680336776989
506.9,0.6510458512694822
506.91,0.6941851971225349
506.92,0.7038516196572269
506.93,0.6826300140839997
506.94,0.6248738834150872
506.95,0.5190229288323127
506.96,0.3679091428285168
506.97,0.25197551855702777
506.98,0.2976424101780863
506.99,0.4489398018838193
507.0,0.5801828662412108
507.01,0.659883253843171
507.02,0.697554029072787
507.03,0.7024160619420773
507.04,0.6757682265901132
507.05,0.6106180244577759
507.06,0.49534680590725194
507.07,0.34086262440425114
507.08,0.2468594488728406
507.09,0.32250951445837567
507.1,0.47735331588598523
507.11,0.5993131235978155
507.12,0.670085817207185
507.13,0.7008324016542398
507.14,0.699437889614732
507.15,0.6654835651536184
507.16,0.5903235766336308
507.17,0.463297752658782
507.18,0.3092362231358828
507.19,0.24938230072497855
507.2,0.35710719619069436
507.21,0.510637033268164
507.22,0.6203787840711874
507.23,0.6806321867672277
507.24,0.7031619753213124
507.25,0.693977976790212
507.26,0.6505064057983502
507.27,0.5623296829242309
507.28,0.4221998003821638
507.29,0.2775039455132134
507.3,0.26527685095054665
507.31,0.4010363755668177
507.32,0.5467916966513288
507.33,0.6418418615913464
507.34,0.690388673154707
507.35,0.7035069931085872
507.36,0.6847913263529336
507.37,0.6290930364858144
507.38,0.5246162928752411
507.39,0.3727586930895766
507.4,0.2536655736199951
507.41,0.29889391085842476
507.42,0.45195576323974035
507.43,0.583445550991268
507.44,0.6621303822111576
507.45,0.6981392545472729
507.46,0.7006130162131914
507.47,0.6702151361136754
507.48,0.5989092492074061
507.49,0.47521773177909604
507.5,0.3191384354752103
507.51,0.24879514417919896
507.52,0.35061188407240274
507.53,0.5059576595438904
507.54,0.618198821942441
507.55,0.6797322680599492
507.56,0.7025688849732025
507.57,0.6929069178592265
507.58,0.6479939349452938
507.59,0.5570061179378727
507.6,0.41356364035122856
507.61,0.27184276257574436
507.62,0.27299025009959815
507.63,0.4156146696320331
507.64,0.5586036413440377
507.65,0.6489265511585176
507.66,0.6932157919738008
507.67,0.7021759036030603
507.68,0.678312496315756
507.69,0.6150610672019186
507.7,0.5002535993405453
507.71,0.3437544289890521
507.72,0.2486229631824342
507.73,0.32840943281019847
507.74,0.4855353375711149
507.75,0.60601447246262
507.76,0.6739093303088726
507.77,0.7011475345696485
507.78,0.6950861499388966
507.79,0.6539612251776067
507.8,0.5674354841860573
507.81,0.4272552768944035
507.82,0.2800443629327441
507.83,0.2674171702892911
507.84,0.4057148760241334
507.85,0.5518821834199258
507.86,0.6454519088800643
507.87,0.6917501541379297
507.88,0.7018889845376254
507.89,0.6787353553128619
507.9,0.6158353503553233
507.91,0.500878668987687
507.92,0.3437601577324777
507.93,0.24927155051068353
507.94,0.331340698630968
507.95,0.48906005719378337
507.96,0.6086290191051497
507.97,0.6752607033760051
507.98,0.7011021172617931
507.99,0.6932464909591435
508.0,0.6493976100760491
508.01,0.5586632582346311
508.02,0.41428762701448607
508.03,0.2720282915602695
508.04,0.2768376588888055
508.05,0.42253317638177756
508.06,0.5646860903262283
508.07,0.6526982518174763
508.08,0.6943780240578338
508.09,0.7002334681062645
508.1,0.6719328272634386
508.11,0.6016757716650015
508.12,0.4774500656202837
508.13,0.3195687539368105
508.14,0.25169462253790176
508.15,0.35954233801196256
508.16,0.515697007798332
508.17,0.6251075349717012
508.18,0.6829783354182517
508.19,0.7016470597354304
508.2,0.6864069824011118
508.21,0.6328414350289344
508.22,0.5287849862244277
508.23,0.374846050744414
508.24,0.2554321107839462
508.25,0.3077701469320342
508.26,0.46467413278962105
508.27,0.5937471675892027
508.28,0.6679985833459748
508.29,0.6989446877523356
508.3,0.6950117136461301
508.31,0.655015051312701
508.32,0.5685715370827538
508.33,0.4271227834855905
508.34,0.27960441935505703
508.35,0.2725356992797459
508.36,0.4152584992039666
508.37,0.5601685422869683
508.38,0.6505055216298361
508.39,0.6932947094057269
508.4,0.6993750522236498
508.41,0.6705057811690722
508.42,0.5986437461016195
508.43,0.47180146545634905
508.44,0.3137634318768365
508.45,0.25488328389990067
508.46,0.37099412521831554
508.47,0.5261663538968222
508.48,0.6316029224763592
508.49,0.6857029525736483
508.5,0.7007430541818752
508.51,0.6810797396113477
508.52,0.62101120973356
508.53,0.5078998940355668
508.54,0.3497335814503998
508.55,0.2518998233643712
508.56,0.3344727270217606
508.57,0.493608965780833
508.58,0.6124365633534654
508.59,0.6770804481464082
508.6,0.7001046906812931
508.61,0.6880719767627058
508.62,0.6374064625520719
508.63,0.5360224710299981
508.64,0.3826454033637108
508.65,0.25865084653957215
508.66,0.30678365977646466
508.67,0.46420453731348105
508.68,0.5941518659455167
508.69,0.6682681256756943
508.7,0.6982675610984908
508.71,0.692494662573491
508.72,0.6491987085797335
508.73,0.557257004555458
508.74,0.41019988212287795
508.75,0.27015395845394674
508.76,0.28752897173491027
508.77,0.43929343417045025
508.78,0.577824279783907
508.79,0.660031726339428
508.8,0.6958975499206457
508.81,0.6951161990908603
508.82,0.6574243338474537
508.83,0.5726850337312845
508.84,0.4316174560341495
508.85,0.2824650120602576
508.86,0.27530930553695765
508.87,0.41974728813314516
508.88,0.5643863439889399
508.89,0.6530389804209735
508.9,0.6935343238760403
508.91,0.6965122544407031
508.92,0.6628404516130795
508.93,0.5831996174245979
508.94,0.44684862392886004
508.95,0.29291526879124374
508.96,0.2683718284560015
508.97,0.40600132752316487
508.98,0.5545715397687908
508.99,0.647829857938343
509.0,0.6915923960959275
509.01,0.697095783405929
509.02,0.665971561551127
509.03,0.5894547343948979
509.04,0.4561029702250184
509.05,0.2999157663385037
509.06,0.26515443816525897
509.07,0.3981843313082391
509.08,0.5488840493290984
509.09,0.6447885110722631
509.1,0.6903554197799632
509.11,0.6971331386782703
509.12,0.6671426498044406
509.13,0.5918625517760167
509.14,0.4596031380549813
509.15,0.30266921343781467
509.16,0.26462518639947663
509.17,0.39627604673606787
509.18,0.5475909638565274
509.19,0.6441225383323829
509.2,0.6899693983780196
509.21,0.6967518270146862
509.22,0.6664993375078443
509.23,0.5906026883616193
509.24,0.4574728201033951
509.25,0.3009570942729864
509.26,0.26643973760465967
509.27,0.40022454600153673
509.28,0.5507259572014549
509.29,0.6458523037809041
509.3,0.6904385394892266
509.31,0.6959435906913757
509.32,0.6640170707469076
509.33,0.5856296827654668
509.34,0.4497042492874075
509.35,0.29505737277284216
509.36,0.27097204759419985
509.37,0.40998185407920434
509.38,0.5580941673128219
509.39,0.6498110335124281
509.4,0.691625554313539
509.41,0.6945646091374184
509.42,0.6595006988558184
509.43,0.576674959077377
509.44,0.4361852309459889
509.45,0.2858000582945001
509.46,0.27924381810227916
509.47,0.4254487262363628
509.48,0.5692752793601945
509.49,0.6556553416294802
509.5,0.6932563509898553
509.51,0.6923327833582771
509.52,0.6525746145467106
509.53,0.5632456537713654
509.54,0.41679565507236094
509.55,0.27474378852640124
509.56,0.29273229338887097
509.57,0.44635110476648315
509.58,0.583630454210769
509.59,0.6628850338055318
509.6,0.694927290112561
509.61,0.6888203036810525
509.62,0.6426627112802631
509.63,0.5446301543563509
509.64,0.3916133416755089
509.65,0.26441457416522884
509.66,0.3130145175138633
509.67,0.47209840671920983
509.68,0.6003231928415512
509.69,0.6708696900878351
509.7,0.6961114498408734
509.71,0.6834380460355033
509.72,0.6289576962044099
509.73,0.5199350293010109
509.74,0.36129833445561926
509.75,0.25845461385244994
509.76,0.34124671575565
509.77,0.5016891904260139
509.78,0.6183612250551256
509.79,0.6788773699571735
509.8,0.696158693244206
509.81,0.6754069342940868
509.82,0.6103828673428808
509.83,0.4882092722828252
509.84,0.32772952763107166
509.85,0.2613928927243756
509.86,0.3775929773304058
509.87,0.5337193752538428
509.88,0.6366570390270564
509.89,0.6860982880605067
509.9,0.6942827603705014
509.91,0.6637107689566978
509.92,0.5855614975285698
509.93,0.4487719623213209
509.94,0.2948671469592628
509.95,0.2777003763442995
509.96,0.42084620544353274
509.97,0.5665067371332454
509.98,0.6540936217496726
509.99,0.6916542846527463
510.0,0.6895271392495322
510.01,0.6470269107124416
510.02,0.5528418864596923
510.03,0.40195119534759755
510.04,0.26945589477744153
510.05,0.3101061530837442
510.06,0.4684864288749285
510.07,0.5982900714534352
510.08,0.6695751959553649
510.09,0.6945837710160044
510.1,0.680700327366746
510.11,0.6236410679844923
510.12,0.5105067020764751
510.13,0.3504936475335307
510.14,0.2605270929199997
510.15,0.3579186361373356
510.16,0.5172128176844344
510.17,0.6274254020611438
510.18,0.682043003684243
510.19,0.6937911771838287
510.2,0.6662717156127095
510.21,0.591385973975446
510.22,0.4574662235860092
510.23,0.3015950358808054
510.24,0.27641193519707247
510.25,0.4166408291649874
510.26,0.5636973175231478
510.27,0.6525064390138132
510.28,0.6904414019759327
510.29,0.687949005181927
510.3,0.6442277424026402
510.31,0.5477423013363248
510.32,0.3949947322277082
510.33,0.26816313229816513
510.34,0.31977510554704985
510.35,0.47946349135313904
510.36,0.6051942282321802
510.37,0.6723726195016646
510.38,0.6936245211266109
510.39,0.6753401366052554
510.4,0.6119250074415857
510.41,0.4904941971307149
510.42,0.3300460993402445
510.43,0.2657589553421067
510.44,0.3846049418236856
510.45,0.5396608178673041
510.46,0.6397834636362651
510.47,0.6860059523677406
510.48,0.6901941068521829
510.49,0.6536357635935377
510.5,0.5661062832121042
510.51,0.419842043753454
510.52,0.278893363831791
510.53,0.30306724748143676
510.54,0.4588353680337769
510.55,0.5923123696489426
510.56,0.6662564712830864
510.57,0.6923342167684283
510.58,0.6782556256821437
510.59,0.6196519913432885
510.6,0.5036304003998976
510.61,0.3432450948644207
510.62,0.2647568311605763
510.63,0.37320252839532697
510.64,0.5304065485267229
510.65,0.6346730569206055
510.66,0.6837812246531544
510.67,0.6899493233484676
510.68,0.6550864944263932
510.69,0.5693237608564614
510.7,0.42435759050637484
510.71,0.28179075214087046
510.72,0.3023436076320998
510.73,0.4573703678994643
510.74,0.5913863533253678
510.75,0.6655786702957027
510.76,0.6914697582453572
510.77,0.6767296014933349
510.78,0.6167860574956936
510.79,0.498782325202816
510.8,0.3384418653798252
510.81,0.2672181360701603
510.82,0.3815569481407653
510.83,0.5372364822225795
510.84,0.638270581034314
510.85,0.6845384628413679
510.86,0.6878908821826992
510.87,0.6493604274603306
510.88,0.5583308041962729
510.89,0.4089957567133733
510.9,0.27563688886853455
510.91,0.31649522741134845
510.92,0.4748506835215094
510.93,0.6023466154315449
510.94,0.6702383012524029
510.95,0.6908744167608947
510.96,0.6705004390897508
510.97,0.6029047838006695
510.98,0.47569288041624463
510.99,0.3173660067345667
511.0,0.2762894354317191
511.01,0.4095678989248857
511.02,0.5587015793660832
511.03,0.6493327389488868
511.04,0.6872622574447889
511.05,0.6829403197657956
511.06,0.634989136169573
511.07,0.5313416538797042
511.08,0.374452868313202
511.09,0.26796107222992127
511.1,0.34934178552079337
511.11,0.5090851639508693
511.12,0.6225259020436671
511.13,0.6781858388318782
511.14,0.6886949714111024
511.15,0.6573123580369821
511.16,0.5749679338524982
511.17,0.4325809152484583
511.18,0.2878241199897065
511.19,0.3027876477168341
511.2,0.4564014932066931
511.21,0.590677056348224
511.22,0.6645355063061612
511.23,0.6892451795512876
511.24,0.6721651285406909
511.25,0.6080310356077023
511.26,0.48431688560634467
511.27,0.32538991459658473
511.28,0.2758895194748753
511.29,0.4046225935077241
511.3,0.5549586484267873
511.31,0.6471127842604605
511.32,0.6857196538009801
511.33,0.6813283244683598
511.34,0.632540480048635
511.35,0.5272656341579072
511.36,0.36985448334750104
511.37,0.26960170880936096
511.38,0.35814061767940647
511.39,0.5169234918488145
511.4,0.6267340559849326
511.41,0.679033866192059
511.42,0.6861692271586477
511.43,0.6503585125536535
511.44,0.5615866882565186
511.45,0.4137131354380021
511.46,0.28018054258433245
511.47,0.32068788683217087
511.48,0.4784420495087045
511.49,0.60428876779706
511.5,0.6699854045514075
511.51,0.687756387459513
511.52,0.6630238098440793
511.53,0.5884042632671059
511.54,0.4530468341276353
511.55,0.3016090308132885
511.56,0.29432432653781954
511.57,0.44149955426301113
511.58,0.5807521172752209
511.59,0.6593129886370293
511.6,0.6869522338688391
511.61,0.671760361420461
511.62,0.6090398409433365
511.63,0.4864150368068111
511.64,0.3280594333347691
511.65,0.279039934215533
511.66,0.40790072570169966
511.67,0.5571548371860033
511.68,0.6477261042730234
511.69,0.6844775820625869
511.7,0.6775347850362498
511.71,0.6247093459423174
511.72,0.5137226293565305
511.73,0.35516703927801335
511.74,0.2731196425698163
511.75,0.37898373229233895
511.76,0.5345203740102257
511.77,0.6359114885840932
511.78,0.6809518352425267
511.79,0.6811141468535742
511.8,0.6364337357546764
511.81,0.5354670734612458
511.82,0.3801999268010328
511.83,0.27394560055941264
511.84,0.35545141726959395
511.85,0.5137883702458071
511.86,0.624522821182308
511.87,0.6769144599626411
511.88,0.683110924835977
511.89,0.6450337883891699
511.9,0.5523271847633239
511.91,0.40169953992905544
511.92,0.2787796511591561
511.93,0.33737436957918365
511.94,0.4957473167534687
511.95,0.6141604532177591
511.96,0.6728330740039009
511.97,0.6840139285505311
511.98,0.6511516018451352
511.99,0.5649658040579133
512.0,0.4190271372484389
512.01,0.2852624517515995
512.02,0.3243428017331365
512.03,0.4809949949574948
512.04,0.6053479337351693
512.05,0.669102837159431
512.06,0.6842076897181213
512.07,0.6552759121170731
512.08,0.573946318619259
512.09,0.4319997074483334
512.1,0.2916106621320684
512.11,0.3156931373742135
512.12,0.4699340627365555
512.13,0.5985108951194961
512.14,0.666041115159929
512.15,0.6839835319988354
512.16,0.6577634237276396
512.17,0.5797036119345037
512.18,0.44064749359895533
512.19,0.2966177171383805
512.2,0.3107320724318275
512.21,0.4627970921371515
512.22,0.5939616554757615
512.23,0.6638805935258922
512.24,0.6835452238984736
512.25,0.6588544036954942
512.26,0.5825383205411278
512.27,0.44506994087597296
512.28,0.29957268663767067
512.29,0.30890965182769303
512.3,0.45968624789158863
512.31,0.591890412237965
512.32,0.6627631626436487
512.33,0.6830115118330529
512.34,0.6586829199169149
512.35,0.582619352441833
512.36,0.44535925783261066
512.37,0.30017376650503
512.38,0.3099253852235534
512.39,0.46061043890551384
512.4,0.5923620416102768
512.41,0.6627360507214856
512.42,0.6824171496876734
512.43,0.6572825959950944
512.44,0.5799879855113116
512.45,0.44156900577322494
512.46,0.29847443660386097
512.47,0.3137704765425151
512.48,0.46550651607260735
512.49,0.5953168520694999
512.5,0.6637509334041999
512.51,0.6817133605020532
512.52,0.6545885984193964
512.53,0.5745611500972329
512.54,0.4337160306556819
512.55,0.2948748407447906
512.56,0.3207131879061616
512.57,0.4742384067959179
512.58,0.6005741321060417
512.59,0.6656661325173961
512.6,0.6807680103929284
512.61,0.6504362024373121
512.62,0.566134020394054
512.63,0.42181412884552855
512.64,0.29015484472383024
512.65,0.3312302717891161
512.66,0.4865764005930764
512.67,0.6078384079623055
512.68,0.668251494413409
512.69,0.6793651545602942
512.7,0.6445559268233984
512.71,0.5543843197876626
512.72,0.40594697274248104
512.73,0.28553017457674046
512.74,0.34588443465902247
512.75,0.5021661206237163
512.76,0.6167091808173685
512.77,0.6711950349514537
512.78,0.677203038365274
512.79,0.6365650770255448
512.8,0.5388841086266081
512.81,0.3863958422752586
512.82,0.2826920608378684
512.83,0.3651536244296886
512.84,0.5205012625022919
512.85,0.6266948996442987
512.86,0.6741098914687396
512.87,0.6738891218626936
512.88,0.6259558979409577
512.89,0.5191308642709176
512.9,0.36384154570387917
512.91,0.2837635422017721
512.92,0.38923563496910973
512.93,0.5409142532695109
512.94,0.6372308500768951
512.95,0.6765395317756213
512.96,0.6689302978545084
512.97,0.6120820359693964
512.98,0.4946205204579815
512.99,0.33964959343730716
513.0,0.2910865973086618
513.01,0.41787528205413177
513.02,0.5625937007271204
513.03,0.6476988383707117
513.04,0.6779585900837085
513.05,0.6617163391400156
513.06,0.5941489766627444
513.07,0.4650029475973085
513.08,0.31620214996406065
513.09,0.3067792622213038
513.1,0.4502749035301834
513.11,0.5846280342610752
513.12,0.6574447094749644
513.13,0.6777662102775278
513.14,0.6514951297334516
513.15,0.5712233079002274
513.16,0.4303838146655176
513.17,0.2971329353353813
513.18,0.3321100496212289
513.19,0.4851336509967805
513.2,0.6060646172417328
513.21,0.6657885258030368
513.22,0.6752684666184119
513.23,0.6373404087362242
513.24,0.5422953033195625
513.25,0.39184955229609697
513.26,0.28716186585616843
513.27,0.36691001734950285
513.28,0.5208141432974498
513.29,0.6259671869553951
513.3,0.6720219410912074
513.31,0.6696464872527484
513.32,0.6181190679109133
513.33,0.5064676603483125
513.34,0.3522367233753377
513.35,0.29115618428307627
513.36,0.4093488768188702
513.37,0.5555800037688164
513.38,0.6434542531135276
513.39,0.6753877284314906
513.4,0.6599079579493121
513.41,0.5924813388911384
513.42,0.46340631281247613
513.43,0.31692002304323225
513.44,0.3123666966509664
513.45,0.45627643250900474
513.46,0.5878196204246552
513.47,0.6577061355613057
513.48,0.6750371108048425
513.49,0.6448237445055999
513.5,0.5589360881100981
513.51,0.41425233541705414
513.52,0.2938584405551652
513.53,0.35060557178258506
513.54,0.5040006836997966
513.55,0.6161863332909848
513.56,0.6679351234475693
513.57,0.6699614106112682
513.58,0.6228641556495121
513.59,0.5161573107324312
513.6,0.3631129218448829
513.61,0.29169054960865437
513.62,0.40172259218015016
513.63,0.5491132309698005
513.64,0.6396274597010106
513.65,0.6733181438196331
513.66,0.6588970661578435
513.67,0.5921855961809622
513.68,0.4638158875246302
513.69,0.31863490336336253
513.7,0.3155828001137376
513.71,0.4590204125485055
513.72,0.5890070811044206
513.73,0.6573139818011201
513.74,0.67289278787732
513.75,0.6402130696017619
513.76,0.5508115322119743
513.77,0.4043643168741569
513.78,0.2936872453276676
513.79,0.3633758296744744
513.8,0.5156513727476911
513.81,0.6219789748158707
513.82,0.6685001723626939
513.83,0.6654174887091786
513.84,0.611824563315174
513.85,0.49735871902968887
513.86,0.3458363691170503
513.87,0.30034158940135874
513.88,0.42592941347742963
513.89,0.566412106146541
513.9,0.6470236091178112
513.91,0.6723382293709694
513.92,0.6492029077741719
513.93,0.5712806933517682
513.94,0.43298488928436124
513.95,0.30369946645436213
513.96,0.3413781717771843
513.97,0.4917660091360383
513.98,0.6082281634355513
513.99,0.6634863678242249
514.0,0.6676594941036412
514.01,0.6219567030583822
514.02,0.5164449425085462
514.03,0.36519360302627246
514.04,0.29643511064477396
514.05,0.4067033220225783
514.06,0.5517591769756404
514.07,0.6396766540804595
514.08,0.6706879774621148
514.09,0.6527290947675458
514.1,0.5808105084051842
514.11,0.44771294649868904
514.12,0.31178839248805584
514.13,0.33251481787978543
514.14,0.47979746941113754
514.15,0.6007792860344153
514.16,0.6601812894542743
514.17,0.6675589471421444
514.18,0.6250188482397591
514.19,0.5230666502664653
514.2,0.3729851313523161
514.21,0.29712134887126734
514.22,0.40115770051330996
514.23,0.5469136533508735
514.24,0.6368293108017176
514.25,0.669261195743229
514.26,0.652282730648377
514.27,0.5812171869247517
514.28,0.44900386076741505
514.29,0.3136379700656068
514.3,0.3339686377053635
514.31,0.4804488070929918
514.32,0.6007278719055692
514.33,0.659443013843045
514.34,0.6659216077853988
514.35,0.6219951734121462
514.36,0.5182449919360878
514.37,0.3686062542923449
514.38,0.2999243587449549
514.39,0.408700559513036
514.4,0.5522484834553425
514.41,0.6388467834128777
514.42,0.6683409939166052
514.43,0.648147879664323
514.44,0.572866928881477
514.45,0.437279488974589
514.46,0.30934975808425635
514.47,0.3453764003430908
514.48,0.49333393499641665
514.49,0.6077955942699083
514.5,0.6610438904003028
514.51,0.6624936540935012
514.52,0.6125538717481441
514.53,0.5018021241246211
514.54,0.3532667587639826
514.55,0.30688912135133684
514.56,0.42909055529585155
514.57,0.5667526639964553
514.58,0.6448899209544245
514.59,0.6671854159449331
514.6,0.639455136128898
514.61,0.554757247600085
514.62,0.4128819215110813
514.63,0.30308869702398494
514.64,0.36869308488042546
514.65,0.5170533412227931
514.66,0.6204000848277033
514.67,0.6637012632947419
514.68,0.6559616421993409
514.69,0.5950629323569708
514.7,0.472670061313107
514.71,0.3307840049915792
514.72,0.3237627894099488
514.73,0.46174229681615414
514.74,0.5880883055469466
514.75,0.6530216631842997
514.76,0.6640391339481839
514.77,0.6241216223996552
514.78,0.5246788588624368
514.79,0.3774795403428162
514.8,0.3035450268080353
514.81,0.4061393633382519
514.82,0.5488329817790005
514.83,0.6358320606163593
514.84,0.6651553455168258
514.85,0.6438748727510303
514.86,0.5665556607294955
514.87,0.4300722127071394
514.88,0.3100208824815218
514.89,0.35743218751802586
514.9,0.5042634322647429
514.91,0.6127173573859702
514.92,0.660382243612406
514.93,0.6560911989358514
514.94,0.5986932908355357
514.95,0.4799016442250713
514.96,0.33752886219406375
514.97,0.322800951220065
514.98,0.4570501729908479
514.99,0.5843452745495038
515.0,0.6505282300735488
515.01,0.662199474386107
515.02,0.622438145445044
515.03,0.5229668642033065
515.04,0.37688937907751224
515.05,0.3067280004659977
515.06,0.41089751194952445
515.07,0.5516306506755516
515.08,0.6362588538415547
515.09,0.6633157451464067
515.1,0.63926929122242
515.11,0.5582557116585425
515.12,0.41982100267538386
515.13,0.30929809304457767
515.14,0.37004739042907026
515.15,0.5158547383847554
515.16,0.6181968736419942
515.17,0.6603206247928533
515.18,0.6505062335916183
515.19,0.586208900712929
515.2,0.4608919095280587
515.21,0.3267394123875664
515.22,0.33832237513025515
515.23,0.4786966673905722
515.24,0.5969990712709872
515.25,0.6539372494832717
515.26,0.6572469222941376
515.27,0.6078009632440444
515.28,0.4973791965630094
515.29,0.35353904365889266
515.3,0.31808950777309697
515.31,0.4421351160550979
515.32,0.5734059968407004
515.33,0.644794989905668
515.34,0.6603893869757214
515.35,0.6240983810331411
515.36,0.52837802397955
515.37,0.38449619550701786
515.38,0.3096925996312917
515.39,0.4082113065177644
515.4,0.5482592007873286
515.41,0.6334758799872335
515.42,0.660675051432186
515.43,0.6360837100915372
515.44,0.5539733578966206
515.45,0.41577170966581006
515.46,0.3116359952272571
515.47,0.3787053325241001
515.48,0.5224820166339382
515.49,0.6205440893696373
515.5,0.658730459127471
515.51,0.6446051424174342
515.52,0.5746950627444741
515.53,0.44501605745668316
515.54,0.3213210925262698
515.55,0.3548327446711609
515.56,0.49702587054865616
515.57,0.6065597273507836
515.58,0.6551001011911157
515.59,0.6503774858993807
515.6,0.5912172471991567
515.61,0.47104822192600526
515.62,0.33588232068959223
515.63,0.3370730404086467
515.64,0.47279304261379157
515.65,0.5920789892950132
515.66,0.6502691596439947
515.67,0.654000034114985
515.68,0.6042123464098931
515.69,0.4934512132362393
515.7,0.35278044443255785
515.71,0.3251836620322904
515.72,0.45055488635356883
515.73,0.5776436769007147
515.74,0.6446771794551829
515.75,0.6559767060010374
515.76,0.6142896640490851
515.77,0.5122443128946881
515.78,0.37006635444041697
515.79,0.31836985275575547
515.8,0.4308871168740591
515.81,0.5637642132040737
515.82,0.638724424647279
515.83,0.6567330614473669
515.84,0.6219755279331572
515.85,0.5276625023359784
515.86,0.3863990839024685
515.87,0.3155267490051665
515.88,0.4141386529302875
515.89,0.5509009111496185
515.9,0.6327728831412118
515.91,0.6566288272254246
515.92,0.6277119151470509
515.93,0.540023280080278
515.94,0.400940633232995
515.95,0.3154690505034776
515.96,0.4004396050391275
515.97,0.5394479923649224
515.98,0.6271438567343479
515.99,0.6559662102626705
516.0,0.6318620024401992
516.01,0.5496522530874796
516.02,0.4132178703313157
516.03,0.3170983725542083
516.04,0.38974239212697526
516.05,0.5297235837295305
516.06,0.622113874492558
516.07,0.6549948570798788
516.08,0.6347173070806211
516.09,0.5568443654179654
516.1,0.4229978345992429
516.11,0.3194978140765494
516.12,0.38188245219970496
516.13,0.5219669660936037
516.14,0.6179103231197681
516.15,0.6539144346585961
516.16,0.6365042111426766
516.17,0.5618452867835296
516.18,0.430192143916795
516.19,0.3219681977204273
516.2,0.37664344408032346
516.21,0.5163423075573836
516.22,0.6147077472615281
516.23,0.6528757223372778
516.24,0.6373891524333163
516.25,0.5648435656163098
516.26,0.4347908448414283
516.27,0.32402853246840807
516.28,0.3738148835361754
516.29,0.5129465767046038
516.3,0.6126253178501767
516.31,0.6519809347773992
516.32,0.637482417836295
516.33,0.5659681990100223
516.34,0.43682064685378463
516.35,0.32540077886176005
516.36,0.3732350199052962
516.37,0.5118186528542514
516.38,0.6117255891032726
516.39,0.6512837999224351
516.4,0.6368407125567692
516.41,0.5652887603405439
516.42,0.4363220235874151
516.43,0.325992645911452
516.44,0.37481605502076754
516.45,0.5129468666962397
516.46,0.6120144266824812
516.47,0.6507897226122795
516.48,0.6354687170246124
516.49,0.5628167171195322
516.5,0.43334113145384695
516.51,0.3258857682275412
516.52,0.3785514708114423
516.53,0.5162731021055629
516.54,0.6134419066602945
516.55,0.6504561883910034
516.56,0.633319796480613
516.57,0.5585075089730603
516.58,0.42793446382667366
516.59,0.3253314031023693
516.6,0.38450640342542464
516.61,0.521692851299571
516.62,0.615904017020438
516.63,0.65019340641254
516.64,0.6302959585847411
516.65,0.5522636596793672
516.66,0.4201860649507632
516.67,0.32475150303422484
516.68,0.39279248954012536
516.69,0.5290519130614298
516.7,0.6192450705980214
516.71,0.649865052558588
516.72,0.6262471056224337
516.73,0.5439399122474733
516.74,0.4102387043549377
516.75,0.32473901659502385
516.76,0.40352934096686377
516.77,0.5381414757321985
516.78,0.6232607779617604
516.79,0.6492888495774043
516.8,0.6209696449742814
516.81,0.5333523275919416
516.82,0.3983413046097891
516.83,0.3260472693659373
516.84,0.4167964208784002
516.85,0.5486939034170714
516.86,0.627701875278558
516.87,0.6482366111633512
516.88,0.6142046688547971
516.89,0.5202947087225629
516.9,0.384914330172995
516.91,0.32955499181595205
516.92,0.43258161420730645
516.93,0.5603814889760088
516.94,0.6322780344858551
516.95,0.6464332929260165
516.96,0.6056363020259373
516.97,0.5045678314765928
516.98,0.3706312614336409
516.99,0.33619318213607663
517.0,0.4507354111408385
517.01,0.5728197115198377
517.02,0.6366615293242457
517.03,0.6435545658214545
517.04,0.5948916390952965
517.05,0.48602989247799944
517.06,0.35650540835512357
517.07,0.3468259698609313
517.08,0.4709408554080488
517.09,0.5855752806769196
517.1,0.640489851038138
517.11,0.6392225192590731
517.12,0.5815452863587521
517.13,0.4646799216478393
517.14,0.3439551170875238
517.15,0.36209279253714055
517.16,0.4927077021721911
517.17,0.5981777714507336
517.18,0.6433662385458571
517.19,0.6329994338539128
517.2,0.5651344376076524
517.21,0.44078782922987025
517.22,0.3347983686646228
517.23,0.3822417661035791
517.24,0.5153940431423871
517.25,0.6101323686804927
517.26,0.6448569833343506
517.27,0.6243803778885353
517.28,0.5451954396340001
517.29,0.4150802744191201
517.3,0.3311110195507595
517.31,0.40700424018416836
517.32,0.5382512530762771
517.33,0.620930496543938
517.34,0.6444844653930348
517.35,0.6127871469741971
517.36,0.5213407556274269
517.37,0.3889704391008051
517.38,0.3348968099255718
517.39,0.4355624645338467
517.4,0.560481289783221
517.41,0.6300550699566747
517.42,0.6417152882583961
517.43,0.5975696803900589
517.44,0.4934058606627314
517.45,0.3647678022130783
517.46,0.3475904206378426
517.47,0.4666359460920944
517.48,0.5812920000800791
517.49,0.6369776858925044
517.5,0.6359438763007704
517.51,0.5780281455677322
517.52,0.4617042567207586
517.53,0.3457171478049192
517.54,0.3695405287173022
517.55,0.4986659760567941
517.56,0.5999373406389463
517.57,0.6411460492273493
517.58,0.6264741098201319
517.59,0.5534818297026199
517.6,0.4274188574210751
517.61,0.3356390567662711
517.62,0.39971611866587314
517.63,0.5300379801209634
517.64,0.6157342186667528
517.65,0.6419611415620986
517.66,0.6125064174343336
517.67,0.5234322044557626
517.68,0.39309062386853955
517.69,0.3380078001605341
517.7,0.4358283614838077
517.71,0.5592716766768311
517.72,0.6280535041867468
517.73,0.6387453112462798
517.74,0.5931480931595475
517.75,0.4878944233873631
517.76,0.36298706211079534
517.77,0.35464468980149827
517.78,0.4748460109141624
517.79,0.5851316262204757
517.8,0.6362873920360613
517.81,0.6307056244253477
517.82,0.5674855569047269
517.83,0.44798059299048915
517.84,0.34286191327599963
517.85,0.3846905482948381
517.86,0.5136614339218215
517.87,0.6066468799486657
517.88,0.6397978761875807
517.89,0.6169041139473145
517.9,0.5347954387719052
517.91,0.4067322766411625
517.92,0.33853904276651775
517.93,0.4246104216713653
517.94,0.5496183588918153
517.95,0.623056575464906
517.96,0.6378526776842544
517.97,0.5962636768670098
517.98,0.49502606215975403
517.99,0.369872573532144
518.0,0.3534169434328834
518.01,0.46933145131483295
518.02,0.5807482050978675
518.03,0.6337091258419435
518.04,0.6295586689405805
518.05,0.5676758703373422
518.06,0.4497089933843566
518.07,0.34554004365578256
518.08,0.3863348523044891
518.09,0.5137863486788916
518.1,0.6057345372789962
518.11,0.6379399297164652
518.12,0.613815019358133
518.13,0.5303486161569001
518.14,0.40329267720100725
518.15,0.34181655705913355
518.16,0.4316647528243807
518.17,0.5539981047202626
518.18,0.6237148496048075
518.19,0.6349463735637292
518.2,0.5893415690447027
518.21,0.48463200872626017
518.22,0.3641921247407605
518.23,0.36239334332133716
518.24,0.48173128584786784
518.25,0.5873840118684912
518.26,0.6340263894136705
518.27,0.6236810389695894
518.28,0.5549147574392161
518.29,0.43356786261020985
518.3,0.3436464536000791
518.31,0.40364334115991185
518.32,0.5296201940435523
518.33,0.6124883751611312
518.34,0.6359608902153726
518.35,0.6028103265714064
518.36,0.5100858064253917
518.37,0.38488417258212254
518.38,0.3506479258131983
518.39,0.45627166160091215
518.4,0.570626930800991
518.41,0.6284946096878951
518.42,0.6285609511650123
518.43,0.5708646987491599
518.44,0.45679949746530707
518.45,0.3514775534829428
518.46,0.38548681232494514
518.47,0.5100608655846938
518.48,0.6022004391420946
518.49,0.6347494505387613
518.5,0.6104985480825756
518.51,0.5268814764785292
518.52,0.40203052927365174
518.53,0.3468269219197567
518.54,0.43865656765810956
518.55,0.557492902181362
518.56,0.623157634856414
518.57,0.6303898056107117
518.58,0.5801568684246196
518.59,0.47209567193276075
518.6,0.35969608615237464
518.61,0.3756290564517645
518.62,0.49681602312233536
518.63,0.5944732329856552
518.64,0.6328347163760183
518.65,0.6141103683685598
518.66,0.5362493017709192
518.67,0.41312639380585214
518.68,0.3468979654327796
518.69,0.4289369590759636
518.7,0.5493193933897067
518.71,0.6192730068377675
518.72,0.6304431535468026
518.73,0.5841872045799072
518.74,0.47967582292558736
518.75,0.36508534589341274
518.76,0.3721387102492517
518.77,0.49054752265748985
518.78,0.5903278240983126
518.79,0.6311646166414273
518.8,0.6146834439406406
518.81,0.539142186248186
518.82,0.4173552602381619
518.83,0.3482856394851763
518.84,0.4266646294676287
518.85,0.5467627753017329
518.86,0.6175286579392243
518.87,0.6294013357789969
518.88,0.583724640655246
518.89,0.4799387272926413
518.9,0.36636678911159354
518.91,0.37376495714749935
518.92,0.49135384691754513
518.93,0.5901685792978415
518.94,0.6301285669288569
518.95,0.6126421301495006
518.96,0.5360202141756716
518.97,0.41471331663770344
518.98,0.35017150940517233
518.99,0.4314652283236816
519.0,0.5498722444215807
519.01,0.6180372319034552
519.02,0.627382276489015
519.03,0.5789270423516817
519.04,0.473127484309612
519.05,0.3637425462375827
519.06,0.380371842395354
519.07,0.4989785908880647
519.08,0.5937993524669332
519.09,0.6295676628245848
519.1,0.607830686822764
519.11,0.5268281557164572
519.12,0.40572384343509155
519.13,0.35342563995004783
519.14,0.4432258367218298
519.15,0.5581467002015126
519.16,0.6203488496388214
519.17,0.6239577527046009
519.18,0.5693728195035456
519.19,0.45935220391873516
519.2,0.35879488337974913
519.21,0.3928376276800046
519.22,0.5128276352920128
519.23,0.6004521207811042
519.24,0.6287887925480462
519.25,0.5995288130434121
519.26,0.5110875905947907
519.27,0.3916554846596945
519.28,0.3603961269269397
519.29,0.46186486803244436
519.3,0.5705409313354888
519.31,0.6234789638202314
519.32,0.6181586605723678
519.33,0.5541127712338694
519.34,0.43893393305477507
519.35,0.3546829913039139
519.36,0.4124908007092418
519.37,0.5318180743930091
519.38,0.608822286406184
519.39,0.6265785104315819
519.4,0.5864608949214651
519.41,0.4881601630880375
519.42,0.3751839801728418
519.43,0.37438875882594114
519.44,0.4868210739494847
519.45,0.58545478583173
519.46,0.6259420536357334
519.47,0.6084677041602462
519.48,0.5318054448077918
519.49,0.41319132877728587
519.5,0.35624213060576077
519.51,0.4401515562969595
519.52,0.554202329682749
519.53,0.6171158838813476
519.54,0.621202918020172
519.55,0.5668350116689164
519.56,0.45788233605143525
519.57,0.36128750918873326
519.58,0.39849814269411965
519.59,0.5165399166788455
519.6,0.6007641813412906
519.61,0.6257733210336857
519.62,0.5928068210229427
519.63,0.5011146674006172
519.64,0.38580745934359467
519.65,0.3692084031742853
519.66,0.47507406660842394
519.67,0.5775317443395427
519.68,0.623100228555114
519.69,0.6103793551772748
519.7,0.538533130587428
519.71,0.42193458709775034
519.72,0.357555705795727
519.73,0.4338123475849508
519.74,0.5482864835210541
519.75,0.6139103424171781
519.76,0.6205100709957161
519.77,0.568583819471425
519.78,0.46178238141440653
519.79,0.3644082503033269
519.8,0.39785154350965146
519.81,0.5143894060158579
519.82,0.5988159967169674
519.83,0.6241179921538441
519.84,0.5912385553398632
519.85,0.49980647852049015
519.86,0.3861957124685046
519.87,0.3722491168569698
519.88,0.477923066318263
519.89,0.578433945472337
519.9,0.6219845056469803
519.91,0.6071150428603348
519.92,0.5330550781818453
519.93,0.41705491692768487
519.94,0.36040613673359423
519.95,0.4417534276327974
519.96,0.5535195772874105
519.97,0.6147602789145369
519.98,0.6170102230952447
519.99,0.5604386152347082
520.0,0.4512955788675391
520.01,0.3628924569272588
520.02,0.4092806058207426
520.03,0.5250953999664283
520.04,0.6030145497284127
520.05,0.6216972750944783
520.06,0.5819216826153988
520.07,0.48476571955218833
520.08,0.37750514661825896
520.09,0.3838278714624085
520.1,0.49454151398022445
520.11,0.5872981935023153
520.12,0.6218602502490177
520.13,0.5979577788987779
520.14,0.5150459691607413
520.15,0.40042781792343973
520.16,0.3678381430654387
520.17,0.46360383919355896
520.18,0.5682064347729548
520.19,0.6180918179601026
520.2,0.609170148422084
520.21,0.5410541172592539
520.22,0.42764034812685
520.23,0.3622464106719627
520.24,0.43427911557786175
520.25,0.5464310099022472
520.26,0.610915988973475
520.27,0.6161976845605074
520.28,0.5625481741249092
520.29,0.45586061136408196
520.3,0.36635651298853084
520.31,0.4085686755165194
520.32,0.5227913312245626
520.33,0.6008175200088105
520.34,0.6196333350069965
520.35,0.5797382228039691
520.36,0.48286108186628035
520.37,0.3782521904462245
520.38,0.38815290586892554
520.39,0.49823407885829984
520.4,0.5882691825869377
520.41,0.6200085448624196
520.42,0.5930395378723122
520.43,0.5073714619215213
520.44,0.3954731379234363
520.45,0.3740934395892028
520.46,0.47379391730049364
520.47,0.5737522468627562
520.48,0.6177979008062716
520.49,0.6029347923132197
520.5,0.5288248065241288
520.51,0.4156262773405877
520.52,0.3666758528077626
520.53,0.4505163072567338
520.54,0.5577674271436217
520.55,0.6134306830866256
520.56,0.6099054528846044
520.57,0.5471046091301831
520.58,0.43675241340451476
520.59,0.365446527607594
520.6,0.42935525377120526
520.61,0.5408348146244261
520.62,0.6073028477962519
520.63,0.6144023155987
520.64,0.5623518467590871
520.65,0.457445798899754
520.66,0.36940996758540573
520.67,0.41106950287476024
520.68,0.5234827787217731
520.69,0.5997864844988893
520.7,0.616836244664745
520.71,0.5748369631671049
520.72,0.4768134811901953
520.73,0.3772951627041535
520.74,0.3961441309046607
520.75,0.5062276255039007
520.76,0.5912356191971075
520.77,0.6175782638351999
520.78,0.584882456438691
520.79,0.49436574002087524
520.8,0.3877990790241534
520.81,0.38475751836295935
520.82,0.4895476636585685
520.83,0.5819882432214589
520.84,0.6169631843468973
520.85,0.5928194722838344
520.86,0.5098972880123768
520.87,0.3997544565819945
520.88,0.37679898939319134
520.89,0.47385666398182485
520.9,0.5723650748771315
520.91,0.6152938607202504
520.92,0.5989652917074115
520.93,0.5233868495223792
520.94,0.4122131644260142
520.95,0.3719270025926734
520.96,0.45948194888852095
520.97,0.562665971495516
520.98,0.6128447757027186
520.99,0.603612823594094
521.0,0.5349223665173873
521.01,0.4244635279155143
521.02,0.36964849253626597
521.03,0.4466512959147634
521.04,0.5531651436117663
521.05,0.6098645228058178
521.06,0.6070265662916597
521.07,0.5446495028000597
521.08,0.4360078470699873
521.09,0.36939926032753073
521.1,0.435490766727037
521.11,0.5441063665419517
521.12,0.6065772049939827
521.13,0.6094417899543545
521.14,0.5527380899428934
521.15,0.4465223563135271
521.16,0.3706110027014934
521.17,0.42603315676013814
521.18,0.5356992352406438
521.19,0.6031829811239423
521.2,0.6110651318803315
521.21,0.5593611873445785
521.22,0.4558141219027937
521.23,0.3727584234804506
521.24,0.41823475360453405
521.25,0.5281171930124501
521.26,0.5998580647413861
521.27,0.6120756597429331
521.28,0.5646825059871654
521.29,0.46378240725560615
521.3,0.37538644899745294
521.31,0.4119969940281966
521.32,0.5214976531852055
521.33,0.5967544680923181
521.34,0.6126259530623798
521.35,0.568849147802428
521.36,0.470387328740054
521.37,0.3781214154743629
521.38,0.40718951046155394
521.39,0.5159441114792315
521.4,0.5939997229727465
521.41,0.6128430252424247
521.42,0.5719876094634979
521.43,0.47562602140514154
521.44,0.3806713914769655
521.45,0.40367171013366
521.46,0.5115297983677008
521.47,0.5916967258004288
521.48,0.6128290476054002
521.49,0.5742017299653974
521.5,0.4795153812783232
521.51,0.3828204476277102
521.52,0.4013110253050515
521.53,0.5083021997219275
521.54,0.5899237690048262
521.55,0.6126618995153206
521.56,0.5755717607656559
521.57,0.4820801308676771
521.58,0.38442060464676603
521.59,0.3999969493657547
521.6,0.5062876959764672
521.61,0.5887347499417693
521.62,0.6123955891744989
521.63,0.5761540652474102
521.64,0.48334504398862604
521.65,0.3853839959066849
521.66,0.3996507002401964
521.67,0.5054956231435797
521.68,0.5881595035826829
521.69,0.6120605883504691
521.7,0.5759811647820533
521.71,0.48333041875406074
521.72,0.38567676993646766
521.73,0.400230756972844
521.74,0.5059212058801221
521.75,0.5882041881847662
521.76,0.6116641134958548
521.77,0.5750619830627351
521.78,0.4820501837220644
521.79,0.38531550440107143
521.8,0.40173463271655263
521.81,0.5075470177608072
521.82,0.5888516625062286
521.83,0.611190372048638
521.84,0.5733822310457108
521.85,0.47951231114133797
521.86,0.3843663611879251
521.87,0.4041971714367481
521.88,0.5103428516893839
521.89,0.5900618194084223
521.9,0.610600779526246
521.91,0.5709049437632622
521.92,0.4757214804276049
521.93,0.382946786578086
521.94,0.4076854996534647
521.95,0.5142641099477703
521.96,0.5917718742173818
521.97,0.6098341420903535
521.98,0.5675712472304123
521.99,0.4706841852063614
522.0,0.3812291496436013
522.01,0.4122906379203681
522.02,0.519249029134913
522.03,0.5938966347249254
522.04,0.6088067916441083
522.05,0.5633015141727312
522.06,0.46441670480267
522.07,0.3794452258705378
522.08,0.4181157768383435
522.09,0.5252152222539848
522.1,0.5963287934444033
522.11,0.6074126585021896
522.12,0.5579971814785821
522.13,0.45695654979820255
522.14,0.37788982052785136
522.15,0.42526141985564675
522.16,0.5320561295289704
522.17,0.5989392761955508
522.18,0.6055232743878853
522.19,0.5515436693570818
522.2,0.4483780878955572
522.21,0.37692110253281763
522.22,0.4338080207414907
522.23,0.5396379983282283
522.24,0.6015776522889907
522.25,0.6029877242817684
522.26,0.5438150895906587
522.27,0.43881295209160165
522.28,0.3769545200367742
522.29,0.44379735631697576
522.3,0.5477979448985234
522.31,0.6040725657346736
522.32,0.5996326230494191
522.33,0.5346817837088118
522.34,0.42847533951500527
522.35,0.3784467973700192
522.36,0.45521454288410823
522.37,0.5563434792711699
522.38,0.6062320939795172
522.39,0.5952623044703583
522.4,0.5240222132235495
522.41,0.4176911365451407
522.42,0.38186694993188935
522.43,0.4679731072813806
522.44,0.5650536159884763
522.45,0.6078438961722908
522.46,0.5896596108899217
522.47,0.511741323234688
522.48,0.4069276164269698
522.49,0.387653049643381
522.5,0.4819055997582347
522.51,0.5736813839226613
522.52,0.6086749970753685
522.53,0.5825880146569709
522.54,0.49779812213927027
522.55,0.3968170139494488
522.56,0.3961569454999806
522.57,0.49676169143180476
522.58,0.5819572462448867
522.59,0.6084710916321094
522.6,0.5737963642831332
522.61,0.48224558563706266
522.62,0.3881628695700934
522.63,0.40758391324326954
522.64,0.5122145141662322
522.65,0.5895927079215019
522.66,0.6069553846256738
522.67,0.5630284307141311
522.68,0.4652854619179226
522.69,0.3819140694049956
522.7,0.4219388284408107
522.71,0.5278744089096107
522.72,0.5962832748739237
522.73,0.6038272546336081
522.74,0.5500407428074122
522.75,0.447337932893294
522.76,0.3790911182023918
522.77,0.43899259483933156
522.78,0.5433076800030419
522.79,0.6017099686462749
522.8,0.5987615410616103
522.81,0.5346339919370668
522.82,0.42911955967331117
522.83,0.38065678162397215
522.84,0.4582800709370608
522.85,0.5580568825926575
522.86,0.6055388046606904
522.87,0.5914101454868307
522.88,0.5167053487034983
522.89,0.4117107005271472
522.9,0.38734182360929337
522.91,0.4791332667371014
522.92,0.5716589109540188
522.93,0.6074180230126554
522.94,0.5814091470389818
522.95,0.4963304609957594
522.96,0.3965760231767875
522.97,0.39946278805334345
522.98,0.5007435083049669
522.99,0.5836577328004167
523.0,0.6069734648097045
523.01,0.5683970812666908
523.02,0.4738822823302469
523.03,0.3854857358258824
523.04,0.41678952352183024
523.05,0.522237824733457
523.06,0.5936097888499887
523.07,0.6038034473226275
523.08,0.5520537538968736
523.09,0.4501842687966205
523.1,0.38028813109538384
523.11,0.43851753657507947
523.12,0.5427516525369706
523.13,0.6010814951907119
523.14,0.5974760991079487
523.15,0.5321739248989572
523.16,0.42667047115760076
523.17,0.3825288348015626
523.18,0.4633664338957047
523.19,0.5614829403369227
523.2,0.6056396863685258
523.21,0.587534900720163
523.22,0.5087949530914808
523.23,0.4054796350886514
523.24,0.3930029390608237
523.25,0.48977521992704637
523.26,0.5777197201533034
523.27,0.6068372164094004
523.28,0.5735229502266908
523.29,0.48239681122719663
523.3,0.38935713499770286
523.31,0.41141646172847735
523.32,0.5161279796767579
523.33,0.5908407553174033
523.34,0.6041976670532724
523.35,0.5550441458032707
523.36,0.4541741036875209
523.37,0.38122910305944147
523.38,0.4363361958051426
523.39,0.5409407415488694
523.4,0.6002943863222672
523.41,0.597206050718012
523.42,0.5318900589352035
523.43,0.42632163454864586
523.44,0.38343027935736906
523.45,0.4654789373065035
523.46,0.5629680814265171
523.47,0.6055635111073082
523.48,0.5853179981929829
523.49,0.504270679700744
523.5,0.4021634304421934
523.51,0.39682877681540546
523.52,0.49621061932576677
523.53,0.5812244665282953
523.54,0.6061258707625133
523.55,0.568010245802796
523.56,0.4731798692917331
523.57,0.3858362402955148
523.58,0.42031556113213764
523.59,0.5260340699051615
523.6,0.5949407915065371
523.61,0.6014207423432343
523.62,0.5449120475445837
523.63,0.4408648372854644
523.64,0.3812859125154057
523.65,0.4510188485095605
523.66,0.5528973253758815
523.67,0.6034852077281966
523.68,0.5908388785604569
523.69,0.5160777621993087
523.7,0.411200647309199
523.71,0.390757255877516
523.72,0.4851471919089858
523.73,0.5752805784359876
523.74,0.6062748585272227
523.75,0.5737660868761906
523.76,0.482465811343169
523.77,0.38951056209609725
523.78,0.4135906678197168
523.79,0.5189715756695606
523.8,0.5921172002478582
523.81,0.6027010187162899
523.82,0.5497363046998344
523.83,0.4466182920552483
523.84,0.38129256402801304
523.85,0.44624141887473856
523.86,0.5494822363919184
523.87,0.6026339845544084
523.88,0.5920931710948839
523.89,0.5187855074228297
523.9,0.4132805984160746
523.91,0.389929446020007
523.92,0.48358156361373256
523.93,0.574577066259746
523.94,0.6061801018925681
523.95,0.5737656452040559
523.96,0.48211337341550997
523.97,0.38923928217991316
523.98,0.41470477231482855
523.99,0.5205645806792026
524.0,0.5929097963724828
524.01,0.6020907028025707
524.02,0.5472305847885869
524.03,0.4430491297644659
524.04,0.3814577720628625
524.05,0.45082384352090266
524.06,0.5532957107479038
524.07,0.6035977074254764
524.08,0.5896256023153844
524.09,0.5127185205880617
524.1,0.4078793064445088
524.11,0.39368085871404884
524.12,0.4915305485797852
524.13,0.5792539975255614
524.14,0.6059340282371043
524.15,0.5680507560236708
524.16,0.4721612481270586
524.17,0.38531832235190283
524.18,0.4238626203917846
524.19,0.5305933075656138
524.2,0.5969685837228653
524.21,0.5991840668982392
524.22,0.536998439465441
524.23,0.4305462411671782
524.24,0.38330845338474967
524.25,0.464979708487792
524.26,0.5636171541183805
524.27,0.605534425752749
524.28,0.5825277232275881
524.29,0.4973282276098876
524.3,0.39669653210952965
524.31,0.4042118865185464
524.32,0.5085465298925402
524.33,0.588045575041142
524.34,0.6041999572819264
524.35,0.5552647512087264
524.36,0.4526548666438051
524.37,0.3813777238218035
524.38,0.4426920590353562
524.39,0.5477307302153634
524.4,0.6025196201495377
524.41,0.592132773501087
524.42,0.5175197589050929
524.43,0.4110436037637672
524.44,0.3916528126842552
524.45,0.4888003197929964
524.46,0.5783435416424224
524.47,0.606183360087472
524.48,0.5684651652955293
524.49,0.47176798795375186
524.5,0.38470450192629346
524.51,0.4254326844734377
524.52,0.5330430305613242
524.53,0.5982552048952915
524.54,0.5982063852322514
524.55,0.5328460353486949
524.56,0.4250898517278606
524.57,0.3847605613164177
524.58,0.4724430749526488
524.59,0.5691326787490769
524.6,0.6063767600116857
524.61,0.5776445559211659
524.62,0.48690758001915524
524.63,0.39027850828133975
524.64,0.4130769416482804
524.65,0.5206636813055655
524.66,0.5938578412085128
524.67,0.6018574395342973
524.68,0.5438473140666416
524.69,0.4368727810880369
524.7,0.38164678908575944
524.71,0.46001929217920795
524.72,0.5614219288823593
524.73,0.6057628412503603
524.74,0.5837183806535893
524.75,0.49787106435581063
524.76,0.39580628410211566
524.77,0.40496196583975
524.78,0.5113570163592818
524.79,0.5901971192132662
524.8,0.60394000956197
524.81,0.5511211618084003
524.82,0.44536922128878487
524.83,0.38055533561493626
524.84,0.45167191965657844
524.85,0.5559523678215693
524.86,0.6050717170264246
524.87,0.5873874236908365
524.88,0.5047683493680566
524.89,0.3997830178686273
524.9,0.4002876951697974
524.91,0.5055902769940336
524.92,0.5878935067795023
524.93,0.6050521290870079
524.94,0.555146287277632
524.95,0.4501079895751761
524.96,0.3801912920479702
524.97,0.4473459937133415
524.98,0.5532066734916155
524.99,0.6047836795301806
525.0,0.5891090741847536
525.01,0.5077577057912251
525.02,0.40136126770040936
525.03,0.3984366517317005
525.04,0.5036107752784535
525.05,0.5873173019021483
525.06,0.6055381534687042
525.07,0.5562048916309008
525.08,0.4508964267212
525.09,0.3798465866013114
525.1,0.4469736290139975
525.11,0.5534267808776631
525.12,0.6051292308864054
525.13,0.5890886065321681
525.14,0.5069131003465112
525.15,0.40020691918041995
525.16,0.3991675321927855
525.17,0.5055129568095311
525.18,0.588588656964546
525.19,0.6054900495497078
525.2,0.554351243870239
525.21,0.4476765708527236
525.22,0.37943181009494564
525.23,0.4505831582055557
525.24,0.5566258842483724
525.25,0.6060881545427705
525.26,0.5872762958197484
525.27,0.502173635351025
525.28,0.3964330773642895
525.29,0.4026883394849631
525.3,0.5112631948714944
525.31,0.5915765997847063
525.32,0.6047469939209319
525.33,0.5494033990955475
525.34,0.44049912994866897
525.35,0.3794874755437881
525.36,0.4583046196103101
525.37,0.5625850763729757
525.38,0.6073884652365737
525.39,0.5833657408840103
525.4,0.49335416652599995
525.41,0.3906414834269212
525.42,0.4096171036013593
525.43,0.520669826208855
525.44,0.5958963580137359
525.45,0.6028931995199367
525.46,0.5409529348261327
525.47,0.4296137877845088
525.48,0.381183817226226
525.49,0.47026812788498895
525.5,0.5708355159474335
525.51,0.6085053527994773
525.52,0.5767935368279595
525.53,0.480224063247402
525.54,0.3840631694278127
525.55,0.4208182339643628
525.56,0.53331016908618
525.57,0.600906952345039
525.58,0.5992535548899242
525.59,0.528403030890967
525.6,0.4156915540892977
525.61,0.38624936456215786
525.62,0.4864169430987872
525.63,0.5806374718321773
525.64,0.608659215710957
525.65,0.5667458476200727
525.66,0.46269095280000755
525.67,0.3787385345659431
525.68,0.4370982539434716
525.69,0.5484474705392549
525.7,0.6057116278995205
525.71,0.592887210981786
525.72,0.5110672819167722
525.73,0.4001921236037796
525.74,0.39671334927153606
525.75,0.5062901395472523
525.76,0.5909711084683894
525.77,0.6068102296860407
525.78,0.5521895405742351
525.79,0.4411577746222797
525.8,0.37758067699923253
525.81,0.45878945067159543
525.82,0.5649794633217491
525.83,0.6091602280492766
525.84,0.5825838897427713
525.85,0.4884000821468909
525.86,0.38581970807631066
525.87,0.4143576857323013
525.88,0.5288595443653786
525.89,0.6005465980134269
525.9,0.6016461809094861
525.91,0.5319746256200641
525.92,0.4171294943032918
525.93,0.3840452101185085
525.94,0.485343706906812
525.95,0.5814472807279736
525.96,0.6098463244164651
525.97,0.5668841117774366
525.98,0.4604879123705438
525.99,0.3768069621276371
526.0,0.4399277634875829
526.01,0.5525012223174612
526.02,0.6078252408494785
526.03,0.5915660194291273
526.04,0.505117775551407
526.05,0.39403795679341963
526.06,0.4011401007097231
526.07,0.5151323962825468
526.08,0.5960993655874288
526.09,0.6060882534748315
526.1,0.5441900847066082
526.11,0.4289706208177164
526.12,0.3784495430383034
526.13,0.4724301928935298
526.14,0.5751214163897047
526.15,0.6110275889679948
526.16,0.5746872627867313
526.17,0.4714871164300023
526.18,0.37784776562002587
526.19,0.42991119438390446
526.2,0.5455926215105334
526.21,0.6069664557723343
526.22,0.595893101652537
526.23,0.5131415006358272
526.24,0.39839772797264866
526.25,0.39527978666253466
526.26,0.508996538372471
526.27,0.5943654292254217
526.28,0.6081018344206437
526.29,0.5489821293954703
526.3,0.43320341389687445
526.31,0.37628415618016187
526.32,0.46826663890761333
526.33,0.5736577643071431
526.34,0.6118854347373078
526.35,0.5769493079924323
526.36,0.47363095664337806
526.37,0.37723147522344264
526.38,0.4282667292957482
526.39,0.5455068660731557
526.4,0.6077796863802651
526.41,0.5966526100595496
526.42,0.5128371402122359
526.43,0.3967716607732904
526.44,0.39545932548076745
526.45,0.5112039704659814
526.46,0.5962152350005104
526.47,0.6084289765332935
526.48,0.5468331837272158
526.49,0.42899792697480943
526.5,0.3762302028890328
526.51,0.47313826521637947
526.52,0.5775924081203337
526.53,0.6128159997294597
526.54,0.573924517030598
526.55,0.46668656117325585
526.56,0.374339558246871
526.57,0.43513115495454013
526.58,0.5524585970130679
526.59,0.6103212122317526
526.6,0.5937699939828175
526.61,0.5039631527765497
526.62,0.3892225204311865
526.63,0.40225500478715476
526.64,0.5217704098198527
526.65,0.6013632685214956
526.66,0.6066541084419267
526.67,0.53720367175326
526.68,0.4165440115658491
526.69,0.3797939680345402
526.7,0.48720312948574573
526.71,0.5863108822400616
526.72,0.6130634010465079
526.73,0.5647027452658131
526.74,0.4504370108307963
526.75,0.37152409274375775
526.76,0.45140333643959046
526.77,0.565585480735992
526.78,0.6134857158026034
526.79,0.5859768617639461
526.8,0.48565496829175653
526.81,0.3782523983706165
526.82,0.4179907197779847
526.83,0.5398126349694572
526.84,0.6083417588817592
526.85,0.6011728199546614
526.86,0.5185815938131598
526.87,0.39765110368057854
526.88,0.3910935650093577
526.89,0.5100054354422561
526.9,0.5979899422877067
526.91,0.6106919646468372
526.92,0.5472269970974087
526.93,0.4254611726656985
526.94,0.37438359454439896
526.95,0.4777404043020721
526.96,0.5827735622154091
526.97,0.614990983033392
526.98,0.5707804993032608
526.99,0.4571355831816986
527.0,0.36995799968987986
527.01,0.44524897754819487
527.02,0.5630956161002673
527.03,0.614494931608929
527.04,0.5891331290521301
527.05,0.4889858895649131
527.06,0.37768619367657025
527.07,0.4153186976621105
527.08,0.5395121518123221
527.09,0.6095738109797402
527.1,0.6025269081903211
527.11,0.5185679227962963
527.12,0.39542206571059885
527.13,0.3909239399069147
527.14,0.5128318640963794
527.15,0.600553488696266
527.16,0.6113415503586597
527.17,0.544550500083043
527.18,0.41990022506211916
527.19,0.37462334363646055
527.2,0.48419962495541063
527.21,0.5877453315107621
527.22,0.6159818780230512
527.23,0.5663948733111417
527.24,0.4477540576816823
527.25,0.3679309985550345
527.26,0.45512903496834384
527.27,0.5714862582669373
527.28,0.616827763901895
527.29,0.5840455118941213
527.3,0.4762037010801617
527.31,0.3709540457646903
527.32,0.4274431415355417
527.33,0.552183697207683
527.34,0.6142193875614593
527.35,0.597703121417758
527.36,0.5033074662422286
527.37,0.38247542495939363
527.38,0.40309623664868893
527.39,0.5303596117074705
527.4,0.6084611731178324
527.41,0.607681452064242
527.42,0.5279072665979819
527.43,0.40041239319273403
527.44,0.383890868851732
527.45,0.5066856109684069
527.46,0.599834969975802
527.47,0.6143267015237821
527.48,0.5494428847909126
527.49,0.4224026018862628
527.5,0.3711610258887122
527.51,0.4819986836540797
527.52,0.5886171911218412
527.53,0.6179773508639412
527.54,0.5677531479158133
527.55,0.4462790948200051
527.56,0.3655298597573877
527.57,0.45728633087346426
527.58,0.5750966995250448
527.59,0.6189478505016064
527.6,0.5829157051559002
527.61,0.47032876099124515
527.62,0.36683341066821706
527.63,0.4336331225448339
527.64,0.5595910656932003
527.65,0.6175253668352456
527.66,0.595135601703378
527.67,0.49335509964755564
527.68,0.37423176197130836
527.69,0.4121292828448259
527.7,0.5424590173076835
527.71,0.6139730697312384
527.72,0.6046751039352318
527.73,0.5146212344206658
527.74,0.38645008751905163
527.75,0.39375446625792115
527.76,0.5241069251345832
527.77,0.6085361726441282
527.78,0.611813048073138
527.79,0.533745292558018
527.8,0.40205336572435124
527.81,0.3792615940593498
527.82,0.504987385429639
527.83,0.6014485532555397
527.84,0.616823369032661
527.85,0.5505936965834007
527.86,0.4196731221911328
527.87,0.36909001612270637
527.88,0.48558864397939855
527.89,0.5929386969022895
527.9,0.6199652466632997
527.91,0.5651928848023515
527.92,0.4381480520496295
527.93,0.3633304174683504
527.94,0.46641487158303374
527.95,0.5832342203808152
527.96,0.6214798446375691
527.97,0.5776642872095112
527.98,0.45658084426642725
527.99,0.361747925744111
528.0,0.44795901882695405
528.01,0.5725645472007805
528.02,0.621590493511302
528.03,0.5881800204213606
528.04,0.474334921291955
528.05,0.3638522647188575
528.06,0.4306717493684827
528.07,0.5611615356818819
528.08,0.6205044272842734
528.09,0.5969344717926592
528.1,0.4909982842063498
528.11,0.368992503671049
528.12,0.4149312066741987
528.13,0.5492580711934597
528.14,0.6184149819444744
528.15,0.604127050078286
528.16,0.5063355636178448
528.17,0.3764525069182538
528.18,0.4010185920743372
528.19,0.5370848449984337
528.2,0.6155036581875404
528.21,0.609952323828668
528.22,0.5202410648764574
528.23,0.38552959573017054
528.24,0.38910351621144795
528.25,0.5248657472282371
528.26,0.6119417522139039
528.27,0.6145948134050517
528.28,0.5326988121846884
528.29,0.39558833585727543
528.3,0.3792410832376211
528.31,0.5128124717836624
528.32,0.6078914430657828
528.33,0.618226576618301
528.34,0.5437512850844332
528.35,0.4060894670617778
528.36,0.3713802924192427
528.37,0.5011190353839786
528.38,0.6035063385108119
528.39,0.6210063774546635
528.4,0.5534763048410138
528.41,0.41659880252894094
528.42,0.3653813193533284
528.43,0.4899569222234315
528.44,0.5989315503168706
528.45,0.6230796787535591
528.46,0.5619706433427614
528.47,0.42678253480398365
528.48,0.3610380788962405
528.49,0.4794714729794006
528.5,0.5943034084387585
528.51,0.6245790010724396
528.52,0.5693387744445982
528.53,0.4363948836015476
528.54,0.358102319915883
528.55,0.46977995465970357
528.56,0.5897489397312918
528.57,0.6256243852367894
528.58,0.5756853658073853
528.59,0.4452625813337719
528.6,0.3563061540207341
528.61,0.46097151105341105
528.62,0.5853852348900861
528.63,0.6263238194195573
528.64,0.5811103921386647
528.65,0.45326912248086815
528.66,0.3553809965587723
528.67,0.45310894567342525
528.68,0.581318811172362
528.69,0.6267735675680108
528.7,0.5857060306287918
528.71,0.46034040613396765
528.72,0.3550720211048731
528.73,0.446232074357612
528.74,0.5776450514464506
528.75,0.6270583808696085
528.76,0.5895547359947697
528.77,0.46643248967308765
528.78,0.3551481427881106
528.79,0.4403622323218142
528.8,0.5744477672922615
528.81,0.6272515990533026
528.82,0.5927280747883025
528.83,0.4715216099879522
528.84,0.3554081449638936
528.85,0.43550744201813363
528.86,0.571798900159488
528.87,0.6274151607324144
528.88,0.5952860332515274
528.89,0.4755963274287561
528.9,0.35568385791829726
528.91,0.43166774081264553
528.92,0.5697583436337427
528.93,0.627599546697258
528.94,0.5972766084566764
528.95,0.47865151997198413
528.96,0.3558413594596154
528.97,0.4288402095035036
528.98,0.5683738477168293
528.99,0.6278436800740059
529.0,0.5987355577711339
529.01,0.48068392947881233
529.02,0.3557810818819877
529.03,0.4270233166261426
529.04,0.5676809532056653
529.05,0.6281748049022232
529.06,0.5996862263654832
529.07,0.4816889934390481
529.08,0.3554375514361877
529.09,0.4262202749740786
529.1,0.5677029035564727
529.11,0.6286083608715957
529.12,0.6001394010532228
529.13,0.4816587536369653
529.14,0.3547793033777078
529.15,0.42644118536627373
529.16,0.5684504919957983
529.17,0.6291478677406636
529.18,0.6000931581668891
529.19,0.48058070511543066
529.2,0.35380933234980994
529.21,0.42770381052368533
529.22,0.5699218207629736
529.23,0.6297848282191468
529.24,0.5995326848803216
529.25,0.47843752519985727
529.26,0.3525662589915549
529.27,0.4300328846660601
529.28,0.5721019751052048
529.29,0.6304986530070178
529.3,0.598430062477721
529.31,0.4752077053927702
529.32,0.35112621080787254
529.33,0.4334579270351485
529.34,0.5749626413152478
529.35,0.6312566058149728
529.36,0.5967440077799364
529.37,0.47086719748259936
529.38,0.349605213729677
529.39,0.438009605655071
529.4,0.5784617230039844
529.41,0.6320137594122894
529.42,0.5944195781471773
529.43,0.4653922830966937
529.44,0.34816165467440835
529.45,0.44371479598682234
529.46,0.5825430264829954
529.47,0.6327129456689058
529.48,0.5913878600819824
529.49,0.4587639838025487
529.5,0.34699809709211343
529.51,0.4505906058494231
529.52,0.5871360923495926
529.53,0.6332846735868433
529.54,0.5875656843021839
529.55,0.45097444220830757
529.56,0.34636142142782367
529.57,0.45863778326719684
529.58,0.5921562419466749
529.59,0.6336469795132177
529.6,0.582855448097531
529.61,0.4420358109188415
529.62,0.3465399628614863
529.63,0.4678340706204432
529.64,0.5975048847356185
529.65,0.6337051642957137
529.66,0.5771451863916383
529.67,0.43199225095888943
529.68,0.3478561177365724
529.69,0.4781281836095706
529.7,0.6030700962488511
529.71,0.6333513643487294
529.72,0.570309128092181
529.73,0.42093560575890165
529.74,0.35065292685788657
529.75,0.4894351385417149
529.76,0.6087274303043833
529.77,0.6324638998731495
529.78,0.5622091212428314
529.79,0.4090250696683664
529.8,0.35527359206546905
529.81,0.5016335909062274
529.82,0.6143408788654924
529.83,0.6309063471692036
529.84,0.5526975297058359
529.85,0.3965105507871788
529.86,0.36203389446009826
529.87,0.5145656623388982
529.88,0.6197638447180649
529.89,0.6285262986189943
529.9,0.5416225250707472
529.91,0.38375821788429176
529.92,0.3711890891889865
529.93,0.5280394320131565
529.94,0.6248399523780658
529.95,0.6251538122339222
529.96,0.5288371450937993
529.97,0.3712747182458557
529.98,0.38289883838750954
529.99,0.5418338945334976
530.0,0.6294034959157584
530.01,0.6205996269284141
530.02,0.5142140778435818
530.03,0.3597237081998148
530.04,0.39719558177278247
530.05,0.5557058104836178
530.06,0.6332793118926698
530.07,0.6146533538785892
530.08,0.49766881976063443
530.09,0.34992507709774034
530.1,0.4139626645872124
530.11,0.5693975732930125
530.12,0.6362818725904298
530.13,0.6070820871455449
530.14,0.4791944811842617
530.15,0.3428248398834161
530.16,0.4329278301557901
530.17,0.5826450523368225
530.18,0.6382134199803184
530.19,0.5976302705376038
530.2,0.45891165192452543
530.21,0.3394244812631038
530.22,0.45367509075930457
530.23,0.5951843715310445
530.24,0.6388610080010213
530.25,0.5860223080034124
530.26,0.43713550457615435
530.27,0.3406654387262507
530.28,0.4756740543748642
530.29,0.6067567326135727
530.3,0.6379924004836993
530.31,0.571970446183916
530.32,0.414458178197986
530.33,0.34727889808030804
530.34,0.49832173867047425
530.35,0.6171106408137896
530.36,0.6353509099355164
530.37,0.5551920546990542
530.38,0.3918353956056111
530.39,0.3596302270656318
530.4,0.5209891673853946
530.41,0.6260011728709461
530.42,0.630649511412098
530.43,0.5354427068428641
530.44,0.3706507906398937
530.45,0.37760222270603894
530.46,0.5430645126520526
530.47,0.6331861839174189
530.48,0.6235650258953118
530.49,0.512574295680681
530.5,0.3527118070423264
530.51,0.4005602153739138
530.52,0.5639861878621342
530.53,0.6384195452328093
530.54,0.6137340173696996
530.55,0.48662991181631005
530.56,0.3401180906412264
530.57,0.42741938726752654
530.58,0.5832622476427213
530.59,0.6414416431521412
530.6,0.6007535892375081
530.61,0.4579866581389581
530.62,0.33495855832581056
530.63,0.45679859417150437
530.64,0.6004755509607613
530.65,0.6419674994969161
530.66,0.5841929683268355
530.67,0.4275479709937023
530.68,0.33885794020034327
530.69,0.48721450462367494
530.7,0.6152764708159647
530.71,0.6396731088568179
530.72,0.563626255612225
530.73,0.3969584200428131
530.74,0.35249785093930336
530.75,0.5172612024155422
530.76,0.6273661001580918
530.77,0.634181138531797
530.78,0.5387035242154338
530.79,0.36875740726266587
530.8,0.3753153734382869
530.81,0.5457350958746962
530.82,0.6364730152155791
530.83,0.6250483844074143
530.84,0.5092859803254647
530.85,0.3463142433413868
530.86,0.40554573456551796
530.87,0.5716909506182483
530.88,0.6423261148892724
530.89,0.6117600011493795
530.9,0.47567675856956626
530.91,0.3333571755607336
530.92,0.44061282271284524
530.93,0.5944374214433812
530.94,0.6446253455386121
530.95,0.5937406832378809
530.96,0.43896830482552196
530.97,0.3330362525191106
530.98,0.47769320913982577
530.99,0.6134917927062369
531.0,0.643011750415625
531.01,0.5704023894871126
531.02,0.40147072293142555
531.03,0.3467929894251532
531.04,0.5142210609694375
531.05,0.6285142488754033
531.06,0.6370388499987758
531.07,0.5412636430115763
531.08,0.3670460859770228
531.09,0.3736351380978773
531.1,0.5481842841133425
531.11,0.6392366223071596
531.12,0.6261498127751135
531.13,0.5061958565477465
531.14,0.3409687940897354
531.15,0.4103251262999942
531.16,0.5781939656407036
531.17,0.6453939205079405
531.18,0.6096709542987004
531.19,0.4658646832509643
531.2,0.3288607862473217
531.21,0.45241006523466865
531.22,0.6033957706227898
531.23,0.6466619147129737
531.24,0.58684489698628
531.25,0.4223950263964594
531.26,0.33469108528815494
531.27,0.49547750859739087
531.28,0.623309504104358
531.29,0.6426020555287005
531.3,0.556950741463346
531.31,0.380104580513172
531.32,0.35880380861563677
531.33,0.5360227858148284
531.34,0.637659124221187
531.35,0.6326170681764622
531.36,0.519596676020555
531.37,0.3457467027935815
531.38,0.3974550920805432
531.39,0.5717261156465105
531.4,0.6462234184409538
531.41,0.6159290956641421
531.42,0.47530939671461475
531.43,0.32731639146949926
531.44,0.44434121921482944
531.45,0.6012971089671408
531.46,0.6487147429297143
531.47,0.5916123709730207
531.48,0.4265147392469541
531.49,0.3309685182195708
531.5,0.4929645662390771
531.51,0.6241393976132372
531.52,0.644683375125244
531.53,0.5587530142356392
531.54,0.378719949481942
531.55,0.3575482376298379
531.56,0.5383165827881546
531.57,0.6400109814942313
531.58,0.6334472549667328
531.59,0.5168771952478682
531.6,0.3409605028782124
531.61,0.4016983566330665
531.62,0.5773414312690294
531.63,0.6487517128519841
531.64,0.6140628958837605
531.65,0.4668615867845596
531.66,0.3237980327029611
531.67,0.4545676678833669
531.68,0.6085690240954263
531.69,0.650084495547122
531.7,0.5853919292108927
531.71,0.4124672153445973
531.72,0.33424989296747404
531.73,0.5076892975193644
531.74,0.6314868591528097
531.75,0.6434749846439148
531.76,0.5463964552418207
531.77,0.3620154472276666
531.78,0.3709565750670424
531.79,0.5552404465097064
531.8,0.6459818245967052
531.81,0.6280439041590139
531.82,0.49692438510455217
531.83,0.32823250495160833
531.84,0.424614166663798
531.85,0.5942049279975148
531.86,0.6519425681347861
531.87,0.6025653311139693
531.88,0.4393351927812987
531.89,0.3234933128213004
531.9,0.4834148754761264
531.91,0.6234832948047084
531.92,0.6489992992623822
531.93,0.5656722238247069
531.94,0.3809350922937808
531.95,0.35169150801673327
531.96,0.5381364998138194
531.97,0.6429029612070261
531.98,0.6363617620365345
531.99,0.5165586883646607
532.0,0.3354678652400498
532.01,0.4046532457406032
532.02,0.5836958080486495
532.03,0.6524957751939806
532.04,0.6127592258778942
532.05,0.45668029595681914
532.06,0.3194098429987002
532.07,0.46776093048282147
532.08,0.6181761913518747
532.09,0.6520499098436863
532.1,0.576593270499979
532.11,0.3927796295104051
532.12,0.341476860846654
532.13,0.528265134507052
532.14,0.6412859688837625
532.15,0.6408484468457594
532.16,0.5266319442819899
532.17,0.3396981236519379
532.18,0.39474458431481557
532.19,0.5789029825953337
532.2,0.653188127709437
532.21,0.6175547161181489
532.22,0.46390506480947624
532.23,0.31742692582435855
532.24,0.4618994869761342
532.25,0.6169727849445662
532.26,0.6538036070917421
532.27,0.5803495945112869
532.28,0.39542920103621504
532.29,0.33817666380996
532.3,0.526913271226115
532.31,0.6421275691179482
532.32,0.6424330259969918
532.33,0.527724452277818
532.34,0.3381398627710158
532.35,0.3947096345176297
532.36,0.5807803541638971
532.37,0.6546769800169551
532.38,0.6175973150996343
532.39,0.4608149636336948
532.4,0.3156272950460627
532.41,0.4663699802460319
532.42,0.6204065249528704
532.43,0.6546242407156849
532.44,0.5772144690220988
532.45,0.38816859235072404
532.46,0.34145052140077115
532.47,0.5344745772126421
532.48,0.6455925424581225
532.49,0.6411810336424395
532.5,0.5196680283100518
532.51,0.33055313298557887
532.52,0.4049740941800104
532.53,0.5893069984816723
532.54,0.6568170900288823
532.55,0.6125947202161164
532.56,0.44701163561540075
532.57,0.31518904044212487
532.58,0.481290921473925
532.59,0.6280786520389868
532.6,0.6540642718720019
532.61,0.566470280422087
532.62,0.37131730482446884
532.63,0.3531859133601584
532.64,0.5504101007410176
532.65,0.6509912162688036
532.66,0.636282049724278
532.67,0.5014511739568104
532.68,0.31942993155956334
532.69,0.4264680855640494
532.7,0.6034424634916132
532.71,0.6586535937893716
532.72,0.6012685776051063
532.73,0.42205420951431916
532.74,0.32051501721751235
532.75,0.5060551351369477
532.76,0.6386645621691165
532.77,0.6508381138140488
532.78,0.5463695202056127
532.79,0.3470614086086962
532.8,0.37674269073070926
532.81,0.5730856964056823
532.82,0.6568054608251863
532.83,0.6259733616822164
532.84,0.4714613022182711
532.85,0.310960698859095
532.86,0.4595303199357997
532.87,0.621139463177385
532.88,0.658416620710366
532.89,0.5812497055985139
532.9,0.3866241961669582
532.91,0.3385210261168662
532.92,0.5387142510130586
532.93,0.6499960203607522
532.94,0.6427403513128603
532.95,0.5142313336434703
532.96,0.3216226390537808
532.97,0.41479293993412375
532.98,0.5996849878523182
532.99,0.6607366802297564
533.0,0.6073755913521591
533.01,0.428537470917797
533.02,0.3155710075732945
533.03,0.5023889933412843
533.04,0.6394835163878019
533.05,0.6534624776822977
533.06,0.5489999267983215
533.07,0.3454542305119795
533.08,0.37568357997470325
533.09,0.5756382329791992
533.1,0.6591875528846446
533.11,0.6264475593241814
533.12,0.46719047885808307
533.13,0.3078393418415248
533.14,0.46638131017654066
533.15,0.6264213981580502
533.16,0.659691229796657
533.17,0.5762653657952156
533.18,0.3751171757123756
533.19,0.3449414830026654
533.2,0.550419130622896
533.21,0.6549352881879703
533.22,0.6400592198797053
533.23,0.5002196826634286
533.24,0.3121585582510247
533.25,0.4328624580774183
533.26,0.6119173888154078
533.27,0.6626852910579161
533.28,0.597165986706839
533.29,0.405185935235874
533.3,0.3235488128835885
533.31,0.5254671823795899
533.32,0.648997531788952
533.33,0.6495554800435505
533.34,0.5271563486444816
533.35,0.3240344806788693
533.36,0.4035433338377222
533.37,0.5970453514063412
533.38,0.6634766190565581
533.39,0.6129177164063719
533.4,0.43247814679271507
533.41,0.3107447949082447
533.42,0.5021291669951571
533.43,0.6422836916663404
533.44,0.656028155946725
533.45,0.5484057359661625
533.46,0.3392201702814187
533.47,0.37942220805271043
533.48,0.5828228834853675
533.49,0.662921132779127
533.5,0.6246002609475729
533.51,0.4554929267390442
533.52,0.30460101319044686
533.53,0.48154372581725785
533.54,0.6356070361453376
533.55,0.6603480262603435
533.56,0.5646652500817447
533.57,0.35447700630795365
533.58,0.3607462590946772
533.59,0.5701715243145375
533.6,0.6617286796968139
533.61,0.6330963343649373
533.62,0.47372877943084085
533.63,0.30276584141508406
533.64,0.4645683410705907
533.65,0.6296778450369765
533.66,0.6631973471394813
533.67,0.5766401970448944
533.68,0.36765876287520316
533.69,0.3471819605000587
533.7,0.5598765260515565
533.71,0.6604758146087258
533.72,0.6390881742061473
533.73,0.48717235547493815
533.74,0.30304786585080046
533.75,0.4517731680888564
533.76,0.625086616281592
533.77,0.6650930518811062
533.78,0.5849202430481202
533.79,0.37747857471641894
533.8,0.3381017629889579
533.81,0.5525580936429674
533.82,0.6596071062667596
533.83,0.643070334783489
533.84,0.4959824175325012
533.85,0.30373256371269336
533.86,0.4434953319666019
533.87,0.6222846421388426
533.88,0.66640038632575
533.89,0.5899318679973438
533.9,0.3832203288061126
533.91,0.33287820425918857
533.92,0.5486574954195161
533.93,0.6594304765382056
533.94,0.6453631816851939
533.95,0.5003140989375692
533.96,0.3036925724303051
533.97,0.4399229628189212
533.98,0.621566756021233
533.99,0.6673395639873808
534.0,0.5919224747227004
534.01,0.3845118537642579
534.02,0.33111354132803117
534.03,0.5484334217672446
534.04,0.660111002335712
534.05,0.6461221303807674
534.06,0.5002285344946482
534.07,0.30240043486482093
534.08,0.44116993904982943
534.09,0.6230586848560713
534.1,0.6679882301656253
534.11,0.5909549478185195
534.12,0.38119198222616474
534.13,0.3327771653887797
534.14,0.5519602147904009
534.15,0.6616662841942197
534.16,0.6453414945469497
534.17,0.4956523278435312
534.18,0.29993006072442746
534.19,0.44730910329330703
534.2,0.6267100466777853
534.21,0.668281686170048
534.22,0.5869032521577883
534.23,0.37327426229476157
534.24,0.3382452131876376
534.25,0.5591216074024303
534.26,0.6639651443699931
534.27,0.6428526566511026
534.28,0.4863706557063931
534.29,0.2969890129942345
534.3,0.4583477479244393
534.31,0.6322937512408797
534.32,0.6680115449929005
534.33,0.5794457224802974
534.34,0.3610107501348636
534.35,0.34823604413995424
534.36,0.5695999746933809
534.37,0.6667300641653933
534.38,0.6383159156340479
534.39,0.4720552160940028
534.4,0.2949756927579512
534.41,0.47414970040959786
534.42,0.6394127121240487
534.43,0.6668219942887567
534.44,0.5680570108770091
534.45,0.34506907861651004
534.46,0.36362910004582677
534.47,0.5828682489902308
534.48,0.6695422695572129
534.49,0.6312047575726155
534.5,0.4523476151833164
534.51,0.29600005484720904
534.52,0.4943301288949655
534.53,0.6475142698184032
534.54,0.664201243714365
534.55,0.5520057558852632
534.56,0.32683569668730844
534.57,0.3851670337546135
534.58,0.5981953423380773
534.59,0.6718466052700243
534.6,0.6207813379591737
534.61,0.4270451233853906
534.62,0.30274487073241163
534.63,0.51816642451253
534.64,0.6559107770318788
534.65,0.6594641817901488
534.66,0.5303777333849138
534.67,0.3088173652300084
534.68,0.4130885447218471
534.69,0.6146731817156453
534.7,0.6729513235009809
534.71,0.6060643082322282
534.72,0.3964694887055546
534.73,0.31801448723156805
534.74,0.5445710620679287
534.75,0.6638015108116078
534.76,0.6517211420463619
534.77,0.5021718260581632
534.78,0.29498502702895646
534.79,0.446809551349946
534.8,0.6312644687040353
534.81,0.6720158505999297
534.82,0.5857986405804231
534.83,0.3621195533046047
534.84,0.3439085975555415
534.85,0.5721519145313607
534.86,0.6702874008679203
534.87,0.6398280632232048
534.88,0.466571483615047
534.89,0.2906717944351688
534.9,0.4848073123877564
534.91,0.6468588809730408
534.92,0.6680178172072437
534.93,0.5584611165599284
534.94,0.3276299128632161
534.95,0.3808364651542023
534.96,0.599346709251335
534.97,0.67436714570032
534.98,0.6223183913723058
534.99,0.42358596089719813
535.0,0.3014680278570545
535.01,0.5248010158174996
535.02,0.6603171161147027
535.03,0.6596898408861654
535.04,0.5223954117746448
535.05,0.2996883822602035
535.06,0.4269089376981221
535.07,0.6245814591539856
535.08,0.6749016608113138
535.09,0.5973359027455494
535.1,0.3753347971875085
535.11,0.33093957488352593
535.12,0.5641705545420137
535.13,0.6704803109606932
535.14,0.6454190744321521
535.15,0.47630468853716207
535.16,0.28777024462867895
535.17,0.4782189142538
535.18,0.6463897651743795
535.19,0.6705333007777656
535.2,0.5626448439294215
535.21,0.3280445246673113
535.22,0.37823141396091486
535.23,0.6004208235913744
535.24,0.6761258129390356
535.25,0.623116720894032
535.26,0.42056205107693495
535.27,0.30104368245239355
535.28,0.529960687644857
535.29,0.6634454673614549
535.3,0.6595476990391002
535.31,0.5159484011525941
535.32,0.2936607562467133
535.33,0.43758621730941943
535.34,0.6314899354661976
535.35,0.6758546224750789
535.36,0.5901176407571446
535.37,0.35993433651354373
535.38,0.3427128861589687
535.39,0.5777252897002865
535.4,0.674489176438834
535.41,0.6396766408321886
535.42,0.45609933182272916
535.43,0.2876743220817255
535.44,0.5005963777741348
535.45,0.6558061774629629
535.46,0.6678980128118353
535.47,0.5433397523260123
535.48,0.3073020951121652
535.49,0.40638125353212967
535.5,0.6182795906107194
535.51,0.6781484652211858
535.52,0.6078904780461135
535.53,0.38629726358957883
535.54,0.320155597594294
535.55,0.5594645284388613
535.56,0.672115866993279
535.57,0.6498374472905333
535.58,0.4803979406517098
535.59,0.2838858549206527
535.6,0.47902689777183305
535.61,0.6496225073946773
535.62,0.6726526553639164
535.63,0.5604195748243213
535.64,0.31983140416232714
535.65,0.3860103854042598
535.66,0.6089498053463851
535.67,0.6791515470113851
535.68,0.6182807321442226
535.69,0.4032807345227746
535.7,0.3079120417594648
535.71,0.5479228262413054
535.72,0.6705387435282097
535.73,0.6554386701181304
535.74,0.49385197126647834
535.75,0.28334268395854045
535.76,0.46707481439693466
535.77,0.646395791774304
535.78,0.6751861898693464
535.79,0.5687675256368566
535.8,0.3262626059789547
535.81,0.3765411233124879
535.82,0.6050301801507286
535.83,0.679944625804892
535.84,0.6226915880196907
535.85,0.409571783069532
535.86,0.3033040875914462
535.87,0.5445269050107648
535.88,0.6706815928832162
535.89,0.657476845831888
535.9,0.497011115564772
535.91,0.2822802979607501
535.92,0.46564737405593276
535.93,0.6469582579098607
535.94,0.676172091604183
535.95,0.5691696208460018
535.96,0.3244760553721442
535.97,0.3778346474189372
535.98,0.6072445397276787
535.99,0.6809773680278982
536.0,0.6216453752946309
536.01,0.4047356906763824
536.02,0.3053324319464919
536.03,0.5498005327689788
536.04,0.6728171858958913
536.05,0.6561885460919511
536.06,0.48989860989409606
536.07,0.2799976480639493
536.08,0.4750166245239593
536.09,0.6513937820550257
536.1,0.675622953289994
536.11,0.5615065786798604
536.12,0.3144353536874943
536.13,0.39024508297376026
536.14,0.6154357858718374
536.15,0.6820684780692039
536.16,0.6148026425642431
536.17,0.38863289419648556
536.18,0.31531585536519385
536.19,0.5633383192985351
536.2,0.6765487014248358
536.21,0.6510648075318262
536.22,0.47185036091345794
536.23,0.2790192376205802
536.24,0.4948179404825522
536.25,0.6590225428664467
536.26,0.6728884751221488
536.27,0.5447141036997596
536.28,0.2983751924210079
536.29,0.4144364239880447
536.3,0.6285610318903937
536.31,0.6824045539983764
536.32,0.600915971638132
536.33,0.3617854879807264
536.34,0.3364442053742775
536.35,0.5837529908185457
536.36,0.6808302541978825
536.37,0.6407931366920876
536.38,0.4417531522719653
536.39,0.28515859962678114
536.4,0.5237172003621123
536.41,0.668458313589537
536.42,0.6666084691470937
536.43,0.516803898145736
536.44,0.2820085930493191
536.45,0.4503514175312652
536.46,0.6447741363143096
536.47,0.680527165434563
536.48,0.5777194149139092
536.49,0.32692930737372056
536.5,0.37205016499403976
536.51,0.6086876250777951
536.52,0.6840082120353004
536.53,0.6231092680298077
536.54,0.3990404029806513
536.55,0.3064985737376583
536.56,0.5590644550018495
536.57,0.677719399876424
536.58,0.6545860423586152
536.59,0.4751902348946022
536.6,0.2758899786714797
536.61,0.4959375512589264
536.62,0.6616062103424349
536.63,0.674261009409487
536.64,0.5418469201517734
536.65,0.2920858660595283
536.66,0.42282250667088794
536.67,0.6350221450286528
536.68,0.6838263151551193
536.69,0.5945524212342869
536.7,0.3464365246196356
536.71,0.3497467291471164
536.72,0.596975608240154
536.73,0.6843302186656834
536.74,0.6335232009753534
536.75,0.4181573783899932
536.76,0.2940176366850632
536.77,0.5466708845307162
536.78,0.6761878555870019
536.79,0.6605001750866442
536.8,0.48922586129049445
536.81,0.27374216224197717
536.82,0.4846345011708906
536.83,0.6592587984179952
536.84,0.6772963190230228
536.85,0.5502718028415186
536.86,0.2955563533766696
536.87,0.41465145480139626
536.88,0.6329639877697015
536.89,0.6852987389576071
536.9,0.5985998775457434
536.91,0.3494932344110518
536.92,0.3459763414920259
536.93,0.5964956875168614
536.94,0.6853668169233399
536.95,0.6347541700500273
536.96,0.4175338500446189
536.97,0.2934420387922388
536.98,0.5492465003019014
536.99,0.6778625550605026
537.0,0.6603000966211172
537.01,0.4847449565500713
537.02,0.2721572630657592
537.03,0.49164560059084433
537.04,0.6627177202630051
537.05,0.6768126985744367
537.06,0.5432206646156353
537.07,0.288260070097005
537.08,0.42653665850297595
537.09,0.6395233546964132
537.1,0.6855240681581366
537.11,0.5904769270232814
537.12,0.33465073154550484
537.13,0.3607843321726343
537.14,0.6076730127187367
537.15,0.6872507988997878
537.16,0.6268030815437429
537.17,0.39667953082867996
537.18,0.30572697885190053
537.19,0.5666300151191787
537.2,0.6824191520013053
537.21,0.653474957815672
537.22,0.4608721972121033
537.23,0.27429174953966035
537.24,0.5164238312729004
537.25,0.6711173969345645
537.26,0.6718816503954645
537.27,0.5190678466237382
537.28,0.27466415490704177
537.29,0.45847229873101436
537.3,0.6531583509689732
537.31,0.6831886459571179
537.32,0.5679367076834528
537.33,0.3052707956768472
537.34,0.3966633111333917
537.35,0.6281625957877816
537.36,0.6882485150399622
537.37,0.6070178281003628
537.38,0.3562220301267967
537.39,0.33816588516941676
537.4,0.5956922381223336
537.41,0.6876076728381886
537.42,0.6371159443145427
537.43,0.41544590967616624
537.44,0.29281413924368194
537.45,0.5554826542470557
537.46,0.6815433082205697
537.47,0.6593949340697716
537.48,0.47365881059793236
537.49,0.2700671049931934
537.5,0.5078287055809144
537.51,0.6701073583223052
537.52,0.6749656831887884
537.53,0.5257046842286026
537.54,0.2745832338016373
537.55,0.45415451676943114
537.56,0.6531747008177962
537.57,0.684737246638306
537.58,0.5696310049719091
537.59,0.3037982225012603
537.6,0.39767765754142753
537.61,0.6305035452666349
537.62,0.6893868543120358
537.63,0.6053179609389092
537.64,0.3497107044083873
537.65,0.3438270051147668
537.66,0.6018236333010251
537.67,0.6893759468057978
537.68,0.6334629101285322
537.69,0.4030442048674695
537.7,0.29980120512169933
537.71,0.5669739819436719
537.72,0.6849802840147238
537.73,0.6550053573832423
537.74,0.4564545560259123
537.75,0.272784368216235
537.76,0.5261136428336576
537.77,0.6763224428563759
537.78,0.6708548892547116
537.79,0.5055140739244729
537.8,0.2672795259706423
537.81,0.48001716052990345
537.82,0.6634045897641216
537.83,0.6817858275042149
537.84,0.5482258402467167
537.85,0.28318929021061784
537.86,0.4304251744866069
537.87,0.6461441036717466
537.88,0.6884118881334531
537.89,0.5841319800451391
537.9,0.31609449291067987
537.91,0.3803362689051008
537.92,0.6244172872794147
537.93,0.6911946580433972
537.94,0.6135706001416112
537.95,0.35941683953182846
537.96,0.33401805962103354
537.97,0.5981181025353121
537.98,0.6904638862755397
537.99,0.6372036666833694
538.0,0.406814182798301
538.01,0.29647944570920626
538.02,0.5672394247109128
538.03,0.6864402304600877
538.04,0.6557621910133974
538.05,0.4535587679107879
538.06,0.27233387798266356
538.07,0.5319823870610157
538.08,0.679257249417386
538.09,0.6699271627787357
538.1,0.4967900456005653
538.11,0.2644166872799091
538.12,0.4928924795926887
538.13,0.6689822928123916
538.14,0.6802845293480092
538.15,0.5351458895028275
538.16,0.27287432549202334
538.17,0.4510061933168064
538.18,0.6556372251176413
538.19,0.6873166663135758
538.2,0.5682456801399706
538.21,0.29526829491329887
538.22,0.4079683068584546
538.23,0.6392204613455802
538.24,0.6914099452758479
538.25,0.5962589820183786
538.26,0.32757820466952636
538.27,0.36605384357278514
538.28,0.6197319228476581
538.29,0.6928681860709033
538.3,0.6196151164113168
538.31,0.36546795072015525
538.32,0.3280191836576296
538.33,0.5972023045000936
538.34,0.6919272835155509
538.35,0.6388319288482203
538.36,0.40522169991708046
538.37,0.2967410989214299
538.38,0.571727378959627
538.39,0.6887690946287899
538.4,0.6544253766196804
538.41,0.4441480060630679
538.42,0.27469277037275974
538.43,0.5435067578505662
538.44,0.6835340134406542
538.45,0.666867718511908
538.46,0.48057114344117635
538.47,0.2634162980617549
538.48,0.5128844185067973
538.49,0.6763322536740791
538.5,0.6765725742774381
538.51,0.5136215447397171
538.52,0.2631995973898194
538.53,0.4803854135062103
538.54,0.6672540773640409
538.55,0.6838937257746474
538.56,0.5429852292593446
538.57,0.2730911749050556
538.58,0.4467399924185891
538.59,0.6563792378078017
538.6,0.689130267908817
538.61,0.5686907158411522
538.62,0.2912258542777507
538.63,0.41288404562494746
538.64,0.6437858395784906
538.65,0.6925341760914224
538.66,0.5909550256364056
538.67,0.31530174337955275
538.68,0.3799251309068751
538.69,0.6295586990053063
538.7,0.6943183174171103
538.71,0.6100833149013084
538.72,0.3430254474774403
538.73,0.34906817613016705
538.74,0.6137971385139416
538.75,0.6946639945894739
538.76,0.6264085235804058
538.77,0.37241297728618683
538.78,0.32150475789974836
538.79,0.5966219827180196
538.8,0.6937276616727993
538.81,0.6402578697287455
538.82,0.401925801581949
538.83,0.2982824254150533
538.84,0.5781813630961811
538.85,0.6916467196716657
538.86,0.6519361223791261
538.87,0.4304806159572351
538.88,0.2801808169618499
538.89,0.558654807886747
538.9,0.6885444197671444
538.91,0.6617187813772499
538.92,0.45738780552913133
538.93,0.2676235734057287
538.94,0.5382550274954891
538.95,0.6845339454003628
538.96,0.6698507809921974
538.97,0.48226372588217215
538.98,0.2606466283270458
538.99,0.5172268417844404
539.0,0.6797217512818987
539.01,0.6765480499409752
539.02,0.5049443574519127
539.03,0.25892722950094793
539.04,0.49584285968649716
539.05,0.674210229037366
539.06,0.6820003674672803
539.07,0.5254129629148666
539.08,0.26186118010617615
539.09,0.47439582499717536
539.1,0.6680997568700799
539.11,0.6863746376885183
539.12,0.5437449773343079
539.13,0.2686653159326557
539.14,0.4531879557924444
539.15,0.6614901801630996
539.16,0.6898181129531611
539.17,0.5600686858211381
539.18,0.2784810655096797
539.19,0.4325180662082221
539.2,0.6544817640719569
539.21,0.6924613341971001
539.22,0.574538556059826
539.23,0.29046114548308655
539.24,0.4126676725672604
539.25,0.6471756585108877
539.26,0.6944206907703382
539.27,0.5873179510663935
539.28,0.30383059818505354
539.29,0.39388754579616037
539.3,0.639673920598509
539.31,0.6958005756547713
539.32,0.598568436955958
539.33,0.31792150044520046
539.34,0.37638620213882695
539.35,0.6320791475148138
539.36,0.6966951504541444
539.37,0.608443545549078
539.38,0.3321857705475696
539.39,0.3603215951143197
539.4,0.6244937831207875
539.41,0.6971897530990173
539.42,0.6170854446649107
539.43,0.3461924886688056
539.44,0.3457968254273989
539.45,0.6170191708215328
539.46,0.6973619889502269
539.47,0.6246234420433403
539.48,0.35961594857027135
539.49,0.33286012108255647
539.5,0.6097544330223519
539.51,0.6972825479763816
539.52,0.631173600499842
539.53,0.37221937215290063
539.54,0.32150877579367315
539.55,0.6027952592487703
539.56,0.6970157897945597
539.57,0.6368389896752282
539.58,0.38383766582597495
539.59,0.31169628879795447
539.6,0.5962326829668538
539.61,0.6966201361020709
539.62,0.6417102701861142
539.63,0.39436123020496994
539.64,0.30334168519366317
539.65,0.5901519175302423
539.66,0.696148307223256
539.67,0.6458664206155706
539.68,0.403721818794648
539.69,0.29633993437080414
539.7,0.5846313074627104
539.71,0.6956474364006484
539.72,0.6493754920208388
539.73,0.41188077593865324
539.74,0.29057248893452553
539.75,0.5797414337281911
539.76,0.6951590924318999
539.77,0.6522953237325799
539.78,0.41881959656496814
539.79,0.28591717974145914
539.8,0.575544390985306
539.81,0.6947192379458674
539.82,0.6546741842683198
539.83,0.42453256091596797
539.84,0.2822569574998777
539.85,0.5720932363102252
539.86,0.6943581475525038
539.87,0.6565513202527277
539.88,0.42902112734847614
539.89,0.2794872132630527
539.9,0.5694315925319879
539.91,0.6941003067681812
539.92,0.6579574069212434
539.93,0.4322897712658643
539.94,0.2775216024656459
539.95,0.5675933780441422
539.96,0.6939643093253169
539.97,0.6589148998601024
539.98,0.43434299559528355
539.99,0.2762964250456771
540.0,0.5666026294969013
540.01,0.6939627671609041
540.02,0.6594382903314964
540.03,0.43518329475924306
540.04,0.27577367428552035
540.05,0.5664733851192877
540.06,0.6941022439679116
540.07,0.659534266846406
540.08,0.43480991342536873
540.09,0.27594287271554746
540.1,0.5672096025503991
540.11,0.6943832197909415
540.12,0.6592017850462334
540.13,0.4332183016441985
540.14,0.27682177531075186
540.15,0.5688050967294692
540.16,0.694800090731257
540.17,0.6584320464411564
540.18,0.4304002284787185
540.19,0.27845595675205015
540.2,0.5712434970989024
540.21,0.6953412041984176
540.22,0.6572083844122054
540.23,0.426344573876813
540.24,0.2809172277517747
540.25,0.574498237582543
540.26,0.6959889269036644
540.27,0.655506054073103
540.28,0.42103888195471584
540.29,0.2843007604365119
540.3,0.5785326057289363
540.31,0.6967197388962668
540.32,0.6532919207694406
540.33,0.4144718208247172
540.34,0.2887207648974649
540.35,0.5832998860827883
540.36,0.6975043436522148
540.37,0.650524040841143
540.38,0.4066367639055188
540.39,0.2943045652639377
540.4,0.5887436363823231
540.41,0.6983077804301469
540.42,0.6471511283810325
540.43,0.3975367758933824
540.44,0.3011849908236806
540.45,0.5947981317674369
540.46,0.699089521547988
540.47,0.6431119038336569
540.48,0.38719134824737095
540.49,0.3094911408065651
540.5,0.601389002993674
540.51,0.6998035336692615
540.52,0.6383343253563207
540.53,0.375645271629715
540.54,0.3193377979178443
540.55,0.6084340784364317
540.56,0.7003982785008157
540.57,0.6327347144388279
540.58,0.36298001938949975
540.59,0.33081404302195155
540.6,0.615844420401036
540.61,0.7008166248080101
540.62,0.6262168051769282
540.63,0.3493279059493755
540.64,0.34397191807334165
540.65,0.6235255238980345
540.66,0.7009956399517441
540.67,0.6186707776478435
540.68,0.3348889976592889
540.69,0.3588162357475651
540.7,0.6313786253810257
540.71,0.7008662254650626
540.72,0.6099723855379335
540.73,0.3199501969622746
540.74,0.37529676318110256
540.75,0.6393020507857503
540.76,0.7003525573262548
540.77,0.5999823665059557
540.78,0.30490498260122995
540.79,0.39330394178350314
540.8,0.6471925195765148
540.81,0.6993712875600228
540.82,0.5885464477136313
540.83,0.2902708982645061
540.84,0.41266900857597183
540.85,0.6549463157275145
540.86,0.6978304597567065
540.87,0.5754964447620912
540.88,0.2767000867092121
540.89,0.4331688702883584
540.9,0.6624602370522815
540.91,0.6956280873819292
540.92,0.5606532326458633
540.93,0.264976291386754
540.94,0.4545354345678429
540.95,0.6696322403589422
540.96,0.6926503414658134
540.97,0.5438327714459292
540.98,0.2559905388978113
540.99,0.47646845481591366
541.0,0.6763617107514713
541.01,0.6887692952359429
541.02,0.5248569326040444
541.03,0.2506883997473288
541.04,0.4986504417796167
541.05,0.6825492945916448
541.06,0.6838401814380562
541.07,0.5035716044853774
541.08,0.2499857172324743
541.09,0.5207619499378537
541.1,0.6880962468245713
541.11,0.6776981407951482
541.12,0.47987540079661406
541.13,0.25465776546392094
541.14,0.5424956023034366
541.15,0.6929032503603333
541.16,0.6701544892658519
541.17,0.45376304078270996
541.18,0.2652178342240716
541.19,0.563567537832506
541.2,0.6968686670782158
541.21,0.6609926306023735
541.22,0.42538756144361517
541.23,0.2818113707105747
541.24,0.5837254520432513
541.25,0.6998861750561263
541.26,0.6499639259039806
541.27,0.39514386018540726
541.28,0.3041552718117038
541.29,0.6027529316631883
541.3,0.7018417343401396
541.31,0.6367841676493238
541.32,0.36377077109418554
541.33,0.33154423181081993
541.34,0.6204702461864009
541.35,0.7026098049401949
541.36,0.6211318951027213
541.37,0.3324575528976926
541.38,0.3629279437760175
541.39,0.6367320865720992
541.4,0.7020487179621641
541.41,0.6026507910164761
541.42,0.3029218469282123
541.43,0.39704155680618214
541.44,0.6514229050042954
541.45,0.6999950796716724
541.46,0.5809600491309805
541.47,0.2774030878662116
541.48,0.43255695008883704
541.49,0.6644505291755034
541.5,0.6962570800729905
541.51,0.5556791773821096
541.52,0.2585014585884998
541.53,0.4682203897617216
541.54,0.6757386324593798
541.55,0.6906066049764158
541.56,0.5264774181667871
541.57,0.24881302861510832
541.58,0.5029520420258419
541.59,0.6852184828841446
541.6,0.6827701571517566
541.61,0.4931625584488214
541.62,0.25038956357595865
541.63,0.5358981197174093
541.64,0.6928202058326759
541.65,0.6724188623964912
541.66,0.4558276576706368
541.67,0.2641721555011355
541.68,0.5664399480857505
541.69,0.6984636041741968
541.7,0.6591584272288523
541.71,0.41507202797359466
541.72,0.2896339906596369
541.73,0.5941719185636557
541.74,0.7020484033719467
541.75,0.6425211154167543
541.76,0.3722935744105106
541.77,0.3248221462162002
541.78,0.6188619583692834
541.79,0.7034436361559886
541.8,0.6219641257672849
541.81,0.3299963200295055
541.82,0.36680265627273545
541.83,0.6404058477389614
541.84,0.7024757667025898
541.85,0.5968830130711638
541.86,0.291959172805588
541.87,0.4123128752888997
541.88,0.6587828852827179
541.89,0.6989151040509934
541.9,0.5666561730788985
541.91,0.26300444158068975
541.92,0.45835822466572457
541.93,0.6740167258881744
541.94,0.6924601383957039
541.95,0.5307480428604028
541.96,0.24811554699725671
541.97,0.5025799274747894
541.98,0.686142459962686
541.99,0.6827198055278388
542.0,0.48891383356755286
542.01,0.25095757912698313
542.02,0.5433664323134922
542.03,0.6951792719272829
542.04,0.6691946739638872
542.05,0.4415595011577307
542.06,0.27240834127577396
542.07,0.5797808547465364
542.08,0.7011070984037366
542.09,0.6512603264883087
542.1,0.3902912282045614
542.11,0.31001137485174973
542.12,0.6114010789740684
542.13,0.7038453256898656
542.14,0.628161072182997
542.15,0.3385825008979513
542.16,0.35878864566625335
542.17,0.6381458590888464
542.18,0.7032315086973472
542.19,0.5990319032279959
542.2,0.2922291611385927
542.21,0.41290505612612505
542.22,0.6601253570019472
542.23,0.698998282459493
542.24,0.5629848703367385
542.25,0.2589192992200839
542.26,0.4672089814679332
542.27,0.677527737114659
542.28,0.6907471969623108
542.29,0.5193262305035218
542.3,0.2462555083308887
542.31,0.5180312171335901
542.32,0.6905387598954665
542.33,0.6779196079792947
542.34,0.4680087196965458
542.35,0.25857720425791597
542.36,0.5632486719280894
542.37,0.6992856800268399
542.38,0.6597681410632776
542.39,0.4104342591698221
542.4,0.2945460483301188
542.41,0.6019430238718582
542.42,0.7037960100539261
542.43,0.6353400688841456
542.44,0.35059517893675024
542.45,0.3475691021414867
542.46,0.6339644022728439
542.47,0.7039629596521757
542.48,0.6035010485601887
542.49,0.29607914523007367
542.5,0.40879855937049303
542.51,0.6595629914871552
542.52,0.6995112101330159
542.53,0.5630622753419963
542.54,0.2576562117022657
542.55,0.47035387565449543
542.56,0.6791314210232827
542.57,0.6899589732251951
542.58,0.5131352603973542
542.59,0.2459627210122955
542.6,0.5269503751734701
542.61,0.6930425275825307
542.62,0.6745760558054793
542.63,0.45391691139499774
542.64,0.2659816317033594
542.65,0.5759017122513268
542.66,0.7015510982168952
542.67,0.6523458093253289
542.68,0.38810917991408667
542.69,0.31360005389290385
542.7,0.6163575553764229
542.71,0.7047308027176112
542.72,0.6219578554134835
542.73,0.32279634364403664
542.74,0.37786293396144516
542.75,0.6484821452715426
542.76,0.702425054687788
542.77,0.5819012087431397
542.78,0.2703953672164437
542.79,0.44674350524791034
542.8,0.6728543464551083
542.81,0.6941980654577917
542.82,0.5308138477103435
542.83,0.2458387626745048
542.84,0.5114464442116559
542.85,0.6901045100581357
542.86,0.6792801816418366
542.87,0.4683828458627781
542.88,0.25882715876183965
542.89,0.5673559669973229
542.9,0.7007158511593256
542.91,0.6565141543031354
542.92,0.3971767228184868
542.93,0.3067072676839713
542.94,0.6129649583111239
542.95,0.7049163529130725
542.96,0.6243369811805807
542.97,0.32535894944133054
542.98,0.37598115483796235
542.99,0.6484538866836584
543.0,0.7026086757237183
543.01,0.5808978265226427
543.02,0.26837024526459763
543.03,0.4508899271609444
543.04,0.6746532087901485
543.05,0.6933065891116702
543.06,0.5245535296630855
543.07,0.24500741214669058
543.08,0.5202380433280513
543.09,0.6924521387560535
543.1,0.6760648349416709
543.11,0.4552154106321125
543.12,0.2660318828414719
543.13,0.5786832374235709
543.14,0.7025043891617575
543.15,0.649414302629382
543.16,0.3771314026309587
543.17,0.3250267753285143
543.18,0.6249166486077077
543.19,0.7050848004952082
543.2,0.6113684760460201
543.21,0.30269437161565577
543.22,0.40323732715187954
543.23,0.6595648024450593
543.24,0.7000020450610509
543.25,0.5596965732650224
543.26,0.2532253936217176
543.27,0.4823227334650968
543.28,0.6838251101180544
543.29,0.6865172848490272
543.3,0.49293114970870694
543.31,0.24957164701034049
543.32,0.5514764991927898
543.33,0.6987755802304434
543.34,0.6632566018399841
543.35,0.41294669834271036
543.36,0.29541183960252554
543.37,0.6068693240809732
543.38,0.7050692169330806
543.39,0.6281617517822128
543.4,0.32962923845575426
543.41,0.37315153344544494
543.42,0.6485137378779393
543.43,0.7027926356711037
543.44,0.5786558818835138
543.45,0.264726798639054
543.46,0.45874109987726264
543.47,0.6777985548340567
543.48,0.691367176562321
543.49,0.5125109110038935
543.5,0.24532456259800048
543.51,0.535796475363122
543.52,0.6961926148444096
543.53,0.6694448344071519
543.54,0.43044318462932074
543.55,0.28296905701650493
543.56,0.5977765472062464
543.57,0.7046921491286465
543.58,0.6348290850920286
543.59,0.3415371921039488
543.6,0.3614080661616932
543.61,0.6440530533405614
543.62,0.7035991070231603
543.63,0.5846101063673019
543.64,0.26906980375277173
543.65,0.4519976807836199
543.66,0.6762115937157259
543.67,0.6923973328804732
543.68,0.5160938903628902
543.69,0.24488717176969002
543.7,0.5340538253355037
543.71,0.6960762314943744
543.72,0.6696311401359374
543.73,0.42984610780436283
543.74,0.28399177022665734
543.75,0.5993556534995507
543.76,0.7049020189561714
543.77,0.6328124190116096
543.78,0.3363974388070046
543.79,0.3676541474097828
543.8,0.6471998088443118
543.81,0.7030796978487562
543.82,0.5786087027351215
543.83,0.26338305620503705
543.84,0.4626798444593129
543.85,0.6795426053798416
543.86,0.689987502323386
543.87,0.5041237698871524
543.88,0.24692800434847426
543.89,0.5465124495838017
543.9,0.6985141907982473
543.91,0.6638503187137963
543.92,0.41112440489206686
543.93,0.2988965973080353
543.94,0.6113200746359585
543.95,0.7054738495688263
543.96,0.6216600441506788
543.97,0.31495506633464104
543.98,0.39215398072479773
543.99,0.6572586862959102
544.0,0.7006902103598154
544.01,0.5595792613355035
544.02,0.2513195370637327
544.03,0.4898454955745396
544.04,0.6868393602816294
544.05,0.683175621401127
544.06,0.4751544431011754
544.07,0.25752403704258997
544.08,0.5712942314679625
544.09,0.7023568296054126
544.1,0.6505291333858025
544.11,0.3740647945000246
544.12,0.33186795354450904
544.13,0.6314213249823689
544.14,0.7050150938508084
544.15,0.5989567901349201
544.16,0.2819121717201351
544.17,0.4347919317534221
544.18,0.6719475427119981
544.19,0.6946423993068799
544.2,0.5243192318258401
544.21,0.2443342235228122
544.22,0.5304423999458534
544.23,0.6958639679621783
544.24,0.6695091768241529
544.25,0.42661284313218323
544.26,0.28817461692633195
544.27,0.6044190307810573
544.28,0.7053097543284255
544.29,0.6261942740255482
544.3,0.3213420120549466
544.31,0.38655758681232294
544.32,0.6558038867688698
544.33,0.7009408143902064
544.34,0.5600179497843005
544.35,0.25097189290685784
544.36,0.4922900270547913
544.37,0.6877838551091408
544.38,0.6816939470994655
544.39,0.46795831940258054
544.4,0.26192871647574273
544.41,0.5787464728408788
544.42,0.7033548795379211
544.43,0.6445937360799189
544.44,0.3582664430032208
544.45,0.348586490188332
544.46,0.640304067361897
544.47,0.7039860552187387
544.48,0.5848700144680423
544.49,0.26668799538034793
544.5,0.45994604600478906
544.51,0.6796699821689732
544.52,0.6892430968351034
544.53,0.49792131773405196
544.54,0.24940398724969598
544.55,0.5567605540431562
544.56,0.7005443804929077
544.57,0.6565626668907699
544.58,0.387390911502143
544.59,0.32190180290475257
544.6,0.627184796022443
544.61,0.7051576466540512
544.62,0.6012083253208902
544.63,0.2830422047747493
544.64,0.4356141293187222
544.65,0.6728378283980205
544.66,0.6936358078493089
544.67,0.5176957985894706
544.68,0.24516062184603804
544.69,0.5404123418160266
544.7,0.6979497287402605
544.71,0.6637357904793724
544.72,0.4069332744872375
544.73,0.30567014908471235
544.74,0.6178805177967407
544.75,0.705422305293049
544.76,0.6107178059434413
544.77,0.29493499225098324
544.78,0.42049944917810167
544.79,0.6683035207424477
544.8,0.6958351908565094
544.81,0.5285121533770936
544.82,0.24449166269774744
544.83,0.5310707521904575
544.84,0.6963213350643668
544.85,0.6671262604800354
544.86,0.4165844484670083
544.87,0.29842735938699594
544.88,0.6133884439790392
544.89,0.7053860103059075
544.9,0.6144216660178966
544.91,0.2998580934521472
544.92,0.41507420362278113
544.93,0.666709499173809
544.94,0.6963787630056768
544.95,0.5311630870143023
544.96,0.2445893544124137
544.97,0.5294681065504632
544.98,0.6960663673381299
544.99,0.667229240223767
545.0,0.41641547198641865
545.01,0.29919186059021596
545.02,0.6141777335520462
545.03,0.705310637474891
545.04,0.612732284818469
545.05,0.2970065930967022
545.06,0.41943357324768726
545.07,0.6682692512787527
545.08,0.6954207498530716
545.09,0.5258655879565302
545.1,0.24485249825780567
545.11,0.5357128272850965
545.12,0.6972298047724749
545.13,0.6640727682447207
545.14,0.4064464648303082
545.15,0.3080419805776821
545.16,0.6201508637802551
545.17,0.7051175830374373
545.18,0.6054815315724479
545.19,0.28688519578800775
545.2,0.4334658167297058
545.21,0.6727486457683302
545.22,0.692743562785533
545.23,0.5122413766609717
545.24,0.24690375702014258
545.25,0.5492983749659097
545.26,0.6994928679858136
545.27,0.6572218502528281
545.28,0.3866560663499375
545.29,0.32605492483703297
545.3,0.6306537258133004
545.31,0.7043880572312814
545.32,0.591911240062978
545.33,0.2715331220202154
545.34,0.4567207039577982
545.35,0.6794887907451699
545.36,0.687743815911504
545.37,0.48937124183685043
545.38,0.25446065913669064
545.39,0.5690927733861756
545.4,0.7021902517298673
545.41,0.6457367331885091
545.42,0.3574311269032741
545.43,0.3546216715913967
545.44,0.6445345912486099
545.45,0.7023572176842711
545.46,0.5706324737495921
545.47,0.25528928585847127
545.48,0.48807234084841
545.49,0.687464295272143
545.5,0.6793859580940166
545.51,0.456013171685487
545.52,0.27269992653033237
545.53,0.5933622546517324
545.54,0.7043350395544605
545.55,0.6280809477652735
545.56,0.3206711412025834
545.57,0.3942897659154751
545.58,0.6602526790626904
545.59,0.6978869663027165
545.6,0.5396052047414921
545.61,0.24563996499799404
545.62,0.5254383101609946
545.63,0.6953586108540845
545.64,0.6661053492769928
545.65,0.4112756307271786
545.66,0.306527207199143
545.67,0.6198980194015368
545.68,0.7046279809934185
545.69,0.6019832774250655
545.7,0.28180105301590636
545.71,0.44362489152914364
545.72,0.6760202961299704
545.73,0.6893900049609941
545.74,0.4963165352695617
545.75,0.2528165581527834
545.76,0.5658276334809081
545.77,0.7016244241779823
545.78,0.6456367858603864
545.79,0.3563751659190442
545.8,0.35779649603096225
545.81,0.6462536267119111
545.82,0.7014160558819957
545.83,0.5643187634197808
545.84,0.2521774409628703
545.85,0.4988571158269226
545.86,0.6899342949671012
545.87,0.6746664087596899
545.88,0.43868391419150876
545.89,0.28618240287115376
545.9,0.6057830318395834
545.91,0.7044848148160671
545.92,0.6147635888136699
545.93,0.2983034218749281
545.94,0.4231054271631154
545.95,0.6700082577868213
545.96,0.6925533465119078
545.97,0.5113065714789404
545.98,0.2488254733281656
545.99,0.554725597965448
546.0,0.7000322590853274
546.01,0.6506111508845991
546.02,0.36794618262066475
546.03,0.34773311978993504
546.04,0.6419885076137749
546.05,0.7018214042961582
546.06,0.5691044822107971
546.07,0.2545762505053934
546.08,0.4944297009676579
546.09,0.6889240818262004
546.1,0.6751056267860085
546.11,0.44003820751778605
546.12,0.2862934215929423
546.13,0.6060102785499194
546.14,0.7042062862798446
546.15,0.6127997388494223
546.16,0.2952767321029283
546.17,0.4284351348628117
546.18,0.671689668695032
546.19,0.6908847168362044
546.2,0.503554938611502
546.21,0.25172250056131074
546.22,0.5625468580467706
546.23,0.7008916434480472
546.24,0.6448472617969045
546.25,0.3539060522681467
546.26,0.3630344482815673
546.27,0.6487131383058921
546.28,0.6999096672093394
546.29,0.5552520771049128
546.3,0.24938398010438886
546.31,0.5127932681758163
546.32,0.6927074125929269
546.33,0.6677496568343787
546.34,0.41560348469463815
546.35,0.3065609519469216
546.36,0.6204020385600435
546.37,0.7036074677106386
546.38,0.5956447567929185
546.39,0.27457439190269084
546.4,0.459001110610779
546.41,0.6802810796063012
546.42,0.6835776414882421
546.43,0.4719184227158561
546.44,0.2669478426349084
546.45,0.5873410970968403
546.46,0.7030309436254844
546.47,0.6264902550767568
546.48,0.3166847984771886
546.49,0.40457932461499396
546.5,0.6641518949283777
546.51,0.6939342449298971
546.52,0.5196649011423479
546.53,0.24861578298020282
546.54,0.5504199220986814
546.55,0.6989890466571129
546.56,0.6496759042361396
546.57,0.36518043647058523
546.58,0.35374795751875543
546.59,0.6448568299782161
546.6,0.7000432284828646
546.61,0.5585681025479474
546.62,0.2508879023019325
546.63,0.5109053456445923
546.64,0.6921431539590182
546.65,0.6668454472139346
546.66,0.4127926095983377
546.67,0.3106895848893949
546.68,0.6229916519473028
546.69,0.702851033530934
546.7,0.5895724214687511
546.71,0.2690357416619639
546.72,0.47042058326457015
546.73,0.683074914056296
546.74,0.6793305286944982
546.75,0.4557123436803054
546.76,0.27847462465113254
546.77,0.5992459085264508
546.78,0.7031111010326841
546.79,0.6139576594701783
546.8,0.29680782740785217
546.81,0.430806525399971
546.82,0.6723313647072532
546.83,0.6881852357325731
546.84,0.492535231053221
546.85,0.258283701879214
546.86,0.5744088513898371
546.87,0.701445877494041
546.88,0.6329615402894395
546.89,0.3285828433456171
546.9,0.393879720863266
546.91,0.6604514411250605
546.92,0.6942434924621864
546.93,0.5231826388660252
546.94,0.24931921065843748
546.95,0.5493453302864282
546.96,0.6983892175590691
546.97,0.6476524724586843
546.98,0.3603255999163709
546.99,0.3611518537952332
547.0,0.6479768481748083
547.01,0.6981717569840847
547.02,0.5481749504189466
547.03,0.24936122111503753
547.04,0.5249461161398518
547.05,0.6944131565839902
547.06,0.6589088076947383
547.07,0.38959655537948024
547.08,0.33360440111361356
547.09,0.6354500274365033
547.1,0.7005098573432349
547.11,0.5682283548519271
547.12,0.2555813514769685
547.13,0.5020638584023746
547.14,0.689942673696991
547.15,0.6674363831180005
547.16,0.4151553174099533
547.17,0.31159444416982635
547.18,0.6234023788665094
547.19,0.7016999370910356
547.2,0.584058893835185
547.21,0.26522794953202034
547.22,0.48145057296698773
547.23,0.6853615115064372
547.24,0.6737952879695305
547.25,0.4365214697321185
547.26,0.29491093418541425
547.27,0.6123364937350616
547.28,0.7021055769664077
547.29,0.5962993666724606
547.3,0.2760130211497215
547.31,0.4637122636142923
547.32,0.6810116909680966
547.33,0.6784248500710709
547.34,0.45363409027382307
547.35,0.2829416488159971
547.36,0.6027063866168106
547.37,0.7020234863606506
547.38,0.6054714943083458
547.39,0.28622959274684406
547.4,0.449290459714839
547.41,0.6771890410938065
547.42,0.6816635532613349
547.43,0.4666271482034304
547.44,0.2748830507879375
547.45,0.5948992444584732
547.46,0.7016899348551212
547.47,0.6119824324185462
547.48,0.2947075197739817
547.49,0.438471454478887
547.5,0.6741367614873834
547.51,0.6837636353932317
547.52,0.4756948564839075
547.53,0.26993382981076103
547.54,0.5892210584856369
547.55,0.701283736272586
547.56,0.616130289951491
547.57,0.300707000295867
547.58,0.4314156440388155
547.59,0.6720386907096787
547.6,0.6849011379815593
547.61,0.4810163669591607
547.62,0.2674404093159245
547.63,0.585887028656256
547.64,0.7009272268496536
547.65,0.6181115032694647
547.66,0.30381139649376787
547.67,0.4281945733528734
547.68,0.6710135595671785
547.69,0.6851823645797473
547.7,0.4827165516717488
547.71,0.26698853682447543
547.72,0.5850163436825678
547.73,0.700686319105922
547.74,0.6180269620981917
547.75,0.30384844598159827
547.76,0.42882295020491845
547.77,0.6711111007719219
547.78,0.6846475582892592
547.79,0.48084821124800087
547.8,0.26844886934818285
547.81,0.5866302652276308
547.82,0.7005703630101965
547.83,0.6158856791404238
547.84,0.3008500928814836
547.85,0.43327603526333963
547.86,0.6723105076476001
547.87,0.6832723390331383
547.88,0.4753879905958232
547.89,0.27198615887436844
547.9,0.5906525173425531
547.91,0.7005322030976648
547.92,0.6116056573331908
547.93,0.2950529321848314
547.94,0.4414878664418536
547.95,0.6745214038832809
547.96,0.6809671321875914
547.97,0.4662436373171593
547.98,0.27803599753808644
547.99,0.596911615281579
548.0,0.7004684837086693
548.01,0.6050120591165276
548.02,0.28693805071675443
548.03,0.4533314100406434
548.04,0.6775871927414784
548.05,0.6775745084654522
548.06,0.4532749339786187
548.07,0.2872455936551126
548.08,0.6051455470883038
548.09,0.7002199250432327
548.1,0.5958332284638207
548.11,0.27730558063726607
548.12,0.4685870474327582
548.13,0.6812903630275078
548.14,0.6728640644868493
548.15,0.43633569530449895
548.16,0.3003708670375699
548.17,0.6150096850394018
548.18,0.6995709712834777
548.19,0.5836959517197728
548.2,0.2673705643721766
548.21,0.4869098989766619
548.22,0.6853590147353673
548.23,0.666524239091901
548.24,0.41535040622982045
548.25,0.3181260957647494
548.26,0.6260886343766012
548.27,0.6982478986719498
548.28,0.5681231254304148
548.29,0.25884823866740664
548.3,0.507808160543
548.31,0.6894735254028797
548.32,0.6581503608761682
548.33,0.39044614523241605
548.34,0.3409975232164247
548.35,0.6379118802783259
548.36,0.6959141662464972
548.37,0.5485406881308447
548.38,0.25396768041048184
548.39,0.5306427067719105
548.4,0.6932719363106165
548.41,0.6472284407420481
548.42,0.36216519067449493
548.43,0.36905626866942215
548.44,0.6499718287748661
548.45,0.6921614993674657
548.46,0.5243079069746158
548.47,0.2553239595104212
548.48,0.554652451533543
548.49,0.6963523293363956
548.5,0.6331151866373181
548.51,0.33177586354468164
548.52,0.40182680162649187
548.53,0.6617415997426762
548.54,0.6864949435310711
548.55,0.49479838013378014
548.56,0.2654835422071058
548.57,0.5790018655066618
548.58,0.6982702077666005
548.59,0.615017385578395
548.6,0.30165584473403906
548.61,0.43826696917529856
548.62,0.6726891446469507
548.63,0.6783100184875
548.64,0.45958094428670937
548.65,0.2863436715253382
548.66,0.6028396596292408
548.67,0.6985286644178308
548.68,0.591980257307469
548.69,0.2756105889311161
548.7,0.4768830914319143
548.71,0.6822841289807289
548.72,0.6668604680264033
548.73,0.4187780081888015
548.74,0.3184243658493974
548.75,0.6253539971172346
548.76,0.696558867429784
548.77,0.562908899794576
548.78,0.25880640279676276
548.79,0.515950146445736
548.8,0.6899944159559926
548.81,0.6512168445717118
548.82,0.373691867809374
548.83,0.36043727806702636
548.84,0.6458109191829957
548.85,0.6916881065856882
548.86,0.5266773040461132
548.87,0.2568758106776163
548.88,0.5537636943018605
548.89,0.6952695364555403
548.9,0.630221615631207
548.91,0.32771244285599577
548.92,0.4094358591963405
548.93,0.6635676831932092
548.94,0.6830925348585831
548.95,0.4824361412656025
548.96,0.27402997276287
548.97,0.5888438473192512
548.98,0.6975087793932726
548.99,0.6024612484256777
549.0,0.28719896942009976
549.01,0.461540999729811
549.02,0.678058581735848
549.03,0.6697327167135938
549.04,0.43031325183642016
549.05,0.3108976351377921
549.06,0.6200421084364548
549.07,0.696011188930578
549.08,0.5663123646155581
549.09,0.26137413388308833
549.1,0.5128858537111983
549.11,0.6887548640368945
549.12,0.6502749547296125
549.13,0.3727398635217718
549.14,0.36361833813516853
549.15,0.6465450674911791
549.16,0.689903956942073
549.17,0.5202015289426789
549.18,0.2598360854123276
549.19,0.560343616360356
549.2,0.695101295612964
549.21,0.623017821195963
549.22,0.31634892882087035
549.23,0.4251378571262605
549.24,0.6677993838976628
549.25,0.678045665460557
549.26,0.4633747184124072
549.27,0.2876586800528901
549.28,0.6018195230586976
549.29,0.6964298410207003
549.3,0.5858909700116586
549.31,0.27323135457324554
549.32,0.48785254167708325
549.33,0.6833906259605196
549.34,0.6589056698927769
549.35,0.3976569110053645
549.36,0.34143923006700677
549.37,0.6361598237775535
549.38,0.6918472531602355
549.39,0.5367159109827224
549.4,0.25850157603938817
549.41,0.545798559943961
549.42,0.6928997336498883
549.43,0.6304428568434934
549.44,0.3304717707870884
549.45,0.4104943723555525
549.46,0.6628569857641503
549.47,0.6800908293117285
549.48,0.47418493431231123
549.49,0.2821216987330461
549.5,0.5954146685011427
549.51,0.6957452939809093
549.52,0.5900799869083747
549.53,0.2775497058655063
549.54,0.4824082940855924
549.55,0.6817075350534509
549.56,0.6593527446101424
549.57,0.40039305854753854
549.58,0.34051279562282827
549.59,0.6351591355575155
549.6,0.6910053890523625
549.61,0.535076372998845
549.62,0.2598242023131539
549.63,0.5478918116826175
549.64,0.6924986475673254
549.65,0.6271110737340051
549.66,0.3254825619132211
549.67,0.41799242399351244
549.68,0.6646981165601505
549.69,0.6772057676382066
549.7,0.46407927232956775
549.71,0.2900604926523381
549.72,0.6021153405912602
549.73,0.694730729608213
549.74,0.5801424147983342
549.75,0.27145017749626654
549.76,0.496995625358955
549.77,0.6841450837716547
549.78,0.6520757369418991
549.79,0.3812774196323249
549.8,0.360155169144045
549.81,0.6435672510930575
549.82,0.6873459744848426
549.83,0.5152959769425356
549.84,0.26498188337688466
549.85,0.5659414869519309
549.86,0.6934917155026151
549.87,0.612359038126847
549.88,0.3035028141774977
549.89,0.4469488183962441
549.9,0.6723727080256141
549.91,0.6684284741477764
549.92,0.4325176315479646
549.93,0.31517316552861113
549.94,0.6200659285838448
549.95,0.6921823167800875
549.96,0.5540788824064317
549.97,0.2625516283060458
549.98,0.5292194757332356
549.99,0.6890100450926759
550.0,0.6348959829797868
550.01,0.3423150131003279
550.02,0.40192407902613836
550.03,0.6587190170753725
550.04,0.6787327283869381
550.05,0.47455451791135367
550.06,0.2856374900874415
550.07,0.5960397383947275
550.08,0.6935015861836277
550.09,0.5824447553483115
550.1,0.2748113642853131
550.11,0.49461311262790214
550.12,0.6827094995211451
550.13,0.6503350040733252
550.14,0.37906720647498365
550.15,0.36496848770321777
550.16,0.6446426965831582
550.17,0.68486252401981
550.18,0.5068296673694437
550.19,0.27008013755107785
550.2,0.5733385895044386
550.21,0.6926779220211593
550.22,0.6025945972666278
550.23,0.29335104558411573
550.24,0.4644603566455775
550.25,0.6758114105350015
550.26,0.6606104936479245
550.27,0.4095648148611729
550.28,0.33735748264582593
550.29,0.631506943706183
550.3,0.688193034338284
550.31,0.5303072953983105
550.32,0.26453136426655427
550.33,0.5536567258714993
550.34,0.6907889913579688
550.35,0.6163547985319624
550.36,0.3119247864509742
550.37,0.4404469132034655
550.38,0.669357339510743
550.39,0.6671182279218428
550.4,0.43240313245437123
550.41,0.3187247874244704
550.42,0.6205127739745602
550.43,0.6897281690221215
550.44,0.5462402730692986
550.45,0.2645347760942717
550.46,0.5383781341903928
550.47,0.6886677818976715
550.48,0.6250770165495569
550.49,0.32677862319517903
550.5,0.4235160357473361
550.51,0.6641900307119691
550.52,0.6708268787094002
550.53,0.44745284295226495
550.54,0.30777343530654
550.55,0.6126190830074512
550.56,0.690173556099651
550.57,0.555687208896614
550.58,0.2664782497732241
550.59,0.5284845010986773
550.6,0.6869163328314576
550.61,0.6296706521697959
550.62,0.3359973919741298
550.63,0.4140191662162196
550.64,0.6609179465715724
550.65,0.6723567568497781
550.66,0.4549881156628003
550.67,0.3031077708430008
550.68,0.6084768481371854
550.69,0.6899732114438497
550.7,0.5593573991553529
550.71,0.26809714653861516
550.72,0.5245375375149722
550.73,0.6859017843365038
550.74,0.630654184071584
550.75,0.3387950446363303
550.76,0.4119799822634713
550.77,0.6598820401371244
550.78,0.6720267602757286
550.79,0.45527092278517484
550.8,0.30384738413812806
550.81,0.6083898500337682
550.82,0.6893255468518588
550.83,0.5575766293283074
550.84,0.2685187992801507
550.85,0.5267049590998507
550.86,0.6857489695777984
550.87,0.6281919106697506
550.88,0.33507640998378435
550.89,0.417311892763521
550.9,0.6611361085416767
550.91,0.6698772355945066
550.92,0.4483965329826097
550.93,0.3099153875177543
550.94,0.6123016357781953
550.95,0.6881890749705168
550.96,0.5502896654359373
550.97,0.26819739280007326
550.98,0.5347866524265797
550.99,0.686337772898615
551.0,0.6221090862286021
551.01,0.32531667612015885
551.02,0.4298823393418638
551.03,0.6644455482620237
551.04,0.6656744511721747
551.05,0.43430042299764793
551.06,0.32201374909016606
551.07,0.6198041360113598
551.08,0.6862825601311177
551.09,0.5370749409787006
551.1,0.2688828162770122
551.11,0.5482177274672372
551.12,0.6873077705567547
551.13,0.6118860704593811
551.14,0.31074204478962564
551.15,0.44940316563056404
551.16,0.6693043560893422
551.17,0.6588982453600152
551.18,0.41291830194717866
551.19,0.3413049470530852
551.2,0.6301660643093004
551.21,0.6830789497662713
551.22,0.5171828604211318
551.23,0.2735547004042586
551.24,0.5660599332484834
551.25,0.6880673141246189
551.26,0.5966360419887623
551.27,0.293782594446915
551.28,0.47521058534106225
551.29,0.6749660431030928
551.3,0.6487105958834297
551.31,0.3845735577838494
551.32,0.3688233102660238
551.33,0.642381908641245
551.34,0.6777873831246556
551.35,0.48965098863913736
551.36,0.28607000250690107
551.37,0.5870170178691744
551.38,0.6877991570678329
551.39,0.5750811645772529
551.4,0.27866772998672734
551.41,0.5060613545170345
551.42,0.6804794928470144
551.43,0.6339015973714491
551.44,0.35073536178322856
551.45,0.40473874372574986
551.46,0.6552385626862993
551.47,0.6693132718641145
551.48,0.4536254548132027
551.49,0.31020898896952903
551.5,0.6095052246989402
551.51,0.6854499522378248
551.52,0.5455742545169407
551.53,0.2717238542027172
551.54,0.5400819997120078
551.55,0.6847154039815497
551.56,0.6128160163633558
551.57,0.315257562854225
551.58,0.4477709575346469
551.59,0.6673861238197618
551.6,0.6561842246366808
551.61,0.4091512579078717
551.62,0.34808941855657327
551.63,0.6317777424992377
551.64,0.6796866933301701
551.65,0.5062996797848072
551.66,0.28047876618239
551.67,0.5749362017799151
551.68,0.6863637387845518
551.69,0.5832937741058529
551.7,0.28578734079651746
551.71,0.49511718274606487
551.72,0.6773878288719422
551.73,0.6364344421519866
551.74,0.3588297072754427
551.75,0.39863410737876004
551.76,0.6520621606702968
551.77,0.6688004784629037
551.78,0.4559878902663568
551.79,0.31077985833754934
551.8,0.6081472276502591
551.81,0.6838785771438463
551.82,0.5427543496857035
551.83,0.27385426842227034
551.84,0.5430174758933004
551.85,0.6837177799197398
551.86,0.6074695204876261
551.87,0.3104718927171392
551.88,0.45728858746038764
551.89,0.6686489607298165
551.9,0.6505416496010874
551.91,0.3958215797438867
551.92,0.36289677662050196
551.93,0.6374157195922053
551.94,0.6753445064283659
551.95,0.48881990779408274
551.96,0.29101272996898647
551.97,0.5876563518878593
551.98,0.6846750415091819
551.99,0.5660429791851745
552.0,0.279086992717094
552.01,0.5175027624877183
552.02,0.6798763522371173
552.03,0.6219006789233479
552.04,0.33328963623299324
552.05,0.42996734892979444
552.06,0.6607782851966857
552.07,0.6582421835532992
552.08,0.4214470320530301
552.09,0.3409437292739068
552.1,0.6258876301275467
552.11,0.6781847119957467
552.12,0.5088199779477542
552.13,0.28303485602049044
552.14,0.5729901363758381
552.15,0.6839780317408332
552.16,0.5789807516976866
552.17,0.28658568815192337
552.18,0.5010017190839468
552.19,0.6765359629955966
552.2,0.6291251805975469
552.21,0.3480807877529447
552.22,0.41452393554753625
552.23,0.6554569196728098
552.24,0.6614613512516716
552.25,0.4348743174496764
552.26,0.3309405125839979
552.27,0.6192371422605724
552.28,0.6787736164484998
552.29,0.5175751749632012
552.3,0.28136766911475924
552.31,0.5659079138102153
552.32,0.6829595343114556
552.33,0.5833934697632849
552.34,0.29081239267069536
552.35,0.4948678241171143
552.36,0.6747305616408327
552.37,0.6305534182077873
552.38,0.3525879610290814
552.39,0.41107811255372523
552.4,0.6536558275418058
552.41,0.6611843569606665
552.42,0.43637506239231544
552.43,0.3310859096894191
552.44,0.6183654270110837
552.45,0.6777956237860974
552.46,0.516031495408727
552.47,0.28316578988745916
552.48,0.5671251407290331
552.49,0.6821053175482445
552.5,0.5800415070803169
552.51,0.2899677841072209
552.52,0.49940891795927606
552.53,0.6747963407877092
552.54,0.6266150170093363
552.55,0.34656260828166946
552.56,0.4193876139577288
552.57,0.6555550038798031
552.58,0.6575759515194589
552.59,0.4262182845805726
552.6,0.3409920899724466
552.61,0.6232388533939686
552.62,0.6752226314533147
552.63,0.504250480431218
552.64,0.2888599456662927
552.65,0.576321432507833
552.66,0.681223392515603
552.67,0.5686630401602355
552.68,0.28545688874767894
552.69,0.5140670308852473
552.7,0.6763586280598399
552.71,0.6168210615076137
552.72,0.33123504581380836
552.73,0.4391443356327439
552.74,0.6605358151484775
552.75,0.6500080728430814
552.76,0.40460897956330955
552.77,0.36174647482109185
552.78,0.6329110262253996
552.79,0.6703185382389457
552.8,0.4815019562989783
552.81,0.3018655040301457
552.82,0.5921868767121629
552.83,0.6794481537450979
552.84,0.5480178752105334
552.85,0.281969058933806
552.86,0.53737286977692
552.87,0.6783580848547891
552.88,0.5997419687140859
552.89,0.31008143568744706
552.9,0.4695147786924283
552.91,0.667247594795378
552.92,0.6370089219466518
552.93,0.3725330893770193
552.94,0.3947454985144633
552.95,0.6456304002600933
552.96,0.6615951625050351
552.97,0.44674696327541785
552.98,0.32731283056859245
552.99,0.612511121790049
553.0,0.6752295120452981
553.01,0.5160182196789259
553.02,0.28757662093169106
553.03,0.566809546026935
553.04,0.6790933205352955
553.05,0.5729429150792066
553.06,0.29058805962421663
553.07,0.5083446827599696
553.08,0.6737180399420747
553.09,0.6161316881627209
553.1,0.33388618265154557
553.11,0.4397652491395428
553.12,0.6590170764025929
553.13,0.6466896845283158
553.14,0.4000681991154638
553.15,0.36927565697793446
553.16,0.6343818956072852
553.17,0.6662595569946655
553.18,0.47033260526590454
553.19,0.31199746514239757
553.2,0.5988893085389894
553.21,0.6762201830752043
553.22,0.5330548571675643
553.23,0.2855205065611982
553.24,0.5517742763324583
553.25,0.6774412257553833
553.26,0.5837822781171031
553.27,0.29903569309456063
553.28,0.4934302012288713
553.29,0.6702520920590136
553.3,0.6221283080908065
553.31,0.3461790743385967
553.32,0.42716456297784605
553.33,0.6544864752914585
553.34,0.649264270346468
553.35,0.41055374483612317
553.36,0.3613146479224815
553.37,0.6295773441425758
553.38,0.666615645744891
553.39,0.47665168425117543
553.4,0.3096769661835623
553.41,0.5947523128617959
553.42,0.6753375312964626
553.43,0.5353048027905712
553.44,0.2870377704841136
553.45,0.5494523964912865
553.46,0.6761571803208584
553.47,0.5830464096150578
553.48,0.300413441144172
553.49,0.49416260627814934
553.5,0.6693605162698678
553.51,0.6196122757251443
553.52,0.34403279125683456
553.53,0.4317921174830683
553.54,0.654832143478773
553.55,0.6460023261036438
553.56,0.4039450103044032
553.57,0.369284090469551
553.58,0.6321329160183297
553.59,0.6634521987445137
553.6,0.46660561294491937
553.61,0.3180234193626212
553.62,0.6006485556414841
553.63,0.6730000321185822
553.64,0.5234907004712087
553.65,0.2907829708085035
553.66,0.5598894126954913
553.67,0.675345795786074
553.68,0.570952915817588
553.69,0.29519194636509555
553.7,0.5100636133359187
553.71,0.6708321790527018
553.72,0.6083269439121266
553.73,0.3288316980609258
553.74,0.4530288470062447
553.75,0.6594720544147897
553.76,0.6362821137425191
553.77,0.3811639450101002
553.78,0.39350071898026084
553.79,0.6410022198613455
553.8,0.655863813849983
553.81,0.4400043382524448
553.82,0.33977922754134404
553.83,0.6149769191994527
553.84,0.6680469731635574
553.85,0.49637942699033255
553.86,0.3025330779980457
553.87,0.5809430258947595
553.88,0.6735671078831892
553.89,0.5455593399318446
553.9,0.2907530536775619
553.91,0.5387660604665873
553.92,0.6728782785542697
553.93,0.5859272768109987
553.94,0.3069183277286754
553.95,0.48918580091328695
553.96,0.6661628059564875
553.97,0.6175479163293863
553.98,0.3456369494559489
553.99,0.43461456968360523
554.0,0.6533634021157316
554.01,0.6411669319405259
554.02,0.3970748551228033
554.03,0.3799481684206165
554.04,0.6342346890147402
554.05,0.6576685754528058
554.06,0.45174021703710193
554.07,0.33271027497084477
554.08,0.6084290838045027
554.09,0.6678296917365526
554.1,0.5031374175577136
554.11,0.3015790465595999
554.12,0.5756480292079593
554.13,0.6722295538718709
554.14,0.5479439659948403
554.15,0.2931408833752385
554.16,0.5359029240428951
554.17,0.6712315729052618
554.18,0.5850561427778896
554.19,0.30867253129351585
554.2,0.48992788312309676
554.21,0.6649954105834874
554.22,0.61457564483378
554.23,0.3435953031303168
554.24,0.43973488787582854
554.25,0.6535032708106399
554.26,0.6371118217528524
554.27,0.39004191437395824
554.28,0.3891515474642357
554.29,0.6365988366891842
554.3,0.6533927621513235
554.31,0.44025048997667404
554.32,0.3439318485824763
554.33,0.6140472570444147
554.34,0.6640797784392688
554.35,0.4885850636208794
554.36,0.31087946478954437
554.37,0.585632916226001
554.38,0.6696937864913286
554.39,0.5318566926431592
554.4,0.29580477851386416
554.41,0.5513183786869992
554.42,0.6705965389016166
554.43,0.5687417833875066
554.44,0.30117670767572147
554.45,0.5114878544789765
554.46,0.6669965655562906
554.47,0.5990421610305073
554.48,0.3250686542880692
554.49,0.4672789250790418
554.5,0.6589662744907602
554.51,0.6231152803686488
554.52,0.36220631196151054
554.53,0.42094689501531146
554.54,0.6464662965093233
554.55,0.6415219641256665
554.56,0.4062338108593659
554.57,0.37609597519968463
554.58,0.629379100728883
554.59,0.654837909500494
554.6,0.45165888103199464
554.61,0.3374956497591892
554.62,0.6075582155089366
554.63,0.6635656992918116
554.64,0.49470961661389934
554.65,0.31022799056482286
554.66,0.5809028170393975
554.67,0.668101583448682
554.68,0.5332873913777124
554.69,0.2982528629594744
554.7,0.5494692523160707
554.71,0.6687296257307114
554.72,0.566521830621514
554.73,0.30302384069134075
554.74,0.5136283737212106
554.75,0.6656286552225109
554.76,0.594293347947355
554.77,0.32299738110859133
554.78,0.4742648039935542
554.79,0.6588852991914397
554.8,0.6168708359411884
554.81,0.35434757387514393
554.82,0.43298444700597394
554.83,0.6485109618428679
554.84,0.6346808234689213
554.85,0.39237117048190634
554.86,0.3922481735176539
554.87,0.6344633983330927
554.88,0.6481771367902789
554.89,0.4327628835803958
554.9,0.3553014152198326
554.91,0.6166753962148696
554.92,0.6577752321600563
554.93,0.47229543354349
554.94,0.32577338503251707
554.95,0.5950943880073408
554.96,0.663824072481949
554.97,0.508928205818032
554.98,0.3069386212482309
554.99,0.5697374571148519
555.0,0.6665982124133405
555.01,0.541596179912341
555.02,0.30085743276955484
555.03,0.5407654796216264
555.04,0.6663000841883083
555.05,0.5699089558982244
555.06,0.3077848749385526
555.07,0.5085767330394589
555.08,0.6630672019270109
555.09,0.593884037931674
555.1,0.3261598218842086
555.11,0.4739124164144895
555.12,0.6569818479070462
555.13,0.6137533295583245
555.14,0.3531619420544592
555.15,0.43795295198461276
555.16,0.6480824787953771
555.17,0.6298388557081792
555.18,0.3855205288381712
555.19,0.4023664639934068
555.2,0.6363770871994008
555.21,0.6424801010117815
555.22,0.42021125467365705
555.23,0.36925763367845926
555.24,0.6218593615508828
555.25,0.6519953838105956
555.26,0.4548502297725195
555.27,0.3409718018282114
555.28,0.6045288305716859
555.29,0.6586639587055997
555.3,0.4877944099759223
555.31,0.31975103422678053
555.32,0.5844162516069042
555.33,0.6627199939516792
555.34,0.5180572281681377
555.35,0.3073121886940614
555.36,0.5616151797257843
555.37,0.664352983165573
555.38,0.5451506379195276
555.39,0.30448397443209485
555.4,0.5363197086665773
555.41,0.6637114516132553
555.42,0.5689250634589103
555.43,0.3110450776415769
555.44,0.5088665281703062
555.45,0.660908264543475
555.46,0.5894390601653773
555.47,0.3258265572973574
555.48,0.47977650249700443
555.49,0.6560267180922422
555.5,0.6068654695661191
555.51,0.3470241745614217
555.52,0.449787125751004
555.53,0.6491271048493452
555.54,0.6214293846586031
555.55,0.37258839733942656
555.56,0.4198633860052656
555.57,0.6402537365252757
555.58,0.6333699662332788
555.59,0.40056215572505355
555.6,0.3911727581231933
555.61,0.6294425586852975
555.62,0.6429186319042002
555.63,0.4292957362962873
555.64,0.3650129940390762
555.65,0.6167295510811319
555.66,0.6502878208006923
555.67,0.4575337741326632
555.68,0.3426912458733014
555.69,0.6021600886833421
555.7,0.6556662658791743
555.71,0.4844081705474277
555.72,0.325369079331861
555.73,0.5857993422114509
555.74,0.6592180921465552
555.75,0.5093796220142093
555.76,0.31390467608550726
555.77,0.5677436124242956
555.78,0.661084051210629
555.79,0.5321617381935816
555.8,0.30873213589663134
555.81,0.548132208668345
555.82,0.6613838683717496
555.83,0.5526482543301562
555.84,0.3098112353813912
555.85,0.5271590981132268
555.86,0.6602191059109049
555.87,0.5708526138858969
555.88,0.31665999465524225
555.89,0.5050830959313869
555.9,0.6576762116249947
555.91,0.5868621215492028
555.92,0.32845646641240883
555.93,0.4822349059769562
555.94,0.6538295806788386
555.95,0.600805323705163
555.96,0.34417766365687236
555.97,0.4590189847138311
555.98,0.6487445500525667
555.99,0.61282999249773
556.0,0.3627395592576024
556.01,0.4359081600234352
556.02,0.6424802929563121
556.03,0.6230889956495905
556.04,0.3831109807302355
556.05,0.41342938036665616
556.06,0.6350926014011534
556.07,0.6317317340594051
556.08,0.4043887562242746
556.09,0.39214002056130737
556.1,0.6266365486006997
556.11,0.6388993572759936
556.12,0.42583445736187414
556.13,0.3725957918241471
556.14,0.6171690149549067
556.15,0.6447224540847478
556.16,0.4468808532756976
556.17,0.35531321999399673
556.18,0.6067510466843369
556.19,0.64932030886428
556.2,0.46711865911828215
556.21,0.3407313641686382
556.22,0.5954499973923214
556.23,0.6528011073470966
556.24,0.48627312025368696
556.25,0.3291783507076546
556.26,0.5833413831937224
556.27,0.6552626846646697
556.28,0.5041774246295379
556.29,0.320847952511089
556.3,0.5705103642819002
556.31,0.6567935524015471
556.32,0.5207472618933823
556.33,0.3157897904670209
556.34,0.5570527539735188
556.35,0.6574740385191771
556.36,0.535958715165351
556.37,0.31391418526750386
556.38,0.5430754523094472
556.39,0.657377437681606
556.4,0.5498302344327116
556.41,0.31500998610566894
556.42,0.5286962104721258
556.43,0.6565711109477413
556.44,0.5624086060091934
556.45,0.31877161318768726
556.46,0.5140426551735886
556.47,0.6551174999526803
556.48,0.5737584265053568
556.49,0.32483055935710103
556.5,0.4992505412465964
556.51,0.6530750371094177
556.52,0.5839544515250273
556.53,0.33278676482680225
556.54,0.4844612531366415
556.55,0.6504989432579023
556.56,0.593076196726811
556.57,0.34223630942757305
556.58,0.4698186389367617
556.59,0.6474419102547709
556.6,0.6012042450989727
556.61,0.3527932926007238
556.62,0.45546532615720153
556.63,0.6439546695439948
556.64,0.6084178120634649
556.65,0.3641051604284601
556.66,0.44153872868285055
556.67,0.6400864499076367
556.68,0.6147932165505718
556.69,0.3758618116765871
556.7,0.4281669987875928
556.71,0.6358853291386076
556.72,0.6204029901304713
556.73,0.3877994732451843
556.74,0.4154651996666071
556.75,0.6313984854860509
556.76,0.6253154250016791
556.77,0.3997006105441497
556.78,0.4035319654759783
556.79,0.6266723557801662
556.8,0.6295944159190384
556.81,0.4113911338390945
556.82,0.3924468799395332
556.83,0.6217527082912915
556.84,0.6332994916386964
556.85,0.4227359913180857
556.86,0.38226874058855304
556.87,0.6166846393436562
556.88,0.6364859624279972
556.89,0.43363400060960494
556.9,0.3730347972765429
556.91,0.6115125039352816
556.92,0.639205132594349
556.93,0.4440125257719877
556.94,0.36476096734907565
556.95,0.6062797914253996
556.96,0.64150454306845
556.97,0.4538223947501532
556.98,0.35744295064705145
556.99,0.6010289583629254
557.0,0.6434282209941597
557.01,0.4630332840365306
557.02,0.35105810236799095
557.03,0.5958012306389904
557.04,0.6450169213847979
557.05,0.4716296770483375
557.06,0.3455678793476717
557.07,0.590636387630885
557.08,0.6463083518850425
557.09,0.4796074202245588
557.1,0.34092065577683467
557.11,0.5855725404288973
557.12,0.6473373756015799
557.13,0.4869708514290548
557.14,0.33705470818053873
557.15,0.5806459153765827
557.16,0.6481361898646606
557.17,0.49373044707975333
557.18,0.33390119016043257
557.19,0.5758906530274392
557.2,0.6487344805890344
557.21,0.4999009225783123
557.22,0.3313869512037769
557.23,0.5713386309300054
557.24,0.6491595531971949
557.25,0.5054997180206258
557.26,0.32943709268958976
557.27,0.5670193163987474
557.28,0.649436441782329
557.29,0.5105458049544603
557.3,0.32797719391193647
557.31,0.5629596538605787
557.32,0.6495879986884587
557.33,0.5150587559909637
557.34,0.3269351769330679
557.35,0.5591839883273796
557.36,0.649634966868474
557.37,0.5190580266962632
557.38,0.3262428086637489
557.39,0.5557140251525876
557.4,0.6495960374687488
557.41,0.52256240778001
557.42,0.3258368609991693
557.43,0.5525688235690231
557.44,0.6494878950001132
557.45,0.525589611610924
557.46,0.32565996499637123
557.47,0.549764820408716
557.48,0.6493252523606154
557.49,0.5281559647868652
557.5,0.32566120345303473
557.51,0.5473158786126047
557.52,0.6491208777423835
557.53,0.5302761834965452
557.54,0.3257964894299721
557.55,0.545233354482393
557.56,0.6488856152869298
557.57,0.5319632134883251
557.58,0.3260287772537037
557.59,0.5435261771183507
557.6,0.6486284010713449
557.61,0.5332281203542857
557.62,0.32632814865329357
557.63,0.5422009335872429
557.64,0.6483562757888657
557.65,0.534080019495146
557.66,0.32667181097954057
557.67,0.5412619533183289
557.68,0.6480743952228495
557.69,0.534526037391926
557.7,0.3270440377394895
557.71,0.5407113865239216
557.72,0.647786039374296
557.73,0.5345712986525828
557.74,0.3274360745016718
557.75,0.5405492721441115
557.76,0.6474926208581168
557.77,0.5342189353102462
557.78,0.32784602602955787
557.79,0.5407735917834584
557.8,0.6471936929614569
557.81,0.5334701161027291
557.82,0.32827873343014546
557.83,0.5413803080734331
557.84,0.6468869575282539
557.85,0.5323240956523652
557.86,0.3287456433807827
557.87,0.5423633867211592
557.88,0.6465682726315588
557.89,0.5307782846806542
557.9,0.32926466503185275
557.91,0.543714803040608
557.92,0.6462316597983346
557.93,0.5288283439954944
557.94,0.3298600041972083
557.95,0.5454245352788994
557.96,0.6458693103641973
557.97,0.5264683067082848
557.98,0.3305619588055385
557.99,0.5474805477870053
558.0,0.6454715903617295
558.01,0.523690734524206
558.02,0.33140665455813334
558.03,0.5498687680711423
558.04,0.6450270431982217
558.05,0.5204869165000372
558.06,0.3324356955400779
558.07,0.5525730627614291
558.08,0.6445223892253166
558.09,0.5168471202866254
558.1,0.3336957013164798
558.11,0.5555752172019014
558.12,0.6439425212016351
558.13,0.5127609086513564
558.14,0.33523770058476554
558.15,0.5588549238162056
558.16,0.6432704945543261
558.17,0.5082175369698776
558.18,0.33711635179250116
558.19,0.5623897840471004
558.2,0.6424875113141487
558.21,0.5032064503319665
558.22,0.3393889645993699
558.23,0.5661553276801744
558.24,0.6415728965687055
558.25,0.4977179023868457
558.26,0.34211430240386115
558.27,0.5701250526770303
558.28,0.6405040664500415
558.29,0.4917437215529806
558.3,0.3453511566611556
558.31,0.5742704873057728
558.32,0.6392564867488908
558.33,0.48527825357393795
558.34,0.34915669804226934
558.35,0.5785612749097543
558.36,0.6378036216481463
558.37,0.4783195116365752
558.38,0.3535846278058062
558.39,0.5829652801283652
558.4,0.636116872545725
558.41,0.4708705674305414
558.42,0.35868317395442817
558.43,0.5874487138791099
558.44,0.6341655076985315
558.45,0.46294121424379236
558.46,0.3644929999191034
558.47,0.591976272660619
558.48,0.631916584437096
558.49,0.4545499292077415
558.5,0.37104511543577223
558.51,0.5965112867180447
558.52,0.6293348673003816
558.53,0.4457261499148138
558.54,0.3783588984251671
558.55,0.6010158701353278
558.56,0.6263827474321894
558.57,0.4365128617880979
558.58,0.38644034915297165
558.59,0.6054510651114318
558.6,0.623020171539266
558.61,0.42696946078124665
558.62,0.3952807001235474
558.63,0.6097769722719548
558.64,0.6192045924431268
558.65,0.4171748107703643
558.66,0.404855496612463
558.67,0.613952858354983
558.68,0.6148909586561919
558.69,0.40723035064526514
558.7,0.4151242405476232
558.71,0.6179372329561295
558.72,0.6100317671135573
558.73,0.3972630242539125
558.74,0.4260306563670484
558.75,0.6216878863546714
558.76,0.6045772126114686
558.77,0.3874277061053381
558.78,0.43750359400831484
558.79,0.625161880980501
558.8,0.5984754791811113
558.81,0.37790868687697826
558.82,0.4494585357876342
558.83,0.6283154903271104
558.84,0.5916732343296056
558.85,0.3689196787054084
558.86,0.46179962643318506
558.87,0.6311040800219443
558.88,0.5841164062701222
558.89,0.3607017287004205
558.9,0.47442210378834937
558.91,0.6334819273034308
558.92,0.5757513487156256
558.93,0.35351842343730716
558.94,0.4872149783430964
558.95,0.6354019767312157
558.96,0.5665265263320766
558.97,0.3476478729293725
558.98,0.5000637946284545
558.99,0.6368155320102842
559.0,0.5563948868493872
559.01,0.34337121613952754
559.02,0.5128533087491693
559.03,0.6376718862993344
559.04,0.5453171203245668
559.05,0.3409578139175617
559.06,0.5254699321260586
559.07,0.6379178967192795
559.08,0.533266036522146
559.09,0.3406478672368441
559.1,0.5378038194458887
559.11,0.6374975133538503
559.12,0.5202323089561339
559.13,0.3426338436175364
559.14,0.5497505135550721
559.15,0.6363512795273188
559.16,0.5062318222768223
559.17,0.3470426743102687
559.18,0.5612120976281899
559.19,0.634415829400172
559.2,0.49131479201630834
559.21,0.35392102554015725
559.22,0.5720978410045521
559.23,0.631623422314916
559.24,0.47557666806509
559.25,0.36322588806747325
559.26,0.5823243550865421
559.27,0.6279015724945494
559.28,0.4591705381091786
559.29,0.3748221895823821
559.3,0.591815299481273
559.31,0.6231728601108988
559.32,0.4423202677145168
559.33,0.38848816738418873
559.34,0.6005006936622911
559.35,0.6173550482550403
559.36,0.42533291943109564
559.37,0.40392803891878953
559.38,0.608315897231159
559.39,0.6103616837187072
559.4,0.4086081057134941
559.41,0.4207903617832993
559.42,0.61520032327747
559.43,0.6021034320894811
559.44,0.39264097801817127
559.45,0.4386896633362381
559.46,0.6210959464776336
559.47,0.5924904927002858
559.48,0.37801482944158604
559.49,0.4572286209177438
559.5,0.6259456623515748
559.51,0.5814365593448968
559.52,0.36537926576335056
559.53,0.4760183064117602
559.54,0.6296915489792486
559.55,0.5688649342708038
559.56,0.3554111593144787
559.57,0.49469464751090597
559.58,0.632273080130392
559.59,0.5547175510546808
559.6,0.3487585786848991
559.61,0.5129300908619437
559.62,0.6336253416035398
559.63,0.5389677803742201
559.64,0.34597247228161276
559.65,0.5304402669442906
559.66,0.6336773144855014
559.67,0.5216379070088666
559.68,0.3474360383155365
559.69,0.546986099008984
559.7,0.6323503140710576
559.71,0.5028219459587683
559.72,0.3533054829867547
559.73,0.5623721968937803
559.74,0.6295567173905812
559.75,0.48271380866636987
559.76,0.36347607430597645
559.77,0.5764425368569682
559.78,0.625199183907929
559.79,0.46163946865339195
559.8,0.37758290349090007
559.81,0.5890744020389072
559.82,0.6191706836490858
559.83,0.4400894505490552
559.84,0.39503752275798143
559.85,0.6001714155731633
559.86,0.6113558085447478
559.87,0.4187446176001993
559.88,0.4150925974060258
559.89,0.6096563039555014
559.9,0.6016340713624897
559.91,0.39848435711006863
559.92,0.43692039630692575
559.93,0.6174638328761055
559.94,0.5898862042493443
559.95,0.3803633540409455
559.96,0.4596894953915462
559.97,0.62353419215394
559.98,0.5760048547597844
559.99,0.36554387076249867
560.0,0.48262727394855676
560.01,0.627806987700601
560.02,0.5599115033870985
560.03,0.3551779174615461
560.04,0.5050615747699493
560.05,0.6302159342538228
560.06,0.5415817771915056
560.07,0.35024920913952423
560.08,0.5264407552587027
560.09,0.6306843378992586
560.1,0.5210813482318232
560.11,0.3514048242942462
560.12,0.5463355271738911
560.13,0.6291215181619919
560.14,0.49861378802194695
560.15,0.35882150948731495
560.16,0.5644279267296394
560.17,0.6254204589313325
560.18,0.47457931569355694
560.19,0.37215028927065835
560.2,0.5804928521344241
560.21,0.6194572171934497
560.22,0.4496383529128775
560.23,0.3905610315263636
560.24,0.5943766109164176
560.25,0.6110929907015161
560.26,0.4247655536752683
560.27,0.4128745462679108
560.28,0.6059755477881177
560.29,0.6001802884813411
560.3,0.40126948164211623
560.31,0.4377412740998138
560.32,0.615216543874891
560.33,0.5865753900802054
560.34,0.38074480397431065
560.35,0.46381669527312214
560.36,0.6220402115149852
560.37,0.5701601991383085
560.38,0.3649266728131961
560.39,0.4898952547189458
560.4,0.6263870068783892
560.41,0.5508775329061092
560.42,0.355441062671975
560.43,0.5149865541316333
560.44,0.6281862118837945
560.45,0.5287843733206719
560.46,0.3534916998441922
560.47,0.5383375249538156
560.48,0.6273477475121233
560.49,0.5041266074037477
560.5,0.35957491353955673
560.51,0.5594155050873488
560.52,0.623757041903513
560.53,0.4774344647215686
560.54,0.3733314651668119
560.55,0.5778694639626819
560.56,0.6172736964246079
560.57,0.4496276984510866
560.58,0.3936023694151204
560.59,0.5934834702996779
560.6,0.6077355185695094
560.61,0.4221017469719487
560.62,0.41866970477760146
560.63,0.6061315265252569
560.64,0.5949706921500086
560.65,0.3967433129239936
560.66,0.4465876456111229
560.67,0.6157384185521823
560.68,0.5788224677046331
560.69,0.3758088218223547
560.7,0.47548978653971613
560.71,0.6222481491314055
560.72,0.5591926329181875
560.73,0.3616167608249148
560.74,0.503796360798591
560.75,0.625599867678617
560.76,0.5361115252256938
560.77,0.3560769575819709
560.78,0.5303027498486995
560.79,0.6257106804013228
560.8,0.5098417895080745
560.81,0.3601910498150134
560.82,0.5541732968590182
560.83,0.6224650178523122
560.84,0.48101703217761965
560.85,0.3737338672972127
560.86,0.5748798400651044
560.87,0.6157111815160607
560.88,0.4507997138525131
560.89,0.39527821106010075
560.9,0.5921197526695675
560.91,0.6052672692153078
560.92,0.42101057285691684
560.93,0.422558183986454
560.94,0.6057358887993325
560.95,0.5909409700662349
560.96,0.39413942225465387
560.97,0.45299875714133503
560.98,0.6156491544036451
560.99,0.572570735720165
561.0,0.3731223111556155
561.01,0.4841942990728133
561.02,0.6218066820291898
561.03,0.5500991287605216
561.04,0.36081670539619504
561.05,0.5142012784233175
561.06,0.6241448027622803
561.07,0.5236909885897062
561.08,0.35926242178731427
561.09,0.5416293710124891
561.1,0.6225651039509539
561.11,0.49390504045638367
561.12,0.36901746543472536
561.13,0.5655904656740361
561.14,0.6169228457831052
561.15,0.4619093506767078
561.16,0.3889211425895911
561.17,0.5855804198475593
561.18,0.6070293537448149
561.19,0.42968816777016994
561.2,0.41643355070940813
561.21,0.6013490093868665
561.22,0.5926735931868455
561.23,0.4001195726274756
561.24,0.4483635874683759
561.25,0.6127870963243351
561.26,0.573672956136402
561.27,0.37674578787318297
561.28,0.48161615837820515
561.29,0.619840570609911
561.3,0.5499687297645642
561.31,0.3631021853443241
561.32,0.5136794302091438
561.33,0.6224505569206799
561.34,0.521785022661464
561.35,0.3617042523149052
561.36,0.5427889198466981
561.37,0.6205163986977413
561.38,0.4898635832304532
561.39,0.3731280492911286
561.4,0.5678592529199399
561.41,0.6138793121948367
561.42,0.4557561763174139
561.43,0.39573161761482845
561.44,0.5883104676515297
561.45,0.6023287150135131
561.46,0.4220832636402283
561.47,0.42621469628548886
561.48,0.6038809947760804
561.49,0.5856395016622529
561.5,0.39255783934510635
561.51,0.46066670120411934
561.52,0.6144718872725379
561.53,0.5636566099153691
561.54,0.37150747935048006
561.55,0.49552771397332546
561.56,0.6200340594861771
561.57,0.5364511755142014
561.58,0.3627780754476833
561.59,0.528110604476239
561.6,0.6204953197092741
561.61,0.504573376087748
561.62,0.36835684274260816
561.63,0.5566816098063062
561.64,0.6157212550983111
561.65,0.4694033172576207
561.66,0.38749565239765577
561.67,0.5802811169762099
561.68,0.6055082354711933
561.69,0.43352428306718765
561.7,0.41696036810554676
561.71,0.5984648880582041
561.72,0.5896151889880097
561.73,0.40089642779294954
561.74,0.45224204626922654
561.75,0.6110696195601942
561.76,0.5678522664823082
561.77,0.3764664334609472
561.78,0.4889367849252663
561.79,0.618039008077436
561.8,0.5402568930013681
561.81,0.3649463325562369
561.82,0.5236179505301978
561.83,0.6193109352097289
561.84,0.5073924541297961
561.85,0.36905945586003874
561.86,0.5540603513110571
561.87,0.6147563276087532
561.88,0.47077844769648913
561.89,0.388267384738525
561.9,0.5790457339755603
561.91,0.6041645696127281
561.92,0.43336075025143045
561.93,0.41894275041254264
561.94,0.5980263397792505
561.95,0.5872823279095015
561.96,0.3997282459764399
561.97,0.45587251132393997
561.98,0.6108135643421146
561.99,0.5639293632371791
562.0,0.37558211174490186
562.01,0.4940111622524393
562.02,0.617350278205957
562.03,0.5342323296823773
562.04,0.3661257131451172
562.05,0.5295455766586784
562.06,0.6175682868958334
562.07,0.4990211655520579
562.08,0.3738820870040286
562.09,0.5601093729338033
562.1,0.6113171656694816
562.11,0.4603833136581116
562.12,0.39737910435254853
562.13,0.584488690470953
562.14,0.5983582115900287
562.15,0.42220356638919876
562.16,0.43180376723849734
562.17,0.6021895693311634
562.18,0.5784361001751966
562.19,0.39021641838105153
562.2,0.4710949838806331
562.21,0.6130667621321214
562.22,0.551465470910347
562.23,0.3709119880773824
562.24,0.5099312830989061
562.25,0.6170699010926234
562.26,0.5178902215475278
562.27,0.369158649164716
562.28,0.544653037620917
562.29,0.6140984212071131
562.3,0.479257276412145
562.31,0.3857677923326491
562.32,0.5732146466236663
562.33,0.6039474055279295
562.34,0.43891914411760774
562.35,0.41695770574267277
562.36,0.5946993783536462
562.37,0.5863445949722303
562.38,0.40245798790587306
562.39,0.4562329781304864
562.4,0.608803739241529
562.41,0.5611096146720483
562.42,0.3770346825973711
562.43,0.49707217339719467
562.44,0.6154548321619202
562.45,0.528499212387583
562.46,0.36906272557735254
562.47,0.5346313378593439
562.48,0.6145789141500878
562.49,0.4898067708111039
562.5,0.3810644992096944
562.51,0.5660609594258741
562.52,0.6059967734984679
562.53,0.4481782787446916
562.54,0.41013658407818887
562.55,0.5900263968248174
562.56,0.5894346322704597
562.57,0.4092646463982509
562.58,0.44950256487993734
562.59,0.6060615776760997
562.6,0.5646768216323784
562.61,0.3808031934055439
562.62,0.4917141346511781
562.63,0.6140582518019595
562.64,0.5319309170026049
562.65,0.37021831615273315
562.66,0.5310181201163565
562.67,0.6139500549308956
562.68,0.4924925636672049
562.69,0.3809168026910336
562.7,0.5639811947443709
562.71,0.6055644185738943
562.72,0.4496864917982888
562.73,0.4101464520067917
562.74,0.5889953744361168
562.75,0.5886222355310282
562.76,0.4096546342235042
562.77,0.450556772644342
562.78,0.605505482100886
562.79,0.562912028911133
562.8,0.3808977686964096
562.81,0.49393194945203933
562.82,0.6133878176656921
562.83,0.5287227983725992
562.84,0.3714520240080422
562.85,0.5339917533119589
562.86,0.6125706778273702
562.87,0.48763849166548323
562.88,0.3845929609945656
562.89,0.567089331408532
562.9,0.6028646595874607
562.91,0.4436402360296206
562.92,0.41663824555443174
562.93,0.5915924305848652
562.94,0.5839788451329104
562.95,0.40391255706039175
562.96,0.4591723281643137
562.97,0.6069794444806418
562.98,0.5557610661046894
562.99,0.37793717415361505
563.0,0.5034108312230748
563.01,0.6131440992313211
563.02,0.5187712071340683
563.03,0.3737397336859386
563.04,0.5430574795126802
563.05,0.60999379867952
563.06,0.4752944698597607
563.07,0.39308898275317516
563.08,0.5747125576103003
563.09,0.5972974080478582
563.1,0.4306164144738172
563.11,0.4301651250600665
563.12,0.5969960416172281
563.13,0.5747655723267406
563.14,0.3935629677503049
563.15,0.4752170970267547
563.16,0.6095318612683809
563.17,0.5424323282699729
563.18,0.3744617576183403
563.19,0.5193872006798798
563.2,0.6122419166799264
563.21,0.5014818291363244
563.22,0.37998816191014595
563.23,0.5570161280931789
563.24,0.6049823941739423
563.25,0.45557572318067907
563.26,0.4086065330627035
563.27,0.585399020722676
563.28,0.5874674443731841
563.29,0.4121552976749315
563.3,0.4515243171131536
563.31,0.6036074797022766
563.32,0.5594941478257579
563.33,0.3820055823839647
563.34,0.4981078799104043
563.35,0.611446274114583
563.36,0.5215944567881002
563.37,0.3751108097703857
563.38,0.5403383204782827
563.39,0.6088264864283687
563.4,0.476271769549673
563.41,0.39437360547827555
563.42,0.5738540786339449
563.43,0.5955150228877539
563.44,0.42962737712231186
563.45,0.43332547470899907
563.46,0.5969203348402073
563.47,0.5712226057533147
563.48,0.3920377604139375
563.49,0.48060375337959543
563.5,0.6090869792254677
563.51,0.5361163917170535
563.52,0.3753418638477959
563.53,0.526104528597435
563.54,0.6102632617254159
563.55,0.49194873672693473
563.56,0.3861050284222277
563.57,0.5637033866851288
563.58,0.6002707207020441
563.59,0.4438076196911327
563.6,0.4206186153869843
563.61,0.5907087603328073
563.62,0.5788028631896168
563.63,0.40148935191145535
563.64,0.4675932392879871
563.65,0.6063172064283724
563.66,0.5458332905618829
563.67,0.3778128959868276
563.68,0.515289813179797
563.69,0.6103841971956192
563.7,0.5026678411783337
563.71,0.3820111788173975
563.72,0.5559404848467238
563.73,0.6027680070524415
563.74,0.4537616043791772
563.75,0.4128092455569587
563.76,0.585896153371128
563.77,0.5831690637036846
563.78,0.40852972726626857
563.79,0.4592823719146653
563.8,0.6039764692050269
563.81,0.5514667748246765
563.82,0.3804321717000649
563.83,0.5084602915726243
563.84,0.6099575977241762
563.85,0.5087453553194301
563.86,0.3805179272509488
563.87,0.5512130006562449
563.88,0.6037139288608397
563.89,0.4591962717296484
563.9,0.4091692805059224
563.91,0.5830884604044347
563.92,0.584954038301004
563.93,0.41223332451228123
563.94,0.455604522738882
563.95,0.6025952392607404
563.96,0.5535237529453869
563.97,0.3819750144420945
563.98,0.5058694344915668
563.99,0.6094405789231403
564.0,0.5104692929719323
564.01,0.3806213268617413
564.02,0.5498505214341015
564.03,0.6034995979867824
564.04,0.4600868526597467
564.05,0.4091861546373755
564.06,0.5825792711817346
564.07,0.5844804364708223
564.08,0.4122728669058974
564.09,0.45643593362308205
564.1,0.6023981685674177
564.11,0.5522426730572404
564.12,0.3820056368777736
564.13,0.5075544434030321
564.14,0.608986324453629
564.15,0.5079788619513127
564.16,0.3820198828241175
564.17,0.5518970487435473
564.1800000000001,0.6022090683236937
564.19,0.45650072023030763
564.2,0.4127411008910648
564.21,0.5843588563989084
564.22,0.5817641173249948
564.23,0.4087571451525227
564.24,0.461710169054295
564.25,0.6033085431745444
564.26,0.5475833770593592
564.27,0.3808069521275166
564.28,0.5133847368570238
564.29,0.6084493903828212
564.3,0.5012399542783454
564.31,0.3851218180842315
564.32,0.5571274213708681
564.33,0.5996253713800492
564.34,0.4485754438810007
564.35,0.42011750484443483
564.36,0.5881213771215134
564.37,0.5765212975319974
564.38,0.4022332859490946
564.39,0.4714022171719565
564.4,0.604953853014199
564.41,0.539243739278667
564.42,0.3793779946196772
564.4300000000001,0.5230432884109969
564.44,0.6073900335928746
564.45,0.4900965580358818
564.46,0.3909652071975125
564.47,0.5650409460710775
564.48,0.5952342958165646
564.49,0.4366372596921889
564.5,0.43185075478470564
564.51,0.593268739647366
564.52,0.5681809090817761
564.53,0.3938400026273146
564.54,0.4853938619622717
564.55,0.6066717608354224
564.56,0.5267105746694148
564.57,0.3794617136166088
564.58,0.5359556632558702
564.59,0.6050768971227225
564.6,0.47441770318569076
564.61,0.4010135494401954
564.62,0.5748425550506825
564.63,0.5882277421463211
564.64,0.4214757715928241
564.65,0.4484328767520951
564.66,0.5989144733342935
564.67,0.5559138034121103
564.6800000000001,0.3855613251927013
564.69,0.503268885537233
564.7,0.6075152237865066
564.71,0.509379211327386
564.72,0.3834733329997123
564.73,0.5512080808083986
564.74,0.6004867393779797
564.75,0.45439799221100513
564.76,0.4167541757536654
564.77,0.5854309732639684
564.78,0.5775136937897939
564.79,0.4047881443036842
564.8,0.46992137259305145
564.81,0.60389101092336
564.82,0.5387108810188992
564.83,0.3804327786806352
564.84,0.52411998976769
564.85,0.6062537197373171
564.86,0.486817909670807
564.87,0.3941251560830958
564.88,0.5675029547908358
564.89,0.5923025324504865
564.9,0.43109600745033466
564.91,0.4390881196439596
564.92,0.5954078662969785
564.9300000000001,0.5617566761121784
564.94,0.3897098082751652
564.95,0.4955751614201498
564.96,0.6067574176576951
564.97,0.5155867495209846
564.98,0.3823805543596376
564.99,0.5464585444347604
565.0,0.6013666336280699
565.01,0.45931135320428296
565.02,0.41359171540681455
565.03,0.5831798657858233
565.04,0.5789244237966061
565.05,0.4072418278215814
565.06,0.46767786461193694
565.07,0.6031034057376956
565.08,0.5395169747048953
565.09,0.3810733832543387
565.1,0.5236895100668925
565.11,0.6057967716553608
565.12,0.4860692358975685
565.13,0.39527464979962074
565.14,0.5682761854310877
565.15,0.591033232990001
565.16,0.4288392494791947
565.17,0.442371857201803
565.1800000000001,0.5962874357014176
565.19,0.5585496816208407
565.2,0.38804108778186014
565.21,0.5005965381859336
565.22,0.6065935161204824
565.23,0.5096565115108831
565.24,0.3846506602573432
565.25,0.551737089541025
565.26,0.5989946468822499
565.27,0.4512369267054933
565.28,0.42113292207090586
565.29,0.5872201027334748
565.3,0.5731611748182031
565.31,0.4004143504963171
565.32,0.47847662070342756
565.33,0.6046513332837314
565.34,0.5294852612322455
565.35,0.38099843336728423
565.36,0.5345569527370176
565.37,0.6036799867313463
565.38,0.4723498833951587
565.39,0.40474947266848005
565.4,0.5767414452849688
565.41,0.5840242822349642
565.42,0.41547973383034853
565.4300000000001,0.4583903665098437
565.44,0.6007669438518913
565.45,0.5456065281921276
565.46,0.3827932574824014
565.47,0.5176427035008119
565.48,0.6058755929174283
565.49,0.49108075178813176
565.5,0.3932797783780479
565.51,0.5656210642871752
565.52,0.5918396569400163
565.53,0.43112708940587835
565.54,0.4410574048617854
565.55,0.5956497490230773
565.56,0.5583783683168136
565.57,0.3882238076681865
565.58,0.5017641204516015
565.59,0.6062738395562932
565.6,0.5070038713785004
565.61,0.3861848471733169
565.62,0.5545474022108317
565.63,0.5972607833693836
565.64,0.4459341332078955
565.65,0.42681680792794296
565.66,0.5899274363711127
565.67,0.568270919862327
565.6800000000001,0.3955884363183619
565.69,0.48751450037812444
565.7,0.605475708546905
565.71,0.5200881065397116
565.72,0.38256055587032106
565.73,0.5441132112877988
565.74,0.6008648465381271
565.75,0.45905610766196825
565.76,0.41566196241193776
565.77,0.5841466227580997
565.78,0.5757623275726269
565.79,0.40350145966831474
565.8,0.47529557856111027
565.81,0.6039951120666954
565.82,0.5305012486523831
565.83,0.38137503345750406
565.84,0.534804363790882
565.85,0.603143794636321
565.86,0.4700580638321615
565.87,0.4073316196039874
565.88,0.5787708660216664
565.89,0.5812870961266178
565.9,0.41094281491998447
565.91,0.4653313449754371
565.92,0.6022619023783838
565.9300000000001,0.5384869400903808
565.94,0.3816490170298689
565.95,0.5269968502262092
565.96,0.6045031610919835
565.97,0.4787612315575913
565.98,0.4014249947539162
565.99,0.5741786019392481
566.0,0.58521218094943
566.01,0.4172182199446206
566.02,0.4577058416810203
566.03,0.6006233094808815
566.04,0.5442925035960372
566.05,0.38256162962338813
566.06,0.5209632312719124
566.07,0.6052631967721602
566.08,0.48512680334672975
566.09,0.3975114207287784
566.1,0.5706626372453045
566.11,0.5878267845951686
566.12,0.4218865230056249
566.13,0.45241393936504837
566.14,0.5993444110300654
566.15,0.5481286455793415
566.16,0.3834947831806597
566.17,0.5168863466851699
566.1800000000001,0.6056602403339428
566.19,0.48917701368446764
566.2,0.3952171056599467
566.21,0.5684315270472241
566.22,0.5893384776548459
566.23,0.42468822427107356
566.24,0.4494127489730374
566.25,0.5986082363598139
566.26,0.5501478753739658
566.27,0.38404044070562054
566.28,0.5148758386033045
566.29,0.6058477339243404
566.3,0.4909458454306903
566.31,0.3942839957851652
566.32,0.5676120728807349
566.33,0.5898719925190007
566.34,0.4254907960884842
566.35,0.4486635182078336
566.36,0.5985158252942406
566.37,0.5504335827487008
566.38,0.3839929205203449
566.39,0.5149824663933791
566.4,0.6058968418839726
566.41,0.4904515298773204
566.42,0.39460334397276503
566.4300000000001,0.5682516579958731
566.44,0.5894689925477076
566.45,0.42425604736827144
566.46,0.4501574168339578
566.47,0.5990863127780828
566.48,0.5489953057804382
566.49,0.38334128940446827
566.5,0.517206099906607
566.51,0.6057967651758992
566.52,0.4876854239806521
566.53,0.39622851035743545
566.54,0.5703192803491323
566.55,0.5880880993752897
566.56,0.42103051699309074
566.57,0.4539219004403899
566.58,0.6002570110592189
566.59,0.545768131062953
566.6,0.3822692332271621
566.61,0.5214951803681174
566.62,0.6054548166884646
566.63,0.4826148546380054
566.64,0.39936944965401666
566.65,0.5737048048448297
566.66,0.5856049707158982
566.67,0.4159589349814837
566.6800000000001,0.4600069118471176
566.69,0.6018834898554354
566.7,0.5406159468532498
566.71,0.38116277839785023
566.72,0.5277377981578362
566.73,0.6046962439400281
566.74,0.47520056671090277
566.75,0.40436763455943986
566.76,0.5782168255280847
566.77,0.5818125853909435
566.78,0.40932075914595584
566.79,0.4684525173007088
566.8,0.6037397069948041
566.81,0.5333399616258978
566.82,0.38061925591494067
566.83,0.5357468723953954
566.84,0.6032637078474847
566.85,0.46543246886394846
566.86,0.41164721586092096
566.87,0.5835802392053844
566.88,0.5764223811115803
566.89,0.4015885152537239
566.9,0.4792424183654786
566.91,0.6055181970747149
566.92,0.5236960466512158
566.9300000000001,0.3814432536864592
566.94,0.5452437419213189
566.95,0.6008163085861561
566.96,0.453390285143346
566.97,0.42163843522162486
566.98,0.5894348614330571
566.99,0.5690678220360696
567.0,0.3935016559772093
567.01,0.4922513248171913
567.02,0.606830118353996
567.03,0.5114276195880441
567.04,0.38460788799014123
567.05,0.5558452444659681
567.06,0.5969282273332971
567.07,0.43933748922303895
567.08,0.4346747835151357
567.09,0.5953359853002854
567.1,0.5593138357092056
567.11,0.3861380734514184
567.12,0.5071975046957872
567.13,0.6072046375429522
567.14,0.4963254192894282
567.15,0.3911567101513761
567.16,0.5670585891040305
567.17,0.5910877202992689
567.1800000000001,0.4238545564155332
567.19,0.45087650441641286
567.2,0.6007567471792008
567.21,0.5466791323025265
567.22,0.3809457996394972
567.23,0.5236129678383614
567.24,0.6060869076333565
567.25,0.4783314218471649
567.26,0.4020307507840811
567.27,0.5782858985114704
567.28,0.5826989412598151
567.29,0.40800476595799695
567.3,0.47004626353850193
567.31,0.6050908372540024
567.32,0.5306848354488769
567.33,0.3796748563827342
567.34,0.5408406527029292
567.35,0.6028341880853286
567.36,0.45770875698357616
567.37,0.41783389910304813
567.38,0.58883674262801
567.39,0.5710929619522849
567.4,0.3934929152095039
567.41,0.4916100758502303
567.42,0.6076530183599695
567.4300000000001,0.5109532617176897
567.44,0.3841428416989084
567.45,0.5580602669459452
567.46,0.5967112268821003
567.47,0.4352941799079004
567.48,0.43859424924807844
567.49,0.5979434613617364
567.5,0.5555622843772136
567.51,0.3827188419409708
567.52,0.5146291280778064
567.53,0.6076747912922572
567.54,0.4873944816747765
567.55,0.39581109083517046
567.56,0.5743344248911038
567.57,0.5868902640784376
567.58,0.41281445827752433
567.59,0.4636143682022537
567.6,0.6047719487097611
567.61,0.5354478896194942
567.62,0.37856519769163677
567.63,0.5378842979060642
567.64,0.60429428922367
567.65,0.46052747141330563
567.66,0.41526113663385344
567.67,0.5886587409059939
567.6800000000001,0.5724705623699139
567.69,0.3931530351220911
567.7,0.49149263610997607
567.71,0.6084208960968579
567.72,0.5103318424495435
567.73,0.3837723294033691
567.74,0.5600054025594882
567.75,0.5965446849132687
567.76,0.43195894313215105
567.77,0.4417944398655494
567.78,0.5999972901591477
567.79,0.5525518989639807
567.8,0.3802938063060276
567.81,0.5203272211332827
567.82,0.6079059471298804
567.83,0.48041678580685454
567.84,0.3999556683633312
567.85,0.5795984990130961
567.86,0.583357421226925
567.87,0.4049229442127188
567.88,0.4734013391287141
567.89,0.6072892194658304
567.9,0.5264322895432897
567.91,0.37856319493533447
567.92,0.5480224844376475
567.9300000000001,0.6021330339268253
567.94,0.44717248103383667
567.95,0.42668918947531376
567.96,0.5953272638374497
567.97,0.5636224384385456
567.98,0.3844998145596478
567.99,0.5071683799061559
568.0,0.6094216601317868
568.01,0.49405264127038223
568.02,0.39104494176373905
568.03,0.5725703400008783
568.04,0.5898813768133113
568.05,0.41419446500234147
568.06,0.46127408618511545
568.07,0.6059246494523484
568.08,0.5363989935397363
568.09,0.3768010789063497
568.1,0.5399251612258309
568.11,0.6051775790860167
568.12,0.4568412795631421
568.13,0.4178238164747808
568.14,0.592205991608046
568.15,0.5698517044158341
568.16,0.3877780227311902
568.17,0.4994546926856177
568.1800000000001,0.6101363272035488
568.19,0.501455332340872
568.2,0.3866280251688833
568.21,0.5688063685543356
568.22,0.5931897110634083
568.23,0.41895815734336744
568.24,0.4553639431809484
568.25,0.6054074467033645
568.26,0.5409092782550742
568.27,0.3760297166144921
568.28,0.5366510052070979
568.29,0.6066205841545907
568.3,0.46038586873356835
568.31,0.41453441992918433
568.32,0.5915115177440349
568.33,0.5719802570595032
568.34,0.3882653877579694
568.35,0.4977062980925832
568.36,0.6107701722791797
568.37,0.5027824306567311
568.38,0.38547519046354106
568.39,0.5689654320603936
568.4,0.593858919944895
568.41,0.41835370480128004
568.42,0.4557254647836454
568.4300000000001,0.6062470630919211
568.44,0.5402751890603118
568.45,0.3751515424856642
568.46,0.538611201537785
568.47,0.6068222012293686
568.48,0.45759529337779037
568.49,0.41659521585563014
568.5,0.5935449729321287
568.51,0.5701996372075988
568.52,0.38543004481845644
568.53,0.5021116929500026
568.54,0.6114666222046171
568.55,0.4979836242782024
568.56,0.387498665956974
568.57,0.5731404440478309
568.58,0.5918771925098785
568.59,0.41227367301123247
568.6,0.46249907629643283
568.61,0.608372616069427
568.62,0.5343239945592767
568.63,0.3745457349745421
568.64,0.545728255440315
568.65,0.6055562155280005
568.66,0.4483918461096052
568.67,0.42445902080743725
568.6800000000001,0.5980199622537592
568.69,0.5641212269846919
568.7,0.38001759889088105
568.71,0.5125666847411686
568.72,0.6117857779188797
568.73,0.48673384198108444
568.74,0.3938445020492009
568.75,0.5808446034565464
568.76,0.586632779013803
568.77,0.4013960775932982
568.78,0.47586681874910525
568.79,0.6111251652735842
568.8,0.5223986244727507
568.81,0.3761197801160181
568.82,0.5573879673603851
568.83,0.6019988527910771
568.84,0.4329884651870225
568.85,0.4390524500984112
568.86,0.6040519345539572
568.87,0.5527798484956608
568.88,0.3742883609057276
568.89,0.5285165550171517
568.9,0.6106946014881326
568.91,0.4686208572924849
568.92,0.4065974083877797
568.9300000000001,0.5909789932351712
568.94,0.5769031520078308
568.95,0.38767741260167987
568.96,0.49567964281918564
568.97,0.6132529272169929
568.98,0.5034983941010335
568.99,0.3831889901081045
569.0,0.572336024184479
569.01,0.5947085196071482
569.02,0.4125110126488592
569.03,0.4611269362605582
569.04,0.6101551842515389
569.05,0.5347050045390732
569.06,0.37234967456734763
569.07,0.5486948061517029
569.08,0.6065480421012384
569.09,0.44372927010331503
569.1,0.42794349600449916
569.11,0.6018143781934608
569.12,0.5608678161279699
569.13,0.37520521404990437
569.14,0.5209223305233995
569.15,0.6129027418672593
569.16,0.47672384982300614
569.17,0.3997365274718982
569.1800000000001,0.588608514891739
569.19,0.5816024838039686
569.2,0.3902007746305142
569.21,0.49033246710569944
569.22,0.6142491014068123
569.23,0.5082015862415998
569.24,0.37991944304393105
569.25,0.5709430430981065
569.26,0.5970517906495125
569.27,0.41392394335852567
569.28,0.45878119567091413
569.29,0.6110124449130057
569.3,0.5362451559238411
569.31,0.3708011982481251
569.32,0.5493308200041572
569.33,0.6075877831916356
569.34,0.4424169945552292
569.35,0.4286273356139896
569.36,0.6035668327304513
569.37,0.5599870239840207
569.38,0.3729228479516297
569.39,0.5244784724807076
569.4,0.6136478963680653
569.41,0.47222759570307243
569.42,0.4024901335424106
569.4300000000001,0.5922590928283876
569.44,0.5792240824501834
569.45,0.3850155026635172
569.46,0.4973620064170798
569.47,0.6156578530578637
569.48,0.5008816001847332
569.49,0.3828059906553761
569.5,0.5774451481056367
569.51,0.5941152452328405
569.52,0.40457189360334483
569.53,0.4692656197331008
569.54,0.6140043297585471
569.55,0.526887635981957
569.56,0.3713066342642023
569.57,0.5595315803314643
569.58,0.6049854987782538
569.59,0.4286696748443253
569.6,0.44175237322189154
569.61,0.6090339688092496
569.62,0.5495192131092662
569.63,0.36863059531483533
569.64,0.5390163989739034
569.65,0.6122143643348313
569.66,0.4546504465560064
569.67,0.41654277986547744
569.6800000000001,0.6010653148627744
569.69,0.5685587089572699
569.7,0.3742454735693249
569.71,0.5165218838412601
569.72,0.6161798450144272
569.73,0.48047353714560387
569.74,0.39530406204706525
569.75,0.5904062334737576
569.76,0.584087917866137
569.77,0.38670106000438426
569.78,0.4928107074534754
569.79,0.6172351201730871
569.8,0.5047803692600624
569.81,0.37939367962646386
569.82,0.577372480634622
569.83,0.5963438179356536
569.84,0.4040708276061074
569.85,0.4687761135393537
569.86,0.6157030473790905
569.87,0.5267939897721071
569.88,0.3696344579115351
569.89,0.5623044748741284
569.9,0.6056297851745772
569.91,0.4243879466100758
569.92,0.44539958108931743
569.9300000000001,0.6118794927642641
569.94,0.5461644801688493
569.95,0.3661990271013305
569.96,0.5455798221219499
569.97,0.6122658474083291
569.98,0.4459463570508773
569.99,0.42367617733785257
570.0,0.6060403364301447
570.01,0.56282354825051
570.02,0.36864055430409903
570.03,0.5276193643476821
570.04,0.6165636493029142
570.05,0.4674376920564392
570.06,0.40451770141036647
570.07,0.5984492424629303
570.08,0.5768720632130768
570.09,0.37604744025639963
570.1,0.5088849093403525
570.11,0.6188159019859264
570.12,0.48796195137340703
570.13,0.38865316891272805
570.14,0.5893645348796899
570.15,0.5885024203340407
570.16,0.3872576885247299
570.17,0.48986764647741055
570.1800000000001,0.6192937155469851
570.19,0.5069686100372166
570.2,0.37655030699305936
570.21,0.5790442189612535
570.22,0.5979490863583921
570.23,0.40106375260346844
570.24,0.4710676457016416
570.25,0.6182478032968454
570.26,0.5241739778708627
570.27,0.36837731931549406
570.28,0.5677486138654241
570.29,0.6054591737446712
570.3,0.41636302992174545
570.31,0.4529665942845809
570.32,0.61591122455056
570.33,0.5394816886205259
570.34,0.36401236225434713
570.35,0.5557403828066424
570.36,0.6112761443971869
570.37,0.4322411433088719
570.38,0.43599759930038295
570.39,0.6125023652657647
570.4,0.5529177392645518
570.41,0.3630941954711508
570.42,0.5432820439151044
570.4300000000001,0.6156316100729514
570.44,0.4479980384280577
570.45,0.42051690192911834
570.46,0.6082274767832616
570.47,0.5645822728289737
570.48,0.3650974614326626
570.49,0.530631339898263
570.5,0.6187418475547534
570.51,0.4631361633658109
570.52,0.4067822610675159
570.53,0.6032824661220467
570.54,0.574616050322146
570.55,0.3694133262740298
570.56,0.5180351178585604
570.57,0.6208068763207586
570.58,0.4773292560214527
570.59,0.39494147918788497
570.6,0.5978538592721705
570.61,0.5831782671232922
570.62,0.3754200033420281
570.63,0.5057225763810541
570.64,0.6220107872683126
570.65,0.4903851299413735
570.66,0.3850324227187405
570.67,0.5921190011579581
570.6800000000001,0.5904324845753258
570.69,0.38253464260384806
570.7,0.4938988292301805
570.71,0.6225225584572701
570.72,0.5022102778674694
570.73,0.3769935965882784
570.74,0.58624564313088
570.75,0.5965380666816441
570.76,0.39024478516831357
570.77,0.48273968292952313
570.78,0.6224969386309726
570.79,0.5127798568395755
570.8,0.3706825460597423
570.81,0.5803911164813143
570.82,0.6016451980388422
570.83,0.3981221096094562
570.84,0.47238833214045095
570.85,0.6220751910776982
570.86,0.5221139753606457
570.87,0.36589848953094634
570.88,0.5747013046820528
570.89,0.6058921445239958
570.9,0.40582321122181325
570.91,0.4629543791055043
570.92,0.6213856167225512
570.9300000000001,0.5302598369793906
570.94,0.3624056719649259
570.95,0.569309613042937
570.96,0.609403863779129
570.97,0.41308229261226753
570.98,0.4545152421667656
570.99,0.6205438474552147
571.0,0.5372787491043858
571.01,0.35995470579677874
571.02,0.5643360961523805
571.03,0.612291389216223
571.04,0.4196997763947374
571.05,0.4471197016977192
571.06,0.6196529384587568
571.07,0.5432369107022718
571.08,0.3583002497124467
571.09,0.5598868482862555
571.1,0.6146516281842017
571.11,0.4255296766006819
571.12,0.440793090660457
571.13,0.6188033044844267
571.14,0.5481990054220269
571.15,0.3572144234438166
571.16,0.5560536991443364
571.17,0.6165673578889208
571.1800000000001,0.43046748665485474
571.19,0.43554350247594265
571.2,0.6180725480822722
571.21,0.552223810409595
571.22,0.3564961610309055
571.23,0.5529141944890176
571.24,0.6181072950090262
571.25,0.4344395229816978
571.26,0.431368355565122
571.27,0.6175252233175171
571.28,0.5553612168108893
571.29,0.35597719702337893
571.3,0.5505317902076874
571.31,0.6193261720794389
571.32,0.4373941193504811
571.33,0.4282607031531298
571.34,0.6172125707908356
571.35,0.5576502191024979
571.36,0.3555255893887369
571.37,0.5489561524156313
571.38,0.6202647882761018
571.39,0.43929475239071236
571.4,0.42621477384823625
571.41,0.6171722513932069
571.42,0.5591175584451468
571.4300000000001,0.3550476838317146
571.44,0.5482234424616984
571.45,0.6209500210776108
571.46,0.4401150288956644
571.47,0.42523034083585365
571.48,0.6174280989550643
571.49,0.5597768039543818
571.5,0.3544892950675887
571.51,0.5483564726415624
571.52,0.6213947947129558
571.53,0.439835424556094
571.54,0.4253156257733789
571.55,0.6179899067829032
571.56,0.559627730196612
571.57,0.3538366816238371
571.58,0.5493646453570386
571.59,0.6215980039943115
571.6,0.43844169141962586
571.61,0.42648853296724354
571.62,0.6188532594543753
571.63,0.5586559072961095
571.64,0.3531176574378265
571.65,0.5512436308811953
571.66,0.6215443910483232
571.67,0.43592491799180044
571.6800000000001,0.42877608773262177
571.69,0.6199994190550235
571.7,0.5568324681423391
571.71,0.35240292967722664
571.72,0.5539747902795058
571.73,0.6212043689734759
571.74,0.43228331618978455
571.75,0.4322120279186083
571.76,0.6213952721764276
571.77,0.554114063260982
571.78,0.3518074777832913
571.79,0.5575244044799987
571.8,0.6205337817426121
571.81,0.427525907333679
571.82,0.4368325888360778
571.83,0.622993339791561
571.84,0.5504430645701847
571.85,0.3514914900789963
571.86,0.5618428181140086
571.87,0.6194735853331971
571.88,0.42167837212446313
571.89,0.44267064390444305
571.9,0.6247318447153034
571.91,0.5457481430947241
571.92,0.3516600563563298
571.9300000000001,0.5668636417256665
571.94,0.6179494324124891
571.95,0.4147913942362009
571.96,0.4497485230800634
571.97,0.626534820046194
571.98,0.539945433481626
571.99,0.35256050531378785
572.0,0.5725031690854089
572.01,0.6158711443855963
572.02,0.4069518254958831
572.03,0.4580700239654395
572.04,0.6283122270403151
572.05,0.5329406207796277
572.06,0.3544760390184388
572.07,0.5786601539234447
572.08,0.6131320636453571
572.09,0.39829686868512404
572.1,0.46761232715464107
572.11,0.629960032353485
572.12,0.5246324586424324
572.13,0.3577142632365712
572.14,0.585216050075331
572.15,0.6096083009791868
572.16,0.38903111518134276
572.17,0.4783186873880472
572.1800000000001,0.6313601749636821
572.19,0.5149184669755541
572.2,0.36258949165391785
572.21,0.5920357530546069
572.22,0.6051579372356845
572.23,0.3794455596569392
572.24,0.49009283395710856
572.25,0.6323803343300852
572.26,0.5037038726114996
572.27,0.36939846379141944
572.28,0.5989687982033423
572.29,0.5996203175698164
572.3,0.3699365037290893
572.31,0.5027959307763498
572.32,0.632873397312909
572.33,0.49091524291384336
572.34,0.3783904324275945
572.35,0.6058508798164896
572.36,0.5928157129132183
572.37,0.3610204852509866
572.38,0.5162466869160645
572.39,0.6326765165816414
572.4,0.4765206693552498
572.41,0.38973433125930035
572.42,0.6125054723893683
572.4300000000001,0.5845458487358096
572.44,0.3533391703599192
572.45,0.5302247922299697
572.46,0.631609664417503
572.47,0.46055864482399345
572.48,0.403487534118567
572.49,0.6187452694928367
572.5,0.5745961641652584
572.51,0.34764611098520837
572.52,0.5444773446011013
572.53,0.6294736234216212
572.54,0.44317762896201923
572.55,0.4195719132862088
572.56,0.6243731181003057
572.57,0.5627412312034422
572.58,0.3447666322933892
572.59,0.5587274397426141
572.6,0.626047437378748
572.61,0.4246871167918494
572.62,0.4377627815832699
572.63,0.6291821196378302
572.64,0.5487556172485953
572.65,0.34552468697126987
572.66,0.5726837221433514
572.67,0.6210855020772125
572.6800000000001,0.4056178768323109
572.69,0.4576944519914949
572.7,0.6329545937188923
572.71,0.5324336849887725
572.72,0.35063794198626397
572.73,0.5860495278677937
572.74,0.6143147611413156
572.75,0.3867827612156853
572.76,0.4788828038780919
572.77,0.6354596550199443
572.78,0.513623382470878
572.79,0.36059453246038164
572.8,0.5985303113700846
572.81,0.6054329766076209
572.82,0.36931947960887046
572.83,0.5007613630882094
572.84,0.6364492406512892
572.85,0.49228069881516606
572.86,0.37553819342339523
572.87,0.6098383012272696
572.88,0.5941099182941028
572.89,0.354684570803062
572.9,0.5227243084362397
572.91,0.6356525614668316
572.92,0.4685522152059676
572.9300000000001,0.39519570430314527
572.94,0.6196936919764346
572.95,0.5799947868966693
572.96,0.34455986633988916
572.97,0.5441685709428358
572.98,0.6327691799092524
572.99,0.4428908456656912
573.0,0.4188746206956857
573.01,0.62782205667367
573.02,0.562735561174626
573.03,0.34064124253440997
573.04,0.5645280816438173
573.05,0.6274613340595241
573.06,0.4162002598624471
573.07,0.4455390051234296
573.08,0.6339479854037341
573.09,0.542019537001039
573.1,0.3443170671165048
573.11,0.5832956765049662
573.12,0.6193469149149068
573.13,0.3899808883835671
573.14,0.47394448786117327
573.15,0.6377851939269855
573.16,0.5176490516961498
573.17,0.35630811360406456
573.1800000000001,0.6000311362676172
573.19,0.607995990109377
573.2,0.36641181940193424
573.21,0.5027948707277105
573.22,0.6390235455663579
573.23,0.489670908898265
573.24,0.37639878219283274
573.25,0.6143563381061131
573.26,0.5929365045367618
573.27,0.3482595949699969
573.28,0.5308799020960048
573.29,0.6373137149193264
573.3,0.45857761834458677
573.31,0.4033880176906534
573.32,0.6259399782757388
573.33,0.5736796077411436
573.34,0.33849774272718786
573.35,0.557166740356347
573.36,0.6322508472527787
573.37,0.4255819677440234
573.38,0.4353026910708074
573.39,0.6344747529487574
573.4,0.5497829226016558
573.41,0.3396135633916441
573.42,0.5808368458943017
573.4300000000001,0.6233600013794596
573.44,0.39291455248970214
573.45,0.46979226222747766
573.46,0.6396495880682629
573.47,0.5209811928072047
573.48,0.35278968368880675
573.49,0.6012758435146184
573.5,0.6100892517179738
573.51,0.36399176782172865
573.52,0.504548098833416
573.53,0.6411190013856914
573.54,0.48742466791258504
573.55,0.3773501894761314
573.56,0.6180315143476889
573.57,0.5918225207540715
573.58,0.3431825107379717
573.59,0.53760975794359
573.6,0.6384715729339857
573.61,0.4500621625910941
573.62,0.410822348339323
573.63,0.6307551840317402
573.64,0.5679357077978803
573.65,0.33490928595051017
573.66,0.5675016627982854
573.67,0.6312006133831084
573.6800000000001,0.4111523015362559
573.69,0.4496199694047275
573.7,0.6391377528240028
573.71,0.5379386738156126
573.72,0.342159469352087
573.73,0.5932215891600784
573.74,0.6186837989348153
573.75,0.3747272450231787
573.76,0.4899792089300671
573.77,0.6428468454497751
573.78,0.5017703598137501
573.79,0.3650953414014013
573.8,0.6141388989066906
573.81,0.6001872241978411
573.82,0.34656026639549653
573.83,0.5287030860606691
573.84,0.6414683501949713
573.85,0.46032633230202435
573.86,0.40072472833196815
573.87,0.629858143747866
573.88,0.5749271261309683
573.89,0.33302736410411243
573.9,0.5634967363226331
573.91,0.634455560342322
573.92,0.41623567263639477
573.9300000000001,0.44395708041298726
573.94,0.6400836287323791
573.95,0.542254575364421
573.96,0.33873867771181676
573.97,0.5929404569068917
573.98,0.6210942689142176
573.99,0.37464503599826166
574.0,0.4893320672676403
574.01,0.6445004799858128
574.02,0.5020740165399334
574.03,0.3641027549532834
574.04,0.6162663881322887
574.05,0.6005065846700611
574.06,0.3432473127122051
574.07,0.5323827867151254
574.08,0.6426757213315581
574.09,0.45563315176649033
574.1,0.40476133060083175
574.11,0.6330856063864417
574.12,0.5717475885348687
574.13,0.3304420832487963
574.14,0.5701516744696099
574.15,0.6339809240500609
574.16,0.4067043883084016
574.17,0.4535190702143118
574.1800000000001,0.6431442645172232
574.19,0.5341069904787706
574.2,0.34151223531438046
574.21,0.6010283325001781
574.22,0.6175482037662536
574.23,0.3626621366373271
574.24,0.5032063185248317
574.25,0.6461317280788318
574.26,0.4878075884102605
574.27,0.37523592568069136
574.28,0.6242984049521055
574.29,0.5923006645878038
574.3,0.33398689012386396
574.31,0.5485496588910561
574.32,0.6415375370173804
574.33,0.4353077771666352
574.34,0.4241962882361972
574.35,0.639683062657063
574.36,0.5571616289167052
574.37,0.3304955158149244
574.38,0.5865245008743283
574.39,0.6285548635207083
574.4,0.38306144163110983
574.41,0.4786550514146567
574.42,0.6469786464601905
574.4300000000001,0.5116585459737228
574.44,0.35542872228444516
574.45,0.6157943370618001
574.46,0.6060559874904533
574.47,0.34238653927461465
574.48,0.5304910159954134
574.49,0.6458035400254826
574.5,0.4572527854021802
574.51,0.4026843175681903
574.52,0.6359423728096482
574.53,0.5727345799322145
574.54,0.3266125777444008
574.55,0.5747630164424405
574.56,0.6354308775347098
574.57,0.3995494200601589
574.58,0.46050806895191626
574.59,0.6468442363065864
574.6,0.5276482723309883
574.61,0.34351650158965563
574.62,0.6092494700562117
574.63,0.6147106995220725
574.64,0.35030327096196784
574.65,0.5177455513219338
574.66,0.6482440755810168
574.67,0.47159295125886647
574.6800000000001,0.3890129439345048
574.69,0.6333068066428935
574.7,0.5821663037048508
574.71,0.3256329568085503
574.72,0.5672728036144195
574.73,0.639489908847147
574.74,0.4097140456608414
574.75,0.4497127273149015
574.76,0.6468715121363158
574.77,0.5365232591583395
574.78,0.3372520055223365
574.79,0.6058781116895742
574.8,0.6193994485641907
574.81,0.3544852748843561
574.82,0.5114675948307165
574.83,0.6498025604027031
574.84,0.47821415089281627
574.85,0.3826998709754849
574.86,0.6326902826995388
574.87,0.5863311375267775
574.88,0.3246946109825478
574.89,0.5650367550503258
574.9,0.6414947636126241
574.91,0.41249843634547184
574.92,0.446711606814765
574.9300000000001,0.6477191389379289
574.94,0.5387641209048246
574.95,0.3351295878041431
574.96,0.6063696579041098
574.97,0.6206883160844496
574.98,0.35337089328423255
574.99,0.5122695688363991
575.0,0.650920803962703
575.01,0.4770871255902948
575.02,0.3835087494942724
575.03,0.6344966058840398
575.04,0.5855437865047391
575.05,0.32266880780545476
575.06,0.5684628828656537
575.07,0.6416806686464115
575.08,0.4074779508945143
575.09,0.45176070417689845
575.1,0.6495475805954718
575.11,0.5343725362303127
575.12,0.33702327179069036
575.13,0.6108447655663974
575.14,0.618579342159331
575.15,0.3467393169461277
575.16,0.5202805123168822
575.17,0.6515408465364395
575.1800000000001,0.46796657934135183
575.19,0.3918462184322021
575.2,0.6385930353494503
575.21,0.5795244794335607
575.22,0.3202788766678108
575.23,0.5773601171230754
575.24,0.6397567881663256
575.25,0.39464178777952597
575.26,0.46500730582443783
575.27,0.652009825317269
575.28,0.5228054308842668
575.29,0.34435605521197415
575.3,0.6188342822154324
575.31,0.6124959240965492
575.32,0.33578035253288613
575.33,0.535097744814312
575.34,0.651098303881008
575.35,0.45039947896911126
575.36,0.4086436314906087
575.37,0.6443078242141987
575.38,0.5673716681698462
575.39,0.3202381244046137
575.4,0.590905548795195
575.41,0.634884475758431
575.42,0.3747007321974894
575.4300000000001,0.4862463161196907
575.44,0.6542523675012681
575.45,0.5030167465969224
575.46,0.3597709854505321
575.47,0.6292880663349577
575.48,0.601239831750262
575.49,0.3236497039047676
575.5,0.5556464620680817
575.51,0.6485040250195253
575.52,0.42409277582293853
575.53,0.43470322734416444
575.54,0.6504530609615479
575.55,0.547550402037398
575.56,0.32719786540830553
575.57,0.6076351476747059
575.58,0.6256230625133192
575.59,0.35003195031262746
575.6,0.514475443634733
575.61,0.6549163139542574
575.62,0.4737118031463164
575.63,0.3861013710800425
575.64,0.6406233772145342
575.65,0.5829245576871096
575.66,0.3162205947899943
575.67,0.5800705501988334
575.6800000000001,0.6420951914440435
575.69,0.3899168273951476
575.7,0.4697050456639205
575.71,0.6553586672252546
575.72,0.517990630157657
575.73,0.34680857993099967
575.74,0.6255072882807715
575.75,0.6098304138522991
575.76,0.32627789659147616
575.77,0.5475477185186388
575.78,0.6521092727890362
575.79,0.4341564210186958
575.8,0.42463300608948973
575.81,0.6508030434576552
575.82,0.5549412018558918
575.83,0.3219857534082948
575.84,0.6057946434537019
575.85,0.6295248083937561
575.86,0.3519785468637296
575.87,0.5114062712057887
575.88,0.6568784111560151
575.89,0.4766090034792408
575.9,0.38321954695103694
575.91,0.6420438164683258
575.92,0.5845341922785958
575.9300000000001,0.3137349688279313
575.94,0.5822260175566061
575.95,0.6432998835444269
575.96,0.386262275184924
575.97,0.47343426451923665
575.98,0.6573917556001406
575.99,0.5142002124482367
576.0,0.349305780000174
576.01,0.6297791605238277
576.02,0.6075702587098997
576.03,0.32060564756090465
576.04,0.5556671184133267
576.05,0.6523014102307225
576.06,0.4230822491643697
576.07,0.4357827346322435
576.08,0.6544684147901549
576.09,0.5459386251350301
576.1,0.3256326831117005
576.11,0.6146749137727919
576.12,0.6250852985062701
576.13,0.33869257364601846
576.14,0.5271401907987172
576.15,0.6574969616704679
576.16,0.45844893834788936
576.17,0.40071065696114394
576.1800000000001,0.6488124983374955
576.19,0.5719533049547167
576.2,0.31314754862838423
576.21,0.5974071017821859
576.22,0.6380909454429737
576.23,0.3633736682820764
576.24,0.49780137916410444
576.25,0.6596975656779713
576.26,0.4902669391491327
576.27,0.3702123041735634
576.28,0.6410570789392146
576.29,0.5928618386094094
576.3,0.31095969029245235
576.31,0.5786815404438138
576.32,0.6474845903297612
576.33,0.39063269764479586
576.34,0.46886250535534635
576.35,0.659591752605171
576.36,0.5177466338530475
576.37,0.3456536967724306
576.38,0.6317940922618923
576.39,0.6094287719841931
576.4,0.31689400354468117
576.41,0.5592307941577284
576.42,0.6540335725190914
576.4300000000001,0.4176046794760993
576.44,0.44147223781245315
576.45,0.6577763804139518
576.46,0.5408497366912579
576.47,0.32755987036328404
576.48,0.6215905861643554
576.49,0.6224053693438669
576.5,0.32827007949169557
576.51,0.5397916975701096
576.52,0.658386677895242
576.53,0.44254775559559784
576.54,0.4165880910405442
576.55,0.6547794122554311
576.56,0.5599050814455329
576.57,0.31562598038303824
576.58,0.6109932032274494
576.59,0.6324656676435655
576.6,0.34254085622768676
576.61,0.521070257899962
576.62,0.661092159927172
576.63,0.46457063159200307
576.64,0.39487716369024817
576.65,0.651074158357371
576.66,0.5753808891034435
576.67,0.30891857367204034
576.6800000000001,0.600523680247768
576.69,0.6401881777022334
576.7,0.3576371291608342
576.71,0.5037035800247289
576.72,0.6626140613872782
576.73,0.48333355090227037
576.74,0.37667441367479904
576.75,0.6470861578500119
576.76,0.5877632420951711
576.77,0.306162790001897
576.78,0.5906687228085071
576.79,0.6460566882239726
576.8,0.3720536323291592
576.81,0.4882289297990118
576.82,0.663344279293169
576.83,0.498811182336432
576.84,0.3620065084841239
576.85,0.6431944515561725
576.86,0.597497001038801
576.87,0.3060104918748634
576.88,0.5818677168175839
576.89,0.6504674218753747
576.9,0.38478424391701377
576.91,0.47506751414064635
576.92,0.6636102252152808
576.9300000000001,0.511130948197793
576.94,0.35066791060660224
576.95,0.6397290926337468
576.96,0.6049601881679108
576.97,0.30723015744438104
576.98,0.5745012260334252
576.99,0.6537369527630227
577.0,0.39520107763333856
577.01,0.46452576153287084
577.02,0.6636788632008124
577.03,0.5204721134060976
577.04,0.3423238300810862
577.05,0.6369665818305319
577.06,0.6104549003936628
577.07,0.30880965156734425
577.08,0.5688821529667969
577.09,0.6561087832134471
577.1,0.4029334056337966
577.11,0.456811603501058
577.12,0.6637581755363064
577.13,0.5270063436139515
577.14,0.33661468090118346
577.15,0.6351246037188641
577.16,0.6142055576967884
577.17,0.3099930673414462
577.1800000000001,0.5652501056082304
577.19,0.6577580695195306
577.2,0.4077701019022395
577.21,0.45205928084376096
577.22,0.6639970781877814
577.23,0.530864086029098
577.24,0.33324449691262414
577.25,0.6343570674550673
577.26,0.6163597540096268
577.27,0.3102811541543481
577.28,0.5637683334373141
577.29,0.6587946302406983
577.3,0.40959111209752064
577.31,0.4503545025587375
577.32,0.6644846477013094
577.33,0.5321161368421857
577.34,0.33204500191368014
577.35,0.6347501092080043
577.36,0.616989377535919
577.37,0.3094205049825189
577.38,0.5645219435193646
577.39,0.6592645477681536
577.4,0.40832618311362034
577.41,0.4517523436863595
577.42,0.6652493045752235
577.4300000000001,0.5307639298825799
577.44,0.33301324651527264
577.45,0.6363194575571304
577.46,0.6160908830195173
577.47,0.3073982430702997
577.48,0.5675161579563073
577.49,0.6591506207118943
577.5,0.40393802899770376
577.51,0.45628246597060634
577.52,0.6662583572759169
577.53,0.5267351544561557
577.54,0.3363226633545196
577.55,0.6390094138341779
577.56,0.6135841826074209
577.57,0.304450640688892
577.58,0.5726740539231632
577.59,0.6583717572340592
577.6,0.3964290234522659
577.61,0.4639394178413243
577.62,0.6674180552567368
577.63,0.5198836804318844
577.64,0.3423062137339098
577.65,0.6426936130029082
577.66,0.6093099134068068
577.67,0.3010864094482275
577.6800000000001,0.5798342476729956
577.69,0.6567811770934155
577.7,0.38587361955997085
577.71,0.4746594546276738
577.72,0.6685740255378277
577.73,0.5099950039006266
577.74,0.35140845344511257
577.75,0.6471776237312622
577.76,0.6030250806320698
577.77,0.2981168647683901
577.78,0.5887499222598885
577.79,0.654163049956991
577.8,0.3724818653893438
577.81,0.48828910167464834
577.82,0.6695116695233881
577.83,0.4968011896602465
577.84,0.3641038107217412
577.85,0.6522032333903403
577.86,0.5943975048559857
577.87,0.296674152820361
577.88,0.5990910337656215
577.89,0.6502269784323002
577.9,0.35670101716774205
577.91,0.5045538792193754
577.92,0.6699557743965812
577.9300000000001,0.4800133377392956
577.94,0.3807838492665879
577.95,0.6574538995961579
577.96,0.5830004628944483
577.97,0.2981856215917062
577.98,0.6104511773502096
577.99,0.6445996007307742
578.0,0.339358971752071
578.01,0.5230371112788502
578.02,0.669568257207642
578.03,0.4593857272321148
578.04,0.40162764505908755
578.05,0.6625603531682959
578.06,0.5683110051056139
578.07,0.30426270823444285
578.08,0.6223594363224038
578.09,0.6368126771252335
578.1,0.3218385811340015
578.11,0.5431773856691604
578.12,0.6679426355747022
578.13,0.4348342333939869
578.14,0.4264834669147852
578.15,0.6671047854557366
578.16,0.5497197415975974
578.17,0.31646936649288493
578.1800000000001,0.6342958698567416
578.19,0.6262876361968848
578.2,0.3062369062337258
578.21,0.5642886013315238
578.22,0.6645935575984279
578.23,0.4066401864346178
578.24,0.4547986528458666
578.25,0.6706215433427533
578.26,0.5265682831220136
578.27,0.33597437209702413
578.28,0.6457076347230144
578.29,0.6123183554241762
578.3,0.295404483377605
578.31,0.5855997111241874
578.32,0.6589396389627937
578.33,0.37577020071316125
578.34,0.48562843765138347
578.35,0.672591862064511
578.36,0.4982457307264924
578.37,0.3631659342399998
578.38,0.6560215970435207
578.39,0.5940583748152635
578.4,0.29270036841049396
578.41,0.606304712647669
578.42,0.6502782346545828
578.4300000000001,0.3443078952442478
578.44,0.5177305107962529
578.45,0.6724299159998224
578.46,0.46439989223508377
578.47,0.39737998127064633
578.48,0.6646489385166834
578.49,0.5705287732742093
578.5,0.30131724365556783
578.51,0.6256098063568573
578.52,0.6377523598708382
578.53,0.3158806092743714
578.54,0.5497197209503606
578.55,0.6694573900662787
578.56,0.4253475340058179
578.57,0.4368958664428862
578.58,0.6709775887281801
578.59,0.5406842410233063
578.6,0.3232340070428219
578.61,0.64276518294368
578.62,0.6203146308352976
578.63,0.29574389089207037
578.64,0.5802343766258373
578.65,0.6628640810750159
578.66,0.38276924950839997
578.67,0.479244426540487
578.6800000000001,0.6743489210928039
578.69,0.5036162085766157
578.7,0.35822028874619066
578.71,0.6570727395112789
578.72,0.5967052472479424
578.73,0.2899752573173338
578.74,0.608064824145178
578.75,0.6516535840153699
578.76,0.3406508561350382
578.77,0.5217104874135209
578.78,0.674015618478899
578.79,0.45903893491134196
578.8,0.4035329263883943
578.81,0.6678658079317551
578.82,0.5654904356612195
578.83,0.3034424872453479
578.84,0.6322142284402438
578.85,0.6345785140025233
578.86,0.3060137572160866
578.87,0.5618184898381053
578.88,0.6690779635028836
578.89,0.4082673139265479
578.9,0.4546270040265109
578.91,0.6744603517074095
578.92,0.5252729419202475
578.9300000000001,0.33724688605772435
578.94,0.651886797372986
578.95,0.6100859746533036
578.96,0.28826721993314747
578.97,0.5976312039523103
578.98,0.6583972939939212
578.99,0.3557907066008532
579.0,0.5065050148395454
579.01,0.6760779015417785
579.02,0.4753097473048508
579.03,0.38748806718150597
579.04,0.666416212806898
579.05,0.5763382750924158
579.06,0.2959070443187439
579.07,0.6278130749684551
579.08,0.6404924190964325
579.09,0.31085397425016964
579.1,0.5549342184450082
579.11,0.6717394127833743
579.12,0.4169266790702287
579.13,0.4466484064402107
579.14,0.6751513815446655
579.15,0.5314826192979075
579.16,0.33144391152421754
579.17,0.6515113616780941
579.1800000000001,0.6134501234252286
579.19,0.28688525077764665
579.2,0.5970199476012754
579.21,0.6601295297961411
579.22,0.35601172783018853
579.23,0.5066238938722186
579.24,0.6773107070537424
579.25,0.47456821000758376
579.26,0.38878997991872133
579.27,0.668140475247144
579.28,0.5749576552506418
579.29,0.2959477179471411
579.3,0.6311399378980691
579.31,0.6394417630660956
579.32,0.30557272286102805
579.33,0.5611810013002433
579.34,0.6718068449125006
579.35,0.40780124257932726
579.36,0.4562608623742224
579.37,0.6771330058140671
579.38,0.522767170241157
579.39,0.34002736705304776
579.4,0.6565296021900328
579.41,0.6072632557706416
579.42,0.28417200130651316
579.4300000000001,0.6067037241689774
579.44,0.6570411450795128
579.45,0.34052039987554916
579.46,0.5224168751246141
579.47,0.6776817667141365
579.48,0.456327288506869
579.49,0.40807664293399076
579.5,0.6727865828698548
579.51,0.5607144561861119
579.52,0.30555415001459973
579.53,0.6416506055466261
579.54,0.630691850802262
579.55,0.2923030970759541
579.56,0.5797365376720736
579.57,0.668467812807212
579.58,0.3807515934678867
579.59,0.4832111460341233
579.6,0.6794198556686107
579.61,0.497479604541341
579.62,0.3660384063730602
579.63,0.665592802467361
579.64,0.58963417095464
579.65,0.2868079826308173
579.66,0.6247973407327876
579.67,0.647370043994163
579.6800000000001,0.3128497980877064
579.69,0.551909077133414
579.7,0.6754516936314622
579.71,0.419163861468571
579.72,0.4460949464270879
579.73,0.6783509996285124
579.74,0.530501753525868
579.75,0.33278644058819357
579.76,0.6567251051104903
579.77,0.6112314433152867
579.78,0.28153739333624805
579.79,0.6072620894411335
579.8,0.6590347290868318
579.81,0.3384627092287764
579.82,0.5249288152078697
579.83,0.679340474962619
579.84,0.45233098377012854
579.85,0.4132158860338403
579.86,0.6755767974850087
579.87,0.5560765324978982
579.88,0.30904476395334657
579.89,0.6472596268490295
579.9,0.6270958197857424
579.91,0.2854289042353504
579.92,0.5903111855763356
579.9300000000001,0.6670428178806765
579.94,0.36384068441448325
579.95,0.5003804392673127
579.96,0.6811955715635265
579.97,0.47913773650916536
579.98,0.38598916050549525
579.99,0.6720300265832405
580.0,0.575300053809736
580.01,0.2937956105898107
580.02,0.6381811356331188
580.03,0.6385299880125951
580.04,0.29392087117712307
580.05,0.5751241504702078
580.06,0.6724338714440349
580.07,0.38585860235668284
580.08,0.4795752172799312
580.09,0.6818561218045569
580.1,0.49960038501442244
580.11,0.3649933686945154
580.12,0.6684976882202005
580.13,0.589232479203619
580.14,0.284995587993595
580.15,0.6303607269912654
580.16,0.6465339817786391
580.17,0.3032848776250494
580.1800000000001,0.5627243193886743
580.19,0.6759880379287369
580.2,0.4029516638837703
580.21,0.4634701877697866
580.22,0.6819741158822801
580.23,0.5141479072765431
580.24,0.35013637699038386
580.25,0.6656203194636828
580.26,0.5987326283605711
580.27,0.28038305692135773
580.28,0.6245207534927345
580.29,0.6518330123909425
580.3,0.3109262155379346
580.31,0.5539239996082238
580.32,0.6782664105026757
580.33,0.41445246835422506
580.34,0.45267937216032816
580.35,0.6820292816643393
580.36,0.5232506514975573
580.37,0.34098586876609926
580.38,0.6638789118575367
580.39,0.6044115096868241
580.4,0.2780704722556737
580.41,0.621199278467658
580.42,0.654908703286407
580.4300000000001,0.3152573354300652
580.44,0.5492940736932888
580.45,0.6796351685098128
580.46,0.4201161177289858
580.47,0.4475522122123732
580.48,0.6823323162668905
580.49,0.5272467254231812
580.5,0.3371180568817277
580.51,0.6635785262582816
580.52,0.6066273993092199
580.53,0.2768662198358626
580.54,0.6207215869558357
580.55,0.656021804799875
580.56,0.3154676063792497
580.57,0.5491533480269419
580.58,0.6802781515773535
580.59,0.4198426783054137
580.6,0.44826564469554514
580.61,0.6830233366699529
580.62,0.5262666043128287
580.63,0.33837518374208214
580.64,0.6648351048776603
580.65,0.6054896116580682
580.66,0.2764127481534972
580.67,0.623181905062541
580.6800000000001,0.6552241954180524
580.69,0.311364772730441
580.7,0.5535649388973104
580.71,0.6802019817943271
580.72,0.41355159630115246
580.73,0.45487618843173855
580.74,0.684070173205662
580.75,0.5202039644335953
580.76,0.344977201054714
580.77,0.667569475534256
580.78,0.6008580378612711
580.79,0.27723718260256064
580.8,0.6284362345933512
580.81,0.6523602665831225
580.82,0.3033581242416957
580.83,0.5623294938344041
580.84,0.6792359720101275
580.85,0.4011777523650175
580.86,0.4673012855451498
580.87,0.6852686723279772
580.88,0.5087129927486093
580.89,0.35746671726710216
580.9,0.6715102795742034
580.91,0.5923342011670943
580.92,0.28074634341839244
580.9300000000001,0.63610719082347
580.94,0.6470572721534621
580.95,0.29260120957707375
580.96,0.5749755829200073
580.97,0.6770266804056257
580.98,0.38279465852076333
580.99,0.48523373213361776
581.0,0.6862445815732396
581.01,0.4912371963088904
581.02,0.376484814370845
581.03,0.6762053089718221
581.04,0.57924485024874
581.05,0.2891102251810018
581.06,0.6456021752190777
581.07,0.6387029724104188
581.08,0.2812679373827715
581.09,0.5907589703008526
581.1,0.6730244069076485
581.11,0.3589102011918895
581.12,0.5080285856293657
581.13,0.6864538568024612
581.14,0.4671038739992748
581.15,0.40240897147247445
581.16,0.6810381173233403
581.17,0.5606270681025767
581.1800000000001,0.30490734007329345
581.19,0.6561448040709781
581.2,0.6264084565928038
581.21,0.27284244146511966
581.22,0.6086865778319468
581.23,0.6664564117783488
581.24,0.3310065277019119
581.25,0.5346251245424417
581.26,0.6851753750894538
581.27,0.43576525933066185
581.28,0.43495131428823774
581.29,0.6852436245493233
581.3,0.5352429926745459
581.31,0.33042182911837525
581.32,0.6668151933895081
581.33,0.6089570631866719
581.34,0.2721223429759386
581.35,0.6275733332111358
581.36,0.656279709769852
581.37,0.30234890226977146
581.38,0.563561243684313
581.39,0.681487141187213
581.4,0.39734083617240745
581.41,0.4728856909795028
581.42,0.687913042210817
581.4300000000001,0.5016986852587697
581.44,0.3666733495408762
581.45,0.6765885971663376
581.46,0.5847535843782695
581.47,0.28445169527360853
581.48,0.6461234261622203
581.49,0.6411066946139237
581.5,0.27882708353966656
581.51,0.5930975220700507
581.52,0.6742144015704712
581.53,0.35368468350751775
581.54,0.5140672843096311
581.55,0.6879752455260171
581.56,0.45884398881098526
581.57,0.4125918270292079
581.58,0.6843564950291962
581.59,0.5518289692702092
581.6,0.3138663313561164
581.61,0.6630107569071589
581.62,0.6191052318071087
581.63,0.268977832429902
581.64,0.621410660664225
581.65,0.6618366954433045
581.66,0.3100816414164939
581.67,0.5557775032128802
581.6800000000001,0.6841388868649155
581.69,0.406812862025103
581.7,0.4649122546259752
581.71,0.6889112880382361
581.72,0.5080663349466892
581.73,0.36075004159444135
581.74,0.6769256459479944
581.75,0.5879086981170307
581.76,0.2817633931801868
581.77,0.6467766969139209
581.78,0.6423452851113254
581.79,0.2768638300869348
581.8,0.5952389635972098
581.81,0.6747772853545442
581.82,0.34921785624398444
581.83,0.5190104542887161
581.84,0.6888747521346522
581.85,0.4520715650845749
581.86,0.42072200975986895
581.87,0.6865582436211287
581.88,0.5446806614598966
581.89,0.32174509277977237
581.9,0.667667280987153
581.91,0.6130695325168128
581.92,0.2683746898518208
581.9300000000001,0.6300524487609247
581.94,0.6577394832695499
581.95,0.2964568132238255
581.96,0.5702217885561862
581.97,0.6825491324164361
581.98,0.3855421175488852
581.99,0.4860669987232453
582.0,0.6904970576092012
582.01,0.48678501161029825
582.02,0.384857371372093
582.03,0.6827173741918349
582.04,0.5705971685439916
582.05,0.29608291586580093
582.06,0.65837892964632
582.07,0.6300922774528428
582.08,0.26723598420143696
582.09,0.6148737853006413
582.1,0.6676687895682825
582.11,0.3179722897849339
582.12,0.5487902275790998
582.13,0.6870242380364437
582.14,0.41419082763188664
582.15,0.459566391122443
582.16,0.6905575736156551
582.17,0.5112632005365861
582.1800000000001,0.35879875699107655
582.19,0.6788380262519504
582.2,0.5879045088708452
582.21,0.28127030380290025
582.22,0.6506009205196117
582.23,0.6410464023191396
582.24,0.2713300225226954
582.25,0.6030157553754654
582.26,0.6737848487384487
582.27,0.3353791359122033
582.28,0.5329378159024961
582.29,0.6895133937189132
582.3,0.4336136109983106
582.31,0.4412087957077876
582.32,0.690190441275852
582.33,0.5265927654180258
582.34,0.3424638917822188
582.35,0.67603033786266
582.36,0.5982200395194053
582.37,0.27379909793679114
582.38,0.6455412918955884
582.39,0.6473160214570755
582.4,0.27536480932657126
582.41,0.5958431380404257
582.42,0.6771565746091838
582.4300000000001,0.34562115252810427
582.44,0.5240652947060862
582.45,0.6908692903184096
582.46,0.4435957422964606
582.47,0.43187650954178514
582.48,0.6901452561452193
582.49,0.5337092588265041
582.5,0.33512574633224046
582.51,0.6750320734446903
582.52,0.6025492647397346
582.53,0.2708640883634273
582.54,0.6439864908861913
582.55,0.649686898226178
582.56,0.2763097225219202
582.57,0.5941960073408947
582.58,0.6783621455973884
582.59,0.3473927156085165
582.6,0.5229474545627768
582.61,0.6915333201490321
582.62,0.44420189536940036
582.63,0.4319434727422538
582.64,0.690786842140736
582.65,0.5330647584803256
582.66,0.33632435238695474
582.67,0.6761683912146492
582.6800000000001,0.6012829058082695
582.69,0.2713110318244712
582.7,0.6462331309068771
582.71,0.6484076060566485
582.72,0.2732320780503528
582.73,0.5983247886717237
582.74,0.6775337379422093
582.75,0.340367145887768
582.76,0.5297520934985986
582.77,0.6915523485876555
582.78,0.4353402026629804
582.79,0.44151502909188794
582.8,0.6920888510997399
582.81,0.5245241846572466
582.82,0.34634735154940677
582.83,0.6793295645659269
582.84,0.5942032217877347
582.85,0.27597118738218496
582.86,0.6520588394941603
582.87,0.6432076562093889
582.88,0.2672153562052626
582.89,0.6078664889951292
582.9,0.6743664278989759
582.91,0.325046708382739
582.92,0.5440300279607149
582.9300000000001,0.6905804000087664
582.94,0.41671915791187375
582.95,0.46040266048289125
582.96,0.6936347205310484
582.97,0.5073546367270699
582.98,0.3661097882406691
582.99,0.6839779274831698
583.0,0.5804631121439525
583.01,0.28754137081974823
583.02,0.6607391344558465
583.03,0.6332690422477031
583.04,0.261600791207719
583.05,0.6218604094081319
583.06,0.6680933963210631
583.07,0.30326587536825433
583.08,0.564665657655758
583.09,0.6878664612005482
583.1,0.38819169267799436
583.11,0.48783397672487283
583.12,0.694625233429427
583.13,0.4803199750466572
583.14,0.3964396076265489
583.15,0.6891816023481296
583.16,0.5585447375430719
583.17,0.30984847811098376
583.1800000000001,0.6711092641383877
583.19,0.6171473803811195
583.2,0.2622616874382299
583.21,0.6388180944306698
583.22,0.6574172740770976
583.23,0.2793663153435433
583.24,0.5898634198907977
583.25,0.6822150436801988
583.26,0.35072720051631934
583.27,0.5221044751057005
583.28,0.6938770431876727
583.29,0.44206103414738634
583.3,0.4370098516004288
583.31,0.6936576793183578
583.32,0.5262670172154049
583.33,0.3462065884606344
583.34,0.6816567775250879
583.35,0.5926482525456065
583.36,0.27697775179154444
583.37,0.6568569917762033
583.38,0.640377897269776
583.39,0.2616650494920028
583.4,0.6172648229680447
583.41,0.6718915879734438
583.42,0.3084324477848103
583.4300000000001,0.5604758458302077
583.44,0.6897811660078232
583.45,0.3922449198154945
583.46,0.4854969762837591
583.47,0.6957912650155255
583.48,0.48108553714891955
583.49,0.39714197446117194
583.5,0.6906097443482302
583.51,0.5567253602856155
583.52,0.3126733346013047
583.53,0.673870176389325
583.54,0.6141440100873
583.55,0.26252088700502857
583.56,0.6442109747486292
583.57,0.6544334954067647
583.58,0.271579339972313
583.59,0.5994971233620906
583.6,0.680174979663252
583.61,0.3343971386743273
583.62,0.5376326682871531
583.63,0.6935806447857056
583.64,0.4213896708242373
583.65,0.45889051109629503
583.66,0.6959641475130804
583.67,0.5057010627345383
583.6800000000001,0.37081418910350467
583.69,0.6876591788114785
583.7,0.57479396773853
583.71,0.2938887577420175
583.72,0.6680435048260478
583.73,0.6263367949460829
583.74,0.2580197066584628
583.75,0.6356129326443498
583.76,0.6620688470510945
583.77,0.2809790817147719
583.78,0.588261304998219
583.79,0.6844432732014228
583.8,0.3503711405767195
583.81,0.5242301040497049
583.82,0.6953792966719567
583.83,0.43683069434476895
583.84,0.44462648363375157
583.85,0.6959352249468342
583.86,0.5174898650302779
583.87,0.35826244498068066
583.88,0.6862737771130425
583.89,0.5826985851811791
583.9,0.2862819541761619
583.91,0.6656913733818394
583.92,0.6311833855135343
583.9300000000001,0.2567898728851092
583.94,0.6326952112711686
583.95,0.6648044716394259
583.96,0.2839250486112766
583.97,0.5852881373121325
583.98,0.6858585771873776
583.99,0.3537931906188971
584.0,0.5218918615793267
584.01,0.6960985352108625
584.02,0.43861194703671696
584.03,0.44370514478876855
584.04,0.6964830115265227
584.05,0.5174309473683227
584.06,0.3591053514896914
584.07,0.6871557512605353
584.08,0.5814301333329617
584.09,0.2877921879252784
584.1,0.667473709263362
584.11,0.629419504658233
584.12,0.25615308304977863
584.13,0.6360730089908228
584.14,0.6631204767626897
584.15,0.27866880808506655
584.16,0.5911035650542874
584.17,0.6847052704646855
584.1800000000001,0.34409160200560807
584.19,0.5309805286983547
584.2,0.6958769984501723
584.21,0.4266421010586193
584.22,0.45630806419508385
584.23,0.6976236183209245
584.24,0.5054018113981404
584.25,0.37358855556276066
584.26,0.6901930176378556
584.27,0.5707038020910837
584.28,0.2993221150404872
584.29,0.6731170100989134
584.3,0.6206284537671064
584.31,0.25795558808065944
584.32,0.6452587096746547
584.33,0.6565159187243893
584.34,0.26716162266868326
584.35,0.6049680794829897
584.36,0.6804195442416716
584.37,0.3221630975239403
584.38,0.5505884453442258
584.39,0.6940787679099285
584.4,0.4005107634517231
584.41,0.4818017070942828
584.42,0.6986120777542452
584.4300000000001,0.48014656397033034
584.44,0.402428885311676
584.45,0.6944685736954603
584.46,0.548927665228873
584.47,0.3243316621337366
584.48,0.6814452768345635
584.49,0.6031805108474273
584.5,0.26844659887896966
584.51,0.6587187258206423
584.52,0.6434359251583762
584.53,0.2558874086383962
584.54,0.6249276826768568
584.55,0.6715260530416763
584.56,0.29174398320945705
584.57,0.5784481788080948
584.58,0.6892570382105644
584.59,0.360535600004496
584.6,0.5181728665479729
584.61,0.6979477139482041
584.62,0.4397213278759474
584.63,0.4453031042207767
584.64,0.6983216742763685
584.65,0.5132201068049376
584.66,0.36646059644916706
584.67,0.6905090887389314
584.6800000000001,0.5740543932278713
584.69,0.29665098102942694
584.7,0.6740697299091709
584.71,0.6210473779368253
584.72,0.25695604225578467
584.73,0.6480313858363066
584.74,0.6554433333174273
584.75,0.26268142808503614
584.76,0.6110059949548231
584.77,0.679023791058042
584.78,0.3109167927450613
584.79,0.5615462411168198
584.8,0.6933257098154867
584.81,0.3832829749504827
584.82,0.49906189205510687
584.83,0.6993946846300647
584.84,0.4599717897154588
584.85,0.42573142843154593
584.86,0.697741555177234
584.87,0.5287223608085022
584.88,0.34942146285675224
584.89,0.688355851931329
584.9,0.5848686215564458
584.91,0.28566584086856583
584.92,0.6707283379542327
584.9300000000001,0.6280836778586937
584.94,0.2538948358550698
584.95,0.643891356828494
584.96,0.6597197465431971
584.97,0.2658888785781262
584.98,0.6065406102343285
584.99,0.6814164028908982
585.0,0.3163930011960239
585.01,0.557387692055421
585.02,0.6945381455031044
585.03,0.3876899616472318
585.04,0.4960202646445313
585.05,0.7000023259594091
585.06,0.46201214553613573
585.07,0.424621013821304
585.08,0.698253845891661
585.09,0.5285741870586469
585.1,0.35050012331702146
585.11,0.6892798854441248
585.12,0.5832571047852816
585.13,0.28776774579805603
585.14,0.672630243765955
585.15,0.6257593644364186
585.16,0.25419084913312034
585.17,0.6474509271518011
585.1800000000001,0.6572984648865909
585.19,0.26140699794554256
585.2,0.6125797768843422
585.21,0.679384851862853
585.22,0.30621671348329943
585.23,0.5668164470740737
585.24,0.6933092142863535
585.25,0.37329939881219254
585.26,0.5095752187782149
585.27,0.6999767413693828
585.28,0.4458205687827675
585.29,0.4422038570161648
585.3,0.6998782380176687
585.31,0.5126113472280625
585.32,0.3700460288353016
585.33,0.6931019670153313
585.34,0.5687797413853868
585.35,0.3042864469820528
585.36,0.6793515072737768
585.37,0.6134065283070411
585.38,0.2607381691752769
585.39,0.6579689126875953
585.4,0.6473573891019437
585.41,0.2529313976389432
585.42,0.6279910954181988
585.4300000000001,0.6719983668558223
585.44,0.2831666099537087
585.45,0.5883078778534268
585.46,0.6886078969897009
585.47,0.34088728866560375
585.48,0.5380544683512969
585.49,0.6981609764054514
585.5,0.4102858387682446
585.51,0.477445684186654
585.52,0.7012752162212481
585.53,0.4785366083420113
585.54,0.40923548144747873
585.55,0.6982136548827151
585.56,0.5386169457257707
585.57,0.34054978255320434
585.58,0.6889002813254169
585.59,0.5880980589104731
585.6,0.2836350154603138
585.61,0.6729364608248988
585.62,0.6270539645552677
585.63,0.2528911443661709
585.64,0.6496273910623113
585.65,0.6565473090262034
585.66,0.2575943419255914
585.67,0.6180506104006198
585.6800000000001,0.6778240640701629
585.69,0.29572615355441
585.7,0.5772340217659163
585.71,0.6919647092267943
585.72,0.3555425415654342
585.73,0.5265635954921372
585.74,0.6997645034912936
585.75,0.42301171666230714
585.76,0.466588443618441
585.77,0.7017100322622236
585.78,0.48773670273764325
585.79,0.40032649237174395
585.8,0.6979877597902
585.81,0.5443117346255758
585.82,0.33474525766520374
585.83,0.6884983924726296
585.84,0.5909965403631485
585.85,0.28110821058818375
585.86,0.6728713951484568
585.87,0.6280043160095042
585.88,0.2521503583075767
585.89,0.6504883462513451
585.9,0.6563154286839348
585.91,0.25594110709758977
585.92,0.6205403844221673
585.9300000000001,0.6770462220201277
585.94,0.2908648586433724
585.95,0.5821705405103447
585.96,0.6911705343401344
585.97,0.346815029422077
585.98,0.534789153738617
585.99,0.6994211876289447
586.0,0.41124893682449193
586.01,0.4786858134532794
586.02,0.7022696027716275
586.03,0.47436900331038395
586.04,0.41602910574548874
586.05,0.6999328632392791
586.06,0.5306690097450782
586.07,0.352087736199916
586.08,0.6923864761691187
586.09,0.5780492379959193
586.1,0.29586032189739786
586.11,0.6793766861653737
586.12,0.6163795194123031
586.13,0.2586108235310697
586.14,0.6604363260305829
586.15,0.6464043149324038
586.16,0.2495177111686993
586.17,0.6349185099086159
586.1800000000001,0.6691124005981176
586.19,0.27070004572387923
586.2,0.6020774732922961
586.21,0.6854339493284378
586.22,0.3159986621154137
586.23,0.5612485906704652
586.24,0.6961190143635305
586.25,0.37471028261120826
586.26,0.5122070653067456
586.27,0.7017022406649082
586.28,0.43663782372986254
586.29,0.45579365083737705
586.3,0.7025025165564239
586.31,0.4948589334011446
586.32,0.3948161827325901
586.33,0.6986331749083163
586.34,0.5458812805934701
586.35,0.3349461282512475
586.36,0.6900130702119369
586.37,0.5886060008636124
586.38,0.28480066966023065
586.39,0.6763772241642568
586.4,0.6232331955936311
586.41,0.25410730707063844
586.42,0.6572920180119743
586.4300000000001,0.6505081807243646
586.44,0.24986074341957018
586.45,0.6321872208682776
586.46,0.6713013287689309
586.47,0.2727216045217838
586.48,0.6004279783076579
586.49,0.6864077475735944
586.5,0.3167265625858462
586.51,0.5614656312185194
586.52,0.696467356925811
586.53,0.3725476641393429
586.54,0.5151239285042555
586.55,0.7019427183527324
586.56,0.43142021283503496
586.57,0.4620807847554222
586.58,0.703120693574799
586.59,0.48726898899654497
586.6,0.40455152283193124
586.61,0.7001214561900578
586.62,0.5368667546121205
586.63,0.3469943285410595
586.64,0.6929080579282344
586.65,0.5790510397505313
586.66,0.29631647416629364
586.67,0.6812952797712328
586.6800000000001,0.6138466431222417
586.69,0.2608048081268272
586.7,0.6649604729578251
586.71,0.6418268075575373
586.72,0.24746948669034122
586.73,0.643463354946558
586.74,0.6637350789649352
586.75,0.2589529836571228
586.76,0.6162877240543722
586.77,0.6802917023489577
586.78,0.2922479875619794
586.79,0.5829268068501063
586.8,0.6921081204341514
586.81,0.34029657453214246
586.82,0.5430449471612564
586.83,0.6996574034557517
586.84,0.395090036422714
586.85,0.4967563503468502
586.86,0.7032703480987972
586.87,0.4501046853068148
586.88,0.4450503144858358
586.89,0.7031413877436811
586.9,0.5011773059453039
586.91,0.39032810548616825
586.92,0.699336820858038
586.9300000000001,0.5462406897745519
586.94,0.3368598498848775
586.95,0.6918025573083355
586.96,0.5846526484617773
586.97,0.2907438831991491
586.98,0.6803714408634155
586.99,0.6165711536198631
587.0,0.25886919681140247
587.01,0.664772485823525
587.02,0.6425197125076193
587.03,0.2468221765397398
587.04,0.6446469691690748
587.05,0.6631307257117456
587.06,0.25665442240922365
587.07,0.6195799584892315
587.08,0.6790117933134512
587.09,0.2860036296176451
587.1,0.5891609838229269
587.11,0.690684945754059
587.12,0.3292288380971146
587.13,0.5530938248889793
587.14,0.6985647654948242
587.15,0.37966962252314534
587.16,0.5113801546100664
587.17,0.7029551878777803
587.1800000000001,0.4315742511184497
587.19,0.46459738006276896
587.2,0.7040539898586068
587.21,0.4809663011871558
587.22,0.4142616975878538
587.23,0.7019594786451968
587.24,0.5256135463457151
587.25,0.36319211950098185
587.26,0.696677040396785
587.27,0.5645842975933506
587.28,0.3156670943880814
587.29,0.6881250740612513
587.3,0.5977566130806701
587.31,0.2770614830213812
587.32,0.676141147293848
587.33,0.6254370631239697
587.34,0.25274399989302165
587.35,0.6604904697758711
587.36,0.6481125902884994
587.37,0.24645173843202767
587.38,0.6408803571282811
587.39,0.6663073233743824
587.4,0.2589245194665259
587.41,0.6169865383340553
587.42,0.6805084303018694
587.4300000000001,0.28765850723766756
587.44,0.588500045189676
587.45,0.6911326652382572
587.46,0.3279335992915144
587.47,0.5552066301019879
587.48,0.6985149058416542
587.49,0.3744184039101859
587.5,0.5171126224086339
587.51,0.7029075029761265
587.52,0.4224799040820764
587.53,0.4746279667520523
587.54,0.7044842219080202
587.55,0.46879434139437803
587.56,0.42880161999822913
587.57,0.7033455595328058
587.58,0.5113630351406683
587.59,0.38156718381472715
587.6,0.6995239810780665
587.61,0.5492278453376166
587.62,0.3358948834995159
587.63,0.6929886680546912
587.64,0.5821248410076465
587.65,0.295683646770319
587.66,0.6836500700022229
587.67,0.6101940729346619
587.6800000000001,0.26523327931110413
587.69,0.6713651483779033
587.7,0.6337759001484795
587.71,0.24829668593665158
587.72,0.6559448628800715
587.73,0.6532835476085791
587.74,0.2470099707560339
587.75,0.6371663065201788
587.76,0.6691304655775551
587.77,0.2612156652907445
587.78,0.6147930236788375
587.79,0.6816928518136408
587.8,0.28856047196073814
587.81,0.5886084184403325
587.82,0.6912929975913024
587.83,0.3252970373499192
587.84,0.5584685053985576
587.85,0.6981941120097163
587.86,0.36733574031672234
587.87,0.5243807950102737
587.88,0.7026009571489459
587.89,0.4110790246343599
587.9,0.48661418731660777
587.91,0.7046630477807448
587.92,0.4538340833595983
587.9300000000001,0.4458375809189507
587.94,0.704478669613224
587.95,0.4938588733577887
587.96,0.40326905665319474
587.97,0.7020988712167167
587.98,0.5302024685591324
587.99,0.3607914958512519
588.0,0.6975311284681509
588.01,0.562482102666863
588.02,0.32096064237987915
588.03,0.6907427290028383
588.04,0.590678392598606
588.05,0.28681880519643116
588.06,0.681664185734363
588.07,0.6149788456643716
588.08,0.2614646492438204
588.09,0.6701932346053763
588.1,0.635671000806328
588.11,0.24743570514795615
588.12,0.6562002539291953
588.13,0.6530753330107149
588.14,0.24609666765010985
588.15,0.6395362937634668
588.16,0.6675062325874914
588.17,0.25729033676854096
588.1800000000001,0.6200453385957789
588.19,0.6792512663288875
588.2,0.27941448448368655
588.21,0.5975829186161586
588.22,0.6885616276007254
588.23,0.309878985668197
588.24,0.572043633328006
588.25,0.6956490479408052
588.26,0.3457257718888473
588.27,0.5434003178737452
588.28,0.7006861918993795
588.29,0.3841728136818694
588.3,0.5117570120272671
588.31,0.7038087433952579
588.32,0.4229477673147874
588.33,0.4774158536564804
588.34,0.7051181558813785
588.35,0.46040306970559164
588.36,0.44095357904245314
588.37,0.7046845156483467
588.38,0.4954777988601348
588.39,0.40329573353407117
588.4,0.7025492610358417
588.41,0.5275845325911569
588.42,0.36576643366588707
588.4300000000001,0.6987276824299958
588.44,0.556479218827503
588.45,0.33008174251575795
588.46,0.693211246941055
588.47,0.5821454603755061
588.48,0.2982524527745598
588.49,0.6859698789011127
588.5,0.6047045921355544
588.51,0.2723766031068923
588.52,0.6769544037636457
588.53,0.6243517137291511
588.54,0.25433828255191965
588.55,0.6660994419689938
588.56,0.6413131610869652
588.57,0.24547793167495335
588.58,0.6533271291823509
588.59,0.6558199011539205
588.6,0.24633391090421186
588.61,0.6385521438327312
588.62,0.6680919615399303
588.63,0.25654636915169904
588.64,0.6216886374873385
588.65,0.6783301215578555
588.66,0.2749570159284679
588.67,0.6026597744523866
588.6800000000001,0.6867121711639217
588.69,0.2998624958774165
588.7,0.5814106612330809
588.71,0.6933919133538635
588.72,0.3293291258800228
588.73,0.5579254259627622
588.74,0.6984997219985812
588.75,0.3614758649291546
588.76,0.5322489977671014
588.77,0.7021439075596643
588.78,0.3946688815837001
588.79,0.5045136055015247
588.8,0.7044124375518757
588.81,0.42761588934051975
588.82,0.4749690064252311
588.83,0.7053747496679911
588.84,0.45937935174708455
588.85,0.44401383924493953
588.86,0.705083517652895
588.87,0.4893389917470529
588.88,0.4122232781577982
588.89,0.7035763070946884
588.9,0.5171313623519889
588.91,0.3803656545667341
588.92,0.700877106835372
588.9300000000001,0.5425857048989287
588.94,0.3493987068552949
588.95,0.6969977528643672
588.96,0.565666645856288
588.97,0.32043594858613295
588.98,0.6919392824827068
588.99,0.5864279037779185
589.0,0.2946768581432156
589.01,0.6856932718970522
589.02,0.6049773850978308
589.03,0.2733021027625663
589.04,0.6782432232402433
589.05,0.6214522298000166
589.06,0.2573458913944427
589.07,0.6695660787963128
589.08,0.6360017735748867
589.09,0.2475683343279586
589.1,0.6596339520420424
589.11,0.6487764355295726
589.12,0.24435619344489717
589.13,0.6484161763881058
589.14,0.6599208486223194
589.15,0.24767649992585078
589.16,0.6358817827709732
589.17,0.6695699208718586
589.1800000000001,0.2570942136448895
589.19,0.6220025240099389
589.2,0.6778468571838614
589.21,0.2718474646947239
589.22,0.6067565636498651
589.23,0.6848624501234958
589.24,0.29095942165821786
589.25,0.5901329351159418
589.26,0.6907151607967909
589.27,0.31335993575629145
589.28,0.5721368464085028
589.29,0.6954916664501597
589.3,0.33799348696978393
589.31,0.5527958477553555
589.32,0.6992676616603667
589.33,0.36389911084846904
589.34,0.5321667856266568
589.35,0.7021087763069155
589.36,0.39025811269287575
589.37,0.5103433279093957
589.38,0.7040715255667037
589.39,0.416412998813207
589.4,0.4874636575681061
589.41,0.7052042418226849
589.42,0.4418649605736634
589.4300000000001,0.463717701429841
589.44,0.7055479613698451
589.45,0.4662579752709334
589.46,0.439353005836445
589.47,0.7051372535574224
589.48,0.48935639128921343
589.49,0.41467813416580945
589.5,0.7040009893730121
589.51,0.511020930581102
589.52,0.39006230760235266
589.53,0.7021630522403497
589.54,0.5311861435450232
589.55,0.3659300249426926
589.56,0.6996429971838467
589.57,0.5498408558162959
589.58,0.34274966724959993
589.59,0.6964566663131475
589.6,0.5670121254304404
589.61,0.32101568014638476
589.62,0.6926167694341443
589.63,0.5827526224247823
589.64,0.30122482130798345
589.65,0.688133438721765
589.66,0.5971310353868816
589.67,0.28384805715144734
589.6800000000001,0.6830147660668704
589.69,0.6102249963366517
589.7,0.2693007704475115
589.71,0.6772673312265935
589.72,0.622116013129858
589.73,0.25791470998398186
589.74,0.6708967278282999
589.75,0.6328859513245424
589.76,0.24991530356289365
589.77,0.6639080934144426
589.78,0.6426146816855631
589.79,0.24540741409114017
589.8,0.6563066481321536
589.81,0.6513785855093527
589.82,0.24437140473769808
589.83,0.6480982453101143
589.84,0.6592496780273709
589.85,0.2466697618793882
589.86,0.639289935039408
589.87,0.6662951683740236
589.88,0.2520629006148951
589.89,0.6298905397480654
589.9,0.6725773205800952
589.91,0.2602315353140629
589.92,0.6199112383800416
589.9300000000001,0.6781535163764022
589.94,0.27080238207674523
589.95,0.6093661526484795
589.96,0.6830764482519301
589.97,0.2833740148380904
589.98,0.5982729260756204
589.99,0.6873943918044535
590.0,0.29754028165934665
590.01,0.5866532828255134
590.02,0.6911515215718211
590.03,0.31290956302016004
590.04,0.5745335504946408
590.05,0.6943882459599019
590.06,0.3291190743261968
590.07,0.561945127438667
590.08,0.6971415446378477
590.09,0.3458441962924001
590.1,0.5489248727323265
590.11,0.6994452976238642
590.12,0.3628033654699435
590.13,0.5355153945614426
590.14,0.7013305993895259
590.15,0.37975936088186696
590.16,0.5217652120289659
590.17,0.7028260539954219
590.1800000000001,0.3965179171019201
590.19,0.5077287657266935
590.2,0.7039580492961238
590.21,0.41292454572262616
590.22,0.4934662543906054
590.23,0.7047510095044784
590.24,0.42886031429983396
590.25,0.47904327925712603
590.26,0.7052276262734603
590.27,0.4442371668486347
590.28,0.46453028356144166
590.29,0.7054090689367795
590.3,0.45899320703395957
590.31,0.4500017834541349
590.32,0.7053151748937931
590.33,0.47308822255662214
590.34,0.4355353956371095
590.35,0.7049646212616131
590.36,0.4864996146978233
590.37,0.42121067932047207
590.38,0.704375078976899
590.39,0.4992188128194881
590.4,0.4071078205937357
590.41,0.7035633505194057
590.42,0.5112481941204148
590.4300000000001,0.3933061998332903
590.44,0.7025454923830974
590.45,0.5225984915360278
590.46,0.37988289138621767
590.47,0.7013369233681302
590.48,0.5332866496556836
590.49,0.3669111528442615
590.5,0.6999525196262816
590.51,0.5433340787205838
590.52,0.35445896497673723
590.53,0.6984066974442675
590.54,0.552765252064422
590.55,0.3425876834461417
590.56,0.6967134845038562
590.57,0.5616065948687409
590.58,0.3313508589898873
590.59,0.6948865804426725
590.6,0.5698856150953889
590.61,0.3207932751398175
590.62,0.6929394073997652
590.63,0.5776302338408873
590.64,0.3109502404921452
590.65,0.690885151167565
590.66,0.5848682770153284
590.67,0.301847159118583
590.6800000000001,0.6887367936565848
590.69,0.5916270970436373
590.7,0.29349938717589724
590.71,0.6865071372055765
590.72,0.5979332975829015
590.73,0.285912368974186
590.74,0.6842088212817402
590.75,0.6038125395733828
590.76,0.2790820319691844
590.77,0.6818543322370119
590.78,0.6092894105266676
590.79,0.27299540874945444
590.8,0.6794560066412337
590.81,0.6143873426511192
590.82,0.2676314458255445
590.83,0.6770260286563226
590.84,0.6191285681629753
590.85,0.26296195351587986
590.86,0.6745764222389822
590.87,0.6235341024746486
590.88,0.25895265000977674
590.89,0.6721190384793329
590.9,0.6276237480456213
590.91,0.25556425381196435
590.92,0.6696655388486017
590.9300000000001,0.6314161130379534
590.94,0.25275358246970203
590.95,0.6672273747971067
590.96,0.6349286402907844
590.97,0.2504746211779375
590.98,0.6648157644104773
590.99,0.6381776432146551
591.0,0.24867953169758233
591.01,0.6624416664906216
591.02,0.6411783458788484
591.03,0.24731957920115
591.04,0.6601157527795033
591.05,0.6439449252840242
591.06,0.24634596180723015
591.07,0.657848378766504
591.08,0.6464905543176723
591.09,0.2457105341775581
591.1,0.6556495536802767
591.11,0.6488274441625694
591.12,0.24536642243281265
591.13,0.6535289099238784
591.14,0.6509668856302202
591.15,0.24526853227823295
591.16,0.6514956727479295
591.17,0.6529192884347775
591.1800000000001,0.24537395611868243
591.19,0.6495586301800258
591.2,0.6546942183528871
591.21,0.24564228753022566
591.22,0.6477261039550378
591.23,0.65630043189518
591.24,0.24603585326758554
591.25,0.646005921401782
591.26,0.657745908300291
591.27,0.2465198739295429
591.28,0.6444053888890365
591.29,0.6590378789171135
591.3,0.24706256470353052
591.31,0.6429312668604005
591.32,0.660182853815568
591.33,0.24763518733489392
591.34,0.6415897467558266
591.35,0.6611866457243313
591.36,0.2482120639612958
591.37,0.6403864298959585
591.38,0.6620543914726543
591.39,0.24877056254058363
591.4,0.6393263085074027
591.41,0.6627905707481788
591.42,0.2492910625299956
591.4300000000001,0.6384137489325029
591.44,0.6633990225203783
591.45,0.24975690856799093
591.46,0.6376524772100302
591.47,0.6638829589754018
591.48,0.25015435854454415
591.49,0.6370455667600144
591.5,0.6642449773074871
591.51,0.2504725316559807
591.52,0.6365954285431032
591.53,0.6644870691827566
591.54,0.2507033607014152
591.55,0.6363038034988595
591.56,0.6646106280646041
591.57,0.2508415521006032
591.58,0.6361717572450791
591.59,0.6646164545351995
591.6,0.2508845561010248
591.61,0.6361996771378281
591.62,0.6645047593990699
591.63,0.2508325487672514
591.64,0.6363872715855229
591.65,0.6642751649351358
591.66,0.250688426462492
591.67,0.6367335716817752
591.6800000000001,0.6639267039643456
591.69,0.25045781279300594
591.7,0.637236935028937
591.71,0.6634578170306779
591.72,0.25014907704707307
591.73,0.637895051960394
591.74,0.6628663474770308
591.75,0.24977336247486928
591.76,0.6387049538047515
591.77,0.6621495344512796
591.78,0.24934462177477668
591.79,0.6396630235879509
591.8,0.6613040038409804
591.81,0.24887965624300198
591.82,0.640765008769777
591.83,0.6603257570475213
591.84,0.24839815430386922
591.85,0.6420060363458392
591.86,0.659210157537648
591.87,0.24792272388692183
591.88,0.6433806298696231
591.89,0.6579519151203023
591.9,0.24747891232686872
591.91,0.6448827287570337
591.92,0.6565450679661489
591.9300000000001,0.24709520633299942
591.94,0.6465057093918292
591.95,0.6549829621127977
591.96,0.2468030036532734
591.97,0.6482424082575999
591.98,0.6532582287042089
591.99,0.2466365471823169
592.0,0.6500851466849584
592.01,0.6513627586846679
592.02,0.24663281150895758
592.03,0.6520257571743794
592.04,0.6492876751560445
592.05,0.24683133148920705
592.06,0.6540556110198223
592.07,0.6470233033482659
592.08,0.24727396233357118
592.09,0.6561656470337657
592.1,0.6445591383875335
592.11,0.2480045611097224
592.12,0.6583464009516954
592.13,0.6418838111373096
592.14,0.24906858062228623
592.15,0.6605880353338482
592.16,0.6389850523733899
592.17,0.2505125684208311
592.1800000000001,0.6628803693957293
592.19,0.6358496558284932
592.2,0.2523835663561736
592.21,0.665212908597964
592.22,0.6324634409357383
592.23,0.2547284097539311
592.24,0.6675748732516256
592.25,0.6288112160325692
592.26,0.257592929654812
592.27,0.6699552259535712
592.28,0.6248767436001034
592.29,0.2610210673515149
592.3,0.6723426971731029
592.31,0.6206427090720065
592.32,0.265053916013726
592.33,0.6747258085493744
592.34,0.6160906956436455
592.35,0.26972871139288146
592.36,0.6770928933333331
592.37,0.6112011679140931
592.38,0.2750777994497269
592.39,0.6794321135145006
592.4,0.6059534683955432
592.41,0.2811276153252399
592.42,0.6817314730083411
592.4300000000001,0.600325831506055
592.44,0.287897712618127
592.45,0.6839788264583966
592.46,0.5942954214165069
592.47,0.2953998851741019
592.48,0.6861618830744108
592.49,0.5878384014442386
592.5,0.3036374246363354
592.51,0.6882682049444174
592.52,0.5809300447775259
592.53,0.31260455459700315
592.54,0.690285199385664
592.55,0.5735448985081654
592.56,0.3222860783409983
592.57,0.6922001047703115
592.58,0.5656570160811017
592.59,0.33265726774379545
592.6,0.6939999692723107
592.61,0.5572402760917525
592.62,0.3436840120822567
592.63,0.6956716220573599
592.64,0.5482688097735076
592.65,0.3553232314554542
592.66,0.6972016363691813
592.67,0.5387175632474082
592.6800000000001,0.3675235471264173
592.69,0.6985762839339444
592.7,0.5285630257265204
592.71,0.3802261866683685
592.72,0.6997814801370991
592.73,0.517784159656912
592.74,0.3933660894473392
592.75,0.7008027193077241
592.76,0.5063635732405853
592.77,0.4068731678450469
592.78,0.7016249995138404
592.79,0.4942889798120594
592.8,0.4206736721925713
592.81,0.7022327361085909
592.82,0.48155499039353244
592.83,0.4346916034031058
592.84,0.7026096633059592
592.85,0.4681652845747703
592.86,0.4488501176424013
592.87,0.7027387229464641
592.88,0.45413519769891175
592.89,0.4630728704411681
592.9,0.7026019395855523
592.91,0.43949474801839905
592.92,0.47728525469852046
592.9300000000001,0.7021802810016324
592.94,0.42429210095816844
592.95,0.491415495331011
592.96,0.701453503175029
592.97,0.40859742514860115
592.98,0.5053955735467667
592.99,0.7003999788377379
593.0,0.39250703449137353
593.01,0.5191619644354744
593.02,0.6989965087304058
593.03,0.3761476239819458
593.04,0.5326561816168999
593.05,0.6972181149044013
593.06,0.35968029927651324
593.07,0.5458251317171917
593.08,0.695037815709802
593.09,0.34330396879703273
593.1,0.5586212893535045
593.11,0.6924263825436818
593.12,0.3272575266649148
593.13,0.5710027085594315
593.14,0.6893520793040437
593.15,0.311820124985207
593.16,0.5829328911540872
593.17,0.6857803865675397
593.1800000000001,0.2973087481163812
593.19,0.5943805341888123
593.2,0.6816737142327238
593.21,0.28407230698587277
593.22,0.6053191794814881
593.23,0.6769911088291519
593.24,0.27248161875897475
593.25,0.61572678726396
593.26,0.6716879651768402
593.27,0.26291497205797026
593.28,0.6255852546714041
593.29,0.6657157568353825
593.3,0.2557395183902932
593.31,0.634879896903419
593.32,0.6590218067004898
593.33,0.25128944229739103
593.34,0.6435989065233044
593.35,0.6515491281339341
593.36,0.24984264437493658
593.37,0.6517328030667282
593.38,0.6432363797135414
593.39,0.2515983533660226
593.4,0.6592738823100819
593.41,0.6340179934273018
593.42,0.25665846060317843
593.4300000000001,0.666215671708983
593.44,0.6238245583334473
593.45,0.2650152649278163
593.46,0.6725523958265106
593.47,0.6125835707177193
593.48,0.2765476513742591
593.49,0.6782784532382812
593.5,0.6002206986394613
593.51,0.29102658053797276
593.52,0.6833879043855462
593.53,0.5866617540594138
593.54,0.3081293722642609
593.55,0.687873968125484
593.56,0.5718356199606882
593.57,0.32746095037099865
593.58,0.6917285230814758
593.59,0.5556784394900313
593.6,0.3485792865767241
593.61,0.6949416089153015
593.62,0.5381394335791042
593.63,0.3710219264714576
593.64,0.6975009214045808
593.65,0.5191887588303539
593.66,0.39433072065665536
593.67,0.6993912947225371
593.6800000000001,0.49882782449406105
593.69,0.41807257433751155
593.7,0.7005941636674116
593.71,0.4771024179245884
593.72,0.44185494681922205
593.73,0.7010869985871602
593.74,0.45411878217947244
593.75,0.46533574296401353
593.76,0.7008427060294378
593.77,0.4300623727127244
593.78,0.4882279772497828
593.79,0.6998289891189832
593.8,0.40521830381296703
593.81,0.5103000709143888
593.82,0.6980076636061922
593.83,0.37999141871178693
593.84,0.5313728646703295
593.85,0.6953339288892968
593.86,0.35492249465175263
593.87,0.5513144415922943
593.88,0.6917555988228432
593.89,0.3306955192757736
593.9,0.5700337273478078
593.91,0.6872123057865006
593.92,0.3081297146960903
593.9300000000001,0.5874736390655232
593.94,0.6816347049173964
593.95,0.28814983552516926
593.96,0.6036043395371224
593.97,0.6749437256090033
593.98,0.27173020068687026
593.99,0.6184169577880569
594.0,0.6670499475677281
594.01,0.2598126673359387
594.02,0.6319179761226791
594.03,0.6578532229194652
594.04,0.25320608835981906
594.05,0.6441243624728467
594.06,0.6472427297770619
594.07,0.25248289605726065
594.08,0.6550594432220972
594.09,0.6350977332611201
594.1,0.25789402050625654
594.11,0.6647494586108434
594.12,0.62128945557174
594.13,0.2693229198580169
594.14,0.6732207139268542
594.15,0.6056846257891035
594.16,0.2862916275149364
594.17,0.6804972265751933
594.1800000000001,0.5881514976782523
594.19,0.3080185367100497
594.2,0.6865987675909445
594.21,0.5685693856609747
594.22,0.33351425250214295
594.23,0.6915392007076256
594.24,0.5468430495298168
594.25,0.3616935854751968
594.26,0.6953250304552423
594.27,0.5229234851471312
594.28,0.39148124240378657
594.29,0.6979540807799219
594.3,0.49683670762350035
594.31,0.42189479602492713
594.32,0.6994142362480298
594.33,0.4687216779596319
594.34,0.45209746541909185
594.35,0.699682189508187
594.36,0.43887721256412826
594.37,0.4814213969823069
594.38,0.698722151352334
594.39,0.40781499891514983
594.4,0.5093673539944711
594.41,0.696484495469729
594.42,0.3763112534897434
594.4300000000001,0.5355886826417354
594.44,0.6929043312350283
594.45,0.34544318710772126
594.46,0.5598669679677146
594.47,0.6879000288029926
594.48,0.3165897137725827
594.49,0.5820851000133417
594.5,0.6813717677040482
594.51,0.2913723630574579
594.52,0.6022014871184361
594.53,0.67320025234918
594.54,0.27151775605335926
594.55,0.6202274325320591
594.56,0.6632458490818788
594.57,0.2586422786811667
594.58,0.6362084394231978
594.59,0.6513485686400431
594.6,0.25399157494927677
594.61,0.6502094233280067
594.62,0.6373295714675983
594.63,0.25819988564802177
594.64,0.6623033902814476
594.65,0.6209952419676799
594.66,0.27114630430983216
594.67,0.6725629672991961
594.6800000000001,0.6021453945441204
594.69,0.29196146662837896
594.7,0.6810541490278457
594.71,0.5805878555635932
594.72,0.31918527152209164
594.73,0.6878316790456996
594.74,0.5561624748250952
594.75,0.35102194926837477
594.76,0.6929355706565921
594.77,0.5287783943111504
594.78,0.38561271202164876
594.79,0.6963883647755145
594.8,0.4984687170098573
594.81,0.4212573807303593
594.82,0.6981928093079853
594.83,0.46546570231020806
594.84,0.4565504544623038
594.85,0.6983297227951275
594.86,0.43029578804407304
594.87,0.49043184740076
594.88,0.696755877580763
594.89,0.3938851333750512
594.9,0.5221737387531684
594.91,0.693401812251683
594.92,0.3576515450854023
594.9300000000001,0.5513307410107692
594.94,0.6881695718761097
594.95,0.3235392468288159
594.96,0.5776763008880088
594.97,0.6809304966212683
594.98,0.2939377502824942
594.99,0.6011403339233656
595.0,0.6715233627240828
595.01,0.2714330304061867
595.02,0.6217557361734857
595.03,0.6597534660768319
595.04,0.25838780709917364
595.05,0.6396162434253608
595.06,0.6453936873853487
595.07,0.25643677366876105
595.08,0.6548451597234674
595.09,0.6281892689877222
595.1,0.26606770622746484
595.11,0.6675731593083438
595.12,0.6078690600104233
595.13,0.28646785942175806
595.14,0.6779230306373725
595.15,0.584167423553495
595.16,0.3157119002401649
595.17,0.6859993879422391
595.1800000000001,0.5568628072329064
595.19,0.3512096646415737
595.2,0.6918817199219317
595.21,0.5258407947287566
595.22,0.39022850119876046
595.23,0.6956195192157545
595.24,0.49119018051601304
595.25,0.4303154206144437
595.26,0.6972285710255307
595.27,0.4533377975652098
595.28,0.4695341285897986
595.29,0.6966877607094204
595.3,0.4132171804557636
595.31,0.5065255009630678
595.32,0.6939360010057967
595.33,0.37244231322052035
595.34,0.5404500022161673
595.35,0.6888691109435735
595.36,0.3334188528670763
595.37,0.5708758441347095
595.38,0.6813367469026728
595.39,0.2992835827814021
595.4,0.5976587363260594
595.41,0.6711398588674414
595.42,0.27355637090239143
595.4300000000001,0.6208374371005895
595.44,0.6580297199566143
595.45,0.2594719769156509
595.46,0.6405532926890032
595.47,0.6417104961425509
595.48,0.25914542426522374
595.49,0.6569930271713089
595.5,0.6218487773793436
595.51,0.2729122516150505
595.52,0.6703503729555695
595.53,0.5980956977236346
595.54,0.2991872035140214
595.55,0.6808014321655579
595.56,0.570130360449189
595.57,0.33492859307569633
595.58,0.688489282151338
595.59,0.5377369675774557
595.6,0.3764632863264845
595.61,0.6935143523473773
595.62,0.5009308746136467
595.63,0.4202879975491626
595.64,0.6959280805811188
595.65,0.4601467569016181
595.66,0.4635813002817414
595.67,0.6957281682916415
595.6800000000001,0.4164870239787474
595.69,0.5043775459033457
595.7,0.6928544029141875
595.71,0.37198872155943274
595.72,0.5414996509260587
595.73,0.6871845751641056
595.74,0.3297957742463138
595.75,0.574379992234361
595.76,0.6785306049917897
595.77,0.29404378273494386
595.78,0.6028641850168368
595.79,0.6666357633029841
595.8,0.2692595248990662
595.81,0.6270452461418273
595.82,0.6511750662786314
595.83,0.25926335608514
595.84,0.647141645275891
595.85,0.6317628506287541
595.86,0.2659376344769695
595.87,0.6634154558996949
595.88,0.6079746333820977
595.89,0.28850588176517344
595.9,0.6761209621951533
595.91,0.5793950226328534
595.92,0.3237805231466779
595.9300000000001,0.6854739522920962
595.94,0.5457096115212816
595.95,0.36723175191773144
595.96,0.6916338770504764
595.97,0.5068647013670607
595.98,0.41425663645474603
595.99,0.6946932995284627
596.0,0.46331835307965485
596.01,0.4610783066734164
596.02,0.6946709632024598
596.03,0.4163857050479599
596.04,0.5050912123529997
596.05,0.6915062774069263
596.06,0.3686182445888953
596.07,0.5447878649021927
596.08,0.6850542036051046
596.09,0.32403591515961233
596.1,0.5794929856141603
596.11,0.675080680218498
596.12,0.28789684173989843
596.13,0.609072326206367
596.14,0.6612601944993162
596.15,0.26570779432983643
596.16,0.6336949212405427
596.17,0.6431793798395596
596.1800000000001,0.26156184628786533
596.19,0.6536665502492621
596.2,0.6203542549347497
596.21,0.2765436465606425
596.22,0.6693241874562826
596.23,0.592274736892672
596.24,0.3082226812362313
596.25,0.6809738467791897
596.26,0.558498876844281
596.27,0.35161429578946096
596.28,0.6888559139525406
596.29,0.5188296319188856
596.3,0.4009444922923786
596.31,0.6931262468868433
596.32,0.4736121376102196
596.33,0.4511776725550316
596.34,0.6938453174566759
596.35,0.4241703613611253
596.36,0.49874981814525476
596.37,0.6909707646373769
596.38,0.37332246413246084
596.39,0.5415882093547657
596.4,0.6843510776608736
596.41,0.3257395902808287
596.42,0.5787689415671661
596.4300000000001,0.6737201964992245
596.44,0.2876938971354051
596.45,0.6101056728976814
596.46,0.658695253178575
596.47,0.26574074008417753
596.48,0.635812132986934
596.49,0.6387833565924129
596.5,0.26446939517755874
596.51,0.6562711853261595
596.52,0.6134094359125986
596.53,0.28447451650336936
596.54,0.6718939519916342
596.55,0.5819870833834927
596.56,0.32201733701120977
596.57,0.6830407883390553
596.58,0.5440686439166312
596.59,0.37066724782544047
596.6,0.6899796183954435
596.61,0.4996257950948582
596.62,0.42369114372288563
596.63,0.6928644533567422
596.64,0.44951121530265903
596.65,0.4757599743544409
596.66,0.691723402413615
596.67,0.39609368240623066
596.6800000000001,0.5234970543604517
596.69,0.6864503159153934
596.7,0.3438766289311674
596.71,0.565221320330375
596.72,0.6767979051145203
596.73,0.29959038369835345
596.74,0.6004065245206908
596.75,0.6623737754794479
596.76,0.27103984038018464
596.77,0.6291779575088835
596.78,0.6426456424657645
596.79,0.2644895646297522
596.8,0.6519540139661519
596.81,0.6169698794613576
596.82,0.2817793293735555
596.83,0.6692265095233378
596.84,0.5846706963824813
596.85,0.3193131725705394
596.86,0.6814392993419166
596.87,0.5452170643021201
596.88,0.3698156497638634
596.89,0.6889262670391126
596.9,0.49856663974122784
596.91,0.4253956077054748
596.92,0.6918809853065852
596.9300000000001,0.4457472421118286
596.94,0.47982892836657526
596.95,0.6903410492577126
596.96,0.3896632930346223
596.97,0.5292824946520901
596.98,0.684178024375312
596.99,0.33584460155827817
597.0,0.571959114930235
597.01,0.6730899017514577
597.02,0.2923927157089926
597.03,0.607393966712688
597.04,0.6565986639050047
597.05,0.268170118463227
597.06,0.6358298877558214
597.07,0.634063358743305
597.08,0.2692455448745435
597.09,0.6577940712560388
597.1,0.6047319985266234
597.11,0.29569016921648084
597.12,0.6738521504389369
597.13,0.5678770202991195
597.14,0.34146438339652846
597.15,0.6844799776437426
597.16,0.5230893605979916
597.17,0.39753070477740865
597.1800000000001,0.6900019653396706
597.19,0.47083096807911057
597.2,0.45552348099444234
597.21,0.6905622909440667
597.22,0.4133077775048565
597.23,0.5097068037197526
597.24,0.6861098614023102
597.25,0.35549592239859706
597.26,0.5570803678851148
597.27,0.6763883941044523
597.28,0.3056129436175149
597.29,0.5966027592017344
597.3,0.6609314390262933
597.31,0.2737723865857768
597.32,0.6283347521764453
597.33,0.6390719491676267
597.34,0.26816763494944656
597.35,0.6528175351608833
597.36,0.6099913847755878
597.37,0.2906767939425164
597.38,0.6707037765754795
597.39,0.5728593842800465
597.4,0.3356515073928505
597.41,0.682565620145607
597.42,0.5271541197784405
597.4300000000001,0.39312383924124683
597.44,0.6888041177827697
597.45,0.47329054316436814
597.46,0.4534096269890168
597.47,0.689608813082583
597.48,0.41364812099051296
597.49,0.5097980830747822
597.5,0.6849383976538056
597.51,0.3538072712523075
597.52,0.5588206300350038
597.53,0.6745092647550427
597.54,0.3030967126918055
597.55,0.5993218018256885
597.56,0.6577912253669989
597.57,0.27283238635305623
597.58,0.6314136713762886
597.59,0.6340236457856732
597.6,0.2715472749274672
597.61,0.6557315740969931
597.62,0.6022872561480614
597.63,0.2999719165226495
597.64,0.6730066564351422
597.65,0.5617040925546108
597.66,0.35047546266600516
597.67,0.6838522887171498
597.6800000000001,0.5118916653522549
597.69,0.41159599975447386
597.7,0.6886678897701106
597.71,0.45383550956979796
597.72,0.4732597747603211
597.73,0.6875977774680045
597.74,0.39123688737830287
597.75,0.5291550437851938
597.76,0.6805117884262336
597.77,0.3318649624853034
597.78,0.5764456611184307
597.79,0.6669950185752075
597.8,0.2873888134841058
597.81,0.6145078803245848
597.82,0.6463514357023952
597.83,0.2697325688633962
597.84,0.6437900847307342
597.85,0.6176483880490389
597.86,0.28466013340723784
597.87,0.6650894328326048
597.88,0.5798661295449999
597.89,0.327864014654023
597.9,0.6791720371902354
597.91,0.5322765038242777
597.92,0.38778828693722545
597.9300000000001,0.6865981432866819
597.94,0.47524272807523255
597.95,0.4521371114869138
597.96,0.6876488697125692
597.97,0.41160251343097853
597.98,0.5122723658147766
597.99,0.6822954563586084
598.0,0.34837178465582436
598.01,0.5638698859342296
598.02,0.6701845684399761
598.03,0.2973550681832303
598.04,0.6056320921186633
598.05,0.6506376731069431
598.06,0.27216242083601544
598.07,0.6378243247368824
598.08,0.6226892327457301
598.09,0.28116355278596566
598.1,0.6612811974147382
598.11,0.5852307058274163
598.12,0.32170642365053553
598.13,0.6768732071924668
598.14,0.5373977127585948
598.15,0.38192981321569514
598.16,0.68526094467365
598.17,0.47942527639409294
598.1800000000001,0.44811764540978805
598.19,0.6867938561575971
598.2,0.41418594529429287
598.21,0.5103481201794301
598.22,0.6814699570976983
598.23,0.3491572640633042
598.24,0.5636216892389871
598.25,0.6689184706774576
598.26,0.2971855644286119
598.27,0.6064409487058676
598.28,0.6484007507930749
598.29,0.27303936522953387
598.3,0.6390963281215526
598.31,0.6188599566003974
598.32,0.2852544470788464
598.33,0.6625071211812176
598.34,0.5791048316085715
598.35,0.32988591713197285
598.36,0.6776125305212469
598.37,0.528303626323897
598.38,0.39337694121471445
598.39,0.6850995022500511
598.4,0.4670690175531899
598.41,0.46114539904428503
598.42,0.6852946198877479
598.4300000000001,0.39935342122787093
598.44,0.5233515958175703
598.45,0.6781226690135811
598.46,0.33462670216626694
598.47,0.5754840756611364
598.48,0.6630910896450724
598.49,0.2879256011314472
598.5,0.61650982489504
598.51,0.639302380749601
598.52,0.27430089454923445
598.53,0.6470133646437933
598.54,0.6055457354357472
598.55,0.299111972328385
598.56,0.6680436779294061
598.57,0.5605993573021049
598.58,0.3537329158325701
598.59,0.6805486712727107
598.6,0.5039995512466726
598.61,0.4220415660350547
598.62,0.6851382303875782
598.63,0.4376273898915453
598.64,0.4898905491163679
598.65,0.6819952012010346
598.66,0.3681546988998076
598.67,0.5492126834054295
598.6800000000001,0.6708426158035443
598.69,0.3088979031473775
598.7,0.5970912188315968
598.71,0.6509390890489211
598.72,0.2772161665805738
598.73,0.6334406667831247
598.74,0.621129531320278
598.75,0.28505042383879964
598.76,0.6592489999858193
598.77,0.5800551725865809
598.78,0.32969914112269305
598.79,0.6756335398384873
598.8,0.5267545558311113
598.81,0.39593207946187714
598.82,0.683425011896729
598.83,0.4620413054151764
598.84,0.4667547168782243
598.85,0.6830086409634486
598.86,0.39095266647076665
598.87,0.5309458326136087
598.88,0.674267969025879
598.89,0.32540854626236443
598.9,0.5836983241458826
598.91,0.6565694996006087
598.92,0.28344377277750354
598.9300000000001,0.6241781070594465
598.94,0.6287965947465336
598.95,0.2806962602651726
598.96,0.6532378127022828
598.97,0.5895241315017581
598.98,0.31864021387381136
598.99,0.6720958313843356
599.0,0.5375613356814452
599.01,0.3832002880684344
599.02,0.6817355598018269
599.03,0.47327755763633717
599.04,0.4556760916711863
599.05,0.6826735330919
599.06,0.40112648352215696
599.07,0.5226900308584853
599.08,0.6748792181963575
599.09,0.3327337059487398
599.1,0.5781384349043012
599.11,0.6577524340669502
599.12,0.28686642364508036
599.13,0.6207079756436045
599.14,0.6301549220913111
599.15,0.28097052500300157
599.16,0.6511906353434816
599.17,0.5905906474366911
599.1800000000001,0.3178996657222569
599.19,0.670882067192961
599.2,0.5377857730225103
599.21,0.3832587395584823
599.22,0.6808507389527734
599.23,0.4721387644311164
599.24,0.4571020406500514
599.25,0.6816586832211365
599.26,0.3985187023811899
599.27,0.5251504774292178
599.28,0.6732674101634313
599.29,0.3296495169337062
599.3,0.5810214289134694
599.31,0.6550143217005824
599.32,0.285738088877238
599.33,0.6234514689015633
599.34,0.6256571845276752
599.35,0.2844799049490645
599.36,0.6533504594481346
599.37,0.5836063787683707
599.38,0.32678075211862323
599.39,0.6720903297634324
599.4,0.5276587711115654
599.41,0.3957941251368363
599.42,0.6807481390177771
599.4300000000001,0.45880043321622593
599.44,0.470719312755038
599.45,0.6798268291606911
599.46,0.38353328625900046
599.47,0.5378676507894353
599.48,0.6691653158769691
599.49,0.317302894122859
599.5,0.5917580031507267
599.51,0.6479248366758215
599.52,0.28220238188864405
599.53,0.6317431494664059
599.54,0.6146727790358945
599.55,0.2936597617555273
599.56,0.6590089743897737
599.57,0.5677456407921239
599.58,0.34678350393770235
599.59,0.6749707451731211
599.6,0.506327927808599
599.61,0.4208438967133239
599.62,0.6806084673933369
599.63,0.43294002676138715
599.64,0.49545493966412746
599.65,0.6762360339712888
599.66,0.3574809248184691
599.67,0.5592438041469576
599.6800000000001,0.6614337116039416
599.69,0.2997118971364867
599.7,0.6086299189141473
599.71,0.6350640721570059
599.72,0.28235784763698263
599.73,0.6439217309628384
599.74,0.5954542650439415
599.75,0.3138763975018564
599.76,0.666590609908574
599.77,0.5410537036536222
599.78,0.3802151549318994
599.79,0.6779821800716362
599.8,0.47220886947709295
599.81,0.4577473981857619
599.82,0.6788299175855101
599.83,0.3947692757680679
599.84,0.5290327570126088
599.85,0.6691002949348873
599.86,0.32443942891421534
599.87,0.5865215523646627
599.88,0.6479637372895064
599.89,0.2854261825494607
599.9,0.6289499414096283
599.91,0.6138873661162796
599.92,0.29582096053721196
599.9300000000001,0.6575184187115422
599.94,0.565063266663399
599.95,0.3508780869183836
599.96,0.6737947157205108
599.97,0.500721107467402
599.98,0.4276131348346289
599.99,0.6788549652838434
600.0,0.42419498961645963
600.01,0.5038024999103587
600.02,0.6729949652347715
600.03,0.3477548701310101
600.04,0.5676729375954415
600.05,0.6556541014271369
600.06,0.2946097353498664
600.07,0.615964313023351
600.08,0.6254595929015403
600.09,0.28828412967377376
600.1,0.6493511341998889
600.11,0.5805344883837983
600.12,0.33230760808319076
600.13,0.6694878426544263
600.14,0.5195477616958559
600.15,0.4064504197159377
600.16,0.6777064449984175
600.17,0.44440983979217924
600.1800000000001,0.4854527525376937
600.19,0.6745594214104546
600.2,0.3651644935484681
600.21,0.5538627969575113
600.22,0.6596895873982621
600.23,0.30377309795620416
600.24,0.6064605739076546
600.25,0.6318448061825694
600.26,0.2865269437241693
600.27,0.6433256488284157
600.28,0.5891296157593048
600.29,0.3226215068805239
600.3,0.6661184705320417
600.31,0.5299369834008928
600.32,0.39447344704486736
600.33,0.6763450529624183
600.34,0.45548848910882916
600.35,0.4750483740547514
600.36,0.6747310024000095
600.37,0.3748023696591494
600.38,0.5462615367215724
600.39,0.6610388832602325
600.4,0.309389667669067
600.41,0.6014456768874096
600.42,0.6340659202737607
600.4300000000001,0.28711107808747266
600.44,0.6402495622053678
600.45,0.5918833844949337
600.46,0.31997476952397425
600.47,0.6643370871455349
600.48,0.532766351768504
600.49,0.3913617244702414
600.5,0.6753191665856523
600.51,0.4578034812415698
600.52,0.4729896149500903
600.53,0.674002154054576
600.54,0.37613371715290594
600.55,0.5454091864158209
600.56,0.6601694004519989
600.57,0.3100455523372393
600.58,0.6013729004566587
600.59,0.6325765293564904
600.6,0.28851307797252435
600.61,0.6404493044327749
600.62,0.5892203820440604
600.63,0.32347496982891033
600.64,0.6643630353186069
600.65,0.5283862663772022
600.66,0.3968270011711133
600.67,0.6747668311602552
600.6800000000001,0.4515818241155612
600.69,0.4792191439363638
600.7,0.6724444330100505
600.71,0.3693013113575227
600.72,0.5512494041738478
600.73,0.657086432855902
600.74,0.30599271108742243
600.75,0.6061262595583737
600.76,0.6273042582147706
600.77,0.2911860530052428
600.78,0.6437529856603954
600.79,0.5809842315336927
600.8,0.3334751020712232
600.81,0.6659772715903599
600.82,0.5166109752498755
600.83,0.4108088513274369
600.84,0.6744172908646604
600.85,0.43684930435782626
600.86,0.49329669121280323
600.87,0.6697144334242525
600.88,0.3550622917253566
600.89,0.563157471798732
600.9,0.6513391246511452
600.91,0.2991039590368811
600.92,0.6150407934102627
600.9300000000001,0.6176558947511565
600.94,0.29742085385655886
600.95,0.6495100618686812
600.96,0.5664550755312427
600.97,0.35130074340327766
600.98,0.6685377640269011
600.99,0.496801184057065
601.0,0.4332394985513715
601.01,0.6735967340533399
601.02,0.4136890982780789
601.03,0.5143047896207076
601.04,0.6650451896969498
601.05,0.3352591094274237
601.06,0.579950943960719
601.07,0.64199644045898
601.08,0.2931630206155657
601.09,0.6269536565088606
601.1,0.6024913501097597
601.11,0.310928425753931
601.12,0.6566417856101299
601.13,0.5443808737315989
601.14,0.37845689880793115
601.15,0.6710097006505695
601.16,0.46811294338963566
601.17,0.46351667464488655
601.1800000000001,0.6712291746489085
601.19,0.38293613898983864
601.2,0.5406920648262745
601.21,0.657214104017204
601.22,0.31378560424128776
601.23,0.5999256151062503
601.24,0.6275898433011545
601.25,0.29404062043691404
601.26,0.6402886789703376
601.27,0.5800882888138138
601.28,0.3357659780295483
601.29,0.6637081110855035
601.3,0.5131201062653411
601.31,0.41546221941541644
601.32,0.6719904733361776
601.33,0.43015143230435715
601.34,0.4999903850664981
601.35,0.6658112726442424
601.36,0.3475515811645951
601.37,0.5702260060271545
601.38,0.6444701919139013
601.39,0.2976925350825558
601.4,0.6209638163730724
601.41,0.6060272176874757
601.42,0.3088319241076227
601.4300000000001,0.6531647135766371
601.44,0.5481780981591656
601.45,0.3744176964837709
601.46,0.6689631004823714
601.47,0.4711624669921955
601.48,0.4607976057234956
601.49,0.6696972991499905
601.5,0.3844939577890916
601.51,0.5398220447422454
601.52,0.6553312197246924
601.53,0.3146779899118623
601.54,0.600162161214191
601.55,0.6244085049941117
601.56,0.29712059543430097
601.57,0.6407071745855739
601.58,0.5745366446012686
601.59,0.34305285812064296
601.6,0.6634884314872747
601.61,0.504316452920193
601.62,0.42576414200361484
601.63,0.670354824631062
601.64,0.4186415176627666
601.65,0.5106864202908148
601.66,0.6618758742061823
601.67,0.337548872303439
601.6800000000001,0.5793734451587074
601.69,0.63710504397038
601.7,0.2969916785990944
601.71,0.6275721388287194
601.72,0.5938304697407808
601.73,0.3218491436773745
601.74,0.6567138373598796
601.75,0.5298926444271252
601.76,0.39672341004327477
601.77,0.6689655613339297
601.78,0.4473100215996001
601.79,0.48456273607091244
601.8,0.6654148531798171
601.81,0.3608010976956453
601.82,0.5600015365973484
601.83,0.6455906218668039
601.84,0.3037348548177305
601.85,0.6149002729503775
601.86,0.6075528290666663
601.87,0.3094289860271805
601.88,0.64963403533995
601.89,0.5488347260844456
601.9,0.37444803648305025
601.91,0.6664856809154951
601.92,0.46973803453566937
601.9300000000001,0.4627650323277892
601.94,0.666956826615982
601.95,0.3811489780732835
601.96,0.5432626153905361
601.97,0.6509861743030545
601.98,0.31313930443512517
601.99,0.603697954672352
602.0,0.6169069235125547
602.01,0.30344152407785624
602.02,0.6430947486189393
602.03,0.5621597980490595
602.04,0.3587729918917533
602.05,0.6636819413953078
602.06,0.4860515756506929
602.07,0.4460980035792561
602.08,0.6672681227749228
602.09,0.39694536337574154
602.1,0.5301059189098786
602.11,0.6541185462544492
602.12,0.3221417393548307
602.13,0.5947900964450102
602.14,0.6227932666741274
602.15,0.30144971999864645
602.16,0.6377765693978737
602.17,0.5707242651028154
602.1800000000001,0.3489742638306284
602.19,0.661142697057545
602.2,0.49666793722151176
602.21,0.43491727520271656
602.22,0.6669063647832794
602.23,0.40751340976780454
602.24,0.5211822270545728
602.25,0.6555659257343872
602.26,0.3288304369951646
602.27,0.5887822014391528
602.28,0.6258344547199219
602.29,0.3015060514710991
602.3,0.6341732813590463
602.31,0.5751479116970811
602.32,0.34420429413487136
602.33,0.6592760750380672
602.34,0.5019994844837512
602.35,0.42928053723883175
602.36,0.666236859077489
602.37,0.41266383618568303
602.38,0.5168578261062926
602.39,0.6556872058883408
602.4,0.33220821135743883
602.41,0.5860395360220064
602.42,0.6264023306215141
602.4300000000001,0.3024071344239471
602.44,0.6325740384261571
602.45,0.5757989712583523
602.46,0.34383283670365616
602.47,0.658304413521744
602.48,0.5023237191437181
602.49,0.42911005256138424
602.5,0.665439563875116
602.51,0.41241922356529614
602.52,0.5172507486848062
602.53,0.654638688978757
602.54,0.3319657205318468
602.55,0.586681845939934
602.56,0.6246373195313915
602.57,0.3037539461601142
602.58,0.6330539615633121
602.59,0.57279848999543
602.6,0.34763266710038676
602.61,0.6582606619490664
602.62,0.4977397019932442
602.63,0.4342988392138103
602.64,0.6645120153759778
602.65,0.40690120221631165
602.66,0.5222614608696025
602.67,0.6523818340565185
602.6800000000001,0.32836642371693936
602.69,0.5905875840846292
602.7,0.6204582670058243
602.71,0.3059323779206296
602.72,0.6354742177507112
602.73,0.5660289233039071
602.74,0.35580786525873526
602.75,0.6589893717009954
602.76,0.48817538844512365
602.77,0.4447261642589378
602.78,0.6632708750266532
602.79,0.3963465194356177
602.8,0.531581081575663
602.81,0.648684196051135
602.82,0.32226260837547743
602.83,0.5974030333797078
602.84,0.6135636289372478
602.85,0.3100573439581455
602.86,0.6394908773636712
602.87,0.5551454436463313
602.88,0.3688774848206031
602.89,0.660152330822938
602.9,0.4734422472514965
602.91,0.4601842024041793
602.92,0.661352179980697
602.9300000000001,0.38124590778565143
602.94,0.5446786017217595
602.95,0.6431138472298681
602.96,0.3152176619320655
602.97,0.6065562163817424
602.98,0.6034260491912022
602.99,0.31784753244254227
603.0,0.6445710196102287
603.01,0.5395990288247015
603.02,0.38742909110133267
603.03,0.661236673977352
603.04,0.4533611872074323
603.05,0.48024963666428255
603.06,0.6582080805650655
603.07,0.3626204980123238
603.08,0.5607845738898934
603.09,0.6350262717299816
603.1,0.30965787850855314
603.11,0.6172787180199121
603.12,0.5892853404335017
603.13,0.33134546184222846
603.14,0.6500133815419481
603.15,0.5186958522980355
603.16,0.411778428771344
603.17,0.6615611818705192
603.1800000000001,0.4280141748244757
603.19,0.5041577293929999
603.2,0.6530960176135245
603.21,0.342439629189989
603.22,0.578894354647181
603.23,0.623543115291988
603.24,0.3088894874245166
603.25,0.6286373225534659
603.26,0.5701537309854963
603.27,0.35240678249757157
603.28,0.654968549553407
603.29,0.4917462408442122
603.3,0.44162317145311836
603.31,0.6602744318750969
603.32,0.39820427486122867
603.33,0.5307422139846221
603.34,0.6450554840539794
603.35,0.32409425522576385
603.36,0.597805643377322
603.37,0.6075267932624556
603.38,0.3167213423757443
603.39,0.6395715261758143
603.4,0.5448696392248622
603.41,0.38200080800979075
603.42,0.6584505692657722
603.4300000000001,0.4584066241903999
603.44,0.4758277148978451
603.45,0.6563368788066946
603.46,0.3661926311757536
603.47,0.5584808728548932
603.48,0.6328693572277382
603.49,0.31261580262532246
603.5,0.6161860969640287
603.51,0.5855700080862107
603.52,0.33647232214956235
603.53,0.6489253673974498
603.54,0.5122864168988601
603.55,0.41957307296083146
603.56,0.6593290314216477
603.57,0.4193813880701607
603.58,0.512459342064409
603.59,0.6484790040767662
603.6,0.33660466752401247
603.61,0.5856369608338138
603.62,0.6150158026992533
603.63,0.3140354420017273
603.64,0.6326469595810902
603.65,0.556059166751593
603.66,0.36951860298960054
603.67,0.6554564520936466
603.6800000000001,0.4717787721387878
603.69,0.4628501016802224
603.7,0.6562895784542269
603.71,0.37764335382168407
603.72,0.5490839077787087
603.73,0.6351325098337559
603.74,0.31688040554850827
603.75,0.6104362890220125
603.76,0.5896450353577949
603.77,0.3333513065898268
603.78,0.645788367016447
603.79,0.517464787859061
603.8,0.4141615482133855
603.81,0.6578038713946315
603.82,0.424377438377501
603.83,0.5082960498271734
603.84,0.6477533930347381
603.85,0.33996380211399835
603.86,0.5831847467883526
603.87,0.614350288619065
603.88,0.31592897772987677
603.89,0.6311999004715639
603.9,0.5546927343933413
603.91,0.37166196256789774
603.92,0.6541849605688886
603.9300000000001,0.46919731148017485
603.94,0.46577470590163356
603.95,0.6544001882483614
603.96,0.37479852502386707
603.97,0.5520087788671134
603.98,0.6317586143928012
603.99,0.3173765927441627
604.0,0.6125051855336741
604.01,0.5837897069831959
604.02,0.3400195888305052
604.03,0.6463713507887439
604.04,0.5084295448492856
604.05,0.4246020455063686
604.06,0.656291907269043
604.07,0.41358435383481273
604.08,0.518333271538405
604.09,0.6433227191429666
604.1,0.33371102521935386
604.11,0.5905545875411157
604.12,0.6058495762665954
604.13,0.32184243052281813
604.14,0.6351751826238621
604.15,0.5409989279917492
604.16,0.3879638100926758
604.17,0.6544152189244457
604.1800000000001,0.4510990008129858
604.19,0.48386900981452935
604.2,0.6502653775094976
604.21,0.3591908884730775
604.22,0.5662898174252665
604.23,0.6221106963697113
604.24,0.31700620807433033
604.25,0.6213535356053131
604.26,0.5671560250385663
604.27,0.35847009374054106
604.28,0.6495969871832505
604.29,0.48463857530640064
604.3,0.45046589897224293
604.31,0.6535933284786719
604.32,0.3885131460708464
604.33,0.5407507967446942
604.34,0.6337155009547537
604.35,0.3231317786717819
604.36,0.6056515058447933
604.37,0.5876835516549499
604.38,0.3375649006960739
604.39,0.6425610398263093
604.4,0.5132251722296635
604.41,0.4198666893105703
604.42,0.6541410969042696
604.4300000000001,0.41786029490431637
604.44,0.5150332205351624
604.45,0.6416446487918935
604.46,0.3367524875425191
604.47,0.5888183368125396
604.48,0.6034935309032421
604.49,0.32530512282243007
604.5,0.6339658363627377
604.51,0.5368427241441911
604.52,0.3934364049883395
604.53,0.6526139571117774
604.54,0.44496361266795526
604.55,0.49020668841483356
604.56,0.6467192004247694
604.57,0.35442715683202103
604.58,0.5716000002113191
604.59,0.6154526677456542
604.6,0.3205771450278791
604.61,0.6244245762307279
604.62,0.5559218304928263
604.63,0.3719647942269743
604.64,0.649620629231435
604.65,0.4687265911748031
604.66,0.46721582364638764
604.67,0.6496232407216808
604.6800000000001,0.3733804047046189
604.69,0.5547144499259566
604.7,0.6243209293928579
604.71,0.3215819250196224
604.72,0.6145110548329202
604.73,0.5710480275930562
604.74,0.355610286153294
604.75,0.6456944616883605
604.76,0.4887933037396497
604.77,0.4467938063675339
604.78,0.6509279499363603
604.79,0.39167504772718864
604.8,0.5388184806283566
604.81,0.6307397580343505
604.82,0.32633965504409895
604.83,0.6047554053393619
604.84,0.5828150135172983
604.85,0.3439898800135901
604.86,0.6413047658817445
604.87,0.5052138774637734
604.88,0.4294138776276811
604.89,0.6511107686818437
604.9,0.40811048226777585
604.91,0.5244762196277718
604.92,0.6352388610020386
604.9300000000001,0.3330482307977317
604.94,0.59563419532494
604.95,0.5917587332073454
604.96,0.3363623711639449
604.97,0.6368608618071696
604.98,0.5182263129662968
604.99,0.4152905263064289
605.0,0.6505685289149536
605.01,0.4220267360999626
605.02,0.5121377571965323
605.03,0.6382477589093116
605.04,0.34025796669264535
605.05,0.587559076844862
605.06,0.598332349130831
605.07,0.3318333183184121
605.08,0.6327114682464652
605.09,0.5281279555101023
605.1,0.404425155238356
605.11,0.6496253942210881
605.12,0.4331149169789602
605.13,0.5021325057409253
605.14,0.6401066263341678
605.15,0.3469063051524264
605.16,0.5808672448956329
605.17,0.6029000932146891
605.1800000000001,0.32952757324477566
605.19,0.6291417522599931
605.2,0.5352051199921999
605.21,0.39667896518063384
605.22,0.6485370308660666
605.23,0.4412707648487551
605.24,0.4946769707027399
605.25,0.6410747501594016
605.26,0.3522767653333466
605.27,0.5758155170442844
605.28,0.605738803135611
605.29,0.3287066979358102
605.3,0.6263698191507004
605.31,0.5396970564315952
605.32,0.39185239781208897
605.33,0.6474924205180806
605.34,0.44649470948771597
605.35,0.48989248847901196
605.36,0.6413365115564786
605.37,0.35593305909665157
605.38,0.5725783067454523
605.39,0.6070418193817009
605.4,0.3288340068923266
605.41,0.6245438096819423
605.42,0.5417790292882687
605.4300000000001,0.38975423263109993
605.44,0.6466144753222103
605.45,0.44883004249344866
605.46,0.48782635450979284
605.47,0.6410053441626369
605.48,0.35765842353139876
605.49,0.5712485701885176
605.5,0.6069229145747537
605.51,0.32960188837917687
605.52,0.6237402036498328
605.53,0.5415556945363037
605.54,0.39025013777933115
605.55,0.6459602865948139
605.56,0.44832955127964763
605.57,0.48846987108799106
605.58,0.6401261987354808
605.59,0.35741406173166185
605.6,0.5718402615540379
605.61,0.605419377764589
605.62,0.3309367771243318
605.63,0.6239635061289519
605.64,0.5390601680898806
605.65,0.39328648851512493
605.66,0.6455215074548114
605.67,0.4450435731494089
605.6800000000001,0.4917686514212609
605.69,0.638676923354141
605.7,0.3553211726295184
605.71,0.5742909807987484
605.72,0.6024940570182775
605.73,0.3329918610050671
605.74,0.6251472500244054
605.75,0.5342569057774846
605.76,0.3988890913647037
605.77,0.645225071434927
605.78,0.4390259265075128
605.79,0.4976232093518459
605.8,0.6365687790602826
605.81,0.3516662506883022
605.82,0.5784641513283504
605.83,0.5980365154373761
605.84,0.3361303724736506
605.85,0.6271561494341619
605.86,0.5270484888486509
605.87,0.4071385184573119
605.88,0.6449341901371497
605.89,0.4303575218678678
605.9,0.5058807173810976
605.91,0.6336461254858955
605.92,0.3469262315494127
605.9300000000001,0.5841508886139213
605.94,0.5918637597187217
605.95,0.34089547117295554
605.96,0.6297891957238886
605.97,0.5172882394510043
605.98,0.41812542175353395
605.99,0.6444493459667012
606.0,0.4191902725524942
606.01,0.5163212888226042
606.02,0.629685182370341
606.03,0.34180605415885806
606.04,0.5910723580376388
606.05,0.5837214902202427
606.06,0.3479578830997543
606.07,0.6327834055640913
606.08,0.5048027862130973
606.09,0.43189168514238563
606.1,0.6435087944446874
606.11,0.40581564762174693
606.12,0.5286437800123388
606.13,0.6243917698587986
606.14,0.33727434263962486
606.15,0.5988836014155473
606.16,0.573287777851222
606.17,0.35803163681407085
606.1800000000001,0.6358177450152441
606.19,0.4894316736833348
606.2,0.44836686204530174
606.21,0.6417879258291821
606.22,0.39076134653507805
606.23,0.5424564921081005
606.24,0.6173981715266329
606.25,0.33457265173106177
606.26,0.6071794266254006
606.27,0.5601829040946066
606.28,0.3717539789073253
606.29,0.6385164628014438
606.3,0.4710949845683555
606.31,0.4673128984946894
606.32,0.6388967548413038
606.33,0.3749129861590097
606.34,0.5572769889930611
606.35,0.608259977724553
606.36,0.3351629619162888
606.37,0.6155020933043506
606.38,0.5439924244179711
606.39,0.38953933100148674
606.4,0.64045073217852
606.41,0.449903916031081
606.42,0.4882913178379819
606.4300000000001,0.6343749193685396
606.44,0.35964048824918704
606.45,0.5725426287379775
606.46,0.5964553875300189
606.47,0.3405757859144936
606.48,0.6233494484223818
606.49,0.5243161440147034
606.5,0.4114361353093081
606.51,0.6411372358225642
606.52,0.426330064316354
606.53,0.5106635380514795
606.54,0.6276840976815768
606.55,0.3468770124903169
606.56,0.5876299806427727
606.57,0.5813927768020988
606.58,0.35214194879651156
606.59,0.6301812058034368
606.6,0.5008642503233542
606.61,0.43703013604785046
606.62,0.6400322865867648
606.63,0.401438409796451
606.64,0.5336264001132898
606.65,0.618199151421546
606.66,0.3390574997064604
606.67,0.6018781427762618
606.6800000000001,0.5624387531041173
606.69,0.3706450617284949
606.7,0.6354205207415368
606.71,0.47363220829089475
606.72,0.4654350445483342
606.73,0.6365204871741412
606.74,0.37715080797391104
606.75,0.5562739734802539
606.76,0.6052024817975972
606.77,0.33880492800044953
606.78,0.6146091444574163
606.79,0.5389904210330269
606.8,0.39600398292432115
606.81,0.6384480569815273
606.82,0.44319098403013674
606.83,0.49538527305224994
606.84,0.6298982301147013
606.85,0.35642386878713433
606.86,0.577668017567654
606.87,0.5878928357090119
606.88,0.3483153024847714
606.89,0.6251386242538318
606.9,0.5106338894521505
606.91,0.4271334603234259
606.92,0.6385864732772184
606.9300000000001,0.4111066297179572
606.94,0.5254054344070562
606.95,0.6193554920808523
606.96,0.34311036501209174
606.97,0.5968970400523212
606.98,0.5654333136561063
606.99,0.36857811210592645
607.0,0.6327715803814765
607.01,0.4774531609496391
607.02,0.46208046106955675
607.03,0.6350749188188064
607.04,0.3804078980779092
607.05,0.554000380195348
607.06,0.6039665219238883
607.07,0.3412324636376057
607.08,0.6131082237400954
607.09,0.5370882008545197
607.1,0.39879212202176495
607.11,0.636780507244063
607.12,0.44055827012404997
607.13,0.49840078735830745
607.14,0.6270366377467577
607.15,0.35580698197664623
607.16,0.5798058627133784
607.17,0.5827155454463593
607.1800000000001,0.3536332115242812
607.19,0.6255046476741092
607.2,0.5025368424989501
607.21,0.4363631347342986
607.22,0.6363662309304516
607.23,0.40282283934165164
607.24,0.5336167600547941
607.25,0.61345069682841
607.26,0.3431242942461712
607.27,0.6016622877994519
607.28,0.5546151909894269
607.29,0.38054757411565127
607.3,0.6333082024342707
607.31,0.46248885172380405
607.32,0.47755890543141843
607.33,0.6306060320823564
607.34,0.36953758010122384
607.35,0.565575156161872
607.36,0.5931570952251104
607.37,0.3474682825416796
607.38,0.6186052311225447
607.39,0.5190315805997281
607.4,0.41906353371377997
607.41,0.6356941575947641
607.42,0.41967745068896045
607.4300000000001,0.5184714827672294
607.44,0.6184026030476267
607.45,0.34816641049390334
607.46,0.5926058376423744
607.47,0.5649647457181601
607.48,0.3706729198042259
607.49,0.6297890171434886
607.5,0.47640112231521103
607.51,0.4640065286513038
607.52,0.6317077585297483
607.53,0.37996872502115003
607.54,0.555795092673474
607.55,0.59846954957438
607.56,0.34616308233824217
607.57,0.6134869297158918
607.58,0.5280104362786746
607.59,0.4097725574202109
607.6,0.6343678597877214
607.61,0.4295114084848671
607.62,0.5096845597298099
607.63,0.6201824908037531
607.64,0.3524929991106705
607.65,0.587149851826011
607.66,0.569442180332885
607.67,0.367074604137244
607.6800000000001,0.6272828358250156
607.69,0.4826306106328954
607.7,0.4580147447472061
607.71,0.6313590534560864
607.72,0.38510052766233127
607.73,0.5513711774178885
607.74,0.5997073588895753
607.75,0.34701033247291757
607.76,0.6109904876754638
607.77,0.5303134181777068
607.78,0.40772462717523805
607.79,0.6331266773445583
607.8,0.43202478390500326
607.81,0.5076869612082834
607.82,0.6195187967771603
607.83,0.3542745011507404
607.84,0.5858829971508506
607.85,0.5687642026819362
607.86,0.3683880306570952
607.87,0.6262884513677248
607.88,0.48156466685809646
607.89,0.45945243451962603
607.9,0.6299993397131637
607.91,0.38440533209119954
607.92,0.5525721089372957
607.9300000000001,0.5972972521295183
607.94,0.3489939434698064
607.95,0.611369128078499
607.96,0.5263183290152289
607.97,0.412459197229889
607.98,0.632156813204131
607.99,0.4273834362677385
608.0,0.5124067891845719
608.01,0.6165519111751933
608.02,0.35340979113745874
608.03,0.5887823635583229
608.04,0.5630490224811753
608.05,0.3744388558883426
608.06,0.6267450924788697
608.07,0.4733906557883764
608.08,0.46807453770821633
608.09,0.6275142614326245
608.1,0.37840001499927206
608.11,0.5590902861005068
608.12,0.5910695811346693
608.13,0.3527922173863337
608.14,0.6142970828929983
608.15,0.5159213379410248
608.16,0.4240178414357997
608.17,0.6311029419979455
608.1800000000001,0.41608239663564633
608.19,0.5233496870165725
608.2,0.6108555006836196
608.21,0.3513733113217491
608.22,0.5952398987102954
608.23,0.5518510549568958
608.24,0.38616583086478135
608.25,0.6280469925707135
608.26,0.4581725436670539
608.27,0.4835019425871439
608.28,0.6232461580981072
608.29,0.36872592957188827
608.3,0.5700640693404159
608.31,0.5802818250528368
608.32,0.360565607337645
608.33,0.618896530455627
608.34,0.4986592210207451
608.35,0.4426658516513966
608.36,0.6290799643089829
608.37,0.3992776356335706
608.38,0.5395373868875382
608.39,0.6014418000694793
608.4,0.3512477458248839
608.41,0.6040933302938198
608.42,0.5342474537534025
608.4300000000001,0.40507598404145057
608.44,0.6290672856154229
608.45,0.43625647828284336
608.46,0.5049413572115139
608.47,0.6159923481768628
608.48,0.3586196754582203
608.49,0.5840731713435612
608.5,0.5636561184357706
608.51,0.37541349785251577
608.52,0.6237763718868665
608.53,0.47405257996657685
608.54,0.46826869245153213
608.55,0.624677304221036
608.56,0.379579540863112
608.57,0.5593889580109337
608.58,0.5867634782368012
608.59,0.3575709585818932
608.6,0.6136692245195629
608.61,0.509070958262206
608.62,0.4322691001471818
608.63,0.6281775875542376
608.64,0.40915767594769364
608.65,0.5308434890441355
608.66,0.6039896228506094
608.67,0.35339319398077945
608.6800000000001,0.5991593225111504
608.69,0.5395066534860067
608.7,0.4002125970069894
608.71,0.627070986179202
608.72,0.44240656155488894
608.73,0.4996088138368814
608.74,0.6159416549349092
608.75,0.36215161412554286
608.76,0.580679092115123
608.77,0.5647599280253262
608.78,0.3753198635722505
608.79,0.6218405322481657
608.8,0.47553603130376704
608.81,0.4672912292543548
608.82,0.6232405400002754
608.83,0.381062250615727
608.84,0.558749929259986
608.85,0.5849059500205432
608.86,0.3600024835927661
608.87,0.6129032571102332
608.88,0.5061728347730049
608.89,0.4358890268261033
608.9,0.6264516714307325
608.91,0.4064333447175371
608.92,0.5340463276183995
608.9300000000001,0.600336548775767
608.94,0.3552427428937509
608.95,0.6006460519329643
608.96,0.5331166294314288
608.97,0.40760254069165547
608.98,0.6260681756702776
608.99,0.4347486831676758
609.0,0.5074414442925341
609.01,0.6115549114718581
609.02,0.36042879333542494
609.03,0.5854620815562669
609.04,0.5559588811992842
609.05,0.38450632130374374
609.06,0.6225184225468418
609.07,0.46327952253849874
609.08,0.4800175728516972
609.09,0.6190724633331484
609.1,0.37370535547600775
609.11,0.5677835217928319
609.12,0.5747532653006365
609.13,0.3681683579727254
609.14,0.6161830092060583
609.15,0.4902257573780125
609.16,0.453025644421863
609.17,0.6233649703303343
609.1800000000001,0.39261281415130234
609.19,0.5481066389221799
609.2,0.5897879870934585
609.21,0.3593536899051785
609.22,0.6074138853541703
609.23,0.5145822821973688
609.24,0.42778687658349523
609.25,0.6248597604271572
609.26,0.4147001967314561
609.27,0.5270048994556602
609.28,0.601448104568523
609.29,0.3579296406606785
609.3,0.5965519069348154
609.31,0.5359164319388069
609.32,0.40554747107387434
609.33,0.6239377450993737
609.34,0.43791770736294067
609.35,0.5051260082009728
609.36,0.6101405052810743
609.37,0.3629984337038413
609.38,0.5839407525377895
609.39,0.554160819793635
609.4,0.3873178974403574
609.41,0.6209413911879172
609.42,0.4607646637712588
609.4300000000001,0.4831703457323137
609.44,0.6162573967264293
609.45,0.37318184844456337
609.46,0.5699358899919054
609.47,0.5694577753982679
609.48,0.37374060763116607
609.49,0.6161840562986484
609.5,0.48226749738460745
609.51,0.4618515162656346
609.52,0.6201615232064518
609.53,0.38693770821016676
609.54,0.5549077526831927
609.55,0.582055935153579
609.56,0.3650245314626504
609.57,0.6099584017020011
609.58,0.5018776630916322
609.59,0.44184409063737873
609.6,0.6221826900133169
609.61,0.402812050880865
609.62,0.5392388021810609
609.63,0.5922471466471142
609.64,0.3609619079196183
609.65,0.6025428125552086
609.66,0.5193527779370779
609.67,0.4237277240079885
609.6800000000001,0.6226195568477179
609.69,0.4195874777230753
609.7,0.5233148421669709
609.71,0.6003307280071069
609.72,0.3610145965677049
609.73,0.594205415635333
609.74,0.5346527039958053
609.75,0.40793884983440865
609.76,0.6217433789904786
609.77,0.4363361929498956
609.78,0.5075117683450691
609.79,0.606594829541234
609.8,0.36443757069088534
609.81,0.5852056798633702
609.82,0.547860560558478
609.83,0.3947398818613927
609.84,0.6198019686884618
609.85,0.4524085067509776
609.86,0.49217972563260576
609.87,0.6113078305401998
609.88,0.3704040927979107
609.89,0.5757938579920165
609.9,0.5591276572625996
609.91,0.3842114733962388
609.92,0.617023056966421
609.9300000000001,0.4673885958063294
609.94,0.4776271676749254
609.95,0.6147152670258099
609.96,0.378107041587917
609.97,0.5662087341365697
609.98,0.5686373926291128
609.99,0.37626751912776235
610.0,0.6136167451951632
610.01,0.48104052224550903
610.02,0.46410738184624645
610.03,0.6170395707327364
610.04,0.3868255194850981
610.05,0.556674288701285
610.06,0.5765827373426717
610.07,0.370687458240101
610.08,0.6097770185299284
610.09,0.49325749573068395
610.1,0.45180958536752697
610.11,0.6184810525546703
610.12,0.395957958803463
610.13,0.5473959653574513
610.14,0.5831528360229439
610.15,0.36715769215440797
610.16,0.6056824460852672
610.17,0.5040198726014948
610.1800000000001,0.44085581634818394
610.19,0.6192192753185278
610.2,0.405029496103671
610.21,0.5385572101429182
610.22,0.588525442977641
610.23,0.36531394515509874
610.24,0.6014962673361554
610.25,0.5133629601016774
610.26,0.4313037718726048
610.27,0.6194143859057981
610.28,0.41368298771941
610.29,0.5303168467561806
610.3,0.5928629418927677
610.31,0.3647784229404401
610.32,0.5973660877926299
610.33,0.5213535855628886
610.34,0.42315476739468283
610.35,0.6192082225663899
610.36,0.4216617215570576
610.37,0.5228076728934917
610.38,0.5963104793520706
610.39,0.3651884419731299
610.4,0.593423395282679
610.41,0.5280736790909496
610.42,0.4163653249719415
610.4300000000001,0.6187251496551314
610.44,0.4287895155658096
610.45,0.5161364402816986
610.46,0.5989952872626487
610.47,0.3662157710595036
610.48,0.5897830716122038
610.49,0.5336091092725536
610.5,0.41086063851205784
610.51,0.6180726419671784
610.52,0.43495162331297593
610.53,0.5103851579446284
610.54,0.6010266320749105
610.55,0.3675776953512661
610.56,0.5865430234008109
610.57,0.538042285020605
610.58,0.40654827203880106
610.59,0.6173416711697616
610.6,0.4400781533988542
610.61,0.5056134694828885
610.62,0.6024960613441301
610.63,0.36904169931286357
610.64,0.5837839987821029
610.65,0.541447377127321
610.66,0.4033307992165537
610.67,0.6166069540944561
610.6800000000001,0.4441306075585569
610.69,0.5018617273658232
610.7,0.6034777635190416
610.71,0.3704258602317909
610.72,0.5815696037357411
610.73,0.5438873237909146
610.74,0.4011165391853487
610.75,0.615927117289106
610.76,0.44709153056953005
610.77,0.4991543292874185
610.78,0.6040289444948093
610.79,0.37159682034284797
610.8,0.5799464888402566
610.81,0.5454120366780295
610.82,0.39982796180328695
610.83,0.6153448210874016
610.84,0.4489569877785497
610.85,0.4975028902946172
610.86,0.6041901751841462
610.87,0.3724667979887232
610.88,0.5789446503479212
610.89,0.5460574157909767
610.9,0.3994076507192
610.91,0.6148868736432336
610.92,0.44973151101400244
610.9300000000001,0.49690888336315747
610.94,0.603985692587738
610.95,0.3729906589770897
610.96,0.5785777792858239
610.97,0.5458449239108436
610.98,0.39982190055242633
610.99,0.6145643535370785
611.0,0.4494251892711156
611.01,0.4973654758372913
611.02,0.6034236511380978
611.03,0.37316367417617646
611.04,0.5788435983407557
611.05,0.5447815769246546
611.06,0.40106209747100496
611.07,0.6143727497664451
611.08,0.4480526680421559
611.09,0.49885839997009257
611.1,0.6024963281549327
611.11,0.37302025701124664
611.12,0.5797241444251429
611.13,0.5428602890089342
611.14,0.40314402430086227
611.15,0.6142921203447015
611.16,0.4456339282440052
611.17,0.5013658134080023
611.1800000000001,0.6011802905295619
611.19,0.37263369403258606
611.2,0.5811859804502958
611.21,0.5400605813276264
611.22,0.40610518396530615
611.23,0.6142872648661252
611.24,0.4421968208484439
611.25,0.5048572176959732
611.26,0.5994365336421664
611.27,0.37211662636299214
611.28,0.5831803458033343
611.29,0.5363497309760651
611.3,0.4100001906589718
611.31,0.6143079015281693
611.32,0.4377814238531083
611.33,0.5092916071280795
611.34,0.597210609493553
611.35,0.3716217853894763
611.36,0.5856432773342415
611.37,0.5316845111497762
611.38,0.41489427534830914
611.39,0.6142888344147804
611.4,0.4324463454025026
611.41,0.514615106456632
611.42,0.5944327735476665
611.4300000000001,0.3713422172670741
611.44,0.588495744719261
611.45,0.5260137633558157
611.46,0.42085501944637016
611.47,0.6141500923004621
611.48,0.42627709729239727
611.49,0.5207584207268959
611.5,0.5910182021599786
611.51,0.37150995622993993
611.52,0.5916438440972935
611.53,0.5192821545535697
611.54,0.42794258366490673
611.55,0.6137970162519257
611.56,0.4193965654507819
611.57,0.5276344513069043
611.58,0.5868673707274571
611.59,0.37239186745444774
611.6,0.5949790801066882
611.61,0.5114356113705854
611.62,0.4361989327498302
611.63,0.6131202717418713
611.64,0.4119773530515575
611.65,0.5351364230808332
611.66,0.5818667451090275
611.67,0.374281262360544
611.6800000000001,0.5983787407467375
611.69,0.5024290872020603
611.7,0.44563683590015246
611.71,0.6119957649720806
611.72,0.4042552921699332
611.73,0.5431368101494449
611.74,0.5758900367856338
611.75,0.37748402120295765
611.76,0.6017063350038027
611.77,0.49223749019756713
611.78,0.4562296838212738
611.79,0.6102844578815882
611.8,0.3965426424330426
611.81,0.5514872436723087
611.82,0.5688004211839999
611.83,0.3822984881200464
611.84,0.604812026421452
611.85,0.4808707331666076
611.86,0.4679033181174779
611.87,0.6078321097771612
611.88,0.38923839056874215
611.89,0.5600194427597598
611.9,0.5604543386853429
611.91,0.3889894412360426
611.92,0.6075329633183698
611.9300000000001,0.46839386291573665
611.94,0.4805310304549217
611.95,0.6044690376748442
611.96,0.3828317326423887
611.97,0.5685470483294361
611.98,0.5507078102625497
611.99,0.3977579581807956
612.0,0.6096933868554878
612.01,0.4549529047599788
612.02,0.49393259913064236
612.03,0.6000101001467048
612.04,0.37789359867971756
612.05,0.5768680834734167
612.06,0.5394266205037862
612.07,0.40871073651559836
612.08,0.6111044005644937
612.09,0.4408061256352809
612.1,0.5078777005687019
612.11,0.594255297750775
612.12,0.37505064948203803
612.13,0.5847676410453022
612.14,0.5265022408029489
612.15,0.42183386258252553
612.16,0.611563320001724
612.17,0.4263584813258026
612.1800000000001,0.5220933468419323
612.19,0.5869916858194391
612.2,0.3749375261162384
612.21,0.5920203302002468
612.22,0.5118759075336279
612.23,0.43697647692467506
612.24,0.610852603980174
612.25,0.41219369033974773
612.26,0.5362743119550941
612.27,0.577997766885144
612.28,0.3781272129745421
612.29,0.5983920125470742
612.3,0.4955736096955933
612.31,0.4538487227311741
612.32,0.6087385221286991
612.33,0.39909364205652625
612.34,0.5500949863034101
612.35,0.5670522366778017
612.36,0.38504632217248125
612.37,0.6036404275507018
612.38,0.47775437709075935
612.39,0.4720357425233064
612.4,0.6049699763988703
612.41,0.38802967951663564
612.42,0.5632208702061828
612.4300000000001,0.5539499592937679
612.44,0.3958903235681173
612.45,0.6075144438504402
612.46,0.4587722568886377
612.47,0.4910259482480492
612.48,0.5992783305173868
612.49,0.3801074655756576
612.5,0.5753180239098945
612.51,0.5385293403649343
612.52,0.41055962572958354
612.53,0.6097518785259115
612.54,0.4392473013689932
612.55,0.5102484805632115
612.56,0.591379812671706
612.57,0.37645134557028864
612.58,0.5860591828396717
612.59,0.5207166389156028
612.6,0.4286366843486619
612.61,0.6100761187845771
612.62,0.4201312556244999
612.63,0.5291128436130528
612.64,0.5809831889407397
612.65,0.3780300227247425
612.66,0.5951258066214274
612.67,0.5005934951342134
612.6800000000001,0.4494149210788673
612.69,0.6081922138780272
612.7,0.40273935958569684
612.71,0.5470437358300672
612.72,0.5678071341381837
612.73,0.3854526270323858
612.74,0.6022059357041465
612.75,0.4784923412248068
612.76,0.4719748254755213
612.77,0.6037837914752445
612.78,0.38870522251754974
612.79,0.5635058712546726
612.8,0.5516141716422744
612.81,0.3987921801240811
612.82,0.6069883033886437
612.83,0.4551171553997278
612.84,0.49528796810911463
612.85,0.5965132907021031
612.86,0.3798134195377973
612.87,0.5780162684254765
612.88,0.5322710111598774
612.89,0.4175024280519649
612.9,0.6091537065503931
612.91,0.43166963998650654
612.92,0.5183226304726373
612.9300000000001,0.5860299004681397
612.94,0.3776925387552131
612.95,0.5901441154786595
612.96,0.5098474102714602
612.97,0.44046908763318726
612.98,0.608365305891383
612.99,0.40993045979590637
613.0,0.5401278324120657
613.01,0.5719926434793655
613.02,0.3834188072505879
613.03,0.5995002496128621
613.04,0.48476393666861445
613.05,0.46618464867826764
613.06,0.6042605824765346
613.07,0.39220901281890896
613.08,0.5598826998369756
613.09,0.5541205626923379
613.1,0.3971616922284112
613.11,0.6057193625555523
613.12,0.457985982115481
613.13,0.4929865179330442
613.14,0.5964495825819457
613.15,0.38106308201430267
613.16,0.576909652130562
613.17,0.5322875479578644
613.1800000000001,0.4180338695245066
613.19,0.6084385621908974
613.2,0.43122609036790216
613.21,0.5192810332816683
613.22,0.5845275178871407
613.23,0.3787519616257426
613.24,0.5906582123289644
613.25,0.5066832548901358
613.26,0.44423602209308805
613.27,0.6072765018544353
613.28,0.40705243690465776
613.29,0.5436961059638988
613.3,0.5681155727969704
613.31,0.38654724677914487
613.32,0.6006698319391033
613.33,0.47805553480364926
613.34,0.4734417102954492
613.35,0.6018187955606934
613.36,0.38873039521637903
613.37,0.5651436457719611
613.38,0.5469523181814302
613.39,0.40420187895396803
613.4,0.6065340882149893
613.41,0.44801622346627307
613.42,0.503254226380247
613.4300000000001,0.591619004972744
613.44,0.3796291963841385
613.45,0.5828054113198154
613.46,0.5210675546765055
613.47,0.4298884362080824
613.48,0.6078452443798622
613.49,0.4193076706842421
613.5,0.5315647717943937
613.51,0.5762315540065097
613.52,0.38222197226901283
613.53,0.5960708185914031
613.54,0.4910717389089
613.55,0.4606738225644898
613.56,0.6041678386417231
613.57,0.39579428086285995
613.58,0.5567283623289616
613.59,0.5553047923877646
613.6,0.39707465349644333
613.61,0.6044548850455552
613.62,0.4585630896733239
613.63,0.4932772486311978
613.64,0.5950229089225936
613.65,0.381862073155203
613.66,0.5775703195386249
613.67,0.5287779586567883
613.6800000000001,0.42243756459597137
613.69,0.6075174288036145
613.7,0.42654828285354823
613.71,0.5247412917394026
613.72,0.579915005204231
613.73,0.38110805620023575
613.74,0.5932865376106033
613.75,0.49723446166056295
613.76,0.4547606533697545
613.77,0.6047987384977347
613.78,0.3995670974497502
613.79,0.5527897252205447
613.8,0.5584365480740319
613.81,0.3947922075649867
613.82,0.6033030114072679
613.83,0.4624313041879788
613.84,0.4898175526322813
613.85,0.5957873663845145
613.86,0.3830273927687593
613.87,0.5758674294831507
613.88,0.5305095511083497
613.89,0.4210483862679336
613.9,0.6071401135821817
613.91,0.42788064200089604
613.92,0.5237755343569583
613.9300000000001,0.5799461684190377
613.94,0.38147701517168303
613.95,0.5929839923813184
613.96,0.4968404242279349
613.97,0.45551211258282726
613.98,0.6043084527418061
613.99,0.3990495729584189
614.0,0.5537639157610937
614.01,0.5568462856554822
614.02,0.3964522980893158
614.03,0.6034905223112679
614.04,0.45961772810299506
614.05,0.4929311728671592
614.06,0.5942581649379032
614.07,0.3824477780184835
614.08,0.5779213596216006
614.09,0.5264934889343882
614.1,0.42543158231626077
614.11,0.6068732284389308
614.12,0.42326082530317477
614.13,0.5286763785429724
614.14,0.576417573522989
614.15,0.3832321468818169
614.16,0.5951429784726959
614.17,0.4899510165096458
614.1800000000001,0.46285889928219537
614.19,0.6026058889452229
614.2,0.39454904497786647
614.21,0.5594580412998272
614.22,0.5503930942012851
614.23,0.4024200585609255
614.24,0.6047486444352802
614.25,0.45027310580928626
614.26,0.5024251547029139
614.27,0.590091362346097
614.28,0.3810849242650696
614.29,0.5832873786083799
614.3,0.5164524765720877
614.31,0.4359892046785229
614.32,0.6061999364644893
614.33,0.4133750998741855
614.34,0.5389506963073117
614.35,0.5687456400546723
614.36,0.38787247807096575
614.37,0.5990673667965778
614.38,0.47642193952920653
614.39,0.47681647233573815
614.4,0.5989208630361684
614.41,0.3877309439957712
614.42,0.5690496098193288
614.4300000000001,0.5383355677913835
614.44,0.41413493759533815
614.45,0.6061380124709308
614.46,0.434912488561067
614.47,0.5177382015973465
614.48,0.582264296354495
614.49,0.38156044377449655
614.5,0.5908530870626938
614.51,0.49974640259102693
614.52,0.4534280773754196
614.53,0.6039329148042313
614.54,0.4000649193047175
614.55,0.5535001278527828
614.56,0.5557125486830415
614.57,0.39817625099743875
614.58,0.6033955010056848
614.59,0.4562936821605739
614.6,0.49705799796407824
614.61,0.5918068038361859
614.62,0.38201582668724937
614.63,0.581040070642087
614.64,0.5194915799271467
614.65,0.43339706312831267
614.66,0.6060571808821
614.67,0.4151519662847831
614.6800000000001,0.5376319682259211
614.69,0.5691007385235141
614.7,0.3880195774631509
614.71,0.5988373089713985
614.72,0.4758256747268898
614.73,0.47794199559600775
614.74,0.5982128061335199
614.75,0.38718410085614513
614.76,0.5704772183341857
614.77,0.5356054361830621
614.78,0.41729683841281173
614.79,0.6061117252849232
614.8,0.430734706603048
614.81,0.522320599329902
614.82,0.5791487972960413
614.83,0.38281841433906777
614.84,0.5932286761017733
614.85,0.4927009700815224
614.86,0.4611323542643267
614.87,0.6022407159653432
614.88,0.39500686646247474
614.89,0.5599193182111429
614.9,0.5483818677437904
614.91,0.40514735523918555
614.92,0.6048063252608568
614.9300000000001,0.44531718772203555
614.94,0.5082836832278939
614.95,0.5865015712641795
614.96,0.3813206004588662
614.97,0.5872394204703681
614.98,0.5066705182674314
614.99,0.4470486661873055
615.0,0.6045482186315878
615.01,0.4037630573325572
615.02,0.550013173987736
615.03,0.5582457432080464
615.04,0.3965406807420275
615.05,0.6027482761577849
615.06,0.4580295764241263
615.07,0.4960573554098233
615.08,0.5917395009175721
615.09,0.38219299417232877
615.1,0.581442984004401
615.11,0.5177884913157462
615.12,0.435816153474172
615.13,0.6056892906397189
615.14,0.4121782573050005
615.15,0.5412867230414383
615.16,0.5656354512383546
615.17,0.39082311989997703
615.1800000000001,0.6004461560079408
615.19,0.4684350580834069
615.2,0.4859981511510036
615.21,0.5953542445871268
615.22,0.38424078651949867
615.23,0.5763136558489526
615.24,0.526243034238227
615.25,0.42734179632114083
615.26,0.6061160118286402
615.27,0.4193909698722881
615.28,0.5341465588308315
615.29,0.5709429521765672
615.3,0.3872729698466503
615.31,0.5983113289799162
615.32,0.47635871333748847
615.33,0.4783098071713562
615.34,0.5977403675226102
615.35,0.38651314989132457
615.36,0.5722248541031393
615.37,0.5322538645338156
615.38,0.42141289225918005
615.39,0.6061808326086483
615.4,0.4248615452227897
615.41,0.5288850528456047
615.42,0.5744848554980253
615.4300000000001,0.3852372865886698
615.44,0.5966582090301386
615.45,0.4817617971406044
615.46,0.47308615656980524
615.47,0.5991934184580187
615.48,0.38832800970322223
615.49,0.5694497384354593
615.5,0.5360139273704935
615.51,0.4177929899417362
615.52,0.606138139826486
615.53,0.42827715973807184
615.54,0.5256943014229639
615.55,0.5764892132232031
615.56,0.3842191200640936
615.57,0.5957042025668153
615.58,0.48465915095555656
615.59,0.4703577432906869
615.6,0.599910123132916
615.61,0.38925636769541583
615.62,0.5681637333907833
615.63,0.5376578118958136
615.64,0.41629839270258445
615.65,0.6061451178773338
615.66,0.42947740594240347
615.67,0.5246817398853195
615.6800000000001,0.5770898664399837
615.69,0.3839243120553537
615.7,0.5955697406986858
615.71,0.48507031030926534
615.72,0.4701304869064109
615.73,0.599988992893471
615.74,0.3890973686705598
615.75,0.5684474732832617
615.76,0.5372459684576113
615.77,0.41684755989150213
615.78,0.6062621699773999
615.79,0.42840839782705853
615.8,0.5258819639648238
615.81,0.5763242788065969
615.82,0.3842819496167069
615.83,0.596278399442408
615.84,0.48299580295125555
615.85,0.4724079836374521
615.86,0.5994307575631829
615.87,0.3878626589521154
615.88,0.5702885439675511
615.89,0.5347587155168443
615.9,0.4194815045857354
615.91,0.6064531143708269
615.92,0.4251065311304281
615.9300000000001,0.529260798150152
615.94,0.5741330477136084
615.95,0.38544891469128595
615.96,0.5977569796115769
615.97,0.4784137229072944
615.98,0.47719308309900466
615.99,0.5981384535473078
616.0,0.3857780354831904
616.01,0.5735810997878623
616.02,0.5300976387092831
616.03,0.42435514479951564
616.04,0.6065852436610599
616.05,0.41971173259907024
616.06,0.5347102738908571
616.07,0.5703606199896731
616.08,0.3878012254149333
616.09,0.5998355297970107
616.1,0.4712958477731514
616.11,0.4844684183438942
616.12,0.595917147495373
616.13,0.3833019212196614
616.14,0.5781235808860956
616.15,0.5230949550423245
616.16,0.4316994533324385
616.17,0.6064291987593292
616.1800000000001,0.4125104918485995
616.19,0.5420361570097354
616.2,0.5647578275418683
616.21,0.391906252283124
616.22,0.6022474527739191
616.23,0.4616468070605494
616.24,0.49415960849498586
616.25,0.5924734124159938
616.26,0.3811515452271734
616.27,0.5836158096751648
616.28,0.5135345577504766
616.29,0.4417550524023167
616.3,0.6056584641105904
616.31,0.40400805195841316
616.32,0.5509422267395013
616.33,0.5569882918992836
616.34,0.39846315553157813
616.35,0.604629817490842
616.36,0.44957378323386377
616.37,0.5060889798939049
616.38,0.5874150520344796
616.39,0.38031670481087576
616.4,0.5896571951665536
616.41,0.5011925694289252
616.42,0.45468210506898166
616.4300000000001,0.6038481773968349
616.44,0.3950232238338952
616.45,0.5610168787632599
616.46,0.5466432310241446
616.47,0.4081977925293663
616.48,0.6065236797562581
616.49,0.43539660462336743
616.5,0.5199311831630219
616.51,0.5802525906823366
616.52,0.38202811650452245
616.53,0.5957473070587456
616.54,0.485910868730655
616.55,0.47045958907496954
616.56,0.6004730452198647
616.57,0.38678391005912477
616.58,0.571727136151781
616.59,0.5332737160977827
616.6,0.4217077415964222
616.61,0.6073736656976539
616.62,0.41980486505459075
616.63,0.5351833458779874
616.64,0.5704064447016679
616.65,0.38763909170084987
616.66,0.6012887276136648
616.67,0.4677236839394775
616.6800000000001,0.4887965293084406
616.69,0.5949049139977068
616.7,0.3809735980831482
616.71,0.5824225742626434
616.72,0.5164572267659963
616.73,0.4392755914121514
616.74,0.6065256283796147
616.75,0.40405121230283947
616.76,0.5511595196367708
616.77,0.5572287928718486
616.78,0.39839014886384877
616.79,0.6055902884353342
616.8,0.44706095540580426
616.81,0.5090822166483222
616.82,0.5864128815787358
616.83,0.37964547054919545
616.84,0.5923475747143884
616.85,0.4959272828123924
616.86,0.46069805179046575
616.87,0.6032215220661081
616.88,0.3901253757537617
616.89,0.5670116879945324
616.9,0.5400591415842769
616.91,0.4150723893689931
616.92,0.6078673487895606
616.9300000000001,0.425040321481454
616.94,0.5303952554074652
616.95,0.5741745196108117
616.96,0.384910924505069
616.97,0.6006561207299439
616.98,0.47180853081354607
616.99,0.48519600882590713
617.0,0.5965929483382393
617.01,0.38077677355238276
617.02,0.5817696517135733
617.03,0.5183501772100998
617.04,0.4376830802817061
617.05,0.6072357292453245
617.06,0.4038057081625684
617.07,0.5515715191172743
617.08,0.5573190323778263
617.09,0.39837648305711676
617.1,0.6064207846404189
617.11,0.44500097908823927
617.12,0.5114544192991287
617.13,0.5856613628691482
617.14,0.3791822373921401
617.15,0.5943839067331905
617.16,0.49192614544918745
617.17,0.465228312551344
617.1800000000001,0.6026987222383973
617.19,0.38674195337879397
617.2,0.5713070186890823
617.21,0.5350470723162194
617.22,0.42047543185270175
617.23,0.6086281212178369
617.24,0.41770494479847914
617.25,0.5377880567068714
617.26,0.5693680920251951
617.27,0.3881088541734683
617.28,0.6037530424343034
617.29,0.46145654944910397
617.3,0.49580023616305496
617.31,0.5931348772785181
617.32,0.37821303219387886
617.33,0.5882564920983631
617.34,0.5069119689846207
617.35,0.4500254925872968
617.36,0.606157613951761
617.37,0.3938971028823923
617.38,0.5623685938216247
617.39,0.5466890498034443
617.4,0.4087363831669207
617.41,0.6087215624086876
617.42,0.4291875623350063
617.4300000000001,0.526921784594626
617.44,0.5773137355164536
617.45,0.3824383456455694
617.46,0.6010904567184312
617.47,0.4733928207273388
617.48,0.4843284628184844
617.49,0.5977531431474543
617.5,0.3792260131618998
617.51,0.5834211863737798
617.52,0.5169473886139457
617.53,0.43976238947091123
617.54,0.6080446725912093
617.55,0.3997373120710251
617.56,0.5559998265617737
617.57,0.5540092094497928
617.58,0.4016063255277309
617.59,0.6084901083498537
617.6,0.4368683175819776
617.61,0.5198167236808956
617.62,0.5820220253855604
617.63,0.3795785084016737
617.64,0.5993201206283431
617.65,0.48051577770583687
617.66,0.4774921414130847
617.67,0.6003347070858738
617.6800000000001,0.3801992776972842
617.69,0.5806808627588632
617.7,0.5223636890035667
617.71,0.43428199513111043
617.72,0.609082583813795
617.73,0.40279219773398095
617.74,0.5528872048184854
617.75,0.5575547631628034
617.76,0.39825043099173896
617.77,0.6085622642297238
617.78,0.4401003266690596
617.79,0.5169664151879033
617.8,0.5840394920443039
617.81,0.37828817002844506
617.82,0.5989851424562971
617.83,0.48277836644362687
617.84,0.47548952517045484
617.85,0.6013465388253614
617.86,0.3799929133007244
617.87,0.5804904605159199
617.88,0.523378295362054
617.89,0.433428318493865
617.9,0.6096435199816889
617.91,0.40237014894739764
617.92,0.5533791475445361
617.9300000000001,0.5575840495818204
617.94,0.3982420085755052
617.95,0.6092191338627081
617.96,0.43862239316727575
617.97,0.5185902631819415
617.98,0.583566115227059
617.99,0.3781061275434839
618.0,0.6002789891210427
618.01,0.4801380272275304
618.02,0.4784169614902168
618.03,0.6009008063231585
618.04,0.3783285877225841
618.05,0.5829557313953998
618.06,0.5199814852798491
618.07,0.4372535109323437
618.08,0.6097482555131273
618.09,0.39839245509924026
618.1,0.5574999543517434
618.11,0.554027493751761
618.12,0.4017441830169169
618.13,0.6103907872503833
618.14,0.4324102802822401
618.15,0.5246682142593969
618.16,0.580444808861743
618.17,0.3794342910326439
618.1800000000001,0.6030403784965594
618.19,0.4724817594569224
618.2,0.48631319089119857
618.21,0.5987511644604627
618.22,0.37579677861304184
618.23,0.5878279457498151
618.24,0.5119120528927491
618.25,0.4460413757728306
618.26,0.609062762229254
618.27,0.39140704999931525
618.28,0.5649395091828685
618.29,0.5464812764111564
618.3,0.4094934063411586
618.31,0.6116527828256421
618.32,0.4217319586958117
618.33,0.5349075289486934
618.34,0.5741566390517061
618.35,0.3835238039360473
618.36,0.6067494326667932
618.37,0.45969772215259547
618.38,0.4990701947121348
618.39,0.5942861491940141
618.4,0.37393459643851407
618.41,0.5944943930188789
618.42,0.4987128177079406
618.4300000000001,0.46013364491347675
618.44,0.6068919141768909
618.45,0.3827949780272858
618.46,0.5750218755128357
618.47,0.5342347501748731
618.48,0.4225674744558039
618.49,0.6122226935902428
618.5,0.40742356288526266
618.51,0.5486562943229943
618.52,0.5638248160551058
618.53,0.3923055088361775
618.54,0.6105264831505666
618.55,0.4419299171628297
618.56,0.5162425027205853
618.57,0.5865204672891106
618.58,0.3752771869346197
618.59,0.6019722792845972
618.6,0.4799100506223742
618.61,0.4795919787555232
618.62,0.6021682796880056
618.63,0.3751022780549273
618.64,0.586675589828938
618.65,0.5163679739048861
618.66,0.441915813478545
618.67,0.6109534233296333
618.6800000000001,0.3914033958649786
618.69,0.5648141555497023
618.7,0.5482498114128113
618.71,0.4079214761088829
618.72,0.6131325908969073
618.73,0.4201053457370213
618.74,0.536841462990539
618.75,0.5740931933589103
618.76,0.38312893653330765
618.77,0.6089134515534749
618.78,0.45542996415259557
618.79,0.503803605051595
618.8,0.593435180827319
618.81,0.3722537517627035
618.82,0.598431461283412
618.83,0.4920175347341675
618.84,0.4677191463709749
618.85,0.6063167470187933
618.86,0.37732449518169464
618.87,0.5817993977106642
618.88,0.5260430754296018
618.89,0.43187175389708904
618.9,0.6129636665637712
618.91,0.39681061479538476
618.92,0.5592263019253071
618.9300000000001,0.5553098666435325
618.94,0.4007221976850106
618.95,0.6136150930503381
618.96,0.42643869634649634
618.97,0.5312131959799149
618.98,0.5788370838354197
618.99,0.37912762704615977
619.0,0.6084528960884709
619.01,0.4610179871211701
619.02,0.4988241499234893
619.03,0.5963734015443669
619.04,0.3708943569228139
619.05,0.5975985336271161
619.06,0.49603102394148474
619.07,0.4639884579150656
619.08,0.6080233002789207
619.09,0.3773273453091795
619.1,0.5811625561852319
619.11,0.5283455713988845
619.12,0.4297037199461869
619.13,0.6140134742414776
619.14,0.39673485390476493
619.15,0.5593458660242226
619.16,0.5561831495790146
619.17,0.3999133718272958
619.1800000000001,0.6145687586347421
619.19,0.4252421436544878
619.2,0.5325978698700858
619.21,0.5787552125726112
619.22,0.37884237396316484
619.23,0.6098617038067259
619.24,0.45829374923266286
619.25,0.5018291170079584
619.26,0.5958696077788934
619.27,0.369836982453466
619.28,0.6000115230427692
619.29,0.49191808714900487
619.3,0.4686460269982197
619.31,0.6076315202653789
619.32,0.37420433831606076
619.33,0.5851211915257691
619.34,0.523303579160238
619.35,0.435517791404626
619.36,0.6142541433168223
619.37,0.3907555149720179
619.38,0.565351207042361
619.39,0.5507924579547024
619.4,0.40572001822504516
619.41,0.6159549855508459
619.42,0.4163534415177339
619.4300000000001,0.5410331178829286
619.44,0.5735991560613687
619.45,0.38289452365458065
619.46,0.6129101055358217
619.47,0.44707197750921035
619.48,0.512822604708412
619.49,0.5914887934146305
619.5,0.37021306070117876
619.51,0.6052466740016198
619.52,0.47927869632910924
619.53,0.48187591545903213
619.54,0.6045214145243404
619.55,0.36942698178733235
619.56,0.5930635541578082
619.57,0.5102272474291308
619.58,0.4500008908482837
619.59,0.6128819948496291
619.6,0.38029696326120915
619.61,0.5764767739818687
619.62,0.538162070096625
619.63,0.4196908862213051
619.64,0.6167812372826966
619.65,0.4007455544904541
619.66,0.5556909430580115
619.67,0.5621443170609116
619.6800000000001,0.3939265870745199
619.69,0.6164058043788568
619.7,0.4276201801445522
619.71,0.5310978526168617
619.72,0.5817966493634774
619.73,0.37568052150699327
619.74,0.6119010684714358
619.75,0.4576128829108314
619.76,0.5033976828340132
619.77,0.5970756487602696
619.78,0.3672131008539666
619.79,0.6033759645674449
619.8,0.4879260485255108
619.81,0.4737239128372018
619.82,0.608106799071355
619.83,0.3694360512529302
619.84,0.5909250235015177
619.85,0.5165493451447662
619.86,0.4437300052772575
619.87,0.6150793752851081
619.88,0.3816665432386315
619.89,0.5746664182837093
619.9,0.5422375911911748
619.91,0.41557211556163975
619.92,0.6181866138403925
619.9300000000001,0.40190248431377185
619.94,0.5547966623697025
619.95,0.5643443199037456
619.96,0.3917187062622206
619.97,0.6175966517245488
619.98,0.42745204131185094
619.99,0.5316619526121492
620.0,0.582628079760464
620.01,0.3745633549823268
620.02,0.6134436520918598
620.03,0.4555978447386095
620.04,0.50584207094743
620.05,0.5970891317668547
620.06,0.36591771369943205
620.07,0.6058326801516659
620.08,0.4840536013200627
620.09,0.47823423134787263
620.1,0.6078522671087638
620.11,0.366567072591294
620.12,0.5948551297447832
620.13,0.5111503736349379
620.14,0.450111642531883
620.15,0.6150913747821845
620.16,0.37608858235613624
620.17,0.5806136490742273
620.1800000000001,0.5358194346443927
620.19,0.4231190159734243
620.2,0.6189853831800595
620.21,0.39301643541940795
620.22,0.563256580075196
620.23,0.5574735180186791
620.24,0.39916471123230274
620.25,0.6196956867668711
620.26,0.415262760650271
620.27,0.5430217871137153
620.28,0.5758645577983699
620.29,0.3801898255123139
620.3,0.6173576950435077
620.31,0.4405994201412637
620.32,0.520288091775296
620.33,0.5909590013931995
620.34,0.3678436063983867
620.35,0.6120817435140573
620.36,0.4670315081193539
620.37,0.49562898422875495
620.38,0.6028442079856698
620.39,0.36315455387737156
620.4,0.6039606544559438
620.41,0.49299373748111314
620.42,0.469857853735494
620.4300000000001,0.6116649577159918
620.44,0.36631682997183646
620.45,0.5930826424460377
620.46,0.5173907084750197
620.47,0.44404779058798965
620.48,0.6175838095526531
620.49,0.3766779960578407
620.5,0.5795490875198579
620.51,0.5395411119890217
620.52,0.4195050730149371
620.53,0.6207584920662792
620.54,0.39292763943804454
620.55,0.5634969909424756
620.56,0.5590830553804446
620.57,0.39767860446009523
620.58,0.6213307655829077
620.59,0.41340276607771814
620.6,0.5451256609825559
620.61,0.5758776860146416
620.62,0.3800022333089564
620.63,0.6194227992944513
620.64,0.43639661701653537
620.65,0.5247262723801639
620.66,0.5899286684427371
620.67,0.3676924149989905
620.6800000000001,0.6151384933909344
620.69,0.46038763194704335
620.7,0.5027113510651425
620.71,0.6013221781791716
620.72,0.3615502690565181
620.73,0.6085682035437955
620.74,0.48416012431047717
620.75,0.4796390640279898
620.76,0.6101856539635541
620.77,0.3618282444447896
620.78,0.5997960138983836
620.79,0.5068318387304049
620.8,0.4562249149172424
620.81,0.61666132502791
620.82,0.36820544828229707
620.83,0.5889091142564337
620.84,0.5278220711822884
620.85,0.43333205114988116
620.86,0.620890431150988
620.87,0.3798770079149439
620.88,0.5760090159721468
620.89,0.5467927452104182
620.9,0.4119323286366827
620.91,0.6230047762884692
620.92,0.3957224725164275
620.9300000000001,0.5612243162791569
620.94,0.5635848780675885
620.95,0.3930349164472291
620.96,0.6231231391616909
620.97,0.41449770153437526
620.98,0.5447245016830754
620.99,0.578162393923707
621.0,0.3775877563492115
621.01,0.6213508365171047
621.02,0.435000452632831
621.03,0.5267338777167191
621.04,0.590567688892141
621.05,0.3663675626333421
621.06,0.617781322718495
621.07,0.4561821972982999
621.08,0.507544157951795
621.09,0.6008890606024611
621.1,0.3598819131758126
621.11,0.6124991212913556
621.12,0.47720243749341634
621.13,0.48752362709698877
621.14,0.6092382152796666
621.15,0.3583076103673416
621.16,0.6055836529371028
621.17,0.4974371619646721
621.1800000000001,0.4671202807985081
621.19,0.6157355615370103
621.2,0.3614809404290383
621.21,0.5971136846209057
621.22,0.5164583450014439
621.23,0.44685619207655525
621.24,0.6205011657286759
621.25,0.36894063051531717
621.26,0.5871722028028713
621.27,0.5339997395879637
621.28,0.42731085550904696
621.29,0.6236496492884473
621.3,0.38000969255407396
621.31,0.5758515306241541
621.32,0.549919700499841
621.33,0.4090926381922819
621.34,0.6252877390112499
621.35,0.3938940829085271
621.36,0.5632584789180077
621.37,0.5641671716706212
621.38,0.39279970595994324
621.39,0.6255135507414041
621.4,0.40977642600703884
621.41,0.5495192565394134
621.42,0.5767535059909644
621.4300000000001,0.3789744963024557
621.44,0.624416971732193
621.45,0.426889781622373
621.46,0.5347837815981438
621.47,0.5877306345968398
621.48,0.3680581955802797
621.49,0.6220807135520232
621.5,0.4445653034401163
621.51,0.5192289491790757
621.52,0.5971749962481433
621.53,0.3603528068315675
621.54,0.6185817501213856
621.55,0.4622550056023359
621.56,0.5030603478141027
621.57,0.6051762067714139
621.58,0.35599759698833994
621.59,0.6139929502758412
621.6,0.47953508463423417
621.61,0.4865119037008952
621.62,0.6118293950139204
621.63,0.3549639912245254
621.64,0.6083847745260422
621.65,0.4960964982165546
621.66,0.46984299924417694
621.67,0.6172302525693014
621.6800000000001,0.35706912096590443
621.69,0.6018269419641051
621.7,0.5117288094607877
621.71,0.45333278129042875
621.72,0.6214720242789046
621.73,0.36200448403759383
621.74,0.5943899936226844
621.75,0.5263017636994395
621.76,0.4372716525301923
621.77,0.6246438458418777
621.78,0.369373687076545
621.79,0.5861466888683158
621.8,0.5397474401253841
621.81,0.4219503025426013
621.82,0.6268299891233408
621.83,0.37873256776770864
621.84,0.5771731761329751
621.85,0.5520444916620536
621.86,0.4076470338485381
621.87,0.6281096986224459
621.88,0.3896259675828761
621.89,0.5675498822977498
621.9,0.5632050620069758
621.91,0.39461449210370947
621.92,0.6285573954209205
621.9300000000001,0.401617379907973
621.94,0.5573620687339017
621.95,0.5732644045598675
621.96,0.38306713208634524
621.97,0.6282430931600329
621.98,0.41430985600660075
621.99,0.5467000091543983
622.0,0.582272933516469
622.01,0.3731707725095844
622.02,0.6272329193790199
622.03,0.42735833396001865
622.04,0.5356587560225202
622.05,0.5902903184620026
622.06,0.3650353816371886
622.07,0.625589669957239
622.08,0.4404746961261159
622.09,0.5243374795079395
622.1,0.5973812172274503
622.11,0.35871182464779355
622.12,0.623373348436734
622.13,0.4534273649808868
622.14,0.5128383856086252
622.15,0.6036122774023542
622.16,0.3541927702236943
622.17,0.6206416586903696
622.1800000000001,0.4660372717339962
622.19,0.5012652464795622
622.2,0.6090500936349098
622.21,0.3514174127665646
622.22,0.6174504310985874
622.23,0.4781717731310482
622.24,0.4897216050580494
622.25,0.6137598681527435
622.26,0.35027922362179487
622.27,0.6138539707475976
622.28,0.489737719508407
622.29,0.4783087430901212
622.3,0.6178045772732939
622.31,0.35063567526417727
622.32,0.6099053221007609
622.33,0.5006745001435772
622.34,0.46712352513513355
622.35,0.6212444937465565
622.36,0.352318811104264
622.37,0.60565644945636
622.38,0.5109475731772394
622.39,0.4562562462206117
622.4,0.6241369528221357
622.41,0.3551456369607888
622.42,0.6011583359473931
622.4300000000001,0.5205427446608015
622.44,0.44578861531078917
622.45,0.6265362797204896
622.46,0.35892753375794606
622.47,0.596461006907937
622.48,0.5294612932781838
622.49,0.43579200034201154
622.5,0.6284938190299605
622.51,0.363478168388157
622.52,0.5916134860786667
622.53,0.5377159321448773
622.54,0.42632604140988395
622.55,0.6300580237987733
622.56,0.368619652944555
622.57,0.5866636948791026
622.58,0.54532753823742
622.59,0.41743771126703055
622.6,0.6312745748207117
622.61,0.37418693118152946
622.62,0.5816583067579301
622.63,0.552322552914857
622.64,0.4091608671627396
622.65,0.6321865101126314
622.66,0.3800305359116668
622.67,0.576642569423541
622.6800000000001,0.5587309485757253
622.69,0.40151630187931897
622.7,0.6328343513830449
622.71,0.3860179599676028
622.72,0.5716601084604334
622.73,0.5645846606736156
622.74,0.39451226641180825
622.75,0.6332562193165783
622.76,0.3920339251725959
622.77,0.5667527253228053
622.78,0.5699163944752539
622.79,0.3881454074592127
622.8,0.6334879330169422
622.81,0.3979798339683459
622.82,0.5619602020187673
622.83,0.5747587285200817
622.84,0.3824020416332733
622.85,0.6335630914862269
622.86,0.40377266108639565
622.87,0.5573201235816286
622.88,0.5791434494100802
622.89,0.3772596758566763
622.9,0.6335131367503352
622.91,0.4093435012854815
622.92,0.5528677270211986
622.9300000000001,0.5831010649638709
622.94,0.37268868048959886
622.95,0.6333673994016189
622.96,0.41463594422497857
622.97,0.5486357836835066
622.98,0.5866604527460648
622.99,0.3686540267545681
623.0,0.633153128103969
623.01,0.4196044033519023
623.02,0.5446545188507265
623.03,0.5898486105056518
623.04,0.3651170109829447
623.05,0.6328955050160884
623.06,0.42421248855982036
623.07,0.5409515700595708
623.08,0.5926904820318994
623.09,0.3620369029936379
623.1,0.6326176493299204
623.11,0.42843148060491454
623.12,0.5375519829186602
623.13,0.595208838105682
623.14,0.35937247252795224
623.15,0.6323406111573553
623.16,0.4322389419453947
623.17,0.5344782406421844
623.1800000000001,0.5974241970535252
623.19,0.3570833637836526
623.2,0.6320833579464028
623.21,0.43561748084544294
623.22,0.5317503217598036
623.23,0.5993547729938009
623.24,0.3551313029691227
623.25,0.6318627554750136
623.26,0.4385536736115962
623.27,0.5293857784955632
623.28,0.6010164429293783
623.29,0.35348113575023354
623.3,0.6316935452535968
623.31,0.4410371418603043
623.32,0.5273998276652391
623.33,0.6024227261164933
623.34,0.35210170058143675
623.35,0.6315883200361109
623.36,0.4430597773926205
623.37,0.5258054447768078
623.38,0.6035847706028854
623.39,0.3509665501980753
623.4,0.6315574988487328
623.41,0.4446151050323418
623.42,0.5246134528634587
623.4300000000001,0.6045113435608349
623.44,0.3500545364293958
623.45,0.6316093027496148
623.46,0.44569777351027257
623.47,0.5238325972339741
623.48,0.6052088224786613
623.49,0.34935027429467513
623.5,0.6317497324126657
623.51,0.4463031652383076
623.52,0.5234695990375554
623.53,0.6056811854498694
623.54,0.34884449977407417
623.55,0.6319825483285662
623.56,0.44642711801472035
623.57,0.5235291816122447
623.58,0.6059299989677286
623.59,0.3485343323221231
623.6,0.63230925430636
623.61,0.44606575328917913
623.62,0.5240140654393961
623.63,0.6059544022562028
623.64,0.3484234487937458
623.65,0.6327290848206513
623.66,0.44521540912587526
623.67,0.524924929619802
623.6800000000001,0.605751087258504
623.69,0.34852216973257005
623.7,0.6332389964743632
623.71,0.44387267851719864
623.72,0.5262603399995098
623.73,0.6053142738179563
623.74,0.34884745330733447
623.75,0.6338336637599044
623.76,0.4420345571701051
623.77,0.5280166462518091
623.78,0.6046356796378702
623.79,0.34942278555768336
623.8,0.6345054790626096
623.81,0.43969870821625906
623.82,0.5301878524688758
623.83,0.6037044849267031
623.84,0.3502779501618984
623.85,0.6352445565799375
623.86,0.43686385476820083
623.87,0.5327654682152309
623.88,0.6025072919810803
623.89,0.351448655337672
623.9,0.6360387396396182
623.91,0.43353031469912406
623.92,0.5357383482107788
623.9300000000001,0.6010280802142192
623.94,0.352975991958212
623.95,0.6368736104630398
623.96,0.4297006952393626
623.97,0.5390925309152654
623.98,0.5992481579110904
623.99,0.3549056950735969
624.0,0.6377325012009785
624.01,0.4253807673576719
624.02,0.5428110867632795
624.03,0.5971461126278039
624.04,0.3572871819779151
624.05,0.6385965045491995
624.06,0.4205805421073408
624.07,0.5468739871838868
624.08,0.594697763471838
624.09,0.3601723448492277
624.1,0.6394444818944165
624.11,0.41531557032559435
624.12,0.551258005490049
624.13,0.5918761199339408
624.14,0.3636140848680636
624.15,0.6402530664789275
624.16,0.4096084847691103
624.17,0.55593665903181
624.1800000000001,0.5886513543099783
624.19,0.3676645886129954
624.2,0.6409966585593859
624.21,0.40349079701790513
624.22,0.5608802007471165
624.23,0.5849907976233285
624.24,0.37237336658194403
624.25,0.6416474091811358
624.26,0.3970049482553913
624.27,0.5660556653493655
624.28,0.5808589730167679
624.29,0.37778509649514425
624.3,0.6421751886941672
624.31,0.39020659312238837
624.32,0.5714269724204726
624.33,0.5762176861095396
624.34,0.38393734058752915
624.35,0.6425475358733592
624.36,0.38316706473953605
624.37,0.5769550852484566
624.38,0.5710261985453225
624.39,0.3908582323026469
624.4,0.6427295832307094
624.41,0.3759759252352588
624.42,0.5825982203049814
624.4300000000001,0.5652415208688134
624.44,0.3985642519869192
624.45,0.6426839540544289
624.46,0.36874344892645927
624.47,0.5883120991650549
624.48,0.5588188721410008
624.49,0.4070582285642021
624.5,0.64237062684704
624.51,0.36160281245337283
624.52,0.5940502305928795
624.53,0.5517123694984989
624.54,0.41632771100243926
624.55,0.6417467632963246
624.56,0.35471168365677375
624.57,0.5997642082785377
624.58,0.5438760295822715
624.59,0.42634384658035956
624.6,0.6407664967698192
624.61,0.3482528137170278
624.62,0.6054040072660104
624.63,0.5352651864054819
624.64,0.4370608805534417
624.65,0.6393806798365215
624.66,0.3424331624460424
624.67,0.6109182607002436
624.6800000000001,0.5258384577644005
624.69,0.4484163535596644
624.7,0.6375365916467247
624.71,0.33748104600648426
624.72,0.6162544982029456
624.73,0.5155604203154939
624.74,0.46033202320476607
624.75,0.6351776095881252
624.76,0.3336408196761106
624.77,0.6213593272365024
624.78,0.5044051834552061
624.79,0.47271547796733565
624.8,0.6322428549791675
624.81,0.3311647308679626
624.82,0.626178539929275
624.83,0.49236107366787424
624.84,0.4854623532481219
624.85,0.6286668303894684
624.86,0.3303018255057423
624.87,0.6306571293678725
624.88,0.47943664735450475
624.89,0.4984590084794437
624.9,0.6243790776809863
624.91,0.33128417589635023
624.92,0.6347392012750225
624.9300000000001,0.4656682225438419
624.94,0.5115854857511815
624.95,0.6193039022817017
624.96,0.3343111938068639
624.97,0.6383677691304261
624.98,0.4511290331141343
624.99,0.5247185521045632
625.0,0.6133602328814601
625.01,0.3395333281358941
625.02,0.6414844232607129
625.03,0.43593993076143756
625.04,0.5377346273918614
625.05,0.6064617190021797
625.06,0.34703690388592573
625.07,0.6440288664933645
625.08,0.4202812449790416
625.09,0.5505124196445811
625.1,0.598517215566854
625.11,0.3568320956227415
625.12,0.6459383118844303
625.13,0.4044049232218198
625.14,0.5629351236327749
625.15,0.5894318673272211
625.16,0.3688459178472352
625.17,0.6471467407676267
625.1800000000001,0.38864539040965934
625.19,0.5748920812999744
625.2,0.5791090919784111
625.21,0.3829216010362494
625.22,0.6475840236738605
625.23,0.37342672804219373
625.24,0.5862798484778006
625.25,0.567453871848396
625.26,0.3988248603006214
625.27,0.6471749126284628
625.28,0.3592629204989858
625.29,0.5970026547419539
625.3,0.5543779023454651
625.31,0.4162565235965233
625.32,0.6458379229576334
625.33,0.34674734652919037
625.34,0.6069722789573581
625.35,0.5398073030091375
625.36,0.43487000865982933
625.37,0.6434841381138483
625.38,0.33652786486017416
625.39,0.6161073884119019
625.4,0.5236937535862004
625.41,0.45429145797271825
625.42,0.6400159957101987
625.4300000000001,0.3292652837391035
625.44,0.624332404557654
625.45,0.5060300213521294
625.46,0.47414010385102895
625.47,0.6353261520076614
625.48,0.3255760676870279
625.49,0.6315759638305508
625.5,0.4868708000417372
625.51,0.4940466586285975
625.52,0.6292965830873095
625.53,0.3259646210610349
625.54,0.6377690392567897
625.55,0.4663594173037779
625.56,0.5136680971627425
625.57,0.6217981744711616
625.58,0.3307553219890916
625.59,0.6428427810809824
625.6,0.4447600345363399
625.61,0.5326979421832356
625.62,0.6126911912658299
625.63,0.34003776647646716
625.64,0.6467261244609028
625.65,0.42249314815148337
625.66,0.5508718903906487
625.67,0.6018272271449404
625.6800000000001,0.35363840973029725
625.69,0.6493432037786372
625.7,0.4001692419212367
625.71,0.567969193756663
625.72,0.589053523198823
625.73,0.37112701807483495
625.74,0.6506106098930047
625.75,0.3786113966326196
625.76,0.5838105701937982
625.77,0.5742209458850129
625.78,0.39185813995948254
625.79,0.6504345340104636
625.8,0.35885338477469003
625.81,0.5982535628018834
625.82,0.5571974174306134
625.83,0.4150390879843614
625.84,0.6487078674432818
625.85,0.3420973855345612
625.86,0.6111862398832479
625.87,0.537889154839292
625.88,0.43981004153723263
625.89,0.6453073811586698
625.9,0.3296183605621599
625.91,0.6225199927145177
625.92,0.5162725386953723
625.9300000000001,0.46532080342391374
625.94,0.6400912098955623
625.95,0.3226136744105693
625.96,0.6321820012035357
625.97,0.4924394371216145
625.98,0.4907921680058745
625.99,0.6328970384162383
626.0,0.3220168906441033
626.01,0.6401077468991827
626.02,0.4666576533696334
626.03,0.515555710374852
626.04,0.623541670544933
626.05,0.3283173839026577
626.06,0.6462337858609584
626.07,0.4394447201276819
626.08,0.5390716176624712
626.09,0.6118231085001076
626.1,0.3414396751735978
626.11,0.6504908691423283
626.12,0.4116461399935207
626.13,0.5609282602385453
626.14,0.5975269489632092
626.15,0.3607262372018413
626.16,0.6527974230991006
626.17,0.38449755473155905
626.1800000000001,0.5808290379684554
626.19,0.5804398820209996
626.2,0.3850346008610132
626.21,0.6530533840347138
626.22,0.35963597472711334
626.23,0.5985720347968441
626.24,0.5603743839607551
626.25,0.41291931897789236
626.26,0.6511344335148453
626.27,0.3390152919640639
626.28,0.6140269358488663
626.29,0.5372101920848629
626.3,0.4428432678262921
626.31,0.646886827181246
626.32,0.32468951114808525
626.33,0.6271122215037483
626.34,0.510959311613948
626.35,0.47336272472141616
626.36,0.6401232970773467
626.37,0.31846732942674605
626.38,0.6377743156557709
626.39,0.48186079575536644
626.4,0.5032516115853632
626.41,0.6306210133711144
626.42,0.3215111422804918
626.4300000000001,0.6459693473440757
626.44,0.45050669694327033
626.45,0.5315572132707718
626.46,0.6181234376609358
626.47,0.33401705121176506
626.48,0.651647528395208
626.49,0.4179872851010425
626.5,0.5575995736655109
626.51,0.6023492560320727
626.52,0.355114802041692
626.53,0.6547398115222174
626.54,0.3860179605108391
626.55,0.5809350275319051
626.56,0.5830136374254697
626.57,0.38304259390984
626.58,0.6551464168910341
626.59,0.3569743794606828
626.6,0.6013033048640043
626.61,0.5598699198508391
626.62,0.41552651611139096
626.63,0.6527269659570982
626.64,0.3337347670097448
626.65,0.6185721398782725
626.66,0.5327831612931252
626.67,0.4502132398153586
626.6800000000001,0.6472923607308488
626.69,0.31925017892083124
626.7,0.6326872093617568
626.71,0.5018493119221984
626.72,0.48501432271730244
626.73,0.6385992901017092
626.74,0.3158753888058191
626.75,0.6436304732001986
626.76,0.4675710609213565
626.77,0.5182940075513373
626.78,0.6263495307777529
626.79,0.32467217318579167
626.8,0.6513870444529393
626.81,0.4310856191718281
626.82,0.5489090501862074
626.83,0.6101983627358183
626.84,0.3450119691910743
626.85,0.6559192889697603
626.86,0.3943994727560743
626.87,0.5761502428128287
626.88,0.5897798700782599
626.89,0.3747071272875416
626.9,0.6571464767373518
626.91,0.36051544664032037
626.92,0.5996394661241679
626.9300000000001,0.5647620158513663
626.94,0.41061386875258343
626.95,0.654928619926829
626.96,0.33326509407589117
626.97,0.6192207869504707
626.98,0.5349508504436925
626.99,0.44940265827767634
627.0,0.6490539881484989
627.01,0.31667110681857935
627.02,0.6348656518237159
627.03,0.5004684274899517
627.04,0.4881732791815113
627.05,0.6392312878642696
627.06,0.3138709733011474
627.07,0.6465985564984431
627.08,0.4620248145685779
627.09,0.5247615876100993
627.1,0.6250900040370099
627.11,0.3260049529704694
627.12,0.6544420159072043
627.13,0.4212732845589945
627.14,0.5577678007466886
627.15,0.606196606994104
627.16,0.3516964193439924
627.17,0.658376698098275
627.1800000000001,0.3811542412732984
627.19,0.5864214966378488
627.2,0.5821011369776704
627.21,0.38748455072331284
627.22,0.6583123536569818
627.23,0.3459927259403665
627.24,0.6103924789421498
627.25,0.5524387036634237
627.26,0.42895032996426774
627.27,0.6540664254656711
627.28,0.32100152608908195
627.29,0.6296135419885852
627.3,0.517122113357543
627.31,0.47189109896248904
627.32,0.6453495141741609
627.33,0.3109796484553544
627.34,0.644141043977679
627.35,0.47666657808650326
627.36,0.5130487702996477
627.37,0.6317604864213083
627.38,0.31855589625337105
627.39,0.6540552061597427
627.4,0.4326609068427853
627.41,0.5503020131828791
627.42,0.6127999291636135
627.4300000000001,0.34297091130823176
627.44,0.6593921022520042
627.45,0.38829609474211163
627.46,0.5825044483618887
627.47,0.5879204797075024
627.48,0.3802960287767654
627.49,0.6600976138167605
627.5,0.34864534788264423
627.51,0.60919082266229
627.52,0.5566478690368565
627.53,0.4249612351779905
627.54,0.6559958560389116
627.55,0.32015331074962056
627.56,0.630293196313115
627.57,0.5188260271034545
627.58,0.47155246764974096
627.59,0.6467687494663312
627.6,0.30891011112374017
627.61,0.645922507500095
627.62,0.47505087680762437
627.63,0.5159470471157097
627.64,0.631949533997674
627.65,0.31815768413812273
627.66,0.6562193326720138
627.67,0.42732000566353506
627.6800000000001,0.5555879463672116
627.69,0.6109426863030749
627.7,0.34659683649140954
627.71,0.6612578755525557
627.72,0.37975767172584773
627.73,0.5892117706317697
627.74,0.5830987672757888
627.75,0.38889781219717207
627.76,0.6609849848920794
627.77,0.3389128952789441
627.78,0.6164049901793102
627.79,0.5478978968043522
627.8,0.43803283318460967
627.81,0.6551810638239252
627.82,0.3127751974041283
627.83,0.637205695480778
627.84,0.5053262985372616
627.85,0.48768664438336884
627.86,0.6434378136507619
627.87,0.3080334191409
627.88,0.6518183665560057
627.89,0.4565387932302448
627.9,0.5334867939307446
627.91,0.6251590187310532
627.92,0.32674725130217247
627.9300000000001,0.6604323392001229
627.94,0.40479976781742727
627.95,0.5730445815536077
627.96,0.5996083231702183
627.97,0.3650324182056476
627.98,0.6631124404940887
627.99,0.3563350729663842
628.0,0.6054131137643015
628.01,0.5660573945450821
628.02,0.4150374329273749
628.03,0.6597333864355254
628.04,0.3200980626995594
628.05,0.6304718707525171
628.06,0.5241314299866041
628.0699999999999,0.4684668415886865
628.08,0.6499412266557334
628.09,0.30525171348326996
628.1,0.6484556957981591
628.11,0.4744880504911107
628.12,0.5190698199756787
628.13,0.6331405880071151
628.14,0.31675370706416606
628.15,0.659653885887017
628.16,0.41991356342362707
628.1700000000001,0.5632486678990514
628.1800000000001,0.6085285143600132
628.19,0.35224029976515137
628.2,0.6642350524834766
628.21,0.3665683102079624
628.22,0.5994914715422542
628.23,0.5752318507416698
628.24,0.4032903192611135
628.25,0.6621481257847496
628.26,0.32428228469425957
628.27,0.6275208371506437
628.28,0.5326626092594984
628.29,0.4598684768314483
628.3,0.6530666696194127
628.31,0.30412637560729167
628.3199999999999,0.6476076274106304
628.33,0.481270653039101
628.34,0.514085701342131
628.35,0.6363666407941801
628.36,0.31300806196039627
628.37,0.6601348491486005
628.38,0.42384617950429876
628.39,0.5613774110843829
628.4,0.6111579686906127
628.41,0.3491038916946052
628.4200000000001,0.6653523442418486
628.4300000000001,0.36712088556609274
628.44,0.5998666961979782
628.45,0.5764384540063647
628.46,0.40286353192693336
628.47,0.6632452037202078
628.48,0.32231148797208553
628.49,0.6292462956472357
628.5,0.5315167318034079
628.51,0.4625869318836889
628.52,0.6534638696857463
628.53,0.30219862624523663
628.54,0.6498778048006114
628.55,0.4769434199713239
628.56,0.519252694935452
628.5699999999999,0.635298622427158
628.58,0.31432336397318933
628.59,0.6622373489579443
628.6,0.4161538181584605
628.61,0.5679012699995806
628.62,0.6077250993018538
628.63,0.35554976215392103
628.64,0.6666178298354166
628.65,0.35743416427627184
628.66,0.6067053373634249
628.6700000000001,0.5696167087373878
628.6800000000001,0.4140945364381441
628.69,0.6629773105115595
628.7,0.31423065322911303
628.71,0.6355459357852549
628.72,0.5203318017523102
628.73,0.47677002902870225
628.74,0.6508637252675508
628.75,0.30063578803718305
628.76,0.6549454704028076
628.77,0.4610031099977566
628.78,0.5342972469351323
628.79,0.6293982326028
628.8,0.32262656707756043
628.81,0.6654530625901508
628.8199999999999,0.39672451534407693
628.83,0.5821570101482336
628.84,0.59736582655242
628.85,0.3732138261692729
628.86,0.6673341346655102
628.87,0.33874641705533604
628.88,0.6190725915442948
628.89,0.5535685316417553
628.9,0.4375320152610164
628.91,0.6604206916163275
628.9200000000001,0.3034242987898437
628.9300000000001,0.6453134260342481
628.94,0.49776138396240865
628.95,0.5017978741420017
628.96,0.6440453324238938
628.97,0.3044148025248162
628.98,0.6615794556706024
628.99,0.4326039486222779
629.0,0.5577884290215612
629.01,0.6170592028581734
629.02,0.3424295272218201
629.03,0.668416244985303
629.04,0.36655847236421196
629.05,0.602303857807414
629.06,0.5780392599347326
629.0699999999999,0.40431546690248327
629.08,0.6659400162149527
629.09,0.31546683760616895
629.1,0.6349809826281245
629.11,0.5259642765077877
629.12,0.4728514506726743
629.13,0.6537131558016653
629.14,0.2976701656590629
629.15,0.6565235439455289
629.16,0.4618640061736143
629.1700000000001,0.5356487227173702
629.1800000000001,0.6307115024074139
629.19,0.32169049109682535
629.2,0.6677088527896506
629.21,0.39184620960197436
629.22,0.58695208484525
629.23,0.5954415101842409
629.24,0.3785646634722771
629.25,0.6689202188329462
629.26,0.3302499158338934
629.27,0.6254039588707043
629.28,0.5464455778201309
629.29,0.44928416745557537
629.3,0.6599420538215467
629.31,0.29771645805464114
629.3199999999999,0.6515625261364866
629.33,0.4837146790049815
629.34,0.5174670171385642
629.35,0.6398828716205365
629.36,0.30911426012823146
629.37,0.6663812533226254
629.38,0.41167660322094346
629.39,0.5744998613832215
629.4,0.6072353360478285
629.41,0.36044223859957675
629.4200000000001,0.6704819302666168
629.4300000000001,0.34326164581139285
629.44,0.6178117819739826
629.45,0.5602788533415533
629.46,0.4321921765601669
629.47,0.6638451515155711
629.48,0.300251702167934
629.49,0.6477209744885937
629.5,0.49835245776809933
629.51,0.504537098561463
629.52,0.6456889096557735
629.53,0.3021827308878909
629.54,0.6653147712630096
629.55,0.4248377721501943
629.56,0.5661086330156558
629.5699999999999,0.6144917138802403
629.58,0.34934651818716306
629.59,0.6714189076583457
629.6,0.3518572836612521
629.61,0.6131463971761222
629.62,0.5683442857149505
629.63,0.4220860652330932
629.64,0.6661688250352655
629.65,0.3021910984494271
629.66,0.6457405354241733
629.6700000000001,0.506184827469122
629.6800000000001,0.4977063992855342
629.69,0.648844812186784
629.7,0.2987618017751764
629.71,0.665100502191212
629.72,0.4309107824352794
629.73,0.5625614284445539
629.74,0.6178734184027487
629.75,0.34457329317872726
629.76,0.6722184626344558
629.77,0.35468735371151167
629.78,0.6120075715814087
629.79,0.5711739292008376
629.8,0.41916955114461174
629.81,0.6673273081474422
629.8199999999999,0.3018207567594583
629.83,0.6460450519799658
629.84,0.5074687560399731
629.85,0.4974334251604482
629.86,0.6496999772315148
629.87,0.2977044964753508
629.88,0.6660263573116263
629.89,0.4297312392909141
629.9,0.564237367600478
629.91,0.6176453919324376
629.9200000000001,0.3458359023441749
629.9300000000001,0.6730661879158951
629.94,0.3512353559614573
629.95,0.6146154811916653
629.96,0.5689008881685357
629.97,0.42357826830135814
629.98,0.6674179714661311
629.99,0.2987326449809893
630.0,0.6487154837541786
630.01,0.5021621330259088
630.02,0.5038385607957758
630.03,0.6482540953095722
630.04,0.299118481791674
630.05,0.6680668966205078
630.06,0.4211610603425227
630.0699999999999,0.5710979814093943
630.08,0.6136787942532524
630.09,0.35349995790549515
630.1,0.6738456117801197
630.11,0.3416472398053956
630.12,0.6207927492734878
630.13,0.5612392577362588
630.14,0.4354447829844527
630.15,0.6662233957837358
630.16,0.2938394687408489
630.1700000000001,0.6534822908093817
630.1800000000001,0.4898885221956414
630.19,0.5166892654488394
630.2,0.6441537173399406
630.21,0.3044130036886542
630.22,0.6708828388850376
630.23,0.4051083367144312
630.24,0.5826723871212278
630.25,0.6054372538995919
630.26,0.36848037774710785
630.27,0.6741370367245517
630.28,0.32690185397010163
630.29,0.6299677213425834
630.3,0.5474735630219973
630.31,0.45474413988284185
630.3199999999999,0.663201257638094
630.33,0.2895420492181641
630.34,0.6597380186781414
630.35,0.4700018977591752
630.36,0.5353174894896912
630.37,0.6366671342133281
630.38,0.3160966001908963
630.39,0.673830298939337
630.4,0.3818230018150946
630.41,0.5980512375973338
630.4200000000001,0.5919436953008334
630.4300000000001,0.391788596547581
630.44,0.673212546695341
630.45,0.3093367811781738
630.46,0.6412034915705698
630.47,0.5264741377986983
630.48,0.4809804935844793
630.49,0.6574564793862713
630.5,0.28987890983086356
630.51,0.6665674708455869
630.52,0.4418271605271683
630.53,0.5585301103271204
630.54,0.6246328236758897
630.55,0.33714485561718466
630.56,0.6759722031872126
630.5699999999999,0.35259436737954764
630.58,0.6159163282167145
630.59,0.5717391679213385
630.6,0.423808081963449
630.61,0.6700163578963061
630.62,0.2934238397173599
630.63,0.6532540613883392
630.64,0.49681363977505777
630.65,0.5128787254159792
630.66,0.6476839304396409
630.6700000000001,0.3001887807091299
630.6800000000001,0.6727846135862252
630.69,0.4052789576438524
630.7,0.5846011544130829
630.71,0.6063798535245637
630.72,0.36980349297491133
630.73,0.676075689762979
630.74,0.3209927944605931
630.75,0.634624700569209
630.76,0.542884318388127
630.77,0.4635700690032122
630.78,0.6631119557778824
630.79,0.2862709083877753
630.8,0.6646356017066771
630.81,0.45718812696210165
630.8199999999999,0.5482865561872672
630.83,0.6320678938136212
630.84,0.3256535854744508
630.85,0.6769542894343911
630.86,0.3622163271613616
630.87,0.61139855417166
630.88,0.5796437923935661
630.89,0.4141204039007957
630.9,0.672570270889247
630.91,0.2944373840498666
630.9200000000001,0.65233234954094
630.9300000000001,0.5031691088557484
630.94,0.5084592333224263
630.95,0.6505720770288455
630.96,0.2966137464113914
630.97,0.6736817945811341
630.98,0.40759937270179886
630.99,0.5843991318673426
631.0,0.6081387022095076
631.01,0.3686650330355555
631.02,0.6773656206591454
631.03,0.31881738912996405
631.04,0.6366111144191539
631.05,0.5415956672721467
631.06,0.4670950433506884
631.0699999999999,0.6634339822951246
631.08,0.2846385466449922
631.09,0.6671039158316562
631.1,0.4509882431078141
631.11,0.5546285662081021
631.12,0.6297934366959272
631.13,0.33106909982804467
631.14,0.6785370943446312
631.15,0.35203300005646426
631.16,0.6182124197119391
631.1700000000001,0.5726587476632283
631.1800000000001,0.4265106503121785
631.19,0.6719154393646632
631.2,0.2880348826950953
631.21,0.6579627232678932
631.22,0.489388129834873
631.23,0.5232816293970944
631.24,0.6459747634046161
631.25,0.3039138513445436
631.26,0.6769355762340096
631.27,0.3878895231519895
631.28,0.5979237011608559
631.29,0.597269977021097
631.3,0.3890347549965523
631.31,0.6770352587915678
631.3199999999999,0.302712354635962
631.33,0.6469506953865135
631.34,0.5218692903356554
631.35,0.4916896218123006
631.36,0.657857315833701
631.37,0.28787953516817505
631.38,0.6732858651798906
631.39,0.4223293425672257
631.4,0.5765892769837733
631.41,0.6165098041277729
631.4200000000001,0.35658969020206055
631.4300000000001,0.6796235073711979
631.44,0.3239610046471422
631.45,0.6347412183100679
631.46,0.5485829167028458
631.47,0.4612012474896337
631.48,0.6664101000310917
631.49,0.2818277338411553
631.5,0.6682291031522565
631.51,0.45320194157857185
631.52,0.5550900169866392
631.53,0.6313948437027166
631.54,0.33034171804476736
631.55,0.680368989957144
631.56,0.34772859175863613
631.5699999999999,0.6219989382963812
631.58,0.5701357216825822
631.59,0.43303088450152055
631.6,0.6724223095665479
631.61,0.28343890803380706
631.62,0.6623477655561663
631.63,0.4796506480371724
631.64,0.5343001041481311
631.65,0.6428004197694746
631.66,0.3105586704005837
631.6700000000001,0.6798538601280568
631.6800000000001,0.3711116077550049
631.69,0.6093741404152653
631.7,0.5872569416914756
631.71,0.40812107505681106
631.72,0.6765355908996646
631.73,0.28999577497625617
631.74,0.656176626179036
631.75,0.5015546203091382
631.76,0.5150335814174276
631.77,0.6514489662001085
631.78,0.296710387886752
631.79,0.6785757174496413
631.8,0.3922999203252346
631.81,0.5974863218479594
631.8199999999999,0.600642632236559
631.83,0.38706343562215373
631.84,0.6792713847843767
631.85,0.2989765623196519
631.86,0.6502033161172243
631.87,0.5191460487478752
631.88,0.49799586188894907
631.89,0.6579218549836305
631.9,0.2877363490677055
631.91,0.6769595320655065
631.9200000000001,0.4103004101222694
631.9300000000001,0.5869027456780309
631.94,0.610892778017108
631.95,0.3700997905631888
631.96,0.6810506951666615
631.97,0.30835079877568405
631.98,0.6448620144348659
631.99,0.5327826571162386
632.0,0.4837529930214197
632.01,0.6626764223988484
632.02,0.2823587404896166
632.03,0.675362138535999
632.04,0.42464377310871065
632.05,0.5781173686343063
632.06,0.6184921058566797
632.0699999999999,0.3571955551836461
632.08,0.6822068852309094
632.09,0.3166384023304677
632.1,0.6405235050398976
632.11,0.542824356890467
632.12,0.47272464109448725
632.13,0.6660612831993769
632.14,0.2793459053616698
632.15,0.6740718949295172
632.16,0.43515411617371
632.1700000000001,0.5715339568539018
632.1800000000001,0.6238091310307605
632.19,0.34815596934961535
632.2,0.68299310456987
632.21,0.32284222454261874
632.22,0.6374842855568722
632.23,0.5495709076312691
632.24,0.46519827231479904
632.25,0.668327947435854
632.26,0.2776882758727915
632.27,0.6733057559925286
632.28,0.44179228690707906
632.29,0.5674548796975805
632.3,0.6271011802274782
632.31,0.34275027019328336
632.3199999999999,0.6835860629886759
632.33,0.32634266312918236
632.34,0.6359566886983187
632.35,0.5532322588745495
632.36,0.46135524318488735
632.37,0.6696386957911605
632.38,0.276694842868392
632.39,0.67320557721083
632.4,0.44455915579109
632.41,0.5660748523064038
632.4200000000001,0.6285198595449748
632.4300000000001,0.34081591825398844
632.44,0.6840876260432235
632.45,0.32680539642803363
632.46,0.6360612444919816
632.47,0.5539150603465636
632.48,0.46129664231201956
632.49,0.6700712624449872
632.5,0.2760379637704083
632.51,0.6738350027676555
632.52,0.4434421100715493
632.53,0.567477615318838
632.54,0.6281146213855391
632.55,0.34232609407041453
632.56,0.6845253253168347
632.5699999999999,0.3241254948514632
632.58,0.6378219495202382
632.59,0.5516165113084832
632.6,0.4650580247048201
632.61,0.6696208670885636
632.62,0.27577296632777937
632.63,0.675177825445887
632.64,0.4383929532901546
632.65,0.5716336068865076
632.66,0.6258334735588921
632.6700000000001,0.34741234957210443
632.6800000000001,0.6848524322886567
632.69,0.318416850037626
632.7,0.6411647986133808
632.71,0.5462214841656915
632.72,0.4726066282901906
632.73,0.6681998637262115
632.74,0.27634650027285584
632.75,0.6771382493296999
632.76,0.4293323851417821
632.77,0.5783979295645291
632.78,0.6215204193194557
632.79,0.35633900973639476
632.8,0.6849477676680369
632.81,0.3100501997794701
632.8199999999999,0.6459198032721503
632.83,0.537502153382625
632.84,0.48382085490772936
632.85,0.6656348871810969
632.86,0.27859063495858233
632.87,0.6795430226426239
632.88,0.41618374597324603
632.89,0.587509675825711
632.9,0.6149094751540806
632.91,0.3694293071313163
632.9200000000001,0.6846149189120241
632.9300000000001,0.2997393822167588
632.94,0.6518265841716514
632.95,0.5251225260473593
632.96,0.49845833587696925
632.97,0.6616609597333576
632.98,0.28368195226299525
632.99,0.6821449132452294
633.0,0.3989468318314433
633.01,0.5985950475721701
633.02,0.6056155053066663
633.03,0.38694952157074275
633.04,0.6835800226954409
633.05,0.28866656174051597
633.06,0.6585432790752193
633.0699999999999,0.5086546989959971
633.08,0.5161241984241847
633.09,0.6559116468641946
633.1,0.2930311272313654
633.11,0.6846264577133764
633.12,0.3778310012012361
633.13,0.6111768936480357
633.14,0.5931231730197257
633.15,0.4089691877956394
633.16,0.6814867448448714
633.1700000000001,0.2786148835034869
633.1800000000001,0.6656578529301269
633.19,0.4876211271697341
633.2,0.5362532882306523
633.21,0.6479041552141799
633.22,0.30806885552761903
633.23,0.6866023353754767
633.24,0.35347216476215476
633.25,0.6246919570493188
633.26,0.5767779775587171
633.27,0.43523042209318313
633.28,0.6778865784380631
633.29,0.2720354489489665
633.3,0.6726999988444929
633.31,0.4615898792433209
633.3199999999999,0.5581174238154614
633.33,0.6370185521486269
633.34,0.32992291889570496
633.35,0.6876181292083653
633.36,0.32724950255538066
633.37,0.6385145936905079
633.38,0.5557894638572206
633.39,0.46506894780154884
633.4,0.6722221422178785
633.41,0.27192351667402237
633.4200000000001,0.679150875868206
633.4300000000001,0.4303693234548736
633.44,0.580861161864876
633.45,0.6224717816744368
633.46,0.35904457415749147
633.47,0.6871426645517913
633.48,0.30167003631790407
633.49,0.6519828990871369
633.5,0.5292697543480908
633.51,0.49742234426714704
633.52,0.6638009771138923
633.53,0.2813618469386707
633.54,0.6844471602483526
633.55,0.3943707711097492
633.56,0.6035594433181751
633.5699999999999,0.6032915698569061
633.58,0.3949153252406197
633.59,0.684550582070039
633.6,0.280667367809498
633.61,0.6644211160338008
633.62,0.4963564168603053
633.63,0.5309333763507564
633.64,0.6517579398695325
633.65,0.302692492549569
633.66,0.687975390197667
633.6700000000001,0.35520770700799836
633.6800000000001,0.6252821032163584
633.69,0.5783065462446799
633.7,0.4359864355526506
633.71,0.6790913622958212
633.72,0.2694659767091956
633.73,0.6751515471496817
633.74,0.4565139492344949
633.75,0.5641188208106704
633.76,0.6350071505712055
633.77,0.33654812754532576
633.78,0.6890522713229301
633.79,0.31650495070131285
633.8,0.64514722017637
633.81,0.5461952120969793
633.8199999999999,0.47992220004092057
633.83,0.6698409900906677
633.84,0.27355223616408686
633.85,0.6834898449124023
633.86,0.4101675488011626
633.87,0.5955480765640453
633.88,0.6121934276631525
633.89,0.38125786466161055
633.9,0.6868862771171026
633.91,0.2845693992894849
633.9200000000001,0.6623483690529899
633.9300000000001,0.5056928657300386
633.94,0.5240648518543026
633.95,0.6556340263439454
633.96,0.2966461216026077
633.97,0.6887186918818351
633.98,0.359832847416452
633.99,0.623976066445966
634.0,0.5816777661736533
634.01,0.433095305902902
634.02,0.6805155018762231
634.03,0.2680010768818584
634.04,0.6761474446497988
634.05,0.45615978308851324
634.06,0.5659255917870156
634.0699999999999,0.6349807961177794
634.08,0.33855891991303855
634.09,0.6900354849435604
634.1,0.3116437126959357
634.11,0.6483982332593441
634.12,0.5416530509922536
634.13,0.4873278776328233
634.14,0.668717201559319
634.15,0.2750969749010502
634.16,0.6858308298111445
634.1700000000001,0.3988424175200364
634.1800000000001,0.6035179028264088
634.19,0.6059972897201474
634.2,0.3945815072052713
634.21,0.6864690969531392
634.22,0.2762577683721075
634.23,0.6680245821945072
634.24,0.4906234309584744
634.25,0.5394815571734608
634.26,0.6498895861981558
634.27,0.30937193146039393
634.28,0.6906292310353589
634.29,0.3390810320488339
634.3,0.6354585336581192
634.31,0.5664414381511451
634.3199999999999,0.4571822976406559
634.33,0.6767598623665193
634.34,0.26674869834538883
634.35,0.6821883854061248
634.36,0.4287201849083624
634.37,0.5861878785610719
634.38,0.6219283514435013
634.39,0.36645517361695606
634.4,0.689599698824033
634.41,0.2886980612662066
634.4200000000001,0.660871755108526
634.4300000000001,0.5141187177462947
634.44,0.518822092676732
634.45,0.659199998442795
634.46,0.2918786343532493
634.47,0.6902076853413899
634.48,0.36047776200088566
634.49,0.6253876614051899
634.5,0.5821939295548954
634.51,0.4357850227657385
634.52,0.6814640501944759
634.53,0.26515548434187264
634.54,0.679179144146256
634.55,0.44827549489450313
634.56,0.573976646315771
634.5699999999999,0.6314537952628057
634.58,0.3489242465390575
634.59,0.6912080632543341
634.6,0.29872610351190043
634.61,0.6560607610047218
634.62,0.5278776037217745
634.63,0.5058287482698465
634.64,0.6643975828497825
634.65,0.282963216908676
634.66,0.6898428171722621
634.6700000000001,0.37300654494424723
634.6800000000001,0.6195960422182514
634.69,0.5904646607296391
634.7,0.4242268616855489
634.71,0.683901282989732
634.72,0.2652626919234175
634.73,0.6777624998228831
634.74,0.4575786787320449
634.75,0.5682663068139742
634.76,0.6357861750177345
634.77,0.34134018108136693
634.78,0.6920894670544273
634.79,0.3027820101512774
634.8,0.6544930754908802
634.81,0.5328371895136255
634.8199999999999,0.5016075065665097
634.83,0.666307938182634
634.84,0.28014937320853617
634.85,0.6901524776696399
634.86,0.3756192111066421
634.87,0.6189148793918922
634.88,0.5920852632199176
634.89,0.4229397443062123
634.9,0.6846048789468668
634.91,0.2644189944888438
634.9200000000001,0.6784256016465234
634.9300000000001,0.4568093702028143
634.94,0.5697330180852364
634.95,0.6354430694806538
634.96,0.34327386754697475
634.97,0.6925681328125458
634.98,0.2995523253806016
634.99,0.6565216066464287
635.0,0.5293161991687135
635.01,0.506559697434853
635.02,0.6651732080865841
635.03,0.2827287115313692
635.04,0.6912921787518369
635.05,0.3680304799281159
635.06,0.623515910019896
635.0699999999999,0.5871541256767576
635.08,0.4320681234807613
635.09,0.6836085216981198
635.1,0.2625604327272712
635.11,0.6811517380036829
635.12,0.4458271702801009
635.13,0.5783086201155526
635.14,0.6302854728865785
635.15,0.35507427292787797
635.16,0.6925062857591885
635.1700000000001,0.28955242152482685
635.1800000000001,0.6619154768553256
635.19,0.5169264291361535
635.2,0.5204128277345128
635.21,0.6606725851975949
635.22,0.292088998292701
635.23,0.6929514710221876
635.24,0.3504974178790627
635.25,0.6328897796770172
635.26,0.575025661167697
635.27,0.45149309793230674
635.28,0.6804481518569583
635.29,0.26228808559896977
635.3,0.6854210364729996
635.31,0.42417840900046777
635.3199999999999,0.5931682135909865
635.33,0.6194986718973368
635.34,0.37767124533938046
635.35,0.6913013820481636
635.36,0.2754344924413793
635.37,0.6698794654396364
635.38,0.4945988404889366
635.39,0.5421396583358434
635.4,0.6518885778588088
635.41,0.3112938008890359
635.4200000000001,0.6943620113586951
635.4300000000001,0.32438140248225394
635.44,0.6458871760572488
635.45,0.5542779517493676
635.46,0.480468471905658
635.47,0.6741270211967852
635.48,0.2688466237990683
635.49,0.6902440050148639
635.5,0.3915750076913452
635.51,0.6127592005529449
635.52,0.6015123477693284
635.53,0.4116599136129241
635.54,0.6878649088470281
635.55,0.262904955955534
635.56,0.6791244340715041
635.5699999999999,0.4608125378095825
635.58,0.5698564857061919
635.59,0.6372092619739506
635.6,0.34372723793803395
635.61,0.6943037556654
635.62,0.2936387248189257
635.63,0.660827042727113
635.64,0.5227230534657837
635.65,0.5171337586246395
635.66,0.6630246763607395
635.6700000000001,0.28922709712657296
635.6800000000001,0.6942077302670948
635.69,0.3492328454063151
635.7,0.6349220266164579
635.71,0.5738810384842904
635.72,0.45606126879104825
635.73,0.6805552929856036
635.74,0.26138500853479074
635.75,0.6879649218725499
635.76,0.41441213583327907
635.77,0.6008796128301008
635.78,0.6141537606446895
635.79,0.39084821978934176
635.8,0.6910743087977086
635.81,0.26709879469418096
635.8199999999999,0.6756548026984801
635.83,0.4777194206144118
635.84,0.5583383949836696
635.85,0.6447155556971484
635.86,0.3293445900659126
635.87,0.6954922037876676
635.88,0.302702136928118
635.89,0.6571167401745261
635.9,0.5332535607218006
635.91,0.5075633503449468
635.9200000000001,0.667017332066806
635.9300000000001,0.2822643093245938
635.94,0.6943934905311259
635.95,0.35692363774167785
635.96,0.6320323867722635
635.97,0.5791548982398623
635.98,0.4501360122854973
635.99,0.6823646832354089
636.0,0.25963773539679985
636.01,0.6880908440959275
636.02,0.4175682910440299
636.03,0.600046763072082
636.04,0.6156725616345698
636.05,0.389764155221052
636.06,0.6917917250093255
636.0699999999999,0.26590133518219816
636.08,0.6766787315124394
636.09,0.47594742050663713
636.1,0.5609625614824306
636.11,0.6438701680356869
636.12,0.33276049197420005
636.13,0.6960557227770536
636.14,0.29759589082010657
636.15,0.660086048907326
636.16,0.5275723068251456
636.1700000000001,0.5150442315443599
636.1800000000001,0.6649652384527341
636.19,0.2873895174020014
636.2,0.6956720661749489
636.21,0.3457962975163138
636.22,0.6381353455505028
636.23,0.5709561168344537
636.24,0.4634450352436114
636.25,0.6800545122947883
636.26,0.2615330801487879
636.27,0.6909575308696679
636.28,0.4007516746849708
636.29,0.6106210077136617
636.3,0.6062362281961613
636.31,0.40869145888463915
636.3199999999999,0.6900297894054745
636.33,0.2594766009549425
636.34,0.682071647172611
636.35,0.4550928219346421
636.36,0.5774218628615079
636.37,0.6342325295225523
636.38,0.3550066089877754
636.39,0.6955749436481886
636.4,0.28001138812626286
636.41,0.6690553110939034
636.4200000000001,0.5045860466514058
636.4300000000001,0.5386632749875475
636.44,0.6559393236757619
636.45,0.30809177690935546
636.46,0.6971918879691471
636.47,0.31736586145496437
636.48,0.6518697151431985
636.49,0.5474596105820946
636.5,0.4949346067744802
636.51,0.6722953211163066
636.52,0.27403156046057175
636.53,0.6952333194919973
636.54,0.3640461570466762
636.55,0.6304404347328717
636.56,0.5834329963069255
636.5699999999999,0.44754157496899305
636.58,0.6841008525956588
636.59,0.2574773274473208
636.6,0.6899342038061541
636.61,0.41343671984838065
636.62,0.6047121909379067
636.63,0.6129635498763888
636.64,0.3987234592596648
636.65,0.6920036099771746
636.66,0.25999050587507877
636.6700000000001,0.6814401314738052
636.6800000000001,0.46098564095623484
636.69,0.5747193536297277
636.7,0.6367888281228167
636.71,0.3517031820086102
636.72,0.6965122528272522
636.73,0.2796028172488288
636.74,0.6698331877366166
636.75,0.5041804870579631
636.76,0.5406747553535133
636.77,0.6556889894879367
636.78,0.3104107641342402
636.79,0.6980188696735634
636.8,0.31184053136277606
636.81,0.6551568644931617
636.8199999999999,0.541998805730269
636.83,0.5030734183707657
636.84,0.6703808380377703
636.85,0.2788031422273523
636.86,0.6968222610605029
636.87,0.3514358390788047
636.88,0.6374416950310278
636.89,0.5743210069703703
636.9,0.46279711145692803
636.91,0.6814813135198744
636.9200000000001,0.2599249255298698
636.9300000000001,0.693149175841937
636.94,0.3937349853497981
636.95,0.6167330206936561
636.96,0.601493224618783
636.97,0.4211908966505127
636.98,0.6895040563110514
636.99,0.255093552654931
637.0,0.6871728918504498
637.01,0.4353584841152944
637.02,0.5931216427290646
637.03,0.6240551378896287
637.04,0.3800690950584605
637.05,0.6948698578417446
637.06,0.2636152739623455
637.0699999999999,0.6790294118310543
637.08,0.4742347679517994
637.09,0.5667769951515423
637.1,0.6425902057919675
637.11,0.34160639143454163
637.12,0.6979216176563348
637.13,0.28315638063725745
637.14,0.668831791111322
637.15,0.5093247240915056
637.16,0.5379808229563594
637.1700000000001,0.6576525532672038
637.1800000000001,0.3080932153845224
637.19,0.6989395807735379
637.2,0.3105263039359677
637.21,0.6566830715615642
637.22,0.540284238072888
637.23,0.507157238018485
637.24,0.6697371555529388
637.25,0.2815863965024727
637.26,0.6981551765260062
637.27,0.34247730393011594
637.28,0.6426881228132374
637.29,0.5671824555322997
637.3,0.4748928334336071
637.31,0.6792725486853088
637.3199999999999,0.2635465998490852
637.33,0.6957629646485298
637.34,0.3762461195656547
637.35,0.6269644554468821
637.36,0.590304548620044
637.37,0.4419390609488203
637.38,0.6866242269187037
637.39,0.25458346513559876
637.4,0.6919306967137077
637.41,0.40977866403151686
637.4200000000001,0.6096518098533376
637.4300000000001,0.6100281212795877
637.44,0.4091894603489271
637.45,0.6921023897090175
637.46,0.25439753091396333
637.47,0.686807675797148
637.48,0.4417209721201253
637.49,0.5909200702745935
637.5,0.6267522699731954
637.51,0.37762762946640516
637.52,0.6959708372389646
637.53,0.26192696241785207
637.54,0.6805316232870626
637.55,0.4712927135683791
637.56,0.5709748488254803
637.5699999999999,0.6408604406479157
637.58,0.34824825345438853
637.59,0.6984555114494557
637.6,0.27562710013109853
637.61,0.6732342277492973
637.62,0.49813069322790343
637.63,0.5500599791859428
637.64,0.6527034434541084
637.65,0.3219616868952035
637.66,0.6997520595399893
637.6700000000001,0.2937779011146058
637.6800000000001,0.6650455003435249
637.69,0.5221485967042682
637.7,0.5284562115635083
637.71,0.6625937663324242
637.72,0.299499505324664
637.73,0.700032231767503
637.74,0.3147348617646983
637.75,0.6560970155305961
637.76,0.5434290259153373
637.77,0.5064756487514898
637.78,0.670805799334566
637.79,0.28134070173873654
637.8,0.6994491261899008
637.81,0.33708553053133283
637.8199999999999,0.6465240857598529
637.83,0.5621478166854178
637.84,0.48445191456494724
637.85,0.6775788460120229
637.86,0.2676739758428734
637.87,0.698141375340881
637.88,0.35971507273207515
637.89,0.636466908641409
637.9,0.5785244603390912
637.91,0.4627266476157683
637.9200000000001,0.6831211876102862
637.9300000000001,0.25840207521068664
637.94,0.696236395236298
637.95,0.3818059694562995
637.96,0.6260707356287587
637.97,0.5927914477241657
637.98,0.44163355161046836
637.99,0.6876142842155206
638.0,0.2531832269392037
638.01,0.6938528176189286
638.02,0.40280057031640165
638.03,0.6154851395727101
638.04,0.6051764160731783
638.05,0.421481756382884
638.06,0.6912166636876207
638.0699999999999,0.25149662815366686
638.08,0.6911022179248465
638.09,0.4223491667640132
638.1,0.6048624995946006
638.11,0.6158925340593596
638.12,0.4025404963540872
638.13,0.6940673078870236
638.14,0.2527161641546944
638.15,0.6880902415101826
638.16,0.4402577582230948
638.1700000000001,0.5943558664679455
638.1800000000001,0.6251339650539367
638.19,0.3850270036512945
638.2,0.6962884839854326
638.21,0.2561787075959856
638.22,0.6849172222040817
638.23,0.45644255616173807
638.24,0.5841164113486946
638.25,0.6330743253561867
638.26,0.36909904341770905
638.27,0.6979880391682846
638.28,0.26123837659319865
638.29,0.6816783809058888
638.3,0.47089357780986635
638.31,0.5742906851106795
638.3199999999999,0.6398668118471202
638.33,0.3548527952485834
638.34,0.6992612101644545
638.35,0.2673035344354503
638.36,0.6784636869909827
638.37,0.48364712077424776
638.38,0.5650179192116919
638.39,0.6456451813442343
638.4,0.3423259828474902
638.41,0.7001920120603019
638.4200000000001,0.27385745099825615
638.4300000000001,0.675357461265881
638.44,0.4947657948917621
638.45,0.5564275763504833
638.46,0.6505250927310904
638.47,0.3315054545201013
638.48,0.7008542734011561
638.49,0.2804658630268146
638.5,0.6724377946552579
638.51,0.5043244974549407
638.52,0.5486373136461926
638.53,0.6546055300409819
638.54,0.32233795443910795
638.55,0.7013123818939193
638.56,0.2867754026313591
638.5699999999999,0.6697758514727397
638.58,0.5124008266258183
638.59,0.5417514580386936
638.6,0.6579701525050401
638.61,0.31474264631627497
638.62,0.7016217999015889
638.63,0.2925065729432053
638.64,0.6674351195054087
638.65,0.5190686869950877
638.66,0.5358600219940857
638.6700000000001,0.660688494697399
638.6800000000001,0.3086240298793128
638.69,0.7018294026551641
638.7,0.2974441839641004
638.71,0.6654706613485737
638.72,0.5243941241402711
638.73,0.5310382176980725
638.74,0.6628169844497628
638.75,0.3038841406381798
638.76,0.7019736854671496
638.77,0.3014273052718839
638.78,0.6639284126903306
638.79,0.5284326748865867
638.8,0.5273463718330859
638.81,0.6643997712665896
638.8199999999999,0.3004332485116438
638.83,0.7020848794166371
638.84,0.3043400504945119
638.85,0.662844564642256
638.86,0.531227723990642
638.87,0.5248301046118365
638.88,0.6654693700351778
638.89,0.2981985829931612
638.9,0.7021850081009162
638.91,0.3061039556308981
638.9200000000001,0.6622450584776224
638.9300000000001,0.5328095132421675
638.94,0.5235206239652009
638.95,0.6660471300073076
638.96,0.2971308581530049
638.97,0.7022879111722298
638.98,0.30667234937219506
638.99,0.6621452135977243
639.0,0.5331945663344414
639.01,0.5234349959305733
639.02,0.6661435390281246
639.03,0.2972085250494479
639.04,0.7023992534550261
639.05,0.3060268993383673
639.06,0.6625495027434473
639.0699999999999,0.5323853819880712
639.08,0.5245762840662865
639.09,0.6657583704565823
639.1,0.298439747840381
639.11,0.7025165314899536
639.12,0.3041764119486495
639.13,0.6634514828917366
639.14,0.5303703165308475
639.15,0.5269334986235568
639.16,0.6648806764347575
639.1700000000001,0.30086210399499735
639.1800000000001,0.7026290823711261
639.19,0.3011579189173101
639.2,0.6648338850640735
639.21,0.527123636575426
639.22,0.530481352604144
639.23,0.6634886260735413
639.24,0.3045399831463978
639.25,0.7027180927216645
639.26,0.29704006117977805
639.27,0.6666688612401591
639.28,0.5226057794445905
639.29,0.5351798797753057
639.3,0.6615491823578007
639.31,0.30955963985172336
639.3199999999999,0.7027565986185367
639.33,0.29192874262945057
639.34,0.6689183811839595
639.35,0.5167639218478142
639.36,0.5409740196649918
639.37,0.6590176072745755
639.38,0.31602188214406357
639.39,0.7027094602078978
639.4,0.2859749288887975
639.41,0.671534765570567
639.4200000000001,0.5095330347559515
639.4300000000001,0.5477933111816703
639.44,0.6558367811915062
639.45,0.3240324803752699
639.46,0.702533287665427
639.47,0.27938426652472753
639.48,0.6744613341863402
639.49,0.5008377051318801
639.5,0.5555518509581538
639.51,0.6519363221107684
639.52,0.3336905813670776
639.53,0.7021762880273847
639.54,0.272427841222653
639.55,0.6776331396300109
639.56,0.4905951422394944
639.5699999999999,0.5641486635195773
639.58,0.6472314934105681
639.59,0.34507570646242186
639.6,0.7015779952402909
639.61,0.26545283836009914
639.62,0.68097774722611
639.63,0.47871997090844337
639.64,0.5734685954368888
639.65,0.6416218993164001
639.66,0.3582342656717417
639.6700000000001,0.7006688384860803
639.6800000000001,0.2588910943751645
639.69,0.6844160127263718
639.7,0.4651316543606825
639.71,0.5833837894784882
639.72,0.63498998912089
639.73,0.3731668623979286
639.74,0.6993694965106061
639.75,0.2532625928845933
639.76,0.6878628002153189
639.77,0.4497656837663202
639.78,0.5937557229610259
639.79,0.6271994322882896
639.8,0.3898178939268683
639.81,0.6975899782720875
639.8199999999999,0.24917004982792199
639.83,0.6912275747606395
639.84,0.4325899970712591
639.85,0.6044377189479861
639.86,0.618093499210722
639.87,0.40806896542082194
639.88,0.6952283632084961
639.89,0.24728023341161365
639.9,0.6944147979362545
639.91,0.4136283680336442
639.9200000000001,0.6152777697962251
639.9300000000001,0.6074937042233871
639.94,0.4277373500716739
639.95,0.6921691283290695
639.96,0.2482881618042497
639.97,0.6973240492044973
639.98,0.39299256879469396
639.99,0.6261214601459028
640.0,0.5951991703862386
640.01,0.4485801393720991
640.02,0.6882809862210769
640.03,0.2528624727822689
640.04,0.6998497919338402
640.05,0.3709246203629198
640.06,0.6368147489620988
640.0699999999999,0.5809875008456887
640.08,0.47030391743548355
640.09,0.6834141609464329
640.1,0.26157445262123236
640.11,0.7018806985595681
640.12,0.34784885743520966
640.13,0.6472063695536265
640.14,0.5646184547335863
640.15,0.49257893232989264
640.16,0.6773970447807853
640.1700000000001,0.274819038976088
640.1800000000001,0.7032984441040828
640.19,0.3244300697014276
640.2,0.6571496297897791
640.21,0.545842507216716
640.22,0.5150560292728766
640.23,0.6700322200025687
640.24,0.29274194467928794
640.25,0.7039758692974456
640.26,0.3016278817065803
640.27,0.6665034358497854
640.28,0.5244175126826068
640.29,0.5373842304354832
640.3,0.6610919191069652
640.31,0.3151901999667153
640.3199999999999,0.7037744036468137
640.33,0.2807287283479025
640.34,0.675132411375315
640.35,0.5001382330070084
640.36,0.5592268702674998
640.37,0.6503131738478967
640.38,0.34170127192104965
640.39,0.7025406246108481
640.4,0.2633272716491476
640.41,0.6829060300297136
640.4200000000001,0.4728853165764887
640.4300000000001,0.580274591913297
640.44,0.6373932382925747
640.45,0.37153773618877406
640.46,0.7001018142231581
640.47,0.25122456405396154
640.48,0.6896967133088644
640.49,0.4427018423282012
640.5,0.6002541404076808
640.51,0.6219864808916299
640.52,0.40376255130157845
640.53,0.6962603656671552
640.54,0.246220128426395
640.55,0.6953768611285778
640.56,0.4099052267857752
640.5699999999999,0.6189325839243423
640.58,0.6037050186094529
640.59,0.43733900554751803
640.6,0.6907869044126811
640.61,0.24980787655168496
640.62,0.699814775750771
640.63,0.3752368759611277
640.64,0.6361171926556799
640.65,0.5821272051786819
640.66,0.471233926373
640.6700000000001,0.6834120525967298
640.6800000000001,0.26283806568216944
640.69,0.7028694095198083
640.7,0.34003608849258954
640.71,0.6516516118967107
640.72,0.5568210843838954
640.73,0.5045045501584319
640.74,0.6738169425562189
640.75,0.2852543178203745
640.76,0.7043838161017583
640.77,0.3063926449984759
640.78,0.6654091478065769
640.79,0.5273944722488911
640.8,0.5363567957066907
640.81,0.6616229933956901
640.8199999999999,0.316017240951829
640.83,0.7041771199180515
640.84,0.2771854304185268
640.85,0.677283967322228
640.86,0.49358939898202503
640.87,0.5661717739636066
640.88,0.646382323468439
640.89,0.35326383056377997
640.9,0.7020347529594123
640.91,0.25587518762412587
640.9200000000001,0.6871808514223842
640.9300000000001,0.4554445492369899
640.94,0.5935047011592821
640.95,0.6275718814407333
640.96,0.39465234338885774
640.97,0.6976966707002893
640.98,0.24594394272317088
640.99,0.6950038938118643
641.0,0.41354914544183397
641.01,0.6180642545241595
641.02,0.6045976277878585
641.03,0.4377683582422875
641.04,0.6908433100737081
641.05,0.2500234068378439
641.06,0.7006442550062068
641.0699999999999,0.3693911372858335
641.08,0.6396809712596838
641.09,0.5768209704569326
641.1,0.48046345267365387
641.11,0.6810793192213979
641.12,0.2690044412708509
641.13,0.7039668007452368
641.14,0.32573732242425424
641.15,0.6582717156733503
641.16,0.5436295339221899
641.1700000000001,0.5210532451958914
641.1800000000001,0.6679158327432207
641.19,0.3015808218239901
641.2,0.7047951978120676
641.21,0.28685414149526833
641.22,0.6738048251011728
641.23,0.5045889771715512
641.24,0.5583706402136368
641.25,0.6507538152259119
641.26,0.34452894189261857
641.27,0.7028948402772753
641.28,0.25822734096195643
641.29,0.6862682104905915
641.3,0.45972872781808555
641.31,0.5917147396932856
641.3199999999999,0.6288747722672228
641.33,0.393602357318019
641.34,0.6979528982032708
641.35,0.24544818070054736
641.36,0.6956408631001418
641.37,0.41001619858394417
641.38,0.6207469779405834
641.39,0.6014527946504248
641.4,0.4445796763474862
641.41,0.6895549742242296
641.4200000000001,0.25236094043509716
641.4300000000001,0.7018669837185686
641.44,0.3580175384423028
641.45,0.6453752662182888
641.46,0.567616456917893
641.47,0.49402178839104394
641.48,0.6771586852784187
641.49,0.27933109926332844
641.5,0.704831204344375
641.51,0.3085525307355901
641.52,0.6656495437117599
641.53,0.5266140486873676
641.54,0.5395721240104029
641.55,0.6600667664241616
641.56,0.32282815561076245
641.5699999999999,0.7043329863852702
641.58,0.2687947458633674
641.59,0.6816774672501885
641.6,0.47817045104860245
641.61,0.5798915529158795
641.62,0.6374077351728057
641.63,0.3767223300586474
641.64,0.7000582101951363
641.65,0.24699823909112067
641.66,0.6935598551011467
641.6700000000001,0.42314816996232785
641.6800000000001,0.6144120600078582
641.69,0.6081441542461891
641.7,0.4344154806849822
641.71,0.6915463853776396
641.72,0.24955130412034351
641.73,0.7013411428456438
641.74,0.36456138122233006
641.75,0.6430579360016319
641.76,0.5711530696590513
641.77,0.49053258202803096
641.78,0.6781534195426948
641.79,0.2777115379415161
641.8,0.704968724831197
641.81,0.30867262173952215
641.8199999999999,0.6660106077660479
641.83,0.5254681110342908
641.84,0.5415832025440297
641.85,0.6590140319706197
641.86,0.32658259652997756
641.87,0.704255168654925
641.88,0.26520347383107334
641.89,0.6835372351661021
641.9,0.4708381646303105
641.91,0.5857975760984057
641.9200000000001,0.633018193529961
641.9300000000001,0.38738678436720075
641.94,0.6988381577537267
641.95,0.24512873267199076
641.96,0.6958746661974914
641.97,0.40879776805466267
641.98,0.6226115382257513
641.99,0.5988396680266047
642.0,0.4511535898185366
642.01,0.6881347719407861
642.02,0.25571924496231957
642.03,0.7031511422015791
642.04,0.3442767576605865
642.05,0.6521438687528318
642.06,0.5551046478339843
642.0699999999999,0.5112540562861346
642.08,0.6712907688809308
642.09,0.29593626742894014
642.1,0.7053283094147482
642.11,0.28702778382424177
642.12,0.6748035259507683
642.13,0.5008788907452211
642.14,0.5639781949573777
642.15,0.6471357377715816
642.16,0.35664815912305514
642.1700000000001,0.7021494383511251
642.1800000000001,0.2507721044116862
642.19,0.6910360023056705
642.2,0.43676416616857466
642.21,0.6078961230471569
642.22,0.6141802484246032
642.23,0.425650521870829
642.24,0.6930839912650949
642.25,0.24782745842578457
642.26,0.701170667326039
642.27,0.36685520949196015
642.28,0.6429298332698034
642.29,0.5707493912002544
642.3,0.4928332102349876
642.31,0.677264713770242
642.3199999999999,0.2813047419400983
642.33,0.7053261836423523
642.34,0.30107640915292844
642.35,0.669607667279613
642.36,0.5154654756843108
642.37,0.5522294353554962
642.38,0.6534260434291801
642.39,0.342339355235984
642.4,0.703340400649207
642.41,0.25541123527875526
642.4200000000001,0.6885922104266395
642.4300000000001,0.4484725404612977
642.44,0.6014385049059823
642.45,0.6198839160416378
642.46,0.4158194061215432
642.47,0.6947023442330441
642.48,0.2460927267761919
642.49,0.7004160869029082
642.5,0.3738452548077473
642.51,0.6402034552853207
642.52,0.5746732611861238
642.53,0.48840467597494924
642.54,0.6784757340310951
642.55,0.27881931462572734
642.56,0.7053371626956761
642.5699999999999,0.3027743468072377
642.58,0.6692110239435992
642.59,0.5161244735667939
642.6,0.5522397001233413
642.61,0.6532227433056086
642.62,0.3436089055847701
642.63,0.7032455156184336
642.64,0.25425151793846534
642.65,0.6893538876884895
642.66,0.4444276843146818
642.6700000000001,0.6043317239727748
642.6800000000001,0.6169823550752574
642.69,0.4220823574858838
642.7,0.6935799848079585
642.71,0.24748440958485546
642.72,0.7013448130172696
642.73,0.3648170020650323
642.74,0.6445042854876015
642.75,0.567471676412338
642.76,0.4984238357402063
642.77,0.6752355512041565
642.78,0.2876383661565444
642.79,0.7055240679836867
642.8,0.29165571958038716
642.81,0.6737163093546803
642.8199999999999,0.5029309563844695
642.83,0.5640081114962808
642.84,0.6464761941355457
642.85,0.36056940364947965
642.86,0.7017453835277174
642.87,0.24825469660493024
642.88,0.6930933784716649
642.89,0.42442466194729705
642.9,0.6160914804126427
642.91,0.6049449856313652
642.9200000000001,0.4441913171368995
642.9300000000001,0.6892748878002717
642.94,0.25476076933461167
642.95,0.7034609323043666
642.96,0.3403389568649921
642.97,0.654994188715584
642.98,0.5480575881933951
642.99,0.5218327937859488
643.0,0.6666800998205284
643.01,0.3105691515314317
643.02,0.7051284497252246
643.03,0.2709924038994772
643.04,0.6820551503884966
643.05,0.47448321338654564
643.06,0.5858462208302405
643.0699999999999,0.6317479752241706
643.08,0.39409299679753673
643.09,0.6977614738665083
643.1,0.24431612721156057
643.11,0.6985732197842468
643.12,0.38792463504962876
643.13,0.6347209996394698
643.14,0.581619262937682
643.15,0.4807550066599152
643.16,0.6802597734616583
643.1700000000001,0.27568126973694385
643.1800000000001,0.7053453038398892
643.19,0.3034311507654883
643.2,0.6695913444834228
643.21,0.513695541902767
643.22,0.5558390058732405
643.23,0.6506326597994425
643.24,0.3518427019238228
643.25,0.702460865300621
643.26,0.2500024477663883
643.27,0.6921415237685835
643.28,0.428570096345888
643.29,0.6144843710827271
643.3,0.6059880239473517
643.31,0.44359375041231897
643.3199999999999,0.6891624100323
643.33,0.2554596712153297
643.34,0.703664581379418
643.35,0.3364361408062531
643.36,0.6569996266762521
643.37,0.5430713290744141
643.38,0.5281465960269972
643.39,0.6636998634103869
643.4,0.31936833258334635
643.41,0.7046899089343547
643.4200000000001,0.26397275179679397
643.4300000000001,0.685285602008533
643.44,0.46052294772944513
643.45,0.5958505292854276
643.46,0.6232375109789462
643.47,0.4125370504692805
643.48,0.6948020244848047
643.49,0.2464934673666769
643.5,0.7011100252391468
643.51,0.3648733633894499
643.52,0.6454926568156681
643.53,0.5641638456307463
643.54,0.5046135885808549
643.55,0.672479653624227
643.56,0.2966564376813524
643.5699999999999,0.7054433304867492
643.58,0.279730321363083
643.59,0.6789777176642899
643.6,0.48388989133300914
643.61,0.5802443033295355
643.62,0.634954356520226
643.63,0.38887528973464797
643.64,0.698198073528211
643.65,0.24435322081003422
643.66,0.6985025597031623
643.6700000000001,0.38644348418271746
643.6800000000001,0.6361369765424734
643.69,0.5783803218050642
643.7,0.48667006080853015
643.71,0.6780486396080426
643.72,0.28237048822820926
643.73,0.7054611822309633
643.74,0.2929770899096645
643.75,0.6740193316615815
643.76,0.49936047531990063
643.77,0.5688317571984758
643.78,0.6422585103986261
643.79,0.373079110390895
643.8,0.7000624025893041
643.81,0.24512361090543844
643.8199999999999,0.6964662637819867
643.83,0.40036276650551716
643.84,0.6297801388564017
643.85,0.5867687257867554
643.86,0.4752687743914438
643.87,0.6811217050969353
643.88,0.274778143692481
643.89,0.7052588990233276
643.9,0.30129097267350174
643.91,0.6710026800795874
643.9200000000001,0.5076128248488245
643.9300000000001,0.5624384900105066
643.94,0.64586477213641
643.95,0.3651269741472898
643.96,0.7008480737269451
643.97,0.2461268485107283
643.98,0.6954172562904485
643.99,0.40647967140229674
644.0,0.6269876294761556
644.01,0.5899781917237703
644.02,0.4709301225762406
644.03,0.6821108885837154
644.04,0.272539961702288
644.05,0.7051371037723505
644.06,0.303541523427605
644.0699999999999,0.6702740657296099
644.08,0.5090718258328245
644.09,0.5615104978364304
644.1,0.6461337626533652
644.11,0.36487855631646104
644.12,0.700773897227717
644.13,0.24609497510600373
644.14,0.6955495577991819
644.15,0.40481008663769985
644.16,0.6280012949176206
644.1700000000001,0.5882669228508537
644.1800000000001,0.47382526260901403
644.19,0.6811572233614206
644.2,0.27517308599057533
644.21,0.7051831403401672
644.22,0.2994789227330091
644.23,0.6719101342729508
644.24,0.503825590086387
644.25,0.5661034752815138
644.26,0.64309991741089
644.27,0.3723130224618589
644.28,0.6998344229454642
644.29,0.2451549994070912
644.3,0.6968270645390062
644.31,0.3953637558837317
644.3199999999999,0.6327226435249428
644.33,0.5815112538163122
644.34,0.4838214796740058
644.35,0.6781415022443653
644.36,0.28318965981450617
644.37,0.7052712807067922
644.38,0.28962118464130293
644.39,0.67571294020719
644.4,0.49161522552838727
644.41,0.57588356781368
644.4200000000001,0.6364749988903997
644.4300000000001,0.38753818173692445
644.44,0.6978002723492429
644.45,0.2448250597721992
644.46,0.6989857744318667
644.47,0.37819102515843256
644.48,0.640720888328086
644.49,0.5692032876629329
644.5,0.5004543877046549
644.51,0.6726764180311061
644.52,0.297933941293815
644.53,0.7050636156935814
644.54,0.27545384183642574
644.55,0.6812248782467482
644.56,0.4718841687789006
644.5699999999999,0.5901363463173608
644.58,0.6256273814425126
644.59,0.41056917959809475
644.6,0.6942087583348898
644.61,0.24800201717214862
644.62,0.7015454328428553
644.63,0.35366725173992525
644.64,0.6512655002448453
644.65,0.5504436627319435
644.66,0.5228513388421172
644.6700000000001,0.6640782935467962
644.6800000000001,0.3210991238624413
644.69,0.7040087611819505
644.7,0.25990104712336776
644.71,0.6877601457119937
644.72,0.44393628814160047
644.73,0.6077972002255508
644.74,0.6095385067746208
644.75,0.44096624918835264
644.76,0.6883398752045801
644.77,0.25870950669358855
644.78,0.7038248636007463
644.79,0.3231121131847971
644.8,0.6633816367321808
644.81,0.5239620580489044
644.8199999999999,0.5496762064453197
644.83,0.6513131392834163
644.84,0.35393538298102334
644.85,0.7013306939153402
644.86,0.24787255534890085
644.87,0.6944445337891695
644.88,0.40733868121796984
644.89,0.6275197010620827
644.9,0.5867460960964227
644.91,0.4775055191671495
644.9200000000001,0.6791680947826275
644.9300000000001,0.28124540588005487
644.94,0.7049504735547214
644.95,0.2898487784101279
644.96,0.6759207803828752
644.97,0.48825694198769726
644.98,0.5791688674192285
644.99,0.6329117674894565
645.0,0.39634873084354655
645.01,0.6959952363408878
645.02,0.24632401563872955
645.03,0.7002500237042134
645.04,0.3628300020772063
645.05,0.6477828802858712
645.06,0.5553145284618564
645.0699999999999,0.5180828925032189
645.08,0.6652768199826664
645.09,0.31855862619458386
645.1,0.7038428228438198
645.11,0.26053878723197543
645.12,0.6876295965211662
645.13,0.4420799590292486
645.14,0.6093041264642021
645.15,0.6068604937102176
645.16,0.4463347536752133
645.1700000000001,0.6866369683825613
645.1800000000001,0.26286451597548893
645.19,0.7040057825040246
645.2,0.3140664030854079
645.21,0.6670127708092873
645.22,0.5129648332562077
645.23,0.5599526183077432
645.24,0.64472360693133
645.25,0.37040737394454315
645.26,0.69916155910314
645.27,0.2457416128446916
645.28,0.6971921503069761
645.29,0.385739058431411
645.3,0.6380210885286801
645.31,0.5705233940757618
645.3199999999999,0.5001797496326734
645.33,0.671425761191704
645.34,0.30238605461688356
645.35,0.7043632733555896
645.36,0.2700950675282936
645.37,0.6836751007158366
645.38,0.4577337728741267
645.39,0.6002059796285549
645.4,0.6148648618293014
645.41,0.43261549313475567
645.4200000000001,0.6891840733718658
645.4300000000001,0.25742629440323533
645.44,0.7032176278006703
645.45,0.32390649631346335
645.46,0.6634255926889611
645.47,0.5208126928211573
645.48,0.553411947869706
645.49,0.647856434563094
645.5,0.36334753996368346
645.51,0.6996892853759861
645.52,0.2465167722656221
645.53,0.6962953054225113
645.54,0.39001144920072983
645.55,0.6362475808352188
645.56,0.5722385148309309
645.5699999999999,0.49833717033979413
645.58,0.671589754985967
645.59,0.3021927230490151
645.6,0.7041458411252479
645.61,0.2697711710866337
645.62,0.683876076797671
645.63,0.4552674053816418
645.64,0.6019470842233733
645.65,0.6124865192245075
645.66,0.43727461308430643
645.6700000000001,0.6878550561199626
645.6800000000001,0.2604503627676436
645.69,0.7033738784913902
645.7,0.3171938387204094
645.71,0.6660471164413221
645.72,0.5129141415683164
645.73,0.5605674749425011
645.74,0.6431344593900876
645.75,0.37479139316777826
645.76,0.698040085263996
645.77,0.24615508869559452
645.78,0.6979094115892892
645.79,0.37560448294511756
645.8,0.6427979937802444
645.81,0.5608340463206616
645.8199999999999,0.5127097905456238
645.83,0.6658871032050713
645.84,0.31776959916499825
645.85,0.7031735084641745
645.86,0.2600067583750199
645.87,0.6880887992474541
645.88,0.43460500842104277
645.89,0.6141259056832329
645.9,0.5992976072315382
645.91,0.4599126015281664
645.9200000000001,0.6822280721691455
645.9300000000001,0.2741320471577326
645.94,0.7040021893686061
645.95,0.2955976865136029
645.96,0.6741194707071606
645.97,0.48831786079621803
645.98,0.58016179134131
645.99,0.6294856730755649
646.0,0.4049776323327695
646.01,0.693346300056113
646.02,0.2502680995986105
646.03,0.7010654140595772
646.04,0.3434197116607275
646.05,0.6561426148032589
646.06,0.5344295236783374
646.0699999999999,0.5413197766921418
646.08,0.6527565280558698
646.09,0.35201772248876395
646.1,0.7001626687563022
646.11,0.24850123401622257
646.12,0.6947571082027368
646.13,0.39495013895476544
646.14,0.6342930506856407
646.15,0.5726842904056312
646.16,0.4984563244549364
646.1700000000001,0.6703517302756078
646.1800000000001,0.3059729936669597
646.19,0.7033835412898538
646.2,0.2664019254752244
646.21,0.685376370414981
646.22,0.4444959485772927
646.23,0.6087592562807564
646.24,0.6037665493038533
646.25,0.4530010984840512
646.26,0.6833117057485856
646.27,0.27153426321354224
646.28,0.7035542907580802
646.29,0.29834559728823073
646.3,0.6731688865203028
646.31,0.48910348466658027
646.3199999999999,0.5798430924625454
646.33,0.6286699363484045
646.34,0.40699618917629576
646.35,0.6924775961525925
646.36,0.251828442950186
646.37,0.7011048597371107
646.38,0.3379589608936726
646.39,0.6583615590904218
646.4,0.5277158079899471
646.41,0.5480143052921754
646.4200000000001,0.6483988132310695
646.4300000000001,0.36297318222784364
646.44,0.6985221230753331
646.45,0.24753447516856497
646.46,0.6963863233645312
646.47,0.3799209858328661
646.48,0.6411916705995233
646.49,0.5603469171728707
646.5,0.513950072128382
646.51,0.6638513647729387
646.52,0.3236333020107417
646.53,0.7019856648634746
646.54,0.2569156737537798
646.55,0.6896995253248556
646.56,0.42062487336429377
646.5699999999999,0.6219307173695694
646.58,0.5875142100343116
646.59,0.4785463274172627
646.6,0.6757895173525433
646.61,0.2913806755140116
646.62,0.7033088557720856
646.63,0.27666298327172084
646.64,0.6813171472216903
646.65,0.4580425963165801
646.66,0.6009019954208615
646.6700000000001,0.6099125772436793
646.6800000000001,0.4428879329096907
646.69,0.684845467143937
646.7,0.26785371130543895
646.71,0.7028593115567364
646.72,0.30299850637247033
646.73,0.6715002874456386
646.74,0.49128718136337696
646.75,0.5784903206526923
646.76,0.628250149645608
646.77,0.4081713297578694
646.78,0.6915407662229337
646.79,0.25363232196411106
646.8,0.7009524587838851
646.81,0.3325267626637831
646.8199999999999,0.6605102482668559
646.83,0.520178016081054
646.84,0.555142163266865
646.85,0.6431765544200352
646.86,0.3755862267162184
646.87,0.6963073870878808
646.88,0.24822756418855776
646.89,0.6978671834448509
646.9,0.3626462600452402
646.91,0.648615944575233
646.9200000000001,0.5449178936324209
646.9300000000001,0.5313551548587749
646.94,0.6552589754686035
646.95,0.3461781826046423
646.96,0.6995066161845549
646.97,0.2503273366212121
646.98,0.6938571277277569
646.99,0.39160283611749314
647.0,0.636097219774992
647.01,0.5658864119678328
647.02,0.5076573895404516
647.03,0.6649806804544667
647.04,0.3207243142588679
647.05,0.7014445138009655
647.06,0.25816988117362166
647.0699999999999,0.6891583786150886
647.08,0.41835255109775704
647.09,0.6232443907934732
647.1,0.583520491451864
647.11,0.4845789051018987
647.12,0.6727487607574465
647.13,0.2996532352997066
647.14,0.702383883146893
647.15,0.2699022853821917
647.16,0.6839941774945086
647.1700000000001,0.44236861257187843
647.1800000000001,0.6103545147469698
647.19,0.5982511210165389
647.2,0.4626196212015703
647.21,0.6789045923169265
647.22,0.28302685851521026
647.23,0.7025531374411682
647.24,0.28383544979919806
647.25,0.6785771928907003
647.26,0.4634642873801955
647.27,0.5977251100190107
647.28,0.6104732842233112
647.29,0.44221913613011865
647.3,0.6837340767471829
647.31,0.27058212756627786
647.3199999999999,0.7021525754794671
647.33,0.2985754989919074
647.34,0.6731098473279821
647.35,0.4816568095243568
647.36,0.5856462904792119
647.37,0.6205341708950427
647.38,0.4237336323812317
647.39,0.687476501146512
647.4,0.261814397172505
647.41,0.7013585710813152
647.4200000000001,0.31305615580105817
647.4300000000001,0.6677831636671407
647.44,0.49707286298959474
647.45,0.574392398006712
647.46,0.6287307910960191
647.47,0.40742365077797604
647.48,0.6903317061064301
647.49,0.25607736789731284
647.5,0.7003261350727329
647.51,0.3265106717315943
647.52,0.6627745784863817
647.53,0.5098872554733022
647.54,0.5642141848860752
647.55,0.6353119749093583
647.56,0.3934541112209738
647.5699999999999,0.6924656317797714
647.58,0.2526774634697359
647.59,0.6991902532187979
647.6,0.33841680066000207
647.61,0.6582451451026053
647.62,0.5202851534983085
647.63,0.5553323885953149
647.64,0.6404820538773082
647.65,0.3819054427579554
647.66,0.6940144615218916
647.6700000000001,0.25094910841289364
647.6800000000001,0.6980663503304111
647.69,0.34843678445161835
647.7,0.6543365073555918
647.71,0.5284398832494267
647.72,0.5479331955211182
647.73,0.6444048387816719
647.74,0.37279275293629976
647.75,0.6950876220464873
647.76,0.25030652710872786
647.77,0.6970501810826042
647.78,0.3563638179576661
647.79,0.6511679650105019
647.8,0.5345004982115678
647.81,0.5421656838131484
647.8199999999999,0.6472072343479259
647.83,0.3660890108609488
647.84,0.6957698881314669
647.85,0.2502742972089182
647.86,0.6962174006676625
647.87,0.3620794014803042
647.88,0.6488338786902076
647.89,0.5385852126567399
647.9,0.5381409642608059
647.91,0.6489822136866844
647.9200000000001,0.36174823093142366
647.9300000000001,0.6961228070260662
647.94,0.2505021388754944
647.95,0.695623021886104
647.96,0.3655221620969452
647.97,0.6474015864300424
647.98,0.5407782082807499
647.99,0.5359324814110256
648.0,0.64979106605992
648.01,0.35972532703996263
648.02,0.6961856160778335
648.03,0.25076997447161564
648.04,0.6953009188197216
648.05,0.36666712493585335
648.06,0.6469099353918465
648.0699999999999,0.5411282942338407
648.08,0.5355768428327364
648.09,0.6496649160979483
648.1,0.359990280773175
648.11,0.6959757824683527
648.12,0.2509882524454693
648.13,0.6952634910094515
648.14,0.36551409937643864
648.15,0.6473684795121525
648.16,0.5396485566066328
648.1700000000001,0.5370746172942976
648.1800000000001,0.6486055407969507
648.19,0.362535236978318
648.2,0.6954892487509627
648.21,0.2511967928973995
648.22,0.6955015562328082
648.23,0.36208416958685724
648.24,0.648757358164182
648.25,0.5363165879280004
648.26,0.5403907514133975
648.27,0.6465855099071441
648.28,0.3673739746092876
648.29,0.6947004230545044
648.3,0.25156349096391173
648.31,0.6959844946842624
648.3199999999999,0.3564238696562394
648.33,0.6510278483370003
648.34,0.5310752382634268
648.35,0.5454545404984424
648.36,0.6435476643245858
648.37,0.3745339191242919
648.38,0.6935619086757598
648.39,0.25238230526554883
648.4,0.6966606231585148
648.41,0.3486172645059246
648.4200000000001,0.6541035660975523
648.4300000000001,0.5238341564233827
648.44,0.5521593835985726
648.45,0.6394039364542945
648.46,0.38404156226062014
648.47,0.6920039244542114
648.48,0.2540681233092377
648.49,0.697457734218727
648.5,0.3388066862102749
648.51,0.657882271188798
648.52,0.5144727728598933
648.53,0.5603627848105789
648.54,0.6340335207748773
648.55,0.39590292872588895
648.56,0.6899333254420131
648.5699999999999,0.2571444479139482
648.58,0.6982836926532302
648.59,0.32722307876437234
648.6,0.6622381952480866
648.61,0.5028458933401576
648.62,0.5698871754890272
648.63,0.6272804372699202
648.64,0.4100815792419888
648.65,0.68723209334457
648.66,0.2622187248119585
648.6700000000001,0.6990269397277662
648.6800000000001,0.31422642620167435
648.69,0.6670247658766906
648.7,0.48879381704232894
648.71,0.5805220906426601
648.72,0.6189506229389231
648.73,0.42647742538624
648.74,0.6837551301521063
648.75,0.2699401863120136
648.76,0.6995567149290982
648.77,0.30035499635760987
648.78,0.6720775378780188
648.79,0.4721599581312986
648.8,0.5920280363338767
648.81,0.6088088840925883
648.8199999999999,0.44491008010413435
648.83,0.679327160621324
648.84,0.28093720532013733
648.85,0.6997227651728122
648.86,0.2863783428272631
648.87,0.6772170783761314
648.88,0.45282038919185197
648.89,0.6041420688907744
648.9,0.5965764224455401
648.91,0.46511026092197144
648.9200000000001,0.6737385389467287
648.9300000000001,0.29573604230397327
648.94,0.6993542724275917
648.95,0.2733424530689812
648.96,0.682251492085665
648.97,0.4307314414681201
648.98,0.6165847392851189
648.99,0.5819303461885077
649.0,0.48672168948560846
649.01,0.6667397819059335
649.02,0.3146702667255611
649.03,0.698257691887016
649.04,0.2625863113435417
649.05,0.686978226116848
649.06,0.40600297902821164
649.0699999999999,0.6290677209892696
649.08,0.5645078084767082
649.09,0.5093140633599943
649.1,0.658034754580668
649.11,0.33779802225253375
649.12,0.6962131544937995
649.13,0.25570012406046555
649.14,0.6911847632518229
649.15,0.3790047785986363
649.16,0.6413012113006348
649.1700000000001,0.5439195068207962
649.1800000000001,0.5324054194555891
649.19,0.6472726944642528
649.2,0.36484887121126974
649.21,0.6929690529601304
649.22,0.2543933712945188
649.23,0.6946477959921719
649.24,0.3505085035558882
649.25,0.653000120174542
649.26,0.5197806547877033
649.27,0.5554902114202273
649.28,0.6340398282521202
649.29,0.39521918339108636
649.3,0.688234411813239
649.31,0.2602562055206771
649.3199999999999,0.6971304618183934
649.33,0.321852769865798
649.34,0.6638881348100087
649.35,0.4917725718818168
649.36,0.5780682979782822
649.37,0.6178524994800533
649.38,0.428023607972546
649.39,0.681668672434693
649.4,0.27443815547090983
649.41,0.6983772006621964
649.4200000000001,0.2950876759683153
649.4300000000001,0.673698930189398
649.44,0.45975445456175157
649.45,0.5996701007732778
649.46,0.598156005475738
649.47,0.4621936004277054
649.48,0.6728686822172201
649.49,0.2973252689861893
649.5,0.6981057581476545
649.51,0.27300795709845416
649.52,0.6821740156818078
649.53,0.42395019872854456
649.54,0.6198743103965365
649.55,0.5743376257429406
649.56,0.49659956741134614
649.5699999999999,0.6613531362618408
649.58,0.32833760319307076
649.59,0.6959958027813751
649.6,0.2589421184959221
649.61,0.68905688937898
649.62,0.38523130151995233
649.63,0.6383162212926111
649.64,0.5457699553276363
649.65,0.5301676669903839
649.66,0.6465458469458882
649.6700000000001,0.3659508801485634
649.6800000000001,0.6916735806319737
649.69,0.25618558434436495
649.7,0.6940832569848491
649.71,0.34548563665432896
649.72,0.6546864698338968
649.73,0.5119131441361328
649.74,0.5619674598481016
649.75,0.6277617551663034
649.76,0.40795876533723513
649.77,0.6846920875236736
649.78,0.26711758950489634
649.79,0.6969670277182168
649.8,0.30797519940339674
649.81,0.6687211689325366
649.8199999999999,0.47252193845086626
649.83,0.591258616705419
649.84,0.6042049888288067
649.85,0.4518834901562657
649.86,0.6745066251940569
649.87,0.292305504751309
649.88,0.6973816330062436
649.89,0.27743172050489423
649.9,0.6801849666987071
649.91,0.4280182386302012
649.9200000000001,0.6174974529440934
649.9300000000001,0.5749991013637359
649.94,0.49538556834301944
649.95,0.6604468522516235
649.96,0.33007634149370524
649.97,0.6949359825535488
649.98,0.2594983698428549
649.99,0.6888484310691938
650.0,0.38007435954240926
650.01,0.6403124097244841
650.02,0.5392898022249897
650.03,0.5365500794515179
650.04,0.6416897096748228
650.05,0.3768703898738291
650.06,0.6891442356195898
650.0699999999999,0.25924883176363545
650.08,0.69446055182348
650.09,0.332339801999243
650.1,0.6594603320957154
650.11,0.496493495016825
650.12,0.5740044502531286
650.13,0.6172453552335243
650.14,0.42822608878403456
650.15,0.6793889062703835
650.16,0.2791476268137748
650.1700000000001,0.6967162792858856
650.1800000000001,0.29094733837266334
650.19,0.6747737837049057
650.2,0.44680452731332976
650.21,0.6068936204200925
650.22,0.5859853140314053
650.23,0.47987923514488634
650.24,0.6648785549485631
650.25,0.3176298342928724
650.26,0.6952181296030655
650.27,0.2640096106141003
650.28,0.6861059008734361
650.29,0.3920755729190742
650.3,0.6347706496128196
650.31,0.5467766094929893
650.3199999999999,0.5285032226093916
650.33,0.6446065826894773
650.34,0.36944252354290025
650.35,0.6894303287015885
650.36,0.2593060638269842
650.37,0.6932752510822165
650.38,0.33701217698590635
650.39,0.6574573230966919
650.4,0.4988464597205496
650.41,0.5719420238463361
650.4200000000001,0.6173312289187485
650.4300000000001,0.4276144756703211
650.44,0.6786244872089991
650.45,0.28062241115144065
650.46,0.6960098183770349
650.47,0.2900503634123935
650.48,0.674909266318834
650.49,0.44257868858472726
650.5,0.6090667422136605
650.51,0.5816286703051381
650.52,0.4857043415988976
650.53,0.661819262611142
650.54,0.32522551738634764
650.55,0.6938869980437098
650.56,0.2623973171456497
650.5699999999999,0.6870995008436493
650.58,0.38093578573354786
650.59,0.639467579197511
650.6,0.536138096742328
650.61,0.5391182301705996
650.62,0.6377275116758641
650.63,0.3848909799692756
650.64,0.6862657704167768
650.65,0.26382142318760754
650.66,0.6939201358314682
650.6700000000001,0.3212895308440587
650.6800000000001,0.6631362865806872
650.69,0.48023467058649516
650.7,0.5852911307478518
650.71,0.6047539112623166
650.72,0.44973137115394046
650.73,0.6722094978096427
650.74,0.29679143744717484
650.75,0.6950943948650854
650.76,0.2761786899738266
650.77,0.6802076792951363
650.78,0.4154846505235497
650.79,0.6232056394423735
650.8,0.5611563555862372
650.81,0.5117273691424159
650.8199999999999,0.6504075652305161
650.83,0.35417932523861156
650.84,0.6900887387724731
650.85,0.26008023564537996
650.86,0.6907685929728177
650.87,0.3480456839363663
650.88,0.6527560669370709
650.89,0.5056293540300901
650.9,0.5660724976120716
650.91,0.6191333864981703
650.9200000000001,0.42329231188097893
650.9300000000001,0.6780169797707076
650.94,0.2813238417959225
650.95,0.6947150846847082
650.96,0.29087236878821376
650.97,0.6742208920828545
650.98,0.4387821296798655
650.99,0.6107253983844653
651.0,0.5763532096554561
651.01,0.4922327437336637
651.02,0.6575387966986049
651.03,0.33539651033314766
651.04,0.691631970953774
651.05,0.2619146530311067
651.06,0.6878995139242139
651.0699999999999,0.3659843027167145
651.08,0.6453408766456039
651.09,0.520276420431366
651.1,0.553416914918997
651.11,0.6267878096455567
651.12,0.40757296617660704
651.13,0.6806731511992355
651.14,0.2746947665833789
651.15,0.6938749339682276
651.16,0.3007629140684122
651.1700000000001,0.6703215865977297
651.1800000000001,0.45094636026267254
651.19,0.6035275884305951
651.2,0.583455631089016
651.21,0.48209091389414394
651.22,0.660436392611336
651.23,0.32723529866701817
651.24,0.691843717448923
651.25,0.26415976746182396
651.26,0.686188393917743
651.27,0.3736279502100585
651.28,0.6419339708887546
651.29,0.5253826635476925
651.3,0.548535843729812
651.31,0.6288687665126982
651.3199999999999,0.4027779154757022
651.33,0.6809656238093225
651.34,0.273795907443133
651.35,0.6932064566370265
651.36,0.3033233422180516
651.37,0.6691808483154155
651.38,0.452432887739897
651.39,0.6024151370162171
651.4,0.5833587151074348
651.41,0.4818850248973092
651.4200000000001,0.6597128330140533
651.4300000000001,0.32862005537571737
651.44,0.6911503150665825
651.45,0.2645782913944768
651.46,0.6860160023797522
651.47,0.37070837262198963
651.48,0.6429510489259141
651.49,0.5214768985305251
651.5,0.551814257623244
651.51,0.625762273112372
651.52,0.4087856869908165
651.53,0.6791170332296133
651.54,0.27768569153847467
651.55,0.6928555229856972
651.56,0.29821637591967953
651.5699999999999,0.6709066580422586
651.58,0.4434239803684354
651.59,0.6074324806479228
651.6,0.5761488276315376
651.61,0.4915141177218187
651.62,0.6553492318378035
651.63,0.3395045607835671
651.64,0.6894795830795819
651.65,0.263753310988321
651.66,0.6872518456723246
651.6700000000001,0.35755230162611285
651.6800000000001,0.648144517895939
651.69,0.5083470882011902
651.7,0.5628339890063897
651.71,0.6171345291622715
651.72,0.42542315325671826
651.73,0.6748075656125746
651.74,0.28778629095913144
651.75,0.6924826438173635
651.76,0.2870273767473294
651.77,0.6750384038336775
651.78,0.4237883640792405
651.79,0.617874164748996
651.8,0.561125763277884
651.81,0.5102248760446981
651.8199999999999,0.6466996523950258
651.83,0.36077451814470235
651.84,0.6862601708966736
651.85,0.26501420861255726
651.86,0.6892636770233866
651.87,0.3353360436773114
651.88,0.6566350569390806
651.89,0.48513006201427394
651.9,0.5803947183123702
651.91,0.6019141419281937
651.9200000000001,0.4521987623609909
651.9300000000001,0.6671519630958724
651.94,0.30732796236374865
651.95,0.6912659103405487
651.96,0.2737960194442432
651.97,0.6805894912108503
651.98,0.3935377838337457
651.99,0.6323538412162791
652.0,0.5368274353639472
652.01,0.5364800642473678
652.02,0.6324325489077954
652.03,0.3933255839435735
652.04,0.6803946454037529
652.05,0.27421849329063
652.06,0.6909463416600065
652.0699999999999,0.307216280018924
652.08,0.6670020934491576
652.09,0.4506586052619427
652.1,0.6025644255447599
652.11,0.5782315560817342
652.12,0.48770809976759166
652.13,0.6546221242677207
652.14,0.33987743802040055
652.15,0.6878898241444611
652.16,0.265887425263163
652.1700000000001,0.6861191097333731
652.1800000000001,0.3540743484281808
652.19,0.6489387289138573
652.2,0.5011849994385018
652.21,0.5678576775146938
652.22,0.610410910389312
652.23,0.43668594339702366
652.24,0.6701828138134587
652.25,0.2984397135784115
652.26,0.6907411928711608
652.27,0.2802821871015751
652.28,0.6774091113315827
652.29,0.40448837644502544
652.3,0.6268328648504687
652.31,0.5434051050138262
652.3199999999999,0.5291923880189483
652.33,0.6348949992958555
652.34,0.3869901004355196
652.35,0.6804830143079826
652.36,0.27377016728471615
652.37,0.689792706247129
652.38,0.3107291968418707
652.39,0.6653354919878439
652.4,0.4522134242540161
652.41,0.6011984954217142
652.4200000000001,0.5775540042382301
652.4300000000001,0.48798779345379
652.44,0.6531562989537385
652.45,0.342670297890549
652.46,0.6865964650862596
652.47,0.26713907742328513
652.48,0.685713333677195
652.49,0.3494772938838157
652.5,0.6503780530275941
652.51,0.4943025645218271
652.52,0.5726936050975154
652.53,0.6046283977990619
652.54,0.4461099759520372
652.55,0.6664502461834689
652.56,0.30736636502537723
652.5699999999999,0.6893689976152749
652.58,0.27625663040683146
652.59,0.6790625501444235
652.6,0.39026090476928205
652.61,0.6330257898617438
652.62,0.5299215123773797
652.63,0.5421531210494829
652.64,0.625794596721116
652.65,0.405711049344133
652.66,0.6758005719857587
652.6700000000001,0.2833777426271792
652.6800000000001,0.689481584336993
652.69,0.2966653786523947
652.7,0.670338126102412
652.71,0.4290932510935296
652.72,0.6138082575575833
652.73,0.5593238674521682
652.74,0.5105801607883533
652.75,0.6421433766862686
652.76,0.3689277966389906
652.77,0.6820328116662638
652.78,0.2711455585898688
652.79,0.6875006123469495
652.8,0.3235022773429077
652.81,0.6600088378329403
652.8199999999999,0.46394013167106846
652.83,0.593309176637812
652.84,0.5832121707240011
652.85,0.479089436181223
652.86,0.6546128975381792
652.87,0.33751678858586814
652.88,0.6858167756010721
652.89,0.26938434684765283
652.9,0.683914699952175
652.91,0.35269712091564404
652.9200000000001,0.6485343060609383
652.9300000000001,0.4940677840114234
652.94,0.5721619208359711
652.95,0.6024037151541148
652.96,0.4488085938782518
652.97,0.663982568171446
652.98,0.3125515375261594
652.99,0.6877041578811397
653.0,0.275708495558506
653.01,0.6791597715715527
653.02,0.3813977644415243
653.03,0.6363737636029086
653.04,0.5194751526717538
653.05,0.551028378182683
653.06,0.6176787370245259
653.0699999999999,0.4207581154931571
653.08,0.6708918557565168
653.09,0.29429098280889876
653.1,0.6881576585203306
653.11,0.2873795490271228
653.12,0.6736345097057737
653.13,0.40788009316190005
653.14,0.6239855478085975
653.15,0.5405126591230921
653.16,0.5305655807058811
653.1700000000001,0.6297232535784746
653.1800000000001,0.39574068216159947
653.19,0.6758642837820532
653.2,0.28225072205509005
653.21,0.6875717386908342
653.22,0.3018720351818544
653.23,0.6677081838225098
653.24,0.43125828988123505
653.25,0.6118194582970498
653.26,0.5576599131787564
653.27,0.5113872752952164
653.28,0.639116059027158
653.29,0.3742699311904689
653.3,0.6793290848522918
653.31,0.2754215045598079
653.3199999999999,0.686286309039292
653.33,0.3171588030295392
653.34,0.6617226860086944
653.35,0.4511880994942356
653.36,0.600304559476287
653.37,0.5714085872441912
653.38,0.4940289015756406
653.39,0.6463338936368966
653.4,0.35655554175909987
653.41,0.6816382949367953
653.4200000000001,0.2725374667238513
653.4300000000001,0.6845948858439095
653.44,0.3317686192923461
653.45,0.6559904725182525
653.46,0.46763636078898285
653.47,0.5898352346297321
653.48,0.582206546759668
653.49,0.4789233978223871
653.5,0.6517624243871213
653.51,0.3425429595867894
653.52,0.6830792319767027
653.53,0.272310564518238
653.54,0.6827486690041965
653.55,0.34471632133991503
653.56,0.6507899810768814
653.5699999999999,0.48072490279857255
653.58,0.5807580886939934
653.59,0.5904347462237863
653.6,0.4663920390130253
653.61,0.6557076284992452
653.62,0.33199088663424553
653.63,0.6838830713055176
653.64,0.2735904665634381
653.65,0.6809578239899535
653.66,0.3553880071511025
653.6700000000001,0.646359912148237
653.6800000000001,0.4906333642118139
653.69,0.5733616073892118
653.7,0.5964003301912447
653.71,0.4566502591743408
653.72,0.6584055179217314
653.73,0.32456363090588186
653.74,0.6842304163296365
653.75,0.27544873181661345
653.76,0.6793910551117861
653.77,0.36342883831345224
653.78,0.6428935045329417
653.79,0.4975422944835048
653.8,0.5678694719333365
653.81,0.600336941744946
653.8199999999999,0.44982461623051995
653.83,0.6600296604634519
653.84,0.31991824935140345
653.85,0.684254713283967
653.86,0.2772074260268979
653.87,0.6781743558588007
653.88,0.36865344101089936
653.89,0.640533622169067
653.9,0.5016016539562854
653.91,0.5644373931109921
653.9200000000001,0.6024075974936132
653.9300000000001,0.445974830891719
653.94,0.6606965765875249
653.95,0.3177738376727857
653.96,0.6840442194782254
653.97,0.27843684515612
653.98,0.6773896184583362
653.99,0.37098344332972893
654.0,0.639369150965575
654.01,0.5029146316477876
654.02,0.563152568090624
654.03,0.6027078621213365
654.04,0.44511449889292015
654.05,0.6604692882580466
654.06,0.317957705132827
654.0699999999999,0.6836430640725177
654.08,0.27894232996735824
654.09,0.6770735845413172
654.1,0.37041035088975155
654.11,0.6394329373126925
654.12,0.5015306710740887
654.13,0.5640345660790365
654.14,0.6012683038787233
654.15,0.4472252930573504
654.16,0.6593592974180779
654.1700000000001,0.32042790114666636
654.1800000000001,0.6830517623473019
654.19,0.2787526890821288
654.2,0.677217427652117
654.21,0.3669807250028534
654.22,0.6407013181741984
654.23,0.49744451738114204
654.24,0.5670366400386897
654.25,0.5980558660295577
654.26,0.4522616066492301
654.27,0.6573271877488278
654.28,0.3252732989538334
654.29,0.6822273678562273
654.3,0.2781156027595154
654.31,0.6777670799889971
654.3199999999999,0.3608016691756685
654.33,0.643095193782555
654.34,0.4906002907572973
654.35,0.5720470067857089
654.36,0.5929741722792634
654.37,0.46014506625163293
654.38,0.6542819314840853
654.39,0.33269229456857974
654.4,0.6810832757484953
654.41,0.2774991354692761
654.4200000000001,0.6786242492960393
654.4300000000001,0.35206629738693995
654.44,0.6464825433803117
654.45,0.4809014740520377
654.46,0.5788903042262693
654.47,0.585863110855157
654.48,0.4707507688836957
654.49,0.6500788785454485
654.5,0.3429507914334245
654.51,0.6794885272151292
654.52,0.27759262389111133
654.53,0.6796479134414067
654.54,0.3411000566661626
654.55,0.6506822292518255
654.56,0.46822967507424473
654.5699999999999,0.5873299691524326
654.58,0.5764984965314321
654.59,0.4838891709753216
654.6,0.6445163412446488
654.61,0.3563210619082734
654.62,0.6772663126892098
654.63,0.2792943614594412
654.64,0.6806559250823029
654.65,0.32842832542538536
654.66,0.6554688311432969
654.6700000000001,0.45247741700294053
654.6800000000001,0.5970724743442237
654.69,0.5645934096202204
654.7,0.49928893643671063
654.71,0.6373307147680455
654.72,0.3730062744439093
654.73,0.6741912361718274
654.74,0.2836685426164996
654.75,0.6814262057162415
654.76,0.31486182623638664
654.77,0.6605780813716283
654.78,0.43360314917707105
654.79,0.6077741249268399
654.8,0.5498042699459231
654.81,0.5165863184920737
654.8199999999999,0.6281902826318739
654.83,0.39306074502746263
654.84,0.6699847995191173
654.85,0.29185283383969146
654.86,0.6816968592965239
654.87,0.3015866232263982
654.88,0.6657122466746244
654.89,0.41171971793010603
654.9,0.6190504818707355
654.91,0.5317472957362719
654.9200000000001,0.5353254798043513
654.9300000000001,0.6166884248840283
654.94,0.41632145085522304
654.95,0.6643085267648512
654.96,0.30490564381299523
654.97,0.681164397271904
654.98,0.29022778628061746
654.99,0.6705445639472039
655.0,0.3872288204115134
655.01,0.6304876353606301
655.02,0.5100353740035618
655.03,0.5549715757412395
655.04,0.6023382139553763
655.05,0.44236872650865017
655.06,0.656754249988597
655.0699999999999,0.32360289267010933
655.08,0.679479150540319
655.09,0.28283228597156607
655.1,0.6747216300912066
655.11,0.3610086300569596
655.12,0.6416537389168663
655.13,0.4843521768860652
655.14,0.574935029576777
655.15,0.5845729859320569
655.16,0.47053014877725413
655.1700000000001,0.6468314868721659
655.1800000000001,0.34822542928103395
655.19,0.6762368727184978
655.2,0.28170011953670987
655.21,0.6778625016964077
655.22,0.33464030481861307
655.23,0.6521086710214282
655.24,0.45458938656457526
655.25,0.5946022573629982
655.26,0.5627625348901019
655.27,0.49993080316933775
655.28,0.6339529172981159
655.29,0.3784056867890911
655.3,0.6709655723991033
655.31,0.2890109265611859
655.3199999999999,0.6795531830522592
655.33,0.31060875492072376
655.34,0.6614095311208495
655.35,0.42108056093754404
655.36,0.6133662191688061
655.37,0.5362638663094907
655.38,0.5295789707579904
655.39,0.6174214734037726
655.4,0.4131027345633892
655.41,0.6631069050609112
655.4200000000001,0.3062764362396713
655.4300000000001,0.6793351590660978
655.44,0.2923312797868343
655.45,0.6691098667178049
655.46,0.3849588344695429
655.47,0.6306501353129332
655.48,0.5045410510982942
655.49,0.5584651543384892
655.5,0.596428023318803
655.51,0.4507350664145251
655.52,0.6519923950155085
655.53,0.33378640389451825
655.54,0.6766866742819195
655.55,0.2837962518535419
655.56,0.6747509035346078
655.5699999999999,0.34861534989341797
655.58,0.645919281769202
655.59,0.4674106964469864
655.6,0.5856495078264097
655.61,0.570079922140178
655.62,0.48943540741993175
655.63,0.6368172574049406
655.64,0.3703150167228376
655.65,0.6709956972376364
655.66,0.2886519650005118
655.6700000000001,0.677843404648534
655.6800000000001,0.3160958104829269
655.69,0.6586781189521927
655.7,0.4254876080972855
655.71,0.6103187609081168
655.72,0.5375024522962212
655.73,0.5273408752062321
655.74,0.6166206859315522
655.75,0.4132895070191218
655.76,0.661524379761504
655.77,0.3089022734409819
655.78,0.6778389921204556
655.79,0.2930376985288686
655.8,0.6684521065417331
655.81,0.38087850402203716
655.8199999999999,0.6318045962404213
655.83,0.4980922062069089
655.84,0.5628267278065711
655.85,0.5902954190174613
655.86,0.4593829894049733
655.87,0.6473675076022688
655.88,0.34383343131435845
655.89,0.6740899352560157
655.9,0.28560266523476135
655.91,0.6747547158295406
655.9200000000001,0.3380024453678284
655.9300000000001,0.6495655700470115
655.94,0.45204865786339143
655.95,0.5946297786201833
655.96,0.5566791314675672
655.97,0.505256438978966
655.98,0.627414820808904
655.99,0.3899282804821072
656.0,0.6657971691087696
656.01,0.2982503496452066
656.02,0.677040218096067
656.03,0.3039904858633771
656.04,0.663140350464321
656.05,0.40131796675455017
656.06,0.6218578735750369
656.0699999999999,0.5148368957283036
656.08,0.5481347288586759
656.09,0.6003456616078744
656.1,0.4419476048121181
656.11,0.6519494389296543
656.12,0.33133830085503146
656.13,0.6746422776611559
656.14,0.28759805314018
656.15,0.6720806489357833
656.16,0.3508869765435279
656.1700000000001,0.6439155630729209
656.1800000000001,0.46472896385374773
656.19,0.5860577939295895
656.2,0.5647273833976575
656.21,0.49452487965504394
656.22,0.631266478231965
656.23,0.380383727462526
656.24,0.6666985397192603
656.25,0.29587757962800953
656.26,0.67586935913481
656.27,0.3096823417193561
656.28,0.6603842586669283
656.29,0.40850464817321336
656.3,0.6178376417564447
656.31,0.5193771440809898
656.3199999999999,0.5433853547250247
656.33,0.6021866971693347
656.34,0.4378205571511029
656.35,0.6520654294512295
656.36,0.33000189711421146
656.37,0.6738256347707444
656.38,0.28926970479210745
656.39,0.6708854961867918
656.4,0.3523898730926272
656.41,0.6428461531227291
656.4200000000001,0.4642875433697919
656.4300000000001,0.5857799581748732
656.44,0.5630077158593412
656.45,0.49593390076661215
656.46,0.6292430732134082
656.47,0.38381040871467764
656.48,0.6649971384813219
656.49,0.2988412655269481
656.5,0.6749405416077218
656.51,0.30798710323962397
656.52,0.6607508009422536
656.53,0.4024931173998096
656.54,0.6202885550815631
656.55,0.5124327324677042
656.56,0.5489638243892877
656.5699999999999,0.5963766320039633
656.58,0.4468391003788786
656.59,0.6480463235646042
656.6,0.33891564576828587
656.61,0.6718272636048718
656.62,0.28997430795105694
656.63,0.671263280615911
656.64,0.34273094351142513
656.65,0.646348623858836
656.66,0.45100136442636785
656.6700000000001,0.5936172047699813
656.6800000000001,0.551518492245095
656.69,0.5090996668526767
656.7,0.621166891648061
656.71,0.4000304124310305
656.72,0.6604319146952516
656.73,0.30818195942076065
656.74,0.673917701581916
656.75,0.30063247090703404
656.76,0.6637708782048164
656.77,0.38391664009456355
656.78,0.6285095613851397
656.79,0.4935855514519388
656.8,0.5639213400767075
656.81,0.582155054838556
656.8199999999999,0.4683705854921205
656.83,0.6391093104816141
656.84,0.3594883208305281
656.85,0.6678689163428538
656.86,0.29353506186761874
656.87,0.6723433503204351
656.88,0.3244938084906349
656.89,0.6533068612010018
656.9,0.4247739940190436
656.91,0.608091291448879
656.9200000000001,0.5289842972360785
656.9300000000001,0.5325011429406658
656.94,0.6056288707153802
656.95,0.42921201224633154
656.96,0.6517027145173562
656.97,0.3282423669640982
656.98,0.6715220044138163
656.99,0.29347219904133653
657.0,0.6679901210060283
657.01,0.354833511297629
657.02,0.6406538797729295
657.03,0.4616657471011664
657.04,0.5860146156138412
657.05,0.5574709884559418
657.06,0.5008102016209383
657.0699999999999,0.6232951720644967
657.08,0.3939196772426851
657.09,0.6601728509877185
657.1,0.30760429640621967
657.11,0.6723295384350805
657.12,0.30422800626082536
657.13,0.6616245488699282
657.14,0.38645727164100074
657.15,0.6265737349584365
657.16,0.49318163146941246
657.1700000000001,0.5632566796207008
657.1800000000001,0.5799126323048067
657.19,0.470320394539601
657.2,0.6363597237201252
657.21,0.36421856883865344
657.22,0.6655077476622915
657.23,0.29703519588723165
657.24,0.6710679135071508
657.25,0.3214199892786904
657.26,0.6539370275500668
657.27,0.4161337130129738
657.28,0.6118196842494705
657.29,0.5191616151234999
657.3,0.5408075256374067
657.31,0.5973031671437672
657.3199999999999,0.44234572856270904
657.33,0.6458286193487587
657.34,0.3409692222420381
657.35,0.6685067040385111
657.36,0.29463373794776015
657.37,0.6683964706616947
657.38,0.341236595396713
657.39,0.645563451038446
657.4,0.44221566342988605
657.41,0.5971269892616127
657.4200000000001,0.5400232645100507
657.4300000000001,0.5196040542884748
657.44,0.6105668881816633
657.45,0.4178826355876444
657.46,0.6525193338685961
657.47,0.32412452889696397
657.48,0.6698221158270259
657.49,0.29788978817677814
657.5,0.6648848724956615
657.51,0.3609074722964186
657.52,0.6370905573104972
657.53,0.46407901553858893
657.54,0.5831893837746739
657.55,0.5563818009192893
657.56,0.5004616754376809
657.5699999999999,0.6204921716402766
657.58,0.3975205711347046
657.59,0.6570878129694706
657.6,0.3129217772016328
657.61,0.6699894496831262
657.62,0.30433165808077994
657.63,0.6610268419766923
657.64,0.37867041704836274
657.65,0.6290503215702138
657.66,0.4816629138794607
657.6700000000001,0.570630312679037
657.6800000000001,0.5688610605679134
657.69,0.48402399918722705
657.7,0.6277205902777602
657.71,0.3814476698509289
657.72,0.6600546955922753
657.73,0.30619661412412075
657.74,0.6694463057572566
657.75,0.3118984368882383
657.76,0.6572443571121798
657.77,0.393529283890753
657.78,0.6219085094685874
657.79,0.49516635160010397
657.8,0.5599772375117945
657.81,0.578009718211486
657.8199999999999,0.47074362874767234
657.83,0.6327559340226646
657.84,0.36953879926416905
657.85,0.6618256858564198
657.86,0.3026928120722833
657.87,0.6685431242006964
657.88,0.31906026789496744
657.89,0.6538860078314508
657.9,0.40499053314022726
657.91,0.6160517816063257
657.9200000000001,0.5048704092156364
657.9300000000001,0.5516446821797203
657.94,0.5842697454275145
657.95,0.4608954864843689
657.96,0.6359778267991943
657.97,0.36148838905234226
657.98,0.6627057061792847
657.99,0.30129216567564293
658.0,0.6675482449390479
658.01,0.32478758052214485
658.02,0.6512225922078433
658.03,0.41285439816566494
658.04,0.6117765112359277
658.05,0.5110422822666191
658.06,0.5459277794339875
658.0699999999999,0.5879683913086834
658.08,0.45461337259749546
658.09,0.6376540646472313
658.1,0.35694661674370937
658.11,0.6629079903263503
658.12,0.30114909939616036
658.13,0.6666496624414996
658.14,0.328463217934637
658.15,0.6494422744950601
658.16,0.4170739230332702
658.1700000000001,0.6092809912976107
658.1800000000001,0.513887291012434
658.19,0.5430043301717518
658.2,0.5893193528667228
658.21,0.4519346699116951
658.22,0.6379498958000215
658.23,0.35562901776639444
658.24,0.662559539642545
658.25,0.30175099420895346
658.26,0.665955275976882
658.27,0.3297960889145354
658.28,0.6486468495813161
658.29,0.41767192805790293
658.3,0.608661383771984
658.31,0.5135276728778972
658.3199999999999,0.5429411391683642
658.33,0.5884264745142951
658.34,0.45283819165839023
658.35,0.6369340589311208
658.36,0.3573848411279331
658.37,0.6617041339325967
658.38,0.30293419497944973
658.39,0.6654928564417596
658.4,0.32876410885103313
658.41,0.6488499636568761
658.4200000000001,0.41470285471985024
658.4300000000001,0.6099109560595131
658.44,0.5099966572985348
658.45,0.5457002332604747
658.46,0.585287225985286
658.47,0.45726450601741603
658.48,0.6345818740982416
658.49,0.36222048041792165
658.5,0.6603036775608015
658.51,0.3048777732510816
658.52,0.6652103916257682
658.53,0.325595582746382
658.54,0.6499775946621931
658.55,0.4082508619091189
658.56,0.6129219640753586
658.5699999999999,0.5032430554243471
658.58,0.5511422229098891
658.59,0.5797952630771284
658.6,0.46511434092495113
658.61,0.6307757076717905
658.62,0.37027944002997953
658.63,0.6582382064647931
658.64,0.30808289989629506
658.65,0.6649769548840341
658.66,0.3207882116815687
658.6700000000001,0.6518706924803135
658.6800000000001,0.3984617360851044
658.69,0.6174898012915163
658.7,0.49314666173826743
658.71,0.5590266497867937
658.72,0.5717427560898632
658.73,0.47622715993516285
658.74,0.625303056116405
658.75,0.3817823478383461
658.76,0.6553044483197261
658.77,0.3133312268228519
658.78,0.6645837684698656
658.79,0.3151573138451934
658.8,0.6542895471090617
658.81,0.3856117474494168
658.8199999999999,0.6233193779217456
658.83,0.4795495361263646
658.84,0.5690115842251108
658.85,0.5608247145476931
658.86,0.49034770088627744
658.87,0.6178525631057022
658.88,0.39693358139952334
658.89,0.6512124674108604
658.9,0.32160476685239214
658.91,0.6637446960879062
658.9200000000001,0.30989393625087464
658.9300000000001,0.6569191045559762
658.94,0.3702195533428284
658.95,0.6300337567800971
658.96,0.46231383863378844
658.97,0.5806560337202418
658.98,0.5466500749450258
658.99,0.5070922782482598
659.0,0.6080087990211147
659.01,0.41580782294178753
659.02,0.6455797150517976
659.03,0.3339471564240994
659.04,0.6620950043382604
659.05,0.30659584529309836
659.06,0.6593740306591764
659.0699999999999,0.3532036985451422
659.08,0.6371846501211358
659.09,0.441423783001524
659.1,0.593428336723833
659.11,0.5287689261821178
659.12,0.5259277365869657
659.13,0.5952481013466531
659.14,0.4382395040549505
659.15,0.6379219070697387
659.16,0.35125846107160336
659.1700000000001,0.6591869172574213
659.1800000000001,0.30721247570326293
659.19,0.6612018445211322
659.2,0.3360705698798389
659.21,0.6442635153321938
659.22,0.4171559359829915
659.23,0.6067216805122065
659.24,0.5067333653858809
659.25,0.5461729778007444
659.26,0.578941160544595
659.27,0.4637454671215158
659.28,0.6276409160589063
659.29,0.374046750387118
659.3,0.6544803557844008
659.31,0.31383392115287945
659.3199999999999,0.661881983762178
659.33,0.3210756325591685
659.34,0.6507109364538348
659.35,0.39034168678097775
659.36,0.6198748801148267
659.37,0.4802224563417126
659.38,0.5670260231066372
659.39,0.5583751159736513
659.4,0.49150873659886224
659.41,0.6140120735865311
659.4200000000001,0.4022011715585481
659.4300000000001,0.6473275502517852
659.44,0.32828429231568046
659.45,0.6608183467024994
659.46,0.31123258061902387
659.47,0.6559210798389127
659.48,0.3627203323361515
659.49,0.6321936814318304
659.5,0.4492784859849453
659.51,0.5876106692561737
659.52,0.5328216596908915
659.53,0.5204348160704152
659.54,0.5961785782962707
659.55,0.4348766947545223
659.56,0.6369515157295346
659.5699999999999,0.3515779210932759
659.58,0.6573228704613823
659.59,0.3099855391254865
659.6,0.6592375296893921
659.61,0.33729866484005705
659.62,0.642966122079518
659.63,0.4147111102509109
659.64,0.607029452054115
659.65,0.5017017167500328
659.66,0.5492661057172542
659.6700000000001,0.5731724329648795
659.6800000000001,0.470558665139
659.69,0.6224220430278221
659.7,0.38343641772431153
659.71,0.6505884380098795
659.72,0.32040872876615195
659.73,0.6599368578751583
659.74,0.3184685926371095
659.75,0.6514653388627616
659.76,0.3786905740013431
659.77,0.6244068510117307
659.78,0.46493167807929064
659.79,0.5767177732018032
659.8,0.5440054927100391
659.81,0.5073019279698313
659.8199999999999,0.602641977531383
659.83,0.4221330932636463
659.84,0.6396518708629624
659.85,0.3440684152528853
659.86,0.6571969648680578
659.87,0.31145868664601767
659.88,0.6569343645383884
659.89,0.34539039481085554
659.9,0.6389090813611781
659.91,0.4235602698071547
659.9200000000001,0.6015919257355773
659.9300000000001,0.5079188329305101
659.94,0.543056526487532
659.95,0.5763777508365856
659.96,0.46481019334957024
659.97,0.6233545873167093
659.98,0.38008975940248296
659.99,0.6500490953572676
660.0,0.32079433196835194
660.01,0.6585492380350383
660.02,0.32117801156275444
660.03,0.6497324021586923
660.04,0.38073548463534607
660.05,0.6228382341185454
660.06,0.46494352515570786
660.0699999999999,0.5759573375581492
660.08,0.5424136779498113
660.09,0.5081454713259588
660.1,0.600326103320618
660.11,0.42509763578068027
660.12,0.6373175483334701
660.13,0.3481554948680278
660.14,0.6553589070873754
660.15,0.31347276763532395
660.16,0.656057525385274
660.1700000000001,0.3426874628635052
660.1800000000001,0.6395492768587161
660.19,0.41695925292721614
660.2,0.604487713617933
660.21,0.4999946404385619
660.22,0.5490467085332529
660.23,0.5690580267277651
660.24,0.4742002918545348
660.25,0.6175654097652331
660.26,0.39100002755748686
660.27,0.6462043672881591
660.28,0.32777890163777323
660.29,0.6569714743629987
660.3,0.3186391418552704
660.31,0.6508958982574282
660.3199999999999,0.36922874850824683
660.33,0.6274938427921399
660.34,0.4498331092120085
660.35,0.5850884509899935
660.36,0.528228689830052
660.37,0.5224317209451278
660.38,0.5891029430814875
660.39,0.44323327073913016
660.4,0.6296308461544737
660.41,0.3642442108817755
660.4200000000001,0.6513610796697665
660.4300000000001,0.31803321212802405
660.44,0.6560154052331074
660.45,0.33151389346506877
660.46,0.644079352007531
660.47,0.39592692698767196
660.48,0.6146023152745707
660.49,0.4776007305551245
660.5,0.565839383434252
660.51,0.5502091553554949
660.52,0.4975674637735568
660.53,0.603840959754702
660.54,0.4167305368269034
660.55,0.6377902492576533
660.56,0.34518290453905026
660.5699999999999,0.6538653244293726
660.58,0.3164109706428289
660.59,0.6534267033609061
660.6,0.34770046307790553
660.61,0.6365037791122565
660.62,0.41994432694301426
660.63,0.6018359301539177
660.64,0.4999122255612686
660.65,0.5478441996186473
660.66,0.5668301529225122
660.6700000000001,0.47564163664266207
660.6800000000001,0.6144028834675216
660.69,0.3954674396646941
660.7,0.6430571031460341
660.71,0.3329949178276496
660.72,0.6545820027038681
660.73,0.3198882389235747
660.74,0.6499894918592166
660.75,0.3639505796297347
660.76,0.6289569459644264
660.77,0.43993618794312056
660.78,0.5900555178371536
660.79,0.5170656503988578
660.8,0.5320423356751158
660.81,0.5789863745019403
660.8199999999999,0.4574781038082192
660.83,0.6217079059830656
660.84,0.3795312072150217
660.85,0.6462261579012385
660.86,0.326176161118105
660.87,0.6542019819711827
660.88,0.3257175381740599
660.89,0.6463544995654916
660.9,0.3782006657867548
660.91,0.622111799308765
660.9200000000001,0.4554435232927628
660.9300000000001,0.579989288482015
660.94,0.5295744372678619
660.95,0.51916088193963
660.96,0.5874425298122398
660.97,0.4435282347178377
660.98,0.6264681428307385
660.99,0.3685156370786734
661.0,0.6479056369900148
661.01,0.3230592015966507
661.02,0.6532646057061446
661.03,0.331793601345234
661.04,0.6430431913851782
661.05,0.389293149042212
661.06,0.6165123126721299
661.0699999999999,0.46644736667493386
661.08,0.5722067436775752
661.09,0.5379502708115301
661.1,0.5097014626048564
661.11,0.5927922917877205
661.12,0.43394312403402524
661.13,0.6292070215988355
661.14,0.36178953504091865
661.15,0.648540030350613
661.16,0.32219192995095486
661.1700000000001,0.6521686581899165
661.1800000000001,0.3367049779769478
661.19,0.640444632815409
661.2,0.3966600458219362
661.21,0.612559466316332
661.22,0.47309591260520517
661.23,0.5671052193239966
661.24,0.5426045261162656
661.25,0.5039595084741638
661.26,0.5954525631660433
661.27,0.42868944078009613
661.28,0.6302769765827502
661.29,0.35874427011095256
661.3,0.6484243080906398
661.31,0.32254182656676583
661.3199999999999,0.6511766323408892
661.33,0.33964308128491194
661.34,0.6388104094192181
661.35,0.400081203529762
661.36,0.6105015941968178
661.37,0.4755563687319943
661.38,0.5649086144739319
661.39,0.5438087145394922
661.4,0.5020606355829623
661.41,0.595668980091561
661.4200000000001,0.4276635668344711
661.4300000000001,0.6298724336571402
661.44,0.35896733592659197
661.45,0.647712064154296
661.46,0.32357222610534486
661.47,0.6504160986234558
661.48,0.3402911587540965
661.49,0.6382509359586327
661.5,0.3995384808063724
661.51,0.6104302955588332
661.52,0.4739459588488367
661.53,0.5656732378732
661.54,0.5416827800784101
661.55,0.503994918920476
661.56,0.5935229802249399
661.5699999999999,0.43076881535087647
661.58,0.6280377985214468
661.59,0.36232833567526773
661.6,0.6464198475964397
661.61,0.32525048357183656
661.62,0.6498805983727514
661.63,0.3387537025320902
661.64,0.6387347602193263
661.65,0.3951565633327307
661.66,0.6122812840037476
661.6700000000001,0.4683140420239115
661.6800000000001,0.5692949275394978
661.69,0.5361973829629865
661.7,0.5096344639114502
661.71,0.5889373107116882
661.72,0.43793774024931015
661.73,0.6246711100047172
661.74,0.3689827318311354
661.75,0.6444290450449337
661.76,0.3280250601907947
661.77,0.6494311480493211
661.78,0.3355446110097693
661.79,0.6400912083499237
661.8,0.38721951409388533
661.81,0.6158391311744579
661.8199999999999,0.45866447060238535
661.83,0.5755141772117048
661.84,0.5271868552509151
661.85,0.5187293149159352
661.86,0.5816800737810837
661.87,0.44909806060478374
661.88,0.6195240147697879
661.89,0.3793007157845343
661.9,0.6414856667248066
661.91,0.3327756335610308
661.9200000000001,0.6487982568203734
661.9300000000001,0.3316259094602204
661.94,0.642015855172181
661.95,0.376258705113959
661.96,0.6207452946824054
661.97,0.44502195329190647
661.98,0.5839199709310523
661.99,0.514377668394683
662.0,0.5308872285525724
662.01,0.5713699618427596
662.02,0.4640948254584209
662.03,0.6121987287196795
662.04,0.3937271023339968
662.05,0.6371975243428268
662.06,0.34071126205942603
662.0699999999999,0.6475833288924323
662.08,0.3284641455118467
662.09,0.6440775646428814
662.1,0.36320988792659803
662.11,0.6265091552719922
662.12,0.42755911200346575
662.13,0.5939560123279283
662.14,0.4974465576074282
662.15,0.5455506073575312
662.16,0.5574892844754875
662.1700000000001,0.4825937672707693
662.1800000000001,0.602143502450802
662.19,0.4125859590969471
662.2,0.6310278332697965
662.21,0.3531770403002204
662.22,0.645257449191242
662.23,0.32803875906914287
662.24,0.6457249825364996
662.25,0.34962255867440223
662.26,0.6325212556162465
662.27,0.4068102868597971
662.28,0.604933291106729
662.29,0.47613571656691683
662.3,0.5619861509632748
662.31,0.5394191864668778
662.3199999999999,0.5039994492097343
662.33,0.5886510575801525
662.34,0.43586549700531146
662.35,0.6222847257708957
662.36,0.3713448719951281
662.37,0.6411549805527906
662.38,0.3327012351516119
662.39,0.646289340133623
662.4,0.33785784038555605
662.41,0.6380663577558436
662.4200000000001,0.38399331616233384
662.4300000000001,0.6160500528077943
662.44,0.45047031822305017
662.45,0.5792981046589989
662.46,0.5165265804138558
662.47,0.5274212012908008
662.48,0.5708719102948597
662.49,0.4630451828061149
662.5,0.6101086694467907
662.51,0.39582216682451155
662.52,0.6344596021818423
662.53,0.3447806818832712
662.54,0.644979521229459
662.55,0.3311237883358602
662.56,0.6423318147116596
662.5699999999999,0.3614137589425544
662.58,0.62641535825249
662.59,0.42113802350033464
662.6,0.5964655183619141
662.61,0.4883586740459536
662.62,0.5517050119759722
662.63,0.5478710177820484
662.64,0.49303482143681665
662.65,0.5934669314994666
662.66,0.42629876229229935
662.6700000000001,0.6241825644981197
662.6800000000001,0.3659220887235719
662.69,0.6408651959055368
662.7,0.3331089958332278
662.71,0.644404990624657
662.72,0.34279351097787275
662.73,0.6350676731886922
662.74,0.3900679032673567
662.75,0.6123918626198854
662.76,0.45503705281271034
662.77,0.575523127396657
662.78,0.5187892141232413
662.79,0.5242633752549883
662.8,0.5711815996675351
662.81,0.46140360247831447
662.8199999999999,0.609139819681116
662.83,0.3963514976677888
662.84,0.6328457129592551
662.85,0.3470261363599229
662.86,0.6432530546935683
662.87,0.33314091468082135
662.88,0.6409773461293201
662.89,0.3611056139778122
662.9,0.6259471205578364
662.91,0.41796038960177356
662.9200000000001,0.5974872786717246
662.9300000000001,0.48322708989284335
662.94,0.5548899823533762
662.95,0.5420560650705974
662.96,0.49888218871319073
662.97,0.5879528429064405
662.98,0.43446153078341865
662.99,0.6196093396539633
663.0,0.37424178745852404
663.01,0.6376806494389196
663.02,0.3376474788803492
663.03,0.6430224248695257
663.04,0.3403204121893945
663.05,0.6359814513997023
663.06,0.3808158640558354
663.0699999999999,0.6162402327573221
663.08,0.4420310853242275
663.09,0.5830504358413247
663.1,0.5052396964804494
663.11,0.536038886620195
663.12,0.5591415621763902
663.13,0.47704919552166636
663.14,0.5996068302516042
663.15,0.41323039211206425
663.16,0.6262685735214191
663.1700000000001,0.35952343426642863
663.1800000000001,0.6399313555898712
663.19,0.33502146817922385
663.2,0.6412950802444572
663.21,0.35044267166072757
663.22,0.6304884103894812
663.23,0.39861163086357027
663.24,0.6070396853496532
663.25,0.4610800041217104
663.26,0.5702371904461488
663.27,0.521471777686743
663.28,0.520143265739043
663.29,0.571113158851682
663.3,0.4597093555102324
663.31,0.6073182112619402
663.3199999999999,0.39785307452221397
663.33,0.6301958109007161
663.34,0.3508072841586378
663.35,0.64055835406276
663.36,0.33622042338100566
663.37,0.6389579075089845
663.38,0.3604157029765646
663.39,0.6253678551451539
663.4,0.41273682608438855
663.41,0.5992392145035904
663.4200000000001,0.47488061015523625
663.4300000000001,0.5599602667604439
663.44,0.5325676298165637
663.45,0.5080246349709248
663.46,0.5788847816835979
663.47,0.447293326120652
663.48,0.6119819704163558
663.49,0.3878771832789356
663.5,0.6321891750862314
663.51,0.3464249113051289
663.52,0.6402758586999227
663.53,0.3388454612005914
663.54,0.6366807081530154
663.55,0.36829815539282884
663.56,0.621282221738551
663.5699999999999,0.42241492356777705
663.58,0.5935091045077131
663.59,0.48360431194664144
663.6,0.5528631011529508
663.61,0.5391280213813285
663.62,0.5001691690233414
663.63,0.583138867232395
663.64,0.4398654480049046
663.65,0.6142245602903383
663.66,0.38262982083818114
663.6700000000001,0.6327961813396328
663.6800000000001,0.3449427379913768
663.69,0.6395721692149751
663.7,0.3412789160451061
663.71,0.6349202922277253
663.72,0.3730457093631857
663.73,0.6186764538841457
663.74,0.42739300242225936
663.75,0.590280922526726
663.76,0.4875075791415084
663.77,0.5493222232875495
663.78,0.5415885588656683
663.79,0.4967926486069852
663.8,0.5843102112281763
663.81,0.43731226858970496
663.8199999999999,0.6144221914466195
663.83,0.38153797349117535
663.84,0.6323332576524793
663.85,0.34544923234390507
663.86,0.6387195949849661
663.87,0.3426869702362176
663.88,0.6339198304726456
663.89,0.37424680687831063
663.9,0.6177709371293506
663.91,0.42766671452183597
663.9200000000001,0.5897439928498187
663.9300000000001,0.4867851130815876
663.94,0.54946679557572
663.95,0.5401772653492959
663.96,0.4979135855868324
663.97,0.5825897498797679
663.98,0.43949351317448876
663.99,0.6127153596702891
664.0,0.3843217085870924
664.01,0.630897110458356
664.02,0.3476628543229463
664.03,0.6377794981097411
664.04,0.34295030344818056
664.05,0.6337089169258322
664.06,0.37196135554123555
664.0699999999999,0.6185604627799249
664.08,0.4233594840728372
664.09,0.5918499403651164
664.1,0.4815218202559645
664.11,0.5531985797469514
664.12,0.534909258548317
664.13,0.5033981214995846
664.14,0.5779329382865556
664.15,0.44630787638374786
664.16,0.6090176321360585
664.1700000000001,0.39104681173620065
664.1800000000001,0.628370514492328
664.19,0.35192833805489243
664.2,0.63660572555494
664.21,0.3426162444630426
664.22,0.6341066041761265
664.23,0.3666873233663872
664.24,0.6208190877431583
664.25,0.4147259599019907
664.26,0.5963207947175363
664.27,0.4717133727897522
664.28,0.5602012208170775
664.29,0.5256048042781364
664.3,0.512959748568056
664.31,0.5700696471874501
664.3199999999999,0.45766117971297804
664.33,0.6030194898716682
664.34,0.40204681707740203
664.35,0.624423917598353
664.36,0.3591300549555524
664.37,0.6348472497826348
664.38,0.3428852893384879
664.39,0.6347272843287916
664.4,0.359444278941787
664.41,0.6241097560650117
664.4200000000001,0.40226975101622114
664.4300000000001,0.6026590606032821
664.44,0.4573561938497383
664.45,0.5699390446300971
664.46,0.5119363104770358
664.47,0.5261208155933441
664.48,0.5585202816823482
664.49,0.4733543758145984
664.5,0.5941895002697891
664.51,0.41772995805227187
664.52,0.6185130275619494
664.53,0.3705038338935794
664.54,0.6319487600118701
664.55,0.3455774800082562
664.56,0.6349874416763053
664.5699999999999,0.35193500118865817
664.58,0.6277971397398368
664.59,0.386980365638008
664.6,0.610161248215366
664.61,0.43863439714253244
664.62,0.5816553226081178
664.63,0.4935294520731371
664.64,0.5421619263445566
664.65,0.5426327971521829
664.66,0.49293426333251894
664.6700000000001,0.5817785475571018
664.6800000000001,0.4383022492385582
664.69,0.6098726109767647
664.7,0.38731023493165917
664.71,0.6271465678382641
664.72,0.35296710177816404
664.73,0.634109597875955
664.74,0.3466901629492888
664.75,0.6310609075277882
664.76,0.37067984884164806
664.77,0.617936377643051
664.78,0.4162512434530604
664.79,0.5943823868231904
664.8,0.47017036188916284
664.81,0.5600925169878
664.8199999999999,0.5216740946095674
664.83,0.5155677889592336
664.84,0.5648424368694337
664.85,0.46347538868188787
664.86,0.5975101901794571
664.87,0.41037373264070615
664.88,0.6194573769619113
664.89,0.36735600065156787
664.9,0.6311183372993919
664.91,0.347005530738367
664.9200000000001,0.6329041205750234
664.9300000000001,0.35638766737944
664.94,0.6249269217689098
664.95,0.39194271107179807
664.96,0.6069691458478744
664.97,0.44220369287154515
664.98,0.5786664962315384
664.99,0.4950447495913663
665.0,0.5399991271070368
665.01,0.5423212837370348
665.02,0.49226678224978254
665.03,0.5802148029604122
665.04,0.43959849257649564
665.05,0.607661663267248
665.06,0.39034773743702184
665.0699999999999,0.6248234382863097
665.08,0.35640716833789304
665.09,0.6321487792662364
665.1,0.3484277008416669
665.11,0.6299233392074252
665.12,0.3691036253399699
665.13,0.6181185285595543
665.14,0.4112155968618834
665.15,0.5964428379041831
665.16,0.46274115585313413
665.1700000000001,0.5646162245728501
665.1800000000001,0.5132629646151877
665.19,0.5229920261334904
665.2,0.5566256125823893
665.21,0.4736770605664601
665.22,0.5902977576272537
665.23,0.42202803843312564
665.24,0.613790323883787
665.25,0.37750760863667304
665.26,0.6274103292799286
665.27,0.3517902182079517
665.28,0.6315584311342495
665.29,0.3531516481834371
665.3,0.6264149787661992
665.31,0.3809742598680926
665.3199999999999,0.6118635830811501
665.33,0.4262307425606401
665.34,0.5875989012316888
665.35,0.4773632845438719
665.36,0.5534692273892592
665.37,0.5254721230268541
665.38,0.510186596687945
665.39,0.5657215510793202
665.4,0.46050783967837694
665.41,0.596316726672248
665.4200000000001,0.4106051193229927
665.4300000000001,0.6170501048421091
665.44,0.37038725728928873
665.45,0.6282684307252557
665.46,0.35080609639787386
665.47,0.6303171318722087
665.48,0.3581397248782846
665.49,0.6233057250025951
665.5,0.38977529466060234
665.51,0.6070749798029107
665.52,0.4360816837227009
665.53,0.5813386154675498
665.54,0.4862241583625284
665.55,0.5460638734832108
665.56,0.5323793344227182
665.5699999999999,0.5022180066800154
665.58,0.570487105634728
665.59,0.4529389058765132
665.6,0.5991306708067573
665.61,0.4047501140534284
665.62,0.6182198037237999
665.63,0.3675196605772022
665.64,0.6280971450312077
665.65,0.3514375771100815
665.66,0.629067042564319
665.6700000000001,0.36155866986293156
665.6800000000001,0.6212031443375906
665.69,0.3944433459798633
665.7,0.6043362907302098
665.71,0.4405342387742869
665.72,0.5782079544667714
665.73,0.48962557557391445
665.74,0.5428553668692885
665.75,0.534507262779944
665.76,0.49934400845878046
665.77,0.5714734645334584
665.78,0.45088001086744156
665.79,0.5992392987567235
665.8,0.4039044811462818
665.81,0.6177304548782474
665.8199999999999,0.3679326847556012
665.83,0.6272670715831291
665.84,0.35260859486708807
665.85,0.6281319225892271
665.86,0.36261957126155264
665.87,0.620393400659126
665.88,0.3946545788305608
665.89,0.6038956104023775
665.9,0.4396348136752743
665.91,0.5784028399976493
665.9200000000001,0.4877902088765674
665.9300000000001,0.5439579562624154
665.94,0.5321085860014018
665.95,0.5015581992181338
665.96,0.5688943249227626
665.97,0.4541792545468057
665.98,0.596798772997857
665.99,0.40780351924348074
666.0,0.6156834820832502
666.01,0.37136649433145874
666.02,0.6258321286007699
666.03,0.35420981392744744
666.04,0.627522442772317
666.05,0.3614123074198628
666.06,0.6208428584440134
666.0699999999999,0.39060889675015464
666.08,0.6056692546746137
666.09,0.4335622039817273
666.1,0.5817832837538086
666.11,0.48079909210678473
666.12,0.5491792170305054
666.13,0.5251559205923015
666.14,0.5086502246808057
666.15,0.562635828617152
666.16,0.4626997038551297
666.1700000000001,0.5916345045027377
666.1800000000001,0.41653533630331474
666.19,0.6118606131895166
666.2,0.378274477437552
666.21,0.6235364679423671
666.22,0.3570449298877596
666.23,0.6269421277427927
666.24,0.358855940010405
666.25,0.6222055369705961
666.26,0.38303194689502124
666.27,0.6092524453453148
666.28,0.42267298713797824
666.29,0.5878862470534337
666.3,0.468646375416882
666.31,0.5580274613399007
666.3199999999999,0.5133833253739832
666.33,0.5201886892936931
666.34,0.55228008074947
666.35,0.4762481015093002
666.36,0.583251383921499
666.37,0.43039647698801176
666.38,0.6057276528327992
666.39,0.38964265972413664
666.4,0.6198176321743497
666.41,0.3627201077880539
666.4200000000001,0.625793942672088
666.4300000000001,0.3567498413354382
666.44,0.6238349655704123
666.45,0.37336727439730677
666.46,0.6139348134864782
666.47,0.4077319700516072
666.48,0.595936696398992
666.49,0.4514232525923991
666.5,0.5696987065268758
666.51,0.4963978183930998
666.52,0.535448248070252
666.53,0.537157205951411
666.54,0.49439589836142744
666.55,0.5708499764034458
666.56,0.44958433369192463
666.5699999999999,0.5964349490353001
666.58,0.40661761959788895
666.59,0.6138047922416563
666.6,0.37338214662328956
666.61,0.6231840628061928
666.62,0.3577952646352347
666.63,0.6247965801163178
666.64,0.3640838588128946
666.65,0.6187194858413739
666.66,0.39033924288051747
666.6700000000001,0.6048638219155167
666.6800000000001,0.42969125993233254
666.69,0.5830677398311125
666.7,0.4739242760160139
666.71,0.5533343731192713
666.72,0.5164709491175186
666.73,0.5162775614123326
666.74,0.5533731525284703
666.75,0.4738128630468944
666.76,0.5828236807309414
666.77,0.42995412315049164
666.78,0.6043116436071077
666.79,0.3911673971041388
666.8,0.617917371411931
666.81,0.36533812133201565
666.8199999999999,0.6238738098089184
666.83,0.35889320458103174
666.84,0.6223415322331668
666.85,0.3735024392479138
666.86,0.6133269366543485
666.87,0.4051220730269695
666.88,0.5967065328176026
666.89,0.4463022375431034
666.9,0.57236230110365
666.91,0.4895974060260092
666.9200000000001,0.5404704616874387
666.9300000000001,0.5296459064204188
666.94,0.5019999711725326
666.95,0.5634687547947245
666.96,0.45941434049819546
666.97,0.5898332911172295
666.98,0.4173393734308931
666.99,0.6084815583046855
667.0,0.3825512526307058
667.01,0.6195585682590493
667.02,0.36245181071384835
667.03,0.623274917809835
667.04,0.36206103272860135
667.05,0.6197431413681805
667.06,0.3813727695139585
667.0699999999999,0.6089317248989041
667.08,0.4153807097447135
667.09,0.5907143276292707
667.1,0.45674155711161507
667.11,0.5650285507177959
667.12,0.49875321291939073
667.13,0.5321882102467576
667.14,0.5368464714052481
667.15,0.49339354425533166
667.16,0.5685895566877034
667.1700000000001,0.4513991448405875
667.1800000000001,0.5930323767120358
667.19,0.4110525806875016
667.2,0.6100210505264229
667.21,0.37905254923318904
667.22,0.619712545616042
667.23,0.3622419836515976
667.24,0.622294495562039
667.25,0.3647387705532252
667.26,0.6178534674011932
667.27,0.38578435564309577
667.28,0.6063457995383389
667.29,0.42018621218180957
667.3,0.5876558752111853
667.31,0.46093623226645797
667.3199999999999,0.5617586662338349
667.33,0.50184285706896
667.34,0.5290274164580178
667.35,0.5387463169408403
667.36,0.49072161379698676
667.37,0.5694450265340052
667.38,0.4496033227349707
667.39,0.5930799908313739
667.4,0.4103985153728927
667.41,0.6095131006255874
667.4200000000001,0.3795040877132014
667.4300000000001,0.6188888040059326
667.44,0.36335481030552086
667.45,0.6213799671340524
667.46,0.365781847338733
667.47,0.6170676340871466
667.48,0.3860685761143457
667.49,0.605914381679288
667.5,0.41935660813814474
667.51,0.5878179053069498
667.52,0.45902857045764855
667.53,0.5627594686557287
667.54,0.49914766582598274
667.55,0.5310828859256617
667.56,0.5356395346929534
667.5699999999999,0.4939353199433681
667.58,0.5662813020936104
667.59,0.45382826540909055
667.6,0.5901558344859573
667.61,0.4150815602304552
667.62,0.6070718577192795
667.63,0.3836355344263814
667.64,0.6171419773060597
667.65,0.36568477415003325
667.66,0.6205306810972149
667.6700000000001,0.3653078262909943
667.6800000000001,0.617329585178193
667.69,0.38249582652193154
667.7,0.6075217898704182
667.71,0.41317605892257153
667.72,0.5910198273545713
667.73,0.4512033415449245
667.74,0.56778640817618
667.75,0.4907076552864819
667.76,0.538067057687161
667.77,0.527429123511041
667.78,0.5027653885283712
667.79,0.5588940590865475
667.8,0.4639426717916561
667.81,0.5839778319836908
667.8199999999999,0.42527618871371514
667.83,0.6023574514406895
667.84,0.392071283233483
667.85,0.6140830611445749
667.86,0.3703050375530589
667.87,0.6193076177110235
667.88,0.3646235280729499
667.89,0.6181430892503906
667.9,0.37626637530287615
667.91,0.6106058223375548
667.9200000000001,0.4024600369781775
667.9300000000001,0.5966309242335218
667.94,0.4377896136079261
667.95,0.576157182895871
667.96,0.47641805784748537
667.97,0.5493033461970318
667.98,0.5136967495577792
667.99,0.5166650658613556
668.0,0.5466694359572908
668.01,0.479738088448959
668.02,0.5738217937233843
668.03,0.4413791999771535
668.04,0.5945841457568136
668.05,0.4060292423012404
668.06,0.6088845227770732
668.0699999999999,0.37924202611160585
668.08,0.6168415149516251
668.09,0.36621142087160413
668.1,0.6185860530294602
668.11,0.36973935079438885
668.12,0.6141775257658441
668.13,0.388929967115113
668.14,0.6035886061224941
668.15,0.4196433829568238
668.16,0.5867512092373603
668.1700000000001,0.45632898129709476
668.1800000000001,0.5636742764983126
668.19,0.493894906715096
668.2,0.5346572454473
668.21,0.5286858455325298
668.22,0.5006193830895805
668.23,0.5585634163039185
668.24,0.4635190026654025
668.25,0.5825306953103367
668.26,0.4267156658635367
668.27,0.6002797397492488
668.28,0.3949475345926458
668.29,0.6118346342924311
668.3,0.3735231473182913
668.31,0.617321479065135
668.3199999999999,0.36667429305260346
668.33,0.6168421665417536
668.34,0.375807962283541
668.35,0.6104228799068705
668.36,0.39886179764553337
668.37,0.5980204015795276
668.38,0.43127171387505225
668.39,0.5795855103867472
668.4,0.4677902669300793
668.41,0.5551975671318797
668.4200000000001,0.5039756834248119
668.4300000000001,0.5252922764615817
668.44,0.5368045386549967
668.45,0.4909922025829323
668.46,0.5645837649120088
668.47,0.45449187109337125
668.48,0.5865659011994165
668.49,0.4193242263277756
668.5,0.6025520137477441
668.51,0.39018346505981183
668.52,0.612594541759146
668.53,0.3719867462651316
668.54,0.6168108725787865
668.55,0.36827363241505323
668.56,0.6152839922962549
668.5699999999999,0.37974318515387046
668.58,0.6080263471121684
668.59,0.40394970420859017
668.6,0.5949947772328897
668.61,0.43638948606671996
668.62,0.5761583570060923
668.63,0.47216661542806804
668.64,0.5516330961581587
668.65,0.5072453193712886
668.66,0.5219023119902358
668.6700000000001,0.5389132919614157
668.6800000000001,0.4881264160208134
668.69,0.5656593523062897
668.7,0.45248911281439197
668.71,0.5868171297167358
668.72,0.41841343421561566
668.73,0.6022097425190268
668.74,0.3903550990178194
668.75,0.611885453871919
668.76,0.3729091054624237
668.77,0.6159513041344337
668.78,0.3693484275522511
668.79,0.6144839122373278
668.8,0.3803152732417709
668.81,0.6074968539085664
668.8199999999999,0.4035521447315617
668.83,0.594954109286369
668.84,0.43487134162304564
668.85,0.5768310456240461
668.86,0.4696607076849116
668.87,0.5532347897152785
668.88,0.5040491849273315
668.89,0.52460014435127
668.9,0.5353735464800843
668.91,0.4919651357065271
668.9200000000001,0.5621017974754418
668.9300000000001,0.4572841414041492
668.94,0.5835215271629317
668.95,0.4236427441853433
668.96,0.5994122551735731
668.97,0.3951278097056202
668.98,0.609793237471173
668.99,0.3761068448201855
669.0,0.6147597197466671
669.01,0.3699569247073997
669.02,0.6143913437044746
669.03,0.37779872600133946
669.04,0.6087139415613045
669.05,0.39803699984879326
669.06,0.5977037148388415
669.0699999999999,0.4270361778685104
669.08,0.581332978057637
669.09,0.46044712508979285
669.1,0.5596659903876923
669.11,0.49438600843723274
669.12,0.5330186480067699
669.13,0.5260215307078895
669.14,0.5021898079387381
669.15,0.553616711731877
669.16,0.4687414455311205
669.1700000000001,0.5762859619619617
669.1800000000001,0.4352357407642037
669.19,0.5936908010538658
669.2,0.40524029320592414
669.21,0.6057857239798969
669.22,0.3828678453752771
669.23,0.6126429629185673
669.24,0.3717716313068637
669.25,0.6143475224194122
669.26,0.3739202104717949
669.27,0.6109455159627208
669.28,0.3888314950082163
669.29,0.6024332217146544
669.3,0.413781470326668
669.31,0.5887825648287475
669.3199999999999,0.44483772785678
669.33,0.5700072085718786
669.34,0.47805700435300524
669.35,0.5462797907589828
669.36,0.5102780611875681
669.37,0.5181108828680985
669.38,0.5393721875170935
669.39,0.4865853034471109
669.4,0.564123412937879
669.41,0.45360902146796506
669.4200000000001,0.5839653027370305
669.4300000000001,0.4220453910443321
669.44,0.5987213110296988
669.45,0.3955460633588742
669.46,0.6084070223050817
669.47,0.37790860103180113
669.48,0.6131008030713464
669.49,0.37202910727442273
669.5,0.6128703781420347
669.51,0.3788925579516631
669.52,0.6077415310383945
669.53,0.39719977045483873
669.54,0.5977007219370886
669.55,0.4238794006647522
669.56,0.5827307254086826
669.5699999999999,0.4551418909211098
669.58,0.5628851313708101
669.59,0.48747300463039916
669.6,0.5384115358424424
669.61,0.5181898084663085
669.62,0.5099299369137428
669.63,0.5455475858240526
669.64,0.4786538437422342
669.65,0.5685801744226344
669.66,0.4465971754294208
669.6700000000001,0.586856299692964
669.6800000000001,0.4166424894390697
669.69,0.6002572873166785
669.7,0.39229641473697996
669.71,0.6088130160424291
669.72,0.37701819235583534
669.73,0.6125964404683497
669.74,0.37324763186755094
669.75,0.6116649957288811
669.76,0.38156721181518277
669.77,0.6060376625038565
669.78,0.40049307627913844
669.79,0.5957016190817384
669.8,0.42702888148629703
669.81,0.5806485789225259
669.8199999999999,0.45762975987804655
669.83,0.5609463786096326
669.84,0.48906242087720103
669.85,0.5368541909290082
669.86,0.5188689599847663
669.87,0.5089858717908351
669.88,0.5454448509244085
669.89,0.4785083398518149
669.9,0.567891690944643
669.91,0.44732296932580523
669.9200000000001,0.5857994832749305
669.9300000000001,0.4181209597500924
669.94,0.5990477386151786
669.95,0.3941635186401901
669.96,0.6076572731090382
669.97,0.37868932894689034
669.98,0.611693557078902
669.99,0.3740521016537202
670.0,0.6112118447010411
670.01,0.3809521519644651
670.02,0.6062343274231018
670.03,0.39819368824833606
670.04,0.5967537089237026
670.05,0.4231176334517111
670.06,0.5827627562568498
670.0699999999999,0.4524420667341722
670.08,0.5643140631838813
670.09,0.4830658167235016
670.1,0.5416169688922481
670.11,0.5125464849239383
670.12,0.5151763396432675
670.13,0.5392257530052296
670.14,0.4859654062401593
670.15,0.5621276499291425
670.16,0.45559572170482654
670.1700000000001,0.5807700140779959
670.1800000000001,0.42640153717095297
670.19,0.5949788741779842
670.2,0.4013150940542803
670.21,0.6047432029569868
670.22,0.3834279380004523
670.23,0.6101159344499719
670.24,0.3752689528238449
670.25,0.6111543521388517
670.26,0.37805134704755083
670.27,0.6078909997174912
670.28,0.39126987249010436
670.29,0.6003290047071197
670.3,0.4128840222609501
670.31,0.5884598894734526
670.3199999999999,0.43997491279479906
670.33,0.5723060884230894
670.34,0.4695158162010867
670.35,0.5519934284637202
670.36,0.4989334211095262
670.37,0.5278589418368379
670.38,0.5263483245963846
670.39,0.5005930776387773
670.4,0.5505613467907119
670.41,0.4713976124782616
670.4200000000001,0.5709105344778054
670.4300000000001,0.4421080225091056
670.44,0.5870984886142118
670.45,0.41518940775600316
670.46,0.5990425212408809
670.47,0.3934992478365624
670.48,0.6067644464262636
670.49,0.37976931148360926
670.5,0.6103185871038317
670.51,0.3759156972381323
670.52,0.6097507194333434
670.53,0.382459741091113
670.54,0.6050811499915095
670.55,0.39836394763564525
670.56,0.5963080787711721
670.5699999999999,0.4213761064138476
670.58,0.5834309517175025
670.59,0.4486853871858242
670.6,0.5664967059557988
670.61,0.4775685971447089
670.62,0.5456736860217042
670.63,0.5058038646406363
670.64,0.5213567232431515
670.65,0.5318118189376085
670.66,0.4942991889934708
670.6700000000001,0.5546045578911295
670.6800000000001,0.46574975138778474
670.69,0.5736470655429551
670.7,0.4375419761771834
670.71,0.5887062167430792
670.72,0.41205381354798926
670.73,0.5997242319825619
670.74,0.39195086948545454
670.75,0.6067269072949786
670.76,0.37969238076161455
670.77,0.6097640922378986
670.78,0.37691842327427794
670.79,0.6088761339157488
670.8,0.3839707060982305
670.81,0.60408079415848
670.8199999999999,0.39979208128239063
670.83,0.5953776857265273
670.84,0.4222590504023346
670.85,0.5827701912391399
670.86,0.4487669602650873
670.87,0.5663074014928122
670.88,0.47679650553812947
670.89,0.5461500385588088
670.9,0.504277956720429
670.91,0.5226631211433062
670.9200000000001,0.5297203470197456
670.9300000000001,0.49653172611092083
670.94,0.5521722511611608
670.95,0.4688814857400566
670.96,0.571102617939523
670.97,0.44136151105000343
670.98,0.5862670092081128
670.99,0.41612160373589646
671.0,0.5975928285454556
671.01,0.39561001013851976
671.02,0.6050941408426773
671.03,0.38216433712988723
671.04,0.6088149198318937
671.05,0.37747692048584514
671.06,0.6087956410374855
671.0699999999999,0.38213350600588974
671.08,0.6050583441517903
671.09,0.3954446866038103
671.1,0.5976071992286358
671.11,0.415657676679495
671.12,0.5864439841043932
671.13,0.4404363649513803
671.14,0.5716000879469892
671.15,0.46738534884370214
671.16,0.5531881304857995
671.1700000000001,0.4944329771940071
671.1800000000001,0.5314760437166147
671.19,0.5200092534314282
671.2,0.5069827559471851
671.21,0.5430548619581769
671.22,0.4805850498015832
671.23,0.5629350749099649
671.24,0.45360809186141493
671.25,0.5793226383349626
671.26,0.4278503500882606
671.27,0.5920879091995234
671.28,0.40547968594253214
671.29,0.6012120655847002
671.3,0.3887546223581949
671.31,0.6067258450701511
671.3199999999999,0.37959249497382813
671.33,0.6086705441914179
671.34,0.3791078504853829
671.35,0.6070768625160251
671.36,0.38731075108239915
671.37,0.6019581934001476
671.38,0.4031101817632471
671.39,0.5933167704217112
671.4,0.4246196646906779
671.41,0.5811629894531734
671.4200000000001,0.44961684785783224
671.4300000000001,0.5655498232634428
671.44,0.47596946978163107
671.45,0.546624994364496
671.46,0.5019086933141044
671.47,0.5247025041617221
671.48,0.5261309378605121
671.49,0.5003506625360001
671.5,0.5477743548683347
671.51,0.47448409485071674
671.52,0.5663317492821274
671.53,0.4484317718188332
671.54,0.5815477032813274
671.55,0.42393589889318156
671.56,0.59332643452543
671.5699999999999,0.40302969138008315
671.58,0.6016603929632534
671.59,0.38776449831950055
671.6,0.6065802897566392
671.61,0.37981948489229705
671.62,0.6081234961140753
671.63,0.38010921061424946
671.64,0.6063172061507842
671.65,0.3885473961713494
671.66,0.6011737099485369
671.6700000000001,0.4040761371815273
671.6800000000001,0.5926966049295458
671.69,0.42494544664521516
671.7,0.5808982979877867
671.71,0.44911500716599895
671.72,0.5658303996599588
671.73,0.4746237325372939
671.74,0.547629163751923
671.75,0.49982991039857866
671.76,0.5265772294517314
671.77,0.5235055063854789
671.78,0.5031793859947501
671.79,0.5448215332964891
671.8,0.47824251865683703
671.81,0.5632756473128634
671.8199999999999,0.45293781862462595
671.83,0.5786028970752303
671.84,0.4288094486774522
671.85,0.5906934717444914
671.86,0.40768675342966715
671.87,0.5995272993313111
671.88,0.3914708577267128
671.89,0.6051270146637685
671.9,0.3818115271034649
671.91,0.6075271324160674
671.9200000000001,0.379755853946939
671.9300000000001,0.606756415738678
671.94,0.3854963692116051
671.95,0.6028309945909468
671.96,0.3983266361565649
671.97,0.5957569061012378
671.98,0.4168238302170173
671.99,0.5855419602204558
672.0,0.43917623251795923
672.01,0.5722179222669252
672.02,0.4635268534679169
672.03,0.5558746769513657
672.04,0.48823100138552644
672.05,0.5367078337412068
672.06,0.5119893496019404
672.0699999999999,0.5150793797588771
672.08,0.5338724972191542
672.09,0.49158645391854705
672.1,0.5532771650668052
672.11,0.4671253019473804
672.12,0.5698530064079214
672.13,0.4429266519120083
672.14,0.5834266037643481
672.15,0.4205292496535001
672.16,0.5939362476552542
672.1700000000001,0.4016589384921018
672.1800000000001,0.6013820008722643
672.19,0.388002114011886
672.2,0.6057906802910633
672.21,0.38090726036194067
672.22,0.6071935269445533
672.23,0.38109915275710493
672.24,0.6056141838746743
672.25,0.38851145498203
672.26,0.6010652518349684
672.27,0.40230757708155646
672.28,0.5935526303474944
672.29,0.4210799842093351
672.3,0.5830878071404277
672.31,0.44314520177157724
672.3199999999999,0.569709053286117
672.33,0.4668299183101201
672.34,0.5535128874015616
672.35,0.49067465063398913
672.36,0.5346968020590674
672.37,0.513532995976549
672.38,0.513612482700801
672.39,0.5345840751996644
672.4,0.4908248255333108
672.41,0.5532915498757264
672.4200000000001,0.4671654689283786
672.4300000000001,0.5693401498537896
672.44,0.4437610007850652
672.45,0.582570566575502
672.46,0.4220088178567673
672.47,0.5929234376754186
672.48,0.40347449164464794
672.49,0.6003960571652014
672.5,0.38970130454925833
672.51,0.6050115827321635
672.52,0.3819573727960822
672.53,0.6067989746845431
672.54,0.3809861055987302
672.55,0.6057817141759029
672.56,0.3868455264651999
672.5699999999999,0.6019738162358999
672.58,0.3988992007959046
672.59,0.5953823706421806
672.6,0.4159618708274241
672.61,0.5860165958166589
672.62,0.4365415846690573
672.63,0.5739040430955983
672.64,0.4590935877172814
672.65,0.5591149894974302
672.66,0.4822177793578963
672.6700000000001,0.5417959568421619
672.6800000000001,0.5047707020189772
672.69,0.5222122890383996
672.7,0.5258984795762051
672.71,0.5007972657092155
672.72,0.5450153608358704
672.73,0.4782008464026781
672.74,0.5617546233883868
672.75,0.4553249282772254
672.76,0.5759120716736783
672.77,0.4333255425146209
672.78,0.5873939951279302
672.79,0.4135596091368145
672.8,0.5961747661262515
672.81,0.39746050025234125
672.8199999999999,0.6022651252907285
672.83,0.38634705138607606
672.84,0.6056901980476778
672.85,0.38120163732108464
672.86,0.6064756623246504
672.87,0.38247992023403116
672.88,0.6046406127303801
672.89,0.3900177905719327
672.9,0.6001961324354477
672.91,0.4030704108164832
672.9200000000001,0.5931491611450844
672.9300000000001,0.42046777473654384
672.94,0.5835118109421501
672.95,0.4408300004465631
672.96,0.5713167383565592
672.97,0.4627753263644133
672.98,0.5566394073010689
672.99,0.48507326733761225
673.0,0.5396278692179557
673.01,0.5067266452069622
673.02,0.5205397283818199
673.03,0.5269913824130124
673.04,0.49978385651756835
673.05,0.545354644745934
673.06,0.4779608635247335
673.0699999999999,0.5614922457009487
673.08,0.45589149359556175
673.09,0.5752208302673161
673.1,0.434617273635388
673.11,0.5864539363709231
673.12,0.41535580487033397
673.13,0.5951659577132482
673.14,0.39939822360704996
673.15,0.6013648662886921
673.16,0.38795166505215845
673.1700000000001,0.6050729769376059
673.1800000000001,0.3819529929417538
673.19,0.6063145085362683
673.2,0.3819016026506215
673.21,0.6051087534736423
673.22,0.3877642466092674
673.23,0.6014680008399378
673.24,0.39898512990320073
673.25,0.5953997917727546
673.26,0.4145971661500244
673.27,0.5869135207832196
673.28,0.4333953543504214
673.29,0.576031768393019
673.3,0.4541188980381557
673.31,0.5628069811027474
673.3199999999999,0.4755982856823323
673.33,0.547344080293694
673.34,0.4968463335708942
673.35,0.5298290873050526
673.36,0.5170941072438072
673.37,0.5105626329281165
673.38,0.5357855486597105
673.39,0.48999501525486905
673.4,0.552547968019889
673.41,0.46875621417917035
673.4200000000001,0.5671528504587859
673.4300000000001,0.4476704476376093
673.44,0.5794765802498443
673.45,0.4277419211183438
673.46,0.5894661810486564
673.47,0.4100989444260642
673.48,0.5971119759289171
673.49,0.3958904654813227
673.5,0.6024272206245532
673.51,0.3861433810957788
673.52,0.6054339205511361
673.53,0.38160726203190354
673.54,0.6061538292505045
673.55,0.38262666689779434
673.56,0.6046037522170254
673.5699999999999,0.38908014820354053
673.58,0.6007945606357732
673.59,0.40040601129743
673.6,0.5947336491818209
673.61,0.4157057424898822
673.62,0.586430891441714
673.63,0.43389168866856775
673.64,0.575908411605091
673.65,0.4538374751668728
673.66,0.5632146459693975
673.6700000000001,0.4744984451656206
673.6800000000001,0.5484431238687059
673.69,0.49498681719287374
673.7,0.5317560180214146
673.71,0.5146025323381664
673.72,0.513411617371007
673.73,0.5328304226658315
673.74,0.49379328301033526
673.75,0.5493170212976737
673.76,0.4734351031286951
673.77,0.5638385057644834
673.78,0.4530366558217392
673.79,0.5762676927990235
673.8,0.43345692401587227
673.81,0.5865445314099395
673.8199999999999,0.41567714077646534
673.83,0.5946519656565603
673.84,0.4007262094020055
673.85,0.6005974599033486
673.86,0.38957154866562804
673.87,0.6043996901169351
673.88,0.38299135800534606
673.89,0.6060796359988883
673.9,0.3814563510641163
673.91,0.6056553381210985
673.9200000000001,0.3850528984280125
673.9300000000001,0.6031397608094026
673.94,0.39347063551054506
673.95,0.5985414360171292
673.96,0.4060581498173685
673.97,0.5918678053904484
673.98,0.4219292667406489
673.99,0.5831313957102235
674.0,0.44008967663214477
674.01,0.5723591260178367
674.02,0.4595537078171024
674.03,0.5596051080789384
674.04,0.4794311075225153
674.05,0.5449671946943427
674.06,0.49897695638819256
674.0699999999999,0.5286071491226364
674.08,0.5176084308859302
674.09,0.5107735292132287
674.1,0.5348975841014786
674.11,0.49182509363221183
674.12,0.5505502022058454
674.13,0.4722507482375684
674.14,0.5643789949907677
674.15,0.45268001948311565
674.16,0.5762766880698408
674.1700000000001,0.43387645305911093
674.1800000000001,0.5861921118712717
674.19,0.4167063508939173
674.2,0.594110576557635
674.21,0.4020782328401374
674.22,0.6000387121212621
674.23,0.3908550984470867
674.24,0.6039933893024478
674.25,0.3837510231880849
674.26,0.6059941375510276
674.27,0.38123255499427466
674.28,0.6060584884952469
674.29,0.3834490496385041
674.3,0.6041997944148855
674.31,0.39021104151588015
674.3199999999999,0.6004272370412301
674.33,0.4010227108133013
674.34,0.5947479168935745
674.35,0.41515883120978936
674.36,0.587171075449527
674.37,0.4317652322713325
674.38,0.5777146331608812
674.39,0.44995906553760245
674.4,0.5664143006460034
674.41,0.46891046930052943
674.4200000000001,0.5533354995497446
674.4300000000001,0.48789653100598845
674.44,0.5385881555313984
674.45,0.5063272652578746
674.46,0.5223440223805592
674.47,0.5237490081571288
674.48,0.5048554838651657
674.49,0.5398327636914708
674.5,0.4864737132445199
674.51,0.5543546001795595
674.52,0.46766270915351493
674.53,0.5671734965581506
674.54,0.44900433446851157
674.55,0.5782100981131406
674.56,0.43118861456236884
674.5699999999999,0.5874282103264791
674.58,0.41498402425023934
674.59,0.5948197179667143
674.6,0.4011851513032154
674.61,0.600392932680244
674.62,0.390540281994385
674.63,0.6041640344883727
674.64,0.38366824225449575
674.65,0.6061511610198124
674.66,0.3809799187572352
674.6700000000001,0.6063707197015534
674.6800000000001,0.3826221907717862
674.69,0.60483558673464
674.7,0.38845837502983377
674.71,0.601554973925102
674.72,0.39809022304638025
674.73,0.59653586703164
674.74,0.41091542186669683
674.75,0.5897860537492409
674.76,0.42620599170221596
674.77,0.581318854496513
674.78,0.44319003585982064
674.79,0.5711597306415763
674.8,0.4611220931046996
674.81,0.5593549510542124
674.8199999999999,0.47933352947370145
674.83,0.5459824161803818
674.84,0.4972609673447675
674.85,0.5311645255992986
674.86,0.5144555620528941
674.87,0.5150825790802365
674.88,0.5305783073781559
674.89,0.49799158257683285
674.9,0.5453868747195044
674.91,0.480233489615712
674.9200000000001,0.5587185950246505
674.9300000000001,0.4622459373145352
674.94,0.5704728484448734
674.95,0.44456267627189183
674.96,0.5805948373319402
674.97,0.4278015642951364
674.98,0.5890617131370781
674.99,0.4126367392950139
675.0,0.5958713537133344
675.01,0.39975387348596164
675.02,0.601033696830156
675.03,0.3897912753668968
675.04,0.604564350107349
675.05,0.3832743012420695
675.06,0.6064801457427774
675.0699999999999,0.3805544743927271
675.08,0.6067963331634139
675.09,0.3817659630190544
675.1,0.6055251672854283
675.11,0.38680940155756127
675.12,0.6026757306271685
675.13,0.395366849445944
675.14,0.5982549109336843
675.15,0.4069440978907488
675.16,0.5922695339500608
675.1700000000001,0.42093041310819423
675.1800000000001,0.5847297170909748
675.19,0.4366632153829158
675.2,0.5756535564639501
675.21,0.4534864668128092
675.22,0.5650732750484183
675.23,0.4707954163050785
675.24,0.5530429271062688
675.25,0.48806493816628066
675.26,0.5396476486139433
675.27,0.5048624613451242
675.28,0.5250142367189022
675.29,0.5208487135378762
675.3,0.5093225051034281
675.31,0.535770243731622
675.3199999999999,0.4928163822129699
675.33,0.5494473886288193
675.34,0.4758131176753171
675.35,0.5617605359254296
675.36,0.4587083280936349
675.37,0.572636611217485
675.38,0.4419741282912827
675.39,0.5820369055215416
675.4,0.42614753924843035
675.41,0.5899467573396219
675.4200000000001,0.4118070657618969
675.4300000000001,0.5963672074978836
675.44,0.3995370358534798
675.45,0.6013085191434047
675.46,0.38988194398207376
675.47,0.6047853506907449
675.48,0.38329613241015914
675.49,0.6068133431685241
675.5,0.38009670163063103
675.51,0.6074069027265392
675.52,0.3804284183916571
675.53,0.6065780022266501
675.54,0.3842478317239673
675.55,0.6043358786913426
675.56,0.3913299659971919
675.5699999999999,0.6006875582147299
675.58,0.40129599861688
675.59,0.5956391916379822
675.6,0.41365593952241214
675.61,0.5891982295822913
675.62,0.4278579180359765
675.63,0.5813765002590331
675.64,0.4433357456367343
675.65,0.572194272782485
675.66,0.45954846692334905
675.6700000000001,0.5616853840093431
675.6800000000001,0.4760085700809112
675.69,0.549903466948436
675.7,0.49229834618957635
675.71,0.5369292286364624
675.72,0.5080759001290158
675.73,0.5228785683410248
675.74,0.5230733397399923
675.75,0.5079110893094629
675.76,0.5370898633160295
675.77,0.4922382357797205
675.78,0.5499821300245115
675.79,0.47612990057567095
675.8,0.5616537263072705
675.81,0.45991795680787806
675.8199999999999,0.572044944223594
675.83,0.44399487779866653
675.84,0.5811235784231076
675.85,0.428805582939773
675.86,0.5888770698930613
675.87,0.41483106647982326
675.88,0.5953060730466251
675.89,0.40256336951967764
675.9,0.6004193749060016
675.91,0.3924730383124207
675.9200000000001,0.6042300230760387
675.9300000000001,0.38497213332079
675.94,0.6067524968854189
675.95,0.380377612658284
675.96,0.6080007641557519
675.97,0.37888086870972704
675.98,0.6079870907021565
675.99,0.3805288161842398
676.0,0.6067215017682714
676.01,0.3852200840336022
676.02,0.6042118290673052
676.03,0.3927169753136115
676.04,0.6004643104763365
676.05,0.40267078405460055
676.06,0.5954847399309401
676.0699999999999,0.4146557286244892
676.08,0.5892801909057305
676.09,0.4282057863536134
676.1,0.5818613559649659
676.11,0.44284916603220903
676.12,0.5732455543703464
676.13,0.45813662945222894
676.14,0.563460454928353
676.15,0.4736617479948961
676.16,0.5525485364993272
676.1700000000001,0.4890728950731397
676.1800000000001,0.54057225551916
676.19,0.5040779928340118
676.2,0.5276198008610842
676.21,0.518443668058732
676.22,0.5138111830927781
676.23,0.5319906157522353
676.24,0.4993042258403281
676.25,0.544586787646306
676.26,0.48429980759468716
676.27,0.5561396820437394
676.28,0.46904546817923326
676.29,0.5665886354842871
676.3,0.45383629046409546
676.31,0.5758976807175732
676.3199999999999,0.43901186985336393
676.33,0.5840492715159354
676.34,0.4249482811992191
676.35,0.5910389878896964
676.36,0.4120443358956703
676.37,0.5968712157007594
676.38,0.4007021382715256
676.39,0.6015557272204533
676.4,0.39130295933311715
676.41,0.6051050585263013
676.4200000000001,0.38418058391446797
676.4300000000001,0.6075325734204181
676.44,0.379595271221862
676.45,0.6088511114795325
676.46,0.3777119643936372
676.47,0.6090721339922957
676.48,0.37858613208984415
676.49,0.6082053009780535
676.5,0.3821595642520149
676.51,0.606258432913744
676.52,0.388266786485199
676.53,0.6032378304665492
676.54,0.39665093096051374
676.55,0.5991489435908234
676.56,0.4069863974253843
676.5699999999999,0.5939973970177029
676.58,0.41890482095826187
676.59,0.5877903916456287
676.6,0.43202085163331305
676.61,0.5805385094662711
676.62,0.4459549086847792
676.63,0.572257951851391
676.64,0.4603511043739436
676.65,0.5629732346823103
676.66,0.4748896207888812
676.6700000000001,0.552720346191611
676.6800000000001,0.4892937262722143
676.69,0.541550340314923
676.7,0.5033322173073262
676.71,0.5295332864350839
676.72,0.5168183602105669
676.73,0.516762422135256
676.74,0.5296064451723443
676.75,0.5033582580039437
676.76,0.5415869424013081
676.77,0.4894722661927439
676.78,0.5526810483023564
676.79,0.47528965819021746
676.8,0.5628351911939943
676.81,0.4610306413411237
676.8199999999999,0.5720158677399683
676.83,0.44694947093906856
676.84,0.5802050221695054
676.85,0.43333062486215
676.86,0.5873960623360003
676.87,0.4204815643213162
676.88,0.5935905279795526
676.89,0.40872184116545746
676.9,0.5987953774898408
676.91,0.3983687725063264
676.9200000000001,0.6030208342270488
676.9300000000001,0.3897204862632476
676.94,0.6062787234712355
676.95,0.3830377488354859
676.96,0.6085812315588581
676.97,0.37852647597316813
676.98,0.6099400251328536
676.99,0.3763230471475892
677.0,0.6103656782081892
677.01,0.376484379867791
677.02,0.6098673656687794
677.03,0.37898415401662905
677.04,0.6084527930629616
677.05,0.3837157031476407
677.06,0.6061283432443072
677.0699999999999,0.39050110293449314
677.08,0.6028994302283376
677.09,0.39910511543981697
677.1,0.5987710592975687
677.11,0.4092520813213667
677.12,0.5937485995535076
677.13,0.42064368261382035
677.14,0.5878387806075912
677.15,0.4329757039611554
677.16,0.5810509281121781
677.1700000000001,0.44595238963445055
677.1800000000001,0.57339845287716
677.19,0.45929757821058864
677.2,0.5649006042555899
677.21,0.4727623592327111
677.22,0.5555844889329394
677.23,0.4861294434650711
677.24,0.5454873399811415
677.25,0.49921472995439187
677.26,0.5346589962543894
677.27,0.5118666932378587
677.28,0.5231645176508748
677.29,0.5239642328060691
677.3,0.5110868175010087
677.31,0.535413565070392
677.3199999999999,0.49852913909750746
677.33,0.5461446345727318
677.34,0.48561714417172114
677.35,0.5561074038969273
677.36,0.4725003216519619
677.37,0.565268272366534
677.38,0.4593523773728501
677.39,0.5736067801526885
677.4,0.4463702430580175
677.41,0.5811126823878864
677.4200000000001,0.4337713626983797
677.4300000000001,0.5877834252500568
677.44,0.42178899443318807
677.45,0.5936220208848593
677.46,0.41066541584924593
677.47,0.5986352966173732
677.48,0.4006431423044395
677.49,0.6028324822706677
677.5,0.3919545429742853
677.51,0.6062240954561293
677.52,0.3848105310059916
677.53,0.6088210846955872
677.54,0.3793892585384684
677.55,0.6106341937662874
677.56,0.3758259016218037
677.5699999999999,0.6116735151529914
677.58,0.3742046224629574
677.59,0.6119482061445318
677.6,0.3745536217994334
677.61,0.611466346609673
677.62,0.37684385666091225
677.63,0.6102349229321173
677.64,0.38099155487589453
677.65,0.6082599276212142
677.66,0.3868641915319423
677.6700000000001,0.6055465686217761
677.6800000000001,0.3942891943755252
677.69,0.6020995863696733
677.7,0.4030643853319426
677.71,0.5979236798934537
677.72,0.4129690780319858
677.73,0.5930240459294545
677.74,0.42377482847557757
677.75,0.587407036720817
677.76,0.43525503741655097
677.77,0.5810809427538113
677.78,0.4471928703692148
677.79,0.5740569060363055
677.8,0.4593872382450909
677.81,0.5663499670180379
677.8199999999999,0.4716568225962451
677.83,0.5579802435788452
677.84,0.4838423107656277
677.85,0.5489742333981383
677.86,0.49580711804628397
677.87,0.5393662204953659
677.88,0.5074369248919137
677.89,0.5291997530064984
677.9,0.5186383586120865
677.91,0.5185291418461583
677.9200000000001,0.5293371182839742
677.9300000000001,0.5074209089662265
677.94,0.5394757932694988
677.95,0.49595509093604084
677.96,0.5490115711559072
677.97,0.48422627936224677
677.98,0.5579139778261842
677.99,0.47234425799068847
678.0,0.5661627466258533
678.01,0.4604340804356902
678.02,0.57374587536086
678.03,0.44863542762224085
678.04,0.5806579010504539
678.05,0.4371010954130838
678.06,0.5868984013979835
678.0699999999999,0.42599449626832714
678.08,0.592470717724965
678.09,0.4154861165343927
678.1,0.5973808851165863
678.11,0.4057489546439535
678.12,0.6016367509126301
678.13,0.3969530696141397
678.14,0.6052472605155045
678.15,0.3892594844521369
678.16,0.6082218895520691
678.1700000000001,0.3828137996879221
678.1800000000001,0.6105702026809857
678.19,0.3777399596146249
678.2,0.612301521257622
678.21,0.37413465868351903
678.22,0.6134246844070254
678.23,0.3720628638225193
678.24,0.613947890515182
678.25,0.3715548540675579
678.26,0.6138786085305835
678.27,0.3726050477067521
678.28,0.6132235507602293
678.29,0.3751727164779207
678.3,0.6119887009227262
678.31,0.3791845017970602
678.3199999999999,0.6101793930824766
678.33,0.3845384779894273
678.34,0.6078004387774292
678.35,0.3911093773925849
678.36,0.6048563009933867
678.37,0.39875451800836575
678.38,0.6013513149126603
678.39,0.4073199609976926
678.4,0.5972899561684554
678.41,0.41664646703265806
678.4200000000001,0.5926771580493299
678.4300000000001,0.4265749023105506
678.44,0.5875186793495186
678.45,0.43695084910942994
678.46,0.5818215245130365
678.47,0.4476282848784256
678.48,0.5755944171124093
678.49,0.4584722919771858
678.5,0.568848326757335
678.51,0.4693608401124819
678.52,0.5615970476979291
678.53,0.48018573972704853
678.54,0.5538578249731433
678.55,0.4908528974719354
678.56,0.5456520207897071
678.5699999999999,0.5012820184803067
678.58,0.5370058094718685
678.59,0.5114058975618302
678.6,0.5279508845047799
678.61,0.5211694292304803
678.62,0.5185251550485266
678.63,0.5305284476781145
678.64,0.5087734028833675
678.65,0.539448486833705
678.66,0.4987478636455672
678.6700000000001,0.5479035300995588
678.6800000000001,0.4885086896388184
678.69,0.5558748001457178
678.7,0.4781242451845836
678.71,0.5633496232251876
678.72,0.46767118149369497
678.73,0.5703203889299016
678.74,0.45723423656417816
678.75,0.5767836163418069
678.76,0.44690570799362234
678.77,0.5827391297330674
678.78,0.43678455446930115
678.79,0.588189341651773
678.8,0.426975095057836
678.81,0.5931386376549198
678.8199999999999,0.41758529551556756
678.83,0.5975928549043776
678.84,0.40872465670020247
678.85,0.6015588456074867
678.86,0.4005017509365888
678.87,0.6050441161145192
678.88,0.39302148515550533
678.89,0.6080565326319265
678.9,0.38638220232042364
678.91,0.610604085015231
678.9200000000001,0.38067275978731246
678.9300000000001,0.6126947009274466
678.94,0.3759697426099598
678.95,0.6143361034457424
678.96,0.37233497568839385
678.97,0.6155357060634222
678.98,0.36981349085611076
678.99,0.6163005399355912
679.0,0.36843208100589997
679.01,0.6166372089822738
679.02,0.36819853631816285
679.03,0.616551869253307
679.04,0.36910161007875286
679.05,0.6160502296162732
679.06,0.37111170940966737
679.0699999999999,0.6151375714393742
679.08,0.37418225495666824
679.09,0.6138187854883201
679.1,0.3782516091597466
679.11,0.6120984246950022
679.12,0.3832454396984636
679.13,0.6099807718638999
679.14,0.3890793655685265
679.15,0.6074699217211178
679.16,0.395661729201832
679.1700000000001,0.604569876916014
679.1800000000001,0.40289634716026407
679.19,0.6012846578850298
679.2,0.41068511213562264
679.21,0.5976184264946818
679.22,0.41893034576008814
679.23,0.593575623509743
679.24,0.4275368324927025
679.25,0.5891611200027528
679.26,0.43641349471704954
679.27,0.5843803824867013
679.28,0.445474696648452
679.29,0.5792396516864953
679.3,0.454641187251426
679.31,0.5737461343370593
679.3199999999999,0.4638407094539966
679.33,0.5679082071647283
679.34,0.4730083145644267
679.35,0.5617356317217417
679.36,0.4820864269202844
679.37,0.55523977802514
679.38,0.4910247060777136
679.39,0.548433854419698
679.4,0.4997797525548793
679.41,0.54133314009773
679.4200000000001,0.508314699297319
679.4300000000001,0.5339552158671497
679.44,0.5165987263875613
679.45,0.5263201877296813
679.46,0.5246065306523452
679.47,0.5184508967122113
679.48,0.532317775770165
679.49,0.5103731072967601
679.5,0.539716543435779
679.51,0.5021156659673004
679.52,0.5467908006194317
679.53,0.4937106201165482
679.54,0.5535318938848209
679.55,0.48519328715114496
679.56,0.5599340780718117
679.5699999999999,0.4766022632110032
679.58,0.5659940835042848
679.59,0.46797936076302143
679.6,0.5717107238493853
679.61,0.4593694652468263
679.62,0.577084544752464
679.63,0.45082030180256455
679.64,0.5821175122325576
679.65,0.4423821054141808
679.66,0.5868127388727966
679.6700000000001,0.43410719031161143
679.6800000000001,0.5911742454013797
679.69,0.4260494179109001
679.7,0.59520675466247
679.71,0.4182635669199088
679.72,0.5989155151943417
679.73,0.4108046138544775
679.74,0.6023061513412212
679.75,0.40372693701254725
679.76,0.6053845370235046
679.77,0.39708346242848125
679.78,0.6081566905041346
679.79,0.3909247744644186
679.8,0.6106286875947615
679.81,0.385298218105087
679.8199999999999,0.6128065909810969
679.83,0.3802470226657836
679.84,0.6146963936198341
679.85,0.3758094780095186
679.86,0.6163039743257266
679.87,0.37201819418774007
679.88,0.6176350639172226
679.89,0.36889947324877415
679.9,0.6186952204577248
679.91,0.3664728181642004
679.9200000000001,0.619489812340346
679.9300000000001,0.3647505982603633
679.94,0.620024008136237
679.95,0.36373788390123973
679.96,0.6203027722423082
679.97,0.3634324555497432
679.98,0.6203308655390793
679.99,0.3638249846351963
680.0,0.6201128503660108
680.01,0.3648993760678343
680.02,0.6196530992323271
680.03,0.36663325558627075
680.04,0.6189558067722032
680.05,0.3689985795921116
680.06,0.6180250045261324
680.0699999999999,0.37196234131784006
680.08,0.6168645782064214
680.09,0.37548734477433676
680.1,0.6154782871459418
680.11,0.3795330175215362
680.12,0.6138697856999117
680.13,0.38405623430491276
680.14,0.61204264635847
680.15,0.38901212588337786
680.16,0.6100003844311167
680.1700000000001,0.39435485086900196
680.1800000000001,0.6077464841198389
680.19,0.40003831233609755
680.2,0.6052844258463571
680.21,0.4060168053955904
680.22,0.6026177146861154
680.23,0.4122455863621319
680.24,0.5997499098085417
680.25,0.4186813581250369
680.26,0.5966846547840216
680.27,0.42528267031272726
680.28,0.5934257086010909
680.29,0.43201023582217474
680.3,0.5899769772760881
680.31,0.43882716782702597
680.3199999999999,0.5863425458615802
680.33,0.44569914346345496
680.34,0.5825267107279208
680.35,0.45259450145476493
680.36,0.5785340118558187
680.37,0.4594842818291853
680.38,0.5743692649303748
680.39,0.46634221625086947
680.4,0.5700375930373395
680.41,0.47314467708700897
680.4200000000001,0.5655444575949705
680.4300000000001,0.4798705934472155
680.44,0.5608956882764329
680.45,0.48650134132861705
680.46,0.5560975115623429
680.47,0.49302061471157765
680.48,0.5511565774879699
680.49,0.49941428331317317
680.5,0.5460799843505354
680.51,0.5056702422836505
680.52,0.5408753007539293
680.53,0.5117782578480535
680.54,0.5355505846882533
680.55,0.5177298126150924
680.56,0.5301143991028088
680.5699999999999,0.5235179532881468
680.58,0.524575823547714
680.59,0.5291371429828577
680.6,0.5189444613913062
680.61,0.5345831197642997
680.62,0.5132304421266191
680.63,0.5398527626853352
680.64,0.5074444183480574
680.65,0.5449439660168405
680.66,0.5015975569673816
680.6700000000001,0.5498555221678981
680.6800000000001,0.4957015242538565
680.69,0.5545870134565811
680.7,0.48976846446197686
680.71,0.559138712783759
680.72,0.48381097167452247
680.73,0.5635114929595332
680.74,0.47784205475432184
680.75,0.5677067443812713
680.76,0.47187509536372746
680.77,0.5717263007581348
680.78,0.46592379897092384
680.79,0.5755723722934349
680.8,0.4600021390568186
680.81,0.5792474859448921
680.8199999999999,0.4541242948667817
680.83,0.5827544322771199
680.84,0.4483045828908216
680.85,0.5860962182327467
680.86,0.44255738291423335
680.87,0.5892760255473821
680.88,0.4368970590398611
680.89,0.5922971741411058
680.9,0.4313378766584015
680.91,0.5951630901188364
680.9200000000001,0.4258939162659814
680.9300000000001,0.5978772778904765
680.94,0.4205789851022307
680.95,0.60044329601026
680.96,0.41540652778861026
680.97,0.6028647363912233
680.98,0.4103895372383212
680.99,0.605145206479185
681.0,0.40554046686242684
681.01,0.6072883140797958
681.02,0.40087114563045456
681.03,0.6092976545526966
681.04,0.39639269703342883
681.05,0.6111768001113074
681.06,0.3921154631826798
681.0699999999999,0.612929290929827
681.08,0.38804893534293716
681.09,0.6145586279105737
681.1,0.38420169182932423
681.11,0.6160682668239275
681.12,0.38058134411815286
681.13,0.6174616137263023
681.14,0.37719449223105217
681.15,0.6187420214365602
681.16,0.3740466897017669
681.1700000000001,0.6199127869436617
681.1800000000001,0.37114241877542764
681.19,0.6209771496187192
681.2,0.3684850760285095
681.21,0.6219382901293813
681.22,0.3660769683870208
681.23,0.6227993299210001
681.24,0.3639193195797272
681.25,0.6235633312128069
681.26,0.36201228656521567
681.27,0.6242332973965566
681.28,0.36035498552319434
681.29,0.6248121737968186
681.3,0.3589455267507917
681.31,0.6253028487059847
681.3199999999999,0.3577810577307614
681.33,0.6257081546539649
681.34,0.35685781342716394
681.35,0.6260308698559879
681.36,0.3561711729396313
681.37,0.6262737198064905
681.38,0.3557157214122174
681.39,0.6264393789706636
681.4,0.35548531619855184
681.41,0.6265304725512317
681.4200000000001,0.35547315620255215
681.4300000000001,0.6265495782946529
681.44,0.35567185336016366
681.45,0.6264992283198305
681.46,0.35607350524322234
681.47,0.6263819109415709
681.48,0.35666976784437193
681.49,0.6262000724770774
681.5,0.3574519276448548
681.51,0.625956119014128
681.52,0.35841097218622114
681.53,0.6256524181332498
681.54,0.35953765839276
681.55,0.6252913005682827
681.56,0.36082257807263834
681.5699999999999,0.6248750617992759
681.58,0.3622562200673504
681.59,0.6244059635687904
681.6,0.36382902858609223
681.61,0.6238862353184947
681.62,0.3655314574935093
681.63,0.6233180755278979
681.64,0.3673540201867319
681.65,0.6227036529820774
681.66,0.36928733509196526
681.6700000000001,0.62204510792093
681.6800000000001,0.3713221665182183
681.69,0.6213445531127052
681.7,0.373449461006033
681.71,0.6206040748309936
681.72,0.37566037921465006
681.73,0.6198257337059185
681.74,0.37794632342756024
681.75,0.6190115655366006
681.76,0.38029896083098275
681.77,0.6181635819406354
681.78,0.38271024284487076
681.79,0.6172837709661558
681.8,0.3851724206686368
681.81,0.6163740975883053
681.8199999999999,0.38767805726133914
681.83,0.6154365041161002
681.84,0.3902200360951918
681.85,0.6144729105196861
681.86,0.39279156695786505
681.87,0.6134852146832136
681.88,0.3953861889144369
681.89,0.6124752925529399
681.9,0.39799777097597727
681.91,0.6114449982531753
681.9200000000001,0.4006205104783427
681.9300000000001,0.6103961640813119
681.94,0.40324892955902303
681.95,0.6093306004889512
681.96,0.4058778699781459
681.97,0.6082500959624745
681.98,0.40850248652688087
681.99,0.6071564168543254
682.0,0.411118239081338
682.01,0.6060513071736585
682.02,0.413720883778069
682.03,0.6049364883360604
682.04,0.41630646328438076
682.05,0.6038136588307537
682.06,0.41887129638952475
682.0699999999999,0.6026844938977358
682.08,0.421411967141774
682.09,0.6015506451510814
682.1,0.42392531351167534
682.11,0.6004137401511609
682.12,0.4264084159274712
682.13,0.5992753819932903
682.14,0.42885858564294005
682.15,0.5981371488561458
682.16,0.43127335295972385
682.1700000000001,0.5970005935173666
682.1800000000001,0.43365045568006616
682.19,0.5958672429195963
682.2,0.43598782747336756
682.21,0.5947385976359592
682.22,0.4382835865961397
682.23,0.5936161314130979
682.24,0.44053602475798037
682.25,0.5925012906903055
682.26,0.44274359626524995
682.27,0.5913954940852951
682.28,0.44490490745564204
682.29,0.5903001319580818
682.3,0.4470187065430602
682.31,0.589216565925546
682.3199999999999,0.44908387374154424
682.33,0.5881461283916002
682.34,0.45109941182318264
682.35,0.5870901221634915
682.36,0.45306443696277204
682.37,0.5860498199682689
682.38,0.45497817010373465
682.39,0.58502646409842
682.4,0.45683992864590833
682.41,0.5840212660091448
682.4200000000001,0.4586491184890953
682.4300000000001,0.5830354059619495
682.44,0.46040522652603644
682.45,0.5820700326965327
682.46,0.4621078134821259
682.47,0.5811262631132339
682.48,0.46375650719582545
682.49,0.580205181978953
682.5,0.4653509961362121
682.51,0.5793078416786867
682.52,0.46689102339482097
682.53,0.578435261944789
682.54,0.46837638097706885
682.55,0.5775884296890722
682.56,0.4698069044078387
682.5699999999999,0.5767682987533104
682.58,0.47118246766982463
682.59,0.5759757897641236
682.6,0.4725029784840152
682.61,0.5752117900017382
682.62,0.4737683738355981
682.63,0.5744771532142625
682.64,0.47497861578556877
682.65,0.573772699558438
682.66,0.4761336875862258
682.6700000000001,0.5730992154716948
682.6800000000001,0.4772335900263406
682.69,0.5724574536022247
682.7,0.4782783379983544
682.71,0.5718481327409964
682.72,0.47926795737273314
682.73,0.5712719377622325
682.74,0.4802024819875626
682.75,0.5707295195552997
682.76,0.48108195095388157
682.77,0.5702214950480059
682.78,0.48190640612104496
682.79,0.5697484471039339
682.8,0.4826758896353496
682.81,0.5693109245065452
682.8199999999999,0.4833904418770462
682.83,0.5689094419759908
682.84,0.48405009940226235
682.85,0.5685444800853057
682.86,0.4846548930795831
682.87,0.5682164852593916
682.88,0.48520484648386114
682.89,0.5679258697242983
682.9,0.48569997432528356
682.91,0.5676730114846725
682.9200000000001,0.48614028103471757
682.9300000000001,0.5674582542414213
682.94,0.48652575954344845
682.95,0.5672819073781808
682.96,0.48685639017324495
682.97,0.5671442458698139
682.98,0.4871321396234824
682.99,0.5670455101952325
683.0,0.4873529601260365
683.01,0.5669859062727921
683.02,0.48751878864612835
683.03,0.5669656053457012
683.04,0.48762954633724054
683.05,0.566984743863667
683.06,0.4876851379625944
683.0699999999999,0.5670434233480494
683.08,0.4876854515232823
683.09,0.5671417102813351
683.1,0.48763035796926313
683.11,0.5672796359236402
683.12,0.48751971101933306
683.13,0.5674571961288535
683.14,0.4873533471169598
683.15,0.5676743512239828
683.16,0.4871310854922738
683.1700000000001,0.5679310257449818
683.1800000000001,0.48685272831416765
683.19,0.5682271082910493
683.2,0.48651806099673317
683.21,0.5685624512942892
683.22,0.48612685261902416
683.23,0.5689368707755451
683.24,0.48567885646627335
683.25,0.5693501461599783
683.26,0.4851738106791925
683.27,0.5698020200257778
683.28,0.4846114391055454
683.29,0.570292197875813
683.3,0.48399145219086237
683.31,0.5708203479061602
683.3199999999999,0.4833135481198179
683.33,0.5713861007708371
683.34,0.48257741406451105
683.35,0.5719890493729433
683.36,0.4817827275788519
683.37,0.5726287486444609
683.38,0.4809291582065838
683.39,0.5733047153147397
683.4,0.4800163692413055
683.41,0.5740164277468363
683.4200000000001,0.47904401972596555
683.4300000000001,0.5747633257491892
683.44,0.4780117665637175
683.45,0.5755448104026338
683.46,0.47691926699251874
683.47,0.576360243944374
683.48,0.4757661811523256
683.49,0.5772089496183046
683.5,0.47455217496298074
683.51,0.5780902116143863
683.52,0.47327692330662746
683.53,0.5790032749945158
683.54,0.4719401133758785
683.55,0.5799473456555675
683.56,0.47054144844283535
683.5699999999999,0.5809215903430875
683.58,0.46908065187581716
683.59,0.5819251366824849
683.6,0.46755747150080634
683.61,0.5829570732587689
683.62,0.4659716842910858
683.63,0.5840164497093127
683.64,0.4643231015358512
683.65,0.5851022768964775
683.66,0.46261157427868793
683.6700000000001,0.5862135271063582
683.6800000000001,0.4608369992889488
683.69,0.5873491342670617
683.7,0.4589993253619175
683.71,0.5885079942235815
683.72,0.4570985602081498
683.73,0.589688965071063
683.74,0.45513477776504846
683.75,0.5908908675212042
683.76,0.45310812600958444
683.77,0.5921124852783746
683.78,0.45101883539367765
683.79,0.593352565516931
683.8,0.4488672277139432
683.81,0.5946098193163866
683.8199999999999,0.44665372569454814
683.83,0.5958829222371346
683.84,0.4443788630966985
683.85,0.5971705148477364
683.86,0.4420432954235905
683.87,0.5984712032768899
683.88,0.43964781132951536
683.89,0.5997835598954957
683.9,0.4371933446597965
683.91,0.6011061239083371
683.9200000000001,0.43468098706754776
683.9300000000001,0.6024374020323398
683.94,0.4321120013873132
683.95,0.6037758691800766
683.96,0.4294878356108819
683.97,0.6051199691609052
683.98,0.42681013745867685
683.99,0.6064681153485858
684.0,0.4240807696523872
684.01,0.6078186914502393
684.02,0.42130182571843533
684.03,0.609170052153227
684.04,0.41847564634621465
684.05,0.6105205238465968
684.06,0.415604836250864
684.0699999999999,0.6118684053097808
684.08,0.4126922814435559
684.09,0.6132119683549958
684.1,0.40974116683310197
684.11,0.6145494584952205
684.12,0.4067549940818166
684.13,0.6158790955095876
684.14,0.4037375995459154
684.15,0.6171990740318223
684.16,0.40069317219023876
684.1700000000001,0.6185075640528852
684.1800000000001,0.397626271301549
684.19,0.6198027114022135
684.2,0.39454184375217227
684.21,0.6210826381118554
684.22,0.39144524068630554
684.23,0.6223454428000031
684.24,0.3883422333012872
684.25,0.6235892008713325
684.26,0.3852390274553128
684.27,0.6248119647390264
684.28,0.3821422767972676
684.29,0.6260117638808345
684.3,0.37905909411731653
684.31,0.6271866048441369
684.3199999999999,0.3759970604238343
684.33,0.6283344711163539
684.34,0.37296423148043034
684.35,0.629453322912336
684.36,0.3699691412815848
684.37,0.6305410968239314
684.38,0.3670208020680315
684.39,0.6315957053620286
684.4,0.3641287003827931
684.41,0.6326150363466339
684.4200000000001,0.3613027886501124
684.4300000000001,0.6335969521956246
684.44,0.35855347190960846
684.45,0.6345392890504368
684.46,0.35589158904919294
684.47,0.6354398557404589
684.48,0.3533283882491535
684.49,0.6362964326331573
684.5,0.3508754960346237
684.51,0.6371067702987036
684.52,0.34854487963638703
684.53,0.6378685880296682
684.54,0.34634880235456184
684.55,0.6385795721834684
684.56,0.34429977148542995
684.5699999999999,0.6392373743712755
684.58,0.34241047884765763
684.59,0.6398396094628698
684.6,0.3406937337154795
684.61,0.6403838534308903
684.62,0.33916238823193007
684.63,0.6408676410065262
684.64,0.3378292555868007
684.65,0.6412884631758201
684.66,0.3367070212211763
684.6700000000001,0.6416437644895926
684.6800000000001,0.3358081476837509
684.69,0.6419309402062262
684.7,0.33514477384537095
684.71,0.6421473332576773
684.72,0.334728609356714
684.73,0.6422902310532527
684.74,0.3345708254940612
684.75,0.6423568621188664
684.76,0.3346819436577883
684.77,0.6423443925802297
684.78,0.3350717229922603
684.79,0.64224992250136
684.8,0.33574904872689143
684.81,0.6420704820874679
684.8199999999999,0.33672182301285275
684.83,0.6418030277706472
684.84,0.33799686002805196
684.85,0.6414444381829918
684.86,0.33957978728180926
684.87,0.6409915100655766
684.88,0.34147495502307723
684.89,0.6404409541011662
684.9,0.3436853555159833
684.91,0.6397893907353965
684.9200000000001,0.34621255405550344
684.9300000000001,0.6390333460043055
684.94,0.34905663323042485
684.95,0.638169247404369
684.96,0.3522161519246625
684.97,0.6371934198887425
684.98,0.3556881200749912
684.99,0.636102081998142
685.0,0.3594679902837925
685.01,0.6348913422443059
685.02,0.3635496665192913
685.03,0.6335571957923521
685.04,0.36792553039642945
685.05,0.6320955215566243
685.06,0.3725864846411841
685.0699999999999,0.6305020798088212
685.08,0.3775220132497779
685.09,0.6287725104289916
685.1,0.3827202575131565
685.11,0.626902331924038
685.12,0.38816810654071093
685.13,0.6248869414444186
685.14,0.393851300882804
685.15,0.6227216159256419
685.16,0.3997545472915029
685.1700000000001,0.6204015145848204
685.1800000000001,0.4058616427742081
685.19,0.6179216830831167
685.2,0.4121556057311147
685.21,0.6152770596013294
685.22,0.4186188118413035
685.23,0.612462483132799
685.24,0.4252331326432269
685.25,0.6094727044838547
685.26,0.43198007438446
685.27,0.6063024002569595
685.28,0.43884091507155476
685.29,0.6029461904241841
685.3,0.4457968378641517
685.31,0.5993986600377449
685.3199999999999,0.4528290586693261
685.33,0.5956543855367061
685.34,0.45991894667972194
685.35,0.5917079665542635
685.36,0.4670481363770633
685.37,0.5875540638200553
685.38,0.47419862968119025
685.39,0.5831874440902469
685.4,0.48135288781636165
685.41,0.5786030329394468
685.4200000000001,0.4884939119308422
685.4300000000001,0.5737959765199009
685.44,0.49560531239168304
685.45,0.5687617132652248
685.46,0.5026713664461055
685.47,0.5634960568042795
685.48,0.5096770645568829
685.49,0.557995291168918
685.5,0.5166081455205209
685.51,0.5522562796459597
685.52,0.5234511210239744
685.53,0.5462765885608282
685.54,0.5301932899824807
685.55,0.5400546270971601
685.56,0.5368227435983299
685.5699999999999,0.5335898045268759
685.58,0.5433283617235786
685.59,0.5268827058106907
685.6,0.5496998014110869
685.61,0.5199352863075947
685.62,0.5559274784902931
685.63,0.512751086325967
685.64,0.5620025430543125
685.65,0.5053354653578438
685.66,0.5679168495749174
685.6700000000001,0.49769585570246166
685.6800000000001,0.573662922573449
685.69,0.48984203399081616
685.7,0.5792339185848849
685.71,0.4817864085655148
685.72,0.5846235850380997
685.73,0.47354431912679235
685.74,0.5898262168285557
685.75,0.4651343440160489
685.76,0.5948366111507779
685.77,0.45657860832461034
685.78,0.5996500210298396
685.79,0.4479030847947005
685.8,0.6042621081955459
685.81,0.4391378768184067
685.8199999999999,0.608668895519127
685.83,0.43031747089497996
685.84,0.6128667195023509
685.85,0.4214809435399195
685.86,0.6168521830328249
685.87,0.41267210563474954
685.88,0.6206221086258911
685.89,0.403939565024952
685.9,0.6241734924287454
685.91,0.39533668707208713
685.9200000000001,0.6275034590079789
685.9300000000001,0.3869214320113863
685.94,0.6306092171196118
685.95,0.3787560487069091
685.96,0.6334880164592106
685.97,0.3709066060048676
685.98,0.6361371054872258
685.99,0.36344234669544495
686.0,0.6385536903091827
686.01,0.35643485420273896
686.02,0.6407348946190892
686.03,0.34995702998165495
686.04,0.6426777207059743
686.05,0.3440818886280706
686.06,0.6443790115126343
686.0699999999999,0.33888118868652617
686.08,0.6458354136952448
686.09,0.3344239295034841
686.1,0.6470433417378059
686.11,0.3307747564165327
686.12,0.6479989430726764
686.13,0.32799232837983744
686.14,0.6486980642809401
686.15,0.3261277116044283
686.16,0.6491362184254071
686.1700000000001,0.3252228693195816
686.1800000000001,0.6493085536141857
686.19,0.3253093199685192
686.2,0.6492098229702772
686.21,0.326407033376585
686.22,0.6488343562295786
686.23,0.3285236262580068
686.24,0.6481760332718298
686.25,0.33165390523638094
686.26,0.6472282600126965
686.27,0.33577978790874
686.28,0.6459839471551622
686.29,0.34087061203145874
686.3,0.6444354925218224
686.31,0.346883821165155
686.3199999999999,0.6425747677728015
686.33,0.35376599405621495
686.34,0.6403931105956635
686.35,0.36145416682546505
686.36,0.6378813236689571
686.37,0.3698773823666119
686.38,0.6350296819674766
686.39,0.3789583929511211
686.4,0.6318279503577853
686.41,0.38861543800562975
686.4200000000001,0.6282654138107285
686.4300000000001,0.3987640214324345
686.44,0.6243309229768363
686.45,0.40931861992784974
686.46,0.6200129584881484
686.47,0.42019426388811376
686.48,0.6152997177875362
686.49,0.43130794603775524
686.5,0.6101792291109467
686.51,0.4425798265218071
686.52,0.60463949790648
686.53,0.4539342172058615
686.54,0.5986686916496285
686.55,0.4653003407347265
686.56,0.5922553700855269
686.5699999999999,0.47661287051098433
686.58,0.5853887684629832
686.59,0.4878122662422299
686.6,0.5780591422843699
686.61,0.4988449259967479
686.62,0.5702581827268922
686.63,0.5096631794064158
686.64,0.5619795119920232
686.65,0.520225148233476
686.66,0.5532192685095888
686.6700000000001,0.530494501004751
686.6800000000001,0.5439767904839554
686.69,0.5404401267167579
686.7,0.5342554056298072
686.71,0.5500357506177267
686.72,0.5240633320371785
686.73,0.5592595125412985
686.74,0.5134146911645325
686.75,0.5680935248363234
686.76,0.5023306279216871
686.77,0.5765234243444286
686.78,0.49084052500493536
686.79,0.5845379295029238
686.8,0.47898328696380077
686.81,0.5921284112820735
686.8199999999999,0.46680865648824027
686.83,0.5992884841748878
686.84,0.45437850785409245
686.85,0.6060136213932428
686.86,0.44176804332820435
686.87,0.6123007967385676
686.88,0.4290667972832365
686.89,0.6181481542851383
686.9,0.41637933140479916
686.91,0.6235547059425182
686.9200000000001,0.4038254860453877
686.9300000000001,0.6285200560825817
686.94,0.3915400406694236
686.95,0.6330441520002451
686.96,0.37967163445238167
686.97,0.6371270583141109
686.98,0.3683808123631347
686.99,0.640768753615548
687.0,0.3578370960493288
687.01,0.6439689471179328
687.02,0.34821503587344743
687.03,0.6467269133856648
687.04,0.3396892818098472
687.05,0.6490413432129631
687.06,0.3324288108807124
687.0699999999999,0.6509102088858987
687.08,0.32659056027204464
687.09,0.6523306423121358
687.1,0.32231282320546123
687.11,0.6532988247963173
687.12,0.3197088515732094
687.13,0.6538098875810099
687.14,0.3188611573732284
687.15,0.6538578227004284
687.16,0.31981699842008626
687.1700000000001,0.6534354041568746
687.1800000000001,0.32258546566043833
687.19,0.6525341200260952
687.2,0.3271364625777582
687.21,0.6511441167523669
687.22,0.33340169618382903
687.23,0.6492541577006261
687.24,0.34127760838351867
687.25,0.6468515989924088
687.26,0.35062999401755285
687.27,0.6439223867755928
687.28,0.36129990538615536
687.29,0.6404510814804913
687.3,0.37311035182654156
687.31,0.6364209161641338
687.3199999999999,0.3858732755868541
687.33,0.6318138980846366
687.34,0.3993963191989884
687.35,0.6266109648412311
687.36,0.4134889810493246
687.37,0.6207922090716393
687.38,0.4279678673228555
687.39,0.6143371887460514
687.4,0.44266086987658676
687.41,0.6072253435476577
687.4200000000001,0.45741021346666744
687.4300000000001,0.5994365412931764
687.44,0.4720744111400316
687.45,0.5909517825079635
687.46,0.4865292358605895
687.47,0.5817540944644058
687.48,0.5006678598944906
687.49,0.5718296493883596
687.5,0.5144003325877046
687.51,0.5611691430121869
687.52,0.5276525667906016
687.53,0.5497694690879333
687.54,0.5403649916121045
687.55,0.5376357209947163
687.56,0.5524910069154305
687.5699999999999,0.5247835417875412
687.58,0.5639953503107517
687.59,0.5112418261959316
687.6,0.5748524617890985
687.61,0.49705574968207955
687.62,0.5850449077219622
687.63,0.48229005870855096
687.64,0.5945619055276044
687.65,0.46703249946737085
687.66,0.6033979738061048
687.6700000000001,0.45139718989483757
687.6800000000001,0.6115517196702989
687.69,0.43552765282599176
687.7,0.6190247653383594
687.71,0.41959913347529004
687.72,0.6258208094418264
687.73,0.40381973376930835
687.74,0.6319448139917314
687.75,0.38842982881394633
687.76,0.6374023054254332
687.77,0.373699214505934
687.78,0.6421987769854077
687.79,0.3599214979059021
687.8,0.6463391794625414
687.81,0.3474054153663302
687.8199999999999,0.6498274879624033
687.83,0.3364630592190257
687.84,0.6526663332584217
687.85,0.32739540551581015
687.86,0.6548566877432713
687.87,0.320476017014338
687.88,0.6563975974556815
687.89,0.3159342634761321
687.9,0.6572859534836833
687.91,0.3139397476965505
687.9200000000001,0.6575162978547552
687.9300000000001,0.3145897385395951
687.94,0.6570806610917134
687.95,0.31790121800249965
687.96,0.6559684309132408
687.97,0.3238086433399347
687.98,0.654166254085769
687.99,0.332167786002798
688.0,0.6516579764316296
688.01,0.3427651855075415
688.02,0.648424629480397
688.03,0.35533202311248446
688.04,0.6444444764237779
688.05,0.369560727865303
688.06,0.6396931350848657
688.0699999999999,0.38512245490601493
688.08,0.6341438015934707
688.09,0.4016837181174018
688.1,0.6277676058027611
688.11,0.4189208380784663
688.12,0.6205341379458355
688.13,0.436531366645158
688.14,0.6124121959660197
688.15,0.45424215610874435
688.16,0.6033708141153004
688.1700000000001,0.4718141678517092
688.1800000000001,0.5933806451166215
688.19,0.4890444156878383
688.2,0.5824157799462871
688.21,0.5057656054086508
688.22,0.570456098804629
688.23,0.5218440833888933
688.24,0.5574902518395773
688.25,0.5371766727355725
688.26,0.5435193639278589
688.27,0.5516868926607069
688.28,0.5285615385775424
688.29,0.5653209504772951
688.3,0.5126571933742748
688.31,0.5780437891613781
688.3199999999999,0.4958751832625876
688.33,0.5898353783963097
688.34,0.47831954783375924
688.35,0.6006873583743217
688.36,0.46013654531688375
688.37,0.6106000873590357
688.38,0.4415214060507036
688.39,0.6195801012464285
688.4,0.4227239626021011
688.41,0.6276379664666442
688.4200000000001,0.40405202347330516
688.4300000000001,0.6347864910284455
688.44,0.3858711153684015
688.45,0.6410392506025279
688.46,0.36859912023162755
688.47,0.6464093843051516
688.48,0.35269449604609276
688.49,0.650908616431852
688.5,0.3386373089970028
688.51,0.6545464639824433
688.52,0.3269032733470187
688.53,0.6573295950457293
688.54,0.31793233123415504
688.55,0.6592613087613222
688.56,0.3120947743964678
688.5699999999999,0.6603411135617268
688.58,0.30965912954481967
688.59,0.6605643866051832
688.6,0.3107665528675445
688.61,0.6599221036423635
688.62,0.31541597719961595
688.63,0.6584006352878283
688.64,0.32346268775774545
688.65,0.6559816130221474
688.66,0.3346306981536803
688.6700000000001,0.6526418765940036
688.6800000000001,0.34853687113107706
688.69,0.6483535242937892
688.7,0.36472284490208046
688.71,0.6430840993295978
688.72,0.38268994624761904
688.73,0.6367969598496995
688.74,0.40193249603436215
688.75,0.6294518975634165
688.76,0.42196599307331184
688.77,0.6210060908482319
688.78,0.44234816251721215
688.79,0.6114155029778018
688.8,0.46269233224253625
688.81,0.6006368638285391
688.8199999999999,0.48267375136684093
688.83,0.5886304031785512
688.84,0.502030163305441
688.85,0.5753635312887634
688.86,0.5205582146911272
688.87,0.5608156820150008
688.88,0.5381072310612672
688.89,0.5449845343396115
688.9,0.554571650623463
688.91,0.5278937932958816
688.9200000000001,0.5698830920898365
688.9300000000001,0.5096026177572425
688.94,0.584002720308059
688.95,0.4902166004793888
688.96,0.5969143069335021
688.97,0.4698999018827733
688.98,0.6086181796887074
688.99,0.44888768749040303
689.0,0.6191261109361176
689.01,0.4274974169665747
689.02,0.6284571059991159
689.03,0.4061368299069146
689.04,0.636634001131971
689.05,0.3853058066288742
689.06,0.6436807583908756
689.0699999999999,0.36558889320960497
689.08,0.6496203404026192
689.09,0.3476355126373331
689.1,0.6544730549382916
689.11,0.3321260876542359
689.12,0.6582552716741628
689.13,0.31972466325125337
689.14,0.6609784291197397
689.15,0.3110219290141069
689.16,0.6626482656335523
689.1700000000001,0.3064760417295072
689.1800000000001,0.6632642246387711
689.19,0.30636110700235814
689.2,0.6628189998727343
689.21,0.3107333428145924
689.22,0.6612982023383637
689.23,0.3194221995781856
689.24,0.6586801471139108
689.25,0.33204858108930363
689.26,0.6549357763057272
689.27,0.3480664112046839
689.28,0.6500287554032702
689.29,0.3668191165980691
689.3,0.643915805416969
689.31,0.38760057060957587
689.3199999999999,0.6365473640887267
689.33,0.4097109251059032
689.34,0.6278687075326007
689.35,0.4325007102100579
689.36,0.6178217100518582
689.37,0.45540026592824145
689.38,0.6063474748163071
689.39,0.47793479907116726
689.4,0.5933901295788007
689.41,0.4997274845782125
689.4200000000001,0.5789021437738164
689.4300000000001,0.5204939574739589
689.44,0.5628515744548952
689.45,0.5400315365851457
689.46,0.5452316650302048
689.47,0.5582059677892381
689.48,0.5260731661460522
689.49,0.5749377164843351
689.5,0.5054595663960649
689.51,0.5901891023189348
689.52,0.48354503669294524
689.53,0.6039529698100855
689.54,0.46057422400544606
689.55,0.6162431587004258
689.56,0.4369020155219617
689.5699999999999,0.6270867619511854
689.58,0.4130100473477827
689.59,0.6365180053095489
689.6,0.3895152385004405
689.61,0.6445735122412979
689.62,0.3671644345023941
689.63,0.6512887023876179
689.64,0.3468090914596995
689.65,0.6566950865060955
689.66,0.3293557244780787
689.6700000000001,0.6608182513296064
689.6800000000001,0.31569222908374944
689.69,0.6636763639478196
689.7,0.30659689219756164
689.71,0.6652790622917434
689.72,0.3026442262078032
689.73,0.6656266337708678
689.74,0.3041266729099618
689.75,0.6647094177307457
689.76,0.31101070419475957
689.77,0.6625074002657972
689.78,0.3229387617165972
689.79,0.6589900037264919
689.8,0.33927686340477803
689.81,0.6541161105370482
689.8199999999999,0.35919607789801455
689.83,0.6478344045736041
689.84,0.38176898373601587
689.85,0.6400841668937879
689.86,0.4060617906413623
689.87,0.6307967293466776
689.88,0.43120789629631895
689.89,0.6198978726635401
689.9,0.45645619572846535
689.91,0.607311556693728
689.9200000000001,0.4811943529051408
689.9300000000001,0.5929654859683844
689.94,0.5049517079489088
689.95,0.5767991336918121
689.96,0.5273882569551114
689.97,0.5587749450502151
689.98,0.5482758891818736
689.99,0.5388934655425558
690.0,0.5674767489495126
690.01,0.5172130073824437
690.02,0.5849219912370459
690.03,0.4938740428589533
690.04,0.6005927799219908
690.05,0.4691276280930851
690.06,0.6145043232896817
690.0699999999999,0.4433656340470008
690.08,0.6266930590636677
690.09,0.41714831313425293
690.1,0.6372067207803321
690.11,0.39122195385672054
690.12,0.6460968465204209
690.13,0.3665167966059761
690.14,0.6534132513442165
690.15,0.3441144246266372
690.16,0.6592000159047003
690.1700000000001,0.32517645123565464
690.1800000000001,0.6634926083040116
690.19,0.31083407262484086
690.2,0.6663158310069067
690.21,0.3020505827842094
690.22,0.667682358452973
690.23,0.29948254228070975
690.24,0.6675916994438795
690.25,0.30337333648961995
690.26,0.666029481685411
690.27,0.3135091669707589
690.28,0.6629670164795787
690.29,0.32925109937661456
690.3,0.658361164123482
690.31,0.3496340075363778
690.3199999999999,0.6521545905494927
690.33,0.37350456335792787
690.34,0.6442765897400727
690.35,0.39966371497556685
690.36,0.6346447518718457
690.37,0.42698513070292865
690.38,0.6231678906513989
690.39,0.4544944161285531
690.4,0.6097508098244556
690.41,0.4814074625150681
690.4200000000001,0.5943016866985963
690.4300000000001,0.5071354142505733
690.44,0.5767430621994164
690.45,0.5312673874027077
690.46,0.5570276092085427
690.47,0.5535415863639875
690.48,0.5351599075329199
690.49,0.5738129093889798
690.5,0.5112252180809244
690.51,0.5920221530803924
690.52,0.4854254533705827
690.53,0.6081694208344941
690.54,0.4581208370420702
690.55,0.622292600912644
690.56,0.42987279165954767
690.5699999999999,0.6344507536177456
690.58,0.40147932415134285
690.59,0.6447117464328825
690.6,0.3739892581095794
690.61,0.6531433127060513
690.62,0.3486780490480114
690.63,0.6598067311663719
690.64,0.32696901170915993
690.65,0.6647524326405503
690.66,0.3102933504438564
690.6700000000001,0.66801697754713
690.6800000000001,0.29990163204219145
690.69,0.6696209845659862
690.7,0.29666333178560444
690.71,0.6695677153534494
690.72,0.3009079762381841
690.73,0.6678421319534849
690.74,0.31235822276827385
690.75,0.6644103473042756
690.76,0.33017825015294266
690.77,0.6592194937694854
690.78,0.3531215918338028
690.79,0.6521981505811529
690.8,0.37973136090203763
690.81,0.6432576113634773
690.8199999999999,0.4085373304732342
690.83,0.6322944509676505
690.84,0.4382081717349933
690.85,0.6191950801673758
690.86,0.4676413299191304
690.87,0.6038432643254338
690.88,0.4959944200189308
690.89,0.5861319200481545
690.9,0.5226738905601339
690.91,0.5659808486585921
690.9200000000001,0.5472992085220139
690.9300000000001,0.5433623042264814
690.94,0.5696576194412695
690.95,0.5183361993507397
690.96,0.5896594096906762
690.97,0.4910959229852402
690.98,0.6072989023908042
690.99,0.46202359240074287
691.0,0.6226230705868039
691.01,0.4317494165390128
691.02,0.6357076737395372
691.03,0.4012033604557026
691.04,0.6466398775100951
691.05,0.3716392774905733
691.06,0.6555060171086141
691.0699999999999,0.34460522674576216
691.08,0.6623832110150445
691.09,0.32183476844854497
691.1,0.6673337289750305
691.11,0.30504954886099117
691.12,0.6704012573911066
691.13,0.29569557929456064
691.14,0.6716084350507148
691.15,0.2946743915653315
691.16,0.6709552351824828
691.1700000000001,0.30215317940945247
691.1800000000001,0.6684179482009698
691.19,0.3175233461769151
691.2,0.6639486842671688
691.21,0.33952430811770995
691.22,0.6574754832360893
691.23,0.36648670280258044
691.24,0.6489033121614366
691.25,0.3966123221770352
691.26,0.6381164711990273
691.27,0.4282130694217017
691.28,0.6249832415110687
691.29,0.4598655299550785
691.3,0.6093640142691921
691.31,0.4904763095740912
691.3199999999999,0.5911246400011426
691.33,0.5192783481553321
691.34,0.570157288202192
691.35,0.5457863365920456
691.36,0.5464115658319485
691.37,0.5697356502351751
691.38,0.5199386844148884
691.39,0.5910210469663442
691.4,0.49095047510639417
691.41,0.609643562906196
691.4200000000001,0.45989206607056865
691.4300000000001,0.6256684970793026
691.44,0.4275208877890134
691.45,0.6391942046451283
691.46,0.39497467570660666
691.47,0.6503299942449063
691.48,0.3637986351446583
691.49,0.6591810504733597
691.5,0.33589245396197637
691.51,0.6658384526780672
691.52,0.31334198908245203
691.53,0.6703727149872513
691.54,0.2981295985981418
691.55,0.6728296613378798
691.56,0.29177158346518445
691.5699999999999,0.6732278038611343
691.58,0.2949879421125926
691.59,0.67155669640011
691.6,0.30752721623544627
691.61,0.6677759986164786
691.62,0.32822017930880537
691.63,0.6618152346914979
691.64,0.3552407809335697
691.65,0.6535744961476903
691.66,0.3864707731451054
691.6700000000001,0.642926658610767
691.6800000000001,0.41984409048885446
691.69,0.629722098137578
691.7,0.4535869003675228
691.71,0.6137974436843087
691.72,0.4863305713064645
691.73,0.5949906069605242
691.74,0.5171206790262749
691.75,0.5731651517094484
691.76,0.5453628349630638
691.77,0.5482478232861726
691.78,0.5707425575249628
691.79,0.5202833055259465
691.8,0.5931440700995646
691.81,0.489509091500813
691.8199999999999,0.6125806545512934
691.83,0.45644923088142636
691.84,0.629140594696483
691.85,0.4220167306610541
691.86,0.6429480098774566
691.87,0.3875993677626052
691.88,0.6541359049497119
691.89,0.3550849555416378
691.9,0.6628283710305914
691.91,0.32676938037440867
691.9200000000001,0.6691292110568586
691.9300000000001,0.3051020528185996
691.94,0.6731148475798199
691.95,0.2922757941597084
691.96,0.6748299605428381
691.97,0.28975484494625925
691.98,0.6742848164736363
691.99,0.29790745589180384
692.0,0.6714536794988921
692.01,0.3159016103300608
692.02,0.6662740683853295
692.03,0.341913784476957
692.04,0.6586469888843873
692.05,0.3735567229003533
692.06,0.6484386832507598
692.0699999999999,0.4083519720674958
692.08,0.6354849628071992
692.09,0.4440968244312363
692.1,0.6195998909753565
692.11,0.47906126402646665
692.12,0.6005915144104027
692.13,0.5120307675488969
692.14,0.578288486422211
692.15,0.5422496187839673
692.16,0.552582608843659
692.1700000000001,0.5693203856542124
692.1800000000001,0.5234929864454623
692.19,0.5930982036793454
692.2,0.49125642000595304
692.21,0.61359972488243
692.22,0.4564436739247076
692.23,0.6309331521610443
692.24,0.42008935149998133
692.25,0.6452484519482614
692.26,0.3838021419597003
692.27,0.656703893430712
692.28,0.34979522934734564
692.29,0.6654445591767059
692.3,0.3207584653035287
692.31,0.6715890441281269
692.3199999999999,0.2995128625973814
692.33,0.6752214473367463
692.34,0.2884693262679714
692.35,0.6763866211534199
692.36,0.28904050978967266
692.37,0.675087367436916
692.38,0.3012439412058243
692.39,0.6712828650341685
692.4,0.3236882166861399
692.41,0.6648881326213956
692.4200000000001,0.35395123305748855
692.4300000000001,0.6557748539884884
692.44,0.3891689456910133
692.45,0.6437745103427575
692.46,0.42659217070913136
692.47,0.6286855777168607
692.48,0.4639505351690389
692.49,0.6102876556906353
692.5,0.49959245632502736
692.51,0.5883668496437019
692.52,0.532458287407213
692.53,0.5627584277178839
692.54,0.5619674210493507
692.55,0.5334142146195342
692.56,0.5878830462371203
692.5699999999999,0.5005020488995553
692.58,0.6101903171950779
692.59,0.4645402451202842
692.6,0.6290013825314469
692.61,0.42655715639552844
692.62,0.6444878748477133
692.63,0.3882404311898229
692.64,0.6568360103201262
692.65,0.35200376939850425
692.66,0.6662182474201519
692.6700000000001,0.32086799657087633
692.6800000000001,0.6727761493656416
692.69,0.2980673516546174
692.7,0.6766103623524922
692.71,0.2863930888895285
692.72,0.6777748677492099
692.73,0.28746094390517685
692.74,0.6762737043777218
692.75,0.3012198359604755
692.76,0.6720591913581664
692.77,0.3259578492291327
692.78,0.6650313987033788
692.79,0.3588046612551373
692.8,0.6550393302364811
692.81,0.3964722086891734
692.8199999999999,0.6418851401646716
692.83,0.43591390733865537
692.84,0.6253338530474083
692.85,0.474715265317197
692.86,0.6051326419556579
692.87,0.5112055768932056
692.88,0.5810458015026616
692.89,0.5443826869025229
692.9,0.5529139026012048
692.91,0.5737563081962386
692.9200000000001,0.5207472877155022
692.9300000000001,0.5991831032951095
692.94,0.48486265292139324
692.95,0.6207289050695097
692.96,0.4460622916189175
692.97,0.6385674430072392
692.98,0.4058319660211359
692.99,0.6529120052378323
693.0,0.36649095000293075
693.01,0.6639721904793732
693.02,0.3311764199139859
693.03,0.6719279283397385
693.04,0.3035243900199576
693.05,0.6769145292871407
693.06,0.2869873763218517
693.0699999999999,0.6790143396403205
693.08,0.2839345805353165
693.09,0.6782521365398202
693.1,0.29490728013987655
693.11,0.67459263124773
693.12,0.318426566315053
693.13,0.6679394547432879
693.14,0.35146817644968253
693.15,0.6581359414153373
693.16,0.39033703529788655
693.1700000000001,0.6449690996054269
693.1800000000001,0.4315139969607766
693.19,0.6281795796278408
693.2,0.47218561738291553
693.21,0.607482440116128
693.22,0.5104124571789054
693.23,0.5826062018536362
693.24,0.5450480620715024
693.25,0.5533608409416183
693.26,0.5755487805856917
693.27,0.5197478333149562
693.28,0.6017725035090683
693.29,0.48212391005147925
693.3,0.6238126412500954
693.31,0.4414182961826544
693.3199999999999,0.6418785429196586
693.33,0.3993713376952892
693.34,0.6562167967603743
693.35,0.35870453620521614
693.36,0.6670628408982273
693.37,0.3230641553706447
693.38,0.6746128286513002
693.39,0.29656483070122835
693.4,0.679008012596435
693.41,0.28289072752577044
693.4200000000001,0.6803263464307868
693.4300000000001,0.2842084806796313
693.44,0.6785780095164508
693.45,0.3004133363934411
693.46,0.6737031131920201
693.47,0.3291543554149914
693.48,0.6655711288976587
693.49,0.36662645892186135
693.5,0.6539828366993279
693.51,0.4086682765708954
693.52,0.6386771175883392
693.53,0.45164726386746007
693.54,0.6193470198845681
693.55,0.49289146897090136
693.56,0.5956725085476084
693.5699999999999,0.5307228316044542
693.58,0.5673812079268817
693.59,0.5642713074613499
693.6,0.534352519657729
693.61,0.5932278237653772
693.62,0.49678197335632795
693.63,0.6176238235045767
693.64,0.4554148760640072
693.65,0.6376670939744897
693.66,0.41182944202645216
693.6700000000001,0.653632372388114
693.6800000000001,0.3686870363646882
693.69,0.6657940510396174
693.7,0.3297771967606541
693.71,0.6743873606643921
693.72,0.29962885896246777
693.73,0.6795871718778839
693.74,0.2825625538061901
693.75,0.681496889355874
693.76,0.28140006775910126
693.77,0.680142728792431
693.78,0.29644226585759026
693.79,0.6754708184426761
693.8,0.32533995244718616
693.81,0.6673462746355813
693.8199999999999,0.36394709736779723
693.83,0.6555550047819318
693.84,0.4076219852542
693.85,0.6398108876032397
693.86,0.4523048190263969
693.87,0.6197736042506019
693.88,0.4950424606001211
693.89,0.5950861593314951
693.9,0.5340226097504683
693.91,0.5654461524907418
693.9200000000001,0.5683450313606897
693.9300000000001,0.530730166459266
693.94,0.5977270478383985
693.95,0.4911924330425119
693.96,0.6222480420118622
693.97,0.44774784854669564
693.98,0.6421646368904607
693.99,0.40230882140846563
694.0,0.6577912587856483
694.01,0.35805906438633855
694.02,0.6694290501139937
694.03,0.31943062025948227
694.04,0.6773263260115235
694.05,0.2915023976493965
694.06,0.6816578187075583
694.0699999999999,0.2787363186084538
694.08,0.6825142282862116
694.09,0.2834616326444535
694.1,0.6798970177610784
694.11,0.3049450525621602
694.12,0.673715954376471
694.13,0.339673588653981
694.14,0.663788984523936
694.15,0.3826578650779014
694.16,0.6498461335933035
694.1700000000001,0.42893568132640925
694.1800000000001,0.6315418053501558
694.19,0.4745682470315451
694.2,0.6084837200000545
694.21,0.5169553207511711
694.22,0.580292249392228
694.23,0.554683376900955
694.24,0.546710800547583
694.25,0.5871920286875851
694.26,0.5077934805078026
694.27,0.6144446200996715
694.28,0.4641922134859433
694.29,0.6366767195460348
694.3,0.41753390684197034
694.31,0.6542296043848774
694.3199999999999,0.37079427700077466
694.33,0.6674502547995008
694.34,0.32843394969309053
694.35,0.6766357536825227
694.36,0.29594698914725637
694.37,0.6820043777061354
694.38,0.2785957659953127
694.39,0.6836813578711367
694.4,0.2796379430043717
694.41,0.6816920230087082
694.4200000000001,0.29898977018920564
694.4300000000001,0.6759585474952581
694.44,0.3332455461787747
694.45,0.6662992424361968
694.46,0.3770444025138878
694.47,0.6524319054826474
694.48,0.4248528075083709
694.49,0.6339859146377801
694.5,0.4722195143380448
694.51,0.6105323188519444
694.52,0.516207147395638
694.53,0.581647837689374
694.54,0.5552367989124105
694.55,0.547037278965397
694.56,0.5887007040608034
694.5699999999999,0.5067463231773609
694.58,0.616577762081073
694.59,0.46149254517861193
694.6,0.6391434162047448
694.61,0.41310381573077076
694.62,0.6567811838235961
694.63,0.3649469632675963
694.64,0.6698721262167371
694.65,0.3220510848522631
694.66,0.6787351182504847
694.6700000000001,0.2904958760282682
694.6800000000001,0.6835968142481125
694.69,0.2758347527125267
694.7,0.6845773919372937
694.71,0.281038940236271
694.72,0.681683914240807
694.73,0.3051833661748152
694.74,0.6748073370570984
694.75,0.3438476789903773
694.76,0.6637224734298093
694.77,0.39093035605684767
694.78,0.6480934881747005
694.79,0.4406273571404659
694.8,0.6274917369434871
694.81,0.4886000623133423
694.8199999999999,0.6014390412418099
694.83,0.5322080327204788
694.84,0.5694985758498976
694.85,0.5701914183450115
694.86,0.531446520201853
694.87,0.6022016982282953
694.88,0.4875641980665374
694.89,0.6283959140149897
694.9,0.4390739973769091
694.91,0.6491548931581751
694.9200000000001,0.3886661089582491
694.9300000000001,0.6649117400312352
694.94,0.34088906148967696
694.95,0.6760570646864219
694.96,0.30194919016098015
694.97,0.6828907581888989
694.98,0.2784424380017182
694.99,0.685599186482982
695.0,0.2751158179394037
695.01,0.6842448937603703
695.02,0.29279322395422436
695.03,0.678761946256879
695.04,0.32796380399796343
695.05,0.6689544626243972
695.06,0.3743707562960255
695.0699999999999,0.6544997470806181
695.08,0.42538581041382784
695.09,0.6349620090361943
695.1,0.4757258457064388
695.11,0.6098292824450514
695.12,0.5220191778768798
695.13,0.578596102244066
695.14,0.5625659728879457
695.15,0.5409276678221343
695.16,0.5968109197876836
695.1700000000001,0.4969524658040174
695.1800000000001,0.6248493185908779
695.19,0.4477213214593955
695.2,0.6470745477342051
695.21,0.39580028381531684
695.22,0.663961933570622
695.23,0.3457787663082316
695.24,0.6759497146742828
695.25,0.3041934249343719
695.26,0.6833791162403304
695.27,0.27826560856637034
695.28,0.6864665474434595
695.29,0.2734307272161527
695.3,0.6852914257160891
695.31,0.2908861242579097
695.3199999999999,0.6797908387997854
695.33,0.32697393195131896
695.34,0.6697577709917636
695.35,0.3749231520613217
695.36,0.654844319289146
695.37,0.427554612791524
695.38,0.634576798929768
695.39,0.47922055979525935
695.4,0.6083976341755271
695.41,0.5264037301477065
695.4200000000001,0.5757610660347153
695.4300000000001,0.5674062282485732
695.44,0.5363258523203002
695.45,0.6017403074081891
695.46,0.4903013371208254
695.47,0.6295806654861552
695.48,0.4389887481189857
695.49,0.6513864164978891
695.5,0.3854621811053992
695.51,0.6676767859949477
695.52,0.3350877687792841
695.53,0.6789117930002584
695.54,0.29524054180572323
695.55,0.6854344946745443
695.56,0.2735563888133545
695.5699999999999,0.687445344214204
695.58,0.2749655162802495
695.59,0.684991390028248
695.6,0.2992668067941298
695.61,0.6779616818760071
695.62,0.341210478216424
695.63,0.6660864953148654
695.64,0.39302547762068085
695.65,0.6489436953061829
695.66,0.4473693102865823
695.6700000000001,0.6259828143401764
695.6800000000001,0.4989950316120604
695.69,0.5965884672685993
695.7,0.5449609262779163
695.71,0.560221271350939
695.72,0.5840727642852102
695.73,0.5166944152629724
695.74,0.6161919788808694
695.75,0.4666524204663691
695.76,0.6416966896279558
695.77,0.4122704793335423
695.78,0.6611412949204414
695.79,0.35800493784969284
695.8,0.6750683803975897
695.81,0.31085096951221247
695.8199999999999,0.6839152356999534
695.83,0.2792466409549235
695.84,0.6879717213097947
695.85,0.2702316734151444
695.86,0.6873627835215183
695.87,0.2861218790089663
695.88,0.6820412981495454
695.89,0.32323673984792456
695.9,0.6717854601088097
695.91,0.3738310817653756
695.9200000000001,0.656201741802146
695.9300000000001,0.4295362943206491
695.94,0.6347420335778863
695.95,0.4838644250261174
695.96,0.6067547193410586
695.97,0.5329285456195303
695.98,0.5716067651260771
695.99,0.5749904946912607
696.0,0.5289373463817875
696.01,0.6096743277089212
696.02,0.47912173361102317
696.03,0.6373003873632143
696.04,0.42399525970514734
696.05,0.6584508068999977
696.06,0.3677194130301985
696.0699999999999,0.6737263735439795
696.08,0.31727490916890544
696.09,0.6836253615521081
696.1,0.281616376697052
696.11,0.6884892009692636
696.12,0.26880630664642696
696.13,0.6884803471560613
696.14,0.2821980022235991
696.15,0.6835735602859809
696.16,0.31854618079186037
696.1700000000001,0.6735525743516477
696.1800000000001,0.3697935213282938
696.19,0.6580123261298599
696.2,0.4268927158189975
696.21,0.6363756259180828
696.22,0.48274857338838745
696.23,0.6079457905282996
696.24,0.5331205454311475
696.25,0.5720366858733248
696.26,0.5761398225460708
696.27,0.5282492587310436
696.28,0.6114273747113418
696.29,0.4769860959139245
696.3,0.6393506992323116
696.31,0.42026274558382115
696.3199999999999,0.6605460964842653
696.33,0.3626739436707107
696.34,0.6756567636129459
696.35,0.3118955096340643
696.36,0.6852055795915014
696.37,0.2775869455854656
696.38,0.6895398782877924
696.39,0.26800303178125273
696.4,0.6888098006190311
696.41,0.28581151178226333
696.4200000000001,0.6829600122372167
696.4300000000001,0.3265101873951781
696.44,0.6717267940790453
696.45,0.38097754185631116
696.46,0.6546420252367561
696.47,0.43976579293153556
696.48,0.6310562681776293
696.49,0.49594804826562855
696.5,0.6002092909448041
696.51,0.5456868284113592
696.52,0.5614018368754621
696.53,0.587501425177355
696.54,0.5143560078736891
696.55,0.6212892507026275
696.56,0.45987058569673567
696.5699999999999,0.6475788907519978
696.58,0.4008039133781064
696.59,0.6670801287893545
696.6,0.3430972316473104
696.61,0.6804505870254123
696.62,0.29591300830060574
696.63,0.6881886697101555
696.64,0.2695520707691733
696.65,0.6905899658965517
696.66,0.2710225453156224
696.6700000000001,0.6877311020679061
696.6800000000001,0.3000568576729694
696.69,0.6794636195528512
696.7,0.34924676739291977
696.71,0.6654130770135063
696.72,0.40817342195513906
696.73,0.6449896856072724
696.74,0.46777770897727133
696.75,0.6174313145362232
696.76,0.5223025443604346
696.77,0.5819229417514333
696.78,0.569056242661328
696.79,0.537871852001629
696.8,0.6073540461481628
696.81,0.48545526786227183
696.8199999999999,0.6375356230851633
696.83,0.4265428587691723
696.84,0.6603205341608979
696.85,0.36588729949637055
696.86,0.6764574551153334
696.87,0.3118876353961509
696.88,0.6865576409325016
696.89,0.2754788417065132
696.9,0.6910252685693702
696.91,0.2661057410270885
696.9200000000001,0.6900316416929556
696.9300000000001,0.28659178947105857
696.94,0.6835059627662726
696.95,0.3313373773358422
696.96,0.6711322514727773
696.97,0.3897100671888731
696.98,0.6523549240172136
696.99,0.4512641414223661
697.0,0.6264103659920377
697.01,0.5088153736856018
697.02,0.5924248764097078
697.03,0.5587294269302272
697.04,0.54965613295874
697.05,0.599864102407652
697.06,0.49800138706921226
697.0699999999999,0.6324120232890346
697.08,0.4389068307100991
697.09,0.6570992092842557
697.1,0.37664887101199773
697.11,0.6747388963317381
697.12,0.31938730878289073
697.13,0.686017609785867
697.14,0.2784832031366653
697.15,0.6914054361477182
697.16,0.264607536775159
697.1700000000001,0.6911231160941158
697.1800000000001,0.2819914398315349
697.19,0.6851307430362495
697.2,0.32567630828175637
697.21,0.6731237769238922
697.22,0.38465305232226066
697.23,0.6545373121163999
697.24,0.44764110368326365
697.25,0.6285760228554989
697.26,0.5067563964441868
697.27,0.59431253055879
697.28,0.5579936657654826
697.29,0.5509380605953944
697.3,0.6000936977805985
697.31,0.4983027108824851
697.3199999999999,0.6332601922939926
697.33,0.43790033005376794
697.34,0.6582722246825985
697.35,0.3742738667059427
697.36,0.6759959080176939
697.37,0.31616547819855095
697.38,0.6871544820128227
697.39,0.27569244239643653
697.4,0.6922342875927024
697.41,0.26392657197490693
697.4200000000001,0.6914514485624602
697.4300000000001,0.28462265480646814
697.44,0.6847407884440295
697.45,0.3316796085188507
697.46,0.6717521010420435
697.47,0.39309699609507137
697.48,0.6518562585356047
697.49,0.4572568062772667
697.5,0.6241831861716763
697.51,0.5164606806161364
697.52,0.5877445951899879
697.53,0.5670651400824014
697.54,0.541744364547321
697.55,0.6081268167560951
697.56,0.4862405932428488
697.5699999999999,0.6400539023493508
697.58,0.42332371925839485
697.59,0.6637301041350047
697.6,0.358693588693806
697.61,0.680055672655573
697.62,0.3026387824080076
697.63,0.6897416134876376
697.64,0.26828914564115103
697.65,0.6932302134966469
697.66,0.26586771811624116
697.6700000000001,0.6906685797773017
697.6800000000001,0.2963011740073579
697.69,0.6818999198393852
697.7,0.3505391207857394
697.71,0.6664615630620392
697.72,0.41536613311972187
697.73,0.6435983252376597
697.74,0.4797029903246828
697.75,0.6123250132715694
697.76,0.5370647094052663
697.77,0.5716136303057571
697.78,0.5848690414195747
697.79,0.5208455270369837
697.8,0.6228328560143125
697.81,0.46073013090568515
697.8199999999999,0.6516834025066547
697.83,0.39481291838565674
697.84,0.6724070821392696
697.85,0.3311398606796285
697.86,0.6858869243981536
697.87,0.282377169446162
697.88,0.6927528313840525
697.89,0.2619269457998438
697.9,0.6933289698965253
697.91,0.27652639867396794
697.9200000000001,0.6876174703491368
697.9300000000001,0.32154339562878903
697.94,0.6752928693717993
697.95,0.38421965113501694
697.96,0.6557055281339049
697.97,0.45118805964550074
697.98,0.6279162206931509
697.99,0.513338396855773
698.0,0.5908208849072816
698.01,0.5663355443897717
698.02,0.5434861013368744
698.03,0.6090593655982173
698.04,0.48589651291488734
698.05,0.6419760321646636
698.06,0.42032890266519973
698.0699999999999,0.666088343639792
698.08,0.3532246074187827
698.09,0.6823999829104819
698.1,0.29629764495676614
698.11,0.691684477140913
698.12,0.2641780531890902
698.13,0.6944007700346357
698.14,0.267266238960373
698.15,0.6906671171581766
698.16,0.30466131083045705
698.1700000000001,0.6802528384094074
698.1800000000001,0.3647881797701992
698.19,0.6625776367008793
698.2,0.43300109148363214
698.21,0.6367338358234003
698.22,0.49823408508110956
698.23,0.6015825222149216
698.24,0.5547256938765772
698.25,0.5560352604030651
698.26,0.6006470910525885
698.27,0.49972243716667386
698.28,0.63623372608635
698.29,0.43430444320469963
698.3,0.6624889395999906
698.31,0.36543937611982485
698.3199999999999,0.6805004834992758
698.33,0.30436882436049817
698.34,0.691140308804726
698.35,0.2663513008503374
698.36,0.6949534043022019
698.37,0.26371518426304724
698.38,0.6921235385178717
698.39,0.2975470343447259
698.4,0.6824630846106653
698.41,0.3568279107862184
698.4200000000001,0.6654107740263753
698.4300000000001,0.42608452580826167
698.44,0.6400500166591256
698.45,0.4931122603443399
698.46,0.6051981587835794
698.47,0.5513913949940914
698.48,0.5596815120214993
698.49,0.5987720103568018
698.5,0.5030098362389086
698.51,0.6354269771021216
698.52,0.43673717455952665
698.53,0.6624009580285231
698.54,0.36656453386851434
698.55,0.6808449701583567
698.56,0.30412060065332097
698.5699999999999,0.6916829836869726
698.58,0.26540594918555444
698.59,0.6954903882140445
698.6,0.26335298661984285
698.61,0.692457539765329
698.62,0.29886666223157904
698.63,0.6823792798304174
698.64,0.36007862628775644
698.65,0.664652762019498
698.66,0.4307608015096871
698.6700000000001,0.6382984174095664
698.6800000000001,0.49846017326468267
698.69,0.6020620867944061
698.7,0.5567708925423731
698.71,0.5547308954020793
698.72,0.6037566490299839
698.73,0.49590849884733323
698.74,0.6397643946508969
698.75,0.4275668839042638
698.76,0.6659416613311575
698.77,0.35636864330708373
698.78,0.6834816984822564
698.79,0.2953555089660075
698.8,0.6933067418972589
698.81,0.26145857441617526
698.8199999999999,0.695957916030795
698.83,0.266670473841774
698.84,0.6915640394844578
698.85,0.3092059532243492
698.86,0.6798326006729285
698.87,0.37488349021079326
698.88,0.6600497065820868
698.89,0.44700546804951236
698.9,0.6311128330687348
698.91,0.5139542430677175
698.9200000000001,0.5916738684594044
698.9300000000001,0.5703680014764184
698.94,0.5405635127022863
698.95,0.6150338189234028
698.96,0.4777990588414593
698.97,0.648665585411454
698.98,0.40650412526613955
698.99,0.6725396624802428
699.0,0.33547244379986846
699.01,0.6878468609978298
699.02,0.28015458604818677
699.03,0.6954385495076153
699.04,0.257883417717512
699.05,0.6957456035907817
699.06,0.2771481921155842
699.0699999999999,0.6887571224406808
699.08,0.3308311369211353
699.09,0.6740138537286988
699.1,0.4018685053960405
699.11,0.6506149853167554
699.12,0.4742057914779647
699.13,0.6172817814312705
699.14,0.5383473332644919
699.15,0.57259489556239
699.16,0.5907393088504441
699.1700000000001,0.5156467635707346
699.1800000000001,0.6311878542584968
699.19,0.4474869626382405
699.2,0.6608209470172347
699.21,0.3735898183496207
699.22,0.6809915835813398
699.23,0.3063441004111092
699.24,0.6928058462709967
699.25,0.2639034305566412
699.26,0.6969564705719414
699.27,0.2615292185145134
699.28,0.6936761581850709
699.29,0.300323167684355
699.3,0.6827255307430264
699.31,0.36625907355409587
699.3199999999999,0.6633906620616785
699.33,0.440814853515117
699.34,0.6345109154070283
699.35,0.5105901161242145
699.36,0.594619754678893
699.37,0.5693189726069668
699.38,0.5423907705047543
699.39,0.6155602688372939
699.4,0.47774310182455193
699.41,0.6500947300211726
699.4200000000001,0.40401418686074364
699.4300000000001,0.6743315644431318
699.44,0.3309116754954192
699.45,0.689568503809432
699.46,0.2755578386077823
699.47,0.6967122449671352
699.48,0.25659890221996645
699.49,0.6961941103766772
699.5,0.2817404854286195
699.51,0.6879494709289607
699.52,0.34124287466013886
699.53,0.6714115102515804
699.54,0.41593860512316083
699.55,0.6455231310239861
699.56,0.48941242419105807
699.5699999999999,0.6088291246381571
699.58,0.5528665607495102
699.59,0.5598105054360053
699.6,0.6035642132250202
699.61,0.49778866571088626
699.62,0.6418618853930685
699.63,0.4248690500972142
699.64,0.6691588335358449
699.65,0.3489976724074785
699.66,0.6868877702336595
699.6700000000001,0.28615076364251263
699.6800000000001,0.6961169289498503
699.69,0.256466600795309
699.7,0.6974244999706821
699.71,0.271912720610366
699.72,0.6908678556707479
699.73,0.3263003895240665
699.74,0.6759750858050892
699.75,0.40059318353981627
699.76,0.6517500420395251
699.77,0.4763674825885097
699.78,0.6167420939290824
699.79,0.5429320542374407
699.8,0.5693291380068223
699.81,0.5965482352772241
699.8199999999999,0.5085320851628855
699.83,0.6372432034462084
699.84,0.43586374627479807
699.85,0.6664059859389452
699.86,0.35845657416652654
699.87,0.6855643866774678
699.88,0.2918190181928935
699.89,0.6958941979264531
699.9,0.25694438179032925
699.91,0.698062100169782
699.9200000000001,0.2679873419635719
699.9300000000001,0.6921872244417709
699.94,0.32043740718959324
699.95,0.6778313619899022
699.96,0.3950805002435055
699.97,0.6540016881634987
699.98,0.472299109815021
699.99,0.6192147955724496
700.0,0.540430505368853
