,L_fft_um,PSS_nominal_nm,HSQ_nominal_nm,SOC_nominal_nm,TiO2_nominal_nm,fft_spectral_centroid_um,fringe_visibility_global,fringe_contrast_std,PC1,PC2,PC3,PC4,PC5,PC6,PC7,PC8,PC9,PC10,PC11,PC12,PC13,PC14,PC15,PC16,PC17,PC18,PC19,PC20,PC21,PC22,PC23,PC24,PC25,PC26,PC27,PC28,PC29,PC30,PC31,PC32,PC33,PC34,PC35,PC36,PC37,PC38,PC39,PC40,PC41,PC42,PC43,PC44,PC45,PC46,PC47,PC48,PC49,PC50,PC51,PC52,PC53,PC54,PC55,PC56,PC57,PC58,PC59,PC60,PC61,PC62,PC63,PC64,PC65,PC66,PC67,PC68,PC69,PC70,PC71,PC72,PC73,PC74,PC75,PC76,PC77,PC78,PC79,PC80,PC81,PC82,PC83,PC84,PC85,PC86,PC87,PC88,PC89,PC90,PC91,PC92,PC93,PC94,PC95,PC96,PC97,PC98,PC99,PC100
L_fft_um,1.0,0.0858813221429202,0.21176391341437756,0.1716906443355554,0.5400022696670047,0.2693851149716346,0.14069416430314435,-0.32018561875206397,-0.5675829772234936,0.015062921594512037,0.008583314990701304,0.020526090972059898,-0.009620835317120054,-0.015106610904595766,-0.02085475217790583,-0.003743576372384053,0.04804935727623328,-0.013444756911031466,-0.04271179211695753,-0.01096841147563564,-0.0844536153783802,-0.004191960375687635,-0.0029250418875433827,0.03693114774670793,0.003121867286530487,-0.01536084502172118,-0.03331563487280097,-0.02948314590747355,-0.003482050397753952,-0.010671614989940448,-0.022063666867554847,0.017115936198639454,0.009388366163274181,-4.6053974907448106e-05,-0.02659334016509849,-0.015108298719689595,0.02749783316614747,0.06482098167624627,-0.08369458553311888,0.06492003550126588,-0.011834540639037274,-0.008217698260610183,-0.014508679073493265,-0.006197748653844105,-0.007997599530720267,-0.01202877875364875,0.01595096844629922,-0.04481362705703682,-0.007701111430618317,0.01918718059402726,-0.016625712971406897,-0.020219782249481667,-0.0029434470258694278,0.003813292160708422,-0.01627686086658319,-0.02053065999476529,-0.07041727776099055,-0.009686946768810012,-0.019172779734655226,-0.012505409479641507,-0.0161259769002304,0.01296096412942794,0.05171193295461709,-0.001304569274251389,-0.03392434366298759,-0.018192985210492348,0.03506890750415331,0.04497146254187247,0.007933449828300758,0.03084534481741654,0.0014913809312467,-0.004670512871615076,0.10663389685214965,0.003218916693913331,-0.00135880773052471,0.02236544862402137,0.026630900725955895,-0.0236941762488381,-0.005917100426512458,-0.03296299856760872,-0.051421068005802845,0.01743366442902626,-0.03350524484671887,-0.04816390555556755,-0.007252195287370658,0.009074658327937447,-0.03886935928489686,-0.006060058012395843,0.017460079598550348,0.027391911105330492,0.032739835137883005,0.03253357245847954,0.011635395085940761,0.02874433880584267,0.061149813466966456,0.006459699543660768,-0.012991143444703488,-0.0399994305862677,-0.009606785192962661,0.061832187573541905,0.03623472052451914,0.0031002944065190094,-0.0009462793791024258,0.009471080174981055,0.007019055679410186,-0.0358270092176869,0.10215832365574053,-0.0002719776862817725
PSS_nominal_nm,0.0858813221429202,1.0,-0.09456959137272296,0.024544946826965796,-0.05157063588661142,0.11654943701933304,-0.04499226818718817,0.21375503576517807,-0.00307029175451522,0.04542405769160163,-0.014570737835398017,0.008561507559649663,0.03977697812018918,-0.006817710094872074,-0.008068187385459433,-0.024912999676207095,-0.10330935935335135,0.006832133422391964,-0.1337638071731615,-0.13915538407344014,0.006299096745583935,0.0005938641244096967,-0.00045617751478171757,0.038954153784792424,0.011086020995940103,0.04799602268414582,-0.004977219260491824,-0.01065437422126543,0.016127764387777185,0.006755376042525973,0.0015885159713362065,-0.0006085927062547146,-0.001727937593521894,0.006869014405062456,0.004750600375256317,0.010811961760499226,-0.01517920849995766,-0.03541145148433995,-0.03140998634107204,-0.010330180436793762,-0.0011722324209070707,0.004574673323649279,-0.007763717509761346,0.01299178260377136,-0.004769200572140018,0.006881745182164691,-0.0029978047955770415,0.0012823542651500203,-0.0018909129599848423,-0.029178723219391686,0.02218570069197731,0.0067514486504543034,0.004416571233982674,0.015594736185785746,-0.005326328897872585,-0.047931522773080985,-0.03013204435221883,-0.0780272313030186,0.012602260775854114,0.027917935893628593,0.009033743326610723,0.01024183619504393,-0.03675735104731591,-0.047491632642716775,-0.0016505956372798722,0.012592102207168903,-0.002192754228034957,-0.0011340123857537998,-0.00728820442808856,-0.0019133011508362724,0.0037995106557900406,-0.0009466671207854729,-0.0034410699519706266,0.004537955367132564,0.0008684940225960775,-0.0019336704521637558,-0.016321368636441968,-0.0034329425199311906,-0.007955889053711161,-0.009834612749976192,-0.008505437134202255,-0.03260672879024157,-0.024096875634252137,-0.04544882956112225,-0.03451522781195381,-0.038886996495327834,-0.030266341209389137,-0.03736060691720456,-0.05431783506640596,0.01712283119175159,0.0007003927822103373,-0.03380207829080323,-0.016527221646951872,0.0006781091772738203,-0.00030932543418739426,0.01831562695013957,0.009109572516673516,-0.002433197551679668,-0.011470145394222992,0.0005796763787272958,0.004840222470414213,0.015639640838140616,-0.005004551574440204,-0.01967822656542349,0.08048836678340916,0.048410328386210955,-0.011855286106504218,0.030324870787309572
HSQ_nominal_nm,0.21176391341437756,-0.09456959137272296,1.0,-0.006053085722411727,0.1247848361753119,0.30401457998003734,0.014339812721096207,-0.28255708807892665,-0.2618283549810506,-0.11077819763739216,0.027037765451156312,0.048008660980210845,0.03566476462353324,0.13718754859823182,0.009379388501607756,0.055107716061612716,-0.2118632792022626,0.027223596308095635,0.0558752357222082,-0.08223446582864555,0.032391861363440105,0.006084445199167474,0.0019232359009168848,0.1372791418204197,0.03261459286505421,0.1721048640476769,-0.025010166778185964,-0.05725682395812684,0.06961669450865166,0.02864794300689357,-0.0031827856285065134,0.0061781102923506095,0.0004302607622779248,0.009225655599405351,0.008083336309229913,0.006114232648868961,-0.018677277500888045,-0.08578148309691366,-0.12441287841000954,-0.0215216406246151,0.004933073234621116,0.01596039313010653,0.004656675831816325,-0.00979676436261628,0.015554874601545535,-0.004388356256027101,-0.014554276539535841,-0.01402038969747705,0.00578872259311465,-0.002391302013563336,-0.0008916542536386874,-0.025234685129155995,0.0025649695027829406,-0.0019967656341346447,-0.01625013092867124,0.020589255288509103,-0.006705372397858756,-0.043594020920598046,0.0028985219273363434,0.012724702636815586,0.0003026512605064819,-0.005077315189866722,0.09732372997391404,0.11087761959603325,0.006977052021292433,-0.020216205632096137,-0.0017344066081821951,-0.0020692335191092657,0.0015594923234279036,0.0013356192366138905,0.0019299184918558463,-0.0004885911912730541,0.011527146686063198,0.009374124939621122,0.0016675593805534964,-0.002051319692465344,0.0010777348620360926,-0.008845151242599603,-0.002956264190110127,-0.005614904413441793,0.007688228690983888,0.011643227098598611,0.011154531910867078,0.0040635218042596195,-0.007480126835931798,0.003917145823919408,0.016165049567673284,0.003688219338306037,0.004528957636768371,0.008271020008501646,0.005407005987322695,0.000825509635488264,-0.00403887840793181,0.0002219566420886826,0.005639182858002489,0.008284252766638791,0.010465065558868444,-0.013451305434284105,-0.013108849617762831,0.004342168522612977,0.01383463878820793,0.014069507760546053,-0.006448236404900773,-0.021227190056078524,0.11144087283736463,0.05024998326181418,-0.005184536046344444,0.03409731255678746
SOC_nominal_nm,0.1716906443355554,0.024544946826965796,-0.006053085722411727,1.0,0.04633268578376361,0.060838261199626986,0.05636383515702211,-0.6729468543843449,-0.058361278664470724,-0.1777196937501141,-0.014524199595182502,0.009078143623310643,0.05050309255128054,-0.0336239005681556,-0.0080621563664142,0.01695549664662329,0.048430112384637604,0.0036568839610225364,0.04995204994693729,-0.25982424152830047,0.032577958293787984,0.02494580363327204,0.0005404191265011678,0.14434972142834368,0.03519050423531756,0.1706122584017161,-0.003514405648783137,-0.049953081577252284,0.06712898489341425,0.035341235550798045,-0.003371461917809977,-0.001959237765857501,-0.004774750054832658,0.005897410810915683,0.005757502010802556,0.013727281071814678,-0.033096578211488197,-0.1546026719527367,-0.20776378788726838,-0.044856946863789535,-0.00034057801959188515,0.015189417611253947,0.01106821449028341,-0.010195270035129819,0.018249963130249514,-0.02365707458852857,-0.009368474214326562,-0.009509318546742447,-0.004024875729891181,0.01877223478547167,-0.012794709707400848,-0.007881664285479841,-0.000989707457779468,-0.013628205487569779,0.005994522939411296,0.04188994031969926,0.028307297835906887,0.09909492769297763,-0.008216582426561961,-0.03063312436773617,-0.018206123731898744,0.009333064437765251,-0.08527453348070653,-0.08753546816735186,-0.007655297031920443,0.016191734021152145,0.004250318833518484,0.022200658049384075,-0.00042088570350025563,0.008559526238911163,-0.006187760403455417,0.0001565478913759133,7.650261459638436e-05,-0.0037703043725421273,0.012469784288228522,0.0006833105417920762,0.0002093555034961484,0.012844842820187136,0.0027845796288352214,0.0021752428124176743,-0.0011676852289819865,0.010486447620098528,0.007910789396726643,0.02060810345443512,0.020112708123438284,0.00798721585517816,0.012137319887691112,0.019986488248143024,0.027751712731660026,-0.007039315291408736,-0.017114137838191955,0.006120945415359058,0.007168526125640619,-0.004304325901622852,-0.017376419732713887,-0.015906344056927122,-0.006349170673458622,0.006101414316241277,0.016156498475078163,-0.00918206723528513,-0.026085157765825706,-0.015650451841095626,0.007014268233959611,0.013220335397040933,-0.10155507805170393,-0.047963302540101456,-0.003080318668332174,-0.02086090166157137
TiO2_nominal_nm,0.5400022696670047,-0.05157063588661142,0.1247848361753119,0.04633268578376361,1.0,0.39298624449926045,0.3053040525422111,-0.3611143817364341,-0.8526910871040119,-0.17245271206550758,-0.0013704769935345815,0.027522981648468163,-0.06535796537818359,-0.194788191847346,0.0005188504602595008,-0.05363763638299465,0.1313442015141791,-0.016425339932771142,-0.13383644073876108,0.0749141199565397,-0.03990384022414301,-0.019799767833969494,-0.009253468757635346,-0.13295517968710308,-0.03154683437329831,-0.1630355695984216,0.010873198949542454,0.052583730367845256,-0.06672737027616545,-0.036131280137434996,-0.009981212074623507,-0.003886265010819428,-0.0029285385793778665,-0.010026061392811604,-0.011525084655995646,-0.007028841426214917,0.0142609999201998,0.0280055513969576,0.07783008293411287,0.009540509416806463,-0.0002592223337652673,-0.0005821557083062073,-0.005968186126196418,-0.0009460447970169347,-0.008718564121824162,0.004946876950659451,-0.003976804794961381,0.0005662700460652803,-0.002414558573115334,-0.002247749154622545,0.009789017737587337,-0.0058429876088705885,0.0010413866748361313,0.0020183075352648385,-0.006881513851269816,-0.016196542325605884,-0.015344731756339637,-0.05183935111669711,0.007899233929987929,0.015451902558470865,0.0007978992840457241,0.003057427644620041,0.03794938854136334,0.05966518036378772,0.0064248658629078685,0.0043447191815355335,-0.0018912692609723669,-0.006986737904164337,0.002191563769795757,0.006016162209067902,0.005019535463637229,0.0011003036799133005,-0.002849740830602797,0.0006851650083090725,0.0014641983591092388,0.0001666458175767739,-0.008652096616322043,0.001837822830352708,-0.007375301661889928,-0.006208874207486077,-0.007701894152289056,-0.019593099191665325,-0.017486695932805486,-0.02070136741934117,-0.018757971828377573,-0.017042657115409168,-0.011028927450750925,-0.012416185450847708,-0.01663235645908176,0.0032133008477651737,-0.00022916738686519053,-0.012054723538954593,-0.012778907447255496,0.0011823565714900802,-0.0009431436280128696,0.00393595258967253,-0.0006928935800697074,0.001021849791279745,-0.00186448458594749,0.0025140670576250007,-0.005878508245853969,-0.001702148795051366,-0.0019870427124930663,-0.0035559213991081143,-0.019010246450849328,-0.008899933438112325,-0.00012210680989163458,-0.00789591152623798
fft_spectral_centroid_um,0.2693851149716346,0.11654943701933304,0.30401457998003734,0.060838261199626986,0.39298624449926045,1.0,0.058317921103288914,-0.29633099888970665,-0.4691776014514791,-0.5051623444110451,0.042006001941085495,0.1860099316532918,-0.07824195882307787,0.5328664852585537,-0.000991722327077543,0.07588354434391369,-0.08453230227403266,0.00518898920377102,-0.2709839009120715,0.12040458565241154,0.008418639746041533,-0.01707673470131154,0.04307503244550063,0.06113608916776372,0.030544292751045147,0.0928503072961878,0.011427406498773796,-0.020588517627914513,0.02492350584349058,-0.010729622850919964,0.009630907785580506,-0.01678947837410505,-0.006446373890905787,0.005187563399822618,0.034824778457045236,-0.012606720274575474,-0.0002571356760266234,-0.008289831612379634,0.0019853231993493103,0.013395021826798477,0.004989537767935162,0.01685792992177181,0.0428180988428278,0.03698665858693629,0.004425020802741698,-0.011328610276391312,0.019230390570611836,-0.014102519765879385,0.012270944594408965,-0.0008367775952950585,0.005581600523824848,0.024065634585242697,0.0043570293427265625,0.01728003717010733,0.022976732343785184,-0.009101292944693517,-0.035007154630297646,-0.0631404805374946,-0.0019703823717933276,0.02386226603841066,0.011371993130157677,-0.0004445227056595731,-0.008079961278492809,-0.023419785393390406,-0.016478943124749932,0.005557303921500966,-0.005431983661243836,0.005727210475788398,-0.0081123719513211,-0.0009240466809275352,0.00025585044857498105,0.0017329300428497302,0.0006937277486886489,0.008342262941231514,-0.0018610933619791431,0.00011169591233430945,0.019817366039963917,0.014845946901115802,0.012110045772298208,-0.002640798146725431,0.002522494620364892,0.0006052153126172042,0.010115717624378668,0.010092474089652225,0.007823260581124829,0.006625414360814263,0.0016528043201588362,0.005203017210022959,-0.0035565774522594595,-0.005492759331776245,0.0060353407417456165,-0.007604514417092813,0.0024328174197597616,-0.0031275894133882287,-0.008797280458919159,0.0032432398522983037,0.006280868946407558,-0.0013242412287318072,0.001730456768818661,0.003089661002530706,-0.0035762164109718986,-0.0063246155304729585,0.000930782812403178,-0.004002604448520038,0.024729415390922743,-0.0025211595677025723,-0.007864288220063666,0.0003029699223174137
fringe_visibility_global,0.14069416430314435,-0.04499226818718817,0.014339812721096207,0.05636383515702211,0.3053040525422111,0.058317921103288914,1.0,-0.07582127990328712,-0.2239653287466017,-0.13792251576824124,-0.016552086746089663,0.0003331071279255055,0.011431432325672336,-0.17979375986309334,0.0007981009431968132,-0.03815070360437969,0.019191722161879532,-0.009186054063023101,-0.0562005368892362,-0.034071034640280454,-0.016142028082572295,-0.006945036842562151,-0.0017442667700188295,-0.03469242111784359,-0.013069370680308843,-0.03689324177492444,0.0028179428340294964,0.011651471892573723,-0.004912105344609404,-0.003572902810401702,-7.98141399821541e-05,-0.00368451067176003,-0.0010079599721058569,-0.00020534235785772825,-0.0005439897873602673,-0.008428358883593324,-0.0026435762478584208,-0.02517552746077784,-0.041640226572880364,-0.0036629596941500165,0.0010873166478781579,0.0017483112907275928,-0.00370106398373257,-0.01108120008366377,0.00046646914317993585,0.0022747887763789965,-0.0006934478761750457,-0.0023508521282037727,0.0025378107956716953,-0.006280499787374955,0.0025200300796359176,-0.006844906162673443,-0.002058944443187158,-0.0006074718157140811,-0.003343969460070933,-0.010462689152679774,-0.007815309545975447,-0.025812359657552155,0.004616480062426013,0.00944136502064744,0.0014571812420433013,0.000538091848183501,0.013884551423143817,0.02067900774976952,0.006165182946093664,0.0006959568517963748,0.002437638547101615,-0.00012155955375112587,-0.000182530665773354,0.002681923145321071,0.001788049900279689,-0.00017102464936465396,-0.007074688615432616,0.0009619544328394055,-0.004083108869407828,0.00029869637469545575,-0.007389645562499962,-0.008105102569806165,-0.011255270329282257,-0.001524031503031904,-0.00044350512219864667,-0.018259895767610425,-0.010640716999548152,-0.01794794066206929,-0.012841213031346645,-0.013798532473686042,-0.0081570750722088,-0.013885418836349977,-0.017993746575945015,0.006016030952108289,0.0030260833179988744,-0.008186538678344,-0.004217852859033418,-0.003527216568018479,0.0018323031435039487,0.007137513638302683,0.0012274203043610478,-0.0011407347996718789,0.0007193504410037815,0.0033209088311943473,-0.0031669674720930167,-0.005060576207838798,0.0004140799448302945,0.002410967779932595,-0.007851289295920466,0.0001309839912885284,0.0020200814042496754,-0.009786324010299304
fringe_contrast_std,-0.32018561875206397,0.21375503576517807,-0.28255708807892665,-0.6729468543843449,-0.3611143817364341,-0.29633099888970665,-0.07582127990328712,1.0,0.3856978817726106,0.17171971541360823,-0.12246351271787258,-0.03421687192074693,-0.00881373122148248,-0.011357507403620267,-0.0482301424925542,-0.20060507528109822,-0.042029740315847317,-0.02607902949597183,0.09264451470313843,0.14159449810758754,-0.061814871028359225,-0.054012735012344305,0.14257194149257343,-0.18871560953182515,-0.06302815389617339,-0.08010093458431664,0.06795823310433681,-0.0016052541331332563,-0.004408948630260968,0.05484550410497536,-0.07130914711299738,-0.016656000001813758,0.040460333962916976,-0.015863137677156268,-0.02079390759851326,-0.07404012109173805,0.02532322512509755,0.088301084102072,0.12476568570333421,0.025138648398378798,-0.013080693123034505,0.039662542229179636,-0.06394703030585523,-0.0047452249864637416,-0.026801862487063174,-0.015872214770754508,0.03144020100763166,0.020590899512488502,-0.0028118627543611634,-0.04144008653609949,0.023271263490211434,0.01811087822262348,0.009490810783692964,0.011697043390034285,-0.02149834086639058,-0.04654585294757128,-0.008250967790589182,0.00386175890372072,-0.00042306607642225724,-0.01077572136300556,0.0191744261319514,-0.019530229305414405,0.029933317634335037,0.032868637584724254,0.01427904307105471,-0.010711328998959154,0.0034178112364435156,0.0014754765604373446,0.004597365310336686,-0.016329193866306928,0.014277376000942981,-0.0006038090194572564,0.004026282418727376,0.03081115498818863,-0.012688955932665056,0.001296108625107096,-0.023531449162468007,-0.02865590212565266,-0.004157359852514868,-0.017769347216305385,0.003458160105163275,-0.01189942910326361,0.02049260294208685,-0.018445382464851424,-0.03302360548152317,-0.01520456997854557,0.0025238393276745034,-0.004835731985038297,0.005214179450723307,-0.0010738270043806819,0.010451407388220387,0.021985038962361588,0.004554264134012493,-0.008151585507116248,0.010536549839724681,0.003301043159283954,0.004937775133549099,-0.010576508437352803,-0.00568806540646223,-0.0019176134687778287,0.019158779206950284,0.00025123696820306753,0.010442071253241265,-0.009648741589492428,0.08432771523947026,0.044881257724967843,0.008505007329833099,0.022126580668568024
PC1,-0.5675829772234936,-0.00307029175451522,-0.2618283549810506,-0.058361278664470724,-0.8526910871040119,-0.4691776014514791,-0.2239653287466017,0.3856978817726106,1.0,-0.0037022642318116604,-0.0003086732898604295,0.0017191393168072794,-0.00439995710966474,-0.0005241288970438156,-0.0019032173623851965,0.0017439307430880443,0.0005068261186416224,-0.00017462433499615125,-0.00036701933232357383,0.0009224888727962167,0.0029556214732983322,-0.0034136416289396233,-0.006186579696607088,0.0009294712892400405,0.0031988243219922764,0.0019050498259473056,0.0017382168392860815,0.002386422102388226,-0.0005434549208965045,0.0018385089870626616,-0.00038639145686713265,-0.0028529089574829713,0.000712764915055352,0.001948594382197248,-0.0009241544956635431,0.001422855892836833,-0.005748842716369508,0.004085156271743384,-0.00030497668068561615,-0.001701246358247615,0.0004290905319308904,-0.0014227384365980088,0.004096861069503888,-0.0012609162849814334,0.0024167765052217857,-0.0027646114569968277,0.0026875126621129118,-0.002219409516793416,-0.004098335436722002,0.0008240631659111831,0.0022624658004527076,0.004375457567816524,0.0026298849910691238,-0.001449939656908162,0.004558264264210144,-0.0012628056048467708,0.003105935944959643,-0.0005086726479608078,-0.0031020858909303227,-0.0017193690229647428,-0.0028759784891486907,-0.0009890981270442416,0.00015487979504200987,0.00028762346748369643,0.0015279432004751425,-0.0015019524129912312,0.002040500520678609,-0.0031114120213167843,0.0017703946836373015,-0.004511982043006172,-0.0029586974855135193,-0.0033895599544550765,-0.003385651380843433,0.000946138414751091,-0.0030074438637558865,-0.0021969034795881444,-0.003407015433706892,-0.00425866711569069,0.0019231920462932533,0.0010754953347040486,0.0017222155959058256,0.00029230092296259476,-0.003984854574468231,-0.0008631847600382823,-0.001880283103640035,0.0012497076264824899,-0.0024036165163573496,-0.0025561674440134382,0.0010486371949171745,0.0013730555022066447,-0.004938115336425095,0.0027777328073863993,0.004822065278202315,0.0002468661305004284,-0.0006697490579444062,-0.000454332745814881,0.0008609130929037495,0.0013863029077750611,-1.7346859097711206e-05,0.0004626512282548325,0.003878435205503045,0.005776114847797676,0.0021546041139505544,0.0036158833055244654,0.0015621890302196073,0.0023482658525994246,0.0005421871843961019,-4.978308992162912e-05
PC2,0.015062921594512037,0.04542405769160163,-0.11077819763739216,-0.1777196937501141,-0.17245271206550758,-0.5051623444110451,-0.13792251576824124,0.17171971541360823,-0.0037022642318116604,1.0,0.0006298085376860142,-0.0004615828002741978,-0.004011302219757576,0.002065243753439279,2.9454435346294776e-05,0.0007155113539996817,-0.00023178392603400813,-0.0035403844295862916,0.00119729315237338,0.0007958360555097066,-0.0008053637181826744,0.004009464756502598,0.0022068288086770065,-0.004554327418270508,-0.0012208346711210737,0.0015001402130556114,-0.0013365690810499234,0.0006214958292942418,0.003186031983418574,0.00018563132524307324,0.002991450720960676,-0.0010498452182943706,0.005252584486630109,0.0008901738716878961,-0.0032151150454592325,0.0006453615156898149,-0.0011995211137827459,0.0005013988589821534,-0.0026144892316735035,-0.0007393048990931909,-0.00018267041323642534,-0.0007491404735482707,0.00036074802807985364,-0.00010405497991112925,-0.0021008213709648696,-0.0016287207597049384,0.00031536561243358867,-0.0012410519369441004,-0.001971635969723269,0.000547987630288996,0.0011952003419208794,0.00011663144954479428,0.001597332314615459,0.0011140809971896687,-0.001916717661935789,0.004264067335082057,-0.0037645573753979206,0.0005929360329381097,0.00020597709192759735,0.0017662173955491393,0.0010424209897010104,-0.0008236301415016818,0.0004880787148937934,0.0025595660521616436,0.003037094112353552,-0.0006649663178309163,-0.00141950489233249,-0.0013116967520809754,-0.0014132494630577674,0.0035295386460194,-0.0013371678874599102,-0.0006559757266616282,0.0012560726639814055,0.0008994418918189771,-0.001137567767429219,0.00181990780472941,0.001286502284312389,0.0023885151615710277,-0.0031459446274917737,0.003728652804925252,-0.0007923832883693458,0.0018226352245839922,0.0015916426513037088,-0.002754867535461248,0.002301228803223051,-0.004336790794323591,-0.0007317975037134385,0.0007655132654243472,-0.00184125328006783,-0.0024311923881269156,0.0026525687287196785,0.0003680652479906359,3.281326452135428e-05,-0.0028620140944844784,0.001154123593510436,0.001891687662729573,0.0006812408917120999,0.0007690499738430265,-0.0006642476343920383,-0.0038006868135680503,-0.0009947527980593107,-0.0019336803922725826,-0.0009744983379228194,0.0004014879484156466,-0.001047489284709617,0.0012568580534319746,0.005008868370121414,0.0025866143001551964
PC3,0.008583314990701304,-0.014570737835398017,0.027037765451156312,-0.014524199595182502,-0.0013704769935345815,0.042006001941085495,-0.016552086746089663,-0.12246351271787258,-0.0003086732898604295,0.0006298085376860142,1.0,-0.0033959721993693367,0.0015864452573189506,0.0008340219018110571,0.0007646365178599182,0.0038049665539568915,0.0011105131078711285,0.0008598911963618233,0.002972399962054394,-0.0003492566959550626,0.00031578099679156096,0.0032338368149580025,0.0006806328975812623,0.000295124347264131,0.0006588095273265492,-0.0019897464404487995,0.0007031809616707251,-0.0020409148970580372,0.0008123912959967665,0.0001184746965035311,0.0008258527150369552,-0.0002442241926497096,-0.0022797836499811523,-0.002603006349110437,0.0037589301274028927,0.0028437924087949045,0.002381465821954989,0.0017252138915533279,0.0007832318639877069,0.003931388362979129,-0.00606873525347572,-0.00119728618896889,-0.0011933847674291793,-6.178944574659884e-05,0.001009782465183613,-0.0033615634708262106,0.000183781057018114,-0.002875874362809376,0.0010259148836556686,0.0011529892262902572,0.0010439195424970908,0.0011359081478025945,-0.004315590563227009,-0.002400936822205131,0.002153685510039177,0.004631105494364457,0.0002352483840420564,-0.00198195486104339,-0.0019994159697860653,-0.0005832636759216611,-0.001065504779910644,0.00041178089383742274,0.001091064343059407,-0.004343736830060432,-0.0005193812010634014,0.0019580291120564336,-6.297632890447416e-05,0.0009337802753159503,-0.0009534174645922034,0.0003406501305454584,0.0022504229019119537,0.0013655784697496666,0.0031961636593772235,-0.0006884271318314041,0.00025569447868539264,0.0003971623385590277,-0.004458337149319319,-0.001104448918935891,0.0012074738035943897,0.002245278952461024,0.0015640168300051864,-0.0006672241176207698,-0.0015455901167165196,-0.00036173234195300907,-0.005006291910177939,-0.0009895227116264408,0.0005249427527367158,-0.0005216175095852906,0.0012891793241562846,-0.0016389569690264214,-0.0031922579661328473,-0.001446856402728852,-0.0020241015371808262,0.001275665538063354,-1.1331637138706092e-05,0.0008235220404784613,0.0019069577828465223,0.0035584691690634515,-0.0007710332992411016,-0.004415440598758713,0.0087445973040679,0.00038741126399699245,-0.0002667856167251312,0.0009544227594672676,0.00036290344896072063,-0.002378379731002578,0.002027239910827049,0.0002623011649968937
PC4,0.020526090972059898,0.008561507559649663,0.048008660980210845,0.009078143623310643,0.027522981648468163,0.1860099316532918,0.0003331071279255055,-0.03421687192074693,0.0017191393168072794,-0.0004615828002741978,-0.0033959721993693367,1.0,0.0027600014310242217,-0.0006284988021592167,0.0006604073558067489,0.0032330279952471493,0.0016752735106069522,0.003501592216251016,0.00014574775536382005,-0.0007382003884022452,-0.0006549593467910847,-0.0011403308581795152,0.0025458078786099914,0.0029026527841733004,-0.0013623020415591733,-9.996407350188652e-05,0.0018800124724883168,0.0032955676064647843,-0.0017028085468073838,-0.0011872510632825624,-0.005695859042290412,-0.0023236235488748713,0.002414444942100094,0.006220686259405481,0.0008404082910068918,0.0052981848393590224,-0.0012441809675906123,-0.0022960341661933522,0.004316885217933172,0.0016868753928884822,-0.0017416346683275705,0.0008740795412747817,0.0064604292802569446,0.0013719052509771103,-0.0004818467140995709,-0.0014294570699405662,-0.0022734457983555425,-0.002019041706996885,-0.0039039279965442917,-0.005211021943199898,-0.0020537102152462646,0.000512838424513095,0.0006558069281245754,0.00014938178799876614,-0.0037369579283997667,0.00023899812036780568,-0.00191510659866822,0.0010948271023031976,-0.0030342078625206622,0.0004253344524424791,0.0008204857934817208,-0.00038800405390395954,-0.0075562772791685036,0.0024437736626997577,-0.0015261405678078492,0.0014196195207549864,0.00040302785877560036,0.000649933606600507,0.0023761605361488,0.002708014435567311,0.0028200018218650104,-0.0018302165773927688,0.0030661000812679477,0.002105982970559291,-0.0010570667850760868,-0.0023858931978241646,-0.0003097063198254668,-0.0001912640550037991,-0.003076370879565868,-0.0024471607932013183,0.0016275683010548928,0.003607098035643774,-0.0003099295043534441,-0.0013680709536581994,0.0030600724217350146,-0.0020840935422526373,-0.0005825679204928778,-0.003813675973993685,0.002512390705852652,0.0012102556938529169,1.935758152005187e-05,0.0053620131858362115,0.00424006816963573,0.0005764042911023774,-0.0033218621440618107,-0.0011456976761615332,0.0033343681604061,0.0028144776540141156,-0.0028367180215539633,0.002485691011921214,-0.0016453681178691976,0.0010856368769028622,0.0005330402658574078,-0.0015958510778119595,0.0020592066302375666,0.001971810172259631,-0.0020281631827893764,-0.00027538221073956264
PC5,-0.009620835317120054,0.03977697812018918,0.03566476462353324,0.05050309255128054,-0.06535796537818359,-0.07824195882307787,0.011431432325672336,-0.00881373122148248,-0.00439995710966474,-0.004011302219757576,0.0015864452573189506,0.0027600014310242217,1.0,0.00039045995315556967,-0.0015130831379203103,-0.0016227692811401732,0.004329899595854905,-0.0038256683064120706,-0.0002474156129743036,0.0025149217778026507,-0.0008362525370554447,-0.00047939216280952073,-0.00028557919156882493,0.002081024674326436,0.0004006587588405178,0.002210735109820877,-0.00020498048591275825,0.0007366041362763345,-0.0018496035852456764,0.0005461736282944317,-0.0010414258751146666,-0.000801823142624234,-0.001436236676517795,-0.0003377639444355218,-0.0048943888145787625,-0.003202898470328233,0.003042463146271672,-0.0006704919141627408,0.0012700710040719622,-0.0033623833936787246,-0.0018383052925763702,0.003390245381549808,0.004461482752480568,0.0012907181244015224,-3.913511411510293e-05,-0.005656039378123645,0.003271040586412137,0.0029614298534562642,0.0016949121186108952,-0.00252409705841736,-0.0009430199339421407,0.0005110872022674158,0.0008905528804964784,0.0006535093050865269,0.0007163102350566536,4.323605892664331e-05,-0.0015901645183709944,-0.0007367637137380683,0.002259552699895691,0.004698512920059997,-0.0014738905563732223,-0.0031147066681346198,0.0018677346464031949,-0.0012397935888918176,0.00026672600037742493,0.0013140031835025944,-0.0015108027250359981,0.001851837474417046,0.002350506952626692,0.0004492170352450086,0.0006207945233141236,0.00012317840032917348,0.0011820566341125382,0.0014873023364256025,-0.003578549878390106,0.0031739373848665925,0.0003090819293265764,-0.001606760431401167,0.000428199838431531,0.00041120232802087576,1.720738152380314e-05,-0.0035729319220969397,0.0020771122330695032,-0.00014602134971820947,-0.0005807865290482735,-0.00585607654001345,0.0015934228983961768,-0.0030881801753468133,-0.003611365608972909,-7.088163128007531e-05,0.0022260964755703378,-0.003476470050927266,0.0001300038720553473,0.0028541494854252792,8.136257926983434e-05,0.0014395595925070978,0.0020524436580204664,0.0013625325264641224,-0.0011241460723224424,-0.0030655034250739468,-0.0026957701369392005,0.003068472721448664,-0.001598655780834416,-0.001430779908301828,-0.002434352513936359,-0.00101384841822492,0.0032284948381760188,0.0007323182645466387
PC6,-0.015106610904595766,-0.006817710094872074,0.13718754859823182,-0.0336239005681556,-0.194788191847346,0.5328664852585537,-0.17979375986309334,-0.011357507403620267,-0.0005241288970438156,0.002065243753439279,0.0008340219018110571,-0.0006284988021592167,0.00039045995315556967,1.0,0.0020384095465858136,5.250945541251755e-05,-0.00043176199453904564,0.0019772233317561505,-0.001250533932440417,-0.0014909868283917555,-0.0014413718932691272,-0.0004749020279420017,0.00039996831908847244,-0.0032236359428364516,-0.0028075673657357593,0.003437717516474845,-0.002119306896853854,0.0046412372047833035,-0.004229076673935028,0.001312454024041988,-0.0024362762722022267,-0.0014959471319192657,0.0007159184644523296,0.0008726842481799758,-0.0013983396290457807,-0.0013699057950313158,-0.002436484542207859,-0.0009393187468892281,-0.0011682570361205564,0.0019387991812337465,-0.0006500312093859633,0.00038801915433404725,0.0006295382601450022,-3.270699925009416e-05,0.002814322829144719,-0.0016625356438524227,-5.723252672017689e-05,-0.0018452166098787233,0.002010101934308701,0.0013641597021708163,0.0019269836765773173,0.0033336846026096444,-0.001917607801848386,0.0006318287164582462,-0.0022654545047372525,-0.003045088289173936,0.0010997025744162053,-0.0024385788267559765,-0.0037200524476645918,0.0007292900417692718,0.004117591959916981,-0.004690238715944363,-0.003806136649231512,0.003193025074080074,-0.0031487563341086205,0.002126822080766658,-0.0029501861826450623,-6.903399482743304e-05,-0.0024599801523319978,-0.0009287384555685984,-0.0011908364380400162,0.0032798764537746573,0.0004053113341191714,-0.007830840101633287,0.0010047215047569566,0.0011943324150218313,0.00142800120062329,-0.0003228537276507805,-0.0006572688184654349,0.001261814578617474,0.0021207756681019103,0.0021289832873351545,-0.003061069125510193,0.004752004250502192,-0.001076784986407751,-0.0002989743986835166,-0.0004326166617326397,-0.002008786634298059,-0.004576720431656742,-0.001518343771549241,0.0015875961434220875,0.0012012084224636685,0.004388229654937562,-0.0019512334750540776,-0.0007262106363699963,0.0007281985778461849,0.002017266356917112,-0.0002737955099896317,-0.0017223803651481326,0.004849796139119694,0.0027870000131099723,0.0015730495872776672,0.0028508650077771333,0.006513328104471886,0.005951089738180297,-0.0072760505334765755,-0.0005137460337511635,-0.0008396861902833279
PC7,-0.02085475217790583,-0.008068187385459433,0.009379388501607756,-0.0080621563664142,0.0005188504602595008,-0.000991722327077543,0.0007981009431968132,-0.0482301424925542,-0.0019032173623851965,2.9454435346294776e-05,0.0007646365178599182,0.0006604073558067489,-0.0015130831379203103,0.0020384095465858136,1.0,0.0036769614636200693,5.294917795865023e-05,-0.004420318722875375,0.005122543745202984,-0.000511300398529815,-0.0027318724354561106,0.0016338862921292914,-0.0027269968922710385,0.001451312114622248,-0.00110332785177607,0.0022962935832007768,0.005822695704925789,0.0009633731558760024,1.840078925827836e-05,-0.00323885172833633,6.503699240572145e-05,-0.0017486327596199385,7.251247247206332e-05,0.002447598087041423,-0.002270990408005499,-0.0015875769413651417,-0.00244836775866499,0.0023432753161336957,-0.001366836994546821,0.003842105552397221,0.0018581337204998244,-0.0018324785260319882,0.0020045094345078835,0.002029783102059538,-0.0021747509956001,0.003047530650161093,-0.0017741254010516564,0.0013591781193747611,-0.004162236667414946,0.005514721698215814,0.000614891204030416,-7.402113449109171e-05,-0.0018590704692284898,-0.003851546114507154,0.0017809946419454442,0.00015464783040101688,-0.000299978810051002,-0.001061643002927474,-0.003766933789412935,0.0004764893552631844,0.0003792140090445342,-0.00020385986122519646,-0.0027254762125796523,0.00012217600480640418,0.0041397907810470135,0.0002921850125492146,-0.0014460810931554414,0.006369016345162766,-0.0013719420424121412,0.004026808951529688,0.0006911983569755048,0.00128791601682597,0.0009233414252887502,0.0005061156812758027,0.0007293124653698121,-0.0005346652683488966,0.0010361565616882713,-0.00014068045904317678,0.002091245141390288,0.0013919839519974553,-0.000877574292993654,0.0032274779124066883,-0.0013148508895118565,-0.0014047093008067763,-0.003434998654304807,0.0007431118375067251,-0.0007067456417952137,-0.0021696844588601633,-0.000628419706910209,0.0012865695418993496,0.0012018069983776626,0.00017393742727426858,0.002563151599265921,-0.0019768991686979253,-0.0005223634174964035,-0.0032374623564783945,0.003714678196241497,0.0012761428493730145,-0.0028020011714588967,-0.002401870528520587,0.0009711117624666883,-0.0014144592210544827,-0.0013958416352482946,-0.000955620933716571,0.002411610270281429,0.0013057913352579704,-0.0011464307364442534,0.0025592285212203965
PC8,-0.003743576372384053,-0.024912999676207095,0.055107716061612716,0.01695549664662329,-0.05363763638299465,0.07588354434391369,-0.03815070360437969,-0.20060507528109822,0.0017439307430880443,0.0007155113539996817,0.0038049665539568915,0.0032330279952471493,-0.0016227692811401732,5.250945541251755e-05,0.0036769614636200693,1.0,-0.001953410453501806,0.0017684886884384147,-0.0017999003555997058,-0.0009814761336736024,0.004635305761442233,0.0034941516589817936,0.002878239149653997,-0.0007421979540665781,0.0005757150637546603,-0.0020841287140948446,0.0006492786917353044,0.001907554240945331,-0.0025641066365790282,-0.0018867179328460914,-0.0013969247106856099,0.001692984994796035,-0.001591266552395668,0.003863252340833939,-0.0015846909106432658,-0.002306315033020458,-0.005878444735963507,-0.0004802595865748467,-0.0002645518424675291,0.003123660182436482,-0.0016393826261945623,-0.0009003027448496827,0.0010044586653460035,-0.0023034165300202364,0.00028784807421500773,0.00372260734069546,0.00029551903746144427,0.0015738160369063946,-0.0006886262977964171,0.0008236432355908118,-0.000933226731286456,0.0030269908949278296,0.008820079780147176,0.0016263591463170106,-0.007013484023817036,0.00019224141423650754,0.004950490323922396,0.00016579664725523043,0.00039249366359084715,-0.00045751600964808717,-0.0011290605498539166,0.0024231547475688014,0.002734842065287184,-0.0029686076762645967,-0.0008932796645693004,-0.003968425251742418,0.003302297134806781,-7.910331248445263e-05,-0.000116479220309631,0.0026096648092741493,0.0047245818368924055,0.0008499461233365553,-0.0005055089407519707,-0.0019603514578562303,-0.0002782845250233183,-0.0021358065328168445,0.001188128543713066,0.0005835275912739664,-0.0028081114890669847,0.00015205918882151045,-0.004370926936266689,0.0009724731636172175,0.001245050716043869,0.005317700170179084,0.0012257724227197149,0.0007082330275782593,0.0007381629476738999,-0.0036933010948595017,0.0008046386666936288,0.003097759276128449,-0.003273982368582484,-0.005557264074325681,0.0006880842979216856,-0.0015303170671047168,0.00020197501511692924,0.0017256000799756122,-0.001363231371655727,0.0024597959448937777,0.00023687422814202568,0.0027899511825179406,0.0047499724144004175,-0.005542649201380514,-0.0005770030941891811,-0.0027382698638201836,-0.001688998134885364,-0.0012885698149713942,-0.0017970935992464257,4.293443419931746e-05
PC9,0.04804935727623328,-0.10330935935335135,-0.2118632792022626,0.048430112384637604,0.1313442015141791,-0.08453230227403266,0.019191722161879532,-0.042029740315847317,0.0005068261186416224,-0.00023178392603400813,0.0011105131078711285,0.0016752735106069522,0.004329899595854905,-0.00043176199453904564,5.294917795865023e-05,-0.001953410453501806,1.0,-0.0016395780544708302,0.00045048023143861313,-0.0014429693138588626,0.0005507149523247726,0.0009100639338712884,-0.0008567763559087565,0.001413957270880113,-0.0002153506418621987,0.0012503269811895478,-0.0016011874482139993,-0.0030791786831890298,-3.487532725584944e-05,0.0034204903111957692,0.000605172520647511,-0.002337101584108919,-0.0023062906119204127,-0.0008082178517236076,-0.0011830178890790501,-0.0003612470756011899,0.0009071737586777305,-0.0018670587097395646,0.0016024697526183438,-0.00028659067324366506,0.0015815508212412802,-0.0040162404296594425,0.0023897147950295464,-0.0033870472955069074,0.0008983062203849797,-0.0022952312588384164,-0.0019228678222304174,0.00014998037628448965,-0.004888188708224845,-0.004761221940428958,0.005077964901862686,-0.001413603127370161,0.005888047941869764,-0.0018259976228411404,-0.0006255429092936558,0.00129784441859952,-0.0006331615830379433,-0.004307401062156535,-0.002177342187625815,-0.0031276350479674223,-0.0004154274026243896,-0.002302409375609749,-0.0002441402116406067,0.001832583471241081,0.0030503977038947435,0.002853909822496634,-0.0037047701809253923,0.00328381672426469,0.0016112332589598084,0.002130607733520947,-0.0007050353843434357,0.0016124044789454707,-0.0013915497120341824,0.0003529289823503587,-0.00022526876138351788,0.0037122277846285646,0.00145663493524367,-0.0013619150425541134,0.00037906884952313146,-0.0030069170301410407,-0.0009325426754148356,-0.0002361230813645845,-0.0024174663457990175,0.004024704392990139,-0.003253882870981852,-0.0029291111657914126,-0.0006213526401459158,-0.0013085812303234535,0.000789298935051627,0.0013815950859105955,-0.0015415679884099474,0.003219692349938561,0.0005572077184587138,-0.00379925634572561,-0.001571102923098796,0.002459759777123234,-0.002535835108582842,-0.003241213975024622,-0.0018136953838379843,0.0027019369177054588,-0.00229973571477745,-0.0011849061473642771,-0.003906243792606769,0.000291611058708073,-0.0018212958082937287,-0.0019421612764288967,0.0010414898847151727,-0.0012143343434666246
PC10,-0.013444756911031466,0.006832133422391964,0.027223596308095635,0.0036568839610225364,-0.016425339932771142,0.00518898920377102,-0.009186054063023101,-0.02607902949597183,-0.00017462433499615125,-0.0035403844295862916,0.0008598911963618233,0.003501592216251016,-0.0038256683064120706,0.0019772233317561505,-0.004420318722875375,0.0017684886884384147,-0.0016395780544708302,1.0,-0.0036794884303719064,0.0033483013977514357,-0.002142235642537458,-0.005646117929169332,-0.00035707028433074734,-0.0009798580015967732,0.0007894096767327177,0.004699946624912685,-0.0015314624816294968,0.0005289795543405731,0.0004929277908146211,0.001627883492474254,0.002577750197271013,-0.00036153685745330956,-0.0007011339461171072,-0.00015443060908620847,0.0013988562630072514,-0.0013534159791869045,-0.0034328299030437397,0.003417777164819499,0.002501011921999981,-0.0037762376473692923,0.000557340129151726,0.001703194999094519,-0.0012773728843259277,0.0009346400428867602,-0.004256510161450634,0.0039511131777574485,-0.000581077251010301,-0.0015801519932835077,-0.0012526483177950597,0.0020123259860711606,-2.6036945562477017e-05,0.0018388446338504336,-0.0029092146384744532,-0.002513265736515756,-0.0025006345382805654,-0.0036866845694685634,-0.00034757236717582407,0.003690262888634934,0.0013263387772990982,-0.0011370285304726077,0.0002323541516630264,-0.0014046917383328276,0.0016114081745646515,0.002356419401585693,0.004440562641559264,-0.0029963193936048496,-0.0006717400374526772,-0.001998654245295393,-0.002301023536345857,0.0008243184156967772,0.0029810119585910668,-0.0002537344133041551,-2.0147420989070277e-05,0.0043695621142540815,-0.0029096100759423964,0.002097410545867657,-0.0006636295208582753,-0.0016493494388077421,0.001426323359738284,0.0015502665441170336,0.0004920448603724691,-0.0023130360721509914,0.0007887179210753629,-0.00046035643191148215,0.0023537134150398336,0.0045357966775063496,0.0014799338848988106,0.004263641309729776,-0.0023530482175404765,-0.0027018550535473232,0.002950427531296804,-0.003945678542105976,0.0007829018761252106,0.00012239117262707693,-0.005620052031783321,-0.002304640404967904,-0.0004227957857393828,0.0006375475352129746,-0.0013480182972179066,-0.00134771335021582,-0.0013875873039488926,-0.0016645797850247178,-0.0011022604218964634,0.002981004336441185,-0.0011780791876408816,0.0010390634102427478,2.361733837285758e-05,0.000792767431860914
PC11,-0.04271179211695753,-0.1337638071731615,0.0558752357222082,0.04995204994693729,-0.13383644073876108,-0.2709839009120715,-0.0562005368892362,0.09264451470313843,-0.00036701933232357383,0.00119729315237338,0.002972399962054394,0.00014574775536382005,-0.0002474156129743036,-0.001250533932440417,0.005122543745202984,-0.0017999003555997058,0.00045048023143861313,-0.0036794884303719064,1.0,1.536229939505211e-06,-0.004688007656975951,0.0005109162038205557,-0.00016887632221528816,0.004386965004375987,-0.0020198851975344336,0.002750262405798761,-0.004185712613337558,-0.0016851504003911584,0.0020563353185429996,-0.0037698422943054683,0.002824690655692827,-0.0014238996199103964,0.005363853075655036,0.0019964469551696116,-0.0028148771837746426,0.0008494111500787768,-0.0006365433762680521,0.00025076413810069456,-0.0047951545153577715,-0.00012142132649285432,8.244667210479893e-05,-0.0013425656109608112,-0.0008245373529825405,-0.001656302387638438,-0.0035486889611803705,-0.0009880868837891224,-0.0006682032255474345,-0.002527506281068377,-5.081811978307035e-05,0.003840917183363372,-0.001744381471257896,0.0009267411218737615,-0.003693578493548625,0.0010164564049941597,-0.0017078110700194057,-0.001518064887326501,-0.0004613655243475651,-0.0017587458035431996,-0.001619543254102196,-0.0013021066888911522,-0.0007326312230545205,-0.0018051692568957338,-0.00121408654273025,-0.001364175051798551,0.0010037502516261631,0.0005551503611687091,-0.002965925571335663,0.0028169221636825596,0.0013509130520902835,-0.0025985165184812804,-0.0038914897813409084,0.002461466685337419,-0.00430085899254136,-0.00010167217798632204,0.00010998474848247005,-4.255398227316409e-05,0.0001315450165452721,0.0019073536188553499,-0.0031867527290915304,0.002279514878171877,0.002726443026282231,0.0028807751111243835,0.0019394814564788422,-0.0014080450896897044,0.0011648807984264676,0.0004335605883865513,0.0017979652949682028,0.000987837661176895,0.0004101491647191785,0.005064122727766993,0.0015853776725495534,0.00587416407161768,-0.0006134043673928918,-0.0018403279231189343,-9.438975906392248e-05,-0.0007093952149201904,-0.002815514692182277,-0.0005357941474447343,-0.003037933888466043,-0.0025064527184618995,0.0037774179658731062,-0.002182413951480274,-0.003485440928099155,-4.3254007309430726e-05,-0.0007698390625384769,-0.0014503024943627353,0.0024833532133379426,0.0009535243525714859
PC12,-0.01096841147563564,-0.13915538407344014,-0.08223446582864555,-0.25982424152830047,0.0749141199565397,0.12040458565241154,-0.034071034640280454,0.14159449810758754,0.0009224888727962167,0.0007958360555097066,-0.0003492566959550626,-0.0007382003884022452,0.0025149217778026507,-0.0014909868283917555,-0.000511300398529815,-0.0009814761336736024,-0.0014429693138588626,0.0033483013977514357,1.536229939505211e-06,1.0,-0.005397893195975212,0.002546462712668373,0.001620609438624135,-0.001491127095405316,0.005414739221385799,-0.0015667688540958139,-0.0003394187415440401,-0.0031762719701255437,0.0022739444376937644,-0.00014312462395185807,0.002095587620626194,0.001917841754495242,0.002201483325615109,0.00014895300175172228,-0.0020198366295900794,3.244855456641873e-06,0.00025198169417299694,0.0009754177329953487,0.0008995934194499738,-0.0034397788044354307,-0.004550926062949013,0.0006755903671710813,0.0017504462669117947,0.0008290519323845235,-0.0031386369593608436,0.0003820352623521986,-0.0013430402205990735,0.0014301907050758885,-0.002268364174878436,0.000644225527960179,-0.006365359868972863,0.0024234343130553494,0.0014185158509954026,0.003851951162058983,-0.0032066366980603857,0.0052415508080052185,0.0002782773305161542,0.0002481429003786449,0.0015558736887192443,-0.0015799734577204108,-0.0010778390628673794,-0.003363470325343699,0.0003439087868831268,-0.0007120069284339473,-0.0027038691362254214,0.003176235235335689,-0.0024891465250463244,-0.0022187653177283832,0.00021212722832726622,0.0022727418483783715,-0.0022397246227858288,-0.0022776664021600273,0.003478139782098434,-0.0015381447737462118,-0.002334401611310022,-0.0018725579092837704,0.0035750840165260883,-0.0020451084106649334,0.0004286728826536283,0.0032208748053497724,-0.0011572195460059814,-0.0029872731176209632,-0.003366684186298406,-0.0007654603626799802,-0.0008350059486595442,-0.0009425833610749721,-0.003346680592213324,-0.0009045415663311353,-0.0004799069504385387,-0.0035700337619631846,-0.002308666381814456,-0.002594921136190038,-0.0007817630710563318,-0.00028515328227292553,0.001032937219427511,0.0004697504341929918,0.0006399981558167029,0.0017625598036804867,0.0012572109171042711,-0.0002458637350570457,0.0019252918986555005,-0.00036244370370031335,0.005626493171356831,-0.0003545883143199398,0.0007708684998506088,0.0007891025593388209,0.001467420962352603,-0.005074518277223032
PC13,-0.0844536153783802,0.006299096745583935,0.032391861363440105,0.032577958293787984,-0.03990384022414301,0.008418639746041533,-0.016142028082572295,-0.061814871028359225,0.0029556214732983322,-0.0008053637181826744,0.00031578099679156096,-0.0006549593467910847,-0.0008362525370554447,-0.0014413718932691272,-0.0027318724354561106,0.004635305761442233,0.0005507149523247726,-0.002142235642537458,-0.004688007656975951,-0.005397893195975212,1.0,-0.0013612437351969038,0.00048296939311456876,-0.0022136114722759535,0.003447598917094713,0.001720171525231636,0.002336742421514648,0.0006990909131723234,0.0014888221365825874,-0.002460043553350941,0.0002225444882540998,-0.0012802207262310372,-0.00023707874074059267,0.0032628890177469057,-0.0002749826956007077,0.0012025084082209936,0.0005287546738668252,-7.281639276414361e-05,-1.8062356448702264e-05,-7.327947839059888e-05,0.0022670788271465384,0.0011167419202319387,0.0026114988188681754,-0.0009560069305625843,-0.0033481130515724848,-0.0009841016698146012,0.0007043921896593332,0.001993064455661755,-0.0034233526829615868,0.00399081974443669,0.003300015790215592,-0.0017274802211379866,0.0022617543493967532,0.001704222303139775,0.0013762946584170606,-0.0015472018552573853,-0.00046485535466880064,-0.0009496345569794141,0.0006079257054608924,0.0003844610400792564,0.0023858704572677076,-0.0032793251669879808,0.0015164561162138099,-0.0021663739210929073,-0.0025405316549425403,-0.0003489602789041097,0.0002870611862669424,-0.0022023964730244682,-2.0440370569616304e-05,-0.0010681098665815967,0.001972074501861615,0.0030781362717881983,-1.0917314388563394e-05,0.0011886039363409686,-0.0005437031085113144,-0.0007972153733593947,0.0018339547539511767,0.0015083692050792525,0.0007931756221399228,0.0006151219381826004,-0.0019759386841758453,-0.003751381581125126,0.001162420362593112,0.00019105207766491783,0.002113671774390079,0.0012443677939707714,-0.00017666045972531625,0.0009701518865572412,-0.0003955076180071603,0.0018782776034574147,0.0003525536086408693,0.0024131319043613334,-0.00438494695726292,-0.002839181724459834,0.0006249223049166543,0.0008304443787553978,0.0015827551124437433,0.0016417039176321235,-0.0009670345515917953,0.000375422680470008,-0.005046040212664232,-0.005245673368168688,-0.001065076503478003,-0.0016054403311727848,0.003946240375824841,-0.0013716605968774097,-0.0008547915327817752,0.005033668195291523
PC14,-0.004191960375687635,0.0005938641244096967,0.006084445199167474,0.02494580363327204,-0.019799767833969494,-0.01707673470131154,-0.006945036842562151,-0.054012735012344305,-0.0034136416289396233,0.004009464756502598,0.0032338368149580025,-0.0011403308581795152,-0.00047939216280952073,-0.0004749020279420017,0.0016338862921292914,0.0034941516589817936,0.0009100639338712884,-0.005646117929169332,0.0005109162038205557,0.002546462712668373,-0.0013612437351969038,1.0,-0.0014531875853051079,0.003923973616070361,-0.0012279788821806452,0.0004399978617410528,0.001089639253184162,0.0006961361299935731,-0.001704860192995327,-0.0002655258495089396,0.0005702228457089377,0.0008653649546670359,-0.0007561409042906178,-0.003685910787863795,-0.0046834502601998205,-0.0007891485815263483,-0.003218211198351829,-0.0015328196494493436,-0.0023498914102842495,-0.0011654286908434836,0.0025481080389591617,-0.0007415590641354322,0.0015500947564533916,0.002316607779795334,-0.0032813315340439317,0.0006357779089296269,-0.0015535255679431314,-0.0016884466486149063,0.0027868163621848118,0.004333065939483549,-0.0035651709485373657,0.002096940227320726,-9.347845018137228e-05,0.004906850426114635,0.0029015806709955156,5.161415073485521e-05,0.001446095082112935,-0.0014681324712408855,0.001476239303047597,-0.0009491209074831753,0.00021372402144709336,-0.0012002426535740217,-0.0009134963389206088,-0.002651854634601597,0.0005178305197480699,-0.0025328063665324835,-0.002270122662240852,0.002895181641320766,0.00014193435159186071,-4.368610930449134e-07,-0.0006644422467370701,-0.000569059866535184,0.0020618435579880952,-0.0031182975551298235,-0.0006993421093899951,-0.0011162046362516484,0.002069917262549144,4.685788932604138e-05,0.0008341629957882636,0.002226870605303569,-0.002308676309166474,0.0034209246466078815,0.00037444072401112175,0.005467657067533402,0.0030254794117100642,0.0016806894270538528,0.0014032283223497262,-0.002644610204098269,-0.0002305387628476011,0.0006840742917202447,0.0022443477427874065,-0.003208243372188992,0.0042836359543915814,-0.004171747695999638,0.000212786838235994,-0.0007603895806896398,-0.0016104042856140111,0.00026859954529458434,-0.0025847532680718928,0.0005224566435385563,-0.001057704787791916,-0.0012908083250368974,0.002245641022121694,-0.00038359740214299393,-0.0025397503679722203,0.004041710085645196,0.00014258730162566434,0.004254397313411722
PC15,-0.0029250418875433827,-0.00045617751478171757,0.0019232359009168848,0.0005404191265011678,-0.009253468757635346,0.04307503244550063,-0.0017442667700188295,0.14257194149257343,-0.006186579696607088,0.0022068288086770065,0.0006806328975812623,0.0025458078786099914,-0.00028557919156882493,0.00039996831908847244,-0.0027269968922710385,0.002878239149653997,-0.0008567763559087565,-0.00035707028433074734,-0.00016887632221528816,0.001620609438624135,0.00048296939311456876,-0.0014531875853051079,1.0,0.0008414643767876247,-0.00043672850818504976,0.0005228409605107136,1.3081179069754542e-05,0.0019510455314013652,-0.0005291746858619147,-0.0010347811116471117,0.002281639890498727,0.0020980786705018023,0.0023167327493363522,0.0018033936547817825,-0.0010344618897191247,-0.0027330597140441796,0.002066871536463285,-0.0043476021312342595,-0.0015133584412818642,-0.0006086931368798575,-0.0006195998041773613,-5.435264488787162e-05,-0.0014766078335320557,0.001239790909944617,-0.004791654672578132,0.0038331666367692483,0.004348673803325854,0.0027939648405805634,0.0004028809547731709,-0.0008573017989420302,0.0006401743899675874,-0.0020832665694932168,3.818678887300014e-06,0.001024278343753521,-0.0022998635012740007,-0.0005801729388075003,0.0008331765153142861,-0.003189600790912723,0.004053367800584454,-0.004128907506113351,-0.002512738623667521,-0.0009456447955204708,-0.00028670740915416273,0.0017856582541160035,0.004350932611442608,-0.00018004643918394272,0.0012764975328793725,-0.0009562734287638195,-0.0038605290724740295,0.0012215954635014731,0.001747399620828157,0.0007351550373283185,-0.001717407025158977,-0.004326201360797614,-0.004013621417279575,-0.0008497030176166174,0.00032456225153198147,-0.003212425939396309,-0.0005426479064950214,0.0030425853615081207,-0.0016226802420234914,-0.0013286713231321252,-0.0009088299293215557,0.004335467437801201,0.0015574124402257328,-0.000978946974788629,0.0034167254008174138,0.0050244346034411394,-0.003438455679916694,-0.0017843503557355806,-0.0010925223387143346,-4.764816619310054e-05,0.0011887115171111248,-0.003081591614486343,-0.0011573091211048428,-0.00023572012541588774,0.0012003831669893234,-0.00033654019197292516,0.0018341952067607594,0.000567260989544468,0.0034678853323374084,-3.3632438305577803e-06,-0.002808654013188531,-0.0030548986670712965,0.0008731826245831552,0.001064843829250223,-0.003940957817681434,-0.0018141690936691434
PC16,0.03693114774670793,0.038954153784792424,0.1372791418204197,0.14434972142834368,-0.13295517968710308,0.06113608916776372,-0.03469242111784359,-0.18871560953182515,0.0009294712892400405,-0.004554327418270508,0.000295124347264131,0.0029026527841733004,0.002081024674326436,-0.0032236359428364516,0.001451312114622248,-0.0007421979540665781,0.001413957270880113,-0.0009798580015967732,0.004386965004375987,-0.001491127095405316,-0.0022136114722759535,0.003923973616070361,0.0008414643767876247,1.0,-0.0033007113361788933,0.0001386311442882478,0.00018951616104218505,0.0033859527555453336,0.0008397627174567081,0.0017095035435940227,0.0012128651041353193,2.299555638168089e-05,0.0007590672684305779,-0.0017967606253715494,-6.170524466647731e-05,0.0017767817140066295,0.001216395023012026,-0.002887003689731799,-0.0030100984422389244,-0.002319644684458041,0.0009095226679852695,0.0012231699358103668,-0.0023076504468050683,0.0010729250803037903,0.004590592516033558,-0.0011798507198767301,-0.004822389944178234,0.003819689659583864,-0.004603981863819483,-0.00315038725336944,-0.0030294346045956454,-0.0016877872051191812,-0.0002279879475194278,-0.003973348508161715,0.002824984589377747,0.005518875799887312,-0.0006705090433018851,0.000928551716382102,0.002872905671208152,-0.003299052645721636,-8.530516545565591e-05,0.0035239050800166065,-0.0014190947983961895,-0.0014992538029899155,-0.002550561923119253,-0.003208855248317128,-0.0011457420605225119,0.0024485191623733597,-0.0011764936236971755,0.000948757560431156,-0.002622594467770296,-0.000308045011135191,0.0013450016649082567,-0.0005793583859660708,0.0008010735328514219,-0.0015575236375185175,-0.0027791661277146934,-0.00044991674102706764,-0.0019800085503180716,0.004012320657905727,-0.0033621093981618952,-0.0018694296431165855,-0.002466239722239811,-0.0010745398577430866,0.004688295053602129,0.0005349855210565883,-0.004065988763529081,-0.005825521994366643,0.002158025081990906,-0.0012574884129247853,-0.0022547036168998626,0.0017193823467223242,-0.0003188767945569728,0.0009040256082945164,0.0016788982126447818,-0.00436926682880951,0.0017440286604271536,0.0010805184659321548,-7.048948709432494e-05,-0.0036803066408790173,-0.0018748616942185347,-0.0002975169616371413,-0.001817281027726985,-0.0016249427824977284,-0.0022733047239374927,0.0015108811156320744,0.00033416637931129814,0.00034773249980167147
PC17,0.003121867286530487,0.011086020995940103,0.03261459286505421,0.03519050423531756,-0.03154683437329831,0.030544292751045147,-0.013069370680308843,-0.06302815389617339,0.0031988243219922764,-0.0012208346711210737,0.0006588095273265492,-0.0013623020415591733,0.0004006587588405178,-0.0028075673657357593,-0.00110332785177607,0.0005757150637546603,-0.0002153506418621987,0.0007894096767327177,-0.0020198851975344336,0.005414739221385799,0.003447598917094713,-0.0012279788821806452,-0.00043672850818504976,-0.0033007113361788933,1.0,-0.0008436854953841048,0.0023485897307104976,-0.0005865908908106113,-0.0002969742295813702,0.001660223508702207,-0.001111299145482422,0.0030712216939373363,-0.0020146866451951754,-0.0012885299403924701,-0.0010798943610788533,0.0017386748097086148,-0.002093769939077941,0.0029564792091013137,-0.0032746115845521543,0.001302748936184268,-0.0018679287359891672,-0.0004021529195091357,0.0029990188001359987,-0.0002995364301052792,-0.004601902654842702,-0.0004816738144514541,-0.0018371200311261542,-0.004274965232033278,-0.003628403519611551,0.001717717254600757,0.0016931991527053434,0.0007364209513494863,-0.0004103898658385631,0.0037022331404760883,0.0018523716866558114,-0.0022819824231102414,-0.0009111724379269279,-0.0012643898658866088,0.0030158924706606867,-0.00014311081987400476,0.0024504801479491756,0.001548405703048826,0.0025320510814686287,-0.0018285114486164082,-3.64682933031944e-05,-0.0018692542594842948,0.00018904171169761245,-0.0024829780301023866,-0.0018860491732931785,-0.003075739941320521,0.002122606987299756,-0.0030267372012176457,-0.00033531051710451975,0.0005154581611666527,-0.0019809459725617855,-0.0005477111783237321,-0.0018798948515474359,-0.000409062185288026,-0.0018360801186095939,0.0010196821245610278,-0.0005445216525443405,-0.0003954467540467036,-0.0020112274705642555,-0.005120059221905696,-0.001622617044924861,-0.0014122898860309428,0.00024239977528402526,0.0005244915008786222,0.00038392284789286435,0.0010153266192525694,-0.0010121101022558864,0.00222646542229384,0.0023491495728872173,0.0051918315081083575,-0.0005110848998454977,0.0033296472132531623,-0.0003351084579635666,0.0017185802022560669,0.0009240093540152059,-0.00018946484482394957,-0.004032596347107706,-0.0008507897965345197,-0.00039434446611414606,0.0012919130758644378,0.0001539848436638242,0.00509268286030536,-0.001195720422181415,0.0014116456928912862
PC18,-0.01536084502172118,0.04799602268414582,0.1721048640476769,0.1706122584017161,-0.1630355695984216,0.0928503072961878,-0.03689324177492444,-0.08010093458431664,0.0019050498259473056,0.0015001402130556114,-0.0019897464404487995,-9.996407350188652e-05,0.002210735109820877,0.003437717516474845,0.0022962935832007768,-0.0020841287140948446,0.0012503269811895478,0.004699946624912685,0.002750262405798761,-0.0015667688540958139,0.001720171525231636,0.0004399978617410528,0.0005228409605107136,0.0001386311442882478,-0.0008436854953841048,1.0,-0.0034140607652781785,0.0002612073669405077,0.0016636422994653422,0.005979982103414127,-0.004048399246747078,-0.0032078031777322993,-0.0043448800316002465,0.0029843566500691865,0.0015512265630200975,-0.0009607251323814538,-0.001020219054578281,4.2803511105871015e-05,-0.0007559866623288441,0.0008600734482016178,0.0012472106565069576,0.00758725345429554,0.00015551305812836212,-0.004113342189314629,0.0029346845907142764,-0.005696279753633915,0.0009504108329909902,-0.0010186045477944222,-0.0007378169027124782,-0.001265775596578657,-0.00144938393481886,0.0012086747869244866,0.002206467107776631,-0.004345398459559159,0.0025771034692695922,0.0003354969933061856,-0.0026013599834198674,-0.0009293359994937148,0.0018426325767675394,-0.0013736311263588272,0.0005653792471113636,-0.00037085674602129636,-0.002147929649519781,0.0035283195753270987,0.0006451414555578462,-0.0013431569288432916,0.0023093317982623178,-0.0047432063184713125,-0.0035784582112718508,0.001389917673495134,-0.0034847580467186573,-0.0032877250778760633,0.001934274963804575,0.0009608296539305109,7.105068111671811e-05,0.0014983150840498101,0.0036746151973133137,0.004455051203143497,0.0020124640365952575,0.0016867463938443877,-0.0014580215488577736,-0.003950878908090827,-0.0011378314978179034,-0.006605381328043488,-0.0029573521805143534,0.0034498157660336304,0.0010468796476389578,0.0021587742552312337,-0.002159840689905941,0.0022029629133200716,-0.0006931736578799439,-0.0026653399514392465,0.0028851665443318823,7.821119419518715e-05,-0.0011322977741724306,-0.001260218212363136,0.0018788245803079522,-0.0003665249973493122,-0.0011488090799401521,0.0006557860755312275,-0.0006579245950466432,-0.0009528889926538502,-0.007096499642983087,-0.002667056613930183,0.0016892371064195699,-0.0019805537237258136,0.001287066861554939,0.00660853676160616
PC19,-0.03331563487280097,-0.004977219260491824,-0.025010166778185964,-0.003514405648783137,0.010873198949542454,0.011427406498773796,0.0028179428340294964,0.06795823310433681,0.0017382168392860815,-0.0013365690810499234,0.0007031809616707251,0.0018800124724883168,-0.00020498048591275825,-0.002119306896853854,0.005822695704925789,0.0006492786917353044,-0.0016011874482139993,-0.0015314624816294968,-0.004185712613337558,-0.0003394187415440401,0.002336742421514648,0.001089639253184162,1.3081179069754542e-05,0.00018951616104218505,0.0023485897307104976,-0.0034140607652781785,1.0,0.001682732728057126,-0.0027203354485709477,-0.00247643481787587,-0.0021074680958769665,-0.003106701987498601,-0.0006304676236935981,0.002393895401359572,0.0011780228566556855,0.00027207680078837355,-0.0017759226211654698,-0.0019081929629933268,-0.0013442731351482903,-0.001490087791792631,-0.004042224359418229,0.00016605523056377412,0.0008542859775296158,0.003184429819634331,0.003859579806224294,0.0020965938338837102,-0.00424445095448216,-0.004124546413809328,0.0007598349704564724,0.004067621486603393,-0.001053669046067841,-0.0016546689402309937,-0.00038033098099829097,0.0009111689918191064,0.00012164581821812981,0.002298728623140416,8.660654065453166e-05,0.0008211410683560212,0.001380070030905847,-0.0034513110284955517,-0.0007199326671041307,-0.001097357635824638,0.005992445059653339,-0.0005176683230456439,0.001717342938607879,-0.0034935983379119203,-0.0012782129092740757,-0.0012939453965407262,-0.0024443474161299087,0.0071034698121662,0.007399386814893881,-0.003473307826121435,-0.00121376371528882,-0.00026947937634403237,-0.0020279134246475403,0.0035658313060452224,0.0008407372256338629,-0.0011783604726113164,0.002991668160535903,0.0005866698193641712,0.0017893952991347517,-0.0024018325084811496,0.002679525529264112,-0.0018477056882933336,-0.0038269073904539375,-0.0008072993619548248,0.003565851094473282,-0.002922163562502862,-0.003434148576956044,-0.0004394972018511335,-0.0013831450434333245,0.002362917553101973,0.00236727456738927,0.0011536888626828105,0.0006287741739465561,-0.0011440786793149593,0.0017564509068914921,0.0004748619470772013,0.0006938808547949671,-0.0031173922683321,0.0027382050959780585,-0.003521958269736341,-0.00035468146116077463,-0.00029255865887427496,0.000730218162417163,0.00028684765209925617,0.001721213693957204,-0.0015281021069959563
PC20,-0.02948314590747355,-0.01065437422126543,-0.05725682395812684,-0.049953081577252284,0.052583730367845256,-0.020588517627914513,0.011651471892573723,-0.0016052541331332563,0.002386422102388226,0.0006214958292942418,-0.0020409148970580372,0.0032955676064647843,0.0007366041362763345,0.0046412372047833035,0.0009633731558760024,0.001907554240945331,-0.0030791786831890298,0.0005289795543405731,-0.0016851504003911584,-0.0031762719701255437,0.0006990909131723234,0.0006961361299935731,0.0019510455314013652,0.0033859527555453336,-0.0005865908908106113,0.0002612073669405077,0.001682732728057126,1.0,-0.0020756116697887086,0.00028729428860149584,0.0023518137061544647,0.0011868780139104,0.00043717423850386463,-0.0026985551138561615,-0.00029481775252074456,0.0010184853386719294,0.0008643989510206488,-0.0013388405901459627,-0.0020161779434540897,0.0009508960279769122,-0.0005087998967619622,-0.0024964473179962593,-0.000917762018456264,-0.004239777174411905,-0.0001833687777609659,-0.001124893292164303,0.0011837306930193533,-9.514709041088763e-05,-0.0028348482606552834,-0.0014048493538209685,-0.0007096178562143515,-0.0003881697973945944,0.0018644327717029414,0.0010104939138017958,0.0004738381114095198,-0.0016290575495666636,0.00026373136817342514,-0.0001982161764302101,0.0008244720266257804,-0.0035682868139820106,0.0014166256248790046,-0.0012422987912108455,-0.0007247703059174958,0.002225994337517203,0.0028084342243003837,-0.001260351177706459,0.0010551495583640226,-0.0030280119814353602,-0.004305211468649991,-0.0010871420429657288,0.0021112884706844283,-0.0015328357243857783,0.004673823528956026,0.0015056453189233078,-0.00046896526530235165,0.0012146992332181812,0.0013203292949905793,-0.0002663434384327802,0.0027424855027377653,-0.001890762148932603,0.0031464753752923737,-0.0009996535857691555,0.0013560320257290297,-0.003533164950376772,-0.0027976655843409033,-0.0008120865896055964,0.0018861761696428484,-0.003850148146810713,0.0006494042698874777,-0.0035871210869630075,-0.00397391843169539,0.0005202908602373899,-0.002097100443422142,-0.004119145761264514,0.004188053120649144,0.0020985698105579825,0.0006807934152698162,0.001656706381401045,0.004258836261486302,0.0007681640590323547,-0.00021747256016276155,0.0025435774537671974,-0.0030493224354329117,0.0035423326755423127,0.00030401459346192616,0.0010891708516820502,-0.0006227158777452486,0.002703055243969946
PC21,-0.003482050397753952,0.016127764387777185,0.06961669450865166,0.06712898489341425,-0.06672737027616545,0.02492350584349058,-0.004912105344609404,-0.004408948630260968,-0.0005434549208965045,0.003186031983418574,0.0008123912959967665,-0.0017028085468073838,-0.0018496035852456764,-0.004229076673935028,1.840078925827836e-05,-0.0025641066365790282,-3.487532725584944e-05,0.0004929277908146211,0.0020563353185429996,0.0022739444376937644,0.0014888221365825874,-0.001704860192995327,-0.0005291746858619147,0.0008397627174567081,-0.0002969742295813702,0.0016636422994653422,-0.0027203354485709477,-0.0020756116697887086,1.0,0.0029671516417290114,0.0024372170140573766,0.003433978480614818,0.0031940424190081123,-0.0034549977229981718,-0.0007805666008892493,-0.0002738540921885492,-0.0004761223722951747,-0.0007235484961534103,0.005106808618743072,0.0020903056780160367,-0.0024969067797563386,0.001082281244599468,-0.002384529350970356,-0.0013716291792055058,0.00023079625525178292,-0.0018761604935989952,-0.0009558367673721517,-0.0001979233176467566,-0.0015821334556593177,-0.001635566514515885,-0.00421389518971699,0.0018054058623678862,0.0025960831267966417,-0.00028313738794441204,-0.00456748592665754,-0.0038413974338836524,0.0006973082970416264,0.002879623581848921,-0.00116764013570758,0.0019534355238035725,-0.00020224161308689015,-0.0011477231131889211,0.0011213953063468,0.0008688296366730988,-0.0001826541364557731,0.0026540922105993104,0.0027274324718662177,0.0037717259082329876,-0.0030961063781410453,-0.003235198442036988,-0.0039871053107058685,-0.0005571053354208842,-0.002305271520276003,-0.0019271748071297526,0.0022737544172769775,0.0005945638368411597,-0.0019520183814410955,0.002693508642089855,-0.0034989273222547526,0.0018264073000265107,-0.0006964252243558069,0.001659324674914134,0.0025195132210829997,3.441741281676123e-05,-0.003502789788187107,0.0024450384792631032,0.002329608753074601,0.00029575876191894745,-6.302152082686809e-05,0.003289469331772556,0.0018366992805668623,-0.0005433877740350297,0.0008954251434116801,0.0013792265644385537,-0.0006968026297326318,-0.001537043076336295,-0.0038760035743499073,6.193131809424384e-05,-0.001963009964418686,-0.0009952664958199743,-0.00036825259601820854,0.0003627199447593645,-0.002664655663615391,0.0009365243787464255,-0.0014412450851551749,-1.6832992915101485e-05,-0.0006348474416451996,-0.002751776757599546
PC22,-0.010671614989940448,0.006755376042525973,0.02864794300689357,0.035341235550798045,-0.036131280137434996,-0.010729622850919964,-0.003572902810401702,0.05484550410497536,0.0018385089870626616,0.00018563132524307324,0.0001184746965035311,-0.0011872510632825624,0.0005461736282944317,0.001312454024041988,-0.00323885172833633,-0.0018867179328460914,0.0034204903111957692,0.001627883492474254,-0.0037698422943054683,-0.00014312462395185807,-0.002460043553350941,-0.0002655258495089396,-0.0010347811116471117,0.0017095035435940227,0.001660223508702207,0.005979982103414127,-0.00247643481787587,0.00028729428860149584,0.0029671516417290114,1.0,0.0010554317672809268,0.0013856652935053267,0.0006215004126896792,0.0029837399783251297,-0.0036621463445605956,0.0028454759335600397,-0.002670048915221477,-0.0019001585503182895,-0.0003213325753536996,-0.001659911562481139,0.003551709534325102,0.0012221115348075,-0.0028974612110538233,0.0009644898759035057,0.0012021984243138384,-0.0054070746877852805,0.0005095127397754629,-0.002751594760879459,0.0047877200283573985,0.0034634809401641133,0.004160890611816339,0.0015669903514537128,0.0009559287419804767,-0.0015060044786265807,-0.0012781764023558637,-8.47946612461912e-05,0.0025980461136687646,0.0016577510117421076,4.347645958755229e-06,-0.0004954367299685938,-0.0003804727917428094,-0.0029664192692647542,0.00011572972638644664,-0.0026705008712917715,-0.001087786106881011,-0.005620304693374818,0.0010797535534490164,0.0011636281836224223,-0.0006248995155210077,0.0005991099832053106,0.0002991549572424581,-0.00480646485213521,0.0002446593175054744,0.0006748351520337126,-0.0016061917184550434,0.0004491242692577659,-0.0016081059357089204,0.0037501807596336586,0.002409913026190385,-0.003213328106962822,0.0020952311049097054,-0.0026220750949127133,0.0005486928851187216,0.0006263356055462301,-0.0007741002500676232,-0.0010089890517776389,0.0015270705418276465,0.0020357650333226803,-0.0010845582935221302,0.00270919588314672,0.001964776639087605,0.0029141900380222846,0.002733726767091741,-0.0005935291497180567,-0.00039325047656365344,0.0016145251610064895,0.0025873239867090646,0.00031410059432019277,9.048171495983823e-05,0.00018788340085181178,7.78355404753334e-05,-0.000655022009425744,0.0023759299327066183,-0.0012761035076859447,-0.00036177451441179054,-0.002842788909984673,-0.0022952678094568693,-0.001267128958414779
PC23,-0.022063666867554847,0.0015885159713362065,-0.0031827856285065134,-0.003371461917809977,-0.009981212074623507,0.009630907785580506,-7.98141399821541e-05,-0.07130914711299738,-0.00038639145686713265,0.002991450720960676,0.0008258527150369552,-0.005695859042290412,-0.0010414258751146666,-0.0024362762722022267,6.503699240572145e-05,-0.0013969247106856099,0.000605172520647511,0.002577750197271013,0.002824690655692827,0.002095587620626194,0.0002225444882540998,0.0005702228457089377,0.002281639890498727,0.0012128651041353193,-0.001111299145482422,-0.004048399246747078,-0.0021074680958769665,0.0023518137061544647,0.0024372170140573766,0.0010554317672809268,1.0,0.0019518777278455625,0.001618847251726715,0.0045867403468860595,0.0016473330605548833,-0.001951149718145732,0.0032999199585700793,-0.000640881207468152,0.0025075315893622915,-0.00015151065799783828,0.002239062074727561,0.0020674061474802823,0.0004432364455115839,0.0004942786702747607,-0.0013307432224602992,-0.000706679943519368,-0.004204120793585373,0.0032130237297007215,3.799562840133502e-05,0.0005714103569167098,-0.00021053927875092378,0.0033445475675213414,0.0026314198894427545,-0.0027022020969014594,-0.0001992120522139181,0.0025029299465712993,-0.0015912948747030468,-0.0007896718376866791,-0.0032062487733395474,-0.0005858627286487954,-0.001672870697015072,0.005688706071348901,-0.00042811468795124225,0.002973013521944948,0.00505601696385158,-0.002974952353635075,-0.0028712105505821275,0.0010018631221427351,-0.0017481646542547183,-0.0006136649314451247,0.0020763193279442417,-0.004149046361032141,0.004136948526502301,0.0032477239548562827,0.006346881781850041,-0.002385076909618255,0.0037563710800833125,0.0016330437190021903,0.0017179421703171817,0.00526442885179823,0.0006629681762922902,-0.002384120981532114,0.000860685753364826,0.0007944556156623213,0.0034749494517061197,-0.0025669342864171854,0.0030260872174022817,-0.004335089257428449,-0.004165419237011651,0.0007380962367077807,-0.00417294841638433,0.002745248470564875,0.0001882248235308257,0.00757302274379859,0.001854847543902585,0.0014296868505174493,0.002555770221210768,-4.3593696832722995e-05,-0.0005161251845683994,-0.006246782665958466,0.0014784023320883466,0.0024807887808025765,0.0016570534622760843,-0.0014271614479896314,-0.0008620022187406665,0.0021244861372441454,0.001898332389653874,-0.0030355963920612804
PC24,0.017115936198639454,-0.0006085927062547146,0.0061781102923506095,-0.001959237765857501,-0.003886265010819428,-0.01678947837410505,-0.00368451067176003,-0.016656000001813758,-0.0028529089574829713,-0.0010498452182943706,-0.0002442241926497096,-0.0023236235488748713,-0.000801823142624234,-0.0014959471319192657,-0.0017486327596199385,0.001692984994796035,-0.002337101584108919,-0.00036153685745330956,-0.0014238996199103964,0.001917841754495242,-0.0012802207262310372,0.0008653649546670359,0.0020980786705018023,2.299555638168089e-05,0.0030712216939373363,-0.0032078031777322993,-0.003106701987498601,0.0011868780139104,0.003433978480614818,0.0013856652935053267,0.0019518777278455625,1.0,0.0024497584462054587,-0.006290417878362471,-0.0021978832958806055,0.0003070286939681085,0.0027080953145512832,-0.005066744907648716,0.0009186937387823437,0.0014578007074966602,0.0008453191935360951,-0.0016147253875303117,0.003899929356854083,-0.0017328575521748128,-6.667854239423646e-05,-0.0015023353065266062,0.005647137853843515,0.00015368060788861052,0.000715482087002152,-0.0005836505332417819,0.0040000901078992585,-0.0011138320963154013,0.0006779136437915321,0.0015216569142696397,-0.0004924516498529825,0.002040593645885646,-0.0017538785251388876,-0.0018396339192692601,-0.0038015949367111164,0.0013492293833114917,-0.000927667782955172,0.0029574726633370403,0.0019014686103630688,-0.0006201424657422669,-0.0009077269368103607,0.0011119120121251228,0.0009672204649743918,-0.0032309714859234343,0.0017866703177753514,-0.0016966803932274043,-0.0010409755110217086,0.0007704570028567495,-0.00239250571701569,-0.0010055390967429263,-0.00527469053129635,-0.00019918430573947148,0.0005276853153365772,-0.0003793285774119063,-0.0023514927883996075,0.002029207481878443,0.000234875806809334,0.0011688565206048383,-0.0009193464923564329,0.0015284751440349722,-0.0010887105487504597,-0.0022178130551183117,0.0012269694241649302,0.002975689294638404,-0.0035912129984159258,-0.004107441671988962,0.0007188010996060459,0.0018954863326904928,0.00443337178711874,-0.0003120004617621907,0.0023498655942749054,-0.0015729171930240397,-0.00022759939580007039,-0.006935800967295503,-0.0023886628688756717,-0.0016175024931060315,-0.00125234054887962,0.00042187156935866627,0.0031228859747661967,0.0028996298101185082,-0.0004701053238006918,-9.496654476418129e-05,0.0015488963499962162,-0.0015080716529755828
PC25,0.009388366163274181,-0.001727937593521894,0.0004302607622779248,-0.004774750054832658,-0.0029285385793778665,-0.006446373890905787,-0.0010079599721058569,0.040460333962916976,0.000712764915055352,0.005252584486630109,-0.0022797836499811523,0.002414444942100094,-0.001436236676517795,0.0007159184644523296,7.251247247206332e-05,-0.001591266552395668,-0.0023062906119204127,-0.0007011339461171072,0.005363853075655036,0.002201483325615109,-0.00023707874074059267,-0.0007561409042906178,0.0023167327493363522,0.0007590672684305779,-0.0020146866451951754,-0.0043448800316002465,-0.0006304676236935981,0.00043717423850386463,0.0031940424190081123,0.0006215004126896792,0.001618847251726715,0.0024497584462054587,1.0,0.0010630930334159054,0.00279986483325393,-0.001178560392699679,0.0025266872301568837,0.006446469527904765,0.00046106218054761135,-0.000653216993147902,0.001802420959736437,-0.0016291319940537812,-0.00021514328300037758,0.002425665610245294,0.0009014068735145115,0.0025662945467360217,-0.0012456463801277797,-0.000495671045092947,-0.00023028805576813242,0.0031092449144957722,-0.004332299610120746,0.004578502012760333,-0.002659392039256544,-7.285699275312062e-05,-0.004782312755208615,0.000881166706260781,-0.0030716865932866565,0.0009278968181549958,0.002697502542133518,-0.001995575652255299,-0.001046189334151236,-0.0011044117806557278,0.004378039022289336,0.0008463230060232901,0.0009698257230809147,0.0015608824186354592,-0.004533025447772818,0.0015643069087025773,0.0016159103643027613,-0.005352759004362921,0.0019883811877025232,9.072726290279084e-06,-0.0017465297999873079,0.0008264292087119444,-0.0004449509567659871,-0.0036749258872170705,-0.0025940660660187416,-0.0008761448511259241,-0.0012455255516159382,-0.0031467575165458946,-0.00021504293151399154,-0.0017035731570331438,0.0035319970537407647,0.00037441069052176687,8.59560659001484e-05,-0.00026931159347806714,-0.0013370439608904618,-0.0006475050293568903,-0.002931852200081882,-0.0033620479408346038,-0.002210768648816933,0.002168741135429021,-0.0017691693217426257,-0.001311136053840083,0.0021997511347093546,-0.002113736397724476,0.0013259381385547337,-0.0015196582195069063,0.0022391769891715436,-0.0010765526707414905,0.00047981748607173934,0.0010456119445705417,-0.002740361138331055,0.0027123533805263303,0.003161764270340349,0.0014160595066150955,-0.0013953712816699142,0.00036733811136520925
PC26,-4.6053974907448106e-05,0.006869014405062456,0.009225655599405351,0.005897410810915683,-0.010026061392811604,0.005187563399822618,-0.00020534235785772825,-0.015863137677156268,0.001948594382197248,0.0008901738716878961,-0.002603006349110437,0.006220686259405481,-0.0003377639444355218,0.0008726842481799758,0.002447598087041423,0.003863252340833939,-0.0008082178517236076,-0.00015443060908620847,0.0019964469551696116,0.00014895300175172228,0.0032628890177469057,-0.003685910787863795,0.0018033936547817825,-0.0017967606253715494,-0.0012885299403924701,0.0029843566500691865,0.002393895401359572,-0.0026985551138561615,-0.0034549977229981718,0.0029837399783251297,0.0045867403468860595,-0.006290417878362471,0.0010630930334159054,1.0,-0.0007743450627707316,0.004066432510817841,-0.0014893397048728254,0.0015130509658050773,0.0038822945987022385,1.7937244610186284e-05,0.001520913490751412,0.002934340151632851,6.897313947900122e-05,0.0003776082788764437,-0.00058291870632352,0.0033775175247285393,-0.0005603832513923399,0.0009439462851224883,0.000986694397561637,-0.0041316380317781756,-0.0021282029298241626,0.0006483937465235103,-0.0012105808627161316,-0.0020223416721989527,-0.0009371520041022536,-0.000503788922881281,0.0020468327844443204,-0.0011515395899579226,-0.0004916998239305255,-0.0014575312574251547,0.0025133660462195143,-0.0040394511668227885,-0.001645203112696307,-0.002052060129124279,-0.0012550012276602868,0.0034174262143430987,0.0026694089841018645,-0.005146090457832366,0.0029982421519240596,-0.0012847635857793146,-0.0018780043927341704,-0.0002869688000069739,-0.00013440220684309736,-0.0024441485098823843,-0.0016215172751865745,0.0025956943318830097,-0.004374841119099245,0.003769744139823794,0.0011103094298132727,-0.0004346279663808531,-0.00449722285390509,0.002065153890677518,0.0017521196550581038,-0.004567675038557167,0.0007490414413856834,0.0006309112512769124,-0.0018374501142803675,-0.0022328484807987376,0.00024006248095592426,0.002778272664098119,0.0035698606088738543,-0.00013575810694689327,-0.002024601792006694,0.0026117300314288886,-0.0005228552297160196,0.0024483851013745667,-0.0027279093318470665,0.002217020750946731,-0.0015288814834110793,0.002837841413073167,-0.004182346422742634,-0.0037108585454040006,-0.003045760710581652,-0.004294834113111015,0.002383294396990153,-0.0015154923405556748,0.0030126680791207534,0.001953212596826641
PC27,-0.02659334016509849,0.004750600375256317,0.008083336309229913,0.005757502010802556,-0.011525084655995646,0.034824778457045236,-0.0005439897873602673,-0.02079390759851326,-0.0009241544956635431,-0.0032151150454592325,0.0037589301274028927,0.0008404082910068918,-0.0048943888145787625,-0.0013983396290457807,-0.002270990408005499,-0.0015846909106432658,-0.0011830178890790501,0.0013988562630072514,-0.0028148771837746426,-0.0020198366295900794,-0.0002749826956007077,-0.0046834502601998205,-0.0010344618897191247,-6.170524466647731e-05,-0.0010798943610788533,0.0015512265630200975,0.0011780228566556855,-0.00029481775252074456,-0.0007805666008892493,-0.0036621463445605956,0.0016473330605548833,-0.0021978832958806055,0.00279986483325393,-0.0007743450627707316,1.0,0.004523692133272827,0.002777087074420639,-0.00038505493056703827,-0.0005303930183807916,0.0014146370420873855,0.0031174729187304767,-0.003080510691054061,-0.0019350777811837129,0.004227018168985282,-0.0016220387868545864,-0.0006233499994962123,0.003942088787824383,0.0031172471928503746,0.0014532509325111609,0.0017371743423872346,-0.004320869729852484,-0.0025604178330856926,0.0004211120208048213,0.00019276052459072063,-0.001858043265956604,0.00062119713583876,-0.003324830117377868,-0.002051197435043405,0.001269801314521745,0.00015977849743266948,-0.0006500627510486479,0.0001664257911676585,0.0002625545315181064,-0.0006338564979274948,0.0012343731192671868,0.00029144726146718093,0.0030936390679942253,-0.0011849392266228835,0.0013860978315067352,-0.0001818683005033797,-0.0022393880237035874,0.0032641186071934915,-0.0017591068558843825,0.002964024016972804,-0.0006031571191622096,-0.001873699486339442,0.0016687321742155673,-0.0020209219179519646,0.0035005266169754346,0.0006356427930985863,-0.003224826909556539,-0.00457048612700323,-7.843771385269853e-05,0.004809346221824217,-0.003940174781090351,0.0028769002781735917,0.0002327600539249137,-6.547284989274719e-05,-0.00044088439579349076,-0.0026680298612713144,0.002788670260218365,-0.003207015539015545,-0.004342725336837701,2.676891770061571e-05,0.00043018169018054755,-0.001123685100195019,-0.0010821632736048143,0.0026247002010396053,0.0001395341407431689,0.00042606309023145937,-0.0008914204778010711,0.0002901487813299855,-0.00686464315698242,0.00579778713104466,-0.00022815088784701633,-0.003763224384380042,0.0022422587616946167,-0.003309331338438147
PC28,-0.015108298719689595,0.010811961760499226,0.006114232648868961,0.013727281071814678,-0.007028841426214917,-0.012606720274575474,-0.008428358883593324,-0.07404012109173805,0.001422855892836833,0.0006453615156898149,0.0028437924087949045,0.0052981848393590224,-0.003202898470328233,-0.0013699057950313158,-0.0015875769413651417,-0.002306315033020458,-0.0003612470756011899,-0.0013534159791869045,0.0008494111500787768,3.244855456641873e-06,0.0012025084082209936,-0.0007891485815263483,-0.0027330597140441796,0.0017767817140066295,0.0017386748097086148,-0.0009607251323814538,0.00027207680078837355,0.0010184853386719294,-0.0002738540921885492,0.0028454759335600397,-0.001951149718145732,0.0003070286939681085,-0.001178560392699679,0.004066432510817841,0.004523692133272827,1.0,-0.0006385224327118316,-0.002002687024380705,-0.0022898547537961197,0.0006105644721645654,-0.0009245745697653559,-0.0008612399944450934,0.001875789547740153,0.00029598434045739145,-0.0011631812654211964,-0.0005173720734316406,0.001646021314426044,-0.003868765654004854,0.0014068167956865325,-0.003253277508611048,0.0012026153201291818,0.0011155139429896333,-0.0031477191269251533,0.0016069921146727591,0.0018307706322025863,0.0022330390153505503,-0.0008154167030631906,-1.826396068539118e-05,0.004390327305365311,-0.00131231122333878,0.001289170045933898,-0.0017721815383268651,-0.0002991797017150359,-0.0014479225546906768,-0.003501998734059685,-0.0012719802773150791,0.001820463931246514,0.0024062788438101853,5.9198771528453766e-05,-0.0013211808169600475,-0.0015500041375310105,0.0017563807910597061,0.0008023144934263143,-0.004318027966885596,-0.002019389148337502,0.0012764145830868677,-0.0009939350153408328,-0.0021801008022144753,0.002991636094425261,-0.004854815485991592,-0.0008773632422775991,-0.000790409334120559,0.0003606847823059383,-0.0004507835529873585,-0.0015605815024270836,0.0023076449724250656,0.0004912325211037554,0.0017916691193331509,-2.7381044353569182e-05,4.868505112692486e-05,-0.0021046175540586896,-0.000463789647325618,0.0005942507255998175,-0.005131463228326498,0.0015222629521780124,-0.0014401366760278715,0.000367300897407687,-0.001818701939982247,-0.0017147674374649682,0.0034433910349254315,-0.002584957013361078,0.001414310327160648,0.00046058366344278127,-0.0005224788671200825,-0.001135000253097805,0.0018047375647345227,0.004738185972568514,-0.0016517186080499309
PC29,0.02749783316614747,-0.01517920849995766,-0.018677277500888045,-0.033096578211488197,0.0142609999201998,-0.0002571356760266234,-0.0026435762478584208,0.02532322512509755,-0.005748842716369508,-0.0011995211137827459,0.002381465821954989,-0.0012441809675906123,0.003042463146271672,-0.002436484542207859,-0.00244836775866499,-0.005878444735963507,0.0009071737586777305,-0.0034328299030437397,-0.0006365433762680521,0.00025198169417299694,0.0005287546738668252,-0.003218211198351829,0.002066871536463285,0.001216395023012026,-0.002093769939077941,-0.001020219054578281,-0.0017759226211654698,0.0008643989510206488,-0.0004761223722951747,-0.002670048915221477,0.0032999199585700793,0.0027080953145512832,0.0025266872301568837,-0.0014893397048728254,0.002777087074420639,-0.0006385224327118316,1.0,-0.00015376604905724043,0.0013675803065802824,-0.000836691169431266,0.001852813052559275,0.0034560748732260682,-0.0032788439629719804,0.003112815620732212,-0.00035989516832534866,0.002765371227981478,0.0007396943062615955,-0.0028526236653552204,0.00016433918864613848,-0.0004401672198696973,0.004607294465950461,0.0010586412747158795,-0.0016469901597642536,-0.0014124347295182346,-0.0007391534370292528,-0.000915754824477098,-0.0022909432435821043,-0.00043816525973199434,0.0005567942602597321,0.0006746729943860003,0.0005096043554472569,0.009034784603114746,-0.0013428691109839677,-0.001328957486713597,-0.002803292814947339,-0.0025440754754920913,-0.0011322011891567207,0.00293615831471727,-9.05729155631634e-06,0.0003832525208425762,-0.0001505833051226299,0.0005862405465709922,-0.0034923703500695643,0.004135086112984338,0.00336651033333488,-0.002242165539793635,0.005887879196543196,0.0028602178683508534,0.0010096280560527424,-0.0009100476544055651,0.0005225620747602303,0.0015184838910296471,-0.00215036143428637,-0.0018957876631118685,-0.0008325487200624673,-0.002058112430179334,0.0027315182762987656,0.0031422393254305066,-0.0025544739614335194,-0.0030109866417095434,-0.0004949532485766228,0.0007185952370108121,0.0020060848699676183,0.0017173220458241152,-0.003131306177540527,0.0003774116249463887,0.0031127729300755055,0.0017702237032388942,0.0030878888756588627,0.0003558780605868403,0.0037132227921911425,0.0025249916444406158,0.0038187895734282393,-0.000262130580277313,-0.004649734157314714,-0.00028586581219201417,0.0027244912153304482,0.0012081265621199534
PC30,0.06482098167624627,-0.03541145148433995,-0.08578148309691366,-0.1546026719527367,0.0280055513969576,-0.008289831612379634,-0.02517552746077784,0.088301084102072,0.004085156271743384,0.0005013988589821534,0.0017252138915533279,-0.0022960341661933522,-0.0006704919141627408,-0.0009393187468892281,0.0023432753161336957,-0.0004802595865748467,-0.0018670587097395646,0.003417777164819499,0.00025076413810069456,0.0009754177329953487,-7.281639276414361e-05,-0.0015328196494493436,-0.0043476021312342595,-0.002887003689731799,0.0029564792091013137,4.2803511105871015e-05,-0.0019081929629933268,-0.0013388405901459627,-0.0007235484961534103,-0.0019001585503182895,-0.000640881207468152,-0.005066744907648716,0.006446469527904765,0.0015130509658050773,-0.00038505493056703827,-0.002002687024380705,-0.00015376604905724043,1.0,0.0013750077881991489,0.0008294309587091827,0.0012546501745605942,4.04184008692342e-05,0.0018447211625278086,0.0028978347270852264,-0.0014216713947313281,0.00043778312529096447,-0.003267710872043291,-0.0011250744336751197,0.0029912556474175206,0.00024027009035253397,-0.0022841213445854037,0.003467367140943952,-0.0006723894235595442,0.0019878852506997283,0.0027204506403015194,0.00019262953268422322,-0.0027007382043269155,0.0014363265351229797,0.0004832923084093216,-0.0012176494837571564,-0.001958266442352748,0.0027454386232793207,-0.000995908417779805,-0.0014261142425561304,0.002290368067741369,0.0008087376660111658,-0.0011075867972600692,0.0018979584886159068,-0.0019679265268313846,0.003080396107450065,-0.0014495767556261252,0.0024501762856538496,0.0017710536956301128,-0.0007129876508850704,0.003579221417033572,0.0008955240549663133,0.000563186361105398,0.002168078545165682,-0.00010524622170591525,-0.0006161832538604764,0.0037909896415830977,-0.003187333398126828,-0.004252564610233159,0.004853569809636956,-0.0033555632324572446,0.0009278645554174934,-0.002760817792530681,-0.0015718110687028561,-0.0003915525398980692,-0.001968597985162648,-0.0023987822502880723,0.0019334002496458082,0.0041116222032196665,0.0005580748738124786,0.003857662205176713,-0.0003322266033881141,-0.002820031217165925,0.0008742500976190938,0.00042795172539053197,-0.0029905588299993925,0.002382043925138458,-0.002523864261626091,0.005620057358450712,-0.002790435507869424,-0.004282525719677473,-0.0042390339233682964,0.0007555119090520826,-0.0008969822513200336
PC31,-0.08369458553311888,-0.03140998634107204,-0.12441287841000954,-0.20776378788726838,0.07783008293411287,0.0019853231993493103,-0.041640226572880364,0.12476568570333421,-0.00030497668068561615,-0.0026144892316735035,0.0007832318639877069,0.004316885217933172,0.0012700710040719622,-0.0011682570361205564,-0.001366836994546821,-0.0002645518424675291,0.0016024697526183438,0.002501011921999981,-0.0047951545153577715,0.0008995934194499738,-1.8062356448702264e-05,-0.0023498914102842495,-0.0015133584412818642,-0.0030100984422389244,-0.0032746115845521543,-0.0007559866623288441,-0.0013442731351482903,-0.0020161779434540897,0.005106808618743072,-0.0003213325753536996,0.0025075315893622915,0.0009186937387823437,0.00046106218054761135,0.0038822945987022385,-0.0005303930183807916,-0.0022898547537961197,0.0013675803065802824,0.0013750077881991489,1.0,0.0012519686977640874,0.0013442228533312374,-0.002423894694664585,-0.00053151175753885,0.003470143335349543,-0.002430800747868858,-0.001328001962265791,-0.0014435509709465031,0.0021520232589308185,-0.0004906772990821739,0.0038255264629997033,-0.0003377630926956161,-0.0007683504584555882,-0.0011721583149223384,-0.0027020464727276934,-0.0013648304812886182,0.0008487302674259631,0.002357360247405497,-0.0003479149930385101,-0.003139480272094357,0.001544473741056018,-0.0003730393003885458,-0.0023192182785512646,0.00484519343065129,-0.0016567711277826066,0.0008697829321935245,0.0031454019953659914,0.003311104227388517,-0.002388149800767974,0.00233597938776223,-0.0003521296083038015,-0.0019128299238695134,0.00012495605268920425,0.0030155735036852104,-0.0022472274826226576,0.0027886197579030684,0.003087817454309333,-0.0047322396281418615,-0.0007977269629270106,0.0012590927564675835,0.002065650163195338,-0.005532130545033046,-0.001621517601806135,4.121164068527251e-05,0.005368684959107954,0.0016802928505041503,0.00155083353978842,-0.001520651515457753,0.003438743023071233,0.0029402941068165157,-0.000911480984661899,0.001182054145287517,0.007246804119067122,-0.001393684773914303,0.0036047437948995504,0.0008597057152397744,0.0010125982313898285,0.0013723762777631365,0.003224757675116755,0.0055074905047068435,0.0005532373241241459,-0.002499700756272554,0.0011251197859741997,-0.00038667638961895447,-0.000632497247429241,-0.0018676323786868047,-0.0005093098703776015,-0.0010289868194308393,0.0008818043774701819
PC32,0.06492003550126588,-0.010330180436793762,-0.0215216406246151,-0.044856946863789535,0.009540509416806463,0.013395021826798477,-0.0036629596941500165,0.025138648398378798,-0.001701246358247615,-0.0007393048990931909,0.003931388362979129,0.0016868753928884822,-0.0033623833936787246,0.0019387991812337465,0.003842105552397221,0.003123660182436482,-0.00028659067324366506,-0.0037762376473692923,-0.00012142132649285432,-0.0034397788044354307,-7.327947839059888e-05,-0.0011654286908434836,-0.0006086931368798575,-0.002319644684458041,0.001302748936184268,0.0008600734482016178,-0.001490087791792631,0.0009508960279769122,0.0020903056780160367,-0.001659911562481139,-0.00015151065799783828,0.0014578007074966602,-0.000653216993147902,1.7937244610186284e-05,0.0014146370420873855,0.0006105644721645654,-0.000836691169431266,0.0008294309587091827,0.0012519686977640874,1.0,-0.005858834646448399,0.0017978570651392446,-0.00035080712012164453,0.000716365867920595,-0.0012009006963369937,-0.004448351660056471,-0.0018639922584897876,0.0010714999737037097,0.002038981815325877,0.0005346381109652846,0.003817676539012104,0.00036344595270413206,0.0009578641948168869,-0.0031718639970057636,-0.0007358222428399301,0.002369008770278002,0.0012527649436802494,0.0011475792083339782,-0.0005005700837422856,9.853870709022579e-05,-0.00612429220638194,0.004149077362710684,8.595154914567767e-05,-0.0024937432499791976,-0.0017694005193617593,0.0011034796985561848,0.002352190526917179,-0.004201324415941726,-0.00032684042896373525,-0.002215656434329033,0.00039941135945501503,0.0025754030491311453,0.0036714804189684085,0.00031149735063516884,0.000981870432392449,-0.003340321678589294,-0.0010959282371080705,0.0019800085388572107,-0.0024591133293488947,-0.002400017542000863,0.0002632050336896588,0.0037723151904290263,-0.0013341163929198711,0.0009241267685380681,0.0024594207478103674,0.002162830555062692,-0.001963496035269237,1.542222450973919e-06,0.001701658830129178,0.0010190909500946337,-0.0036398597079917564,0.0007778432968304658,0.001616490166627826,0.0004913538718224149,-0.0036852076301966408,-0.0008456832946692461,-0.002408961446772595,0.005929995050054586,0.002710347271205973,0.001742954125923814,-0.0031069788973820483,0.002231443120550039,0.00031730224842479803,-0.005664028275985912,0.0008897773314075125,0.004314370527743991,-0.0008114494652224212,-0.003269164394797028
PC33,-0.011834540639037274,-0.0011722324209070707,0.004933073234621116,-0.00034057801959188515,-0.0002592223337652673,0.004989537767935162,0.0010873166478781579,-0.013080693123034505,0.0004290905319308904,-0.00018267041323642534,-0.00606873525347572,-0.0017416346683275705,-0.0018383052925763702,-0.0006500312093859633,0.0018581337204998244,-0.0016393826261945623,0.0015815508212412802,0.000557340129151726,8.244667210479893e-05,-0.004550926062949013,0.0022670788271465384,0.0025481080389591617,-0.0006195998041773613,0.0009095226679852695,-0.0018679287359891672,0.0012472106565069576,-0.004042224359418229,-0.0005087998967619622,-0.0024969067797563386,0.003551709534325102,0.002239062074727561,0.0008453191935360951,0.001802420959736437,0.001520913490751412,0.0031174729187304767,-0.0009245745697653559,0.001852813052559275,0.0012546501745605942,0.0013442228533312374,-0.005858834646448399,1.0,-0.0035452677835139325,-0.0008930726019638511,-0.000996519909747246,0.0027666274429515815,0.0010978954928810801,-0.003720152524158758,0.0029075967145051913,-8.020476229816801e-05,0.003911144127965455,-0.0026721371804398148,-0.00024851393582224273,-0.0010243066025281133,-0.0016609618261611092,0.00025824292710350383,0.0013829176289878616,-0.000693620139512186,-0.0003605869429947618,-0.004140738158226854,0.0031153502356636984,0.0015485472288181792,0.0003451984516729514,-0.004575593339387865,0.002614774934648259,-0.002235943432635067,-0.0004160717730135169,0.0003760231760417525,-0.0022596281870553795,-0.0001248331406191974,-3.812446560108467e-05,0.001084597745047707,-0.0027495992154548785,-0.00011783554162163251,-0.0022713741874585015,0.00035735044300178335,0.003575069045150756,0.0007086463285552614,0.003403906192340919,-0.0003730857013591823,-0.0006443551481334283,-0.0034085602523762143,0.0024100697825195066,-0.0012314548184318155,-0.002821248610438739,-0.0007704190502990134,0.0031897699028216498,-0.0011022526975633647,-0.0007133879880964953,0.004873324482004842,-0.0021616645772860213,0.0002193202922597673,0.0015324038537332604,-0.0011581719365449555,-0.0011209398772309752,0.0001608126862526763,-0.005063826760389899,0.003136339267032905,0.0008305903315778593,-0.0009628784506119968,0.0004532997056671053,-0.002604283719665471,0.002525547584867185,0.0036527247438059634,0.0027236536020949645,-0.00024931006551077534,-0.0038070307498801457,-0.0007488847014632545,0.003304890253938196
PC34,-0.008217698260610183,0.004574673323649279,0.01596039313010653,0.015189417611253947,-0.0005821557083062073,0.01685792992177181,0.0017483112907275928,0.039662542229179636,-0.0014227384365980088,-0.0007491404735482707,-0.00119728618896889,0.0008740795412747817,0.003390245381549808,0.00038801915433404725,-0.0018324785260319882,-0.0009003027448496827,-0.0040162404296594425,0.001703194999094519,-0.0013425656109608112,0.0006755903671710813,0.0011167419202319387,-0.0007415590641354322,-5.435264488787162e-05,0.0012231699358103668,-0.0004021529195091357,0.00758725345429554,0.00016605523056377412,-0.0024964473179962593,0.001082281244599468,0.0012221115348075,0.0020674061474802823,-0.0016147253875303117,-0.0016291319940537812,0.002934340151632851,-0.003080510691054061,-0.0008612399944450934,0.0034560748732260682,4.04184008692342e-05,-0.002423894694664585,0.0017978570651392446,-0.0035452677835139325,1.0,-0.002898089773029843,-0.0008907693126421841,0.0003315811434108746,-0.000794764445687979,-0.0009525209661136435,-0.0010510938472443258,-0.0010230629255914628,0.003351325419642835,0.0008593900528565148,-0.0005090164379911478,0.0029065528238136347,-0.003941485507864321,-0.00017505855154691861,-0.000543279749871323,0.0054546505082736525,0.0013377209014643122,-0.001978846036084689,0.0018585765777688764,0.0002788714940395593,-0.0027442089495810463,0.0009512120672390364,0.0010947480042550089,0.00022238546206315173,0.0012799815027903412,0.004198475246243376,0.0029401374869073124,0.0018457456577115972,0.0003508994141611409,-0.002883279990485832,0.0028803301177918964,0.0009694324470017027,-0.0010903758914876448,-0.004440339432140016,-0.0005561008830861705,0.00478502517344864,0.003979254143504306,0.0011348462589802501,-0.0013362931914780265,-0.0013851255443247908,-0.0013616779302841962,-5.6436098090238256e-05,-0.0005318325370134823,-0.002107001963118947,0.0004900969112249352,0.0028662748644360603,0.004171697542944324,-0.00485858181837159,-0.0008016186376380338,-0.0005746408828606926,-0.0008254536022349377,0.0003376946186568316,-8.98096069322697e-05,-0.004159089368472356,0.001160295457909258,0.003831897849073841,0.001293835930599223,0.00041320947075919475,-0.0039716845362477386,-0.00015600296485896708,0.006163538555478463,-0.0005722460330413504,-0.00030784886805836894,-0.002664289509138323,0.0013866187755972427,-0.00042098446018019723,0.003090952331868468
PC35,-0.014508679073493265,-0.007763717509761346,0.004656675831816325,0.01106821449028341,-0.005968186126196418,0.0428180988428278,-0.00370106398373257,-0.06394703030585523,0.004096861069503888,0.00036074802807985364,-0.0011933847674291793,0.0064604292802569446,0.004461482752480568,0.0006295382601450022,0.0020045094345078835,0.0010044586653460035,0.0023897147950295464,-0.0012773728843259277,-0.0008245373529825405,0.0017504462669117947,0.0026114988188681754,0.0015500947564533916,-0.0014766078335320557,-0.0023076504468050683,0.0029990188001359987,0.00015551305812836212,0.0008542859775296158,-0.000917762018456264,-0.002384529350970356,-0.0028974612110538233,0.0004432364455115839,0.003899929356854083,-0.00021514328300037758,6.897313947900122e-05,-0.0019350777811837129,0.001875789547740153,-0.0032788439629719804,0.0018447211625278086,-0.00053151175753885,-0.00035080712012164453,-0.0008930726019638511,-0.002898089773029843,1.0,-0.00028846915777509254,0.0016212253962529304,-0.0012926108727360577,-0.0012514258479026815,0.0018318759362343782,0.0004918021134584508,-0.0030751162031817355,0.0008354289797129645,0.0040085194633167716,-0.0005430611161377065,-0.0019039082281356698,0.004788320070531717,0.004712751987742985,0.000942387381990696,0.0001667518489049819,0.004632420254598261,-0.0007623668517447882,-0.001842480117193673,0.002892756726645946,-0.00031149792638315946,0.0007677691300969666,-0.0009272622283638288,0.002980265260519461,-0.001281079335905584,-0.0015283207239587425,0.002165166864313155,0.0017320017502789132,-0.0025854637475068044,0.0033769073530760248,9.545602130900376e-05,0.0009686217155503365,0.00044616616904097074,0.004130544564773718,0.0010533913678511025,0.0018252824762799138,0.0018639882865251148,-0.001879543554436272,0.0018709614732179208,-0.000963504100014523,0.0016401532928004227,0.004387713099646353,0.0028194896696411005,0.0024123045092557982,-0.0020407012636894637,0.001823286659999374,-0.000719884242254218,-0.0013673735343951283,-0.0018418326881605173,0.0034708331567956164,-0.000911211253666595,-0.00020954415564902311,-0.001282010086412495,0.0022029754130438203,0.003934553113544201,-0.0030477911543356022,0.00486617056401352,0.0005985041534446677,-0.0032527483646517595,0.0002242904693705646,9.883950147818266e-06,-0.0022751839292959822,0.00033395537598480984,-0.000450255515674899,-0.0008872934040259856,-0.0013573424653161676
PC36,-0.006197748653844105,0.01299178260377136,-0.00979676436261628,-0.010195270035129819,-0.0009460447970169347,0.03698665858693629,-0.01108120008366377,-0.0047452249864637416,-0.0012609162849814334,-0.00010405497991112925,-6.178944574659884e-05,0.0013719052509771103,0.0012907181244015224,-3.270699925009416e-05,0.002029783102059538,-0.0023034165300202364,-0.0033870472955069074,0.0009346400428867602,-0.001656302387638438,0.0008290519323845235,-0.0009560069305625843,0.002316607779795334,0.001239790909944617,0.0010729250803037903,-0.0002995364301052792,-0.004113342189314629,0.003184429819634331,-0.004239777174411905,-0.0013716291792055058,0.0009644898759035057,0.0004942786702747607,-0.0017328575521748128,0.002425665610245294,0.0003776082788764437,0.004227018168985282,0.00029598434045739145,0.003112815620732212,0.0028978347270852264,0.003470143335349543,0.000716365867920595,-0.000996519909747246,-0.0008907693126421841,-0.00028846915777509254,1.0,0.0008877369085788756,-0.0017441086911204526,-0.0043096486289136956,-0.0014340006696456362,0.0008446214531706369,-0.0016708272276169315,0.0010552612598359469,-5.0739287197744546e-05,-0.003713965977963636,-0.0028842029066780883,-0.003582740345121389,-0.001848808630759414,-0.0009074447767003474,0.0025387721451522725,-0.0004921312456591335,0.0031053899011612373,0.004695844014967083,0.00420819860872473,0.0018998131435315813,0.0006951954138369103,0.0024583428263155707,0.00014555494448338492,0.0013015991029283267,-0.006860846044491801,-0.001300171140228408,-0.0005126720933536688,-3.8634464501879345e-06,-0.0018714553685363193,-0.004285012716423087,-0.005243714890911809,-0.0034787613754129346,-0.0036089442430294978,0.0007461026755814444,0.00015024366778798817,0.0012420074642476102,-0.0016880986093919985,0.0011481040498602423,-0.00035063525445716396,0.002288962246977827,0.0036233240327996625,0.0001303247836928993,-0.0002216329504464972,-1.758766972888619e-05,-0.0011301646007750347,0.0005393339968109812,-0.0018981212037686905,0.00355186378781263,-0.001389136203554364,-0.002071596251760544,-0.0006140676901783544,-0.004969250083175696,-0.0034475767035724338,-0.0009331454379395014,0.0023838398592901937,-0.0009714431895399096,8.212028719399036e-05,0.0025560936577643523,-0.002616900341544144,0.0014355644788454959,-0.0003831622727886394,-0.005240126952569993,-0.0005985637777744502,0.00030620551177030857,0.0010417564105194986
PC37,-0.007997599530720267,-0.004769200572140018,0.015554874601545535,0.018249963130249514,-0.008718564121824162,0.004425020802741698,0.00046646914317993585,-0.026801862487063174,0.0024167765052217857,-0.0021008213709648696,0.001009782465183613,-0.0004818467140995709,-3.913511411510293e-05,0.002814322829144719,-0.0021747509956001,0.00028784807421500773,0.0008983062203849797,-0.004256510161450634,-0.0035486889611803705,-0.0031386369593608436,-0.0033481130515724848,-0.0032813315340439317,-0.004791654672578132,0.004590592516033558,-0.004601902654842702,0.0029346845907142764,0.003859579806224294,-0.0001833687777609659,0.00023079625525178292,0.0012021984243138384,-0.0013307432224602992,-6.667854239423646e-05,0.0009014068735145115,-0.00058291870632352,-0.0016220387868545864,-0.0011631812654211964,-0.00035989516832534866,-0.0014216713947313281,-0.002430800747868858,-0.0012009006963369937,0.0027666274429515815,0.0003315811434108746,0.0016212253962529304,0.0008877369085788756,1.0,-0.004201303755219463,0.0009979023223074396,7.31828872227444e-05,-0.005918745161782616,-0.002548499467071093,-0.00453609023653353,-0.0022685863367939815,-0.0019209782035896654,-5.9453813680677376e-05,-0.0024607479103863597,0.0005508032130344853,0.0058611331802354135,0.0027325561342917363,-0.0020634898913527823,-0.007152996956748169,0.002638821261277412,-0.0027761703286349254,0.0024531661762230523,-0.0004765197037389117,0.004242337604830163,0.00011703533314647156,0.0021218194945142694,-0.0016410324762961101,0.0001313330270823491,0.002281249625365133,-0.0015712532759085615,0.004056165451267503,0.0032245261540179903,-0.0015286593306958404,-0.001980503379024975,0.0023050697157408913,0.0006966036636945178,0.003769266401300659,-0.003928695228921972,0.00583448173004313,-0.0026101424012185295,-0.0021252281430131983,-0.0016541706311217908,-0.0016568831854168664,0.001710334373321208,0.0032040253435707687,0.004205369109193611,0.0017510476641506268,-0.00037653985216817875,-0.001253005137843649,0.000890182838662025,-0.0034287891974860533,0.0028592077020302437,0.0011787655086342266,0.0017154351216416021,-0.00023195853118195892,-0.0020697038677761604,-0.0011512853453722373,0.0050458676094637485,0.0007661042417873885,0.002266645386581578,0.0009803166226447064,0.00033416821872513206,0.00015926926209924432,-0.0024668406810381175,0.004536645324708765,0.0025404681684071165,0.0007135038031705809
PC38,-0.01202877875364875,0.006881745182164691,-0.004388356256027101,-0.02365707458852857,0.004946876950659451,-0.011328610276391312,0.0022747887763789965,-0.015872214770754508,-0.0027646114569968277,-0.0016287207597049384,-0.0033615634708262106,-0.0014294570699405662,-0.005656039378123645,-0.0016625356438524227,0.003047530650161093,0.00372260734069546,-0.0022952312588384164,0.0039511131777574485,-0.0009880868837891224,0.0003820352623521986,-0.0009841016698146012,0.0006357779089296269,0.0038331666367692483,-0.0011798507198767301,-0.0004816738144514541,-0.005696279753633915,0.0020965938338837102,-0.001124893292164303,-0.0018761604935989952,-0.0054070746877852805,-0.000706679943519368,-0.0015023353065266062,0.0025662945467360217,0.0033775175247285393,-0.0006233499994962123,-0.0005173720734316406,0.002765371227981478,0.00043778312529096447,-0.001328001962265791,-0.004448351660056471,0.0010978954928810801,-0.000794764445687979,-0.0012926108727360577,-0.0017441086911204526,-0.004201303755219463,1.0,-0.000897803478658939,0.0006795739654291718,0.0004112429089971121,-0.00019416901053852367,-0.0025425228560318315,0.00028149698009789466,-0.0010361656518515189,-0.0006258625546839612,0.0012155308153471984,-0.0008856569851302087,-0.0021690311987667254,0.0010332562230867186,-0.005418654954277224,-0.0033140710663898125,0.002224456682624286,0.0009135811039847843,-0.0028580880117701824,-0.0052085257778048035,-0.0020169991327807276,-2.8676432633223325e-05,0.001402792977249978,-0.005505386421201204,-0.00033676454899214534,-0.0005125648597639416,-0.0039652301387719125,0.0012968640322284129,0.0024181098695447495,-0.00186918967586407,-0.0014005264757205851,-0.0031971913036776445,-0.0024987167239848623,-0.004874794781334839,-0.0029321809746437853,5.068955832988965e-05,0.0017587748809976714,-0.0029351899395838226,-0.0016356880711433084,-0.0009672031329139687,-0.0018139925760588679,-0.0033973735856196873,-0.0044973800489225965,0.0017464358711825549,-0.0020124523815338974,0.0023472308261418186,-0.00015148199370727415,0.0023073585342086936,0.0016580160418845408,-0.0045159667561811105,0.004580763000756804,-3.945674905993748e-05,-0.001794457959566012,-0.005161020799845778,-0.003509199601167839,0.0010749447981454347,0.0013809695999890922,0.004982867965663591,0.001160765790819959,-0.00223107323915086,0.0013449987191921902,-0.0012566021933586432,0.0018622517499360014,0.0020203419407839166
PC39,0.01595096844629922,-0.0029978047955770415,-0.014554276539535841,-0.009368474214326562,-0.003976804794961381,0.019230390570611836,-0.0006934478761750457,0.03144020100763166,0.0026875126621129118,0.00031536561243358867,0.000183781057018114,-0.0022734457983555425,0.003271040586412137,-5.723252672017689e-05,-0.0017741254010516564,0.00029551903746144427,-0.0019228678222304174,-0.000581077251010301,-0.0006682032255474345,-0.0013430402205990735,0.0007043921896593332,-0.0015535255679431314,0.004348673803325854,-0.004822389944178234,-0.0018371200311261542,0.0009504108329909902,-0.00424445095448216,0.0011837306930193533,-0.0009558367673721517,0.0005095127397754629,-0.004204120793585373,0.005647137853843515,-0.0012456463801277797,-0.0005603832513923399,0.003942088787824383,0.001646021314426044,0.0007396943062615955,-0.003267710872043291,-0.0014435509709465031,-0.0018639922584897876,-0.003720152524158758,-0.0009525209661136435,-0.0012514258479026815,-0.0043096486289136956,0.0009979023223074396,-0.000897803478658939,1.0,-0.003956727260078164,0.00011210808676817783,0.006570514592927579,0.0008487673788430142,-0.0019062094585894078,-0.0032465440912313346,0.001347347230079142,0.002344302376665493,0.0020024289001477915,-0.0012307823873139124,-0.0019703260325027506,0.0005579102440215341,0.0008648611018472788,-0.0018264355154990733,-0.003433842351212288,0.0020612823396618774,-0.0011364626168664477,-0.0022611637329227937,-0.0034099956837602276,-0.0009480423742954436,5.960725724249229e-05,-0.0006917752587643604,-0.003603131583012658,-0.00418679265322482,-0.001747308927459712,0.0033087964849980974,-0.000972175698320666,0.000423795242996395,-0.00046566070894596824,-0.0011079312245510446,0.005063672970449639,0.002600236842020015,-0.001852605057380973,-0.0020281419735818105,-0.0001665023109234778,0.005601891525965795,-0.0019550540478848067,0.0001961772102164953,-0.0024124816112706506,0.0043818359658006605,0.00038760548852665697,0.002132438483997342,-0.001071448520846371,0.000886024653733236,0.001419790488623993,-0.0003864164272403185,0.0002466873897124061,0.001755810690985293,-0.001957711004921879,-0.003723983565187139,0.0052922317694769246,0.0014044674520238005,0.0024713303556776318,0.005517402170230868,-0.002733269033589358,0.0019857798919143193,0.00018751462941112037,0.005093067166654579,-0.0028525972799556135,0.0017599636160894954,0.001025690031464834
PC40,-0.04481362705703682,0.0012823542651500203,-0.01402038969747705,-0.009509318546742447,0.0005662700460652803,-0.014102519765879385,-0.0023508521282037727,0.020590899512488502,-0.002219409516793416,-0.0012410519369441004,-0.002875874362809376,-0.002019041706996885,0.0029614298534562642,-0.0018452166098787233,0.0013591781193747611,0.0015738160369063946,0.00014998037628448965,-0.0015801519932835077,-0.002527506281068377,0.0014301907050758885,0.001993064455661755,-0.0016884466486149063,0.0027939648405805634,0.003819689659583864,-0.004274965232033278,-0.0010186045477944222,-0.004124546413809328,-9.514709041088763e-05,-0.0001979233176467566,-0.002751594760879459,0.0032130237297007215,0.00015368060788861052,-0.000495671045092947,0.0009439462851224883,0.0031172471928503746,-0.003868765654004854,-0.0028526236653552204,-0.0011250744336751197,0.0021520232589308185,0.0010714999737037097,0.0029075967145051913,-0.0010510938472443258,0.0018318759362343782,-0.0014340006696456362,7.31828872227444e-05,0.0006795739654291718,-0.003956727260078164,1.0,-0.0018798057750160815,-0.0017252944367124547,-0.00472865463164967,0.003985888856342638,0.002937379076123202,0.0009635430298297339,0.0015163732329161678,1.915145302215553e-05,-0.0004956280365552715,-0.0002501831825202969,0.0043874111229726615,-0.00013522580656970913,0.001610131309215955,-0.0014496434472993332,-0.0025162011831748906,0.0021192163357176283,0.005058953213243048,0.0005267626487882779,-0.0019665971472693977,0.004711392150754734,-0.0011752500060824259,-0.0023547134557431455,0.00358108480930093,0.0012980647099523261,-0.001467347410602182,-0.0010213800908027634,-0.0022476974254419355,0.00035537798518975756,0.004969199308939036,-0.004867801645571563,-0.002414399713590495,0.0026044994737116317,0.002630774232350539,-0.0036120759823253107,0.0003479513866286876,0.0017140189525916697,0.0011610737296369035,0.0006321663266499254,0.003874173450628812,-0.005611319301457296,7.172015020452327e-05,0.0065043896696072145,0.0036255835325031778,0.00029556185338018993,0.003097198284970342,0.0019398361372742583,0.0018683306468511547,-0.003654863017902105,-0.000844421995540127,0.0007081842581453388,-0.0032118892454049575,-0.0006827617480438659,-0.0014503910595911227,-0.0003435281012137498,-0.0005658294057414131,-0.002116097621079919,0.0011533986447583684,-0.001668423863490015,-0.0012732610013155197,0.0019255463165164693
PC41,-0.007701111430618317,-0.0018909129599848423,0.00578872259311465,-0.004024875729891181,-0.002414558573115334,0.012270944594408965,0.0025378107956716953,-0.0028118627543611634,-0.004098335436722002,-0.001971635969723269,0.0010259148836556686,-0.0039039279965442917,0.0016949121186108952,0.002010101934308701,-0.004162236667414946,-0.0006886262977964171,-0.004888188708224845,-0.0012526483177950597,-5.081811978307035e-05,-0.002268364174878436,-0.0034233526829615868,0.0027868163621848118,0.0004028809547731709,-0.004603981863819483,-0.003628403519611551,-0.0007378169027124782,0.0007598349704564724,-0.0028348482606552834,-0.0015821334556593177,0.0047877200283573985,3.799562840133502e-05,0.000715482087002152,-0.00023028805576813242,0.000986694397561637,0.0014532509325111609,0.0014068167956865325,0.00016433918864613848,0.0029912556474175206,-0.0004906772990821739,0.002038981815325877,-8.020476229816801e-05,-0.0010230629255914628,0.0004918021134584508,0.0008446214531706369,-0.005918745161782616,0.0004112429089971121,0.00011210808676817783,-0.0018798057750160815,1.0,0.002045613231388726,-0.0026367777810750396,0.004372629245974945,-0.0016568871687493685,-0.0026554656695801666,0.0007079880764446178,-0.0032421439126851773,0.002663208972882807,-0.0019496813838073411,0.003489459615182128,0.0037276759493498476,0.000308732604288505,-0.0043739085457860805,0.0011284872279320823,0.0036622502412103674,0.00023694000205321208,0.000840510671084935,0.0006999195043269924,-0.0021224529694121425,-0.0036811325405946374,-0.0020617874159948525,-0.0011798733412692914,-0.0021777631248373216,-0.0004050155515325213,0.004020384645082073,0.0014444005273981223,-0.001684523691549957,0.0035911246756269435,0.00015914955181389645,0.0026498236597780516,0.0024859862073954337,-0.0010490058065451026,0.002259094643463057,-0.003528747019894196,0.001119404778495783,0.0021204951446887658,-0.00025374375814444004,0.0017638693448723828,-0.0005580497403006191,0.0015463703622873898,-0.002739995281790182,-0.00041172853320212805,0.0013856584592623065,0.003676270582043884,0.0014434216197324343,-0.0022166963748299884,-0.006261657220648412,0.002677546740511148,9.67962027572824e-05,-0.0013335918980166713,-0.0008722969800408269,0.0015903144924569144,0.002725115032817169,-0.000980287611574232,-0.003388989442297599,-0.003035907778820949,-0.002364595044569789,-0.0033238354828718343,0.00029581453691750876
PC42,0.01918718059402726,-0.029178723219391686,-0.002391302013563336,0.01877223478547167,-0.002247749154622545,-0.0008367775952950585,-0.006280499787374955,-0.04144008653609949,0.0008240631659111831,0.000547987630288996,0.0011529892262902572,-0.005211021943199898,-0.00252409705841736,0.0013641597021708163,0.005514721698215814,0.0008236432355908118,-0.004761221940428958,0.0020123259860711606,0.003840917183363372,0.000644225527960179,0.00399081974443669,0.004333065939483549,-0.0008573017989420302,-0.00315038725336944,0.001717717254600757,-0.001265775596578657,0.004067621486603393,-0.0014048493538209685,-0.001635566514515885,0.0034634809401641133,0.0005714103569167098,-0.0005836505332417819,0.0031092449144957722,-0.0041316380317781756,0.0017371743423872346,-0.003253277508611048,-0.0004401672198696973,0.00024027009035253397,0.0038255264629997033,0.0005346381109652846,0.003911144127965455,0.003351325419642835,-0.0030751162031817355,-0.0016708272276169315,-0.002548499467071093,-0.00019416901053852367,0.006570514592927579,-0.0017252944367124547,0.002045613231388726,1.0,-0.0018227337100316598,0.0022028490935855644,4.3175905960758194e-05,0.0003697181637347913,-0.00045744576185392257,-0.0015106406589584342,0.0015924004624115811,0.002480090328648914,0.005587409480489212,0.003718587051030993,0.0004644821917414634,-0.0029142698118466265,0.0028570887550308363,0.0017101358103384255,-6.014590104184671e-05,-0.0009324746311418535,0.0005657569585135909,0.002115168175005121,0.003102551179993688,-0.0032032540084734203,-0.0015552124406692693,-0.0012115839477746877,-0.0004651992539346994,-0.0010888639022409983,-0.003939657810923215,-0.0027350577381817145,7.302638139312977e-05,0.005163043495260754,-0.0034388969765562303,-0.0012717484051562712,0.0009238819354686997,0.00041522754343516866,0.0019062742466914437,-0.00103058145597668,-0.00015643544391901433,0.0018328082222038725,0.0008557743469699682,-0.00032834377608527405,-0.002279186860230035,0.0018925738503844153,-0.004362737013377283,0.0011154772044380864,-0.0018607576376032198,-0.001970380500880862,4.407982580000546e-05,-0.0005555343129240606,0.0012805029929768437,-0.0002860258942392432,-0.0017695274489048487,-0.00023570487870766302,0.0020797019054389406,-0.0011918295683937925,-0.0022047263399649205,0.000931760682152319,0.004102059391209012,0.001286659945387073,-0.0018037526999305613,-0.0012513086458194643
PC43,-0.016625712971406897,0.02218570069197731,-0.0008916542536386874,-0.012794709707400848,0.009789017737587337,0.005581600523824848,0.0025200300796359176,0.023271263490211434,0.0022624658004527076,0.0011952003419208794,0.0010439195424970908,-0.0020537102152462646,-0.0009430199339421407,0.0019269836765773173,0.000614891204030416,-0.000933226731286456,0.005077964901862686,-2.6036945562477017e-05,-0.001744381471257896,-0.006365359868972863,0.003300015790215592,-0.0035651709485373657,0.0006401743899675874,-0.0030294346045956454,0.0016931991527053434,-0.00144938393481886,-0.001053669046067841,-0.0007096178562143515,-0.00421389518971699,0.004160890611816339,-0.00021053927875092378,0.0040000901078992585,-0.004332299610120746,-0.0021282029298241626,-0.004320869729852484,0.0012026153201291818,0.004607294465950461,-0.0022841213445854037,-0.0003377630926956161,0.003817676539012104,-0.0026721371804398148,0.0008593900528565148,0.0008354289797129645,0.0010552612598359469,-0.00453609023653353,-0.0025425228560318315,0.0008487673788430142,-0.00472865463164967,-0.0026367777810750396,-0.0018227337100316598,1.0,-0.005042930429630035,-0.0002678939623159094,0.0030957589093270127,0.0005669542739739274,0.002394944199057875,-7.381390794353496e-05,-0.0019113939623767373,-0.0005424977918718699,0.004417135416181307,0.000759397320012854,-0.0005748533200817686,-0.0006601470399449751,-0.00046802158027861763,-0.0033124163541431565,-0.00609047803101282,-0.0005907216264834959,0.005003290646445314,0.00047058089786616993,-0.0022797673153107743,0.003237468205403369,0.0013202964822221907,-0.0034777464378655237,0.0003386475262650435,-0.0010053654176815463,0.001088149718089358,-0.0023639367180306355,0.0014830525347196042,-0.0012900690405607284,-0.006766003711539548,-0.0041676545920976225,0.0005714985794006111,-0.00044534288301732565,0.0009416667223421086,-0.003403488621133253,-0.0009578502398150079,-0.0009309098446307708,0.001344224520038477,0.00098283430108204,0.005368485657591709,0.005162862194610687,-0.00011876333835066238,0.004480998121481337,0.0005936802372790788,-0.000414114744263405,0.000187483342340801,-0.0009662700465831654,-0.00013172282278656685,-0.0021487992429377384,-0.0021698077019285285,0.003947660843134365,0.0022261659623922293,3.916586357688938e-05,0.00127186132652489,-0.0004299443197960089,-0.0009755479744128193,0.00173548265599037,0.0003558965396613186
PC44,-0.020219782249481667,0.0067514486504543034,-0.025234685129155995,-0.007881664285479841,-0.0058429876088705885,0.024065634585242697,-0.006844906162673443,0.01811087822262348,0.004375457567816524,0.00011663144954479428,0.0011359081478025945,0.000512838424513095,0.0005110872022674158,0.0033336846026096444,-7.402113449109171e-05,0.0030269908949278296,-0.001413603127370161,0.0018388446338504336,0.0009267411218737615,0.0024234343130553494,-0.0017274802211379866,0.002096940227320726,-0.0020832665694932168,-0.0016877872051191812,0.0007364209513494863,0.0012086747869244866,-0.0016546689402309937,-0.0003881697973945944,0.0018054058623678862,0.0015669903514537128,0.0033445475675213414,-0.0011138320963154013,0.004578502012760333,0.0006483937465235103,-0.0025604178330856926,0.0011155139429896333,0.0010586412747158795,0.003467367140943952,-0.0007683504584555882,0.00036344595270413206,-0.00024851393582224273,-0.0005090164379911478,0.0040085194633167716,-5.0739287197744546e-05,-0.0022685863367939815,0.00028149698009789466,-0.0019062094585894078,0.003985888856342638,0.004372629245974945,0.0022028490935855644,-0.005042930429630035,1.0,-0.0002192271072659064,-2.6633289063573324e-05,-0.0006605445280226298,-0.0014067858616440467,-0.0013264358481463441,0.0021858424476402308,0.003616467562107972,-0.0032407559577225975,0.003649609420345617,0.00139719605204846,-0.0008227787460040235,-0.0024723882616673144,0.00011027077889186532,0.0031924360972961545,-0.0025749319035365025,-0.00017797216988578413,0.0015296753027894765,0.0025827458753058218,0.0015816654560154941,-0.0020113678677958972,0.0037440806226357944,0.00123069729963541,0.0013617113970353788,0.001044696969570714,0.002881659962302402,0.0016669870785440642,-0.0009662242671383415,0.0006721232410140289,0.0016969154921921935,0.0013048108368988072,-0.00018603199939545593,0.00477830821743157,-0.0032625508854655155,0.0008867301087814233,0.0010914978377203361,-0.0024403326353398,0.00018312822652569104,0.00157718319909221,-0.001401303502933116,-0.003066321224305432,-0.0040893126071419195,0.003640884547766526,-0.005375446565546309,-0.0003758608336090836,0.0019136279636970822,-0.00291281121831753,0.0015378377859525223,-0.001346689557514023,-0.004520399860718904,0.004249246345960473,-0.0025850898246319266,-0.0029866301308295678,-0.00012247900719657454,0.0019978159782546813,-0.0024443773127639824,3.796113748057473e-05
PC45,-0.0029434470258694278,0.004416571233982674,0.0025649695027829406,-0.000989707457779468,0.0010413866748361313,0.0043570293427265625,-0.002058944443187158,0.009490810783692964,0.0026298849910691238,0.001597332314615459,-0.004315590563227009,0.0006558069281245754,0.0008905528804964784,-0.001917607801848386,-0.0018590704692284898,0.008820079780147176,0.005888047941869764,-0.0029092146384744532,-0.003693578493548625,0.0014185158509954026,0.0022617543493967532,-9.347845018137228e-05,3.818678887300014e-06,-0.0002279879475194278,-0.0004103898658385631,0.002206467107776631,-0.00038033098099829097,0.0018644327717029414,0.0025960831267966417,0.0009559287419804767,0.0026314198894427545,0.0006779136437915321,-0.002659392039256544,-0.0012105808627161316,0.0004211120208048213,-0.0031477191269251533,-0.0016469901597642536,-0.0006723894235595442,-0.0011721583149223384,0.0009578641948168869,-0.0010243066025281133,0.0029065528238136347,-0.0005430611161377065,-0.003713965977963636,-0.0019209782035896654,-0.0010361656518515189,-0.0032465440912313346,0.002937379076123202,-0.0016568871687493685,4.3175905960758194e-05,-0.0002678939623159094,-0.0002192271072659064,1.0,0.0005933067245906986,-0.0017397148144683362,-0.0015487580670566624,0.004475601939476282,0.0036144329459330063,0.00029258507394960305,-0.0028383687482203554,-0.004984089756271855,0.0010314873910453389,0.0014886347747930999,0.0001677072058951722,0.0009364287251818643,0.002617075729295331,0.0009328834429880268,-0.004213581946757852,0.0015432052838828644,0.000566209530427798,-0.0007634652026025582,-0.0020910256338992,-0.0011373837790762365,0.00039173340719304606,0.0007891343943031244,0.0026632246446044896,0.003597225877042426,-0.0027149031329657333,-0.0013818950019886716,0.003120100555830419,-0.002192159672757785,-0.005551461408697305,0.002028546732256636,-0.0031285500283498423,0.0021885093604741977,-0.0009944484947030353,0.0013206469609950587,0.002634078136714114,0.002828076937004775,-0.001298272900160911,-0.0010614473434092597,0.008102082756694773,0.003519073847431118,-0.001341434758647304,-0.0022807536499567316,0.00059402033485931,0.0016211922216798698,7.91118907087783e-05,-0.005058383165095973,0.0011496545975032523,0.0003262131691577957,0.001497660277136202,-0.0005540431298154822,-0.0030772947192534103,0.0033205425017530407,-0.00051709975738735,0.0004787113029941225,-0.0016131202555267744
PC46,0.003813292160708422,0.015594736185785746,-0.0019967656341346447,-0.013628205487569779,0.0020183075352648385,0.01728003717010733,-0.0006074718157140811,0.011697043390034285,-0.001449939656908162,0.0011140809971896687,-0.002400936822205131,0.00014938178799876614,0.0006535093050865269,0.0006318287164582462,-0.003851546114507154,0.0016263591463170106,-0.0018259976228411404,-0.002513265736515756,0.0010164564049941597,0.003851951162058983,0.001704222303139775,0.004906850426114635,0.001024278343753521,-0.003973348508161715,0.0037022331404760883,-0.004345398459559159,0.0009111689918191064,0.0010104939138017958,-0.00028313738794441204,-0.0015060044786265807,-0.0027022020969014594,0.0015216569142696397,-7.285699275312062e-05,-0.0020223416721989527,0.00019276052459072063,0.0016069921146727591,-0.0014124347295182346,0.0019878852506997283,-0.0027020464727276934,-0.0031718639970057636,-0.0016609618261611092,-0.003941485507864321,-0.0019039082281356698,-0.0028842029066780883,-5.9453813680677376e-05,-0.0006258625546839612,0.001347347230079142,0.0009635430298297339,-0.0026554656695801666,0.0003697181637347913,0.0030957589093270127,-2.6633289063573324e-05,0.0005933067245906986,1.0,-0.0026209099465590423,0.0016330609471309893,-0.00046216944856228797,0.0019342508378836323,0.00040107722099888657,-0.0010552915779780407,0.001879242286914233,0.0036119956860672492,0.005034114615041037,-0.005971045672498368,-0.001486094204617778,-0.0008552874931927333,-0.0006584050816877938,0.0011749635716614452,-0.002062414245148131,-0.0012388205625726372,0.00285125760265563,0.00011604070969472656,0.0017815063664971763,-0.0027825618308100542,-0.00314821226682476,-0.000643541319861539,0.002520141952604562,0.000956976453239356,-0.00020898055627330427,0.0016005180765141967,0.0002405613519873282,5.216790041868423e-05,0.0018852477329600811,0.002225608926656591,-0.0012073355348638673,0.0011133280250214326,-0.0011955058242775392,-0.0015604556720312777,0.0012667777673925986,-0.0006365813200328271,0.002274458670926871,0.0005122455950705434,0.0002966740320010956,0.002051489637302559,0.0006058040448830996,0.0011526652864593833,-0.0022285723639242994,0.0011516032090038676,-0.0012993619862549698,0.0027913667981331,0.0024761640684503304,0.000975996020344848,-0.005035102244278292,0.00283536366271487,-0.0016965058148413889,-0.0008016292838518005,0.00255504416469659,0.002459764802825886
PC47,-0.01627686086658319,-0.005326328897872585,-0.01625013092867124,0.005994522939411296,-0.006881513851269816,0.022976732343785184,-0.003343969460070933,-0.02149834086639058,0.004558264264210144,-0.001916717661935789,0.002153685510039177,-0.0037369579283997667,0.0007163102350566536,-0.0022654545047372525,0.0017809946419454442,-0.007013484023817036,-0.0006255429092936558,-0.0025006345382805654,-0.0017078110700194057,-0.0032066366980603857,0.0013762946584170606,0.0029015806709955156,-0.0022998635012740007,0.002824984589377747,0.0018523716866558114,0.0025771034692695922,0.00012164581821812981,0.0004738381114095198,-0.00456748592665754,-0.0012781764023558637,-0.0001992120522139181,-0.0004924516498529825,-0.004782312755208615,-0.0009371520041022536,-0.001858043265956604,0.0018307706322025863,-0.0007391534370292528,0.0027204506403015194,-0.0013648304812886182,-0.0007358222428399301,0.00025824292710350383,-0.00017505855154691861,0.004788320070531717,-0.003582740345121389,-0.0024607479103863597,0.0012155308153471984,0.002344302376665493,0.0015163732329161678,0.0007079880764446178,-0.00045744576185392257,0.0005669542739739274,-0.0006605445280226298,-0.0017397148144683362,-0.0026209099465590423,1.0,-0.0015998092593631958,-0.002883463919457666,0.00018908310843754962,0.001106032913431281,0.0003800201250619983,0.0006834651151812957,-0.0007198082936219112,-0.00044371761662218164,0.0014666666123537998,-0.0011296765006100374,0.0014583881187334214,-0.0024125952397043523,-0.0023915195823601717,0.0004175878927927473,0.001436090262977502,0.004814616898407076,-0.0023046593305077715,8.507795621349859e-05,0.0011650316994344435,-7.781622285195244e-05,0.0017769645027240783,0.0012864921310426468,-0.0030120429424465873,8.267195673591207e-05,0.0006214937335525196,-0.0042911379074887885,-0.0012832077898112275,0.0012857008528042702,0.005415119214030098,-0.0020372219222993203,-0.002336217455692644,-0.001842208797260245,-0.0006263045539138475,-0.00024284609399214456,0.006144071770026821,-0.0024688910299029984,0.00072655314859758,-0.002162864604716896,-0.00025252232511447303,0.0017282289831932114,0.0007688478628654491,-0.0018819209056637172,-0.0024673255149132577,-0.0005207633994904256,0.0019307886458580987,-0.0006675378343996201,5.200327392449146e-05,-0.004315793453521013,0.0045745928075955145,0.0029440612671352605,0.0009217277992110977,-0.0001549280135490638,-0.00534875054225812
PC48,-0.02053065999476529,-0.047931522773080985,0.020589255288509103,0.04188994031969926,-0.016196542325605884,-0.009101292944693517,-0.010462689152679774,-0.04654585294757128,-0.0012628056048467708,0.004264067335082057,0.004631105494364457,0.00023899812036780568,4.323605892664331e-05,-0.003045088289173936,0.00015464783040101688,0.00019224141423650754,0.00129784441859952,-0.0036866845694685634,-0.001518064887326501,0.0052415508080052185,-0.0015472018552573853,5.161415073485521e-05,-0.0005801729388075003,0.005518875799887312,-0.0022819824231102414,0.0003354969933061856,0.002298728623140416,-0.0016290575495666636,-0.0038413974338836524,-8.47946612461912e-05,0.0025029299465712993,0.002040593645885646,0.000881166706260781,-0.000503788922881281,0.00062119713583876,0.0022330390153505503,-0.000915754824477098,0.00019262953268422322,0.0008487302674259631,0.002369008770278002,0.0013829176289878616,-0.000543279749871323,0.004712751987742985,-0.001848808630759414,0.0005508032130344853,-0.0008856569851302087,0.0020024289001477915,1.915145302215553e-05,-0.0032421439126851773,-0.0015106406589584342,0.002394944199057875,-0.0014067858616440467,-0.0015487580670566624,0.0016330609471309893,-0.0015998092593631958,1.0,0.0021086025463639495,-0.001210430354725289,0.0019321397486889798,-0.001868742050173008,-0.0006627472264847385,0.0002478920692600798,-0.006281180004691742,-0.005091668864402215,0.0006094489676213746,-0.00194614369123206,-0.002136792944748715,0.0009304318682684682,-0.0006515819331294194,0.00282904308121576,0.00339632718460276,-0.004165295179020555,-0.0005136094980266705,0.00037563538486939756,-0.003335816591850154,0.0026191510473415726,-0.0036584925667527495,-0.00170643601709815,0.0009765620125025671,0.00222100969421024,0.0016031923054409746,-0.0008490584146654309,0.0014090185737618275,-0.0005940105413002326,-0.0035296440619115885,0.002124573822712903,-7.088190348267622e-05,0.0017592711428134006,0.0011363027234000068,0.0022160568690129585,-0.002288810225456809,-0.0011820522061855349,-0.003979940500403872,0.002963322431628031,-0.0008340297334254085,-0.0015921109933301765,-0.0007317481124328768,-0.00412826345462592,0.0009700043286486775,0.0020781130329117314,0.002630291775244597,0.0004855904996716692,-0.00015411433874751388,-0.001796674557498628,0.0004032296509449269,-0.003849936875151051,0.001383642823074433,0.0013786016861085824
PC49,-0.07041727776099055,-0.03013204435221883,-0.006705372397858756,0.028307297835906887,-0.015344731756339637,-0.035007154630297646,-0.007815309545975447,-0.008250967790589182,0.003105935944959643,-0.0037645573753979206,0.0002352483840420564,-0.00191510659866822,-0.0015901645183709944,0.0010997025744162053,-0.000299978810051002,0.004950490323922396,-0.0006331615830379433,-0.00034757236717582407,-0.0004613655243475651,0.0002782773305161542,-0.00046485535466880064,0.001446095082112935,0.0008331765153142861,-0.0006705090433018851,-0.0009111724379269279,-0.0026013599834198674,8.660654065453166e-05,0.00026373136817342514,0.0006973082970416264,0.0025980461136687646,-0.0015912948747030468,-0.0017538785251388876,-0.0030716865932866565,0.0020468327844443204,-0.003324830117377868,-0.0008154167030631906,-0.0022909432435821043,-0.0027007382043269155,0.002357360247405497,0.0012527649436802494,-0.000693620139512186,0.0054546505082736525,0.000942387381990696,-0.0009074447767003474,0.0058611331802354135,-0.0021690311987667254,-0.0012307823873139124,-0.0004956280365552715,0.002663208972882807,0.0015924004624115811,-7.381390794353496e-05,-0.0013264358481463441,0.004475601939476282,-0.00046216944856228797,-0.002883463919457666,0.0021086025463639495,1.0,-0.0010238682905827046,0.0015429590542267923,8.687605106293101e-05,0.0017083902327740016,-0.0017237871756741875,0.0024059098552628067,0.001679876771602668,-0.0020036218087124014,-0.00040180036083958,-0.0016190947577527327,0.0003793884872230052,0.000334769751044894,0.001267722371779016,-0.0015997546288019,-0.00021642074566110897,0.002626437677253144,9.884834628307516e-05,-0.0003106643990447344,-0.0022308683337652667,0.0011195190925641768,0.004400711110725715,-0.0009611183015293057,0.001759549020468737,-0.0035031293389548414,0.0009380752209687208,0.0008456272539339523,0.001829958345010656,-0.0013870713839343662,0.0038710349661605016,0.0071935448211334204,0.0026268046122590464,-0.001188698575257857,-0.0018253000468466361,0.0024857854073343935,0.0018134593059079846,0.002006588045302383,-0.00125111833720552,0.001401298347840704,-0.00025556153826335366,-0.0036872821147776206,-0.004476067124114735,0.0011251629297702964,0.00214240852198583,0.0011798928064723525,0.0007195381310220779,0.002285775554892926,-0.0032948142316102263,-0.0055512812093155076,0.0010390189081723455,0.002182754913107371,-0.002340448840965044
PC50,-0.009686946768810012,-0.0780272313030186,-0.043594020920598046,0.09909492769297763,-0.05183935111669711,-0.0631404805374946,-0.025812359657552155,0.00386175890372072,-0.0005086726479608078,0.0005929360329381097,-0.00198195486104339,0.0010948271023031976,-0.0007367637137380683,-0.0024385788267559765,-0.001061643002927474,0.00016579664725523043,-0.004307401062156535,0.003690262888634934,-0.0017587458035431996,0.0002481429003786449,-0.0009496345569794141,-0.0014681324712408855,-0.003189600790912723,0.000928551716382102,-0.0012643898658866088,-0.0009293359994937148,0.0008211410683560212,-0.0001982161764302101,0.002879623581848921,0.0016577510117421076,-0.0007896718376866791,-0.0018396339192692601,0.0009278968181549958,-0.0011515395899579226,-0.002051197435043405,-1.826396068539118e-05,-0.00043816525973199434,0.0014363265351229797,-0.0003479149930385101,0.0011475792083339782,-0.0003605869429947618,0.0013377209014643122,0.0001667518489049819,0.0025387721451522725,0.0027325561342917363,0.0010332562230867186,-0.0019703260325027506,-0.0002501831825202969,-0.0019496813838073411,0.002480090328648914,-0.0019113939623767373,0.0021858424476402308,0.0036144329459330063,0.0019342508378836323,0.00018908310843754962,-0.001210430354725289,-0.0010238682905827046,1.0,-0.0015784177434671064,-0.0023775158753254963,-0.00499921232448045,-0.0035734585641428703,0.0022020388970666457,-0.00078403811109321,0.00322126396677837,-0.006263223059084676,0.0003032132935275043,-0.0004184138899579747,-0.001071545311091946,-0.0004860873111605983,0.000892871524334764,-3.690339553152526e-05,-0.0008897387685822318,0.0035395464651594277,0.0003235508829717575,0.000796637960411945,-0.003232301300988029,0.00039974901448302353,-0.003381480624221429,0.001150788089909235,0.0013413884608306486,0.0009087562665263792,-0.0043787453740018545,-0.00027174963002048674,-0.0034575347431616164,0.00045141768728532107,-0.0012020210146059676,-0.0032902025151026392,0.000145423752880221,0.002034289040623493,0.0008446409507488526,-0.001764263483556699,-0.0016074012380149062,0.0024036801462254224,0.0027619739000073673,0.0063451683968290375,-0.0031939181164667672,-0.005752522081848585,0.006514986969620213,-0.00422796034410962,-5.908162645666566e-05,-0.006018876233107007,0.004989389935202323,0.00016934951805873885,-0.006068189507591073,-0.002967175284716254,0.0028219127485254116,0.007386085600475924
PC51,-0.019172779734655226,0.012602260775854114,0.0028985219273363434,-0.008216582426561961,0.007899233929987929,-0.0019703823717933276,0.004616480062426013,-0.00042306607642225724,-0.0031020858909303227,0.00020597709192759735,-0.0019994159697860653,-0.0030342078625206622,0.002259552699895691,-0.0037200524476645918,-0.003766933789412935,0.00039249366359084715,-0.002177342187625815,0.0013263387772990982,-0.001619543254102196,0.0015558736887192443,0.0006079257054608924,0.001476239303047597,0.004053367800584454,0.002872905671208152,0.0030158924706606867,0.0018426325767675394,0.001380070030905847,0.0008244720266257804,-0.00116764013570758,4.347645958755229e-06,-0.0032062487733395474,-0.0038015949367111164,0.002697502542133518,-0.0004916998239305255,0.001269801314521745,0.004390327305365311,0.0005567942602597321,0.0004832923084093216,-0.003139480272094357,-0.0005005700837422856,-0.004140738158226854,-0.001978846036084689,0.004632420254598261,-0.0004921312456591335,-0.0020634898913527823,-0.005418654954277224,0.0005579102440215341,0.0043874111229726615,0.003489459615182128,0.005587409480489212,-0.0005424977918718699,0.003616467562107972,0.00029258507394960305,0.00040107722099888657,0.001106032913431281,0.0019321397486889798,0.0015429590542267923,-0.0015784177434671064,1.0,0.00387864751593039,8.380562541386513e-05,0.002702758717703505,0.001542267726903881,-0.0006896473669054936,0.0012470772886326999,0.0038747521160900082,0.003550871306809996,-0.001327222504951521,-0.0005359197478337112,-0.0006872214185051493,-0.0005248032380838337,5.998224932785892e-05,-0.0005264646364243238,0.00105921293083821,-0.0023056182974735247,0.0011728865091302078,0.0009140336983412406,0.00022929305378811154,0.0010235787407286325,0.00045047695664459693,0.0001556397831963702,-0.0014309630270504478,0.001749968623709299,-0.002846912157135928,0.0005464540906823499,-0.0026814927883815347,0.00010996027120311838,0.002541059717134715,0.0030279947525792975,-0.0023511642117859245,-0.0011787715390937101,-0.0014042238125536188,-0.001975618483387369,-0.0005127642914725828,0.0030297436363865226,0.005610458338657535,0.0027408617607344553,-0.0020811634165836313,-0.0015892511649892938,-0.0004147277971366566,-0.0025381307426113717,0.0029144519273018804,-0.0034524540966219402,0.00015324277839651494,0.002947118279873104,-0.0018762926006021304,-0.002785544206983966,0.0012778652507284718
PC52,-0.012505409479641507,0.027917935893628593,0.012724702636815586,-0.03063312436773617,0.015451902558470865,0.02386226603841066,0.00944136502064744,-0.01077572136300556,-0.0017193690229647428,0.0017662173955491393,-0.0005832636759216611,0.0004253344524424791,0.004698512920059997,0.0007292900417692718,0.0004764893552631844,-0.00045751600964808717,-0.0031276350479674223,-0.0011370285304726077,-0.0013021066888911522,-0.0015799734577204108,0.0003844610400792564,-0.0009491209074831753,-0.004128907506113351,-0.003299052645721636,-0.00014311081987400476,-0.0013736311263588272,-0.0034513110284955517,-0.0035682868139820106,0.0019534355238035725,-0.0004954367299685938,-0.0005858627286487954,0.0013492293833114917,-0.001995575652255299,-0.0014575312574251547,0.00015977849743266948,-0.00131231122333878,0.0006746729943860003,-0.0012176494837571564,0.001544473741056018,9.853870709022579e-05,0.0031153502356636984,0.0018585765777688764,-0.0007623668517447882,0.0031053899011612373,-0.007152996956748169,-0.0033140710663898125,0.0008648611018472788,-0.00013522580656970913,0.0037276759493498476,0.003718587051030993,0.004417135416181307,-0.0032407559577225975,-0.0028383687482203554,-0.0010552915779780407,0.0003800201250619983,-0.001868742050173008,8.687605106293101e-05,-0.0023775158753254963,0.00387864751593039,1.0,0.00021577800524498757,-0.001404444891157184,0.00331094170991909,-0.004148816476929956,-0.0015787320247777517,-0.003054491411786211,0.003507293365784845,0.004850628911051346,-0.0002851088929305553,-0.00253440115379978,-0.0016411852405755335,-0.0002576411339102259,-0.003099159753894203,-0.004125854221121079,-0.002331753914074156,0.004071261336766292,-0.000753034284472321,-0.004320853834981153,0.0016492955501540812,0.0021934973028347043,0.0016489330857761258,-0.0008721183299168679,0.000651052406959778,-0.0002821266474379241,0.0018687610965421892,-0.0005338340866959646,-0.0019457259098448706,-0.0010098215224624,-0.005219736096259389,-0.0007185832921875026,0.00487582552243996,0.00037750623647668307,0.0020393163218244605,-0.0006956352320463059,-0.0020827722222452306,-0.0011009423290869024,0.0019755178117370153,0.0004207195263754785,-0.0017151551276453313,-0.0004000872656972062,0.00025848040785122887,0.0010344925362044558,0.00018583803875804448,-0.001603463093414863,0.0009188606116464176,0.001652828426543546,0.0016864416943013017,3.699920129406229e-05
PC53,-0.0161259769002304,0.009033743326610723,0.0003026512605064819,-0.018206123731898744,0.0007978992840457241,0.011371993130157677,0.0014571812420433013,0.0191744261319514,-0.0028759784891486907,0.0010424209897010104,-0.001065504779910644,0.0008204857934817208,-0.0014738905563732223,0.004117591959916981,0.0003792140090445342,-0.0011290605498539166,-0.0004154274026243896,0.0002323541516630264,-0.0007326312230545205,-0.0010778390628673794,0.0023858704572677076,0.00021372402144709336,-0.002512738623667521,-8.530516545565591e-05,0.0024504801479491756,0.0005653792471113636,-0.0007199326671041307,0.0014166256248790046,-0.00020224161308689015,-0.0003804727917428094,-0.001672870697015072,-0.000927667782955172,-0.001046189334151236,0.0025133660462195143,-0.0006500627510486479,0.001289170045933898,0.0005096043554472569,-0.001958266442352748,-0.0003730393003885458,-0.00612429220638194,0.0015485472288181792,0.0002788714940395593,-0.001842480117193673,0.004695844014967083,0.002638821261277412,0.002224456682624286,-0.0018264355154990733,0.001610131309215955,0.000308732604288505,0.0004644821917414634,0.000759397320012854,0.003649609420345617,-0.004984089756271855,0.001879242286914233,0.0006834651151812957,-0.0006627472264847385,0.0017083902327740016,-0.00499921232448045,8.380562541386513e-05,0.00021577800524498757,1.0,0.0008480095679229678,0.0011767719512380675,0.0012532828601127012,0.001815002017011223,-0.001503675578034762,0.001759876831137558,-0.0015341725964111215,0.0006213546424095374,0.0021069131438603964,0.0013687251403336148,0.0003909028570439127,0.0010605945531119404,-0.004261633472840452,0.0004479499948196249,-0.002152850855933644,0.0034776697699377256,-0.0032936802085327286,-0.00017683665976963783,-0.0026229601810058133,0.0006921913526187342,-0.0004934602161329678,-0.0015477832236411213,0.002389208598137046,-0.00240330174553504,-0.0011889423512240677,0.0020135379108715762,0.00036707051422142005,0.00031575424697592307,0.0019052528139841506,0.0010944822200855415,-0.0028218655190159294,-0.001919903929202893,-0.0012938431660509827,8.330817864841186e-07,0.002732668951801093,-0.003261613919265748,-0.002419905208832892,-0.0006966131881457556,-0.003375611203863695,0.003639583269378778,0.0027906434351957056,0.002410849884953073,0.005182509334035125,0.0037646831258918013,0.0026128464393638516,0.00474824557299744,0.003730317455282818
PC54,0.01296096412942794,0.01024183619504393,-0.005077315189866722,0.009333064437765251,0.003057427644620041,-0.0004445227056595731,0.000538091848183501,-0.019530229305414405,-0.0009890981270442416,-0.0008236301415016818,0.00041178089383742274,-0.00038800405390395954,-0.0031147066681346198,-0.004690238715944363,-0.00020385986122519646,0.0024231547475688014,-0.002302409375609749,-0.0014046917383328276,-0.0018051692568957338,-0.003363470325343699,-0.0032793251669879808,-0.0012002426535740217,-0.0009456447955204708,0.0035239050800166065,0.001548405703048826,-0.00037085674602129636,-0.001097357635824638,-0.0012422987912108455,-0.0011477231131889211,-0.0029664192692647542,0.005688706071348901,0.0029574726633370403,-0.0011044117806557278,-0.0040394511668227885,0.0001664257911676585,-0.0017721815383268651,0.009034784603114746,0.0027454386232793207,-0.0023192182785512646,0.004149077362710684,0.0003451984516729514,-0.0027442089495810463,0.002892756726645946,0.00420819860872473,-0.0027761703286349254,0.0009135811039847843,-0.003433842351212288,-0.0014496434472993332,-0.0043739085457860805,-0.0029142698118466265,-0.0005748533200817686,0.00139719605204846,0.0010314873910453389,0.0036119956860672492,-0.0007198082936219112,0.0002478920692600798,-0.0017237871756741875,-0.0035734585641428703,0.002702758717703505,-0.001404444891157184,0.0008480095679229678,1.0,0.0011747202628684993,-0.0011209272532920625,-0.004156984000624168,-0.002939201768788632,-0.00118864678540667,-0.0006490939072012405,-0.0003036164953248851,0.0034971021706833917,-0.003132627403495729,-0.0016228598491689569,-0.0010807465419549263,0.00018678924894238564,0.00247412899227849,-0.0009895668303674479,-0.0024307392289599264,3.995641699594891e-05,0.0017045074423132722,0.0010998117106012048,0.0037073712097452035,0.0004446620930046888,-0.002441863796386018,-0.0007858853991410397,0.002348706674663554,0.0025804692592630244,-0.0029699403197202376,-0.0011668001385376015,0.0016812024711432604,0.0015392948999359108,0.0015421243117730856,-0.0033096109712959804,-0.0013532807131698397,-0.0009477493582704745,-0.0037839560053474965,0.002630904659231758,-0.004136792079973487,0.0026268977176660854,0.0024348300191853424,0.0028334450569962085,0.0027746087302694764,-0.0009903172986807922,-0.0018472968360211239,0.0017429702035162075,-0.00123497651317748,0.003244873186475691,0.001140365802129529,-0.0011431529199103314
PC55,0.05171193295461709,-0.03675735104731591,0.09732372997391404,-0.08527453348070653,0.03794938854136334,-0.008079961278492809,0.013884551423143817,0.029933317634335037,0.00015487979504200987,0.0004880787148937934,0.001091064343059407,-0.0075562772791685036,0.0018677346464031949,-0.003806136649231512,-0.0027254762125796523,0.002734842065287184,-0.0002441402116406067,0.0016114081745646515,-0.00121408654273025,0.0003439087868831268,0.0015164561162138099,-0.0009134963389206088,-0.00028670740915416273,-0.0014190947983961895,0.0025320510814686287,-0.002147929649519781,0.005992445059653339,-0.0007247703059174958,0.0011213953063468,0.00011572972638644664,-0.00042811468795124225,0.0019014686103630688,0.004378039022289336,-0.001645203112696307,0.0002625545315181064,-0.0002991797017150359,-0.0013428691109839677,-0.000995908417779805,0.00484519343065129,8.595154914567767e-05,-0.004575593339387865,0.0009512120672390364,-0.00031149792638315946,0.0018998131435315813,0.0024531661762230523,-0.0028580880117701824,0.0020612823396618774,-0.0025162011831748906,0.0011284872279320823,0.0028570887550308363,-0.0006601470399449751,-0.0008227787460040235,0.0014886347747930999,0.005034114615041037,-0.00044371761662218164,-0.006281180004691742,0.0024059098552628067,0.0022020388970666457,0.001542267726903881,0.00331094170991909,0.0011767719512380675,0.0011747202628684993,1.0,-0.0019880673377977334,0.004782617152470374,-0.0008099710438559021,-0.0012614573701080155,-0.0002670793756097313,0.0009365526755667961,0.005176185168473264,-0.0032423662417538114,-0.002228224713307489,0.002096720515649086,0.0025253348669941997,0.0006277820212061819,-0.004195199175267032,-0.0005782302251369989,0.0018270227576157362,0.0013337529733668375,-0.0003694158834925371,-0.0021027295737631162,-0.005185328060894959,0.00026480130123309045,0.00227142151703824,0.0021120683578964954,0.0026213048063792976,0.0029950757174222495,0.001948820109789589,-0.0018873979780486259,0.0007656743065661183,0.004074491443821195,0.001933918313933897,-0.001910055377945895,0.0040695321641564,0.0018017164316854598,-0.0011044872290688005,0.0027991027628147033,-0.00191067319438262,-0.0010222786401484873,-0.0024075213654321842,0.00048593139519824104,0.0017089385793882797,0.002463494823092768,-0.0044137718354565515,0.0003760133427638565,-0.0022360638384625498,0.0010379474623111212,0.0036492615869538614
PC56,-0.001304569274251389,-0.047491632642716775,0.11087761959603325,-0.08753546816735186,0.05966518036378772,-0.023419785393390406,0.02067900774976952,0.032868637584724254,0.00028762346748369643,0.0025595660521616436,-0.004343736830060432,0.0024437736626997577,-0.0012397935888918176,0.003193025074080074,0.00012217600480640418,-0.0029686076762645967,0.001832583471241081,0.002356419401585693,-0.001364175051798551,-0.0007120069284339473,-0.0021663739210929073,-0.002651854634601597,0.0017856582541160035,-0.0014992538029899155,-0.0018285114486164082,0.0035283195753270987,-0.0005176683230456439,0.002225994337517203,0.0008688296366730988,-0.0026705008712917715,0.002973013521944948,-0.0006201424657422669,0.0008463230060232901,-0.002052060129124279,-0.0006338564979274948,-0.0014479225546906768,-0.001328957486713597,-0.0014261142425561304,-0.0016567711277826066,-0.0024937432499791976,0.002614774934648259,0.0010947480042550089,0.0007677691300969666,0.0006951954138369103,-0.0004765197037389117,-0.0052085257778048035,-0.0011364626168664477,0.0021192163357176283,0.0036622502412103674,0.0017101358103384255,-0.00046802158027861763,-0.0024723882616673144,0.0001677072058951722,-0.005971045672498368,0.0014666666123537998,-0.005091668864402215,0.001679876771602668,-0.00078403811109321,-0.0006896473669054936,-0.004148816476929956,0.0012532828601127012,-0.0011209272532920625,-0.0019880673377977334,1.0,-0.00015918038377408082,0.004413640648798648,0.0017664381938444582,-0.0018668270144435483,0.00046535920343404174,-0.0010293309324596364,0.0031963302483974986,0.0032371549533470813,-0.00025581094038756825,-0.0034798834762071714,-0.0026574361420837003,0.0003773585185712035,0.002976651603814934,0.0021790982177492713,-0.002822011191162773,0.0007906319919003522,3.7600753129876076e-05,0.002359724997137706,-0.0008301700145255384,0.0033253679573668747,3.367392161053626e-06,0.001856232239751123,0.0029530243328188175,0.0002950006096705961,0.0018238283585481738,-0.0014508241990602417,0.0002215280030323807,-0.00027305967669914814,0.0019464061210751197,-0.000418950906773259,0.0025291644768046253,0.0033545746167093528,0.004968523523639907,-0.001562545891959986,0.0005485151879136338,0.0009681427570925673,-0.000422115396996076,0.0005038894815102974,0.0008509846467167555,0.00031466594299162304,-3.337194182656103e-05,-0.004474264319839256,-0.0037409623736909133,-0.002054799204624948
PC57,-0.03392434366298759,-0.0016505956372798722,0.006977052021292433,-0.007655297031920443,0.0064248658629078685,-0.016478943124749932,0.006165182946093664,0.01427904307105471,0.0015279432004751425,0.003037094112353552,-0.0005193812010634014,-0.0015261405678078492,0.00026672600037742493,-0.0031487563341086205,0.0041397907810470135,-0.0008932796645693004,0.0030503977038947435,0.004440562641559264,0.0010037502516261631,-0.0027038691362254214,-0.0025405316549425403,0.0005178305197480699,0.004350932611442608,-0.002550561923119253,-3.64682933031944e-05,0.0006451414555578462,0.001717342938607879,0.0028084342243003837,-0.0001826541364557731,-0.001087786106881011,0.00505601696385158,-0.0009077269368103607,0.0009698257230809147,-0.0012550012276602868,0.0012343731192671868,-0.003501998734059685,-0.002803292814947339,0.002290368067741369,0.0008697829321935245,-0.0017694005193617593,-0.002235943432635067,0.00022238546206315173,-0.0009272622283638288,0.0024583428263155707,0.004242337604830163,-0.0020169991327807276,-0.0022611637329227937,0.005058953213243048,0.00023694000205321208,-6.014590104184671e-05,-0.0033124163541431565,0.00011027077889186532,0.0009364287251818643,-0.001486094204617778,-0.0011296765006100374,0.0006094489676213746,-0.0020036218087124014,0.00322126396677837,0.0012470772886326999,-0.0015787320247777517,0.001815002017011223,-0.004156984000624168,0.004782617152470374,-0.00015918038377408082,1.0,0.004677825544206915,-0.003024778728674581,0.0015361900526699144,-0.001922541913679933,0.0030965324915746845,-0.003672343137045444,-0.004439470657793833,-0.0036040094858548295,0.004820612810018267,0.0023769688927654377,-0.0011233251678842205,-0.002348893850310726,-0.0028263541280611135,-0.001867791652587909,0.004685124417024077,-0.00025793713601714033,-7.047822554845735e-05,-0.002259436644139341,-0.0005600204902503068,-0.0034020084903232987,0.0008013753084954344,0.0013482388816497453,0.0049761518899686585,0.0005243833027427258,-0.0026850753998903746,0.0015646504691159877,-0.00026083180449605533,0.0035219353792954144,0.002462651166631539,0.0008950026560959301,-0.00557975150099526,0.0017268080946819667,-0.0049582990028652005,0.0037808164611862556,-0.0005383112652745667,0.0037818973193607095,0.0016287602299406723,-0.0022455295400901484,-0.0020296154129999223,-0.0035203119722291456,-0.001069398402867208,0.0006417307781576009,0.0001422661388090289
PC58,-0.018192985210492348,0.012592102207168903,-0.020216205632096137,0.016191734021152145,0.0043447191815355335,0.005557303921500966,0.0006959568517963748,-0.010711328998959154,-0.0015019524129912312,-0.0006649663178309163,0.0019580291120564336,0.0014196195207549864,0.0013140031835025944,0.002126822080766658,0.0002921850125492146,-0.003968425251742418,0.002853909822496634,-0.0029963193936048496,0.0005551503611687091,0.003176235235335689,-0.0003489602789041097,-0.0025328063665324835,-0.00018004643918394272,-0.003208855248317128,-0.0018692542594842948,-0.0013431569288432916,-0.0034935983379119203,-0.001260351177706459,0.0026540922105993104,-0.005620304693374818,-0.002974952353635075,0.0011119120121251228,0.0015608824186354592,0.0034174262143430987,0.00029144726146718093,-0.0012719802773150791,-0.0025440754754920913,0.0008087376660111658,0.0031454019953659914,0.0011034796985561848,-0.0004160717730135169,0.0012799815027903412,0.002980265260519461,0.00014555494448338492,0.00011703533314647156,-2.8676432633223325e-05,-0.0034099956837602276,0.0005267626487882779,0.000840510671084935,-0.0009324746311418535,-0.00609047803101282,0.0031924360972961545,0.002617075729295331,-0.0008552874931927333,0.0014583881187334214,-0.00194614369123206,-0.00040180036083958,-0.006263223059084676,0.0038747521160900082,-0.003054491411786211,-0.001503675578034762,-0.002939201768788632,-0.0008099710438559021,0.004413640648798648,0.004677825544206915,1.0,-0.0005608369152033221,0.002091127701496437,-0.003298814257882865,0.0015401390241858402,-0.0036493680349736876,-0.0012668365342099629,0.0008644682055586784,0.001953163995183328,0.0020607713353801176,7.822613228935247e-05,-0.002696151171205562,0.002311899043805735,-0.0041723960642133665,0.0019961830303783833,-0.0017376547658519853,2.0283985311136682e-05,0.00273967826393237,0.0033127260930417477,-0.002955707962747196,-0.00139425012832028,0.0010110958683403515,0.001546964700291203,-0.00315837863722124,-0.005350821473977846,0.00013969104066199588,-0.002193674537704028,0.00022929467556655233,0.0034966516972511135,0.0020684416293818945,-0.002736607191516605,0.0014679714999636898,-0.001252315036691499,0.0006579478276558503,0.0003997441145754644,-0.0019298102853751425,-0.0005245377716230291,-0.0037450890874979664,0.0016465178656119039,-0.0004907201783763826,0.0017269344913687008,0.0005876997666781746,-0.0017569100372671384
PC59,0.03506890750415331,-0.002192754228034957,-0.0017344066081821951,0.004250318833518484,-0.0018912692609723669,-0.005431983661243836,0.002437638547101615,0.0034178112364435156,0.002040500520678609,-0.00141950489233249,-6.297632890447416e-05,0.00040302785877560036,-0.0015108027250359981,-0.0029501861826450623,-0.0014460810931554414,0.003302297134806781,-0.0037047701809253923,-0.0006717400374526772,-0.002965925571335663,-0.0024891465250463244,0.0002870611862669424,-0.002270122662240852,0.0012764975328793725,-0.0011457420605225119,0.00018904171169761245,0.0023093317982623178,-0.0012782129092740757,0.0010551495583640226,0.0027274324718662177,0.0010797535534490164,-0.0028712105505821275,0.0009672204649743918,-0.004533025447772818,0.0026694089841018645,0.0030936390679942253,0.001820463931246514,-0.0011322011891567207,-0.0011075867972600692,0.003311104227388517,0.002352190526917179,0.0003760231760417525,0.004198475246243376,-0.001281079335905584,0.0013015991029283267,0.0021218194945142694,0.001402792977249978,-0.0009480423742954436,-0.0019665971472693977,0.0006999195043269924,0.0005657569585135909,-0.0005907216264834959,-0.0025749319035365025,0.0009328834429880268,-0.0006584050816877938,-0.0024125952397043523,-0.002136792944748715,-0.0016190947577527327,0.0003032132935275043,0.003550871306809996,0.003507293365784845,0.001759876831137558,-0.00118864678540667,-0.0012614573701080155,0.0017664381938444582,-0.003024778728674581,-0.0005608369152033221,1.0,0.00037246503443248843,-0.0025218776659963506,-0.002527953570304007,0.002518696035166002,-0.0017956473736176304,-0.0028782843241418866,-0.0012289816954129615,-0.001883510211908483,0.0009878557421404773,0.0013094599725796503,0.0008083732021991872,-0.002562658383726132,-0.0012317849820398985,-0.004499178466737592,0.0001501230046310841,-0.00023322742660519325,-0.002903301432650284,0.001757075400379305,-0.0017368644391220498,0.0006450661477630006,0.0004670567605002708,0.0033765852360311357,0.002828985673471182,-0.0001787658709001744,-0.00242273431335041,0.0014302638094331069,-0.0011822215098441938,1.6609856175972617e-05,-0.0045840599460879785,0.0035219604471763196,0.0012252143935209845,0.0026497021488756283,0.0028777851395719316,0.001678216966515168,-0.0006235674711053174,0.0017939532382698201,0.0038359844591306005,-0.0036190958614926716,-0.002176223218231547,-0.003093618597119387,-0.0012371458474671124
PC60,0.04497146254187247,-0.0011340123857537998,-0.0020692335191092657,0.022200658049384075,-0.006986737904164337,0.005727210475788398,-0.00012155955375112587,0.0014754765604373446,-0.0031114120213167843,-0.0013116967520809754,0.0009337802753159503,0.000649933606600507,0.001851837474417046,-6.903399482743304e-05,0.006369016345162766,-7.910331248445263e-05,0.00328381672426469,-0.001998654245295393,0.0028169221636825596,-0.0022187653177283832,-0.0022023964730244682,0.002895181641320766,-0.0009562734287638195,0.0024485191623733597,-0.0024829780301023866,-0.0047432063184713125,-0.0012939453965407262,-0.0030280119814353602,0.0037717259082329876,0.0011636281836224223,0.0010018631221427351,-0.0032309714859234343,0.0015643069087025773,-0.005146090457832366,-0.0011849392266228835,0.0024062788438101853,0.00293615831471727,0.0018979584886159068,-0.002388149800767974,-0.004201324415941726,-0.0022596281870553795,0.0029401374869073124,-0.0015283207239587425,-0.006860846044491801,-0.0016410324762961101,-0.005505386421201204,5.960725724249229e-05,0.004711392150754734,-0.0021224529694121425,0.002115168175005121,0.005003290646445314,-0.00017797216988578413,-0.004213581946757852,0.0011749635716614452,-0.0023915195823601717,0.0009304318682684682,0.0003793884872230052,-0.0004184138899579747,-0.001327222504951521,0.004850628911051346,-0.0015341725964111215,-0.0006490939072012405,-0.0002670793756097313,-0.0018668270144435483,0.0015361900526699144,0.002091127701496437,0.00037246503443248843,1.0,-0.0015399274982114781,-0.0025505034267768244,0.0012674969963198262,-0.0008755164745325597,-0.0010990013270728543,0.00019899050177325046,-0.0002905608414738822,-0.0009488207443965963,-0.005160860831314119,-0.002152860219604733,0.001407717320813646,-0.0007204736681689321,0.004047595958751329,0.0005190764058826484,0.0023455645043427803,0.002022002682313956,0.002218115450766039,-0.0013172862169312884,-0.001803061639778559,0.0013106753619391129,-0.0025093363710574474,0.0006396750943910089,-0.0004237514700202659,-0.0015060820985999459,-0.0014162436937480369,0.0014758764946183145,-0.004660305418462124,-0.0031492718122270486,0.00015730829060942413,-0.0023082344226445072,-3.428496169021367e-05,-0.0009373747141940973,0.000609628317536303,-0.0019420057343392599,0.0012725865799077967,0.002736720530559735,-0.003972059754274983,-0.0007210615839695139,0.0023649856909077143,0.00021687489756135387
PC61,0.007933449828300758,-0.00728820442808856,0.0015594923234279036,-0.00042088570350025563,0.002191563769795757,-0.0081123719513211,-0.000182530665773354,0.004597365310336686,0.0017703946836373015,-0.0014132494630577674,-0.0009534174645922034,0.0023761605361488,0.002350506952626692,-0.0024599801523319978,-0.0013719420424121412,-0.000116479220309631,0.0016112332589598084,-0.002301023536345857,0.0013509130520902835,0.00021212722832726622,-2.0440370569616304e-05,0.00014193435159186071,-0.0038605290724740295,-0.0011764936236971755,-0.0018860491732931785,-0.0035784582112718508,-0.0024443474161299087,-0.004305211468649991,-0.0030961063781410453,-0.0006248995155210077,-0.0017481646542547183,0.0017866703177753514,0.0016159103643027613,0.0029982421519240596,0.0013860978315067352,5.9198771528453766e-05,-9.05729155631634e-06,-0.0019679265268313846,0.00233597938776223,-0.00032684042896373525,-0.0001248331406191974,0.0018457456577115972,0.002165166864313155,-0.001300171140228408,0.0001313330270823491,-0.00033676454899214534,-0.0006917752587643604,-0.0011752500060824259,-0.0036811325405946374,0.003102551179993688,0.00047058089786616993,0.0015296753027894765,0.0015432052838828644,-0.002062414245148131,0.0004175878927927473,-0.0006515819331294194,0.000334769751044894,-0.001071545311091946,-0.0005359197478337112,-0.0002851088929305553,0.0006213546424095374,-0.0003036164953248851,0.0009365526755667961,0.00046535920343404174,-0.001922541913679933,-0.003298814257882865,-0.0025218776659963506,-0.0015399274982114781,1.0,-0.0008520733561846359,-0.0002769392237999479,0.004195915238080068,-0.00024672859847266063,0.0002668315163188285,-0.0026406348537091587,0.002423712937707134,-0.00022171821974338953,0.0016398817914120981,-0.00014318101384304865,0.00014436219812372845,-0.004171957909333253,-0.0002849877531036639,-0.0005540443010264252,-0.0014983561470899914,0.003017798937628882,0.00013018059328534504,0.0019129681041072713,-0.00201046945257639,-0.00017081414388256445,0.0016575506819858155,-0.0016857683183910586,-0.0021427550526044218,0.0029483582060169764,-0.002939639653176343,0.00371556093751017,0.002106644019044089,-0.003915502999167802,0.0013887448002969523,-0.0023003327110646733,-0.0002401352003082335,0.001045859689340595,0.004320864852984684,-0.002060614677776798,-0.0006893568490587005,0.00356586734867848,-0.000386593316708004,-0.0007489057410666996,0.0018282395513013424
PC62,0.03084534481741654,-0.0019133011508362724,0.0013356192366138905,0.008559526238911163,0.006016162209067902,-0.0009240466809275352,0.002681923145321071,-0.016329193866306928,-0.004511982043006172,0.0035295386460194,0.0003406501305454584,0.002708014435567311,0.0004492170352450086,-0.0009287384555685984,0.004026808951529688,0.0026096648092741493,0.002130607733520947,0.0008243184156967772,-0.0025985165184812804,0.0022727418483783715,-0.0010681098665815967,-4.368610930449134e-07,0.0012215954635014731,0.000948757560431156,-0.003075739941320521,0.001389917673495134,0.0071034698121662,-0.0010871420429657288,-0.003235198442036988,0.0005991099832053106,-0.0006136649314451247,-0.0016966803932274043,-0.005352759004362921,-0.0012847635857793146,-0.0001818683005033797,-0.0013211808169600475,0.0003832525208425762,0.003080396107450065,-0.0003521296083038015,-0.002215656434329033,-3.812446560108467e-05,0.0003508994141611409,0.0017320017502789132,-0.0005126720933536688,0.002281249625365133,-0.0005125648597639416,-0.003603131583012658,-0.0023547134557431455,-0.0020617874159948525,-0.0032032540084734203,-0.0022797673153107743,0.0025827458753058218,0.000566209530427798,-0.0012388205625726372,0.001436090262977502,0.00282904308121576,0.001267722371779016,-0.0004860873111605983,-0.0006872214185051493,-0.00253440115379978,0.0021069131438603964,0.0034971021706833917,0.005176185168473264,-0.0010293309324596364,0.0030965324915746845,0.0015401390241858402,-0.002527953570304007,-0.0025505034267768244,-0.0008520733561846359,1.0,0.00117626289781122,0.0019206486731427016,-0.0006694334024372139,-0.0006858504463466338,0.0010782577749283329,-0.002130976396450876,-0.0004352986158783704,0.0042063338904281275,0.00010689001458150736,-0.0007804600341693323,-0.003984106062321781,-0.0030032326819540117,0.005079828832092648,7.26280485915536e-05,0.006081632362365862,0.000707706114759713,-0.0011017973165623786,0.0005811994214788278,0.0011296283824765083,-0.0010361454238397498,-0.001178045327113649,0.0029759970703669533,-0.0004116382353802065,0.0021499454160320217,0.0028255401151409303,0.0003852853981584233,-0.0005076640256092645,-0.0009604633317328642,0.0009244988049918597,0.0033375251260469503,-0.003911758026433127,0.000999239623042503,0.00036058679468274927,0.0005185330431840211,-0.005446115851869527,-0.0007663077103794399,0.0007074815392677443,0.000857812701197437
PC63,0.0014913809312467,0.0037995106557900406,0.0019299184918558463,-0.006187760403455417,0.005019535463637229,0.00025585044857498105,0.001788049900279689,0.014277376000942981,-0.0029586974855135193,-0.0013371678874599102,0.0022504229019119537,0.0028200018218650104,0.0006207945233141236,-0.0011908364380400162,0.0006911983569755048,0.0047245818368924055,-0.0007050353843434357,0.0029810119585910668,-0.0038914897813409084,-0.0022397246227858288,0.001972074501861615,-0.0006644422467370701,0.001747399620828157,-0.002622594467770296,0.002122606987299756,-0.0034847580467186573,0.007399386814893881,0.0021112884706844283,-0.0039871053107058685,0.0002991549572424581,0.0020763193279442417,-0.0010409755110217086,0.0019883811877025232,-0.0018780043927341704,-0.0022393880237035874,-0.0015500041375310105,-0.0001505833051226299,-0.0014495767556261252,-0.0019128299238695134,0.00039941135945501503,0.001084597745047707,-0.002883279990485832,-0.0025854637475068044,-3.8634464501879345e-06,-0.0015712532759085615,-0.0039652301387719125,-0.00418679265322482,0.00358108480930093,-0.0011798733412692914,-0.0015552124406692693,0.003237468205403369,0.0015816654560154941,-0.0007634652026025582,0.00285125760265563,0.004814616898407076,0.00339632718460276,-0.0015997546288019,0.000892871524334764,-0.0005248032380838337,-0.0016411852405755335,0.0013687251403336148,-0.003132627403495729,-0.0032423662417538114,0.0031963302483974986,-0.003672343137045444,-0.0036493680349736876,0.002518696035166002,0.0012674969963198262,-0.0002769392237999479,0.00117626289781122,1.0,-0.0015065678801264937,-0.0007341866948389735,0.0013344636333106996,0.0016494551155448265,0.00017329739655348552,0.0027923927341157043,-0.004668649551695318,0.0017656268998100413,0.0006981379209364221,-0.0011613594657461286,0.0032888448001312303,-0.001907800351822026,-0.0024019902784607333,-0.0010770730511512534,0.002298902888006693,0.0018363543408184896,-0.0011821890542740388,0.0001836354029033537,0.001486183318262708,0.0013011409315161536,-0.0013138418197448335,-0.0017045307061754496,0.003919578684062411,0.0016732620875690204,-0.0016892387390335067,-0.001732847214573641,0.0022659690205977627,-0.0028716840472052052,0.0011584763358285517,0.00026613477182400863,-0.0009225584353838122,0.0006496116529629501,0.00085326524736414,-0.004494952696436645,0.0006863229731885067,-5.028065037036772e-05,0.00018609105983141323
PC64,-0.004670512871615076,-0.0009466671207854729,-0.0004885911912730541,0.0001565478913759133,0.0011003036799133005,0.0017329300428497302,-0.00017102464936465396,-0.0006038090194572564,-0.0033895599544550765,-0.0006559757266616282,0.0013655784697496666,-0.0018302165773927688,0.00012317840032917348,0.0032798764537746573,0.00128791601682597,0.0008499461233365553,0.0016124044789454707,-0.0002537344133041551,0.002461466685337419,-0.0022776664021600273,0.0030781362717881983,-0.000569059866535184,0.0007351550373283185,-0.000308045011135191,-0.0030267372012176457,-0.0032877250778760633,-0.003473307826121435,-0.0015328357243857783,-0.0005571053354208842,-0.00480646485213521,-0.004149046361032141,0.0007704570028567495,9.072726290279084e-06,-0.0002869688000069739,0.0032641186071934915,0.0017563807910597061,0.0005862405465709922,0.0024501762856538496,0.00012495605268920425,0.0025754030491311453,-0.0027495992154548785,0.0028803301177918964,0.0033769073530760248,-0.0018714553685363193,0.004056165451267503,0.0012968640322284129,-0.001747308927459712,0.0012980647099523261,-0.0021777631248373216,-0.0012115839477746877,0.0013202964822221907,-0.0020113678677958972,-0.0020910256338992,0.00011604070969472656,-0.0023046593305077715,-0.004165295179020555,-0.00021642074566110897,-3.690339553152526e-05,5.998224932785892e-05,-0.0002576411339102259,0.0003909028570439127,-0.0016228598491689569,-0.002228224713307489,0.0032371549533470813,-0.004439470657793833,-0.0012668365342099629,-0.0017956473736176304,-0.0008755164745325597,0.004195915238080068,0.0019206486731427016,-0.0015065678801264937,1.0,0.003695124331752788,-0.003305715972884312,0.0029391664466871764,0.005306323766069035,0.0009701986767152941,0.005052493781171881,0.0006562260652286251,-0.00251782915471534,-0.0014498769157443984,0.003020590826195683,-0.000938206635024113,-7.982509011162941e-05,0.0010048894502910856,0.0039049192036711127,-0.00011324786164540418,-0.0042003481017549435,0.0029260449579351943,-0.0006972372202728408,0.0020711253172761564,0.0017780992101060274,-0.0018282647439824455,-0.0006799393564796817,-0.002130213480016574,0.0020859383739813583,-0.002894557274577996,-0.001549890841812491,0.000561586093719031,-0.0016881121603079376,0.0009510609046258226,0.0001957145086093006,-0.002958680202139232,-0.0010257700959848829,-0.0018349237026177064,0.0005932000487296604,0.00015062535658583696,0.0006931064035748573
PC65,0.10663389685214965,-0.0034410699519706266,0.011527146686063198,7.650261459638436e-05,-0.002849740830602797,0.0006937277486886489,-0.007074688615432616,0.004026282418727376,-0.003385651380843433,0.0012560726639814055,0.0031961636593772235,0.0030661000812679477,0.0011820566341125382,0.0004053113341191714,0.0009233414252887502,-0.0005055089407519707,-0.0013915497120341824,-2.0147420989070277e-05,-0.00430085899254136,0.003478139782098434,-1.0917314388563394e-05,0.0020618435579880952,-0.001717407025158977,0.0013450016649082567,-0.00033531051710451975,0.001934274963804575,-0.00121376371528882,0.004673823528956026,-0.002305271520276003,0.0002446593175054744,0.004136948526502301,-0.00239250571701569,-0.0017465297999873079,-0.00013440220684309736,-0.0017591068558843825,0.0008023144934263143,-0.0034923703500695643,0.0017710536956301128,0.0030155735036852104,0.0036714804189684085,-0.00011783554162163251,0.0009694324470017027,9.545602130900376e-05,-0.004285012716423087,0.0032245261540179903,0.0024181098695447495,0.0033087964849980974,-0.001467347410602182,-0.0004050155515325213,-0.0004651992539346994,-0.0034777464378655237,0.0037440806226357944,-0.0011373837790762365,0.0017815063664971763,8.507795621349859e-05,-0.0005136094980266705,0.002626437677253144,-0.0008897387685822318,-0.0005264646364243238,-0.003099159753894203,0.0010605945531119404,-0.0010807465419549263,0.002096720515649086,-0.00025581094038756825,-0.0036040094858548295,0.0008644682055586784,-0.0028782843241418866,-0.0010990013270728543,-0.00024672859847266063,-0.0006694334024372139,-0.0007341866948389735,0.003695124331752788,1.0,0.0016126710743179695,-0.0007037001630183626,0.0008842800414301143,-0.004529443151436681,0.0036066819554314393,-0.0010134451012123926,0.00020661401897266975,0.004161249402056277,-0.0037643607621851145,0.004613809450368076,0.00639087848948498,0.0006331197164094501,-0.0009676154913628869,0.0027809152713502315,0.0006187911913007258,-0.002161327467070194,0.0029256803772744894,-0.0019379947105059197,-0.0014574374027832213,-0.006309819766567601,-0.00027446072670155036,0.0004821181691544146,0.0010123525314810853,0.004470990341263097,0.00013760774776505066,0.006558761131004615,-9.038064247513756e-05,-0.004356010391512271,-0.00030249974497990455,-0.003209358293304549,0.0023698413116823437,-0.002547827243861173,0.002780744736694515,-0.0017508847195289252,-5.9192285375013705e-05
PC66,0.003218916693913331,0.004537955367132564,0.009374124939621122,-0.0037703043725421273,0.0006851650083090725,0.008342262941231514,0.0009619544328394055,0.03081115498818863,0.000946138414751091,0.0008994418918189771,-0.0006884271318314041,0.002105982970559291,0.0014873023364256025,-0.007830840101633287,0.0005061156812758027,-0.0019603514578562303,0.0003529289823503587,0.0043695621142540815,-0.00010167217798632204,-0.0015381447737462118,0.0011886039363409686,-0.0031182975551298235,-0.004326201360797614,-0.0005793583859660708,0.0005154581611666527,0.0009608296539305109,-0.00026947937634403237,0.0015056453189233078,-0.0019271748071297526,0.0006748351520337126,0.0032477239548562827,-0.0010055390967429263,0.0008264292087119444,-0.0024441485098823843,0.002964024016972804,-0.004318027966885596,0.004135086112984338,-0.0007129876508850704,-0.0022472274826226576,0.00031149735063516884,-0.0022713741874585015,-0.0010903758914876448,0.0009686217155503365,-0.005243714890911809,-0.0015286593306958404,-0.00186918967586407,-0.000972175698320666,-0.0010213800908027634,0.004020384645082073,-0.0010888639022409983,0.0003386475262650435,0.00123069729963541,0.00039173340719304606,-0.0027825618308100542,0.0011650316994344435,0.00037563538486939756,9.884834628307516e-05,0.0035395464651594277,0.00105921293083821,-0.004125854221121079,-0.004261633472840452,0.00018678924894238564,0.0025253348669941997,-0.0034798834762071714,0.004820612810018267,0.001953163995183328,-0.0012289816954129615,0.00019899050177325046,0.0002668315163188285,-0.0006858504463466338,0.0013344636333106996,-0.003305715972884312,0.0016126710743179695,1.0,1.977918955347517e-05,-0.00047638853664716036,-0.0010415063307723058,0.00043624093759185025,0.0010017630677767219,0.004254768486706092,0.0007062072976250915,-0.0020621565822896656,0.002242936106794295,-0.0033029931817798227,-0.0026034674013783506,-0.00039209699996734106,-0.0007120625433703721,0.0030371005587263283,0.0025380736157897847,0.0006229763656053969,-0.0004964647894331461,4.114759931356651e-05,-0.0007103372434847806,0.001016614430203198,-0.0016326297103473218,0.0007690449478055069,0.0023704101720554913,-0.0030228241831458686,-0.0004089774535675027,-0.001399682500046027,0.0023839713971883997,-0.0012009746213023388,-0.002941187300456104,-0.001517688522589063,-0.0019010383527939452,0.0013225910941885098,-0.001204221469877499,-0.0010373413446904112
PC67,-0.00135880773052471,0.0008684940225960775,0.0016675593805534964,0.012469784288228522,0.0014641983591092388,-0.0018610933619791431,-0.004083108869407828,-0.012688955932665056,-0.0030074438637558865,-0.001137567767429219,0.00025569447868539264,-0.0010570667850760868,-0.003578549878390106,0.0010047215047569566,0.0007293124653698121,-0.0002782845250233183,-0.00022526876138351788,-0.0029096100759423964,0.00010998474848247005,-0.002334401611310022,-0.0005437031085113144,-0.0006993421093899951,-0.004013621417279575,0.0008010735328514219,-0.0019809459725617855,7.105068111671811e-05,-0.0020279134246475403,-0.00046896526530235165,0.0022737544172769775,-0.0016061917184550434,0.006346881781850041,-0.00527469053129635,-0.0004449509567659871,-0.0016215172751865745,-0.0006031571191622096,-0.002019389148337502,0.00336651033333488,0.003579221417033572,0.0027886197579030684,0.000981870432392449,0.00035735044300178335,-0.004440339432140016,0.00044616616904097074,-0.0034787613754129346,-0.001980503379024975,-0.0014005264757205851,0.000423795242996395,-0.0022476974254419355,0.0014444005273981223,-0.003939657810923215,-0.0010053654176815463,0.0013617113970353788,0.0007891343943031244,-0.00314821226682476,-7.781622285195244e-05,-0.003335816591850154,-0.0003106643990447344,0.0003235508829717575,-0.0023056182974735247,-0.002331753914074156,0.0004479499948196249,0.00247412899227849,0.0006277820212061819,-0.0026574361420837003,0.0023769688927654377,0.0020607713353801176,-0.001883510211908483,-0.0002905608414738822,-0.0026406348537091587,0.0010782577749283329,0.0016494551155448265,0.0029391664466871764,-0.0007037001630183626,1.977918955347517e-05,1.0,0.0009065093027753331,-0.0013967973014735275,0.003785573332188333,0.001079690791926533,0.0028506121317786385,0.0018605296667537226,3.965129962670584e-05,0.00016579520846283965,0.005044437577690495,-0.0011756315287271208,0.0006831274378876855,0.0015617602734476154,0.001403832636787459,0.0024588707232026485,0.0009754408869241052,-0.003357740316486114,-0.0011168726391851986,0.0034596436692886307,-0.0043251998202850726,-0.0006083932974848156,-0.005031806558680881,0.001715878991689858,0.0007047727834709973,0.0003082236451991125,-0.0023729131447783455,0.0024141835465679405,-0.0029371020720447565,0.00015936063493220232,0.00022386240372852088,-0.0007230611939648921,0.005496731297248021,0.00186814841541647,4.828988727681452e-05
PC68,0.02236544862402137,-0.0019336704521637558,-0.002051319692465344,0.0006833105417920762,0.0001666458175767739,0.00011169591233430945,0.00029869637469545575,0.001296108625107096,-0.0021969034795881444,0.00181990780472941,0.0003971623385590277,-0.0023858931978241646,0.0031739373848665925,0.0011943324150218313,-0.0005346652683488966,-0.0021358065328168445,0.0037122277846285646,0.002097410545867657,-4.255398227316409e-05,-0.0018725579092837704,-0.0007972153733593947,-0.0011162046362516484,-0.0008497030176166174,-0.0015575236375185175,-0.0005477111783237321,0.0014983150840498101,0.0035658313060452224,0.0012146992332181812,0.0005945638368411597,0.0004491242692577659,-0.002385076909618255,-0.00019918430573947148,-0.0036749258872170705,0.0025956943318830097,-0.001873699486339442,0.0012764145830868677,-0.002242165539793635,0.0008955240549663133,0.003087817454309333,-0.003340321678589294,0.003575069045150756,-0.0005561008830861705,0.004130544564773718,-0.0036089442430294978,0.0023050697157408913,-0.0031971913036776445,-0.00046566070894596824,0.00035537798518975756,-0.001684523691549957,-0.0027350577381817145,0.001088149718089358,0.001044696969570714,0.0026632246446044896,-0.000643541319861539,0.0017769645027240783,0.0026191510473415726,-0.0022308683337652667,0.000796637960411945,0.0011728865091302078,0.004071261336766292,-0.002152850855933644,-0.0009895668303674479,-0.004195199175267032,0.0003773585185712035,-0.0011233251678842205,7.822613228935247e-05,0.0009878557421404773,-0.0009488207443965963,0.002423712937707134,-0.002130976396450876,0.00017329739655348552,0.005306323766069035,0.0008842800414301143,-0.00047638853664716036,0.0009065093027753331,1.0,0.0007021420150909681,0.0010214342582513481,0.0018856986658084207,-0.0027852659214720704,-0.0001728370069930275,-0.0035428831318185063,0.005549969174508651,-0.0012541929867694547,0.0017683776303156287,-0.0009430096450999453,-0.00024404225013576253,-0.0028595747995140554,0.0013870675989735733,0.0031493074227329347,0.0028115092734235414,0.0030183144137753332,-0.0024894945474903214,0.0038073426396850276,0.001825703651105983,0.0010045062715610734,-0.00047223208426356065,0.0007651948543320863,0.003808903955889735,-0.0016608710717569307,0.00027409131033775237,0.0011711886636223444,0.00014406765560478688,0.0008775635727519368,0.0015829807196073,0.004400941162395851,0.0017485687220622026,0.0008444468417756457
PC69,0.026630900725955895,-0.016321368636441968,0.0010777348620360926,0.0002093555034961484,-0.008652096616322043,0.019817366039963917,-0.007389645562499962,-0.023531449162468007,-0.003407015433706892,0.001286502284312389,-0.004458337149319319,-0.0003097063198254668,0.0003090819293265764,0.00142800120062329,0.0010361565616882713,0.001188128543713066,0.00145663493524367,-0.0006636295208582753,0.0001315450165452721,0.0035750840165260883,0.0018339547539511767,0.002069917262549144,0.00032456225153198147,-0.0027791661277146934,-0.0018798948515474359,0.0036746151973133137,0.0008407372256338629,0.0013203292949905793,-0.0019520183814410955,-0.0016081059357089204,0.0037563710800833125,0.0005276853153365772,-0.0025940660660187416,-0.004374841119099245,0.0016687321742155673,-0.0009939350153408328,0.005887879196543196,0.000563186361105398,-0.0047322396281418615,-0.0010959282371080705,0.0007086463285552614,0.00478502517344864,0.0010533913678511025,0.0007461026755814444,0.0006966036636945178,-0.0024987167239848623,-0.0011079312245510446,0.004969199308939036,0.0035911246756269435,7.302638139312977e-05,-0.0023639367180306355,0.002881659962302402,0.003597225877042426,0.002520141952604562,0.0012864921310426468,-0.0036584925667527495,0.0011195190925641768,-0.003232301300988029,0.0009140336983412406,-0.000753034284472321,0.0034776697699377256,-0.0024307392289599264,-0.0005782302251369989,0.002976651603814934,-0.002348893850310726,-0.002696151171205562,0.0013094599725796503,-0.005160860831314119,-0.00022171821974338953,-0.0004352986158783704,0.0027923927341157043,0.0009701986767152941,-0.004529443151436681,-0.0010415063307723058,-0.0013967973014735275,0.0007021420150909681,1.0,-0.0036705300496006604,-0.0012328536578935542,0.0022933047980218204,-0.0016254641872272227,-0.0035174544253188116,0.003171340142226937,0.0009494884202224087,0.000764489028684544,-0.0005605225036398558,0.00206707074361118,0.0011963203999620915,-0.0012257514924917602,-0.0024757055302496393,-0.0034097974392370283,-0.003024627284141372,-0.001578206266586744,0.0020581972767225285,-0.0025009389180181796,-0.0018710782850289971,0.0015797965825062102,0.0022752957873718766,0.002448907001129261,0.0036702461515522515,-0.0006589439179576698,-0.0018226044140573375,-0.0007276986504948152,-0.002799480210336243,0.0003562237522301673,0.0007639995784295186,0.0004227747137574962,-3.646302053648764e-05
PC70,-0.0236941762488381,-0.0034329425199311906,-0.008845151242599603,0.012844842820187136,0.001837822830352708,0.014845946901115802,-0.008105102569806165,-0.02865590212565266,-0.00425866711569069,0.0023885151615710277,-0.001104448918935891,-0.0001912640550037991,-0.001606760431401167,-0.0003228537276507805,-0.00014068045904317678,0.0005835275912739664,-0.0013619150425541134,-0.0016493494388077421,0.0019073536188553499,-0.0020451084106649334,0.0015083692050792525,4.685788932604138e-05,-0.003212425939396309,-0.00044991674102706764,-0.000409062185288026,0.004455051203143497,-0.0011783604726113164,-0.0002663434384327802,0.002693508642089855,0.0037501807596336586,0.0016330437190021903,-0.0003793285774119063,-0.0008761448511259241,0.003769744139823794,-0.0020209219179519646,-0.0021801008022144753,0.0028602178683508534,0.002168078545165682,-0.0007977269629270106,0.0019800085388572107,0.003403906192340919,0.003979254143504306,0.0018252824762799138,0.00015024366778798817,0.003769266401300659,-0.004874794781334839,0.005063672970449639,-0.004867801645571563,0.00015914955181389645,0.005163043495260754,0.0014830525347196042,0.0016669870785440642,-0.0027149031329657333,0.000956976453239356,-0.0030120429424465873,-0.00170643601709815,0.004400711110725715,0.00039974901448302353,0.00022929305378811154,-0.004320853834981153,-0.0032936802085327286,3.995641699594891e-05,0.0018270227576157362,0.0021790982177492713,-0.0028263541280611135,0.002311899043805735,0.0008083732021991872,-0.002152860219604733,0.0016398817914120981,0.0042063338904281275,-0.004668649551695318,0.005052493781171881,0.0036066819554314393,0.00043624093759185025,0.003785573332188333,0.0010214342582513481,-0.0036705300496006604,1.0,-0.004109836066263553,-0.0010588210914136834,-0.003300937417160597,-0.0008664360442058413,-0.005766016013925124,-0.003917446478203086,0.0014749840806474648,-0.0005883909336440952,-7.367611312011884e-05,0.0005039305252696,-0.0012202773940552115,-0.004187009338291054,0.0009594561366252794,0.00046751823958984893,0.00017128631696125999,0.0036672860106633487,0.0017193425584700374,-0.004190982207787656,0.0011498219831590618,0.002235179838991687,0.0009727206316476821,-0.0019611951776555207,-0.0009998874554277414,-0.002227538907886443,0.00029718992482643343,-0.002032088331096451,0.00031805646847836715,0.0007842326407784451,-0.0027651362960915073,-0.0008570050789967818
PC71,-0.005917100426512458,-0.007955889053711161,-0.002956264190110127,0.0027845796288352214,-0.007375301661889928,0.012110045772298208,-0.011255270329282257,-0.004157359852514868,0.0019231920462932533,-0.0031459446274917737,0.0012074738035943897,-0.003076370879565868,0.000428199838431531,-0.0006572688184654349,0.002091245141390288,-0.0028081114890669847,0.00037906884952313146,0.001426323359738284,-0.0031867527290915304,0.0004286728826536283,0.0007931756221399228,0.0008341629957882636,-0.0005426479064950214,-0.0019800085503180716,-0.0018360801186095939,0.0020124640365952575,0.002991668160535903,0.0027424855027377653,-0.0034989273222547526,0.002409913026190385,0.0017179421703171817,-0.0023514927883996075,-0.0012455255516159382,0.0011103094298132727,0.0035005266169754346,0.002991636094425261,0.0010096280560527424,-0.00010524622170591525,0.0012590927564675835,-0.0024591133293488947,-0.0003730857013591823,0.0011348462589802501,0.0018639882865251148,0.0012420074642476102,-0.003928695228921972,-0.0029321809746437853,0.002600236842020015,-0.002414399713590495,0.0026498236597780516,-0.0034388969765562303,-0.0012900690405607284,-0.0009662242671383415,-0.0013818950019886716,-0.00020898055627330427,8.267195673591207e-05,0.0009765620125025671,-0.0009611183015293057,-0.003381480624221429,0.0010235787407286325,0.0016492955501540812,-0.00017683665976963783,0.0017045074423132722,0.0013337529733668375,-0.002822011191162773,-0.001867791652587909,-0.0041723960642133665,-0.002562658383726132,0.001407717320813646,-0.00014318101384304865,0.00010689001458150736,0.0017656268998100413,0.0006562260652286251,-0.0010134451012123926,0.0010017630677767219,0.001079690791926533,0.0018856986658084207,-0.0012328536578935542,-0.004109836066263553,1.0,-0.002071420642845967,-0.004449177456079531,0.001445858994863698,0.0024969496286194764,0.00283769656704199,0.0007414096505227075,0.0005665764416575902,-0.0017714196674090573,-0.0008064751365898366,0.001974886723848023,0.004036410788346368,0.0015700599537953612,-0.0018775366308030226,-0.0016346973511797635,-0.0034195131279757362,0.002777606143958913,0.0005635341805801022,0.0004662673452745925,0.0012563979377928072,0.003243451556796009,-0.0021195316651596804,-0.0008040326253117192,-0.0006446043674024197,-0.002781848468204148,0.002021798094474132,0.0011039876082651174,-0.00018206153097070587,0.002597570123270781,-0.00040639047689069205
PC72,-0.03296299856760872,-0.009834612749976192,-0.005614904413441793,0.0021752428124176743,-0.006208874207486077,-0.002640798146725431,-0.001524031503031904,-0.017769347216305385,0.0010754953347040486,0.003728652804925252,0.002245278952461024,-0.0024471607932013183,0.00041120232802087576,0.001261814578617474,0.0013919839519974553,0.00015205918882151045,-0.0030069170301410407,0.0015502665441170336,0.002279514878171877,0.0032208748053497724,0.0006151219381826004,0.002226870605303569,0.0030425853615081207,0.004012320657905727,0.0010196821245610278,0.0016867463938443877,0.0005866698193641712,-0.001890762148932603,0.0018264073000265107,-0.003213328106962822,0.00526442885179823,0.002029207481878443,-0.0031467575165458946,-0.0004346279663808531,0.0006356427930985863,-0.004854815485991592,-0.0009100476544055651,-0.0006161832538604764,0.002065650163195338,-0.002400017542000863,-0.0006443551481334283,-0.0013362931914780265,-0.001879543554436272,-0.0016880986093919985,0.00583448173004313,5.068955832988965e-05,-0.001852605057380973,0.0026044994737116317,0.0024859862073954337,-0.0012717484051562712,-0.006766003711539548,0.0006721232410140289,0.003120100555830419,0.0016005180765141967,0.0006214937335525196,0.00222100969421024,0.001759549020468737,0.001150788089909235,0.00045047695664459693,0.0021934973028347043,-0.0026229601810058133,0.0010998117106012048,-0.0003694158834925371,0.0007906319919003522,0.004685124417024077,0.0019961830303783833,-0.0012317849820398985,-0.0007204736681689321,0.00014436219812372845,-0.0007804600341693323,0.0006981379209364221,-0.00251782915471534,0.00020661401897266975,0.004254768486706092,0.0028506121317786385,-0.0027852659214720704,0.0022933047980218204,-0.0010588210914136834,-0.002071420642845967,1.0,0.0006440664553340019,0.003473288726952745,-0.0007147402739455634,2.1526971164463166e-05,-0.0019588386548691277,0.001269139736671566,-0.0017621482190978929,0.0003260500975611424,0.0015124029886157226,0.003381085164403136,-0.001152439388711603,0.0017470903017162552,-0.002458540284225867,-0.0039006652820672443,-0.0019093458776318541,-0.004391568717700511,0.00026813333512866314,0.0005188189485545971,-0.0029599512113369806,-0.0008368220437188087,-0.0015781155856934585,0.0033451524920727347,-0.0007730343182608757,-0.004139802794270288,0.0032795729235445942,-0.0014943585268893166,0.002920859544704861,0.0020549552378845925
PC73,-0.051421068005802845,-0.008505437134202255,0.007688228690983888,-0.0011676852289819865,-0.007701894152289056,0.002522494620364892,-0.00044350512219864667,0.003458160105163275,0.0017222155959058256,-0.0007923832883693458,0.0015640168300051864,0.0016275683010548928,1.720738152380314e-05,0.0021207756681019103,-0.000877574292993654,-0.004370926936266689,-0.0009325426754148356,0.0004920448603724691,0.002726443026282231,-0.0011572195460059814,-0.0019759386841758453,-0.002308676309166474,-0.0016226802420234914,-0.0033621093981618952,-0.0005445216525443405,-0.0014580215488577736,0.0017893952991347517,0.0031464753752923737,-0.0006964252243558069,0.0020952311049097054,0.0006629681762922902,0.000234875806809334,-0.00021504293151399154,-0.00449722285390509,-0.003224826909556539,-0.0008773632422775991,0.0005225620747602303,0.0037909896415830977,-0.005532130545033046,0.0002632050336896588,-0.0034085602523762143,-0.0013851255443247908,0.0018709614732179208,0.0011481040498602423,-0.0026101424012185295,0.0017587748809976714,-0.0020281419735818105,0.002630774232350539,-0.0010490058065451026,0.0009238819354686997,-0.0041676545920976225,0.0016969154921921935,-0.002192159672757785,0.0002405613519873282,-0.0042911379074887885,0.0016031923054409746,-0.0035031293389548414,0.0013413884608306486,0.0001556397831963702,0.0016489330857761258,0.0006921913526187342,0.0037073712097452035,-0.0021027295737631162,3.7600753129876076e-05,-0.00025793713601714033,-0.0017376547658519853,-0.004499178466737592,0.004047595958751329,-0.004171957909333253,-0.003984106062321781,-0.0011613594657461286,-0.0014498769157443984,0.004161249402056277,0.0007062072976250915,0.0018605296667537226,-0.0001728370069930275,-0.0016254641872272227,-0.003300937417160597,-0.004449177456079531,0.0006440664553340019,1.0,-0.001205914720004649,0.0038814485998146207,0.003567347781592957,-0.0032633563518899224,0.0005262026160783892,-0.0034553103943242803,-0.002335350866573555,0.003449255697986859,-0.0021535497936485534,0.00458990828634637,-0.0014494660693919529,0.0004057018104036893,-0.000954382643415624,0.0028092220007056145,0.00046374529475604254,-0.0017871474620329288,0.0013958984432374687,0.0022273990153313956,0.0045466000258216135,0.0027566090018502276,-0.002424106176256322,-0.0005195528672190085,0.0011897950016612605,0.0009945051123965852,-0.0023245048100424036,0.002070177697311948,-0.0013374842215009518
PC74,0.01743366442902626,-0.03260672879024157,0.011643227098598611,0.010486447620098528,-0.019593099191665325,0.0006052153126172042,-0.018259895767610425,-0.01189942910326361,0.00029230092296259476,0.0018226352245839922,-0.0006672241176207698,0.003607098035643774,-0.0035729319220969397,0.0021289832873351545,0.0032274779124066883,0.0009724731636172175,-0.0002361230813645845,-0.0023130360721509914,0.0028807751111243835,-0.0029872731176209632,-0.003751381581125126,0.0034209246466078815,-0.0013286713231321252,-0.0018694296431165855,-0.0003954467540467036,-0.003950878908090827,-0.0024018325084811496,-0.0009996535857691555,0.001659324674914134,-0.0026220750949127133,-0.002384120981532114,0.0011688565206048383,-0.0017035731570331438,0.002065153890677518,-0.00457048612700323,-0.000790409334120559,0.0015184838910296471,-0.003187333398126828,-0.001621517601806135,0.0037723151904290263,0.0024100697825195066,-0.0013616779302841962,-0.000963504100014523,-0.00035063525445716396,-0.0021252281430131983,-0.0029351899395838226,-0.0001665023109234778,-0.0036120759823253107,0.002259094643463057,0.00041522754343516866,0.0005714985794006111,0.0013048108368988072,-0.005551461408697305,5.216790041868423e-05,-0.0012832077898112275,-0.0008490584146654309,0.0009380752209687208,0.0009087562665263792,-0.0014309630270504478,-0.0008721183299168679,-0.0004934602161329678,0.0004446620930046888,-0.005185328060894959,0.002359724997137706,-7.047822554845735e-05,2.0283985311136682e-05,0.0001501230046310841,0.0005190764058826484,-0.0002849877531036639,-0.0030032326819540117,0.0032888448001312303,0.003020590826195683,-0.0037643607621851145,-0.0020621565822896656,3.965129962670584e-05,-0.0035428831318185063,-0.0035174544253188116,-0.0008664360442058413,0.001445858994863698,0.003473288726952745,-0.001205914720004649,1.0,-0.0011382853796791353,0.0012215651696299715,-0.001301784630650304,0.0010245553714183673,0.001202946454020031,0.000938714560660678,0.003457314585550257,0.0027303110008804073,0.0027991491816370157,0.0026867474133358714,0.00027508706541502244,-0.001894139552189818,0.0024002961562792527,0.0016983983096210636,-0.005418065442062475,-0.005999538004237571,0.0002700067046860323,0.002546090570785621,0.0007079987108720774,-0.0037437800235410558,0.0015732311769360047,-0.004328846221845228,0.001337047601730846,-0.0012599097657980947,0.001437374519263137,0.0004995571968953594
PC75,-0.03350524484671887,-0.024096875634252137,0.011154531910867078,0.007910789396726643,-0.017486695932805486,0.010115717624378668,-0.010640716999548152,0.02049260294208685,-0.003984854574468231,0.0015916426513037088,-0.0015455901167165196,-0.0003099295043534441,0.0020771122330695032,-0.003061069125510193,-0.0013148508895118565,0.001245050716043869,-0.0024174663457990175,0.0007887179210753629,0.0019394814564788422,-0.003366684186298406,0.001162420362593112,0.00037444072401112175,-0.0009088299293215557,-0.002466239722239811,-0.0020112274705642555,-0.0011378314978179034,0.002679525529264112,0.0013560320257290297,0.0025195132210829997,0.0005486928851187216,0.000860685753364826,-0.0009193464923564329,0.0035319970537407647,0.0017521196550581038,-7.843771385269853e-05,0.0003606847823059383,-0.00215036143428637,-0.004252564610233159,4.121164068527251e-05,-0.0013341163929198711,-0.0012314548184318155,-5.6436098090238256e-05,0.0016401532928004227,0.002288962246977827,-0.0016541706311217908,-0.0016356880711433084,0.005601891525965795,0.0003479513866286876,-0.003528747019894196,0.0019062742466914437,-0.00044534288301732565,-0.00018603199939545593,0.002028546732256636,0.0018852477329600811,0.0012857008528042702,0.0014090185737618275,0.0008456272539339523,-0.0043787453740018545,0.001749968623709299,0.000651052406959778,-0.0015477832236411213,-0.002441863796386018,0.00026480130123309045,-0.0008301700145255384,-0.002259436644139341,0.00273967826393237,-0.00023322742660519325,0.0023455645043427803,-0.0005540443010264252,0.005079828832092648,-0.001907800351822026,-0.000938206635024113,0.004613809450368076,0.002242936106794295,0.00016579520846283965,0.005549969174508651,0.003171340142226937,-0.005766016013925124,0.0024969496286194764,-0.0007147402739455634,0.0038814485998146207,-0.0011382853796791353,1.0,-0.001570715876399496,-0.002661254933240465,-0.0017406216829890832,-0.001228604320163342,0.0009465973478630519,0.0013023094584393607,0.002663010060773472,-0.001507888192284704,0.0025158823400875862,-0.0004956379713277755,0.003448211427301234,-4.841409274592358e-05,0.0005726589973820862,3.8626224913503125e-05,-0.00016138588880276327,-0.003616676086360128,0.002426113239015178,0.0016951735925777472,0.00026432137267778553,-0.0013260847441463595,0.0005659054988957711,0.0045844611875992865,-0.0011200345526666653,0.0036006172773621276,0.0019591363617907096
PC76,-0.04816390555556755,-0.04544882956112225,0.0040635218042596195,0.02060810345443512,-0.02070136741934117,0.010092474089652225,-0.01794794066206929,-0.018445382464851424,-0.0008631847600382823,-0.002754867535461248,-0.00036173234195300907,-0.0013680709536581994,-0.00014602134971820947,0.004752004250502192,-0.0014047093008067763,0.005317700170179084,0.004024704392990139,-0.00046035643191148215,-0.0014080450896897044,-0.0007654603626799802,0.00019105207766491783,0.005467657067533402,0.004335467437801201,-0.0010745398577430866,-0.005120059221905696,-0.006605381328043488,-0.0018477056882933336,-0.003533164950376772,3.441741281676123e-05,0.0006263356055462301,0.0007944556156623213,0.0015284751440349722,0.00037441069052176687,-0.004567675038557167,0.004809346221824217,-0.0004507835529873585,-0.0018957876631118685,0.004853569809636956,0.005368684959107954,0.0009241267685380681,-0.002821248610438739,-0.0005318325370134823,0.004387713099646353,0.0036233240327996625,-0.0016568831854168664,-0.0009672031329139687,-0.0019550540478848067,0.0017140189525916697,0.001119404778495783,-0.00103058145597668,0.0009416667223421086,0.00477830821743157,-0.0031285500283498423,0.002225608926656591,0.005415119214030098,-0.0005940105413002326,0.001829958345010656,-0.00027174963002048674,-0.002846912157135928,-0.0002821266474379241,0.002389208598137046,-0.0007858853991410397,0.00227142151703824,0.0033253679573668747,-0.0005600204902503068,0.0033127260930417477,-0.002903301432650284,0.002022002682313956,-0.0014983561470899914,7.26280485915536e-05,-0.0024019902784607333,-7.982509011162941e-05,0.00639087848948498,-0.0033029931817798227,0.005044437577690495,-0.0012541929867694547,0.0009494884202224087,-0.003917446478203086,0.00283769656704199,2.1526971164463166e-05,0.003567347781592957,0.0012215651696299715,-0.001570715876399496,1.0,0.0009937769223266897,-0.0031836512831180845,-0.0012752069088326672,-0.001965541373186489,-0.001210399318440268,7.084802145773352e-05,-0.0052300522400953574,0.0032239159131778154,-0.003803054372340536,-0.005264865377720838,-0.0008514541927551803,0.003633906376495346,-0.004001516279417574,-0.0028370598629331163,0.0002500144796252392,-0.002013123738162915,-0.0011383511148435642,8.786358096759117e-05,0.000684716642656416,-0.0014052807481414638,0.0023700419907075657,0.001488882673942757,-0.0009270658335274994,0.00020004188964179356
PC77,-0.007252195287370658,-0.03451522781195381,-0.007480126835931798,0.020112708123438284,-0.018757971828377573,0.007823260581124829,-0.012841213031346645,-0.03302360548152317,-0.001880283103640035,0.002301228803223051,-0.005006291910177939,0.0030600724217350146,-0.0005807865290482735,-0.001076784986407751,-0.003434998654304807,0.0012257724227197149,-0.003253882870981852,0.0023537134150398336,0.0011648807984264676,-0.0008350059486595442,0.002113671774390079,0.0030254794117100642,0.0015574124402257328,0.004688295053602129,-0.001622617044924861,-0.0029573521805143534,-0.0038269073904539375,-0.0027976655843409033,-0.003502789788187107,-0.0007741002500676232,0.0034749494517061197,-0.0010887105487504597,8.59560659001484e-05,0.0007490414413856834,-0.003940174781090351,-0.0015605815024270836,-0.0008325487200624673,-0.0033555632324572446,0.0016802928505041503,0.0024594207478103674,-0.0007704190502990134,-0.002107001963118947,0.0028194896696411005,0.0001303247836928993,0.001710334373321208,-0.0018139925760588679,0.0001961772102164953,0.0011610737296369035,0.0021204951446887658,-0.00015643544391901433,-0.003403488621133253,-0.0032625508854655155,0.0021885093604741977,-0.0012073355348638673,-0.0020372219222993203,-0.0035296440619115885,-0.0013870713839343662,-0.0034575347431616164,0.0005464540906823499,0.0018687610965421892,-0.00240330174553504,0.002348706674663554,0.0021120683578964954,3.367392161053626e-06,-0.0034020084903232987,-0.002955707962747196,0.001757075400379305,0.002218115450766039,0.003017798937628882,0.006081632362365862,-0.0010770730511512534,0.0010048894502910856,0.0006331197164094501,-0.0026034674013783506,-0.0011756315287271208,0.0017683776303156287,0.000764489028684544,0.0014749840806474648,0.0007414096505227075,-0.0019588386548691277,-0.0032633563518899224,-0.001301784630650304,-0.002661254933240465,0.0009937769223266897,1.0,0.0035605100726057897,-0.0010644475607113543,-0.0016364266557261403,-0.0014962781330083138,-0.00044006519569378817,-0.003688867533142692,-0.0011543101216065026,-0.002318174452516508,-0.0011228138995322435,-0.006087181157389427,0.0001202644582350068,0.0006206466443143335,0.0010646180896183872,-0.003435024750459363,0.00196407532192398,0.001945715084094264,-0.002848973074729297,-0.001938921021993308,0.00012866028870594568,-0.0009461474295736833,-0.0016855129151150596,-0.002331509674536517,-0.0007873808751405482
PC78,0.009074658327937447,-0.038886996495327834,0.003917145823919408,0.00798721585517816,-0.017042657115409168,0.006625414360814263,-0.013798532473686042,-0.01520456997854557,0.0012497076264824899,-0.004336790794323591,-0.0009895227116264408,-0.0020840935422526373,-0.00585607654001345,-0.0002989743986835166,0.0007431118375067251,0.0007082330275782593,-0.0029291111657914126,0.0045357966775063496,0.0004335605883865513,-0.0009425833610749721,0.0012443677939707714,0.0016806894270538528,-0.000978946974788629,0.0005349855210565883,-0.0014122898860309428,0.0034498157660336304,-0.0008072993619548248,-0.0008120865896055964,0.0024450384792631032,-0.0010089890517776389,-0.0025669342864171854,-0.0022178130551183117,-0.00026931159347806714,0.0006309112512769124,0.0028769002781735917,0.0023076449724250656,-0.002058112430179334,0.0009278645554174934,0.00155083353978842,0.002162830555062692,0.0031897699028216498,0.0004900969112249352,0.0024123045092557982,-0.0002216329504464972,0.0032040253435707687,-0.0033973735856196873,-0.0024124816112706506,0.0006321663266499254,-0.00025374375814444004,0.0018328082222038725,-0.0009578502398150079,0.0008867301087814233,-0.0009944484947030353,0.0011133280250214326,-0.002336217455692644,0.002124573822712903,0.0038710349661605016,0.00045141768728532107,-0.0026814927883815347,-0.0005338340866959646,-0.0011889423512240677,0.0025804692592630244,0.0026213048063792976,0.001856232239751123,0.0008013753084954344,-0.00139425012832028,-0.0017368644391220498,-0.0013172862169312884,0.00013018059328534504,0.000707706114759713,0.002298902888006693,0.0039049192036711127,-0.0009676154913628869,-0.00039209699996734106,0.0006831274378876855,-0.0009430096450999453,-0.0005605225036398558,-0.0005883909336440952,0.0005665764416575902,0.001269139736671566,0.0005262026160783892,0.0010245553714183673,-0.0017406216829890832,-0.0031836512831180845,0.0035605100726057897,1.0,-0.006012218533603043,0.0024385174090373845,0.0011584304459191959,-0.001982791738104869,0.0011834112767715034,0.0006396566554082753,-0.0019544949024051152,-0.0010939000697659806,0.00028949126058831694,0.0035713516762772898,-0.0043096409477153975,-0.000447798728250509,-0.004306808877509403,0.0007875019098149617,0.0007217270969602663,0.0010010298026365753,-0.0011809514526928393,0.0007932307503725474,0.001674300364469573,0.002210041323452937,0.0041119059115088015,0.0025190623178697556
PC79,-0.03886935928489686,-0.030266341209389137,0.016165049567673284,0.012137319887691112,-0.011028927450750925,0.0016528043201588362,-0.0081570750722088,0.0025238393276745034,-0.0024036165163573496,-0.0007317975037134385,0.0005249427527367158,-0.0005825679204928778,0.0015934228983961768,-0.0004326166617326397,-0.0007067456417952137,0.0007381629476738999,-0.0006213526401459158,0.0014799338848988106,0.0017979652949682028,-0.003346680592213324,-0.00017666045972531625,0.0014032283223497262,0.0034167254008174138,-0.004065988763529081,0.00024239977528402526,0.0010468796476389578,0.003565851094473282,0.0018861761696428484,0.002329608753074601,0.0015270705418276465,0.0030260872174022817,0.0012269694241649302,-0.0013370439608904618,-0.0018374501142803675,0.0002327600539249137,0.0004912325211037554,0.0027315182762987656,-0.002760817792530681,-0.001520651515457753,-0.001963496035269237,-0.0011022526975633647,0.0028662748644360603,-0.0020407012636894637,-1.758766972888619e-05,0.004205369109193611,-0.0044973800489225965,0.0043818359658006605,0.003874173450628812,0.0017638693448723828,0.0008557743469699682,-0.0009309098446307708,0.0010914978377203361,0.0013206469609950587,-0.0011955058242775392,-0.001842208797260245,-7.088190348267622e-05,0.0071935448211334204,-0.0012020210146059676,0.00010996027120311838,-0.0019457259098448706,0.0020135379108715762,-0.0029699403197202376,0.0029950757174222495,0.0029530243328188175,0.0013482388816497453,0.0010110958683403515,0.0006450661477630006,-0.001803061639778559,0.0019129681041072713,-0.0011017973165623786,0.0018363543408184896,-0.00011324786164540418,0.0027809152713502315,-0.0007120625433703721,0.0015617602734476154,-0.00024404225013576253,0.00206707074361118,-7.367611312011884e-05,-0.0017714196674090573,-0.0017621482190978929,-0.0034553103943242803,0.001202946454020031,-0.001228604320163342,-0.0012752069088326672,-0.0010644475607113543,-0.006012218533603043,1.0,0.0009159135889216708,0.0026564744468429344,-0.0004069600592779976,-0.003109079954394685,-0.002002713527011125,0.0010019461890280834,-0.0017274790821226746,0.0042812485549686185,-0.0024592603691436974,-0.0017409940709857586,0.0003692279916194818,-0.003253538182254969,0.0005178607521644279,0.00038768430047963993,-0.00030313906715035734,-0.001750191385441118,-0.0007248480867680322,-0.0027862093399895873,0.00033973332789250947,-0.0021522711042837005,0.0025044313040712344
PC80,-0.006060058012395843,-0.03736060691720456,0.003688219338306037,0.019986488248143024,-0.012416185450847708,0.005203017210022959,-0.013885418836349977,-0.004835731985038297,-0.0025561674440134382,0.0007655132654243472,-0.0005216175095852906,-0.003813675973993685,-0.0030881801753468133,-0.002008786634298059,-0.0021696844588601633,-0.0036933010948595017,-0.0013085812303234535,0.004263641309729776,0.000987837661176895,-0.0009045415663311353,0.0009701518865572412,-0.002644610204098269,0.0050244346034411394,-0.005825521994366643,0.0005244915008786222,0.0021587742552312337,-0.002922163562502862,-0.003850148146810713,0.00029575876191894745,0.0020357650333226803,-0.004335089257428449,0.002975689294638404,-0.0006475050293568903,-0.0022328484807987376,-6.547284989274719e-05,0.0017916691193331509,0.0031422393254305066,-0.0015718110687028561,0.003438743023071233,1.542222450973919e-06,-0.0007133879880964953,0.004171697542944324,0.001823286659999374,-0.0011301646007750347,0.0017510476641506268,0.0017464358711825549,0.00038760548852665697,-0.005611319301457296,-0.0005580497403006191,-0.00032834377608527405,0.001344224520038477,-0.0024403326353398,0.002634078136714114,-0.0015604556720312777,-0.0006263045539138475,0.0017592711428134006,0.0026268046122590464,-0.0032902025151026392,0.002541059717134715,-0.0010098215224624,0.00036707051422142005,-0.0011668001385376015,0.001948820109789589,0.0002950006096705961,0.0049761518899686585,0.001546964700291203,0.0004670567605002708,0.0013106753619391129,-0.00201046945257639,0.0005811994214788278,-0.0011821890542740388,-0.0042003481017549435,0.0006187911913007258,0.0030371005587263283,0.001403832636787459,-0.0028595747995140554,0.0011963203999620915,0.0005039305252696,-0.0008064751365898366,0.0003260500975611424,-0.002335350866573555,0.000938714560660678,0.0009465973478630519,-0.001965541373186489,-0.0016364266557261403,0.0024385174090373845,0.0009159135889216708,1.0,-0.0014106755107029087,-0.001989066501756703,0.0015763503072276136,-0.0008012657764496972,0.0005028373006947084,0.0035001599990268657,0.0014567903229885583,-0.0007489088902537435,-0.00308569033142062,-0.0017939642961228449,0.0007727807747380875,-6.617205945675656e-05,0.003026996710683541,-0.0005657130954248294,0.0021015203899035157,-0.0019171327077463886,0.0030283387086436487,-0.0021741703340961895,0.0006352809410121245,-0.002126216014570223
PC81,0.017460079598550348,-0.05431783506640596,0.004528957636768371,0.027751712731660026,-0.01663235645908176,-0.0035565774522594595,-0.017993746575945015,0.005214179450723307,0.0010486371949171745,-0.00184125328006783,0.0012891793241562846,0.002512390705852652,-0.003611365608972909,-0.004576720431656742,-0.000628419706910209,0.0008046386666936288,0.000789298935051627,-0.0023530482175404765,0.0004101491647191785,-0.0004799069504385387,-0.0003955076180071603,-0.0002305387628476011,-0.003438455679916694,0.002158025081990906,0.00038392284789286435,-0.002159840689905941,-0.003434148576956044,0.0006494042698874777,-6.302152082686809e-05,-0.0010845582935221302,-0.004165419237011651,-0.0035912129984159258,-0.002931852200081882,0.00024006248095592426,-0.00044088439579349076,-2.7381044353569182e-05,-0.0025544739614335194,-0.0003915525398980692,0.0029402941068165157,0.001701658830129178,0.004873324482004842,-0.00485858181837159,-0.000719884242254218,0.0005393339968109812,-0.00037653985216817875,-0.0020124523815338974,0.002132438483997342,7.172015020452327e-05,0.0015463703622873898,-0.002279186860230035,0.00098283430108204,0.00018312822652569104,0.002828076937004775,0.0012667777673925986,-0.00024284609399214456,0.0011363027234000068,-0.001188698575257857,0.000145423752880221,0.0030279947525792975,-0.005219736096259389,0.00031575424697592307,0.0016812024711432604,-0.0018873979780486259,0.0018238283585481738,0.0005243833027427258,-0.00315837863722124,0.0033765852360311357,-0.0025093363710574474,-0.00017081414388256445,0.0011296283824765083,0.0001836354029033537,0.0029260449579351943,-0.002161327467070194,0.0025380736157897847,0.0024588707232026485,0.0013870675989735733,-0.0012257514924917602,-0.0012202773940552115,0.001974886723848023,0.0015124029886157226,0.003449255697986859,0.003457314585550257,0.0013023094584393607,-0.001210399318440268,-0.0014962781330083138,0.0011584304459191959,0.0026564744468429344,-0.0014106755107029087,1.0,-0.0001577928548951838,-0.001529852131868789,0.0013566285801018846,-0.0031568590501147905,-0.002985331361478448,0.0039048942687110945,-0.0007151454666641648,0.001877120598763424,0.00277586551237949,-0.0011202771730766511,0.0026311589438145102,-0.0007105818019321244,0.001407157584020572,0.002306093580378197,0.00037492718701826697,0.002096367743528103,-0.0009932271884515495,0.003491382742969257,-0.000538939389484833
PC82,0.027391911105330492,0.01712283119175159,0.008271020008501646,-0.007039315291408736,0.0032133008477651737,-0.005492759331776245,0.006016030952108289,-0.0010738270043806819,0.0013730555022066447,-0.0024311923881269156,-0.0016389569690264214,0.0012102556938529169,-7.088163128007531e-05,-0.001518343771549241,0.0012865695418993496,0.003097759276128449,0.0013815950859105955,-0.0027018550535473232,0.005064122727766993,-0.0035700337619631846,0.0018782776034574147,0.0006840742917202447,-0.0017843503557355806,-0.0012574884129247853,0.0010153266192525694,0.0022029629133200716,-0.0004394972018511335,-0.0035871210869630075,0.003289469331772556,0.00270919588314672,0.0007380962367077807,-0.004107441671988962,-0.0033620479408346038,0.002778272664098119,-0.0026680298612713144,4.868505112692486e-05,-0.0030109866417095434,-0.001968597985162648,-0.000911480984661899,0.0010190909500946337,-0.0021616645772860213,-0.0008016186376380338,-0.0013673735343951283,-0.0018981212037686905,-0.001253005137843649,0.0023472308261418186,-0.001071448520846371,0.0065043896696072145,-0.002739995281790182,0.0018925738503844153,0.005368485657591709,0.00157718319909221,-0.001298272900160911,-0.0006365813200328271,0.006144071770026821,0.0022160568690129585,-0.0018253000468466361,0.002034289040623493,-0.0023511642117859245,-0.0007185832921875026,0.0019052528139841506,0.0015392948999359108,0.0007656743065661183,-0.0014508241990602417,-0.0026850753998903746,-0.005350821473977846,0.002828985673471182,0.0006396750943910089,0.0016575506819858155,-0.0010361454238397498,0.001486183318262708,-0.0006972372202728408,0.0029256803772744894,0.0006229763656053969,0.0009754408869241052,0.0031493074227329347,-0.0024757055302496393,-0.004187009338291054,0.004036410788346368,0.003381085164403136,-0.0021535497936485534,0.0027303110008804073,0.002663010060773472,7.084802145773352e-05,-0.00044006519569378817,-0.001982791738104869,-0.0004069600592779976,-0.001989066501756703,-0.0001577928548951838,1.0,-0.0008104450846028077,0.0025621245497794275,0.0050756487265224345,-0.0028947837147819885,-0.0017703835525358725,0.0005728933855959692,-0.0015293723940331691,0.003040655081164331,-0.0012659751689240418,0.0012178890176153144,0.00035821490281334945,-0.0016233319585641447,-0.0022059686396159062,-0.0014874952653545857,0.0011697277211469475,0.0014547581233975086,-5.859855315008897e-05,-0.0012405811397799811
PC83,0.032739835137883005,0.0007003927822103373,0.005407005987322695,-0.017114137838191955,-0.00022916738686519053,0.0060353407417456165,0.0030260833179988744,0.010451407388220387,-0.004938115336425095,0.0026525687287196785,-0.0031922579661328473,1.935758152005187e-05,0.0022260964755703378,0.0015875961434220875,0.0012018069983776626,-0.003273982368582484,-0.0015415679884099474,0.002950427531296804,0.0015853776725495534,-0.002308666381814456,0.0003525536086408693,0.0022443477427874065,-0.0010925223387143346,-0.0022547036168998626,-0.0010121101022558864,-0.0006931736578799439,-0.0013831450434333245,-0.00397391843169539,0.0018366992805668623,0.001964776639087605,-0.00417294841638433,0.0007188010996060459,-0.002210768648816933,0.0035698606088738543,0.002788670260218365,-0.0021046175540586896,-0.0004949532485766228,-0.0023987822502880723,0.001182054145287517,-0.0036398597079917564,0.0002193202922597673,-0.0005746408828606926,-0.0018418326881605173,0.00355186378781263,0.000890182838662025,-0.00015148199370727415,0.000886024653733236,0.0036255835325031778,-0.00041172853320212805,-0.004362737013377283,0.005162862194610687,-0.001401303502933116,-0.0010614473434092597,0.002274458670926871,-0.0024688910299029984,-0.002288810225456809,0.0024857854073343935,0.0008446409507488526,-0.0011787715390937101,0.00487582552243996,0.0010944822200855415,0.0015421243117730856,0.004074491443821195,0.0002215280030323807,0.0015646504691159877,0.00013969104066199588,-0.0001787658709001744,-0.0004237514700202659,-0.0016857683183910586,-0.001178045327113649,0.0013011409315161536,0.0020711253172761564,-0.0019379947105059197,-0.0004964647894331461,-0.003357740316486114,0.0028115092734235414,-0.0034097974392370283,0.0009594561366252794,0.0015700599537953612,-0.001152439388711603,0.00458990828634637,0.0027991491816370157,-0.001507888192284704,-0.0052300522400953574,-0.003688867533142692,0.0011834112767715034,-0.003109079954394685,0.0015763503072276136,-0.001529852131868789,-0.0008104450846028077,1.0,0.00318217302742224,0.0006415921947701526,0.00283833546486006,0.0005849664898916237,0.002970285963762342,0.003254790141665484,0.0011199790053668746,0.0025562190249831473,-0.0008117765227359879,-0.00032086960219936903,0.0001797142044098639,-0.00027902294693968717,0.0032101287638699036,-0.0006770008328339524,0.002586350097821524,0.00044925047427663456,0.0033072526669821376
PC84,0.03253357245847954,-0.03380207829080323,0.000825509635488264,0.006120945415359058,-0.012054723538954593,-0.007604514417092813,-0.008186538678344,0.021985038962361588,0.0027777328073863993,0.0003680652479906359,-0.001446856402728852,0.0053620131858362115,-0.003476470050927266,0.0012012084224636685,0.00017393742727426858,-0.005557264074325681,0.003219692349938561,-0.003945678542105976,0.00587416407161768,-0.002594921136190038,0.0024131319043613334,-0.003208243372188992,-4.764816619310054e-05,0.0017193823467223242,0.00222646542229384,-0.0026653399514392465,0.002362917553101973,0.0005202908602373899,-0.0005433877740350297,0.0029141900380222846,0.002745248470564875,0.0018954863326904928,0.002168741135429021,-0.00013575810694689327,-0.003207015539015545,-0.000463789647325618,0.0007185952370108121,0.0019334002496458082,0.007246804119067122,0.0007778432968304658,0.0015324038537332604,-0.0008254536022349377,0.0034708331567956164,-0.001389136203554364,-0.0034287891974860533,0.0023073585342086936,0.001419790488623993,0.00029556185338018993,0.0013856584592623065,0.0011154772044380864,-0.00011876333835066238,-0.003066321224305432,0.008102082756694773,0.0005122455950705434,0.00072655314859758,-0.0011820522061855349,0.0018134593059079846,-0.001764263483556699,-0.0014042238125536188,0.00037750623647668307,-0.0028218655190159294,-0.0033096109712959804,0.001933918313933897,-0.00027305967669914814,-0.00026083180449605533,-0.002193674537704028,-0.00242273431335041,-0.0015060820985999459,-0.0021427550526044218,0.0029759970703669533,-0.0013138418197448335,0.0017780992101060274,-0.0014574374027832213,4.114759931356651e-05,-0.0011168726391851986,0.0030183144137753332,-0.003024627284141372,0.00046751823958984893,-0.0018775366308030226,0.0017470903017162552,-0.0014494660693919529,0.0026867474133358714,0.0025158823400875862,0.0032239159131778154,-0.0011543101216065026,0.0006396566554082753,-0.002002713527011125,-0.0008012657764496972,0.0013566285801018846,0.0025621245497794275,0.00318217302742224,1.0,0.001839031488229937,0.0024506821878239244,0.0022667902631958075,-0.001145836155557796,-0.004050039771694053,0.0003941273839120895,0.0016859611348536213,0.0014571141333779383,-0.0026876831138623334,0.002131871435337596,-0.002315997905712057,0.001739280640580616,0.0011997107968804246,-0.002547285390490339,0.0014372311520352028,-0.0014019173121078603
PC85,0.011635395085940761,-0.016527221646951872,-0.00403887840793181,0.007168526125640619,-0.012778907447255496,0.0024328174197597616,-0.004217852859033418,0.004554264134012493,0.004822065278202315,3.281326452135428e-05,-0.0020241015371808262,0.00424006816963573,0.0001300038720553473,0.004388229654937562,0.002563151599265921,0.0006880842979216856,0.0005572077184587138,0.0007829018761252106,-0.0006134043673928918,-0.0007817630710563318,-0.00438494695726292,0.0042836359543915814,0.0011887115171111248,-0.0003188767945569728,0.0023491495728872173,0.0028851665443318823,0.00236727456738927,-0.002097100443422142,0.0008954251434116801,0.002733726767091741,0.0001882248235308257,0.00443337178711874,-0.0017691693217426257,-0.002024601792006694,-0.004342725336837701,0.0005942507255998175,0.0020060848699676183,0.0041116222032196665,-0.001393684773914303,0.001616490166627826,-0.0011581719365449555,0.0003376946186568316,-0.000911211253666595,-0.002071596251760544,0.0028592077020302437,0.0016580160418845408,-0.0003864164272403185,0.003097198284970342,0.003676270582043884,-0.0018607576376032198,0.004480998121481337,-0.0040893126071419195,0.003519073847431118,0.0002966740320010956,-0.002162864604716896,-0.003979940500403872,0.002006588045302383,-0.0016074012380149062,-0.001975618483387369,0.0020393163218244605,-0.001919903929202893,-0.0013532807131698397,-0.001910055377945895,0.0019464061210751197,0.0035219353792954144,0.00022929467556655233,0.0014302638094331069,-0.0014162436937480369,0.0029483582060169764,-0.0004116382353802065,-0.0017045307061754496,-0.0018282647439824455,-0.006309819766567601,-0.0007103372434847806,0.0034596436692886307,-0.0024894945474903214,-0.001578206266586744,0.00017128631696125999,-0.0016346973511797635,-0.002458540284225867,0.0004057018104036893,0.00027508706541502244,-0.0004956379713277755,-0.003803054372340536,-0.002318174452516508,-0.0019544949024051152,0.0010019461890280834,0.0005028373006947084,-0.0031568590501147905,0.0050756487265224345,0.0006415921947701526,0.001839031488229937,1.0,0.0023402551433383645,-0.003004306875392292,-0.0019771404219904093,0.002415816607726346,-0.0030556832692689288,-0.00028579575888457284,0.0020246279607607294,0.004773710225146607,-0.0025476236809142223,0.004773230516974975,0.001553945785252018,0.00226291624615494,-0.00012845527643989615,0.0023865650650268474,0.00012330428488792285
PC86,0.02874433880584267,0.0006781091772738203,0.0002219566420886826,-0.004304325901622852,0.0011823565714900802,-0.0031275894133882287,-0.003527216568018479,-0.008151585507116248,0.0002468661305004284,-0.0028620140944844784,0.001275665538063354,0.0005764042911023774,0.0028541494854252792,-0.0019512334750540776,-0.0019768991686979253,-0.0015303170671047168,-0.00379925634572561,0.00012239117262707693,-0.0018403279231189343,-0.00028515328227292553,-0.002839181724459834,-0.004171747695999638,-0.003081591614486343,0.0009040256082945164,0.0051918315081083575,7.821119419518715e-05,0.0011536888626828105,-0.004119145761264514,0.0013792265644385537,-0.0005935291497180567,0.00757302274379859,-0.0003120004617621907,-0.001311136053840083,0.0026117300314288886,2.676891770061571e-05,-0.005131463228326498,0.0017173220458241152,0.0005580748738124786,0.0036047437948995504,0.0004913538718224149,-0.0011209398772309752,-8.98096069322697e-05,-0.00020954415564902311,-0.0006140676901783544,0.0011787655086342266,-0.0045159667561811105,0.0002466873897124061,0.0019398361372742583,0.0014434216197324343,-0.001970380500880862,0.0005936802372790788,0.003640884547766526,-0.001341434758647304,0.002051489637302559,-0.00025252232511447303,0.002963322431628031,-0.00125111833720552,0.0024036801462254224,-0.0005127642914725828,-0.0006956352320463059,-0.0012938431660509827,-0.0009477493582704745,0.0040695321641564,-0.000418950906773259,0.002462651166631539,0.0034966516972511135,-0.0011822215098441938,0.0014758764946183145,-0.002939639653176343,0.0021499454160320217,0.003919578684062411,-0.0006799393564796817,-0.00027446072670155036,0.001016614430203198,-0.0043251998202850726,0.0038073426396850276,0.0020581972767225285,0.0036672860106633487,-0.0034195131279757362,-0.0039006652820672443,-0.000954382643415624,-0.001894139552189818,0.003448211427301234,-0.005264865377720838,-0.0011228138995322435,-0.0010939000697659806,-0.0017274790821226746,0.0035001599990268657,-0.002985331361478448,-0.0028947837147819885,0.00283833546486006,0.0024506821878239244,0.0023402551433383645,1.0,-0.0029469199583048267,-0.001801460970101847,-0.0011052415837763516,0.0018780092378956471,0.0019834621242645744,0.0020313677755182374,-0.0005062418626519779,-0.0010052107404801556,-0.004681830942820563,0.0004673448934706865,-0.0015896934041851236,0.0010625490159785218,-0.0014718679958141238,-0.0009126927065500644
PC87,0.061149813466966456,-0.00030932543418739426,0.005639182858002489,-0.017376419732713887,-0.0009431436280128696,-0.008797280458919159,0.0018323031435039487,0.010536549839724681,-0.0006697490579444062,0.001154123593510436,-1.1331637138706092e-05,-0.0033218621440618107,8.136257926983434e-05,-0.0007262106363699963,-0.0005223634174964035,0.00020197501511692924,-0.001571102923098796,-0.005620052031783321,-9.438975906392248e-05,0.001032937219427511,0.0006249223049166543,0.000212786838235994,-0.0011573091211048428,0.0016788982126447818,-0.0005110848998454977,-0.0011322977741724306,0.0006287741739465561,0.004188053120649144,-0.0006968026297326318,-0.00039325047656365344,0.001854847543902585,0.0023498655942749054,0.0021997511347093546,-0.0005228552297160196,0.00043018169018054755,0.0015222629521780124,-0.003131306177540527,0.003857662205176713,0.0008597057152397744,-0.0036852076301966408,0.0001608126862526763,-0.004159089368472356,-0.001282010086412495,-0.004969250083175696,0.0017154351216416021,0.004580763000756804,0.001755810690985293,0.0018683306468511547,-0.0022166963748299884,4.407982580000546e-05,-0.000414114744263405,-0.005375446565546309,-0.0022807536499567316,0.0006058040448830996,0.0017282289831932114,-0.0008340297334254085,0.001401298347840704,0.0027619739000073673,0.0030297436363865226,-0.0020827722222452306,8.330817864841186e-07,-0.0037839560053474965,0.0018017164316854598,0.0025291644768046253,0.0008950026560959301,0.0020684416293818945,1.6609856175972617e-05,-0.004660305418462124,0.00371556093751017,0.0028255401151409303,0.0016732620875690204,-0.002130213480016574,0.0004821181691544146,-0.0016326297103473218,-0.0006083932974848156,0.001825703651105983,-0.0025009389180181796,0.0017193425584700374,0.002777606143958913,-0.0019093458776318541,0.0028092220007056145,0.0024002961562792527,-4.841409274592358e-05,-0.0008514541927551803,-0.006087181157389427,0.00028949126058831694,0.0042812485549686185,0.0014567903229885583,0.0039048942687110945,-0.0017703835525358725,0.0005849664898916237,0.0022667902631958075,-0.003004306875392292,-0.0029469199583048267,1.0,-0.00044731491662935573,-0.0001337401041195687,-0.0011026047269094643,0.0013550385783252642,-0.00318699103059774,-0.004095886290076433,-0.0021493437381828046,0.00048503363798453256,0.0002925688289061401,-0.002803764917393518,0.002314708603483425,-0.0032725027455963937,-0.0007480316280637153
PC88,0.006459699543660768,0.01831562695013957,0.008284252766638791,-0.015906344056927122,0.00393595258967253,0.0032432398522983037,0.007137513638302683,0.003301043159283954,-0.000454332745814881,0.001891687662729573,0.0008235220404784613,-0.0011456976761615332,0.0014395595925070978,0.0007281985778461849,-0.0032374623564783945,0.0017256000799756122,0.002459759777123234,-0.002304640404967904,-0.0007093952149201904,0.0004697504341929918,0.0008304443787553978,-0.0007603895806896398,-0.00023572012541588774,-0.00436926682880951,0.0033296472132531623,-0.001260218212363136,-0.0011440786793149593,0.0020985698105579825,-0.001537043076336295,0.0016145251610064895,0.0014296868505174493,-0.0015729171930240397,-0.002113736397724476,0.0024483851013745667,-0.001123685100195019,-0.0014401366760278715,0.0003774116249463887,-0.0003322266033881141,0.0010125982313898285,-0.0008456832946692461,-0.005063826760389899,0.001160295457909258,0.0022029754130438203,-0.0034475767035724338,-0.00023195853118195892,-3.945674905993748e-05,-0.001957711004921879,-0.003654863017902105,-0.006261657220648412,-0.0005555343129240606,0.000187483342340801,-0.0003758608336090836,0.00059402033485931,0.0011526652864593833,0.0007688478628654491,-0.0015921109933301765,-0.00025556153826335366,0.0063451683968290375,0.005610458338657535,-0.0011009423290869024,0.002732668951801093,0.002630904659231758,-0.0011044872290688005,0.0033545746167093528,-0.00557975150099526,-0.002736607191516605,-0.0045840599460879785,-0.0031492718122270486,0.002106644019044089,0.0003852853981584233,-0.0016892387390335067,0.0020859383739813583,0.0010123525314810853,0.0007690449478055069,-0.005031806558680881,0.0010045062715610734,-0.0018710782850289971,-0.004190982207787656,0.0005635341805801022,-0.004391568717700511,0.00046374529475604254,0.0016983983096210636,0.0005726589973820862,0.003633906376495346,0.0001202644582350068,0.0035713516762772898,-0.0024592603691436974,-0.0007489088902537435,-0.0007151454666641648,0.0005728933855959692,0.002970285963762342,-0.001145836155557796,-0.0019771404219904093,-0.001801460970101847,-0.00044731491662935573,1.0,-0.0025387705575191234,-0.0021509571159747504,-0.0017637355935579077,0.00025685274073891423,0.003233904207102305,-0.0034004036519907914,0.0008004223925652714,0.0031498841463814876,-0.0014699028605729791,0.002575212114418118,0.0042057637226902535,-0.00263775727034652
PC89,-0.012991143444703488,0.009109572516673516,0.010465065558868444,-0.006349170673458622,-0.0006928935800697074,0.006280868946407558,0.0012274203043610478,0.004937775133549099,0.0008609130929037495,0.0006812408917120999,0.0019069577828465223,0.0033343681604061,0.0020524436580204664,0.002017266356917112,0.003714678196241497,-0.001363231371655727,-0.002535835108582842,-0.0004227957857393828,-0.002815514692182277,0.0006399981558167029,0.0015827551124437433,-0.0016104042856140111,0.0012003831669893234,0.0017440286604271536,-0.0003351084579635666,0.0018788245803079522,0.0017564509068914921,0.0006807934152698162,-0.0038760035743499073,0.0025873239867090646,0.002555770221210768,-0.00022759939580007039,0.0013259381385547337,-0.0027279093318470665,-0.0010821632736048143,0.000367300897407687,0.0031127729300755055,-0.002820031217165925,0.0013723762777631365,-0.002408961446772595,0.003136339267032905,0.003831897849073841,0.003934553113544201,-0.0009331454379395014,-0.0020697038677761604,-0.001794457959566012,-0.003723983565187139,-0.000844421995540127,0.002677546740511148,0.0012805029929768437,-0.0009662700465831654,0.0019136279636970822,0.0016211922216798698,-0.0022285723639242994,-0.0018819209056637172,-0.0007317481124328768,-0.0036872821147776206,-0.0031939181164667672,0.0027408617607344553,0.0019755178117370153,-0.003261613919265748,-0.004136792079973487,0.0027991027628147033,0.004968523523639907,0.0017268080946819667,0.0014679714999636898,0.0035219604471763196,0.00015730829060942413,-0.003915502999167802,-0.0005076640256092645,-0.001732847214573641,-0.002894557274577996,0.004470990341263097,0.0023704101720554913,0.001715878991689858,-0.00047223208426356065,0.0015797965825062102,0.0011498219831590618,0.0004662673452745925,0.00026813333512866314,-0.0017871474620329288,-0.005418065442062475,3.8626224913503125e-05,-0.004001516279417574,0.0006206466443143335,-0.0043096409477153975,-0.0017409940709857586,-0.00308569033142062,0.001877120598763424,-0.0015293723940331691,0.003254790141665484,-0.004050039771694053,0.002415816607726346,-0.0011052415837763516,-0.0001337401041195687,-0.0025387705575191234,1.0,0.00038567086172806636,-0.0004466915346396708,0.0002732595054180568,-0.0007029801518733872,0.0030549630218846494,0.001049369604658969,-0.0008215093011056152,-0.004170160578763752,-0.0016474757398252063,0.002032622223731145,-0.001987879431946786
PC90,-0.0399994305862677,-0.002433197551679668,-0.013451305434284105,0.006101414316241277,0.001021849791279745,-0.0013242412287318072,-0.0011407347996718789,-0.010576508437352803,0.0013863029077750611,0.0007690499738430265,0.0035584691690634515,0.0028144776540141156,0.0013625325264641224,-0.0002737955099896317,0.0012761428493730145,0.0024597959448937777,-0.003241213975024622,0.0006375475352129746,-0.0005357941474447343,0.0017625598036804867,0.0016417039176321235,0.00026859954529458434,-0.00033654019197292516,0.0010805184659321548,0.0017185802022560669,-0.0003665249973493122,0.0004748619470772013,0.001656706381401045,6.193131809424384e-05,0.00031410059432019277,-4.3593696832722995e-05,-0.006935800967295503,-0.0015196582195069063,0.002217020750946731,0.0026247002010396053,-0.001818701939982247,0.0017702237032388942,0.0008742500976190938,0.003224757675116755,0.005929995050054586,0.0008305903315778593,0.001293835930599223,-0.0030477911543356022,0.0023838398592901937,-0.0011512853453722373,-0.005161020799845778,0.0052922317694769246,0.0007081842581453388,9.67962027572824e-05,-0.0002860258942392432,-0.00013172282278656685,-0.00291281121831753,7.91118907087783e-05,0.0011516032090038676,-0.0024673255149132577,-0.00412826345462592,-0.004476067124114735,-0.005752522081848585,-0.0020811634165836313,0.0004207195263754785,-0.002419905208832892,0.0026268977176660854,-0.00191067319438262,-0.001562545891959986,-0.0049582990028652005,-0.001252315036691499,0.0012252143935209845,-0.0023082344226445072,0.0013887448002969523,-0.0009604633317328642,0.0022659690205977627,-0.001549890841812491,0.00013760774776505066,-0.0030228241831458686,0.0007047727834709973,0.0007651948543320863,0.0022752957873718766,0.002235179838991687,0.0012563979377928072,0.0005188189485545971,0.0013958984432374687,-0.005999538004237571,-0.00016138588880276327,-0.0028370598629331163,0.0010646180896183872,-0.000447798728250509,0.0003692279916194818,-0.0017939642961228449,0.00277586551237949,0.003040655081164331,0.0011199790053668746,0.0003941273839120895,-0.0030556832692689288,0.0018780092378956471,-0.0011026047269094643,-0.0021509571159747504,0.00038567086172806636,1.0,0.0011728693866400602,0.002430430326923264,-0.0011523526518002162,0.0017879507383373571,-0.0003292023502306035,0.0017350952677696225,-0.0037156250977334075,0.0002512205354454366,0.0028753555316566298,-0.0003461675187530907
PC91,-0.009606785192962661,-0.011470145394222992,-0.013108849617762831,0.016156498475078163,-0.00186448458594749,0.001730456768818661,0.0007193504410037815,-0.00568806540646223,-1.7346859097711206e-05,-0.0006642476343920383,-0.0007710332992411016,-0.0028367180215539633,-0.0011241460723224424,-0.0017223803651481326,-0.0028020011714588967,0.00023687422814202568,-0.0018136953838379843,-0.0013480182972179066,-0.003037933888466043,0.0012572109171042711,-0.0009670345515917953,-0.0025847532680718928,0.0018341952067607594,-7.048948709432494e-05,0.0009240093540152059,-0.0011488090799401521,0.0006938808547949671,0.004258836261486302,-0.001963009964418686,9.048171495983823e-05,-0.0005161251845683994,-0.0023886628688756717,0.0022391769891715436,-0.0015288814834110793,0.0001395341407431689,-0.0017147674374649682,0.0030878888756588627,0.00042795172539053197,0.0055074905047068435,0.002710347271205973,-0.0009628784506119968,0.00041320947075919475,0.00486617056401352,-0.0009714431895399096,0.0050458676094637485,-0.003509199601167839,0.0014044674520238005,-0.0032118892454049575,-0.0013335918980166713,-0.0017695274489048487,-0.0021487992429377384,0.0015378377859525223,-0.005058383165095973,-0.0012993619862549698,-0.0005207633994904256,0.0009700043286486775,0.0011251629297702964,0.006514986969620213,-0.0015892511649892938,-0.0017151551276453313,-0.0006966131881457556,0.0024348300191853424,-0.0010222786401484873,0.0005485151879136338,0.0037808164611862556,0.0006579478276558503,0.0026497021488756283,-3.428496169021367e-05,-0.0023003327110646733,0.0009244988049918597,-0.0028716840472052052,0.000561586093719031,0.006558761131004615,-0.0004089774535675027,0.0003082236451991125,0.003808903955889735,0.002448907001129261,0.0009727206316476821,0.003243451556796009,-0.0029599512113369806,0.0022273990153313956,0.0002700067046860323,-0.003616676086360128,0.0002500144796252392,-0.003435024750459363,-0.004306808877509403,-0.003253538182254969,0.0007727807747380875,-0.0011202771730766511,-0.0012659751689240418,0.0025562190249831473,0.0016859611348536213,-0.00028579575888457284,0.0019834621242645744,0.0013550385783252642,-0.0017637355935579077,-0.0004466915346396708,0.0011728693866400602,1.0,0.0006587443265063729,0.0013985143565823882,0.0016633300134832447,0.001287281687474766,-0.005929405394207121,8.012951978115871e-05,0.003508682842806022,-0.0008087682659697836,-0.0008859728586877298
PC92,0.061832187573541905,0.0005796763787272958,0.004342168522612977,-0.00918206723528513,0.0025140670576250007,0.003089661002530706,0.0033209088311943473,-0.0019176134687778287,0.0004626512282548325,-0.0038006868135680503,-0.004415440598758713,0.002485691011921214,-0.0030655034250739468,0.004849796139119694,-0.002401870528520587,0.0027899511825179406,0.0027019369177054588,-0.00134771335021582,-0.0025064527184618995,-0.0002458637350570457,0.000375422680470008,0.0005224566435385563,0.000567260989544468,-0.0036803066408790173,-0.00018946484482394957,0.0006557860755312275,-0.0031173922683321,0.0007681640590323547,-0.0009952664958199743,0.00018788340085181178,-0.006246782665958466,-0.0016175024931060315,-0.0010765526707414905,0.002837841413073167,0.00042606309023145937,0.0034433910349254315,0.0003558780605868403,-0.0029905588299993925,0.0005532373241241459,0.001742954125923814,0.0004532997056671053,-0.0039716845362477386,0.0005985041534446677,8.212028719399036e-05,0.0007661042417873885,0.0010749447981454347,0.0024713303556776318,-0.0006827617480438659,-0.0008722969800408269,-0.00023570487870766302,-0.0021698077019285285,-0.001346689557514023,0.0011496545975032523,0.0027913667981331,0.0019307886458580987,0.0020781130329117314,0.00214240852198583,-0.00422796034410962,-0.0004147277971366566,-0.0004000872656972062,-0.003375611203863695,0.0028334450569962085,-0.0024075213654321842,0.0009681427570925673,-0.0005383112652745667,0.0003997441145754644,0.0028777851395719316,-0.0009373747141940973,-0.0002401352003082335,0.0033375251260469503,0.0011584763358285517,-0.0016881121603079376,-9.038064247513756e-05,-0.001399682500046027,-0.0023729131447783455,-0.0016608710717569307,0.0036702461515522515,-0.0019611951776555207,-0.0021195316651596804,-0.0008368220437188087,0.0045466000258216135,0.002546090570785621,0.002426113239015178,-0.002013123738162915,0.00196407532192398,0.0007875019098149617,0.0005178607521644279,-6.617205945675656e-05,0.0026311589438145102,0.0012178890176153144,-0.0008117765227359879,0.0014571141333779383,0.0020246279607607294,0.0020313677755182374,-0.00318699103059774,0.00025685274073891423,0.0002732595054180568,0.002430430326923264,0.0006587443265063729,1.0,0.0021464220897004197,-0.0019309473720703,-0.004067724601335536,0.0003530565160816747,0.000444979851951975,-0.0004774538600929656,-0.0016213110876036824,0.00021638711086859828
PC93,0.03623472052451914,0.004840222470414213,0.01383463878820793,-0.026085157765825706,-0.005878508245853969,-0.0035762164109718986,-0.0031669674720930167,0.019158779206950284,0.003878435205503045,-0.0009947527980593107,0.0087445973040679,-0.0016453681178691976,-0.0026957701369392005,0.0027870000131099723,0.0009711117624666883,0.0047499724144004175,-0.00229973571477745,-0.0013875873039488926,0.0037774179658731062,0.0019252918986555005,-0.005046040212664232,-0.001057704787791916,0.0034678853323374084,-0.0018748616942185347,-0.004032596347107706,-0.0006579245950466432,0.0027382050959780585,-0.00021747256016276155,-0.00036825259601820854,7.78355404753334e-05,0.0014784023320883466,-0.00125234054887962,0.00047981748607173934,-0.004182346422742634,-0.0008914204778010711,-0.002584957013361078,0.0037132227921911425,0.002382043925138458,-0.002499700756272554,-0.0031069788973820483,-0.002604283719665471,-0.00015600296485896708,-0.0032527483646517595,0.0025560936577643523,0.002266645386581578,0.0013809695999890922,0.005517402170230868,-0.0014503910595911227,0.0015903144924569144,0.0020797019054389406,0.003947660843134365,-0.004520399860718904,0.0003262131691577957,0.0024761640684503304,-0.0006675378343996201,0.002630291775244597,0.0011798928064723525,-5.908162645666566e-05,-0.0025381307426113717,0.00025848040785122887,0.003639583269378778,0.0027746087302694764,0.00048593139519824104,-0.000422115396996076,0.0037818973193607095,-0.0019298102853751425,0.001678216966515168,0.000609628317536303,0.001045859689340595,-0.003911758026433127,0.00026613477182400863,0.0009510609046258226,-0.004356010391512271,0.0023839713971883997,0.0024141835465679405,0.00027409131033775237,-0.0006589439179576698,-0.0009998874554277414,-0.0008040326253117192,-0.0015781155856934585,0.0027566090018502276,0.0007079987108720774,0.0016951735925777472,-0.0011383511148435642,0.001945715084094264,0.0007217270969602663,0.00038768430047963993,0.003026996710683541,-0.0007105818019321244,0.00035821490281334945,-0.00032086960219936903,-0.0026876831138623334,0.004773710225146607,-0.0005062418626519779,-0.004095886290076433,0.003233904207102305,-0.0007029801518733872,-0.0011523526518002162,0.0013985143565823882,0.0021464220897004197,1.0,-0.0017014488727512419,0.000906715295324269,-8.865649161079699e-05,0.0003126489239808337,-0.0006915437635705034,0.0020673714431935913,0.001103511534786904
PC94,0.0031002944065190094,0.015639640838140616,0.014069507760546053,-0.015650451841095626,-0.001702148795051366,-0.0063246155304729585,-0.005060576207838798,0.00025123696820306753,0.005776114847797676,-0.0019336803922725826,0.00038741126399699245,0.0010856368769028622,0.003068472721448664,0.0015730495872776672,-0.0014144592210544827,-0.005542649201380514,-0.0011849061473642771,-0.0016645797850247178,-0.002182413951480274,-0.00036244370370031335,-0.005245673368168688,-0.0012908083250368974,-3.3632438305577803e-06,-0.0002975169616371413,-0.0008507897965345197,-0.0009528889926538502,-0.003521958269736341,0.0025435774537671974,0.0003627199447593645,-0.000655022009425744,0.0024807887808025765,0.00042187156935866627,0.0010456119445705417,-0.0037108585454040006,0.0002901487813299855,0.001414310327160648,0.0025249916444406158,-0.002523864261626091,0.0011251197859741997,0.002231443120550039,0.002525547584867185,0.006163538555478463,0.0002242904693705646,-0.002616900341544144,0.0009803166226447064,0.004982867965663591,-0.002733269033589358,-0.0003435281012137498,0.002725115032817169,-0.0011918295683937925,0.0022261659623922293,0.004249246345960473,0.001497660277136202,0.000975996020344848,5.200327392449146e-05,0.0004855904996716692,0.0007195381310220779,-0.006018876233107007,0.0029144519273018804,0.0010344925362044558,0.0027906434351957056,-0.0009903172986807922,0.0017089385793882797,0.0005038894815102974,0.0016287602299406723,-0.0005245377716230291,-0.0006235674711053174,-0.0019420057343392599,0.004320864852984684,0.000999239623042503,-0.0009225584353838122,0.0001957145086093006,-0.00030249974497990455,-0.0012009746213023388,-0.0029371020720447565,0.0011711886636223444,-0.0018226044140573375,-0.002227538907886443,-0.0006446043674024197,0.0033451524920727347,-0.002424106176256322,-0.0037437800235410558,0.00026432137267778553,8.786358096759117e-05,-0.002848973074729297,0.0010010298026365753,-0.00030313906715035734,-0.0005657130954248294,0.001407157584020572,-0.0016233319585641447,0.0001797142044098639,0.002131871435337596,-0.0025476236809142223,-0.0010052107404801556,-0.0021493437381828046,-0.0034004036519907914,0.0030549630218846494,0.0017879507383373571,0.0016633300134832447,-0.0019309473720703,-0.0017014488727512419,1.0,-0.0011035232787417813,-0.0008635757289489456,0.001236697062778401,-0.0035609294475004317,0.0019073174088461392,-0.0007421194748800073
PC95,-0.0009462793791024258,-0.005004551574440204,-0.006448236404900773,0.007014268233959611,-0.0019870427124930663,0.000930782812403178,0.0004140799448302945,0.010442071253241265,0.0021546041139505544,-0.0009744983379228194,-0.0002667856167251312,0.0005330402658574078,-0.001598655780834416,0.0028508650077771333,-0.0013958416352482946,-0.0005770030941891811,-0.003906243792606769,-0.0011022604218964634,-0.003485440928099155,0.005626493171356831,-0.001065076503478003,0.002245641022121694,-0.002808654013188531,-0.001817281027726985,-0.00039434446611414606,-0.007096499642983087,-0.00035468146116077463,-0.0030493224354329117,-0.002664655663615391,0.0023759299327066183,0.0016570534622760843,0.0031228859747661967,-0.002740361138331055,-0.003045760710581652,-0.00686464315698242,0.00046058366344278127,0.0038187895734282393,0.005620057358450712,-0.00038667638961895447,0.00031730224842479803,0.0036527247438059634,-0.0005722460330413504,9.883950147818266e-06,0.0014355644788454959,0.00033416821872513206,0.001160765790819959,0.0019857798919143193,-0.0005658294057414131,-0.000980287611574232,-0.0022047263399649205,3.916586357688938e-05,-0.0025850898246319266,-0.0005540431298154822,-0.005035102244278292,-0.004315793453521013,-0.00015411433874751388,0.002285775554892926,0.004989389935202323,-0.0034524540966219402,0.00018583803875804448,0.002410849884953073,-0.0018472968360211239,0.002463494823092768,0.0008509846467167555,-0.0022455295400901484,-0.0037450890874979664,0.0017939532382698201,0.0012725865799077967,-0.002060614677776798,0.00036058679468274927,0.0006496116529629501,-0.002958680202139232,-0.003209358293304549,-0.002941187300456104,0.00015936063493220232,0.00014406765560478688,-0.0007276986504948152,0.00029718992482643343,-0.002781848468204148,-0.0007730343182608757,-0.0005195528672190085,0.0015732311769360047,-0.0013260847441463595,0.000684716642656416,-0.001938921021993308,-0.0011809514526928393,-0.001750191385441118,0.0021015203899035157,0.002306093580378197,-0.0022059686396159062,-0.00027902294693968717,-0.002315997905712057,0.004773230516974975,-0.004681830942820563,0.00048503363798453256,0.0008004223925652714,0.001049369604658969,-0.0003292023502306035,0.001287281687474766,-0.004067724601335536,0.000906715295324269,-0.0011035232787417813,1.0,0.0020594236297698317,-0.004353022742484512,0.0006480775854572381,0.0025768660543691734,-0.002680522894244434
PC96,0.009471080174981055,-0.01967822656542349,-0.021227190056078524,0.013220335397040933,-0.0035559213991081143,-0.004002604448520038,0.002410967779932595,-0.009648741589492428,0.0036158833055244654,0.0004014879484156466,0.0009544227594672676,-0.0015958510778119595,-0.001430779908301828,0.006513328104471886,-0.000955620933716571,-0.0027382698638201836,0.000291611058708073,0.002981004336441185,-4.3254007309430726e-05,-0.0003545883143199398,-0.0016054403311727848,-0.00038359740214299393,-0.0030548986670712965,-0.0016249427824977284,0.0012919130758644378,-0.002667056613930183,-0.00029255865887427496,0.0035423326755423127,0.0009365243787464255,-0.0012761035076859447,-0.0014271614479896314,0.0028996298101185082,0.0027123533805263303,-0.004294834113111015,0.00579778713104466,-0.0005224788671200825,-0.000262130580277313,-0.002790435507869424,-0.000632497247429241,-0.005664028275985912,0.0027236536020949645,-0.00030784886805836894,-0.0022751839292959822,-0.0003831622727886394,0.00015926926209924432,-0.00223107323915086,0.00018751462941112037,-0.002116097621079919,-0.003388989442297599,0.000931760682152319,0.00127186132652489,-0.0029866301308295678,-0.0030772947192534103,0.00283536366271487,0.0045745928075955145,-0.001796674557498628,-0.0032948142316102263,0.00016934951805873885,0.00015324277839651494,-0.001603463093414863,0.005182509334035125,0.0017429702035162075,-0.0044137718354565515,0.00031466594299162304,-0.0020296154129999223,0.0016465178656119039,0.0038359844591306005,0.002736720530559735,-0.0006893568490587005,0.0005185330431840211,0.00085326524736414,-0.0010257700959848829,0.0023698413116823437,-0.001517688522589063,0.00022386240372852088,0.0008775635727519368,-0.002799480210336243,-0.002032088331096451,0.002021798094474132,-0.004139802794270288,0.0011897950016612605,-0.004328846221845228,0.0005659054988957711,-0.0014052807481414638,0.00012866028870594568,0.0007932307503725474,-0.0007248480867680322,-0.0019171327077463886,0.00037492718701826697,-0.0014874952653545857,0.0032101287638699036,0.001739280640580616,0.001553945785252018,0.0004673448934706865,0.0002925688289061401,0.0031498841463814876,-0.0008215093011056152,0.0017350952677696225,-0.005929405394207121,0.0003530565160816747,-8.865649161079699e-05,-0.0008635757289489456,0.0020594236297698317,1.0,0.002796011394468399,0.0016214217876813109,0.0011410206577759459,-0.0019897503566943886
PC97,0.007019055679410186,0.08048836678340916,0.11144087283736463,-0.10155507805170393,-0.019010246450849328,0.024729415390922743,-0.007851289295920466,0.08432771523947026,0.0015621890302196073,-0.001047489284709617,0.00036290344896072063,0.0020592066302375666,-0.002434352513936359,0.005951089738180297,0.002411610270281429,-0.001688998134885364,-0.0018212958082937287,-0.0011780791876408816,-0.0007698390625384769,0.0007708684998506088,0.003946240375824841,-0.0025397503679722203,0.0008731826245831552,-0.0022733047239374927,0.0001539848436638242,0.0016892371064195699,0.000730218162417163,0.00030401459346192616,-0.0014412450851551749,-0.00036177451441179054,-0.0008620022187406665,-0.0004701053238006918,0.003161764270340349,0.002383294396990153,-0.00022815088784701633,-0.001135000253097805,-0.004649734157314714,-0.004282525719677473,-0.0018676323786868047,0.0008897773314075125,-0.00024931006551077534,-0.002664289509138323,0.00033395537598480984,-0.005240126952569993,-0.0024668406810381175,0.0013449987191921902,0.005093067166654579,0.0011533986447583684,-0.003035907778820949,0.004102059391209012,-0.0004299443197960089,-0.00012247900719657454,0.0033205425017530407,-0.0016965058148413889,0.0029440612671352605,0.0004032296509449269,-0.0055512812093155076,-0.006068189507591073,0.002947118279873104,0.0009188606116464176,0.0037646831258918013,-0.00123497651317748,0.0003760133427638565,-3.337194182656103e-05,-0.0035203119722291456,-0.0004907201783763826,-0.0036190958614926716,-0.003972059754274983,0.00356586734867848,-0.005446115851869527,-0.004494952696436645,-0.0018349237026177064,-0.002547827243861173,-0.0019010383527939452,-0.0007230611939648921,0.0015829807196073,0.0003562237522301673,0.00031805646847836715,0.0011039876082651174,0.0032795729235445942,0.0009945051123965852,0.001337047601730846,0.0045844611875992865,0.0023700419907075657,-0.0009461474295736833,0.001674300364469573,-0.0027862093399895873,0.0030283387086436487,0.002096367743528103,0.0011697277211469475,-0.0006770008328339524,0.0011997107968804246,0.00226291624615494,-0.0015896934041851236,-0.002803764917393518,-0.0014699028605729791,-0.004170160578763752,-0.0037156250977334075,8.012951978115871e-05,0.000444979851951975,0.0003126489239808337,0.001236697062778401,-0.004353022742484512,0.002796011394468399,1.0,-0.0010334821538616763,-0.0005151639057792078,-0.0003043627946901285
PC98,-0.0358270092176869,0.048410328386210955,0.05024998326181418,-0.047963302540101456,-0.008899933438112325,-0.0025211595677025723,0.0001309839912885284,0.044881257724967843,0.0023482658525994246,0.0012568580534319746,-0.002378379731002578,0.001971810172259631,-0.00101384841822492,-0.0072760505334765755,0.0013057913352579704,-0.0012885698149713942,-0.0019421612764288967,0.0010390634102427478,-0.0014503024943627353,0.0007891025593388209,-0.0013716605968774097,0.004041710085645196,0.001064843829250223,0.0015108811156320744,0.00509268286030536,-0.0019805537237258136,0.00028684765209925617,0.0010891708516820502,-1.6832992915101485e-05,-0.002842788909984673,0.0021244861372441454,-9.496654476418129e-05,0.0014160595066150955,-0.0015154923405556748,-0.003763224384380042,0.0018047375647345227,-0.00028586581219201417,-0.0042390339233682964,-0.0005093098703776015,0.004314370527743991,-0.0038070307498801457,0.0013866187755972427,-0.000450255515674899,-0.0005985637777744502,0.004536645324708765,-0.0012566021933586432,-0.0028525972799556135,-0.001668423863490015,-0.002364595044569789,0.001286659945387073,-0.0009755479744128193,0.0019978159782546813,-0.00051709975738735,-0.0008016292838518005,0.0009217277992110977,-0.003849936875151051,0.0010390189081723455,-0.002967175284716254,-0.0018762926006021304,0.001652828426543546,0.0026128464393638516,0.003244873186475691,-0.0022360638384625498,-0.004474264319839256,-0.001069398402867208,0.0017269344913687008,-0.002176223218231547,-0.0007210615839695139,-0.000386593316708004,-0.0007663077103794399,0.0006863229731885067,0.0005932000487296604,0.002780744736694515,0.0013225910941885098,0.005496731297248021,0.004400941162395851,0.0007639995784295186,0.0007842326407784451,-0.00018206153097070587,-0.0014943585268893166,-0.0023245048100424036,-0.0012599097657980947,-0.0011200345526666653,0.001488882673942757,-0.0016855129151150596,0.002210041323452937,0.00033973332789250947,-0.0021741703340961895,-0.0009932271884515495,0.0014547581233975086,0.002586350097821524,-0.002547285390490339,-0.00012845527643989615,0.0010625490159785218,0.002314708603483425,0.002575212114418118,-0.0016474757398252063,0.0002512205354454366,0.003508682842806022,-0.0004774538600929656,-0.0006915437635705034,-0.0035609294475004317,0.0006480775854572381,0.0016214217876813109,-0.0010334821538616763,1.0,-0.00040913728745540904,-0.0009419724421683448
PC99,0.10215832365574053,-0.011855286106504218,-0.005184536046344444,-0.003080318668332174,-0.00012210680989163458,-0.007864288220063666,0.0020200814042496754,0.008505007329833099,0.0005421871843961019,0.005008868370121414,0.002027239910827049,-0.0020281631827893764,0.0032284948381760188,-0.0005137460337511635,-0.0011464307364442534,-0.0017970935992464257,0.0010414898847151727,2.361733837285758e-05,0.0024833532133379426,0.001467420962352603,-0.0008547915327817752,0.00014258730162566434,-0.003940957817681434,0.00033416637931129814,-0.001195720422181415,0.001287066861554939,0.001721213693957204,-0.0006227158777452486,-0.0006348474416451996,-0.0022952678094568693,0.001898332389653874,0.0015488963499962162,-0.0013953712816699142,0.0030126680791207534,0.0022422587616946167,0.004738185972568514,0.0027244912153304482,0.0007555119090520826,-0.0010289868194308393,-0.0008114494652224212,-0.0007488847014632545,-0.00042098446018019723,-0.0008872934040259856,0.00030620551177030857,0.0025404681684071165,0.0018622517499360014,0.0017599636160894954,-0.0012732610013155197,-0.0033238354828718343,-0.0018037526999305613,0.00173548265599037,-0.0024443773127639824,0.0004787113029941225,0.00255504416469659,-0.0001549280135490638,0.001383642823074433,0.002182754913107371,0.0028219127485254116,-0.002785544206983966,0.0016864416943013017,0.00474824557299744,0.001140365802129529,0.0010379474623111212,-0.0037409623736909133,0.0006417307781576009,0.0005876997666781746,-0.003093618597119387,0.0023649856909077143,-0.0007489057410666996,0.0007074815392677443,-5.028065037036772e-05,0.00015062535658583696,-0.0017508847195289252,-0.001204221469877499,0.00186814841541647,0.0017485687220622026,0.0004227747137574962,-0.0027651362960915073,0.002597570123270781,0.002920859544704861,0.002070177697311948,0.001437374519263137,0.0036006172773621276,-0.0009270658335274994,-0.002331509674536517,0.0041119059115088015,-0.0021522711042837005,0.0006352809410121245,0.003491382742969257,-5.859855315008897e-05,0.00044925047427663456,0.0014372311520352028,0.0023865650650268474,-0.0014718679958141238,-0.0032725027455963937,0.0042057637226902535,0.002032622223731145,0.0028753555316566298,-0.0008087682659697836,-0.0016213110876036824,0.0020673714431935913,0.0019073174088461392,0.0025768660543691734,0.0011410206577759459,-0.0005151639057792078,-0.00040913728745540904,1.0,0.002945825239425154
PC100,-0.0002719776862817725,0.030324870787309572,0.03409731255678746,-0.02086090166157137,-0.00789591152623798,0.0003029699223174137,-0.009786324010299304,0.022126580668568024,-4.978308992162912e-05,0.0025866143001551964,0.0002623011649968937,-0.00027538221073956264,0.0007323182645466387,-0.0008396861902833279,0.0025592285212203965,4.293443419931746e-05,-0.0012143343434666246,0.000792767431860914,0.0009535243525714859,-0.005074518277223032,0.005033668195291523,0.004254397313411722,-0.0018141690936691434,0.00034773249980167147,0.0014116456928912862,0.00660853676160616,-0.0015281021069959563,0.002703055243969946,-0.002751776757599546,-0.001267128958414779,-0.0030355963920612804,-0.0015080716529755828,0.00036733811136520925,0.001953212596826641,-0.003309331338438147,-0.0016517186080499309,0.0012081265621199534,-0.0008969822513200336,0.0008818043774701819,-0.003269164394797028,0.003304890253938196,0.003090952331868468,-0.0013573424653161676,0.0010417564105194986,0.0007135038031705809,0.0020203419407839166,0.001025690031464834,0.0019255463165164693,0.00029581453691750876,-0.0012513086458194643,0.0003558965396613186,3.796113748057473e-05,-0.0016131202555267744,0.002459764802825886,-0.00534875054225812,0.0013786016861085824,-0.002340448840965044,0.007386085600475924,0.0012778652507284718,3.699920129406229e-05,0.003730317455282818,-0.0011431529199103314,0.0036492615869538614,-0.002054799204624948,0.0001422661388090289,-0.0017569100372671384,-0.0012371458474671124,0.00021687489756135387,0.0018282395513013424,0.000857812701197437,0.00018609105983141323,0.0006931064035748573,-5.9192285375013705e-05,-0.0010373413446904112,4.828988727681452e-05,0.0008444468417756457,-3.646302053648764e-05,-0.0008570050789967818,-0.00040639047689069205,0.0020549552378845925,-0.0013374842215009518,0.0004995571968953594,0.0019591363617907096,0.00020004188964179356,-0.0007873808751405482,0.0025190623178697556,0.0025044313040712344,-0.002126216014570223,-0.000538939389484833,-0.0012405811397799811,0.0033072526669821376,-0.0014019173121078603,0.00012330428488792285,-0.0009126927065500644,-0.0007480316280637153,-0.00263775727034652,-0.001987879431946786,-0.0003461675187530907,-0.0008859728586877298,0.00021638711086859828,0.001103511534786904,-0.0007421194748800073,-0.002680522894244434,-0.0019897503566943886,-0.0003043627946901285,-0.0009419724421683448,0.002945825239425154,1.0
