PC_1,PC_2,PC_3,PC_4,PC_5,PC_6,PC_7,PC_8,PC_9,PC_10,PC_11,PC_12,PC_13,PC_14,PC_15,PC_16,PC_17,PC_18,PC_19,PC_20,PC_21,PC_22,PC_23,PC_24,PC_25,PC_26,PC_27,PC_28,PC_29,PC_30,PC_31,PC_32,PC_33,PC_34,PC_35,PC_36,PC_37,PC_38,PC_39,PC_40,PC_41,PC_42,PC_43,PC_44,PC_45,PC_46,PC_47,PC_48,PC_49,PC_50,PC_51,PC_52,PC_53,PC_54,PC_55,PC_56,PC_57,PC_58,PC_59,PC_60,PC_61,PC_62,PC_63,PC_64,PC_65,PC_66,PC_67,PC_68,PC_69,PC_70,PC_71,PC_72,PC_73,PC_74,PC_75,PC_76,PC_77,PC_78,PC_79,PC_80,PC_81,PC_82,PC_83,PC_84,PC_85,PC_86,PC_87,PC_88,PC_89,PC_90,PC_91,PC_92,PC_93,PC_94,PC_95,PC_96,PC_97,PC_98,PC_99,PC_100
-0.9468421,2.262304,-0.46393996,-2.8126407,0.31901675,4.3895197,3.316137,3.7887106,0.35065496,-0.14798291,1.7050729,0.16476125,1.6118095,-0.8562279,1.3052193,0.06876096,0.7134815,2.136775,-0.03576359,0.22333197,-0.7604192,-1.0899447,0.8752683,-0.23596522,-0.40011707,-1.2942239,0.72589606,0.94862217,-0.0117540555,-2.1090117,1.2343854,-1.2502009,-0.5571518,0.6376302,-0.025890797,0.3301524,0.27703086,0.4728884,-1.2272049,0.36666024,-0.43351775,-0.91795623,0.9472603,-0.8039035,-0.25853652,0.12236568,-0.09601143,0.46330962,0.48668584,0.2968263,-0.097975366,0.33420596,-0.5422687,0.2454452,-0.43238303,0.3169911,-0.32334557,0.59188026,-0.0050540445,-0.47886953,-0.36792707,-0.04072787,0.12750624,-0.09093264,0.76143044,-0.045952935,-0.21178433,0.33570558,0.03893886,0.17952959,0.19135916,-0.30347934,-0.41380775,0.3825135,0.32450113,0.12824394,-0.23964837,0.060173277,-0.16517684,-0.037052892,-0.016006026,-0.03486103,0.08901848,0.31061986,-0.16932502,-0.0965095,-0.17553467,-0.24335563,-0.26256165,-0.044189867,-0.13195823,-0.25189862,0.071649425,-0.12537476,-0.19233766,0.032210823,-0.05714061,-0.13448118,0.019450145,0.34223098
-0.93348014,2.2568944,-0.14315312,-2.780546,0.3872192,4.392831,3.3025343,3.7429183,0.3299873,-0.3629888,1.7240865,0.19218796,1.6805594,-0.7607665,1.2687571,0.1707901,0.800451,2.083071,-0.118129835,0.39521772,-0.74714595,-1.0474533,0.86122066,-0.2611342,-0.25666243,-1.3238282,0.5960046,0.88028675,0.02506968,-2.0949092,1.2328876,-1.3260105,-0.5530515,0.6524207,-0.0065689767,0.3306538,0.28402355,0.52970946,-1.2792222,0.34741896,-0.3532918,-0.9059652,0.9333922,-0.7407048,-0.22845113,0.14176063,-0.13197666,0.37979826,0.5143159,0.31331438,-0.1346989,0.24029344,-0.5001271,0.33045927,-0.42254454,0.3022079,-0.32715455,0.58401775,-0.046543922,-0.4960479,-0.4016772,-0.06530261,0.10386618,-0.100967936,0.76867646,-0.03600055,-0.19974224,0.27115065,-0.004019692,0.14758389,0.17439051,-0.30721366,-0.39818418,0.42500383,0.32575515,0.08358187,-0.2750147,0.037642207,-0.106906764,-0.019582303,-0.0021774964,-0.03684368,0.059820794,0.3017945,-0.14932483,-0.07636968,-0.18143132,-0.24245733,-0.23708814,-0.042902574,-0.109064266,-0.22779073,0.071302384,-0.1264164,-0.18757096,-0.010084697,-0.034640737,-0.15318629,0.025457585,0.3164187
-0.9214257,2.2515314,0.16412838,-2.7457044,0.45304978,4.40315,3.2825575,3.678504,0.30876863,-0.5762595,1.7437415,0.21027529,1.7458738,-0.66316736,1.2184778,0.25353608,0.8776862,2.0318646,-0.19611722,0.55795854,-0.724564,-0.98588556,0.83109766,-0.28601953,-0.110933885,-1.3438379,0.46269962,0.81329066,0.048742574,-2.0823586,1.2288561,-1.3994203,-0.54756963,0.6610974,0.0095205,0.34884185,0.28853133,0.5833002,-1.3233662,0.33711022,-0.26232478,-0.87295485,0.91636837,-0.6778228,-0.20092875,0.1619379,-0.15569387,0.29093882,0.53358054,0.32640612,-0.16691193,0.14158729,-0.45655414,0.4111363,-0.41309956,0.2877366,-0.32434535,0.5732937,-0.085440256,-0.5048322,-0.42783606,-0.088532194,0.07589332,-0.10727586,0.76361674,-0.028758219,-0.19097564,0.20402955,-0.052725703,0.10636897,0.15526284,-0.30373055,-0.38284406,0.46011427,0.32430503,0.03289581,-0.3000835,0.021257367,-0.048006248,0.0007933695,0.0143064065,-0.03613759,0.034091953,0.2875283,-0.120457254,-0.047942318,-0.18696083,-0.22844152,-0.21503912,-0.036142465,-0.08392191,-0.19429713,0.068358384,-0.12563546,-0.18110184,-0.054469954,-0.015676446,-0.16641273,0.031269055,0.28484347
-0.91052246,2.2464812,0.45812824,-2.7082553,0.51654583,4.4208994,3.2557971,3.5960505,0.2871337,-0.78609014,1.7643244,0.21898645,1.8074872,-0.5645627,1.1549857,0.31741628,0.94488835,1.9832535,-0.26810423,0.71005034,-0.69334173,-0.9066342,0.78498787,-0.31007874,0.03377911,-1.3542323,0.3268831,0.74841076,0.05927008,-2.0707717,1.2223941,-1.4705611,-0.5409317,0.66391796,0.022134274,0.38494843,0.2904499,0.6333202,-1.358864,0.3364479,-0.16203657,-0.81917614,0.8953723,-0.6162244,-0.17551091,0.18209341,-0.1673276,0.1992038,0.5446849,0.33486915,-0.19513299,0.041263696,-0.41583195,0.483788,-0.40218607,0.27385014,-0.3149177,0.5608554,-0.12147934,-0.50457597,-0.44563395,-0.11046455,0.043517746,-0.10972509,0.74696034,-0.024227282,-0.18547615,0.13519616,-0.10451009,0.057769544,0.13601848,-0.29379535,-0.3676325,0.48887476,0.3208404,-0.020718608,-0.31110257,0.01074938,0.008580816,0.02249974,0.03235924,-0.03289043,0.0123296315,0.2672743,-0.08510461,-0.01250323,-0.19171548,-0.20270573,-0.19771743,-0.024578158,-0.058543075,-0.1529348,0.063072905,-0.122811176,-0.17364894,-0.10031414,-0.00039622933,-0.17371245,0.03620911,0.24847554
-0.90053976,2.2419052,0.73917717,-2.668366,0.5778243,4.4462566,3.2215114,3.4962456,0.265095,-0.9907673,1.7864711,0.21885586,1.8652529,-0.4661165,1.0789735,0.36335543,1.0020868,1.9373164,-0.33239475,0.8503088,-0.6542132,-0.8115969,0.7230076,-0.33273557,0.1739017,-1.3550718,0.189478,0.6861739,0.05684903,-2.05921,1.2134762,-1.539686,-0.5331675,0.6612938,0.031358965,0.43813604,0.28952518,0.6794024,-1.3852296,0.34537065,-0.054396927,-0.7464336,0.86980903,-0.556669,-0.15120177,0.20159757,-0.16765817,0.10715385,0.54806167,0.33768052,-0.21972229,-0.057512093,-0.38158643,0.54545426,-0.38824028,0.26072776,-0.29945433,0.54751986,-0.15431316,-0.49477762,-0.45446336,-0.13151391,0.0069201356,-0.10847367,0.7200672,-0.022345098,-0.18310948,0.06562651,-0.15642719,0.004305264,0.118431956,-0.27858722,-0.35218662,0.5124681,0.31584844,-0.073984995,-0.30506614,0.00542749,0.05983756,0.043885157,0.05082188,-0.02757215,-0.0051717004,0.24100062,-0.046371754,0.027972877,-0.19533998,-0.1676167,-0.18585825,-0.0092514455,-0.03466401,-0.106023386,0.05622331,-0.11768044,-0.16573077,-0.14683181,0.011318572,-0.17483623,0.039655212,0.20840885
-0.8912301,2.2378538,1.0075194,-2.6262162,0.6370616,4.4790096,3.1790063,3.3798063,0.24264932,-1.1886184,1.8109477,0.2108748,1.9191066,-0.36897328,0.9912261,0.39264575,1.0495342,1.8941002,-0.3873132,0.9777955,-0.60795695,-0.70303535,0.6454119,-0.35349244,0.30570945,-1.3464774,0.051448476,0.62689406,0.041856196,-2.046476,1.2019134,-1.6070702,-0.52414286,0.65377825,0.03759294,0.50656784,0.28532627,0.721167,-1.4021986,0.3630989,0.05812724,-0.6580144,0.83938164,-0.49967065,-0.126627,0.22003551,-0.15797555,0.017301958,0.5442433,0.33415896,-0.2409169,-0.1518476,-0.35659376,0.59418076,-0.3702369,0.2484108,-0.27906927,0.5336451,-0.18350285,-0.47520512,-0.45394078,-0.15244539,-0.033379756,-0.103905156,0.6847623,-0.023025958,-0.18366432,-0.0036720466,-0.2054857,-0.051035933,0.10390331,-0.25959703,-0.33609933,0.5318573,0.3094964,-0.123897456,-0.28016892,0.0042935265,0.102894925,0.063465506,0.068625495,-0.02093585,-0.0183708,0.20928563,-0.0077510136,0.071067646,-0.19760628,-0.12640142,-0.17957108,0.008603122,-0.013487579,-0.056422044,0.04898067,-0.109971024,-0.15760095,-0.19308262,0.019699432,-0.16968304,0.04105075,0.16591097
-0.88237166,2.2342694,1.2632668,-2.58198,0.69447875,4.5184627,3.1278849,3.2473927,0.21988082,-1.3780442,1.8384321,0.19638652,1.9690589,-0.27419996,0.8926454,0.4069042,1.0875878,1.8536074,-0.43136132,1.0917735,-0.5553376,-0.5834154,0.5526873,-0.37203735,0.42548174,-1.3285912,-0.08620343,0.57068235,0.014843191,-2.0311637,1.1874295,-1.672887,-0.51358736,0.6420354,0.04150772,0.58760715,0.2773026,0.7582397,-1.4096612,0.38829648,0.17272149,-0.5583631,0.8041167,-0.4454929,-0.10028042,0.23716879,-0.13995922,-0.06798729,0.53378254,0.32410842,-0.25891054,-0.23934826,-0.3427542,0.62909895,-0.34780866,0.23677118,-0.25525385,0.5190556,-0.20853995,-0.4459976,-0.44396847,-0.17426933,-0.076537095,-0.09649266,0.64314586,-0.026183384,-0.18682888,-0.071737,-0.24888948,-0.10502155,0.093406625,-0.23844251,-0.31900987,0.5474913,0.30159196,-0.16813195,-0.23623948,0.0062164767,0.13529007,0.08017362,0.08494058,-0.01392282,-0.027515858,0.17329912,0.027265642,0.11425962,-0.1984009,-0.082893215,-0.17836536,0.027689211,0.0045233574,-0.007175754,0.0426791,-0.09942389,-0.14920157,-0.23796833,0.024935625,-0.15835434,0.039937224,0.12238009
-0.87379444,2.2309995,1.5064318,-2.5358171,0.7503242,4.5633817,3.0681174,3.099576,0.19700503,-1.5575278,1.8693404,0.17701453,2.0151834,-0.18273856,0.7842951,0.4080417,1.1165903,1.81583,-0.46336624,1.1916637,-0.49704954,-0.45525557,0.44563532,-0.38834983,0.52965313,-1.3015739,-0.22244528,0.5174953,-0.023483489,-2.011719,1.1697637,-1.7371155,-0.501118,0.6267991,0.043955848,0.67811245,0.26487195,0.7902746,-1.4075913,0.4192792,0.2864347,-0.45259997,0.76433307,-0.39417762,-0.070794284,0.25285694,-0.115523174,-0.14655901,0.51723486,0.3079062,-0.27388045,-0.31825194,-0.3411456,0.6502802,-0.32121897,0.22550888,-0.2296924,0.5030793,-0.22890566,-0.40771502,-0.42476666,-0.1980544,-0.12146477,-0.08669092,0.5974317,-0.031732738,-0.19213027,-0.1376727,-0.28425726,-0.15442304,0.087494776,-0.21665108,-0.3006058,0.55918103,0.29164764,-0.20530468,-0.17500451,0.010119538,0.15525874,0.0935383,0.0992678,-0.0075427685,-0.033151902,0.13468945,0.055578683,0.1552371,-0.197624,-0.041160658,-0.18123579,0.04671104,0.019686604,0.038854588,0.038558617,-0.085809894,-0.1401693,-0.28023568,0.027068548,-0.14123899,0.03599326,0.079223126
-0.865397,2.2278242,1.7370074,-2.4878774,0.8048498,4.612165,2.9999905,2.936905,0.17436516,-1.7256262,1.9037936,0.15451992,2.0575979,-0.095372185,0.6674085,0.39818022,1.136791,1.7807734,-0.48255387,1.2770133,-0.43368044,-0.3210288,0.3254302,-0.4027326,0.614953,-1.2656016,-0.3562168,0.46721932,-0.07230046,-1.9865227,1.1487548,-1.7995096,-0.48627257,0.6088376,0.045828857,0.77475584,0.24747996,0.8170026,-1.3959923,0.45420992,0.3963931,-0.34599715,0.7205683,-0.34560552,-0.037137628,0.2669857,-0.08664495,-0.2165546,0.49515268,0.2864865,-0.28594127,-0.38744363,-0.35212758,0.65844506,-0.29119787,0.21419461,-0.2040997,0.4847318,-0.24415062,-0.3613245,-0.39686242,-0.22469452,-0.16693138,-0.07489793,0.54979295,-0.039575092,-0.19888914,-0.20062615,-0.30980667,-0.19627053,0.08635723,-0.19546984,-0.28057548,0.56620437,0.27903485,-0.23498632,-0.10004058,0.015138189,0.16201298,0.103723176,0.111439764,-0.002757363,-0.036088362,0.095403194,0.07481738,0.1920815,-0.19507408,-0.005061677,-0.18679708,0.06438404,0.032911148,0.07930722,0.03757842,-0.06896444,-0.12991191,-0.31850332,0.026001193,-0.11904126,0.02906241,0.03768665
-0.8571452,2.22452,1.9551095,-2.4383056,0.85829455,4.6630797,2.9239275,2.7599795,0.15239465,-1.8809665,1.9416313,0.13059741,2.0964167,-0.012721881,0.54339355,0.37949106,1.1482962,1.74845,-0.4885538,1.3475097,-0.36571795,-0.18311666,0.19365452,-0.4157904,0.6785441,-1.2208822,-0.48642546,0.41977173,-0.13070945,-1.9540228,1.124344,-1.8596417,-0.46854988,0.58893675,0.04790073,0.87431043,0.22463569,0.8382627,-1.3748672,0.49125308,0.49998644,-0.24355024,0.673508,-0.2995559,0.0012813645,0.27942908,-0.055210065,-0.2765024,0.4680849,0.26121444,-0.29507628,-0.44637161,-0.37545982,0.6546485,-0.25867164,0.20233922,-0.18007319,0.46300983,-0.25397518,-0.3081282,-0.36105433,-0.25468704,-0.2116413,-0.061459962,0.5021961,-0.04955604,-0.20620152,-0.25976735,-0.3244655,-0.22810693,0.08992498,-0.17575969,-0.25856292,0.56761867,0.26319107,-0.25749,-0.01635718,0.020714115,0.1559213,0.11140059,0.12152552,-0.00037473068,-0.037321955,0.057487555,0.083563365,0.22329882,-0.19039387,0.022170434,-0.19343093,0.07942213,0.045327786,0.11253744,0.04033906,-0.048856802,-0.11775258,-0.35132432,0.02162271,-0.092727706,0.019171437,-0.0012984988
-0.84908414,2.2208998,2.161059,-2.3872423,0.9108608,4.714533,2.8403862,2.5695727,0.13157022,-2.022242,1.9824684,0.10665536,2.1316934,0.0647417,0.4138005,0.35401687,1.1510638,1.7188482,-0.48134294,1.403002,-0.2935944,-0.043801397,0.052311547,-0.4283761,0.7181474,-1.1676883,-0.611945,0.37519407,-0.19775541,-1.9128611,1.0965282,-1.916958,-0.44745812,0.5679089,0.05070184,0.97382575,0.1959349,0.85401756,-1.3442277,0.5286709,0.59498316,-0.14970443,0.6239306,-0.25575686,0.04461229,0.29003596,-0.022900071,-0.3253834,0.43655676,0.23370726,-0.30112836,-0.49490127,-0.41044676,0.6400376,-0.22447114,0.18948857,-0.15895066,0.4371991,-0.2582833,-0.24965984,-0.3183706,-0.2879825,-0.25427568,-0.04666566,0.456228,-0.061409622,-0.21295418,-0.3143083,-0.3278994,-0.2482181,0.09798516,-0.15798527,-0.23416355,0.56265676,0.24379878,-0.2735112,0.07028215,0.02661645,0.13852935,0.11750022,0.12968078,-0.0009634588,-0.037915982,0.022894964,0.08143615,0.2477499,-0.18312815,0.038217917,-0.19943798,0.09054336,0.05787651,0.1377261,0.047108762,-0.025694072,-0.10310806,-0.3772791,0.013978042,-0.063428625,0.006556543,-0.037196215
-0.84132886,2.2168422,2.3554058,-2.3348265,0.96270335,4.765205,2.7497377,2.366645,0.11236572,-2.1482112,2.025753,0.08368027,2.163369,0.13667578,0.28029653,0.3235229,1.1449366,1.6919105,-0.46115312,1.4435357,-0.21776128,0.09470254,-0.09617834,-0.4415068,0.73215944,-1.1063648,-0.73161346,0.33370504,-0.2724071,-1.8619573,1.0652999,-1.9708377,-0.42255908,0.5466061,0.05445555,1.0706782,0.16107498,0.86432916,-1.3041472,0.564876,0.6795733,-0.0682305,0.5726553,-0.21392056,0.09262009,0.29862022,0.008882437,-0.3626271,0.40103874,0.20565619,-0.30385497,-0.5331604,-0.45607913,0.6157342,-0.18913224,0.1752856,-0.14166863,0.4070965,-0.25720167,-0.18756607,-0.2700219,-0.32396364,-0.29349172,-0.030728577,0.4129698,-0.07470924,-0.21788067,-0.363562,-0.3204488,-0.2557932,0.11025092,-0.14230534,-0.20698152,0.5510418,0.2208686,-0.28376567,0.15410298,0.032891776,0.112396784,0.12291952,0.13599987,-0.0047956984,-0.038840413,-0.006685541,0.06903332,0.2645483,-0.17288896,0.04179486,-0.20319669,0.0965541,0.07101338,0.15486889,0.05789996,-3.4563942e-05,-0.08565207,-0.3950669,0.0033806637,-0.032344624,-0.008305548,-0.06984681
-0.8340404,2.2122881,2.5388122,-2.281188,1.0139289,4.8140903,2.6522923,2.1523764,0.09522605,-2.2577055,2.070821,0.062265694,2.1912606,0.20283726,0.14463134,0.28948674,1.1297258,1.6675906,-0.42838678,1.4693476,-0.13876095,0.23018864,-0.24902187,-0.45627695,0.71976703,-1.0373521,-0.8442447,0.2957006,-0.3535107,-1.8004842,1.0306175,-2.020657,-0.39349735,0.52591825,0.059080042,1.1625195,0.11987426,0.8693183,-1.2548318,0.5984548,0.75234514,-0.0022002105,0.5204832,-0.1737814,0.14477316,0.30494046,0.039050344,-0.38805145,0.3619281,0.17870326,-0.3029961,-0.5614025,-0.51111835,0.58281124,-0.15287146,0.15949097,-0.12866168,0.3730842,-0.25106704,-0.12349027,-0.21734016,-0.36157382,-0.32788837,-0.013804467,0.3729678,-0.0888547,-0.2196727,-0.40700185,-0.3029971,-0.25096443,0.12633511,-0.12872277,-0.17672984,0.5331071,0.19468264,-0.28873748,0.22992685,0.039750766,0.080787666,0.1282804,0.14041407,-0.011841336,-0.040800944,-0.029963352,0.04775176,0.27297342,-0.15956916,0.032608755,-0.2033353,0.096532136,0.08463268,0.16465925,0.07254154,0.027138293,-0.06541924,-0.4035775,-0.009573244,-0.0006818427,-0.024670204,-0.09938383
-0.8273903,2.2072206,2.7119322,-2.2264469,1.0646122,4.860438,2.5483184,1.9281383,0.08053422,-2.3496454,2.117003,0.042794347,2.2150953,0.26306066,0.008599559,0.2531595,1.1053102,1.6459491,-0.38351306,1.4808519,-0.05725549,0.3603802,-0.4031316,-0.47378606,0.6810404,-0.96119565,-0.94863623,0.26172477,-0.43977153,-1.7277998,0.992399,-2.0658658,-0.36001533,0.50673294,0.06422929,1.2471888,0.07226115,0.86913306,-1.1966778,0.6281761,0.8122246,0.04601214,0.46811706,-0.13512596,0.20033735,0.30868813,0.06685126,-0.40179235,0.3195487,0.15435407,-0.29829535,-0.5799452,-0.5740753,0.54234165,-0.115722984,0.141927,-0.11985372,0.33606073,-0.24039076,-0.058962442,-0.16168573,-0.3995425,-0.3559733,0.003919562,0.33632547,-0.10311048,-0.21714044,-0.4442786,-0.27680892,-0.23471105,0.14563558,-0.11724672,-0.14333284,0.50969833,0.16563545,-0.28858522,0.29354614,0.047409188,0.047275554,0.13378066,0.14265734,-0.021822875,-0.0440944,-0.04613684,0.019526873,0.27242443,-0.14351356,0.011252457,-0.1988948,0.09007269,0.09817478,0.16828951,0.09069912,0.0544298,-0.04282073,-0.40193138,-0.024100684,0.030394632,-0.041538883,-0.12612742
-0.82150936,2.2016404,2.8753057,-2.1707225,1.1148019,4.903711,2.438055,1.6954901,0.06858754,-2.423037,2.1637225,0.025643706,2.234572,0.3172428,-0.12600203,0.2156907,1.071721,1.627243,-0.32701525,1.4786098,0.026006244,0.48285267,-0.5552185,-0.49507153,0.6170024,-0.8785541,-1.0435789,0.23241457,-0.5298001,-1.6433787,0.9505541,-2.1060781,-0.32196057,0.48985276,0.069335796,1.3226813,0.018251844,0.86394435,-1.1302884,0.65300506,0.8584181,0.07473118,0.4160744,-0.09781494,0.25846976,0.30951104,0.0918569,-0.4042763,0.2741768,0.1339152,-0.28946334,-0.58917564,-0.64310884,0.49546573,-0.07775742,0.12238827,-0.114759445,0.29729235,-0.22581604,0.0046878397,-0.10432931,-0.43661135,-0.37618774,0.02207346,0.30286786,-0.116681,-0.20938714,-0.47517818,-0.24338369,-0.20864747,0.1672058,-0.107995324,-0.1069533,0.4819505,0.13407226,-0.28317958,0.34186313,0.055926275,0.01534767,0.1391596,0.14229548,-0.034317844,-0.048528515,-0.05494006,-0.013449248,0.26243955,-0.12554798,-0.020898705,-0.18944886,0.07748164,0.11081626,0.1672243,0.111844294,0.08016717,-0.018573621,-0.38949946,-0.039362513,0.059808232,-0.057725634,-0.15048221
-0.81646585,2.1955724,3.0293877,-2.1141422,1.1645421,4.943563,2.3216863,1.4561471,0.059610844,-2.4769912,2.2105596,0.011303186,2.2494187,0.36533955,-0.2574205,0.1782029,1.0291853,1.6119368,-0.2593649,1.4633126,0.1102544,0.59499943,-0.7018774,-0.5210465,0.52964324,-0.7901788,-1.1278656,0.2084287,-0.6221912,-1.5468386,0.90501034,-2.1411612,-0.27929157,0.4758955,0.073641166,1.3871969,-0.04206547,0.8539817,-1.0564413,0.6721374,0.8903882,0.083002366,0.3646433,-0.061780296,0.31829265,0.30708325,0.11392498,-0.39624432,0.22609338,0.11843817,-0.2761375,-0.58963865,-0.7159109,0.4434636,-0.039206237,0.10056436,-0.11267871,0.25824618,-0.20807032,0.06637081,-0.046338577,-0.47166803,-0.38702196,0.03997261,0.27232087,-0.12879251,-0.19594207,-0.499545,-0.20435813,-0.17475267,0.18969527,-0.10118945,-0.06790559,0.4510612,0.10022012,-0.27218837,0.3728702,0.06510178,-0.011915022,0.14378461,0.138826,-0.048874974,-0.053445116,-0.056634292,-0.04895973,0.24279958,-0.10683572,-0.061747678,-0.17512882,0.059824843,0.121644005,0.16299559,0.13520087,0.10262933,0.0064288797,-0.36593193,-0.05455447,0.08662543,-0.07197879,-0.17284296
-0.812273,2.1890838,3.1746128,-2.0568535,1.21386,4.9797945,2.199297,1.211944,0.053800702,-2.5107405,2.257188,0.00030195713,2.259438,0.40736154,-0.38398883,0.14181039,0.9781109,1.6006057,-0.18104544,1.435768,0.1947532,0.69405824,-0.8396405,-0.5524537,0.4218734,-0.6968737,-1.2003043,0.19037558,-0.7156086,-1.4380522,0.8557707,-2.1712692,-0.23208024,0.46520934,0.07623184,1.4392548,-0.108490214,0.83957547,-0.97603387,0.68504393,0.90787286,0.07060964,0.3138814,-0.026983283,0.37893862,0.30119154,0.13309652,-0.37877804,0.17566127,0.108676255,-0.25791764,-0.5821535,-0.7896895,0.38783234,-0.0004268512,0.07604943,-0.11290923,0.22043815,-0.18792503,0.12521775,0.011487291,-0.50377333,-0.38720542,0.0565954,0.24444044,-0.13874634,-0.17680575,-0.5172249,-0.16146247,-0.13512611,0.21141839,-0.097043745,-0.026482917,0.41815004,0.064252205,-0.255174,0.385551,0.07447506,-0.032036033,0.14684188,0.13183738,-0.06510436,-0.057839066,-0.051935054,-0.08489799,0.21371548,-0.08862423,-0.108507924,-0.15654904,0.03880014,0.1297742,0.1570577,0.15972218,0.120317824,0.031276837,-0.33120656,-0.068920515,0.11010204,-0.08312428,-0.19350603
-0.808936,2.1823204,3.3114543,-1.9990176,1.2627542,5.0123477,2.0708847,0.9647764,0.051389217,-2.5236475,2.303248,-0.006974578,2.2645211,0.44337162,-0.50415576,0.107623726,0.919053,1.5937686,-0.092611834,1.3968927,0.27878943,0.77720493,-0.965029,-0.5898259,0.29741693,-0.59944046,-1.259754,0.17872941,-0.8087992,-1.3173002,0.8029716,-2.196812,-0.180518,0.45783526,0.07611943,1.4778218,-0.18059367,0.82118386,-0.8900614,0.69152594,0.9109533,0.038087048,0.2636867,0.006643094,0.43954447,0.29180413,0.14943773,-0.35328168,0.123398595,0.10505961,-0.23452622,-0.56791085,-0.86130476,0.33035645,0.038255084,0.04844053,-0.11488898,0.18529265,-0.16616645,0.1805158,0.068598084,-0.5321198,-0.37590066,0.07072434,0.21905288,-0.14593247,-0.15239702,-0.5280679,-0.11650104,-0.09183141,0.23054478,-0.095604196,0.01719854,0.38421434,0.026438689,-0.23169015,0.379779,0.0834289,-0.043229494,0.14759108,0.12118801,-0.08271396,-0.06055948,-0.04188978,-0.11929705,0.176057,-0.07200567,-0.15776625,-0.13466236,0.01649086,0.13444704,0.15071332,0.18413927,0.13219158,0.055193577,-0.2856947,-0.0817168,0.12970306,-0.09019903,-0.21258621
-0.8064879,2.1755376,3.44035,-1.9408127,1.3111814,5.041313,1.9364804,0.71654594,0.05268359,-2.515237,2.3482306,-0.01045835,2.2646666,0.47347388,-0.6164922,0.07676658,0.85268974,1.5917122,0.0052585006,1.3476878,0.36158955,0.841701,-1.0746531,-0.6334623,0.16065396,-0.49863082,-1.3051906,0.17376705,-0.9005233,-1.1853753,0.74691963,-2.2183616,-0.12491656,0.45353058,0.07238041,1.5023974,-0.2575465,0.7993799,-0.79964805,0.691754,0.90012443,-0.013307029,0.21391208,0.039258875,0.49918142,0.27905717,0.16285655,-0.32140416,0.070028864,0.10768597,-0.20605424,-0.54849726,-0.9275366,0.27317446,0.076716244,0.017469272,-0.11821079,0.15398198,-0.14357142,0.23161791,0.12458044,-0.55601054,-0.35282785,0.08121677,0.19602323,-0.14981519,-0.123422325,-0.53201574,-0.07133216,-0.046843775,0.24534537,-0.096616216,0.06323787,0.35012835,-0.0127078835,-0.20141885,0.35624796,0.091346264,-0.044451427,0.14561063,0.10714453,-0.101484016,-0.06055449,-0.027733855,-0.15029716,0.13154535,-0.057789244,-0.20564193,-0.11060258,-0.0049031377,0.13512419,0.14510143,0.20707393,0.137803,0.077651516,-0.23022096,-0.09218342,0.14508758,-0.09255181,-0.22995509
-0.805017,2.1690948,3.5615423,-1.8824123,1.3590454,5.066933,1.7963376,0.46913168,0.05804801,-2.4852262,2.3914354,-0.0104705095,2.2599905,0.49780038,-0.7196946,0.050421238,0.77982455,1.594382,0.11171135,1.2892075,0.44219172,0.88508165,-1.16537,-0.68344325,0.016418781,-0.39511773,-1.3357805,0.17552547,-0.98943454,-1.0435913,0.68811226,-2.2365155,-0.06570127,0.4518447,0.06432713,1.5130236,-0.33795342,0.7747989,-0.7061304,0.68628544,0.8763523,-0.08160999,0.16448876,0.071146645,0.5567526,0.26319116,0.17295283,-0.28491074,0.016475461,0.116306394,-0.17319922,-0.5258222,-0.9854006,0.2188202,0.11506243,-0.016887382,-0.12253523,0.12724157,-0.12089858,0.2778601,0.17899446,-0.57490915,-0.31827378,0.08730928,0.17517021,-0.14991756,-0.09071561,-0.52923554,-0.02782255,-0.0020558012,0.25440353,-0.09948571,0.11183923,0.31662887,-0.052373044,-0.16433005,0.316446,0.09775654,-0.035469007,0.14095627,0.090432756,-0.12119924,-0.057091206,-0.010755562,-0.17611295,0.08280684,-0.04650949,-0.24807617,-0.08554584,-0.023276612,0.1315989,0.14121497,0.22719122,0.13731347,0.098433524,-0.1660861,-0.09956971,0.15607052,-0.08990095,-0.24522042
-0.80464375,2.163422,3.6749213,-1.8239754,1.4062138,5.089625,1.6510655,0.22438851,0.067821026,-2.4335375,2.4320645,-0.007630706,2.2507215,0.5165061,-0.8125824,0.029854774,0.7014154,1.6013744,0.22573265,1.2225362,0.5193318,0.90535975,-1.2344979,-0.73958844,-0.13024728,-0.28949288,-1.3509669,0.18379413,-1.073982,-0.89371365,0.6271938,-2.2517846,-0.0033940454,0.452212,0.051643588,1.5102279,-0.41978076,0.7480832,-0.6111278,0.67604166,0.8410772,-0.16419679,0.11552065,0.10271368,0.61090815,0.24444798,0.17897236,-0.24555288,-0.036183186,0.1303144,-0.13734661,-0.5019591,-1.032391,0.17019829,0.15353955,-0.05437796,-0.12746596,0.105220124,-0.09889179,0.31850994,0.23123422,-0.5885487,-0.27300358,0.08880415,0.15620556,-0.14582784,-0.055112593,-0.5202257,0.012228686,0.040723424,0.25672838,-0.10336009,0.16310094,0.2842643,-0.09148816,-0.12081665,0.26264706,0.10241319,-0.0169495,0.13418068,0.07218522,-0.1415762,-0.04990183,0.007805056,-0.19506216,0.033215784,-0.038523704,-0.2812368,-0.06061326,-0.036735285,0.12404648,0.13990892,0.2433364,0.13140579,0.117621675,-0.0950411,-0.10320891,0.16258626,-0.08235268,-0.25775492
-0.8054861,2.158955,3.7800138,-1.7656227,1.4525355,5.1099977,1.5016537,-0.015830055,0.082197785,-2.3602898,2.469372,-0.0027344227,2.2371595,0.52976775,-0.89411205,0.016350508,0.618592,1.6120021,0.34618974,1.1488152,0.59140956,0.9012321,-1.2800442,-0.8013998,-0.27437937,-0.18229324,-1.3505025,0.19813803,-1.1523973,-0.7378448,0.56487703,-2.2645493,0.06141389,0.4540332,0.03441943,1.4949269,-0.5004392,0.71984273,-0.5165471,0.66223615,0.79615456,-0.25783372,0.06731645,0.13445202,0.6600409,0.22300474,0.17989582,-0.20497544,-0.0867954,0.14874427,-0.100410625,-0.47891328,-1.0665795,0.13044494,0.19238147,-0.09450941,-0.1324687,0.087453425,-0.07830193,0.35276628,0.28048235,-0.59701127,-0.21812962,0.086047895,0.13872659,-0.13723484,-0.017417312,-0.5058229,0.04719177,0.079813026,0.25175688,-0.107281275,0.21679333,0.25334877,-0.12884422,-0.07172885,0.19788942,0.10528702,0.009496919,0.12621108,0.05378968,-0.16221161,-0.039196894,0.026823714,-0.2056838,-0.013478999,-0.03411459,-0.301945,-0.036826935,-0.043651618,0.11296627,0.1418605,0.25462106,0.121132724,0.13551405,-0.019215366,-0.10261812,0.16467638,-0.070388876,-0.26676476
-0.80761933,2.1560838,3.8761003,-1.7074324,1.4978613,5.1288595,1.349311,-0.24963824,0.101143956,-2.2658062,2.502813,0.0033587217,2.219606,0.537801,-0.9634002,0.011061907,0.53262687,1.625407,0.47189847,1.0693204,0.65655917,0.8722787,-1.3008935,-0.8679643,-0.41138977,-0.074029766,-1.334467,0.21794805,-1.222805,-0.5783001,0.5018508,-2.2750812,0.1280912,0.45673162,0.013058732,1.4683304,-0.5770251,0.69065106,-0.42447767,0.6462515,0.74374634,-0.3587649,0.02035306,0.1668835,0.702392,0.19897613,0.17465657,-0.1646695,-0.13421422,0.1703356,-0.06445487,-0.458383,-1.0865637,0.10264716,0.23171014,-0.1365933,-0.1368556,0.07300529,-0.059910346,0.37981075,0.32578027,-0.6006984,-0.15500432,0.07970505,0.12229174,-0.1239838,0.021539189,-0.487083,0.07572292,0.11374723,0.23928948,-0.11036628,0.2722103,0.22396448,-0.16321135,-0.018283207,0.12591632,0.10648994,0.041397076,0.11812819,0.036675166,-0.18256515,-0.025546998,0.045322,-0.20692882,-0.053658444,-0.03354259,-0.30802813,-0.015113093,-0.04271554,0.09900191,0.14747994,0.2604445,0.10774739,0.15248771,0.05898279,-0.097585455,0.16248713,-0.05482555,-0.2713622
-0.8110626,2.1551132,3.9624312,-1.6494333,1.5420687,5.1472225,1.1952336,-0.47508818,0.124331,-2.1505845,2.5321405,0.009802699,2.1982956,0.5408863,-1.0197415,0.0148456395,0.44484842,1.64066,0.6016567,0.98550713,0.71281016,0.8191311,-1.2969167,-0.9379197,-0.53734136,0.034780715,-1.3032423,0.24251713,-1.283397,-0.41747576,0.4387083,-2.2835822,0.19598944,0.45977303,-0.011894395,1.4318625,-0.64663196,0.6610561,-0.3370143,0.62949,0.6861849,-0.46284488,-0.024809618,0.20049772,0.7362306,0.17246348,0.1624037,-0.12592615,-0.17737457,0.19365202,-0.031228889,-0.4415569,-1.0913541,0.08944707,0.2715189,-0.17978652,-0.13983366,0.060744,-0.04452983,0.39889684,0.36617324,-0.60016924,-0.08517432,0.07045626,0.10654893,-0.10612999,0.06079191,-0.4650884,0.09686661,0.14137335,0.2194177,-0.11193916,0.32813978,0.19602866,-0.19341734,0.038106747,0.05104574,0.10617597,0.0756218,0.1109347,0.02208047,-0.20197295,-0.009683578,0.062478893,-0.19836777,-0.08433555,-0.037017547,-0.29853073,0.00368188,-0.033047844,0.08271568,0.1567994,0.26046434,0.09255234,0.16885163,0.13698922,-0.08824889,0.15624379,-0.036730547,-0.27063906
-0.81575716,2.156267,4.0383825,-1.5916221,1.5850674,5.1662183,1.0404063,-0.6901932,0.15116954,-2.0152967,2.5573947,0.015795708,2.1733747,0.5393982,-1.0626055,0.02816376,0.35651517,1.6568398,0.73423135,0.8989773,0.75829643,0.74359334,-1.2689786,-1.0095432,-0.6491412,0.14361556,-1.2574819,0.27112743,-1.3325945,-0.25770485,0.37593037,-2.2901862,0.2644549,0.46266636,-0.03992304,1.3871156,-0.70661706,0.6315946,-0.25607505,0.61323816,0.6258636,-0.56569886,-0.06762519,0.23569557,0.76001906,0.14361642,0.14272559,-0.08978714,-0.21535093,0.21725644,-0.0018028128,-0.42900234,-1.0803132,0.09261658,0.31172726,-0.22312011,-0.14058307,0.049640562,-0.0329668,0.40944052,0.40086377,-0.5958956,-0.010396452,0.0587694,0.09134372,-0.08396878,0.09916414,-0.44076332,0.11012213,0.16192852,0.19248149,-0.11159152,0.3829559,0.16940027,-0.21837978,0.09599553,-0.022037406,0.10445034,0.10867961,0.105387315,0.010864328,-0.21968912,0.0076869885,0.077631645,-0.18035236,-0.103537634,-0.04461707,-0.27378604,0.018815337,-0.014367547,0.06442744,0.1693933,0.25456473,0.0767839,0.18472593,0.21222448,-0.07511302,0.14617825,-0.017293429,-0.2637491
-0.8216078,2.1596959,4.103531,-1.5339788,1.6267992,5.186963,0.88550913,-0.8929714,0.18090987,-1.8607949,2.5787818,0.020608425,2.1449215,0.5338267,-1.0916224,0.051072687,0.26868346,1.6730497,0.8683183,0.81131816,0.7914293,0.6486496,-1.2188364,-1.0809618,-0.7446097,0.2519565,-1.1980675,0.30313522,-1.369139,-0.101125196,0.31392238,-2.294891,0.33282676,0.4649388,-0.07062853,1.3358411,-0.7547308,0.60278016,-0.1832881,0.5985809,0.5651741,-0.6628812,-0.10762782,0.2727593,0.7725042,0.11265664,0.11575407,-0.056995023,-0.2473974,0.23987453,0.023565374,-0.42065144,-1.0532136,0.112717405,0.3522454,-0.26554626,-0.13835056,0.039001737,-0.025945198,0.41107392,0.42929903,-0.5880495,0.06732149,0.044841032,0.076754324,-0.058029782,0.13527209,-0.41479146,0.11545244,0.17507453,0.1590611,-0.10916999,0.43479672,0.14398366,-0.23712122,0.15399478,-0.08856799,0.101317875,0.13703455,0.10193184,0.0034065796,-0.23495124,0.025978938,0.090288445,-0.15407765,-0.110521056,-0.056202076,-0.23538846,0.029739063,0.01281604,0.044187937,0.1843675,0.24285813,0.061540052,0.1999775,0.28224617,-0.05900053,0.13242379,0.002350072,-0.25002435
-0.82849574,2.165502,4.1576805,-1.476486,1.66723,5.2103186,0.730924,-1.0815265,0.21278465,-1.6881399,2.5964997,0.023596525,2.1129987,0.5247804,-1.1065373,0.08327502,0.18212222,1.6884096,1.0025085,0.7238511,0.8110267,0.53834695,-1.1489644,-1.1504321,-0.82241535,0.35932085,-1.1260645,0.33804888,-1.3921002,0.050416604,0.2530621,-2.2974467,0.4004259,0.46610814,-0.10371302,1.2799547,-0.7891016,0.57508,-0.11997122,0.5863838,0.50648916,-0.7500236,-0.14444566,0.31183675,0.7727224,0.0798742,0.08213225,-0.027975906,-0.27297613,0.26050037,0.045318123,-0.41586882,-1.0103897,0.14891316,0.39299348,-0.30603218,-0.13253413,0.028574888,-0.024016462,0.4036544,0.45117366,-0.57641196,0.14571328,0.028702473,0.06302782,-0.029043721,0.16762061,-0.38764992,0.1132489,0.18089753,0.11998715,-0.10472329,0.48176745,0.119803384,-0.24880552,0.21076967,-0.14405704,0.09666744,0.15741682,0.10073932,-0.0003868388,-0.24706031,0.044710726,0.10013761,-0.12152024,-0.10582194,-0.07137952,-0.18609338,0.036235914,0.04709092,0.02188138,0.20042503,0.22573777,0.047745235,0.21421191,0.34489614,-0.040912934,0.11494374,0.021286527,-0.22912364
-0.8363056,2.1737661,4.2008257,-1.4191499,1.7063396,5.236714,0.57679313,-1.2541134,0.24616098,-1.4986064,2.610587,0.024228692,2.0777204,0.512969,-1.107186,0.12420127,0.09730187,1.7020419,1.1353018,0.6373899,0.81635255,0.4175263,-1.0623344,-1.2166024,-0.8818913,0.46527597,-1.0426828,0.37558988,-1.400833,0.1954139,0.19371763,-2.2972846,0.46654284,0.4656587,-0.1388866,1.2215414,-0.8081584,0.54887646,-0.067174904,0.577311,0.452157,-0.8229852,-0.17777319,0.35293964,0.75993705,0.0456024,0.04287872,-0.0028961487,-0.29178387,0.27842093,0.06431847,-0.41355586,-0.95289236,0.19895649,0.43385002,-0.34370434,-0.12273954,0.018547155,-0.027489576,0.38725775,0.46637386,-0.56043005,0.22231986,0.0103975665,0.05044865,0.0020996719,0.19474545,-0.3597369,0.10426645,0.17987522,0.07635171,-0.098440185,0.5221127,0.097029865,-0.2528241,0.2649657,-0.18469313,0.0902857,0.1671191,0.10179787,-0.0010016905,-0.25545645,0.06342259,0.10704021,-0.08524745,-0.09116214,-0.089541584,-0.1296246,0.038532566,0.08616483,-0.0026137813,0.21600443,0.20394483,0.036145546,0.22681434,0.3984285,-0.02186989,0.09354302,0.038935322,-0.2011647
-0.8449234,2.184569,4.2331333,-1.3620179,1.744119,5.2660947,0.42306876,-1.4091597,0.28060126,-1.2937113,2.6209266,0.022151351,2.039314,0.4991741,-1.0934994,0.17312208,0.014463186,1.713093,1.2651765,0.5521109,0.80708003,0.2914524,-0.96222293,-1.2786617,-0.922802,0.56944233,-0.94925386,0.41570824,-1.3949205,0.3327005,0.13622317,-2.2935596,0.5304439,0.46303543,-0.175749,1.1628332,-0.81059635,0.5244278,-0.025724566,0.5718383,0.4044664,-0.87803966,-0.20733102,0.39596376,0.7336085,0.010217536,-0.00079312595,0.018211078,-0.30378738,0.29317844,0.08154049,-0.41226438,-0.88251424,0.25931668,0.47456348,-0.3780039,-0.108784914,0.009484723,-0.03641262,0.36218888,0.47491604,-0.539372,0.2946445,-0.009884754,0.03920158,0.034385458,0.21533665,-0.33149126,0.08954925,0.17282966,0.029510818,-0.090577714,0.5543133,0.07594831,-0.24891345,0.31511393,-0.20775308,0.08189764,0.16429265,0.10501284,0.0007985784,-0.25976923,0.08160536,0.11099707,-0.048120793,-0.06921076,-0.10997207,-0.07034778,0.03731869,0.12706654,-0.029268747,0.22944774,0.17858605,0.027311444,0.23702337,0.44159824,-0.0027945563,0.067962945,0.055057537,-0.166772
-0.8542086,2.1980128,4.2548394,-1.3051903,1.7805804,5.298012,0.26951775,-1.5452453,0.31585205,-1.0752062,2.6273944,0.017293334,1.9981569,0.4842145,-1.0655144,0.22929111,-0.06626506,1.720818,1.3906845,0.46758553,0.78318137,0.16539373,-0.8520506,-1.3363371,-0.94512445,0.6714651,-0.847225,0.45855403,-1.3741362,0.46145797,0.08082119,-2.2853084,0.5913918,0.45766142,-0.21369985,1.1061302,-0.79543525,0.5018362,0.0037701663,0.57021946,0.3655466,-0.9121089,-0.2328528,0.44071928,0.6934093,-0.025832053,-0.047651347,0.03529487,-0.30924,0.3045395,0.0978351,-0.4103206,-0.801634,0.32544214,0.5146629,-0.4087928,-0.09065485,0.002237558,-0.050613694,0.32902613,0.4769304,-0.51250905,0.36038104,-0.031802673,0.029282266,0.06669325,0.22829533,-0.30344105,0.07035239,0.16086394,-0.018925674,-0.08138649,0.577098,0.05687246,-0.23726693,0.3595766,-0.2119525,0.07122481,0.14820679,0.11027386,0.0040845526,-0.25984097,0.09868815,0.11210832,-0.012942877,-0.043206237,-0.13197595,-0.012796259,0.03362408,0.1664936,-0.05783115,0.23916313,0.1510505,0.021644749,0.24402693,0.473708,0.015497394,0.038015757,0.06966429,-0.12701638
-0.8639636,2.2142103,4.266156,-1.2488209,1.8157729,5.3317633,0.11568685,-1.6610694,0.3517679,-0.8450593,2.630022,0.009990215,1.954788,0.46891746,-1.0234067,0.2920772,-0.1447352,1.7246926,1.5105394,0.38296255,0.7448091,0.044251468,-0.7352406,-1.3897612,-0.9488885,0.77098817,-0.73814887,0.50439,-1.3384173,0.5812021,0.0276303,-2.2716708,0.64867896,0.44896618,-0.25190273,1.0536622,-0.7621666,0.48102716,0.020963395,0.57241255,0.3372046,-0.9230228,-0.2540915,0.48698875,0.63929164,-0.061978113,-0.09657051,0.0481791,-0.3086699,0.31247157,0.11381575,-0.40597856,-0.71292084,0.39213595,0.5534447,-0.4363674,-0.068455085,-0.0021848609,-0.06977808,0.28866476,0.47269273,-0.47925314,0.41765857,-0.05498266,0.020471746,0.09781487,0.23272982,-0.2761445,0.04805985,0.14529774,-0.06713248,-0.07102383,0.58942586,0.04002488,-0.21857156,0.39658704,-0.1976494,0.05806653,0.11940916,0.117477454,0.007868486,-0.2557316,0.11409017,0.11055164,0.017892543,-0.016482368,-0.15495527,0.03886702,0.028578423,0.2012286,-0.08783583,0.24373679,0.12282573,0.019391418,0.24707547,0.49459416,0.032233246,0.0037028464,0.08286211,-0.08325483
-0.873917,2.2332473,4.267201,-1.1931039,1.8497986,5.366411,-0.039111905,-1.7554632,0.38822472,-0.60542005,2.629093,0.0010529757,1.9098604,0.4541016,-0.9675121,0.36103037,-0.22068349,1.7244914,1.6236554,0.2972272,0.6921603,-0.067705974,-0.6150664,-1.4392713,-0.9341119,0.8676195,-0.6236617,0.5534621,-1.2878507,0.69175017,-0.023355395,-2.2520628,0.7016504,0.4364131,-0.28930336,1.0074097,-0.71091753,0.46176204,0.025839591,0.5779963,0.32072943,-0.90975887,-0.27083325,0.5345817,0.5715737,-0.09748748,-0.14658588,0.056529235,-0.30282405,0.31715506,0.12985213,-0.39762625,-0.61899817,0.45404583,0.5900311,-0.46133924,-0.042417444,-0.0027980362,-0.093514346,0.24230047,0.4626742,-0.43924844,0.46523985,-0.07920288,0.012363369,0.12648624,0.22793585,-0.25007427,0.024098046,0.12763382,-0.11315079,-0.0594858,0.59048593,0.025429402,-0.19393592,0.42441154,-0.16681656,0.0423836,0.0797082,0.1265232,0.011230926,-0.24773349,0.12729193,0.106599435,0.04266954,0.008011601,-0.17837307,0.08131271,0.023130942,0.22851582,-0.11868884,0.24199098,0.09525603,0.020676002,0.24559613,0.5045637,0.04662379,-0.034712482,0.09468711,-0.036936577
-0.88375056,2.2551086,4.257961,-1.1382446,1.8828182,5.400681,-0.19572085,-1.8273959,0.42508125,-0.35857508,2.625051,-0.008282304,1.864064,0.44057313,-0.89833426,0.43584594,-0.29369223,1.7202761,1.7291135,0.20946719,0.6254385,-0.16695264,-0.49448675,-1.4852204,-0.9008112,0.96091276,-0.505434,0.6058494,-1.2226584,0.7931503,-0.07221915,-2.2262328,0.74971163,0.4195198,-0.3246943,0.9689322,-0.642561,0.44368222,0.018775547,0.58613336,0.3167089,-0.8726082,-0.28290242,0.5833692,0.4910021,-0.13143933,-0.19687404,0.059921797,-0.2925768,0.31896716,0.14612888,-0.38401654,-0.5222031,0.5062083,0.62350166,-0.48440588,-0.012988454,0.0011211704,-0.121373065,0.19133505,0.4475584,-0.39241815,0.50258887,-0.10453835,0.004402453,0.15144345,0.21343067,-0.22552241,-0.00014791219,0.10955018,-0.15501691,-0.046587966,0.5797801,0.012872714,-0.16471972,0.44160506,-0.122767724,0.02437998,0.03196836,0.13730171,0.013468551,-0.23639524,0.13787706,0.1006601,0.060492728,0.028077483,-0.20160452,0.11230331,0.017839955,0.24631251,-0.1497765,0.23301564,0.06932435,0.025547147,0.23928516,0.5042841,0.05788719,-0.076666415,0.10499452,0.010548878
-0.8931397,2.279622,4.2383275,-1.0844344,1.9150317,5.432794,-0.3549479,-1.8760531,0.4621551,-0.10692683,2.618293,-0.016539931,1.8180326,0.42912433,-0.81653076,0.51622677,-0.36320683,1.7122777,1.8260851,0.119111806,0.54490566,-0.25070274,-0.37601846,-1.5278733,-0.8490804,1.0503513,-0.38511693,0.6613406,-1.1432086,0.88559055,-0.11907327,-2.1942308,0.7923241,0.39788076,-0.3568114,0.9392214,-0.5587578,0.4263938,0.0005891558,0.5955894,0.32490203,-0.813228,-0.29017478,0.633267,0.39879426,-0.16274028,-0.2466619,0.057987522,-0.27884075,0.31842506,0.16270435,-0.3644682,-0.42446798,0.5445498,0.6530345,-0.5060901,0.01906206,0.0097786635,-0.15281714,0.13723047,0.42820948,-0.3390036,0.52978873,-0.13138075,-0.0040665325,0.17150746,0.18907966,-0.20257923,-0.023398552,0.09289413,-0.19092143,-0.032021597,0.557269,0.0019598634,-0.13231124,0.44727716,-0.069713354,0.004550214,-0.020227853,0.14969337,0.014231796,-0.22254185,0.14552327,0.093304865,0.07130111,0.042434987,-0.22376177,0.13071032,0.012811527,0.253383,-0.18054083,0.21622905,0.045515798,0.0340058,0.22814575,0.4946551,0.065380715,-0.121285915,0.11344626,0.05792575
-0.9018065,2.3064172,4.2081647,-1.0318196,1.9466633,5.4604816,-0.517302,-1.9008403,0.4992231,0.1470131,2.6089952,-0.022246122,1.7722687,0.4205399,-0.7229072,0.60172856,-0.42856747,1.700731,1.9137638,0.026132643,0.45106143,-0.31684294,-0.26173258,-1.5673788,-0.7791841,1.1353335,-0.2642885,0.7193437,-1.0500494,0.96935284,-0.16404006,-2.1563454,0.82900226,0.3712102,-0.3844598,0.9186236,-0.4619216,0.4095659,-0.027431672,0.6048289,0.34418872,-0.7345706,-0.2926393,0.68416226,0.29666835,-0.19017577,-0.2951051,0.050604235,-0.26249903,0.3160832,0.17954154,-0.33896238,-0.32732722,0.56623036,0.6780098,-0.5265374,0.052605957,0.022652797,-0.18717009,0.08138629,0.40558398,-0.27960682,0.54732496,-0.16030754,-0.013749158,0.18567874,0.15530226,-0.18119238,-0.04450922,0.079623096,-0.21937515,-0.0154839475,0.52351713,-0.0077561857,-0.09794732,0.44125235,-0.0122721465,-0.016316641,-0.07295319,0.16357157,0.0135952635,-0.20725523,0.14994384,0.0852452,0.07576228,0.050672725,-0.24360707,0.13633749,0.0078035025,0.24927257,-0.21049568,0.19148171,0.023795651,0.045988493,0.21246044,0.47669253,0.06877189,-0.16739741,0.11959696,0.10398665
-0.90954506,2.3349519,4.167288,-0.98048013,1.9779341,5.4811535,-0.6827524,-1.9014015,0.5360031,0.40064844,2.5970564,-0.024162412,1.7271177,0.41559306,-0.61841583,0.6916585,-0.48903525,1.6857421,1.9913453,-0.06879078,0.34487137,-0.3638779,-0.15336013,-1.6037772,-0.6916524,1.2151498,-0.14442629,0.7788731,-0.94397944,1.0448259,-0.20726226,-2.1130993,0.85932404,0.3394026,-0.4066431,0.9068376,-0.35515383,0.39302233,-0.06350369,0.6121544,0.37259576,-0.64067537,-0.29051164,0.7358075,0.18685302,-0.21248564,-0.34116253,0.038094055,-0.24436978,0.31242126,0.19649307,-0.30810174,-0.23199964,0.5697556,0.6980156,-0.54544747,0.08626794,0.038372196,-0.22359015,0.025091866,0.3806402,-0.21524419,0.5558245,-0.19183709,-0.02534083,0.19322103,0.113266066,-0.16125925,-0.062460568,0.071661465,-0.23935212,0.0031552375,0.4797618,-0.016634371,-0.06262345,0.42407644,0.044952426,-0.03719053,-0.122276895,0.17879331,0.012029256,-0.19179152,0.15082341,0.07723891,0.07509526,0.053048298,-0.25962946,0.12965417,0.0024345666,0.23422457,-0.23920053,0.15916932,0.003702091,0.061306655,0.19271128,0.45144296,0.06814135,-0.2135605,0.12303794,0.14750895
-0.916219,2.3645794,4.115543,-0.9304188,2.0090303,5.4923067,-0.85058635,-1.8775908,0.5721047,0.65133595,2.582191,-0.021414876,1.6827734,0.4150301,-0.5041437,0.785053,-0.54378,1.6672637,2.0580652,-0.16417399,0.22798416,-0.39090282,-0.05246968,-1.6369824,-0.5873485,1.2889717,-0.026883595,0.8385821,-0.82611865,1.1125472,-0.24891531,-2.0652828,0.882938,0.3025955,-0.42267105,0.9029895,-0.24214496,0.3767992,-0.10535217,0.61587566,0.40739724,-0.5363663,-0.28433925,0.7877198,0.07207145,-0.2284446,-0.38353056,0.021327507,-0.22520414,0.3077702,0.2132482,-0.2729549,-0.13950631,0.5548715,0.7127826,-0.5621586,0.11866881,0.054742068,-0.26108274,-0.030446997,0.35425997,-0.147386,0.55584174,-0.22616531,-0.039457597,0.19371091,0.064962134,-0.14270328,-0.07634029,0.07068413,-0.25038064,0.023702731,0.42783567,-0.024857383,-0.027122924,0.39688203,0.0976882,-0.05690931,-0.16456293,0.19515549,0.010265867,-0.17743842,0.14778788,0.06996141,0.0708568,0.050244797,-0.27027172,0.11155092,-0.0035916953,0.2091012,-0.26623583,0.12028933,-0.015481619,0.07956495,0.16948472,0.4199211,0.06395104,-0.25813442,0.12352585,0.18723278
-0.9217286,2.3946252,4.052862,-0.8815524,2.0400968,5.491943,-1.0194229,-1.8294371,0.6069964,0.8964593,2.5641367,-0.013525844,1.6392932,0.41955212,-0.38129362,0.8806913,-0.5918643,1.6451628,2.1132894,-0.25774214,0.10281516,-0.3975581,0.039431855,-1.6667256,-0.4675169,1.3558556,0.08713131,0.8968488,-0.6979424,1.1731867,-0.28921038,-2.0139563,0.89956546,0.26120493,-0.43220815,0.9057734,-0.12701882,0.36114165,-0.15028259,0.6144725,0.44529927,-0.42689463,-0.2750001,0.83914536,-0.044550374,-0.23694073,-0.42066747,0.001688432,-0.205693,0.30229825,0.22926502,-0.2348352,-0.05080981,0.522324,0.72206,-0.5758582,0.14870709,0.06894642,-0.298555,-0.08405342,0.3272088,-0.07794838,0.5477785,-0.26297,-0.056577392,0.1870506,0.013072804,-0.12551193,-0.085351914,0.07786646,-0.25256103,0.045555696,0.36994594,-0.03242072,0.007866135,0.36118305,0.14222927,-0.074326925,-0.1967269,0.21231541,0.009110908,-0.1653394,0.1404362,0.063895814,0.06472539,0.043183155,-0.2742457,0.08319061,-0.010330601,0.1753362,-0.29121926,0.07638599,-0.03452269,0.10009267,0.14339961,0.38306278,0.056894504,-0.29938453,0.12105026,0.22195722
-0.9259676,2.424467,3.979413,-0.83371264,2.0712242,5.4789257,-1.1873436,-1.7571152,0.63997746,1.1335187,2.5428605,-0.0003694296,1.5966173,0.4298031,-0.25115377,0.97712314,-0.63227034,1.6193383,2.1565785,-0.34661052,-0.027563103,-0.38394672,0.12094104,-1.6924858,-0.3338216,1.4147829,0.19658136,0.9518692,-0.56123465,1.2274331,-0.3283707,-1.9603593,0.9089699,0.21591781,-0.43522957,0.91361874,-0.01408513,0.3464401,-0.19535755,0.6067249,0.4827149,-0.3175887,-0.2635579,0.8891037,-0.15966636,-0.23704803,-0.45093742,-0.019116271,-0.18646711,0.29603165,0.24373499,-0.19507657,0.033048615,0.47359565,0.7255103,-0.5858321,0.17576705,0.077929355,-0.3348838,-0.1345509,0.30011547,-0.009189293,0.53194225,-0.3013334,-0.076995976,0.17345066,-0.03936241,-0.10973245,-0.08887085,0.09364701,-0.24649994,0.067708336,0.30837724,-0.03917205,0.04161217,0.31868377,0.17562586,-0.08847285,-0.21644062,0.22971562,0.009250904,-0.15632537,0.1284305,0.059291013,0.058304343,0.032943536,-0.2708428,0.045987867,-0.017554825,0.1349058,-0.31384015,0.029386055,-0.054062635,0.12191867,0.11508615,0.3416672,0.04770922,-0.33561826,0.115821846,0.2507429
-0.9287944,2.453584,3.8956978,-0.7866516,2.1024454,5.453151,-1.3521197,-1.6609344,0.6701951,1.3602202,2.5186825,0.01787579,1.5545785,0.44634888,-0.11506897,1.0727078,-0.6639783,1.5898082,2.1877003,-0.42761168,-0.15973431,-0.35049868,0.19095443,-1.7134578,-0.18838398,1.4647387,0.30062667,1.0017585,-0.41795138,1.2758001,-0.3666008,-1.9057134,0.9109307,0.1676384,-0.43192267,0.92486393,0.09247882,0.33312598,-0.23764768,0.5917885,0.5161045,-0.21353275,-0.25101227,0.93649143,-0.26995856,-0.22810273,-0.472832,-0.03934108,-0.16807246,0.28889692,0.2556164,-0.15485488,0.11086591,0.41066968,0.7226742,-0.5916485,0.19979002,0.07887426,-0.36898136,-0.18078454,0.2734618,0.05648904,0.5086825,-0.33980438,-0.10076804,0.15339835,-0.08938523,-0.09543832,-0.086530924,0.1175714,-0.23318836,0.0888497,0.24521232,-0.044852357,0.07325004,0.27115905,0.1958383,-0.09868129,-0.2222485,0.24656942,0.011117767,-0.15079843,0.1116166,0.0561912,0.05297159,0.02077736,-0.2601391,0.0016877293,-0.02483944,0.09027512,-0.3338714,-0.018633563,-0.074511245,0.14380135,0.08521145,0.29633933,0.037060596,-0.36533946,0.10820591,0.2731406
-0.9300333,2.4815905,3.8025293,-0.7400572,2.1337273,5.415545,-1.5115093,-1.5413544,0.6966984,1.5745485,2.4922917,0.04078591,1.5129316,0.4696761,0.02558977,1.1657096,-0.68608487,1.5567193,2.2065885,-0.49769166,-0.29037943,-0.29782754,0.24889688,-1.7285953,-0.033805095,1.5047976,0.39861748,1.0446414,-0.270026,1.3184462,-0.40404588,-1.8510195,0.9052205,0.1174058,-0.42259455,0.9379175,0.18894194,0.32157448,-0.27447212,0.5692117,0.5423257,-0.11930407,-0.23807755,0.9801935,-0.3723789,-0.20975713,-0.48519555,-0.057487596,-0.15092126,0.28077126,0.2637547,-0.11508674,0.1813097,0.3358299,0.71304154,-0.5932013,0.22120938,0.069654375,-0.39984867,-0.22167386,0.24757849,0.11679963,0.47851917,-0.3765683,-0.12761801,0.12761594,-0.13450727,-0.08267999,-0.07829801,0.14826353,-0.21386014,0.10752627,0.18219164,-0.049097102,0.10177779,0.22042662,0.20183131,-0.10466627,-0.21355419,0.26193526,0.014837335,-0.1486954,0.0901472,0.054486714,0.049789447,0.008145771,-0.24303263,-0.047528602,-0.031724527,0.04426914,-0.35114124,-0.06566383,-0.096033424,0.16432159,0.05452314,0.24745838,0.025514595,-0.38738775,0.09863436,0.2893439
-0.9295056,2.5082564,3.700889,-0.693577,2.1649623,5.367885,-1.6635863,-1.3990189,0.7185191,1.7748061,2.4646363,0.06772643,1.4714146,0.5001627,0.16942886,1.2544644,-0.69792885,1.5202863,2.2132685,-0.55428684,-0.41668725,-0.22663826,0.2948529,-1.7367067,0.12685102,1.5341953,0.49006563,1.0787424,-0.119195156,1.3550894,-0.44076753,-1.7969397,0.8916251,0.06630365,-0.40765095,0.95141053,0.27222618,0.312049,-0.3035379,0.538915,0.55890393,-0.038763702,-0.22508633,1.019156,-0.4643153,-0.1819922,-0.48737124,-0.07250683,-0.13524449,0.27155554,0.26704636,-0.07641817,0.24308491,0.25148505,0.69620305,-0.59060514,0.24080688,0.04914239,-0.42660666,-0.25626203,0.22265016,0.16983539,0.44219324,-0.409665,-0.15686226,0.09700931,-0.17293221,-0.07144718,-0.06449079,0.18353772,-0.18985343,0.12232645,0.12073391,-0.051387023,0.12613691,0.16838422,0.19358006,-0.10654212,-0.19048992,0.27486056,0.02024367,-0.14952269,0.06456646,0.053926237,0.04947946,-0.003295117,-0.22111438,-0.098981224,-0.037886787,-0.00014259852,-0.365493,-0.109908655,-0.11861319,0.18201213,0.023871386,0.19520997,0.013559066,-0.4010275,0.087528236,0.30017978
-0.92706835,2.533511,3.5916865,-0.64684933,2.1959672,5.3125124,-1.807006,-1.2348009,0.73479104,1.9596372,2.4367542,0.097905576,1.4298257,0.5380682,0.31503588,1.3375942,-0.6991876,1.4806728,2.2077882,-0.5955796,-0.5366051,-0.1377047,0.32953948,-1.7366182,0.29011515,1.5523708,0.5745888,1.102481,0.0330968,1.3850534,-0.4767282,-1.7437866,0.8699887,0.015385311,-0.387667,0.96431816,0.3399767,0.30469665,-0.32294312,0.5011536,0.56417966,0.0250786,-0.21205103,1.0524086,-0.54366064,-0.1450711,-0.47923103,-0.08387743,-0.12108033,0.26126796,0.26456904,-0.039287288,0.29517716,0.16002657,0.6720082,-0.58402675,0.2595571,0.017317154,-0.448507,-0.28373814,0.19872215,0.21426646,0.40062413,-0.4371753,-0.18738669,0.06261269,-0.20357455,-0.061668616,-0.045739185,0.22061102,-0.1624921,0.13203228,0.062063657,-0.05097593,0.14533173,0.117038496,0.1719932,-0.104805075,-0.15373118,0.28452513,0.026919868,-0.15244295,0.03582242,0.054061957,0.052434195,-0.011801408,-0.19642061,-0.14953783,-0.043255266,-0.04013086,-0.37676847,-0.14983167,-0.14215928,0.19550042,-0.0058237696,0.13969909,0.001604639,-0.4059671,0.07525017,0.3069185
-0.92266047,2.5574272,3.4755352,-0.59953445,2.2264874,5.251985,-1.9411035,-1.049861,0.74485826,2.1280017,2.4095726,0.13046592,1.388109,0.5835135,0.46098992,1.414218,-0.68991876,1.4379091,2.1901553,-0.6205933,-0.64884734,-0.0318929,0.35413945,-1.72735,0.4522118,1.5589881,0.6518592,1.1145532,0.185697,1.407441,-0.5117876,-1.6915897,0.84028167,-0.03436705,-0.36349335,0.9760154,0.39052203,0.29957426,-0.33110207,0.45647988,0.5573147,0.0701066,-0.1988101,1.0790426,-0.6088192,-0.09946202,-0.4611024,-0.09154485,-0.10829762,0.25013715,0.25562096,-0.0040303515,0.33708704,0.063761964,0.64065343,-0.5735143,0.2784941,-0.024822727,-0.46491528,-0.30343443,0.17570823,0.2494165,0.3548069,-0.45731178,-0.21773162,0.025536893,-0.22592598,-0.053263977,-0.022907514,0.25636253,-0.13299084,0.1357112,0.0073465267,-0.04685038,0.1585388,0.06847294,0.13878617,-0.100305595,-0.10436519,0.29032925,0.034238342,-0.15638268,0.005177439,0.054162823,0.058735166,-0.01572179,-0.17115955,-0.19580093,-0.048031043,-0.07329546,-0.38481492,-0.18413647,-0.16660301,0.20363952,-0.033647135,0.08112829,-0.010068096,-0.40230688,0.062083196,0.31094462
-0.9163226,2.580188,3.352591,-0.5513403,2.2562122,5.1887,-2.0658104,-0.8457087,0.7483816,2.2791307,2.3837378,0.16460466,1.3464164,0.6364918,0.60587984,1.4840671,-0.6705605,1.391861,2.160301,-0.6291944,-0.7527125,0.08981551,0.37008417,-1.7082944,0.6091692,1.5539174,0.7215527,1.1139854,0.33766934,1.4213692,-0.5456948,-1.6401685,0.8026741,-0.08206585,-0.33631778,0.98623216,0.42280763,0.29667845,-0.3266736,0.405709,0.53820765,0.09506675,-0.18519047,1.0981845,-0.6587042,-0.045774724,-0.43364948,-0.09575565,-0.09664775,0.23866154,0.23966794,0.02900168,0.36894044,-0.03505452,0.60266846,-0.55890477,0.29857495,-0.075506166,-0.4752765,-0.314826,0.15340164,0.27518898,0.30570054,-0.4684339,-0.24626455,-0.013069015,-0.23986492,-0.046227906,0.0029848185,0.2876078,-0.10240617,0.13273722,-0.042223282,-0.037785005,0.16516557,0.02474875,0.09635396,-0.09421601,-0.043888226,0.29190993,0.041419115,-0.1601507,-0.025975406,0.053162806,0.068156995,-0.013687865,-0.14744169,-0.23443809,-0.052618723,-0.097887054,-0.38948518,-0.21173969,-0.19195457,0.20562203,-0.058779933,0.01999201,-0.021398716,-0.39045316,0.048223715,0.31339878
-0.9082036,2.6020381,3.2225454,-0.5020407,2.2847972,5.124568,-2.1813946,-0.62421525,0.7453939,2.4124665,2.359495,0.19970417,1.3051221,0.6968849,0.7483189,1.5474927,-0.64187765,1.3422673,2.1180744,-0.6220083,-0.847824,0.22630712,0.378834,-1.679348,0.7569329,1.5372323,0.78332335,1.1001397,0.48820016,1.4262136,-0.5780777,-1.5891874,0.7575917,-0.1269282,-0.30763364,0.9949175,0.4363619,0.29596034,-0.30857268,0.34988254,0.5073623,0.099482015,-0.17112629,1.1090033,-0.69276375,0.015259717,-0.3977673,-0.096833006,-0.08579836,0.2276008,0.21626575,0.059351828,0.39148444,-0.13410953,0.55882317,-0.53980476,0.32051423,-0.13252774,-0.47909185,-0.317563,0.13151151,0.29187086,0.254155,-0.4690595,-0.27139878,-0.05203989,-0.24550366,-0.040698107,0.030804176,0.31138465,-0.0716439,0.12277722,-0.085407235,-0.022518795,0.16487451,-0.012229477,0.047680143,-0.0879797,0.025654845,0.28910658,0.047625225,-0.16257273,-0.056350216,0.049708687,0.08016569,-0.004754127,-0.12703544,-0.2625979,-0.057500698,-0.11291684,-0.39061308,-0.2317863,-0.21830516,0.20106764,-0.080564246,-0.042782236,-0.032622688,-0.37102592,0.03377151,0.31490704
-0.8985454,2.623215,3.0846589,-0.4514796,2.3118825,5.0607915,-2.288215,-0.3876447,0.7363181,2.5275793,2.3366373,0.23541093,1.2648039,0.7644799,0.88694066,1.6053426,-0.6048832,1.288825,2.0632732,-0.6003045,-0.9338781,0.37631717,0.38173324,-1.6409591,0.89146614,1.5091832,0.8367908,1.0726852,0.6364905,1.4217982,-0.60845095,-1.5382048,0.7057511,-0.16829929,-0.27911466,1.0020621,0.4313009,0.2973204,-0.27606964,0.290209,0.46576777,0.08357103,-0.15672201,1.110763,-0.7110167,0.08276123,-0.35451862,-0.0949827,-0.07533548,0.2178837,0.1850519,0.086404465,0.40598732,-0.23090503,0.51004416,-0.51564765,0.34457508,-0.19357488,-0.47592652,-0.3115294,0.10973721,0.29991642,0.20089953,-0.45795542,-0.29180852,-0.09020756,-0.24313316,-0.03695379,0.05929892,0.32522607,-0.041506246,0.10577638,-0.12096355,-2.9531075e-05,0.15760337,-0.04084591,-0.00372341,-0.083219014,0.101480745,0.2819203,0.05209406,-0.16264361,-0.084998816,0.042345442,0.09392098,0.011524393,-0.11113257,-0.27831554,-0.06309665,-0.11816849,-0.38798508,-0.2437211,-0.24578862,0.1900797,-0.09853001,-0.10579327,-0.044273846,-0.34479722,0.018716002,0.31547913
-0.8876581,2.6439133,2.9379425,-0.39956772,2.3371224,4.997815,-2.3864887,-0.13858977,0.7219008,2.6241262,2.3145652,0.27164108,1.2261716,0.8389745,1.0203717,1.6587694,-0.5607359,1.2312603,1.995731,-0.56582904,-1.0104619,0.5383966,0.37989944,-1.5941032,1.00885,1.4701694,0.88155675,1.0315464,0.7816407,1.4085137,-0.6362675,-1.4867353,0.6481519,-0.2056848,-0.25243062,1.0075357,0.40835416,0.3005867,-0.22896484,0.22798398,0.4148173,0.04819531,-0.14226584,1.1029135,-0.71408224,0.15563829,-0.30511978,-0.09019022,-0.06474332,0.21044977,0.14587598,0.10940724,0.41412997,-0.32269147,0.45736313,-0.48578936,0.37035343,-0.2564448,-0.46545717,-0.2969077,0.08788915,0.29981765,0.1465985,-0.43435663,-0.3066027,-0.12641722,-0.23328602,-0.03531592,0.08705258,0.32738197,-0.012742476,0.08196833,-0.14775282,0.030171443,0.14361057,-0.059892472,-0.053884175,-0.08158163,0.17998074,0.27048498,0.054270726,-0.15968941,-0.11146486,0.029816307,0.108302526,0.035033476,-0.10016561,-0.2808021,-0.06964625,-0.114164725,-0.3813457,-0.24739978,-0.27451342,0.17325398,-0.112390555,-0.16723853,-0.057095133,-0.3126532,0.0029259124,0.3145774
-0.87587345,2.6642478,2.7813356,-0.3462674,2.3602,4.935481,-2.476195,0.120113015,0.7031077,2.7018228,2.292445,0.30852687,1.189983,0.91997623,1.1471971,1.7090042,-0.51065636,1.1693923,1.9154495,-0.5206406,-1.076955,0.7108592,0.3741907,-1.5401994,1.1054019,1.4207164,0.91724163,0.97685164,0.9225428,1.3873501,-0.66101253,-1.4343218,0.58603734,-0.23878644,-0.22905925,1.010976,0.36887202,0.30547506,-0.16777126,0.16447698,0.35627338,-0.0051629115,-0.12819906,1.0851998,-0.70317,0.23250595,-0.2509587,-0.08222745,-0.053367294,0.2060619,0.09905968,0.12756845,0.41790196,-0.40651098,0.40190214,-0.44963974,0.39662346,-0.31907913,-0.44754556,-0.27420416,0.06602322,0.29211307,0.09195965,-0.39827022,-0.31544355,-0.15955488,-0.21688578,-0.03598145,0.11243339,0.3169459,0.013936042,0.051898666,-0.16491231,0.06780812,0.123525105,-0.06869072,-0.09851648,-0.08453599,0.2568547,0.25507268,0.05389857,-0.15350299,-0.13581915,0.011410228,0.121955566,0.065024965,-0.09373479,-0.27055508,-0.07712575,-0.102127805,-0.3704427,-0.24319388,-0.3044732,0.15162487,-0.12202763,-0.22507006,-0.07186768,-0.27558342,-0.013828581,0.31130433
-0.86350214,2.684285,2.6139042,-0.29157275,2.3808498,4.873352,-2.5570397,0.38553795,0.6809784,2.760473,2.2694442,0.3463049,1.1569494,1.006989,1.2659333,1.7571621,-0.45584682,1.1031649,1.8227395,-0.46690962,-1.1324911,0.8917299,0.36521012,-1.4810088,1.1778151,1.3614333,0.9435439,0.9089009,1.0578032,1.3598993,-0.6823386,-1.380601,0.52082247,-0.26751384,-0.21013574,1.0117385,0.31480703,0.3115504,-0.09386764,0.10083415,0.29225042,-0.074406974,-0.1150716,1.057738,-0.68003726,0.31160355,-0.19360314,-0.07072087,-0.040404983,0.20512116,0.045669664,0.14023498,0.41949102,-0.47934645,0.34486794,-0.40681052,0.42132622,-0.37946436,-0.4223047,-0.24421221,0.044553056,0.27749777,0.03784419,-0.35071814,-0.31860164,-0.18858384,-0.19539218,-0.038853865,0.13358325,0.29385868,0.037882462,0.016443944,-0.1720716,0.11173375,0.09836641,-0.06722319,-0.13330024,-0.09314988,0.3274985,0.23613843,0.051051866,-0.1444146,-0.15856753,-0.012736225,0.13337696,0.10004293,-0.09070196,-0.24926612,-0.08518728,-0.083927885,-0.35508212,-0.23204145,-0.33544376,0.12654501,-0.1274834,-0.27719045,-0.089207865,-0.23467131,-0.0318054,0.30463174
-0.85079825,2.704056,2.4349508,-0.23548746,2.398872,4.8110447,-2.628455,0.6548091,0.6565052,2.7999642,2.244948,0.38520825,1.1276543,1.0994133,1.3750404,1.8041191,-0.3974331,1.0326571,1.7183204,-0.4067473,-1.1759734,1.0787184,0.35335433,-1.4185345,1.2233263,1.2929988,0.9602856,0.82814854,1.1857508,1.3282963,-0.7001834,-1.3253362,0.45400652,-0.29195854,-0.19636364,1.0088978,0.2486579,0.31820837,-0.009536601,0.038014583,0.22518042,-0.15683497,-0.10350237,1.0210289,-0.64690095,0.3907314,-0.13477024,-0.0552104,-0.02493579,0.20751202,-0.012348678,0.14709435,0.42114186,-0.53832316,0.28750217,-0.35725427,0.441769,-0.4355332,-0.39013848,-0.20790768,0.02428106,0.25694928,-0.014699691,-0.2937732,-0.3169346,-0.21257894,-0.1708242,-0.043449573,0.1484932,0.25880662,0.05858841,-0.023190709,-0.16953689,0.15996572,0.06950467,-0.05625388,-0.1543043,-0.10788483,0.38755322,0.21438862,0.046119522,-0.13325372,-0.18046646,-0.04148435,0.14103597,0.13793167,-0.08945652,-0.2195375,-0.09309874,-0.06197465,-0.33514467,-0.21537875,-0.36688754,0.09951528,-0.1289581,-0.32165647,-0.10938619,-0.19108558,-0.051165167,0.29360896
-0.83794296,2.7235835,2.2440405,-0.17800933,2.4141245,4.7484255,-2.6896834,0.92520916,0.63056064,2.8203049,2.2186477,0.42537522,1.1024956,1.1965433,1.472972,1.8504357,-0.33641657,0.9580588,1.6033444,-0.34203938,-1.206135,1.269227,0.3389026,-1.3549126,1.2398808,1.2161335,0.9674502,0.7351678,1.3045232,1.2950886,-0.71482587,-1.268413,0.38707826,-0.3123139,-0.18801567,1.0013231,0.1733631,0.32470062,0.08215087,-0.023187535,0.1577199,-0.24918497,-0.09416825,0.9758913,-0.60631084,0.46726084,-0.07620993,-0.0351726,-0.005995162,0.21251437,-0.07228782,0.1483168,0.42494664,-0.58092195,0.23098767,-0.30138153,0.45502645,-0.4851735,-0.35173193,-0.16630411,0.006322249,0.23178422,-0.06452992,-0.23029178,-0.31179494,-0.23075168,-0.14558168,-0.048933383,0.1551853,0.2130504,0.075782806,-0.06549654,-0.15835562,0.20986205,0.03856121,-0.03738509,-0.15848687,-0.12846193,0.43346748,0.190849,0.039760407,-0.12119787,-0.20230235,-0.07275372,0.14353454,0.17598878,-0.08827715,-0.18444827,-0.09967961,-0.039016575,-0.3105624,-0.19493087,-0.39789727,0.07200172,-0.12680344,-0.35686484,-0.13221392,-0.14604348,-0.07182766,0.27751273
-0.82504797,2.7428775,2.040963,-0.119126506,2.4265137,4.685642,-2.7399347,1.1942258,0.60386574,2.821597,2.1905382,0.4668061,1.0816466,1.2975781,1.558245,1.8963718,-0.273646,0.87965864,1.4793339,-0.27432743,-1.2216233,1.4603802,0.3221315,-1.2922921,1.2262669,1.1315875,0.96517926,0.63064736,1.4122068,1.2630308,-0.7268542,-1.2098186,0.3214219,-0.32877383,-0.18503189,0.9878235,0.092137635,0.33022168,0.17761225,-0.08204619,0.09259421,-0.3477045,-0.08781057,0.923336,-0.560986,0.5382436,-0.019527953,-0.010039765,0.017309688,0.21880685,-0.13102412,0.1445921,0.43259612,-0.60516953,0.17634389,-0.2401443,0.45844585,-0.52638394,-0.30800852,-0.120336615,-0.008072042,0.20361279,-0.11058949,-0.16344026,-0.3048948,-0.24246693,-0.12209414,-0.054278225,0.15196782,0.15824528,0.08952739,-0.108709686,-0.14021868,0.25839338,0.0072691534,-0.012993022,-0.14414714,-0.15384267,0.4629256,0.16687697,0.03283393,-0.10954539,-0.22469775,-0.10380324,0.13977838,0.21124943,-0.08569106,-0.14707085,-0.103288114,-0.017850153,-0.28128973,-0.17240416,-0.42721874,0.045275465,-0.12150176,-0.3816918,-0.15701345,-0.100746915,-0.093361445,0.25591123
-0.81216204,2.7619288,1.8257656,-0.058821388,2.4359708,4.623019,-2.7785432,1.4595432,0.5770122,2.8040318,2.1608155,0.509374,1.0650553,1.4016343,1.6295092,1.941947,-0.20980439,0.79783577,1.3480691,-0.20473751,-1.2210855,1.649059,0.3034721,-1.2326843,1.1822125,1.0401343,0.95378155,0.5153573,1.5069728,1.2347839,-0.73705184,-1.1496133,0.25823084,-0.3414428,-0.18718809,0.967354,0.008269786,0.33403355,0.27311775,-0.13776106,0.032409742,-0.44826326,-0.08521877,0.8644276,-0.5136215,0.60062623,0.034024816,0.020720791,0.045655645,0.224591,-0.18545647,0.1370544,0.44513738,-0.6098195,0.12434605,-0.17507292,0.4500802,-0.55746645,-0.26007214,-0.07083177,-0.017742174,0.17421769,-0.15207537,-0.096198626,-0.29815817,-0.24726106,-0.10243729,-0.058502965,0.13770422,0.09630313,0.100268446,-0.15088904,-0.117244534,0.30245766,-0.022689527,0.013982891,-0.11119406,-0.18235357,0.47504756,0.14407918,0.02629688,-0.09948254,-0.24797983,-0.13166511,0.12911849,0.24081047,-0.0807373,-0.11006834,-0.1019234,-0.0009909747,-0.24730708,-0.14917769,-0.45335722,0.02030579,-0.11363867,-0.39556918,-0.182668,-0.056298804,-0.11496068,0.228648
-0.7992779,2.780712,1.5988562,0.0029206201,2.442443,4.5610414,-2.8051276,1.7190301,0.5504863,2.7678742,2.1298351,0.55286264,1.0524619,1.5077621,1.6856238,1.9869988,-0.14541666,0.7130973,1.2114865,-0.13395572,-1.2032596,1.8319534,0.28367287,-1.1778096,1.108436,0.94257504,0.9337347,0.39013752,1.5871747,1.2125969,-0.74623966,-1.087902,0.19843787,-0.35029367,-0.19427212,0.9392285,-0.07508107,0.33559757,0.36513248,-0.18932743,-0.02051145,-0.54650104,-0.08717165,0.8001757,-0.46669912,0.65151477,0.0837118,0.057459544,0.07938524,0.22780423,-0.23287831,0.12715062,0.46276474,-0.59452975,0.07551524,-0.108268216,0.42893338,-0.5771506,-0.20915557,-0.018587952,-0.021829398,0.1453994,-0.18850006,-0.031031145,-0.29357496,-0.24486578,-0.08806417,-0.06090556,0.112015754,0.02931009,0.108817115,-0.19001895,-0.09171668,0.3391596,-0.049844943,0.040364143,-0.061146256,-0.21193801,0.47035357,0.12413343,0.021078106,-0.091912545,-0.27214003,-0.15360862,0.1114425,0.26210853,-0.073078446,-0.07548935,-0.093488336,0.009614935,-0.20865276,-0.12611468,-0.4747467,-0.0022751621,-0.10385957,-0.3984876,-0.20772809,-0.013632241,-0.13552848,0.19579487
-0.7863251,2.799224,1.3611878,0.0661056,2.445891,4.500367,-2.8196738,1.9707472,0.52470195,2.7135026,2.0981092,0.59699607,1.0434254,1.6149771,1.7257024,2.0312536,-0.08086853,0.6261483,1.0715996,-0.062287897,-1.1670418,2.0056076,0.26395458,-1.1289543,1.0066597,0.8397433,0.9057168,0.25587943,1.651388,1.1980228,-0.7551193,-1.0248297,0.14267114,-0.35518673,-0.2061996,0.90326625,-0.15503307,0.33467117,0.4505533,-0.23547362,-0.064239055,-0.6379987,-0.09433889,0.73149735,-0.42233163,0.6884248,0.12935692,0.10016279,0.11845019,0.22637953,-0.27118528,0.11650584,0.48468545,-0.5600105,0.030204456,-0.04232864,0.39496619,-0.5845888,-0.15659194,0.0354655,-0.019910911,0.11883436,-0.21963352,0.030194627,-0.29303014,-0.23523535,-0.079725616,-0.06121005,0.07537968,-0.04050112,0.116243586,-0.22412306,-0.06583081,0.36600637,-0.07307975,0.06310829,0.0030965535,-0.24046685,0.45054394,0.10857349,0.017956357,-0.08737443,-0.29686686,-0.16752115,0.0871776,0.27312195,-0.062942035,-0.044784166,-0.0761745,0.012773536,-0.16544825,-0.10355368,-0.48993692,-0.022134822,-0.09281651,-0.39093506,-0.23056018,0.026520085,-0.15385091,0.15763587
-0.7731725,2.817537,1.1144056,0.13072914,2.4462872,4.4419184,-2.8225935,2.2129686,0.500046,2.6414268,2.066285,0.64139575,1.0373467,1.7222899,1.7491299,2.0743108,-0.016421199,0.5379502,0.93046045,0.010246143,-1.1115729,2.1664953,0.24610935,-1.0868434,0.87956136,0.73251384,0.87061614,0.113498926,1.6984531,1.1917348,-0.76415384,-0.960585,0.09124541,-0.35593495,-0.22303343,0.8598343,-0.22905509,0.331346,0.52681506,-0.2746736,-0.09727893,-0.7184618,-0.10718928,0.659221,-0.38215506,0.7094423,0.17126223,0.14832304,0.16245875,0.21847205,-0.29891416,0.10681052,0.5091045,-0.50811714,-0.011261839,0.019812599,0.3489431,-0.5792994,-0.10380504,0.090114586,-0.0120431045,0.09595061,-0.24538617,0.08610708,-0.29806086,-0.21856894,-0.07754068,-0.059589595,0.029127326,-0.11075042,0.12369689,-0.25136834,-0.041472822,0.38100666,-0.091715805,0.079651795,0.07761064,-0.26602542,0.41818646,0.09862532,0.017494615,-0.086051635,-0.3216287,-0.17213854,0.057235543,0.2725196,-0.050929733,-0.01897691,-0.048870824,0.0080889985,-0.11786017,-0.08147238,-0.4977508,-0.039136667,-0.08109443,-0.37379774,-0.24950987,0.06360532,-0.16881073,0.114730775
-0.75965834,2.8358717,0.8608452,0.19677848,2.4436064,4.3869557,-2.8147066,2.4442203,0.47691202,2.5522985,2.0351133,0.68550724,1.0334893,1.8287399,1.7555745,2.1156285,0.047780134,0.44975108,0.790138,0.08376804,-1.0363486,2.3111048,0.2325036,-1.0515702,0.73068196,0.62181115,0.82953095,-0.036080897,1.7275157,1.1935105,-0.77350116,-0.8954267,0.04419207,-0.3523796,-0.24490088,0.8097784,-0.29497388,0.32602024,0.59190685,-0.30523708,-0.11857214,-0.7839081,-0.1259407,0.58412373,-0.34729096,0.71329427,0.21002935,0.20091505,0.21080315,0.20262359,-0.31519246,0.099719174,0.53334916,-0.44180223,-0.048465673,0.075153396,0.2922485,-0.56114644,-0.052298557,0.14379372,0.001263893,0.07781211,-0.265701,0.1356739,-0.309552,-0.19532122,-0.08111803,-0.056572452,-0.024624597,-0.17892443,0.13219789,-0.2701468,-0.02004467,0.38270223,-0.10553494,0.08815652,0.15781097,-0.287096,0.3764026,0.09515279,0.020053204,-0.087832615,-0.34577718,-0.1671049,0.022904787,0.25979057,-0.037766315,0.0011380701,-0.011470569,-0.004108034,-0.06600696,-0.059739653,-0.49737749,-0.053204127,-0.069128305,-0.34825206,-0.26306766,0.09718624,-0.17958611,0.06804718
-0.74561715,2.854642,0.60335875,0.2642271,2.4378247,4.3370867,-2.797215,2.6632903,0.4557525,2.4469273,2.0053737,0.72852176,1.03102,1.933423,1.7449676,2.15452,0.11170179,0.36306494,0.6527009,0.15837449,-0.9413383,2.4360645,0.22595602,-1.0226113,0.5642771,0.50861585,0.78371936,-0.19192664,1.7381161,1.2023655,-0.7830144,-0.82970005,0.0013152356,-0.34445092,-0.27184328,0.7542719,-0.35094923,0.31930733,0.64433885,-0.32546532,-0.12748697,-0.830883,-0.15054742,0.50697464,-0.31835774,0.6993466,0.24632883,0.25647485,0.26280478,0.17786321,-0.31970155,0.09674015,0.5541478,-0.36493048,-0.08084372,0.12097485,0.22676231,-0.5304163,-0.0036237976,0.19465666,0.019094637,0.065030865,-0.2804916,0.17811199,-0.32744727,-0.16619734,-0.08964665,-0.052890543,-0.08309005,-0.2424534,0.14247794,-0.2791326,-0.0023668474,0.370201,-0.114725776,0.08763132,0.23877788,-0.3026197,0.32860467,0.09870189,0.025849935,-0.092383154,-0.36865085,-0.15289849,-0.014274176,0.23535116,-0.024080073,0.014898645,0.03502403,-0.022920894,-0.009874357,-0.038350467,-0.48840097,-0.064202845,-0.057144497,-0.31567279,-0.2700268,0.12686619,-0.18578285,0.019092549
-0.730937,2.874467,0.34498826,0.3330403,2.4289107,4.294151,-2.7716105,2.8692164,0.4371022,2.326228,1.977752,0.7693536,1.0290729,2.0354967,1.717501,2.1902292,0.17540967,0.27956146,0.52020216,0.233928,-0.8271165,2.5382864,0.22949043,-0.9989457,0.38512763,0.393963,0.7345246,-0.35302225,1.7302773,1.2168429,-0.79230165,-0.7638262,-0.03773568,-0.33219442,-0.30363712,0.6946394,-0.39546272,0.3118872,0.68310636,-0.3338573,-0.12382468,-0.85672,-0.18071167,0.42858794,-0.29552895,0.6675844,0.2806784,0.3132413,0.31782708,0.14378837,-0.31269833,0.09907917,0.5680503,-0.28196737,-0.10777365,0.15521978,0.15483524,-0.48796183,0.040695958,0.24077074,0.040172227,0.057733968,-0.28962582,0.21290039,-0.3506009,-0.13213079,-0.10191746,-0.049329236,-0.14295822,-0.2988659,0.15491676,-0.27732563,0.01131598,0.3432598,-0.119770356,0.077943936,0.31555617,-0.3119622,0.27830207,0.10955887,0.034999233,-0.099203415,-0.38965425,-0.13068292,-0.052629765,0.20058022,-0.010274371,0.02184488,0.08862745,-0.04708654,0.050639886,-0.017555017,-0.47078088,-0.07189381,-0.045162965,-0.27756178,-0.26963767,0.15223114,-0.18749067,-0.030038696
-0.71560144,2.8960896,0.088616386,0.4031645,2.416832,4.2599096,-2.739508,3.061195,0.42161214,2.191164,1.9526827,0.80671155,1.026837,2.1341684,1.6735831,2.222044,0.23901102,0.20089895,0.39463878,0.30982387,-0.69494843,2.6151323,0.24600534,-0.9793003,0.19832782,0.2789292,0.683257,-0.5181313,1.7045617,1.2353562,-0.8008416,-0.69824547,-0.073398575,-0.31576797,-0.3396436,0.6321987,-0.42734948,0.30433178,0.7076677,-0.32934144,-0.10783933,-0.85982925,-0.2158818,0.34987262,-0.2786156,0.61861265,0.31326842,0.36928356,0.37526888,0.1006667,-0.29506192,0.10745511,0.571953,-0.19760013,-0.12875664,0.17683034,0.07928784,-0.43532386,0.07929038,0.28039047,0.0629033,0.05561651,-0.29291812,0.23985457,-0.37685713,-0.09424858,-0.11631914,-0.046621844,-0.20058163,-0.34598234,0.16957754,-0.2640913,0.021235697,0.3024279,-0.12131487,0.05978478,0.38345313,-0.31484887,0.22896206,0.12773503,0.04748341,-0.107653834,-0.4082771,-0.10214453,-0.09045933,0.15773149,0.0034948234,0.0219377,0.14669506,-0.075152084,0.11548022,0.0021534087,-0.4448175,-0.075979754,-0.033079498,-0.23549084,-0.26175278,0.17284057,-0.18525869,-0.07677129
-0.69971144,2.920226,-0.16327865,0.4745192,2.4015646,4.2355604,-2.7024035,3.2384293,0.41003966,2.042656,1.9301984,0.8392956,1.023656,2.228652,1.6138287,2.2494347,0.3025642,0.12853503,0.277902,0.38476065,-0.5468345,2.6645966,0.2779265,-0.9624456,0.009068646,0.16462016,0.63109064,-0.68562907,1.6620488,1.2565297,-0.808095,-0.6333143,-0.10613912,-0.29543293,-0.37871796,0.56814164,-0.4458601,0.29694572,0.7179128,-0.31149054,-0.08023903,-0.83994377,-0.25522476,0.27189,-0.26716173,0.55366623,0.34387133,0.42256626,0.43447855,0.049554944,-0.268285,0.12190393,0.56362003,-0.11636029,-0.14367102,0.18593173,0.0033331849,-0.37476298,0.11110046,0.3122041,0.08545327,0.05805087,-0.29011524,0.25917277,-0.40337032,-0.05382976,-0.13087103,-0.0453889,-0.2522091,-0.38207325,0.18627854,-0.23921748,0.027940847,0.24917446,-0.120066926,0.034616444,0.438345,-0.3113264,0.18387671,0.1528474,0.06305467,-0.11697508,-0.42405578,-0.06934687,-0.12610906,0.109698154,0.017256567,0.015827196,0.20633489,-0.1055682,0.18404184,0.020167898,-0.41112962,-0.07622723,-0.020799657,-0.19104815,-0.24694684,0.18826757,-0.18002397,-0.118310705
-0.68348837,2.9473732,-0.40872866,0.5469875,2.3831167,4.2213144,-2.661398,3.399957,0.40319884,1.8815167,1.9098449,0.8660357,1.0190837,2.3181353,1.5390146,2.2721155,0.36596078,0.06359705,0.17173168,0.45663908,-0.3854286,2.685476,0.3269241,-0.9474279,-0.17757271,0.052150853,0.578993,-0.85337365,1.6042193,1.2794187,-0.81358993,-0.56919354,-0.13640136,-0.2715548,-0.41919443,0.5034704,-0.45071536,0.28967112,0.7141147,-0.28066522,-0.042152606,-0.79823315,-0.2975767,0.19590348,-0.26054013,0.4746114,0.3718437,0.47097188,0.49462387,-0.0076262206,-0.23434104,0.14166197,0.54206806,-0.04229354,-0.1529733,0.18383269,-0.06963727,-0.30915725,0.13552566,0.33547604,0.10588054,0.06420045,-0.28088057,0.27139786,-0.42705798,-0.0122639425,-0.14335005,-0.046109974,-0.29425848,-0.40593034,0.20463176,-0.20298742,0.032128997,0.18591374,-0.11675101,0.0046120146,0.4769731,-0.301763,0.14599903,0.18395099,0.08112449,-0.12632331,-0.43650052,-0.034590982,-0.15803042,0.059674397,0.03111014,0.0050301417,0.26479793,-0.1366733,0.25480017,0.035941582,-0.3706533,-0.072618745,-0.008372388,-0.14578296,-0.22656369,0.19818524,-0.17299274,-0.15200172
-0.6672249,2.97763,-0.6462624,0.62041664,2.3615499,4.216165,-2.6169724,3.5445595,0.40182483,1.7084496,1.8907931,0.88635147,1.0128782,2.4017756,1.4500598,2.2900262,0.42883432,0.006856084,0.077619076,0.52268493,-0.2138471,2.6775358,0.39374465,-0.9336579,-0.35683444,-0.057355948,0.52768886,-1.0187092,1.532769,1.3035822,-0.81694984,-0.5057745,-0.16455558,-0.24461149,-0.4589357,0.4389632,-0.44209722,0.2820793,0.69684196,-0.23804143,0.004966123,-0.7372396,-0.34141704,0.12339268,-0.25803736,0.38388702,0.39620316,0.51231205,0.5546146,-0.068148166,-0.19544502,0.16520035,0.5077108,0.021284513,-0.15776202,0.17279314,-0.13636854,-0.24176463,0.15250774,0.35006192,0.122321926,0.07309362,-0.2648152,0.27731717,-0.44506016,0.029002368,-0.15151073,-0.049103282,-0.32360622,-0.41686267,0.22401935,-0.15624279,0.034516558,0.115848064,-0.11211364,-0.027459137,0.4971913,-0.28686762,0.11772996,0.21941786,0.100708984,-0.13483204,-0.4450455,-0.00026574056,-0.18482077,0.0107886335,0.045103975,-0.00808627,0.31975728,-0.16661882,0.3251648,0.04914351,-0.32463932,-0.065474845,0.0039370004,-0.10115434,-0.20265058,0.20245934,-0.16548958,-0.17568661
-0.6512308,3.0106046,-0.8748703,0.69463485,2.337009,4.2180223,-2.568918,3.6708007,0.40639913,1.5240946,1.8720992,0.9002774,1.0049001,2.4787414,1.3480262,2.3031518,0.49050444,-0.04120192,-0.003238678,0.5798303,-0.035355218,2.6416183,0.47815847,-0.92081404,-0.5244558,-0.16277589,0.47768462,-1.1786164,1.4493883,1.328995,-0.81791186,-0.4426882,-0.1908415,-0.21520148,-0.49544248,0.37513494,-0.42056218,0.27344394,0.66684675,-0.18551144,0.059471354,-0.6606238,-0.3848948,0.056023397,-0.2589213,0.28436455,0.41575027,0.54439205,0.61311513,-0.12873468,-0.15378281,0.19045846,0.46220383,0.07191875,-0.15966468,0.15563862,-0.19405855,-0.17588766,0.16251141,0.35631865,0.13319696,0.083662786,-0.24154563,0.27783656,-0.45508063,0.068535686,-0.1533381,-0.05450807,-0.3378497,-0.41467234,0.24354222,-0.100401945,0.035763353,0.042649496,-0.106936075,-0.058436673,0.49813116,-0.26768544,0.10069838,0.2569501,0.12046971,-0.14168645,-0.44906816,0.031325363,-0.20524356,-0.034215696,0.05914078,-0.020543853,0.36944884,-0.19332837,0.3916585,0.05974899,-0.27461794,-0.055510357,0.015656255,-0.05848554,-0.17774177,0.20123066,-0.15877548,-0.18798059
-0.6357628,3.0454435,-1.0939866,0.7694839,2.3097286,4.224204,-2.5163913,3.7772124,0.41694355,1.3291429,1.8530843,0.9084292,0.9949785,2.5482922,1.2341325,2.3113198,0.5499916,-0.08029306,-0.07000214,0.6252316,0.14695874,2.5796876,0.5790169,-0.90866673,-0.67682606,-0.26298416,0.42931312,-1.3299614,1.3556026,1.3558904,-0.81635195,-0.37938508,-0.21531686,-0.18402745,-0.5260012,0.3122001,-0.3869019,0.26286265,0.62495214,-0.12549436,0.119677976,-0.57280886,-0.4259438,-0.0044386312,-0.26248482,0.17913847,0.4292068,0.56516343,0.66863513,-0.18598044,-0.11130538,0.2152201,0.40806267,0.10802705,-0.16057515,0.13532342,-0.24057886,-0.11450546,0.16640976,0.35497004,0.13736552,0.09478183,-0.21086985,0.2738935,-0.4555752,0.10500646,-0.14725202,-0.06227774,-0.33549467,-0.3996599,0.2620067,-0.037407055,0.036452197,-0.029930513,-0.10200968,-0.08505223,0.48025095,-0.2455373,0.09559894,0.2937393,0.13884333,-0.14618872,-0.4479739,0.058138646,-0.21824554,-0.073210716,0.07294642,-0.029155916,0.41270143,-0.21457823,0.45035866,0.06805618,-0.22231632,-0.043807466,0.02617986,-0.018926391,-0.15451667,0.1949611,-0.15385854,-0.18842751
-0.62098813,3.0809648,-1.3035059,0.8448575,2.2800183,4.2320952,-2.4580975,3.8625324,0.43291843,1.1244376,1.8336222,0.9117971,0.9827805,2.609864,1.1097639,2.3140283,0.6060724,-0.110286966,-0.12220618,0.65673804,0.33043867,2.494757,0.69437,-0.8969233,-0.81106746,-0.3568739,0.38278773,-1.4697546,1.252679,1.3845971,-0.8123486,-0.31524798,-0.23782924,-0.15186357,-0.54787624,0.250058,-0.34202203,0.24939059,0.5719936,-0.060710497,0.18396299,-0.47860286,-0.46245408,-0.05625402,-0.26807424,0.07129877,0.43535632,0.5729129,0.7196568,-0.23680705,-0.069640905,0.23750234,0.34820297,0.12880546,-0.1623341,0.11457394,-0.274534,-0.0599757,0.16531546,0.34698457,0.13420454,0.10534829,-0.17291331,0.26640275,-0.4458111,0.13728133,-0.13221228,-0.07218572,-0.31603602,-0.37265733,0.2779909,0.030403314,0.037098996,-0.09840913,-0.098053224,-0.10423232,0.4452753,-0.22190149,0.10214244,0.32672748,0.15421788,-0.1477977,-0.4413099,0.07854379,-0.22299363,-0.10482499,0.08611029,-0.030983826,0.44890788,-0.2282265,0.49742398,0.07463287,-0.16953619,-0.031717736,0.034863316,0.016576244,-0.13541871,0.18443006,-0.15134788,-0.17753592
-0.6069821,3.1158514,-1.5037793,0.92072713,2.2482305,4.239718,-2.3925405,3.925914,0.45321786,0.9110315,1.8142917,0.91144526,0.9677457,2.6631067,0.97646356,2.310388,0.65737724,-0.13122113,-0.1597372,0.6731564,0.51294833,2.3906736,0.8216381,-0.88513714,-0.9250227,-0.4433905,0.3382371,-1.5953234,1.1416428,1.4153944,-0.80623984,-0.24973391,-0.25803304,-0.11951201,-0.55852634,0.18834057,-0.2869086,0.2321648,0.50883764,0.006038489,0.25079867,-0.38286084,-0.49248195,-0.097856544,-0.2750847,-0.03624265,0.43318322,0.5664347,0.7647398,-0.27879786,-0.030115802,0.2558228,0.28556207,0.13406804,-0.16645189,0.095702395,-0.2952021,-0.013864972,0.16040976,0.33348432,0.12360063,0.114412695,-0.12823522,0.25620922,-0.42583877,0.16449091,-0.10773376,-0.08384686,-0.2799336,-0.335061,0.2899867,0.10047333,0.03818006,-0.15981372,-0.095584944,-0.11334908,0.39604175,-0.19827323,0.11912225,0.35288695,0.16510645,-0.14615263,-0.42885333,0.09142918,-0.21894237,-0.1285028,0.09819285,-0.02374758,0.47797042,-0.2325372,0.5295458,0.08019425,-0.118015304,-0.020713136,0.041109808,0.04730105,-0.122319184,0.1706752,-0.15137589,-0.15671676
-0.59375465,3.1488562,-1.6955205,0.9971453,2.214706,4.2460747,-2.3182786,3.967028,0.47630966,0.6902112,1.7962663,0.9082169,0.9491027,2.7078757,0.8358929,2.2992253,0.70252264,-0.14331561,-0.18275732,0.6742666,0.69277686,2.2718153,0.9578108,-0.8726761,-1.0171624,-0.5215707,0.29573053,-1.7043936,1.0233709,1.4484211,-0.7986295,-0.18248667,-0.2754516,-0.08776492,-0.55583316,0.12654069,-0.22269572,0.2105156,0.43648693,0.07205912,0.31870392,-0.29021817,-0.5144392,-0.12797487,-0.28290927,-0.14082924,0.42202282,0.54512656,0.8025964,-0.31031805,0.006164689,0.26927745,0.22287375,0.12409026,-0.17392172,0.08057736,-0.3024153,0.02305746,0.1528083,0.31567296,0.1058894,0.12131424,-0.07785147,0.24401943,-0.39641547,0.18605345,-0.073856436,-0.096748084,-0.22851479,-0.28880668,0.29655722,0.17021945,0.040169425,-0.21182133,-0.09480951,-0.11038103,0.3363093,-0.17603998,0.14453404,0.3694735,0.17029744,-0.14108317,-0.4106515,0.09625713,-0.20591944,-0.14446625,0.108857535,-0.0061358423,0.50021523,-0.22650708,0.5442876,0.08542799,-0.069302976,-0.012196385,0.04445598,0.07277571,-0.11629308,0.15487069,-0.1536052,-0.1281537
-0.58129394,3.1789522,-1.8796575,1.0742326,2.1797376,4.2511964,-2.2341607,3.986039,0.50045335,0.46345913,1.7810917,0.9025643,0.9259415,2.7441766,0.6897748,2.279251,0.7402657,-0.14695203,-0.19157612,0.6606226,0.8684132,2.1427085,1.099671,-0.8586926,-1.0864466,-0.59059983,0.25529468,-1.7950977,0.89873874,1.4835647,-0.7903124,-0.113427565,-0.2895721,-0.05737185,-0.5383238,0.06417673,-0.15079968,0.18407442,0.35622618,0.13491312,0.38613847,-0.20488635,-0.5272349,-0.14574358,-0.29085645,-0.24005741,0.40171334,0.50903374,0.8321402,-0.33044356,0.038247477,0.27747598,0.16257025,0.09951561,-0.18514943,0.0706778,-0.2964711,0.050698504,0.14348514,0.29476142,0.08177201,0.12575524,-0.023166187,0.23033348,-0.35887,0.20165408,-0.031114507,-0.11029391,-0.16384885,-0.23627535,0.29644418,0.23718584,0.04357802,-0.25285178,-0.09556477,-0.09400385,0.2705453,-0.15640815,0.17569198,0.37424335,0.16897362,-0.13261615,-0.38701397,0.093056954,-0.18421017,-0.15357527,0.11798305,0.02199891,0.51625824,-0.21010454,0.5403944,0.09078633,-0.024668416,-0.0072898353,0.044681035,0.09281406,-0.11750127,0.13815147,-0.15728775,-0.09464898
-0.5696076,3.2054112,-2.0571287,1.1521462,2.1435356,4.255934,-2.1394644,3.9835122,0.5239339,0.232406,1.7703831,0.8945068,0.8973132,2.772094,0.53982985,2.2492733,0.7696526,-0.14259382,-0.18655246,0.63325274,1.0382595,2.007703,1.2440346,-0.84206456,-1.1321944,-0.64983433,0.21692546,-1.8659419,0.7688012,1.5203729,-0.7821313,-0.042782735,-0.29994404,-0.029000025,-0.5053559,0.0009483944,-0.07304961,0.15286987,0.26975408,0.1925453,0.45138982,-0.13050203,-0.53035855,-0.15079528,-0.2980478,-0.33173478,0.3727421,0.45883688,0.8525242,-0.33878475,0.06530498,0.280406,0.10672872,0.061361827,-0.19998431,0.06716089,-0.27808774,0.069447175,0.13325487,0.27187386,0.052215803,0.12777378,0.034163542,0.21541126,-0.3149148,0.21119593,0.019482551,-0.12386807,-0.08861387,-0.18015434,0.2885988,0.2991357,0.048973493,-0.28213936,-0.0973604,-0.06365778,0.20368628,-0.14036395,0.20934933,0.36565882,0.16080327,-0.12097148,-0.35848364,0.082376696,-0.1546103,-0.1571002,0.12568134,0.059557762,0.5268115,-0.18436755,0.5181154,0.09629212,0.014959024,-0.0066314274,0.0419408,0.10755907,-0.1251423,0.12140961,-0.16134873,-0.059468675
-0.5587511,3.2278035,-2.2287052,1.2310475,2.1062243,4.2615867,-2.0338726,3.9602158,0.5452461,-0.0012367927,1.7655442,0.8836877,0.86230844,2.7917233,0.3877261,2.208316,0.7901195,-0.13067523,-0.16798428,0.5933473,1.2003874,1.8707374,1.3879675,-0.82135,-1.1540039,-0.69881934,0.18060268,-1.91578,0.63495266,1.5579648,-0.77481186,0.028957175,-0.30626798,-0.003191602,-0.45722532,-0.06316801,0.008249677,0.11739478,0.1792523,0.24337555,0.5124887,-0.07001009,-0.52388436,-0.14333287,-0.30335677,-0.41386113,0.33635062,0.39584753,0.8631653,-0.33531642,0.08665886,0.27831784,0.057022948,0.011099152,-0.21783166,0.07090445,-0.2483823,0.079976454,0.12279156,0.24794725,0.018338224,0.12764397,0.0923978,0.19931634,-0.2664285,0.21474461,0.076474465,-0.13690309,-0.005941938,-0.123298995,0.27217016,0.35408157,0.05693548,-0.2997491,-0.099476315,-0.01961815,0.14083749,-0.12863323,0.24189033,0.3430895,0.14600432,-0.10654347,-0.32579792,0.065209575,-0.11844047,-0.15646826,0.13220531,0.104250684,0.53245956,-0.15134299,0.47949216,0.10141015,0.049014777,-0.010229127,0.03687952,0.11750295,-0.1374526,0.105115324,-0.16447207,-0.026177239
-0.54884887,3.2459304,-2.3948624,1.3110658,2.0678492,4.269495,-1.9173193,3.9169877,0.56324816,-0.23573045,1.7675636,0.8695119,0.8201089,2.8031194,0.23505488,2.155644,0.8015293,-0.111498,-0.13608468,0.54201674,1.3524163,1.7352316,1.5289555,-0.79475915,-1.1517264,-0.7372754,0.14630763,-1.9437621,0.4990246,1.5949826,-0.76882756,0.10114513,-0.30846536,0.019683886,-0.3951715,-0.12787823,0.09035756,0.078615814,0.08735623,0.28634754,0.5672172,-0.025571609,-0.5083967,-0.124149434,-0.3054263,-0.48464945,0.29455346,0.32195008,0.8637601,-0.32026142,0.10184749,0.2716421,0.014662642,-0.04924143,-0.23780471,0.08251555,-0.20882234,0.08307871,0.11266705,0.22364517,-0.01872805,0.12575571,0.14987952,0.182016,-0.21524541,0.21248192,0.13800539,-0.14893518,0.080774665,-0.06861144,0.24650341,0.40027773,0.067948096,-0.30649894,-0.101082064,0.03695335,0.0868801,-0.12160159,0.26967248,0.3069832,0.12536612,-0.08986388,-0.2898331,0.042893283,-0.07750541,-0.15305288,0.13777745,0.152823,0.53346825,-0.11388479,0.4284232,0.10503997,0.07728724,-0.017419424,0.030654142,0.123441525,-0.15176064,0.0892217,-0.16519815,0.0015619579
-0.5400932,3.2597442,-2.5557091,1.3922703,2.0283947,4.280678,-1.7897649,3.8545525,0.5772102,-0.4693417,1.7768896,0.8512681,0.7699899,2.8062909,0.08333612,2.0906773,0.80412275,-0.08514969,-0.09097862,0.48014677,1.4915913,1.6041015,1.6650063,-0.7602212,-1.1255012,-0.7650702,0.11406128,-1.9493074,0.36327073,1.6296085,-0.7643094,0.17311327,-0.3067111,0.03944682,-0.32124722,-0.19256672,0.1702409,0.037907552,-0.002970374,0.32093072,0.6132205,0.0015130993,-0.48485488,-0.094590984,-0.30279717,-0.542602,0.2500323,0.23948894,0.8543013,-0.2940567,0.11071908,0.26091942,-0.019632991,-0.11699622,-0.2589004,0.10230957,-0.16115259,0.079537794,0.10338721,0.1993072,-0.057964146,0.12251815,0.20515265,0.16351387,-0.16298608,0.20467705,0.20194316,-0.15962158,0.16811614,-0.018909369,0.21117899,0.43621308,0.08226002,-0.30376357,-0.10132968,0.10401126,0.045989912,-0.11920558,0.28949568,0.25895408,0.10022097,-0.0715558,-0.251541,0.016973652,-0.034003872,-0.14805144,0.1424414,0.20146336,0.5296869,-0.07533467,0.37036008,0.10564829,0.09986435,-0.02694586,0.024833476,0.12635684,-0.16465998,0.07320538,-0.1620585,0.020251472
-0.53272605,3.2692668,-2.7110004,1.4746573,1.9878031,4.295614,-1.6509477,3.7734826,0.58683336,-0.7003595,1.7934408,0.8282666,0.7113184,2.801227,-0.06595828,2.0128489,0.7984316,-0.051457733,-0.03275323,0.40832734,1.6150324,1.4798548,1.7946514,-0.7155114,-1.0758032,-0.7821943,0.08395343,-1.9320539,0.23024021,1.6596806,-0.76102614,0.24430458,-0.30143917,0.056086127,-0.23806919,-0.25633165,0.24480136,-0.0030752593,-0.08865354,0.34706578,0.648206,0.010852253,-0.45442668,-0.05643504,-0.29412168,-0.5866288,0.20590045,0.15109082,0.83509195,-0.2573771,0.11352081,0.24671955,-0.045607563,-0.18886873,-0.2801786,0.13025476,-0.10731296,0.07001352,0.09541051,0.17494805,-0.09855026,0.11829555,0.25700217,0.14394276,-0.1109656,0.19167288,0.26604408,-0.16870235,0.25288007,0.0232571,0.16607939,0.4606414,0.09978206,-0.29323578,-0.09941647,0.1787124,0.021148104,-0.120838076,0.2990733,0.20173603,0.07236072,-0.052284636,-0.21187167,-0.010977232,0.009613361,-0.14243774,0.14602827,0.2463323,0.5205807,-0.039119545,0.31161806,0.10151513,0.11704233,-0.03713722,0.021191651,0.12725338,-0.17234483,0.056250136,-0.15375647,0.026891645
-0.52701354,3.274551,-2.8602328,1.558145,1.945999,4.3142104,-1.5002366,3.6741972,0.5922071,-0.9270931,1.8167043,0.79994357,0.6435505,2.7879503,-0.2113775,1.9214921,0.7851657,-0.009975463,0.03848189,0.32682765,1.7200494,1.364696,1.9168671,-0.65846527,-1.0034909,-0.78873706,0.05615749,-1.89184,0.102593794,1.6828983,-0.7584331,0.31434035,-0.29330075,0.06970088,-0.14850795,-0.31806466,0.31112084,-0.042564187,-0.16675264,0.36506158,0.67017746,0.0029541906,-0.41836086,-0.0117154345,-0.278411,-0.6161535,0.16537952,0.059489172,0.8067491,-0.21119711,0.110950045,0.2295485,-0.06336345,-0.26102662,-0.30091536,0.16588636,-0.049377352,0.054948553,0.08913756,0.15031071,-0.13986935,0.11338134,0.30443275,0.12357843,-0.060190015,0.17388862,0.32811385,-0.1759177,0.33228198,0.055839192,0.111463025,0.472665,0.12005734,-0.2767502,-0.09462846,0.25758612,0.013762775,-0.12532687,0.29733568,0.13895792,0.043902647,-0.032711282,-0.17170201,-0.039551266,0.050838094,-0.13694726,0.14828913,0.2840716,0.5053758,-0.008337747,0.2584531,0.0910158,0.12922351,-0.046146397,0.021450566,0.12700148,-0.1711002,0.037512165,-0.13937777,0.019362446
-0.5231979,3.275685,-3.0027997,1.6425799,1.9029019,4.3359027,-1.3366324,3.5570538,0.5937345,-1.1478691,1.8458853,0.7659628,0.5662641,2.766577,-0.35146976,1.8158755,0.76510257,0.0399476,0.122492135,0.23563568,1.804386,1.2606065,2.030936,-0.58720726,-0.9098205,-0.78487897,0.030906327,-1.828709,-0.017080653,1.6970557,-0.75579023,0.38299894,-0.2830945,0.08043066,-0.055420004,-0.37656486,0.36666715,-0.078845784,-0.23468071,0.37547687,0.67762506,-0.020861471,-0.37793818,0.037480153,-0.25522256,-0.6311871,0.1314725,-0.032618422,0.77016515,-0.15684445,0.10412331,0.20978107,-0.073203295,-0.32928815,-0.3206901,0.20821236,0.010490783,0.034566447,0.08487762,0.12497116,-0.18141675,0.10802725,0.34660673,0.10276045,-0.01146186,0.15183637,0.38609496,-0.1809042,0.4040676,0.07751273,0.048030064,0.4718727,0.14229971,-0.25624782,-0.08638289,0.3367617,0.023524288,-0.13101955,0.28445575,0.07474631,0.017104473,-0.01344247,-0.1317809,-0.0676431,0.087341346,-0.13206063,0.14912583,0.31214187,0.48327342,0.014582459,0.2161445,0.07285841,0.13684595,-0.05222019,0.027015157,0.12623574,-0.1578868,0.01638056,-0.11856783,-0.0031920788
-0.5214635,3.2728214,-3.138163,1.727757,1.858437,4.3598895,-1.1589179,3.4224558,0.59204197,-1.3610234,1.8801093,0.7262671,0.47921672,2.737363,-0.48477086,1.6953883,0.7389808,0.09902948,0.21881154,0.13453932,1.8663366,1.1693759,2.136303,-0.50036126,-0.7964527,-0.7708982,0.008430585,-1.7429503,-0.12638487,1.7002608,-0.75232434,0.45013416,-0.27168363,0.08840974,0.038497318,-0.430677,0.4094089,-0.11039529,-0.2903249,0.37900916,0.66962785,-0.058623634,-0.33450478,0.089168586,-0.22473082,-0.63231665,0.10672963,-0.12260161,0.7264104,-0.09603891,0.094442725,0.18766896,-0.075505614,-0.389364,-0.3393637,0.2556309,0.07008613,0.009025022,0.0828001,0.09847076,-0.22264893,0.10254252,0.38277897,0.081776425,0.034416743,0.1261558,0.43805683,-0.18312292,0.4665307,0.087810226,-0.023006339,0.4584823,0.16546614,-0.23385738,-0.07427938,0.41221195,0.04853921,-0.13596784,0.26163724,0.013207773,-0.0058662044,0.005024733,-0.092697166,-0.09449846,0.117225155,-0.12800041,0.14880474,0.32892042,0.45367938,0.028083581,0.18828066,0.04624678,0.14037736,-0.05398512,0.03871836,0.1253258,-0.13090622,-0.0073454706,-0.09162284,-0.040063616
-0.5218972,3.2662175,-3.2659185,1.8134354,1.8125417,4.3853564,-0.9659293,3.2709665,0.58788955,-1.5649065,1.918597,0.68111044,0.3824083,2.7007267,-0.6097992,1.5598207,0.7074155,0.16786686,0.32661778,0.023281202,1.9047635,1.0925858,2.2324793,-0.3971954,-0.66543317,-0.74715614,-0.011117458,-1.6351732,-0.22317776,1.6910572,-0.7473798,0.5155814,-0.2599162,0.093763396,0.13069324,-0.47942203,0.43785456,-0.13595437,-0.33208752,0.37644362,0.6458627,-0.10789847,-0.28955027,0.14155397,-0.18765983,-0.62063926,0.09314825,-0.20783655,0.6765985,-0.030888751,0.083382346,0.16345221,-0.07070239,-0.43712208,-0.35696018,0.30588883,0.1272305,-0.021271758,0.08290559,0.0704489,-0.262834,0.09743471,0.4122496,0.060787734,0.076396964,0.09766315,0.48211136,-0.18186091,0.51846415,0.08711148,-0.0998396,0.43342903,0.18831317,-0.21199368,-0.0581602,0.47998726,0.08566572,-0.13816284,0.2307913,-0.04210771,-0.023183677,0.022359328,-0.05488062,-0.11966651,0.13925283,-0.12476013,0.14801301,0.33361092,0.41640317,0.03152884,0.17634961,0.010979627,0.14037073,-0.050727934,0.056586217,0.1244068,-0.09003893,-0.033384565,-0.059472892,-0.08886256
-0.5244671,3.2562616,-3.3857744,1.8993565,1.7651697,4.4116364,-0.75683707,3.103378,0.5820856,-1.7578995,1.9607577,0.6310625,0.27612817,2.6572456,-0.72505766,1.4096414,0.67083836,0.24673378,0.4446469,-0.09823272,1.9190798,1.0315526,2.3189807,-0.2776668,-0.5191734,-0.71410304,-0.027729996,-1.5063871,-0.30561456,1.6684477,-0.7405194,0.5791063,-0.2485658,0.09663847,0.21864006,-0.52207476,0.45103893,-0.15455794,-0.35886082,0.36866188,0.6065554,-0.16594994,-0.244764,0.19302896,-0.1451332,-0.59764755,0.092195794,-0.28560007,0.6217547,0.0361526,0.07223634,0.13755131,-0.059388217,-0.46882185,-0.37348408,0.3561216,0.17984319,-0.0552976,0.085033946,0.04074288,-0.3009658,0.093530186,0.43434978,0.039838154,0.11296635,0.067396104,0.51632655,-0.17632082,0.55908144,0.076517016,-0.18000835,0.39833957,0.20942548,-0.1933558,-0.038167283,0.5364163,0.13095002,-0.13576695,0.19424956,-0.088635646,-0.033591423,0.03843777,-0.018625382,-0.14289151,0.15300876,-0.12217852,0.14772165,0.3260789,0.37179005,0.02514163,0.17965274,-0.03247867,0.13754153,-0.042618904,0.07966417,0.12343957,-0.03705851,-0.06098168,-0.023578381,-0.1456502
-0.52901936,3.2434685,-3.4974256,1.9852611,1.716288,4.438303,-0.531396,2.9207215,0.57543683,-1.9384294,2.006238,0.5769513,0.16098379,2.6076107,-0.82906204,1.246191,0.6295117,0.33542532,0.5711894,-0.2297309,1.909241,0.9872482,2.395297,-0.14238349,-0.36041796,-0.67226154,-0.041579597,-1.3580583,-0.3721891,1.631843,-0.731557,0.64040816,-0.23829016,0.09723492,0.29971617,-0.558173,0.44850245,-0.165516,-0.36999154,0.35670096,0.55241776,-0.22982755,-0.20201874,0.24211848,-0.09849486,-0.5651236,0.1048758,-0.35302562,0.5627387,0.10239372,0.061926078,0.11075299,-0.0424855,-0.48131987,-0.38876995,0.40300846,0.22600302,-0.09113647,0.088912256,0.009433845,-0.33577698,0.09199425,0.4484606,0.018921865,0.14206481,0.036620684,0.538689,-0.1657715,0.5879406,0.05765819,-0.26040462,0.35538784,0.22723305,-0.18077537,-0.014780039,0.5782791,0.180053,-0.12729491,0.15456311,-0.12501408,-0.0365347,0.053348355,0.015856504,-0.16398025,0.15895884,-0.120018795,0.14891478,0.3067352,0.32076883,0.00989319,0.19553475,-0.082960956,0.13280334,-0.030795708,0.105983555,0.12226689,0.024445765,-0.088958986,0.014216298,-0.20532663
-0.5352957,3.228463,-3.6003773,2.0708778,1.6658909,4.4650974,-0.29013592,2.7242215,0.5687119,-2.1049738,2.0548372,0.51980066,0.037886806,2.552569,-0.92039555,1.0717309,0.58359474,0.43315452,0.70419097,-0.37040916,1.8757839,0.9601842,2.4608185,0.007517252,-0.19220279,-0.62223583,-0.053020254,-1.1921427,-0.42180356,1.5809934,-0.72051346,0.69914466,-0.22959551,0.09580385,0.37117693,-0.5874362,0.43027994,-0.16837801,-0.36526605,0.34180278,0.48461023,-0.2963895,-0.16326472,0.28743,-0.04916483,-0.5250405,0.1317581,-0.40719286,0.50025797,0.16506849,0.05289842,0.08431288,-0.021351244,-0.4722542,-0.40239638,0.44306427,0.2639826,-0.12597188,0.094216965,-0.023159703,-0.3658441,0.09421438,0.45405504,-0.0019443282,0.16121112,0.006783049,0.5471642,-0.14970534,0.60489124,0.032521423,-0.33740819,0.30707183,0.24006504,-0.17693229,0.011193378,0.602968,0.22863656,-0.1117237,0.11436885,-0.15103623,-0.03215066,0.06734411,0.048357233,-0.1826669,0.15839154,-0.1180203,0.15230276,0.27649543,0.26480862,-0.012622211,0.21991403,-0.13861763,0.12722792,-0.017246034,0.13273448,0.120651275,0.08948325,-0.115797,0.051848795,-0.26224202
-0.5429696,3.2119188,-3.6938004,2.1559374,1.6139818,4.4918694,-0.034497537,2.5152264,0.56262183,-2.2560892,2.1063933,0.460701,-0.091956615,2.4928324,-0.99779516,0.8894001,0.5332712,0.5385166,0.8414149,-0.51882994,1.819846,0.9502919,2.5147357,0.17051814,-0.017810758,-0.56472135,-0.06257761,-1.011083,-0.45384914,1.5159612,-0.70754063,0.75493,-0.22280522,0.09259839,0.43029827,-0.60964274,0.39691487,-0.1629063,-0.34493193,0.3254128,0.40474954,-0.36228904,-0.13037008,0.32764634,0.0014502691,-0.47948065,0.17290363,-0.44537902,0.43496636,0.2215675,0.045159366,0.059910428,0.002267543,-0.44024858,-0.41367227,0.47306448,0.29227906,-0.15638289,0.10062199,-0.056530334,-0.38975123,0.10155912,0.4507379,-0.022697078,0.16783667,-0.020598322,0.53986514,-0.12794554,0.61005783,0.0033269639,-0.40715808,0.2559808,0.24629015,-0.18400106,0.038683057,0.6086582,0.272692,-0.088540524,0.076278016,-0.16737656,-0.021119837,0.08075018,0.078602865,-0.1985262,0.15324973,-0.11591175,0.15813966,0.23679042,0.20578884,-0.040312525,0.24802585,-0.19702639,0.12192684,-0.0044870647,0.15663935,0.11829454,0.15233868,-0.13974248,0.08720761,-0.31091857
-0.5516838,3.1945152,-3.7763774,2.240155,1.560596,4.5184474,0.2330836,2.295161,0.5577854,-2.390391,2.1606355,0.40072376,-0.22707184,2.4290142,-1.0602411,0.70315266,0.47886622,0.6494838,0.9805994,-0.6728631,1.7431432,0.9568044,2.5559003,0.3448575,0.15926339,-0.5005334,-0.0709378,-0.8178089,-0.46827585,1.4371543,-0.6928139,0.80730647,-0.21801929,0.08778704,0.47465456,-0.6245112,0.34947994,-0.14908175,-0.30973852,0.30910134,0.31494936,-0.42399645,-0.10494537,0.36158386,0.051983148,-0.430589,0.22769976,-0.46540475,0.36761534,0.2696985,0.038403958,0.03946663,0.026423577,-0.38514328,-0.42167494,0.49049765,0.30966517,-0.17885572,0.107819974,-0.09004309,-0.40626493,0.11509545,0.4382841,-0.043273147,0.15976678,-0.044070903,0.51530087,-0.1006688,0.6038803,-0.027532477,-0.46593106,0.20459923,0.24453235,-0.20331079,0.06647091,0.5945075,0.30879253,-0.057748724,0.04276761,-0.17521735,-0.004452114,0.09385862,0.10622962,-0.21096134,0.14587592,-0.11341656,0.16620106,0.18956889,0.14578596,-0.070706084,0.27519286,-0.25537553,0.11788115,0.004871159,0.17442466,0.114844784,0.20735678,-0.15894838,0.118293725,-0.34674653
-0.56107223,3.1768596,-3.8461645,2.32324,1.5057957,4.544556,0.50916785,2.065453,0.55466795,-2.506563,2.2170813,0.34087807,-0.36571074,2.3615875,-1.1070203,0.51777554,0.42090422,0.76339644,1.1194935,-0.829615,1.6479286,0.9782138,2.5827556,0.5285642,0.33533227,-0.43062276,-0.07895022,-0.6157858,-0.46561807,1.3454201,-0.6764674,0.8557417,-0.21508518,0.081355944,0.50247735,-0.63164544,0.28961584,-0.12714122,-0.26100206,0.294426,0.2178712,-0.47787774,-0.08818515,0.38828376,0.10108021,-0.38058054,0.29465047,-0.46597406,0.29919758,0.30792117,0.032209482,0.02489293,0.049216826,-0.3082224,-0.4253424,0.49396056,0.31527308,-0.19034553,0.115527526,-0.12298646,-0.41448367,0.13535163,0.4166879,-0.06369933,0.1357034,-0.06238024,0.47266495,-0.068342015,0.5872155,-0.05752598,-0.5105484,0.15516418,0.23391175,-0.23505661,0.0933083,0.5608842,0.3342421,-0.019850966,0.016080368,-0.17593743,0.016701784,0.10685195,0.13086489,-0.21932313,0.13870353,-0.11028917,0.17591074,0.13726406,0.08679665,-0.10105251,0.29739255,-0.31069863,0.115750626,0.008554856,0.18325584,0.10989865,0.24963179,-0.17163865,0.14335492,-0.36650532
-0.57075083,3.1594384,-3.9004273,2.4049003,1.4496936,4.5698094,0.7894234,1.8275452,0.5535139,-2.6033485,2.2750318,0.2821493,-0.5058391,2.2909,-1.1377487,0.33898327,0.3600685,0.87695307,1.2557541,-0.9853275,1.536876,1.0123289,2.5933597,0.71940404,0.5065272,-0.3560807,-0.08763982,-0.40911147,-0.44695237,1.2421536,-0.6585672,0.89968526,-0.21358734,0.07304944,0.51300234,-0.6305953,0.21957639,-0.09765191,-0.20069961,0.28276807,0.11674942,-0.520357,-0.08073344,0.40710786,0.14732528,-0.331802,0.3712116,-0.44690362,0.23102814,0.3354802,0.026240114,0.017853018,0.06897019,-0.21236503,-0.42362472,0.48335975,0.30869707,-0.1887311,0.12350598,-0.15460315,-0.41395292,0.16217174,0.38623106,-0.08416499,0.09561007,-0.07456489,0.41209987,-0.03160882,0.56146395,-0.08402858,-0.53874654,0.10954671,0.21423115,-0.2780964,0.118004404,0.50957394,0.34711617,0.02416959,-0.0018532872,-0.17096058,0.041137826,0.119787574,0.15229645,-0.22313106,0.13392177,-0.106391504,0.18653327,0.082725726,0.030443301,-0.1284186,0.31152233,-0.36010945,0.11570498,0.0049440106,0.18104227,0.10301211,0.27550653,-0.17629965,0.16099331,-0.36866185
-0.5802835,3.1425807,-3.9354372,2.484864,1.3924717,4.5937834,1.0688785,1.5829148,0.5542673,-2.6795697,2.333664,0.22559905,-0.64514333,2.2172441,-1.1523451,0.17353925,0.29708937,0.98622054,1.3867213,-1.1353036,1.4129715,1.0564519,2.585535,0.9147283,0.6688335,-0.2781168,-0.09821096,-0.20264095,-0.41379437,1.1293797,-0.639133,0.9387173,-0.21286088,0.062365983,0.5067268,-0.6210302,0.14228427,-0.061584342,-0.13156492,0.27517873,0.015370486,-0.54815936,-0.08258001,0.41780162,0.18915176,-0.28683603,0.45371538,-0.40920472,0.16475984,0.352404,0.02041452,0.019592825,0.084272854,-0.10202696,-0.41569746,0.45988888,0.29007813,-0.17311439,0.13161224,-0.1840985,-0.40474096,0.19465555,0.34753966,-0.10498952,0.04089739,-0.07999786,0.33491027,0.008823419,0.52866226,-0.104420535,-0.5494561,0.069137596,0.18607564,-0.32984525,0.13947923,0.4438759,0.34623557,0.07289162,-0.009487424,-0.16175033,0.06759591,0.1326417,0.17067166,-0.22233814,0.13315326,-0.101784736,0.1973342,0.029126108,-0.022250997,-0.14981858,0.31543738,-0.4010129,0.11732523,-0.006753356,0.16661711,0.09374264,0.28290018,-0.17188801,0.17027259,-0.35347936
-0.5891217,3.1264763,-3.9463189,2.5629127,1.3343993,4.6162033,1.3422761,1.3331416,0.5565386,-2.734166,2.3922336,0.1724714,-0.78104854,2.1409593,-1.1509786,0.029249161,0.23262414,1.0867503,1.5092219,-1.2739301,1.2793993,1.1076216,2.5571156,1.1113578,0.8181751,-0.1980194,-0.11203646,-0.0020355918,-0.3679343,1.0097775,-0.61819524,0.97273374,-0.21202785,0.048629392,0.48555,-0.60297656,0.061346382,-0.020358445,-0.05714149,0.27225694,-0.08202897,-0.55859643,-0.09299283,0.42051932,0.22479051,-0.24857256,0.53742194,-0.35501647,0.102334015,0.3593681,0.014977094,0.030845005,0.093932465,0.017000414,-0.40118447,0.42580003,0.26016232,-0.14396131,0.1398719,-0.2106292,-0.38747403,0.23115194,0.30158055,-0.12644112,-0.025593003,-0.0783874,0.24369349,0.052254822,0.4914677,-0.11626316,-0.54296076,0.034740664,0.15082258,-0.38630617,0.15680139,0.36847773,0.33112866,0.12452117,-0.005755889,-0.14984868,0.09472007,0.1453922,0.18662375,-0.21753213,0.13719876,-0.09678068,0.20764534,-0.02016796,-0.07094175,-0.16244103,0.30796504,-0.43127754,0.119612165,-0.026437547,0.13985738,0.08174369,0.27154642,-0.15804763,0.17083997,-0.3230187
-0.59655845,3.1112297,-3.9270816,2.638927,1.275836,4.6371655,1.6044178,1.0799811,0.5595875,-2.76623,2.4503095,0.124291,-0.91081524,2.0625312,-1.1340151,-0.08529705,0.16718754,1.1738324,1.6195225,-1.3948857,1.1394801,1.1628529,2.506194,1.3055823,0.95057094,-0.11710907,-0.1305854,0.18635248,-0.31127527,0.8866089,-0.59583557,1.0020751,-0.21005939,0.031114642,0.4527269,-0.5770304,-0.019037362,0.024173832,0.018298918,0.27408418,-0.17096701,-0.54987764,-0.11052344,0.4158195,0.25231355,-0.22015311,0.6167089,-0.28745025,0.04587569,0.35750282,0.010448302,0.051762808,0.096931174,0.1380716,-0.38034254,0.38403475,0.22033213,-0.10312658,0.14854616,-0.23328164,-0.3633186,0.26931083,0.24955021,-0.14843242,-0.09980076,-0.069756486,0.14234617,0.09800025,0.45299533,-0.117552646,-0.52090037,0.0065086917,0.11056424,-0.4422881,0.16923474,0.2890694,0.30203998,0.17700024,0.009782846,-0.13686188,0.12104594,0.15810151,0.20125087,-0.20999478,0.1458949,-0.09191066,0.21683456,-0.061784282,-0.11588001,-0.16400406,0.28904465,-0.4493776,0.12112893,-0.05312103,0.10178962,0.066902794,0.24314946,-0.13529755,0.16304988,-0.28104582
-0.6017221,3.096924,-3.8709726,2.7129147,1.2172173,4.657322,1.8504298,0.82541144,0.5623834,-2.775062,2.5079913,0.082846284,-1.031718,1.9826596,-1.1019628,-0.1613425,0.10116787,1.2429078,1.7135264,-1.4915991,0.99666244,1.2193284,2.4313443,1.4933385,1.0623279,-0.03667669,-0.15529919,0.35584956,-0.2457081,0.7635375,-0.5722022,1.0275229,-0.20587176,0.009202886,0.4126203,-0.5444506,-0.094340965,0.06981334,0.090040855,0.28020358,-0.24704692,-0.5213816,-0.1330902,0.40463927,0.26978967,-0.20473295,0.6854238,-0.21039341,-0.002478905,0.34821677,0.007426983,0.08186384,0.09248352,0.25434357,-0.35413182,0.33782876,0.17262669,-0.053749695,0.15815148,-0.25106436,-0.3338993,0.30622333,0.19269314,-0.17020737,-0.17683208,-0.054423563,0.03588642,0.14535192,0.41651204,-0.10701184,-0.48608866,-0.01602848,0.06793103,-0.49184346,0.17630292,0.21172026,0.25999779,0.2281441,0.03675757,-0.1243696,0.14504007,0.17097212,0.21593235,-0.20155062,0.15813035,-0.08780707,0.22423238,-0.092626,-0.15770692,-0.15317155,0.25995094,-0.454514,0.120253384,-0.0849906,0.054645423,0.049470022,0.20135945,-0.10512033,0.1480223,-0.23277117
-0.6036439,3.083669,-3.7714012,2.7850068,1.1589984,4.677855,2.075994,0.57160497,0.563732,-2.760188,2.565911,0.050045073,-1.1413044,1.9022377,-1.0554211,-0.19101167,0.03491634,1.2901013,1.7872525,-1.5579596,0.8545334,1.2745125,2.3317995,1.6705649,1.1502331,0.042072743,-0.18738836,0.5000936,-0.17305103,0.64430386,-0.54750305,1.0501643,-0.19846614,-0.017475393,0.3701937,-0.50707483,-0.16017868,0.11418103,0.15341032,0.289671,-0.30639973,-0.4738181,-0.15815222,0.38825485,0.27554306,-0.20505089,0.73743844,-0.12826084,-0.040826134,0.33308834,0.0063344366,0.11999658,0.08017915,0.35950086,-0.3241534,0.29037505,0.11970286,2.559973e-05,0.16940425,-0.2629469,-0.30114162,0.33869624,0.1321299,-0.19018255,-0.25149664,-0.032992676,-0.069975786,0.19353418,0.3850346,-0.08435943,-0.44214085,-0.0338282,0.025776677,-0.528919,0.17786975,0.1421575,0.20693803,0.27579486,0.07380174,-0.11381354,0.16517147,0.18434209,0.23202157,-0.19420801,0.17203593,-0.08503888,0.22907792,-0.11025093,-0.19721428,-0.12989242,0.22340241,-0.44669437,0.11549338,-0.1195719,0.0017515672,0.03011253,0.15141767,-0.06986405,0.12755105,-0.18429302
-0.60142946,3.0716107,-3.6233392,2.8553994,1.1015639,4.7002616,2.277651,0.32083586,0.5624831,-2.7213764,2.6250074,0.027544975,-1.2377414,1.8222499,-0.9950572,-0.16874984,-0.031110533,1.3127515,1.8375137,-1.5892684,0.71677536,1.3261906,2.2076163,1.8336552,1.211683,0.11808894,-0.2275607,0.6139003,-0.09503489,0.532244,-0.52200145,1.071159,-0.18711612,-0.04892021,0.33023614,-0.4670646,-0.2129238,0.15495782,0.20441443,0.30117556,-0.34619504,-0.40920913,-0.18295693,0.36820883,0.26845697,-0.22287162,0.7674084,-0.045681376,-0.06780886,0.313798,0.007197158,0.16440038,0.060121972,0.44839382,-0.29242036,0.24458815,0.06466888,0.053565525,0.18307666,-0.2679863,-0.26703945,0.36366943,0.068802156,-0.20607494,-0.31895292,-0.006351452,-0.16953671,0.24170199,0.3608769,-0.050480854,-0.3929273,-0.04809524,-0.013269178,-0.54816,0.17421295,0.085080266,0.14582485,0.31797966,0.11845361,-0.106433265,0.17999414,0.19860311,0.2504705,-0.1896124,0.18532744,-0.08396959,0.23054782,-0.11329985,-0.23514822,-0.0955057,0.18333542,-0.42674813,0.10579991,-0.15403539,-0.052852087,0.00983831,0.09938895,-0.032395054,0.103810064,-0.14167589
-0.59448755,3.0608954,-3.4249976,2.9242613,1.0451219,4.725909,2.4532146,0.07534742,0.5577884,-2.6586196,2.6860595,0.016212821,-1.3201551,1.7435974,-0.92161214,-0.09285471,-0.09619486,1.3098278,1.8626705,-1.5832447,0.5870051,1.3724508,2.059875,1.9799285,1.2447424,0.19054277,-0.27574143,0.6941383,-0.013310065,0.42971146,-0.49603337,1.0914716,-0.17157555,-0.08469029,0.2964406,-0.4265198,-0.25033954,0.19017677,0.24037924,0.31322736,-0.36510673,-0.33063966,-0.20482026,0.34619972,0.24825025,-0.25843257,0.771651,0.032867324,-0.08293039,0.2920763,0.009557832,0.21289918,0.03293768,0.51745,-0.26100576,0.20296113,0.010747157,0.10245625,0.19979046,-0.26554152,-0.23338404,0.37870878,0.0035728728,-0.21532716,-0.37537062,0.024333652,-0.25796112,0.2889954,0.3452234,-0.007441289,-0.34196302,-0.059974805,-0.04729688,-0.5457501,0.16607715,0.043640073,0.08067658,0.3530595,0.16721366,-0.103273906,0.1882224,0.21405111,0.2714824,-0.18844755,0.19576538,-0.084682755,0.22787285,-0.10187078,-0.27207825,-0.05254222,0.14426649,-0.3962438,0.0908178,-0.1856298,-0.10504892,-0.010201558,0.051066063,0.004447204,0.07890544,-0.10977836
-0.5827396,3.0516436,-3.1790168,2.991626,0.9896215,4.7556,2.6021814,-0.1627722,0.54934597,-2.572147,2.7491848,0.015621781,-1.3888687,1.6669431,-0.8359318,0.033403724,-0.15923244,1.2821574,1.8631787,-1.5407538,0.4685307,1.4116251,1.8908474,2.1079934,1.2481582,0.25886703,-0.33087584,0.74034184,0.070550196,0.33756942,-0.47001272,1.111668,-0.15223141,-0.12389287,0.27061525,-0.38708875,-0.2720041,0.21848497,0.2603847,0.3243872,-0.3635865,-0.24183223,-0.22137803,0.32396305,0.21564043,-0.31007683,0.7488839,0.103422984,-0.0867526,0.2696373,0.0125459675,0.2631757,-0.0003783668,0.564785,-0.23166996,0.16749163,-0.039177343,0.14322062,0.21980007,-0.25552103,-0.20151559,0.38241717,-0.06257687,-0.21567966,-0.41845942,0.057636917,-0.33204672,0.3346443,0.33782884,0.04169627,-0.29189524,-0.070250124,-0.07547596,-0.52008694,0.15466973,0.019178446,0.016376745,0.37985033,0.21579711,-0.10522119,0.18882348,0.23071988,0.2942922,-0.18998896,0.20161463,-0.086985774,0.22052145,-0.077708095,-0.30830863,-0.0042806305,0.11041826,-0.35730895,0.07102954,-0.21213572,-0.1513634,-0.028959056,0.010855518,0.03841455,0.054420244,-0.09118086
-0.5666872,3.0439153,-2.892534,3.057337,0.93474716,4.78932,2.7258596,-0.39164412,0.5375155,-2.4624388,2.813534,0.023888826,-1.4453775,1.5926273,-0.73901325,0.20173141,-0.21868354,1.2323422,1.8416703,-1.465894,0.3640989,1.4421808,1.7040776,2.217873,1.2213874,0.32276636,-0.39093006,0.7547309,0.15506262,0.25498807,-0.44438097,1.1318002,-0.13011959,-0.165254,0.25237072,-0.34972748,-0.27932414,0.23927777,0.26532727,0.3334583,-0.3437995,-0.14667434,-0.23075536,0.30317503,0.17232606,-0.37425208,0.7004943,0.1627968,-0.080859415,0.24812202,0.01504544,0.3130333,-0.038708504,0.5900322,-0.20556204,0.13960396,-0.08296798,0.17377825,0.24284498,-0.2385559,-0.17217869,0.3746007,-0.12839961,-0.20565441,-0.4476703,0.09192674,-0.39056718,0.3780787,0.33698756,0.09323833,-0.24427292,-0.07912765,-0.09809157,-0.4720754,0.14157699,0.01126499,-0.04182628,0.39770296,0.2595673,-0.11299055,0.18113628,0.2482735,0.3171841,-0.19204445,0.20196696,-0.09047986,0.2083723,-0.044097785,-0.3437987,0.045792516,0.08493806,-0.312388,0.04774657,-0.23218822,-0.18948929,-0.04568391,-0.0189581,0.0681984,0.03115278,-0.085651666
-0.5473074,3.0377095,-2.5758874,3.1210582,0.8800125,4.826165,2.8269968,-0.609607,0.5232544,-2.3302393,2.8773506,0.038006783,-1.4920403,1.520722,-0.6320392,0.40006182,-0.2726282,1.1644101,1.8024653,-1.3652577,0.27573255,1.4625809,1.5042368,2.3108547,1.1646646,0.38217992,-0.45314923,0.74153847,0.23886934,0.17971136,-0.41950327,1.1514226,-0.10676025,-0.20725854,0.23947732,-0.3147173,-0.27508295,0.2526382,0.25753376,0.3395803,-0.30920354,-0.048849426,-0.23164877,0.28540668,0.1207867,-0.44594508,0.63016045,0.20868056,-0.067538954,0.22903506,0.015892021,0.36053568,-0.08100286,0.5939954,-0.1831252,0.12006383,-0.11944081,0.19348295,0.26811513,-0.21599427,-0.14552662,0.35612074,-0.19239847,-0.18475851,-0.4639703,0.12545875,-0.43405062,0.41901425,0.3398355,0.14332728,-0.19967192,-0.08618266,-0.11621202,-0.40492156,0.12859298,0.017985027,-0.089103006,0.40651587,0.29409054,-0.12703763,0.1649996,0.26601097,0.33778322,-0.19138896,0.1967959,-0.094672814,0.19180627,-0.005440761,-0.37809694,0.09444119,0.069501184,-0.26398495,0.022936517,-0.24536093,-0.2184388,-0.059991572,-0.03831867,0.09341568,0.009160498,-0.09040965
-0.5257964,3.032966,-2.2405214,3.1823432,0.8248977,4.8645372,2.9090762,-0.81515193,0.50790405,-2.1765957,2.9383416,0.054588318,-1.5315615,1.4511658,-0.5163672,0.6147646,-0.31891915,1.0832293,1.7506685,-1.2466197,0.20467731,1.471133,1.2967894,2.3890982,1.079128,0.43721136,-0.51447576,0.70589423,0.32078594,0.10871154,-0.3955534,1.1696521,-0.083863825,-0.24831995,0.22871342,-0.28192174,-0.26269338,0.25910684,0.24009585,0.3421895,-0.26391736,0.048351593,-0.22336335,0.27210927,0.06396845,-0.5194219,0.5429553,0.23963676,-0.049299814,0.21368535,0.014025051,0.4040256,-0.12632407,0.57825214,-0.1642103,0.10887951,-0.1482825,0.20279133,0.29432923,-0.18968344,-0.12125637,0.32853624,-0.2530238,-0.15340263,-0.46927038,0.15649913,-0.46410972,0.45748448,0.34293056,0.18837218,-0.15807773,-0.09046872,-0.13114692,-0.32351723,0.11749893,0.0363526,-0.12192387,0.406685,0.3157089,-0.14741588,0.14083426,0.28298464,0.35354155,-0.18455037,0.18674192,-0.099109314,0.17167945,0.033401325,-0.4103382,0.13896109,0.06437712,-0.21443269,-0.0010936167,-0.2520153,-0.23832089,-0.071797684,-0.0489294,0.1142907,-0.011944508,-0.10106198
-0.5032853,3.0295837,-1.8969698,3.2407277,0.7689896,4.902435,2.9754572,-1.0068784,0.49290264,-2.0028193,2.9941928,0.070671976,-1.5664625,1.3839092,-0.3934895,0.8329643,-0.35538775,0.9939038,1.6912068,-1.1175575,0.15144652,1.4658775,1.0875312,2.4551208,0.96692276,0.4880518,-0.5720019,0.6527053,0.39984825,0.038976327,-0.37246954,1.1852808,-0.063024834,-0.28693876,0.21685037,-0.25114137,-0.24546386,0.25938633,0.21617952,0.340896,-0.21210194,0.14204139,-0.20582238,0.26459906,0.004964827,-0.5890277,0.44433182,0.25500575,-0.028407268,0.2031172,0.008575525,0.44206432,-0.17375678,0.5448183,-0.14833419,0.10525702,-0.16975436,0.20278049,0.31988513,-0.16162544,-0.09881239,0.29370612,-0.30893314,-0.11265887,-0.46575445,0.18344884,-0.48267415,0.49381125,0.3429202,0.22533084,-0.11931637,-0.090743534,-0.14396998,-0.23364747,0.10984782,0.062722005,-0.13873182,0.39901125,0.3219959,-0.17366488,0.109644376,0.29817212,0.36225328,-0.16864601,0.17275149,-0.103492685,0.14918903,0.06780899,-0.4393352,0.17728625,0.06879493,-0.1657176,-0.022061689,-0.25302675,-0.24992914,-0.081187524,-0.053491183,0.1312431,-0.032613683,-0.11281087
-0.48063982,3.0274475,-1.5535787,3.295798,0.7120506,4.937788,3.0288086,-1.1834222,0.4795506,-1.8104825,3.0429597,0.08427507,-1.5987145,1.3190222,-0.2649804,1.0442079,-0.38004184,0.9012529,1.6281289,-0.9844699,0.11593794,1.4445635,0.88215846,2.511318,0.8312497,0.53491515,-0.6232825,0.5859099,0.47531816,-0.031846225,-0.34999192,1.1969117,-0.045521803,-0.3218188,0.20138773,-0.22239166,-0.22611229,0.25409597,0.18853411,0.3353598,-0.15754081,0.22966874,-0.17954862,0.2640135,-0.053239748,-0.6498061,0.33933562,0.2548045,-0.006609373,0.19805522,-0.0011034715,0.47336206,-0.22227584,0.4959357,-0.1349758,0.10770574,-0.18436028,0.19472952,0.34304658,-0.13364919,-0.07759023,0.25349095,-0.35915732,-0.06403066,-0.45536086,0.20494242,-0.49142757,0.5285101,0.3370903,0.25182736,-0.08335425,-0.08574364,-0.15529463,-0.14125085,0.10681524,0.093150556,-0.14014679,0.38459337,0.3119932,-0.20478275,0.07294922,0.31061423,0.36244372,-0.14196014,0.15574516,-0.10778036,0.12568322,0.09397078,-0.46374726,0.2079905,0.081353344,-0.11938743,-0.0380115,-0.24950926,-0.25435632,-0.08829387,-0.054961853,0.14458965,-0.05307177,-0.121486515
-0.45837605,3.0264716,-1.2161292,3.3472347,0.6540203,4.968722,3.0709221,-1.3434415,0.4689064,-1.6013695,3.0832617,0.094504595,-1.6295882,1.2567211,-0.13245052,1.2411644,-0.39123967,0.8094544,1.5642935,-0.8522029,0.097578235,1.4047563,0.685945,2.559581,0.6763095,0.57799333,-0.6664685,0.5082315,0.5466373,-0.10512158,-0.32777327,1.2031459,-0.0322491,-0.3519387,0.1809028,-0.1960091,-0.20659178,0.24364547,0.15926671,0.32522354,-0.10345267,0.3089564,-0.14557773,0.2712314,-0.10795599,-0.6978513,0.23222552,0.23962258,0.01491227,0.19887704,-0.015420832,0.49673018,-0.2706743,0.43400088,-0.12380616,0.114337504,-0.19265357,0.1798661,0.3621381,-0.107211374,-0.05709453,0.20956089,-0.40308213,-0.00932795,-0.43955305,0.21990882,-0.49157426,0.5621462,0.3236675,0.26618382,-0.050401032,-0.074441396,-0.16531737,-0.051838513,0.109122954,0.123745,-0.12863454,0.36474034,0.28619263,-0.23928382,0.03269778,0.31947148,0.3535578,-0.10413817,0.13643369,-0.11223454,0.102468126,0.10921804,-0.48225498,0.23025168,0.100291826,-0.0765524,-0.04745981,-0.24260741,-0.2527501,-0.0932283,-0.055990256,0.15446098,-0.07320235,-0.12416997
