Wavelength_nm,Reflection
600.0,0.2936787386668122
600.0099999999999,0.6553989587522849
600.0199999999999,0.5688709807532788
600.0299999999999,0.34633615438855453
600.0399999999998,0.6726641061373188
600.0499999999997,0.5050815754666172
600.0599999999997,0.4228561099582404
600.0699999999997,0.6784558176656621
600.0799999999996,0.4285445715323569
600.0899999999996,0.49998585764201137
600.0999999999996,0.6731316182882384
600.1099999999996,0.35119953909168194
600.1199999999994,0.5650192310581572
600.1299999999994,0.6561662028934099
600.1399999999994,0.2963371832576901
600.1499999999993,0.6142770217010203
600.1599999999993,0.6261916525229645
600.1699999999993,0.2883209283546704
600.1799999999993,0.6483401832539054
600.1899999999991,0.5813050292568037
600.1999999999991,0.33158128641066575
600.2099999999991,0.6688875384606658
600.219999999999,0.5201327699563183
600.229999999999,0.4058823837426714
600.239999999999,0.6772922394694408
600.249999999999,0.4445906879917008
600.2599999999989,0.4853738805998132
600.2699999999988,0.6741293154345206
600.2799999999988,0.3649276312115905
600.2899999999987,0.5541732537787151
600.2999999999987,0.6590364125609164
600.3099999999987,0.303614820904193
600.3199999999987,0.6069323789917863
600.3299999999986,0.6307305292620208
600.3399999999986,0.287365611259074
600.3499999999985,0.6437440295996734
600.3599999999984,0.5872784864918611
600.3699999999984,0.32498087090291816
600.3799999999984,0.6663026882994401
600.3899999999984,0.5270950716186588
600.3999999999983,0.39796205954233504
600.4099999999983,0.6761255370624373
600.4199999999983,0.45165287529882153
600.4299999999981,0.4788474979065092
600.4399999999981,0.6739171056758975
600.4499999999981,0.37070385773926656
600.4599999999981,0.5497230040455086
600.469999999998,0.6593873757597629
600.479999999998,0.30686746417713057
600.489999999998,0.6042254381392536
600.4999999999978,0.6312588456825501
600.5099999999978,0.2882579612340201
600.5199999999978,0.6421948742337015
600.5299999999978,0.5875445983060265
600.5399999999977,0.32513983618229675
600.5499999999977,0.6653601964102693
600.5599999999977,0.526601633115345
600.5699999999975,0.3987977601710898
600.5799999999975,0.6753141985654086
600.5899999999975,0.4500328987430927
600.5999999999975,0.48059873023333566
600.6099999999974,0.6727929436818835
600.6199999999974,0.36830039373028417
600.6299999999974,0.5519334161498827
600.6399999999973,0.6574731356287687
600.6499999999972,0.305446307642264
600.6599999999972,0.6063461150064504
600.6699999999972,0.6279873674296894
600.6799999999971,0.29038825365539905
600.6899999999971,0.6437885246121258
600.6999999999971,0.5822596118406332
600.709999999997,0.3317437747472154
600.719999999997,0.6660765934272334
600.729999999997,0.5187550867421887
600.7399999999969,0.4082077647295096
600.7499999999968,0.6748072072187868
600.7599999999968,0.4398650571317738
600.7699999999968,0.49039344762861176
600.7799999999967,0.670636473054783
600.7899999999967,0.3581454853071813
600.7999999999967,0.5604855070326985
600.8099999999966,0.6530879555941886
600.8199999999965,0.3003548953720925
600.8299999999965,0.6129249113104387
600.8399999999965,0.6206026776980758
600.8499999999964,0.29505824784501744
600.8599999999964,0.6481321711522369
600.8699999999964,0.5710064212639729
600.8799999999964,0.3455888662661398
600.8899999999962,0.6680375960386583
600.8999999999962,0.5031604395088186
600.9099999999962,0.4261208685831984
600.9199999999961,0.6741476100070488
600.9299999999961,0.4212047991041259
600.9399999999961,0.5075666199284075
600.9499999999961,0.6669083341179745
600.959999999996,0.34150814128263873
600.9699999999959,0.574495791915498
600.9799999999959,0.6455584383680488
600.9899999999958,0.29436618262500636
600.9999999999958,0.6230674479464129
601.0099999999958,0.6082575242382037
601.0199999999958,0.3052197916690346
601.0299999999957,0.6543785585043231
601.0399999999956,0.5528167750379055
601.0499999999956,0.36806541180967967
601.0599999999955,0.6704207212755895
601.0699999999955,0.47908027284452587
601.0799999999955,0.45220035646585216
601.0899999999955,0.6724764031289725
601.0999999999954,0.39448416822806687
601.1099999999954,0.5308961381599948
601.1199999999953,0.6606310232177456
601.1299999999952,0.32120589468019345
601.1399999999952,0.5925380204062134
601.1499999999952,0.6337039681316095
601.1599999999952,0.29228044810783294
601.1699999999951,0.6354214004607719
601.1799999999951,0.5895386966046833
601.189999999995,0.32475427278059693
601.1999999999949,0.6612846704930625
601.2099999999949,0.5262480873002972
601.2199999999949,0.4001779082250827
601.2299999999949,0.6720237338025019
601.2399999999948,0.44585991401184805
601.2499999999948,0.4853165562230254
601.2599999999948,0.6685219417594116
601.2699999999946,0.36152183088942635
601.2799999999946,0.558497007856712
601.2899999999946,0.6503381476971933
601.2999999999946,0.30267580736192057
601.3099999999945,0.6127144115997339
601.3199999999945,0.6157644260597109
601.3299999999945,0.30064395750145595
601.3399999999943,0.6482735648288146
601.3499999999943,0.562457482349001
601.3599999999943,0.3569694309659113
601.3699999999943,0.6672744176582938
601.3799999999942,0.4896834324739738
601.3899999999942,0.44140786363584894
601.3999999999942,0.671273210796685
601.409999999994,0.4039686525714197
601.419999999994,0.5232094457968663
601.429999999994,0.6605493035783017
601.439999999994,0.3272625909042939
601.4499999999939,0.5878823632849827
601.4599999999939,0.6339757773053498
601.4699999999939,0.29462805141831766
601.4799999999938,0.6327986470310079
601.4899999999938,0.5893199906327669
601.4999999999937,0.3259335659487805
601.5099999999937,0.6596533807725982
601.5199999999936,0.5246168743753578
601.5299999999936,0.4025420210527419
601.5399999999936,0.6704696736507897
601.5499999999935,0.44227506006835815
601.5599999999935,0.4890487169077597
601.5699999999935,0.6661763184906588
601.5799999999934,0.35717401329555326
601.5899999999933,0.5626173271287424
601.5999999999933,0.6462397468053559
601.6099999999933,0.3016933011184312
601.6199999999932,0.6162198540157208
601.6299999999932,0.608761889180804
601.6399999999932,0.3074200060346852
601.6499999999932,0.6504066743539093
601.659999999993,0.551336712504332
601.669999999993,0.3710130911015078
601.679999999993,0.6673899710786132
601.6899999999929,0.4740113127006767
601.6999999999929,0.45815373652751695
601.7099999999929,0.6686399840249008
601.7199999999929,0.3863514251596092
601.7299999999927,0.5385705941980977
601.7399999999927,0.6541736441423961
601.7499999999927,0.31581259285022584
601.7599999999926,0.5998406795063665
601.7699999999926,0.6224902312182754
601.7799999999926,0.2992670834369492
601.7899999999926,0.6406518632446473
601.7999999999925,0.5711192364394193
601.8099999999924,0.3476149172100791
601.8199999999924,0.6630957820999146
601.8299999999923,0.49881582699751587
601.8399999999923,0.4321036671808522
601.8499999999923,0.6690520698025879
601.8599999999923,0.4115424123511022
601.8699999999922,0.5172019009640471
601.8799999999922,0.6590161801156403
601.8899999999921,0.3319544992355104
601.899999999992,0.584855537097386
601.909999999992,0.6318697135273214
601.919999999992,0.29811252169316066
601.929999999992,0.6313804557557143
601.9399999999919,0.5852350679345195
601.9499999999919,0.33178770754646175
601.9599999999919,0.6584727255089315
601.9699999999917,0.5171845778660639
601.9799999999917,0.4117630185370459
601.9899999999917,0.6682847038209497
601.9999999999917,0.43137758004678894
602.0099999999916,0.49965380573826135
602.0199999999916,0.6617023223084617
602.0299999999916,0.3467119065182698
602.0399999999914,0.5722823042134582
602.0499999999914,0.6379341486382906
602.0599999999914,0.3006158091351532
602.0699999999914,0.6234338391712771
602.0799999999913,0.5947371087676773
602.0899999999913,0.3221664270677889
602.0999999999913,0.6542396958456981
602.1099999999911,0.5298330704872245
602.1199999999911,0.3973523585904646
602.1299999999911,0.6670070897362942
602.1399999999911,0.445492777982931
602.149999999991,0.4866999532728299
602.159999999991,0.6629173761286293
602.169999999991,0.3580994674327064
602.1799999999909,0.5629079614837164
602.1899999999908,0.6414277306586239
602.1999999999908,0.30414460135016624
602.2099999999908,0.6174712305496936
602.2199999999907,0.600408581248159
602.2299999999907,0.317207939303925
602.2399999999907,0.6509415815075292
602.2499999999906,0.5374064798807452
602.2599999999906,0.38868215441225384
602.2699999999905,0.665700881798019
602.2799999999905,0.45395182764471836
602.2899999999904,0.47877413941685404
602.2999999999904,0.66313022091809
602.3099999999904,0.365114579237889
602.3199999999903,0.5572615577990739
602.3299999999903,0.6428424299593379
602.3399999999903,0.3069797427726726
602.3499999999902,0.6139425220771967
602.3599999999901,0.6027656513044161
602.3699999999901,0.3156679389040845
602.3799999999901,0.6489368701576419
602.38999999999,0.5403637536655858
602.39999999999,0.3854295607720151
602.40999999999,0.6646642763919185
602.41999999999,0.45692973990415814
602.4299999999898,0.4760478731594136
602.4399999999898,0.6626115793055523
602.4499999999898,0.36736479518337284
602.4599999999897,0.5556124740603571
602.4699999999897,0.6424438202871767
602.4799999999897,0.3082766916318023
602.4899999999897,0.6130720464396953
602.4999999999895,0.6020724994115084
602.5099999999895,0.31686683292373913
602.5199999999895,0.648387687722069
602.5299999999894,0.5389397457639766
602.5399999999894,0.3873533980052248
602.5499999999894,0.6640121241604472
602.5599999999894,0.45456673441111434
602.5699999999892,0.4785080453815421
602.5799999999892,0.6614430646794452
602.5899999999892,0.3648500607215636
602.5999999999891,0.5579815252353264
602.6099999999891,0.6402856959113671
602.6199999999891,0.30797765406822725
602.6299999999891,0.614853796579074
602.639999999989,0.5983540795016125
602.649999999989,0.32078180646275994
602.6599999999889,0.6492561575657582
602.6699999999888,0.5331413445838299
602.6799999999888,0.39439069324856135
602.6899999999888,0.6636763736297905
602.6999999999888,0.4469310376930121
602.7099999999887,0.4859959042974962
602.7199999999887,0.6595207739260917
602.7299999999886,0.35790287708418955
602.7399999999885,0.5641521449785243
602.7499999999885,0.6362153053069972
602.7599999999885,0.3067676415083049
602.7699999999885,0.6190562390723547
602.7799999999884,0.5914030020828238
602.7899999999884,0.3280107125495952
602.7999999999884,0.6513081426168315
602.8099999999882,0.5227633044503758
602.8199999999882,0.4066211820172087
602.8299999999882,0.6634083543949285
602.8399999999882,0.43406673620848235
602.8499999999881,0.49819341144847096
602.8599999999881,0.6565548115263956
602.8699999999881,0.34727347357271904
602.879999999988,0.5736767607164043
602.8899999999879,0.6298704470555774
602.8999999999879,0.30607997104148915
602.9099999999879,0.6252351749081119
602.9199999999878,0.5807824361026019
602.9299999999878,0.3396172146370244
602.9399999999878,0.6541233961941101
602.9499999999877,0.50742944115563
602.9599999999876,0.4241163538094135
602.9699999999876,0.6627818974418261
602.9799999999876,0.4161372439564287
602.9899999999875,0.5145707746917254
602.9999999999875,0.6520639028171858
603.0099999999875,0.33434494487081634
603.0199999999874,0.5858833210824493
603.0299999999874,0.6206691637739095
603.0399999999873,0.3080821826892688
603.0499999999873,0.6327540197108219
603.0599999999872,0.565832680804395
603.0699999999872,0.356836635539318
603.0799999999872,0.6571093665304076
603.0899999999871,0.4866856134736782
603.0999999999871,0.4467178003905239
603.109999999987,0.6611940423647132
603.119999999987,0.3937032239470165
603.1299999999869,0.5343295771667053
603.1399999999869,0.6453625862208715
603.1499999999869,0.32143313385168876
603.1599999999868,0.5998921861041224
603.1699999999868,0.607794146654907
603.1799999999868,0.3155047276454592
603.1899999999868,0.6408101576554533
603.1999999999866,0.5457006714332616
603.2099999999866,0.38063914140851024
603.2199999999866,0.6595138596848508
603.2299999999865,0.46020093741305024
603.2399999999865,0.4738203893465662
603.2499999999865,0.6578581448849614
603.2599999999865,0.3681833011486974
603.2699999999863,0.5563812395664314
603.2799999999863,0.6355381401181477
603.2899999999863,0.3120294803058653
603.2999999999862,0.6146505173199011
603.3099999999862,0.5901803738401983
603.3199999999862,0.33114800059721905
603.3299999999862,0.6484628381788895
603.339999999986,0.5194372218372738
603.349999999986,0.411229792415779
603.359999999986,0.660429428070817
603.3699999999859,0.4281753539404938
603.3799999999859,0.5042524817269606
603.3899999999859,0.6517829817877288
603.3999999999859,0.3424890286972587
603.4099999999858,0.5793857809101938
603.4199999999857,0.6214173995260074
603.4299999999857,0.31067647880897775
603.4399999999856,0.6289809931184192
603.4499999999856,0.5665328393293717
603.4599999999856,0.35701270446093414
603.4699999999856,0.6546534796831668
603.4799999999855,0.48625815400686634
603.4899999999855,0.44767451392634966
603.4999999999854,0.6587802853066422
603.5099999999853,0.3920802932827594
603.5199999999853,0.5363199375612022
603.5299999999853,0.6417322577441923
603.5399999999853,0.3216051855129878
603.5499999999852,0.6018453163518771
603.5599999999852,0.6015351952062638
603.5699999999852,0.32205747755933384
603.579999999985,0.6416294983987477
603.589999999985,0.5354460677722602
603.599999999985,0.39330521969481785
603.609999999985,0.6582053053158847
603.6199999999849,0.4461495613259812
603.6299999999849,0.4878672732143613
603.6399999999849,0.6532819150821835
603.6499999999847,0.35576543544004297
603.6599999999847,0.5680070930792228
603.6699999999847,0.6261654546797981
603.6799999999847,0.3124473333570799
603.6899999999846,0.6222157527164464
603.6999999999846,0.5741494747865042
603.7099999999846,0.34918359487254097
603.7199999999845,0.6512886946263481
603.7299999999844,0.49579348271221324
603.7399999999844,0.4378928171735476
603.7499999999844,0.657787762064918
603.7599999999843,0.40106614090211423
603.7699999999843,0.5289072163129679
603.7799999999843,0.642366874900169
603.7899999999842,0.32649238707395184
603.7999999999842,0.5972455548157385
603.8099999999841,0.6031836327231103
603.8199999999841,0.32202564995430016
603.829999999984,0.6389859013462303
603.839999999984,0.5374330944759104
603.849999999984,0.39147106497915557
603.8599999999839,0.6565741043241204
603.8699999999839,0.4477176128034372
603.8799999999839,0.48669668617111905
603.8899999999838,0.651833529702903
603.8999999999837,0.3567693676614118
603.9099999999837,0.5677094500624095
603.9199999999837,0.6240850559085847
603.9299999999836,0.3144483050234319
603.9399999999836,0.6221277571454481
603.9499999999836,0.5705703216154416
603.9599999999836,0.35383489342654384
603.9699999999834,0.6506811605312897
603.9799999999834,0.4901598988276603
603.9899999999834,0.4442399355620989
603.9999999999833,0.6559351783164367
604.0099999999833,0.3946552445642185
604.0199999999833,0.5348819888682533
604.0299999999833,0.6384062462028383
604.0399999999831,0.32426252068770983
604.0499999999831,0.6015383482718496
604.0599999999831,0.5960358413770094
604.069999999983,0.32882441283704683
604.079999999983,0.6409754208384763
604.089999999983,0.526191899302527
604.099999999983,0.404794354673988
604.1099999999828,0.6557692665139412
604.1199999999828,0.43349887584725466
604.1299999999828,0.5003585202758664
604.1399999999827,0.6474945369035736
604.1499999999827,0.34621274392478435
604.1599999999827,0.5781138173226904
604.1699999999827,0.6150527220804495
604.1799999999826,0.3176993169004475
604.1899999999825,0.62823609819848
604.1999999999825,0.5555368611465039
604.2099999999824,0.3713913162227511
604.2199999999824,0.6522372062062385
604.2299999999824,0.4693965007477679
604.2399999999824,0.46597038009093106
604.2499999999823,0.6524651342508943
604.2599999999823,0.3745029165062094
604.2699999999822,0.5528551811542383
604.2799999999821,0.6288350777112359
604.2899999999821,0.31905172841474366
604.2999999999821,0.6132132822610203
604.3099999999821,0.5787922829390622
604.319999999982,0.3461434394342726
604.329999999982,0.6461108734361873
604.339999999982,0.5006161807587896
604.3499999999818,0.43357791535285684
604.3599999999818,0.6542367002293515
604.3699999999818,0.40447803208397987
604.3799999999818,0.5268502924693218
604.3899999999817,0.6384530242587138
604.3999999999817,0.32974463466039305
604.4099999999817,0.5966579213459188
604.4199999999815,0.5968478350978358
604.4299999999815,0.3298027864307945
604.4399999999815,0.6380804911149829
604.4499999999815,0.5267520117982374
604.4599999999814,0.40479321563202614
604.4699999999814,0.6535774719461283
604.4799999999814,0.4331148549917249
604.4899999999813,0.5012084446670251
604.4999999999812,0.6448099512523339
604.5099999999812,0.3461592753979757
604.5199999999812,0.579325773934226
604.5299999999811,0.6106134255983017
604.5399999999811,0.32176858246423323
604.5499999999811,0.6287836099830502
604.559999999981,0.5480715617126045
604.569999999981,0.38072723151900495
604.5799999999809,0.6511440952720398
604.5899999999809,0.4587912524398852
604.5999999999808,0.47696410143438484
604.6099999999808,0.6486591219710756
604.6199999999808,0.36510733431913617
604.6299999999807,0.5619600143886141
604.6399999999807,0.6209120294548784
604.6499999999807,0.3204803112375632
604.6599999999806,0.6188177925477331
604.6699999999805,0.5651188152498533
604.6799999999805,0.3618538292182496
604.6899999999805,0.6475088102736788
604.6999999999804,0.4808411445733419
604.7099999999804,0.45497748877329447
604.7199999999804,0.6506288214130362
604.7299999999804,0.3842191776977265
604.7399999999802,0.5452602465491876
604.7499999999802,0.6284490367572619
604.7599999999802,0.32395443848246147
604.7699999999801,0.6087408064116219
604.7799999999801,0.5785038445820894
604.7899999999801,0.34803084458680483
604.7999999999801,0.643175595376834
604.8099999999799,0.4991579119025235
604.8199999999799,0.43586202978353494
604.8299999999799,0.6512446513480076
604.8399999999798,0.4019472795846643
604.8499999999798,0.5298479121709903
604.8599999999798,0.6338127539840852
604.8699999999798,0.3302370320114021
604.8799999999796,0.5990627482077014
604.8899999999796,0.5888031471835753
604.8999999999796,0.33864961056050275
604.9099999999795,0.6385875599867618
604.9199999999795,0.5139175855558662
604.9299999999795,0.4199590289787181
604.9399999999795,0.6509458345037531
604.9499999999794,0.417393512624424
604.9599999999793,0.516238021286841
604.9699999999793,0.6374849885939753
604.9799999999792,0.33767108516161837
604.9899999999792,0.5902346045750942
604.9999999999792,0.596518325515361
605.0099999999792,0.33284297402764046
605.0199999999791,0.6341282844909886
605.029999999979,0.5254089830039453
605.039999999979,0.407362997675014
605.0499999999789,0.6500956682849858
605.0599999999789,0.43010403787783796
605.0699999999789,0.5048242818182317
605.0799999999789,0.6398528531816242
605.0899999999788,0.3449918332090327
605.0999999999788,0.582637161304746
605.1099999999788,0.6020628594637258
605.1199999999786,0.3296833229804968
605.1299999999786,0.6301196588037744
605.1399999999786,0.533937889698933
605.1499999999786,0.3979850970238963
605.1599999999785,0.6489873988748414
605.1699999999785,0.4398968231860263
605.1799999999785,0.49587994761477033
605.1899999999783,0.6412186302322725
605.1999999999783,0.3513127845892504
605.2099999999783,0.576572925441093
605.2199999999783,0.6057610754782364
605.2299999999782,0.32833096545638274
605.2399999999782,0.6268183254228876
605.2499999999782,0.5397765708493546
605.259999999978,0.39163400821929334
605.269999999978,0.6478470054801027
605.279999999978,0.44673779604236136
605.289999999978,0.4895718068211913
605.2999999999779,0.6418070259886365
605.3099999999779,0.3560639625384243
605.3199999999779,0.5722621335398088
605.3299999999778,0.6078515257995767
605.3399999999777,0.32812459561795043
605.3499999999777,0.6244122331092657
605.3599999999777,0.5431390539277193
605.3699999999776,0.3880942022456154
605.3799999999776,0.6468342224139351
605.3899999999776,0.4506605955532995
605.3999999999775,0.48598136035592154
605.4099999999775,0.6417701042251932
605.4199999999774,0.35892335422526
605.4299999999774,0.5698424465767501
605.4399999999773,0.6084912335316961
605.4499999999773,0.32862497331750623
605.4599999999773,0.6230181873394353
605.4699999999772,0.5441703714987487
605.4799999999772,0.38718762056032824
605.4899999999772,0.6460428189531514
605.4999999999771,0.4517196517835664
605.509999999977,0.4851261765135341
605.519999999977,0.6411904514570442
605.529999999977,0.3597627314144711
605.5399999999769,0.5693709914122307
605.5499999999769,0.607759356294235
605.5599999999769,0.32962871999503573
605.5699999999769,0.6226807650602969
605.5799999999767,0.5429432443121901
605.5899999999767,0.3888117322388391
605.5999999999767,0.6455008158938457
605.6099999999766,0.44996771026841975
605.6199999999766,0.4869754498142275
605.6299999999766,0.6400830763209108
605.6399999999766,0.35861614935535263
605.6499999999764,0.570827195440501
605.6599999999764,0.6056598072744255
605.6699999999764,0.3311660677560636
605.6799999999763,0.6233726202476801
605.6899999999763,0.5394590586555706
605.6999999999763,0.3929520276335445
605.7099999999763,0.6451709975894773
605.7199999999762,0.4454522842020344
605.7299999999761,0.4914561778049005
605.7399999999761,0.6383963745090803
605.749999999976,0.3556727389392742
605.759999999976,0.5741153011105372
605.769999999976,0.6021228328266361
605.7799999999759,0.33348956433255467
605.7899999999759,0.6249960440638889
605.7999999999759,0.5336522322023
605.8099999999758,0.3996697829971565
605.8199999999757,0.6449517982884327
605.8299999999757,0.4382290561818449
605.8399999999757,0.4984492757217173
605.8499999999756,0.6360122906139355
605.8599999999756,0.35129201423431045
605.8699999999756,0.5790662621253341
605.8799999999756,0.5970058219915335
605.8899999999754,0.3370532941049575
605.8999999999754,0.6273855932821817
605.9099999999754,0.5253988451451511
605.9199999999753,0.4090674646326748
605.9299999999753,0.6446783994033592
605.9399999999753,0.42839342908483263
605.9499999999753,0.5077777424023951
605.9599999999751,0.632745635753382
605.9699999999751,0.34603697070857287
605.9799999999751,0.5854395441183706
605.989999999975,0.5900939550029639
605.999999999975,0.3424758515115418
606.009999999975,0.6303115617128562
606.019999999975,0.5145322926754016
606.0299999999748,0.4212359355923755
606.0399999999748,0.6441236593418816
606.0499999999748,0.4161339361727562
606.0599999999747,0.5191911986134832
606.0699999999747,0.6283424285616253
606.0799999999747,0.3407153717187609
606.0899999999747,0.5929258402678574
606.0999999999746,0.5811019218029254
606.1099999999745,0.350476696531919
606.1199999999745,0.633483951789366
606.1299999999744,0.5008711676036328
606.1399999999744,0.4361906417939202
606.1499999999744,0.6429983076122012
606.1599999999744,0.4018122503640153
606.1699999999743,0.5323523028102773
606.1799999999743,0.6224771986274569
606.1899999999742,0.3364112341008518
606.1999999999741,0.6011516541655781
606.2099999999741,0.5696791752938005
606.2199999999741,0.36177696930495595
606.2299999999741,0.6365563669705824
606.239999999974,0.4842679524465541
606.249999999974,0.4538079044549642
606.259999999974,0.6409496931300238
606.2699999999738,0.3860720108891255
606.2799999999738,0.5468303038899693
606.2899999999738,0.6147495787713266
606.2999999999738,0.33447707397979887
606.3099999999737,0.6096860728870752
606.3199999999737,0.5554235143066146
606.3299999999737,0.37696491512713687
606.3399999999735,0.6391289174191398
606.3499999999735,0.46469128704238183
606.3599999999735,0.4737755532229018
606.3699999999735,0.637558350886946
606.3799999999734,0.3699686421530185
606.3899999999734,0.5621051364456019
606.3999999999734,0.6046815099083914
606.4099999999733,0.3364479664860198
606.4199999999732,0.6180490273260619
606.4299999999732,0.5379119333663068
606.4399999999732,0.39634311437321196
606.4499999999731,0.6407488993776453
606.4599999999731,0.4423580938356951
606.4699999999731,0.4955717426213318
606.479999999973,0.6323318874872755
606.489999999973,0.35508944660338493
606.4999999999729,0.5775823120839199
606.5099999999729,0.5917185477721221
606.5199999999728,0.34384276957867815
606.5299999999728,0.6257192306482696
606.5399999999728,0.5167644787464575
606.5499999999727,0.41979428804633434
606.5599999999727,0.6409078046142891
606.5699999999727,0.4179297965093415
606.5799999999726,0.5184800249632396
606.5899999999725,0.6246964796723081
606.5999999999725,0.34359542851447666
606.6099999999725,0.592615295022752
606.6199999999724,0.5752431038118238
606.6299999999724,0.3578514619838562
606.6399999999724,0.6321391453855637
606.6499999999724,0.4917665932081898
606.6599999999722,0.44671244997893567
606.6699999999722,0.6390333165008873
606.6799999999722,0.3927679125962537
606.6899999999721,0.5416383877477263
606.6999999999721,0.6139882292449514
606.7099999999721,0.3380769241705777
606.7199999999721,0.6065292483401327
606.7299999999719,0.5546156339956868
606.7399999999719,0.37897425499944853
606.7499999999719,0.6367140095252207
606.7599999999718,0.46308542626474886
606.7699999999718,0.4760341288938809
606.7799999999718,0.6344756390467005
606.7899999999718,0.3691898972861554
606.7999999999716,0.5641089078340703
606.8099999999716,0.5994509244648416
606.8199999999716,0.3411184348198115
606.8299999999715,0.6186389181924313
606.8399999999715,0.5292739678154069
606.8499999999715,0.4067478789379238
606.8599999999715,0.6388022746661752
606.8699999999714,0.43161410838570813
606.8799999999713,0.5063694585146643
606.8899999999713,0.6264893753684482
606.8999999999712,0.3505640089462593
606.9099999999712,0.5849479507646671
606.9199999999712,0.5802557187912606
606.9299999999712,0.3545790779024903
606.9399999999711,0.6282541929122241
606.949999999971,0.49894197496124376
606.959999999971,0.43970461211771433
606.9699999999709,0.6376958787362743
606.9799999999709,0.39943395437429746
606.9899999999709,0.5361921194263884
606.9999999999709,0.6142165538286207
607.0099999999708,0.34097281158165943
607.0199999999708,0.6032573307920891
607.0299999999708,0.5555757344560115
607.0399999999706,0.37882100161414284
607.0499999999706,0.6346690171128345
607.0599999999706,0.4640189171686349
607.0699999999706,0.47561863193273624
607.0799999999705,0.6325910144558289
607.0899999999705,0.37024492584336416
607.0999999999705,0.5640248426057102
607.1099999999703,0.5966861840996045
607.1199999999703,0.34421437677799827
607.1299999999703,0.6182034566558076
607.1399999999703,0.524779290061231
607.1499999999702,0.4123029460703171
607.1599999999702,0.6371321319847593
607.1699999999702,0.4262049416944543
607.17999999997,0.5119465361841841
607.18999999997,0.6225548764503159
607.19999999997,0.3493579622078461
607.20999999997,0.5885654309059384
607.2199999999699,0.5728665780350604
607.2299999999699,0.3623005658552403
607.2399999999699,0.6290003137369491
607.2499999999698,0.4878477438657119
607.2599999999698,0.4518511952341045
607.2699999999697,0.6348014542462181
607.2799999999697,0.3892747718078906
607.2899999999696,0.546274422096781
607.2999999999696,0.6065049261951416
607.3099999999696,0.34265326630560844
607.3199999999695,0.6087276443368163
607.3299999999695,0.5418475010089217
607.3399999999695,0.39423532783940624
607.3499999999694,0.6348594331586427
607.3599999999693,0.4461437298608479
607.3699999999693,0.4935074272538896
607.3799999999693,0.6266894284576003
607.3899999999692,0.35951770192635774
607.3999999999692,0.5766092552583485
607.4099999999692,0.5832424993458252
607.4199999999691,0.3543067587806107
607.429999999969,0.6236016642783456
607.439999999969,0.5032957162935394
607.449999999969,0.43601802950479074
607.4599999999689,0.6349147558578021
607.4699999999689,0.4035258367529084
607.4799999999689,0.5334887902172356
607.4899999999689,0.6116194793441676
607.4999999999687,0.34483408028614815
607.5099999999687,0.6014572065476661
607.5199999999687,0.5516364553705491
607.5299999999686,0.3843472048543201
607.5399999999686,0.6323561179126848
607.5499999999686,0.45838760645719706
607.5599999999686,0.48200451934029637
607.5699999999684,0.6281355470319276
607.5799999999684,0.3672746453515178
607.5899999999684,0.5688119834109059
607.5999999999683,0.5882454877793429
607.6099999999683,0.3516894032789926
607.6199999999683,0.6197273608636844
607.6299999999683,0.5111496028905294
607.6399999999682,0.42803088093258
607.6499999999681,0.63410722528409
607.6599999999681,0.41130454186673954
607.669999999968,0.526702132848965
607.679999999968,0.6132548572097878
607.689999999968,0.34733862418190464
607.699999999968,0.597438017200097
607.7099999999679,0.555259396223281
607.7199999999679,0.38115166079288115
607.7299999999678,0.6305367613739606
607.7399999999677,0.4630075124621265
607.7499999999677,0.47780762036041524
607.7599999999677,0.6277806535568414
607.7699999999677,0.3706545389655871
607.7799999999676,0.565943016683218
607.7899999999676,0.5887829027397322
607.7999999999676,0.3523244443733566
607.8099999999674,0.6180635379812366
607.8199999999674,0.5120525309165396
607.8299999999674,0.4274555101888402
607.8399999999674,0.6329830502734748
607.8499999999673,0.412177045445551
607.8599999999673,0.5262916899966169
607.8699999999673,0.6120058775456305
607.8799999999671,0.348656149584126
607.8899999999671,0.5971086465244125
607.8999999999671,0.5532791383702749
607.9099999999671,0.3837426378177446
607.919999999967,0.6297587132868747
607.929999999967,0.4602578608082072
607.939999999967,0.4808545904184721
607.9499999999668,0.6259316916923747
607.9599999999668,0.36925643023540106
607.9699999999668,0.5681462557846396
607.9799999999668,0.5851417534645651
607.9899999999667,0.3556131955969109
607.9999999999667,0.6187205600348962
608.0099999999667,0.5062633960441015
608.0199999999666,0.4340010142117743
608.0299999999665,0.6315948787026254
608.0399999999665,0.4063780310608583
608.0499999999665,0.5320985829290522
608.0599999999664,0.6078756894692043
608.0699999999664,0.34904027922901526
608.0799999999664,0.6003083523699041
608.0899999999663,0.5456901910884409
608.0999999999663,0.39214910041646195
608.1099999999662,0.629828961120434
608.1199999999662,0.4503624232783561
608.1299999999661,0.49082999488555573
608.1399999999661,0.6223384393320739
608.1499999999661,0.3639636288428236
608.159999999966,0.5749793513986229
608.169999999966,0.5770171186756347
608.179999999966,0.36248396226267476
608.189999999966,0.6212447049803633
608.1999999999658,0.4936627696552061
608.2099999999658,0.447600565804458
608.2199999999658,0.6294562001751497
608.2299999999657,0.3947735840448965
608.2399999999657,0.5434688215925103
608.2499999999657,0.6002951521371943
608.2599999999657,0.350387557279048
608.2699999999655,0.6063026033000055
608.2799999999655,0.5319739534745446
608.2899999999655,0.4071553165960839
608.2999999999654,0.6300193600730386
608.3099999999654,0.43368591030262565
608.3199999999654,0.5071028286454191
608.3299999999654,0.6162008895373263
608.3399999999652,0.3570754867300449
608.3499999999652,0.5854355874304027
608.3599999999652,0.5635483318620461
608.3699999999651,0.3750435502427982
608.3799999999651,0.6246459375861265
608.3899999999651,0.47396513385934924
608.3999999999651,0.4680933399876845
608.409999999965,0.6255482525069362
608.419999999965,0.3793091591636637
608.4299999999649,0.5592079749950746
608.4399999999648,0.5881319276029198
608.4499999999648,0.3560852776479658
608.4599999999648,0.6138198301486989
608.4699999999648,0.5112578038508963
608.4799999999647,0.42966087790314855
608.4899999999647,0.6290845750675246
608.4999999999646,0.41131816266747295
608.5099999999645,0.5284992574591406
608.5199999999645,0.6061633131407194
608.5299999999645,0.35264561986135695
608.5399999999645,0.5979634463692247
608.5499999999644,0.5434055405977946
608.5599999999644,0.39577554641133994
608.5699999999644,0.6274325715609375
608.5799999999642,0.44726142752673603
608.5899999999642,0.4946831511517274
608.5999999999642,0.6183136918657074
608.6099999999642,0.36383557518814474
608.6199999999641,0.5775287600919004
608.6299999999641,0.56971835819776
608.6399999999641,0.37040158152124025
608.6499999999639,0.6210995166982782
608.6599999999639,0.4827288898404796
608.6699999999639,0.45973990454982355
608.6799999999639,0.6252668364841035
608.6899999999638,0.38617838072015825
608.6999999999638,0.5530981547159831
608.7099999999638,0.5903051624978681
608.7199999999636,0.3564330988379429
608.7299999999636,0.610515329797203
608.7399999999636,0.5150591958350923
608.7499999999636,0.42621187833527496
608.7599999999635,0.6276343439867161
608.7699999999635,0.4151597490362509
608.7799999999635,0.5254833050836081
608.7899999999634,0.6056301287772546
608.7999999999633,0.35483315421950323
608.8099999999633,0.5960823398498725
608.8199999999633,0.5429959920098343
608.8299999999632,0.39692530328146186
608.8399999999632,0.6259382968444892
608.8499999999632,0.4466391732119028
608.8599999999631,0.49580104430968086
608.869999999963,0.6162672742167581
608.879999999963,0.3644722702002944
608.889999999963,0.5782285412861902
608.8999999999629,0.566190425608715
608.9099999999629,0.37448813509922596
608.9199999999629,0.6206243113658562
608.9299999999628,0.4775670391745912
608.9399999999628,0.4654951625884428
608.9499999999628,0.622783493897524
608.9599999999627,0.382721537529402
608.9699999999626,0.5574585362267477
608.9799999999626,0.5847929243219404
608.9899999999626,0.3607143782869038
608.9999999999625,0.6120865217501607
609.0099999999625,0.5060694732114204
609.0199999999625,0.43627126936557264
609.0299999999625,0.6256933614650007
609.0399999999623,0.406392763167679
609.0499999999623,0.5343953639437896
609.0599999999623,0.599185841874823
609.0699999999622,0.356218855826723
609.0799999999622,0.6006955860747757
609.0899999999622,0.5312101615919304
609.0999999999622,0.4099283099754419
609.109999999962,0.6254501069990411
609.119999999962,0.4325395916301334
609.129999999962,0.5098043501233555
609.1399999999619,0.6098311163890068
609.1499999999619,0.3603689292989454
609.1599999999619,0.5868251025328985
609.1699999999619,0.5526818911071191
609.1799999999618,0.3881079121940304
609.1899999999617,0.6224529533061188
609.1999999999617,0.45888448915293484
609.2099999999616,0.48458917929243156
609.2199999999616,0.6171932577384166
609.2299999999616,0.37159090791733757
609.2399999999616,0.5708734387281976
609.2499999999615,0.5705485940683079
609.2599999999615,0.37202738170089167
609.2699999999614,0.617060474640321
609.2799999999613,0.4839050081292531
609.2899999999613,0.4597527945631553
609.2999999999613,0.6217060550835868
609.3099999999613,0.3878561186329042
609.3199999999612,0.5532784339760621
609.3299999999612,0.5850669850627843
609.3399999999612,0.3622850511139894
609.349999999961,0.6096047641364504
609.359999999961,0.5067252897885134
609.369999999961,0.43632275699378553
609.379999999961,0.6237624815111583
609.3899999999609,0.40713566155441894
609.3999999999609,0.5345226769003733
609.4099999999609,0.5965768738228463
609.4199999999607,0.3588054388820195
609.4299999999607,0.60040378802019
609.4399999999607,0.5269435283163789
609.4499999999607,0.4152513811451423
609.4599999999606,0.6237157632321727
609.4699999999606,0.4276978610618644
609.4799999999606,0.5151276908262008
609.4899999999604,0.6054396606264129
609.4999999999604,0.36093402387945556
609.5099999999604,0.5897705801532754
609.5199999999604,0.5444694545932622
609.5299999999603,0.39731138053909815
609.5399999999603,0.6218849865858534
609.5499999999603,0.44823171631532266
609.5599999999602,0.49563668810214095
609.5699999999601,0.612007033869715
609.5799999999601,0.3676329572904228
609.5899999999601,0.5780185998978522
609.59999999996,0.5593991009837097
609.60999999996,0.38301244860180556
609.61999999996,0.6185617651309869
609.6299999999599,0.4678443614933574
609.6399999999599,0.4765875377634787
609.6499999999598,0.616607165083146
609.6599999999598,0.3777031558387949
609.6699999999597,0.5654630249854796
609.6799999999597,0.5719287058309073
609.6899999999597,0.3725595652251498
609.6999999999596,0.6140162401925645
609.7099999999596,0.48599341323759204
609.7199999999596,0.4584797922929132
609.7299999999595,0.6195403322675196
609.7399999999594,0.3899707419200134
609.7499999999594,0.5524181628842197
609.7599999999594,0.5822999976810246
609.7699999999593,0.36586110732819804
609.7799999999593,0.6085016454447297
609.7899999999593,0.5024000492626088
609.7999999999593,0.4417413146401281
609.8099999999591,0.6210791738800031
609.8199999999591,0.4034080571218997
609.8299999999591,0.5391915912620842
609.839999999959,0.5907675858328117
609.849999999959,0.3625798762912805
609.859999999959,0.6022571964854917
609.869999999959,0.5169681844947923
609.8799999999588,0.4267005230989107
609.8899999999588,0.6214708638081902
609.8999999999588,0.4171893020452565
609.9099999999587,0.5260760462927214
609.9199999999587,0.5975807337289909
609.9299999999587,0.36220961464435253
609.9399999999587,0.5955093733096967
609.9499999999585,0.5297196675255345
609.9599999999585,0.41356919281932153
609.9699999999585,0.6209397588910991
609.9799999999584,0.4306972673151321
609.9899999999584,0.5133403843038301
609.9999999999584,0.6029739580565245
610.0099999999584,0.36415692179113335
610.0199999999583,0.5884718500681222
610.0299999999582,0.5407467087279895
610.0399999999582,0.40243838644416335
610.0499999999581,0.6196898072251924
610.0599999999581,0.4435012154714215
610.0699999999581,0.5012210610701168
610.0799999999581,0.6071627672665479
610.089999999958,0.3678126685044841
610.099999999958,0.5813444381249883
610.109999999958,0.5501789905469364
610.1199999999578,0.39328721107365744
610.1299999999578,0.6179064254953728
610.1399999999578,0.4553223187571957
610.1499999999578,0.48991545206936027
610.1599999999577,0.6103422234783195
610.1699999999577,0.37260437288190973
610.1799999999577,0.5743114611372168
610.1899999999575,0.5581619340208358
610.1999999999575,0.38600164198661285
610.2099999999575,0.615757786417362
610.2199999999575,0.46599728511188365
610.2299999999574,0.4795779886818229
610.2399999999574,0.6126869350876862
610.2499999999574,0.37802793076882873
610.2599999999572,0.567539979132324
610.2699999999572,0.5648428729992482
610.2799999999572,0.3803992715665573
610.2899999999572,0.6133955796228112
610.2999999999571,0.47544574861837074
610.3099999999571,0.4703195840058644
610.3199999999571,0.6143516787991937
610.329999999957,0.38366164735633096
610.339999999957,0.5611782264853148
610.3499999999569,0.5703625715207254
610.3599999999569,0.3762556992943369
610.3699999999568,0.6109553651461648
610.3799999999568,0.48364355556133254
610.3899999999568,0.46221028302930744
610.3999999999567,0.6154722154095542
610.4099999999567,0.3891674596592516
610.4199999999566,0.5553545353682633
610.4299999999566,0.5748502214450685
610.4399999999565,0.37332909567172295
610.4499999999565,0.608556653653484
610.4599999999565,0.4906021229630817
610.4699999999564,0.45528460974204016
610.4799999999564,0.6161660824858052
610.4899999999564,0.39428429124348724
610.4999999999563,0.5501768970294798
610.5099999999562,0.5784206366719876
610.5199999999562,0.37138075832199613
610.5299999999562,0.6063028376997938
610.5399999999561,0.4963531376902321
610.5499999999561,0.44954877848495195
610.5599999999561,0.6165332731563837
610.569999999956,0.39881755862471063
610.5799999999559,0.5457331878838151
610.5899999999559,0.5811727918588468
610.5999999999559,0.3701907697348415
610.6099999999558,0.6042810739418406
610.6199999999558,0.5009375755183069
610.6299999999558,0.44498881609281615
610.6399999999558,0.6166567791401526
610.6499999999556,0.4026276552527962
610.6599999999556,0.5420919747524316
610.6699999999556,0.5831891571746521
610.6799999999555,0.3695688689565749
610.6899999999555,0.6025621859237034
610.6999999999555,0.5043980450325559
610.7099999999555,0.4415786826770392
610.7199999999553,0.6166030100416384
610.7299999999553,0.4056191679776646
610.7399999999553,0.5393037294773889
610.7499999999552,0.584535485546003
610.7599999999552,0.36936125970672223
610.7699999999552,0.6012006264685633
610.7799999999552,0.506773618731465
610.7899999999551,0.4392876304157803
610.799999999955,0.6164221145466482
610.809999999955,0.40773177955680806
610.8199999999549,0.5374022361423022
610.8299999999549,0.5852608436466611
610.8399999999549,0.36945432597132616
610.8499999999549,0.6002345130462278
610.8599999999548,0.5080965052262036
610.8699999999548,0.438086240470188
610.8799999999547,0.6161482310098733
610.8899999999546,0.40893328723028305
610.8999999999546,0.5364059661788585
610.9099999999546,0.5853977649380864
610.9199999999546,0.36977620854612436
610.9299999999545,0.5996857311571885
610.9399999999545,0.5083900990371818
610.9499999999545,0.4379507795678822
610.9599999999543,0.6157996909034358
610.9699999999543,0.4092148651232956
610.9799999999543,0.5363192232399231
610.9899999999543,0.5849624583582796
610.9999999999542,0.37029701531818976
611.0099999999542,0.599560090943381
611.0199999999542,0.5076681034162421
611.029999999954,0.4388656885790172
611.039999999954,0.6153791919195342
611.049999999954,0.4085885495535563
611.059999999954,0.5371329127875526
611.0699999999539,0.583955042696953
611.0799999999539,0.3710281767953595
611.0899999999539,0.5998475203030358
611.0999999999538,0.5059345565625734
611.1099999999537,0.440824148354326
611.1199999999537,0.6148739502745196
611.1299999999537,0.40708686850320297
611.1399999999536,0.5388248610570441
611.1499999999536,0.5823598020963658
611.1599999999536,0.37202117069021373
611.1699999999535,0.6005222813347466
611.1799999999535,0.5031847094818909
611.1899999999534,0.4438267688783816
611.1999999999534,0.6142558348537164
611.2099999999533,0.40476451819401726
611.2199999999533,0.541359683415687
611.2299999999533,0.5801454798252617
611.2399999999532,0.3733655571963432
611.2499999999532,0.6015432033390665
611.2599999999532,0.499406811721308
611.2699999999531,0.447878533896161
611.279999999953,0.613481480114177
611.289999999953,0.4017019694609555
611.299999999953,0.5446882743363527
611.3099999999529,0.5772656506025844
611.3199999999529,0.37518601165061766
611.3299999999529,0.602853931297935
611.3399999999529,0.49458496733519386
611.3499999999527,0.4529842212454011
611.3599999999527,0.612492370432038
611.3699999999527,0.3980108258127536
611.3799999999526,0.5487470505513878
611.3899999999526,0.5736592425547682
611.3999999999526,0.37763783535862716
611.4099999999526,0.6043831912858111
611.4199999999524,0.4887033329549706
611.4299999999524,0.4591426216833325
611.4399999999524,0.6112148870101896
611.4499999999523,0.3938406160206972
611.4599999999523,0.553457118993629
611.4699999999523,0.5692513239580822
611.4799999999523,0.3809003019987754
611.4899999999521,0.6060450712035073
611.4999999999521,0.48175204177388087
611.5099999999521,0.46633999808564774
611.519999999952,0.6095603108295004
611.529999999952,0.3893864479333062
611.539999999952,0.5587235547247725
611.549999999952,0.5639543356859521
611.5599999999519,0.38516720240847097
611.5699999999518,0.6077393065663449
611.5799999999518,0.47373534382230326
611.5899999999517,0.47454334821425426
611.5999999999517,0.6074247845300027
611.6099999999517,0.38489654533709744
611.6199999999517,0.5644349587377352
611.6299999999516,0.5576700466344773
611.6399999999516,0.39063414100416416
611.6499999999515,0.609351547198395
611.6599999999514,0.46468252688459444
611.6699999999514,0.4836941329837864
611.6799999999514,0.6046892567521459
611.6899999999514,0.38067812674275825
611.6999999999513,0.5704634206952437
611.7099999999513,0.550292648856206
611.7199999999513,0.39748255920626613
611.7299999999511,0.6107535645513266
611.7399999999511,0.4546621717565575
611.7499999999511,0.4937031709581127
611.7599999999511,0.601219471670034
611.769999999951,0.37709941186170126
611.779999999951,0.5766649416096823
611.789999999951,0.5417136034535355
611.7999999999508,0.4058611206329711
611.8099999999508,0.6118033451857278
611.8199999999508,0.4438001054300677
611.8299999999508,0.5044473442485574
611.8399999999507,0.5968661347551171
611.8499999999507,0.37458490579564063
611.8599999999507,0.5828802851459953
611.8699999999506,0.5318291074898952
611.8799999999505,0.4158659181996541
611.8899999999505,0.6123450092499063
611.8999999999505,0.43230089873334165
611.9099999999504,0.5157685899741206
611.9199999999504,0.5914654991881582
611.9299999999504,0.373600804174481
611.9399999999503,0.588936136082308
611.9499999999503,0.5205513728217632
611.9599999999502,0.4275217777960494
611.9699999999502,0.6122085017530833
611.9799999999501,0.42047171084117846
611.9899999999501,0.5274753695450596
611.9999999999501,0.5848407989085036
612.00999999995,0.37462781708922205
612.01999999995,0.5946463647251529
612.02999999995,0.50782525458053
612.0399999999499,0.44076747087968005
612.0499999999498,0.611209039154231
612.0599999999498,0.4087455081623737
612.0699999999498,0.5393464532565733
612.0799999999497,0.57680523554645
612.0899999999497,0.3781203942725618
612.0999999999497,0.599813140847208
612.1099999999497,0.4936520337844173
612.1199999999495,0.4554476242148362
612.1299999999495,0.6091463695563776
612.1399999999495,0.39769810380888093
612.1499999999494,0.5511364941959271
612.1599999999494,0.5671676481774097
612.1699999999494,0.38445448928066456
612.1799999999494,0.6042276215797832
612.1899999999492,0.4781221074868049
612.1999999999492,0.47131335199790947
612.2099999999492,0.6058040443886532
612.2199999999491,0.38805039840774436
612.2299999999491,0.5625825683060557
612.2399999999491,0.5557425987251218
612.2499999999491,0.39387025672726145
612.259999999949,0.6076699630244918
612.2699999999489,0.46145751854383776
612.2799999999489,0.48803218604192194
612.2899999999488,0.6009491387489065
612.2999999999488,0.38064474774878326
612.3099999999488,0.573410689782442
612.3199999999488,0.5423674142906053
612.3299999999487,0.40642017133929026
612.3399999999486,0.6099084832051215
612.3499999999486,0.4440629347790806
612.3599999999485,0.5052060743476916
612.3699999999485,0.5943332521638315
612.3799999999485,0.37638465020827344
612.3899999999485,0.5833413052411802
612.3999999999484,0.5269296834766231
612.4099999999484,0.42193501455350485
612.4199999999483,0.6106979460047618
612.4299999999482,0.4265789377634059
612.4399999999482,0.5223945706493297
612.4499999999482,0.5856962536963932
612.4599999999482,0.3761326642632913
612.4699999999481,0.5920929197296876
612.4799999999481,0.5094095481339408
612.489999999948,0.4400181883797404
612.4999999999479,0.6097771669065268
612.5099999999479,0.409923667664351
612.5199999999479,0.5391393476660521
612.5299999999479,0.5747752152723842
612.5399999999478,0.38057428101633956
612.5499999999478,0.5993832764808251
612.5599999999478,0.48994117261475884
612.5699999999476,0.4600725380595825
612.5799999999476,0.6068665119696648
612.5899999999476,0.3952988801949907
612.5999999999476,0.5549861010407648
612.6099999999475,0.5613224216948416
612.6199999999475,0.39007315901415324
612.6299999999475,0.6049278541282272
612.6399999999473,0.4688955534585569
612.6499999999473,0.4813551680456963
612.6599999999473,0.6016664649162281
612.6699999999472,0.3841286697491296
612.6799999999472,0.569500707813591
612.6899999999472,0.5451382950474196
612.6999999999472,0.4045577535233389
612.7099999999471,0.6084358319919254
612.719999999947,0.4469798814789961
612.729999999947,0.5030480798212009
612.7399999999469,0.5938594299821109
612.7499999999469,0.37790260506450385
612.7599999999469,0.5822778271789512
612.7699999999469,0.526127261210227
612.7799999999468,0.42347996815316197
612.7899999999468,0.6096041237435843
612.7999999999467,0.4253339852076023
612.8099999999466,0.5243290000075462
612.8199999999466,0.583118553719607
612.8299999999466,0.37792059354801477
612.8399999999466,0.5929415577210051
612.8499999999465,0.5043859428881268
612.8599999999465,0.44586702065697176
612.8699999999465,0.6081106836013109
612.8799999999463,0.40558105300590097
612.8899999999463,0.5444285350866533
612.8999999999463,0.5691298748221271
612.9099999999463,0.38498611388895926
612.9199999999462,0.601138962483489
612.9299999999462,0.48033080417252133
612.9399999999462,0.4704547952847419
612.949999999946,0.6036092435625359
612.959999999946,0.3897651039926949
612.969999999946,0.5626653161412302
612.979999999946,0.5516377375737954
612.9899999999459,0.3991465500895732
612.9999999999459,0.6065281239446116
613.0099999999459,0.4548609722857371
613.0199999999458,0.4958618040232994
613.0299999999457,0.5957292832831975
613.0399999999457,0.38010412858392545
613.0499999999457,0.5784573136590524
613.0599999999456,0.5305277408710694
613.0699999999456,0.41959294208839765
613.0799999999456,0.6087630169310186
613.0899999999455,0.4295235988926182
613.0999999999455,0.5207531847343142
613.1099999999454,0.5840878734243373
613.1199999999454,0.3785392828004319
613.1299999999453,0.5913126188407429
613.1399999999453,0.505964366711837
613.1499999999453,0.4447777107794424
613.1599999999452,0.6074782344530645
613.1699999999452,0.40659986213615507
613.1799999999452,0.5439564182785359
613.1899999999451,0.5683246841606081
613.199999999945,0.3861791647887579
613.209999999945,0.6008056922993543
613.219999999945,0.4785955873480771
613.2299999999449,0.47271023803357237
613.2399999999449,0.6022780332163371
613.2499999999449,0.38897664762401296
613.2599999999449,0.5645140518055025
613.2699999999447,0.5481782402717873
613.2799999999447,0.40286457501583495
613.2899999999447,0.6065457276060732
613.2999999999446,0.44981123357263986
613.3099999999446,0.5013125880360789
613.3199999999446,0.5927371044836789
613.3299999999446,0.37967115253208916
613.3399999999444,0.5816799817701845
613.3499999999444,0.5236291424484631
613.3599999999444,0.42709022173908584
613.3699999999443,0.6081435259156331
613.3799999999443,0.42197831876246666
613.3899999999443,0.5287113548101019
613.3999999999443,0.5784260230068733
613.4099999999441,0.38101612945554597
613.4199999999441,0.5948771668136106
613.4299999999441,0.4951382265215484
613.439999999944,0.45635158739607734
613.449999999944,0.605183577232361
613.459999999944,0.39847373470851905
613.469999999944,0.5533970986011106
613.4799999999439,0.5589835736483117
613.4899999999438,0.3937884790108103
613.4999999999438,0.6036362628522576
613.5099999999437,0.46398741851386704
613.5199999999437,0.4877477714193125
613.5299999999437,0.5972104727336218
613.5399999999437,0.3832580064836272
613.5499999999436,0.5742509218683265
613.5599999999436,0.534270726751192
613.5699999999435,0.4167613609447783
613.5799999999434,0.6075311688752775
613.5899999999434,0.43265678615795194
613.5999999999434,0.5185593208444766
613.6099999999434,0.5837451590874969
613.6199999999433,0.37984658394323095
613.6299999999433,0.590479126658826
613.6399999999433,0.5046505452238238
613.6499999999431,0.4469979140407643
613.6599999999431,0.6061238557267292
613.6699999999431,0.40501718238830847
613.6799999999431,0.546600298795383
613.689999999943,0.5643588713465348
613.699999999943,0.3899596692758935
613.709999999943,0.6015048296152123
613.7199999999428,0.47142235234196767
613.7299999999428,0.48073088006933595
613.7399999999428,0.5989310018264196
613.7499999999428,0.3859459046985903
613.7599999999427,0.5703076278945403
613.7699999999427,0.5388512959691132
613.7799999999427,0.4126131179288965
613.7899999999426,0.6068542396407096
613.7999999999425,0.43734722664974324
613.8099999999425,0.5143238813787385
613.8199999999425,0.585431998310819
613.8299999999424,0.38004131849905154
613.8399999999424,0.588645285549472
613.8499999999424,0.507596959799085
613.8599999999423,0.44433460428278065
613.8699999999423,0.6060616419328003
613.8799999999422,0.4069784871378596
613.8899999999422,0.5448849281976468
613.8999999999421,0.5651547795665408
613.9099999999421,0.38972553493815115
613.9199999999421,0.60092684416868
613.929999999942,0.4721076530816814
613.939999999942,0.4803967315263815
613.949999999942,0.598611416967623
613.9599999999419,0.38622267621230644
613.9699999999418,0.5704269780337107
613.9799999999418,0.5379034844684915
613.9899999999418,0.4138800731382593
613.9999999999417,0.6066329234583155
614.0099999999417,0.4357294764132437
614.0199999999417,0.5162444833151252
614.0299999999417,0.5839430765236039
614.0399999999415,0.3806162924346588
614.0499999999415,0.5897151089403334
614.0599999999415,0.5042181098975747
614.0699999999414,0.4481401012747759
614.0799999999414,0.6052660711282762
614.0899999999414,0.40405413648961214
614.0999999999414,0.5483754374919264
614.1099999999412,0.5615699551325646
614.1199999999412,0.392756414014101
614.1299999999412,0.6019910604946604
614.1399999999411,0.4661273009019549
614.1499999999411,0.4866724625075699
614.1599999999411,0.5962694207295236
614.1699999999411,0.38419438997866084
614.179999999941,0.5745151124579225
614.1899999999409,0.5314032375825739
614.1999999999409,0.42064790814509406
614.2099999999408,0.6067060605850841
614.2199999999408,0.42803834450894584
614.2299999999408,0.5241135158448269
614.2399999999408,0.5790456495030438
614.2499999999407,0.3822723865772654
614.2599999999406,0.593347261176526
614.2699999999406,0.4944056028542515
614.2799999999405,0.45849673911927846
614.2899999999405,0.603325207973039
614.2999999999405,0.3970655038653589
614.3099999999405,0.5566009413639242
614.3199999999404,0.553151898388041
614.3299999999404,0.4000955434166481
614.3399999999403,0.6041095350775686
614.3499999999402,0.4536207305455536
614.3599999999402,0.4993083999618476
614.3699999999402,0.5912387044333162
614.3799999999402,0.38155014202598136
614.3899999999401,0.5818187158828954
614.3999999999401,0.5188067934148781
614.40999999994,0.43373750654509097
614.4199999999399,0.6062401640198013
614.4299999999399,0.41520842544306646
614.4399999999399,0.5372315419274312
614.4499999999399,0.5698358998783074
614.4599999999398,0.3872891154724364
614.4699999999398,0.5985292777465738
614.4799999999398,0.4778668816642557
614.4899999999396,0.47552976208374376
614.4999999999396,0.5991516304363163
614.5099999999396,0.3882468919084808
614.5199999999396,0.568453656968171
614.5299999999395,0.5388640228307325
614.5399999999395,0.41376143346874145
614.5499999999395,0.6060284757061051
614.5599999999394,0.4352006136760145
614.5699999999393,0.5176072471768928
614.5799999999393,0.5821779407855361
614.5899999999393,0.3816846192728088
614.5999999999392,0.5909139174733936
614.6099999999392,0.4992726101198618
614.6199999999392,0.45406858809613654
614.6299999999391,0.6037342038316911
614.639999999939,0.3995520240754242
614.649999999939,0.5542299322729255
614.659999999939,0.5547925711942296
614.6699999999389,0.39909545414589526
614.6799999999389,0.6035870265238453
614.6899999999389,0.45467776435765483
614.6999999999388,0.4987938175932648
614.7099999999388,0.5909821469625551
614.7199999999388,0.3818086515899156
614.7299999999387,0.5821208921999842
614.7399999999386,0.5173013723720128
614.7499999999386,0.43578789231648074
614.7599999999386,0.6058358985346924
614.7699999999385,0.41293854642124816
614.7799999999385,0.5400321158424148
614.7899999999385,0.5671030715870979
614.7999999999384,0.3894720568027841
614.8099999999383,0.5997055604510728
614.8199999999383,0.47226623143338264
614.8299999999383,0.4816440663620642
614.8399999999382,0.5970140997758188
614.8499999999382,0.38581271203270795
614.8599999999382,0.5729171566329418
614.8699999999382,0.5319672321119684
614.879999999938,0.42106350290419425
614.889999999938,0.6061972164977668
614.899999999938,0.4265002867603732
614.9099999999379,0.526619967881852
614.9199999999379,0.5763897876954623
614.9299999999379,0.3840571533743153
614.9399999999379,0.5950745710462898
614.9499999999377,0.48731400159396987
614.9599999999377,0.46674743625120524
614.9699999999377,0.600954246987528
614.9799999999376,0.39191867723727136
614.9899999999376,0.5639716943211853
614.9999999999376,0.54354835791799
615.0099999999376,0.4098311142856073
615.0199999999375,0.6054527883629693
615.0299999999374,0.4389741057113896
615.0399999999374,0.5146027739311247
615.0499999999373,0.5832256968620055
615.0599999999373,0.3817429450777103
615.0699999999373,0.5902881709243766
615.0799999999373,0.4996168499983607
615.0899999999372,0.4544256674587669
615.0999999999372,0.6033833613417886
615.1099999999371,0.39866111953381766
615.119999999937,0.555846371925269
615.129999999937,0.5524152631179587
615.139999999937,0.4017118582768506
615.149999999937,0.6041358241157876
615.1599999999369,0.449611433465407
615.1699999999369,0.5044303448108127
615.1799999999369,0.5881147113220961
615.1899999999367,0.38140086607001744
615.1999999999367,0.5858435696764345
615.2099999999367,0.5092100512617284
615.2199999999367,0.44477440522141837
615.2299999999366,0.6047801829768971
615.2399999999366,0.40495485082901556
615.2499999999366,0.5489907399298859
615.2599999999364,0.5589360287401036
615.2699999999364,0.3961676081028975
615.2799999999364,0.6026809873379667
615.2899999999364,0.4580167022174153
615.2999999999363,0.4964042532072706
615.3099999999363,0.5914718516248716
615.3199999999363,0.3820462414957306
615.3299999999361,0.5821396720692451
615.3399999999361,0.5162304540833602
615.3499999999361,0.4377356200139665
615.3599999999361,0.6055226788911441
615.369999999936,0.41006065755677273
615.379999999936,0.5437435049718646
615.389999999936,0.5634269522100211
615.3999999999359,0.39264333965773496
615.4099999999358,0.6014256621622031
615.4199999999358,0.46400831170864076
615.4299999999358,0.4907054356217249
615.4399999999357,0.5936160399438927
615.4499999999357,0.3829177552059288
615.4599999999357,0.5794765402681037
615.4699999999356,0.5208323451834955
615.4799999999356,0.43317980539110146
615.4899999999355,0.6058897292820782
615.4999999999355,0.41351335835270164
615.5099999999354,0.5403400430841768
615.5199999999354,0.5661280333549482
615.5299999999354,0.3906740834585536
615.5399999999353,0.6006103273803985
615.5499999999353,0.46751784022819753
615.5599999999353,0.48742937699639166
615.5699999999352,0.5947680706318308
615.5799999999351,0.3834997619413787
615.5899999999351,0.5780561726146783
615.5999999999351,0.5231391604822894
615.609999999935,0.43097949768426846
615.619999999935,0.6060623549067005
615.629999999935,0.4150514620262184
615.639999999935,0.5389227838173848
615.6499999999348,0.5671913700845074
615.6599999999348,0.3899530461432387
615.6699999999348,0.6003786287434203
615.6799999999347,0.46852558257728677
615.6899999999347,0.4866187700991695
615.6999999999347,0.5950503979343882
615.7099999999347,0.38351795710202874
615.7199999999345,0.5779839918335056
615.7299999999345,0.5232177825137085
615.7399999999345,0.43106221544701256
615.7499999999344,0.6061244329087097
615.7599999999344,0.41456709600358355
615.7699999999344,0.5395503177599408
615.7799999999344,0.5666760886720341
615.7899999999343,0.39036766063388845
615.7999999999342,0.6007774196267052
615.8099999999342,0.46702599904937936
615.8199999999341,0.48828517766766755
615.8299999999341,0.5944873429571246
615.8399999999341,0.3829307172592503
615.8499999999341,0.5792700158786239
615.859999999934,0.521067350492952
615.869999999934,0.4334370540340287
615.879999999934,0.6060630429689927
615.8899999999338,0.4120831430450675
615.8999999999338,0.5422017388249905
615.9099999999338,0.5645467306458968
615.9199999999338,0.3920115213477884
615.9299999999337,0.6017568275740939
615.9399999999337,0.46301803296861677
615.9499999999337,0.4924145169546552
615.9599999999335,0.5930052065714321
615.9699999999335,0.3819278673066765
615.9799999999335,0.5818289571809062
615.9899999999335,0.5166188169001265
615.9999999999334,0.43819295930277113
616.0099999999334,0.6057685407080496
616.0199999999334,0.4077594412874893
616.0299999999332,0.5467745961120811
616.0399999999332,0.5606740413164293
616.0499999999332,0.3951756854541092
616.0599999999332,0.603170356254346
616.0699999999331,0.45651870571977027
616.0799999999331,0.49895509126788323
616.0899999999331,0.5904321859360294
616.099999999933,0.38093861589864325
616.1099999999329,0.5854792157658357
616.1199999999329,0.509745109676485
616.1299999999329,0.4454687235913745
616.1399999999328,0.6050343390264361
616.1499999999328,0.401927751522186
616.1599999999328,0.5530772179011637
616.1699999999327,0.554838661720704
616.1799999999326,0.40031638995169744
616.1899999999326,0.604775049074848
616.1999999999326,0.4476022909048642
616.2099999999325,0.5077909103203233
616.2199999999325,0.586498309223736
616.2299999999325,0.3806405460285451
616.2399999999324,0.5899414824971704
616.2499999999324,0.5002853646414473
616.2599999999323,0.45539692511734
616.2699999999323,0.6035562615699821
616.2799999999322,0.3951523064380421
616.2899999999322,0.560818329155887
616.2999999999322,0.5467400212513005
616.3099999999321,0.4079913399161058
616.3199999999321,0.6062316701774559
616.329999999932,0.4364706731967849
616.339999999932,0.5187068368164767
616.3499999999319,0.5808361607053064
616.3599999999319,0.3819509777102643
616.3699999999319,0.5948380216345843
616.3799999999318,0.48809096365310767
616.3899999999318,0.4680282052903446
616.3999999999318,0.6009312995461584
616.4099999999318,0.3883053831226547
616.4199999999316,0.5695980857155959
616.4299999999316,0.536015526422296
616.4399999999316,0.4187570900642328
616.4499999999315,0.6071046077489103
616.4599999999315,0.4235613323054199
616.4699999999315,0.531354970928585
616.4799999999315,0.5729844225114697
616.4899999999313,0.3859721629536366
616.4999999999313,0.5996933755916952
616.5099999999313,0.47310632449145307
616.5199999999312,0.4832487494158824
616.5299999999312,0.5966558614861085
616.5399999999312,0.38263194886594587
616.5499999999312,0.5789043289455531
616.559999999931,0.5222798838739507
616.569999999931,0.4330291939911928
616.579999999931,0.6068608391174832
616.5899999999309,0.40969344109547906
616.5999999999309,0.545232398472422
616.6099999999309,0.5623989823836435
616.6199999999309,0.39385899166690785
616.6299999999308,0.6039362284604498
616.6399999999308,0.45550237770707447
616.6499999999307,0.500710283714033
616.6599999999306,0.5901246259032057
616.6699999999306,0.37975356217088696
616.6799999999306,0.5881158665501561
616.6899999999306,0.5052020842287412
616.6999999999305,0.4509252700995822
616.7099999999305,0.6048671252736834
616.7199999999305,0.39623190933800234
616.7299999999303,0.5596777757648068
616.7399999999303,0.548481863731749
616.7499999999303,0.40659361589342796
616.7599999999303,0.6069008228152073
616.7699999999302,0.43588038304098964
616.7799999999302,0.5197936766031224
616.7899999999302,0.5806338419083849
616.79999999993,0.3815392228291832
616.80999999993,0.5965113869466782
616.81999999993,0.4846482957109154
616.82999999993,0.47213218558973435
616.8399999999299,0.600385279020994
616.8499999999299,0.38520482884010987
616.8599999999299,0.5738881069005607
616.8699999999297,0.5306485184351469
616.8799999999297,0.42469460123026553
616.8899999999297,0.6078253223394526
616.8999999999297,0.4155450018864747
616.9099999999296,0.5396200365939983
616.9199999999296,0.5673991775131608
616.9299999999296,0.3897781556090076
616.9399999999295,0.6032793270209331
616.9499999999294,0.46092851274683777
616.9599999999294,0.49584732050142366
616.9699999999294,0.592568107400917
616.9799999999293,0.379245365365511
616.9899999999293,0.5869492627380283
616.9999999999293,0.5084711057968136
617.0099999999292,0.4479483025604237
617.0199999999292,0.6058448381642496
617.0299999999291,0.3967844851329558
617.0399999999291,0.5591072146030909
617.049999999929,0.5496111430761584
617.059999999929,0.40566566155333217
617.069999999929,0.6075220517850176
617.0799999999289,0.43517664418070867
617.0899999999289,0.5208260598702582
617.0999999999289,0.5804658154481435
617.1099999999288,0.3811909389525206
617.1199999999287,0.5978674542641781
617.1299999999287,0.4819576073328075
617.1399999999287,0.4752853999099693
617.1499999999286,0.5999799998553114
617.1599999999286,0.3829728791188303
617.1699999999286,0.5770514055682632
617.1799999999286,0.5265751911003994
617.1899999999284,0.4292604818052418
617.1999999999284,0.6082484176355912
617.2099999999284,0.40982610697787086
617.2199999999283,0.5455249692933964
617.2299999999283,0.5630687481649266
617.2399999999283,0.3932657168013223
617.2499999999283,0.6055869015355919
617.2599999999281,0.4520363402186391
617.2699999999281,0.5048867070010793
617.2799999999281,0.5891308031382243
617.289999999928,0.37817144058585994
617.299999999928,0.5922025744184485
617.309999999928,0.49802102117410607
617.319999999928,0.45919357793495863
617.3299999999278,0.6043536547600722
617.3399999999278,0.38895396006673627
617.3499999999278,0.5682858683088671
617.3599999999277,0.5394448675632678
617.3699999999277,0.41607293329624956
617.3799999999277,0.6089825766744174
617.3899999999277,0.4212517647077972
617.3999999999276,0.5344906786507599
617.4099999999275,0.5721060136490522
617.4199999999275,0.3859602597163235
617.4299999999274,0.6033043415809645
617.4399999999274,0.4646996771432368
617.4499999999274,0.4928460202796747
617.4599999999274,0.5945975791468563
617.4699999999273,0.3779700112030232
617.4799999999273,0.5874886448060155
617.4899999999272,0.5090868474039102
617.4999999999271,0.44796236025441
617.5099999999271,0.6068263357711544
617.5199999999271,0.39441623316023333
617.5299999999271,0.5617658214971923
617.539999999927,0.5477622294282227
617.549999999927,0.4077472057200823
617.559999999927,0.6090820991833653
617.5699999999268,0.4293345663834441
617.5799999999268,0.5269427617664427
617.5899999999268,0.5776193764668691
617.5999999999268,0.38205311006798176
617.6099999999267,0.6016189428855676
617.6199999999267,0.47264946222916215
617.6299999999267,0.4852855641353073
617.6399999999265,0.5977424958475966
617.6499999999265,0.37843976313134997
617.6599999999265,0.5845880847282514
617.6699999999265,0.515408771778462
617.6799999999264,0.44157463996198715
617.6899999999264,0.6081824407174329
617.6999999999264,0.3976402995999099
617.7099999999263,0.558246401512021
617.7199999999262,0.552087153888021
617.7299999999262,0.40353168356056923
617.7399999999262,0.6092349591533748
617.7499999999261,0.43321844859851727
617.7599999999261,0.5234553718494412
617.7699999999261,0.5802059202091119
617.779999999926,0.38025710061624646
617.789999999926,0.6011323028500588
617.799999999926,0.47574217104100824
617.8099999999259,0.48248530809342405
617.8199999999258,0.5990931720482187
617.8299999999258,0.378278109832752
617.8399999999258,0.5840162569426374
617.8499999999257,0.5171989726108822
617.8599999999257,0.43992384301033455
617.8699999999257,0.6088549559562593
617.8799999999256,0.39775827758855914
617.8899999999255,0.5581385395236649
617.8999999999255,0.5527194528512154
617.9099999999255,0.4029720431836106
617.9199999999254,0.6097819066609375
617.9299999999254,0.43253873647884516
617.9399999999254,0.5243046811497847
617.9499999999254,0.5801235625551778
617.9599999999252,0.3799950500790471
617.9699999999252,0.6020976384529427
617.9799999999252,0.47391523239159467
617.9899999999251,0.4845718414062843
617.9999999999251,0.5988227795812752
618.0099999999251,0.37705659668929303
618.0199999999251,0.5859387310093017
618.0299999999249,0.5144803228117661
618.0399999999249,0.44303530107169503
618.0499999999249,0.608925166661567
618.0599999999248,0.3945833219561873
618.0699999999248,0.5615214197341019
618.0799999999248,0.5496446064340272
618.0899999999248,0.4061296593892195
618.0999999999246,0.6107134191575633
618.1099999999246,0.4272370145202159
618.1199999999246,0.5295068199699552
618.1299999999245,0.5772762495395549
618.1399999999245,0.381517987481361
618.1499999999245,0.6044146457415323
618.1599999999245,0.467079599809903
618.1699999999244,0.4915777756023033
618.1799999999243,0.5967460992790582
618.1899999999243,0.3752300667939948
618.1999999999242,0.590166574545395
618.2099999999242,0.5070449886216599
618.2199999999242,0.45111964701501805
618.2299999999242,0.6081196530943002
618.2399999999241,0.3885942759417506
618.2499999999241,0.5681366291073413
618.259999999924,0.5425216220132819
618.2699999999239,0.4135975184194838
618.2799999999239,0.611666191928717
618.2899999999239,0.4175829475011254
618.2999999999239,0.5387981019851535
618.3099999999238,0.5712084298041633
618.3199999999238,0.38590122836353
618.3299999999238,0.6076256290119654
618.3399999999236,0.45517015280664674
618.3499999999236,0.5033795849063686
618.3599999999236,0.5923134544198242
618.3699999999236,0.37419090106525954
618.3799999999235,0.5961486108713638
618.3899999999235,0.4945011691918331
618.3999999999235,0.4644369664174273
618.4099999999233,0.6058042206855739
618.4199999999233,0.38110171978037377
618.4299999999233,0.5773635193295724
618.4399999999233,0.530708686596901
618.4499999999232,0.42630127706265086
618.4599999999232,0.611919290862602
618.4699999999232,0.4044156516608206
618.479999999923,0.5515646413872181
618.489999999923,0.5611098880433006
618.499999999923,0.3948815137939379
618.509999999923,0.6109138908070337
618.5199999999229,0.4383803318141592
618.5299999999229,0.5195358942935575
618.5399999999229,0.5846031419361326
618.5499999999228,0.37629331366751606
618.5599999999228,0.6029661506768396
618.5699999999227,0.47644431246825025
618.5799999999227,0.4829996227941704
618.5899999999226,0.6009732225198406
618.5999999999226,0.374533376142346
618.6099999999226,0.5881936238176086
618.6199999999225,0.5133590396498035
618.6299999999225,0.44507303197248443
618.6399999999225,0.6103871934944033
618.6499999999224,0.38961284002303187
618.6599999999223,0.5667632258511311
618.6699999999223,0.545851923358498
618.6799999999223,0.41041796539021663
618.6899999999222,0.6131033131814769
618.6999999999222,0.417657590511052
618.7099999999222,0.539101248236502
618.7199999999222,0.5723213616669408
618.729999999922,0.38462339361999454
618.739999999922,0.6093363755020054
618.749999999922,0.45285574052837235
618.7599999999219,0.5062108460781803
618.7699999999219,0.592234055899887
618.7799999999219,0.37261238691680765
618.7899999999219,0.5992269445884371
618.7999999999217,0.48967881060301854
618.8099999999217,0.4700612840890356
618.8199999999217,0.6056039864909064
618.8299999999216,0.3766875382256188
618.8399999999216,0.5828870148734127
618.8499999999216,0.5241189150453016
618.8599999999216,0.4339036626523469
618.8699999999214,0.6126519308698004
618.8799999999214,0.395523940215658
618.8899999999214,0.5605174127903897
618.8999999999213,0.5538451952174461
618.9099999999213,0.4022171960863368
618.9199999999213,0.6136205528127424
618.9299999999213,0.4248989662259116
618.9399999999212,0.5326044217034305
618.9499999999211,0.5777997443774009
618.9599999999211,0.37995389695469617
618.969999999921,0.6086964504264879
618.979999999921,0.45953995046390683
618.989999999921,0.5001955582556066
618.999999999921,0.5956958242205252
619.0099999999209,0.37107587345718596
619.0199999999209,0.5980036620402883
619.0299999999208,0.4947965232799229
619.0399999999207,0.46521193729523813
619.0499999999207,0.6076263073050173
619.0599999999207,0.37703965859985183
619.0699999999207,0.5816522902792168
619.0799999999206,0.5274189897594193
619.0899999999206,0.4306664634724351
619.0999999999206,0.6138171938310891
619.1099999999204,0.3962289553686418
619.1199999999204,0.559840903856025
619.1299999999204,0.5555517021290716
619.1399999999204,0.40055460227430273
619.1499999999203,0.6144960313182808
619.1599999999203,0.42474712425283934
619.1699999999203,0.5330181227204503
619.1799999999201,0.578365738969381
619.1899999999201,0.3791876239375251
619.1999999999201,0.6098378460462961
619.2099999999201,0.45795592719430495
619.21999999992,0.5021014502339021
619.22999999992,0.5956526183370376
619.23999999992,0.370003770565947
619.2499999999199,0.5999629612302303
619.2599999999198,0.4917924732326144
619.2699999999198,0.46872052300440387
619.2799999999198,0.6075136457508868
619.2899999999197,0.37436399987802527
619.2999999999197,0.5849747869979718
619.3099999999197,0.5233772315337553
619.3199999999196,0.4353917159183135
619.3299999999196,0.614162965922901
619.3399999999195,0.39106810757552635
619.3499999999195,0.5650359900580465
619.3599999999194,0.5510141986782339
619.3699999999194,0.4054615548720236
619.3799999999194,0.6158197799293252
619.3899999999193,0.41691450636613525
619.3999999999193,0.540486364882115
619.4099999999193,0.5739020334181646
619.4199999999192,0.38265004930318125
619.4299999999191,0.6126609173230364
619.4399999999191,0.44789680942058424
619.4499999999191,0.5120022215224085
619.459999999919,0.5918027237921281
619.469999999919,0.37018162613386363
619.479999999919,0.6048133613312586
619.489999999919,0.48031942241817394
619.4999999999188,0.4807800183583141
619.5099999999188,0.6047783522582093
619.5199999999188,0.36980247959903895
619.5299999999187,0.5923760792801015
619.5399999999187,0.5114019580064175
619.5499999999187,0.44869208992636095
619.5599999999187,0.613016731690919
619.5699999999185,0.3812039129722808
619.5799999999185,0.5754680611595029
619.5899999999185,0.5393793841379135
619.5999999999184,0.4183165804782802
619.6099999999184,0.616730187138022
619.6199999999184,0.40220315754711616
619.6299999999183,0.5543038194242301
619.6399999999182,0.5633175979827707
619.6499999999182,0.3927201331102295
619.6599999999182,0.6161052772758516
619.6699999999181,0.42954942285592024
619.6799999999181,0.5292976237823775
619.6899999999181,0.5828492506818089
619.699999999918,0.37492857010643676
619.709999999918,0.6112860070627547
619.719999999918,0.4598731891953545
619.7299999999179,0.5011911823716246
619.7399999999178,0.5979406909139721
619.7499999999178,0.3671888320148803
619.7599999999178,0.6023799257421003
619.7699999999177,0.4903568561814857
619.7799999999177,0.4711835886822907
619.7899999999177,0.6087244545770574
619.7999999999176,0.3703219425396483
619.8099999999175,0.5894822460370861
619.8199999999175,0.5189999107455644
619.8299999999175,0.4410171789037177
619.8399999999174,0.61539350893707
619.8499999999174,0.3835035837321469
619.8599999999174,0.5727170070916304
619.8699999999174,0.5445811710661109
619.8799999999172,0.41294785053129535
619.8899999999172,0.6181417457993156
619.8999999999172,0.4045891830659292
619.9099999999171,0.552296074204398
619.9199999999171,0.566480531631278
619.9299999999171,0.38952759310035223
619.9399999999171,0.6171357353761872
619.9499999999169,0.4307864526985189
619.9599999999169,0.5285958089545171
619.9699999999169,0.5844788885177746
619.9799999999168,0.37318111059437137
619.9899999999168,0.6125069960411522
619.9999999999168,0.4593355618246056
620.0099999999168,0.5022464139498898
620.0199999999166,0.5985925762258694
620.0299999999166,0.3656705761304299
620.0399999999166,0.6043583800628003
620.0499999999165,0.48795642507795955
620.0599999999165,0.4742191651166388
620.0699999999165,0.6089562214530284
620.0799999999165,0.3676512869763935
620.0899999999164,0.5927815216917285
620.0999999999163,0.5150145820834873
620.1099999999163,0.4458826567132647
620.1199999999162,0.6157483301892351
620.1299999999162,0.37852468738124445
620.1399999999162,0.5778844757493495
620.1499999999162,0.5394851377038871
620.1599999999161,0.4189860524007419
620.1699999999161,0.6191485291270827
620.179999999916,0.3966564772604746
620.1899999999159,0.5598296760387796
620.1999999999159,0.5608218794126214
620.2099999999159,0.39552694918059206
620.2199999999159,0.6193162983802551
620.2299999999158,0.4198407955828
620.2399999999158,0.5388819833986593
620.2499999999158,0.5788094711779607
620.2599999999156,0.3774882665937039
620.2699999999156,0.6163838003477488
620.2799999999156,0.445798100816592
620.2899999999156,0.5154644780037932
620.2999999999155,0.5934375647508051
620.3099999999155,0.36648589457355935
620.3199999999155,0.6104581308992114
620.3299999999153,0.47253927068646556
620.3399999999153,0.49021537156326583
620.3499999999153,0.604808175627109
620.3599999999153,0.36343259821207474
620.3699999999152,0.6016304164625396
620.3799999999152,0.4985402843442155
620.3899999999152,0.4640330961064345
620.399999999915,0.6130739374161772
620.409999999915,0.36834671606473035
620.419999999915,0.5899905943543968
620.429999999915,0.5227610611972684
620.4399999999149,0.4380898346162109
620.4499999999149,0.61840025725695
620.4599999999149,0.38038445243625313
620.4699999999148,0.5756475075854778
620.4799999999148,0.5445747468334223
620.4899999999147,0.4137903552502637
620.4999999999147,0.6209442889551732
620.5099999999146,0.39807512128190853
620.5199999999146,0.5587541448150998
620.5299999999146,0.563665305359692
620.5399999999145,0.3926587381508741
620.5499999999145,0.6208451309255254
620.5599999999145,0.4196558040910092
620.5699999999144,0.5395374085938702
620.5799999999143,0.5799286648340096
620.5899999999143,0.376154848710183
620.5999999999143,0.6182213643721102
620.6099999999142,0.4433851184926748
620.6199999999142,0.5183305968909022
620.6299999999142,0.5933926845828722
620.6399999999142,0.3654525182651504
620.649999999914,0.6131734683058289
620.659999999914,0.4677587419388113
620.669999999914,0.4956047868834346
620.6799999999139,0.6041589089151053
620.6899999999139,0.36123878569109513
620.6999999999139,0.6057896766602404
620.7099999999139,0.4916093726441733
620.7199999999137,0.47199271106717455
620.7299999999137,0.6123633630110443
620.7399999999137,0.36359912394353655
620.7499999999136,0.5961545159687479
620.7599999999136,0.5141152593909526
620.7699999999136,0.448296198285654
620.7799999999136,0.6181519488645406
620.7899999999134,0.3720274887899636
620.7999999999134,0.5843596411853665
620.8099999999134,0.5347551054343367
620.8199999999133,0.4254671546984035
620.8299999999133,0.6216662115348076
620.8399999999133,0.3855534783302442
620.8499999999133,0.5705167167755647
620.8599999999132,0.5532420171735738
620.8699999999131,0.40455417459595683
620.8799999999131,0.6230361225492664
620.889999999913,0.40293816807943883
620.899999999913,0.5547719883686325
620.909999999913,0.5694573982463191
620.919999999913,0.386613594925736
620.9299999999129,0.6223774716075982
620.9399999999129,0.42287629833836726
620.9499999999128,0.5373218602536686
620.9599999999127,0.5833949211087481
620.9699999999127,0.3725947068101034
620.9799999999127,0.6197922445732154
620.9899999999127,0.44415659440363237
620.9999999999126,0.5184282468763457
621.0099999999126,0.5951175511577028
621.0199999999126,0.3632205274192477
621.0299999999124,0.6153709475027717
621.0399999999124,0.4657593055559454
621.0499999999124,0.4984317545828412
621.0599999999124,0.6047268390270581
621.0699999999123,0.3588923119601701
621.0799999999123,0.6091962339921698
621.0899999999123,0.48689420410251694
621.0999999999121,0.4777600072230586
621.1099999999121,0.6123422239406149
621.1199999999121,0.3596428931415581
621.1299999999121,0.601347444376372
621.139999999912,0.5069952843154126
621.149999999912,0.4569279036816987
621.159999999912,0.6180878629272253
621.1699999999119,0.3651506090904683
621.1799999999118,0.5919058054184315
621.1899999999118,0.5256908526919678
621.1999999999118,0.43652663556614946
621.2099999999117,0.6220848181152284
621.2199999999117,0.37480750807261526
621.2299999999117,0.5809600944015112
621.2399999999116,0.54276409919866
621.2499999999116,0.4171992656649382
621.2599999999115,0.6244469105893857
621.2699999999115,0.3878209450185891
621.2799999999114,0.5686125610101033
621.2899999999114,0.5581138477408065
621.2999999999114,0.3996027746245981
621.3099999999113,0.6252790053456503
621.3199999999113,0.40332239267029085
621.3299999999113,0.5549848379009639
621.3399999999112,0.5717204561982577
621.3499999999111,0.38435953535588896
621.3599999999111,0.6246768635646589
621.3699999999111,0.4204615366709027
621.379999999911,0.5402234716644645
621.389999999911,0.583618593420342
621.399999999911,0.3720044518592584
621.409999999911,0.6227279760698577
621.4199999999108,0.4384733414917014
621.4299999999108,0.5245045870578433
621.4399999999108,0.5938767783857588
621.4499999999107,0.3629363582638224
621.4599999999107,0.6195129878174375
621.4699999999107,0.45671564050915925
621.4799999999107,0.508037086346686
621.4899999999105,0.6025827239510193
621.4999999999105,0.3573825928157939
621.5099999999105,0.6151074553428895
621.5199999999104,0.4746816255812066
621.5299999999104,0.49106371606398086
621.5399999999104,0.6098332832150234
621.5499999999104,0.3553834385303468
621.5599999999102,0.6095837640208202
621.5699999999102,0.4919946097648326
621.5799999999102,0.47385934721131606
621.5899999999101,0.6157278565520458
621.5999999999101,0.35679887703330065
621.6099999999101,0.6030130836483595
621.6199999999101,0.5083924937126406
621.62999999991,0.45672595106191377
621.63999999991,0.6203643002862523
621.6499999999099,0.36133523636598597
621.6599999999098,0.5954672695268688
621.6699999999098,0.5237078609203024
621.6799999999098,0.4399840366032918
621.6899999999098,0.6238365862943271
621.6999999999097,0.3685854611447431
621.7099999999097,0.5870206298217662
621.7199999999096,0.5378476900417812
621.7299999999095,0.4239607409389633
621.7399999999095,0.626233651210028
621.7499999999095,0.3780749909677022
621.7599999999095,0.5777514846375884
621.7699999999094,0.5507749519382032
621.7799999999094,0.408975282956501
621.7899999999094,0.6276390283977662
621.7999999999092,0.38930574807062635
621.8099999999092,0.5677434426836554
621.8199999999092,0.5624930981702533
621.8299999999092,0.3953230083876036
621.8399999999091,0.6281309746264874
621.8499999999091,0.4017928374924185
621.8599999999091,0.5570863214825642
621.8699999999089,0.5730336484164662
621.8799999999089,0.38325965013041297
621.8899999999089,0.627782890891111
621.8999999999089,0.41509124365486005
621.9099999999088,0.5458766405438286
621.9199999999088,0.5824466461704769
621.9299999999088,0.3729875821228577
621.9399999999087,0.6266638996392735
621.9499999999086,0.42881220083716587
621.9599999999086,0.5342176259281042
621.9699999999086,0.5907935590333566
621.9799999999085,0.36464568764534494
621.9899999999085,0.6248394848083766
621.9999999999085,0.44263055201083357
622.0099999999084,0.5222186818258701
622.0199999999084,0.5981421528220041
622.0299999999083,0.3583039984498542
622.0399999999083,0.6223721316707358
622.0499999999082,0.4562852120070333
622.0599999999082,0.5099943101753942
622.0699999999082,0.6045628987049488
622.0799999999081,0.35396358189126814
622.0899999999081,0.6193219245781405
622.099999999908,0.46957498787508806
622.109999999908,0.497662493208344
622.1199999999079,0.6101265354411781
622.1299999999079,0.35156140928086366
622.1399999999079,0.6157470752575656
622.1499999999078,0.48235173482698535
622.1599999999078,0.4853425928783107
622.1699999999078,0.614902480266248
622.1799999999077,0.35097929313186055
622.1899999999076,0.6117043644188062
622.1999999999076,0.4945123730545801
622.2099999999076,0.4731528626932573
622.2199999999075,0.6189578487884568
622.2299999999075,0.35205555812038564
622.2399999999075,0.6072494869204226
622.2499999999075,0.5059908165429671
622.2599999999073,0.46120770591588944
622.2699999999073,0.6223569015860747
622.2799999999073,0.3545979640433611
622.2899999999072,0.6024372962372349
622.2999999999072,0.5167504578233146
622.3099999999072,0.44961484380791705
622.3199999999072,0.6251607817885959
622.329999999907,0.35839650808159856
622.339999999907,0.5973219485649727
622.349999999907,0.526777542334655
622.3599999999069,0.4384725746459659
622.3699999999069,0.6274274442980041
622.3799999999069,0.3632350240077366
622.3899999999069,0.5919569507913184
622.3999999999068,0.5360755529803491
622.4099999999067,0.4278673038394119
622.4199999999067,0.6292117051399362
622.4299999999066,0.3689008718457801
622.4399999999066,0.5863951197841976
622.4499999999066,0.5446605919884823
622.4599999999066,0.41787150763621816
622.4699999999065,0.6305653603648078
622.4799999999065,0.3751923860368344
622.4899999999064,0.5806884638564401
622.4999999999063,0.5525576731542321
622.5099999999063,0.4085422585417345
622.5199999999063,0.6315373392668479
622.5299999999063,0.3819240632709781
622.5399999999062,0.5748879994322429
622.5499999999062,0.5597978039332032
622.5599999999062,0.3999203940433942
622.569999999906,0.6321738681221594
622.579999999906,0.38892969295174484
622.589999999906,0.5690435183259942
622.599999999906,0.5664157285171976
622.6099999999059,0.3920303573218051
622.6199999999059,0.6325186287956598
622.6299999999059,0.3960637622789196
622.6399999999057,0.5632033223295112
622.6499999999057,0.5724482095084303
622.6599999999057,0.384880686060453
622.6699999999057,0.6326129025305859
622.6799999999056,0.40320151743274746
622.6899999999056,0.5574139424966339
622.6999999999056,0.577932738847826
622.7099999999054,0.37846507949106617
622.7199999999054,0.6324956934586039
622.7299999999054,0.41023805491763166
622.7399999999054,0.5517198603212158
622.7499999999053,0.5829065851029022
622.7599999999053,0.37276393890197335
622.7699999999053,0.6322038293592912
622.7799999999052,0.41708677398477956
622.7899999999051,0.5461632469038555
622.7999999999051,0.5874061002978652
622.8099999999051,0.36774625580995646
622.819999999905,0.6317720392801431
622.829999999905,0.42367746201884715
622.839999999905,0.540783734342013
622.8499999999049,0.5914662240023051
622.8599999999049,0.3633717151591785
622.8699999999048,0.6312330090223676
622.8799999999048,0.42995422139697315
622.8899999999047,0.5356182309664602
622.8999999999047,0.5951201356565937
622.9099999999047,0.35959288672799516
622.9199999999046,0.6306174164155977
622.9299999999046,0.43587338790053176
622.9399999999046,0.5307007887453618
622.9499999999045,0.598399016446618
622.9599999999044,0.35635739357524177
622.9699999999044,0.6299539488249947
622.9799999999044,0.44140154197673837
622.9899999999043,0.5260625278113197
622.9999999999043,0.6013318911903569
623.0099999999043,0.35360996816426254
623.0199999999043,0.6292693056269032
623.0299999999041,0.44651367403484754
623.0399999999041,0.521731619217306
623.0499999999041,0.6039455274734236
623.059999999904,0.3512943316026364
623.069999999904,0.6285881883944759
623.079999999904,0.45119153653440003
623.089999999904,0.5177333235519624
623.0999999999038,0.6062643749913326
623.1099999999038,0.34935485587857634
623.1199999999038,0.6279332815361249
623.1299999999037,0.4554221941373172
623.1399999999037,0.5140900798046002
623.1499999999037,0.6083105323384871
623.1599999999037,0.34773799112928655
623.1699999999036,0.6273252258538861
623.1799999999035,0.4591967698589436
623.1899999999035,0.5108216360668034
623.1999999999034,0.6101037318126951
623.2099999999034,0.34639345818481393
623.2199999999034,0.6267825873192358
623.2299999999034,0.4625093763430947
623.2399999999033,0.5079452114359079
623.2499999999033,0.6116613353568924
623.2599999999032,0.3452752205782647
623.2699999999031,0.626321823058564
623.2799999999031,0.4653562170537281
623.2899999999031,0.5054756773121163
623.2999999999031,0.6129983366870572
623.309999999903,0.34434225946558833
623.319999999903,0.625957246233999
623.329999999903,0.46773484023469214
623.3399999999028,0.5034257450354012
623.3499999999028,0.6141273660701786
623.3599999999028,0.3435591803079903
623.3699999999028,0.62570099132786
623.3799999999027,0.4696435287137805
623.3899999999027,0.5018061472429962
623.3999999999027,0.6150586952205791
623.4099999999025,0.3428966818637543
623.4199999999025,0.6255629809350993
623.4299999999025,0.4710808097632998
623.4399999999025,0.5006258007123733
623.4499999999024,0.6158002405855331
623.4599999999024,0.34233191708513666
623.4699999999024,0.6255508951382069
623.4799999999022,0.4720450715300509
623.4899999999022,0.49989193950007527
623.4999999999022,0.6163575637935771
623.5099999999022,0.34184877235322203
623.5199999999021,0.625670144245441
623.5299999999021,0.4725342748641048
623.5399999999021,0.49961020908945136
623.549999999902,0.6167338683233322
623.559999999902,0.3414380866863372
623.5699999999019,0.625923845534736
623.5799999999019,0.47254575226764234
623.5899999999018,0.49978471423664556
623.5999999999018,0.6169299917953099
623.6099999999018,0.34109782666531446
623.6199999999017,0.6263128046358002
623.6299999999017,0.4720760886277348
623.6399999999016,0.5004180155588478
623.6499999999016,0.6169443932656986
623.6599999999015,0.34083322603960253
623.6699999999015,0.6268355019369611
623.6799999999015,0.47112108149410536
623.6899999999014,0.501511072729401
623.6999999999014,0.6167731351014536
623.7099999999014,0.3406568915904134
623.7199999999013,0.6274880844075413
623.7299999999012,0.46967578178102093
623.7399999999012,0.503063134750808
623.7499999999012,0.6164098589756762
623.7599999999011,0.34058886898241875
623.7699999999011,0.6282643630798207
623.7799999999011,0.4677346194095945
623.789999999901,0.5050715808810397
623.7999999999009,0.6158457555505794
623.8099999999009,0.34065665426233377
623.8199999999009,0.6291558162694612
623.8299999999008,0.4652916213858856
623.8399999999008,0.5075317187073192
623.8499999999008,0.6150695275019621
623.8599999999008,0.34089512845013403
623.8699999999006,0.6301515984427828
623.8799999999006,0.4623407344548408
623.8899999999006,0.5104365481508308
623.8999999999005,0.6140673455665183
623.9099999999005,0.3413463848035037
623.9199999999005,0.6312385544047122
623.9299999999005,0.4588762675808284
623.9399999999004,0.5137765034789057
623.9499999999003,0.6128227975438879
623.9599999999003,0.3420594111647099
623.9699999999002,0.6324012380986344
623.9799999999002,0.45489347417791787
623.9899999999002,0.5175391866192441
623.9999999999002,0.611316830425275
624.0099999999001,0.3430895841462904
624.0199999999,0.6336219350518841
624.0299999999,0.4503892981745776
624.0399999998999,0.5217091071780189
624.0499999998999,0.6095276863352019
624.0599999998999,0.34449792863328493
624.0699999998999,0.6348806869034793
624.0799999998998,0.4453633117904407
624.0899999998998,0.5262674449225887
624.0999999998998,0.6074308337224967
624.1099999998996,0.346350096323999
624.1199999998996,0.6361553161076423
624.1299999998996,0.4398188763358892
624.1399999998996,0.531191850720922
624.1499999998995,0.6049988963071529
624.1599999998995,0.3487150223412658
624.1699999998995,0.6374214482403051
624.1799999998993,0.4337645591644072
624.1899999998993,0.5364563005827027
624.1999999998993,0.6022015839048339
624.2099999998993,0.35166323007689726
624.2199999998992,0.6386525288527496
624.2299999998992,0.4272158392520096
624.2399999998992,0.5420310153463003
624.249999999899,0.5990056313256099
624.259999999899,0.35526477327490313
624.269999999899,0.6398198312081502
624.279999999899,0.420197129307954
624.2899999998989,0.5478824558026134
624.2999999998989,0.5953747548679391
624.3099999998989,0.35958683042251605
624.3199999998988,0.6408924507291346
624.3299999998987,0.4127441308712111
624.3399999998987,0.5539733986295121
624.3499999998987,0.5912696397868156
624.3599999998986,0.3646910000988141
624.3699999998986,0.6418372814760146
624.3799999998986,0.40490651941818384
624.3899999998985,0.5602630941895218
624.3999999998985,0.5866479780503863
624.4099999998984,0.3706303847880257
624.4199999998984,0.642618969615308
624.4299999998983,0.39675092313179083
624.4399999998983,0.5667075021500141
624.4499999998983,0.5814645832237539
624.4599999998982,0.3774465912353382
624.4699999998982,0.6431998385399527
624.4799999998982,0.3883641109057395
624.4899999998981,0.5732595956776456
624.499999999898,0.5756716194176486
624.509999999898,0.3851668132693249
624.519999999898,0.6435397802495395
624.5299999998979,0.37985623627264115
624.5399999998979,0.5798697203704172
624.5499999998979,0.5692189944436956
624.5599999998979,0.39380119122742174
624.5699999998977,0.6435961077312018
624.5799999998977,0.3713638941099759
624.5899999998977,0.5864859897141721
624.5999999998976,0.562054984596248
624.6099999998976,0.40334065498189725
624.6199999998976,0.6433233635724014
624.6299999998976,0.36305263719779624
624.6399999998974,0.5930546958256636
624.6499999998974,0.5541271799627955
624.6599999998974,0.41375544875120984
624.6699999998973,0.6426730809717178
624.6799999998973,0.3551184773552117
624.6899999998973,0.5995207119854347
624.6999999998973,0.5453838661847298
624.7099999998971,0.4249945032770263
624.7199999998971,0.6415934948851728
624.7299999998971,0.3477877777348137
624.739999999897,0.6058278627247053
624.749999999897,0.5357759909180064
624.759999999897,0.43698576390625604
624.769999999897,0.6400292035420063
624.7799999998969,0.3413148586030499
624.7899999998968,0.6119192374908208
624.7999999998968,0.5252598992437093
624.8099999998967,0.44963750694358773
624.8199999998967,0.6379207843627704
624.8299999998967,0.3359766283226892
624.8399999998967,0.6177374253033966
624.8499999998966,0.5138010609767274
624.8599999998966,0.4628405902274727
624.8699999998965,0.6352043740414377
624.8799999998964,0.3320636660951621
624.8899999998964,0.6232246502048322
624.8999999998964,0.5013790459344639
624.9099999998964,0.476471498270376
624.9199999998963,0.6318112310168773
624.9299999998963,0.32986746980839055
624.9399999998963,0.6283227900331206
624.9499999998961,0.4879940208765492
624.9599999998961,0.49039596950446085
624.9699999998961,0.6276673111041109
624.9799999998961,0.3296640675712039
624.989999999896,0.6329732642197526
624.999999999896,0.4736750241043934
625.009999999896,0.5044729439179677
625.0199999998958,0.6226929050992295
625.0299999998958,0.3316948536522984
625.0399999998958,0.6371167794941613
625.0499999998958,0.4584901901251422
625.0599999998957,0.518558549278143
625.0699999998957,0.616802413646873
625.0799999998957,0.33614625781581553
625.0899999998956,0.640692925494339
625.0999999998955,0.4425589048448594
625.1099999998955,0.5325098551469771
625.1199999998955,0.6099043720148576
625.1299999998954,0.34313052631842356
625.1399999998954,0.6436396150320083
625.1499999998954,0.42606551664833303
625.1599999998953,0.546188161505527
625.1699999998953,0.6019018905214936
625.1799999998952,0.3526702711401485
625.1899999998952,0.645892366740813
625.1999999998951,0.4092736538768448
625.2099999998951,0.5594616456784852
625.2199999998951,0.5926937499057694
625.229999999895,0.3646893365244617
625.239999999895,0.647383430880444
625.249999999895,0.392539371675532
625.259999999895,0.5722072580205405
625.2699999998948,0.5821764903716131
625.2799999998948,0.3790118451788115
625.2899999998948,0.6480407634288545
625.2999999998947,0.37632030351542767
625.3099999998947,0.5843118226432349
625.3199999998947,0.5702479640600984
625.3299999998947,0.39537009685956725
625.3399999998945,0.6477868599461478
625.3499999998945,0.3611768955229655
625.3599999998945,0.5956723576122221
625.3699999998944,0.5568129841207112
625.3799999998944,0.41342055248181764
625.3899999998944,0.6465374713083843
625.3999999998944,0.34776102859715696
625.4099999998942,0.6061956734374214
625.4199999998942,0.5417918924741305
625.4299999998942,0.43276580803595677
625.4399999998941,0.6442002408112751
625.4499999998941,0.33678748468488007
625.4599999998941,0.6157973370230921
625.4699999998941,0.5251330565332639
625.479999999894,0.45297958418572937
625.4899999998939,0.6406733306923681
625.4999999998939,0.32898549606069355
625.5099999998938,0.6244001013990634
625.5199999998938,0.5068304298849643
625.5299999998938,0.4736315265712832
625.5399999998938,0.6358441520898747
625.5499999998937,0.32503150499790745
625.5599999998936,0.6319319012331379
625.5699999998936,0.48694725052714943
625.5799999998935,0.4943090192305728
625.5899999998935,0.6295883849341585
625.5999999998935,0.3254699729702812
625.6099999998935,0.638323504294028
625.6199999998934,0.46564649089550647
625.6299999998934,0.5146340718982017
625.6399999998933,0.6217695863292351
625.6499999998932,0.3306351252282439
625.6599999998932,0.6435058936248267
625.6699999998932,0.4432274966655276
625.6799999998932,0.534274376017502
625.6899999998931,0.61223985541705
625.6999999998931,0.3405903316145956
625.7099999998931,0.6474074386498804
625.7199999998929,0.420165967188838
625.7299999998929,0.5529485737018122
625.7399999998929,0.6008422721452835
625.7499999998929,0.3551008120404149
625.7599999998928,0.6499508998622027
625.7699999998928,0.3971507336451771
625.7799999998928,0.5704264800806387
625.7899999998926,0.5874161823413625
625.7999999998926,0.3736485651355623
625.8099999998926,0.6510503069398679
625.8199999998926,0.3751058482623136
625.8299999998925,0.5865253804256116
625.8399999998925,0.571806881772325
625.8499999998925,0.395487705337624
625.8599999998924,0.6506077596516376
625.8699999998923,0.35518155664863743
625.8799999998923,0.6011036201952129
625.8899999998923,0.5538818518268773
625.8999999998922,0.4197278855439389
625.9099999998922,0.6485102347176326
625.9199999998922,0.3386957136217691
625.9299999998921,0.6140525969140954
625.939999999892,0.5335563441529897
625.949999999892,0.4454273894471791
625.959999999892,0.6446265532826303
625.9699999998919,0.3270125042495307
625.9799999998919,0.625288039023489
625.9899999998919,0.510831573355379
625.9999999998918,0.47167772721839735
626.0099999998918,0.638804794773089
626.0199999998918,0.32136160803017644
626.0299999998917,0.6347411958513728
626.0399999998916,0.48584854654021886
626.0499999998916,0.49766702242891936
626.0599999998916,0.630870666485862
626.0699999998915,0.3226267927401292
626.0799999998915,0.6423503183396052
626.0899999998915,0.4589586829351741
626.0999999998915,0.522717068434104
626.1099999998913,0.6206277031238293
626.1199999998913,0.3311581098906692
626.1299999998913,0.6480526126035139
626.1399999998912,0.4308073982733628
626.1499999998912,0.5462956125189455
626.1599999998912,0.6078607437382366
626.1699999998912,0.346669728740719
626.179999999891,0.6517767121318275
626.189999999891,0.40241715021447655
626.199999999891,0.5680094942775772
626.2099999998909,0.5923449964395648
626.2199999998909,0.3682642423199329
626.2299999998909,0.6534356449529672
626.2399999998909,0.37524171576718707
626.2499999998907,0.5875855667315949
626.2599999998907,0.5738642248027152
626.2699999998907,0.39457986856147176
626.2799999998906,0.6529202765255889
626.2899999998906,0.3511474738250793
626.2999999998906,0.6048456522617461
626.3099999998906,0.5522431597907353
626.3199999998905,0.4240127142705807
626.3299999998904,0.6500933030098038
626.3399999998904,0.33227137870708534
626.3499999998903,0.6196801574120572
626.3599999998903,0.5274008828107386
626.3699999998903,0.454946333244863
626.3799999998903,0.644784087048921
626.3899999998902,0.320726777494661
626.3999999998902,0.6320231921344427
626.4099999998901,0.4994327538956637
626.41999999989,0.4859320316032115
626.42999999989,0.6367850326995359
626.43999999989,0.31818901103421093
626.44999999989,0.6418305587377622
626.4599999998899,0.46872641863352765
626.4699999998899,0.5157931616247912
626.4799999998899,0.6258508934632977
626.4899999998897,0.32547597923568944
626.4999999998897,0.6490609462136496
626.5099999998897,0.4361087478382422
626.5199999998896,0.5436561083411067
626.5299999998896,0.6117035570942396
626.5399999998896,0.3422893034850702
626.5499999998896,0.6536600696742969
626.5599999998894,0.4030001961015382
626.5699999998894,0.5689280082979177
626.5799999998894,0.5940466615506292
626.5899999998893,0.3672411948383936
626.5999999998893,0.6555472522254143
626.6099999998893,0.37151835109472325
626.6199999998893,0.5912452156963629
626.6299999998892,0.5725970621732823
626.6399999998891,0.3981649744430956
626.6499999998891,0.6546039862446013
626.659999999889,0.3444326035045671
626.669999999889,0.6104120826726918
626.679999999889,0.5471436520867526
626.689999999889,0.4325768747275743
626.6999999998889,0.6506643104660383
626.7099999998889,0.32486015306957183
626.7199999998888,0.6263423759302628
626.7299999998887,0.5176474973696582
626.7399999998887,0.468112633726112
626.7499999998887,0.6435074521479563
626.7599999998887,0.31566277197206627
626.7699999998886,0.6390091670519696
626.7799999998886,0.4843978741840182
626.7899999998886,0.5028169475291809
626.7999999998884,0.6328542659447554
626.8099999998884,0.3186756094728218
626.8199999998884,0.6484046222455746
626.8299999998884,0.4482300027283055
626.8399999998883,0.5352570841173858
626.8499999998883,0.6183708398888857
626.8599999998883,0.3340860212023346
626.8699999998881,0.6545087284756198
626.8799999998881,0.4107806769560856
626.8899999998881,0.5645004020643845
626.8999999998881,0.5996856630005832
626.909999999888,0.36029826490967315
626.919999999888,0.6572650878833493
626.929999999888,0.37469623530609814
626.9399999998878,0.5900178216170544
626.9499999998878,0.5764314438162925
626.9599999998878,0.3943794038956126
626.9699999998878,0.6565619629196064
626.9799999998877,0.34362213747800463
626.9899999998877,0.6115650978118273
626.9999999998877,0.548329168180958
627.0099999998876,0.4328517788989476
627.0199999998875,0.6522174532188624
627.0299999998875,0.3217591994804811
627.0399999998875,0.6290726780382186
627.0499999998874,0.5153388635226431
627.0599999998874,0.47245372583185363
627.0699999998874,0.6439689993686544
627.0799999998873,0.31289342374264745
627.0899999998873,0.6425566594805178
627.0999999998872,0.47790303205434725
627.1099999998872,0.5106087988883663
627.1199999998871,0.6314696064349261
627.1299999998871,0.31915850847427885
627.1399999998871,0.6520521287454365
627.149999999887,0.4372902158090652
627.159999999887,0.5455627240203164
627.169999999887,0.6142968609802356
627.179999999887,0.3401584959978684
627.1899999998868,0.6575650645969353
627.1999999998868,0.39598197908681265
627.2099999998868,0.5762912746168428
627.2199999998867,0.5919868997084631
627.2299999998867,0.3730253935959828
627.2399999998867,0.6590377703926119
627.2499999998867,0.35791575079714644
627.2599999998865,0.6023092541144311
627.2699999998865,0.5641149051737157
627.2799999998865,0.4134008410611332
627.2899999998864,0.6563236858478784
627.2999999998864,0.32824172672155244
627.3099999998864,0.6234718452383831
627.3199999998864,0.5304560700516603
627.3299999998862,0.45673924278769645
627.3399999998862,0.6491695277586693
627.3499999998862,0.3122643954818555
627.3599999998861,0.6398108183010343
627.3699999998861,0.49127073188883313
627.3799999998861,0.49928080409586845
627.3899999998861,0.6372060189182819
627.399999999886,0.3136772547671683
627.4099999998859,0.6514148634876294
627.4199999998859,0.44774561587684786
627.4299999998858,0.5384398039585164
627.4399999998858,0.6199537671727067
627.4499999998858,0.33294970639489274
627.4599999998858,0.658347624055611
627.4699999998857,0.40254799196180463
627.4799999998856,0.5727320999104915
627.4899999998856,0.596859679031834
627.4999999998855,0.36699300839815463
627.5099999998855,0.6605927440125435
627.5199999998855,0.36025914907420153
627.5299999998855,0.6014889191412426
627.5399999998854,0.5673935193993137
627.5499999998854,0.4104009593317354
627.5599999998853,0.6580166466471569
627.5699999998852,0.3271799309734426
627.5799999998852,0.6245437628119244
627.5899999998852,0.5312541266982644
627.5999999998852,0.45737879098811096
627.6099999998851,0.6503437133540374
627.6199999998851,0.30994261204607043
627.6299999998851,0.6419785647476868
627.6399999998849,0.48875243475656105
627.6499999998849,0.5032117264271365
627.6599999998849,0.6371443458788015
627.6699999998849,0.31302605254394755
627.6799999998848,0.6539460469769737
627.6899999998848,0.44142227393400596
627.6999999998848,0.5448064391620381
627.7099999998846,0.6178452592022858
627.7199999998846,0.3365331243384487
627.7299999998846,0.6605547448512894
627.7399999998846,0.39278514871897086
627.7499999998845,0.580529244673772
627.7599999998845,0.5917859822555318
627.7699999998845,0.37598849028964537
627.7799999998844,0.6617965918774891
627.7899999998843,0.34887063565399035
627.7999999998843,0.6097605673942803
627.8099999998843,0.558369234094186
627.8199999998842,0.4243850999753812
627.8299999998842,0.6575009143950585
627.8399999998842,0.31766252143648244
627.8499999998841,0.6324519519823787
627.859999999884,0.5173850068452497
627.869999999884,0.47486010271587575
627.879999999884,0.6473066277024122
627.8899999998839,0.30672502126959045
627.8999999998839,0.6487946069109947
627.9099999998839,0.46960946721076124
627.9199999998838,0.5223611705837486
627.9299999998838,0.6306552750695922
627.9399999998838,0.3196712992915365
627.9499999998837,0.6590043551409765
627.9599999998836,0.4177189662524563
627.9699999998836,0.5639626029809047
627.9799999998836,0.6068239966035407
627.9899999998835,0.3540077848393559
627.9999999998835,0.6631917932913416
628.0099999998835,0.36726704758668083
628.0199999998835,0.5983929199654362
628.0299999998833,0.5750448015263808
628.0399999998833,0.40237647110834945
628.0499999998833,0.6612851759627336
628.0599999998832,0.32685384609280815
628.0699999998832,0.6253800707435723
628.0799999998832,0.534799004291143
628.0899999998832,0.456093284338924
628.099999999883,0.6529846745403277
628.109999999883,0.30616344990767236
628.119999999883,0.645117256592251
628.1299999998829,0.4864224922698797
628.1399999998829,0.5081549740283271
628.1499999998829,0.6377421110360438
628.1599999998829,0.3116604143483337
628.1699999998827,0.6579117365332697
628.1799999998827,0.4321406973689568
628.1899999998827,0.5542949295815438
628.1999999998826,0.6147813149191652
628.2099999998826,0.342679587663152
628.2199999998826,0.6639784385100284
628.2299999998826,0.37738129795075304
628.2399999998825,0.5925778760796684
628.2499999998824,0.5832079559748814
628.2599999998824,0.3916384005686293
628.2699999998823,0.6633239156695043
628.2799999998823,0.33144767295797994
628.2899999998823,0.6225233963487903
628.2999999998823,0.5423127955640821
628.3099999998822,0.4482418970998299
628.3199999998822,0.6556811799310316
628.3299999998821,0.30574918053334593
628.339999999882,0.6443413183740472
628.349999999882,0.4922427499962338
628.359999999882,0.5038008587381969
628.369999999882,0.6404792370304887
628.3799999998819,0.3086924255033141
628.3899999998819,0.6584292248655168
628.3999999998819,0.43522356139778434
628.4099999998817,0.5529967839265328
628.4199999998817,0.6168606924607793
628.4299999998817,0.3403181864561783
628.4399999998817,0.6650860973439157
628.4499999998816,0.37721173135715413
628.4599999998816,0.5934766799333394
628.4699999998816,0.5838061755502738
628.4799999998814,0.39203745323405115
628.4899999998814,0.6643590804767802
628.4999999998814,0.32884671051459474
628.5099999998814,0.6247123373994853
628.5199999998813,0.5404993760394464
628.5299999998813,0.45186967190807337
628.5399999998813,0.6559622354430045
628.5499999998812,0.30328705057383765
628.5599999998811,0.6470046724818025
628.5699999998811,0.4871652404361829
628.5799999998811,0.5099237107209391
628.589999999881,0.6392416235315189
628.599999999881,0.3097222853129813
628.609999999881,0.6608505454651851
628.6199999998809,0.4266246737778266
628.6299999998809,0.5604551949055132
628.6399999998808,0.6132044385601902
628.6499999998808,0.34694423729961243
628.6599999998807,0.6665983124052389
628.6699999998807,0.36634465240892483
628.6799999998807,0.601171901269862
628.6899999998806,0.576695766644737
628.6999999998806,0.4039750960218907
628.7099999998806,0.6642728180411744
628.7199999998805,0.31927687166139324
628.7299999998804,0.6317600242316551
628.7399999998804,0.5289151301944852
628.7499999998804,0.4671381968617915
628.7599999998803,0.6534881040231383
628.7699999998803,0.3001988445270631
628.7799999998803,0.6527044280524436
628.7899999998803,0.47059715403172453
628.7999999998801,0.5262075849609111
628.8099999998801,0.6334196004985666
628.8199999998801,0.3170272850672163
628.82999999988,0.6645902163135823
628.83999999988,0.4061226020727187
628.84999999988,0.5759246989439673
628.85999999988,0.6028729060029383
628.8699999998798,0.36455402293322436
628.8799999998798,0.6677467246953038
628.8899999998798,0.3459166080728027
628.8999999998797,0.6146290212028792
628.9099999998797,0.5605885073448286
628.9199999998797,0.4282432512845507
628.9299999998797,0.6620764126234702
628.9399999998795,0.30615797351079466
628.9499999998795,0.6424598849064921
628.9599999998795,0.5060852380143435
628.9699999998794,0.49350877744272403
628.9799999998794,0.646977147897147
628.9899999998794,0.30178918943245986
628.9999999998794,0.6601179551345662
629.0099999998793,0.4414900775682278
629.0199999998792,0.5511808738834238
629.0299999998792,0.621345299566641
629.0399999998791,0.3356733555465012
629.0499999998791,0.6682033491184762
629.0599999998791,0.37443541240139944
629.0699999998791,0.5974639690344178
629.079999999879,0.5837497964952252
629.089999999879,0.395863054294679
629.099999999879,0.6669033055327955
629.1099999998788,0.3201136964414793
629.1199999998788,0.6317454778858074
629.1299999998788,0.5330360547453817
629.1399999998788,0.46476616249971286
629.1499999998787,0.6558508602115656
629.1599999998787,0.29740531716040663
629.1699999998787,0.6546804433021254
629.1799999998785,0.46985349888801337
629.1899999998785,0.5289828781638992
629.1999999998785,0.6340795662936285
629.2099999998785,0.31681641547044787
629.2199999998784,0.6670854364685427
629.2299999998784,0.3995880956379425
629.2399999998784,0.5819740380713727
629.2499999998782,0.6001166747100367
629.2599999998782,0.37119507701647136
629.2699999998782,0.6694124951502668
629.2799999998782,0.335756998096044
629.2899999998781,0.6220064094609703
629.2999999998781,0.5524323933683919
629.3099999998781,0.4417021750700667
629.319999999878,0.6615189437107126
629.3299999998779,0.2989960132536541
629.3399999998779,0.6495336629735801
629.3499999998779,0.4907433957663902
629.3599999998778,0.5110202484684598
629.3699999998778,0.6425771136552445
629.3799999998778,0.30577058472357893
629.3899999998777,0.665530192211166
629.3999999998777,0.41887243220901577
629.4099999998776,0.569622743699719
629.4199999998776,0.611115458318118
629.4299999998775,0.3541610116889396
629.4399999998775,0.6706825158190483
629.4499999998775,0.34890890060238017
629.4599999998774,0.6144547410892481
629.4699999998774,0.5653758533363514
629.4799999998774,0.4252865759209139
629.4899999998773,0.6650444219854017
629.4999999998772,0.30232036477626817
629.5099999998772,0.645679950237103
629.5199999998772,0.5044899670037808
629.5299999998771,0.4985271848805977
629.5399999998771,0.6479000091216556
629.5499999998771,0.29987943266999767
629.559999999877,0.6643901315298497
629.5699999998769,0.43132540405975983
629.5799999998769,0.5615384313551983
629.5899999998769,0.6177703222994435
629.5999999998768,0.3439997215611338
629.6099999998768,0.6714716268860349
629.6199999998768,0.3572026618311531
629.6299999998768,0.610006012462808
629.6399999998766,0.5727263223906739
629.6499999998766,0.415925640234578
629.6599999998766,0.6671320064522315
629.6699999998765,0.30445671365789184
629.6799999998765,0.6438339929052207
629.6899999998765,0.511536834804768
629.6999999998765,0.4922907780280053
629.7099999998763,0.6507172122589687
629.7199999998763,0.2970200557213119
629.7299999998763,0.6642266930050118
629.7399999998762,0.43664515905473733
629.7499999998762,0.5584632703026883
629.7599999998762,0.6206975057812961
629.7699999998762,0.33995211861636687
629.779999999876,0.6722341145693403
629.789999999876,0.3594674199494564
629.799999999876,0.6092255588301058
629.8099999998759,0.574978661706389
629.8199999998759,0.4137671165137777
629.8299999998759,0.6681591547901187
629.8399999998759,0.3038563668314581
629.8499999998758,0.6443870833583385
629.8599999998758,0.5121304517335444
629.8699999998757,0.49272217788908534
629.8799999998756,0.6513375253975432
629.8899999998756,0.29614139468844447
629.8999999998756,0.6652956553461521
629.9099999998756,0.4347049617013169
629.9199999998755,0.5607332584813262
629.9299999998755,0.6201185784553918
629.9399999998755,0.34176557598833296
629.9499999998753,0.6731229285412443
629.9599999998753,0.35528243513777125
629.9699999998753,0.6122932546800236
629.9799999998753,0.5722235786375031
629.9899999998752,0.41893976477848904
629.9999999998752,0.668188986059995
630.0099999998752,0.30024782723954463
630.019999999875,0.6473829468141353
630.029999999875,0.5061961166749392
630.039999999875,0.4999091472892117
630.049999999875,0.649723538070779
630.0599999998749,0.2974890571409423
630.0699999998749,0.6675371373057568
630.0799999998749,0.42536039277011517
630.0899999998747,0.5682662140519215
630.0999999998747,0.615863757103324
630.1099999998747,0.3498974739939712
630.1199999998747,0.6739887729136316
630.1299999998746,0.34483893550219963
630.1399999998746,0.6189875491998652
630.1499999998746,0.5641306118151813
630.1599999998745,0.43159893811386757
630.1699999998744,0.6669710343457136
630.1799999998744,0.2946633274947174
630.1899999998744,0.652512018279051
630.1999999998743,0.49331336661699887
630.2099999998743,0.5135922765262193
630.2199999998743,0.6454862500496197
630.2299999998742,0.3026350080282301
630.2399999998742,0.6705763536772783
630.2499999998741,0.4084920156591759
630.2599999998741,0.5805454672350556
630.269999999874,0.6073561218060756
630.279999999874,0.36537607546328577
630.289999999874,0.6743792144386641
630.2999999998739,0.32914646101125256
630.3099999998739,0.6286906458232229
630.3199999998739,0.5499370213554523
630.3299999998738,0.4517422469826155
630.3399999998737,0.6639302751499725
630.3499999998737,0.2896366973620485
630.3599999998737,0.6591264597782546
630.3699999998736,0.4727859496871729
630.3799999998736,0.5330697205611103
630.3899999998736,0.6378579553188592
630.3999999998736,0.3142639195680885
630.4099999998734,0.6737344742033532
630.4199999998734,0.3843216260412951
630.4299999998734,0.5966125045307333
630.4399999998733,0.5935757209136989
630.4499999998733,0.3893060286200152
630.4599999998733,0.6735340097255665
630.4699999998733,0.3106008038289337
630.4799999998731,0.640420089893572
630.4899999998731,0.5284618164813881
630.4999999998731,0.47886748905275356
630.509999999873,0.6581381194162791
630.519999999873,0.2893805706162399
630.529999999873,0.6662728884428382
630.539999999873,0.4438898241604793
630.5499999998729,0.5571001278175571
630.5599999998728,0.6256381030040048
630.5699999998728,0.3355093919296536
630.5799999998727,0.6760412531949344
630.5899999998727,0.3541413352683952
630.5999999998727,0.6150986065048762
630.6099999998727,0.5730154077814468
630.6199999998726,0.4221002938971756
630.6299999998726,0.6703649696614121
630.6399999998725,0.29380755952280146
630.6499999998724,0.652888300830426
630.6599999998724,0.4982239119672734
630.6699999998724,0.5116502306326557
630.6799999998724,0.6482528590052554
630.6899999998723,0.2994398732148764
630.6999999998723,0.6727311889795655
630.7099999998723,0.4065133459112856
630.7199999998721,0.5838983307212546
630.7299999998721,0.6071102102053864
630.7399999998721,0.36869396686532724
630.7499999998721,0.6762323099651347
630.759999999872,0.32160994728575065
630.769999999872,0.6343145884478103
630.779999999872,0.5436810930323557
630.7899999998718,0.46273045940625096
630.7999999998718,0.6634009036147175
630.8099999998718,0.2861089592703931
630.8199999998718,0.664576835583189
630.8299999998717,0.4578774133532087
630.8399999998717,0.5478561569361143
630.8499999998717,0.6324151685361692
630.8599999998715,0.325151097999322
630.8699999998715,0.677036303799202
630.8799999998715,0.36256612063970367
630.8899999998715,0.6112750200905833
630.8999999998714,0.5799545078569398
630.9099999998714,0.41379890391442237
630.9199999998714,0.6727048237145298
630.9299999998713,0.29438526474187277
630.9399999998712,0.6523805574537361
630.9499999998712,0.5033099912884917
630.9599999998712,0.5084507169009088
630.9699999998711,0.6506729127983653
630.9799999998711,0.2965008634456248
630.9899999998711,0.6737922544607452
630.999999999871,0.4074433764850536
631.009999999871,0.5845955806645752
631.019999999871,0.6080995688168161
631.0299999998709,0.3688723266840433
631.0399999998708,0.6774485935893138
631.0499999998708,0.31845072825342985
631.0599999998708,0.6368774759765286
631.0699999998707,0.5412803811795944
631.0799999998707,0.46762174517764943
631.0899999998707,0.6633979346884993
631.0999999998706,0.28454410248956413
631.1099999998705,0.6673375502537487
631.1199999998705,0.4502882486601547
631.1299999998705,0.5552728032338966
631.1399999998704,0.6295219538040236
631.1499999998704,0.3316639494481666
631.1599999998704,0.6786555222042819
631.1699999998704,0.35110524314821684
631.1799999998702,0.6188067299812073
631.1899999998702,0.5719992262929766
631.1999999998702,0.42761787946053975
631.2099999998701,0.6718300514540438
631.2199999998701,0.2875756846103406
631.2299999998701,0.6584088448306975
631.2399999998701,0.4882062528900407
631.2499999998699,0.5244828138707115
631.2599999998699,0.6455647668590732
631.2699999998699,0.3046252029845295
631.2799999998698,0.6771653580922611
631.2899999998698,0.3863256248695247
631.2999999998698,0.5989508403304216
631.3099999998698,0.5963664109227883
631.3199999998697,0.39067773965968455
631.3299999998696,0.6769712718461367
631.3399999998696,0.3016080049558926
631.3499999998695,0.6476935300018885
631.3599999998695,0.5202976193962565
631.3699999998695,0.49352381497506126
631.3799999998695,0.6573814507381183
631.3899999998694,0.2883788102672144
631.3999999998694,0.6736941428641867
631.4099999998693,0.4201602575344062
631.4199999998692,0.5781435322662434
631.4299999998692,0.6154417459266424
631.4399999998692,0.35863441618970315
631.4499999998692,0.6796385890167868
631.4599999998691,0.3220700706635211
631.4699999998691,0.6358583087188817
631.479999999869,0.5467082990288655
631.4899999998689,0.46370072738273826
631.4999999998689,0.6659236162202286
631.5099999998689,0.2818130297947825
631.5199999998689,0.6688748268468087
631.5299999998688,0.4505017604380586
631.5399999998688,0.5572489262886882
631.5499999998688,0.630221232485105
631.5599999998686,0.3325921202596055
631.5699999998686,0.6805098461176805
631.5799999998686,0.34502252003194955
631.5899999998686,0.6235583716607889
631.5999999998685,0.5680266290795317
631.6099999998685,0.43618211643876315
631.6199999998685,0.6719661735731718
631.6299999998683,0.2826916571569768
631.6399999998683,0.6632809714201237
631.6499999998683,0.4764970753088653
631.6599999998683,0.5371197343780023
631.6699999998682,0.6415621436285674
631.6799999998682,0.3128006770170174
631.6899999998682,0.680157041981838
631.699999999868,0.36762715605073204
631.709999999868,0.611431404449889
631.719999999868,0.5849608222575302
631.729999999868,0.41187353028050994
631.7399999998679,0.6761385083145125
631.7499999998679,0.288396223738444
631.7599999998679,0.65743694035727
631.7699999998678,0.4980099805623205
631.7799999998678,0.5185468043111987
631.7899999998677,0.6501714905868448
631.7999999998677,0.2987564467360916
631.8099999998676,0.6790675257009258
631.8199999998676,0.3880978058704647
631.8299999998676,0.6000815227838627
631.8399999998675,0.5981871470318465
631.8499999998675,0.3913474562898231
631.8599999998675,0.6789508704881422
631.8699999998674,0.29648910334697537
631.8799999998673,0.6518181515563435
631.8899999998673,0.515250561600594
631.8999999998673,0.5022142162657091
631.9099999998672,0.6566171774522698
631.9199999998672,0.28945736427294655
631.9299999998672,0.6776554002514518
631.9399999998672,0.40543883293205196
631.949999999867,0.5900586846799686
631.959999999867,0.6082878834645856
631.969999999867,0.3748485431908259
631.9799999998669,0.6808134684043216
631.9899999998669,0.30499791412625943
631.9999999998669,0.6468448431163913
632.0099999998669,0.5285535013131507
632.0199999998667,0.488671446751804
632.0299999998667,0.6613442808718402
632.0399999998667,0.2836993965557707
632.0499999998666,0.676265821561046
632.0599999998666,0.41916502306226255
632.0699999998666,0.5818386153928474
632.0799999998666,0.6157318115401506
632.0899999998664,0.3623653139958819
632.0999999998664,0.6820488623886122
632.1099999998664,0.3124770806174527
632.1199999998663,0.6428724752089233
632.1299999998663,0.5382568162870066
632.1399999998663,0.47832750212991965
632.1499999998663,0.6646897519603565
632.1599999998662,0.2803270845791869
632.1699999998661,0.6751747207664041
632.1799999998661,0.4290798057777768
632.189999999866,0.5758067005963144
632.199999999866,0.6208725911785619
632.209999999866,0.3537403703093114
632.219999999866,0.6828992107606374
632.2299999998659,0.3179491089256008
632.2399999998659,0.6401813348810221
632.2499999998658,0.5446398428221646
632.2599999998657,0.4714640545563456
632.2699999998657,0.6668935793489053
632.2799999998657,0.2784031992570599
632.2899999998657,0.6745861253600297
632.2999999998656,0.4351235838871119
632.3099999998656,0.5722471194808002
632.3199999998656,0.6239530879210327
632.3299999998654,0.3487863966463447
632.3399999998654,0.6835300161610735
632.3499999998654,0.32080917029061795
632.3599999998654,0.6389672114295835
632.3699999998653,0.5478932350560626
632.3799999998653,0.4682585764287288
632.3899999998653,0.668106325880647
632.3999999998651,0.2773044327340078
632.4099999998651,0.6746288232568006
632.4199999998651,0.4372800203334052
632.4299999998651,0.571336503156441
632.439999999865,0.6251101942457742
632.449999999865,0.3473817675248952
632.459999999865,0.6840317745984471
632.4699999998649,0.32074213754601627
632.4799999998648,0.6393343236936927
632.4899999998648,0.5481050197540289
632.4999999998648,0.4688061593666512
632.5099999998647,0.6683935207321341
632.5199999998647,0.27676793759524543
632.5299999998647,0.6753536526813017
632.5399999998646,0.43552502501190626
632.5499999998646,0.5731403492615034
632.5599999998645,0.6243777947475458
632.5699999998645,0.3495296495075184
632.5799999998644,0.6844205446716675
632.5899999998644,0.31767523023886496
632.5999999998644,0.6412911604536453
632.6099999998643,0.5452542042221759
632.6199999998643,0.4731302972008764
632.6299999998643,0.6677373741895587
632.6399999998642,0.27691183670397673
632.6499999998641,0.6767322370920668
632.6599999998641,0.4298078916733354
632.6699999998641,0.5776106206457169
632.679999999864,0.6216868938454257
632.689999999864,0.3553725571974555
632.699999999864,0.6846380078965013
632.709999999864,0.3117755620402634
632.7199999998638,0.6447495961305206
632.7299999998638,0.5392081810349193
632.7399999998638,0.48117742168621563
632.7499999998637,0.6660360084183105
632.7599999998637,0.2782404644610497
632.7699999998637,0.6786575233935441
632.7799999998637,0.42006097779568685
632.7899999998635,0.5845841736462586
632.7999999998635,0.6168624976044204
632.8099999998635,0.3651593057033812
632.8199999998634,0.6845511117118694
632.8299999998634,0.30349555106558274
632.8399999998634,0.6495274824710332
632.8499999998634,0.5297236405596734
632.8599999998632,0.49279602669029576
632.8699999998632,0.6631000163072109
632.8799999998632,0.28162848466120816
632.8899999998631,0.6809460092724007
632.8999999998631,0.4062419640970439
632.9099999998631,0.5937832275270211
632.9199999998631,0.6096171780993126
632.929999999863,0.37916578708516635
632.939999999863,0.6839508855426287
632.9499999998629,0.2936636608241401
632.9599999998628,0.6553547163391694
632.9699999998628,0.5164542585941502
632.9799999998628,0.5077073408646772
632.9899999998628,0.6586457591165868
632.9999999998627,0.28826148901875004
633.0099999998627,0.6833410406767053
633.0199999998626,0.38842089945477726
633.0299999998625,0.6048201525123361
633.0399999998625,0.5995418144421777
633.0499999998625,0.39757861539490175
633.0599999998625,0.682549503946355
633.0699999998624,0.28360579386394125
633.0799999998624,0.6618823711651136
633.0899999998624,0.49897356381282276
633.0999999998622,0.5254790450821191
633.1099999998622,0.6522844828146416
633.1199999998622,0.29950035935737535
633.1299999998622,0.6855160131312609
633.1399999998621,0.36693191028681377
633.1499999998621,0.6172087351926411
633.1599999998621,0.5860954223258819
633.169999999862,0.4203629016408922
633.1799999998619,0.6799741505035223
633.1899999998619,0.2752561985139546
633.1999999998619,0.6686937888678024
633.2099999998618,0.47682996700735025
633.2199999998618,0.5455146395191073
633.2299999998618,0.6435062416353672
633.2399999998617,0.316643567990075
633.2499999998616,0.6870757329073638
633.2599999998616,0.34261166901129525
633.2699999998616,0.6303825707952285
633.2799999998615,0.5685993781089714
633.2899999998615,0.44714864596937054
633.2999999998615,0.6757557403036417
633.3099999998614,0.2711732606383551
633.3199999998614,0.6753156466558758
633.3299999998613,0.4496650311461447
633.3399999998613,0.567067465956222
633.3499999998612,0.6316581526015078
633.3599999998612,0.3405980047997392
633.3699999998612,0.6875536120927355
633.3799999998611,0.3171295240470661
633.3899999998611,0.6437187513748407
633.399999999861,0.5462488790352847
633.409999999861,0.47717553744831026
633.4199999998609,0.669310171099465
633.4299999998609,0.2743318488664173
633.4399999998609,0.6812261313586322
633.4499999998608,0.41744614650399386
633.4599999998608,0.5892805279208726
633.4699999998608,0.6159185817807474
633.4799999998606,0.3715335589926574
633.4899999998606,0.6864018092977331
633.4999999998606,0.2933502273455659
633.5099999998606,0.6565624639248545
633.5199999998605,0.5181701318388249
633.5299999998605,0.5093241296919678
633.5399999998605,0.6599097395129814
633.5499999998603,0.2875748876050146
633.5599999998603,0.68585665603427
633.5699999998603,0.3808828138536018
633.5799999998603,0.6112438752161555
633.5899999998602,0.5952746047810139
633.5999999998602,0.4086560122029703
633.6099999998602,0.6829709084455706
633.61999999986,0.2755303762221491
633.62999999986,0.6682464189384002
633.63999999986,0.483581651790862
633.64999999986,0.5422320002372397
633.6599999998599,0.6466433803040464
633.6699999998599,0.31275134182542225
633.6799999998599,0.6885830954926189
633.6899999998598,0.3420773895499885
633.6999999998598,0.6320544103429245
633.7099999998597,0.5685242050970182
633.7199999998597,0.4502278814472052
633.7299999998596,0.67647535455901
633.7399999998596,0.26896673358523504
633.7499999998596,0.6780986664652419
633.7599999998595,0.44216703628318704
633.7699999998595,0.5744597362210181
633.7799999998595,0.6283683612108205
633.7899999998594,0.3498468779299687
633.7999999998593,0.6887021851718995
633.8099999998593,0.30531865692744253
633.8199999998593,0.6508614282525499
633.8299999998592,0.5343568078087718
633.8399999998592,0.4938669886686559
633.8499999998592,0.6659411048065073
633.8599999998592,0.27870262715315935
633.869999999859,0.6854330660246669
633.879999999859,0.3948196399040722
633.889999999859,0.6046526555583578
633.8999999998589,0.6036678601945209
633.9099999998589,0.39661946829396993
633.9199999998589,0.6853883507761979
633.9299999998589,0.27753831801153134
633.9399999998587,0.6668849577441832
633.9499999998587,0.49163208891494314
633.9599999998587,0.5370104525022575
633.9699999998586,0.6501344355430919
633.9799999998586,0.3074217738198603
633.9899999998586,0.6895176286689821
633.9999999998586,0.3448832775941543
634.0099999998585,0.6316502067095457
634.0199999998584,0.5708601520924688
634.0299999998584,0.44907699189467304
634.0399999998583,0.6776259482851056
634.0499999998583,0.2674063655525062
634.0599999998583,0.6794002072652735
634.0699999998583,0.4400901885609799
634.0799999998582,0.5773535272360911
634.0899999998582,0.6274804701171989
634.0999999998581,0.3536598333907369
634.109999999858,0.6895162239691698
634.119999999858,0.2996171427018627
634.129999999858,0.6545191581416774
634.139999999858,0.528180947589095
634.1499999998579,0.5025956899477998
634.1599999998579,0.6641130655493355
634.1699999998579,0.2821619892105731
634.1799999998577,0.6876864622759937
634.1899999998577,0.38183109322991465
634.1999999998577,0.6131123788497114
634.2099999998577,0.5960101672450322
634.2199999998576,0.41183899075141367
634.2299999998576,0.684398395319525
634.2399999998576,0.2705226694332975
634.2499999998574,0.6725123367716715
634.2599999998574,0.4744206159759879
634.2699999998574,0.5530644361492735
634.2799999998574,0.6431407856573126
634.2899999998573,0.32325099012481917
634.2999999998573,0.6909401815510068
634.3099999998573,0.32366721335677645
634.3199999998571,0.6430689595661494
634.3299999998571,0.5534585307881044
634.3399999998571,0.4743633560576735
634.3499999998571,0.6728115810408044
634.359999999857,0.27006632976179057
634.369999999857,0.6849686548105861
634.379999999857,0.41054316376787353
634.3899999998569,0.5975364720445295
634.3999999998568,0.6124818941754538
634.4099999998568,0.38439821260666446
634.4199999998568,0.6881495427654709
634.4299999998567,0.27905088639172704
634.4399999998567,0.6664467611159828
634.4499999998567,0.4978426599320192
634.4599999998566,0.5342704915244955
634.4699999998566,0.6529158671705122
634.4799999998565,0.30432923877796436
634.4899999998565,0.6911694838483732
634.4999999998564,0.3428181253111294
634.5099999998564,0.6342877541948968
634.5199999998564,0.5694191105080485
634.5299999998563,0.45449384628342976
634.5399999998563,0.6779238077665456
634.5499999998563,0.26554609490367886
634.5599999998562,0.6826943446129562
634.5699999998561,0.4292417440851939
634.5799999998561,0.5867952360276756
634.5899999998561,0.6222132967285549
634.599999999856,0.36735959659398976
634.609999999856,0.6901558207325897
634.619999999856,0.2864432127832358
634.629999999856,0.662491129112707
634.6399999998558,0.5113080450446701
634.6499999998558,0.5227874183279605
634.6599999998558,0.6582739727007498
634.6699999998557,0.2945258418902244
634.6799999998557,0.6912318430568253
634.6899999998557,0.35377739168773764
634.6999999998557,0.6294819718473823
634.7099999998555,0.5775213020018217
634.7199999998555,0.44419856221466536
634.7299999998555,0.680498106060963
634.7399999998554,0.26403431304621494
634.7499999998554,0.68175876090709
634.7599999998554,0.437649793274685
634.7699999998554,0.5821713987673673
634.7799999998552,0.6263782939220861
634.7899999998552,0.36049584193526035
634.7999999998552,0.6911765611335937
634.8099999998551,0.2890430854817258
634.8199999998551,0.661465111065509
634.8299999998551,0.5155977002322271
634.8399999998551,0.5196831565296411
634.849999999855,0.6600094360673853
634.859999999855,0.29191697051396776
634.8699999998549,0.6916962735338724
634.8799999998548,0.3552296596537428
634.8899999998548,0.629390814937911
634.8999999998548,0.578523799468818
634.9099999998548,0.4440111585174241
634.9199999998547,0.6810314992652657
634.9299999998547,0.26318569485000665
634.9399999998546,0.6825889304143449
634.9499999998545,0.43577593026163947
634.9599999998545,0.5842553245098071
634.9699999998545,0.6254427703212558
634.9799999998545,0.3636368847953957
634.9899999998544,0.691493613236462
634.9999999998544,0.285582812962198
635.0099999998544,0.6636531043621181
635.0199999998542,0.5109324810726862
635.0299999998542,0.525301176497387
635.0399999998542,0.6583153204795045
635.0499999998542,0.29609983199035733
635.0599999998541,0.6926716239274417
635.0699999998541,0.34688191917798805
635.0799999998541,0.6341129856667171
635.089999999854,0.5724476411216637
635.0999999998539,0.4540491638147014
635.1099999998539,0.6795087445969766
635.1199999998539,0.2632248966815279
635.1299999998538,0.6851198467489927
635.1399999998538,0.4234613694989215
635.1499999998538,0.5929009652397195
635.1599999998537,0.6191932463949501
635.1699999998536,0.3771012887631427
635.1799999998536,0.6909222997225084
635.1899999998536,0.27691278187317914
635.1999999998535,0.66877697397059
635.2099999998535,0.496869984716852
635.2199999998535,0.5392643765676679
635.2299999998534,0.6527989929563158
635.2399999998534,0.30845904532172913
635.2499999998533,0.6938055781776568
635.2599999998533,0.32931742972454203
635.2699999998532,0.6430922288965701
635.2799999998532,0.5585591703827214
635.2899999998532,0.47399374376566117
635.2999999998531,0.6754003609514267
635.3099999998531,0.26700708791121763
635.319999999853,0.6887982929387058
635.329999999853,0.40044545040782664
635.3399999998529,0.6072219803992006
635.3499999998529,0.6067111115794181
635.3599999998529,0.40144027466456916
635.3699999998528,0.68880501206301
635.3799999998528,0.2663377096857297
635.3899999998528,0.6760194775448204
635.3999999998528,0.4723736413849676
635.4099999998526,0.5604165122264307
635.4199999998526,0.6424395586022315
635.4299999998526,0.3316027919327006
635.4399999998525,0.694289044806873
635.4499999998525,0.30468962583802367
635.4599999998525,0.6551663994620653
635.4699999998525,0.5353572242777168
635.4799999998523,0.5027823807977966
635.4899999998523,0.6676172969427953
635.4999999998523,0.2797098428038637
635.5099999998522,0.6926125880963628
635.5199999998522,0.367025948227025
635.5299999998522,0.6256439050159704
635.5399999998522,0.5862929290838633
635.549999999852,0.43658472220456973
635.559999999852,0.6839786692235456
635.569999999852,0.2603133138839326
635.5799999998519,0.6840917341654749
635.5899999998519,0.43618818187049907
635.5999999998519,0.5867861661797825
635.6099999998519,0.6254784788000587
635.6199999998518,0.3678964873822603
635.6299999998517,0.6928501288360532
635.6399999998517,0.2782992108326773
635.6499999998516,0.668677864000939
635.6599999998516,0.5006666313934104
635.6699999998516,0.5382723427345428
635.6799999998516,0.6544020815303381
635.6899999998515,0.3074272796847864
635.6999999998515,0.6951255221436528
635.7099999998514,0.32572115879273966
635.7199999998513,0.6460445373223193
635.7299999998513,0.5553614790193949
635.7399999998513,0.4808547706070034
635.7499999998513,0.6746866395768515
635.7599999998512,0.26836856501373585
635.7699999998512,0.6913167876864404
635.7799999998512,0.388006324946602
635.789999999851,0.6157081734835188
635.799999999851,0.5992421741166615
635.809999999851,0.4174252619392121
635.819999999851,0.6877004815775478
635.8299999998509,0.26048280741277363
635.8399999998509,0.6816187249643867
635.8499999998509,0.45220296469971943
635.8599999998507,0.5772297634432116
635.8699999998507,0.6331260556256645
635.8799999998507,0.35408197482232273
635.8899999998507,0.6944656288954578
635.8999999998506,0.2843435547071764
635.9099999998506,0.6659734365695106
635.9199999998506,0.5105738735833217
635.9299999998505,0.5305618961357818
635.9399999998504,0.6583873707718667
635.9499999998504,0.3001984466375633
635.9599999998504,0.6956760021325
635.9699999998503,0.33140429448486214
635.9799999998503,0.6441407670241752
635.9899999998503,0.5599775799581234
635.9999999998502,0.4765981238101879
636.0099999998502,0.6763754047597036
636.0199999998501,0.2662013086597188
636.0299999998501,0.6917465038203015
636.03999999985,0.3896004224931585
636.04999999985,0.6157927408710048
636.05999999985,0.5999922001054171
636.0699999998499,0.4178976619947912
636.0799999998499,0.6882097102881716
636.0899999998499,0.2591805486768226
636.0999999998498,0.682865267085889
636.1099999998497,0.44885688052917794
636.1199999998497,0.5806590549229198
636.1299999998497,0.631411573521499
636.1399999998496,0.3593286980496344
636.1499999998496,0.6947413302556423
636.1599999998496,0.27923199863074527
636.1699999998496,0.6690435139020984
636.1799999998494,0.5031347374691738
636.1899999998494,0.5387559696490923
636.1999999998494,0.6553934274198209
636.2099999998493,0.3080309774529914
636.2199999998493,0.6965756410097473
636.2299999998493,0.31977848356816857
636.2399999998493,0.6501671082909252
636.2499999998491,0.5498465061314313
636.2599999998491,0.4907225599038916
636.2699999998491,0.67306828772829
636.279999999849,0.27200130329090416
636.289999999849,0.6941122114386638
636.299999999849,0.37139244447539155
636.309999999849,0.6260588175403272
636.3199999998488,0.5885177971423046
636.3299999998488,0.43824546304873924
636.3399999998488,0.6853960748918599
636.3499999998487,0.2573497291391241
636.3599999998487,0.6875854248368437
636.3699999998487,0.42570096396207835
636.3799999998487,0.5965633862961816
636.3899999998486,0.6196935996255912
636.3999999998485,0.3844524685855585
636.4099999998485,0.6931363942229595
636.4199999998484,0.26569862661323357
636.4299999998484,0.677101978736519
636.4399999998484,0.4771593812620482
636.4499999998484,0.5616686511307338
636.4599999998483,0.6442823090943476
636.4699999998483,0.33400843684974196
636.4799999998482,0.6968638847410539
636.4899999998481,0.2936583628304962
636.4999999998481,0.6626765550308826
636.5099999998481,0.5229477764826798
636.5199999998481,0.5216722794322796
636.529999999848,0.6632289050432305
636.539999999848,0.2925691558723204
636.549999999848,0.6969975239036917
636.5599999998478,0.3347139635939574
636.5699999998478,0.6442691173151796
636.5799999998478,0.5621241584110779
636.5899999998478,0.47738985257012406
636.5999999998477,0.6773787150112296
636.6099999998477,0.2654556225710575
636.6199999998477,0.6938313917844032
636.6299999998475,0.38193393611217463
636.6399999998475,0.6218281620143818
636.6499999998475,0.5947939769230021
636.6599999998475,0.4303697040082521
636.6699999998474,0.6874366254218464
636.6799999998474,0.25597221497581646
636.6899999998474,0.6875628698972872
636.6999999998473,0.429824540746566
636.7099999998472,0.595344262990824
636.7199999998472,0.6215400822971666
636.7299999998472,0.38303327365452705
636.7399999998471,0.6939687070336314
636.7499999998471,0.26428758075272246
636.7599999998471,0.6783178426520912
636.769999999847,0.4748861191638849
636.779999999847,0.5649170864112281
636.7899999998469,0.6430976874118074
636.7999999998469,0.3386166133448668
636.8099999998468,0.6974198985277116
636.8199999998468,0.28758176984300254
636.8299999998468,0.6661738460660926
636.8399999998467,0.5153339572551778
636.8499999998467,0.5308358898862512
636.8599999998467,0.6601933541278664
636.8699999998466,0.30079739280554685
636.8799999998465,0.6981357865015853
636.8899999998465,0.3212887618988074
636.8999999998465,0.6511824975196695
636.9099999998464,0.5505532022504617
636.9199999998464,0.49366737823285983
636.9299999998464,0.6734775096009918
636.9399999998463,0.2730042591075342
636.9499999998462,0.696383630195539
636.9599999998462,0.36060303936934607
636.9699999998462,0.6333924547519347
636.9799999998461,0.580607358530672
636.9899999998461,0.4543353218773102
636.9999999998461,0.683504903029251
637.0099999998461,0.2576046453901348
637.0199999998459,0.6923710602412848
637.0299999998459,0.4015274376610817
637.0399999998459,0.6128737605128501
637.0499999998458,0.6058953603945798
637.0599999998458,0.41416525938220494
637.0699999998458,0.6907372772319784
637.0799999998458,0.2553160719175502
637.0899999998456,0.6862622760593655
637.0999999998456,0.4412674978470901
637.1099999998456,0.589743746212986
637.1199999998455,0.626944854744558
637.1299999998455,0.37486016571305825
637.1399999998455,0.6955549204503784
637.1499999998455,0.2651216923362491
637.1599999998454,0.6781920716575283
637.1699999998453,0.47816015994696504
637.1799999998453,0.5641936623251718
637.1899999998452,0.6443007864380679
637.1999999998452,0.3383777793948172
637.2099999998452,0.6982706622490104
637.2199999998452,0.2847015770679578
637.2299999998451,0.6682781175301598
637.239999999845,0.5114025763285783
637.249999999845,0.536513891214217
637.2599999998449,0.6584722170120705
637.2699999998449,0.30670477056087336
637.2799999998449,0.6991434616893839
637.2899999998449,0.31112949985551086
637.2999999998448,0.6566318430440009
637.3099999998448,0.5407609935698865
637.3199999998448,0.507114131053346
637.3299999998446,0.669911679479508
637.3399999998446,0.2815646078975509
637.3499999998446,0.6983904976274761
637.3599999998446,0.34152334611825075
637.3699999998445,0.6433681028534678
637.3799999998445,0.5663373992275691
637.3899999998445,0.47653368676792507
637.3999999998443,0.6790113469749687
637.4099999998443,0.2641362982870372
637.4199999998443,0.6961974836640372
637.4299999998443,0.37346211091028764
637.4399999998442,0.6286136230678904
637.4499999998442,0.5884083925216281
637.4599999998442,0.44543655909709806
637.469999999844,0.6861070964510911
637.479999999844,0.25487281150952884
637.489999999844,0.6927272687771152
637.499999999844,0.4051472695017052
637.5099999998439,0.6125140380034357
637.5199999998439,0.6073243791736244
637.5299999998439,0.414587068037331
637.5399999998438,0.6914856887113822
637.5499999998437,0.2534762754375947
637.5599999998437,0.6881268963625393
637.5699999998437,0.435383044576294
637.5799999998436,0.5952391745573062
637.5899999998436,0.6234514296834547
637.5999999998436,0.3848047218514968
637.6099999998435,0.6953926444064206
637.6199999998435,0.2590265552807808
637.6299999998434,0.6825333048164884
637.6399999998434,0.46346729507806383
637.6499999998433,0.576986148385879
637.6599999998433,0.6371405592446117
637.6699999998433,0.35690171046516783
637.6799999998432,0.6980396785859361
637.6899999998432,0.2702058365565997
637.6999999998432,0.6760778243686616
637.7099999998431,0.4890601790201829
637.719999999843,0.5579798344945662
637.729999999843,0.6487134891526685
637.739999999843,0.3316115746904027
637.7499999998429,0.6996112265626528
637.7599999998429,0.2855420646023786
637.7699999998429,0.6688895884008559
637.7799999998429,0.5120662024535789
637.7899999998427,0.538470390717771
637.7999999998427,0.658457753324027
637.8099999998427,0.3095213630875471
637.8199999998426,0.7002699281470833
637.8299999998426,0.30360999157877844
637.8399999998426,0.661097947440306
637.8499999998426,0.5325423306211193
637.8599999998424,0.5187277513878407
637.8699999998424,0.6666267667858576
637.8799999998424,0.2910201232685146
637.8899999998423,0.7001610937341284
637.8999999998423,0.3231613638709804
637.9099999998423,0.6528339570637506
637.9199999998423,0.5506324487483111
637.9299999998422,0.49903335053874265
637.9399999998421,0.6734422817793934
637.9499999998421,0.2762732139209722
637.959999999842,0.6994162408795146
637.969999999842,0.34318517349038563
637.979999999842,0.6442310083333934
637.989999999842,0.5665234971016078
637.9999999998419,0.47966972530512136
638.0099999998419,0.6790977799781557
638.0199999998418,0.26522570919309413
638.0299999998417,0.6981558109618016
638.0399999998417,0.36291515002952884
638.0499999998417,0.6354246803096438
638.0599999998417,0.5804176292767415
638.0699999998416,0.460909009089448
638.0799999998416,0.6837620202000259
638.0899999998416,0.25763139570448623
638.0999999998414,0.6964911765737566
638.1099999998414,0.38180544720013976
638.1199999998414,0.6265519146371354
638.1299999998414,0.5925154479755294
638.1399999998413,0.4430015635170026
638.1499999998413,0.6875823500424308
638.1599999998413,0.25309890982860744
638.1699999998411,0.6945260437343124
638.1799999998411,0.399491995110575
638.1899999998411,0.6177496368718082
638.1999999998411,0.6030065376914323
638.209999999841,0.4261660454382559
638.219999999841,0.6906876095350124
638.229999999841,0.25114473022461853
638.2399999998408,0.6923573447734976
638.2499999998408,0.4157511762723862
638.2599999998408,0.6091529725339556
638.2699999998408,0.6120646150404289
638.2799999998407,0.4105820352446772
638.2899999998407,0.6931905747312842
638.2999999998407,0.2512438797804426
638.3099999998406,0.6900757098860234
638.3199999998405,0.4304622035768691
638.3299999998405,0.6008932208544399
638.3399999998405,0.6198454879840593
638.3499999998404,0.39638599184664136
638.3599999998404,0.6951899518258837
638.3699999998404,0.25287214051848605
638.3799999998403,0.6877655987236218
638.3899999998403,0.4435758411035634
638.3999999998402,0.5930957524492754
638.4099999998402,0.6264866446345205
638.4199999998401,0.38367082665606334
638.4299999998401,0.6967719630270697
638.4399999998401,0.25553695476037774
638.44999999984,0.685505167442671
638.45999999984,0.4550898912541901
638.46999999984,0.5858779842731485
638.47999999984,0.632107724952558
638.4899999998398,0.37248890277637936
638.4999999998398,0.6980115776644935
638.5099999998398,0.2587969635254894
638.5199999998397,0.6833659411417808
638.5299999998397,0.4650307711964942
638.5399999998397,0.579347559009296
638.5499999998397,0.6368114146299022
638.5599999998395,0.36285786236931206
638.5699999998395,0.6989734452141012
638.5799999998395,0.2622718866508901
638.5899999998394,0.68141235584901
638.5999999998394,0.47344009454270924
638.6099999998394,0.5736008167797967
638.6199999998394,0.6406844856657019
638.6299999998392,0.3547684252906696
638.6399999998392,0.6997125846544775
638.6499999998392,0.26564521368502003
638.6599999998391,0.6797012279962745
638.6699999998391,0.4803651405841944
638.6799999998391,0.5687216027399938
638.6899999998391,0.643798824343149
638.699999999839,0.3481932038643393
638.7099999998389,0.7002748799657021
638.7199999998389,0.2686622240409609
638.7299999998388,0.6782812025245799
638.7399999998388,0.4858522285725298
638.7499999998388,0.5647804093434894
638.7599999998388,0.6462123597355631
638.7699999998387,0.34309562086395473
638.7799999998387,0.7006974256416169
638.7899999998386,0.27112550508100447
638.7999999998385,0.6771922234239965
638.8099999998385,0.4899422041820615
638.8199999998385,0.5618338142283723
638.8299999998385,0.6479698483717918
638.8399999998384,0.33943815387296344
638.8499999998384,0.7010087596226269
638.8599999998384,0.27288963977306935
638.8699999998382,0.6764650630345063
638.8799999998382,0.4926674345289599
638.8899999998382,0.5599241489951093
638.8999999998382,0.6491034957217415
638.9099999998381,0.3371893085625122
638.9199999998381,0.701229014254721
638.9299999998381,0.2738562468819392
638.9399999998379,0.6761209388602771
638.9499999998379,0.4940498738933309
638.9599999998379,0.5590793226826712
638.9699999998379,0.6496334078150244
638.9799999998378,0.3363289023284674
638.9899999998378,0.7013700090700155
638.9999999998378,0.2739701507670829
639.0099999998376,0.6761712394629451
639.0199999998376,0.4940998993298424
639.0299999998376,0.5593127288746326
639.0399999998376,0.6495678722614285
639.0499999998375,0.33685139123803753
639.0599999998375,0.7014353022224099
639.0699999998375,0.2732171494779204
639.0799999998374,0.6766173740705619
639.0899999998373,0.49281572877159563
639.0999999998373,0.5606231835434233
639.1099999998373,0.6489034694394444
639.1199999998372,0.33876709097270086
639.1299999998372,0.7014202104505853
639.1399999998372,0.2716236244175649
639.1499999998371,0.6774507539933505
639.159999999837,0.49018333090968697
639.169999999837,0.5629948692653217
639.179999999837,0.6476250133891234
639.1899999998369,0.34210123098601514
639.1999999998369,0.7013118004798032
639.2099999998369,0.2692580581526859
639.2199999998368,0.6786529076058647
639.2299999998368,0.48617682252928207
639.2399999998368,0.5663972948545524
639.2499999998367,0.6457053201035308
639.2599999998366,0.3468908609978925
639.2699999998366,0.7010888477066352
639.2799999998366,0.2662343610771179
639.2899999998365,0.6801957241893797
639.2999999998365,0.48075943814858996
639.3099999998365,0.5707853116675013
639.3199999998365,0.6431047991617372
639.3299999998363,0.35317971937153264
639.3399999998363,0.7007217509864843
639.3499999998363,0.2627167107990846
639.3599999998362,0.6820418152030705
639.3699999998362,0.47388525378893737
639.3799999998362,0.576099253368425
639.3899999998362,0.639770863821488
639.399999999836,0.3610112935818832
639.409999999836,0.7001723852426206
639.419999999836,0.2589253404897183
639.4299999998359,0.6841449744350061
639.4399999998359,0.46550196295595914
639.4499999998359,0.5822652794189722
639.4599999998359,0.6356371575931172
639.4699999998357,0.37042046324925487
639.4799999998357,0.6993938664689467
639.4899999998357,0.25514234445912654
639.4999999998356,0.6864507107833941
639.5099999998356,0.45555514718887713
639.5199999998356,0.5891960012570369
639.5299999998356,0.6306226028295184
639.5399999998355,0.38142430884843076
639.5499999998354,0.6983301965232606
639.5599999998354,0.25171608990784655
639.5699999998353,0.6888968195558617
639.5799999998353,0.44399465883713224
639.5899999998353,0.5967914522657974
639.5999999998353,0.6246302934881396
639.6099999998352,0.39401287018524156
639.6199999998352,0.6969157479341473
639.6299999998351,0.24906226731514292
639.639999999835,0.6914139500166063
639.649999999835,0.43078394217659305
639.659999999835,0.604940430161182
639.669999999835,0.6175462852083553
639.6799999998349,0.4081408015768199
639.6899999998349,0.6950745417443137
639.6999999998349,0.24765908442770082
639.7099999998347,0.6939261191430307
639.7199999998347,0.4159133378945955
639.7299999998347,0.6135221972693916
639.7399999998347,0.609238389005691
639.7499999998346,0.4237209410288512
639.7599999998346,0.692719264699987
639.7699999998346,0.24803381756516793
639.7799999998344,0.6963511143158678
639.7899999998344,0.3994185972262705
639.7999999998344,0.6224084760591689
639.8099999998344,0.5995551651549345
639.8199999998343,0.44062073553374187
639.8299999998343,0.6897499660052095
639.8399999998343,0.25073819068440445
639.8499999998342,0.6986007210156513
639.8599999998341,0.381405860966392
639.8699999998341,0.6314656318334042
639.8799999998341,0.5883254591702612
639.889999999834,0.45866221428983117
639.899999999834,0.68605237007185
639.909999999834,0.2563112170355569
639.9199999998339,0.7005807056063764
639.9299999998339,0.3620840307879032
639.9399999998338,0.6405568973255988
639.9499999998338,0.5753590544271348
639.9599999998337,0.4776257893578727
639.9699999998337,0.6814957419945095
639.9799999998337,0.2652304595733188
639.9899999998336,0.7021904776439243
639.9999999998336,0.34180443287010276
640.0099999998336,0.649544471463861
640.0199999998335,0.5604493763950361
640.0299999998334,0.4972576485860935
640.0399999998334,0.6759302516096704
640.0499999998334,0.2778560368653568
640.0599999998333,0.7033223500723826
640.0699999998333,0.3211054751827338
640.0799999998333,0.6582913179253865
640.0899999998333,0.5433797291411085
640.0999999998331,0.5172799881517246
640.1099999998331,0.6691838078241464
640.1199999998331,0.29437541197185385
640.129999999833,0.7038603085815732
640.139999999833,0.30075613106750965
640.149999999833,0.6666624978605937
640.159999999833,0.5239353372668513
640.1699999998328,0.5374029240380823
640.1799999998328,0.6610583917754704
640.1899999998328,0.31475971408527037
640.1999999998327,0.703678192591033
640.2099999998327,0.28178637503857445
640.2199999998327,0.6745258921328477
640.2299999998327,0.5019245519657918
640.2399999998325,0.5573367109817817
640.2499999998325,0.6513260304915852
640.2599999998325,0.3387424867424062
640.2699999998324,0.7026371794482178
640.2799999998324,0.26548603532750326
640.2899999998324,0.6817521953745743
640.2999999998324,0.47721391553307296
640.3099999998323,0.5768029236496461
640.3199999998322,0.6397247660776803
640.3299999998322,0.365828355589856
640.3399999998321,0.700582451491384
640.3499999998321,0.25334881710502355
640.3599999998321,0.6882140904481202
640.369999999832,0.44978308712973813
640.379999999832,0.5955434933700661
640.389999999832,0.6259553622274187
640.399999999832,0.3953326043989914
640.4099999998318,0.6973389159432671
640.4199999998318,0.2469409119400901
640.4299999998318,0.693784531620744
640.4399999998317,0.4198060983743495
640.4499999998317,0.6133268731666559
640.4599999998317,0.6096801709753885
640.4699999998317,0.42644508975708656
640.4799999998315,0.6927058481147385
640.4899999998315,0.24768992757595157
640.4999999998315,0.6983340718390144
640.5099999998314,0.38776323223966375
640.5199999998314,0.6299510260310398
640.5299999998314,0.590526746590577
640.5399999998314,0.45830612605160725
640.5499999998312,0.6864503563339168
640.5599999998312,0.25662172814978607
640.5699999998312,0.7017271612866197
640.5799999998311,0.3545797628528664
640.5899999998311,0.6452433078045324
640.5999999998311,0.5681007105805351
640.6099999998311,0.49008006437968327
640.619999999831,0.6782996562422069
640.6299999998309,0.2741104814291551
640.6399999998309,0.7038173188965564
640.6499999998308,0.3217695052586505
640.6599999998308,0.6590575846915139
640.6699999998308,0.5420153683196609
640.6799999998308,0.5210146126412236
640.6899999998307,0.6679323584385646
640.6999999998307,0.2997280879744819
640.7099999998306,0.7044410377859263
640.7199999998305,0.29153000913302646
640.7299999998305,0.6712690603944671
640.7399999998305,0.5119498682716133
640.7499999998305,0.5504790647887002
640.7599999998304,0.6549694400436544
640.7699999998304,0.3322603330697242
640.7799999998304,0.7034102351382242
640.7899999998302,0.26669914787593496
640.7999999998302,0.6817672964019341
640.8099999998302,0.4777528626318128
640.8199999998302,0.5779802825565219
640.8299999998301,0.6389665132421636
640.8399999998301,0.36989779563431124
640.8499999998301,0.7005030111861316
640.8599999998299,0.2504671204518115
640.8699999998299,0.6904478156842109
640.8799999998299,0.4396123396602532
640.8899999998299,0.6031596475952216
640.8999999998298,0.6194108200911408
640.9099999998298,0.41054035282698326
640.9199999998298,0.6954524702079093
640.9299999998296,0.2457913164372067
640.9399999998296,0.6972025188640055
640.9499999998296,0.3983078358624926
640.9599999998296,0.6257764466188106
640.9699999998295,0.5957297348485818
640.9799999998295,0.45211632897530973
640.9899999998295,0.6879334422909016
640.9999999998294,0.2546147934374656
641.0099999998293,0.7019089428578016
641.0199999998293,0.3555344788367011
641.0299999998293,0.6456834206677358
641.0399999998292,0.5673234267252447
641.0499999998292,0.49282930351262016
641.0599999998292,0.6775472584336342
641.0699999998291,0.277182223706788
641.079999999829,0.7044181807161104
641.089999999829,0.3142190762134108
641.099999999829,0.6627991890820794
641.1099999998289,0.5336438384845096
641.1199999998289,0.5312910406011587
641.1299999998289,0.6638055376858958
641.1399999998288,0.3118114307898815
641.1499999998288,0.7045410808823063
641.1599999998288,0.27862989834780927
641.1699999998287,0.6770806983956539
641.1799999998286,0.49435540941120104
641.1899999998286,0.5665462390345857
641.1999999998286,0.6461157652794964
641.2099999998285,0.3552845383597888
641.2199999998285,0.7020321870166255
641.2299999998285,0.2539725641489949
641.2399999998285,0.6884972917577417
641.2499999998283,0.44962566098843265
641.2599999998283,0.5980222516961563
641.2699999998283,0.6237752641561489
641.2799999998282,0.4036773386823521
641.2899999998282,0.6965708353263625
641.2999999998282,0.24523811063620676
641.3099999998282,0.6970067247015642
641.319999999828,0.4005887582438623
641.329999999828,0.6254418796302912
641.339999999828,0.5959877398965868
641.3499999998279,0.45323166003014964
641.3599999998279,0.687739053465504
641.3699999998279,0.2555077895634458
641.3799999998279,0.7025325358860995
641.3899999998278,0.34996029551849256
641.3999999998277,0.6487285825541056
641.4099999998277,0.5619306130553375
641.4199999998276,0.5009440132749712
641.4299999998276,0.6749967622914443
641.4399999998276,0.2845490974889698
641.4499999998276,0.7049415788319373
641.4599999998275,0.30259264255711416
641.4699999998275,0.6679208781929358
641.4799999998274,0.5209246859113209
641.4899999998273,0.5447744744897021
641.4999999998273,0.6576570480821027
641.5099999998273,0.32867426144192924
641.5199999998273,0.7040201729349356
641.5299999998272,0.26544177809842234
641.5399999998272,0.6831022153425913
641.5499999998272,0.4727886441712056
641.559999999827,0.5835673354940639
641.569999999827,0.6348695651360158
641.579999999827,0.38204260840396986
641.589999999827,0.6994472491655663
641.5999999998269,0.24623366762901072
641.6099999998269,0.6943459653970605
641.6199999998269,0.4184781405462999
641.6299999998267,0.6168332049907156
641.6399999998267,0.6056315913831942
641.6499999998267,0.4385601690095924
641.6599999998267,0.6907632368402518
641.6699999998266,0.25068336969512933
641.6799999998266,0.7016718579412281
641.6899999998266,0.36103933618710454
641.6999999998264,0.6445091547253663
641.7099999998264,0.5688692993544004
641.7199999998264,0.49331848334080247
641.7299999998264,0.6773348473335075
641.7399999998263,0.279603559146504
641.7499999998263,0.7050090021447326
641.7599999998263,0.30660061760644264
641.7699999998262,0.6667562129206175
641.7799999998261,0.5236732058234445
641.7899999998261,0.5431311085119604
641.7999999998261,0.6583197895012097
641.809999999826,0.32815026251242574
641.819999999826,0.7041605882900087
641.829999999826,0.2644939598505324
641.8399999998259,0.6838099327368956
641.8499999998259,0.4698306932468724
641.8599999998258,0.5863690949469657
641.8699999998258,0.632644990257055
641.8799999998257,0.3879915161955518
641.8899999998257,0.6987659643082096
641.8999999998257,0.2451342670087003
641.9099999998256,0.695877221072356
641.9199999998256,0.4088321868311422
641.9299999998256,0.6224999199811021
641.9399999998255,0.5990336141265866
641.9499999998254,0.4506642285943823
641.9599999998254,0.688257222720345
641.9699999998254,0.2554160419749031
641.9799999998253,0.7030649926372402
641.9899999998253,0.34537185459454106
641.9999999998253,0.6516201879265716
642.0099999998253,0.556161498342551
642.0199999998251,0.509872740707698
642.0299999998251,0.6718109862176053
642.0399999998251,0.29445532230393473
642.049999999825,0.7053260329782304
642.059999999825,0.2886891166392
642.069999999825,0.674100407420986
642.079999999825,0.5031052626557561
642.0899999998248,0.5620335573996519
642.0999999998248,0.648305146617177
642.1099999998248,0.35370994225343866
642.1199999998247,0.7024099636255687
642.1299999998247,0.251856143295118
642.1399999998247,0.6903516908038428
642.1499999998247,0.4403470230257085
642.1599999998245,0.6057117653827003
642.1699999998245,0.616312682549038
642.1799999998245,0.42155016954708474
642.1899999998244,0.6938106051852455
642.1999999998244,0.24692249636748187
642.2099999998244,0.7006825680569735
642.2199999998244,0.3715762825727153
642.2299999998243,0.6407731903774574
642.2399999998242,0.5742161095320414
642.2499999998242,0.4881278878536534
642.2599999998241,0.6787061004467464
642.2699999998241,0.2775793063800428
642.2799999998241,0.7052087106096971
642.2899999998241,0.30591082623649957
642.299999999824,0.6676875516798367
642.309999999824,0.5206308471027712
642.319999999824,0.5474561954043015
642.3299999998238,0.655898931142579
642.3399999998238,0.336069568514805
642.3499999998238,0.7037856496254546
642.3599999998238,0.25838851056081646
642.3699999998237,0.6870773404649173
642.3799999998237,0.45548933652754026
642.3899999998237,0.5969941991738853
642.3999999998235,0.6237897007332197
642.4099999998235,0.40806932153817355
642.4199999998235,0.6959439808247769
642.4299999998235,0.24505760407054186
642.4399999998234,0.6994599683547348
642.4499999998234,0.3822111941776409
642.4599999998234,0.6363439283877499
642.4699999998232,0.5804837157267079
642.4799999998232,0.48033887607149367
642.4899999998232,0.6808165974911708
642.4999999998232,0.2729142615565374
642.5099999998231,0.7051043649948838
642.5199999998231,0.3107296949988492
642.5299999998231,0.6660969506232386
642.539999999823,0.5242718688523489
642.549999999823,0.5447046713180798
642.5599999998229,0.6570636521882314
642.5699999998229,0.33392678726422936
642.5799999998228,0.7039394384779757
642.5899999998228,0.25869418443484044
642.5999999998228,0.6871019180050463
642.6099999998227,0.4549689502191607
642.6199999998227,0.5978008860319962
642.6299999998226,0.6228387517714932
642.6399999998226,0.41073538127163406
642.6499999998225,0.6954740630501651
642.6599999998225,0.24544795945233555
642.6699999998225,0.7000713382576941
642.6799999998224,0.3767299504303541
642.6899999998224,0.6391911615215374
642.6999999998224,0.5759344931316202
642.7099999998223,0.4872742775583436
642.7199999998222,0.6787088567448277
642.7299999998222,0.27865593898017843
642.7399999998222,0.7053826274968237
642.7499999998221,0.3019980763430433
642.7599999998221,0.6697042414168899
642.7699999998221,0.5144590465215422
642.779999999822,0.5541571859842357
642.7899999998219,0.6520478482901294
642.7999999998219,0.34707256286397853
642.8099999998219,0.7029629829160099
642.8199999998218,0.25248076935154745
642.8299999998218,0.69043195760058
642.8399999998218,0.43875425971509324
642.8499999998218,0.6080007254112973
642.8599999998216,0.6132803376808118
642.8699999998216,0.42947515599592095
642.8799999998216,0.6921922413627494
642.8899999998215,0.24958935393858436
642.8999999998215,0.7022309891077531
642.9099999998215,0.3553618753071041
642.9199999998215,0.6487720352955746
642.9299999998213,0.5598606430892658
642.9399999998213,0.5082520773216466
642.9499999998213,0.6717962908261633
642.9599999998212,0.29704939759849475
642.9699999998212,0.705490634210985
642.9799999998212,0.2818478115737613
642.9899999998212,0.6776816114839243
642.9999999998211,0.49006496837007596
643.009999999821,0.574499587405059
643.019999999821,0.6397544555347041
643.0299999998209,0.3765721254008735
643.0399999998209,0.7000022168301546
643.0499999998209,0.24512586826971736
643.0599999998209,0.6960349672059741
643.0699999998208,0.406113699491499
643.0799999998208,0.6258959524791394
643.0899999998207,0.5933608484652778
643.0999999998206,0.4634004226124573
643.1099999998206,0.6848426211777562
643.1199999998206,0.2645157920338794
643.1299999998206,0.7047148182855721
643.1399999998205,0.31993776906112187
643.1499999998205,0.6632293944445204
643.1599999998205,0.5298744795780082
643.1699999998203,0.5409380491113739
643.1799999998203,0.6582496250366308
643.1899999998203,0.3328156997341229
643.1999999998203,0.7039538807429657
643.2099999998202,0.2574421170189721
643.2199999998202,0.6881221347193736
643.2299999998202,0.44879684091382466
643.23999999982,0.6027707357761632
643.24999999982,0.6175661333646929
643.25999999982,0.42279576750487535
643.26999999982,0.6931954373927104
643.2799999998199,0.24841328411481187
643.2899999998199,0.7019511791446491
643.2999999998199,0.3572925844147439
643.3099999998198,0.6484533284814358
643.3199999998197,0.5595766493053523
643.3299999998197,0.5096145524739503
643.3399999998197,0.670953170789026
643.3499999998196,0.3002175451989432
643.3599999998196,0.7054115443294503
643.3699999998196,0.27755450692886185
643.3799999998195,0.6796799334169306
643.3899999998195,0.48215311692648133
643.3999999998194,0.5811095121827304
643.4099999998194,0.6346923756935724
643.4199999998193,0.3888571623426216
643.4299999998193,0.6983196188319848
643.4399999998193,0.24429877035942626
643.4499999998192,0.6982825627724871
643.4599999998192,0.3890306500415479
643.4699999998192,0.6346770965378462
643.4799999998191,0.5809757889871138
643.489999999819,0.482575875115474
643.499999999819,0.6794580516133722
643.509999999819,0.27836663449957927
643.5199999998189,0.7054229498615753
643.5299999998189,0.2984915870809181
643.5399999998189,0.6717693562634327
643.5499999998189,0.506686299288136
643.5599999998187,0.5625012218077661
643.5699999998187,0.6464212228844012
643.5799999998187,0.3628684497831805
643.5899999998186,0.7012854122578456
643.5999999998186,0.24679570692409153
643.6099999998186,0.6946021957513258
643.6199999998186,0.4132569408331347
643.6299999998184,0.6230996024762473
643.6399999998184,0.595645087461645
643.6499999998184,0.4613833948403569
643.6599999998183,0.6848968718479104
643.6699999998183,0.2652426086656402
643.6799999998183,0.7047888776677659
643.6899999998183,0.31592867532922
643.6999999998181,0.6652965918988305
643.7099999998181,0.5233693277253068
643.7199999998181,0.5482701138378645
643.729999999818,0.6539485823090295
643.739999999818,0.3450752912751896
643.749999999818,0.7028596638781113
643.759999999818,0.25133294900101705
643.7699999998179,0.6916165760018781
643.7799999998178,0.42954771475953224
643.7899999998178,0.6147095532472465
643.7999999998177,0.6047555272731135
643.8099999998177,0.44703997002876006
643.8199999998177,0.6880420588043142
643.8299999998177,0.25837823755142925
643.8399999998176,0.7040918812744936
643.8499999998176,0.3275759479875878
643.8599999998175,0.6609661725236852
643.8699999998174,0.5330840394377678
643.8799999998174,0.539382361437683
643.8899999998174,0.658062313477692
643.8999999998174,0.335123315228048
643.9099999998173,0.7035555984318601
643.9199999998173,0.25480548837262584
643.9299999998173,0.6898286124716072
643.9399999998171,0.438012163009561
643.9499999998171,0.6102110171224331
643.9599999998171,0.6090640647513166
643.9699999998171,0.4400719630915121
643.979999999817,0.6893691145497599
643.989999999817,0.25579470290130746
643.999999999817,0.7037029134796735
644.0099999998168,0.3323938763566103
644.0199999998168,0.6592346317689624
644.0299999998168,0.5364119040267549
644.0399999998168,0.5364103453045262
644.0499999998167,0.6592030374061818
644.0599999998167,0.33257374021268166
644.0699999998167,0.7036569890470715
644.0799999998166,0.2555888648043727
644.0899999998165,0.6895167290644705
644.0999999998165,0.43881732172074533
644.1099999998165,0.609973496499786
644.1199999998164,0.6089386739711649
644.1299999998164,0.4406763097908461
644.1399999998164,0.6890915590328
644.1499999998163,0.2565281073235458
644.1599999998163,0.7037793859879506
644.1699999998162,0.330057467969183
644.1799999998162,0.6602775925079228
644.1899999998161,0.5335681039779678
644.1999999998161,0.5395329941662724
644.2099999998161,0.6574995710221149
644.219999999816,0.3372704208999547
644.229999999816,0.7032281626171512
644.239999999816,0.25339283041082283
644.2499999998159,0.6907207157644109
644.2599999998158,0.4319944932501704
644.2699999998158,0.6140084606033724
644.2799999998158,0.6043776164167514
644.2899999998157,0.4488233598004345
644.2999999998157,0.6871755760468724
644.3099999998157,0.26082173777851325
644.3199999998156,0.7042631860101526
644.3299999998155,0.3207435286958774
644.3399999998155,0.6639771150202357
644.3499999998155,0.5243885054908066
644.3599999998154,0.5485416447162492
644.3699999998154,0.6527798203327767
644.3799999998154,0.34944301531877436
644.3899999998154,0.702116306009212
644.3999999998152,0.24921735205241813
644.4099999998152,0.6932400506792027
644.4199999998152,0.41742403631098884
644.4299999998151,0.6219697094810235
644.4399999998151,0.5950105997003733
644.4499999998151,0.46424913718337135
644.4599999998151,0.6833384649946469
644.469999999815,0.2700719393701539
644.4799999998149,0.7048822269202709
644.4899999998149,0.3052321340809867
644.4999999998148,0.6699314003913921
644.5099999998148,0.5083440496632798
644.5199999998148,0.5628378592295892
644.5299999998148,0.6445581326866368
644.5399999998147,0.3695224149038703
644.5499999998146,0.6999475768294126
644.5599999998146,0.2454555700769516
644.5699999998145,0.6966454234567666
644.5799999998145,0.39498762537494975
644.5899999998145,0.6331770863549326
644.5999999998145,0.5800823385413588
644.6099999998144,0.4863437055362478
644.6199999998144,0.6770303785952345
644.6299999998143,0.28650554419200663
644.6399999998142,0.7051542007355736
644.6499999998142,0.28532421729273905
644.6599999998142,0.6774851865303865
644.6699999998142,0.4846036390997705
644.6799999998141,0.5814370923691156
644.6899999998141,0.6319984170384609
644.699999999814,0.3977194943435437
644.7099999998139,0.6961136290103394
644.7199999998139,0.24598647289145562
644.7299999998139,0.7002992777979621
644.7399999998139,0.3649674343290412
644.7499999998138,0.6466655980226967
644.7599999998138,0.5584320929959932
644.7699999998138,0.5140117721934065
644.7799999998136,0.6673943857052579
644.7899999998136,0.31249006314903294
644.7999999998136,0.7043863618115984
644.8099999998136,0.2645432289822525
644.8199999998135,0.6857748882769317
644.8299999998135,0.45222721196194127
644.8399999998135,0.6030080623302039
644.8499999998133,0.6138534572333704
644.8599999998133,0.433515007190842
644.8699999998133,0.6897403350131324
644.8799999998133,0.2558744246114096
644.8899999998132,0.7033763159764489
644.8999999998132,0.32885376290857976
644.9099999998132,0.6612583744070332
644.9199999998131,0.5285136121549586
644.929999999813,0.5456144658364926
644.939999999813,0.6531967748169035
644.949999999813,0.3494817021111898
644.9599999998129,0.7016604120549398
644.9699999998129,0.2488564850766081
644.9799999998129,0.6937769663573162
644.9899999998128,0.41067770145740023
644.9999999998128,0.6259678165082351
645.0099999998127,0.5883929802275911
645.0199999998127,0.47530524620302367
645.0299999998126,0.6796259128287172
645.0399999998126,0.2801746388888426
645.0499999998126,0.7048701977974352
645.0599999998125,0.2907033766514627
645.0699999998125,0.6756512218828274
645.0799999998125,0.488579902148263
645.0899999998124,0.5790697879047969
645.0999999998123,0.6327213694079004
645.1099999998123,0.3969509768973835
645.1199999998123,0.6957867908180247
645.1299999998122,0.24660272874843805
645.1399999998122,0.7003421593118501
645.1499999998122,0.3610017114288113
645.1599999998122,0.6486206538984509
645.169999999812,0.5533778202375526
645.179999999812,0.520436862472611
645.189999999812,0.6641326304281858
645.1999999998119,0.3217471916247149
645.2099999998119,0.7035682291686883
645.2199999998119,0.2587502157611815
645.2299999998119,0.6884844749813032
645.2399999998117,0.43734273079211605
645.2499999998117,0.6120995587369261
645.2599999998117,0.6036408458748236
645.2699999998116,0.45193833217392493
645.2799999998116,0.6852079412694889
645.2899999998116,0.26632273367511256
645.2999999998116,0.7041937179373676
645.3099999998115,0.308078810186658
645.3199999998114,0.6692962492423635
645.3299999998114,0.5062708317378326
645.3399999998113,0.5656681368759073
645.3499999998113,0.6410207036055607
645.3599999998113,0.37911903082510956
645.3699999998113,0.6979712799826139
645.3799999998112,0.24564733102756142
645.3899999998112,0.6983714194741497
645.3999999998111,0.37574661594651737
645.409999999811,0.6425189261941509
645.419999999811,0.5629537868248046
645.429999999811,0.5096935327839054
645.439999999811,0.6678273818761657
645.4499999998109,0.312198014242691
645.4599999998109,0.7038647268789128
645.4699999998109,0.26353851510236315
645.4799999998107,0.6864302296910202
645.4899999998107,0.4452143403141638
645.4999999998107,0.6078245850257384
645.5099999998107,0.6072479862642379
645.5199999998106,0.4462436289327093
645.5299999998106,0.686131042728889
645.5399999998106,0.26430842844964797
645.5499999998104,0.7038533042899285
645.5599999998104,0.31065477152556986
645.5699999998104,0.668436609470132
645.5799999998104,0.5073194474490853
645.5899999998103,0.5650911002041473
645.5999999998103,0.6407522309606528
645.6099999998103,0.38007997465147303
645.6199999998101,0.6975456540770153
645.6299999998101,0.24602108221553579
645.6399999998101,0.6985426369183115
645.6499999998101,0.3719368608468934
645.65999999981,0.644307235521615
645.66999999981,0.558904085321784
645.67999999981,0.5148068534179728
645.6899999998099,0.6653750288644524
645.6999999998098,0.31901707360205483
645.7099999998098,0.7032530484380392
645.7199999998098,0.2595158051906751
645.7299999998097,0.6882806289608151
645.7399999998097,0.43477336742260386
645.7499999998097,0.613938142978602
645.7599999998096,0.6000107932689204
645.7699999998096,0.4585973079365765
645.7799999998095,0.6828067744957108
645.7899999998095,0.2725908989400067
645.7999999998094,0.7040892740465601
645.8099999998094,0.29788120402772017
645.8199999998094,0.6732432200797263
645.8299999998093,0.4919385768456489
645.8399999998093,0.5773703580115148
645.8499999998093,0.6319188748215504
645.8599999998092,0.3997371771086241
645.8699999998091,0.694394861817661
645.8799999998091,0.248748067277776
645.8899999998091,0.7006330514251924
645.899999999809,0.34994166036943597
645.909999999809,0.6535121407920054
645.919999999809,0.5406240620796057
645.929999999809,0.5350032544326326
645.9399999998088,0.6561632506799597
645.9499999998088,0.34331578899857634
645.9599999998088,0.7011660553305538
645.9699999998087,0.2503069413249717
645.9799999998087,0.6932810854438848
645.9899999998087,0.40564818515626844
645.9999999998087,0.6291533018427654
646.0099999998085,0.5805479865256176
646.0199999998085,0.48784326486059393
646.0299999998085,0.674146133219254
646.0399999998084,0.2956160074259718
646.0499999998084,0.7038892675044172
646.0599999998084,0.2739561590076895
646.0699999998084,0.6823099793869206
646.0799999998083,0.4584970395626918
646.0899999998082,0.6003021442455257
646.0999999998082,0.6125406595908742
646.1099999998081,0.4377315547575428
646.1199999998081,0.6870285220632041
646.1299999998081,0.2625454657990446
646.1399999998081,0.7031402044016437
646.149999999808,0.31248374538142637
646.159999999808,0.6679283602462142
646.1699999998079,0.5053329902771304
646.1799999998078,0.567257418735843
646.1899999998078,0.6377670840058799
646.1999999998078,0.38743826984018304
646.2099999998078,0.6957335229211326
646.2199999998077,0.24769107367669482
646.2299999998077,0.6993567555958786
646.2399999998077,0.3581353518054506
646.2499999998075,0.6503227770864509
646.2599999998075,0.5452129936193085
646.2699999998075,0.5305769168111909
646.2799999998075,0.6573756897489392
646.2899999998074,0.340481509358196
646.2999999998074,0.7009856452133904
646.3099999998074,0.25113834989654343
646.3199999998072,0.6928837984737529
646.3299999998072,0.40485159162544504
646.3399999998072,0.6296995125522293
646.3499999998072,0.5783638765516856
646.3599999998071,0.4911578834404088
646.3699999998071,0.6723712477755972
646.3799999998071,0.30058942762447455
646.389999999807,0.7033557303645276
646.3999999998069,0.26980142615438296
646.4099999998069,0.6840089288108624
646.4199999998069,0.44886606418546365
646.4299999998068,0.6063224796555418
646.4399999998068,0.6055093321374131
646.4499999998068,0.4502740522412985
646.4599999998067,0.6835897269973616
646.4699999998066,0.2709020353235938
646.4799999998066,0.7033010435624181
646.4899999998066,0.29890205691299865
646.4999999998065,0.672990929241963
646.5099999998065,0.4883201709898682
646.5199999998065,0.580545209316063
646.5299999998064,0.6275090016461059
646.5399999998064,0.4095370054408789
646.5499999998063,0.6917132444574376
646.5599999998063,0.25321473353299045
646.5699999998062,0.7011979832024381
646.5799999998062,0.33358186224554254
646.5899999998062,0.6600822710158376
646.5999999998061,0.5226126313725767
646.6099999998061,0.5528329562444401
646.619999999806,0.6451915137485738
646.629999999806,0.37076033250841617
646.6399999998059,0.6972969900146584
646.6499999998059,0.24761303545724114
646.6599999998059,0.697367657458196
646.6699999998058,0.3699154758270134
646.6799999998058,0.6455462732215093
646.6899999998058,0.5518461740193337
646.6999999998058,0.5237697820826831
646.7099999998056,0.6592910424579023
646.7199999998056,0.33573479407965545
646.7299999998056,0.7007965363999746
646.7399999998055,0.25264914518124826
646.7499999998055,0.6920953241777735
646.7599999998055,0.4052219415033551
646.7699999998055,0.6296689844661526
646.7799999998053,0.5764582124917301
646.7899999998053,0.4940458937212878
646.7999999998053,0.6704334151006333
646.8099999998052,0.3059627137496165
646.8199999998052,0.7025914210042005
646.8299999998052,0.26591426225213094
646.8399999998052,0.6856446996119708
646.849999999805,0.43793231608091804
646.859999999805,0.6127655350580455
646.869999999805,0.597006490776535
646.8799999998049,0.46442311097698286
646.8899999998049,0.6791432484875518
646.8999999998049,0.2824281138667195
646.9099999998049,0.7030040322602923
646.9199999998048,0.28470318029821345
646.9299999998047,0.6782679488762396
646.9399999998047,0.4672949056239459
646.9499999998046,0.5951807046308941
646.9599999998046,0.6140574794009155
646.9699999998046,0.4356809839970278
646.9799999998046,0.6858582089731664
646.9899999998045,0.26547400256549303
646.9999999998045,0.7023140322747702
647.0099999998044,0.3065249065703342
647.0199999998043,0.6702119833651361
647.0299999998043,0.4930854922516911
647.0399999998043,0.5772837776965399
647.0499999998043,0.6281349140491607
647.0599999998042,0.4085515592972364
647.0699999998042,0.6909441229674683
647.0799999998042,0.2548179024144384
647.089999999804,0.700768920455758
647.099999999804,0.32937144973142063
647.109999999804,0.6617215759117301
647.119999999804,0.5153849206132688
647.1299999998039,0.5594583570726545
647.1399999998039,0.6397006443728088
647.1499999998039,0.3836550058991874
647.1599999998037,0.6947084117300043
647.1699999998037,0.24968406711486044
647.1799999998037,0.6985913947112826
647.1899999998037,0.35178192278792403
647.1999999998036,0.6530397715590954
647.2099999998036,0.5344293617848289
647.2199999998036,0.5420885221833458
647.2299999998035,0.6491514982659948
647.2399999998034,0.3614492118477619
647.2499999998034,0.6974110718586157
647.2599999998034,0.2489956075922682
647.2699999998033,0.6959841137091171
647.2799999998033,0.3727847517147905
647.2899999998033,0.644406099085272
647.2999999998032,0.550517883824371
647.3099999998032,0.5255433404003629
647.3199999998031,0.6568232595574188
647.329999999803,0.34220327110165977
647.339999999803,0.6992731867857958
647.349999999803,0.25156585770373313
647.359999999803,0.6931323913834001
647.3699999998029,0.39179111882025724
647.3799999998029,0.6360531416301987
647.3899999998029,0.5639592483093738
647.3999999998027,0.5101620438754938
647.4099999998027,0.6629971631927153
647.4199999998027,0.32599860130527814
647.4299999998027,0.7004832553248511
647.4399999998026,0.25624814795395273
647.4499999998026,0.6902052911817947
647.4599999998026,0.40848482765589533
647.4699999998024,0.6282020667700126
647.4799999998024,0.5750433938553091
647.4899999998024,0.4962420321956831
647.4999999998024,0.6679066820437316
647.5099999998023,0.3127547102608402
647.5199999998023,0.7012017134104861
647.5299999998023,0.2620294841359729
647.5399999998021,0.6873555362288599
647.5499999998021,0.4227291819696881
647.5599999998021,0.6210577144494759
647.5699999998021,0.5840275425937376
647.579999999802,0.4840312502575472
647.589999999802,0.6717436304551564
647.599999999802,0.3022717933592158
647.6099999998019,0.7015640259404378
647.6199999998018,0.26807339615788833
647.6299999998018,0.6847186077655939
647.6399999998018,0.43449627721827694
647.6499999998017,0.6148037809791426
647.6599999998017,0.5911305057634315
647.6699999998017,0.47372556815486705
647.6799999998016,0.6746632434585855
647.6899999998016,0.29428062232456753
647.6999999998015,0.701682691216143
647.7099999998015,0.27372645890764385
647.7199999998014,0.6824113620749006
647.7299999998014,0.4438168566322186
647.7399999998014,0.6095985196774321
647.7499999998013,0.5965312934920727
647.7599999998013,0.4654707935211041
647.7699999998013,0.6767881934797093
647.7799999998012,0.2884912935552801
647.7899999998011,0.7016484545217784
647.7999999998011,0.2785040045206156
647.8099999998011,0.6805304512843265
647.819999999801,0.4507464618463381
647.829999999801,0.6055712251600277
647.839999999801,0.6003697564246314
647.849999999801,0.4593681160121304
647.8599999998008,0.6782116365528889
647.8699999998008,0.2846351044584767
647.8799999998008,0.7015309788598948
647.8899999998007,0.28206742332617957
647.8999999998007,0.679150784989413
647.9099999998007,0.4553435314233997
647.9199999998007,0.6028196103791094
647.9299999998005,0.60274797635055
647.9399999998005,0.4554812854047289
647.9499999998005,0.6789994213699762
647.9599999998004,0.282496749629236
647.9699999998004,0.701379172786906
647.9799999998004,0.28420134720907236
647.9899999998004,0.6783242188094216
647.9999999998003,0.4576559177642615
648.0099999998002,0.6014080554212065
648.0199999998002,0.603731708406078
648.0299999998001,0.45384371206943946
648.0399999998001,0.6791915912101749
648.0499999998001,0.28193625149551166
648.0599999998001,0.7012213282150067
648.0699999998,0.2847955346886366
648.0799999998,0.6780786050094174
648.0899999997999,0.45771330091146667
648.0999999997998,0.6013666296717772
648.1099999997998,0.6033515135464099
648.1199999997998,0.45446391138590136
648.1299999997998,0.6788032839076248
648.1399999997997,0.28290121789663925
648.1499999997997,0.7010651749360046
648.1599999997997,0.2838338811014527
648.1699999997995,0.678417291835788
648.1799999997995,0.4555239158443052
648.1899999997995,0.6026907714288366
648.1999999997995,0.601603414145565
648.2099999997994,0.45732819795250823
648.2199999997994,0.677825099996309
648.2299999997994,0.28543025381930665
648.2399999997992,0.7008979132741501
648.2499999997992,0.28139150898676757
648.2599999997992,0.679319112844621
648.2699999997992,0.4510748218045956
648.2799999997991,0.6053415442732553
648.2899999997991,0.5984490221564258
648.2999999997991,0.4624001601200438
648.309999999799,0.6762229704017061
648.3199999997989,0.28964798060816194
648.3299999997989,0.7006862416467917
648.3399999997989,0.2776399751193202
648.3499999997988,0.6807388654771431
648.3599999997988,0.44433566788621953
648.3699999997988,0.609246453591701
648.3799999997987,0.5938151768433941
648.3899999997986,0.46961711982661997
648.3999999997986,0.6739375156920643
648.4099999997986,0.2957515430790304
648.4199999997985,0.7003763518909996
648.4299999997985,0.2728598401261488
648.4399999997985,0.6826082372143158
648.4499999997984,0.4352666141692644
648.4599999997984,0.6143008703680098
648.4699999997983,0.587593224302058
648.4799999997983,0.4788844158642658
648.4899999997982,0.6708828520673294
648.4999999997982,0.30398812684593435
648.5099999997982,0.6998938220419704
648.5199999997981,0.2674587732242704
648.5299999997981,0.6848370967101068
648.539999999798,0.42383181623532085
648.549999999798,0.6203701437541229
648.5599999997979,0.5796382125235173
648.5699999997979,0.49006886246290776
648.5799999997979,0.6669447681929801
648.5899999997978,0.3146232404848801
648.5999999997978,0.6991432938278255
648.6099999997978,0.2619916412216702
648.6199999997978,0.6873150246207175
648.6299999997976,0.4100207001324809
648.6399999997976,0.6272924678126537
648.6499999997976,0.5697685140801249
648.6599999997975,0.5029930382431633
648.6699999997975,0.6619781777291758
648.6799999997975,0.3279006118207498
648.6899999997975,0.6980077805066293
648.6999999997973,0.25717643461948714
648.7099999997973,0.6899129150702921
648.7199999997973,0.3938800847867818
648.7299999997972,0.6348824960542558
648.7399999997972,0.5577667954107925
648.7499999997972,0.5174320698302531
648.7599999997972,0.6558037558014187
648.769999999797,0.3439965456235421
648.779999999797,0.6963474098863409
648.789999999797,0.25389656158757334
648.7999999997969,0.6924844346806924
648.8099999997969,0.37556079229467115
648.8199999997969,0.6429355794628611
648.8299999997969,0.5433839347549285
648.8399999997968,0.5331142400726697
648.8499999997968,0.6482037147045892
648.8599999997967,0.36297412928195844
648.8699999997966,0.6939973680554264
648.8799999997966,0.2531769130045991
648.8899999997966,0.6948670844633659
648.8999999997966,0.35538209787101965
648.9099999997965,0.6512323628452192
648.9199999997965,0.5263486054297958
648.9299999997965,0.5497260936005298
648.9399999997963,0.6389168038762623
648.9499999997963,0.3847449078744125
648.9599999997963,0.6907647734988994
648.9699999997963,0.25612025620010287
648.9799999997962,0.6968825714970192
648.9899999997962,0.33391496301569346
648.9999999997962,0.6595433411444834
649.009999999796,0.5063869815474513
649.019999999796,0.5669218454790261
649.029999999796,0.6276329041701058
649.039999999796,0.4090464034471448
649.0499999997959,0.6864241846270006
649.0599999997959,0.2637951094882652
649.0699999997959,0.6983361626479864
649.0799999997957,0.3120784531698796
649.0899999997957,0.6676328790769445
649.0999999997957,0.48325957171143696
649.1099999997957,0.5843360143576389
649.1199999997956,0.6139881583403028
649.1299999997956,0.4354421269584593
649.1399999997956,0.6807114403812412
649.1499999997955,0.27707912008493696
649.1599999997954,0.699014659372802
649.1699999997954,0.2912306792110306
649.1799999997954,0.6752621506107643
649.1899999997953,0.45682550111156367
649.1999999997953,0.6015975185300387
649.2099999997953,0.5975626724446226
649.2199999997952,0.46334637739528534
649.2299999997952,0.6733155857221481
649.2399999997951,0.29648252435656536
649.2499999997951,0.6986825973700671
649.259999999795,0.2732152393126299
649.269999999795,0.6821904599481774
649.279999999795,0.42714784707195647
649.2899999997949,0.6183431564808103
649.2999999997949,0.5778848295958444
649.3099999997949,0.49207025812309746
649.3199999997948,0.6638688109873034
649.3299999997947,0.3219972129651794
649.3399999997947,0.6970762355352625
649.3499999997947,0.26030184303965925
649.3599999997946,0.6881744470302285
649.3699999997946,0.3946541915015688
649.3799999997946,0.6342284968468445
649.3899999997946,0.5544497998050892
649.3999999997944,0.5208800417568564
649.4099999997944,0.6519347799221
649.4199999997944,0.35302485459410105
649.4299999997943,0.693894860352456
649.4399999997943,0.2549530028892299
649.4499999997943,0.6929647302707698
649.4599999997943,0.36035790879268054
649.4699999997941,0.6489346508382202
649.4799999997941,0.5267657316978768
649.4899999997941,0.5490563129207165
649.499999999794,0.6369967244969406
649.509999999794,0.38842092546719514
649.519999999794,0.6887889195468375
649.529999999794,0.25938611678066276
649.5399999997938,0.6962995664568662
649.5499999997938,0.32611612693325703
649.5599999997938,0.6621700223313248
649.5699999997937,0.49445004794027453
649.5799999997937,0.5759431090347269
649.5899999997937,0.6184488038047646
649.5999999997937,0.4266523393647379
649.6099999997936,0.6813445830940021
649.6199999997935,0.2750003819190005
649.6299999997935,0.6978950870927467
649.6399999997934,0.2948365376578294
649.6499999997934,0.6736667309520211
649.6599999997934,0.45740932672556484
649.6699999997934,0.6009798991222532
649.6799999997933,0.5955984919485482
649.6899999997933,0.4660237567429709
649.6999999997932,0.6710646802425657
649.7099999997931,0.30186657900015806
649.7199999997931,0.6974315930655562
649.7299999997931,0.2704520299187336
649.7399999997931,0.6831718222347394
649.749999999793,0.4161430312794008
649.759999999793,0.6237139776870083
649.769999999793,0.5676959322844531
649.7799999997928,0.5049056060559679
649.7899999997928,0.6573469578258255
649.7999999997928,0.3385324476416363
649.8099999997928,0.694535281234416
649.8199999997927,0.25742279912906374
649.8299999997927,0.6904335292991225
649.8399999997927,0.3721939517407654
649.8499999997925,0.643794930312496
649.8599999997925,0.5340207767285451
649.8699999997925,0.5419058316060413
649.8799999997925,0.6394630598575838
649.8899999997924,0.38228408941808584
649.8999999997924,0.688754732380991
649.9099999997924,0.2596422049851458
649.9199999997923,0.6951827238655239
649.9299999997922,0.32868470788144566
649.9399999997922,0.6609551911991283
649.9499999997922,0.4940799727121864
649.9599999997921,0.5759575814581834
649.9699999997921,0.616547202318075
649.9799999997921,0.42976781379668616
649.989999999792,0.6795317584330464
649.999999999792,0.27901845827789123
650.009999999792,0.697109343897768
650.0199999997919,0.2906811647466519
650.0299999997918,0.6749812080693466
650.0399999997918,0.4479968327855942
650.0499999997918,0.6063268959759998
650.0599999997917,0.5876153883002683
650.0699999997917,0.47769557527400885
650.0799999997917,0.6661673798684242
650.0899999997916,0.31446862265715336
650.0999999997915,0.695833122386053
650.1099999997915,0.2648515353451074
650.1199999997915,0.6856788264070406
650.1299999997914,0.3971747308454895
650.1399999997914,0.6325637102049476
650.1499999997914,0.5516595032437315
650.1599999997914,0.5233653478776743
650.1699999997912,0.6477871365001792
650.1799999997912,0.36204868865651857
650.1899999997912,0.6908675779816071
650.1999999997911,0.25786041139097476
650.2099999997911,0.6928348669201003
650.2199999997911,0.3452152204920497
650.2299999997911,0.6544234631480796
650.2399999997909,0.5079019400302185
650.2499999997909,0.5648822140898201
650.2599999997909,0.6233186019759255
650.2699999997908,0.41622745861062965
650.2799999997908,0.6815764260924442
650.2899999997908,0.27367259898820406
650.2999999997908,0.6961750636929762
650.3099999997906,0.29871699382384287
650.3199999997906,0.6717805384024451
650.3299999997906,0.4563523968819343
650.3399999997905,0.6011233611075035
650.3499999997905,0.5915139854636053
650.3599999997905,0.4715280083773316
650.3699999997905,0.6671234373838292
650.3799999997904,0.3112890325906537
650.3899999997903,0.6953169592561054
650.3999999997903,0.26696485808451786
650.4099999997902,0.6845453314023867
650.4199999997902,0.39882979305082866
650.4299999997902,0.6315603429145533
650.4399999997902,0.5510929765894756
650.4499999997901,0.5236853806480363
650.45999999979,0.6464229817109342
650.46999999979,0.3648030165895118
650.4799999997899,0.6897154288184927
650.4899999997899,0.25929639814031913
650.4999999997899,0.6925883190553045
650.5099999997899,0.3404227315541961
650.5199999997898,0.6560412846226334
650.5299999997898,0.50115854516735
650.5399999997898,0.570014509691358
650.5499999997896,0.6181152403772759
650.5599999997896,0.42590486274237105
650.5699999997896,0.6785991146276901
650.5799999997896,0.28048077232976154
650.5899999997895,0.6956687027723042
650.5999999997895,0.29063528742708966
650.6099999997895,0.6745922797147276
650.6199999997893,0.44214043630722044
650.6299999997893,0.6091957933059713
650.6399999997893,0.5806305129320454
650.6499999997893,0.48691743451415836
650.6599999997892,0.6609005940473981
650.6699999997892,0.3273816134733955
650.6799999997892,0.6933620458077142
650.689999999789,0.2622504186131191
650.699999999789,0.6872574781720409
650.709999999789,0.37751476342015866
650.719999999789,0.6408285687754731
650.7299999997889,0.5324941841342885
650.7399999997889,0.5425304304574832
650.7499999997889,0.6351978517830191
650.7599999997888,0.39029900100593945
650.7699999997888,0.6849808322594104
650.7799999997887,0.26606489292638036
650.7899999997887,0.6939734371214641
650.7999999997886,0.3159867965756388
650.8099999997886,0.6649937732485501
650.8199999997886,0.4731766366089681
650.8299999997885,0.5899554142741048
650.8399999997885,0.5997246166394278
650.8499999997885,0.4578911869744444
650.8599999997884,0.6694857322054687
650.8699999997883,0.3038179840026078
650.8799999997883,0.6944631404773858
650.8899999997883,0.2721070694303703
650.8999999997882,0.6819184431174297
650.9099999997882,0.40493092950464693
650.9199999997882,0.6282327824722922
650.9299999997882,0.5526035414118114
650.939999999788,0.5214116033231244
650.949999999788,0.6453999615132272
650.959999999788,0.3662026666483623
650.9699999997879,0.6881335776974188
650.9799999997879,0.2616179891721432
650.9899999997879,0.6917424608702731
650.9999999997879,0.33570883764989656
651.0099999997877,0.6574048925454374
651.0199999997877,0.492652574665323
651.0299999997877,0.5760039753606724
651.0399999997876,0.610782132379694
651.0499999997876,0.4386074743537709
651.0599999997876,0.6739659902906532
651.0699999997876,0.2914304941434563
651.0799999997874,0.6943527642629537
651.0899999997874,0.2812881039065966
651.0999999997874,0.6778775635399852
651.1099999997873,0.42137602107205874
651.1199999997873,0.6198899332822924
651.1299999997873,0.563425434233342
651.1399999997873,0.5085371418253194
651.1499999997872,0.6504055851301244
651.1599999997871,0.3533839756641147
651.1699999997871,0.6892465596132814
651.179999999787,0.2614327691641935
651.189999999787,0.6900073094426202
651.199999999787,0.34656680220165587
651.209999999787,0.6530133930239059
651.2199999997869,0.5017024445813651
651.2299999997869,0.5688187886836661
651.2399999997868,0.6153095674702329
651.2499999997867,0.429906604962256
651.2599999997867,0.6753960282288717
651.2699999997867,0.2873020653557479
651.2799999997867,0.6938436516499618
651.2899999997866,0.2856890209719869
651.2999999997866,0.6759642373201937
651.3099999997866,0.42686425056376437
651.3199999997864,0.6168200268112233
651.3299999997864,0.5661548539309857
651.3399999997864,0.5048814288902075
651.3499999997864,0.6511139107554305
651.3599999997863,0.35108429567872135
651.3699999997863,0.6889454728272077
651.3799999997863,0.26223062391248225
651.3899999997861,0.6893169466093874
651.3999999997861,0.34750758283633043
651.4099999997861,0.6524373988954347
651.4199999997861,0.5010437289060792
651.429999999786,0.5690844237567786
651.439999999786,0.6139911259688717
651.449999999786,0.43194223644545593
651.4599999997859,0.6742151525673871
651.4699999997858,0.289903231442449
651.4799999997858,0.6932561521764675
651.4899999997858,0.28399302196968235
651.4999999997857,0.6764793930920489
651.5099999997857,0.4215936435984252
651.5199999997857,0.6193331064799659
651.5299999997856,0.5611760442498481
651.5399999997856,0.5106208709684728
651.5499999997855,0.6477412140288847
651.5599999997855,0.3589651986032809
651.5699999997854,0.6873386494495904
651.5799999997854,0.2635519405567715
651.5899999997854,0.6897236047280579
651.5999999997853,0.33863533278652036
651.6099999997853,0.6556695998938062
651.6199999997853,0.49074443067707546
651.6299999997852,0.5766778319314307
651.6399999997851,0.6067509773399367
651.6499999997851,0.4445261865071851
651.6599999997851,0.6702939932374347
651.669999999785,0.2996945133041392
651.679999999785,0.6924248788285853
651.689999999785,0.27720372947845423
651.699999999785,0.6791755680067878
651.7099999997848,0.4056552803563765
651.7199999997848,0.6270100221281731
651.7299999997848,0.5480774359349029
651.7399999997847,0.5252037468471915
651.7499999997847,0.6398507455176297
651.7599999997847,0.37732742858788487
651.7699999997847,0.6840261554022973
651.7799999997845,0.26769621188039244
651.7899999997845,0.690783106551017
651.7999999997845,0.3211439138877406
651.8099999997844,0.6620836867462648
651.8199999997844,0.4702644767239563
651.8299999997844,0.590691134216511
651.8399999997844,0.5927610059760245
651.8499999997842,0.4670787469887099
651.8599999997842,0.6629270249234074
651.8699999997842,0.31882345179590765
651.8799999997841,0.6906989639625806
651.8899999997841,0.2688250095586146
651.8999999997841,0.6832793691128736
651.9099999997841,0.37935692003342614
651.919999999784,0.6387504263311301
651.929999999784,0.5256950122432567
651.9399999997839,0.5473109690273092
651.9499999997838,0.6263166059918945
651.9599999997838,0.40654579770926097
651.9699999997838,0.6780781147896954
651.9799999997838,0.27937368348298325
651.9899999997837,0.6915715384340785
651.9999999997837,0.29814668803300737
652.0099999997836,0.6704994925811829
652.0199999997835,0.43878385487098803
652.0299999997835,0.6094892231330357
652.0399999997835,0.5704082717117074
652.0499999997835,0.49825422620096693
652.0599999997834,0.6507698588768257
652.0699999997834,0.3499357924058915
652.0799999997834,0.6869285383450268
652.0899999997832,0.26536663595223436
652.0999999997832,0.6875447929532872
652.1099999997832,0.3443115991950888
652.1199999997832,0.6528841333561667
652.1299999997831,0.4922838736980959
652.1399999997831,0.5748082851459688
652.1499999997831,0.6052284843236455
652.1599999997829,0.446010482732983
652.1699999997829,0.6679669379741482
652.1799999997829,0.30447641012280857
652.1899999997829,0.6906975575148339
652.1999999997828,0.2762436790760236
652.2099999997828,0.679286566733878
652.2199999997828,0.3961533781961625
652.2299999997826,0.6308437076739872
652.2399999997826,0.5373053132712223
652.2499999997826,0.5355889072476658
652.2599999997826,0.6317082207206653
652.2699999997825,0.3942328435178035
652.2799999997825,0.679408354452868
652.2899999997825,0.27599695847870104
652.2999999997824,0.6903043864793313
652.3099999997823,0.30563963408549255
652.3199999997823,0.6673312237647832
652.3299999997823,0.4461709492927141
652.3399999997822,0.6048578689548654
652.3499999997822,0.5737799935331186
652.3599999997822,0.49322183990808566
652.3699999997821,0.6514218435635697
652.3799999997821,0.34731998206180636
652.389999999782,0.6862683847646117
652.399999999782,0.2667631327259005
652.4099999997819,0.6864634696124314
652.4199999997819,0.3451896014600933
652.4299999997819,0.6521571282807069
652.4399999997818,0.49063483563689636
652.4499999997818,0.5755567243492643
652.4599999997818,0.6026633174182717
652.4699999997817,0.449640449222225
652.4799999997816,0.665731221011536
652.4899999997816,0.3094860605353343
652.4999999997816,0.689463950065922
652.5099999997815,0.2749397402319612
652.5199999997815,0.6797598237179314
652.5299999997815,0.38776425574470313
652.5399999997815,0.6342453911187359
652.5499999997813,0.5283519791644272
652.5599999997813,0.5437732299726972
652.5699999997813,0.6251793103974528
652.5799999997812,0.40718837104133704
652.5899999997812,0.6757485575692841
652.5999999997812,0.28363988547816754
652.6099999997812,0.6897247774954522
652.619999999781,0.2959179162373928
652.629999999781,0.6707051587339252
652.639999999781,0.42869974284820156
652.6499999997809,0.6141208492626413
652.6599999997809,0.5594691473368304
652.6699999997809,0.5105517106817227
652.6799999997809,0.6425002229689407
652.6899999997808,0.3683040988217897
652.6999999997807,0.6823672864254213
652.7099999997807,0.2706364057698465
652.7199999997806,0.6876509576210433
652.7299999997806,0.3243472724111233
652.7399999997806,0.6597774971317225
652.7499999997806,0.4655723750017127
652.7599999997805,0.5923741707304249
652.7699999997805,0.584700287917304
652.7799999997804,0.477100174448381
652.7899999997803,0.6556409013091336
652.7999999997803,0.3350913535031494
652.8099999997803,0.6863082575418962
652.8199999997803,0.2692862133895244
652.8299999997802,0.6837559268977287
652.8399999997802,0.3556413200363652
652.8499999997802,0.6474466189660592
652.85999999978,0.49748130573132804
652.86999999978,0.5696634893482025
652.87999999978,0.604917633675594
652.88999999978,0.4446863151754283
652.8999999997799,0.6654448707565361
652.9099999997799,0.30892296170148614
652.9199999997799,0.6881622725832321
652.9299999997797,0.2770242930090243
652.9399999997797,0.6784964076342153
652.9499999997797,0.38656756202951825
652.9599999997797,0.6341870584245076
652.9699999997796,0.5243886185710995
652.9799999997796,0.5466955679687809
652.9899999997796,0.6209653278671063
652.9999999997794,0.4144961035811177
653.0099999997794,0.6726033587588803
653.0199999997794,0.2902309237008993
653.0299999997794,0.6884236348971406
653.0399999997793,0.2907963424044996
653.0499999997793,0.672291504693593
653.0599999997793,0.4151854046966162
653.0699999997792,0.6204802405777358
653.0799999997791,0.5466705785370701
653.0899999997791,0.5241898773181105
653.0999999997791,0.6335889696410084
653.109999999779,0.38749087067346366
653.119999999779,0.6776819630286725
653.129999999779,0.27854898686049967
653.1399999997789,0.6875143930938205
653.1499999997789,0.30775845530661344
653.1599999997788,0.665533057841599
653.1699999997788,0.4405192805706513
653.1799999997787,0.6068077304645285
653.1899999997787,0.5648567282939927
653.1999999997787,0.5028329645369645
653.2099999997786,0.6434190779123515
653.2199999997786,0.3643032325869716
653.2299999997786,0.6811452580024708
653.2399999997785,0.2727557607306293
653.2499999997784,0.6858005598143447
653.2599999997784,0.3256376075837723
653.2699999997784,0.6585891665453979
653.2799999997783,0.46221366810784087
653.2899999997783,0.5936382241516156
653.2999999997783,0.5794939996956031
653.3099999997783,0.4832332713429441
653.3199999997781,0.6509766385056138
653.3299999997781,0.34519961102368724
653.3399999997781,0.6833763845199609
653.349999999778,0.2713970335418775
653.359999999778,0.6836019418392165
653.369999999778,0.34280748285753987
653.379999999778,0.651802692602505
653.3899999997778,0.48026528949236286
653.3999999997778,0.5814114597471318
653.4099999997778,0.5910831868767445
653.4199999997777,0.4658865980126087
653.4299999997777,0.6566857063282664
653.4399999997777,0.33011350497754965
653.4499999997777,0.6846913908846478
653.4599999997776,0.27297427294195825
653.4699999997775,0.6811971631609923
653.4799999997775,0.358204560567357
653.4899999997774,0.6454864665699162
653.4999999997774,0.49484376272252617
653.5099999997774,0.5705223062447551
653.5199999997774,0.6000536536403452
653.5299999997773,0.4511593086956312
653.5399999997773,0.6608865538869365
653.5499999997772,0.31873153780651853
653.5599999997771,0.6853490718331564
653.5699999997771,0.27614063708683195
653.5799999997771,0.6788252956432411
653.5899999997771,0.3711888815592941
653.599999999777,0.6399167947430178
653.609999999777,0.506181866277532
653.619999999777,0.5613077223976677
653.6299999997768,0.6067566421123721
653.6399999997768,0.43929122093221146
653.6499999997768,0.6638469196436092
653.6599999997768,0.3106034938864454
653.6699999997767,0.6855573067804372
653.6799999997767,0.27979991375723506
653.6899999997767,0.6766853193808695
653.6999999997765,0.3814087699656984
653.7099999997765,0.6353266308013439
653.7199999997765,0.5145126571626992
653.7299999997765,0.5540381584701567
653.7399999997764,0.6114666748365358
653.7499999997764,0.43041487151042107
653.7599999997764,0.665770735025992
653.7699999997762,0.30524960754645675
653.7799999997762,0.6854768675920246
653.7899999997762,0.2831337623854971
653.7999999997762,0.6749344336407851
653.8099999997761,0.38869315242838104
653.8199999997761,0.6318994420621784
653.8299999997761,0.520035468776104
653.839999999776,0.5489136206239352
653.849999999776,0.6143857324759794
653.8599999997759,0.4245842515719914
653.8699999997759,0.6668044561902279
653.8799999997758,0.30224801358499387
653.8899999997758,0.6852235285315271
653.8999999997758,0.2855892311430025
653.9099999997757,0.6736860312171131
653.9199999997757,0.3929755596367479
653.9299999997756,0.6297644199678871
653.9399999997756,0.5228987178128826
653.9499999997755,0.5460634429379363
653.9599999997755,0.615647668058033
653.9699999997755,0.42180491671764614
653.9799999997754,0.6670413687794321
653.9899999997754,0.30129575715268864
653.9999999997754,0.6848691375704284
654.0099999997753,0.2868524977528958
654.0199999997752,0.6730079391108992
654.0299999997752,0.3942461210937034
654.0399999997752,0.6289933359038932
654.0499999997751,0.5231921536427722
654.0599999997751,0.5455481411301146
654.0699999997751,0.6153217390861733
654.079999999775,0.4220583101621251
654.0899999997749,0.6665242457274189
654.0999999997749,0.3022438320101957
654.1099999997749,0.6844421255959665
654.1199999997748,0.28682541954637913
654.1299999997748,0.6729213258892985
654.1399999997748,0.392526457967351
654.1499999997748,0.6295990943088537
654.1599999997746,0.5209444565114385
654.1699999997746,0.5473616938100383
654.1799999997746,0.6134148363252155
654.1899999997745,0.42531535331011305
654.1999999997745,0.6652466492278439
654.2099999997745,0.30510937691892237
654.2199999997744,0.6839277484218739
654.2299999997743,0.2856132860165884
654.2399999997743,0.673400488355571
654.2499999997743,0.387863733467454
654.2599999997742,0.6315359090819777
654.2699999997742,0.5161243208078484
654.2799999997742,0.5514331324173581
654.2899999997741,0.6098723285111235
654.2999999997741,0.4315370528791226
654.309999999774,0.6631530403545834
654.319999999774,0.3100675305313143
654.3299999997739,0.6832681797808798
654.3399999997739,0.28352599503304354
654.3499999997739,0.674373559970519
654.3599999997738,0.3803423741580414
654.3699999997738,0.6347010034264329
654.3799999997738,0.5086448236683307
654.3899999997737,0.5576271889755889
654.3999999997736,0.6045776420034585
654.4099999997736,0.4406625756097209
654.4199999997736,0.6601377251269863
654.4299999997735,0.3174234080090906
654.4399999997735,0.6823624035323047
654.4499999997735,0.28108981084111867
654.4599999997735,0.6757240261329022
654.4699999997733,0.37011424613801797
654.4799999997733,0.6389377439875007
654.4899999997733,0.4983724077643201
654.4999999997732,0.5657446455993861
654.5099999997732,0.5973509069391337
654.5199999997732,0.45258775770770043
654.5299999997732,0.6560425468119526
654.539999999773,0.3275631394510141
654.549999999773,0.6810656913720924
654.559999999773,0.27906159049932555
654.5699999997729,0.677292779643343
654.5799999997729,0.3574497382145083
654.5899999997729,0.6440400964972872
654.5999999997729,0.4851435922299818
654.6099999997728,0.5755236540944239
654.6199999997727,0.5879473727983188
654.6299999997727,0.4671391873076921
654.6399999997726,0.6506531563296228
654.6499999997726,0.34088357965624855
654.6599999997726,0.6791883005745593
654.6699999997726,0.27843110165963453
654.6799999997725,0.6788802968996386
654.6899999997725,0.3428123097797494
654.6999999997724,0.6497581796306282
654.7099999997723,0.4687949119225172
654.7199999997723,0.5866434337893409
654.7299999997723,0.5760570263250953
654.7399999997723,0.4840504720988381
654.7499999997722,0.6436937009225334
654.7599999997722,0.3577042602416904
654.7699999997722,0.676492889928643
654.779999999772,0.28039054465880164
654.789999999772,0.6802483605007373
654.799999999772,0.3269557614361751
654.809999999772,0.6558044850281964
654.8199999997719,0.44921479336858605
654.8299999997719,0.5987313323173695
654.8399999997719,0.5613082437404936
654.8499999997717,0.5029475233969882
654.8599999997717,0.6348199509523867
654.8699999997717,0.3781722202787156
654.8799999997717,0.6726900441714165
654.8899999997716,0.2862470697221284
654.8999999997716,0.6811206017142574
654.9099999997716,0.3110337843144984
654.9199999997714,0.6618600558621275
654.9299999997714,0.42642984514903587
654.9399999997714,0.611373345247513
654.9499999997714,0.5432808770035893
654.9599999997713,0.5233481492309546
654.9699999997713,0.623611408522299
654.9799999997713,0.40217819322033466
654.9899999997712,0.6674312481464019
654.9999999997711,0.29726044738294344
655.0099999997711,0.6811809954490472
655.0199999997711,0.2966919394169973
655.029999999771,0.6675796351511328
655.039999999771,0.40074074923499
655.049999999771,0.6241270863442527
655.0599999997709,0.5215386464210556
655.0699999997709,0.544677941657939
655.0799999997708,0.6095641460356039
655.0899999997708,0.42930680322922854
655.0999999997707,0.6602987330093053
655.1099999997707,0.314410998197757
655.1199999997707,0.6800693226107156
655.1299999997706,0.2860833298996252
655.1399999997706,0.6725945684416316
655.1499999997706,0.37291981961900844
655.1599999997705,0.6365352121381197
655.1699999997704,0.49569794014672874
655.1799999997704,0.566300133573165
655.1899999997704,0.5920886554433353
655.1999999997703,0.4588393240907741
655.2099999997703,0.6507919890127012
655.2199999997703,0.3381420777357859
655.2299999997703,0.6773725406619473
655.2399999997701,0.28172287737346224
655.2499999997701,0.6765121090878194
655.2599999997701,0.3444630072039059
655.26999999977,0.6481367118275163
655.27999999977,0.46556032209091414
655.28999999977,0.5875531820560559
655.29999999977,0.5705220227212136
655.3099999997698,0.4898139608424963
655.3199999997698,0.6383117602325473
655.3299999997698,0.3681602721108467
655.3399999997697,0.6726110259231817
655.3499999997697,0.28610355500847884
655.3599999997697,0.6789097251010068
655.3699999997697,0.3178377671974941
655.3799999997696,0.6584733979485065
655.3899999997695,0.4313463224451341
655.3999999997695,0.6077876989391199
655.4099999997694,0.5441732115138862
655.4199999997694,0.521130179747064
655.4299999997694,0.622144771261301
655.4399999997694,0.4033840856586196
655.4499999997693,0.6652189183487297
655.4599999997693,0.30108391826959846
655.4699999997692,0.6793230155059895
655.4799999997691,0.29657554235448763
655.4899999997691,0.6670892907708053
655.4999999997691,0.3940662974638776
655.5099999997691,0.6263946455942895
655.519999999769,0.5124366488529121
655.529999999769,0.5516691050982839
655.539999999769,0.6014578582236172
655.5499999997688,0.44208612079790344
655.5599999997688,0.6545186941560616
655.5699999997688,0.32722226492147466
655.5799999997688,0.677225904228778
655.5899999997687,0.28495989230163116
655.5999999997687,0.6735211436342795
655.6099999997687,0.35601871781611394
655.6199999997685,0.6428190135355099
655.6299999997685,0.47503358720244504
655.6399999997685,0.5803986229875794
655.6499999997685,0.5753216064445544
655.6599999997684,0.4821904832407111
655.6699999997684,0.6396925379092159
655.6799999997684,0.3633762406285047
655.6899999997682,0.6720020045169458
655.6999999997682,0.2870902768775565
655.7099999997682,0.6772788359003629
655.7199999997682,0.32126359373374896
655.7299999997681,0.656556329002357
655.7399999997681,0.43246388718548817
655.7499999997681,0.6064402159480299
655.759999999768,0.5428060993780617
655.769999999768,0.5216186482617181
655.7799999997679,0.6197591833969724
655.7899999997679,0.4068377689910277
655.7999999997678,0.6629068774234359
655.8099999997678,0.30543288838241167
655.8199999997678,0.6778146047165713
655.8299999997677,0.29565495805067576
655.8399999997677,0.6671319428594951
655.8499999997676,0.38673208034350054
655.8599999997676,0.6290889139829653
655.8699999997675,0.5032307941293158
655.8799999997675,0.5585682601520447
655.8899999997675,0.5935791095518692
655.8999999997674,0.4539897979690954
655.9099999997674,0.6490235650210027
655.9199999997674,0.33953379727919736
655.9299999997673,0.6744802105035212
655.9399999997672,0.28580671101704996
655.9499999997672,0.6740643824991968
655.9599999997672,0.3422453205232171
655.9699999997671,0.6477905447575918
655.9799999997671,0.456703430661708
655.9899999997671,0.59165783455933
655.999999999767,0.5599418344094332
656.0099999997669,0.5011650335848585
656.0199999997669,0.6292212722620952
656.0299999997669,0.3858039042537731
656.0399999997668,0.6664718042320108
656.0499999997668,0.2967268325966785
656.0599999997668,0.6768139584477902
656.0699999997668,0.30632667113527373
656.0799999997666,0.6620870785497027
656.0899999997666,0.40510010509905353
656.0999999997666,0.6199348834705576
656.1099999997665,0.5178490545903854
656.1199999997665,0.5453205108231017
656.1299999997665,0.6021462849981176
656.1399999997665,0.4386650288470546
656.1499999997664,0.6527653833153073
656.1599999997663,0.329118774185825
656.1699999997663,0.6747169668298607
656.1799999997662,0.2881824248447737
656.1899999997662,0.6715409533393768
656.1999999997662,0.35344564925404026
656.2099999997662,0.6427868465667066
656.2199999997661,0.46719987827723886
656.229999999766,0.584330179850089
656.239999999766,0.5663193320370492
656.2499999997659,0.49233843873362065
656.2599999997659,0.6320560837223779
656.2699999997659,0.37842670930029637
656.2799999997659,0.6669057266752448
656.2899999997658,0.2954088945071003
656.2999999997658,0.675645266793684
656.3099999997658,0.3109300811638967
656.3199999997656,0.6598026861190383
656.3299999997656,0.41014141260403764
656.3399999997656,0.6169330229823716
656.3499999997656,0.5205074931836483
656.3599999997655,0.542229579651576
656.3699999997655,0.6027436088154653
656.3799999997655,0.4366795993272358
656.3899999997653,0.6522187631445627
656.3999999997653,0.3294428477703737
656.4099999997653,0.6737218835253074
656.4199999997653,0.2896177746728206
656.4299999997652,0.6706195550368892
656.4399999997652,0.3530677036077582
656.4499999997652,0.6424887587649107
656.459999999765,0.46469090490972065
656.469999999765,0.5854171501906715
656.479999999765,0.5630784534113886
656.489999999765,0.49570908375048656
656.4999999997649,0.629122115618693
656.5099999997649,0.383893514026402
656.5199999997649,0.6648074711732982
656.5299999997648,0.2991462555049407
656.5399999997647,0.6747695779354033
656.5499999997647,0.30801623001890854
656.5599999997647,0.6606803536708756
656.5699999997646,0.4020298392231923
656.5799999997646,0.6204268336664761
656.5899999997646,0.5117390993504038
656.5999999997645,0.549458978177498
656.6099999997645,0.5957126717599407
656.6199999997644,0.4477877807317311
656.6299999997644,0.6475345663892871
656.6399999997643,0.339994139095548
656.6499999997643,0.6715270942878674
656.6599999997643,0.2902118170662545
656.6699999997642,0.6712376576012814
656.6799999997642,0.34166918359959203
656.6899999997642,0.6467044808483545
656.6999999997641,0.44935302824670487
656.709999999764,0.5945236916754763
656.719999999764,0.5500024557474943
656.729999999764,0.5107206437318389
656.7399999997639,0.6200468050999816
656.7499999997639,0.40216123093262834
656.7599999997639,0.6597530077206722
656.7699999997639,0.30961573059725966
656.7799999997637,0.6736991076098432
656.7899999997637,0.29990968243922217
656.7999999997637,0.6640858152326594
656.8099999997636,0.38149757712914717
656.8199999997636,0.6295186351744798
656.8299999997636,0.4909534333278291
656.8399999997636,0.5658505118375281
656.8499999997634,0.5800846239141556
656.8599999997634,0.4712726941869877
656.8699999997634,0.6377508550877108
656.8799999997633,0.3625056059952313
656.8899999997633,0.6671991538084212
656.8999999997633,0.29447999486283044
656.9099999997633,0.6723719450338334
656.9199999997631,0.3222691693599799
656.9299999997631,0.6541460581186119
656.9399999997631,0.4210775013777679
656.949999999763,0.6099703319466774
656.959999999763,0.5256236480342287
656.969999999763,0.5356595634598895
656.979999999763,0.60322084983946
656.9899999997629,0.4333799064835567
656.9999999997628,0.6502716050769122
657.0099999997628,0.33158279798860846
657.0199999997627,0.6710037839191749
657.0299999997627,0.293169764599499
657.0399999997627,0.6684125268501964
657.0499999997627,0.35095425668075875
657.0599999997626,0.6421889597930368
657.0699999997626,0.45691598549873574
657.0799999997625,0.5889575068372994
657.0899999997624,0.553606607822672
657.0999999997624,0.5053246888101267
657.1099999997624,0.6207117786405628
657.1199999997624,0.39914585930758567
657.1299999997623,0.6587946928451544
657.1399999997623,0.310579346517409
657.1499999997623,0.672079901697731
657.1599999997621,0.3021960595680367
657.1699999997621,0.6625707064293138
657.1799999997621,0.38102862144960836
657.1899999997621,0.628959196559563
657.199999999762,0.48761758606493627
657.209999999762,0.567419177875002
657.219999999762,0.5757153265066577
657.2299999997618,0.4762164027734388
657.2399999997618,0.6337171111264208
657.2499999997618,0.3701374049372074
657.2599999997618,0.6642772463727391
657.2699999997617,0.2990077596377745
657.2799999997617,0.6711827203689159
657.2899999997617,0.31747883042371594
657.2999999997616,0.6555188737134567
657.3099999997615,0.40936896034922127
657.3199999997615,0.6151855175160346
657.3299999997615,0.512980081932775
657.3399999997614,0.5462943705012738
657.3499999997614,0.5928909864461438
657.3599999997614,0.4495467274254693
657.3699999997613,0.6432061792993091
657.3799999997613,0.3471385871916999
657.3899999997612,0.6674933250073357
657.3999999997612,0.29514493839652167
657.4099999997611,0.6689513933012825
657.4199999997611,0.33542706006807277
657.4299999997611,0.6478714611064855
657.439999999761,0.4343354921061117
657.449999999761,0.6015712575728973
657.459999999761,0.533363555036436
657.469999999761,0.5264630649860876
657.4799999997608,0.606013173132982
657.4899999997608,0.42623408784300343
657.4999999997608,0.6499666342065551
657.5099999997607,0.3301238886927517
657.5199999997607,0.6690728570666808
657.5299999997607,0.29670007876871085
657.5399999997607,0.6659343973702782
657.5499999997605,0.3533847682045907
657.5599999997605,0.6401895236390459
657.5699999997605,0.45526260948254355
657.5799999997604,0.5887728021075361
657.5899999997604,0.5493280849066713
657.5999999997604,0.5086873278461191
657.6099999997604,0.6158334690815787
657.6199999997602,0.40683247472775963
657.6299999997602,0.6546289195468772
657.6399999997602,0.31843259982223265
657.6499999997601,0.6695296654277244
657.6599999997601,0.30139449107717425
657.6699999997601,0.6626023058920731
657.6799999997601,0.36962194100849133
657.68999999976,0.6329755021507018
657.6999999997599,0.47203207289895543
657.7099999997599,0.5773740496698627
657.7199999997598,0.561449713836677
657.7299999997598,0.4935696836917781
657.7399999997598,0.6229624874644935
657.7499999997598,0.3915429967615773
657.7599999997597,0.6576904601783764
657.7699999997596,0.31104702099494413
657.7799999997596,0.669279427659833
657.7899999997595,0.30730585012300504
657.7999999997595,0.6593518338091063
657.8099999997595,0.3831271977862807
657.8199999997595,0.6266629055306058
657.8299999997594,0.48478564878743463
657.8399999997594,0.5678640065940691
657.8499999997593,0.5702364616262747
657.8599999997592,0.48153872001452785
657.8699999997592,0.6278767180893278
657.8799999997592,0.3802947726702249
657.8899999997592,0.659534682838166
657.8999999997591,0.30686818725066534
657.9099999997591,0.6686499433862738
657.919999999759,0.3129916783110131
657.9299999997589,0.6565046273045769
657.9399999997589,0.3933721537226421
657.9499999997589,0.6216048553973685
657.9599999997589,0.4937533302976248
657.9699999997588,0.5606220759756554
657.9799999997588,0.5760949748448874
657.9899999997588,0.47286181785875736
657.9999999997586,0.6309304033371383
658.0099999997586,0.37286218069577687
658.0199999997586,0.660444374594355
658.0299999997586,0.3049246056502269
658.0399999997585,0.6678862208869503
658.0499999997585,0.317476604780382
658.0599999997585,0.6543036381177392
658.0699999997584,0.4001204987176787
658.0799999997583,0.6180642557441884
658.0899999997583,0.49915870934014983
658.0999999997583,0.5559121697077474
658.1099999997582,0.5793205689665732
658.1199999997582,0.4676761279250376
658.1299999997582,0.6323666004563742
658.1399999997581,0.36898288654185896
658.149999999758,0.6606103576977391
658.159999999758,0.30449920702626126
658.169999999758,0.667152535407315
658.1799999997579,0.3201853733612521
658.1899999997579,0.6529091951647467
658.1999999997579,0.4032979359506099
658.2099999997578,0.6162070323948394
658.2199999997578,0.5011708706975718
658.2299999997578,0.5538837281246058
658.2399999997577,0.5800968286080969
658.2499999997576,0.46602457507926925
658.2599999997576,0.6323255293500774
658.2699999997576,0.3684506299599409
658.2799999997575,0.6601367246005797
658.2899999997575,0.3051901428650512
658.2999999997575,0.6665330862068931
658.3099999997575,0.32087485555614675
658.3199999997573,0.6523961591822516
658.3299999997573,0.4029168188610817
658.3399999997573,0.6160987811277557
658.3499999997572,0.4998833356393245
658.3599999997572,0.55457611753111
658.3699999997572,0.5784982528901677
658.3799999997572,0.4678843239977141
658.389999999757,0.6308498793722296
658.399999999757,0.371169322417876
658.409999999757,0.6590436605161222
658.4199999997569,0.3069286860503676
658.4299999997569,0.6660323183710003
658.4399999997569,0.31959139196431
658.4499999997569,0.6527529036797239
658.4599999997567,0.39904552179693137
658.4699999997567,0.6177045238538171
658.4799999997567,0.49530965343585537
658.4899999997566,0.5579230536878248
658.4999999997566,0.5744933012737173
658.5099999997566,0.47317936323419596
658.5199999997566,0.6278872603715533
658.5299999997565,0.37716447804405806
658.5399999997564,0.6572684907383554
658.5499999997564,0.3099705857228169
658.5599999997563,0.6655754327663362
658.5699999997563,0.3166620421976374
658.5799999997563,0.6538823492333404
658.5899999997563,0.3918161187258136
658.5999999997562,0.6208911307078658
658.6099999997562,0.48739193174668793
658.6199999997561,0.5637552978845896
658.629999999756,0.5679473987270421
658.639999999756,0.4817747189257394
658.649999999756,0.6232900832749154
658.659999999756,0.386553360723939
658.6699999997559,0.6546651615280193
658.6799999997559,0.31486468818714963
658.6899999997559,0.665009102671064
658.6999999997557,0.3127169757990736
658.7099999997557,0.6556048693530744
658.7199999997557,0.38146920948005786
658.7299999997557,0.6254321257417468
658.7399999997556,0.47602402146689443
658.7499999997556,0.5718020453693241
658.7599999997556,0.5586271701271321
658.7699999997554,0.49345573374471513
658.7799999997554,0.6168132100245308
658.7899999997554,0.3994788772698626
658.7999999997554,0.6510019703556719
658.8099999997553,0.32239059794745495
658.8199999997553,0.6641019514185
658.8299999997553,0.30872982599606363
658.8399999997552,0.6576625212685359
658.8499999997551,0.36843874226810935
658.8599999997551,0.631014739342542
658.8699999997551,0.4610964509524652
658.879999999755,0.5816932026725316
658.889999999755,0.5462093109787014
658.899999999755,0.5079007065214246
658.9099999997549,0.6081100244249085
658.9199999997549,0.4160171851672786
658.9299999997548,0.6459570741003142
658.9399999997548,0.3334504611296776
658.9499999997547,0.6625439236743775
658.9599999997547,0.306048832633705
658.9699999997547,0.6597236691818429
658.9799999997546,0.3534792727284908
658.9899999997546,0.637248924582385
658.9999999997546,0.4425763347745815
659.0099999997545,0.5929653599221736
659.0199999997544,0.5303010314692975
659.0299999997544,0.5246579001991832
659.0399999997544,0.5967285505449841
659.0499999997543,0.4360763290649447
659.0599999997543,0.6391112399075077
659.0699999997543,0.34890401483902883
659.0799999997542,0.659943323955583
659.0899999997541,0.30637342634057263
659.0999999997541,0.6613866333958947
659.1099999997541,0.33782779663304513
659.119999999754,0.6436775070854507
659.129999999754,0.42064186949916627
659.139999999754,0.6050733733614224
659.149999999754,0.5104851528690693
659.1599999997538,0.5431374055705229
659.1699999997538,0.5821115915583186
659.1799999997538,0.45931063204411443
659.1899999997537,0.6299377103713816
659.1999999997537,0.3693554912934526
659.2099999997537,0.6558200652302991
659.2199999997537,0.31161659503969996
659.2299999997535,0.6621805479855103
659.2399999997535,0.32336389973130863
659.2499999997535,0.6497857895898187
659.2599999997534,0.39589374066461686
659.2699999997534,0.6174073300416222
659.2799999997534,0.48641301322966696
659.2899999997534,0.5626240940990849
659.2999999997533,0.5636098779218915
659.3099999997532,0.48507759605888423
659.3199999997532,0.6177904660114399
659.3299999997531,0.3949336210109983
659.3399999997531,0.6495937306399832
659.3499999997531,0.3236037006005019
659.3599999997531,0.6615612286671393
659.369999999753,0.3126800434553894
659.379999999753,0.6550080337921824
659.389999999753,0.3696532108444488
659.3999999997528,0.6293120303310544
659.4099999997528,0.4579825149170434
659.4199999997528,0.5823108053493019
659.4299999997528,0.5405271406869825
659.4399999997527,0.5124554684892124
659.4499999997527,0.6018957219632284
659.4599999997527,0.42513596909784435
659.4699999997525,0.640565785541562
659.4799999997525,0.34361954803975137
659.4899999997525,0.658899684340378
659.4999999997525,0.3089137540138894
659.5099999997524,0.6587275676053487
659.5199999997524,0.34430515604455075
659.5299999997524,0.640103953070276
659.5399999997522,0.42565142595004024
659.5499999997522,0.6013434537064478
659.5599999997522,0.5122340597382712
659.5699999997522,0.5403204655008316
659.5799999997521,0.5813595253540998
659.5899999997521,0.45880970212260125
659.5999999997521,0.6278975787197177
659.609999999752,0.3719274490236759
659.6199999997519,0.6534612180252944
659.6299999997519,0.3151890016183194
659.6399999997519,0.6602670044075782
659.6499999997518,0.3235256966837334
659.6599999997518,0.6490796709976752
659.6699999997518,0.39092513852737465
659.6799999997517,0.618864879849357
659.6899999997516,0.478416292643443
659.6999999997516,0.5674606910567127
659.7099999997516,0.555221225731998
659.7199999997515,0.4942963667488623
659.7299999997515,0.6105916911345459
659.7399999997515,0.40748105742889934
659.7499999997514,0.6443744943326297
659.7599999997514,0.33366888709882453
659.7699999997513,0.6588653275704627
659.7799999997513,0.3120657615172075
659.7899999997512,0.6555099929309096
659.7999999997512,0.3569674568629661
659.8099999997512,0.6340437759592018
659.8199999997511,0.4395519301243014
659.8299999997511,0.5926904286688768
659.8399999997511,0.5226152357574787
659.849999999751,0.529696038535208
659.8599999997509,0.587498213663832
659.8699999997509,0.4480211818365999
659.8799999997509,0.6305941463153228
659.8899999997508,0.3645553827324248
659.8999999997508,0.6536396843015668
659.9099999997508,0.31471214982385337
659.9199999997508,0.6586153318966252
659.9299999997506,0.3290310190670433
659.9399999997506,0.6460783850801182
659.9499999997506,0.3976996167427755
659.9599999997505,0.6149303333968344
659.9699999997505,0.4831570248244261
659.9799999997505,0.5631525608905155
659.9899999997505,0.5573985525069525
659.9999999997503,0.4905594970023048
660.0099999997503,0.6108715423521486
660.0199999997503,0.4056371021197013
660.0299999997502,0.6435327955006426
660.0399999997502,0.33444138915568034
660.0499999997502,0.6575195047234813
660.0599999997502,0.3140186786295483
660.06999999975,0.6541696571265974
660.07999999975,0.3574898308469793
660.08999999975,0.6332331175778405
660.0999999997499,0.43772440753272235
660.1099999997499,0.5930618647068698
660.1199999997499,0.5192812601841877
660.1299999997499,0.5320288569368457
660.1399999997498,0.5837756148449159
660.1499999997498,0.45278984237256964
660.1599999997497,0.6272554492696866
660.1699999997496,0.37065702032001174
660.1799999997496,0.6511818107145824
660.1899999997496,0.3184283785566973
660.1999999997496,0.6574627953488672
660.2099999997495,0.3266606102292868
660.2199999997495,0.6467511631770367
660.2299999997495,0.3897479954597438
660.2399999997493,0.6181520453353087
660.2499999997493,0.4730235157969564
660.2599999997493,0.5698109859946889
660.2699999997493,0.5478678494153153
660.2799999997492,0.5011941771432709
660.2899999997492,0.6032568454239826
660.2999999997492,0.41888900276503216
660.309999999749,0.6383137989548656
660.319999999749,0.34503954028931083
660.329999999749,0.6549590330768821
660.339999999749,0.31473545624902677
660.3499999997489,0.6546537014259819
660.3599999997489,0.3466419842297927
660.3699999997489,0.6374388360737337
660.3799999997487,0.42076098711913473
660.3899999997487,0.6019720421960227
660.3999999997487,0.5022580859098397
660.4099999997487,0.5465589100367566
660.4199999997486,0.5698148635781957
660.4299999997486,0.4724075284038008
660.4399999997486,0.6173067050939127
660.4499999997485,0.39063316692161365
660.4599999997484,0.6454039018418799
660.4699999997484,0.3288489143150117
660.4799999997484,0.6560045089635174
660.4899999997483,0.3197914859142735
660.4999999997483,0.6500915488894875
660.5099999997483,0.36894169641436597
660.5199999997482,0.6272123112391333
660.5299999997482,0.447933582382291
660.5399999997481,0.5857808452918101
660.5499999997481,0.5254726367949605
660.559999999748,0.5246007260022248
660.569999999748,0.5862512006430788
660.579999999748,0.4470782269933088
660.5899999997479,0.6271738421281644
660.5999999997479,0.36879152497756046
660.6099999997479,0.6496111923808119
660.6199999997478,0.32062063444367067
660.6299999997477,0.6552470374743609
660.6399999997477,0.32971536870838786
660.6499999997477,0.6446359157436176
660.6599999997476,0.3901892136519368
660.6699999997476,0.6169607444716336
660.6799999997476,0.47028412663941627
660.6899999997476,0.5705775388256084
660.6999999997474,0.5432723464708996
660.7099999997474,0.5050385051228015
660.7199999997474,0.5982350497004536
660.7299999997473,0.42610913208247303
660.7399999997473,0.6338666763753608
660.7499999997473,0.3531672091296226
660.7599999997473,0.6517973716019401
660.7699999997471,0.3181101534534791
660.7799999997471,0.6534476147443395
660.7899999997471,0.3412558609267243
660.799999999747,0.6390246824519841
660.809999999747,0.4084724486764947
660.819999999747,0.6074695801547547
660.829999999747,0.48769443818647434
660.8399999997469,0.5572237372191519
660.8499999997468,0.556396171698686
660.8599999997468,0.48870471008628275
660.8699999997467,0.6066515910173697
660.8799999997467,0.40987660806537823
660.8899999997467,0.6381738247109113
660.8999999997467,0.34289606657444166
660.9099999997466,0.6526387508976395
660.9199999997466,0.31900212682891643
660.9299999997465,0.6512226052055152
660.9399999997464,0.3520976421507493
660.9499999997464,0.6338747106269712
660.9599999997464,0.42287445500851095
660.9699999997464,0.5993983822663851
660.9799999997463,0.5004197825496685
660.9899999997463,0.5464050871133938
660.9999999997463,0.5655228659051275
661.0099999997461,0.47614195583594027
661.0199999997461,0.6121920322752288
661.0299999997461,0.39834051660157055
661.0399999997461,0.6406913585138472
661.049999999746,0.33683798434773965
661.059999999746,0.6526512069580107
661.069999999746,0.3213549984857939
661.0799999997458,0.6490529346032271
661.0899999997458,0.3607814089790493
661.0999999997458,0.6296739530686833
661.1099999997458,0.4330525537293073
661.1199999997457,0.5932601316842494
661.1299999997457,0.5088146053879221
661.1399999997457,0.5386141884446461
661.1499999997455,0.5711936387951523
661.1599999997455,0.4676388149839655
661.1699999997455,0.6153604845213936
661.1799999997454,0.39122660336291953
661.1899999997454,0.6418450361412529
661.1999999997454,0.33391639658824185
661.2099999997454,0.6522043692680654
661.2199999997453,0.32378052730066664
661.2299999997452,0.6472854740521947
661.2399999997452,0.3664922172334794
661.2499999997451,0.6267717063136564
661.2599999997451,0.4389471899186905
661.2699999997451,0.5894078174884974
661.2799999997451,0.5131939024495462
661.289999999745,0.5341548655796042
661.299999999745,0.5737871870839762
661.309999999745,0.46329914031859054
661.3199999997448,0.6164868988004629
661.3299999997448,0.3882120501715038
661.3399999997448,0.6419055124136165
661.3499999997448,0.3333426295845348
661.3599999997447,0.6515288662800358
661.3699999997447,0.32546135277195976
661.3799999997447,0.646131439247942
661.3899999997445,0.3688613910757223
661.3999999997445,0.6253711466960004
661.4099999997445,0.44061067169172463
661.4199999997445,0.5880293604270506
661.4299999997444,0.5137702560309967
661.4399999997444,0.5331589457002702
661.4499999997444,0.5735157556594505
661.4599999997442,0.463113664361089
661.4699999997442,0.6157382866313127
661.4799999997442,0.3890638614982223
661.4899999997442,0.6409976288764919
661.4999999997441,0.33472876143425995
661.5099999997441,0.65071987917048
661.5199999997441,0.32610922375855894
661.529999999744,0.6456649778205116
661.5399999997439,0.3678377045825088
661.5499999997439,0.6255259682497263
661.5599999997439,0.43812496144202234
661.5699999997438,0.5891486924705963
661.5799999997438,0.5106318406972372
661.5899999997438,0.5356037284233357
661.5999999997437,0.5704284730500921
661.6099999997436,0.4670074138881392
661.6199999997436,0.6131261007841161
661.6299999997436,0.3937063108063731
661.6399999997435,0.639105326775879
661.6499999997435,0.3381176914894619
661.6599999997435,0.6497391181446805
661.6699999997434,0.3259263384277242
661.6799999997434,0.6458235830714519
661.6899999997433,0.36363918731779077
661.6999999997433,0.6271413882161312
661.7099999997432,0.4315853931523908
661.7199999997432,0.5926300822614844
661.7299999997432,0.5037454713565193
661.7399999997431,0.5413213449770706
661.7499999997431,0.5644172082347514
661.7599999997431,0.4748489723307842
661.769999999743,0.6085097320738317
661.7799999997429,0.40221289157284634
661.7899999997429,0.6360732094169537
661.7999999997429,0.34395177441197916
661.8099999997428,0.6484161173714185
661.8199999997428,0.3255905902937758
661.8299999997428,0.6464107132526123
661.8399999997428,0.3567816818861156
661.8499999997426,0.6299790691669164
661.8599999997426,0.42114155999228037
661.8699999997426,0.5981841217488306
661.8799999997425,0.49298205832784675
661.8899999997425,0.5499978487290106
661.8999999997425,0.5552254956150463
661.9099999997425,0.48642207040730934
661.9199999997423,0.601596956370301
661.9299999997423,0.4147290681275032
661.9399999997423,0.6316050674891374
661.9499999997422,0.3529817815673296
661.9599999997422,0.6464486198520287
661.9699999997422,0.32625063365094675
661.9799999997422,0.6470999733540902
661.989999999742,0.348173959646658
661.999999999742,0.6336652358704016
662.009999999742,0.4071000798284309
662.0199999997419,0.6053757747431839
662.0299999997419,0.4781731536683673
662.0399999997419,0.5611668114991601
662.0499999997419,0.5424659688227402
662.0599999997418,0.5013729652585841
662.0699999997418,0.5919432597346259
662.0799999997417,0.43134139659413584
662.0899999997416,0.6252592203525218
662.0999999997416,0.36610369054501785
662.1099999997416,0.643400879348348
662.1199999997416,0.32948548637502134
662.1299999997415,0.6474392959150288
662.1399999997415,0.3392553589445655
662.1499999997415,0.6377008675821906
662.1599999997413,0.3901023330085789
662.1699999997413,0.6136359506718442
662.1799999997413,0.459219598714381
662.1899999997413,0.5742063651103885
662.1999999997412,0.5256590162511178
662.2099999997412,0.5191561923294851
662.2199999997412,0.5789546508495214
662.229999999741,0.45192193453126994
662.239999999741,0.616440840990158
662.249999999741,0.38411606708092694
662.259999999741,0.6386980830239479
662.2699999997409,0.337158658801132
662.2799999997409,0.6468526566770857
662.2899999997409,0.33211734986876196
662.2999999997407,0.6414719370918406
662.3099999997407,0.37138477865136577
662.3199999997407,0.6222772321737196
662.3299999997407,0.4362871167270025
662.3399999997406,0.5883480884976827
662.3499999997406,0.5043180271606742
662.3599999997406,0.5390035300115302
662.3699999997405,0.5619049288133943
662.3799999997404,0.4759920123642307
662.3899999997404,0.6043935120292039
662.3999999997404,0.4074239055375887
662.4099999997403,0.6316151720762364
662.4199999997403,0.35109874302271793
662.4299999997403,0.6446360918242631
662.4399999997402,0.32949199995124057
662.4499999997402,0.6442562828293809
662.4599999997401,0.35309051243804107
662.4699999997401,0.6305117389768022
662.47999999974,0.4101321180495968
662.48999999974,0.6027008034459008
662.49999999974,0.47812736033690745
662.5099999997399,0.5599336525447303
662.5199999997399,0.5399920413668641
662.5299999997399,0.502654949239091
662.5399999997398,0.5881982186328032
662.5499999997397,0.4357667446522965
662.5599999997397,0.6212600532450628
662.5699999997397,0.37260123783447785
662.5799999997396,0.6399445808286454
662.5899999997396,0.3344386754278717
662.5999999997396,0.6452223053650721
662.6099999997396,0.3385011226696863
662.6199999997394,0.6374657239632615
662.6299999997394,0.38257826154626884
662.6399999997394,0.6162842903855541
662.6499999997393,0.4472858215802999
662.6599999997393,0.5808036961998069
662.6699999997393,0.5124847052354187
662.6799999997393,0.530630270414806
662.6899999997391,0.5668022308426562
662.6999999997391,0.4680833720566714
662.7099999997391,0.6065567928799291
662.719999999739,0.4018805420324499
662.729999999739,0.6317677448692844
662.739999999739,0.3496061343456546
662.749999999739,0.6434140389381374
662.7599999997389,0.3319013957587998
662.7699999997388,0.6421828486228531
662.7799999997388,0.35705216863748385
662.7899999997387,0.6280606873969077
662.7999999997387,0.41309780621207776
662.8099999997387,0.6003851012978401
662.8199999997387,0.4790543078398008
662.8299999997386,0.5583823141130153
662.8399999997386,0.539131148698901
662.8499999997385,0.5025962157482871
662.8599999997384,0.5862489894991714
662.8699999997384,0.4377320499081091
662.8799999997384,0.6188976774909526
662.8899999997384,0.3761953308849967
662.8999999997383,0.6377184091959082
662.9099999997383,0.3377079034602115
662.9199999997383,0.6436073833538366
662.9299999997381,0.3388185371242487
662.9399999997381,0.636947980133898
662.9499999997381,0.37880690286943464
662.9599999997381,0.6174337129828286
662.969999999738,0.44043452170499553
662.979999999738,0.5842933282721251
662.989999999738,0.504396372906545
662.9999999997378,0.5370991771392046
663.0099999997378,0.558978002652921
663.0199999997378,0.477642571996251
663.0299999997378,0.5999073794079277
663.0399999997377,0.41312545144630497
663.0499999997377,0.6268160737914438
663.0599999997377,0.35879191633421165
663.0699999997375,0.6405406988120226
663.0799999997375,0.3342225602511049
663.0899999997375,0.6418015258976475
663.0999999997375,0.35032447040400433
663.1099999997374,0.6307238507763868
663.1199999997374,0.39951582398401225
663.1299999997374,0.6068115263309073
663.1399999997373,0.4627969710935064
663.1499999997372,0.5693253914378957
663.1599999997372,0.5235641243343528
663.1699999997372,0.5183500570923385
663.1799999997371,0.573196793103657
663.1899999997371,0.4570217146113404
663.1999999997371,0.6091336021169378
663.209999999737,0.39473726585568797
663.219999999737,0.631571290560173
663.229999999737,0.3483953625851239
663.2399999997369,0.6413551253435656
663.2499999997368,0.3358514145709649
663.2599999997368,0.6390261082989037
663.2699999997368,0.36261514743999146
663.2799999997367,0.624518214325832
663.2899999997367,0.41684749404746235
663.2999999997367,0.5972373824195191
663.3099999997366,0.4797464013714186
663.3199999997365,0.5565711490046577
663.3299999997365,0.5372526754184231
663.3399999997365,0.5031673937848107
663.3499999997364,0.5828586631924226
663.3599999997364,0.44137449165972914
663.3699999997364,0.6149972312459117
663.3799999997364,0.38220152310340044
663.3899999997362,0.6341230650478699
663.3999999997362,0.3431187665745079
663.4099999997362,0.6410225878094937
663.4199999997361,0.3396653828752555
663.4299999997361,0.63609120134917
663.4399999997361,0.37320729271410796
663.4499999997361,0.6191385868688575
663.4599999997359,0.42974739496359315
663.4699999997359,0.5895409971224738
663.4799999997359,0.4914421835280851
663.4899999997358,0.5468484853747182
663.4999999997358,0.5461889328121206
663.5099999997358,0.49220231943303644
663.5199999997358,0.5888115031726913
663.5299999997357,0.4308457971495675
663.5399999997356,0.6182866308307148
663.5499999997356,0.3747178775833335
663.5599999997355,0.6351679311949058
663.5699999997355,0.34113052328727156
663.5799999997355,0.6401721218632325
663.5899999997355,0.34353374900551376
663.5999999997354,0.6335948951371342
663.6099999997354,0.38069712348626206
663.6199999997353,0.6151799097933547
663.6299999997352,0.4378593123931343
663.6399999997352,0.5843150543564896
663.6499999997352,0.4982157860641591
663.6599999997352,0.5406929070873528
663.6699999997351,0.5509566338413364
663.6799999997351,0.4857817876511799
663.689999999735,0.5916508616806252
663.6999999997349,0.4252964338558876
663.7099999997349,0.6195301362767667
663.7199999997349,0.37145911115954816
663.7299999997349,0.6351643801719463
663.7399999997348,0.341065433603968
663.7499999997348,0.6392141126057715
663.7599999997348,0.3461730866917351
663.7699999997346,0.6319220640712536
663.7799999997346,0.3844221916145161
663.7899999997346,0.6130131886609392
663.7999999997346,0.4411466472540402
663.8099999997345,0.5819058968513301
663.8199999997345,0.5003607379664702
663.8299999997345,0.5383766087329979
663.8399999997343,0.5519317822281142
663.8499999997343,0.4840015885333324
663.8599999997343,0.5917220284194171
663.8699999997343,0.4245143149468552
663.8799999997342,0.6190148214531019
663.8899999997342,0.37186107497308546
663.8999999997342,0.6343478424294473
663.909999999734,0.3422017715694825
663.919999999734,0.6383460755150827
663.929999999734,0.347051447286834
663.939999999734,0.6312420457211902
663.9499999997339,0.3842095601082397
663.9599999997339,0.6127802817036333
663.9699999997339,0.43969300705027997
663.9799999997338,0.5824161389957828
663.9899999997338,0.49804523305366966
663.9999999997337,0.5399378117485203
664.0099999997337,0.5492659148747754
664.0199999997336,0.48680673550706605
664.0299999997336,0.5891291892600321
664.0399999997336,0.42835239759362664
664.0499999997335,0.6167989228541545
664.0599999997335,0.37576252160807333
664.0699999997335,0.6327389125349551
664.0799999997334,0.3444976546907637
664.0899999997333,0.6375559941723761
664.0999999997333,0.3462980473506686
664.1099999997333,0.6315091922111398
664.1199999997332,0.3802586774795471
664.1299999997332,0.6143954679145232
664.1399999997332,0.43363670223049205
664.1499999997332,0.5857126933244121
664.159999999733,0.49129603753124523
664.169999999733,0.5452011502746723
664.179999999733,0.5428913341025103
664.1899999997329,0.49402500726988396
664.1999999997329,0.583744184015579
664.2099999997329,0.4367605207934788
664.2199999997329,0.612718259865444
664.2299999997327,0.38340571109214966
664.2399999997327,0.6301473035919689
664.2499999997327,0.3485546127111625
664.2599999997326,0.6366255349014657
664.2699999997326,0.3446749219250581
664.2799999997326,0.6324673551457756
664.2899999997326,0.3731572817364478
664.2999999997324,0.617552580324485
664.3099999997324,0.4232134890010719
664.3199999997324,0.5914355166183575
664.3299999997323,0.4800369784411152
664.3399999997323,0.5537805846628411
664.3499999997323,0.5325432462468701
664.3599999997323,0.505344912809793
664.3699999997322,0.575215079482003
664.3799999997321,0.44971181841262864
664.3899999997321,0.6063879286106922
664.399999999732,0.39531231152929086
664.409999999732,0.6261723104640258
664.419999999732,0.35551725795215916
664.429999999732,0.6351330468814419
664.4399999997319,0.34359645123294213
664.4499999997319,0.6336573944169575
664.4599999997318,0.3640136293388199
664.4699999997317,0.6217364662212449
664.4799999997317,0.40890773301439315
664.4899999997317,0.5990071654701647
664.4999999997317,0.4641929644406853
664.5099999997316,0.5650703218519262
664.5199999997316,0.5178095350672538
664.5299999997316,0.5202549297281143
664.5399999997314,0.5629808714533114
664.5499999997314,0.4670508041672375
664.5599999997314,0.597201482173479
664.5699999997314,0.4120457529859072
664.5799999997313,0.6201992738350796
664.5899999997313,0.3668668179576023
664.5999999997313,0.6324543037015385
664.6099999997311,0.34512099446699745
664.6199999997311,0.6344251919808008
664.6299999997311,0.3546649821923469
664.6399999997311,0.6262374534965633
664.649999999731,0.39172702087890415
664.659999999731,0.6076466026888913
664.669999999731,0.44389618588953567
664.6799999997309,0.5782387316920471
664.6899999997308,0.4982382237963161
664.6999999997308,0.5379788371716041
664.7099999997308,0.5463087755182255
664.7199999997307,0.48831499688733115
664.7299999997307,0.5843335366607468
664.7399999997307,0.433890968899347
664.7499999997306,0.6113918209263707
664.7599999997306,0.3840545415419331
664.7699999997305,0.627757697996431
664.7799999997305,0.3517797514016891
664.7899999997304,0.6339259343907886
664.7999999997304,0.34785714302586873
664.8099999997304,0.6301658852625995
664.8199999997303,0.3735958930838191
664.8299999997303,0.6163895129654933
664.8399999997303,0.41985182168080476
664.8499999997302,0.5922400203694593
664.8599999997301,0.4735619111043066
664.8699999997301,0.5574455273330554
664.8799999997301,0.5243914850946849
664.88999999973,0.5126000282656955
664.89999999973,0.5667626347415152
664.90999999973,0.4605317598562322
664.91999999973,0.5986838010501145
664.9299999997298,0.40798154201779097
664.9399999997298,0.6199910691457972
664.9499999997298,0.36609169712039136
664.9599999997297,0.6311189196491301
664.9699999997297,0.34717456249696066
664.9799999997297,0.6324606303906025
664.9899999997297,0.35776570616021014
664.9999999997295,0.6241115593146286
665.0099999997295,0.3939076727692084
665.0199999997295,0.6058478401838078
665.0299999997294,0.444135592166043
665.0399999997294,0.5773163560560253
665.0499999997294,0.49658211290845466
665.0599999997294,0.5385318228209099
665.0699999997292,0.5433576116192829
665.0799999997292,0.4908519978030375
665.0899999997292,0.5807881447648682
665.0999999997291,0.4384665454615976
665.1099999997291,0.6078624026094225
665.1199999997291,0.3897327119995696
665.1299999997291,0.6247475240136854
665.139999999729,0.35641461715142564
665.149999999729,0.6318824718791981
665.1599999997289,0.3489173949863552
665.1699999997288,0.6295434731590978
665.1799999997288,0.36974430984806134
665.1899999997288,0.6176990352059455
665.1999999997288,0.4116931062761301
665.2099999997287,0.5960628825598479
665.2199999997287,0.46290718585751883
665.2299999997286,0.5643660880516179
665.2399999997285,0.5131267152480958
665.2499999997285,0.522969788087317
665.2599999997285,0.5562740992207509
665.2699999997285,0.47396343962085014
665.2799999997284,0.5898334657317462
665.2899999997284,0.42262690098356115
665.2999999997284,0.6133053471441583
665.3099999997282,0.37826817397564977
665.3199999997282,0.6269835656243691
665.3299999997282,0.35239173812311164
665.3399999997282,0.6312620383249812
665.3499999997281,0.35324039279173564
665.3599999997281,0.6263227458860079
665.3699999997281,0.3803786926442766
665.3799999997279,0.6120575417001676
665.3899999997279,0.42504146962466854
665.3999999997279,0.5881703744561875
665.4099999997279,0.4758257587172953
665.4199999997278,0.554507050397604
665.4299999997278,0.523841594849148
665.4399999997278,0.5117397709224079
665.4499999997277,0.5641908088031702
665.4599999997276,0.4625095436563271
665.4699999997276,0.5950118238300235
665.4799999997276,0.4127706270834854
665.4899999997275,0.6160533440400645
665.4999999997275,0.372170729510379
665.5099999997275,0.627643291507868
665.5199999997274,0.35155760942521547
665.5299999997274,0.630127136824375
665.5399999997273,0.3574586464301511
665.5499999997273,0.6236263259274808
665.5599999997272,0.3877581302488636
665.5699999997272,0.6079976366916715
665.5799999997272,0.433211747387736
665.5899999997271,0.5829624551147332
665.5999999997271,0.4830654964226546
665.609999999727,0.5484638986861733
665.619999999727,0.5293664167550292
665.6299999997269,0.5053730333134911
665.6399999997269,0.5678828838075238
665.6499999997269,0.4566107752372375
665.6599999997268,0.597072689687036
665.6699999997268,0.40835783500007466
665.6799999997268,0.6167798388909838
665.6899999997268,0.37015542611494445
665.6999999997266,0.627326036680063
665.7099999997266,0.35219284086196534
665.7199999997266,0.6290222325987431
665.7299999997265,0.3600422916163104
665.7399999997265,0.6219625458264085
665.7499999997265,0.3910174309979734
665.7599999997265,0.605999341732757
665.7699999997263,0.4360321171682579
665.7799999997263,0.5808782323083393
665.7899999997263,0.484890882595477
665.7999999997262,0.5465907436555383
665.8099999997262,0.53013619689985
665.8199999997262,0.504055001825813
665.8299999997262,0.5677973190780199
665.839999999726,0.45617303120024794
665.849999999726,0.5964111163757317
665.859999999726,0.4089386375476226
665.8699999997259,0.6158155437412449
665.8799999997259,0.3714822688480428
665.8899999997259,0.6263056437978941
665.8999999997259,0.3535186291689088
665.9099999997258,0.6281750142239949
665.9199999997257,0.36046118889624545
665.9299999997257,0.6215192425928092
665.9399999997256,0.3899803471859767
665.9499999997256,0.6062089420679594
665.9599999997256,0.4335810382274033
665.9699999997256,0.5820112862050474
665.9799999997255,0.48147770455931305
665.9899999997255,0.5489097838197834
665.9999999997254,0.5263171921569444
666.0099999997253,0.5077203006755948
666.0199999997253,0.5640478099904767
666.0299999997253,0.4610533221095457
666.0399999997253,0.5930823198160261
666.0499999997252,0.41435930358996625
666.0599999997252,0.6131640962277213
666.0699999997252,0.3761092447464602
666.079999999725,0.6245411130018143
666.089999999725,0.3557023584005271
666.099999999725,0.6275020234995593
666.109999999725,0.35905821168662455
666.1199999997249,0.6221672118009549
666.1299999997249,0.3850109813198509
666.1399999997249,0.6084447410877939
666.1499999997247,0.4260972051540535
666.1599999997247,0.5861230870731305
666.1699999997247,0.4728852763598096
666.1799999997247,0.5551366771646721
666.1899999997246,0.5178119580581911
666.1999999997246,0.5160882836787591
666.2099999997246,0.5564286014529941
666.2199999997245,0.4710901439739628
666.2299999997244,0.5868136505474146
666.2399999997244,0.4247587493109657
666.2499999997244,0.6085101281638293
666.2599999997243,0.384638500833484
666.2699999997243,0.6216824082873937
666.2799999997243,0.3597875953823609
666.2899999997242,0.6266148161040788
666.2999999997242,0.35703098720308585
666.3099999997241,0.6234689955912024
666.3199999997241,0.3770740769534551
666.329999999724,0.6122091717818482
666.339999999724,0.4140817154504229
666.349999999724,0.5926552522451408
666.3599999997239,0.45915098293491213
666.3699999997239,0.5646817424726959
666.3799999997239,0.504322514716336
666.3899999997238,0.5286291683272587
666.3999999997237,0.5444468736296424
666.4099999997237,0.4859997968254294
666.4199999997237,0.5770166819970287
666.4299999997236,0.44037435098552413
666.4399999997236,0.601221986495431
666.4499999997236,0.39807558004210103
666.4599999997235,0.6170720266497541
666.4699999997234,0.36753405404408274
666.4799999997234,0.6248255891714356
666.4899999997234,0.35647184591457465
666.4999999997233,0.6246908355545331
666.5099999997233,0.36796327060946926
666.5199999997233,0.6167054526535201
666.5299999997233,0.39859112723586815
666.5399999997231,0.6007425613274706
666.5499999997231,0.44053426417408525
666.5599999997231,0.5766392166207458
666.569999999723,0.4855037465548633
666.579999999723,0.544492403010024
666.589999999723,0.5273975689852646
666.599999999723,0.5051929642320588
666.6099999997228,0.5628125784720822
666.6199999997228,0.4612116093776891
666.6299999997228,0.5903536899990123
666.6399999997227,0.4173975674500044
666.6499999997227,0.6097412827727018
666.6599999997227,0.3810575834809974
666.6699999997227,0.6211481402833351
666.6799999997226,0.36029686253018145
666.6899999997225,0.6248129794254152
666.6999999997225,0.3605825139126309
666.7099999997224,0.6208566107987038
666.7199999997224,0.38171613013433925
666.7299999997224,0.6092329078649127
666.7399999997224,0.41797770846733023
666.7499999997223,0.5897886759568376
666.7599999997223,0.46128816855474514
666.7699999997222,0.562451834663175
666.7799999997221,0.5045422106058575
666.7899999997221,0.5276033662843604
666.7999999997221,0.5431064101197558
666.8099999997221,0.48668557915810473
666.819999999722,0.5746613849948458
666.829999999722,0.44298108232352174
666.839999999722,0.5984035158019619
666.8499999997218,0.40216585387846426
666.8599999997218,0.6142891758655818
666.8699999997218,0.3717961753782761
666.8799999997218,0.6225305545762553
666.8899999997217,0.3590009078156829
666.8999999997217,0.6233203863167223
666.9099999997217,0.36712244016055107
666.9199999997215,0.6167145120970319
666.9299999997215,0.39383626995806503
666.9399999997215,0.6026246622134287
666.9499999997215,0.43251412027192937
666.9599999997214,0.5809136245009053
666.9699999997214,0.47551882395203326
666.9799999997214,0.551623352745198
666.9899999997212,0.5167976698444132
666.9999999997212,0.5153904588506348
667.0099999997212,0.552681462025896
667.0199999997212,0.47407513822826897
667.0299999997211,0.5814626485146209
667.0399999997211,0.43146949588065786
667.0499999997211,0.6026309101235066
667.059999999721,0.39359995096557804
667.069999999721,0.6162364791816388
667.0799999997209,0.36780946573997464
667.0899999997209,0.62248726998051
667.0999999997208,0.3602155768058315
667.1099999997208,0.6215373851268261
667.1199999997208,0.37272160466420484
667.1299999997207,0.6134060152631802
667.1399999997207,0.4019670502159784
667.1499999997206,0.597992629442268
667.1599999997206,0.44119302816591993
667.1699999997205,0.5751898967980483
667.1799999997205,0.48331562836026587
667.1899999997205,0.5451279573813848
667.1999999997204,0.5229959823585513
667.2099999997204,0.5085982364404035
667.2199999997204,0.557104367821095
667.2299999997203,0.4676620538800974
667.2399999997202,0.5842315181911961
667.2499999997202,0.42627623737679643
667.2599999997202,0.603987944190669
667.2699999997201,0.3904369227464766
667.2799999997201,0.6164480799763845
667.2899999997201,0.3671099449836215
667.2999999997201,0.6218047908454722
667.3099999997199,0.3617394469144472
667.3199999997199,0.6201904236283964
667.3299999997199,0.3756022887824467
667.3399999997198,0.6116120391374116
667.3499999997198,0.4051280493754079
667.3599999997198,0.5959737700551713
667.3699999997198,0.44380108211338337
667.3799999997196,0.5731904873940086
667.3899999997196,0.48496989697909043
667.3999999997196,0.5434244186139451
667.4099999997195,0.5236598966799441
667.4199999997195,0.5074864815633515
667.4299999997195,0.5569474098288573
667.4399999997195,0.46740043008564774
667.4499999997194,0.5835003321617539
667.4599999997193,0.426968040625709
667.4699999997193,0.6029367847902882
667.4799999997192,0.3918805092675485
667.4899999997192,0.6153145938984297
667.4999999997192,0.36872689513312973
667.5099999997192,0.6208105943881125
667.5199999997191,0.36271979303464114
667.529999999719,0.6195519380829294
667.539999999719,0.37525207485116724
667.5499999997189,0.6115527760613778
667.5599999997189,0.4031763702283524
667.5699999997189,0.5967312849283133
667.5799999997189,0.4404426337610673
667.5899999997188,0.5750093353493296
667.5999999997188,0.4806807607680788
667.6099999997188,0.5465214279108329
667.6199999997186,0.5189778509634192
667.6299999997186,0.5119697573376549
667.6399999997186,0.5523400646527091
667.6499999997186,0.47312909172993134
667.6599999997185,0.5793283323656927
667.6699999997185,0.4333766658306101
667.6799999997185,0.5994710262935455
667.6899999997183,0.39787499755095923
667.6999999997183,0.612771371734851
667.7099999997183,0.3728336563382164
667.7199999997183,0.6193860075096439
667.7299999997182,0.36357919696183244
667.7399999997182,0.6194485111878465
667.7499999997182,0.37222477157494493
667.759999999718,0.6129952527555608
667.769999999718,0.3966117399558922
667.779999999718,0.5999671406342764
667.789999999718,0.43142366647239216
667.7999999997179,0.5802844715524118
667.8099999997179,0.4705166661540845
667.8199999997179,0.5540143072669976
667.8299999997178,0.5088095246637767
667.8399999997177,0.5216625812702613
667.8499999997177,0.5429891626360236
667.8599999997177,0.48460589283239613
667.8699999997176,0.5713211154294733
667.8799999997176,0.44559011995072845
667.8899999997176,0.5931299330231844
667.8999999997175,0.40903041098947973
667.9099999997175,0.6083085801187744
667.9199999997174,0.3806311227370948
667.9299999997174,0.6169751780954096
667.9399999997173,0.3659356595997344
667.9499999997173,0.6192718604843435
667.9599999997173,0.36816931277451725
667.9699999997172,0.6152682011094067
667.9799999997172,0.3867148531656097
667.9899999997172,0.6049396858196695
667.9999999997171,0.41743868797361433
668.009999999717,0.5882112754356175
668.019999999717,0.4545863620959017
668.029999999717,0.565076425623611
668.0399999997169,0.4928084088203916
668.0499999997169,0.5358172037873102
668.0599999997169,0.5282508928628168
668.0699999997167,0.5013490560130474
668.0799999997167,0.5586649081409507
668.0899999997167,0.46366643963361337
668.0999999997167,0.5830107931680268
668.1099999997166,0.42623595884219956
668.1199999997166,0.6009749532028702
668.1299999997166,0.39398413117576286
668.1399999997165,0.6125896484713373
668.1499999997164,0.372440685614359
668.1599999997164,0.6179897334078287
668.1699999997164,0.36597655967704734
668.1799999997163,0.6172805570692447
668.1899999997163,0.37594875815500944
668.1999999997163,0.610485322735323
668.2099999997162,0.4000640585440389
668.2199999997162,0.5975539207974668
668.2299999997161,0.43347487545408536
668.2399999997161,0.5784331625104471
668.249999999716,0.47073066746801473
668.259999999716,0.5532145839742457
668.269999999716,0.5073124329248895
668.2799999997159,0.5223841432136913
668.2899999997159,0.5402135725604423
668.2999999997159,0.48718246791731656
668.3099999997158,0.5677988235804737
668.3199999997157,0.45001580952683184
668.3299999997157,0.5893809072982892
668.3399999997157,0.4147136513259266
668.3499999997156,0.6048053795545888
668.3599999997156,0.38626562181408985
668.3699999997156,0.6141491448750035
668.3799999997156,0.36971476704111
668.3899999997154,0.6175362392057674
668.3999999997154,0.3684024912342402
668.4099999997154,0.6150433187837488
668.4199999997153,0.38252456117819716
668.4299999997153,0.6066700925055303
668.4399999997153,0.4090548296948806
668.4499999997153,0.5923637586082658
668.4599999997151,0.44309280435991943
668.4699999997151,0.5721019189698947
668.4799999997151,0.4796301166193977
668.489999999715,0.5460511328651059
668.499999999715,0.5147324160692105
668.509999999715,0.5148212059092672
668.519999999715,0.5458753679448711
668.5299999997148,0.4798121758348511
668.5399999997148,0.5717283860264112
668.5499999997148,0.4435760210132924
668.5599999997147,0.5917574223261313
668.5699999997147,0.40997825991297315
668.5799999997147,0.6058642985449442
668.5899999997147,0.38382155268656565
668.5999999997146,0.6141321508990859
668.6099999997145,0.3697017725846478
668.6199999997145,0.6166722372883927
668.6299999997144,0.37038946699405284
668.6399999997144,0.613547288569257
668.6499999997144,0.3856543495376349
668.6599999997144,0.6047512490196992
668.6699999997143,0.41238379321249075
668.6799999997143,0.5902376061118121
668.6899999997142,0.4458996947737317
668.6999999997141,0.5700016476879888
668.7099999997141,0.4815401708625449
668.7199999997141,0.5442322838194478
668.7299999997141,0.5156736133387351
668.739999999714,0.5135500021286432
668.749999999714,0.5459668448429692
668.759999999714,0.47932462044650603
668.7699999997138,0.5711787016940233
668.7799999997138,0.44399834838645474
668.7899999997138,0.5908002810076537
668.7999999997138,0.4112204856040985
668.8099999997137,0.6047286110785994
668.8199999997137,0.38549797466833347
668.8299999997137,0.6130343443645092
668.8399999997135,0.3711645515332458
668.8499999997135,0.6158200719027
668.8599999997135,0.37091974098733366
668.8699999997135,0.6131478876515584
668.8799999997134,0.3847299796806496
668.8899999997134,0.6050183075843164
668.8999999997134,0.40985674741075934
668.9099999997132,0.5913930639158729
668.9199999997132,0.4419868915235773
668.9299999997132,0.5722655867033968
668.9399999997132,0.4766798811517294
668.9499999997131,0.5477920696553038
668.9599999997131,0.5103639393252856
668.9699999997131,0.5184977949186003
668.979999999713,0.5406604369550908
668.989999999713,0.48555661980364906
668.9999999997129,0.5662432685294346
669.0099999997129,0.4510888026740114
669.0199999997128,0.5865224565870851
669.0299999997128,0.41832534063839627
669.0399999997128,0.6013369058400353
669.0499999997127,0.39138967806751623
669.0599999997127,0.6107258515314865
669.0699999997126,0.3744884303431678
669.0799999997126,0.6147836717778415
669.0899999997125,0.37063062406429875
669.0999999997125,0.6135808787873185
669.1099999997125,0.380483622655719
669.1199999997124,0.6071342316301885
669.1299999997124,0.4021061962264278
669.1399999997124,0.5954169931655264
669.1499999997123,0.43174744572963963
669.1599999997122,0.5784100567214168
669.1699999997122,0.465154784171926
669.1799999997122,0.5562031800749133
669.1899999997121,0.49864568383791125
669.1999999997121,0.5291594703032622
669.2099999997121,0.5295925602567797
669.2199999997121,0.49814802005439823
669.2299999997119,0.556412096867975
669.2399999997119,0.4648160092495982
669.2499999997119,0.5783135506910608
669.2599999997118,0.4318008369175589
669.2699999997118,0.5950067818804908
669.2799999997118,0.40269128072056437
669.2899999997118,0.6064647563350019
669.2999999997116,0.3815196877309404
669.3099999997116,0.612762003692122
669.3199999997116,0.37174407643293356
669.3299999997115,0.6139789989487889
669.3399999997115,0.37507723884146504
669.3499999997115,0.6101563690911203
669.3599999997115,0.3908244497053405
669.3699999997114,0.6012876136421321
669.3799999997113,0.4161743813992914
669.3899999997113,0.5873470085542059
669.3999999997112,0.44723864087458326
669.4099999997112,0.5683573099589819
669.4199999997112,0.48019332184955443
669.4299999997112,0.5445075716313311
669.4399999997111,0.5120069183425959
669.449999999711,0.5163306192674786
669.459999999711,0.5406523137464104
669.4699999997109,0.48493398008852195
669.4799999997109,0.56497748755474
669.4899999997109,0.45223567816721727
669.4999999997109,0.5844489225016568
669.5099999997108,0.421084292517386
669.5199999997108,0.5989029038067565
669.5299999997108,0.39507552696453574
669.5399999997106,0.6083571930732001
669.5499999997106,0.3779111104163485
669.5599999997106,0.6128880923309459
669.5699999997106,0.3723793277905007
669.5799999997105,0.6125607846936185
669.5899999997105,0.37939096381410387
669.5999999997105,0.6073999146690099
669.6099999997103,0.39763913223701924
669.6199999997103,0.5973927507172326
669.6299999997103,0.4241069339342464
669.6399999997103,0.5825241985525612
669.6499999997102,0.4550872874201065
669.6599999997102,0.5628492864020999
669.6699999997102,0.487140681606531
669.67999999971,0.5386124434197972
669.68999999971,0.5176330434238194
669.69999999971,0.5104196546269256
669.70999999971,0.5448423296654549
669.7199999997099,0.47945153053273415
669.7299999997099,0.5678071280499205
669.7399999997099,0.447663408506964
669.7499999997098,0.5860920227340838
669.7599999997097,0.4178548636141399
669.7699999997097,0.5995717769024517
669.7799999997097,0.39344316947161456
669.7899999997096,0.6082708868352888
669.7999999997096,0.3778285282648309
669.8099999997096,0.6122595994270965
669.8199999997095,0.37346161235298847
669.8299999997095,0.6115954612298851
669.8399999997094,0.38101819980655055
669.8499999997094,0.6062995736401059
669.8599999997093,0.399158504139841
669.8699999997093,0.5963614797916155
669.8799999997093,0.4250237553784667
669.8899999997092,0.5817724382824142
669.8999999997092,0.45515575285084847
669.9099999997092,0.5625920800366303
669.9199999997091,0.4863468317866319
669.929999999709,0.5390563304375058
669.939999999709,0.5161202432217294
669.949999999709,0.5117314232559854
669.9599999997089,0.54283221683519
669.9699999997089,0.48170343349813066
669.9799999997089,0.5655432284243951
669.9899999997089,0.45075777257309385
669.9999999997087,0.583810007630142
670.0099999997087,0.42145003221160615
670.0199999997087,0.5974896652153222
670.0299999997086,0.3969276314178946
670.0399999997086,0.6065908823920353
670.0499999997086,0.3803981595264422
670.0599999997086,0.6111751702297192
670.0699999997084,0.3743149897686177
670.0799999997084,0.61129944586687
670.0899999997084,0.37960132405522984
670.0999999997083,0.6069903572985897
670.1099999997083,0.3953331820073802
670.1199999997083,0.5982444241720808
670.1299999997083,0.41907409451984756
670.1399999997082,0.5850528991799643
670.1499999997081,0.44765445877500637
670.1599999997081,0.5674547987700256
670.169999999708,0.4779752238030407
670.179999999708,0.5456244890115889
670.189999999708,0.5075258362531058
670.199999999708,0.5199990438597896
670.2099999997079,0.5345550709018968
670.2199999997079,0.49144068777999134
670.2299999997078,0.5580004729190089
670.2399999997077,0.46140499392728623
670.2499999997077,0.5773138791371887
670.2599999997077,0.4320443658136892
670.2699999997077,0.592278160107772
670.2799999997076,0.40613422451808806
670.2899999997076,0.6028587098621034
670.2999999997076,0.3867118827957099
670.3099999997074,0.6090994847634924
670.3199999997074,0.376423375273289
670.3299999997074,0.6110584372051994
670.3399999997074,0.37677587056589296
670.3499999997073,0.6087738306441589
670.3599999997073,0.3876502979276729
670.3699999997073,0.6022549048642964
670.3799999997071,0.407350686672798
670.3899999997071,0.5914941621509885
670.3999999997071,0.43315882748572754
670.4099999997071,0.5765025372868308
670.419999999707,0.4620836053463317
670.429999999707,0.5573719141021758
670.439999999707,0.49146795067849086
670.4499999997068,0.5343704102696253
670.4599999997068,0.5192958302197159
670.4699999997068,0.5080717393113716
670.4799999997068,0.5442306660874272
670.4899999997067,0.47950631910712693
670.4999999997067,0.5654995548526401
670.5099999997067,0.4502946181309137
670.5199999997066,0.5827281322378172
670.5299999997065,0.42268591587623466
670.5399999997065,0.5957875902293897
670.5499999997065,0.3994005395204296
670.5599999997064,0.6046774388996382
670.5699999997064,0.38320540892136085
670.5799999997064,0.6094461260775806
670.5899999997063,0.3762768549480684
670.5999999997063,0.6101434083891508
670.6099999997062,0.3795782622292202
670.6199999997062,0.6067975321032524
670.6299999997061,0.3925582938925657
670.6399999997061,0.5994126117698186
670.6499999997061,0.4133376823428735
670.659999999706,0.5879848771750397
670.669999999706,0.43927675658315973
670.679999999706,0.5725396482324073
670.689999999706,0.46763124321208926
670.6999999997058,0.5531931851622901
670.7099999997058,0.4960373464942541
670.7199999997058,0.5302435743558579
670.7299999997057,0.5227321380494123
670.7399999997057,0.504289991476985
670.7499999997057,0.5465573496664754
670.7599999997057,0.4763663749029951
670.7699999997055,0.5668460726975666
670.7799999997055,0.44805117413995965
670.7899999997055,0.5832761896323229
670.7999999997054,0.42148402771178484
670.8099999997054,0.5957378525550968
670.8199999997054,0.3992034868508773
670.8299999997054,0.6042324750603765
670.8399999997052,0.3837537435570644
670.8499999997052,0.6088041844567852
670.8599999997052,0.3771169776652873
670.8699999997051,0.6094984624594313
670.8799999997051,0.3801701498481344
670.8899999997051,0.606342183539091
670.8999999997051,0.3924231567843454
670.909999999705,0.5993412020986808
670.9199999997049,0.4121778731166015
670.9299999997049,0.5884943323666977
670.9399999997048,0.43702005749085965
670.9499999997048,0.5738251815842653
670.9599999997048,0.4644001369492207
670.9699999997048,0.555435199321123
670.9799999997047,0.49207874395503903
670.9899999997047,0.533581441955221
670.9999999997046,0.5183458519519774
671.0099999997045,0.5087789869708409
671.0199999997045,0.5420448180577949
671.0299999997045,0.481917861391681
671.0399999997045,0.5624834063690826
671.0499999997044,0.4543655331761247
671.0599999997044,0.5793062105100224
671.0699999997044,0.4280009816691938
671.0799999997042,0.5923736179127391
671.0899999997042,0.4051089212838716
671.0999999997042,0.6016661475482632
671.1099999997042,0.3880800381421753
671.1199999997041,0.6072172177422888
671.1299999997041,0.3789390797379039
671.1399999997041,0.6090706697159036
671.1499999997039,0.3788395074682164
671.1599999997039,0.6072580395086907
671.1699999997039,0.3877396766371178
671.1799999997039,0.6017917687578234
671.1899999997038,0.4044218931093294
671.1999999997038,0.5926726438496878
671.2099999997038,0.42684307511235964
671.2199999997036,0.5799119556476073
671.2299999997036,0.4526425430501733
671.2399999997036,0.5635706844599206
671.2499999997036,0.4795968266621392
671.2599999997035,0.5438187785855984
671.2699999997035,0.505897205785665
671.2799999997035,0.5210160952496956
671.2899999997034,0.530239507063245
671.2999999997033,0.49581086344201736
671.3099999997033,0.5517836402824767
671.3199999997033,0.4692394546887823
671.3299999997032,0.5700520805003091
671.3399999997032,0.44279258591054244
671.3499999997032,0.5848175870435777
671.3599999997031,0.41839382221857935
671.369999999703,0.5960062725380192
671.379999999703,0.39823274519866714
671.389999999703,0.6036246223296671
671.3999999997029,0.3844301029455233
671.4099999997029,0.6077098638246544
671.4199999997029,0.37859348995789877
671.4299999997028,0.6082998074087593
671.4399999997028,0.3814136554723871
671.4499999997028,0.6054182255145942
671.4599999997027,0.3924782256167755
671.4699999997026,0.5990731833721851
671.4799999997026,0.4103933698854594
671.4899999997026,0.5892675123451262
671.4999999997025,0.4331519872557462
671.5099999997025,0.5760223335065928
671.5199999997025,0.45858089509997185
671.5299999997025,0.5594158084475817
671.5399999997023,0.48470493396763625
671.5499999997023,0.5396395090526311
671.5599999997023,0.5099499853068249
671.5699999997022,0.5170728749191699
671.5799999997022,0.5331937072359811
671.5899999997022,0.49237056848884664
671.5999999997022,0.5537170021957154
671.609999999702,0.46654663924184875
671.619999999702,0.5711119523105027
671.629999999702,0.44102375848081704
671.6399999997019,0.5851847581530342
671.6499999997019,0.4176012188060077
671.6599999997019,0.5958730983821845
671.6699999997019,0.3982956250413312
671.6799999997017,0.6031839948906298
671.6899999997017,0.38504039488384995
671.6999999997017,0.607151363255068
671.7099999997016,0.37929788594267816
671.7199999997016,0.6078100027474375
671.7299999997016,0.3817105892837719
671.7399999997016,0.6051827931749472
671.7499999997015,0.391937028870435
671.7599999997014,0.5992789522035774
671.7699999997014,0.4087481806243583
671.7799999997013,0.590102629590088
671.7899999997013,0.43033791521746406
671.7999999997013,0.5776724949140207
671.8099999997013,0.4547119080789499
671.8199999997012,0.5620540195059315
671.8299999997012,0.48001740869312587
671.8399999997011,0.5434064179026937
671.849999999701,0.5047405170821269
671.859999999701,0.5220449187810757
671.869999999701,0.5277700263189925
671.879999999701,0.4985150104644629
671.8899999997009,0.5483682371039958
671.8999999997009,0.4736673499997149
671.9099999997009,0.5660960768631902
671.9199999997007,0.44871010311384407
671.9299999997007,0.5807278647313325
671.9399999997007,0.42520299476892354
671.9499999997007,0.5921752522911692
671.9599999997006,0.4049533548242334
671.9699999997006,0.600427788456156
671.9799999997006,0.38979211276570563
671.9899999997004,0.6055106820057434
671.9999999997004,0.38125435271018837
672.0099999997004,0.6074574647210064
672.0199999997004,0.38025029821881473
672.0299999997003,0.6062947534209444
672.0399999997003,0.38684828608670346
672.0499999997003,0.6020369479917972
672.0599999997002,0.4002624988769695
672.0699999997001,0.5946897738109337
672.0799999997001,0.4190501701042076
672.0899999997001,0.5842627138082197
672.0999999997,0.4414320880250787
672.1099999997,0.5707913523993249
672.1199999997,0.46561532728401567
672.1299999996999,0.554371209242906
672.1399999996999,0.4900280078193704
672.1499999996998,0.5352043260387959
672.1599999996998,0.5134359910206231
672.1699999996997,0.5136579527487902
672.1799999996997,0.5349597309097819
672.1899999996997,0.49033021615371025
672.1999999996996,0.5540295084915028
672.2099999996996,0.46610997476408234
672.2199999996996,0.570314933824299
672.2299999996995,0.44220795988101574
672.2399999996994,0.5836527996262991
672.2499999996994,0.4201278045029577
672.2599999996994,0.5939854704339068
672.2699999996993,0.40154692790137153
672.2799999996993,0.6013137554806511
672.2899999996993,0.388098077626753
672.2999999996993,0.6056638264687848
672.3099999996991,0.3810844734678571
672.3199999996991,0.6070660767307781
672.3299999996991,0.3812084113030771
672.339999999699,0.6055436986897251
672.349999999699,0.388412123506457
672.359999999699,0.6011093630892358
672.369999999699,0.401896138371129
672.3799999996988,0.5937692508331748
672.3899999996988,0.4203065925707866
672.3999999996988,0.5835345724331218
672.4099999996987,0.44201495278738995
672.4199999996987,0.5704414479154285
672.4299999996987,0.4653921807329354
672.4399999996987,0.5545804082294601
672.4499999996985,0.48900703576612303
672.4599999996985,0.5361364714460415
672.4699999996985,0.5117258953020549
672.4799999996984,0.5154391938490103
672.4899999996984,0.5327290985755831
672.4999999996984,0.49301860424250543
672.5099999996984,0.5514746697174644
672.5199999996983,0.4696570080679132
672.5299999996982,0.5676388385482642
672.5399999996982,0.44641882724686344
672.5499999996981,0.5810536856585253
672.5599999996981,0.42463370667887007
672.5699999996981,0.591652704105905
672.5799999996981,0.4058078965642102
672.589999999698,0.5994282023340105
672.599999999698,0.3914526441625693
672.609999999698,0.6044006150377479
672.6199999996978,0.38284879566092367
672.6299999996978,0.6065981661568367
672.6399999996978,0.3808045531047515
672.6499999996978,0.6060450382391079
672.6599999996977,0.38548563801714125
672.6699999996977,0.6027565784789577
672.6799999996977,0.39638213713426457
672.6899999996975,0.5967407146499083
672.6999999996975,0.41242479740853266
672.7099999996975,0.5880054512570132
672.7199999996975,0.4322044894206895
672.7299999996974,0.5765729404015979
672.7399999996974,0.45421711432094275
672.7499999996974,0.5625010449091759
672.7599999996972,0.4770651507005699
672.7699999996972,0.5459133292511992
672.7799999996972,0.49958124916052193
672.7899999996972,0.5270376906590065
672.7999999996971,0.5208741833682706
672.8099999996971,0.5062519086572342
672.8199999996971,0.540317909060825
672.829999999697,0.4841307730552201
672.8399999996969,0.557509174574739
672.8499999996969,0.46148406573552414
672.8599999996969,0.5722142949736534
672.8699999996968,0.43936855497373356
672.8799999996968,0.5843179827933994
672.8899999996968,0.41905328793716884
672.8999999996967,0.593780427831754
672.9099999996967,0.4019207818501811
672.9199999996966,0.6006044066961984
672.9299999996966,0.3893019265930328
672.9399999996965,0.6048118914261057
672.9499999996965,0.38226905814585915
672.9599999996965,0.6064287603147023
672.9699999996964,0.38143945367899484
672.9799999996964,0.6054761750997077
672.9899999996964,0.38685253393174074
672.9999999996963,0.6019675500768904
673.0099999996962,0.3979652143864679
673.0199999996962,0.5959105519078308
673.0299999996962,0.41376666923282884
673.0399999996961,0.5873140995327217
673.0499999996961,0.4329700542803995
673.0599999996961,0.5762007952062956
673.069999999696,0.4542186010474724
673.0799999996959,0.5626255152901859
673.0899999996959,0.47625321595428655
673.0999999996959,0.5467008694254406
673.1099999996958,0.4980157615116609
673.1199999996958,0.5286296543981129
673.1299999996958,0.5186887891476625
673.1399999996958,0.5087429477140102
673.1499999996956,0.5376881081000198
673.1599999996956,0.4875397715240067
673.1699999996956,0.5546284091370551
673.1799999996955,0.4657202376036678
673.1899999996955,0.5692786994485783
673.1999999996955,0.4441994274922053
673.2099999996955,0.5815184134644311
673.2199999996953,0.4240859368454218
673.2299999996953,0.5912997434746372
673.2399999996953,0.4066104069422725
673.2499999996952,0.5986180729734096
673.2599999996952,0.39299906301020526
673.2699999996952,0.6034903578113877
673.2799999996952,0.38430599442371904
673.289999999695,0.6059404366547056
673.299999999695,0.3812400051352835
673.309999999695,0.6059900966309151
673.3199999996949,0.38403535097937197
673.3299999996949,0.6036549301887966
673.3399999996949,0.3924089777921619
673.3499999996949,0.5989443847801565
673.3599999996948,0.40561898956247033
673.3699999996948,0.5918658118977076
673.3799999996947,0.42260340409131614
673.3899999996946,0.5824326985418371
673.3999999996946,0.44215389449314696
673.4099999996946,0.5706775532800922
673.4199999996946,0.4630769003229727
673.4299999996945,0.5566700364234999
673.4399999996945,0.4843104454258056
673.4499999996945,0.5405407324753172
673.4599999996943,0.5049868737905273
673.4699999996943,0.522510259215986
673.4799999996943,0.5244486449202754
673.4899999996943,0.5029219454717625
673.4999999996942,0.5422321781031799
673.5099999996942,0.4822739006226056
673.5199999996942,0.5580350297281127
673.529999999694,0.46124303859969834
673.539999999694,0.5716780564548999
673.549999999694,0.44069024029472986
673.559999999694,0.5830697258920089
673.5699999996939,0.42163403192110666
673.5799999996939,0.5921760302640896
673.5899999996939,0.4051824610753538
673.5999999996938,0.5989970149038909
673.6099999996937,0.3924215411666592
673.6199999996937,0.6035496123414131
673.6299999996937,0.3842735008595268
673.6399999996936,0.6058559365948039
673.6499999996936,0.3813543404238974
673.6599999996936,0.6059361244467779
673.6699999996935,0.3838691354721046
673.6799999996935,0.6038049843359663
673.6899999996934,0.3915774209128967
673.6999999996934,0.5994719897028801
673.7099999996933,0.40383975870977157
673.7199999996933,0.5929444548532106
673.7299999996933,0.4197298733129365
673.7399999996932,0.5842340116512095
673.7499999996932,0.4381779384809249
673.7599999996932,0.5733667251836739
673.7699999996931,0.45810761013814555
673.779999999693,0.5603972911310755
673.789999999693,0.4785402441069442
673.799999999693,0.5454276592010557
673.8099999996929,0.49865604741333036
673.8199999996929,0.5286299943226009
673.8299999996929,0.5178156043477625
673.8399999996928,0.5102729564020038
673.8499999996927,0.5355525406433184
673.8599999996927,0.4907487026555025
673.8699999996927,0.5515494830611946
673.8799999996926,0.4705957876576421
673.8899999996926,0.5656073287404553
673.8999999996926,0.4505105911804792
673.9099999996926,0.5776145155333149
673.9199999996924,0.431337955570417
673.9299999996924,0.5875199381456733
673.9399999996924,0.41403191421875873
673.9499999996923,0.5953109606382205
673.9599999996923,0.39958151591581237
673.9699999996923,0.6009966589153267
673.9799999996923,0.388905646361449
673.9899999996921,0.6045957848231004
673.9999999996921,0.3827328069776201
674.0099999996921,0.6061287403297547
674.019999999692,0.38149226724932184
674.029999999692,0.6056128954998636
674.039999999692,0.38524562042109833
674.049999999692,0.6030607509424707
674.0599999996919,0.3936788629653495
674.0699999996918,0.5984806589758705
674.0799999996918,0.4061571597304871
674.0899999996917,0.5918800355263062
674.0999999996917,0.42182556289551393
674.1099999996917,0.5832711896891256
674.1199999996917,0.439727814123559
674.1299999996916,0.5726800429863873
674.1399999996916,0.45891571234548173
674.1499999996915,0.5601580661176047
674.1599999996914,0.4785307086256691
674.1699999996914,0.5457976651653399
674.1799999996914,0.4978513788441968
674.1899999996914,0.5297509124001777
674.1999999996913,0.5163100367020325
674.2099999996913,0.5122508292308714
674.2199999996913,0.5334867889564283
674.2299999996911,0.49363329634172765
674.2399999996911,0.5490902557648077
674.2499999996911,0.4743560833056414
674.2599999996911,0.5629326313579951
674.269999999691,0.455009668985583
674.279999999691,0.5749043440025056
674.289999999691,0.4363130315215961
674.2999999996908,0.5849513081503257
674.3099999996908,0.41908740739789363
674.3199999996908,0.5930560741788446
674.3299999996908,0.4042033420185246
674.3399999996907,0.5992231216233579
674.3499999996907,0.3925019505748396
674.3599999996907,0.6034679856171539
674.3699999996905,0.3846995840600379
674.3799999996905,0.605809692760156
674.3899999996905,0.381293442628559
674.3999999996905,0.6062659730227928
674.4099999996904,0.38249002449967817
674.4199999996904,0.6048508122021765
674.4299999996904,0.3881752355955148
674.4399999996903,0.6015740539975689
674.4499999996902,0.3979343805114154
674.4599999996902,0.5964429177279982
674.4699999996902,0.4111161474357713
674.4799999996901,0.5894654464833441
674.4899999996901,0.42692321789249177
674.4999999996901,0.5806560252169347
674.50999999969,0.44450778920257705
674.51999999969,0.570043189695382
674.52999999969,0.46305356937784076
674.5399999996899,0.5576799549965344
674.5499999996898,0.4818336507325667
674.5599999996898,0.5436567812971099
674.5699999996898,0.5002420167783971
674.5799999996897,0.5281170029169361
674.5899999996897,0.5178024407352528
674.5999999996897,0.5112740035984673
674.6099999996896,0.5341613326626469
674.6199999996895,0.49342857405817353
674.6299999996895,0.5490712845502812
674.6399999996895,0.4749837504358963
674.6499999996894,0.5623707869014324
674.6599999996894,0.4564531631935752
674.6699999996894,0.573963849201384
674.6799999996894,0.43845790998455486
674.6899999996892,0.5838016667255705
674.6999999996892,0.4217068404427605
674.7099999996892,0.5918672902370498
674.7199999996891,0.4069566692280108
674.7299999996891,0.5981634977945894
674.7399999996891,0.39495203668783313
674.7499999996891,0.602703656768173
674.759999999689,0.3863512417066873
674.7699999996889,0.6055051934998792
674.7799999996889,0.3816493825673957
674.7899999996888,0.6065852651447181
674.7999999996888,0.3811145356556978
674.8099999996888,0.6059582862144473
674.8199999996888,0.3847519400546129
674.8299999996887,0.6036350582968115
674.8399999996886,0.39230517238169543
674.8499999996886,0.5996233599187424
674.8599999996885,0.40329382510019435
674.8699999996885,0.5939299598847847
674.8799999996885,0.4170779739380336
674.8899999996885,0.5865641117691616
674.8999999996884,0.4329343121497106
674.9099999996884,0.577542659502389
674.9199999996883,0.45012873450826346
674.9299999996882,0.5668969194673048
674.9399999996882,0.46797432946211526
674.9499999996882,0.5546814814067379
674.9599999996882,0.4858696874776118
674.9699999996881,0.5409849561890421
674.9799999996881,0.5033177660107793
674.989999999688,0.5259424532241724
674.9999999996879,0.5199289520157608
675.0099999996879,0.5097491511989503
675.0199999996879,0.5354132812361857
675.0299999996878,0.4926737082598527
675.0399999996878,0.5495665617313769
675.0499999996878,0.47506946431354075
675.0599999996878,0.5622541416501755
675.0699999996876,0.4573805358766339
675.0799999996876,0.5733948482445553
675.0899999996876,0.4401392477868842
675.0999999996875,0.5829465516453824
675.1099999996875,0.4239512865827855
675.1199999996875,0.5908940094869177
675.1299999996875,0.40946596655933876
675.1399999996873,0.5972391326150486
675.1499999996873,0.39733139970351344
675.1599999996873,0.6019935246612512
675.1699999996872,0.38813803455002877
675.1799999996872,0.6051730215029465
675.1899999996872,0.3823581489709341
675.1999999996872,0.6067939316302521
675.209999999687,0.38029196610884247
675.219999999687,0.6068707109149039
675.229999999687,0.3820315149202939
675.2399999996869,0.6054148665313341
675.2499999996869,0.3874503531298378
675.2599999996869,0.6024349568731189
675.2699999996869,0.396221448760719
675.2799999996868,0.5979376271189832
675.2899999996868,0.40785888568540685
675.2999999996867,0.5919296872027575
675.3099999996866,0.42177403282544984
675.3199999996866,0.5844212950942403
675.3299999996866,0.4373349833017962
675.3399999996866,0.5754303467600917
675.3499999996865,0.45391951087123883
675.3599999996865,0.5649881848299485
675.3699999996865,0.4709553274912488
675.3799999996863,0.5531467063823955
675.3899999996863,0.4879454397190094
675.3999999996863,0.5399868553613503
675.4099999996863,0.5044796331186485
675.4199999996862,0.5256283031887978
675.4299999996862,0.5202350055714807
675.4399999996862,0.5102398283840291
675.449999999686,0.5349690860057483
675.459999999686,0.4940494909078139
675.469999999686,0.5485088053022027
675.479999999686,0.4773531777363826
675.4899999996859,0.5607378734690489
675.4999999996859,0.4605195450903158
675.5099999996859,0.5715843042100076
675.5199999996858,0.4439889486303065
675.5299999996857,0.5810091120302882
675.5399999996857,0.4282638663781312
675.5499999996857,0.5889966677025015
675.5599999996856,0.41388885321309615
675.5699999996856,0.5955468392308502
675.5799999996856,0.40141943678773456
675.5899999996855,0.6006688359662934
675.5999999996855,0.39138156959905707
675.6099999996854,0.6043765726630573
675.6199999996854,0.3842259210885739
675.6299999996853,0.606685340283922
675.6399999996853,0.3802836572173617
675.6499999996853,0.6076095829163374
675.6599999996852,0.3797314488984598
675.6699999996852,0.6071616151849378
675.6799999996852,0.3825725428979997
675.6899999996851,0.6053511596456297
675.699999999685,0.38863777140606964
675.709999999685,0.6021856311803757
675.719999999685,0.3976061781609254
675.7299999996849,0.5976711410703485
675.7399999996849,0.4090408705663857
675.7499999996849,0.5918142342436234
675.7599999996849,0.4224330720022071
675.7699999996847,0.584624406150215
675.7799999996847,0.4372467961107359
675.7899999996847,0.5761174672360108
675.7999999996846,0.45295789630102645
675.8099999996846,0.5663198268680452
675.8199999996846,0.46908366077552643
675.8299999996846,0.5552737466789985
675.8399999996844,0.48520169158020804
675.8499999996844,0.5430435543394593
675.8599999996844,0.5009588379030041
675.8699999996843,0.5297226994536327
675.8799999996843,0.516072159347374
675.8899999996843,0.5154413606069046
675.8999999996843,0.530324317608463
675.9099999996841,0.5003740698087638
675.9199999996841,0.5435556602585757
675.9299999996841,0.48474651283329556
675.939999999684,0.5556548266547259
675.949999999684,0.4688403244552687
675.959999999684,0.5665491826964586
675.969999999684,0.45299439292311056
675.9799999996839,0.5761959074050066
675.9899999996838,0.4376010309821089
675.9999999996838,0.584574170642796
676.0099999996837,0.4230955046797
676.0199999996837,0.591678570366475
676.0299999996837,0.40993797889101274
676.0399999996837,0.5975138259891914
676.0499999996836,0.3985880111743579
676.0599999996836,0.6020906296540123
676.0699999996835,0.38947322729630884
676.0799999996834,0.6054225161891691
676.0899999996834,0.38295545448503937
676.0999999996834,0.6075236057621951
676.1099999996834,0.37929890162211727
676.1199999996833,0.6084070870185404
676.1299999996833,0.37864543653468274
676.1399999996833,0.6080843325449906
676.1499999996831,0.3810012728493074
676.1599999996831,0.6065645671033473
676.1699999996831,0.38623747879136705
676.1799999996831,0.6038550383476752
676.189999999683,0.39410413285041335
676.199999999683,0.5999616675549776
676.209999999683,0.404255430792708
676.2199999996828,0.5948901828282668
676.2299999996828,0.4162813168996943
676.2399999996828,0.5886477580031829
676.2499999996828,0.4297406677765023
676.2599999996827,0.5812451952017342
676.2699999996827,0.4441916578820787
676.2799999996827,0.572699695290706
676.2899999996825,0.45921629443791767
676.2999999996825,0.5630382545543028
676.3099999996825,0.47443770998728396
676.3199999996825,0.5523017027379062
676.3299999996824,0.4895302092189251
676.3399999996824,0.5405493510018781
676.3499999996824,0.5042230402856025
676.3599999996823,0.5278641414624572
676.3699999996822,0.5182993518667615
676.3799999996822,0.5143580775871117
676.3899999996822,0.5315918906052357
676.3999999996821,0.5001775640002035
676.4099999996821,0.5439768265432811
676.4199999996821,0.48550810236248987
676.429999999682,0.5553668019079558
676.439999999682,0.4705775948990917
676.449999999682,0.5657039795929492
676.4599999996819,0.45565733675177456
676.4699999996818,0.5749535828083672
676.4799999996818,0.4410596888509986
676.4899999996818,0.5830981919622863
676.4999999996817,0.4271314878168676
676.5099999996817,0.5901329038509171
676.5199999996817,0.4142425393849861
676.5299999996816,0.5960613536450653
676.5399999996815,0.40276910116628983
676.5499999996815,0.60089253975646
676.5599999996815,0.3930730681745221
676.5699999996814,0.6046383629927143
676.5799999996814,0.3854785156014202
676.5899999996814,0.6073117838118386
676.5999999996814,0.38024811772785555
676.6099999996812,0.6089255068870382
676.6199999996812,0.3775624857366228
676.6299999996812,0.6094911146751778
676.6399999996811,0.37750542035268575
676.6499999996811,0.6090185877149502
676.6599999996811,0.3800573648258335
676.6699999996811,0.6075161663303529
676.679999999681,0.3850980794041152
676.6899999996809,0.6049905250968673
676.6999999996809,0.3924180408191561
676.7099999996808,0.6014472468375837
676.7199999996808,0.4017366901010876
676.7299999996808,0.5968915966419891
676.7399999996808,0.41272474739290965
676.7499999996807,0.5913296077155724
676.7599999996806,0.42502755224298855
676.7699999996806,0.5847694991885942
676.7799999996805,0.4382867344385401
676.7899999996805,0.5772234502072259
676.7999999996805,0.4521582785865424
676.8099999996805,0.5687097530638173
676.8199999996804,0.4663259573836878
676.8299999996804,0.5592553588873995
676.8399999996803,0.4805099486471088
676.8499999996802,0.5488988096945903
676.8599999996802,0.494471078656764
676.8699999996802,0.5376935177386206
676.8799999996802,0.50801150308272
676.8899999996801,0.5257113037463859
676.8999999996801,0.5209727724669135
676.90999999968,0.5130460387286838
676.9199999996799,0.533232193670362
676.9299999996799,0.4998171491711382
676.9399999996799,0.5446982626405014
676.9499999996799,0.4861726472465156
676.9599999996798,0.5553057664872804
676.9699999996798,0.4722912469003145
676.9799999996798,0.5650109753805417
676.9899999996796,0.4583830406700483
676.9999999996796,0.5737871910557807
677.0099999996796,0.4446881675291535
677.0199999996796,0.5816207973122591
677.0299999996795,0.4314729312545702
677.0399999996795,0.5885078709059552
677.0499999996795,0.41902296364144126
677.0599999996793,0.5944513526981507
677.0699999996793,0.4076332895470502
677.0799999996793,0.5994587442558453
677.0899999996793,0.3975955388565838
677.0999999996792,0.6035402769845449
677.1099999996792,0.38918302632407953
677.1199999996792,0.6067074947776973
677.1299999996791,0.38263490407344203
677.139999999679,0.6089721924575123
677.149999999679,0.37814097299078236
677.159999999679,0.6103456579646366
677.1699999996789,0.3758289025877511
677.1799999996789,0.6108381743590104
677.1899999996789,0.37575547108205065
677.1999999996788,0.6104587466857793
677.2099999996788,0.3779029850218416
677.2199999996787,0.6092150278006605
677.2299999996787,0.3821813435318467
677.2399999996786,0.6071134259134863
677.2499999996786,0.3884354207182169
677.2599999996786,0.6041593845252895
677.2699999996785,0.3964567255143637
677.2799999996785,0.6003578324130393
677.2899999996785,0.4059978099887853
677.2999999996784,0.595713807257469
677.3099999996783,0.4167877150336998
677.3199999996783,0.5902332610210115
677.3299999996783,0.42854686030613215
677.3399999996782,0.5839240581634167
677.3499999996782,0.4410001294649948
677.3599999996782,0.5767971783520484
677.3699999996782,0.45388735918242407
677.379999999678,0.5688681333607049
677.389999999678,0.4669709048044276
677.399999999678,0.5601586019032927
677.4099999996779,0.4800403437826999
677.4199999996779,0.5506982755263472
677.4299999996779,0.492914651443319
677.4399999996779,0.540526892421708
677.4499999996777,0.5054423338889803
677.4599999996777,0.5296964125677104
677.4699999996777,0.5175000497285221
677.4799999996776,0.5182732569913981
677.4899999996776,0.5289902241020115
677.4999999996776,0.5063404959490311
677.5099999996776,0.5398380862535791
677.5199999996775,0.49399982693017974
677.5299999996774,0.5499884706155062
677.5399999996774,0.48137313723106645
677.5499999996773,0.5594026297002356
677.5599999996773,0.46860340333838607
677.5699999996773,0.5680552252740162
677.5799999996773,0.45585464899070915
677.5899999996772,0.5759315975108736
677.5999999996772,0.44331067723773565
677.6099999996771,0.5830253614045723
677.619999999677,0.4311723210445552
677.629999999677,0.5893363437099749
677.639999999677,0.4196530333861066
677.649999999677,0.5948688502416848
677.6599999996769,0.4089727676987634
677.6699999996769,0.5996302391587217
677.6799999996769,0.399350280052865
677.6899999996767,0.6036297690666667
677.6999999996767,0.39099419967017324
677.7099999996767,0.6068776883515283
677.7199999996767,0.38409343585669875
677.7299999996766,0.6093845333001594
677.7399999996766,0.37880767527405146
677.7499999996766,0.611160605300743
677.7599999996764,0.37525883120282405
677.7699999996764,0.6122156014133616
677.7799999996764,0.37352429881254834
677.7899999996764,0.6125583768426359
677.7999999996763,0.37363273204986486
677.8099999996763,0.6121968222492863
677.8199999996763,0.37556279991311703
677.8299999996761,0.6111378430191674
677.8399999996761,0.3792450427925452
677.8499999996761,0.6093874314712735
677.8599999996761,0.3845665932332145
677.869999999676,0.6069508264921885
677.879999999676,0.3913782143865763
677.889999999676,0.6038327581157816
677.8999999996759,0.3995028958977862
677.9099999996758,0.6000377772157717
677.9199999996758,0.408745158781736
677.9299999996758,0.5955706724527946
677.9399999996757,0.418900257262119
677.9499999996757,0.5904369781635763
677.9599999996757,0.42976260064014143
677.9699999996756,0.5846435776049739
677.9799999996756,0.4411329132819211
677.9899999996755,0.5781994057311327
677.9999999996755,0.4528238634205021
678.0099999996754,0.5711162545233608
678.0199999996754,0.4646640864466861
678.0299999996754,0.5634096812558441
678.0399999996753,0.476500684377585
678.0499999996753,0.5551000156467966
678.0599999996753,0.48820038879624816
678.0699999996752,0.5462134557935946
678.0799999996751,0.49964963237050825
678.0899999996751,0.536783234137891
678.0999999996751,0.5107537909520694
678.109999999675,0.5268508237467241
678.119999999675,0.5214358459582886
678.129999999675,0.5164671420606638
678.139999999675,0.5316346856130185
678.1499999996748,0.5056936935173135
678.1599999996748,0.5413032241843784
678.1699999996748,0.4946035761039802
678.1799999996747,0.550406476814807
678.1899999996747,0.4832822599487799
678.1999999996747,0.5589196890270447
678.2099999996747,0.4718280314712071
678.2199999996745,0.5668265869399317
678.2299999996745,0.46035198687147394
678.2399999996745,0.5741177875775515
678.2499999996744,0.44897745678603407
678.2599999996744,0.5807893883002232
678.2699999996744,0.4378387538845049
678.2799999996744,0.5868417396760931
678.2899999996743,0.4270791597132066
678.2999999996742,0.5922783963095282
678.3099999996742,0.4168481087442819
678.3199999996741,0.5971052337835365
678.3299999996741,0.40729758619644435
678.3399999996741,0.6013297165820438
678.3499999996741,0.3985778290310513
678.359999999674,0.6049603005040103
678.369999999674,0.39083250008425974
678.3799999996739,0.6080059530087035
678.3899999996738,0.38419358457933617
678.3999999996738,0.6104757759550821
678.4099999996738,0.3787763231241815
678.4199999996738,0.6123787165729798
678.4299999996737,0.37467453493101405
678.4399999996737,0.6137233542480449
678.4499999996737,0.37195668745494676
678.4599999996735,0.6145177524864168
678.4699999996735,0.3706630300464714
678.4799999996735,0.6147693672463369
678.4899999996735,0.370804029897951
678.4999999996734,0.6144850044747389
678.5099999996734,0.37236023768779153
678.5199999996734,0.6136708212866377
678.5299999996732,0.3752835825806941
678.5399999996732,0.6123323666088091
678.5499999996732,0.3794999696583349
678.5599999996732,0.6104746583633621
678.5699999996731,0.3849129451653923
678.5799999996731,0.6081022953598958
678.5899999996731,0.3914081198083059
678.599999999673,0.605219602961958
678.6099999996729,0.39885800521558823
678.6199999996729,0.6018308123639892
678.6299999996729,0.40712692358372604
678.6399999996728,0.5979402738680816
678.6499999996728,0.4160756894513601
678.6599999996728,0.5935527049491488
678.6699999996727,0.4255658253615782
678.6799999996726,0.5886734740517138
678.6899999996726,0.43546314754704474
678.6999999996726,0.5833089209672397
678.7099999996725,0.44564063337728216
678.7199999996725,0.5774667143204991
678.7299999996725,0.4559805497346245
678.7399999996724,0.5711562459709786
678.7499999996724,0.4663758757928888
678.7599999996723,0.564389061071722
678.7699999996723,0.47673109222561283
678.7799999996722,0.5571793210494744
678.7899999996722,0.48696243204533063
678.7999999996722,0.5495442947915928
678.8099999996721,0.49699769815087763
678.8199999996721,0.541504870757706
678.829999999672,0.5067757519597471
678.839999999672,0.5330860799129882
678.8499999996719,0.5162457695118606
678.8599999996719,0.5243176156864626
678.8699999996719,0.5253663490594552
678.8799999996718,0.5152343333057737
678.8899999996718,0.5341045397943021
678.8999999996718,0.5058767066686168
678.9099999996718,0.5424348466827462
678.9199999996716,0.4962912167854566
678.9299999996716,0.5503382527620583
678.9399999996716,0.4865306417381449
678.9499999996715,0.5578012882221335
678.9599999996715,0.47665421511235095
678.9699999996715,0.5648151655005145
678.9799999996715,0.4667276178494313
678.9899999996713,0.5713749916883697
678.9999999996713,0.4568227686256009
679.0099999996713,0.5774790631907495
679.0199999996712,0.44701738021533244
679.0299999996712,0.5831282432450116
679.0399999996712,0.43739425509645863
679.0499999996712,0.588325419472797
679.059999999671,0.4280403024271351
679.069999999671,0.5930750367828558
679.079999999671,0.419045271347147
679.0899999996709,0.5973826996053043
679.0999999996709,0.41050021163469125
679.1099999996709,0.6012548368216989
679.1199999996709,0.4024956912137052
679.1299999996708,0.6046984226764183
679.1399999996707,0.39511982031478493
679.1499999996707,0.6077207471599012
679.1599999996706,0.3884561514395554
679.1699999996706,0.6103292296676365
679.1799999996706,0.3825815418827934
679.1899999996706,0.6125312702911567
679.1999999996705,0.37756407779615614
679.2099999996705,0.6143341337209522
679.2199999996704,0.3734611651075723
679.2299999996703,0.6157448612427411
679.2399999996703,0.370317890381758
679.2499999996703,0.6167702069771067
679.2599999996703,0.3681657440101954
679.2699999996702,0.6174165949947754
679.2799999996702,0.36702177915247636
679.2899999996702,0.6176900945169818
679.29999999967,0.36688825402068714
679.30999999967,0.6175964108315345
679.31999999967,0.36775277484556274
679.32999999967,0.6171408899924269
679.3399999996699,0.3695889253140724
679.3499999996699,0.6163285357359903
679.3599999996699,0.3723573383583262
679.3699999996697,0.6151640373771603
679.3799999996697,0.3760071409945181
679.3899999996697,0.6136518077011632
679.3999999996697,0.3804776845177206
679.4099999996696,0.6117960301519119
679.4199999996696,0.38570046213164716
679.4299999996696,0.6096007147452168
679.4399999996695,0.39160111403103015
679.4499999996694,0.6070697623550428
679.4599999996694,0.39810142564389706
679.4699999996694,0.6042070371135141
679.4799999996693,0.4051212361885334
679.4899999996693,0.6010164467302695
679.4999999996693,0.41258019073987545
679.5099999996692,0.5975020306457117
679.5199999996692,0.420399286793286
679.5299999996691,0.5936680558671688
679.5399999996691,0.42850218453712824
679.549999999669,0.5895191203723639
679.559999999669,0.43681626721281763
679.569999999669,0.5850602638817183
679.5799999996689,0.4452734522875192
679.5899999996689,0.5802970856506413
679.5999999996689,0.4538107661388264
679.6099999996688,0.5752358688798522
679.6199999996687,0.462370703202122
679.6299999996687,0.5698837110310931
679.6399999996687,0.47090139626475824
679.6499999996686,0.5642486591722237
679.6599999996686,0.47935662714072436
679.6699999996686,0.5583398491469306
679.6799999996686,0.48769570748723773
679.6899999996684,0.5521676470624264
679.6999999996684,0.49588325873280764
679.7099999996684,0.5457437911517998
679.7199999996683,0.5038889172741222
679.7299999996683,0.539081531648266
679.7399999996683,0.5116869884265011
679.7499999996683,0.5321957660373573
679.7599999996681,0.5192560691214014
679.7699999996681,0.5251031662217548
679.7799999996681,0.5265786557503395
679.789999999668,0.5178222940837861
679.799999999668,0.5336407505352713
679.809999999668,0.5103737011805735
679.819999999668,0.5404314763978443
679.8299999996678,0.502780008101833
679.8399999996678,0.5469427081236851
679.8499999996678,0.4950659585891311
679.8599999996677,0.5531687248380114
679.8699999996677,0.4872584433632731
679.8799999996677,0.5591058872981004
679.8899999996677,0.47938648870423495
679.8999999996676,0.5647523418484065
679.9099999996675,0.47148120465992815
679.9199999996675,0.5701077516672344
679.9299999996674,0.4635756885487947
679.9399999996674,0.5751730551651798
679.9499999996674,0.4557048797344693
679.9599999996674,0.5799502505369868
679.9699999996673,0.4479053628066779
679.9799999996673,0.5844422052548248
679.9899999996672,0.44021511737591235
679.9999999996671,0.5886524888057478
680.0099999996671,0.4326732143910105
680.0199999996671,0.5925852268833425
680.0299999996671,0.4253194603864516
680.039999999667,0.5962449751731694
680.049999999667,0.4181939934343453
680.059999999667,0.5996366109232735
680.0699999996668,0.4113368362090465
680.0799999996668,0.6027652403788619
680.0899999996668,0.40478741414302327
680.0999999996668,0.6056361204720602
680.1099999996667,0.39858404843155093
680.1199999996667,0.6082545930649511
680.1299999996667,0.3927634356063014
680.1399999996665,0.6106260303389821
680.1499999996665,0.3873601267508051
680.1599999996665,0.6127557899110067
680.1699999996665,0.38240602067828466
680.1799999996664,0.6146491784840411
680.1899999996664,0.3779298855463178
680.1999999996664,0.6163114229133758
680.2099999996663,0.3739569233954031
680.2199999996662,0.617747647731236
680.2299999996662,0.3705083910937925
680.2399999996662,0.6189628582201592
680.2499999996661,0.3676012896053705
680.2599999996661,0.6199619283142852
680.2699999996661,0.3652481313489396
680.279999999666,0.6207495926164199
680.289999999666,0.3634567927691787
680.2999999996659,0.621330441972856
680.3099999996659,0.36223045605727333
680.3199999996658,0.6217089220722476
680.3299999996658,0.36156764093890986
680.3399999996658,0.6218893346425701
680.3499999996657,0.36146232404108425
680.3599999996657,0.621875840844521
680.3699999996657,0.361904140431825
680.3799999996656,0.6216724665423868
680.3899999996655,0.36287865917100065
680.3999999996655,0.6212831091586954
680.4099999996655,0.36436772253450245
680.4199999996654,0.6207115458630261
680.4299999996654,0.36634983693818185
680.4399999996654,0.6199614428926613
680.4499999996654,0.3688006025878652
680.4599999996652,0.6190363658071171
680.4699999996652,0.37169316853911616
680.4799999996652,0.617939790519293
680.4899999996651,0.3749987000039445
680.4999999996651,0.6166751149823673
680.5099999996651,0.3786868456739702
680.5199999996651,0.6152456713839498
680.5299999996649,0.38272619373667016
680.5399999996649,0.6136547387437936
680.5499999996649,0.38708470707531384
680.5599999996648,0.611905555853712
680.5699999996648,0.39173012964707304
680.5799999996648,0.6100013344157419
680.5899999996648,0.3966303578564012
680.5999999996646,0.607945272345325
680.6099999996646,0.4017537726355356
680.6199999996646,0.6057405671351178
680.6299999996645,0.4070695295646218
680.6399999996645,0.6033904292195941
680.6499999996645,0.4125478059197793
680.6599999996645,0.6008980952736408
680.6699999996644,0.41816000495536243
680.6799999996643,0.5982668413522464
680.6899999996643,0.42387891874916284
680.6999999996642,0.5954999958363789
680.7099999996642,0.42967885196889183
680.7199999996642,0.5926009520814196
680.7299999996642,0.4355357094457901
680.7399999996641,0.5895731806978154
680.749999999664,0.4414270510778044
680.759999999664,0.5864202414241336
680.7699999996639,0.4473321176305446
680.7799999996639,0.5831457944818041
680.7899999996639,0.4532318313021262
680.7999999996639,0.5797536113178595
680.8099999996638,0.4591087747781005
680.8199999996638,0.5762475846952806
680.8299999996638,0.46494715241264517
680.8399999996636,0.5726317380186107
680.8499999996636,0.47073273693930007
680.8599999996636,0.5689102338225452
680.8699999996636,0.4764528047767067
680.8799999996635,0.5650873812976848
680.8899999996635,0.4820960629360982
680.8999999996635,0.5611676428429683
680.9099999996633,0.48765256974234084
680.9199999996633,0.5571556394623235
680.9299999996633,0.4931136518799983
680.9399999996633,0.5530561549857985
680.9499999996632,0.4984718193533951
680.9599999996632,0.5488741390201133
680.9699999996632,0.5037206800689162
680.979999999663,0.54461470851703
680.989999999663,0.5088548553326339
680.999999999663,0.5402831479004152
681.009999999663,0.5138698971736949
681.0199999996629,0.5358849077247383
681.0299999996629,0.5187622084852287
681.0399999996629,0.5314256017331762
681.0499999996628,0.5235289664404086
681.0599999996628,0.5269110023348227
681.0699999996627,0.5281680497170549
681.0799999996627,0.5223470343715318
681.0899999996626,0.5326779697839459
681.0999999996626,0.517739767249412
681.1099999996626,0.5370578064592342
681.1199999996625,0.5130954054072498
681.1299999996625,0.5413071478188239
681.1399999996625,0.5084202770088024
681.1499999996624,0.5454260343708682
681.1599999996623,0.5037208210433166
681.1699999996623,0.5494149075588145
681.1799999996623,0.4990035727945575
681.1899999996622,0.5532745623961963
681.1999999996622,0.49427514770326975
681.2099999996622,0.5570061040017382
681.2199999996622,0.48954222376668705
681.229999999662,0.5606109080402868
681.239999999662,0.48481152255005
681.249999999662,0.5640905846690567
681.2599999996619,0.48008978891857323
681.2699999996619,0.5674469459226815
681.2799999996619,0.47538376961240647
681.2899999996619,0.5706819762171197
681.2999999996617,0.4707001908382936
681.3099999996617,0.5737978057711685
681.3199999996617,0.46604573509058067
681.3299999996616,0.576796686825452
681.3399999996616,0.46142701725298546
681.3499999996616,0.5796809722755955
681.3599999996616,0.4568505603676366
681.3699999996614,0.5824530966406467
681.3799999996614,0.4523227710834767
681.3899999996614,0.5851155591601928
681.3999999996613,0.4478499151862195
681.4099999996613,0.5876709087672387
681.4199999996613,0.4434380932471515
681.4299999996613,0.590121730830069
681.4399999996612,0.4390932168469326
681.4499999996611,0.5924706354933941
681.4599999996611,0.4348209853117858
681.469999999661,0.5947202473915207
681.479999999661,0.43062686342569634
681.489999999661,0.5968731967323597
681.499999999661,0.42651606023683303
681.5099999996609,0.5989321114669646
681.5199999996609,0.42249350910596717
681.5299999996608,0.6008996105502974
681.5399999996607,0.41856384930325446
681.5499999996607,0.6027782981121885
681.5599999996607,0.41473140920057666
681.5699999996607,0.6045707584645109
681.5799999996606,0.41100019129672405
681.5899999996606,0.6062795518456441
681.5999999996606,0.407373859187298
681.6099999996604,0.6079072108349567
681.6199999996604,0.40385572655062013
681.6299999996604,0.6094562373305545
681.6399999996604,0.40044874823800536
681.6499999996603,0.6109291000558353
681.6599999996603,0.3971555136207981
681.6699999996603,0.6123282325253719
681.6799999996601,0.39397824203515464
681.6899999996601,0.6136560313791458
681.6999999996601,0.39091878056092066
681.7099999996601,0.6149148550938212
681.71999999966,0.38797860386616784
681.72999999966,0.616107022983778
681.73999999966,0.3851588163361415
681.7499999996598,0.6172348144683745
681.7599999996598,0.38246015616025736
681.7699999996598,0.6183004685554662
681.7799999996598,0.3798830014930257
681.7899999996597,0.6193061835386185
681.7999999996597,0.3774273784686561
681.8099999996597,0.6202541168300665
681.8199999996596,0.3750929709648548
681.8299999996595,0.6211463849692314
681.8399999996595,0.37287913203577516
681.8499999996595,0.6219850637205055
681.8599999996594,0.370784896732478
681.8699999996594,0.6227721882768682
681.8799999996594,0.36880899632963443
681.8899999996593,0.623509753544711
681.8999999996593,0.3669498735994229
681.9099999996592,0.6241997144919319
681.9199999996591,0.36520569914540646
681.9299999996591,0.6248439865492765
681.9399999996591,0.363574388474399
681.9499999996591,0.6254444460338413
681.959999999659,0.36205361972705397
681.969999999659,0.6260029306187739
681.979999999659,0.36064085186895645
681.9899999996588,0.6265212398160888
681.9999999996588,0.35933334317626575
682.0099999996588,0.6270011354577913
682.0199999996588,0.35812816988050195
682.0299999996587,0.627444342198539
682.0399999996587,0.3570222448082318
682.0499999996587,0.6278525480013672
682.0599999996585,0.35601233588605624
682.0699999996585,0.628227404622706
682.0799999996585,0.35509508437950044
682.0899999996585,0.6285705280867573
682.0999999996584,0.35426702277928607
682.1099999996584,0.6288834991435812
682.1199999996584,0.3535245921788136
682.1299999996583,0.6291678637032774
682.1399999996582,0.3528641591241582
682.1499999996582,0.6294251332618725
682.1599999996582,0.352282031787871
682.1699999996581,0.6296567852966313
682.1799999996581,0.3517744754636492
682.1899999996581,0.6298642636401975
682.199999999658,0.35133772728450274
682.209999999658,0.6300489788322888
682.219999999658,0.350968010144416
682.2299999996579,0.6302123084452852
682.2399999996578,0.35066154579341247
682.2499999996578,0.6303555973843934
682.2599999996578,0.3504145670749836
682.2699999996577,0.6304801581640347
682.2799999996577,0.35022332930628847
682.2899999996577,0.6305872711570641
682.2999999996576,0.35008412079063184
682.3099999996575,0.6306781848215239
682.3199999996575,0.34999327247341927
682.3299999996575,0.6307541159016303
682.3399999996574,0.3499471667526137
682.3499999996574,0.6308162496055545
682.3599999996574,0.3499422454638399
682.3699999996574,0.6308657397607796
682.3799999996572,0.34997501706320494
682.3899999996572,0.6309037089468515
682.3999999996572,0.35004206303643576
682.4099999996571,0.6309312486072847
682.4199999996571,0.35014004357331446
682.4299999996571,0.630949419140932
682.4399999996571,0.35026570252966266
682.4499999996569,0.6309592499757689
682.4599999996569,0.3504158717375835
682.4699999996569,0.6309617396228601
682.4799999996568,0.3505874746749429
682.4899999996568,0.6309578557140046
682.4999999996568,0.3507775295700789
682.5099999996568,0.6309485350242034
682.5199999996566,0.3509831519457989
682.5299999996566,0.6309346834781154
682.5399999996566,0.3512015566809059
682.5499999996565,0.6309171761453002
682.5599999996565,0.35143005961020485
682.5699999996565,0.6308968572211042
682.5799999996565,0.35166607870423666
682.5899999996564,0.6308745399939278
682.5999999996563,0.35190713488244174
682.6099999996563,0.6308510068103612
682.6199999996562,0.35215085249910805
682.6299999996562,0.6308270090187108
682.6399999996562,0.3523949595126009
682.6499999996562,0.630803266917866
682.6599999996561,0.3526372874285319
682.669999999656,0.6307804696859258
682.679999999656,0.3528757709924018
682.6899999996559,0.6307592753154196
682.6999999996559,0.3531084477145413
682.7099999996559,0.6307403105307217
682.7199999996559,0.3533334572356895
682.7299999996558,0.6307241707089586
682.7399999996558,0.3535490405544493
682.7499999996558,0.6307114197946236
682.7599999996556,0.3537535391936518
682.7699999996556,0.6307025902161502
682.7799999996556,0.3539453942519714
682.7899999996556,0.630698182788337
682.7999999996555,0.3541231454605919
682.8099999996555,0.6306986666275844
682.8199999996555,0.3542854301804242
682.8299999996553,0.6307044790593208
682.8399999996553,0.35443098243739185
682.8499999996553,0.6307160255235471
682.8599999996553,0.35455863195040727
682.8699999996552,0.630733679485496
682.8799999996552,0.35466730321270196
682.8899999996552,0.6307577823452887
682.899999999655,0.3547560146544757
682.909999999655,0.6307886433542071
682.919999999655,0.35482387784050573
682.929999999655,0.6308265395236389
682.9399999996549,0.35487009678547116
682.9499999996549,0.6308717155413471
682.9599999996549,0.3548939673581777
682.9699999996548,0.6309243836984397
682.9799999996548,0.35489487680444
682.9899999996547,0.6309847238043887
682.9999999996547,0.35487230339329356
683.0099999996546,0.631052883123352
683.0199999996546,0.35482581618756825
683.0299999996546,0.6311289762990493
683.0399999996545,0.3547550749657445
683.0499999996545,0.6312130852934769
683.0599999996545,0.3546598302842711
683.0699999996544,0.6313052593310319
683.0799999996543,0.354539923685388
683.0899999996543,0.6314055148366469
683.0999999996543,0.35439528807413934
683.1099999996542,0.6315138353936461
683.1199999996542,0.3542259482283579
683.1299999996542,0.6316301716965326
683.1399999996542,0.3540320215216522
683.149999999654,0.6317544415153493
683.159999999654,0.35381371873260653
683.169999999654,0.6318865296551349
683.1799999996539,0.3535713450804077
683.1899999996539,0.6320262879370567
683.1999999996539,0.3533053013773199
683.2099999996539,0.6321735351657534
683.2199999996537,0.3530160853457195
683.2299999996537,0.6323280571187007
683.2399999996537,0.3527042931135626
683.2499999996536,0.6324896065279249
683.2599999996536,0.3523706207905873
683.2699999996536,0.6326579030756386
683.2799999996536,0.35201586625846204
683.2899999996534,0.632832633384519
683.2999999996534,0.35164093101402366
683.3099999996534,0.6330134510234781
683.3199999996533,0.35124682218447223
683.3299999996533,0.6331999765063251
683.3399999996533,0.35083465461889646
683.3499999996533,0.6333917973007583
683.3599999996532,0.35040565305259264
683.3699999996531,0.6335884678381806
683.3799999996531,0.3499611543988238
683.389999999653,0.6337895095212732
683.399999999653,0.3495026100141216
683.409999999653,0.6339944107423455
683.419999999653,0.3490315880673686
683.4299999996529,0.6342026268950623
683.4399999996529,0.34854977588201197
683.4499999996528,0.6344135803829574
683.4599999996527,0.34805898223653653
683.4699999996527,0.6346266606391385
683.4799999996527,0.3475611396695804
683.4899999996527,0.6348412241342007
683.4999999996526,0.3470583066650991
683.5099999996526,0.6350565943816802
683.5199999996526,0.3465526697457333
683.5299999996524,0.6352720619449345
683.5399999996524,0.34604654538223484
683.5499999996524,0.6354868844337004
683.5599999996524,0.3455423817662181
683.5699999996523,0.6357002864975223
683.5799999996523,0.345042760276193
683.5899999996523,0.6359114598066408
683.5999999996521,0.34455039672713494
683.6099999996521,0.636119563030077
683.6199999996521,0.3440681422428732
683.6299999996521,0.6363237217968645
683.639999999652,0.3435989837635106
683.649999999652,0.6365230286498896
683.659999999652,0.3431460441030558
683.6699999996518,0.6367165429799152
683.6799999996518,0.34271258152197415
683.6899999996518,0.6369032909494033
683.6999999996518,0.34230198872711204
683.7099999996517,0.6370822653942424
683.7199999996517,0.341917791250822
683.7299999996517,0.6372524257077352
683.7399999996516,0.3415636451656886
683.7499999996515,0.6374126977040342
683.7599999996515,0.34124333401868906
683.7699999996515,0.6375619734545315
683.7799999996514,0.34096076497570066
683.7899999996514,0.6376991111013449
683.7999999996514,0.34071996407193433
683.8099999996513,0.6378229346415922
683.8199999996513,0.34052507051923125
683.8299999996512,0.6379322336821774
683.8399999996512,0.3403803300097911
683.8499999996511,0.6380257631612324
683.8599999996511,0.3402900869472813
683.8699999996511,0.6381022430358503
683.879999999651,0.3402587755572933
683.889999999651,0.6381603579325211
683.899999999651,0.3402909098245734
683.909999999651,0.6381987567587482
683.9199999996508,0.3403910722109657
683.9299999996508,0.6382160522731002
683.9399999996508,0.3405639011200487
683.9499999996507,0.6382108206123677
683.9599999996507,0.3408140770774092
683.9699999996507,0.63818160077115
683.9799999996507,0.3411463076170548
683.9899999996505,0.638126894037343
683.9999999996505,0.3415653108680067
684.0099999996505,0.6380451633755087
684.0199999996504,0.34207579783959524
684.0299999996504,0.637934832758504
684.0399999996504,0.3426824534476415
684.0499999996504,0.6377942864495098
684.0599999996502,0.34338991630480387
684.0699999996502,0.6376218682233911
684.0799999996502,0.34420275736598893
684.0899999996501,0.6374158805421392
684.0999999996501,0.3451254574521161
684.1099999996501,0.6371745836652194
684.1199999996501,0.3461623838081683
684.12999999965,0.6368961947041915
684.13999999965,0.34731776576793116
684.1499999996499,0.6365788866284262
684.1599999996498,0.34859566971295725
684.1699999996498,0.6362207872049918
684.1799999996498,0.3499999734218891
684.1899999996498,0.6358199778837839
684.1999999996497,0.35153434004806217
684.2099999996497,0.6353744926354248
684.2199999996496,0.35320219188906643
684.2299999996495,0.6348823167309414
684.2399999996495,0.3550066841838845
684.2499999996495,0.6343413854716761
684.2599999996495,0.35695067917140133
684.2699999996494,0.633749582882816
684.2799999996494,0.35903672062430486
684.2899999996494,0.6331047403564029
684.2999999996492,0.36126700918854004
684.3099999996492,0.6324046352663281
684.3199999996492,0.3636433786940911
684.3299999996492,0.6316469895567689
684.3399999996491,0.3661672738415798
684.3499999996491,0.630829468320006
684.3599999996491,0.3688397293707112
684.3699999996489,0.6299496783546629
684.3799999996489,0.3716613511408113
684.3899999996489,0.6290051667456762
684.3999999996489,0.3746322992910806
684.4099999996488,0.6279934194611712
684.4199999996488,0.37775227375126963
684.4299999996488,0.6269118599945551
684.4399999996486,0.3810205022798982
684.4499999996486,0.6257578480549284
684.4599999996486,0.38443573135254794
684.4699999996486,0.6245286783704872
684.4799999996485,0.38799621995073946
684.4899999996485,0.6232215795868914
684.4999999996485,0.3916997365109588
684.5099999996484,0.6218337133080025
684.5199999996483,0.3955435590196346
684.5299999996483,0.6203621733412747
684.5399999996483,0.39952447845425004
684.5499999996482,0.618803985162016
684.5599999996482,0.4036388055530756
684.5699999996482,0.6171561056327693
684.5799999996481,0.40788238077500094
684.5899999996481,0.6154154230942613
684.599999999648,0.41225058773721485
684.609999999648,0.6135787578106976
684.6199999996479,0.41673836958094823
684.6299999996479,0.6116428629075649
684.6399999996479,0.42134024855183166
684.6499999996478,0.6096044258268326
684.6599999996478,0.42605034828571514
684.6699999996478,0.6074600704489183
684.6799999996477,0.430862418790178
684.6899999996476,0.6052063599405022
684.6999999996476,0.43576986380645105
684.7099999996476,0.6028398004422489
684.7199999996475,0.44076577021064506
684.7299999996475,0.6003568457753825
684.7399999996475,0.4458429392964958
684.7499999996475,0.5977539032324841
684.7599999996473,0.45099391935865024
684.7699999996473,0.5950273406975652
684.7799999996473,0.4562110395598898
684.7899999996472,0.5921734952246112
684.7999999996472,0.4614864444330813
684.8099999996472,0.5891886832891473
684.8199999996472,0.46681212889212925
684.829999999647,0.5860692129237473
684.839999999647,0.47217997316523397
684.849999999647,0.5828113980175558
684.8599999996469,0.4775817775941592
684.8699999996469,0.5794115750182256
684.8799999996469,0.48300929669538717
684.8899999996469,0.5758661223341931
684.8999999996468,0.4884542723267246
684.9099999996467,0.5721714827931158
684.9199999996467,0.49390846562489366
684.9299999996466,0.5683241894590291
684.9399999996466,0.49936368748643334
684.9499999996466,0.5643208952571809
684.9599999996466,0.5048118272613005
684.9699999996465,0.5601584067225276
684.9799999996465,0.5102448795843528
684.9899999996464,0.555833722415696
684.9999999996463,0.5156549690136458
685.0099999996463,0.5513440763937477
685.0199999996463,0.5210343725216074
685.0299999996463,0.5466869872008705
685.0399999996462,0.5263755395313869
685.0499999996462,0.5418603129687197
685.0599999996462,0.5316711096343081
685.069999999646,0.5368623130174646
685.079999999646,0.5369139276860554
685.089999999646,0.53169171656103
685.099999999646,0.5420970565570087
685.1099999996459,0.5263477988796885
685.1199999996459,0.547213787263664
685.1299999996459,0.5208304655809745
685.1399999996457,0.5522576467656835
685.1499999996457,0.5151403450853111
685.1599999996457,0.5572224032893136
685.1699999996457,0.5092788899865156
685.1799999996456,0.5621020693541576
685.1899999996456,0.5032484871234462
685.1999999996456,0.5668909026184521
685.2099999996454,0.4970525766418502
685.2199999996454,0.5715834045669133
685.2299999996454,0.4906957798470287
685.2399999996454,0.576174317189702
685.2499999996453,0.4841840353633639
685.2599999996453,0.580658617869886
685.2699999996453,0.4775247428543846
685.2799999996452,0.5850315123958134
685.2899999996451,0.4707269133361527
685.2999999996451,0.5892884265046827
685.3099999996451,0.46380132444419964
685.319999999645,0.5934249958632308
685.329999999645,0.45676067845931667
685.339999999645,0.5974370547429351
685.3499999996449,0.4496197606478999
685.3599999996449,0.601320623453584
685.3699999996448,0.44239559434883197
685.3799999996448,0.605071894748787
685.3899999996447,0.435107588752711
685.3999999996447,0.6086872192063129
685.4099999996447,0.42777767460749194
685.4199999996446,0.6121630897668452
685.4299999996446,0.420430421975845
685.4399999996446,0.6154961255678679
685.4499999996445,0.41309313353843224
685.4599999996444,0.6186830550591615
685.4699999996444,0.4057959063490709
685.4799999996444,0.6217206986138961
685.4899999996443,0.3985716538874959
685.4999999996443,0.6246059506066521
685.5099999996443,0.3914560802144761
685.5199999996443,0.6273357611188294
685.5299999996441,0.38448759743570815
685.5399999996441,0.6299071172683771
685.5499999996441,0.3777071782062544
685.559999999644,0.6323170242714564
685.569999999644,0.3711581351633187
685.579999999644,0.6345624862343491
685.589999999644,0.36488582051281576
685.5999999996438,0.6366404867630219
685.6099999996438,0.35893724062177734
685.6199999996438,0.638547969411742
685.6299999996437,0.35336058265070697
685.6399999996437,0.6402818179929313
685.6499999996437,0.34820465330128814
685.6599999996437,0.641838836802994
685.6699999996436,0.3435182332707706
685.6799999996435,0.6432157307772329
685.6899999996435,0.3393493550777001
685.6999999996434,0.6444090856144389
685.7099999996434,0.3357445163307279
685.7199999996434,0.6454153479134228
685.7299999996434,0.33274784509830335
685.7399999996433,0.6462308053457868
685.7499999996433,0.3304002383813064
685.7599999996432,0.6468515669363967
685.7699999996431,0.32873849861663346
685.7799999996431,0.6472735434941697
685.7899999996431,0.32779449617350453
685.7999999996431,0.6474924282899976
685.809999999643,0.32759438769488264
685.819999999643,0.6475036780687192
685.829999999643,0.3281579204698781
685.8399999996428,0.6473024945260649
685.8499999996428,0.3294978517688674
685.8599999996428,0.6468838064028728
685.8699999996428,0.3316195089437264
685.8799999996427,0.646242252399364
685.8899999996427,0.33452051135328864
685.8999999996427,0.6453721651421017
685.9099999996425,0.3381906689046605
685.9199999996425,0.6442675565098294
685.9299999996425,0.34261206455595455
685.9399999996425,0.642922104685983
685.9499999996424,0.3477593201679382
685.9599999996424,0.641329143375022
685.9699999996424,0.353600036952243
685.9799999996422,0.6394816537407386
685.9899999996422,0.36009539400995677
685.9999999996422,0.6373722596979629
686.0099999996422,0.36720088215216506
686.0199999996421,0.634993227381871
686.0299999996421,0.37486714461959475
686.0399999996421,0.6323364696814446
686.049999999642,0.3830408932422388
686.059999999642,0.6293935570163921
686.0699999996419,0.39166586695877104
686.0799999996419,0.6261557356143764
686.0899999996418,0.4006837999919925
686.0999999996418,0.6226139549211659
686.1099999996418,0.41003536892551273
686.1199999996417,0.6187589059140202
686.1299999996417,0.419661091620537
686.1399999996416,0.6145810724791017
686.1499999996416,0.42950215523706187
686.1599999996415,0.6100707983087738
686.1699999996415,0.4395011558721431
686.1799999996415,0.60521837220099
686.1899999996414,0.44960273744091006
686.1999999996414,0.6000141349511395
686.2099999996414,0.4597541232752325
686.2199999996413,0.5944486115672519
686.2299999996412,0.46990553787005157
686.2399999996412,0.5885126729030999
686.2499999996412,0.4800105212791996
686.2599999996411,0.5821977312562666
686.2699999996411,0.4900261415398755
686.2799999996411,0.5754959749723946
686.289999999641,0.4999131133708495
686.2999999996409,0.5684006472398117
686.3099999996409,0.5096358331211456
686.3199999996409,0.560906374754008
686.3299999996408,0.5191623412228795
686.3399999996408,0.5530095516839129
686.3499999996408,0.5284642234354484
686.3599999996408,0.5447087843517093
686.3699999996406,0.537516462515597
686.3799999996406,0.5360054013320448
686.3899999996406,0.5462972510289779
686.3999999996405,0.5269040324573948
686.4099999996405,0.5547877754173186
686.4199999996405,0.5174132586039051
686.4299999996405,0.5629719801605698
686.4399999996403,0.5075463311101942
686.4499999996403,0.5708363200313028
686.4599999996403,0.49732195633666476
686.4699999996402,0.5783695068260669
686.4799999996402,0.48676513547252726
686.4899999996402,0.585562256264196
686.4999999996402,0.4759080436471552
686.5099999996401,0.59240703919731
686.51999999964,0.46479092410416545
686.52999999964,0.5988978405964104
686.5399999996399,0.4534629641124498
686.5499999996399,0.6050299287791708
686.5599999996399,0.4419831082601418
686.5699999996399,0.6107996364557373
686.5799999996398,0.4304207534311311
686.5899999996398,0.6162041547353546
686.5999999996397,0.41885625786586855
686.6099999996396,0.6212413405465195
686.6199999996396,0.40738118663509265
686.6299999996396,0.6259095374768457
686.6399999996396,0.3960982076755566
686.6499999996395,0.6302074098738857
686.6599999996395,0.3851205500209205
686.6699999996395,0.6341337895570168
686.6799999996393,0.37457093989607554
686.6899999996393,0.6376875345335502
686.6999999996393,0.3645799439577326
686.7099999996393,0.6408673988649572
686.7199999996392,0.3552836739478122
686.7299999996392,0.6436719128142939
686.7399999996392,0.3468208440034167
686.749999999639,0.6460992724423444
686.759999999639,0.339329220586339
686.769999999639,0.6481472377620328
686.779999999639,0.33294156315807777
686.7899999996389,0.6498130387439671
686.7999999996389,0.3277812149523603
686.8099999996389,0.6510932884757062
686.8199999996388,0.32395756277541915
686.8299999996387,0.6519839029981094
686.8399999996387,0.3215616314160919
686.8499999996387,0.6524800274735822
686.8599999996386,0.32066210543501505
686.8699999996386,0.6525759685921395
686.8799999996386,0.3213020699440616
686.8899999996385,0.6522651333694294
686.8999999996385,0.32349672937853496
686.9099999996384,0.6515399748169779
686.9199999996384,0.32723229935185666
686.9299999996383,0.6503919453479636
686.9399999996383,0.33246617744534057
686.9499999996383,0.6488114592274346
686.9599999996382,0.33912839477156276
686.9699999996382,0.646787865942378
686.9799999996382,0.34712424445378226
686.9899999996381,0.6443094369943253
686.999999999638,0.3563378898730978
687.009999999638,0.6413633694131153
687.019999999638,0.36663668619125117
687.0299999996379,0.6379358102316222
687.0399999996379,0.37787591051574976
687.0499999996379,0.6340119072237975
687.0599999996379,0.3899035915568053
687.0699999996377,0.6295758925781255
687.0799999996377,0.40256515534576015
687.0899999996377,0.624611207606973
687.0999999996376,0.4157076529135997
687.1099999996376,0.6191006784147031
687.1199999996376,0.42918339876171097
687.1299999996376,0.6130267544218853
687.1399999996374,0.4428529173211508
687.1499999996374,0.606371823831377
687.1599999996374,0.4565871585625944
687.1699999996373,0.5991186224732629
687.1799999996373,0.4702689987541653
687.1899999996373,0.591250755090324
687.1999999996373,0.4837940842265628
687.2099999996371,0.5827533502232403
687.2199999996371,0.49707110359914314
687.2299999996371,0.5736138722192801
687.239999999637,0.5100215889655793
687.249999999637,0.5638231149867008
687.259999999637,0.5225793499945282
687.269999999637,0.5533764022200488
687.2799999996369,0.5346896407142318
687.2899999996368,0.542275016845928
687.2999999996368,0.5463081485657747
687.3099999996367,0.5305278774866085
687.3199999996367,0.5573998819279964
687.3299999996367,0.518153470322877
687.3399999996367,0.567938018250908
687.3499999996366,0.5051820298653085
687.3599999996366,0.5779027605031658
687.3699999996365,0.4916579397242498
687.3799999996364,0.5872802369910688
687.3899999996364,0.4776422934471825
687.3999999996364,0.5960614681562498
687.4099999996364,0.4632155144577433
687.4199999996363,0.6042414150227924
687.4299999996363,0.44847988335620614
687.4399999996363,0.6118181163773885
687.4499999996361,0.4335617621984565
687.4599999996361,0.6187919164286771
687.4699999996361,0.4186132426278445
687.4799999996361,0.6251647806091813
687.489999999636,0.4038128873651653
687.499999999636,0.6309396944386341
687.509999999636,0.3893651928705413
687.5199999996358,0.6361201387619468
687.5299999996358,0.3754983930602593
687.5399999996358,0.6407096337567103
687.5499999996358,0.36246026617533916
687.5599999996357,0.6447113438169475
687.5699999996357,0.3505117172962182
687.5799999996357,0.648127735602963
687.5899999996356,0.3399180966068677
687.5999999996355,0.6509602820455718
687.6099999996355,0.3309384751797156
687.6199999996355,0.6532092057981131
687.6299999996354,0.3238134114748298
687.6399999996354,0.6548732565453558
687.6499999996354,0.31875205903873616
687.6599999996353,0.6559495175904481
687.6699999996353,0.31591972541899055
687.6799999996352,0.6564332382711544
687.6899999996352,0.31542712628418446
687.6999999996351,0.6563176900856209
687.7099999996351,0.31732253340600164
687.7199999996351,0.6555940457821915
687.729999999635,0.32158776816451695
687.739999999635,0.6542512823246017
687.749999999635,0.3281385694431172
687.7599999996349,0.6522761105206463
687.7699999996348,0.33682933606734994
687.7799999996348,0.6496529362883593
687.7899999996348,0.34746170998144815
687.7999999996347,0.6463638611928173
687.8099999996347,0.3597960294785849
687.8199999996347,0.6423887329844419
687.8299999996347,0.37356441912252897
687.8399999996345,0.6377052606802078
687.8499999996345,0.38848422654460735
687.8599999996345,0.632289213236814
687.8699999996344,0.40427065007117763
687.8799999996344,0.6261147262225738
687.8899999996344,0.42064767064592584
687.8999999996344,0.619154747218251
687.9099999996342,0.4373567381973552
687.9199999996342,0.6113816578973138
687.9299999996342,0.45416299540784927
687.9399999996341,0.602768118716406
687.9499999996341,0.4708591043181821
687.9599999996341,0.5932881907642165
687.9699999996341,0.487266942400376
687.979999999634,0.5829187974476708
687.9899999996339,0.5032375521728187
687.9999999996339,0.5716415959373021
688.0099999996338,0.5186497707985331
688.0199999996338,0.5594453317412673
688.0299999996338,0.5334079517838125
688.0399999996338,0.546328748080279
688.0499999996337,0.5474391414257387
688.0599999996336,0.5323041094743024
688.0699999996336,0.5606900046992248
688.0799999996335,0.5174013718750311
688.0899999996335,0.5731237233673988
688.0999999996335,0.5016729834027749
688.1099999996335,0.5847170225893897
688.1199999996334,0.48519922205959953
688.1299999996334,0.5954574252146799
688.1399999996333,0.46809386442984247
688.1499999996332,0.6053407878994247
688.1599999996332,0.4505098272220137
688.1699999996332,0.614369139422142
688.1799999996332,0.4326442361724367
688.1899999996331,0.622548818306577
688.1999999996331,0.4147421672053334
688.209999999633,0.629888891534975
688.2199999996329,0.397098106870311
688.2299999996329,0.6363998274275398
688.2399999996329,0.38005404424167405
688.2499999996329,0.6420923918462699
688.2599999996328,0.36399310985232863
688.2699999996328,0.6469767359123046
688.2799999996328,0.3493278974923995
688.2899999996326,0.65106164501851
688.2999999996326,0.33648310974945467
688.3099999996326,0.6543539215510227
688.3199999996326,0.32587296877262395
688.3299999996325,0.6568578772722893
688.3399999996325,0.3178748536376396
688.3499999996325,0.6585749153377868
688.3599999996324,0.31280167563018396
688.3699999996323,0.6595031860457231
688.3799999996323,0.3108763052083394
688.3899999996323,0.6596373048583927
688.3999999996322,0.31221162586857415
688.4099999996322,0.6589681257987454
688.4199999996322,0.31679931377441417
688.4299999996321,0.6574825683037986
688.439999999632,0.32450923416514327
688.449999999632,0.6551635010729284
688.459999999632,0.33509965097973005
688.4699999996319,0.6519896927594336
688.4799999996319,0.34823668580252964
688.4899999996319,0.647935846724179
688.4999999996318,0.3635200845485459
688.5099999996318,0.6429727459721198
688.5199999996318,0.38051166913141066
688.5299999996317,0.6370675451597154
688.5399999996316,0.3987629465340819
688.5499999996316,0.6301842595663953
688.5599999996316,0.417839071474801
688.5699999996315,0.6222845166432035
688.5799999996315,0.43733742255750774
688.5899999996315,0.6133286540994479
688.5999999996315,0.4569001532280712
688.6099999996313,0.6032772694448425
688.6199999996313,0.4762209860210536
688.6299999996313,0.5920933483020941
688.6399999996312,0.49504712131116785
688.6499999996312,0.5797451208110622
688.6599999996312,0.5131774199482918
688.6699999996312,0.5662098125440345
688.679999999631,0.5304580542729793
688.689999999631,0.5514784627419563
688.699999999631,0.5467766909624815
688.7099999996309,0.5355619668326839
688.7199999996309,0.5620560545829937
688.7299999996309,0.5184984482932526
688.7399999996309,0.5762474875076266
688.7499999996307,0.5003619562218646
688.7599999996307,0.5893249078641618
688.7699999996307,0.4812722968814592
688.7799999996306,0.6012793936391291
688.7899999996306,0.461405517244822
688.7999999996306,0.6121144914637217
688.8099999996306,0.44100415396926396
688.8199999996305,0.6218422600578429
688.8299999996304,0.42038585613103124
688.8399999996304,0.6304800034143475
688.8499999996303,0.39994844505934063
688.8599999996303,0.638047618663207
688.8699999996303,0.3801690178820318
688.8799999996302,0.644565471602188
688.8899999996302,0.3615945420178651
688.8999999996302,0.6500527115825365
688.9099999996301,0.34482178197649993
688.91999999963,0.6545259438750992
688.92999999963,0.33046558401819626
688.93999999963,0.6579981871272912
688.9499999996299,0.3191165852819615
688.9599999996299,0.6604780551153169
688.9699999996299,0.3112920660245833
688.9799999996299,0.6619691139927729
688.9899999996297,0.3073862829142349
688.9999999996297,0.6624693782798537
689.0099999996297,0.30762828063299125
689.0199999996296,0.6619709208650866
689.0299999996296,0.31205501007003156
689.0399999996296,0.6604595844686388
689.0499999996296,0.32050523246481943
689.0599999996294,0.6579147949937215
689.0699999996294,0.3326356362410736
689.0799999996294,0.6543094915208921
689.0899999996293,0.3479560508812779
689.0999999996293,0.6496102043518213
689.1099999996293,0.365877055064812
689.1199999996293,0.643777332611038
689.1299999996291,0.3857616713697425
689.1399999996291,0.6367656972331093
689.1499999996291,0.406973419950864
689.159999999629,0.6285254754391804
689.169999999629,0.42891519217397106
689.179999999629,0.6190036591530371
689.189999999629,0.45105623717121085
689.1999999996289,0.6081462230205721
689.2099999996288,0.4729471387107253
689.2199999996288,0.5959012363060603
689.2299999996287,0.4942244634931955
689.2399999996287,0.5822232027824881
689.2499999996287,0.514607656308896
689.2599999996287,0.5670789562461728
689.2699999996286,0.5338908967590745
689.2799999996286,0.5504554597677803
689.2899999996285,0.5519322897672522
689.2999999996284,0.5323698302282429
689.3099999996284,0.568642201109179
689.3199999996284,0.5128817957366009
689.3299999996284,0.5839719619291099
689.3399999996283,0.4921085405277942
689.3499999996283,0.5979036597755477
689.3599999996283,0.4702414366721042
689.3699999996281,0.6104413504037567
689.3799999996281,0.44756344893247885
689.3899999996281,0.6216037642352493
689.3999999996281,0.4244650121912854
689.409999999628,0.6314184229626747
689.419999999628,0.40145500311587295
689.429999999628,0.6399169996223663
689.4399999996278,0.3791623083993771
689.4499999996278,0.6471317240183317
689.4599999996278,0.3583229015562653
689.4699999996278,0.6530926359110188
689.4799999996277,0.3397479380894501
689.4899999996277,0.6578255059243859
689.4999999996277,0.3242708043311121
689.5099999996276,0.6613502703468067
689.5199999996275,0.31267553028556383
689.5299999996275,0.6636798545634001
689.5399999996275,0.30561481880076796
689.5499999996274,0.664819288575752
689.5599999996274,0.303531351222263
689.5699999996274,0.6647650455509251
689.5799999996273,0.3065985367340001
689.5899999996273,0.6635045609015534
689.5999999996272,0.31469454261383983
689.6099999996272,0.6610159159617087
689.6199999996271,0.3274162275780081
689.6299999996271,0.6572676985029752
689.6399999996271,0.34412982554088906
689.649999999627,0.6522190841022985
689.659999999627,0.3640465896594153
689.669999999627,0.6458202201882141
689.679999999627,0.38630721824987235
689.6899999996268,0.6380130411092988
689.6999999996268,0.4100597113310623
689.7099999996268,0.6287327003923702
689.7199999996267,0.4345200290899189
689.7299999996267,0.6179098779390118
689.7399999996267,0.4590110561544478
689.7499999996267,0.6054743055285051
689.7599999996265,0.4829806829028735
689.7699999996265,0.5913599505175613
689.7799999996265,0.5060031232012132
689.7899999996264,0.5755123954174417
689.7999999996264,0.5277688152307899
689.8099999996264,0.5578990266642885
689.8199999996264,0.5480679619064959
689.8299999996262,0.5385226579517355
689.8399999996262,0.5667716878665356
689.8499999996262,0.5174390904098715
689.8599999996261,0.5838135046114532
689.8699999996261,0.4947787483704297
689.8799999996261,0.5991726336577305
689.8899999996261,0.4707717884295199
689.899999999626,0.6128598789020401
689.9099999996259,0.4457748217968869
689.9199999996259,0.6249061744321444
689.9299999996258,0.4202955486925437
689.9399999996258,0.6353536097927609
689.9499999996258,0.3950093253830799
689.9599999996258,0.6442485816110259
689.9699999996257,0.37075950936961855
689.9799999996256,0.6516366769787652
689.9899999996256,0.34853244241762626
689.9999999996255,0.6575589120228161
690.0099999996255,0.32939964744281325
690.0199999996255,0.6620489974958746
690.0299999996255,0.3144255807401121
690.0399999996254,0.6651313629479783
690.0499999996254,0.30454911872671775
690.0599999996253,0.6668197312147914
690.0699999996252,0.3004584131433678
690.0799999996252,0.6671160920558864
690.0899999996252,0.3024868785325022
690.0999999996252,0.6660099766536435
690.1099999996251,0.31055758073922435
690.1199999996251,0.6634779852237198
690.129999999625,0.32419212552128807
690.1399999996249,0.659483571405497
690.1499999996249,0.3425819174646181
690.1599999996249,0.6539771435321681
690.1699999996249,0.36470225877741885
690.1799999996248,0.6468966093951604
690.1899999996248,0.3894406073503441
690.1999999996248,0.6381685734844047
690.2099999996246,0.41571198291556416
690.2199999996246,0.6277104995315993
690.2299999996246,0.44254403444545537
690.2399999996246,0.615434281402423
690.2499999996245,0.4691260563774239
690.2599999996245,0.6012518226976216
690.2699999996245,0.49482558445124936
690.2799999996244,0.5850834019811235
690.2899999996243,0.5191811449454002
690.2999999996243,0.5668697712540511
690.3099999996243,0.5418806905030108
690.3199999996242,0.5465890428100622
690.3299999996242,0.5627337611029964
690.3399999996242,0.5242793572363218
690.3499999996241,0.5816429859251208
690.359999999624,0.500067916154015
690.369999999624,0.5985782049024775
690.379999999624,0.47420595164543355
690.3899999996239,0.6135546919462348
690.3999999996239,0.4471072955407268
690.4099999996239,0.6266157897064174
690.4199999996238,0.419385195796833
690.4299999996238,0.6378196114970592
690.4399999996238,0.39187806014201326
690.4499999996237,0.6472291750744694
690.4599999996236,0.36565082917772096
690.4699999996236,0.654905264297008
690.4799999996236,0.3419567822335003
690.4899999996235,0.6609013637919976
690.4999999996235,0.32214782586423707
690.5099999996235,0.6652601133351604
690.5199999996235,0.30753235904877496
690.5299999996233,0.6680108439843995
690.5399999996233,0.29919820672863884
690.5499999996233,0.6691678695499736
690.5599999996232,0.29783784623394444
690.5699999996232,0.6687293083182793
690.5799999996232,0.30362350479645106
690.5899999996232,0.6666763019734749
690.599999999623,0.3161713693191443
690.609999999623,0.6629725863931197
690.619999999623,0.33460730301497993
690.6299999996229,0.6575644598388486
690.6399999996229,0.3577132026685017
690.6499999996229,0.6503812973314033
690.6599999996229,0.3841100899851108
690.6699999996227,0.6413368863427181
690.6799999996227,0.41243088604391553
690.6899999996227,0.6303320197309804
690.6999999996226,0.44144992550249634
690.7099999996226,0.6172589873724459
690.7199999996226,0.47015703296851763
690.7299999996226,0.6020088627888925
690.7399999996225,0.4977812387833774
690.7499999996224,0.5844827750908824
690.7599999996224,0.5237782838776905
690.7699999996223,0.564608647841701
690.7799999996223,0.5477975919070331
690.7899999996223,0.5423650729263032
690.7999999996223,0.5696414646651522
690.8099999996222,0.5178138668956634
690.8199999996222,0.5892248970122128
690.8299999996221,0.4911420863830601
690.839999999622,0.6065404620745434
690.849999999622,0.46271235895771035
690.859999999622,0.6216298967196838
690.869999999622,0.43311676473162963
690.8799999996219,0.6345623336215656
690.8899999996219,0.40322390301154354
690.8999999996219,0.6454183036357527
690.9099999996217,0.3742018784406549
690.9199999996217,0.6542783574844918
690.9299999996217,0.34749429512483265
690.9399999996217,0.6612151806832423
690.9499999996216,0.3247268458648951
690.9599999996216,0.6662882351916235
690.9699999996216,0.3075345365172842
690.9799999996214,0.6695401630647881
690.9899999996214,0.29732624151801174
690.9999999996214,0.6709943846455325
691.0099999996214,0.29503690165213386
691.0199999996213,0.6706535004776365
691.0299999996213,0.3009402065382776
691.0399999996213,0.668498261996005
691.0499999996211,0.31458686230029387
691.0599999996211,0.6644870195280209
691.0699999996211,0.33489208209801163
691.0799999996211,0.6585557009971479
691.089999999621,0.36034094822202883
691.099999999621,0.6506185376949849
691.109999999621,0.38924251955155603
691.1199999996209,0.6405699539394064
691.1299999996208,0.41996068995981195
691.1399999996208,0.6282882961611251
691.1499999996208,0.45107561226856724
691.1599999996207,0.6136424119128548
691.1699999996207,0.4814637391167264
691.1799999996207,0.5965025074686905
691.1899999996206,0.510309902322053
691.1999999996206,0.576757188607019
691.2099999996205,0.5370754647585768
691.2199999996205,0.5543390292626804
691.2299999996204,0.5614456292945071
691.2399999996204,0.5292611922104454
691.2499999996204,0.5832725698369822
691.2599999996203,0.5016671045720178
691.2699999996203,0.6025239241546617
691.2799999996203,0.4718932445400625
691.2899999996202,0.6192406666980405
691.2999999996201,0.44054075601464243
691.3099999996201,0.6335049479233282
691.3199999996201,0.40854405356144624
691.32999999962,0.6454167570462728
691.33999999962,0.37721413601489784
691.34999999962,0.6550776437641612
691.35999999962,0.3482241605090534
691.3699999996198,0.6625797167460716
691.3799999996198,0.32350236154891987
691.3899999996198,0.6679983888500158
691.3999999996197,0.30501288288324974
691.4099999996197,0.6713876716592209
691.4199999996197,0.29444428827301017
691.4299999996197,0.6727771461782523
691.4399999996195,0.2928782360793758
691.4499999996195,0.6721700206816761
691.4599999996195,0.3005467470891924
691.4699999996194,0.6695419316514616
691.4799999996194,0.316772357997485
691.4899999996194,0.6648403653488634
691.4999999996194,0.34011690513175613
691.5099999996193,0.6579848003465484
691.5199999996192,0.3686797362962393
691.5299999996192,0.6488679250419599
691.5399999996191,0.4004369338592235
691.5499999996191,0.637358602648914
691.5599999996191,0.4335222758421194
691.5699999996191,0.6233076743582958
691.579999999619,0.4663987352466466
691.589999999619,0.6065582380777946
691.599999999619,0.49792013977088073
691.6099999996188,0.5869627150111884
691.6199999996188,0.5273127532707194
691.6299999996188,0.5644097469607912
691.6399999996188,0.5541134273995727
691.6499999996187,0.5388645213761103
691.6599999996187,0.578093749122168
691.6699999996187,0.5104259756333666
691.6799999996185,0.5991882114346909
691.6899999996185,0.47940251214848706
691.6999999996185,0.6174346606972725
691.7099999996185,0.4464028849116502
691.7199999996184,0.632928934872776
691.7299999996184,0.4124291998913603
691.7399999996184,0.6457923381844785
691.7499999996182,0.37894416732597747
691.7599999996182,0.6561493763803172
691.7699999996182,0.3478685302044602
691.7799999996182,0.6641130713327407
691.7899999996181,0.3214576766421465
691.7999999996181,0.6697755560834859
691.8099999996181,0.30202551755052043
691.819999999618,0.6732021755690958
691.8299999996179,0.2915400660536556
691.8399999996179,0.674427822846146
691.8499999996179,0.2911942544641193
691.8599999996178,0.6734546745414159
691.8699999996178,0.301108137185903
691.8799999996178,0.6702508550319075
691.8899999996177,0.32029089924620496
691.8999999996176,0.6647498857841527
691.9099999996176,0.3468813488211547
691.9199999996176,0.6568511061852427
691.9299999996175,0.37856253422737796
691.9399999996175,0.6464216350360554
691.9499999996175,0.41299112497736323
691.9599999996174,0.6333009339473838
691.9699999996174,0.44811640059823415
691.9799999996173,0.6173096911119506
691.9899999996173,0.4823426561472204
691.9999999996172,0.598265606068427
692.0099999996172,0.514555965304499
692.0199999996172,0.5760096969863193
692.0299999996171,0.5440659046002135
692.0399999996171,0.5504477838098683
692.0499999996171,0.5705111556063419
692.059999999617,0.5216122905428416
692.0699999996169,0.5937622269183959
692.0799999996169,0.48974831692733595
692.0899999996169,0.6138381417349438
692.0999999996168,0.4554230711412325
692.1099999996168,0.6308423914643412
692.1199999996168,0.41964661222771255
692.1299999996168,0.6449171901140771
692.1399999996166,0.3839726963056366
692.1499999996166,0.6562125475578533
692.1599999996166,0.3505243910500824
692.1699999996165,0.664866255968318
692.1799999996165,0.32187337083979456
692.1899999996165,0.6709913889523097
692.1999999996165,0.30071934729021854
692.2099999996163,0.6746686962738997
692.2199999996163,0.28938883131711246
692.2299999996163,0.675942041420856
692.2399999996162,0.28928591043331475
692.2499999996162,0.6748156780824999
692.2599999996162,0.3005099349398759
692.2699999996162,0.6712526967006927
692.279999999616,0.3218192935153295
692.289999999616,0.6651744407447925
692.299999999616,0.3509609971656882
692.3099999996159,0.6564611609745629
692.3199999996159,0.38521099936946973
692.3299999996159,0.6449547238881528
692.3399999996159,0.4219042135730309
692.3499999996158,0.6304649061448366
692.3599999996158,0.4587973296170308
692.3699999996157,0.6127817771448061
692.3799999996156,0.4942238573577788
692.3899999996156,0.5916979502841195
692.3999999996156,0.5270865062297344
692.4099999996156,0.5670459992205016
692.4199999996155,0.5567600457388847
692.4299999996155,0.5387577061148368
692.4399999996155,0.5829659370767678
692.4499999996153,0.5069519977063145
692.4599999996153,0.6056552328799347
692.4699999996153,0.47205528234689237
692.4799999996153,0.6249149448053812
692.4899999996152,0.43494790975124703
692.4999999996152,0.640900077361326
692.5099999996152,0.39710972034807257
692.519999999615,0.6537875630260709
692.529999999615,0.3607058506563557
692.539999999615,0.6637466568589563
692.549999999615,0.32852266897224236
692.5599999996149,0.6709207162756297
692.5699999996149,0.30366373424841436
692.5799999996149,0.6754163678073664
692.5899999996147,0.2889869775022463
692.5999999996147,0.6772972069840848
692.6099999996147,0.2864118424162582
692.6199999996147,0.6765801609825608
692.6299999996146,0.2963675862470241
692.6399999996146,0.6732334382963624
692.6499999996146,0.3176535830679588
692.6599999996145,0.6671756573789308
692.6699999996144,0.34778803771874844
692.6799999996144,0.6582763847827175
692.6899999996144,0.3836658829699847
692.6999999996143,0.6463590403765413
692.7099999996143,0.42222792362189304
692.7199999996143,0.6312080742172052
692.7299999996142,0.46091933122720546
692.7399999996142,0.6125836211600829
692.7499999996141,0.49787825167150196
692.7599999996141,0.5902485837279292
692.769999999614,0.5319164805627258
692.779999999614,0.5640151935397658
692.789999999614,0.5623913288425518
692.7999999996139,0.533819993503942
692.8099999996139,0.589048599791301
692.8199999996139,0.4998362799215324
692.8299999996138,0.6118814030185269
692.8399999996137,0.46262799768414825
692.8499999996137,0.6310212258228807
692.8599999996137,0.4233334593001979
692.8699999996136,0.646661636574567
692.8799999996136,0.3838355406762328
692.8899999996136,0.6590084392197977
692.8999999996136,0.346829118786172
692.9099999996134,0.6682488500870885
692.9199999996134,0.3156597311845654
692.9299999996134,0.6745332843025085
692.9399999996133,0.2938322697657932
692.9499999996133,0.6779649670758424
692.9599999996133,0.2842266308046108
692.9699999996133,0.6785941218872633
692.9799999996131,0.28827662913439545
692.9899999996131,0.6764147377921514
692.9999999996131,0.3055021472703327
693.009999999613,0.6713629145585811
693.019999999613,0.3336557521077739
693.029999999613,0.6633166510842732
693.039999999613,0.3694028021662652
693.0499999996129,0.6520978404947042
693.0599999996128,0.4091786839947367
693.0699999996128,0.6374783491284857
693.0799999996127,0.4498645686305074
693.0899999996127,0.6191935853018393
693.0999999996127,0.4891232086463709
693.1099999996127,0.5969690813177
693.1199999996126,0.5254357147224434
693.1299999996126,0.5705683270061342
693.1399999996125,0.5579662659795033
693.1499999996124,0.5398729016911433
693.1599999996124,0.5863707253261192
693.1699999996124,0.5050071242175371
693.1799999996124,0.6106180707926954
693.1899999996123,0.4665149212647424
693.1999999996123,0.6308516287316365
693.2099999996123,0.4255791802162774
693.2199999996121,0.6472925112365983
693.2299999996121,0.3842350266611235
693.2399999996121,0.6601774498210932
693.2499999996121,0.34546820902949377
693.259999999612,0.6697211400032964
693.269999999612,0.31303678957679315
693.279999999612,0.6760945632523455
693.2899999996118,0.2908809280174321
693.2999999996118,0.6794130017934166
693.3099999996118,0.28216757515830315
693.3199999996118,0.6797295603559164
693.3299999996117,0.2883106233637877
693.3399999996117,0.6770316845304799
693.3499999996117,0.3084717373362994
693.3599999996115,0.6712394802201878
693.3699999996115,0.3398421772489971
693.3799999996115,0.6622057805843692
693.3899999996115,0.3785377731586149
693.3999999996114,0.6497191125498597
693.4099999996114,0.42061874325364573
693.4199999996114,0.6335122527146662
693.4299999996113,0.46281137714032666
693.4399999996112,0.6132812172118816
693.4499999996112,0.5027982853468177
693.4599999996112,0.5887225277238177
693.4699999996111,0.5391776451794356
693.4799999996111,0.5596003430080168
693.4899999996111,0.5712614346801511
693.499999999611,0.5258584957862037
693.509999999611,0.5988432284304439
693.519999999611,0.4877923702063759
693.5299999996109,0.6220013749547199
693.5399999996108,0.44628470259847236
693.5499999996108,0.640956112164269
693.5599999996108,0.4030762205705818
693.5699999996107,0.6559756862814228
693.5799999996107,0.36097696346148617
693.5899999996107,0.6673190594347633
693.5999999996106,0.32384098223762
693.6099999996105,0.6752029982646326
693.6199999996105,0.29609545347919225
693.6299999996105,0.6797841076184534
693.6399999996104,0.2817533738701439
693.6499999996104,0.681149371276658
693.6599999996104,0.28318613217482896
693.6699999996104,0.6793112262320679
693.6799999996102,0.3002630927455157
693.6899999996102,0.6742050848535381
693.6999999996102,0.33038732880878613
693.7099999996101,0.6656887546921785
693.7199999996101,0.369408208093004
693.7299999996101,0.653544705266348
693.7399999996101,0.41285917815082385
693.7499999996099,0.637487958311612
693.7599999996099,0.456921043524205
693.7699999996099,0.6171849290167781
693.7799999996098,0.4988569822398504
693.7899999996098,0.5922921793002551
693.7999999996098,0.5370078301938204
693.8099999996098,0.5625287884024548
693.8199999996096,0.5705626758299986
693.8299999996096,0.5278008180455234
693.8399999996096,0.5992803601696894
693.8499999996095,0.48839728782100467
693.8599999996095,0.6232519972318973
693.8699999996095,0.4452650427850686
693.8799999996095,0.6427301711375386
693.8899999996094,0.400329348287635
693.8999999996093,0.658018618376481
693.9099999996093,0.3567440752170395
693.9199999996092,0.6694064073920363
693.9299999996092,0.31884759604299606
693.9399999996092,0.6771311533255764
693.9499999996092,0.29156386177865323
693.9599999996091,0.681359575700059
693.9699999996091,0.2791842289774987
693.979999999609,0.6821776173659069
693.9899999996089,0.28392946237270866
693.9999999996089,0.6795854699855456
694.0099999996089,0.30507795430813694
694.0199999996089,0.6734952083808132
694.0299999996088,0.33923885866256465
694.0399999996088,0.6637306664498898
694.0499999996088,0.3815876736808871
694.0599999996086,0.6500311420075822
694.0699999996086,0.4272992409939959
694.0799999996086,0.6320630062832857
694.0899999996086,0.4725113076451775
694.0999999996085,0.609446862667402
694.1099999996085,0.514644530877745
694.1199999996085,0.5818129828232596
694.1299999996083,0.5522718803222033
694.1399999996083,0.5489041156154537
694.1499999996083,0.5848053985038851
694.1599999996083,0.5107500764743452
694.1699999996082,0.612179835860818
694.1799999996082,0.46793547870996843
694.1899999996082,0.6346073720742911
694.199999999608,0.42195475750735456
694.209999999608,0.6524130461120287
694.219999999608,0.3755745569868474
694.229999999608,0.6659346318153759
694.2399999996079,0.33299547227450654
694.2499999996079,0.6754662172708683
694.2599999996079,0.29948956003395155
694.2699999996078,0.681228443245757
694.2799999996078,0.2802739593783603
694.2899999996077,0.6833536316017194
694.2999999996077,0.27883889767694453
694.3099999996076,0.6818785443651973
694.3199999996076,0.2955641093565231
694.3299999996076,0.6767408861783757
694.3399999996075,0.3275420784347535
694.3499999996075,0.6677782512048475
694.3599999996075,0.36974100868389603
694.3699999996074,0.6547305958264725
694.3799999996073,0.4167130800756618
694.3899999996073,0.6372501527881194
694.3999999996073,0.46390809601642724
694.4099999996072,0.6149267185975649
694.4199999996072,0.5082102647049008
694.4299999996072,0.5873421183498737
694.4399999996072,0.5478635987847436
694.449999999607,0.5541754428614087
694.459999999607,0.5821224601054065
694.469999999607,0.515388189249246
694.4799999996069,0.6108740834249613
694.4899999996069,0.47151777511939263
694.4999999996069,0.6343412599253273
694.5099999996069,0.4240802475650597
694.5199999996067,0.6528832904408786
694.5299999996067,0.37599867711810947
694.5399999996067,0.6668762728361206
694.5499999996066,0.33181772766966755
694.5599999996066,0.6766468473141942
694.5699999996066,0.29731256707602355
694.5799999996066,0.6824380803067007
694.5899999996064,0.27818942243651845
694.5999999996064,0.684392929423027
694.6099999996064,0.2781421945214167
694.6199999996063,0.682546461380263
694.6299999996063,0.29729673776151555
694.6399999996063,0.6768222130024117
694.6499999996063,0.33213704376280045
694.6599999996062,0.6670312905292738
694.6699999996061,0.3769753518535232
694.6799999996061,0.6528757740417406
694.689999999606,0.4259244830500916
694.699999999606,0.6339616190872851
694.709999999606,0.47428348089443595
694.719999999606,0.6098314961846832
694.7299999996059,0.5189969873085039
694.7399999996059,0.5800357316854851
694.7499999996058,0.5584654433424256
694.7599999996057,0.5442695352528077
694.7699999996057,0.5921110699830596
694.7799999996057,0.5026132135042739
694.7899999996057,0.6199588202785032
694.7999999996056,0.4559061867796729
694.8099999996056,0.6423273148488607
694.8199999996056,0.4062366345932502
694.8299999996054,0.6596324805038313
694.8399999996054,0.35739723642341464
694.8499999996054,0.6722750371190526
694.8599999996054,0.3149461110649077
694.8699999996053,0.6805812305212229
694.8799999996053,0.2853836555098138
694.8899999996053,0.6847738698037025
694.8999999996051,0.27426930254987486
694.9099999996051,0.684958968746473
694.9199999996051,0.283997508980957
694.9299999996051,0.6811196569507406
694.939999999605,0.3126783852428418
694.949999999605,0.6731136131591618
694.959999999605,0.35499734294537894
694.9699999996049,0.6606739641953082
694.9799999996048,0.40438535883361565
694.9899999996048,0.643417484298285
694.9999999996048,0.45503392692566
695.0099999996047,0.6208692400362359
695.0199999996047,0.5028785581508468
695.0299999996047,0.5925208115827274
695.0399999996046,0.5456267806589481
695.0499999996046,0.5579505363027003
695.0599999996045,0.5823184632064077
695.0699999996045,0.5170466501192008
695.0799999996044,0.6128162167990844
695.0899999996044,0.470377049429529
695.0999999996044,0.637404436752301
695.1099999996043,0.41971420192996556
695.1199999996043,0.6565274220268377
695.1299999996043,0.3686014363390322
695.1399999996042,0.6706377062641727
695.1499999996041,0.3226092628877689
695.1599999996041,0.6801160787221477
695.1699999996041,0.2887056270107398
695.179999999604,0.6852327878323111
695.189999999604,0.27336045849881735
695.199999999604,0.6861300104744964
695.209999999604,0.2799630502860364
695.2199999996038,0.6828141400542402
695.2299999996038,0.30719381882447166
695.2399999996038,0.6751524657545214
695.2499999996037,0.34965171116011473
695.2599999996037,0.6628734284369823
695.2699999996037,0.4002263960011097
695.2799999996037,0.6455742365528641
695.2899999996035,0.4524872640324128
695.2999999996035,0.6227457565484527
695.3099999996035,0.5019127148731819
695.3199999996034,0.5938338908836162
695.3299999996034,0.5459697898728532
695.3399999996034,0.5583701469528659
695.3499999996034,0.5836195171486226
695.3599999996032,0.5162194780902241
695.3699999996032,0.6147338088654568
695.3799999996032,0.4679980340282771
695.3899999996031,0.6396405896061498
695.3999999996031,0.4156718319984741
695.4099999996031,0.6588317155436739
695.4199999996031,0.3631972336933764
695.429999999603,0.672797520955765
695.439999999603,0.3167714257616575
695.4499999996029,0.6819419014323196
695.4599999996028,0.2840015475874502
695.4699999996028,0.686542456951234
695.4799999996028,0.27160832445841226
695.4899999996028,0.6867331448567056
695.4999999996027,0.28251941870116615
695.5099999996027,0.6824968884372383
695.5199999996026,0.3143726355460854
695.5299999996025,0.6736625853016257
695.5399999996025,0.36069749700221054
695.5499999996025,0.6599064166921172
695.5599999996025,0.4137762439550017
695.5699999996024,0.64076309090836
695.5799999996024,0.4671166272175882
695.5899999996024,0.6156606698978393
695.5999999996022,0.5164699832612699
695.6099999996022,0.584004971860101
695.6199999996022,0.5596680150688311
695.6299999996022,0.5453570077234632
695.6399999996021,0.5959858295156417
695.6499999996021,0.49976439442887083
695.6599999996021,0.6255134141923102
695.6699999996019,0.4483028863148479
695.6799999996019,0.6487064981687622
695.6899999996019,0.3938011868197825
695.6999999996019,0.6661161038915423
695.7099999996018,0.3414801174525161
695.7199999996018,0.6782439029049018
695.7299999996018,0.29885219020046044
695.7399999996017,0.6854722185139418
695.7499999996016,0.2740886103883661
695.7599999996016,0.6880331662379818
695.7699999996015,0.2729021112435234
695.7799999996015,0.6859959103453299
695.7899999996015,0.29570907063305785
695.7999999996015,0.6792613467788454
695.8099999996014,0.3373818675665103
695.8199999996014,0.6675608224342566
695.8299999996013,0.3898232339929605
695.8399999996012,0.6504619049534116
695.8499999996012,0.44521498930744857
695.8599999996012,0.6273921387664056
695.8699999996012,0.49793127876737553
695.8799999996011,0.5977037851594307
695.8899999996011,0.5448223231362114
695.899999999601,0.5608208690581874
695.9099999996009,0.584620817534774
695.9199999996009,0.5165325193462709
695.9299999996009,0.6171895718062161
695.9399999996009,0.465507171556941
695.9499999996008,0.642937053918196
695.9599999996008,0.4100497004047795
695.9699999996008,0.6624518701883567
695.9799999996006,0.3549119213969911
695.9899999996006,0.6763035654429344
695.9999999996006,0.3075423001147843
696.0099999996006,0.6849453410136128
696.0199999996005,0.2768155916424322
696.0299999996005,0.6886711698562171
696.0399999996005,0.2698691139507421
696.0499999996003,0.6875984488663993
696.0599999996003,0.288577662282911
696.0699999996003,0.6816610357287471
696.0799999996003,0.32848438174350425
696.0899999996002,0.6706069079111104
696.0999999996002,0.3811860631049958
696.1099999996002,0.6540022918577931
696.1199999996,0.4380505941326943
696.1299999996,0.6312528966989083
696.1399999996,0.4926720704174147
696.1499999996,0.6016660866676259
696.1599999995999,0.5413991360347499
696.1699999995999,0.5645983713905887
696.1799999995999,0.5827318977668814
696.1899999995998,0.5197594722154599
696.1999999995998,0.6164712928279447
696.2099999995997,0.46776075101970976
696.2199999995997,0.6430456831177085
696.2299999995996,0.4109451003479892
696.2399999995996,0.6630903827577562
696.2499999995996,0.35430273942367524
696.2599999995995,0.6772210156757797
696.2699999995995,0.30578478381322455
696.2799999995995,0.6859247635241001
696.2899999995994,0.2749028104558232
696.2999999995993,0.6895136014743662
696.3099999995993,0.2691763412279778
696.3199999995993,0.6881059930774412
696.3299999995992,0.29024243267499195
696.3399999995992,0.6816197636947199
696.3499999995992,0.3328790299936111
696.3599999995992,0.6697698792660904
696.369999999599,0.3878901216578959
696.379999999599,0.6520738211227356
696.389999999599,0.44621880243412687
696.3999999995989,0.627877852472255
696.4099999995989,0.501428219312214
696.4199999995989,0.5964337393862796
696.4299999995989,0.5500479416831867
696.4399999995987,0.5570808668878448
696.4499999995987,0.5908008462058888
696.4599999995987,0.5096206987687897
696.4699999995986,0.6236678921705465
696.4799999995986,0.4549839251363789
696.4899999995986,0.6491940676042487
696.4999999995986,0.39620449726694573
696.5099999995984,0.6680753073488148
696.5199999995984,0.33938085279402186
696.5299999995984,0.6809455339890217
696.5399999995983,0.29368166637957993
696.5499999995983,0.6882792613475318
696.5599999995983,0.26913353430242404
696.5699999995983,0.6903519461386302
696.5799999995982,0.2722408257763749
696.5899999995981,0.6872251969453996
696.5999999995981,0.3022919100478838
696.609999999598,0.6787410965054508
696.619999999598,0.3517613638590597
696.629999999598,0.6645216785767075
696.639999999598,0.4104202259693661
696.6499999995979,0.6439802307269747
696.6599999995979,0.46949553922342374
696.6699999995978,0.6163652306672729
696.6799999995977,0.5234504133119079
696.6899999995977,0.5808803246566492
696.6999999995977,0.5697086337700148
696.7099999995977,0.536957679876763
696.7199999995976,0.6076243197012529
696.7299999995976,0.48479716160978553
696.7399999995976,0.6375366452688012
696.7499999995974,0.4262674817251905
696.7599999995974,0.6601504422754644
696.7699999995974,0.3660602749652738
696.7799999995974,0.6761982295894873
696.7899999995973,0.31242173012860874
696.7999999995973,0.6862789830846919
696.8099999995973,0.2760718569325796
696.8199999995971,0.6907902198825191
696.8299999995971,0.2663121931357601
696.8399999995971,0.6899025981403615
696.8499999995971,0.28604058448363656
696.859999999597,0.683550739257551
696.869999999597,0.3299246352093923
696.879999999597,0.6714301106321537
696.8899999995969,0.3876017448651915
696.8999999995968,0.6530021571865748
696.9099999995968,0.44875410344206196
696.9199999995968,0.6275239046109125
696.9299999995967,0.5061872710324741
696.9399999995967,0.594139940085652
696.9499999995967,0.5561934431935658
696.9599999995966,0.5521092726070947
696.9699999995966,0.5975533425184159
696.9799999995965,0.5012835361021446
696.9899999995965,0.6304033325649058
696.9999999995964,0.4429671660018396
697.0099999995964,0.6554366972749948
697.0199999995964,0.3811476398307274
697.0299999995963,0.6734526236041151
697.0399999995963,0.32356555748461147
697.0499999995963,0.6851369141368836
697.0599999995962,0.28122760186822937
697.0699999995961,0.6909685251821639
697.0799999995961,0.26486849321458467
697.0899999995961,0.6911846610848542
697.099999999596,0.27936527521708215
697.109999999596,0.6857686753494309
697.119999999596,0.32062970652150147
697.129999999596,0.6744456872615766
697.1399999995958,0.3781844755892874
697.1499999995958,0.656685576932584
697.1599999995958,0.4407605855729417
697.1699999995957,0.6317283713544698
697.1799999995957,0.500185957367708
697.1899999995957,0.5986700761992126
697.1999999995957,0.5521331795558089
697.2099999995955,0.5566845693173972
697.2199999995955,0.5951109483379552
697.2299999995955,0.5055079550649928
697.2399999995954,0.6291930115750392
697.2499999995954,0.4463376608785215
697.2599999995954,0.6551024534531742
697.2699999995954,0.38316297098756147
697.2799999995952,0.6736940078615856
697.2899999995952,0.3239890592652749
697.2999999995952,0.6857044075094624
697.3099999995951,0.28042296642483744
697.3199999995951,0.6916475827861346
697.3299999995951,0.26388591046586696
697.3399999995951,0.6917764677184924
697.349999999595,0.27948720040637504
697.359999999595,0.6860702092628365
697.3699999995949,0.32265942687186716
697.3799999995948,0.674229626179487
697.3899999995948,0.38212870943965777
697.3999999995948,0.6556807763436531
697.4099999995948,0.4460673270266634
697.4199999995947,0.629604297141725
697.4299999995947,0.5061521396270751
697.4399999995946,0.5950353180449469
697.4499999995945,0.5581621019649282
697.4599999995945,0.5511232524497316
697.4699999995945,0.600784322041268
697.4799999995945,0.49769969234918743
697.4899999995944,0.6342440189854618
697.4999999995944,0.4363239731134788
697.5099999995944,0.6593615190019472
697.5199999995942,0.3717809883367887
697.5299999995942,0.6770388114039354
697.5399999995942,0.31328562230026724
697.5499999995942,0.6880212784613466
697.5599999995941,0.2735050329687825
697.5699999995941,0.6928021254873078
697.5799999995941,0.2636989722401065
697.5899999995939,0.6915893759942446
697.5999999995939,0.2871051673868395
697.6099999995939,0.6842951133910025
697.6199999995939,0.33668895678298644
697.6299999995938,0.6705320324361577
697.6399999995938,0.3997648525825428
697.6499999995938,0.6496213044219307
697.6599999995937,0.4645759407435652
697.6699999995936,0.6206378004393807
697.6799999995936,0.5236457829997953
697.6899999995936,0.5825541983571085
697.6999999995935,0.5736331502340823
697.7099999995935,0.5346026345138393
697.7199999995935,0.613829859400404
697.7299999995934,0.47703833624805353
697.7399999995934,0.6447839224248993
697.7499999995933,0.41246918452062664
697.7599999995933,0.6674431731219583
697.7699999995932,0.34753540119980697
697.7799999995932,0.6827220089265799
697.7899999995932,0.29365798715742747
697.7999999995931,0.6913139890315062
697.8099999995931,0.26446265716640943
697.819999999593,0.6936225091801641
697.829999999593,0.26911399250946477
697.8399999995929,0.6897386726193615
697.8499999995929,0.30623969719479943
697.8599999995929,0.6794339383596442
697.8699999995928,0.3648700765493149
697.8799999995928,0.6621599128135842
697.8899999995928,0.4313348331942286
697.8999999995928,0.637069412337433
697.9099999995926,0.4952100215032956
697.9199999995926,0.6031033930606545
697.9299999995926,0.5509271581713163
697.9399999995925,0.5592396706518594
697.9499999995925,0.596598318878448
697.9599999995925,0.5050745740938362
697.9699999995925,0.632330690545499
697.9799999995923,0.4419590979723621
697.9899999995923,0.6590177571125866
697.9999999995923,0.37473235842678404
698.0099999995922,0.6776805082279848
698.0199999995922,0.3132721174775452
698.0299999995922,0.6891669103800028
698.0399999995922,0.27160203407098554
698.049999999592,0.6940350842191186
698.059999999592,0.26229377178452085
698.069999999592,0.6925150063444616
698.0799999995919,0.2886350123272086
698.0899999995919,0.6844968526509786
698.0999999995919,0.34220272349900005
698.1099999995919,0.6695274251732012
698.1199999995918,0.4086903469545971
698.1299999995917,0.6468206987064501
698.1399999995917,0.47552226115912627
698.1499999995916,0.6153178082845766
698.1599999995916,0.5352198347591145
698.1699999995916,0.573880240353573
698.1799999995916,0.5847998235182157
698.1899999995915,0.5217778295950648
698.1999999995915,0.6239281512665042
698.2099999995914,0.4597135203668997
698.2199999995913,0.653414539039724
698.2299999995913,0.3915457724524218
698.2399999995913,0.6743465812604773
698.2499999995913,0.3262010264687929
698.2599999995912,0.6876824930445505
698.2699999995912,0.27770195409873877
698.2799999995912,0.6940890242978083
698.289999999591,0.26038847960038275
698.299999999591,0.6938874981879847
698.309999999591,0.28035035237064554
698.319999999591,0.6870380667827873
698.3299999995909,0.3309118219526027
698.3399999995909,0.6731345127934412
698.3499999995909,0.3974878031329579
698.3599999995907,0.6514107144396265
698.3699999995907,0.46614892300514643
698.3799999995907,0.6207907359455975
698.3899999995907,0.5281926562565359
698.3999999995906,0.5800641953492961
698.4099999995906,0.5799585622897204
698.4199999995906,0.5283513029122237
698.4299999995904,0.6208674618504988
698.4399999995904,0.46611869800233463
698.4499999995904,0.6517060048344143
698.4599999995904,0.3969611517853291
698.4699999995903,0.6736198980192397
698.4799999995903,0.3297203418100049
698.4899999995903,0.6876384845591491
698.4999999995902,0.2788280647259888
698.5099999995901,0.6944861780399977
698.5199999995901,0.2595675445166752
698.5299999995901,0.6945204090753161
698.53999999959,0.2788745552855768
698.54999999959,0.6877141050931752
698.55999999959,0.33008417912263716
698.5699999995899,0.6736499987537443
698.5799999995899,0.397922730425425
698.5899999995898,0.651526915013666
698.5999999995898,0.4677725615288992
698.6099999995897,0.620212691996311
698.6199999995897,0.5306076860468572
698.6299999995897,0.5784340965657385
698.6399999995896,0.5827365917129507
698.6499999995896,0.5252876148939051
698.6599999995896,0.6236657989393807
698.6699999995895,0.4613634799673063
698.6799999995894,0.6542767943470926
698.6899999995894,0.39071072984296473
698.6999999995894,0.6757807508114729
698.7099999995893,0.32309436373032424
698.7199999995893,0.6892374942421262
698.7299999995893,0.2740477535756765
698.7399999995893,0.6953707912654886
698.7499999995891,0.25914108342261155
698.7599999995891,0.6945101896058573
698.7699999995891,0.283985301129923
698.779999999589,0.686575186353167
698.789999999589,0.3398132861450417
698.799999999589,0.6710702123957432
698.809999999589,0.410125028550241
698.8199999995888,0.647095030699213
698.8299999995888,0.48039740682163756
698.8399999995888,0.6134159089764961
698.8499999995887,0.5423203632006359
698.8599999995887,0.5687112171786523
698.8699999995887,0.5928806150853476
698.8799999995887,0.5122174443971512
698.8899999995886,0.6320073766836017
698.8999999995885,0.4451127733782639
698.9099999995885,0.6607798040735138
698.9199999995884,0.3728054577408974
698.9299999995884,0.6804643833698654
698.9399999995884,0.3071501630313882
698.9499999995884,0.6920963205183054
698.9599999995883,0.2652824711537385
698.9699999995883,0.6963289115604383
698.9799999995882,0.2617004038843547
698.9899999995881,0.693389785319213
698.9999999995881,0.2979300397036519
699.0099999995881,0.6830691309827276
699.0199999995881,0.36124359910348797
699.029999999588,0.6647170033930561
699.039999999588,0.4340979048191102
699.049999999588,0.6372663089310053
699.0599999995878,0.5032768032565702
699.0699999995878,0.5993502764059455
699.0799999995878,0.5622434263763036
699.0899999995878,0.5496744752158961
699.0999999995877,0.6092247369998215
699.1099999995877,0.48794171050102186
699.1199999995877,0.6447701509976341
699.1299999995875,0.41670140595840616
699.1399999995875,0.6701713629486253
699.1499999995875,0.3440213922863169
699.1599999995875,0.6866931868276281
699.1699999995874,0.28501393746074616
699.1799999995874,0.6952672370890601
699.1899999995874,0.2578454066923453
699.1999999995872,0.6963926992097692
699.2099999995872,0.2728968078135577
699.2199999995872,0.6901104624138935
699.2299999995872,0.3244965476465072
699.2399999995871,0.6759954903120944
699.2499999995871,0.3955363070837545
699.2599999995871,0.653161213312241
699.269999999587,0.46902670416588566
699.279999999587,0.62031657905571
699.2899999995869,0.5346173073896452
699.2999999995869,0.5759911839560661
699.3099999995868,0.588310459055677
699.3199999995868,0.5191732369745812
699.3299999995868,0.6297749117627716
699.3399999995867,0.45075695243670594
699.3499999995867,0.6601436946204595
699.3599999995866,0.3760773239398881
699.3699999995866,0.6808178774440019
699.3799999995865,0.30758370174130945
699.3899999995865,0.6929516804210656
699.3999999995865,0.26388277774880187
699.4099999995864,0.6972716648474198
699.4199999995864,0.2609000687719982
699.4299999995864,0.6940265905683259
699.4399999995863,0.29999944863020295
699.4499999995862,0.682974827546945
699.4599999995862,0.36677683821019935
699.4699999995862,0.6633816660666584
699.4799999995861,0.4421637407164659
699.4899999995861,0.6340481845107467
699.4999999995861,0.5124708988162949
699.5099999995861,0.5934598939785127
699.5199999995859,0.5714038877779207
699.5299999995859,0.5402616942883065
699.5399999995859,0.6175987961594309
699.5499999995858,0.47444014386538036
699.5599999995858,0.6519179768186245
699.5699999995858,0.39964254576902897
699.5799999995858,0.675823508090395
699.5899999995856,0.3262656077847707
699.5999999995856,0.6906352506869403
699.6099999995856,0.2722954146512393
699.6199999995855,0.6972566592974416
699.6299999995855,0.25657551122308864
699.6399999995855,0.6960946217452685
699.6499999995855,0.28567182074601155
699.6599999995854,0.6870404340590779
699.6699999995853,0.3481982743565761
699.6799999995853,0.6694640868452763
699.6899999995852,0.4242277225391815
699.6999999995852,0.6422303530246912
699.7099999995852,0.497619970918305
699.7199999995852,0.6038101606266401
699.7299999995851,0.560189992555124
699.739999999585,0.552674277503145
699.749999999585,0.6096773260731199
699.7599999995849,0.48834041510834014
699.7699999995849,0.6466910865329695
699.7799999995849,0.413571694568132
699.7899999995849,0.6727236409115589
699.7999999995848,0.33764820467187096
699.8099999995848,0.6892118209037358
699.8199999995848,0.2781340073379196
699.8299999995846,0.6971814075054326
699.8399999995846,0.2553954967825593
699.8499999995846,0.6971407176349248
699.8599999995846,0.2789704603255913
699.8699999995845,0.6890558019796518
699.8799999995845,0.33929307337249204
699.8899999995845,0.6723432552484196
699.8999999995843,0.41591002208512146
699.9099999995843,0.6458814020746755
699.9199999995843,0.49117030587844085
699.9299999995843,0.6081087882937768
699.9399999995842,0.5557645671360976
699.9499999995842,0.5573957049386219
699.9599999995842,0.6069457525616452
699.969999999584,0.49307102377287726
699.979999999584,0.6452217858409478
699.989999999584,0.4176503802993288
699.999999999584,0.6721332218400862
700.0099999995839,0.34028852030899065
700.0199999995839,0.6891951853248401
700.0299999995839,0.27890108012010434
700.0399999995838,0.6974974607106562
700.0499999995837,0.2547902957552013
700.0599999995837,0.6975858013540285
700.0699999995837,0.2782793096477252
700.0799999995836,0.6894349963953157
700.0899999995836,0.339595658129796
700.0999999995836,0.6724412749005423
700.1099999995835,0.41745062215551804
700.1199999995835,0.6454338290500864
700.1299999995834,0.4935950423826055
700.1399999995834,0.606780385780313
700.1499999995833,0.5585809061434415
700.1599999995833,0.5547911428486244
700.1699999995833,0.6097567300108007
700.1799999995832,0.488843577491764
700.1899999995832,0.6477603516446125
700.1999999995832,0.4118226169774831
700.2099999995831,0.6742218066590754
700.219999999583,0.33382766180329265
700.229999999583,0.6906962631576469
700.239999999583,0.27411186726225206
700.2499999995829,0.6982724840836155
700.2599999995829,0.2544653258194172
700.2699999995829,0.6974615032011235
700.2799999995829,0.2836091031824094
700.2899999995827,0.6881725172206945
700.2999999995827,0.349238659432612
700.3099999995827,0.6697059823878304
700.3199999995826,0.4288981792314204
700.3299999995826,0.64077150355244
700.3399999995826,0.5047983593408442
700.3499999995826,0.5996250160900278
700.3599999995824,0.5684342129842777
700.3699999995824,0.544574089306709
700.3799999995824,0.6178485159014868
700.3899999995823,0.4753508613140488
700.3999999995823,0.6540233057020309
700.4099999995823,0.39598362945107013
700.4199999995823,0.6786991353829253
700.4299999995822,0.3187765077516368
700.4399999995821,0.693417553529809
700.4499999995821,0.26521353072995646
700.459999999582,0.6991901392831343
700.469999999582,0.2564610652146145
700.479999999582,0.6964118737724372
700.489999999582,0.2966418157111724
700.4999999995819,0.6848432031697329
700.5099999995819,0.36890935752125187
700.5199999995818,0.6636053823367711
700.5299999995817,0.45003779006208505
700.5399999995817,0.6312161159597194
700.5499999995817,0.5240713822243951
700.5599999995817,0.5858000467165536
700.5699999995816,0.5844546931737025
700.5799999995816,0.5258057245853093
700.5899999995816,0.6303616456588583
700.5999999995814,0.4518465272885445
700.6099999995814,0.6632187742324589
700.6199999995814,0.37024464946882263
700.6299999995814,0.6848389958049216
700.6399999995813,0.296993089550358
700.6499999995813,0.6966692785202571
700.6599999995813,0.2559864016140883
700.6699999995811,0.6995542478912554
700.6799999995811,0.26502100356595837
700.6899999995811,0.6936818100106219
700.6999999995811,0.32009973286903726
700.709999999581,0.6785712819524885
700.719999999581,0.3992046505066507
700.729999999581,0.653075530917685
700.7399999995808,0.4800239931473164
700.7499999995808,0.6154607262084292
700.7599999995808,0.549980562091875
700.7699999995808,0.5637729999845555
700.7799999995807,0.6051326182320256
700.7899999995807,0.49696413604652084
700.7999999995807,0.645911080600515
700.8099999995806,0.4175264934769377
700.8199999995805,0.674119487352755
700.8299999995805,0.3358261812711716
700.8399999995805,0.6915333374831129
700.8499999995804,0.2728608936517508
700.8599999995804,0.6993966353191948
700.8699999995804,0.2530454472422903
700.8799999995803,0.6982849010205596
700.8899999995803,0.2857761819934265
700.8999999995802,0.6880781428708611
700.9099999995802,0.3563517075652991
700.9199999995801,0.6679534794265002
700.9299999995801,0.43963414303125375
700.9399999995801,0.6364100771504752
700.94999999958,0.5169815378062667
700.95999999958,0.5914570494471121
700.96999999958,0.5803353181520385
700.97999999958,0.531310135761715
700.9899999995798,0.6284273223213748
700.9999999995798,0.45628031542506486
701.0099999995798,0.6627166389933142
701.0199999995797,0.37258839573868563
701.0299999995797,0.6851663308660715
701.0399999995797,0.2969027001198615
701.0499999995797,0.6973529098621241
701.0599999995795,0.2547901497001169
701.0699999995795,0.7001921870324054
701.0799999995795,0.2653132871097179
701.0899999995794,0.6938788988966119
701.0999999995794,0.32358556576238084
701.1099999995794,0.6778743113388297
701.1199999995794,0.4055580278927315
701.1299999995792,0.650909603112469
701.1399999995792,0.48783401859052766
701.1499999995792,0.6110839806018785
701.1599999995791,0.5579239231795499
701.1699999995791,0.5563163539143938
701.1799999995791,0.6123645644262468
701.1899999995791,0.4857333099649975
701.199999999579,0.6519759439063162
701.2099999995789,0.40287500113799085
701.2199999995789,0.6787650031752435
701.2299999995788,0.3206549901476531
701.2399999995788,0.694564056595906
701.2499999995788,0.26329286803104507
701.2599999995788,0.7005739653537065
701.2699999995787,0.25533874003522017
701.2799999995786,0.6972519768040195
701.2899999995786,0.3008777491932385
701.2999999995785,0.6842914098875053
701.3099999995785,0.37934694474850844
701.3199999995785,0.6606169111588939
701.3299999995785,0.46442664150508634
701.3399999995784,0.6244379624571386
701.3499999995784,0.539619222953127
701.3599999995783,0.5735643782508514
701.3699999995782,0.5991601564406498
701.3799999995782,0.506489092639602
701.3899999995782,0.6430834023407541
701.3999999995782,0.4251378468519028
701.4099999995781,0.673337618734231
701.4199999995781,0.3397913879200604
701.4299999995781,0.6919382828088316
701.4399999995779,0.27288888873033457
701.4499999995779,0.7003104218618335
701.4599999995779,0.251661316133774
701.4699999995779,0.6991151829271839
701.4799999995778,0.2867733703297579
701.4899999995778,0.6882183113666318
701.4999999995778,0.3614938248598433
701.5099999995776,0.6666820589159762
701.5199999995776,0.4480218228494189
701.5299999995776,0.6327971358627592
701.5399999995776,0.5267604760610705
701.5499999995775,0.5843268601306648
701.5599999995775,0.5899779552397386
701.5699999995775,0.5194248727910784
701.5799999995774,0.6369923427953051
701.5899999995773,0.43912436040901326
701.5999999995773,0.6696688409168324
701.6099999995773,0.3521860619383937
701.6199999995772,0.6901505723889143
701.6299999995772,0.2798656672435693
701.6399999995772,0.7000234337798129
701.6499999995771,0.25073869802241794
701.659999999577,0.700087411253302
701.669999999577,0.2794472699811609
701.679999999577,0.6903142130428375
701.6899999995769,0.3518544510045332
701.6999999995769,0.6698374904686087
701.7099999995769,0.43931873868719273
701.7199999995768,0.6369756133325699
701.7299999995768,0.5202391195402013
701.7399999995768,0.5894466101778347
701.7499999995767,0.585620459259305
701.7599999995766,0.525226885734475
701.7699999995766,0.6343525204254356
701.7799999995766,0.44497318672486225
701.7899999995765,0.6682754490628805
701.7999999995765,0.3569376373020277
701.8099999995765,0.6896250091159871
701.8199999995765,0.28222965002897255
701.8299999995763,0.7000833530608714
701.8399999995763,0.25037480746070895
701.8499999995763,0.7005177071398174
701.8599999995762,0.27758499083647153
701.8699999995762,0.6909322459912782
701.8799999995762,0.3501675530221389
701.8899999995762,0.6704576232364489
701.899999999576,0.43862501955628247
701.909999999576,0.6373725885050895
701.919999999576,0.5204988582170652
701.9299999995759,0.5893233199146604
701.9399999995759,0.5864775528916425
701.9499999995759,0.5242185048229275
701.9599999995759,0.6354589730159784
701.9699999995757,0.44278288580649955
701.9799999995757,0.669370841658392
701.9899999995757,0.35375593328164173
701.9999999995756,0.6905168909254835
702.0099999995756,0.2793324323758518
702.0199999995756,0.7006069442254789
702.0299999995756,0.24992562627638185
702.0399999995755,0.7004967606827421
702.0499999995754,0.2808823071606484
702.0599999995754,0.6901421028511249
702.0699999995753,0.35641612287221885
702.0799999995753,0.6685885908070447
702.0899999995753,0.4459961017399956
702.0999999995753,0.6340000924020802
702.1099999995752,0.5275524914372056
702.1199999995752,0.583919129507953
702.1299999995751,0.5925047702061945
702.139999999575,0.5163071000535095
702.149999999575,0.6402281404315824
702.159999999575,0.4324609333062477
702.169999999575,0.6728490852365089
702.1799999995749,0.3427363884537939
702.1899999995749,0.6927051584541015
702.1999999995749,0.27171916075363833
702.2099999995747,0.7014561555054385
702.2199999995747,0.2503393574715094
702.2299999995747,0.6998596755438757
702.2399999995747,0.2901642469035277
702.2499999995746,0.6877344405353347
702.2599999995746,0.3708887416004958
702.2699999995746,0.6639516537909316
702.2799999995744,0.46124166174563225
702.2899999995744,0.6264826837791969
702.2999999995744,0.540975776755474
702.3099999995744,0.5727542127203817
702.3199999995743,0.6032227290185489
702.3299999995743,0.5009861418312047
702.3399999995743,0.6482034706004006
702.3499999995742,0.4137690178317557
702.3599999995741,0.6782928224201243
702.3699999995741,0.32449703016212844
702.3799999995741,0.695799053229791
702.389999999574,0.26129878143799484
702.399999999574,0.7022408113077185
702.409999999574,0.25413964960094565
702.4199999995739,0.698182289526852
702.4299999995739,0.3071325662712455
702.4399999995738,0.6832084176870332
702.4499999995738,0.39391534314939886
702.4599999995737,0.6559203978899898
702.4699999995737,0.4837905020339847
702.4799999995737,0.6140279221941864
702.4899999995736,0.5598809054110023
702.4999999995736,0.5548923428536553
702.5099999995736,0.6177407125044869
702.5199999995735,0.4774028374606494
702.5299999995734,0.6585909680497962
702.5399999995734,0.3865983630300525
702.5499999995734,0.6850034736104844
702.5599999995733,0.3007077467637135
702.5699999995733,0.6991562411115864
702.5799999995733,0.2517563168660259
702.5899999995733,0.702321636309125
702.5999999995731,0.26518606239103654
702.6099999995731,0.6947666460965397
702.6199999995731,0.33370085521788845
702.629999999573,0.6757372907952344
702.639999999573,0.42536588686391597
702.649999999573,0.6434675481627389
702.659999999573,0.512503032437441
702.6699999995728,0.5953710051206879
702.6799999995728,0.5829136589526275
702.6899999995728,0.5289467147683948
702.6999999995727,0.6348161144279676
702.7099999995727,0.4445842994404917
702.7199999995727,0.6703217258223877
702.7299999995726,0.35163164831353627
702.7399999995725,0.6920456698711137
702.7499999995725,0.2750396734899064
702.7599999995725,0.7019028294260887
702.7699999995724,0.24885406321761488
702.7799999995724,0.7008032919164496
702.7899999995724,0.2878408924159822
702.7999999995723,0.6886044675024771
702.8099999995723,0.37096293853629897
702.8199999995722,0.6641010426453406
702.8299999995722,0.4641339780694451
702.8399999995721,0.6250764033990235
702.8499999995721,0.5455764186929317
702.8599999995721,0.5687148820778369
702.869999999572,0.6083256359835101
702.879999999572,0.4932028701824929
702.889999999572,0.6529543407481366
702.899999999572,0.4020535514115615
702.9099999995718,0.6821298239020795
702.9199999995718,0.3116381393388088
702.9299999995718,0.6982902916873467
702.9399999995717,0.2542818371743194
702.9499999995717,0.7029388848239643
702.9599999995717,0.2598435238688058
702.9699999995717,0.696500307990881
702.9799999995715,0.3252944579099733
702.9899999995715,0.6783008889068093
702.9999999995715,0.418145284985625
703.0099999995714,0.6465719807787963
703.0199999995714,0.5079113287228849
703.0299999995714,0.5986248563337767
703.0399999995714,0.5806552025487064
703.0499999995712,0.5317488830420493
703.0599999995712,0.6341346425556535
703.0699999995712,0.44611607197801806
703.0799999995711,0.6705312732695906
703.0899999995711,0.3512708903226491
703.0999999995711,0.6926220985329801
703.1099999995711,0.27345076454470707
703.119999999571,0.7024329716211971
703.1299999995709,0.2485431129004988
703.1399999995709,0.7009063824783746
703.1499999995708,0.2910923024143839
703.1599999995708,0.6878518537572849
703.1699999995708,0.3775384451623237
703.1799999995708,0.6619359933571598
703.1899999995707,0.47218203969157296
703.1999999995707,0.6207484963567107
703.2099999995706,0.5534538428780822
703.2199999995705,0.5613083217313117
703.2299999995705,0.6151385651305258
703.2399999995705,0.4820084079377185
703.2499999995705,0.6583260421944606
703.2599999995704,0.38776506256095844
703.2699999995704,0.6858969917285266
703.2799999995704,0.29836411967175325
703.2899999995702,0.7003068720777135
703.2999999995702,0.2495205792852546
703.3099999995702,0.7029586671276504
703.3199999995702,0.2685076368937017
703.3299999995701,0.6940896294757724
703.3399999995701,0.344289656102582
703.3499999995701,0.6727551591563137
703.3599999995699,0.44040098957360463
703.3699999995699,0.636847630105355
703.3799999995699,0.528345451298516
703.3899999995699,0.5833875989174928
703.3999999995698,0.5972370135354972
703.4099999995698,0.5098633186335041
703.4199999995698,0.6465439034846263
703.4299999995696,0.41827541582533667
703.4399999995696,0.6790090321771634
703.4499999995696,0.32318432717714946
703.4599999995696,0.6974102236917585
703.4699999995695,0.25740101991982284
703.4799999995695,0.7035448029589103
703.4899999995695,0.25560616354238214
703.4999999995694,0.6980170011587131
703.5099999995693,0.3190698546362657
703.5199999995693,0.6802109349644996
703.5299999995693,0.41405459528453425
703.5399999995692,0.6482902669343269
703.5499999995692,0.506770986202781
703.5599999995692,0.599372531582103
703.5699999995691,0.5816157033890618
703.579999999569,0.5304996009252461
703.589999999569,0.6361347117891061
703.599999999569,0.44190183744908007
703.6099999995689,0.6727467894099908
703.6199999995689,0.34441615365173495
703.6299999995689,0.6944485264156285
703.6399999995688,0.2675101626678948
703.6499999995688,0.7033589181962445
703.6599999995688,0.249463277478848
703.6699999995687,0.7003826665608769
703.6799999995686,0.3014428516738518
703.6899999995686,0.6851650778532902
703.6999999995686,0.39400404423356256
703.7099999995685,0.656084115822202
703.7199999995685,0.4898707013996954
703.7299999995685,0.6103621181580022
703.7399999995685,0.5692912892828966
703.7499999995683,0.5448194113587908
703.7599999995683,0.6279184131903394
703.7699999995683,0.4586422064809527
703.7799999995682,0.6677717124432228
703.7899999995682,0.36026168621401156
703.7999999995682,0.6919861745172798
703.8099999995682,0.2764966662879033
703.819999999568,0.7029276429561998
703.829999999568,0.24719228463166384
703.839999999568,0.7017288305457465
703.8499999995679,0.29037492031601275
703.8599999995679,0.6882226402061908
703.8699999995679,0.3805837641494382
703.8799999995679,0.6609308462664644
703.8899999995677,0.47844108330710555
703.8999999995677,0.6171439596884107
703.9099999995677,0.5610467308740805
703.9199999995676,0.5535592304988158
703.9299999995676,0.6225343774910086
703.9399999995676,0.46878304250763136
703.9499999995676,0.6645882965773457
703.9599999995675,0.36991614708584875
703.9699999995674,0.6904367470882103
703.9799999995674,0.28228451111986935
703.9899999995673,0.7026188835863133
703.9999999995673,0.24657777626277486
704.0099999995673,0.7024171928680301
704.0199999995673,0.28479365293616904
704.0299999995672,0.6897725440850575
704.0399999995672,0.3738226925714987
704.0499999995671,0.6632711438947665
704.059999999567,0.47296006562257525
704.069999999567,0.6202114686723542
704.079999999567,0.5573947258971471
704.089999999567,0.5572012071937402
704.0999999995669,0.6204007416060237
704.1099999995669,0.47259139823909063
704.1199999995669,0.6635160029741434
704.1299999995667,0.3730702387469591
704.1399999995667,0.6900497717912637
704.1499999995667,0.2838052153407061
704.1599999995667,0.7026422414285102
704.1699999995666,0.2463457201860781
704.1799999995666,0.7026416411133533
704.1899999995666,0.28401321446479033
704.1999999995664,0.6900109045451401
704.2099999995664,0.37367326895165187
704.2199999995664,0.6633140550250592
704.2299999995664,0.4736415525038512
704.2399999995663,0.6197845528140294
704.2499999995663,0.5585636374057241
704.2599999995663,0.555947352772257
704.2699999995662,0.6216885299401472
704.2799999995661,0.4701770697383028
704.2899999995661,0.664669711096903
704.2999999995661,0.36963819821658256
704.309999999566,0.6909005578739111
704.319999999566,0.28077783579639354
704.329999999566,0.7030472767607616
704.3399999995659,0.24623871050540078
704.3499999995659,0.7024335118950602
704.3599999995658,0.28796207966400916
704.3699999995658,0.688951843878479
704.3799999995657,0.3801515789185553
704.3899999995657,0.6610508843445274
704.3999999995657,0.4804731016899868
704.4099999995656,0.6158205248662976
704.4199999995656,0.56449395931683
704.4299999995656,0.5497137280883675
704.4399999995655,0.6263112587097236
704.4499999995654,0.4614489870606485
704.4599999995654,0.6679524572487072
704.4699999995654,0.3596735879988702
704.4799999995653,0.6928869960942136
704.4899999995653,0.27364512829669496
704.4999999995653,0.7037231470437554
704.5099999995653,0.24702831545862655
704.5199999995651,0.7016626193853762
704.5299999995651,0.29721114036655283
704.5399999995651,0.6864284662712234
704.549999999565,0.39333771857196365
704.559999999565,0.6562546402656885
704.569999999565,0.4932087614916809
704.579999999565,0.6080114075083157
704.5899999995648,0.574837655523531
704.5999999995648,0.5381303713486861
704.6099999995648,0.6339297722426305
704.6199999995647,0.4461392087173031
704.6299999995647,0.6730617424262839
704.6399999995647,0.34345514109755293
704.6499999995647,0.6957345150267805
704.6599999995645,0.26368930649653877
704.6699999995645,0.7044004615608982
704.6799999995645,0.25049294394279464
704.6899999995644,0.7000345578590512
704.6999999995644,0.3128019172539688
704.7099999995644,0.6820841382460234
704.7199999995644,0.41323513497434167
704.7299999995643,0.6484648279905522
704.7399999995642,0.5113209900640078
704.7499999995642,0.5957678791872045
704.7599999995641,0.5889632813812262
704.7699999995641,0.5205514394612163
704.7799999995641,0.6439728391993382
704.7899999995641,0.42391125036155436
704.799999999564,0.6795085125758664
704.809999999564,0.3217636322824847
704.819999999564,0.69900767341736
704.8299999995638,0.2532907428964955
704.8399999995638,0.7046534976564583
704.8499999995638,0.2592756603373473
704.8599999995638,0.6970820844964701
704.8699999995637,0.33586862884071234
704.8799999995637,0.6753516446570509
704.8899999995637,0.43953814225047105
704.8999999995635,0.6369561847284653
704.9099999995635,0.5339459770111402
704.9199999995635,0.5781949418378395
704.9299999995635,0.6059783054998112
704.9399999995634,0.4961023319583935
704.9499999995634,0.6556737349255584
704.9599999995634,0.394617855665043
704.9699999995632,0.6866454068501346
704.9799999995632,0.29639199677633277
704.9899999995632,0.7021241295618146
704.9999999995632,0.2461893923341286
705.0099999995631,0.7038982331911732
705.0199999995631,0.2764523135400083
705.0299999995631,0.6921456770294984
705.039999999563,0.36709282440748503
705.0499999995629,0.66541549340058
705.0599999995629,0.4714045789432961
705.0699999995629,0.6206906785472068
705.0799999995628,0.5598702728702134
705.0899999995628,0.5540767912681188
705.0999999995628,0.6247793421524223
705.1099999995627,0.46383134972555046
705.1199999995627,0.6681196877847981
705.1299999995626,0.35883151468017316
705.1399999995626,0.6936977680454794
705.1499999995625,0.2708736212987559
705.1599999995625,0.7043640042641933
705.1699999995625,0.2474239377228362
705.1799999995624,0.7013789578234738
705.1899999995624,0.3046731947494395
705.1999999995624,0.6843356933553401
705.2099999995623,0.4061431517997359
705.2199999995622,0.6511515256825405
705.2299999995622,0.5073516936378288
705.2399999995622,0.5982590122191266
705.2499999995621,0.58759308653207
705.2599999995621,0.5219211890365767
705.2699999995621,0.6441297648488417
705.279999999562,0.42311120763678267
705.2899999995619,0.6803052214741497
705.2999999995619,0.31880378012676674
705.3099999995619,0.6997876441552892
705.3199999995618,0.2511596124213381
705.3299999995618,0.7048650359003984
705.3399999995618,0.26245868668898326
705.3499999995618,0.6961334734338549
705.3599999995616,0.34500182457320483
705.3699999995616,0.6724663512549998
705.3799999995616,0.4513620834631105
705.3899999995615,0.6310410064765135
705.3999999995615,0.5453542455834913
705.4099999995615,0.5678421422181105
705.4199999995615,0.6154613085416153
705.4299999995613,0.4801929067775256
705.4399999995613,0.662748311917202
705.4499999995613,0.37455521523999
705.4599999995612,0.6911747668713205
705.4699999995612,0.2798594550052412
705.4799999995612,0.7039383062786716
705.4899999995612,0.24544834993534065
705.499999999561,0.7025913528642441
705.509999999561,0.2952309762996743
705.519999999561,0.6869241080820366
705.5299999995609,0.39599553036596513
705.5399999995609,0.6549519159942732
705.5499999995609,0.49992114266795123
705.5599999995609,0.6030727454346531
705.5699999995608,0.5831248319305088
705.5799999995608,0.5272930928490581
705.5899999995607,0.6418337646182076
705.5999999995606,0.4280317179282326
705.6099999995606,0.6793811246631922
705.6199999995606,0.32177189906931986
705.6299999995606,0.6996370354649379
705.6399999995605,0.2515459959173527
705.6499999995605,0.7050448265230701
705.6599999995605,0.26198528451143294
705.6699999995603,0.6962608268595865
705.6799999995603,0.34581789271594043
705.6899999995603,0.6721199413043581
705.6999999995603,0.45372546232092065
705.7099999995602,0.6296652871524931
705.7199999995602,0.5484207391894568
705.7299999995602,0.56470346209421
705.73999999956,0.618456699186371
705.74999999956,0.47461593040166994
705.75999999956,0.6652124270817085
705.76999999956,0.3669970666371927
705.7799999995599,0.6928288493557901
705.7899999995599,0.27381462917827987
705.7999999995599,0.7045337181632948
705.8099999995597,0.2465119558200513
705.8199999995597,0.7017940913958353
705.8299999995597,0.30472062588868065
705.8399999995597,0.6842128658465154
705.8499999995596,0.40947965657342095
705.8599999995596,0.6495201780591066
705.8699999995596,0.5129080116203536
705.8799999995595,0.593802979172307
705.8899999995594,0.5936332784818561
705.8999999995594,0.5131143956710847
705.9099999995594,0.6494814279618487
705.9199999995593,0.40948365635367245
705.9299999995593,0.6842901618692158
705.9399999995593,0.3043430143131108
705.9499999995592,0.7019076273802066
705.9599999995592,0.24626318262333166
705.9699999995591,0.7045453871046253
705.9799999995591,0.27484945426350127
705.989999999559,0.6925139980642583
705.999999999559,0.36969234781906907
706.009999999559,0.6641987975282546
706.0199999995589,0.4782714490619337
706.0299999995589,0.6161410706132212
706.0399999995589,0.5684820025149334
706.0499999995588,0.5439521496968581
706.0599999995587,0.6330286407013908
706.0699999995587,0.4464257938107716
706.0799999995587,0.6747500486854339
706.0899999995586,0.3368315024430516
706.0999999995586,0.6978927667523275
706.1099999995586,0.2565636525370949
706.1199999995586,0.7053296488385357
706.1299999995584,0.25619155267222116
706.1399999995584,0.6980143294403877
706.1499999995584,0.3361714590881242
706.1599999995583,0.6749282674011143
706.1699999995583,0.44611896897871606
706.1799999995583,0.6330996576696453
706.1899999995583,0.5441608707559551
706.1999999995581,0.5681233996270303
706.2099999995581,0.6167125973607687
706.2199999995581,0.477002721775419
706.229999999558,0.6649067138351681
706.239999999558,0.367274587430042
706.249999999558,0.6931293905303818
706.259999999558,0.27248256500166673
706.2699999995579,0.7048139910055442
706.2799999995578,0.24696823721783104
706.2899999995578,0.701487269893688
706.2999999995577,0.3097293867053835
706.3099999995577,0.6826571665175722
706.3199999995577,0.4177755289385789
706.3299999995577,0.6458071774807245
706.3399999995576,0.5217791474249592
706.3499999995576,0.586695562695281
706.3599999995575,0.6013777798686841
706.3699999995574,0.5013739601177141
706.3799999995574,0.6554235525345212
706.3899999995574,0.3935558351990792
706.3999999995574,0.6881877430483612
706.4099999995573,0.2899745252956981
706.4199999995573,0.7035524578545553
706.4299999995573,0.24447989665307648
706.4399999995571,0.7035410941032042
706.4499999995571,0.29020153190564685
706.4599999995571,0.6881128001916491
706.4699999995571,0.3941476014639654
706.479999999557,0.6551452192196232
706.489999999557,0.5023105327469934
706.499999999557,0.6006113025877929
706.5099999995568,0.5878110069147573
706.5199999995568,0.520075026237453
706.5299999995568,0.6469116501477752
706.5399999995568,0.4147760521506439
706.5499999995567,0.6835691474702401
706.5599999995567,0.3062058421340174
706.5699999995567,0.7020035973523417
706.5799999995565,0.24592257910055113
706.5899999995565,0.7046525346822081
706.5999999995565,0.27672649634899626
706.6099999995565,0.6918462718331704
706.6199999995564,0.3757020880705885
706.6299999995564,0.661780770123877
706.6399999995564,0.48653285921329165
706.6499999995563,0.6106275017072527
706.6599999995562,0.5766977471338024
706.6699999995562,0.5337049008311159
706.6799999995562,0.6399054626985107
706.6899999995561,0.4306948167529911
706.6999999995561,0.6796979231249876
706.7099999995561,0.3194054382577788
706.719999999556,0.7005366309498958
706.729999999556,0.2489091319834612
706.739999999556,0.7051865204482562
706.7499999995559,0.26813656921658746
706.7599999995558,0.6942640830862779
706.7699999995558,0.36255379113880254
706.7799999995558,0.6661991326767136
706.7899999995557,0.4750072898778396
706.7999999995557,0.6173091383175383
706.8099999995557,0.5685873038816276
706.8199999995556,0.5427810959166012
706.8299999995555,0.6348376718024442
706.8399999995555,0.44136261608258853
706.8499999995555,0.6769090173382788
706.8599999995554,0.3285661320133379
706.8699999995554,0.6994309273451006
706.8799999995554,0.2516848186991794
706.8899999995554,0.7054066301137494
706.8999999995552,0.26331646881576626
706.9099999995552,0.6956486654432844
706.9199999995552,0.3546159324154208
706.9299999995551,0.6687298515451257
706.9399999995551,0.4680931897344594
706.9499999995551,0.6210406779848591
706.9599999995551,0.5638708039633744
706.969999999555,0.5476793254168963
706.9799999995549,0.6320176568558916
706.9899999995549,0.4469073904763841
706.9999999995548,0.6754353399842242
707.0099999995548,0.3331722015620904
707.0199999995548,0.698872508553269
707.0299999995548,0.2531525784860505
707.0399999995547,0.7054799188696229
707.0499999995546,0.2614587078552378
707.0599999995546,0.6961707750761469
707.0699999995545,0.35175584640697166
707.0799999995545,0.6695644041443871
707.0899999995545,0.4659815754684963
707.0999999995545,0.6220392816016843
707.1099999995544,0.5627706901732633
707.1199999995544,0.5486116633258227
707.1299999995543,0.6316161269782554
707.1399999995542,0.44742281261505285
707.1499999995542,0.6753977591456659
707.1599999995542,0.33301420480421257
707.1699999995542,0.6989503685056592
707.1799999995541,0.2528287531360572
707.1899999995541,0.7054787898737309
707.199999999554,0.26220825480189824
707.2099999995539,0.6958961557374191
707.2199999995539,0.35390874325978866
707.2299999995539,0.668766340746699
707.2399999995539,0.4687256743126913
707.2499999995538,0.6203637905833129
707.2599999995538,0.5653373671722026
707.2699999995538,0.545620220400762
707.2799999995536,0.633656880060159
707.2899999995536,0.4429200398798675
707.2999999995536,0.676799656362633
707.3099999995536,0.32809956341370483
707.3199999995535,0.6996544302482346
707.3299999995535,0.2508077853275875
707.3399999995535,0.7053816076097612
707.3499999995533,0.2657162355661821
707.3599999995533,0.6947880237566527
707.3699999995533,0.36112205008691767
707.3799999995533,0.666274719646055
707.3899999995532,0.47625201338874956
707.3999999995532,0.6159174554783575
707.4099999995532,0.5714489218758679
707.419999999553,0.5385765255477984
707.429999999553,0.6380158354002842
707.439999999553,0.43332358660811726
707.449999999553,0.6795269540929375
707.4599999995529,0.3186549184577364
707.4699999995529,0.7008760041433152
707.4799999995529,0.24776890516844371
707.4899999995528,0.7050727889091977
707.4999999995528,0.27261667947658924
707.5099999995527,0.6927059926096132
707.5199999995527,0.373521262637647
707.5299999995526,0.6619011877994158
707.5399999995526,0.48834649965778276
707.5499999995526,0.6084440222960799
707.5599999995525,0.5808127904135425
707.5699999995525,0.5271849251111709
707.5799999995525,0.6444273204099422
707.5899999995524,0.41850940647739715
707.5999999995523,0.6833536291864031
707.6099999995523,0.3052201686152684
707.6199999995523,0.7024106447443326
707.6299999995522,0.2450184193559723
707.6399999995522,0.704342154809444
707.6499999995522,0.28392029969615135
707.6599999995522,0.6894011045896414
707.669999999552,0.39120455256200337
707.679999999552,0.6553203999114581
707.689999999552,0.5046228352341935
707.6999999995519,0.5975178978976458
707.7099999995519,0.5929718856335574
707.7199999995519,0.5109954985829571
707.7299999995519,0.6524975343180447
707.7399999995517,0.3984003919017414
707.7499999995517,0.6879518351062156
707.7599999995517,0.288837543213725
707.7699999995516,0.7039623461680148
707.7799999995516,0.2445205295930397
707.7899999995516,0.7028823793500597
707.7999999995516,0.3008054562089564
707.8099999995515,0.6845057023137764
707.8199999995514,0.4140912239581268
707.8299999995514,0.64605297415857
707.8399999995513,0.5244909453915841
707.8499999995513,0.5825311282465844
707.8599999995513,0.6073197202361225
707.8699999995513,0.48944204622145343
707.8799999995512,0.6617245500075211
707.8899999995512,0.37315295920806263
707.8999999995511,0.6929047926372409
707.909999999551,0.2713250740103573
707.919999999551,0.7051470729818148
707.929999999551,0.24882345842470766
707.939999999551,0.7002824258575554
707.9499999995509,0.32429852048636176
707.9599999995509,0.6775160042653424
707.9699999995509,0.4417685889954085
707.9799999995507,0.6334403283492271
707.9899999995507,0.547146711975518
707.9999999995507,0.5626848749642843
708.0099999995507,0.6231279490881703
708.0199999995506,0.46193809640477457
708.0299999995506,0.6715228840997691
708.0399999995506,0.3434845754192953
708.0499999995504,0.697719579842502
708.0599999995504,0.25556894151722875
708.0699999995504,0.7054927039180487
708.0799999995504,0.2607550791079336
708.0899999995503,0.6960139118454907
708.0999999995503,0.3548859007657908
708.1099999995503,0.6677646118195968
708.1199999995501,0.47339419219143225
708.1299999995501,0.6166126027892779
708.1399999995501,0.571598521307271
708.1499999995501,0.5370047696280904
708.15999999955,0.6395856184571558
708.16999999955,0.4280934079179309
708.17999999955,0.681248842212569
708.1899999995499,0.3111858557428189
708.1999999995498,0.7018359597128854
708.2099999995498,0.24565264870053516
708.2199999995498,0.7044315603798808
708.2299999995497,0.28279955647469734
708.2399999995497,0.6894064125238845
708.2499999995497,0.3921732954844107
708.2599999995496,0.6543802913237273
708.2699999995496,0.5077014497734097
708.2799999995495,0.5944570508343676
708.2899999995495,0.5967320641137696
708.2999999995494,0.5044251852902126
708.3099999995494,0.655844031377249
708.3199999995494,0.38815454472563804
708.3299999995493,0.6902211717454058
708.3399999995493,0.2797770625025514
708.3499999995493,0.7046265321881718
708.3599999995492,0.24649586745739674
708.3699999995491,0.7012807553144232
708.3799999995491,0.3162380900402845
708.3899999995491,0.67960697326137
708.399999999549,0.4347492801133685
708.409999999549,0.6362347543974894
708.419999999549,0.5431205773963051
708.429999999549,0.5656108542940369
708.4399999995488,0.6213984015510255
708.4499999995488,0.4640385867722227
708.4599999995488,0.6710570299820169
708.4699999995487,0.34379749229225065
708.4799999995487,0.6977305922409841
708.4899999995487,0.2550169908764199
708.4999999995487,0.7053827620975759
708.5099999995485,0.26267992578447763
708.5199999995485,0.6952045847369634
708.5299999995485,0.36040456939491033
708.5399999995484,0.665519278906609
708.5499999995484,0.4803559322459523
708.5599999995484,0.611884932499819
708.5699999995484,0.5779773567871817
708.5799999995482,0.5285425616286399
708.5899999995482,0.6444996214403065
708.5999999995482,0.4156909973911901
708.6099999995481,0.6844053900058669
708.6199999995481,0.2992965850486744
708.6299999995481,0.7030315911568057
708.6399999995481,0.24454649591991987
708.649999999548,0.7032806023401126
708.659999999548,0.296581269090017
708.6699999995479,0.6851522780753634
708.6799999995478,0.4125356823998911
708.6899999995478,0.6457214662269259
708.6999999995478,0.5263216953724631
708.7099999995478,0.5795450521905802
708.7199999995477,0.6106987670547425
708.7299999995477,0.4818745748265297
708.7399999995476,0.6650463660802155
708.7499999995475,0.3611850100368672
708.7599999995475,0.6950958064671987
708.7699999995475,0.26261558557503156
708.7799999995475,0.7053099202709232
708.7899999995474,0.2557774266927446
708.7999999995474,0.6973182440634392
708.8099999995474,0.34677443400662883
708.8199999995472,0.6697648306628863
708.8299999995472,0.4684302980616669
708.8399999995472,0.6183758203932963
708.8499999995472,0.5700719756432923
708.8599999995471,0.537190836389558
708.8699999995471,0.6399569495112626
708.8799999995471,0.42525963147226203
708.889999999547,0.6821704533730926
708.8999999995469,0.30620672897817597
708.9099999995469,0.7023277851379213
708.9199999995469,0.2449738724318615
708.9299999995468,0.7036186058718529
708.9399999995468,0.2921877253943566
708.9499999995468,0.6862172570751596
708.9599999995467,0.4080160125464643
708.9699999995466,0.6472509798941897
708.9799999995466,0.5236016711738481
708.9899999995466,0.5811889680508557
708.9999999995465,0.609510907967078
709.0099999995465,0.4830576878019868
709.0199999995465,0.6647152664641884
709.0299999995464,0.3612881700575183
709.0399999995464,0.6950871078665233
709.0499999995463,0.2621422508433424
709.0599999995463,0.7052232076181777
709.0699999995462,0.2569435630386332
709.0799999995462,0.6967733920311964
709.0899999995462,0.35044009048625246
709.0999999995461,0.6682796073438324
709.1099999995461,0.4730953699807971
709.119999999546,0.6152595591990231
709.129999999546,0.5743062054043104
709.1399999995459,0.5316084994713306
709.1499999995459,0.6431663240193699
709.1599999995459,0.4170930621455291
709.1699999995458,0.6841775572438191
709.1799999995458,0.2985769362402509
709.1899999995458,0.703008170627636
709.1999999995458,0.24485389731935073
709.2099999995456,0.7027116817643853
709.2199999995456,0.3017599428760812
709.2299999995456,0.6831964541962527
709.2399999995455,0.42128403039024626
709.2499999995455,0.6412070469931523
709.2599999995455,0.5352942097080531
709.2699999995455,0.5708668534276948
709.2799999995453,0.6180270955055079
709.2899999995453,0.46775014511367563
709.2999999995453,0.6701144201208954
709.3099999995452,0.34416400948257403
709.3199999995452,0.6976625475053473
709.3299999995452,0.25406678706028085
709.3399999995452,0.7050067196475894
709.349999999545,0.26701572809852603
709.359999999545,0.6933601970210183
709.369999999545,0.3716111989708772
709.3799999995449,0.6607018374133696
709.3899999995449,0.4938486981062247
709.3999999995449,0.6019504640958062
709.4099999995449,0.5899369211727432
709.4199999995448,0.5110625238878455
709.4299999995447,0.6534038482476607
709.4399999995447,0.3910873396289411
709.4499999995446,0.6897661487675542
709.4599999995446,0.27873438676941703
709.4699999995446,0.7044240745666976
709.4799999995446,0.2485998475901165
709.4899999995445,0.6998255055846303
709.4999999995445,0.3276542771837372
709.5099999995444,0.675132914036495
709.5199999995443,0.4517307231620382
709.5299999995443,0.6262537244293107
709.5399999995443,0.5597086202806053
709.5499999995443,0.5468664040547636
709.5599999995442,0.6345875514477084
709.5699999995442,0.4347406432065027
709.5799999995442,0.6798441504197975
709.589999999544,0.311964479403285
709.599999999544,0.7015913747120092
709.609999999544,0.24571007936552686
709.6199999995439,0.7034209661410753
709.6299999995439,0.29232547758059446
709.6399999995439,0.6856114611982121
709.6499999995439,0.4109220973570608
709.6599999995437,0.6450864631839585
709.6699999995437,0.5283248620953681
709.6799999995437,0.5758873395681933
709.6899999995436,0.6142672581540861
709.6999999995436,0.473055998871279
709.7099999995436,0.6684030015473403
709.7199999995436,0.34799520184917704
709.7299999995435,0.6970483116610198
709.7399999995434,0.2551238720642912
709.7499999995434,0.7048131533325206
709.7599999995433,0.26718922466130585
709.7699999995433,0.6930185676632671
709.7799999995433,0.37334679253389735
709.7899999995433,0.6595629714370749
709.7999999995432,0.49688754638883303
709.8099999995432,0.5991225644391938
709.8199999995431,0.5931084106325996
709.829999999543,0.5055134923839815
709.839999999543,0.6559506617306917
709.849999999543,0.382955979888499
709.859999999543,0.6912796537883544
709.8699999995429,0.2726210748740598
709.8799999995429,0.7045538981831049
709.8899999995429,0.25221409862553495
709.8999999995427,0.698056863241745
709.9099999995427,0.3405571768540943
709.9199999995427,0.6705932592654518
709.9299999995427,0.4665258881668109
709.9399999995426,0.6175589115547317
709.9499999995426,0.5718238747618375
709.9599999995426,0.5323767011612327
709.9699999995424,0.643003401745787
709.9799999995424,0.4146826240282171
709.9899999995424,0.684734855467107
709.9999999995424,0.2942081121347787
710.0099999995423,0.703112772561164
710.0199999995423,0.2460293621626317
710.0299999995423,0.7012934666047596
710.0399999995421,0.3134922533604146
710.0499999995421,0.6789086100105728
710.0599999995421,0.43828323163186483
710.0699999995421,0.632065780155936
710.079999999542,0.5511414567706339
710.089999999542,0.5542279544392932
710.099999999542,0.6300814194254329
710.1099999995419,0.442207849328646
710.1199999995418,0.6778371739660161
710.1299999995418,0.3167538074936148
710.1399999995418,0.7008977826305516
710.1499999995417,0.24648622181997884
710.1599999995417,0.7031919585622217
710.1699999995417,0.2923899710766736
710.1799999995416,0.6850935143093946
710.1899999995416,0.4130124983022962
710.1999999995415,0.6433684646124963
710.2099999995415,0.5317624609131214
710.2199999995414,0.5717229319582171
710.2299999995414,0.6176960719925301
710.2399999995414,0.4652792648159817
710.2499999995413,0.6709847857775316
710.2599999995413,0.33810955005368787
710.2699999995413,0.6982670778075086
710.2799999995412,0.2512376986722882
710.2899999995411,0.7041345379200694
710.2999999995411,0.2768676354059709
710.3099999995411,0.6896139564270433
710.319999999541,0.3913091326177248
710.329999999541,0.6520538381255969
710.339999999541,0.5143206792462772
710.349999999541,0.585475349665519
710.3599999995408,0.6063321404387115
710.3699999995408,0.48401389338654016
710.3799999995408,0.6645462019584221
710.3899999995407,0.35695304810475115
710.3999999995407,0.695534081782154
710.4099999995407,0.25814917351248123
710.4199999995407,0.7044363858350889
710.4299999995405,0.26611825695824576
710.4399999995405,0.6928394333309519
710.4499999995405,0.37349778775636683
710.4599999995404,0.6585862414601402
710.4699999995404,0.4993507377471368
710.4799999995404,0.5960102338127746
710.4899999995404,0.5964287518001276
710.4999999995403,0.4986829685987592
710.5099999995402,0.6588521661065321
710.5199999995402,0.37255163916528744
710.5299999995401,0.6929680900052024
710.5399999995401,0.2654986103334859
710.5499999995401,0.7043542560773223
710.5599999995401,0.2591436734767016
710.56999999954,0.6950588950958063
710.57999999954,0.35967094824643375
710.5899999995399,0.6633242342578067
710.5999999995398,0.4872714559655089
710.6099999995398,0.6037501415611047
710.6199999995398,0.5883621196125103
710.6299999995398,0.5095893156426679
710.6399999995397,0.6541860347598117
710.6499999995397,0.38454672992962996
710.6599999995397,0.6907920747917384
710.6699999995395,0.2720176682949971
710.6799999995395,0.7040910458926302
710.6899999995395,0.25496017613543515
710.6999999995395,0.696491685680343
710.7099999995394,0.34976284564201693
710.7199999995394,0.6665347819123076
710.7299999995394,0.47838496890253773
710.7399999995392,0.6090154899185812
710.7499999995392,0.5824321648198598
710.7599999995392,0.517002108831492
710.7699999995392,0.6507743223244329
710.7799999995391,0.39279236821501085
710.7899999995391,0.6891791600217695
710.7999999995391,0.27684784712919114
710.809999999539,0.7037977903581518
710.8199999995389,0.25274632034298733
710.8299999995389,0.6972946923244552
710.8399999995389,0.3436357415917386
710.8499999995388,0.6684040004758331
710.8599999995388,0.4728876701717912
710.8699999995388,0.6120296417894878
710.8799999995387,0.5788536946612858
710.8899999995386,0.5211243509281526
710.8999999995386,0.64877866330259
710.9099999995386,0.3972477938997275
710.9199999995385,0.6882489441496248
710.9299999995385,0.2794705739829135
710.9399999995385,0.7035742158602385
710.9499999995384,0.25193212456058095
710.9599999995384,0.6975667563427378
710.9699999995383,0.3411576530443585
710.9799999995383,0.6690445613799043
710.9899999995382,0.4708861590874256
710.9999999995382,0.6129243628181757
711.0099999995382,0.577751621318071
711.0199999995381,0.5220779452172117
711.0299999995381,0.648289990039346
711.039999999538,0.3979134356809413
711.049999999538,0.6880645555307986
711.0599999995379,0.27964650305633043
711.0699999995379,0.7034686917756736
711.0799999995379,0.252243697503703
711.0899999995378,0.6973511455541488
711.0999999995378,0.34225697186659493
711.1099999995378,0.6685001263269117
711.1199999995378,0.47241098730382325
711.1299999995376,0.6117437285129921
711.1399999995376,0.5791590830707797
711.1499999995376,0.5198979374487717
711.1599999995375,0.649325339223155
711.1699999995375,0.3948000765983017
711.1799999995375,0.6886310252487702
711.1899999995375,0.27738101982492347
711.1999999995373,0.703478129791166
711.2099999995373,0.2537186977946682
711.2199999995373,0.696636608407623
711.2299999995372,0.3469461916355619
711.2399999995372,0.6667471411638008
711.2499999995372,0.47742284543259483
711.2599999995372,0.6084457444636951
711.269999999537,0.5830174209374571
711.279999999537,0.5145319289172546
711.289999999537,0.6518274362841597
711.2999999995369,0.38792499183479506
711.3099999995369,0.6898952697108466
711.3199999995369,0.2729220280697869
711.3299999995369,0.7035480946890296
711.3399999995368,0.2567013647036992
711.3499999995367,0.6953572451572907
711.3599999995367,0.3553122048216066
711.3699999995366,0.6636941508324385
711.3799999995366,0.48580910355635026
711.3899999995366,0.6029015380310334
711.3999999995366,0.5891776053369799
711.4099999995365,0.5058437974006811
711.4199999995365,0.65566704624799
711.4299999995364,0.37733390584838317
711.4399999995363,0.6917476915763501
711.4499999995363,0.2667895849647286
711.4599999995363,0.7035731082763931
711.4699999995363,0.2618161369314122
711.4799999995362,0.6933911495648705
711.4899999995362,0.3674747363575619
711.4999999995362,0.6591785972278306
711.509999999536,0.49737236519097267
711.519999999536,0.5948924139786658
711.529999999536,0.5974035280499591
711.539999999536,0.49362366339121483
711.5499999995359,0.660647948925563
711.5599999995359,0.3631526272386548
711.5699999995359,0.6940251299962644
711.5799999995357,0.25983063925978717
711.5899999995357,0.7033968501085356
711.5999999995357,0.26990984278521746
711.6099999995357,0.690557498149084
711.6199999995356,0.38351888486311375
711.6299999995356,0.6529608925394196
711.6399999995356,0.5118159694326825
711.6499999995355,0.5841056857772882
711.6599999995354,0.6073781410575102
711.6699999995354,0.47760940616225145
711.6799999995354,0.6665142106564533
711.6899999995353,0.34567644909909745
711.6999999995353,0.6965146143190544
711.7099999995353,0.25328195897751715
711.7199999995352,0.702811685237285
711.7299999995352,0.28194789668816916
711.7399999995351,0.6866114976835167
711.7499999995351,0.4034134371775767
711.759999999535,0.644715502015408
711.769999999535,0.5287332837094578
711.779999999535,0.5701314198757789
711.7899999995349,0.6187134091477946
711.7999999995349,0.4575298719756726
711.8099999995349,0.6729591317781018
711.8199999995348,0.3255068886905869
711.8299999995347,0.6989571001355261
711.8399999995347,0.24880767860949388
711.8499999995347,0.7015566798162746
711.8599999995346,0.2988546522415292
711.8699999995346,0.6812363597594487
711.8799999995346,0.4269328082524423
711.8899999995346,0.6340189745959974
711.8999999995344,0.5476074366626674
711.9099999995344,0.5524647334767421
711.9199999995344,0.6309643511890204
711.9299999995343,0.43318699326286353
711.9399999995343,0.6796348634121114
711.9499999995343,0.30373917761870856
711.9599999995343,0.7010500989380762
711.9699999995341,0.24845684736705895
711.9799999995341,0.699312998090572
711.9899999995341,0.32130617237835557
711.999999999534,0.6740312956927427
712.009999999534,0.4536041443648515
712.019999999534,0.6203356481503568
712.029999999534,0.5678255983569459
712.0399999995338,0.5305232125682992
712.0499999995338,0.6436462662853281
712.0599999995338,0.4046031442435872
712.0699999995337,0.6861612794464331
712.0799999995337,0.2821807478676005
712.0899999995337,0.7024478601964427
712.0999999995337,0.254473562390278
712.1099999995336,0.6956953091165584
712.1199999995335,0.3495134679842755
712.1299999995335,0.6644945288668819
712.1399999995334,0.48269842359590015
712.1499999995334,0.6030038037067004
712.1599999995334,0.5887076045096568
712.1699999995334,0.5036981920850631
712.1799999995333,0.6562529738416064
712.1899999995333,0.37226745764790864
712.1999999995332,0.6921323506174899
712.2099999995331,0.2635291109982596
712.2199999995331,0.7027575245154613
712.2299999995331,0.26891415475063285
712.2399999995331,0.6902375847097948
712.249999999533,0.38306237100225426
712.259999999533,0.6520007889568863
712.269999999533,0.5132734345709339
712.2799999995328,0.5812297416616825
712.2899999995328,0.6095440697256548
712.2999999995328,0.47147437745128595
712.3099999995328,0.6682729790117108
712.3199999995327,0.3375074408828006
712.3299999995327,0.697118052873252
712.3399999995327,0.2513572357969908
712.3499999995325,0.7015294200038427
712.3599999995325,0.2931093075907306
712.3699999995325,0.6823715178141487
712.3799999995325,0.4208798075097754
712.3899999995324,0.6357743685443911
712.3999999995324,0.544260167208325
712.4099999995324,0.5541073073768411
712.4199999995323,0.6296358635187471
712.4299999995322,0.433675354534151
712.4399999995322,0.6792001780680161
712.4499999995322,0.30295920656292596
712.4599999995321,0.7006597349147178
712.4699999995321,0.24969203277051719
712.4799999995321,0.6982393981593276
712.489999999532,0.32714051573471903
712.499999999532,0.6713959822512314
712.5099999995319,0.4613595608249543
712.5199999995319,0.6148631697736539
712.5299999995318,0.5745695480906
712.5399999995318,0.5207005327811816
712.5499999995318,0.6483260890803425
712.5599999995317,0.3909144137125576
712.5699999995317,0.6885360226572417
712.5799999995317,0.2729643268461401
712.5899999995316,0.702256774792601
712.5999999995315,0.262047594307638
712.6099999995315,0.6922608244569368
712.6199999995315,0.3695895049450204
712.6299999995314,0.6564371943742026
712.6399999995314,0.50261561183357
712.6499999995314,0.5881297313398928
712.6599999995314,0.6031907221034145
712.6699999995312,0.48026355775996066
712.6799999995312,0.6650174739454797
712.6899999995312,0.3453126912973959
712.6999999995311,0.695780671538314
712.7099999995311,0.25347716970400086
712.7199999995311,0.7013421414995892
712.7299999995311,0.29010841679004185
712.7399999995309,0.6828237655915237
712.7499999995309,0.41774682632193433
712.7599999995309,0.6364033480475974
712.7699999995308,0.5427766148183811
712.7799999995308,0.5542991231660626
712.7899999995308,0.6292573751425581
712.7999999995308,0.4327257114148162
712.8099999995306,0.6791712170758464
712.8199999995306,0.301390844201564
712.8299999995306,0.7004111384512751
712.8399999995305,0.250912822838223
712.8499999995305,0.6972440705420745
712.8599999995305,0.33271815338715416
712.8699999995305,0.6689598170159449
712.8799999995304,0.4682279921747184
712.8899999995303,0.6099489238070052
712.8999999995303,0.5802259819682677
712.9099999995302,0.5121532282766377
712.9199999995302,0.6520708733818009
712.9299999995302,0.37960719213312744
712.9399999995302,0.6902862752513882
712.9499999995301,0.2666078913652125
712.95999999953,0.7018444075216596
712.96999999953,0.2697797465119621
712.9799999995299,0.6891306499219328
712.9899999995299,0.3859176230244846
712.9999999995299,0.6494351315477523
713.0099999995299,0.5177173850045148
713.0199999995298,0.5754927419821031
713.0299999995298,0.6137290147944408
713.0399999995298,0.4610493370140379
713.0499999995296,0.6710813787586023
713.0599999995296,0.3254106339137049
713.0699999995296,0.69785958616419
713.0799999995296,0.2504129071146675
713.0899999995295,0.6993827667855337
713.0999999995295,0.3101520416256081
713.1099999995295,0.6759346425533378
713.1199999995293,0.44415143233335436
713.1299999995293,0.6226875118200154
713.1399999995293,0.5635291926775756
713.1499999995293,0.5314004568024893
713.1599999995292,0.6424411472171816
713.1699999995292,0.40204572680788186
713.1799999995292,0.6858353959543937
713.189999999529,0.2789367380550669
713.199999999529,0.7013273218483448
713.209999999529,0.2608145360749157
713.219999999529,0.6921375126985965
713.2299999995289,0.36694949159481466
713.2399999995289,0.6562603909849545
713.2499999995289,0.501926951961651
713.2599999995288,0.5868206824806361
713.2699999995287,0.6038351983137279
713.2799999995287,0.47657571738107396
713.2899999995287,0.6658279782035162
713.2999999995286,0.339851379666989
713.3099999995286,0.6958990158917508
713.3199999995286,0.2527404311201829
713.3299999995285,0.6999851801764589
713.3399999995285,0.2996590004778441
713.3499999995284,0.6789271545612592
713.3599999995284,0.4319085534956648
713.3699999995283,0.6282918495386989
713.3799999995283,0.5550209084766462
713.3899999995283,0.5398025316474906
713.3999999995282,0.6375985161305505
713.4099999995282,0.41189499080550357
713.4199999995282,0.6835371107586168
713.4299999995281,0.2850120458141291
713.439999999528,0.7007619818386122
713.449999999528,0.25846439062890647
713.459999999528,0.6928829429219648
713.4699999995279,0.36055941244851375
713.4799999995279,0.6581519706936172
713.4899999995279,0.49678619165871307
713.4999999995279,0.5897735830351937
713.5099999995277,0.6008547936082104
713.5199999995277,0.4802170041695411
713.5299999995277,0.6643432694475404
713.5399999995276,0.34290165810480616
713.5499999995276,0.6952511972507599
713.5599999995276,0.2536307583512286
713.5699999995276,0.6997211764892899
713.5799999995274,0.2992747976653682
713.5899999995274,0.6786876899623131
713.5999999995274,0.4319674249882879
713.6099999995273,0.6276721173470552
713.6199999995273,0.5556021213611568
713.6299999995273,0.5382783910020413
713.6399999995273,0.6382344401843416
713.6499999995272,0.409229605822471
713.6599999995271,0.6838782614485205
713.6699999995271,0.2829583186567735
713.679999999527,0.7005336198828161
713.689999999527,0.2606572958398581
713.699999999527,0.6917359357769545
713.709999999527,0.36637891579759235
713.7199999995269,0.6555190695769321
713.7299999995269,0.5026489676146305
713.7399999995268,0.5847998435688074
713.7499999995267,0.6051207197364282
713.7599999995267,0.4722957379861588
713.7699999995267,0.6668332952268736
713.7799999995267,0.33438488821024803
713.7899999995266,0.6960368534121213
713.7999999995266,0.25252752483516117
713.8099999995266,0.6986616698490045
713.8199999995264,0.30873826890209294
713.8299999995264,0.6752464521921548
713.8399999995264,0.44422971623115426
713.8499999995264,0.6208031786286503
713.8599999995263,0.5651371800145615
713.8699999995263,0.5267497772020048
713.8799999995263,0.6441846489796818
713.8899999995261,0.3941494931815232
713.8999999995261,0.6866840868207394
713.9099999995261,0.2736738467251357
713.9199999995261,0.700443305371526
713.929999999526,0.2685781561246967
713.939999999526,0.6884314468316498
713.949999999526,0.38451906349251
713.9599999995258,0.6479647477827494
713.9699999995258,0.5189424011204556
713.9799999995258,0.5713384179153522
713.9899999995258,0.6159983129841977
713.9999999995257,0.4524183599602365
714.0099999995257,0.6727586338405234
714.0199999995257,0.31542131754412184
714.0299999995256,0.697771768809198
714.0399999995255,0.25248152458855705
714.0499999995255,0.6962839957110672
714.0599999995255,0.32957454895273214
714.0699999995254,0.6679212025713857
714.0799999995254,0.46805307262427126
714.0899999995254,0.6067317902988362
714.0999999995253,0.5824743590900322
714.1099999995253,0.5041817743009371
714.1199999995252,0.6544552968186701
714.1299999995252,0.367001074082752
714.1399999995251,0.6911370321184946
714.1499999995251,0.26110393383499325
714.1599999995251,0.6997109614053328
714.169999999525,0.2862301746981808
714.179999999525,0.6820506265391877
714.189999999525,0.41510697123472257
714.199999999525,0.634243529351048
714.2099999995248,0.5441016523794461
714.2199999995248,0.5478194240030023
714.2299999995248,0.631956524493919
714.2399999995247,0.4198374251207175
714.2499999995247,0.6808989188707855
714.2599999995247,0.2894166550142916
714.2699999995247,0.6993914356775709
714.2799999995245,0.26003053819171307
714.2899999995245,0.6914483095704245
714.2999999995245,0.36386298179859033
714.3099999995244,0.6552417968762735
714.3199999995244,0.5018141449169955
714.3299999995244,0.5834991416916375
714.3399999995244,0.6055073409377374
714.3499999995242,0.46883355037648067
714.3599999995242,0.667345207479246
714.3699999995242,0.3296964379512827
714.3799999995241,0.6958431406755323
714.3899999995241,0.2532389276618265
714.3999999995241,0.6969678199704576
714.4099999995241,0.31874278339816714
714.419999999524,0.6709333285095966
714.429999999524,0.4571071455537853
714.4399999995239,0.6121216958630445
714.4499999995238,0.575488241931122
714.4599999995238,0.511740328620351
714.4699999995238,0.6507404608300107
714.4799999995238,0.37468368245834466
714.4899999995237,0.6894762078045839
714.4999999995237,0.26423256448696425
714.5099999995236,0.6992755942475687
714.5199999995235,0.28389761480412234
714.5299999995235,0.6823153691243572
714.5399999995235,0.4120496042253776
714.5499999995235,0.6347722432993103
714.5599999995234,0.5424790750625462
714.5699999995234,0.5480604535133222
714.5799999995234,0.6313675293818762
714.5899999995232,0.41919481783293283
714.5999999995232,0.6806355525167103
714.6099999995232,0.28860471209856703
714.6199999995232,0.6989010798553301
714.6299999995231,0.26211472973885874
714.6399999995231,0.6901921766226174
714.6499999995231,0.3691292408269341
714.6599999995229,0.6524816058769057
714.6699999995229,0.5073005679572244
714.6799999995229,0.5781771910578919
714.6899999995229,0.6095616872584987
714.6999999995228,0.46025660327932594
714.7099999995228,0.6696338682940691
714.7199999995228,0.32104323150504993
714.7299999995226,0.6962777500452592
714.7399999995226,0.25409768271698735
714.7499999995226,0.695210443398152
714.7599999995226,0.3309128558715973
714.7699999995225,0.6661448743215881
714.7799999995225,0.4710163039467173
714.7899999995225,0.6028243975442863
714.7999999995224,0.5857354842222884
714.8099999995223,0.49655473855199445
714.8199999995223,0.656776761105002
714.8299999995223,0.3568431915175915
714.8399999995222,0.6917749403666561
714.8499999995222,0.25848796684754205
714.8599999995222,0.6978955583986568
714.8699999995221,0.2995912614432104
714.879999999522,0.6765101839397533
714.889999999522,0.434880334602728
714.899999999522,0.6228117828051413
714.9099999995219,0.5603911399967502
714.9199999995219,0.5277975635273936
714.9299999995219,0.64238080185597
714.9399999995218,0.3925881765310729
714.9499999995218,0.6857217126711215
714.9599999995218,0.27253878142249477
714.9699999995217,0.6986826156189985
714.9799999995216,0.2765596912560636
714.9899999995216,0.6841943660171301
714.9999999995216,0.4002270316712132
715.0099999995215,0.6389014761188705
715.0199999995215,0.5341172178338649
715.0299999995215,0.5542334422273489
715.0399999995215,0.6267847026937959
715.0499999995213,0.42617000976172037
715.0599999995213,0.6784240276485015
715.0699999995213,0.29301512614832353
715.0799999995212,0.6979408707693264
715.0899999995212,0.26219330995326307
715.0999999995212,0.6897058876109676
715.1099999995212,0.36831870255804483
715.119999999521,0.651763419252551
715.129999999521,0.507567819865476
715.139999999521,0.576347896408537
715.1499999995209,0.6103535967458025
715.1599999995209,0.45650100606836386
715.1699999995209,0.6701762698423006
715.1799999995209,0.3169160096010195
715.1899999995208,0.6959920595428881
715.1999999995207,0.2558916026582159
715.2099999995207,0.6934670378750402
715.2199999995206,0.3401853142841935
715.2299999995206,0.6619678193216585
715.2399999995206,0.4814256273010839
715.2499999995206,0.5946952503133589
715.2599999995205,0.5934765772546079
715.2699999995205,0.4831745944619453
715.2799999995204,0.6612679441723763
715.2899999995203,0.3418547565885568
715.2999999995203,0.6931234673417632
715.3099999995203,0.2563412118635459
715.3199999995203,0.6958325685282801
715.3299999995202,0.3164986569556703
715.3399999995202,0.6699929265850905
715.3499999995202,0.45635402853110824
715.35999999952,0.6098144176362433
715.36999999952,0.5765581854643717
715.37999999952,0.5061877660605991
715.38999999952,0.6519862491789029
715.3999999995199,0.3661436455138624
715.4099999995199,0.6895966735964136
715.4199999995199,0.26186870524017686
715.4299999995197,0.6971042321996929
715.4399999995197,0.2975139320726792
715.4499999995197,0.6762376369184558
715.4599999995197,0.43294694504850384
715.4699999995196,0.6221921204262941
715.4799999995196,0.5600052739766598
715.4899999995196,0.5257489697312152
715.4999999995194,0.6426152330406807
715.5099999995194,0.3887077367447128
715.5199999995194,0.6856528037271353
715.5299999995194,0.27075860895249626
715.5399999995193,0.6975415316328964
715.5499999995193,0.2830886965340458
715.5599999995193,0.6810342347842645
715.5699999995192,0.4116862804232816
715.5799999995191,0.632250797577442
715.5899999995191,0.5442113704279992
715.5999999995191,0.5421580030770001
715.609999999519,0.6334323100647444
715.619999999519,0.40893676419800323
715.629999999519,0.6815150237157179
715.6399999995189,0.28146868746507947
715.6499999995189,0.6973692724292764
715.6599999995188,0.2727642536699806
715.6699999995188,0.6846594453373094
715.6799999995187,0.39291537208506744
715.6899999995187,0.6403483096567804
715.6999999995187,0.52954106112983
715.7099999995186,0.555736386174409
715.7199999995186,0.6247029975462736
715.7299999995186,0.42653878177304083
715.7399999995185,0.677388935809792
715.7499999995184,0.2927343010326152
715.7599999995184,0.6967825543512568
715.7699999995184,0.26587969033719794
715.7799999995183,0.6873432949538286
715.7899999995183,0.3768328412763852
715.7999999995183,0.6467825661982662
715.8099999995183,0.5163168171782266
715.8199999995181,0.5667897489609381
715.8299999995181,0.6166747640120092
715.8399999995181,0.44142161671435215
715.849999999518,0.6734614746033495
715.859999999518,0.3035884092707245
715.869999999518,0.6959497925763499
715.879999999518,0.26168796114858367
715.8899999995178,0.6892758596052088
715.8999999995178,0.3635062885253444
715.9099999995178,0.6517976118621791
715.9199999995177,0.504810065190978
715.9299999995177,0.5755891856295134
715.9399999995177,0.6095708205267028
715.9499999995177,0.45360663770765136
715.9599999995175,0.6698988473031869
715.9699999995175,0.31333232944270245
715.9799999995175,0.695014291461564
715.9899999995174,0.25945277613674866
715.9999999995174,0.6906122022336747
716.0099999995174,0.35290112813656166
716.0199999995174,0.6555895477012872
716.0299999995173,0.4952373073270601
716.0399999995172,0.5823632153279963
716.0499999995172,0.603584527281019
716.0599999995171,0.4631701984309556
716.0699999995171,0.6668439992102538
716.0799999995171,0.32148605727758106
716.0899999995171,0.6940948205322058
716.099999999517,0.2585173963561003
716.109999999517,0.6914758564046583
716.119999999517,0.34491764685679477
716.1299999995168,0.6583116154371254
716.1399999995168,0.4877609881228797
716.1499999995168,0.5872952994200139
716.1599999995168,0.598874854419728
716.1699999995167,0.4702058160357382
716.1799999995167,0.6644140098410275
716.1899999995167,0.32773652904109457
716.1999999995165,0.6932855709038132
716.2099999995165,0.2583462981328348
716.2199999995165,0.6919611961603366
716.2299999995165,0.33942927140747897
716.2399999995164,0.6600782408985943
716.2499999995164,0.48249387373315283
716.2599999995164,0.5905239907375024
716.2699999995162,0.5955630792822911
716.2799999995162,0.47480078498280304
716.2899999995162,0.6626977400922462
716.2999999995162,0.3318933263532652
716.3099999995161,0.6926558006176742
716.3199999995161,0.2585459940988711
716.3299999995161,0.6921349836185978
716.339999999516,0.3363163986672048
716.349999999516,0.660968043666554
716.3599999995159,0.47950515522254267
716.3699999995159,0.5921440825082563
716.3799999995158,0.5937306803878852
716.3899999995158,0.4770224516179254
716.3999999995158,0.6617539632069741
716.4099999995157,0.3338555961030534
716.4199999995157,0.6922494087017839
716.4299999995156,0.25887264205194804
716.4399999995156,0.6920373255248989
716.4499999995155,0.3354920653464894
716.4599999995155,0.6610258974708161
716.4699999995155,0.47882638720985127
716.4799999995154,0.5922078839432321
716.4899999995154,0.5934182484650858
716.4999999995154,0.47691091278055736
716.5099999995153,0.6616101305096056
716.5199999995152,0.3335909884986181
716.5299999995152,0.692084610122483
716.5399999995152,0.25923293759958366
716.5499999995151,0.6916822059283517
716.5599999995151,0.336917477741588
716.5699999995151,0.6602641352411831
716.5799999995149,0.4804556839534654
716.5899999995149,0.5907261900018819
716.5999999995149,0.594625196320242
716.6099999995149,0.47447619375261096
716.6199999995148,0.6622618534574657
716.6299999995148,0.3311262832419988
716.6399999995148,0.6921538173540261
716.6499999995146,0.25968252369148265
716.6599999995146,0.691057697468398
716.6699999995146,0.34060665325358885
716.6799999995146,0.6586629691422353
716.6899999995145,0.48435919942082156
716.6999999995145,0.5876687775042393
716.7099999995145,0.5973101049814635
716.7199999995144,0.46969900991963576
716.7299999995143,0.6636731264088062
716.7399999995143,0.32654923492837595
716.7499999995143,0.6924237695003937
716.7599999995142,0.26042356445804726
716.7699999995142,0.6901258900890703
716.7799999995142,0.3466201835509718
716.7899999995141,0.6561701596930514
716.7999999995141,0.4904696771155448
716.809999999514,0.5829644418162508
716.819999999514,0.6013916552051783
716.8299999995139,0.4625351187534019
716.8399999995139,0.6657772671917137
716.8499999995139,0.32002140103723653
716.8599999995138,0.6928358866453256
716.8699999995138,0.2618005632220162
716.8799999995138,0.6888225137402553
716.8899999995137,0.35504869001054545
716.8999999995136,0.6526999304355171
716.9099999995136,0.49868262878221803
716.9199999995136,0.5765007629435221
716.9299999995135,0.6067502131062338
716.9399999995135,0.45292414630559974
716.9499999995135,0.668478506601997
716.9599999995135,0.3118018235182737
716.9699999995133,0.6933067656744899
716.9799999995133,0.26429109783106286
716.9899999995133,0.6870561713735848
716.9999999995132,0.3659872434858849
717.0099999995132,0.6481310982212912
717.0199999995132,0.5088513594337306
717.0299999995132,0.5681240208872009
717.039999999513,0.6132302144723382
717.049999999513,0.4408047326652623
717.059999999513,0.671654107876916
717.0699999995129,0.3022809268126887
717.0799999995129,0.6937286736508812
717.0899999995129,0.2684861383699772
717.0999999995129,0.6847070413068669
717.1099999995128,0.3795030975378467
717.1199999995127,0.6423043872799992
717.1299999995127,0.52078247893454
717.1399999995126,0.5576400496322798
717.1499999995126,0.6206434877529784
717.1599999995126,0.42613895016504794
717.1699999995126,0.6751568379821419
717.1799999995125,0.2920222732505621
717.1899999995125,0.6939698362559585
717.1999999995124,0.27505357605886155
717.2099999995123,0.6816248556761763
717.2199999995123,0.3956005340420464
717.2299999995123,0.6350189428052395
717.2399999995123,0.5342336224752
717.2499999995122,0.5448174355348873
717.2599999995122,0.6287735579321408
717.2699999995122,0.4089501540797818
717.279999999512,0.6788175454118167
717.289999999512,0.28180619341622326
717.299999999512,0.6938742618169174
717.309999999512,0.2846795186231293
717.3199999995119,0.6776259189348912
717.3299999995119,0.41418810017386765
717.3399999995119,0.6260281992766367
717.3499999995117,0.5489147894259983
717.3599999995117,0.5293954857060511
717.3699999995117,0.6373807970500571
717.3799999995117,0.38937940480013444
717.3899999995116,0.6824475287267529
717.3999999995116,0.27266329753754864
717.4099999995116,0.6932607863836486
717.4199999995114,0.2979859378283266
717.4299999995114,0.6724889069688708
717.4399999995114,0.4350543848737691
717.4499999995114,0.6150355677297108
717.4599999995113,0.5644940267617143
717.4699999995113,0.5111010244149347
717.4799999995113,0.6462080710138876
717.4899999995112,0.3677654695893719
717.4999999995111,0.6858403130937868
717.5099999995111,0.26587798696301684
717.5199999995111,0.6919209728352752
717.529999999511,0.3154308897338187
717.539999999511,0.6659492050744125
717.549999999511,0.4578580186380586
717.5599999995109,0.6016910234149235
717.5699999995109,0.5806072598344668
717.5799999995108,0.4896805465883301
717.5899999995108,0.6549863260732093
717.5999999995107,0.34475030259909933
717.6099999995107,0.688772394646087
717.6199999995107,0.26293518809296756
717.6299999995106,0.6896154491900183
717.6399999995106,0.33720743623332616
717.6499999995106,0.6576916461074934
717.6599999995105,0.48213536953863856
717.6699999995104,0.5855908421953859
717.6799999995104,0.5968711273593748
717.6899999995104,0.4649576548465044
717.6999999995103,0.6634394089030049
717.7099999995103,0.3214026297074804
717.7199999995103,0.6910024663393436
717.7299999995103,0.2653840700833002
717.7399999995101,0.68606823502189
717.7499999995101,0.36316565540681667
717.7599999995101,0.647341789836866
717.76999999951,0.5073257307202829
717.77999999951,0.5662848508793895
717.78999999951,0.6128969500670237
717.79999999951,0.4369295161455132
717.8099999995098,0.6712873476355734
717.8199999995098,0.29933295092591755
717.8299999995098,0.6922686008610202
717.8399999995097,0.27460939489216374
717.8499999995097,0.6809585997438783
717.8599999995097,0.39278322214856376
717.8699999995097,0.6344565211257499
717.8799999995096,0.5328096888680389
717.8899999995095,0.5432992332396039
717.8999999995095,0.628303632657742
717.9099999995094,0.4059181225372234
717.9199999995094,0.6782473359683455
717.9299999995094,0.2807427660110847
717.9399999995094,0.6922828299703271
717.9499999995093,0.29153932268834315
717.9599999995093,0.6739100717598073
717.9699999995092,0.4252002018456526
717.9799999995091,0.6185160862542104
717.9899999995091,0.5579532487913278
717.9999999995091,0.5161889311508531
718.0099999995091,0.6427274186940102
718.019999999509,0.3727866344645575
718.029999999509,0.6840317306509964
718.039999999509,0.2683189083692888
718.0499999995088,0.6907225220689603
718.0599999995088,0.3163677908064874
718.0699999995088,0.6644764875403202
718.0799999995088,0.4593147817082106
718.0899999995087,0.5989223800254526
718.0999999995087,0.5821492643455404
718.1099999995087,0.4846424506338712
718.1199999995085,0.6558268914825838
718.1299999995085,0.3392064230014494
718.1399999995085,0.688342448203037
718.1499999995085,0.26488125659697526
718.1599999995084,0.6872179354962987
718.1699999995084,0.3483994167144431
718.1799999995084,0.6521256856448653
718.1899999995082,0.4939167731396278
718.1999999995082,0.5750134701186178
718.2099999995082,0.604849009931191
718.2199999995082,0.44867194258803395
718.2299999995081,0.6672822492474451
718.2399999995081,0.3079008571139077
718.2499999995081,0.6908611838924421
718.259999999508,0.2727654108177106
718.269999999508,0.6813353745117404
718.2799999995079,0.3861006850466786
718.2899999995079,0.6362231402866805
718.2999999995078,0.5278246685407418
718.3099999995078,0.5461137461884901
718.3199999995078,0.6255795959402073
718.3299999995077,0.4089251467958778
718.3399999995077,0.676788461117532
718.3499999995076,0.28269393023259903
718.3599999995076,0.6912348467966579
718.3699999995075,0.29308763994024833
718.3799999995075,0.6725556649825134
718.3899999995075,0.42735982182608717
718.3999999995074,0.6160215570139095
718.4099999995074,0.5599946876226536
718.4199999995074,0.5116546932318753
718.4299999995073,0.6439461738821165
718.4399999995072,0.3671315028237199
718.4499999995072,0.6840422637448158
718.4599999995072,0.26810661042872375
718.4699999995071,0.6890555266622698
718.4799999995071,0.32521153559137017
718.4899999995071,0.6602485977075405
718.499999999507,0.46986492798371754
718.5099999995069,0.5906702442972385
718.5199999995069,0.5895835537484592
718.5299999995069,0.4714229166054566
718.5399999995068,0.6596204003212727
718.5499999995068,0.32660039748884356
718.5599999995068,0.6887230072989371
718.5699999995068,0.2683158802040627
718.5799999995066,0.6838342912804857
718.5899999995066,0.366736945465461
718.5999999995066,0.6436464584627922
718.6099999995065,0.5114671615743093
718.6199999995065,0.55927339048579
718.6299999995065,0.6159627869956338
718.6399999995065,0.42600914729383793
718.6499999995063,0.6723178694042999
718.6599999995063,0.29248540084062546
718.6699999995063,0.6904671247064956
718.6799999995062,0.28567021502875095
718.6899999995062,0.674968466896696
718.6999999995062,0.4140753948013409
718.7099999995062,0.6218257010909234
718.7199999995061,0.5504251851957811
718.729999999506,0.521053780540024
718.739999999506,0.6386939959122033
718.7499999995059,0.3775044207370531
718.7599999995059,0.6817671809950122
718.7699999995059,0.27128397942780624
718.7799999995059,0.6888356090102351
718.7899999995058,0.31949389951533463
718.7999999995058,0.6617035369245859
718.8099999995057,0.4633363198624279
718.8199999995056,0.5937190944082948
718.8299999995056,0.5854967101713947
718.8399999995056,0.475719137493524
718.8499999995056,0.657479190843648
718.8599999995055,0.3303242575415184
718.8699999995055,0.6876723456279311
718.8799999995055,0.2691015375299174
718.8899999995053,0.6832736434687994
718.8999999995053,0.36602781847755067
718.9099999995053,0.6430951694899364
718.9199999995053,0.5111136796716247
718.9299999995052,0.5582081926932961
718.9399999995052,0.6159036863563605
718.9499999995052,0.42416180135953396
718.959999999505,0.6720987135048961
718.969999999505,0.2916328631420719
718.979999999505,0.6896688260623707
718.989999999505,0.2890320247321307
718.9999999995049,0.6730621308685705
719.0099999995049,0.4196592892938613
719.0199999995049,0.6179880741333744
719.0299999995048,0.5549108220616407
719.0399999995047,0.5143967877361767
719.0499999995047,0.6412236547022492
719.0599999995047,0.3695604963213135
719.0699999995046,0.6823448412722962
719.0799999995046,0.2703433821455224
719.0899999995046,0.6872722033325283
719.0999999995045,0.32925242326150544
719.1099999995045,0.6572639676116525
719.1199999995044,0.47467217657590044
719.1299999995044,0.5850544866469607
719.1399999995043,0.5931898256651834
719.1499999995043,0.46223920015253706
719.1599999995043,0.6612550879252186
719.1699999995042,0.31858585087739844
719.1799999995042,0.6879540281258172
719.1899999995042,0.27394167348519477
719.1999999995041,0.6798179770740107
719.209999999504,0.3834844532647022
719.219999999504,0.634677450816909
719.229999999504,0.5265492312146589
719.2399999995039,0.54299026051909
719.2499999995039,0.6251835908900549
719.2599999995039,0.40373291920430066
719.2699999995039,0.6758860684120084
719.2799999995037,0.28156169303684014
719.2899999995037,0.6885366004555753
719.2999999995037,0.3043568430550552
719.3099999995036,0.666392971093013
719.3199999995036,0.4436045712414499
719.3299999995036,0.6038341624078354
719.3399999995036,0.572422126203599
719.3499999995034,0.4910652960100383
719.3599999995034,0.6506238792599633
719.3699999995034,0.34464843483049307
719.3799999995033,0.6849771123664672
719.3899999995033,0.26975146691487684
719.3999999995033,0.6835003999627032
719.4099999995033,0.3562345530637214
719.4199999995031,0.6457672597860082
719.4299999995031,0.5024478196711469
719.4399999995031,0.5631372486264834
719.449999999503,0.610864643428709
719.459999999503,0.430338427985976
719.469999999503,0.669482040175871
719.479999999503,0.29580920760160445
719.4899999995029,0.688256206046229
719.4999999995028,0.28956194253143225
719.5099999995028,0.6719657204439569
719.5199999995027,0.41952800212914715
719.5299999995027,0.6163604534301002
719.5399999995027,0.5552340881233685
719.5499999995027,0.5113555326232202
719.5599999995026,0.6414148677215178
719.5699999995026,0.36575085639813304
719.5799999995025,0.6817580951180612
719.5899999995024,0.27136753869390073
719.5999999995024,0.6852177971257609
719.6099999995024,0.33780691828150855
719.6199999995024,0.6526769833171381
719.6299999995023,0.4841180121057042
719.6399999995023,0.5763400304691748
719.6499999995023,0.5995455901160701
719.6599999995021,0.4488684941497913
719.6699999995021,0.6640996864749803
719.6799999995021,0.30835948986167766
719.6899999995021,0.6873154065052184
719.699999999502,0.282043207571501
719.709999999502,0.6750173032388856
719.719999999502,0.40315326431158616
719.7299999995018,0.6239433340603927
719.7399999995018,0.5428856298569439
719.7499999995018,0.5240923149616561
719.7599999995018,0.6345995933858445
719.7699999995017,0.3800880546397685
719.7799999995017,0.6790669259946951
719.7899999995017,0.27466967885392796
719.7999999995016,0.6857420292626443
719.8099999995015,0.32722611592720496
719.8199999995015,0.6563618430942073
719.8299999995015,0.4724923948371794
719.8399999995014,0.5837137428041002
719.8499999995014,0.592185234731696
719.8599999995014,0.4595537323290289
719.8699999995013,0.6604550653118134
719.8799999995013,0.3165405180356152
719.8899999995012,0.6863250598444633
719.8999999995012,0.27918813873263304
719.9099999995011,0.6762188382415337
719.9199999995011,0.3945675471075298
719.9299999995011,0.6274295432175503
719.939999999501,0.5361977108197167
719.949999999501,0.5300678667406924
719.959999999501,0.6308497519530336
719.9699999995009,0.38703370119802144
719.9799999995008,0.677414152674293
719.9899999995008,0.2770609819101629
719.9999999995008,0.6855510055167485
720.0099999995007,0.32342120102467176
720.0199999995007,0.6573874996032943
720.0299999995007,0.46801348210791827
720.0399999995007,0.5859401615621881
720.0499999995005,0.5893622983673843
720.0599999995005,0.46273291022091406
720.0699999995005,0.6589777423121359
720.0799999995004,0.3191422002836026
720.0899999995004,0.6856301745575468
720.0999999995004,0.2793507181462179
720.1099999995004,0.6759251541924941
720.1199999995002,0.39361563281063366
720.1299999995002,0.6272532882449227
720.1399999995002,0.5355522079921615
720.1499999995001,0.5297259012181982
720.1599999995001,0.6304936098773962
720.1699999995001,0.3864800309489418
720.1799999995001,0.6770361663228941
720.1899999995,0.2774575501870586
720.1999999994999,0.6848473322026989
720.2099999994999,0.3257934318613966
720.2199999994998,0.6559747993780851
720.2299999994998,0.47076819541033155
720.2399999994998,0.5832777597347607
720.2499999994998,0.5912507639559996
720.2599999994997,0.4585910809289476
720.2699999994996,0.6597868225312842
720.2799999994996,0.3159657161655683
720.2899999994995,0.6853096239415174
720.2999999994995,0.2821505545190054
720.3099999994995,0.6741973604586208
720.3199999994995,0.400172001436213
720.3299999994994,0.623468625304239
720.3399999994994,0.5409173124021499
720.3499999994993,0.5231231216895871
720.3599999994992,0.6334975447271395
720.3699999994992,0.3785628220995139
720.3799999994992,0.677887152398898
720.3899999994992,0.276172336326052
720.3999999994991,0.6835649408926697
720.4099999994991,0.3344473907429833
720.419999999499,0.6520184290641688
720.4299999994989,0.4805657488002774
720.4399999994989,0.5755762247396197
720.4499999994989,0.597620143013551
720.4599999994989,0.44710486061195537
720.4699999994988,0.6626859251864814
720.4799999994988,0.3076853683088286
720.4899999994988,0.6851765793089469
720.4999999994986,0.28848695730452506
720.5099999994986,0.670808064345001
720.5199999994986,0.41418842382671545
720.5299999994986,0.6157583668148167
720.5399999994985,0.5518622837122565
720.5499999994985,0.5099446050100115
720.5599999994985,0.6394727045234039
720.5699999994984,0.3636957627546598
720.5799999994983,0.679642730829117
720.5899999994983,0.2748884496178845
720.5999999994983,0.6813689468142322
720.6099999994982,0.35007800264781297
720.6199999994982,0.6450830492440491
720.6299999994982,0.49691244818229285
720.6399999994981,0.562284747135994
720.649999999498,0.6078527010448849
720.659999999498,0.4281455290055662
720.669999999498,0.6671780332577201
720.6799999994979,0.29603076480705987
720.6899999994979,0.6847815377309474
720.6999999994979,0.3003269001599855
720.7099999994978,0.6652312866434039
720.7199999994978,0.4355100158671778
720.7299999994977,0.6034216304173184
720.7399999994977,0.567556472366394
720.7499999994976,0.48957532254913705
720.7599999994976,0.6477047227144082
720.7699999994976,0.3429053234075611
720.7799999994975,0.6817137887312903
720.7899999994975,0.27666913509259955
720.7999999994975,0.6776475168699306
720.8099999994974,0.3735425030818057
720.8199999994973,0.6343775889375873
720.8299999994973,0.5189130974585232
720.8399999994973,0.5424687168641855
720.8499999994972,0.6209798388121175
720.8599999994972,0.401789053730421
720.8699999994972,0.6724960377726913
720.8799999994972,0.2842061930468639
720.889999999497,0.6834134172353582
720.899999999497,0.32017987833560474
720.909999999497,0.6566137399301523
720.9199999994969,0.4635512829537539
720.9299999994969,0.5853489525342662
720.9399999994969,0.586779703391106
720.9499999994969,0.4612946079137292
720.9599999994967,0.6572029397659493
720.9699999994967,0.3185035252249713
720.9799999994967,0.6832629465613976
720.9899999994966,0.28572667987479594
720.9999999994966,0.6714886029133874
721.0099999994966,0.4052062415166471
721.0199999994966,0.6187080673821587
721.0299999994965,0.5451854907238295
721.0399999994964,0.5148867687118036
721.0499999994964,0.6357440971130088
721.0599999994963,0.3689734181755208
721.0699999994963,0.6776393776811127
721.0799999994963,0.277273017456095
721.0899999994963,0.6800882256556345
721.0999999994962,0.35016290872780625
721.1099999994962,0.643720824398258
721.1199999994961,0.4970032642485495
721.129999999496,0.5600144375998563
721.139999999496,0.6079791197306471
721.149999999496,0.42475594092599145
721.159999999496,0.6667602518338311
721.1699999994959,0.2950388602225334
721.1799999994959,0.6832101938523497
721.1899999994959,0.3065305378753478
721.1999999994957,0.6616297175492842
721.2099999994957,0.44429040766148464
721.2199999994957,0.5964192751829368
721.2299999994957,0.5738794865134761
721.2399999994956,0.47826152061477145
721.2499999994956,0.6506839295882548
721.2599999994956,0.33267671909316293
721.2699999994954,0.6814008052410118
721.2799999994954,0.28186015230925193
721.2899999994954,0.6735095502959593
721.2999999994954,0.3908134826067643
721.3099999994953,0.6248539078621097
721.3199999994953,0.5337581094719104
721.3299999994953,0.5255746796858067
721.3399999994951,0.6293829300636921
721.3499999994951,0.3810461151693148
721.3599999994951,0.6750054548546003
721.3699999994951,0.2800188746414801
721.379999999495,0.6802086664096256
721.389999999495,0.3420584867971205
721.399999999495,0.6463680136479026
721.4099999994949,0.4885690009191038
721.4199999994948,0.5653754814741898
721.4299999994948,0.602833977542813
721.4399999994948,0.4320435566055919
721.4499999994947,0.6642196503781036
721.4599999994947,0.2995209253200364
721.4699999994947,0.6823609231771489
721.4799999994946,0.3043530288159762
721.4899999994946,0.6619818908900508
721.4999999994945,0.44023002069987716
721.5099999994945,0.5977589959261513
721.5199999994944,0.5711353679375785
721.5299999994944,0.48031748074454056
721.5399999994944,0.6491394917984007
721.5499999994943,0.33463730595489116
721.5599999994943,0.6804207875050516
721.5699999994943,0.28306177756093476
721.5799999994942,0.6725671602300172
721.5899999994941,0.39183672895394384
721.5999999994941,0.6234298624216924
721.6099999994941,0.5346577341792618
721.619999999494,0.5231506327178608
721.629999999494,0.6298148698585649
721.639999999494,0.3782001798106839
721.649999999494,0.6747027888942675
721.6599999994938,0.28064692359939325
721.6699999994938,0.6788231845579205
721.6799999994938,0.3475518532162229
721.6899999994937,0.643262210702155
721.6999999994937,0.4942208944977382
721.7099999994937,0.5596320855971509
721.7199999994937,0.6063098525758268
721.7299999994935,0.42401965365071365
721.7399999994935,0.6654194654815474
721.7499999994935,0.29583496544793103
721.7599999994934,0.6812920759177605
721.7699999994934,0.31197691602827343
721.7799999994934,0.6580958784312682
721.7899999994934,0.45126375324564433
721.7999999994933,0.5898547736087146
721.8099999994932,0.5787738537334667
721.8199999994932,0.467906418735996
721.8299999994931,0.65271724023032
721.8399999994931,0.3244346216033055
721.8499999994931,0.6803861487788958
721.8599999994931,0.2890498627092949
721.869999999493,0.6686600365086963
721.879999999493,0.4079390275311909
721.8899999994929,0.6143685658087216
721.8999999994928,0.5475239812180897
721.9099999994928,0.5075828607489757
721.9199999994928,0.6367115199233051
721.9299999994928,0.36111734752483265
721.9399999994927,0.6764171027043341
721.9499999994927,0.28089412695903465
721.9599999994927,0.6755577099306533
721.9699999994925,0.3670380212297537
721.9799999994925,0.6338700261318828
721.9899999994925,0.5131327342512592
721.9999999994925,0.5421432020469823
722.0099999994924,0.6175225450488998
722.0199999994924,0.40101854277956117
722.0299999994924,0.6696232620529872
722.0399999994922,0.2872308517682345
722.0499999994922,0.6792760778619079
722.0599999994922,0.33166838798384274
722.0699999994922,0.6490494163117768
722.0799999994921,0.4765057950001567
722.0899999994921,0.571503360611755
722.0999999994921,0.5953128235610612
722.109999999492,0.44054930475454857
722.1199999994919,0.6601941447077702
722.1299999994919,0.30567425926359515
722.1399999994919,0.680205665719523
722.1499999994918,0.3047001345671043
722.1599999994918,0.6605269302722852
722.1699999994918,0.4389239434911716
722.1799999994917,0.5959994045387902
722.1899999994916,0.5703255526327633
722.1999999994916,0.47749146505861084
722.2099999994916,0.6482926614445583
722.2199999994915,0.3326712660639161
722.2299999994915,0.6786609790791864
722.2399999994915,0.28813829827760057
722.2499999994914,0.6688345205319265
722.2599999994914,0.402016526973696
722.2699999994913,0.6161403704406978
722.2799999994913,0.5429213495929491
722.2899999994912,0.5107232777576098
722.2999999994912,0.6340753950787844
722.3099999994912,0.3645349563787743
722.3199999994911,0.6748996624877452
722.3299999994911,0.28267525614181294
722.339999999491,0.6744188025986407
722.349999999491,0.3676398624522305
722.3599999994909,0.6324733264398136
722.3699999994909,0.5136081184062655
722.3799999994909,0.5398620321509693
722.3899999994908,0.6177111419143787
722.3999999994908,0.39815217078259846
722.4099999994908,0.6691392900768113
722.4199999994908,0.28761947986064396
722.4299999994906,0.6776523576657321
722.4399999994906,0.33765904342445574
722.4499999994906,0.6455179909268833
722.4599999994905,0.4830566055643002
722.4699999994905,0.5649626882760749
722.4799999994905,0.5993974352200832
722.4899999994905,0.43126529138808845
722.4999999994903,0.661571699697634
722.5099999994903,0.3012075201301744
722.5199999994903,0.6788473070215892
722.5299999994902,0.3136720446212652
722.5399999994902,0.6557403944077917
722.5499999994902,0.45209325751389273
722.5599999994902,0.5863075723763927
722.56999999949,0.5793742421115801
722.57999999949,0.4624456718070601
722.58999999949,0.6523750208561754
722.5999999994899,0.32112450171218654
722.6099999994899,0.6782684220202367
722.6199999994899,0.2967515854869406
722.6299999994899,0.6635467546512148
722.6399999994898,0.4216637278896251
722.6499999994898,0.6042757395699023
722.6599999994897,0.5579335528392194
722.6699999994896,0.49092271033637996
722.6799999994896,0.6417235396350024
722.6899999994896,0.3450100713103645
722.6999999994896,0.6761446936888295
722.7099999994895,0.2872871608960646
722.7199999994895,0.6692868790707283
722.7299999994895,0.39276566749289116
722.7399999994893,0.6192688866263351
722.7499999994893,0.5354233118493479
722.7599999994893,0.5163856870777781
722.7699999994893,0.6297954497253916
722.7799999994892,0.37080588190027397
722.7899999994892,0.6726790504178397
722.7999999994892,0.2849757212057174
722.809999999489,0.673261382345743
722.819999999489,0.3663576939529973
722.829999999489,0.6316731438680099
722.839999999489,0.5122442313857124
722.8499999994889,0.5388149337088299
722.8599999994889,0.6167784392576493
722.8699999994889,0.3969145479254065
722.8799999994887,0.6680562332036409
722.8899999994887,0.2889516879448481
722.8999999994887,0.6757298306950815
722.9099999994887,0.34326009938976965
722.9199999994886,0.6418419699323071
722.9299999994886,0.48883860396263784
722.9399999994886,0.5583580083190864
722.9499999994885,0.6028730049370311
722.9599999994884,0.42221413305750455
722.9699999994884,0.6624489514276051
722.9799999994884,0.2979991433794976
722.9899999994883,0.676918451356893
722.9999999994883,0.324068017799056
723.0099999994883,0.6500906800592419
723.0199999994882,0.46567130476035595
723.0299999994882,0.5752470512506325
723.0399999994881,0.5882933945821653
723.0499999994881,0.4459924095049993
723.059999999488,0.6560224679837133
723.069999999488,0.3107747442213728
723.079999999488,0.6770268389466128
723.0899999994879,0.3090962913951322
723.0999999994879,0.6566969304429967
723.1099999994879,0.44320458740936286
723.1199999994878,0.5897474034800924
723.1299999994877,0.5732661682492647
723.1399999994877,0.46785279069713087
723.1499999994877,0.6489377598177456
723.1599999994876,0.32598751573379686
723.1699999994876,0.6762334859096649
723.1799999994876,0.29836696794038853
723.1899999994876,0.6619039164904511
723.1999999994874,0.42186968402374464
723.2099999994874,0.6021276732507401
723.2199999994874,0.5580265303211901
723.2299999994873,0.48762270557685683
723.2399999994873,0.6413533962603128
723.2499999994873,0.34251252473596083
723.2599999994873,0.6747001514762512
723.2699999994871,0.29163855153963164
723.2799999994871,0.6659245147478708
723.2899999994871,0.4020391834710463
723.299999999487,0.6126435716609723
723.309999999487,0.5428127958204982
723.319999999487,0.5052778469847216
723.329999999487,0.6334262834986746
723.3399999994868,0.3594414649177088
723.3499999994868,0.6725751657184289
723.3599999994868,0.2884657829698423
723.3699999994867,0.6689454526875133
723.3799999994867,0.38400430399332486
723.3899999994867,0.6215301427264012
723.3999999994867,0.5278595722865125
723.4099999994866,0.5208852405148958
723.4199999994865,0.6253114401213852
723.4299999994865,0.3760867311110048
723.4399999994864,0.6699957968887099
723.4499999994864,0.2882735603576749
723.4599999994864,0.6711310716670922
723.4699999994863,0.36796037244846097
723.4799999994863,0.6289988662463508
723.4899999994863,0.5133904119844739
723.4999999994862,0.5345631298362985
723.5099999994861,0.6171609918498084
723.5199999994861,0.3919580494326971
723.5299999994861,0.6670898190191563
723.539999999486,0.2904293483494468
723.549999999486,0.6726265113519518
723.559999999486,0.3540022624359739
723.569999999486,0.6352374284569586
723.5799999994858,0.4996107723416647
723.5899999994858,0.546454062499845
723.5999999994858,0.6091225957013509
723.6099999994857,0.4067271293124871
723.6199999994857,0.6639764158434522
723.6299999994857,0.2943031692305783
723.6399999994857,0.6735602829783275
723.6499999994855,0.3421296867606837
723.6599999994855,0.6404108289204906
723.6699999994855,0.4867020833877298
723.6799999994854,0.5567075786598397
723.6899999994854,0.6013375176537008
723.6999999994854,0.4201904614325339
723.7099999994854,0.660766552320514
723.7199999994853,0.29931020375984635
723.7299999994852,0.6740462687909548
723.7399999994852,0.33226060761818815
723.7499999994851,0.6446630481783203
723.7599999994851,0.47481756107717893
723.7699999994851,0.5654695354474738
723.7799999994851,0.593938586344008
723.789999999485,0.43223570080878493
723.799999999485,0.6575629380464477
723.809999999485,0.30493596703500997
723.8199999994848,0.6741852171084957
723.8299999994848,0.32425001109283536
723.8399999994848,0.6481188436069667
723.8499999994848,0.46408014907917833
723.8599999994847,0.5728758409550682
723.8699999994847,0.5870482254568099
723.8799999994847,0.44281382312363815
723.8899999994845,0.654459698012492
723.8999999994845,0.31074702443977353
723.9099999994845,0.6740658141804734
723.9199999994845,0.31791102432883206
723.9299999994844,0.6508854475589574
723.9399999994844,0.4545826717574776
723.9499999994844,0.5790490207911212
723.9599999994842,0.5807767294691943
723.9699999994842,0.45191734473834705
723.9799999994842,0.6515418550935232
723.9899999994842,0.3163913608675398
723.9999999994841,0.6737654149327157
724.0099999994841,0.3130357215749318
724.0199999994841,0.6530540630108843
724.029999999484,0.4463899921479135
724.0399999994839,0.5840965423735605
724.0499999994839,0.5752208950547288
724.0599999994839,0.4595639698602722
724.0699999994838,0.6488847154461193
724.0799999994838,0.3215923943754077
724.0899999994838,0.6733505098708656
724.0999999994837,0.3094137115482807
724.1099999994836,0.6547011211065031
724.1199999994836,0.4395427395701102
724.1299999994836,0.5881101853107173
724.1399999994835,0.5704630612730487
724.1499999994835,0.46578469953415674
724.1599999994835,0.6465532328621157
724.1699999994834,0.326139868951377
724.1799999994834,0.6728769976946201
724.1899999994833,0.30684744567026956
724.1999999994833,0.655889301880892
724.2099999994832,0.4340620311325449
724.2199999994832,0.591165998069692
724.2299999994832,0.5665705538069902
724.2399999994831,0.4706154244267607
724.2499999994831,0.6446014121851139
724.2599999994831,0.3298799379456247
724.269999999483,0.6723903239580555
724.2799999994829,0.30516392598927355
724.2899999994829,0.6566683379740289
724.2999999994829,0.42995456437061924
724.3099999994828,0.5933245505095405
724.3199999994828,0.5635954801038959
724.3299999994828,0.4740911536034064
724.3399999994828,0.6430717959181932
724.3499999994826,0.33270592312309943
724.3599999994826,0.671925536240671
724.3699999994826,0.3042230128664717
724.3799999994825,0.6570756278711146
724.3899999994825,0.4272174929132831
724.3999999994825,0.594631303842004
724.4099999994825,0.5615747893331154
724.4199999994823,0.4762422074840224
724.4299999994823,0.6419950636361499
724.4399999994823,0.3345506053073695
724.4499999994822,0.671507296236184
724.4599999994822,0.30392281436196045
724.4699999994822,0.6571366857335531
724.4799999994822,0.42584258870650304
724.489999999482,0.5951169922463135
724.499999999482,0.5605304965724192
724.509999999482,0.4770918789933877
724.5199999994819,0.6413897614070844
724.5299999994819,0.3353804768019246
724.5399999994819,0.6711498792132061
724.5499999994819,0.3042027161028525
724.5599999994818,0.6568654514318285
724.5699999994818,0.4258193178774926
724.5799999994817,0.594797957380645
724.5899999994816,0.5604699756376462
724.5999999994816,0.47665522360359713
724.6099999994816,0.6412621689063559
724.6199999994816,0.3351921267817072
724.6299999994815,0.6708571816574571
724.6399999994815,0.3050445383929266
724.6499999994815,0.6562644789452533
724.6599999994813,0.4271365925866234
724.6699999994813,0.5936764082702273
724.6799999994813,0.5613862451591334
724.6899999994813,0.4749387753228117
724.6999999994812,0.6416063048798369
724.7099999994812,0.3340107853516133
724.7199999994812,0.6706227486138502
724.729999999481,0.3064721453222653
724.739999999481,0.6553250151133322
724.749999999481,0.4297830941076687
724.759999999481,0.5917406008899119
724.7699999994809,0.563258204985387
724.7799999994809,0.4719411040937053
724.7899999994809,0.6424040668550889
724.7999999994807,0.331890972443916
724.8099999994807,0.6704298233816575
724.8199999994807,0.3085496281019009
724.8299999994807,0.6540269739319763
724.8399999994806,0.4337461892969386
724.8499999994806,0.5889649499067442
724.8599999994806,0.5660508167290186
724.8699999994805,0.4676542391936455
724.8799999994804,0.6436254975310693
724.8899999994804,0.3289191382884559
724.8999999994804,0.6702514137444685
724.9099999994803,0.3113779822866588
724.9199999994803,0.6523388057759221
724.9299999994803,0.43900958112255273
724.9399999994802,0.5853101041464984
724.9499999994802,0.569715258659995
724.9599999994801,0.46206608853281916
724.9699999994801,0.6452291667414619
724.97999999948,0.325218103181121
724.98999999948,0.6700503607696074
724.99999999948,0.31509003204666985
725.0099999994799,0.6502172555846292
725.0199999994799,0.4455499456485029
725.0299999994799,0.5807230406597131
725.0399999994798,0.5741891135597561
725.0499999994797,0.4551640919288401
725.0599999994797,0.647162653835628
725.0699999994797,0.3209529692482697
725.0799999994796,0.6697793884190455
725.0899999994796,0.31984325882149267
725.0999999994796,0.6476070008169542
725.1099999994796,0.4533329100065213
725.1199999994794,0.5751372668240013
725.1299999994794,0.5793966650501956
725.1399999994794,0.44694045963602613
725.1499999994793,0.649363109381387
725.1599999994793,0.3163379491590933
725.1699999994793,0.6693811047660954
725.1799999994793,0.3258102048057581
725.1899999994791,0.644440159548188
725.1999999994791,0.46230881119524353
725.2099999994791,0.5684732691229112
725.219999999479,0.5852493791054345
725.229999999479,0.43739946064280866
725.239999999479,0.6517578674569221
725.249999999479,0.311643209912527
725.2599999994789,0.6687879186547446
725.2699999994788,0.3331662777163449
725.2799999994788,0.6406356629233352
725.2899999994787,0.4724087313509644
725.2999999994787,0.5606394217866918
725.3099999994787,0.5916466325166906
725.3199999994787,0.42656732424550975
725.3299999994786,0.6542650702871879
725.3399999994786,0.3072003548650314
725.3499999994785,0.6679218294258917
725.3599999994784,0.34207510594340484
725.3699999994784,0.636098497479424
725.3799999994784,0.48354131572401654
725.3899999994784,0.5515336761021169
725.3999999994783,0.598476720498394
725.4099999994783,0.41450536588359466
725.4199999994783,0.6567942563493216
725.4299999994781,0.3034045987205471
725.4399999994781,0.6666940423610332
725.4499999994781,0.35267207228974223
725.4599999994781,0.6307188449519011
725.469999999478,0.49559083071425886
725.479999999478,0.5410465066560105
725.489999999478,0.605618134740956
725.4999999994778,0.40132687821793617
725.5099999994778,0.6592468520532627
725.5199999994778,0.3007111379686331
725.5299999994778,0.6650043595345223
725.5399999994777,0.36504723182768645
725.5499999994777,0.6243711870207732
725.5599999994777,0.5084168029725865
725.5699999994775,0.5290658062955648
725.5799999994775,0.6129410570599249
725.5899999994775,0.3872180291534753
725.5999999994775,0.6615164968930234
725.6099999994774,0.2996228988707427
725.6199999994774,0.6627402962646491
725.6299999994774,0.3792293737228058
725.6399999994773,0.6169135098827203
725.6499999994772,0.521855403855087
725.6599999994772,0.5154847089835921
725.6699999994772,0.6203089689066937
725.6799999994771,0.37246231404317426
725.6899999994771,0.6634891230434534
725.6999999994771,0.3006670844490415
725.709999999477,0.6597758795475709
725.719999999477,0.3951733473942562
725.729999999477,0.6081868534003562
725.7399999994769,0.5357225248141391
725.7499999994768,0.5002136783277892
725.7599999994768,0.6275802389688006
725.7699999994768,0.35746681701989474
725.7799999994767,0.6650427041654762
725.7899999994767,0.3043591198895584
725.7999999994767,0.6559701008779638
725.8099999994766,0.41275276281166484
725.8199999994765,0.5980156251681283
725.8299999994765,0.5498182637677479
725.8399999994765,0.483198594631467
725.8499999994764,0.6346095254742073
725.8599999994764,0.34278646673828705
725.8699999994764,0.6660465847109946
725.8799999994764,0.3111549733633419
725.8899999994762,0.6511650283993811
725.8999999994762,0.4317596778053351
725.9099999994762,0.5862093731774528
725.9199999994761,0.5639323477696606
725.9299999994761,0.4644469010775881
725.9399999994761,0.641248818507647
725.9499999994761,0.32913963844503136
725.9599999994759,0.666360301453275
725.9699999994759,0.3213962825965832
725.9799999994759,0.6451836441789368
725.9899999994758,0.45191191886038323
725.9999999994758,0.5725671260588411
726.0099999994758,0.5778498883275733
726.0199999994758,0.44406388998138785
726.0299999994756,0.647347950224755
726.0399999994756,0.3174053463080739
726.0499999994756,0.6658318149420535
726.0599999994755,0.33525648046193784
726.0699999994755,0.6378275807620988
726.0799999994755,0.47286742888893807
726.0899999994755,0.5568860182078188
726.0999999994754,0.5913568240519524
726.1099999994753,0.4223004613206167
726.1199999994753,0.6527544146785157
726.1299999994752,0.3085902056684329
726.1399999994752,0.6642950831866263
726.1499999994752,0.3526987656238181
726.1599999994752,0.6288751193668386
726.1699999994751,0.49424380349082764
726.1799999994751,0.5389767640106643
726.189999999475,0.6042444508360705
726.1999999994749,0.39961140500585424
726.2099999994749,0.657312360129446
726.2199999994749,0.30375460196612813
726.2299999994749,0.6615669405480016
726.2399999994748,0.3734566895475893
726.2499999994748,0.6180801306070146
726.2599999994748,0.5156402982206506
726.2699999994746,0.5186896218240162
726.2799999994746,0.6163125568664501
726.2899999994746,0.3767184355218531
726.2999999994746,0.660860639907021
726.3099999994745,0.30389470205408087
726.3199999994745,0.6574433051371212
726.3299999994745,0.397044406747172
726.3399999994743,0.6051731672061643
726.3499999994743,0.5366592911870856
726.3599999994743,0.49595563424065064
726.3699999994743,0.6273708355464791
726.3799999994742,0.3546640115446648
726.3899999994742,0.663229831687198
726.3999999994742,0.30979118449209164
726.409999999474,0.6516948536351462
726.419999999474,0.42279688027213214
726.429999999474,0.5898667695438805
726.439999999474,0.5569245089979398
726.4499999994739,0.47084862370889463
726.4599999994739,0.6372384109123556
726.4699999994739,0.33483093401449154
726.4799999994738,0.6642381598687599
726.4899999994738,0.3218537683895853
726.4999999994737,0.6440625190225356
726.5099999994737,0.44993279685288146
726.5199999994736,0.5718683652201488
726.5299999994736,0.5760941180095666
726.5399999994736,0.4436724424625964
726.5499999994735,0.645741446347949
726.5599999994735,0.31889274479914514
726.5699999994735,0.6636862904072381
726.5799999994734,0.34000430186286723
726.5899999994733,0.6342535632088625
726.5999999994733,0.47762751315496943
726.6099999994733,0.5509060716827372
726.6199999994732,0.5938677840000486
726.6299999994732,0.41507300814375686
726.6399999994732,0.6527089000506723
726.6499999994732,0.30866008005309525
726.659999999473,0.6613510319575174
726.669999999473,0.36363973346234474
726.679999999473,0.6219396843950386
726.6899999994729,0.5050820122838734
726.6999999994729,0.5267752413609692
726.7099999994729,0.6099877373817094
726.7199999994729,0.38616228273500375
726.7299999994727,0.657966535398299
726.7399999994727,0.3058105589930486
726.7499999994727,0.6569781116087537
726.7599999994726,0.391694916776044
726.7699999994726,0.6067598462715454
726.7799999994726,0.5315766648453605
726.7899999994726,0.4994162296265514
726.7999999994724,0.6242345591245845
726.8099999994724,0.35861860553524494
726.8199999994724,0.6613293015612864
726.8299999994723,0.31154000934578424
726.8399999994723,0.6502744730050872
726.8499999994723,0.4227913972462453
726.8599999994723,0.5883325642410219
726.8699999994722,0.5565038911530751
726.8799999994721,0.4690348962469751
726.8899999994721,0.6364187465721223
726.899999999472,0.3346971395346613
726.909999999472,0.6625921961604505
726.919999999472,0.3262344017233913
726.929999999472,0.6409011039584651
726.9399999994719,0.4554292468082533
726.9499999994719,0.5662856125626333
726.9599999994718,0.57937932503497
726.9699999994717,0.4362726172264585
726.9799999994717,0.6463691578128562
726.9899999994717,0.3170621854951699
726.9999999994717,0.6615197547797057
727.0099999994716,0.34929275674421123
727.0199999994716,0.6284684751025855
727.0299999994716,0.4881695785309153
727.0399999994714,0.5403157413914905
727.0499999994714,0.5998350558776098
727.0599999994714,0.4024144006825619
727.0699999994714,0.6539192571037883
727.0799999994713,0.30837502198983086
727.0899999994713,0.6578344633904829
727.0999999994713,0.37919158257897184
727.1099999994711,0.6125386511100575
727.1199999994711,0.5197677231905642
727.1299999994711,0.5102964348678477
727.1399999994711,0.6176003382006129
727.149999999471,0.36958253908842703
727.159999999471,0.6588918077363142
727.169999999471,0.31067160252193027
727.1799999994709,0.6512048038588576
727.1899999994708,0.4137786864144178
727.1999999994708,0.5926416161945318
727.2099999994708,0.5492408775516525
727.2199999994707,0.47645504350038903
727.2299999994707,0.6324751104112399
727.2399999994707,0.34079823088986183
727.2499999994706,0.6610823995701838
727.2599999994706,0.3247243237745352
727.2699999994705,0.6412345803547074
727.2799999994705,0.45068267958915753
727.2899999994704,0.5683190806431232
727.2999999994704,0.575875932460376
727.3099999994704,0.43963349319153283
727.3199999994703,0.6443004988771789
727.3299999994703,0.31973669463619714
727.3399999994703,0.660242083362651
727.3499999994702,0.34968697011179656
727.3599999994701,0.6274571007527496
727.3699999994701,0.48769143731768466
727.3799999994701,0.5392174519672318
727.38999999947,0.5991953108671589
727.39999999947,0.4016124501522708
727.40999999947,0.6529289427915916
727.41999999947,0.31003747062094633
727.4299999994698,0.6560595850372027
727.4399999994698,0.3832363745156474
727.4499999994698,0.6093414921043174
727.4599999994697,0.5229980483687807
727.4699999994697,0.5052613560603401
727.4799999994697,0.6189006262427598
727.4899999994697,0.3653959751007475
727.4999999994695,0.6581951859939473
727.5099999994695,0.3142520996179653
727.5199999994695,0.6481443856367959
727.5299999994694,0.42216163547770064
727.5399999994694,0.5863251113831685
727.5499999994694,0.5552902817420192
727.5599999994694,0.4669428424188046
727.5699999994692,0.6348097107403878
727.5799999994692,0.33522490763450785
727.5899999994692,0.6598884474240924
727.5999999994691,0.33285557440157276
727.6099999994691,0.636013928591682
727.6199999994691,0.46311453382203577
727.6299999994691,0.5578970358443294
727.639999999469,0.583718079999009
727.649999999469,0.42573891746255405
727.6599999994689,0.646796360958333
727.6699999994688,0.3160028886926751
727.6799999994688,0.657725805986489
727.6899999994688,0.36390382039776875
727.6999999994688,0.6190923686705321
727.7099999994687,0.503208283084832
727.7199999994687,0.5237730315483239
727.7299999994686,0.6077938065787057
727.7399999994685,0.3845829152825006
727.7499999994685,0.6547367492478202
727.7599999994685,0.31198695928781933
727.7699999994685,0.6513275070739886
727.7799999994684,0.403601674793036
727.7899999994684,0.5967363145657245
727.7999999994684,0.5403107211688869
727.8099999994682,0.4842160963454561
727.8199999994682,0.6272717529432437
727.8299999994682,0.3481296086671943
727.8399999994682,0.658462925455677
727.8499999994681,0.3251420317247529
727.8599999994681,0.6401971379623397
727.8699999994681,0.447455833091187
727.8799999994679,0.5683172877646867
727.8899999994679,0.5730584162881432
727.8999999994679,0.44054508296694467
727.9099999994679,0.6420347994927876
727.9199999994678,0.32233802140408196
727.9299999994678,0.6577223215348353
727.9399999994678,0.35411988914570075
727.9499999994677,0.623714727721327
727.9599999994676,0.49138031063548326
727.9699999994676,0.5334125860332293
727.9799999994676,0.6007061679076718
727.9899999994675,0.3957809159052064
727.9999999994675,0.6519994266814036
728.0099999994675,0.3129567026074799
728.0199999994674,0.652142652797089
728.0299999994673,0.39464397460970346
728.0399999994673,0.6011612095308307
728.0499999994673,0.5323205331630497
728.0599999994672,0.4921801759572197
728.0699999994672,0.6229222799396892
728.0799999994672,0.3551313237923404
728.0899999994671,0.6570398489807739
728.0999999994671,0.32321776124767254
728.109999999467,0.6412045778667169
728.119999999467,0.4410752105032722
728.1299999994669,0.5718119734814713
728.1399999994669,0.5683580852802347
728.1499999994669,0.44598907593755543
728.1599999994668,0.6395964992575592
728.1699999994668,0.3256542555445902
728.1799999994668,0.6569276538291912
728.1899999994667,0.35210523405712607
728.1999999994666,0.6242315651184703
728.2099999994666,0.48812858344569476
728.2199999994666,0.535168363417304
728.2299999994665,0.598496010524236
728.2399999994665,0.398261893016309
728.2499999994665,0.6506861478168554
728.2599999994665,0.3144031132410465
728.2699999994663,0.6512836386822195
728.2799999994663,0.3946106915831018
728.2899999994663,0.6004210833651535
728.2999999994662,0.5318889025707764
728.3099999994662,0.49143172746858815
728.3199999994662,0.6223404309836904
728.3299999994662,0.35513563163867573
728.339999999466,0.6561012695077707
728.349999999466,0.32535098905418175
728.359999999466,0.6395432483232046
728.3699999994659,0.4438471244547714
728.3799999994659,0.568969005580347
728.3899999994659,0.5699908655795781
728.3999999994659,0.442319812186308
728.4099999994658,0.639807189441662
728.4199999994657,0.3250050766260027
728.4299999994657,0.6556201610397195
728.4399999994656,0.3570636095420374
728.4499999994656,0.6209480797277085
728.4599999994656,0.49344184277491143
728.4699999994656,0.5293842439663057
728.4799999994655,0.6012954308602008
728.4899999994655,0.39214910791247054
728.4999999994654,0.6508978567195683
728.5099999994653,0.3159732647417546
728.5199999994653,0.6488274438441961
728.5299999994653,0.403203122187234
728.5399999994653,0.5945985581664568
728.5499999994652,0.5388717495980645
728.5599999994652,0.48213940329530053
728.5699999994652,0.6254251498117527
728.579999999465,0.34856656830236216
728.589999999465,0.6555426223756537
728.599999999465,0.3318173920330843
728.609999999465,0.6350754384336691
728.6199999994649,0.45550547478058845
728.6299999994649,0.5596454240712369
728.6399999994649,0.5775934214180355
728.6499999994647,0.4297744408414541
728.6599999994647,0.6423585046053777
728.6699999994647,0.32155266691647066
728.6799999994647,0.653492559745513
728.6899999994646,0.3694730024137629
728.6999999994646,0.6134884875958023
728.7099999994646,0.5068128111185567
728.7199999994644,0.5157640512438892
728.7299999994644,0.6085260029029582
728.7399999994644,0.3782407771488638
728.7499999994644,0.6521386330323077
728.7599999994643,0.3195889398450196
728.7699999994643,0.6442476133637876
728.7799999994643,0.4205602648664125
728.7899999994642,0.583067376676416
728.7999999994641,0.5524555444922219
728.8099999994641,0.4641107920630654
728.8199999994641,0.6314167813922209
728.829999999464,0.3373890988717063
728.839999999464,0.6546815813467796
728.849999999464,0.34466624710965565
728.8599999994639,0.6270234713426667
728.8699999994639,0.4755595927827744
728.8799999994638,0.543019042187827
728.8899999994638,0.5900989945243023
728.8999999994637,0.40883727356369265
728.9099999994637,0.6463359185011895
728.9199999994637,0.31861850759966026
728.9299999994636,0.649653532332083
728.9399999994636,0.3906192076907243
728.9499999994636,0.6007945000483549
728.9599999994635,0.5271472085268547
728.9699999994634,0.49353061438567686
728.9799999994634,0.6189474247902388
728.9899999994634,0.35855253508068546
728.9999999994633,0.6533402159580999
729.0099999994633,0.32913212344080145
729.0199999994633,0.6363995033812114
729.0299999994633,0.4467106833752189
729.0399999994631,0.5645150417440368
729.0499999994631,0.5711330587338534
729.0599999994631,0.43722587924618883
729.069999999463,0.6389556338310961
729.079999999463,0.3257315157429807
729.089999999463,0.6522660186697642
729.099999999463,0.36685503581018
729.1099999994628,0.6139391381911657
729.1199999994628,0.5028832110075008
729.1299999994628,0.5177302495366781
729.1399999994627,0.6057830324921997
729.1499999994627,0.3811237036380047
729.1599999994627,0.6502700272381002
729.1699999994627,0.3217559901285883
729.1799999994626,0.6426075899633187
729.1899999994625,0.42149529860004675
729.1999999994625,0.5811084069815452
729.2099999994624,0.5525807687318266
729.2199999994624,0.46189250416946603
729.2299999994624,0.6307401343745273
729.2399999994624,0.3375125829487186
729.2499999994623,0.6528868410058164
729.2599999994623,0.3494743501188666
729.2699999994622,0.6234701681423317
729.2799999994621,0.4807154665498984
729.2899999994621,0.5370405208476163
729.2999999994621,0.5927067296184056
729.3099999994621,0.40251060597723065
729.319999999462,0.6461622233895227
729.329999999462,0.3205495523372431
729.339999999462,0.6464567132257404
729.3499999994618,0.4006309456582494
729.3599999994618,0.5936516122107995
729.3699999994618,0.5353062145284271
729.3799999994618,0.48233450035117115
729.3899999994617,0.6223609995031669
729.3999999994617,0.35106368089265005
729.4099999994617,0.6521816488631372
729.4199999994615,0.3378650804701492
729.4299999994615,0.6301909034826102
729.4399999994615,0.46144249456209274
729.4499999994615,0.5520253783707375
729.4599999994614,0.5804307339217483
729.4699999994614,0.4212422621575946
729.4799999994614,0.6416148489459259
729.4899999994612,0.3232903043141509
729.4999999994612,0.6486023955108414
729.5099999994612,0.38430939642587414
729.5199999994612,0.6028943169997449
729.5299999994611,0.5200357889591757
729.5399999994611,0.49858480066698274
729.5499999994611,0.6144141614640377
729.559999999461,0.36427177838052216
729.569999999461,0.6507024141428034
729.5799999994609,0.33091266473462844
729.5899999994609,0.6347484413236784
729.5999999994608,0.44557057910218933
729.6099999994608,0.5632769261399981
729.6199999994608,0.5695712120925539
729.6299999994607,0.43661476219802414
729.6399999994607,0.6371380967111335
729.6499999994606,0.32797351287184184
729.6599999994606,0.6495698804300324
729.6699999994605,0.3723017925743973
729.6799999994605,0.6094534002874411
729.6899999994605,0.5073276365638867
729.6999999994604,0.5109081250099881
729.7099999994604,0.6074088088799467
729.7199999994604,0.3757603763842823
729.7299999994603,0.6488995198498542
729.7399999994602,0.32733978938160646
729.7499999994602,0.6376502590599948
729.7599999994602,0.43333513239867105
729.7699999994601,0.5713213091733977
729.7799999994601,0.5606280503096067
729.7899999994601,0.4483774857414937
729.79999999946,0.6331525283212535
729.8099999994599,0.33302568979204483
729.8199999994599,0.6497699294337826
729.8299999994599,0.36413128479274504
729.8399999994598,0.6138108601639476
729.8499999994598,0.49756706646458265
729.8599999994598,0.5196283916693386
729.8699999994598,0.6017555398324721
729.8799999994596,0.38471645339212385
729.8899999994596,0.6471267577366572
729.8999999994596,0.32597000073411564
729.9099999994595,0.639279267142147
729.9199999994595,0.42476867868340973
729.9299999994595,0.5765806628705615
729.9399999994595,0.5539743514984682
729.9499999994594,0.45651093310643154
729.9599999994593,0.6299842370981662
729.9699999994593,0.33734354904428837
729.9799999994592,0.6495083955352249
729.9899999994592,0.35925334797917724
729.9999999994592,0.6163207981055522
730.0099999994592,0.49098514616226613
730.0199999994591,0.5250384084014684
730.029999999459,0.5977572836128849
730.039999999459,0.3907101972830539
730.0499999994589,0.6456423125568378
730.0599999994589,0.32588607766960587
730.0699999994589,0.639905011314683
730.0799999994589,0.41978927157077683
730.0899999994588,0.5793609789827422
730.0999999994588,0.5498559227830606
730.1099999994588,0.4610881314423661
730.1199999994586,0.6278598486384652
730.1299999994586,0.3402469915618683
730.1399999994586,0.6489915164489697
730.1499999994586,0.35720199750372544
730.1599999994585,0.6172176757460585
730.1699999994585,0.4876901822154178
730.1799999994585,0.5273563175390102
730.1899999994583,0.5956043467814482
730.1999999994583,0.39355630263279556
730.2099999994583,0.6446081425812297
730.2199999994583,0.3265020113394469
730.2299999994582,0.6396911537019567
730.2399999994582,0.41828267381404516
730.2499999994582,0.5798507274057378
730.259999999458,0.5483974156669933
730.269999999458,0.4621971789221906
730.279999999458,0.6269030566560718
730.289999999458,0.34141257512254497
730.2999999994579,0.6483287076721572
730.3099999994579,0.357684728429344
730.3199999994579,0.6166230233101543
730.3299999994578,0.48769920438803177
730.3399999994577,0.5267074188377269
730.3499999994577,0.595373233350613
730.3599999994576,0.39322785289206663
730.3699999994576,0.6440893738451788
730.3799999994576,0.3275824776280956
730.3899999994576,0.6387000325632978
730.3999999994575,0.4201590504362645
730.4099999994575,0.5781232131958198
730.4199999994574,0.5496102966429924
730.4299999994573,0.45990581666009994
730.4399999994573,0.6271334036134604
730.4499999994573,0.3408240079306207
730.4599999994573,0.6475341339439222
730.4699999994572,0.36062579154239094
730.4799999994572,0.6145498699736364
730.4899999994572,0.4909586943053625
730.499999999457,0.5231202128554298
730.509999999457,0.5970280882871483
730.519999999457,0.38981988034477993
730.529999999457,0.6440545858312632
730.5399999994569,0.3292370348523732
730.5499999994569,0.6368950397165475
730.5599999994569,0.42537441544746213
730.5699999994567,0.5741399100310631
730.5799999994567,0.5533986317140348
730.5899999994567,0.4542567185493356
730.5999999994567,0.6284673825047213
730.6099999994566,0.3387538669081455
730.6199999994566,0.6465277497569027
730.6299999994566,0.36616310065463453
730.6399999994564,0.6109049585884498
730.6499999994564,0.4973488766579328
730.6599999994564,0.5165323453011007
730.6699999994564,0.6004237422042702
730.6799999994563,0.38355787008404474
730.6899999994563,0.644377247098014
730.6999999994563,0.33190104064584497
730.7099999994562,0.6341412347044909
730.7199999994561,0.43391524609105714
730.7299999994561,0.5677544323679178
730.7399999994561,0.5595610562693154
730.749999999456,0.445289994155416
730.759999999456,0.6307216234703378
730.769999999456,0.3357761561786115
730.7799999994559,0.645135932125987
730.7899999994559,0.37460266027517936
730.7999999994558,0.6054891417578033
730.8099999994558,0.5066719563833081
730.8199999994557,0.5068072095629148
730.8299999994557,0.6053100140709283
730.8399999994557,0.37484841424053317
730.8499999994556,0.6448380488503686
730.8599999994556,0.33629916139477095
730.8699999994556,0.6302042745528363
730.8799999994555,0.44575127162649186
730.8899999994554,0.5587187267907595
730.8999999994554,0.5677901087089771
730.9099999994554,0.43309632457178937
730.9199999994553,0.6336177598241324
730.9299999994553,0.33279734221663415
730.9399999994553,0.6430913269526293
730.9499999994553,0.38633223469377165
730.9599999994551,0.5979967636605572
730.9699999994551,0.5186301932240494
730.9799999994551,0.4937668325439799
730.989999999455,0.6113375812877472
730.999999999455,0.36436934679038174
731.009999999455,0.6451274294278544
731.019999999455,0.3433743998534895
731.0299999994548,0.6247475517086721
731.0399999994548,0.4607675694404261
731.0499999994548,0.5466955308747475
731.0599999994547,0.5776721544146284
731.0699999994547,0.4179098552563615
731.0799999994547,0.6367883262603924
731.0899999994547,0.331079213669876
731.0999999994546,0.6400311352503224
731.1099999994545,0.4016986303678762
731.1199999994545,0.5880158178623077
731.1299999994544,0.5328034134389908
731.1399999994544,0.4772525542738023
731.1499999994544,0.6180658396473985
731.1599999994544,0.3531897362948505
731.1699999994543,0.6448471423565255
731.1799999994543,0.3541603129464361
731.1899999994542,0.6173276294229477
731.1999999994541,0.47869298480686956
731.2099999994541,0.5312852703354796
731.2199999994541,0.5886915570258141
731.2299999994541,0.4002525185225465
731.239999999454,0.6397825908597585
731.249999999454,0.33220937567891906
731.259999999454,0.6354928712233783
731.2699999994538,0.4208631802363901
731.2799999994538,0.5750329659604221
731.2899999994538,0.548636332987912
731.2999999994538,0.45723238841938074
731.3099999994537,0.6249725208642811
731.3199999994537,0.34289000034823797
731.3299999994537,0.6435093198627013
731.3399999994535,0.36958346957922705
731.3499999994535,0.6073890679350871
731.3599999994535,0.49904559334262877
731.3699999994535,0.5120826718348558
731.3799999994534,0.6002412889876719
731.3899999994534,0.3811349209159292
731.3999999994534,0.6420705810180284
731.4099999994532,0.3379621686232587
731.4199999994532,0.6289068592842209
731.4299999994532,0.443665268165527
731.4399999994532,0.5584523393791327
731.4499999994531,0.5654431862124502
731.4599999994531,0.4339809996924502
731.4699999994531,0.6314635555430497
731.479999999453,0.33561542725633975
731.489999999453,0.6405312606328285
731.4999999994529,0.39021290319480806
731.5099999994529,0.5942623999020875
731.5199999994528,0.5211140081341689
731.5299999994528,0.4887896733348775
731.5399999994528,0.61163925361391
731.5499999994527,0.3622910973647989
731.5599999994527,0.6430429105674387
731.5699999994526,0.3500044634452428
731.5799999994526,0.6195859174437147
731.5899999994525,0.4695348401693198
731.5999999994525,0.5376464445296228
731.6099999994525,0.5824310379742257
731.6199999994524,0.40835692450032257
731.6299999994524,0.6368802081659077
731.6399999994524,0.33395291734502736
731.6499999994523,0.635224446243829
731.6599999994522,0.41601755981050903
731.6699999994522,0.5771750232372534
731.6799999994522,0.5439835957755169
731.6899999994521,0.4614258284474286
731.6999999994521,0.6221462732134129
731.7099999994521,0.34635966191562795
731.719999999452,0.6420036600415782
731.7299999994519,0.36946176064960423
731.7399999994519,0.6067159192836158
731.7499999994519,0.49748968203031396
731.7599999994518,0.5120740968121693
731.7699999994518,0.5987357728999537
731.7799999994518,0.3821710255394255
731.7899999994518,0.6404994196753127
731.7999999994516,0.3405135147010348
731.8099999994516,0.6267777493463452
731.8199999994516,0.4462254356347384
731.8299999994515,0.5552972217499893
731.8399999994515,0.5666011614279145
731.8499999994515,0.4306860611260377
731.8599999994515,0.6309792155527517
731.8699999994514,0.3368244191877606
731.8799999994513,0.6381539673756504
731.8899999994513,0.3964679446574532
731.8999999994512,0.5893585897741128
731.9099999994512,0.5262266044132478
731.9199999994512,0.4815250957335554
731.9299999994512,0.6134589753710816
731.9399999994511,0.3585435489507339
731.949999999451,0.6415230510670199
731.959999999451,0.3572048617830431
731.9699999994509,0.6142389444159189
731.9799999994509,0.4793632150048464
731.9899999994509,0.5278691341579749
731.9999999994509,0.5878569476299121
732.0099999994508,0.3984667656993402
732.0199999994508,0.6373119361113263
732.0299999994508,0.3374641749966975
732.0399999994506,0.6305660217603052
732.0499999994506,0.4299104917447646
732.0599999994506,0.5664946085990739
732.0699999994506,0.5542779338081534
732.0799999994505,0.44657429792996267
732.0899999994505,0.6256919695247276
732.0999999994505,0.34196211788261544
732.1099999994503,0.6390527774733389
732.1199999994503,0.38441434370914657
732.1299999994503,0.5965088096793117
732.1399999994503,0.5134819351461368
732.1499999994502,0.4944930247741033
732.1599999994502,0.6066560249101812
732.1699999994502,0.36844600794556004
732.17999999945,0.6402577943176875
732.18999999945,0.35120498335204914
732.19999999945,0.6181528457258122
732.20999999945,0.467546190737779
732.2199999994499,0.5371686611304938
732.2299999994499,0.5801775256930043
732.2399999994499,0.4093027456196109
732.2499999994498,0.634515485427366
732.2599999994497,0.33758038118730693
732.2699999994497,0.6320506773830761
732.2799999994497,0.42054625970254234
732.2899999994496,0.5723853159475367
732.2999999994496,0.5464830344345739
732.3099999994496,0.4557174188460804
732.3199999994495,0.6219549681070715
732.3299999994495,0.3462922815598769
732.3399999994494,0.6388303667326463
732.3499999994494,0.37873734239284923
732.3599999994493,0.5996534808824666
732.3699999994493,0.5064739431422199
732.3799999994493,0.5008561654404761
732.3899999994492,0.6025798297302637
732.3999999994492,0.37415153896530656
732.4099999994492,0.63896828870551
732.4199999994491,0.34948391091533615
732.429999999449,0.619293893637668
732.439999999449,0.46227849156610723
732.449999999449,0.5407441011189701
732.4599999994489,0.576414799943203
732.4699999994489,0.4140155927194797
732.4799999994489,0.6327506229823634
732.4899999994489,0.33872790208870945
732.4999999994487,0.6318845101150533
732.5099999994487,0.41775543862191344
732.5199999994487,0.5736867978083611
732.5299999994486,0.5437437290120303
732.5399999994486,0.458239026074202
732.5499999994486,0.6202984166273541
732.5599999994486,0.3482683455517038
732.5699999994484,0.6379841560345031
732.5799999994484,0.37851892494748823
732.5899999994484,0.5993526554957268
732.5999999994483,0.5054599464136685
732.6099999994483,0.5010285591170182
732.6199999994483,0.6016388944578465
732.6299999994483,0.37496807136782895
732.6399999994482,0.6380195975476542
732.6499999994481,0.3509459275766383
732.6599999994481,0.6180524630469636
732.669999999448,0.46350275544891206
732.679999999448,0.5389999925348393
732.689999999448,0.5768282123086405
732.699999999448,0.41253975887406835
732.7099999994479,0.6322596332979697
732.7199999994479,0.3401077813303744
732.7299999994478,0.630305040923336
732.7399999994477,0.4212346660305858
732.7499999994477,0.570671888053779
732.7599999994477,0.546142246724701
732.7699999994477,0.45432182240720104
732.7799999994476,0.6208372717718376
732.7899999994476,0.3476365789561769
732.7999999994476,0.6366164999139057
732.8099999994474,0.3834426238108509
732.8199999994474,0.5957218248855907
732.8299999994474,0.5103479992029409
732.8399999994474,0.4951687936656693
732.8499999994473,0.6038066665943086
732.8599999994473,0.37107061608127145
732.8699999994473,0.6373872583120787
732.8799999994471,0.3555836868817949
732.8899999994471,0.614397216445395
732.8999999994471,0.47103520260052095
732.9099999994471,0.5319491708439029
732.919999999447,0.5812371113204389
732.929999999447,0.40517511283293395
732.939999999447,0.6328884539578925
732.9499999994468,0.34222030013166044
732.9599999994468,0.6271499615492655
732.9699999994468,0.43090991667167405
732.9799999994468,0.5631831519066054
732.9899999994467,0.5533542048400307
732.9999999994467,0.44413471998707704
733.0099999994467,0.6232767170802327
733.0199999994466,0.34531120796579146
733.0299999994465,0.6344431320324841
733.0399999994465,0.3938407696011915
733.0499999994465,0.5884491449509789
733.0599999994464,0.520736351983022
733.0699999994464,0.483197061133669
733.0799999994464,0.6086350435679123
733.0899999994463,0.3634641695196521
733.0999999994463,0.6366641499359332
733.1099999994462,0.3643937165993169
733.1199999994462,0.6078849661561383
733.1299999994461,0.48455600900859247
733.1399999994461,0.5192534808539774
733.1499999994461,0.5890389562872396
733.159999999446,0.3926812520099766
733.169999999446,0.634097509425664
733.179999999446,0.3467579891745443
733.189999999446,0.6218609325338897
733.1999999994458,0.4468106723057087
733.2099999994458,0.5506643192958599
733.2199999994458,0.5646531162731288
733.2299999994457,0.4279983638361514
733.2399999994457,0.6269302818445573
733.2499999994457,0.34340687852868385
733.2599999994457,0.6307960138620566
733.2699999994455,0.410421420840728
733.2799999994455,0.5768094127405594
733.2899999994455,0.5358637956969071
733.2999999994454,0.4649599998753718
733.3099999994454,0.6152780255164765
733.3199999994454,0.3542265061990576
733.3299999994454,0.6350678668152759
733.3399999994452,0.3790265841194821
733.3499999994452,0.5976607200964081
733.3599999994452,0.5034441999181011
733.3699999994451,0.5003480330564125
733.3799999994451,0.5992276404852003
733.3899999994451,0.3766742602901588
733.3999999994451,0.6349777405340629
733.409999999445,0.3563514250936152
733.4199999994449,0.6134769317976974
733.4299999994449,0.4687280270719771
733.4399999994448,0.5322346721552133
733.4499999994448,0.5788986499693961
733.4599999994448,0.40682503908907164
733.4699999994448,0.6307459339887609
733.4799999994447,0.3452579703143027
733.4899999994446,0.6246173129261641
733.4999999994446,0.4337307674039174
733.5099999994445,0.559695907099737
733.5199999994445,0.5545259505270778
733.5299999994445,0.4406227655120954
733.5399999994445,0.6225248966703235
733.5499999994444,0.3468732056762806
733.5599999994444,0.6314413782318665
733.5699999994443,0.4011207711710242
733.5799999994442,0.5824599588126187
733.5899999994442,0.5265645017643482
733.5999999994442,0.4747401193405824
733.6099999994442,0.610424449049661
733.6199999994441,0.3602740917343606
733.6299999994441,0.6342622071978177
733.6399999994441,0.37393926951224105
733.6499999994439,0.6006199822246155
733.6599999994439,0.49580790902841765
733.6699999994439,0.506887264747224
733.6799999994439,0.5945479234857374
733.6899999994438,0.38290406947767747
733.6999999994438,0.6333308344469825
733.7099999994438,0.3550472058738785
733.7199999994436,0.6144395083804396
733.7299999994436,0.4634969166485044
733.7399999994436,0.5357313372424942
733.7499999994436,0.5750401061768852
733.7599999994435,0.4114447669213583
733.7699999994435,0.6288381946418895
733.7799999994435,0.3464390894274972
733.7899999994434,0.6242359530892913
733.7999999994433,0.43137270415829976
733.8099999994433,0.5606533394922777
733.8199999994433,0.5521478963587911
733.8299999994432,0.442673601329995
733.8399999994432,0.6209274883196592
733.8499999994432,0.348710228754603
733.8599999994431,0.6303181138427818
733.869999999443,0.401614271891726
733.879999999443,0.581494696255402
733.889999999443,0.5262921893505338
733.8999999994429,0.47399640558912115
733.9099999994429,0.6097138203977307
733.9199999994429,0.36094270970645026
733.9299999994428,0.6329573001582119
733.9399999994428,0.37660962661707015
733.9499999994428,0.5983577362148941
733.9599999994427,0.4981439597890777
733.9699999994426,0.5036155081859484
733.9799999994426,0.5953102094087551
733.9899999994426,0.3810570017758327
733.9999999994425,0.6323781871812822
734.0099999994425,0.35856578016878876
734.0199999994425,0.6114704508464904
734.0299999994425,0.4686887396418998
734.0399999994423,0.5304552666340682
734.0499999994423,0.5778600411641418
734.0599999994423,0.4064275249688256
734.0699999994422,0.6287609514172757
734.0799999994422,0.3490534330358133
734.0899999994422,0.6211039337492662
734.0999999994422,0.4392535194242191
734.109999999442,0.55398715746592
734.119999999442,0.5575759113181369
734.129999999442,0.4344763457119361
734.1399999994419,0.6222500306234469
734.1499999994419,0.34865380592015216
734.1599999994419,0.6275266199123941
734.1699999994419,0.411463988109423
734.1799999994417,0.5740482847864878
734.1899999994417,0.5347834967695307
734.1999999994417,0.463058855338777
734.2099999994416,0.6129672044163822
734.2199999994416,0.3568588191963813
734.2299999994416,0.6309820030550553
734.2399999994416,0.3871067114183288
734.2499999994415,0.5906947220006803
734.2599999994414,0.5099664793611841
734.2699999994414,0.49061060619302926
734.2799999994413,0.6010280229705813
734.2899999994413,0.3722615722250288
734.2999999994413,0.6316804934507856
734.3099999994413,0.36789752536477516
734.3199999994412,0.6040980965413589
734.3299999994412,0.4838047265731662
734.3399999994411,0.5161226959971613
734.349999999441,0.5865612203346028
734.359999999441,0.39293824617121675
734.369999999441,0.6297994946164335
734.379999999441,0.3552003014652732
734.3899999994409,0.6144792404416031
734.3999999994409,0.4571937173851006
734.4099999994409,0.5390335642051092
734.4199999994407,0.5697308008181655
734.4299999994407,0.4168593931449186
734.4399999994407,0.62548820089092
734.4499999994407,0.3497783586701953
734.4599999994406,0.6220689810545228
734.4699999994406,0.4312305103969395
734.4799999994406,0.5591021565938361
734.4899999994404,0.5507600440751711
734.4999999994404,0.44220229151602336
734.5099999994404,0.6188751733402641
734.5199999994404,0.35166526159920797
734.5299999994403,0.6270870899051191
734.5399999994403,0.40715332798397724
734.5499999994403,0.5762964215606133
734.5599999994402,0.5299557637943422
734.5699999994401,0.46751666413461
734.5799999994401,0.6100776726432877
734.5899999994401,0.360200264506137
734.59999999944,0.6297326740122339
734.60999999944,0.38623077622731855
734.61999999944,0.5907085025829648
734.6299999994399,0.5077298561464865
734.6399999994399,0.49176297953119574
734.6499999994398,0.5992122130778176
734.6599999994398,0.37420726930491705
734.6699999994397,0.6301814647455082
734.6799999994397,0.3696127815666563
734.6899999994397,0.6024960119348836
734.6999999994396,0.4846137251675752
734.7099999994396,0.5142708632411439
734.7199999994396,0.5864059860758153
734.7299999994395,0.3922451951030387
734.7399999994394,0.6285871160573102
734.7499999994394,0.35817337755823286
734.7599999994394,0.611844223045498
734.7699999994393,0.46126006573727285
734.7799999994393,0.534662890640103
734.7899999994393,0.5718087673385476
734.7999999994393,0.4128482960018289
734.8099999994391,0.6250847568363654
734.8199999994391,0.3523861014313069
734.8299999994391,0.6189433676565875
734.839999999439,0.43842646388972467
734.849999999439,0.552774075378712
734.859999999439,0.5556047218717559
734.869999999439,0.434701737917961
734.8799999994388,0.61979576340481
734.8899999994388,0.35226767687380467
734.8999999994388,0.623976130193759
734.9099999994387,0.4169371389437896
734.9199999994387,0.5685823122518902
734.9299999994387,0.53802320385278
734.9399999994387,0.4567359557531349
734.9499999994385,0.6128331487878939
734.9599999994385,0.35740466497304035
734.9699999994385,0.6271116950330351
734.9799999994384,0.3976233069568379
734.9899999994384,0.5821547059288235
734.9999999994384,0.5193472792021132
735.0099999994384,0.47815178965144145
735.0199999994383,0.6043072005689668
735.0299999994382,0.3670506212010538
735.0399999994382,0.6285038314232879
735.0499999994381,0.38124853884953236
735.0599999994381,0.5936092127541451
735.0699999994381,0.49991837721665394
735.0799999994381,0.49840027004485205
735.089999999438,0.5943311063461117
735.099999999438,0.38026148843328444
735.109999999438,0.6282913602622217
735.1199999994378,0.36843133179275894
735.1299999994378,0.6030888270206248
735.1399999994378,0.48013534288015486
735.1499999994378,0.517140127464051
735.1599999994377,0.5830263307498625
735.1699999994377,0.3960324597019847
735.1799999994377,0.6265999471907044
735.1899999994375,0.359580351991451
735.1999999994375,0.6107451474471675
735.2099999994375,0.4604463719186104
735.2199999994375,0.534189592470451
735.2299999994374,0.5705274830701159
735.2399999994374,0.4134087340174599
735.2499999994374,0.623544563187983
735.2599999994372,0.35485639072637354
735.2699999994372,0.6167285481681669
735.2799999994372,0.44133299234982926
735.2899999994372,0.5494819414276151
735.2999999994371,0.5569863660635616
735.3099999994371,0.4315576638763458
735.3199999994371,0.6192322047305331
735.329999999437,0.3541688611182413
735.3399999994369,0.6211827948266231
735.3499999994369,0.4232864328018741
735.3599999994369,0.5630288499584358
735.3699999994368,0.5425748483763337
735.3799999994368,0.44980307035377076
735.3899999994368,0.6137646179538232
735.3999999994367,0.3572058449027931
735.4099999994366,0.6242425381695862
735.4199999994366,0.40677823348546227
735.4299999994366,0.5748923231293659
735.4399999994365,0.5274861791288756
735.4499999994365,0.4676302028888868
735.4599999994365,0.6072408597788754
735.4699999994364,0.36348873641857393
735.4799999994364,0.6260325968428735
735.4899999994363,0.39222846124006927
735.4999999994363,0.5851643315314005
735.5099999994362,0.5119343878084365
735.5199999994362,0.4846720326203571
735.5299999994362,0.5997595778875776
735.5399999994361,0.37243825189154733
735.5499999994361,0.6266682971635903
735.5599999994361,0.3799759146713886
735.569999999436,0.5939526860818624
735.5799999994359,0.496151503953415
735.5899999994359,0.5006862813327706
735.5999999994359,0.591420917493478
735.6099999994358,0.3834388062794085
735.6199999994358,0.6262563884064559
735.6299999994358,0.37025482896716966
735.6399999994358,0.6013716441069319
735.6499999994356,0.48038249928414756
735.6599999994356,0.5155299037247366
735.6699999994356,0.5823279780685569
735.6799999994355,0.39589184412043693
735.6899999994355,0.6248962227658801
735.6999999994355,0.3631816414136346
735.7099999994355,0.6075359413310544
735.7199999994353,0.46487809245479883
735.7299999994353,0.5291350473342576
735.7399999994353,0.5725877549294162
735.7499999994352,0.4092535542339967
735.7599999994352,0.6226810024285798
735.7699999994352,0.35875355257272556
735.7799999994352,0.6125572158351889
735.789999999435,0.4498858357443883
735.799999999435,0.5414884316130222
735.809999999435,0.5623115155141766
735.8199999994349,0.42305667530115865
735.8299999994349,0.6196989701848444
735.8399999994349,0.3568584280262692
735.8499999994349,0.6165420488293951
735.8599999994348,0.43564017758166246
735.8699999994348,0.5526147281689361
735.8799999994347,0.5516145807942834
735.8899999994346,0.4369188688084626
735.8999999994346,0.6160344680184289
735.9099999994346,0.35729365732398555
735.9199999994346,0.6195910624743298
735.9299999994345,0.42235240603974833
735.9399999994345,0.5625637620007512
735.9499999994345,0.5406155103530456
735.9599999994343,0.4505413182305637
735.9699999994343,0.611768819451122
735.9799999994343,0.35979040739390683
735.9899999994343,0.6217986815663996
735.9999999994342,0.41020147240137916
736.0099999994342,0.5714010038086756
736.0199999994342,0.5294347252334325
736.029999999434,0.46370121687644283
736.039999999434,0.6069810124296836
736.049999999434,0.3640394600014777
736.059999999434,0.6232532891669887
736.0699999994339,0.399326636367133
736.0799999994339,0.5792007211672114
736.0899999994339,0.5181926418387409
736.0999999994337,0.47624116764583546
736.1099999994337,0.6017481743608061
736.1199999994337,0.3697153740558495
736.1299999994337,0.6240375945615924
736.1399999994336,0.3898226648928385
736.1499999994336,0.5860411848788953
736.1599999994336,0.507007430424817
736.1699999994335,0.48805766592214295
736.1799999994334,0.5961458421620123
736.1899999994334,0.3764967367064141
736.1999999994334,0.6242290942389584
736.2099999994333,0.38173799071807796
736.2199999994333,0.5920014118992196
736.2299999994333,0.49599254610900745
736.2399999994332,0.49909003787562584
736.2499999994332,0.5902480393324224
736.2599999994331,0.3840814010074698
736.2699999994331,0.6239005496312019
736.279999999433,0.3750758592700013
736.289999999433,0.5971590262544261
736.299999999433,0.4852542050810834
736.3099999994329,0.5093105761310536
736.3199999994329,0.5841271799858753
736.3299999994329,0.3921965799916014
736.3399999994328,0.6231204350519219
736.3499999994327,0.36979813621891894
736.3599999994327,0.6015889139900216
736.3699999994327,0.47488898764548865
736.3799999994326,0.5187161757614379
736.3899999994326,0.5778538263844099
736.3999999994326,0.40060433988993394
736.4099999994326,0.6219533294662473
736.4199999994324,0.3658311769728512
736.4299999994324,0.6053624288841545
736.4399999994324,0.4649817421195047
736.4499999994323,0.5273214989853888
736.4599999994323,0.5714963321825901
736.4699999994323,0.4091033926748586
736.4799999994323,0.6204602394776059
736.4899999994321,0.3630730099552362
736.4999999994321,0.6085469703703317
736.5099999994321,0.4556039380250141
736.519999999432,0.5351535455384667
736.529999999432,0.5651204072734901
736.539999999432,0.41752818857082674
736.549999999432,0.6186988501875854
736.5599999994319,0.3614010638726454
736.5699999994318,0.6112058052917293
736.5799999994318,0.44681257714747924
736.5899999994317,0.5422474374491545
736.5999999994317,0.5587886424965519
736.6099999994317,0.4257462381737095
736.6199999994317,0.616723706717739
736.6299999994316,0.36067975429526766
736.6399999994316,0.6133980427935106
736.6499999994315,0.4386497218511052
736.6599999994314,0.5486432093751734
736.6699999994314,0.5525600319935722
736.6799999994314,0.43365443386691777
736.6899999994314,0.6145863331989283
736.6999999994313,0.3607673988790885
736.7099999994313,0.6151786996764012
736.7199999994313,0.4311426475205621
736.7299999994311,0.5543834061013351
736.7399999994311,0.5464895290522651
736.7499999994311,0.4411749519716057
736.7599999994311,0.6123352983715648
736.769999999431,0.36152211366710346
736.779999999431,0.6165988135827589
736.789999999431,0.42430457730501336
736.7999999994308,0.5595113129215392
736.8099999994308,0.5406276664662533
736.8199999994308,0.4482511394877367
736.8299999994308,0.6100162382421415
736.8399999994307,0.36280651988238805
736.8499999994307,0.6177055761801621
736.8599999994307,0.4181359172105313
736.8699999994305,0.5640696727454211
736.8799999994305,0.5350202662657255
736.8899999994305,0.45484364054329174
736.8999999994305,0.6076718464450109
736.9099999994304,0.36449123872155037
736.9199999994304,0.6185424686392134
736.9299999994304,0.41262588225842417
736.9399999994303,0.5680997714698887
736.9499999994302,0.5297082560822188
736.9599999994302,0.4609269045497379
736.9699999994302,0.6053418427194699
736.9799999994301,0.36645725979861304
736.9899999994301,0.6191493889783822
736.9999999994301,0.4077543906034792
737.00999999943,0.5716407980984426
737.01999999943,0.5247276009242519
737.02999999943,0.4664861371928112
737.0399999994299,0.6030629288712531
737.0499999994298,0.3685973359730984
737.0599999994298,0.6195627657930008
737.0699999994298,0.4034941020857947
737.0799999994297,0.5747294070343894
737.0899999994297,0.5201093508798794
737.0999999994297,0.47151470263792916
737.1099999994296,0.6008687403637959
737.1199999994295,0.3708165890755643
737.1299999994295,0.6198156561121847
737.1399999994295,0.3998124876799672
737.1499999994294,0.5773994271189782
737.1599999994294,0.5158797974270569
737.1699999994294,0.47601195311993766
737.1799999994294,0.5987898001214681
737.1899999994292,0.3730325156284562
737.1999999994292,0.6199378273704035
737.2099999994292,0.39667383407024437
737.2199999994291,0.5796816757769896
737.2299999994291,0.5120607244474499
737.2399999994291,0.47998144505943524
737.2499999994291,0.59685347938527
737.2599999994289,0.3751745684944588
737.2699999994289,0.6199558246391389
737.2799999994289,0.3940411092040851
737.2899999994288,0.581603847200491
737.2999999994288,0.5086697347208463
737.3099999994288,0.4834294940574237
737.3199999994287,0.5950839688150076
737.3299999994287,0.3771834671170092
737.3399999994286,0.6198930250705924
737.3499999994286,0.391877637165005
737.3599999994285,0.5831904517924138
737.3699999994285,0.5057206295611305
737.3799999994285,0.48636402045833976
737.3899999994284,0.5935022614509958
737.3999999994284,0.379010361750985
737.4099999994284,0.6197696817440076
737.4199999994283,0.3901485516798495
737.4299999994282,0.5844627903779369
737.4399999994282,0.5032238171462223
737.4499999994282,0.4887936406078222
737.4599999994281,0.5921261476989068
737.4699999994281,0.3806159499263048
737.4799999994281,0.6196029591308443
737.489999999428,0.38882201514598347
737.4999999994279,0.5854389512300163
737.5099999994279,0.5011867254356533
737.5199999994279,0.490726964030484
737.5299999994278,0.590970221454026
737.5399999994278,0.3819696188937402
737.5499999994278,0.6194069622458145
737.5599999994278,0.38787020353320456
737.5699999994276,0.5861338216616943
737.5799999994276,0.4996141964785724
737.5899999994276,0.4921720628289998
737.5999999994275,0.5900458955853033
737.6099999994275,0.383048666971164
737.6199999994275,0.6191927612843422
737.6299999994275,0.38727006675573994
737.6399999994273,0.5865591083763774
737.6499999994273,0.49850884180933336
737.6599999994273,0.49313608589220176
737.6699999994272,0.5893614246272605
737.6799999994272,0.3838376398592496
737.6899999994272,0.6189684132216203
737.6999999994272,0.3870038788639798
737.709999999427,0.5867233628141486
737.719999999427,0.4978713416288119
737.729999999427,0.49362499622308864
737.7399999994269,0.5889219322467409
737.7499999994269,0.38432780503280106
737.7599999994269,0.6187389815212893
737.7699999994269,0.3870595943545541
737.7799999994268,0.5866320090501844
737.7899999994268,0.4977006744393976
737.7999999994267,0.4936434155783743
737.8099999994266,0.5887294413161287
737.8199999994266,0.3845167771414585
737.8299999994266,0.6185065547597158
737.8399999994266,0.38743102542939467
737.8499999994265,0.5862873730273689
737.8599999994265,0.49799426811195646
737.8699999994265,0.49319456561502484
737.8799999994263,0.588782904720648
737.8899999994263,0.38440829991586617
737.8999999994263,0.6182702646556312
737.9099999994263,0.3881178521563764
737.9199999994262,0.5856887126616488
737.9299999994262,0.49874806755234213
737.9399999994262,0.4922802993602658
737.949999999426,0.5890782355395566
737.959999999426,0.3840121838470342
737.969999999426,0.6180263037015817
737.979999999426,0.3891254733326896
737.9899999994259,0.5848322492334255
737.9999999994259,0.49995651852696954
738.0099999994259,0.49090122175987094
738.0199999994257,0.589608336059435
738.0299999994257,0.38334439376168605
738.0399999994257,0.6177679423229858
738.0499999994257,0.39046470147587226
738.0599999994256,0.5837112011120019
738.0699999994256,0.501612471473498
738.0799999994256,0.4890569019467565
738.0899999994255,0.590363125456646
738.0999999994254,0.3824272751611071
738.1099999994254,0.617485545247908
738.1199999994254,0.39215130124011327
738.1299999994253,0.5823158217947856
738.1399999994253,0.5037070128142044
738.1499999994253,0.4867461843492705
738.1599999994252,0.5913295668706866
738.1699999994252,0.38128990231228216
738.1799999994251,0.6171665865591516
738.1899999994251,0.3942053677817922
738.199999999425,0.5806334450367235
738.209999999425,0.5062292351848741
738.219999999425,0.4839676096672663
738.2299999994249,0.5924916948292266
738.2399999994249,0.3799685241959777
738.2499999994249,0.6167956627203326
738.2599999994248,0.39665054034889397
738.2699999994247,0.5786485411806886
738.2799999994247,0.5091659609973442
738.2899999994247,0.4807199611284392
738.2999999994246,0.5938306443448104
738.3099999994246,0.37850707536825834
738.3199999994246,0.6163545027228556
738.3299999994246,0.3995130472745976
738.3399999994244,0.5763427903038305
738.3499999994244,0.512501436307131
738.3599999994244,0.47700295504559154
738.3699999994243,0.595324683050817
738.3799999994243,0.37695770815183
738.3899999994243,0.615821974441833
738.3999999994243,0.402820582477292
738.4099999994241,0.5736951797332558
738.4199999994241,0.5162170138854827
738.4299999994241,0.47281809846394807
738.439999999424,0.5969492474822011
738.449999999424,0.37538128932679077
738.459999999424,0.6151740862846693
738.469999999424,0.40660102006304427
738.4799999994239,0.5706821362517289
738.4899999994238,0.52029084536792
738.4999999994238,0.4681697394823803
738.5099999994237,0.5986769841247875
738.5199999994237,0.3738477895541174
738.5299999994237,0.6143839833865511
738.5399999994237,0.4108809832145756
738.5499999994236,0.5672777065773075
738.5599999994236,0.5246976023599393
738.5699999994235,0.4630663373266822
738.5799999994234,0.6004777951788791
738.5899999994234,0.3724364776669754
738.5999999994234,0.6134219379241734
738.6099999994234,0.4156842958614502
738.6199999994233,0.5634538042323997
738.6299999994233,0.5294082449555776
738.6399999994233,0.4575219783820952
738.6499999994231,0.6023188880344081
738.6599999994231,0.371235816291272
738.6699999994231,0.612255333781456
738.6799999994231,0.42103035933487226
738.689999999423,0.5591805463290788
738.699999999423,0.5343898541979416
738.709999999423,0.45155815995834364
738.7199999994228,0.6041648264887693
738.7299999994228,0.37034294255171873
738.7399999994228,0.6108486467485219
738.7499999994228,0.4269325110431401
738.7599999994227,0.554426710893529
738.7699999994227,0.5396055408397328
738.7799999994227,0.4452058536967129
738.7899999994225,0.6059775805695441
738.7999999994225,0.369862611247511
738.8099999994225,0.6091634230395795
738.8199999994225,0.4333964353505553
738.8299999994224,0.5491603539703143
738.8399999994224,0.5450144387361286
738.8499999994224,0.43850784249669306
738.8599999994223,0.6077165708695224
738.8699999994222,0.36990548227392966
738.8799999994222,0.607158261140424
738.8899999994222,0.4404187071910298
738.8999999994221,0.5433496358756167
738.9099999994221,0.5505717851790148
738.9199999994221,0.4315212965465058
738.929999999422,0.6093387024461122
738.939999999422,0.3705856540395401
738.949999999422,0.6047888052528563
738.9599999994219,0.4479855538526743
738.9699999994218,0.5369639182244734
738.9799999994218,0.5562290849151232
738.9899999994218,0.42432051184254094
738.9999999994217,0.6107983826734342
739.0099999994217,0.37201738471806933
739.0199999994217,0.6020077631722958
739.0299999994216,0.4560719181909444
739.0399999994215,0.529975206644362
739.0499999994215,0.5619343482526857
739.0599999994215,0.4169996758393425
739.0699999994214,0.6120475173671034
739.0799999994214,0.3743110064793301
739.0899999994214,0.5987649677444177
739.0999999994214,0.46464089584615
739.1099999994212,0.5223600277191048
739.1199999994212,0.5676323880292398
739.1299999994212,0.40967544883958545
739.1399999994211,0.6130354797905014
739.1499999994211,0.3775681240488052
739.1599999994211,0.5950075095422119
739.1699999994211,0.47364360002980144
739.1799999994209,0.5141018414224137
739.1899999994209,0.573265155276537
739.1999999994209,0.4024890573236492
739.2099999994208,0.613709048331315
739.2199999994208,0.38187629302407056
739.2299999994208,0.5906799800297303
739.2399999994208,0.48301948019487584
739.2499999994207,0.5051940977709688
739.2599999994206,0.578772089514424
739.2699999994206,0.395607494174098
739.2799999994205,0.614012310662418
739.2899999994205,0.3873034841656076
739.2999999994205,0.5857248796051756
739.3099999994205,0.49269708881725227
739.3199999994204,0.4956440446557723
739.3299999994204,0.5840904574519465
739.3399999994203,0.3892233245972435
739.3499999994202,0.6138865355111351
739.3599999994202,0.3938927402162391
739.3699999994202,0.580083264945832
739.3799999994202,0.502595255940169
739.3899999994201,0.4854773738024487
739.3999999994201,0.5891556530985917
739.40999999942,0.38355253036787224
739.4199999994199,0.6132700180891856
739.4299999994199,0.4016575001763995
739.4399999994199,0.5736957353527368
739.4499999994199,0.5126245984240465
739.4599999994198,0.4747437427858899
739.4699999994198,0.5939014333742421
739.4799999994198,0.3788298228868839
739.4899999994196,0.6120979123553201
739.4999999994196,0.4105780814173497
739.5099999994196,0.5665038896095919
739.5199999994196,0.5226892638647846
739.5299999994195,0.46352311796420004
739.5399999994195,0.5982600659651579
739.5499999994195,0.3753009581233299
739.5599999994193,0.6103020733665698
739.5699999994193,0.42059975635337404
739.5799999994193,0.5584524226483012
739.5899999994193,0.5326887909495611
739.5999999994192,0.4519327283737303
739.6099999994192,0.6021623704760871
739.6199999994192,0.37321183237023536
739.629999999419,0.6078109470877917
739.639999999419,0.4316327339193715
739.649999999419,0.5494920743885534
739.659999999419,0.542519960562108
739.6699999994189,0.44013418809129384
739.6799999994189,0.6055376395719053
739.6899999994189,0.3727945455051303
739.6999999994188,0.604549564662236
739.7099999994188,0.44355416747799603
739.7199999994187,0.5395836868907401
739.7299999994187,0.5520785159394853
739.7399999994186,0.4283400257392085
739.7499999994186,0.6083134341038481
739.7599999994186,0.3742511680547395
739.7699999994185,0.6004397251461837
739.7799999994185,0.45621208749968345
739.7899999994185,0.528703662613143
739.7999999994184,0.561260643817124
739.8099999994183,0.41681846731101135
739.8199999994183,0.6104152549810685
739.8299999994183,0.3777365636122917
739.8399999994182,0.5954004875573241
739.8499999994182,0.46943093532836705
739.8599999994182,0.516851129501389
739.8699999994182,0.5699641304526208
739.879999999418,0.40589490278181467
739.889999999418,0.6117661057544005
739.899999999418,0.38334216283814765
739.9099999994179,0.5893491425216137
739.9199999994179,0.4830181943257827
739.9299999994179,0.504057081804319
739.9399999994179,0.5780891325264946
739.9499999994177,0.3959481356087074
739.9599999994177,0.6122859741546838
739.9699999994177,0.39108288794516
739.9799999994176,0.5822028986221288
739.9899999994176,0.4967715062117515
739.9999999994176,0.49039563702285976
740.0099999994176,0.5855385311372172
740.0199999994175,0.3873994398768835
740.0299999994174,0.6118912800598107
740.0399999994174,0.4008893308434569
740.0499999994173,0.5738816010759769
740.0599999994173,0.5104856404668825
740.0699999994173,0.47599727236159217
740.0799999994173,0.5922178640609117
740.0899999994172,0.38069285233893063
740.0999999994172,0.6104943638675238
740.1099999994171,0.41260672125535
740.119999999417,0.5643118996381408
740.129999999417,0.5239587487724475
740.139999999417,0.4610634097316413
740.149999999417,0.5980348559625992
740.1599999994169,0.37626620513633363
740.1699999994169,0.6080031266658258
740.1799999994169,0.42600124575966525
740.1899999994167,0.5534333928780828
740.1999999994167,0.5369974657348704
740.2099999994167,0.44588094629434144
740.2199999994167,0.6028985874830589
740.2299999994166,0.374514218382353
740.2399999994166,0.6043209866667699
740.2499999994166,0.440773100080475
740.2599999994164,0.5412073785921554
740.2699999994164,0.5494205817827545
740.2799999994164,0.4308342652404167
740.2899999994164,0.6067183634363728
740.2999999994163,0.375747291464066
740.3099999994163,0.5993473913038209
740.3199999994163,0.4565745643772025
740.3299999994161,0.5276288973099393
740.3399999994161,0.5610611837548783
740.3499999994161,0.41641101933167124
740.3599999994161,0.6094023596652194
740.369999999416,0.38015186442235244
740.379999999416,0.5929792285388618
740.389999999416,0.4730306605894007
740.3999999994159,0.5127426953742523
740.4099999994158,0.5717673070361085
740.4199999994158,0.40319687820009825
740.4299999994158,0.6108561517327681
740.4399999994157,0.38775950090858763
740.4499999994157,0.5851136217593291
740.4599999994157,0.489759742480923
740.4699999994156,0.4966634386278668
740.4799999994156,0.5814012557886659
740.4899999994155,0.3918540677065769
740.4999999994155,0.6109812619991228
740.5099999994154,0.3984313645851728
740.5199999994154,0.5756527747283512
740.5299999994154,0.5063916818206565
740.5399999994153,0.47959980588045314
740.5499999994153,0.5898378186294819
740.5599999994153,0.38307971931408835
740.5699999994152,0.6096739127053271
740.5799999994151,0.4118622290793618
740.5899999994151,0.5645117527325794
740.5999999994151,0.5225820008661495
740.609999999415,0.4618807787341238
740.619999999415,0.5969616413031926
740.629999999415,0.3775435095301534
740.639999999415,0.6068242516777044
740.6499999994148,0.4276041151484051
740.6599999994148,0.5516303182820176
740.6699999994148,0.5380211433883484
740.6799999994147,0.4439803609617882
740.6899999994147,0.6026640254584997
740.6999999994147,0.37580984342999013
740.7099999994147,0.6023164375537516
740.7199999994145,0.4451053551830118
740.7299999994145,0.5369901192019794
740.7399999994145,0.5524388624541029
740.7499999994144,0.4265341709197761
740.7599999994144,0.6068394183910717
740.7699999994144,0.37825664443830376
740.7799999994144,0.5960301490195159
740.7899999994142,0.4637577950787314
740.7999999994142,0.5206385143286412
740.8099999994142,0.5656042926295023
740.8199999994141,0.41033843117781504
740.8299999994141,0.6093818587061842
740.8399999994141,0.38500794419439627
740.8499999994141,0.5878443341422186
740.859999999414,0.4829439003392415
740.869999999414,0.5027198661859805
740.8799999994139,0.5773226138988687
740.8899999994138,0.39632022492928637
740.8999999994138,0.610181664944839
740.9099999994138,0.39589776002605004
740.9199999994138,0.5776443531527232
740.9299999994137,0.5020767731894418
740.9399999994137,0.48351383758314037
740.9499999994136,0.5874293247071082
740.9599999994135,0.38546970169400635
740.9699999994135,0.609122717976705
740.9799999994135,0.41047653900109965
740.9899999994135,0.5653340820272319
740.9999999994134,0.5206287466329335
741.0099999994134,0.4634776038414613
741.0199999994134,0.5957830875137858
741.0299999994132,0.37873239864455616
741.0399999994132,0.6060808165159144
741.0499999994132,0.42806023949652017
741.0599999994132,0.5508549772528035
741.0699999994131,0.5381472188784319
741.0799999994131,0.44328453965481884
741.0899999994131,0.6022579696993496
741.099999999413,0.3768733102477241
741.1099999994129,0.6009238060699742
741.1199999994129,0.447810364635828
741.1299999994129,0.5342143910014636
741.1399999994128,0.5542588334212943
741.1499999994128,0.42384608301030524
741.1599999994128,0.6067357478673341
741.1699999994127,0.380340042713347
741.1799999994126,0.5935145270232166
741.1899999994126,0.4688259310911956
741.1999999994126,0.5155252201148594
741.2099999994125,0.5686645636393478
741.2199999994125,0.40629779828697943
741.2299999994125,0.6090988328088192
741.2399999994124,0.38916234514467635
741.2499999994124,0.5837181266252546
741.2599999994123,0.4902280148177941
741.2699999994123,0.4950576352326235
741.2799999994122,0.5811287361794724
741.2899999994122,0.3919290564551568
741.2999999994122,0.6092243513557919
741.3099999994121,0.4029212303002941
741.3199999994121,0.5714159390972692
741.329999999412,0.5112231219554162
741.339999999412,0.4733002148432546
741.3499999994119,0.5914648030752864
741.3599999994119,0.3820437976106463
741.3699999994119,0.6069800309214668
741.3799999994118,0.420800919871564
741.3899999994118,0.5565288942468448
741.3999999994118,0.5311397722520396
741.4099999994118,0.4510212709102954
741.4199999994116,0.5995200958540733
741.4299999994116,0.3777613910551886
741.4399999994116,0.6022228158623592
741.4499999994115,0.4417092200148045
741.4599999994115,0.5390540380908633
741.4699999994115,0.5494398748856691
741.4799999994115,0.4293112452689386
741.4899999994113,0.6051611591850616
741.4999999994113,0.37979774721108855
741.5099999994113,0.5948016515028556
741.5199999994112,0.46443064948321067
741.5299999994112,0.5191176798848838
741.5399999994112,0.565710801540126
741.5499999994112,0.40957605825064664
741.559999999411,0.6082607619978143
741.569999999411,0.3882921618936255
741.579999999411,0.5845666501332556
741.5899999994109,0.48777167771605856
741.5999999994109,0.4970468179991
741.6099999994109,0.5796453774695712
741.6199999994109,0.3934460772404938
741.6299999994108,0.6086874308137518
741.6399999994107,0.4027444268977912
741.6499999994107,0.5713879149778637
741.6599999994106,0.5106683381472864
741.6699999994106,0.4734550844960791
741.6799999994106,0.5910162455703527
741.6899999994106,0.38257717766443894
741.6999999994105,0.6062984068574877
741.7099999994105,0.42209105045089573
741.7199999994104,0.5551885267688195
741.7299999994103,0.5322446198606683
741.7399999994103,0.4493284956762708
741.7499999994103,0.5996493710408618
741.7599999994103,0.3783579871159957
741.7699999994102,0.6009373477974597
741.7799999994102,0.4448952033924661
741.7899999994102,0.5359971548910153
741.79999999941,0.5518258937080486
741.80999999941,0.42607935312748907
741.81999999941,0.6053997315157255
741.82999999941,0.3815934236652253
741.8399999994099,0.592438937404987
741.8499999994099,0.4695840866980797
741.8599999994099,0.5140253477483634
741.8699999994097,0.5689202452365275
741.8799999994097,0.4055185729155825
741.8899999994097,0.6081309751429111
741.8999999994097,0.3922767732588753
741.9099999994096,0.5806438868825536
741.9199999994096,0.4946617492098792
741.9299999994096,0.48977061662196036
741.9399999994095,0.5831821376290526
741.9499999994094,0.38969187416510515
741.9599999994094,0.607700222154347
741.9699999994094,0.4095501935982314
741.9799999994093,0.5654295743726407
741.9899999994093,0.5188510981942076
741.9999999994093,0.46413561457818653
742.0099999994092,0.594370126111505
742.0199999994092,0.38055523177369255
742.0299999994091,0.6039492859273912
742.0399999994091,0.4318778520573095
742.049999999409,0.5467634309591832
742.059999999409,0.5411545417020218
742.069999999409,0.43853288271437724
742.0799999994089,0.6023063238769111
742.0899999994089,0.3795405520705398
742.0999999994089,0.5967044215534865
742.1099999994088,0.4573611209079803
742.1199999994087,0.5247870404249952
742.1299999994087,0.5608489253188071
742.1399999994087,0.4149155265717944
742.1499999994086,0.6068418493151487
742.1599999994086,0.38715444923576253
742.1699999994086,0.5857883161592944
742.1799999994086,0.48407464111723325
742.1899999994084,0.4999362046326073
742.1999999994084,0.5774405215106643
742.2099999994084,0.3956517627802164
742.2199999994083,0.6078303439414984
742.2299999994083,0.402788764702569
742.2399999994083,0.5710504097371483
742.2499999994083,0.5103206762056032
742.2599999994081,0.473091256988772
742.2699999994081,0.5906036516453393
742.2799999994081,0.38317839337200993
742.289999999408,0.6051109702595663
742.299999999408,0.42484416074308284
742.309999999408,0.5524244622720992
742.319999999408,0.5347589059842763
742.3299999994078,0.44572679801896836
742.3399999994078,0.6001191088296026
742.3499999994078,0.379457729602142
742.3599999994077,0.5985029900241299
742.3699999994077,0.45111313770562644
742.3799999994077,0.530024324055603
742.3899999994077,0.5564245129157858
742.3999999994076,0.41998931495379
742.4099999994075,0.6058211733045864
742.4199999994075,0.38540657198942535
742.4299999994074,0.5878160135633631
742.4399999994074,0.4792498551336558
742.4499999994074,0.5042868581583392
742.4599999994074,0.5746745677547421
742.4699999994073,0.3985908924449303
742.4799999994073,0.6075570599160529
742.4899999994072,0.4005606482977137
742.4999999994071,0.5728832325520796
742.5099999994071,0.5071512346835767
742.5199999994071,0.47615835518419963
742.5299999994071,0.5891033914931203
742.539999999407,0.3844138664328276
742.549999999407,0.605160546126934
742.559999999407,0.4231635576838488
742.5699999994068,0.5536289918452474
742.5799999994068,0.5331617528590252
742.5899999994068,0.44728832403058333
742.5999999994068,0.5994554112485675
742.6099999994067,0.3798333248079204
742.6199999994067,0.5984419789460735
742.6299999994067,0.4506418586578218
742.6399999994065,0.5301852567638048
742.6499999994065,0.556110901935102
742.6599999994065,0.4201379835322593
742.6699999994065,0.6055506693138967
742.6799999994064,0.38597312977955944
742.6899999994064,0.5871994884758122
742.6999999994064,0.48022608169128933
742.7099999994063,0.5030692365579817
742.7199999994062,0.5752429885985842
742.7299999994062,0.39785143586249255
742.7399999994062,0.6072290168869814
742.7499999994061,0.40226464687285407
742.7599999994061,0.5712607632060609
742.7699999994061,0.5094558970083997
742.779999999406,0.47341689248858065
742.789999999406,0.5901022185203909
742.7999999994059,0.38374500233219744
742.8099999994059,0.604315071485701
742.8199999994058,0.42657779202514506
742.8299999994058,0.5505704272018481
742.8399999994058,0.5364396134188961
742.8499999994057,0.44322035779583724
742.8599999994057,0.6004161945569052
742.8699999994056,0.3804347279475584
742.8799999994056,0.596606437344543
742.8899999994055,0.4558586222154344
742.8999999994055,0.5253421869826784
742.9099999994055,0.559885970732112
742.9199999994054,0.41543628143049854
742.9299999994054,0.6059993452235689
742.9399999994054,0.38892274677661887
742.9499999994053,0.5838915706214207
742.9599999994052,0.4869228634543275
742.9699999994052,0.496289930691095
742.9799999994052,0.5789985314241598
742.9899999994051,0.3937548501518246
742.9999999994051,0.6066837518621702
743.0099999994051,0.4081514041962386
743.0199999994051,0.5660102870779535
743.0299999994049,0.5170531973139296
743.0399999994049,0.4649223479832142
743.0499999994049,0.5933215102707414
743.0599999994048,0.38185931899341735
743.0699999994048,0.6022794046142242
743.0799999994048,0.43532720427234783
743.0899999994048,0.5429776830411557
743.0999999994046,0.5442584298393639
743.1099999994046,0.43381133487176426
743.1199999994046,0.6025930021550752
743.1299999994045,0.3822848785817167
743.1399999994045,0.5925672680381178
743.1499999994045,0.46681894300722043
743.1599999994045,0.515195958689301
743.1699999994044,0.5672533961950629
743.1799999994043,0.4066274238890169
743.1899999994043,0.6066302278074952
743.1999999994042,0.3954031443309188
743.2099999994042,0.5773348946001067
743.2199999994042,0.4991129503615075
743.2299999994042,0.48376460344296285
743.2399999994041,0.5852938380102086
743.249999999404,0.38765899918949176
743.259999999404,0.6052534907351049
743.2699999994039,0.4191848847918153
743.2799999994039,0.5564741221806027
743.2899999994039,0.5294173077083775
743.2999999994039,0.4508420467012781
743.3099999994038,0.5979780874108105
743.3199999994038,0.38068478343886386
743.3299999994038,0.5982505532900854
743.3399999994036,0.44992851699454933
743.3499999994036,0.5301699511644424
743.3599999994036,0.5558311864945124
743.3699999994036,0.4198874143537242
743.3799999994035,0.6050760281457795
743.3899999994035,0.3875560649023533
743.3999999994035,0.5853874938718631
743.4099999994033,0.48347246668416777
743.4199999994033,0.49920779057751574
743.4299999994033,0.5772202780223226
743.4399999994033,0.3954569852581393
743.4499999994032,0.6064065993606516
743.4599999994032,0.4073236111936358
743.4699999994032,0.5664828396410446
743.479999999403,0.5162056923559314
743.489999999403,0.46538655081977487
743.499999999403,0.5929780091645019
743.509999999403,0.3822342620157573
743.5199999994029,0.6017673652789778
743.5299999994029,0.4365596690242405
743.5399999994029,0.5415754869902605
743.5499999994028,0.5455295069695525
743.5599999994027,0.4319082897389281
743.5699999994027,0.6027913661308538
743.5799999994027,0.3834002405960195
743.5899999994026,0.5909189609295115
743.5999999994026,0.4706565448256484
743.6099999994026,0.511224256398856
743.6199999994025,0.5698403231377138
743.6299999994025,0.40341722525267204
743.6399999994024,0.6064619475332655
743.6499999994024,0.399182478472881
743.6599999994023,0.5736377165298981
743.6699999994023,0.505233776053284
743.6799999994023,0.4769522992891795
743.6899999994022,0.5882727665039197
743.6999999994022,0.3852358535848787
743.7099999994022,0.6037937045925125
743.7199999994021,0.42664312716775554
743.729999999402,0.549866756610882
743.739999999402,0.5369664597679431
743.749999999402,0.4417443847766149
743.7599999994019,0.6004006491712609
743.7699999994019,0.381654086525963
743.7799999994019,0.5945483527380565
743.7899999994019,0.46090360105437433
743.7999999994017,0.5200106558062723
743.8099999994017,0.5637392087795111
743.8199999994017,0.4102820884696569
743.8299999994016,0.6059934057477391
743.8399999994016,0.39400350276330487
743.8499999994016,0.5784780739940732
743.8599999994016,0.4968946266183739
743.8699999994014,0.4854061972059673
743.8799999994014,0.5843972724330511
743.8899999994014,0.38837310198718406
743.8999999994013,0.604855583462132
743.9099999994013,0.41988998515747705
743.9199999994013,0.5554649667908909
743.9299999994013,0.5305846022298094
743.9399999994012,0.4489062175331955
743.9499999994011,0.5983844305137296
743.9599999994011,0.381210423876426
743.969999999401,0.5967508261433421
743.979999999401,0.45425351772116235
743.989999999401,0.5258181106080174
743.999999999401,0.5593474911905975
744.0099999994009,0.41527065189658174
744.0199999994009,0.6054292328769469
744.0299999994008,0.3910540547550678
744.0399999994007,0.5814165648730195
744.0499999994007,0.49140816349071326
744.0599999994007,0.49077608971675846
744.0699999994007,0.5817404492882735
744.0799999994006,0.3907433757116619
744.0899999994006,0.6053318026331637
744.0999999994006,0.4159549340297738
744.1099999994004,0.5586982076868257
744.1199999994004,0.5266697786785248
744.1299999994004,0.4531718144644538
744.1399999994004,0.5970798269058186
744.1499999994003,0.38126195956151243
744.1599999994003,0.5978555399518496
744.1699999994003,0.45064998783177945
744.1799999994001,0.5288595699904617
744.1899999994001,0.5569471879978826
744.1999999994001,0.41794852881902833
744.2099999994,0.605054055981951
744.2199999994,0.3897802653040771
744.2299999994,0.5827271298954164
744.2399999994,0.4888764302147288
744.2499999993998,0.4931305226766858
744.2599999993998,0.5805463752131654
744.2699999993998,0.39181851920278826
744.2799999993997,0.6054564305984684
744.2899999993997,0.4145671355451758
744.2999999993997,0.5597739621845732
744.3099999993997,0.5253762599013078
744.3199999993996,0.4544587068266913
744.3299999993995,0.5966808102327806
744.3399999993995,0.38134553785310416
744.3499999993994,0.5980464780061686
744.3599999993994,0.4500281666570106
744.3699999993994,0.5292630452165673
744.3799999993994,0.556680851845705
744.3899999993993,0.4181247765033602
744.3999999993993,0.6050098989991235
744.4099999993992,0.38989300737272814
744.4199999993991,0.5825412430304174
744.4299999993991,0.4893311506992984
744.4399999993991,0.49251446877582833
744.4499999993991,0.5809166119303004
744.459999999399,0.3913956338521558
744.469999999399,0.6053204637515022
744.479999999399,0.41561189465678544
744.4899999993988,0.5587678731972666
744.4999999993988,0.5267475248144895
744.5099999993988,0.452753730707777
744.5199999993988,0.5972387694208969
744.5299999993987,0.3813490953020144
744.5399999993987,0.597363651683361
744.5499999993987,0.4523680294935043
744.5599999993985,0.5270517802772245
744.5699999993985,0.5585586185914372
744.5799999993985,0.4157960143750663
744.5899999993985,0.6052968887940093
744.5999999993984,0.3914028297353706
744.6099999993984,0.5808473541305903
744.6199999993984,0.4927589510851483
744.6299999993983,0.4889244022886261
744.6399999993982,0.5828120473078608
744.6499999993982,0.38957131532333633
744.6599999993982,0.6048728227730916
744.6699999993981,0.41915992714265565
744.6799999993981,0.5556211354669937
744.6899999993981,0.5307244453993814
744.699999999398,0.4480929440053585
744.709999999398,0.5986631952172047
744.7199999993979,0.38150968771737664
744.7299999993979,0.5957039230309322
744.7399999993978,0.4577041150297738
744.7499999993978,0.522142366867429
744.7599999993978,0.562459691702733
744.7699999993977,0.41114240257754187
744.7799999993977,0.6057739100426642
744.7899999993977,0.39461637428975743
744.7999999993976,0.577491753863721
744.8099999993975,0.4990972734376325
744.8199999993975,0.4823151270413189
744.8299999993975,0.5860532178637068
744.8399999993974,0.38675072846031844
744.8499999993974,0.6039208191714814
744.8599999993974,0.425445054922527
744.8699999993974,0.5501442417583631
744.8799999993972,0.5371379725616876
744.8899999993972,0.4405883528608978
744.8999999993972,0.6007223715547216
744.9099999993971,0.3824096715583381
744.9199999993971,0.5928213595799651
744.9299999993971,0.4660905541699657
744.9399999993971,0.5143595186792087
744.9499999993969,0.5681278755923295
744.9599999993969,0.4045750117385836
744.9699999993969,0.6061592023419217
744.9799999993968,0.4000941542040273
744.9899999993968,0.5721810661259134
744.9999999993968,0.5082025467375004
745.0099999993968,0.47263989987519406
745.0199999993966,0.5903194545593442
745.0299999993966,0.38368595846350295
745.0399999993966,0.6021300331257314
745.0499999993965,0.4347907518030402
745.0599999993965,0.5420290281353437
745.0699999993965,0.5456896301064407
745.0799999993965,0.4305045016457992
745.0899999993964,0.603044190394515
745.0999999993963,0.38495651594862945
745.1099999993963,0.5883275048375118
745.1199999993962,0.47752778410517766
745.1299999993962,0.5034734697565636
745.1399999993962,0.5751640657232132
745.1499999993962,0.3968296075068573
745.1599999993961,0.606030630434886
745.169999999396,0.4085575656839917
745.179999999396,0.5644886675308483
745.1899999993959,0.5198003932833807
745.1999999993959,0.45993432256323946
745.2099999993959,0.5951482968629347
745.2199999993959,0.38151931677572903
745.2299999993958,0.5990234623318224
745.2399999993958,0.4474886108610506
745.2499999993958,0.5308760457015437
745.2599999993956,0.55592819333522
745.2699999993956,0.41839129674097764
745.2799999993956,0.6051171389108048
745.2899999993956,0.3903124763589545
745.2999999993955,0.5816929882897875
745.3099999993955,0.4918662825243114
745.3199999993955,0.48927462088289614
745.3299999993953,0.5830204396481212
745.3399999993953,0.3890885799767697
745.3499999993953,0.6048250473406527
745.3599999993953,0.4207308688637094
745.3699999993952,0.5538710145275645
745.3799999993952,0.5334341465772365
745.3899999993952,0.44446218732480564
745.399999999395,0.5999365689364086
745.409999999395,0.3817821569583979
745.419999999395,0.5939802379764013
745.429999999395,0.4636430840241696
745.4399999993949,0.5162523350143607
745.4499999993949,0.5672329488966064
745.4599999993949,0.4052721721690023
745.4699999993948,0.6062908734831475
745.4799999993947,0.39973119044137323
745.4899999993947,0.5722546149916407
745.4999999993947,0.5087123504593237
745.5099999993946,0.47171097664153944
745.5199999993946,0.591000372998248
745.5299999993946,0.3830817159644525
745.5399999993945,0.6018360591003399
745.5499999993945,0.4371203730316992
745.5599999993944,0.5397071887070697
745.5699999993944,0.5484302095850032
745.5799999993943,0.4269423427206441
745.5899999993943,0.6039430265380612
745.5999999993943,0.3862742017434826
745.6099999993942,0.5862360865111856
745.6199999993942,0.4830158652794003
745.6299999993942,0.49780774934851757
745.6399999993941,0.5788115259412349
745.649999999394,0.3928554700230413
745.659999999394,0.6057748751793258
745.669999999394,0.4142754342798083
745.6799999993939,0.5592385009958191
745.6899999993939,0.5273662274882515
745.6999999993939,0.45112397156376804
745.7099999993939,0.598264750226541
745.7199999993937,0.38106662300362304
745.7299999993937,0.5962104843464295
745.7399999993937,0.457770006875076
745.7499999993936,0.5213889441016002
745.7599999993936,0.563894029623354
745.7699999993936,0.40885367781945636
745.7799999993936,0.6062901509029561
745.7899999993934,0.3967486492250289
745.7999999993934,0.5748930593151584
745.8099999993934,0.5049192331563904
745.8199999993933,0.4754960164455299
745.8299999993933,0.5897135812912662
745.8399999993933,0.38366658157744044
745.8499999993933,0.6026335362127656
745.8599999993932,0.43444902582856326
745.8699999993931,0.5418235938410948
745.8799999993931,0.5468164595016295
745.889999999393,0.42861279522469703
745.899999999393,0.6038406016333895
745.909999999393,0.3855483189618509
745.919999999393,0.5869479238410255
745.9299999993929,0.4820732777512738
745.9399999993929,0.4985120937842913
745.9499999993928,0.5787383993828309
745.9599999993927,0.39274044094172766
745.9699999993927,0.6059609971682414
745.9799999993927,0.41439741181284584
745.9899999993927,0.5589588624804664
745.9999999993926,0.5282033967825154
746.0099999993926,0.4499598773627324
746.0199999993926,0.5988529607710915
746.0299999993924,0.3808991822996491
746.0399999993924,0.5957788311886398
746.0499999993924,0.45986237587046397
746.0599999993924,0.5192963845487863
746.0699999993923,0.5657939752048771
746.0799999993923,0.4064973642990529
746.0899999993923,0.606624258411146
746.0999999993921,0.3986413139174474
746.1099999993921,0.5729192938226204
746.1199999993921,0.5087303641589365
746.1299999993921,0.47124982225060424
746.139999999392,0.5917306148887966
746.149999999392,0.38228842999714485
746.159999999392,0.6017884747353032
746.1699999993918,0.4392827024465849
746.1799999993918,0.5374634350014741
746.1899999993918,0.5513492819827162
746.1999999993918,0.4231091069004296
746.2099999993917,0.6050243594031405
746.2199999993917,0.3877486303248831
746.2299999993917,0.5839717095687835
746.2399999993916,0.4891005069915846
746.2499999993915,0.49138990336011323
746.2599999993915,0.5828624105785908
746.2699999993915,0.38867317389830414
746.2799999993914,0.6053715007899225
746.2899999993914,0.42118998191248835
746.2999999993914,0.552947001396646
746.3099999993913,0.5358875310400322
746.3199999993913,0.44099350047687585
746.3299999993912,0.6015340919726402
746.3399999993912,0.3817823608021668
746.3499999993911,0.5924432178989285
746.3599999993911,0.47000509139252244
746.3699999993911,0.5097509547680644
746.379999999391,0.5726287097792034
746.389999999391,0.39875441719855254
746.399999999391,0.6069000199039866
746.409999999391,0.406207136142654
746.4199999993908,0.5658690394051269
746.4299999993908,0.5198974034281
746.4399999993908,0.4589395557430934
746.4499999993907,0.5965025845439397
746.4599999993907,0.38035598670789617
746.4699999993907,0.5986754498545824
746.4799999993907,0.4520742383832401
746.4899999993905,0.5260446714765378
746.4999999993905,0.5614033892898478
746.5099999993905,0.4112232632216904
746.5199999993904,0.6067195686775749
746.5299999993904,0.39466642894274595
746.5399999993904,0.5764507727766861
746.5499999993904,0.5038565619327201
746.5599999993902,0.4761142963109219
746.5699999993902,0.5902595013914472
746.5799999993902,0.38276247071994907
746.5899999993901,0.6030011392972779
746.5999999993901,0.43582767228644803
746.6099999993901,0.5402103951755697
746.6199999993901,0.5495515624007735
746.62999999939,0.42492664625191096
746.6399999993899,0.6051497132663901
746.6499999993899,0.3865999036261236
746.6599999993898,0.5849570395257292
746.6699999993898,0.48821012199174973
746.6799999993898,0.49200620457112965
746.6899999993898,0.5831175752673299
746.6999999993897,0.3881297165596322
746.7099999993897,0.605733471494653
746.7199999993896,0.42163604901228907
746.7299999993895,0.552327113305252
746.7399999993895,0.5374236291102501
746.7499999993895,0.43894569241737275
746.7599999993895,0.6024861487940908
746.7699999993894,0.3817765118501812
746.7799999993894,0.5916636514822513
746.7899999993894,0.4733479586092882
746.7999999993892,0.5063479808146482
746.8099999993892,0.5753731259659267
746.8199999993892,0.3955599149154694
746.8299999993892,0.6071621932180767
746.8399999993891,0.4097009639650349
746.8499999993891,0.5625515293259399
746.8599999993891,0.5253469039285565
746.8699999993889,0.45260730232230895
746.8799999993889,0.5990027331426735
746.8899999993889,0.3797712627978568
746.8999999993889,0.5968394012003811
746.9099999993888,0.4595851168103977
746.9199999993888,0.5190429471731457
746.9299999993888,0.5673047871356267
746.9399999993886,0.40422872595091697
746.9499999993886,0.6075529542582145
746.9599999993886,0.4000568056507769
746.9699999993886,0.571077300677692
746.9799999993885,0.5136164781226484
746.9899999993885,0.4654566856284363
746.9999999993885,0.5949528115391335
747.0099999993884,0.3800461449306364
747.0199999993883,0.6007368284290845
747.0299999993883,0.44714896714027297
747.0399999993883,0.5301050927144831
747.0499999993882,0.559171003455623
747.0599999993882,0.4134396851276421
747.0699999993882,0.6071479281270941
747.0799999993881,0.3925921338131756
747.089999999388,0.5781095307754679
747.099999999388,0.5024870717918208
747.109999999388,0.4772137269173318
747.1199999993879,0.5905697074431526
747.1299999993879,0.38202490263435207
747.1399999993879,0.6035879333725083
747.1499999993878,0.43617525313968336
747.1599999993878,0.539614454919867
747.1699999993878,0.551207024486293
747.1799999993877,0.4226417378385249
747.1899999993876,0.606166714879941
747.1999999993876,0.38708422779012563
747.2099999993876,0.5838494754548558
747.2199999993875,0.492167392478639
747.2299999993875,0.487727667833489
747.2399999993875,0.5860665318086611
747.2499999993875,0.3851506986450104
747.2599999993873,0.6056025070443254
747.2699999993873,0.426713277599918
747.2799999993873,0.547685824562518
747.2899999993872,0.5436221310048552
747.2999999993872,0.4314223161759531
747.3099999993872,0.6048070839617736
747.3199999993872,0.3832389628734569
747.329999999387,0.5884857408178715
747.339999999387,0.48281799431680744
747.349999999387,0.49693731397123647
747.3599999993869,0.5816355845012364
747.3699999993869,0.38892319575583195
747.3799999993869,0.6069677256649
747.3899999993869,0.4187387507186301
747.3999999993868,0.5544476973833453
747.4099999993867,0.5365977065577151
747.4199999993867,0.4394874916472631
747.4299999993866,0.6032454214267736
747.4399999993866,0.3807290867101417
747.4499999993866,0.5921894341144246
747.4599999993866,0.47455295742918646
747.4699999993865,0.5048391952606341
747.4799999993865,0.5774476396432625
747.4899999993864,0.3929170249796169
747.4999999993863,0.6078482660496372
747.5099999993863,0.41217172327277646
747.5199999993863,0.5600285576751914
747.5299999993863,0.5302865454861402
747.5399999993862,0.44663759822371757
747.5499999993862,0.6016369000481812
747.5599999993862,0.37922630269355756
747.569999999386,0.5951116268893687
747.579999999386,0.4674450439745006
747.589999999386,0.5114635516829491
747.599999999386,0.5736513556633666
747.6099999993859,0.3967862794858508
747.6199999993859,0.6083865639842505
747.6299999993859,0.40689671435916197
747.6399999993857,0.5645481608265294
747.6499999993857,0.5248135188219756
747.6599999993857,0.45274341215617864
747.6699999993857,0.6001154528517233
747.6799999993856,0.3784251868539081
747.6899999993856,0.5973821129134422
747.6999999993856,0.46153347633648656
747.7099999993854,0.516856940225949
747.7199999993854,0.5703729593638546
747.7299999993854,0.40026015427755973
747.7399999993854,0.6087030463014445
747.7499999993853,0.4027824959333333
747.7599999993853,0.5681121054060001
747.7699999993853,0.5202774551026558
747.7799999993852,0.45772542015583545
747.7899999993851,0.5987936390198436
747.7999999993851,0.3780590724388133
747.8099999993851,0.5991088528555499
747.819999999385,0.456833199903888
747.829999999385,0.521070006918413
747.839999999385,0.5677162482254602
747.8499999993849,0.4031341011888577
747.8599999993849,0.6088962794485128
747.8699999993848,0.3996997304024594
747.8799999993848,0.5708085100436665
747.8899999993847,0.5167538806047401
747.8999999993847,0.46153707047812675
747.9099999993847,0.5977624720084871
747.9199999993846,0.37790931961816354
747.9299999993846,0.6003777560656693
747.9399999993846,0.45334443913442113
747.9499999993845,0.5241490966751253
747.9599999993844,0.5657628586504541
747.9699999993844,0.40525969652511906
747.9799999993844,0.6090430318227501
747.9899999993843,0.39753547005362844
747.9999999993843,0.5727060046124409
748.0099999993843,0.5142981319516309
748.0199999993843,0.46415201283436375
748.0299999993841,0.5970912507344088
748.0399999993841,0.3778099003255514
748.0499999993841,0.6012526068255712
748.059999999384,0.4510614758045873
748.069999999384,0.5261306380014259
748.079999999384,0.5645726786194316
748.089999999384,0.4065353063963699
748.0999999993838,0.6091982689013058
748.1099999993838,0.3962041961233307
748.1199999993838,0.5738525249664888
748.1299999993837,0.5129483127953622
748.1399999993837,0.4655549520467129
748.1499999993837,0.5968274083442704
748.1599999993837,0.37764919384627077
748.1699999993835,0.6017750342201494
748.1799999993835,0.4499797940285249
748.1899999993835,0.5270375190883896
748.1999999993834,0.5641842505639338
748.2099999993834,0.40689878448367495
748.2199999993834,0.6093951047675006
748.2299999993834,0.39565549445175896
748.2399999993833,0.5742745914699204
748.2499999993832,0.5127276080140933
748.2599999993832,0.46573566088316504
748.2699999993831,0.5969963760582482
748.2799999993831,0.37737054513613116
748.2899999993831,0.6019644755264804
748.2999999993831,0.4501009775095426
748.309999999383,0.5268769222081517
748.319999999383,0.5646150180003257
748.329999999383,0.4063228749418966
748.3399999993828,0.6096447302080199
748.3499999993828,0.395878622139283
748.3599999993828,0.5739768803498734
748.3699999993828,0.5136455764035932
748.3799999993827,0.46468578259031623
748.3899999993827,0.5976014544225852
748.3999999993827,0.3769726584058319
748.4099999993825,0.6018181092389653
748.4199999993825,0.4514349671384581
748.4299999993825,0.5256392954286171
748.4399999993825,0.5658613115577285
748.4499999993824,0.4048136625561093
748.4599999993824,0.6099363309357487
748.4699999993824,0.39690416655458477
748.4799999993822,0.5729419861877545
748.4899999993822,0.5156981962075502
748.4999999993822,0.4623982191241484
748.5099999993822,0.5986236894764285
748.5199999993821,0.3765103757050721
748.5299999993821,0.6013107458361014
748.5399999993821,0.45399948085240377
748.549999999382,0.5232983249076971
748.559999999382,0.5678980373203434
748.5699999993819,0.4024122281022501
748.5799999993819,0.6102370015561857
748.5899999993818,0.39880281229192055
748.5999999993818,0.5711303414773911
748.6099999993818,0.518866618300781
748.6199999993817,0.4588691046063563
748.6299999993817,0.6000217620725184
748.6399999993816,0.37609585263777207
748.6499999993816,0.6003946697600708
748.6599999993815,0.4578165781037514
748.6699999993815,0.5198119436048193
748.6799999993815,0.5706781075845774
748.6899999993814,0.3991995373021896
748.6999999993814,0.6104916517901703
748.7099999993814,0.40168100351188424
748.7199999993813,0.5684803210174099
748.7299999993812,0.5231147708323722
748.7399999993812,0.4541025799560026
748.7499999993812,0.6017319085467667
748.7599999993811,0.37589958518041994
748.7699999993811,0.598999430424681
748.7799999993811,0.4629065473054817
748.789999999381,0.5151245936031904
748.7999999993809,0.574131726053893
748.8099999993809,0.39530442245613534
748.8199999993809,0.6106228907781048
748.8299999993808,0.40567311385151006
748.8399999993808,0.5649086305770568
748.8499999993808,0.5283861391776892
748.8599999993808,0.4481187943325962
748.8699999993806,0.6036678935371842
748.8799999993806,0.3761501568681166
748.8899999993806,0.5970315895343233
748.8999999993805,0.46927953169783426
748.9099999993805,0.5091711700373295
748.9199999993805,0.5781656895679942
748.9299999993805,0.3909142056677264
748.9399999993803,0.6105308631651667
748.9499999993803,0.41092971364418135
748.9599999993803,0.5603111778450153
748.9699999993802,0.5346001937832542
748.9799999993802,0.44096572658327515
748.9899999993802,0.6057210460744336
748.9999999993802,0.37713099429978797
749.00999999938,0.5943744542069416
749.01999999938,0.47692559382250743
749.02999999938,0.5018833343604026
749.0399999993799,0.5826628841561778
749.0499999993799,0.38628695306811456
749.0599999993799,0.610092998954258
749.0699999993799,0.4176017489269822
749.0799999993798,0.5545647709145428
749.0899999993798,0.5416490302201032
749.0999999993797,0.43273547690330305
749.1099999993796,0.6077603455652165
749.1199999993796,0.3791719447852622
749.1299999993796,0.5908878720402887
749.1399999993796,0.4858042225575843
749.1499999993795,0.4931992044050995
749.1599999993795,0.5874821256604914
749.1699999993795,0.38176344438498033
749.1799999993793,0.6091636325072407
749.1899999993793,0.42582098298082943
749.1999999993793,0.5475302142888638
749.2099999993793,0.5493947949912523
749.2199999993792,0.4235854965174211
749.2299999993792,0.6096325070808346
749.2399999993792,0.38263332874143485
749.249999999379,0.5864082535203827
749.259999999379,0.4958345442724183
749.269999999379,0.48307779855057853
749.279999999379,0.5924584240466598
749.2899999993789,0.3777756579431398
749.2999999993789,0.6075734535243243
749.3099999993789,0.4356778885340432
749.3199999993788,0.5390577094707929
749.3299999993787,0.5576683779183806
749.3399999993787,0.41376458729002813
749.3499999993787,0.6111619715321409
749.3599999993786,0.3878805720366027
749.3699999993786,0.5807491465852532
749.3799999993786,0.5068876157767607
749.3899999993785,0.4715199692809956
749.3999999993785,0.597403643595103
749.4099999993784,0.37484704363699145
749.4199999993784,0.6051287895483511
749.4299999993783,0.44719918168001566
749.4399999993783,0.5289959577774127
749.4499999993783,0.5662696551570565
749.4599999993782,0.4036421095238978
749.4699999993782,0.6121506671763334
749.4799999993782,0.39524890324352185
749.4899999993781,0.57370296081485
749.499999999378,0.5187820567576302
749.509999999378,0.45859774282176213
749.519999999378,0.6021074054187495
749.5299999993779,0.37357853867758584
749.5399999993779,0.6016108100757673
749.5499999993779,0.4603280755583672
749.5599999993779,0.5172070368327087
749.5699999993777,0.5749692861767856
749.5799999993777,0.3937363523288559
749.5899999993777,0.6123773907458415
749.5999999993776,0.40500004448059546
749.6099999993776,0.5650448866061676
749.6199999993776,0.5312838699843562
749.6299999993776,0.4444936331930833
749.6399999993774,0.6063379570952847
749.6499999993774,0.37461406756892646
749.6599999993774,0.5967749262425244
749.6699999993773,0.4749107177673072
749.6799999993773,0.5035899619385408
749.6899999993773,0.5835117497124385
749.6999999993773,0.3847342987095755
749.7099999993771,0.6115966825354038
749.7199999993771,0.4172760273989969
749.7299999993771,0.5545407626019092
749.739999999377,0.5441106259124748
749.749999999377,0.42954998240132325
749.759999999377,0.6098426436351302
749.769999999377,0.3785814173799962
749.7799999993769,0.5903510003497543
749.7899999993768,0.4906918110226157
749.7999999993768,0.4881166954862729
749.8099999993767,0.5916190072212025
749.8199999993767,0.3774905526491872
749.8299999993767,0.6095371737749361
749.8399999993767,0.4320582886235406
749.8499999993766,0.5419617114897363
749.8599999993766,0.556939376093987
749.8699999993765,0.4143247343854587
749.8799999993764,0.6123475812263047
749.8899999993764,0.38600998188124547
749.8999999993764,0.5820455749751828
749.9099999993764,0.5073209794974625
749.9199999993763,0.4708847720853609
749.9299999993763,0.5989939703576015
749.9399999993763,0.3729897853965033
749.9499999993761,0.6058996201218466
749.9599999993761,0.4491415968217278
749.9699999993761,0.5271098593884725
749.9799999993761,0.5694168965658901
749.989999999376,0.39964323820601305
749.999999999376,0.6135561889355899
750.009999999376,0.39723575601326055
750.0199999993758,0.5715483312640612
750.0299999993758,0.5243692841691866
750.0399999993758,0.4521896138445491
750.0499999993758,0.6053228665943908
750.0599999993757,0.3722582435123866
750.0699999993757,0.6003552913424791
750.0799999993757,0.4681308005282337
750.0899999993756,0.5098612927056695
750.0999999993755,0.581170342059694
750.1099999993755,0.38662548464315416
750.1199999993755,0.6131464109973725
750.1299999993754,0.4123135390962581
750.1399999993754,0.5585465915688657
750.1499999993754,0.5413530138380092
750.1599999993753,0.4326150710125944
750.1699999993752,0.6102756674472797
750.1799999993752,0.37622006346892045
750.1899999993752,0.5925462150611582
750.1999999993751,0.4884635572029261
750.2099999993751,0.49023404874641024
750.2199999993751,0.5918162426055043
750.229999999375,0.37665715857824783
750.239999999375,0.6107668274526239
750.249999999375,0.43096153882896965
750.2599999993749,0.5427541061981238
750.2699999993748,0.5577602140772678
750.2799999993748,0.4131299219067083
750.2899999993748,0.6135039717197643
750.2999999993747,0.38551533374574326
750.3099999993747,0.5820902179379651
750.3199999993747,0.50945542871362
750.3299999993746,0.46848879508156216
750.3399999993745,0.6009660121009273
750.3499999993745,0.3712687459726745
750.3599999993745,0.6060325272163589
750.3699999993744,0.45255936458529195
750.3799999993744,0.5239636508322476
750.3899999993744,0.5730748888087375
750.3999999993744,0.39515873963978665
750.4099999993742,0.6146361351471482
750.4199999993742,0.400323450912437
750.4299999993742,0.5685961384479103
750.4399999993741,0.5303575794592034
750.4499999993741,0.4452644072646458
750.4599999993741,0.6082266820896426
750.4699999993741,0.37190240394849655
750.479999999374,0.5985228389310385
750.4899999993739,0.4762057082376615
750.4999999993739,0.5021364706984195
750.5099999993738,0.586794503973801
750.5199999993738,0.38057032986234307
750.5299999993738,0.6132700730020051
750.5399999993738,0.4202521232926377
750.5499999993737,0.5516984490484969
750.5599999993736,0.5504142791138319
750.5699999993736,0.4217338907034698
750.5799999993735,0.613196300138874
750.5899999993735,0.3795911347038897
750.5999999993735,0.5877851960424104
750.6099999993735,0.5008223301142669
750.6199999993734,0.4775428484503111
750.6299999993734,0.5984379823821148
750.6399999993733,0.37151080435830575
750.6499999993732,0.6089652175781843
750.6599999993732,0.44434215383948233
750.6699999993732,0.5311260648672547
750.6799999993732,0.5689084869225359
750.6899999993731,0.3997315706274791
750.6999999993731,0.6154542727028345
750.709999999373,0.3946387783848529
750.7199999993729,0.573353212752055
750.7299999993729,0.5252758919904953
750.7399999993729,0.4509606783951154
750.7499999993729,0.6075432334557456
750.7599999993728,0.37003189612327114
750.7699999993728,0.6012369887057433
750.7799999993728,0.47119761638207547
750.7899999993726,0.5068264225104252
750.7999999993726,0.5851880312252583
750.8099999993726,0.3817526192515369
750.8199999993726,0.6145479741655061
750.8299999993725,0.41643154169468627
750.8399999993725,0.5547933142062615
750.8499999993725,0.5484859954063702
750.8599999993723,0.42391086877455086
750.8699999993723,0.6136549367577053
750.8799999993723,0.3775565843690668
750.8899999993723,0.5895605790993594
750.8999999993722,0.4992001173787783
750.9099999993722,0.47916855754855714
750.9199999993722,0.5986701917757455
750.9299999993721,0.3706908002610162
750.939999999372,0.6099785472296004
750.949999999372,0.4434831900996464
750.959999999372,0.5318034887505148
750.9699999993719,0.5694965746610836
750.9799999993719,0.3988457236772958
750.9899999993719,0.6163046562770311
750.9999999993718,0.3943612647072159
751.0099999993718,0.5733970760350139
751.0199999993717,0.5267352148506157
751.0299999993717,0.4492355679335682
751.0399999993716,0.6088268866566363
751.0499999993716,0.36922838124342033
751.0599999993716,0.6011917757952697
751.0699999993715,0.4737128848393161
751.0799999993715,0.5043980757194682
751.0899999993715,0.5875023108789396
751.0999999993714,0.37911449390976465
751.1099999993713,0.6149867377474335
751.1199999993713,0.41933199872911475
751.1299999993713,0.5522654530794645
751.1399999993712,0.5523650529194454
751.1499999993712,0.4191635130445607
751.1599999993712,0.6151552757502976
751.169999999371,0.37898410213825034
751.179999999371,0.5875856594349
751.189999999371,0.5048422715144801
751.199999999371,0.47321466392528017
751.2099999993709,0.6018345487807787
751.2199999993709,0.3684777072773707
751.2299999993709,0.6091357457833745
751.2399999993708,0.4501577417464112
751.2499999993707,0.5258992994889311
751.2599999993707,0.5749139932247712
751.2699999993707,0.392365204260086
751.2799999993706,0.6171397958738004
751.2899999993706,0.3997883295107631
751.2999999993706,0.5685570988495577
751.3099999993705,0.5347571505395211
751.3199999993705,0.4399471128954215
751.3299999993704,0.6119182215176867
751.3399999993704,0.37007702146407795
751.3499999993703,0.5981161300451215
751.3599999993703,0.48388410430926404
751.3699999993703,0.4945421653213418
751.3799999993702,0.5934698485350566
751.3899999993702,0.3733207364531277
751.3999999993702,0.6142128430775108
751.4099999993701,0.4295320052148215
751.41999999937,0.5436283569174568
751.42999999937,0.5617266958536394
751.43999999937,0.407794889854887
751.4499999993699,0.6172127808371812
751.4599999993699,0.38517459495530904
751.4699999993699,0.5812452032727714
751.4799999993699,0.5175573374456625
751.4899999993697,0.45942739046212683
751.4999999993697,0.6073248990058809
751.5099999993697,0.3665967655807143
751.5199999993696,0.605724823122922
751.5299999993696,0.46473640895522195
751.5399999993696,0.5127186582593508
751.5499999993696,0.5844582878047432
751.5599999993694,0.3815926968763355
751.5699999993694,0.6171491291416933
751.5799999993694,0.4123875176009072
751.5899999993693,0.5578903538437873
751.5999999993693,0.5486923120939926
751.6099999993693,0.42339899952019533
751.6199999993693,0.615885492055132
751.6299999993691,0.3751600401950338
751.6399999993691,0.5909436534418666
751.6499999993691,0.5015235705137
751.659999999369,0.4766405611006893
751.669999999369,0.6020285993780843
751.679999999369,0.3670740818035428
751.689999999369,0.6110751854976758
751.6999999993689,0.4480090821796321
751.7099999993688,0.5277133549357176
751.7199999993688,0.5754551416902082
751.7299999993687,0.3913756895766652
751.7399999993687,0.6185739077388368
751.7499999993687,0.39882867172527775
751.7599999993687,0.5691243693040885
751.7699999993686,0.5364711127924956
751.7799999993686,0.4378444244143793
751.7899999993685,0.6137504133929654
751.7999999993684,0.3689605209861588
751.8099999993684,0.5982299221344145
751.8199999993684,0.4872514941801623
751.8299999993684,0.491168326910435
751.8399999993683,0.5966067077467223
751.8499999993683,0.3699752884802464
751.8599999993683,0.6147407660079661
751.8699999993681,0.43403070484955053
751.8799999993681,0.5397271841579125
751.8899999993681,0.5670365728978125
751.8999999993681,0.40118230950001194
751.909999999368,0.6190237112710614
751.919999999368,0.3885993561854701
751.929999999368,0.5777862759186684
751.9399999993678,0.5256136086499308
751.9499999993678,0.450338345498024
751.9599999993678,0.6113170523176105
751.9699999993678,0.3655789456576733
751.9799999993677,0.6036089240254675
751.9899999993677,0.47516251462667913
751.9999999993677,0.5029132745220253
752.0099999993676,0.5915583510197339
752.0199999993675,0.3739388831767183
752.0299999993675,0.6172021269009479
752.0399999993675,0.4228848050153021
752.0499999993674,0.5490461664518405
752.0599999993674,0.5596907442999728
752.0699999993674,0.40996358816234374
752.0799999993673,0.61894621725277
752.0899999993673,0.38122085800339256
752.0999999993672,0.5842893236316885
752.1099999993672,0.5165530142604626
752.1199999993671,0.46045993437238525
752.1299999993671,0.6090127344499124
752.1399999993671,0.36401135809164287
752.149999999367,0.6074992516657781
752.159999999367,0.4655191449115548
752.169999999367,0.5119381479958915
752.1799999993669,0.5873002044146959
752.1899999993668,0.37788108803223563
752.1999999993668,0.6188480275079993
752.2099999993668,0.4144837482237045
752.2199999993667,0.5559572545378804
752.2299999993667,0.5538125237223124
752.2399999993667,0.4170310361055374
752.2499999993667,0.6187022729388525
752.2599999993665,0.3761371863927985
752.2699999993665,0.5889757900545564
752.2799999993665,0.5096103755662558
752.2899999993664,0.46801364739906126
752.2999999993664,0.6071811157286386
752.3099999993664,0.3633853924056588
752.3199999993664,0.6102289406444742
752.3299999993662,0.45846199411512156
752.3399999993662,0.5183619295313848
752.3499999993662,0.5841625363361828
752.3599999993661,0.381010064727169
752.3699999993661,0.6199770379146213
752.3799999993661,0.40865822011902475
752.3899999993661,0.56070234655146
752.399999999366,0.5497029615453851
752.4099999993659,0.421957493002295
752.4199999993659,0.6185661138726584
752.4299999993658,0.3728375538401151
752.4399999993658,0.5921041603633705
752.4499999993658,0.5050096611317537
752.4599999993658,0.47292104210814356
752.4699999993657,0.6060797028982353
752.4799999993656,0.3630342646992245
752.4899999993656,0.6120346797612758
752.4999999993655,0.45405706297371057
752.5099999993655,0.5222967660216608
752.5199999993655,0.5823864175500992
752.5299999993655,0.3827955782204547
752.5399999993654,0.6207984181377504
752.5499999993654,0.4052418605068683
752.5599999993653,0.563453934075332
752.5699999993652,0.5475723431394761
752.5799999993652,0.42449056568532495
752.5899999993652,0.6187244440565945
752.5999999993652,0.3709443356449417
752.6099999993651,0.5938434899473233
752.6199999993651,0.5028968333601208
752.629999999365,0.4751490866820132
752.6399999993649,0.6058772524888686
752.6499999993649,0.36252736855067363
752.6599999993649,0.6130618363497962
752.6699999993649,0.4523406682324427
752.6799999993648,0.5238115430668489
752.6899999993648,0.5821219487912566
752.6999999993648,0.38292941614203974
752.7099999993646,0.6214321895191931
752.7199999993646,0.404137236583717
752.7299999993646,0.5643023935961106
752.7399999993646,0.5475441010303806
752.7499999993645,0.4244916383763575
752.7599999993645,0.6192750582576811
752.7699999993645,0.3702682621996782
752.7799999993643,0.5942707173303995
752.7899999993643,0.5033558966875534
752.7999999993643,0.4746677310611509
752.8099999993643,0.6066514755536778
752.8199999993642,0.36168057890966343
752.8299999993642,0.6133642845987319
752.8399999993642,0.45335128048030254
752.8499999993641,0.5229123242676895
752.859999999364,0.5834267861553202
752.869999999364,0.38129775025209
752.879999999364,0.6219086515685577
752.8899999993639,0.40535594030736416
752.8999999993639,0.563249377929212
752.9099999993639,0.5496566475503933
752.9199999993638,0.42190362512473
752.9299999993638,0.6202255110442932
752.9399999993637,0.37083746394398814
752.9499999993637,0.5933688868601156
752.9599999993636,0.5064160667837742
752.9699999993636,0.47143056305142444
752.9799999993636,0.6083872262921954
752.9899999993635,0.36056305255229215
752.9999999993635,0.6129036824146896
753.0099999993635,0.45714107041783114
753.0199999993634,0.5195341236787218
753.0299999993633,0.586264319144081
753.0399999993633,0.37797621764102857
753.0499999993633,0.6221675720308808
753.0599999993632,0.4090294506106484
753.0699999993632,0.5602046054731006
753.0799999993632,0.5538612197607087
753.0899999993632,0.41674803784733067
753.099999999363,0.6214921323898982
753.109999999363,0.3729047560677957
753.119999999363,0.5910253742071216
753.1299999993629,0.5120469253156051
753.1399999993629,0.4653757636855152
753.1499999993629,0.6109753234263788
753.1599999993629,0.3595079846171439
753.1699999993627,0.6115480271688551
753.1799999993627,0.46376388929607304
753.1899999993627,0.5135421172738404
753.1999999993626,0.5905014504195726
753.2099999993626,0.3732518572173946
753.2199999993626,0.6220570921343799
753.2299999993626,0.41538868612574
753.2399999993625,0.5549853182747939
753.2499999993624,0.5600156905036417
753.2599999993624,0.4091529036519945
753.2699999993623,0.6228994790139282
753.2799999993623,0.3769313792031307
753.2899999993623,0.5870298698139234
753.2999999993623,0.520142018377236
753.3099999993622,0.45644882464010594
753.3199999993622,0.6142122176822284
753.3299999993621,0.3591242914050287
753.339999999362,0.6090693123249374
753.349999999362,0.4732406441033041
753.359999999362,0.504743883707073
753.369999999362,0.5959066834595101
753.3799999993619,0.36767041736920814
753.3899999993619,0.6213321264047148
753.3999999993619,0.42471103823771816
753.4099999993617,0.5473195146935674
753.4199999993617,0.5678763288742247
753.4299999993617,0.39941473356175383
753.4399999993617,0.6241800453534043
753.4499999993616,0.38353878173422046
753.4599999993616,0.5810725209816204
753.4699999993616,0.5304951024970975
753.4799999993614,0.4446531880855885
753.4899999993614,0.617800672992138
753.4999999993614,0.3602945735721477
753.5099999993614,0.6051401122050899
753.5199999993613,0.48550790749610795
753.5299999993613,0.49291836899065694
753.5399999993613,0.6021496970193883
753.5499999993611,0.3620991897512225
753.5599999993611,0.6196517540730383
753.5699999993611,0.43723693456870416
753.5799999993611,0.536856537345858
753.589999999361,0.5770909245697025
753.599999999361,0.3880971005647633
753.609999999361,0.6249736874901857
753.6199999993609,0.39341702150100805
753.6299999993608,0.5727437496553487
753.6399999993608,0.5427762434886491
753.6499999993608,0.43013957688499194
753.6599999993607,0.621351295281641
753.6699999993607,0.3641329819328933
753.6799999993607,0.5993291904933352
753.6899999993606,0.5003608994774609
753.6999999993606,0.4778727935820493
753.7099999993605,0.6088033984580521
753.7199999993605,0.357780805926677
753.7299999993604,0.6165749001520424
753.7399999993604,0.45306552936209693
753.7499999993604,0.5231926935127293
753.7599999993603,0.587196845419965
753.7699999993603,0.37616081083365965
753.7799999993603,0.6248257513222972
753.7899999993602,0.40718386898013775
753.7999999993601,0.5615395719309959
753.8099999993601,0.5565161091132091
753.8199999993601,0.4133471214679197
753.82999999936,0.6243840660220703
753.83999999936,0.3718699025965697
753.84999999936,0.5910971923308915
753.85999999936,0.5174060953750946
753.8699999993598,0.4595459521199834
753.8799999993598,0.6153484618260837
753.8899999993598,0.356331643436138
753.8999999993597,0.6115537253837253
753.9099999993597,0.4720499478956613
753.9199999993597,0.5059265647784078
753.9299999993597,0.5976261341144498
753.9399999993595,0.36509931715980604
753.9499999993595,0.6231824812514334
753.9599999993595,0.4252063237164952
753.9699999993594,0.5468809530452396
753.9799999993594,0.5711050760186994
753.9899999993594,0.3952032592714531
753.9999999993594,0.6263281449635701
754.0099999993593,0.38463959642192175
754.0199999993592,0.5797959771858131
754.0299999993592,0.5360389042589715
754.0399999993591,0.4381834440385878
754.0499999993591,0.6211787608365854
754.0599999993591,0.3596180025641527
754.0699999993591,0.6039250960179899
754.079999999359,0.49372137858870696
754.089999999359,0.48476969321525526
754.0999999993589,0.607716913977144
754.1099999993588,0.3570122573879875
754.1199999993588,0.61938224831403
754.1299999993588,0.4474230722140861
754.1399999993588,0.5281647899180656
754.1499999993587,0.5858090639390231
754.1599999993587,0.37736188098877343
754.1699999993587,0.6265174134896845
754.1799999993585,0.4031838927300793
754.1899999993585,0.5646807941980279
754.1999999993585,0.5554559017024946
754.2099999993585,0.41460933157787005
754.2199999993584,0.6256043898970429
754.2299999993584,0.3694485720390664
754.2399999993584,0.5929033523118287
754.2499999993582,0.517270259534835
754.2599999993582,0.4597525132871934
754.2699999993582,0.6167270292635388
754.2799999993582,0.35449830093563356
754.2899999993581,0.6126421447456347
754.2999999993581,0.4732281208540712
754.3099999993581,0.5048800562609794
754.319999999358,0.5997975918425471
754.3299999993579,0.3623929292244106
754.3399999993579,0.624179049218381
754.3499999993579,0.42754683299829993
754.3599999993578,0.5449562211640676
754.3699999993578,0.5746996130052209
754.3799999993578,0.3905884738155507
754.3899999993577,0.6278477703154588
754.3999999993576,0.387087698943489
754.4099999993576,0.5775845233814052
754.4199999993576,0.5415968912186283
754.4299999993575,0.431573569007174
754.4399999993575,0.6238431719878026
754.4499999993575,0.3602314075971263
754.4599999993574,0.6020429230106011
754.4699999993574,0.5014712110421564
754.4799999993573,0.4768463652473041
754.4899999993573,0.6121738057525437
754.4999999993572,0.3537314156409342
754.5099999993572,0.6184137060132396
754.5199999993572,0.4568868561745454
754.5299999993571,0.5198990653239836
754.5399999993571,0.5927211638715233
754.549999999357,0.36917698296014545
754.559999999357,0.6270283472362062
754.5699999993569,0.41272654135813097
754.5799999993569,0.5569874143767292
754.5899999993569,0.5654174107562903
754.5999999993568,0.40211102438766133
754.6099999993568,0.6281777377153391
754.6199999993568,0.37618790035365146
754.6299999993568,0.5865240649945358
754.6399999993566,0.5305895111684228
754.6499999993566,0.44465396979741584
754.6599999993566,0.6219934321495363
754.6699999993565,0.3551218009706795
754.6799999993565,0.6081703614427475
754.6899999993565,0.48951885889259245
754.6999999993565,0.48913791733246564
754.7099999993563,0.6084381239120725
754.7199999993563,0.35477129358731535
754.7299999993563,0.6221335213813591
754.7399999993562,0.4451692301867598
754.7499999993562,0.5301878772441663
754.7599999993562,0.5873876565493482
754.7699999993562,0.3749811958820488
754.779999999356,0.6287468574039673
754.789999999356,0.4027570838632843
754.799999999356,0.5649211310037141
754.8099999993559,0.5588255792317063
754.8199999993559,0.41035948036613196
754.8299999993559,0.6282606691076944
754.8399999993559,0.36943867121688484
754.8499999993558,0.5922306031086503
754.8599999993558,0.5231969867687309
754.8699999993557,0.45320969027067665
754.8799999993556,0.6207650458395324
754.8899999993556,0.3523917277476937
754.8999999993556,0.6119798375779377
754.9099999993556,0.48195602830920553
754.9199999993555,0.4966567835190991
754.9299999993555,0.6062001878265159
754.9399999993555,0.35572097650379664
754.9499999993553,0.6244271068746847
754.9599999993553,0.43823133834677636
754.9699999993553,0.536120810876808
754.9799999993553,0.584446803607053
754.9899999993552,0.3783051674587098
754.9999999993552,0.6298933857764023
755.0099999993552,0.3972625454641094
755.019999999355,0.5692451211991937
755.029999999355,0.5555201826920757
755.039999999355,0.41449362749641755
755.049999999355,0.6286014166685161
755.0599999993549,0.3659314990913196
755.0699999993549,0.5951846904662077
755.0799999993549,0.5199100732787698
755.0899999993547,0.45697866920221764
755.0999999993547,0.6206209671619036
755.1099999993547,0.35083078604828305
755.1199999993547,0.6138978387062689
755.1299999993546,0.47909063734188445
755.1399999993546,0.4994888719647642
755.1499999993546,0.6058865922069071
755.1599999993545,0.3554386351553853
755.1699999993544,0.6256573353792203
755.1799999993544,0.4361185803471896
755.1899999993544,0.5379271266248881
755.1999999993543,0.584284793431307
755.2099999993543,0.37835216750943673
755.2199999993543,0.630772046703859
755.2299999993542,0.39599603753771073
755.2399999993542,0.5702086439802062
755.2499999993541,0.5558326744335185
755.2599999993541,0.414107602744556
755.269999999354,0.6294527967396822
755.279999999354,0.3652019099224636
755.289999999354,0.5955993139171813
755.2999999993539,0.5209846686495312
755.3099999993539,0.45582739776660425
755.3199999993539,0.6217675803432665
755.3299999993538,0.3499268962508258
755.3399999993537,0.6140828941799259
755.3499999993537,0.4810877915797852
755.3599999993537,0.497625231879418
755.3699999993536,0.6076581434353497
755.3799999993536,0.35352737793417105
755.3899999993536,0.6259264616325831
755.3999999993536,0.43891702234264884
755.4099999993534,0.5356196458721487
755.4199999993534,0.5870153010368532
755.4299999993534,0.3748911302486575
755.4399999993533,0.6314313099768749
755.4499999993533,0.3990222682172271
755.4599999993533,0.5677955965997517
755.4699999993533,0.5598312075689937
755.4799999993531,0.4090757360680162
755.4899999993531,0.6308108710432803
755.4999999993531,0.36738384716222233
755.509999999353,0.5934119200294886
755.519999999353,0.5264594966532792
755.529999999353,0.4496437216376068
755.539999999353,0.6241473826691195
755.5499999993528,0.3499436940869592
755.5599999993528,0.6124231674542064
755.5699999993528,0.4880042951710458
755.5799999993527,0.49090567894229964
755.5899999993527,0.611401609461393
755.5999999993527,0.35034312402250195
755.6099999993527,0.625074037206391
755.6199999993526,0.4467947491571144
755.6299999993525,0.5289695268899814
755.6399999993525,0.5924711037094939
755.6499999993524,0.3682435704879982
755.6599999993524,0.6316611121613225
755.6699999993524,0.40674856147222477
755.6799999993524,0.5617126534603215
755.6899999993523,0.5673100105299017
755.6999999993523,0.39955384777929054
755.7099999993522,0.6324117649733099
755.7199999993521,0.3732246953063709
755.7299999993521,0.5882764181937489
755.7399999993521,0.536135391389772
755.7499999993521,0.43835408585653335
755.759999999352,0.6274361262348158
755.769999999352,0.35194456550242603
755.779999999352,0.6085291304579498
755.7899999993518,0.49974245403984896
755.7999999993518,0.4790379745225438
755.8099999993518,0.6167265441889108
755.8199999993518,0.34706855756294563
755.8299999993517,0.6226703119891654
755.8399999993517,0.45991206132489576
755.8499999993517,0.5175166800609513
755.8599999993515,0.600196831754878
755.8699999993515,0.35942094605167907
755.8799999993515,0.6309882278013554
755.8899999993515,0.4197888990588371
755.8999999993514,0.5513883497307759
755.9099999993514,0.5777684767492434
755.9199999993514,0.3861497307669331
755.9299999993513,0.6337302407302073
755.9399999993512,0.38394272013764663
755.9499999993512,0.5795536846018949
755.9599999993512,0.5495222767332932
755.9699999993511,0.42208093922087336
755.9799999993511,0.6310449038373401
755.9899999993511,0.3577284403598628
755.999999999351,0.601720079418887
756.009999999351,0.515937049101224
756.019999999351,0.46171175960912786
756.0299999993509,0.622969112571369
756.0399999993508,0.34580819007730956
756.0499999993508,0.6180032106653859
756.0599999993508,0.4782191141284548
756.0699999993507,0.5006336618050279
756.0799999993507,0.6094488220581926
756.0899999993507,0.3503879101943261
756.0999999993506,0.6286672528897671
756.1099999993505,0.4386649544573671
756.1199999993505,0.5359957865235828
756.1299999993505,0.5903946113469409
756.1399999993504,0.37028064919054854
756.1499999993504,0.6339770897236064
756.1599999993504,0.400881128504821
756.1699999993504,0.5663071009874735
756.1799999993502,0.5657836438406333
756.1899999993502,0.40149344078022553
756.1999999993502,0.6341249577609287
756.2099999993501,0.36955960672155996
756.2199999993501,0.591005679689172
756.2299999993501,0.5358258325223624
756.2399999993501,0.4388725046814939
756.2499999993499,0.6292033287839892
756.2599999993499,0.3495447809856165
756.2699999993499,0.6100561008162496
756.2799999993498,0.5012079747059405
756.2899999993498,0.47770080749351873
756.2999999993498,0.6192085902646717
756.3099999993498,0.3443249795352064
756.3199999993496,0.623661799371368
756.3299999993496,0.46340169542928134
756.3399999993496,0.5145403503387082
756.3499999993495,0.6040712402943046
756.3599999993495,0.35468505093702746
756.3699999993495,0.6320885483137312
756.3799999993495,0.4249523267579306
756.3899999993494,0.5473275543968704
756.3999999993493,0.5837174050316457
756.4099999993493,0.3784140421227539
756.4199999993492,0.6355682953483365
756.4299999993492,0.3895596448482987
756.4399999993492,0.5750731628615765
756.4499999993492,0.5581734755446011
756.4599999993491,0.41127115909679873
756.469999999349,0.6342543565228975
756.479999999349,0.36168934827234406
756.4899999993489,0.5974770699619656
756.4999999993489,0.5277284500401686
756.5099999993489,0.44851461457492997
756.5199999993489,0.6282087608347878
756.5299999993488,0.34557334401033696
756.5399999993488,0.6146100182498876
756.5499999993488,0.4931608209750972
756.5599999993486,0.48611236064727026
756.5699999993486,0.6174123825802529
756.5799999993486,0.34386224559242157
756.5899999993486,0.6266976615039498
756.5999999993485,0.45600708298377957
756.6099999993485,0.5212566522812075
756.6199999993485,0.6017966166603687
756.6299999993483,0.3566337770931481
756.6399999993483,0.6339914640770751
756.6499999993483,0.4187862499291744
756.6599999993483,0.5523201463556207
756.6699999993482,0.5813018966830704
756.6799999993482,0.38140512502871515
756.6899999993482,0.6366997079335232
756.699999999348,0.38501039789850244
756.709999999348,0.5785574237103518
756.719999999348,0.5559731789656349
756.729999999348,0.4141286869846092
756.7399999993479,0.6349564992780212
756.7499999993479,0.358773267874451
756.7599999993479,0.599776514279075
756.7699999993478,0.52610367692119
756.7799999993478,0.4505105622528268
756.7899999993477,0.6288148308550914
756.7999999993477,0.3438384361037611
756.8099999993476,0.6160791108368174
756.8199999993476,0.4924305212017358
756.8299999993476,0.48697656047433413
756.8399999993475,0.618257195032677
756.8499999993475,0.3424887013187278
756.8599999993475,0.6276866988217439
756.8699999993474,0.45636111334264257
756.8799999993473,0.5210507551185357
756.8899999993473,0.6032232345029411
756.8999999993473,0.35472175824596386
756.9099999993472,0.634836658490459
756.9199999993472,0.42015952476430984
756.9299999993472,0.5512906291611026
756.9399999993472,0.5836587163060234
756.949999999347,0.37829180327503065
756.959999999347,0.6377264030003525
756.969999999347,0.3869580345455272
756.9799999993469,0.5770258722663427
756.9899999993469,0.5595936426510767
756.9999999993469,0.40955896417480814
757.0099999993469,0.6364879654028845
757.0199999993467,0.3604297609538555
757.0299999993467,0.598077150674082
757.0399999993467,0.5312582498013827
757.0499999993466,0.44461389548279695
757.0599999993466,0.6311818793386501
757.0699999993466,0.3440513189471725
757.0799999993466,0.6145324347982021
757.0899999993464,0.49924057415736617
757.0999999993464,0.48012893439188165
757.1099999993464,0.6218048959568456
757.1199999993463,0.3401363050668898
757.1299999993463,0.6265949690282149
757.1399999993463,0.46467243406428715
757.1499999993463,0.5137254902295414
757.1599999993462,0.6083106081157207
757.1699999993461,0.3490831603656129
757.1799999993461,0.6344904290382427
757.189999999346,0.42939663770829134
757.199999999346,0.5439553383459349
757.209999999346,0.5906456522191996
757.219999999346,0.36926857103239474
757.2299999993459,0.6384154475590685
757.2399999993459,0.39602088473320696
757.2499999993458,0.5700935888408224
757.2599999993457,0.5688069019184209
757.2699999993457,0.3976441700915056
757.2799999993457,0.6385127324524188
757.2899999993457,0.36773164735655794
757.2999999993456,0.5918963197918502
757.3099999993456,0.5429263204727958
757.3199999993456,0.4306730915582133
757.3299999993454,0.6348629479456516
757.3399999993454,0.347781736282038
757.3499999993454,0.6093977271061923
757.3599999993454,0.5133880338149774
757.3699999993453,0.4651410423405321
757.3799999993453,0.6274880068993078
757.3899999993453,0.3387225005051299
757.3999999993451,0.6227661692795812
757.4099999993451,0.48097331348000744
757.4199999993451,0.498593438855551
757.4299999993451,0.6163639653786156
757.439999999345,0.3416664462943164
757.449999999345,0.6322124289158555
757.459999999345,0.44700943625113193
757.4699999993449,0.5294161147097727
757.4799999993448,0.6014444840313758
757.4899999993448,0.3559517660551663
757.4999999993448,0.6379362192870617
757.5099999993447,0.4134670525501748
757.5199999993447,0.5567051403006191
757.5299999993447,0.5826980005567849
757.5399999993446,0.37939487957333595
757.5499999993445,0.6400980652315749
757.5599999993445,0.3829187161328151
757.5699999993445,0.5800659231777601
757.5799999993444,0.5601631966172703
757.5899999993444,0.4089777714601485
757.5999999993444,0.6388072694698549
757.6099999993443,0.3582691640244762
757.6199999993443,0.5994246361626799
757.6299999993442,0.5340272814137362
757.6399999993442,0.44161151501536466
757.6499999993441,0.6341202634071686
757.6599999993441,0.3422359509133194
757.6699999993441,0.614883564849035
757.679999999344,0.5047284133613924
757.689999999344,0.47467993993014257
757.699999999344,0.6260465460270704
757.709999999344,0.33670196849361966
757.7199999993438,0.6266226799637661
757.7299999993438,0.4730747586885103
757.7399999993438,0.5062715538675125
757.7499999993437,0.6145616487785057
757.7599999993437,0.3421978908339271
757.7699999993437,0.6348383046846259
757.7799999993437,0.44035603242296556
757.7899999993435,0.5351684186026994
757.7999999993435,0.5996283056905419
757.8099999993435,0.35776853984794377
757.8199999993434,0.6397079245319126
757.8299999993434,0.40840024182187384
757.8399999993434,0.5607103785767512
757.8499999993434,0.5812283432634106
757.8599999993432,0.3812890566017152
757.8699999993432,0.6413721352524755
757.8799999993432,0.3795091178974652
757.8899999993431,0.5826285895042066
757.8999999993431,0.5594085750814444
757.9099999993431,0.4100590569581954
757.9199999993431,0.6399274927745497
757.929999999343,0.35621270725967813
757.939999999343,0.6008986471544923
757.9499999993429,0.5343436363054556
757.9599999993428,0.4414010831052734
757.9699999993428,0.6354265017359952
757.9799999993428,0.3408407280138514
757.9899999993428,0.6156301311216008
757.9999999993427,0.5064161482872697
758.0099999993427,0.47306685085558237
758.0199999993426,0.6278829093215622
758.0299999993425,0.3350111622300172
758.0399999993425,0.6269915760504183
758.0499999993425,0.4763083564175451
758.0599999993424,0.5034037582542915
758.0699999993424,0.6172819342324346
758.0799999993424,0.3392262657614922
758.0899999993424,0.6351633523642202
758.0999999993422,0.445088208684898
758.1099999993422,0.5313398372623043
758.1199999993422,0.6035961870986077
758.1299999993421,0.35275778546802583
758.1399999993421,0.640310247574223
758.1499999993421,0.4142576767871041
758.1599999993421,0.5562749456381971
758.1699999993419,0.5868088951925934
758.1799999993419,0.3738730921516279
758.1899999993419,0.6425670844782728
758.1999999993418,0.38571801863013766
758.2099999993418,0.5779473638355136
758.2199999993418,0.5669465591188494
758.2299999993418,0.4002880238787715
758.2399999993416,0.6420327013964268
758.2499999993416,0.3616085406197369
758.2599999993416,0.5963139365978766
758.2699999993415,0.544123063296084
758.2799999993415,0.4296504980248536
758.2899999993415,0.63876936783335
758.2999999993415,0.34400715724669495
758.3099999993414,0.611457631415695
758.3199999993413,0.518595988495397
758.3299999993413,0.45989882120926134
758.3399999993412,0.6328060650041477
758.3499999993412,0.3345443774929405
758.3599999993412,0.623522854719083
758.3699999993412,0.49083263856636494
758.3799999993411,0.48943940695656885
758.3899999993411,0.6241450741116258
758.399999999341,0.3340491439808439
758.4099999993409,0.6326734082230828
758.4199999993409,0.46157732119113326
758.4299999993409,0.5171719134507159
758.4399999993409,0.6127720789802865
758.4499999993408,0.34236412864839766
758.4599999993408,0.6390669564299704
758.4699999993408,0.431902716700363
758.4799999993406,0.5424231896440969
758.4899999993406,0.5986705697900364
758.4999999993406,0.3584081861746394
758.5099999993406,0.6428407434960665
758.5199999993405,0.40321884917496625
758.5299999993405,0.564846090598574
758.5399999993405,0.5818417359923101
758.5499999993403,0.3804539316782105
758.5599999993403,0.6441046664041516
758.5699999993403,0.3772087928103947
758.5799999993403,0.5843189185162069
758.5899999993402,0.5623311742782052
758.5999999993402,0.4065018793553436
758.6099999993402,0.6429390946437071
758.61999999934,0.3556691908880534
758.62999999934,0.6008620590915281
758.63999999934,0.5402634099427207
758.64999999934,0.4346201585885139
758.6599999993399,0.6393958500498793
758.6699999993399,0.34026211978602683
758.6799999993399,0.6145759167801896
758.6899999993398,0.5158841061517018
758.6999999993398,0.4631696842348481
758.7099999993397,0.633501525183551
758.7199999993397,0.3322277439612204
758.7299999993396,0.6255980850536227
758.7399999993396,0.48960750213301607
758.7499999993396,0.49090090670902176
758.7599999993395,0.6252628810545051
758.7699999993395,0.3321430060461934
758.7799999993395,0.6340755850509767
758.7899999993394,0.46206276814635894
758.7999999993393,0.5169520291690831
758.8099999993393,0.6146744824970602
758.8199999993393,0.3398121168771704
758.8299999993392,0.6401479679261405
758.8399999993392,0.43412780088440583
758.8499999993392,0.5407915247045761
758.8599999993392,0.6017290380502356
758.869999999339,0.3543292957918667
758.879999999339,0.6439378376756476
758.889999999339,0.40693385296727985
758.8999999993389,0.5621407287369594
758.9099999993389,0.5864311134591855
758.9199999993389,0.3742857633904855
758.9299999993389,0.645546269840649
758.9399999993387,0.38182228424165104
758.9499999993387,0.5808987280057124
758.9599999993387,0.5688149457704493
758.9699999993386,0.3980424755905768
758.9799999993386,0.6450514137255143
758.9899999993386,0.3602398371784289
758.9999999993386,0.5970798453310101
759.0099999993384,0.5489669083804916
759.0199999993384,0.4239832756007943
759.0299999993384,0.6425092017983388
759.0399999993383,0.3435742626714176
759.0499999993383,0.610766311347452
759.0599999993383,0.5270526258964686
759.0699999993383,0.450693258534324
759.0799999993382,0.6379555605723215
759.0899999993381,0.33295588618815714
759.0999999993381,0.6220747948613043
759.109999999338,0.5033476351210892
759.119999999338,0.47704804025906505
759.129999999338,0.6314098583663439
759.139999999338,0.32907310734086
759.1499999993379,0.631134030107936
759.1599999993379,0.4782686906561346
759.1699999993378,0.5022292994475018
759.1799999993377,0.6228795723722604
759.1899999993377,0.3320566544334402
759.1999999993377,0.6380706620828215
759.2099999993377,0.45240034555439734
759.2199999993376,0.5256936268961626
759.2299999993376,0.6123663359958401
759.2399999993376,0.3414698597165512
759.2499999993374,0.6430008678650512
759.2599999993374,0.42650870815302255
759.2699999993374,0.5471199447088769
759.2799999993374,0.5998736486804639
759.2899999993373,0.35640611031209246
759.2999999993373,0.646025890932706
759.3099999993373,0.40153230277703533
759.3199999993371,0.5663531522366588
759.3299999993371,0.5854165906735952
759.3399999993371,0.3756586453279731
759.3499999993371,0.6472301624023196
759.359999999337,0.3785403816154902
759.369999999337,0.5833537123619263
759.379999999337,0.5690338620532428
759.3899999993369,0.3979102451363027
759.3999999993368,0.6466811171820843
759.4099999993368,0.35865361051674643
759.4199999993368,0.5981570169261071
759.4299999993367,0.5508023196408683
759.4399999993367,0.4218962401850713
759.4499999993367,0.644430140250711
759.4599999993366,0.3429314696156935
759.4699999993366,0.6108428840981127
759.4799999993365,0.5308538607875148
759.4899999993365,0.4465149356815269
759.4999999993364,0.640514315730942
759.5099999993364,0.33224312168777653
759.5199999993364,0.6215138835365395
759.5299999993363,0.5093939402850567
759.5399999993363,0.4708816596614267
759.5499999993363,0.6349588208510429
759.5599999993362,0.3271490249359831
759.5699999993361,0.6302806561399313
759.5799999993361,0.4867201670222601
759.5899999993361,0.4943372977747131
759.599999999336,0.6277799264986533
759.609999999336,0.3278231156020693
759.619999999336,0.6372524468733215
759.629999999336,0.46323834059228486
759.6399999993358,0.5164275449194909
759.6499999993358,0.6189886493126809
759.6599999993358,0.33403656094157375
759.6699999993357,0.6425313582008458
759.6799999993357,0.43947211821707244
759.6899999993357,0.5368678619014464
759.6999999993357,0.6085951542201078
759.7099999993355,0.34520640231076855
759.7199999993355,0.6462091740018338
759.7299999993355,0.4160616047820571
759.7399999993354,0.5555049504983113
759.7499999993354,0.5966140328956132
759.7599999993354,0.36049363835345744
759.7699999993354,0.6483659155910829
759.7799999993352,0.3937460916748473
759.7899999993352,0.5722811144841974
759.7999999993352,0.5830705789422292
759.8099999993351,0.3789237209718613
759.8199999993351,0.6490695445494047
759.8299999993351,0.37332756234042425
759.8399999993351,0.5872044127077298
759.849999999335,0.5680081356169261
759.859999999335,0.39950179378612183
759.8699999993349,0.6483764198902154
759.8799999993348,0.35561483807139993
759.8899999993348,0.6003252928561156
759.8999999993348,0.5514964938461357
759.9099999993348,0.42130310864758813
759.9199999993347,0.6463322581584573
759.9299999993347,0.3413531008248116
759.9399999993346,0.6117192086120479
759.9499999993345,0.5336411523945737
759.9599999993345,0.44353044112148804
759.9699999993345,0.6429734457028263
759.9799999993345,0.331148788065597
759.9899999993344,0.6214742290474223
759.9999999993344,0.5145930068204109
760.0099999993344,0.46554001228757863
760.0199999993342,0.6383286227803904
760.0299999993342,0.32540349702037086
760.0399999993342,0.6296825560718018
760.0499999993342,0.49455770861935244
760.0599999993341,0.48684302812216224
760.0699999993341,0.6324205074250224
760.0799999993341,0.32427058552472743
760.0899999993339,0.6364349673517758
760.0999999993339,0.47380355407519636
760.1099999993339,0.5070915770335609
760.1199999993339,0.6252679589038759
760.1299999993338,0.32764383459861135
760.1399999993338,0.6418173765430736
760.1499999993338,0.45266638109841584
760.1599999993336,0.5260566508914444
760.1699999993336,0.6168882996902691
760.1799999993336,0.33518000865527975
760.1899999993336,0.6459088847535807
760.1999999993335,0.4315496767966873
760.2099999993335,0.5436039662710982
760.2199999993335,0.6072999232189101
760.2299999993334,0.34634914220929763
760.2399999993333,0.6487808579853788
760.2499999993333,0.41091807298092226
760.2599999993333,0.5596710971103189
760.2699999993332,0.5965252124005699
760.2799999993332,0.36050080603810875
760.2899999993332,0.6504966958120897
760.2999999993331,0.3912827928557984
760.3099999993331,0.5742476942789897
760.319999999333,0.5845937806925707
760.329999999333,0.37693307414281696
760.3399999993329,0.6511120568388187
760.3499999993329,0.3731785214538824
760.3599999993329,0.587359387590841
760.3699999993328,0.5715460216045093
760.3799999993328,0.3949531540991785
760.3899999993328,0.6506753810088034
760.3999999993327,0.35713259628563054
760.4099999993326,0.599055271786688
760.4199999993326,0.5574369123669439
760.4299999993326,0.4139230322761022
760.4399999993325,0.6492286027091089
760.4499999993325,0.3436291396350596
760.4599999993325,0.6093985365315824
760.4699999993325,0.5423399625369054
760.4799999993323,0.4332881110660053
760.4899999993323,0.6468079867183706
760.4999999993323,0.3330723630315688
760.5099999993322,0.618459681991765
760.5199999993322,0.5263511278512334
760.5299999993322,0.4525903392830367
760.5399999993322,0.6434450454234634
760.549999999332,0.32575423356119226
760.559999999332,0.6263117677246118
760.569999999332,0.5095924283142054
760.5799999993319,0.4714692755684506
760.5899999993319,0.6391675134740942
760.5999999993319,0.32183155472311614
760.6099999993319,0.633027208058633
760.6199999993318,0.49221492369462666
760.6299999993317,0.4896550560384963
760.6399999993317,0.6340003673787322
760.6499999993316,0.321316140015206
760.6599999993316,0.6386757128579186
760.6699999993316,0.4744006227576595
760.6799999993316,0.5069568446896122
760.6899999993315,0.627966884217924
760.6999999993315,0.3240794329782554
760.7099999993314,0.6433230573610885
760.7199999993313,0.4563628529712545
760.7299999993313,0.5232495217710316
760.7399999993313,0.6210897367178181
760.7499999993313,0.3298702951531076
760.7599999993312,0.6470304396675061
760.7699999993312,0.4383446176298043
760.7799999993312,0.538460469897809
760.789999999331,0.6133921218837447
760.799999999331,0.33834248886306695
760.809999999331,0.649854245998106
760.819999999331,0.42061454087063604
760.8299999993309,0.552557546635629
760.8399999993309,0.604898918305433
760.8499999993309,0.3490871761706747
760.8599999993307,0.651846092244588
760.8699999993307,0.4034601655645216
760.8799999993307,0.5655387579218003
760.8899999993307,0.5956378627090977
760.8999999993306,0.36166570652150826
760.9099999993306,0.6530530474249491
760.9199999993306,0.3871786274731128
760.9299999993304,0.5774237646220347
760.9399999993304,0.5856407303193332
760.9499999993304,0.37563886139361374
760.9599999993304,0.6535179722268178
760.9699999993303,0.372065063318821
760.9799999993303,0.588247130195366
760.9899999993303,0.5749444957613977
760.9999999993302,0.3905901297150602
761.0099999993301,0.6532799261023303
761.0199999993301,0.3583994767520005
761.0299999993301,0.5980531033476031
761.03999999933,0.5635924426426745
761.04999999933,0.4061420483058624
761.05999999933,0.652374610890897
761.0699999993299,0.3464331161071532
761.0799999993299,0.6068916894115753
761.0899999993298,0.5516351804487993
761.0999999993298,0.42196583047908687
761.1099999993297,0.6508348292816947
761.1199999993297,0.33637563610912846
761.1299999993297,0.6148157657485342
761.1399999993296,0.5391315186765575
761.1499999993296,0.4377852761064675
761.1599999993296,0.6486909435851631
761.1699999993295,0.328384355359386
761.1799999993294,0.6218790200468433
761.1899999993294,0.5261491399639433
761.1999999993294,0.45337631158034203
761.2099999993293,0.6459713251110427
761.2199999993293,0.32255674989376804
761.2299999993293,0.6281345230748572
761.2399999993293,0.5127650093363341
761.2499999993291,0.4685635429413464
761.2599999993291,0.6427027876579944
761.2699999993291,0.3189269557104532
761.279999999329,0.6336337812805617
761.289999999329,0.4990654551573571
761.299999999329,0.4832150400807945
761.309999999329,0.6389110005883308
761.3199999993288,0.31746655429114784
761.3299999993288,0.6384261459312274
761.3399999993288,0.4851458617236022
761.3499999993287,0.49723631277654384
761.3599999993287,0.6346208781024499
761.3699999993287,0.318089382432608
761.3799999993287,0.6425584825312672
761.3899999993286,0.47110992433292737
761.3999999993285,0.5105641673360597
761.4099999993285,0.6298569418794787
761.4199999993284,0.32065964459604324
761.4299999993284,0.6460750266748095
761.4399999993284,0.4570684356914299
761.4499999993284,0.5231608908526806
761.4599999993283,0.6246436544384272
761.4699999993283,0.325002293187656
761.4799999993282,0.6490173704066231
761.4899999993281,0.4431375976993447
761.4999999993281,0.5350090174651131
761.5099999993281,0.6190057205089429
761.5199999993281,0.3309145182912353
761.529999999328,0.6514245372830605
761.539999999328,0.4294368843030116
761.549999999328,0.5461067909163179
761.5599999993278,0.6129683534818263
761.5699999993278,0.33817724597896937
761.5799999993278,0.6533331152468628
761.5899999993278,0.41608651618773124
761.5999999993277,0.5564643434350239
761.6099999993277,0.6065575039264025
761.6199999993277,0.3465657400599533
761.6299999993275,0.6547774246782415
761.6399999993275,0.40320464361326663
761.6499999993275,0.5661005532923482
761.6599999993275,0.5998000469554984
761.6699999993274,0.3558586742449859
761.6799999993274,0.6557897052826259
761.6899999993274,0.39090436649001525
761.6999999993272,0.5750405120058659
761.7099999993272,0.5927239251994529
761.7199999993272,0.3658453296253433
761.7299999993272,0.6564003101201842
761.7399999993271,0.37929074449114286
761.7499999993271,0.5833135196349749
761.7599999993271,0.5853582445428356
761.769999999327,0.37633082855508393
761.779999999327,0.6566378985336105
761.7899999993269,0.3684579629722159
761.7999999993269,0.5909515244638333
761.8099999993268,0.5777333199295532
761.8199999993268,0.38713951341582914
761.8299999993268,0.6565296222951135
761.8399999993267,0.3584868184879404
761.8499999993267,0.5979879289870826
761.8599999993266,0.5698806695035931
761.8699999993266,0.39811670722447634
761.8799999993265,0.6561013011098698
761.8899999993265,0.34944267057130607
761.8999999993265,0.604456692226618
761.9099999993264,0.5618329559786109
761.9199999993264,0.4091291588963801
761.9299999993264,0.6553775849867873
761.9399999993263,0.34137397528388846
761.9499999993262,0.6103916682933043
761.9599999993262,0.5536238756922662
761.9699999993262,0.4200644907795753
761.9799999993261,0.6543821019508865
761.9899999993261,0.33431147409862294
761.9999999993261,0.6158261306459646
762.009999999326,0.5452879966893598
762.0199999993259,0.43082994610773295
762.0299999993259,0.6531375902648914
762.0399999993259,0.3282680635487915
762.0499999993258,0.6207924404981331
762.0599999993258,0.5368605493591103
762.0699999993258,0.4413506933292876
762.0799999993258,0.6516660148537535
762.0899999993256,0.3232393226537373
762.0999999993256,0.6253218257417962
762.1099999993256,0.5283771740386942
762.1199999993255,0.4515678956488869
762.1299999993255,0.6499886679738581
762.1399999993255,0.3192046313549606
762.1499999993255,0.629444243367913
762.1599999993254,0.5198736323117611
762.1699999993253,0.46143670377241325
762.1799999993253,0.648126254448996
762.1899999993252,0.31612877866793826
762.1999999993252,0.6331883040634124
762.2099999993252,0.5113854897277774
762.2199999993252,0.470924285443446
762.2299999993251,0.6460989620029094
762.239999999325,0.31396393673568235
762.249999999325,0.636581242287393
762.2599999993249,0.5029477792237299
762.2699999993249,0.48000796702244247
762.2799999993249,0.6439265173657747
762.2899999993249,0.312651867202575
762.2999999993248,0.6396489188645624
762.3099999993248,0.494594655475245
762.3199999993248,0.4886735322624557
762.3299999993246,0.6416282289635485
762.3399999993246,0.31212622871337614
762.3499999993246,0.642415846000373
762.3599999993246,0.4863590508627604
762.3699999993245,0.49691370089342285
762.3799999993245,0.6392230171079378
762.3899999993245,0.3123148666673581
762.3999999993243,0.6449052272067033
762.4099999993243,0.47827234424199067
762.4199999993243,0.5047267931205853
762.4299999993243,0.6367294326313595
762.4399999993242,0.3131419858157602
762.4499999993242,0.6471390062876333
762.4599999993242,0.47036405284085975
762.469999999324,0.5121155754075282
762.479999999324,0.6341656650866532
762.489999999324,0.31453012958518345
762.499999999324,0.6491379211521181
762.5099999993239,0.46266155742104753
762.5199999993239,0.51908627570572
762.5299999993239,0.6315495415848494
762.5399999993238,0.3164019144433256
762.5499999993237,0.6509215592812112
762.5599999993237,0.4551898690102474
762.5699999993237,0.5256477529394692
762.5799999993236,0.6288985173906314
762.5899999993236,0.3186814906527616
762.5999999993236,0.6525084125743634
762.6099999993235,0.44797144441552184
762.6199999993235,0.5318108032459318
762.6299999993234,0.6262296595007356
762.6399999993234,0.32129572084068253
762.6499999993233,0.6539159299939737
762.6599999993233,0.441026055403473
762.6699999993233,0.5375875858759088
762.6799999993232,0.623559624333044
762.6899999993232,0.32417508406327317
762.6999999993232,0.6551605669521486
762.7099999993231,0.43437071468080707
762.719999999323,0.5429911519164259
762.729999999323,0.6209046306978206
762.739999999323,0.32725432485359385
762.7499999993229,0.656257830743993
762.7599999993229,0.4280196595836416
762.7699999993229,0.5480350604817988
762.7799999993229,0.6182804291700357
762.7899999993227,0.33047287480555043
762.7999999993227,0.6572223216776015
762.8099999993227,0.421984392235045
762.8199999993226,0.5527330685916739
762.8299999993226,0.6157022689601512
762.8399999993226,0.33377507850972077
762.8499999993226,0.658067769762417
762.8599999993224,0.4162737732669269
762.8699999993224,0.5570988823913715
762.8799999993224,0.6131848631799439
762.8899999993223,0.33711025714634213
762.8999999993223,0.6588070669503667
762.9099999993223,0.4108941644368533
762.9199999993223,0.5611459592424352
762.9299999993221,0.6107423536389764
762.9399999993221,0.3404326422152311
762.9499999993221,0.6594522950985343
762.959999999322,0.40584961421465354
762.969999999322,0.5648873514405032
762.979999999322,0.6083882756667748
762.989999999322,0.3437012098083714
762.9999999993219,0.660014749864386
763.0099999993218,0.40114207942555224
763.0199999993218,0.5683355840143453
763.0299999993217,0.6061355239715958
763.0399999993217,0.34687944243039626
763.0499999993217,0.6605049608292111
763.0599999993217,0.3967716755105525
763.0699999993216,0.5715025599502226
763.0799999993216,0.603996319879464
763.0899999993215,0.34993504190434577
763.0999999993214,0.6609327081671498
763.1099999993214,0.3927369477686888
763.1199999993214,0.5743994875466174
763.1299999993214,0.6019821804816966
763.1399999993213,0.3528396129375666
763.1499999993213,0.6613070362007856
763.1599999993213,0.38903515573179553
763.1699999993211,0.5770368252902768
763.1799999993211,0.6001038900731525
763.1899999993211,0.3555683336463028
763.1999999993211,0.6616362642077098
763.209999999321,0.385662563548071
763.219999999321,0.579424240598773
763.229999999321,0.5983714739661363
763.2399999993208,0.35809962558798597
763.2499999993208,0.6619279948098663
763.2599999993208,0.38261472948853725
763.2699999993208,0.5815705793899445
763.2799999993207,0.5967941747945777
763.2899999993207,0.36041483353513354
763.2999999993207,0.6621891202982646
763.3099999993206,0.37988678843344204
763.3199999993205,0.5834838439349832
763.3299999993205,0.5953804313971909
763.3399999993205,0.362497922092247
763.3499999993204,0.6624258272147069
763.3599999993204,0.3774737219445551
763.3699999993204,0.5851711769642031
763.3799999993203,0.594137860007366
763.3899999993203,0.36433519499593237
763.3999999993202,0.6626435994941386
763.4099999993202,0.3753706113246334
763.4199999993201,0.5866388504398921
763.4299999993201,0.5930732377567787
763.4399999993201,0.36591504062911884
763.44999999932,0.6628472204512151
763.45999999932,0.37357286976094733
763.46999999932,0.5878922575539933
763.47999999932,0.5921924881498186
763.4899999993198,0.3672277065239158
763.4999999993198,0.6630407738621179
763.5099999993198,0.3720764503979255
763.5199999993197,0.5889359070523152
763.5299999993197,0.5915006683237446
763.5399999993197,0.3682651044817437
763.5499999993197,0.6632276443748563
763.5599999993195,0.37087802774090295
763.5699999993195,0.5897734187752579
763.5799999993195,0.5910019579324494
763.5899999993194,0.36902064744229984
763.5999999993194,0.6634105174392378
763.6099999993194,0.36997515036830747
763.6199999993194,0.5904075200397944
763.6299999993192,0.5906996492594778
763.6399999993192,0.36948911855570554
763.6499999993192,0.6635913789256233
763.6599999993191,0.3693663633235627
763.6699999993191,0.5908400420623099
763.6799999993191,0.5905961385830308
763.6899999993191,0.3696665731431067
763.699999999319,0.6637715145635968
763.7099999993189,0.3690512989085558
763.7199999993189,0.5910719161871928
763.7299999993188,0.5906929184921292
763.7399999993188,0.3695502735119839
763.7499999993188,0.6639515093008116
763.7599999993188,0.36903073490987853
763.7699999993187,0.5911031694918945
763.7799999993186,0.5909905711734201
763.7899999993186,0.3691386572577222
763.7999999993185,0.6641312466468395
763.8099999993185,0.36930661922221575
763.8199999993185,0.5909329196688509
763.8299999993185,0.5914887626555768
763.8399999993184,0.3684313393618141
763.8499999993184,0.6643099080319147
763.8599999993183,0.36988206055166656
763.8699999993182,0.5905593689362746
763.8799999993182,0.5921862380925476
763.8899999993182,0.3674291485621805
763.8999999993182,0.6644859721741776
763.9099999993181,0.37076128436349776
763.9199999993181,0.5899797970408555
763.929999999318,0.5930808182153812
763.9399999993179,0.36613419882064396
763.9499999993179,0.6646572144126667
763.9599999993179,0.3719495539600198
763.9699999993179,0.5891905532396171
763.9799999993178,0.5941693972397003
763.9899999993178,0.3645499967292314
763.9999999993178,0.6648207059248594
764.0099999993176,0.3734530565029263
764.0199999993176,0.5881870474883545
764.0299999993176,0.5954479424682372
764.0399999993176,0.36268158568399333
764.0499999993175,0.6649728127099005
764.0599999993175,0.3752787543363134
764.0699999993175,0.5869637410211911
764.0799999993174,0.5969114959723816
764.0899999993173,0.36053572786613647
764.0999999993173,0.6651091941797983
764.1099999993173,0.3774342021157686
764.1199999993172,0.585514136609379
764.1299999993172,0.5985541786701707
764.1399999993172,0.35812112461568407
764.1499999993171,0.6652248011600878
764.159999999317,0.37992733108872384
764.169999999317,0.5838307690334873
764.179999999317,0.6003691972479321
764.1899999993169,0.35544867595908947
764.1999999993169,0.6653138730619089
764.2099999993169,0.3827662023804232
764.2199999993168,0.581905196326552
764.2299999993168,0.6023488542823668
764.2399999993168,0.3525317788133643
764.2499999993167,0.6653699339498486
764.2599999993166,0.3859587320891528
764.2699999993166,0.5797279927081482
764.2799999993166,0.6044845618287621
764.2899999993165,0.3493866631964755
764.2999999993165,0.6653857871804169
764.3099999993165,0.3895123916881054
764.3199999993165,0.5772887443074058
764.3299999993163,0.6067668588678058
764.3399999993163,0.3460327640050002
764.3499999993163,0.6653535082658734
764.3599999993162,0.39343388880058316
764.3699999993162,0.5745760490472335
764.3799999993162,0.6091854327335087
764.3899999993162,0.34249312453754616
764.399999999316,0.6652644355470088
764.409999999316,0.3977288339282736
764.419999999316,0.5715775226811334
764.4299999993159,0.6117291445328691
764.4399999993159,0.3387948254026419
764.4499999993159,0.6651091582599656
764.4599999993159,0.4024014002892787
764.4699999993157,0.5682798130467365
764.4799999993157,0.6143860586952764
764.4899999993157,0.3349694298055453
764.4999999993156,0.6648775015136406
764.5099999993156,0.40745398484803436
764.5199999993156,0.5646686258420748
764.5299999993156,0.6171434762938908
764.5399999993155,0.3310534324068424
764.5499999993154,0.6645585076818092
764.5599999993154,0.4128868795010364
764.5699999993153,0.5607287652252746
764.5799999993153,0.6199879718369379
764.5899999993153,0.3270886948090122
764.5999999993153,0.6641404136772341
764.6099999993152,0.4186979620052969
764.6199999993152,0.5564441941714033
764.6299999993151,0.6229054330864859
764.639999999315,0.32312284563017935
764.649999999315,0.6636106235622667
764.659999999315,0.4248824169600459
764.669999999315,0.5517981200562103
764.6799999993149,0.6258811031478995
764.6899999993149,0.31920961775280304
764.6999999993149,0.6629556759346771
764.7099999993147,0.4314324966300245
764.7199999993147,0.5467731125973988
764.7299999993147,0.6288996240732458
764.7399999993147,0.3154090892689489
764.7499999993146,0.662161205507292
764.7599999993146,0.4383373312520103
764.7699999993146,0.5413512627483745
764.7799999993144,0.6319450809710301
764.7899999993144,0.31178778908239807
764.7999999993144,0.661211898377676
764.8099999993144,0.44558279740219225
764.8199999993143,0.5355143929015262
764.8299999993143,0.6350010454819834
764.8399999993143,0.30841862289680777
764.8499999993142,0.6600914404152333
764.8599999993141,0.45315145126522094
764.8699999993141,0.5292443311304856
764.8799999993141,0.6380506175025226
764.889999999314,0.3053805715749243
764.899999999314,0.6587824583711669
764.909999999314,0.46102253214113514
764.9199999993139,0.5225232644230152
764.9299999993138,0.64107646369616
764.9399999993138,0.30275811278468295
764.9499999993138,0.657266453345136
764.9599999993137,0.4691720384911094
764.9699999993137,0.5153341886581545
764.9799999993137,0.6440608515139251
764.9899999993136,0.300640318915695
764.9999999993136,0.6555237264087104
765.0099999993135,0.47757287663770165
765.0199999993134,0.5076614759482256
765.0299999993134,0.6469856772370929
765.0399999993134,0.2991195915539569
765.0499999993134,0.6535332964384565
765.0599999993133,0.4861950791698887
765.0699999993133,0.49949158317816955
765.0799999993133,0.6498324865620695
765.0899999993131,0.2982900057493606
765.0999999993131,0.6512728104499986
765.1099999993131,0.4950060872673589
765.1199999993131,0.4908139278176899
765.129999999313,0.6525824862569851
765.139999999313,0.29824525693346243
765.149999999313,0.6487184472964475
765.1599999993128,0.5039710884811113
765.1699999993128,0.4816219598350609
765.1799999993128,0.6552165454621347
765.1899999993128,0.2990762300424728
765.1999999993127,0.6458448159524826
765.2099999993127,0.5130533993280355
765.2199999993127,0.471914459162656
765.2299999993126,0.6577151851180069
765.2399999993125,0.3008682429676344
765.2499999993125,0.6426248506821035
765.2599999993125,0.5222148801072144
765.2699999993124,0.461697087202496
765.2799999993124,0.6600585541754859
765.2899999993124,0.3036980533973433
765.2999999993123,0.6390297062266391
765.3099999993123,0.5314163681943311
765.3199999993122,0.4509842167585132
765.3299999993122,0.6622263911654812
765.3399999993121,0.30763075584291855
765.3499999993121,0.6350286577130221
765.3599999993121,0.5406181154683743
765.369999999312,0.4398010553161665
765.379999999312,0.6641979698332904
765.389999999312,0.3127167300507203
765.399999999312,0.6305890118583948
765.4099999993118,0.5497802159583797
765.4199999993118,0.42818606113344376
765.4299999993118,0.6659520275038127
765.4399999993117,0.3189888275657188
765.4499999993117,0.6256760385608279
765.4599999993117,0.5588630100445942
765.4699999993117,0.41619362630470763
765.4799999993115,0.6674666749549965
765.4899999993115,0.3264599949094571
765.4999999993115,0.6202529352608529
765.5099999993114,0.5678274533681079
765.5199999993114,0.4038969646417546
765.5299999993114,0.6687192865525021
765.5399999993114,0.33512152488179914
765.5499999993112,0.6142808407782754
765.5599999993112,0.5766354401987316
765.5699999993112,0.39139109153367446
765.5799999993111,0.6696863694857018
765.5899999993111,0.3449421003118307
765.5999999993111,0.6077189207730295
765.6099999993111,0.585250072932111
765.619999999311,0.3787957178759578
765.6299999993109,0.6703434109871945
765.6399999993109,0.35586774622864087
765.6499999993108,0.6005245542985694
765.6599999993108,0.5936358719890166
765.6699999993108,0.3662578005451282
765.6799999993108,0.6706647025063204
765.6899999993107,0.3678227422910354
765.6999999993106,0.5926536596044419
765.7099999993106,0.6017589221140048
765.7199999993105,0.3539534024464101
765.7299999993105,0.6706231399790765
765.7399999993105,0.38071147246682835
765.7499999993105,0.5840612086677908
765.7599999993104,0.6095869535043621
765.7699999993104,0.34208842663407474
765.7799999993103,0.6701899995672356
765.7899999993102,0.39442111384971806
765.7999999993102,0.5747019935818836
765.8099999993102,0.6170893580292449
765.8199999993102,0.3308977169395167
765.8299999993101,0.6693346886593002
765.8399999993101,0.4088249993482458
765.8499999993101,0.5645317240715951
765.8599999993099,0.6242371421027106
765.8699999993099,0.32064198717447084
765.8799999993099,0.6680244725524876
765.8899999993099,0.42378643911902636
765.8999999993098,0.553508553903319
765.9099999993098,0.6310028191149539
765.9199999993098,0.3116020826965646
765.9299999993096,0.6662241782277752
765.9399999993096,0.43916275810029354
765.9499999993096,0.5415951543474942
765.9599999993096,0.6373602451112814
765.9699999993095,0.3040702229089203
765.9799999993095,0.6638958780802686
765.9899999993095,0.4548093051661848
765.9999999993094,0.5287614722692097
766.0099999993093,0.6432844016508387
766.0199999993093,0.2983381451717535
766.0299999993093,0.6609985586707813
766.0399999993092,0.47058320994788694
766.0499999993092,0.5149883267436877
766.0599999993092,0.6487511299727273
766.0699999993091,0.29468247034924444
766.079999999309,0.6574877827466376
766.089999999309,0.4863467035854199
766.099999999309,0.5002720041428078
766.1099999993089,0.653736820256476
766.1199999993089,0.29334810682056583
766.1299999993089,0.6533153572601025
766.1399999993088,0.5019698708898969
766.1499999993088,0.4846299988515936
766.1599999993088,0.6582180592071271
766.1699999993087,0.2945310261054616
766.1799999993086,0.6484290267356109
766.1899999993086,0.5173327577854651
766.1999999993086,0.4681080011965368
766.2099999993085,0.6621712385819305
766.2199999993085,0.2983621667875537
766.2299999993085,0.6427722202622296
766.2399999993085,0.5323268113009115
766.2499999993083,0.45078813676682133
766.2599999993083,0.6655721263953521
766.2699999993083,0.3048944242040308
766.2799999993082,0.6362838931156314
766.2899999993082,0.5468556756129833
766.2999999993082,0.4327982898879042
766.3099999993082,0.6683954016477344
766.319999999308,0.3140945558365653
766.329999999308,0.6288985212916187
766.339999999308,0.5608354031863989
766.3499999993079,0.4143220737320529
766.3599999993079,0.6706141527225941
766.3699999993079,0.3258413379076406
766.3799999993079,0.6205463307101737
766.3899999993077,0.5741941630528914
766.3999999993077,0.3956086241517829
766.4099999993077,0.6721993388736058
766.4199999993076,0.3399305064328666
766.4299999993076,0.6111538741827771
766.4399999993076,0.5868715404142593
766.4499999993076,0.37698089757747183
766.4599999993075,0.6731192139989477
766.4699999993074,0.3560860600431693
766.4799999993074,0.6006451100506808
766.4899999993073,0.5988175234385931
766.4999999993073,0.35884059154279346
766.5099999993073,0.6733387120238642
766.5199999993073,0.37397660212952377
766.5299999993072,0.588943188781614
766.5399999993072,0.6099912676431832
766.5499999993071,0.3416672930540551
766.559999999307,0.6728187942550944
766.569999999307,0.39323475557880255
766.579999999307,0.5759732177877263
766.589999999307,0.6203597171756664
766.5999999993069,0.3260091944710595
766.6099999993069,0.6715157611953538
766.6199999993069,0.41347742180962255
766.6299999993067,0.5616663492024565
766.6399999993067,0.6298961487927587
766.6499999993067,0.3124629700699786
766.6599999993067,0.6693805352023678
766.6699999993066,0.4343247951390752
766.6799999993066,0.5459656148637048
766.6899999993066,0.6385786890558024
766.6999999993064,0.30164146230989436
766.7099999993064,0.6663579267664665
766.7199999993064,0.45541650148456037
766.7299999993064,0.5288340025277228
766.7399999993063,0.6463888411004631
766.7499999993063,0.29412983984538427
766.7599999993063,0.6623859072791553
766.7699999993062,0.47642386132146797
766.7799999993061,0.5102653017768917
766.7899999993061,0.6533100437445771
766.7999999993061,0.29043370630100296
766.809999999306,0.6573949265295603
766.819999999306,0.49705792695768714
766.829999999306,0.49029819967529564
766.8399999993059,0.6593262743280424
766.8499999993059,0.2909256592949565
766.8599999993058,0.6513073360802406
766.8699999993058,0.5170734917957753
766.8799999993057,0.46903390231252373
766.8899999993057,0.6644206972095994
766.8999999993057,0.29579901306120643
766.9099999993056,0.6440370132662284
766.9199999993056,0.5362696476343609
766.9299999993056,0.4466570957279025
766.9399999993055,0.6685743524607137
766.9499999993054,0.30503771273019803
766.9599999993054,0.6354893289034709
766.9699999993054,0.5544876627657953
766.9799999993053,0.42345921631929256
766.9899999993053,0.6717648742232631
766.9999999993053,0.3184092467739706
767.0099999993053,0.6255616701441331
767.0199999993051,0.5716069949696863
767.0299999993051,0.3998616709759036
767.0399999993051,0.6739652251254926
767.049999999305,0.3354829068070646
767.059999999305,0.6141448247124911
767.069999999305,0.587540183435327
767.079999999305,0.37643482577014414
767.0899999993048,0.6751424324662713
767.0999999993048,0.35567034630636846
767.1099999993048,0.6011256601982915
767.1199999993047,0.602227232316917
767.1299999993047,0.35390650231804227
767.1399999993047,0.6752563139490003
767.1499999993047,0.37828083186503125
767.1599999993045,0.5863916973299873
767.1699999993045,0.6156299437353494
767.1799999993045,0.33315201694590324
767.1899999993044,0.6742581863692626
767.1999999993044,0.4025813037771424
767.2099999993044,0.569838378359966
767.2199999993044,0.6277265089767411
767.2299999993043,0.3151575927361929
767.2399999993042,0.6720895612026845
767.2499999993042,0.42785182579833625
767.2599999993041,0.5513800554374686
767.2699999993041,0.6385065386694051
767.2799999993041,0.3009516801200128
767.2899999993041,0.6686808488367451
767.299999999304,0.45342960993133963
767.309999999304,0.5309659262195461
767.319999999304,0.6479666123681691
767.3299999993038,0.2915053538867016
767.3399999993038,0.6639501216344575
767.3499999993038,0.4787383434549921
767.3599999993038,0.5086022308916133
767.3699999993037,0.6561063553103798
767.3799999993037,0.2876130094260228
767.3899999993037,0.6578020303397214
767.3999999993035,0.5033028276767171
767.4099999993035,0.48438182107753824
767.4199999993035,0.6629250018059646
767.4299999993035,0.2897751035910677
767.4399999993034,0.6501270360451034
767.4499999993034,0.526751220543063
767.4599999993034,0.45852143151434255
767.4699999993032,0.668418375935757
767.4799999993032,0.29811066041588996
767.4899999993032,0.6408012216598088
767.4999999993032,0.5488082603192571
767.5099999993031,0.43140523553688903
767.5199999993031,0.6725762065047695
767.5299999993031,0.3123240371574191
767.539999999303,0.629687096352849
767.5499999993029,0.5692829427165365
767.5599999993029,0.40363012626772715
767.5699999993029,0.6753796905952573
767.5799999993028,0.33173718067099345
767.5899999993028,0.6166360217384892
767.5999999993028,0.5880536009093029
767.6099999993027,0.37604346845022263
767.6199999993026,0.6767992263913166
767.6299999993026,0.35537999528502073
767.6399999993026,0.601493187575279
767.6499999993025,0.6050525562197026
767.6599999993025,0.34975841693576504
767.6699999993025,0.6767922501454529
767.6799999993024,0.38211558921823074
767.6899999993024,0.5841064613287177
767.6999999993023,0.6202517220222747
767.7099999993023,0.3261273838513966
767.7199999993022,0.6753011357840154
767.7299999993022,0.4107706731048691
767.7399999993022,0.5643409218418098
767.7499999993021,0.6336498909944951
767.7599999993021,0.30665478174649957
767.7699999993021,0.6722511517633767
767.779999999302,0.4402455527581721
767.7899999993019,0.5421014028559289
767.7999999993019,0.6452619613046464
767.8099999993019,0.29284048057240736
767.8199999993018,0.6675485254211966
767.8299999993018,0.469589102230265
767.8399999993018,0.5173657462939387
767.8499999993018,0.6551100510577926
767.8599999993016,0.2859675902523229
767.8699999993016,0.6610787508310431
767.8799999993016,0.4980360334531024
767.8899999993015,0.49023133181769696
767.8999999993015,0.6632162780135655
767.9099999993015,0.2868769327762767
767.9199999993015,0.6527054089047146
767.9299999993013,0.5250124118644475
767.9399999993013,0.4609761358702168
767.9499999993013,0.669596904408684
767.9599999993012,0.2957915655152606
767.9699999993012,0.6422699723617551
767.9799999993012,0.5501192994822665
767.9899999993012,0.430132064066957
767.999999999301,0.6742575312766765
768.009999999301,0.3122512700429774
768.019999999301,0.62959337699827
768.0299999993009,0.5731044767297402
768.0399999993009,0.3985614346807147
768.0499999993009,0.6771890485238377
768.0599999993009,0.3351836080515043
768.0699999993008,0.6144805962676904
768.0799999993008,0.5938301107576317
768.0899999993007,0.3675167793333454
768.0999999993006,0.6783640910901565
768.1099999993006,0.36308942586352294
768.1199999993006,0.5967301028453457
768.1299999993006,0.6122415279356084
768.1399999993005,0.33865146650628036
768.1499999993005,0.6777338118300013
768.1599999993005,0.3942829331623199
768.1699999993003,0.5761509621181288
768.1799999993003,0.6283398371362632
768.1899999993003,0.31394056289226857
768.1999999993003,0.675224859539919
768.2099999993002,0.42711836129213887
768.2199999993002,0.5525913285084233
768.2299999993002,0.6421594013255872
768.2399999993,0.2954794121997473
768.2499999993,0.6707365558602298
768.2599999993,0.460155162216067
768.2699999993,0.5259830717026209
768.2799999992999,0.6537500761376014
768.2899999992999,0.2851627309016422
768.2999999992999,0.6641384168665792
768.3099999992997,0.4922451431950994
768.3199999992997,0.4964075291148626
768.3299999992997,0.6631635791126831
768.3399999992997,0.28430683693067715
768.3499999992996,0.6552683958124957
768.3599999992996,0.5225508562747401
768.3699999992996,0.46418568696261286
768.3799999992995,0.6704431463225695
768.3899999992994,0.29333335929142684
768.3999999992994,0.6439325812705968
768.4099999992994,0.5505172668999213
768.4199999992993,0.4299902835757111
768.4299999992993,0.6756156297545843
768.4399999992993,0.311639677659282
768.4499999992992,0.629907638772111
768.4599999992992,0.5758196572181938
768.4699999992991,0.39496470560369407
768.4799999992991,0.6786852884026409
768.489999999299,0.33771641319804124
768.499999999299,0.612948122495274
768.509999999299,0.5983052643604387
768.5199999992989,0.3608127155068866
768.5299999992989,0.6796286727010492
768.5399999992989,0.3694669126766629
768.5499999992988,0.5928019998720269
768.5599999992987,0.6179391926760418
768.5699999992987,0.32979832740554166
768.5799999992987,0.6783901705900903
768.5899999992986,0.4046053298290502
768.5999999992986,0.5692393651496296
768.6099999992986,0.6347593721153896
768.6199999992986,0.30458238972454044
768.6299999992984,0.6748779767564408
768.6399999992984,0.4410034945298083
768.6499999992984,0.5421012126354602
768.6599999992983,0.6488415621706557
768.6699999992983,0.28784895936114746
768.6799999992983,0.6689604878809571
768.6899999992983,0.47691017791456203
768.6999999992981,0.5113766365027416
768.7099999992981,0.6602733939622115
768.7199999992981,0.28176057589216413
768.729999999298,0.660463464034641
768.739999999298,0.5110333359049228
768.749999999298,0.4773162264316994
768.759999999298,0.6691356455847448
768.7699999992979,0.2874029712137037
768.7799999992978,0.6491688075023709
768.7899999992978,0.5425196640673398
768.7999999992977,0.4405833361260177
768.8099999992977,0.6754888415969701
768.8199999992977,0.3044515487434113
768.8299999992977,0.6348166114129251
768.8399999992976,0.5708780774707994
768.8499999992976,0.4024281056816895
768.8599999992975,0.6793634941582781
768.8699999992974,0.33122690613115563
768.8799999992974,0.6171133808344894
768.8899999992974,0.5958854443143556
768.8999999992974,0.36483695168233343
768.9099999992973,0.6807526537961047
768.9199999992973,0.3651198298629168
768.9299999992973,0.5957512117274173
768.9399999992971,0.6174979666110069
768.9499999992971,0.33056640203040805
768.9599999992971,0.679605818619354
768.9699999992971,0.4031902631829655
768.979999999297,0.5704453456010398
768.989999999297,0.635778569331834
768.999999999297,0.30293992195361646
769.0099999992968,0.6758236460524248
769.0199999992968,0.4427038759002639
769.0299999992968,0.5410006957203661
769.0399999992968,0.650842289261663
769.0499999992967,0.28532171561511555
769.0599999992967,0.6692533608351698
769.0699999992967,0.48146212032465996
769.0799999992965,0.5074205408238335
769.0899999992965,0.6628174745028185
769.0999999992965,0.2803271588792927
769.1099999992965,0.6596853468212782
769.1199999992964,0.5179096838613766
769.1299999992964,0.47006946615244544
769.1399999992964,0.6718191694296775
769.1499999992963,0.2890420163318656
769.1599999992962,0.6468522963815496
769.1699999992962,0.5510839650047057
769.1799999992962,0.4298912455358799
769.1899999992961,0.6779310680527134
769.1999999992961,0.31063167899915245
769.2099999992961,0.63043369203228
769.219999999296,0.58048827422248
769.229999999296,0.388650726998796
769.239999999296,0.6811930264128893
769.2499999992959,0.3425675714553676
769.2599999992958,0.6100706111027514
769.2699999992958,0.6059501236393885
769.2799999992958,0.3491096542813373
769.2899999992957,0.6815918923549582
769.2999999992957,0.38135365958515505
769.3099999992957,0.5853991964148865
769.3199999992956,0.6274974097350197
769.3299999992955,0.31497415824132474
769.3399999992955,0.6790541723765766
769.3499999992955,0.42338409748403316
769.3599999992954,0.5561157250426113
769.3699999992954,0.6452635624627663
769.3799999992954,0.2904293409979941
769.3899999992954,0.6734398100911178
769.3999999992952,0.4655870030207417
769.4099999992952,0.5220912193175522
769.4199999992952,0.6594207030090461
769.4299999992951,0.2792065930877211
769.4399999992951,0.6645372096846182
769.4499999992951,0.5057188007915661
769.4599999992951,0.4835557258624432
769.4699999992949,0.6701350589627774
769.4799999992949,0.2834424455272408
769.4899999992949,0.6520608103556665
769.4999999992948,0.5423664439407293
769.5099999992948,0.4413634849898845
769.5199999992948,0.6775381086913759
769.5299999992948,0.30288373726302015
769.5399999992947,0.6356543318923894
769.5499999992946,0.5747900824898373
769.5599999992946,0.39731501417450144
769.5699999992945,0.6817078686983027
769.5799999992945,0.33492562762193373
769.5899999992945,0.6149057343277614
769.5999999992945,0.6027206620879209
769.6099999992944,0.35443391192126283
769.6199999992944,0.6826561607894033
769.6299999992943,0.37547383653658
769.6399999992942,0.5893845224594292
769.6499999992942,0.6261774777547795
769.6599999992942,0.31698325760690543
769.6699999992942,0.6803190984896009
769.6799999992941,0.4201267402638062
769.6899999992941,0.5587186133893898
769.699999999294,0.6453290906567425
769.7099999992939,0.2899425082234785
769.7199999992939,0.6745493346724869
769.7299999992939,0.4651104309389878
769.7399999992939,0.5227356731471263
769.7499999992938,0.6603975650904943
769.7599999992938,0.27782043533781875
769.7699999992938,0.6651099768550673
769.7799999992936,0.5077120218398166
769.7899999992936,0.4816980161417009
769.7999999992936,0.6715968025110198
769.8099999992936,0.28314003619202305
769.8199999992935,0.6516718434421156
769.8299999992935,0.5462834567242304
769.8399999992935,0.43664811712079576
769.8499999992933,0.6790943575599414
769.8599999992933,0.30540063703943515
769.8699999992933,0.633818439687337
769.8799999992933,0.5800190337581412
769.8899999992932,0.3898288520238366
769.8999999992932,0.682987869878663
769.9099999992932,0.34121753243403247
769.919999999293,0.611067441167938
769.929999999293,0.6086790334904975
769.939999999293,0.3450217662622924
769.949999999293,0.6832897396943198
769.9599999992929,0.385561525956923
769.9699999992929,0.5829244823206055
769.9799999992929,0.6323508406523177
769.9899999992928,0.30747782068203783
769.9999999992928,0.6799160188789609
770.0099999992927,0.4333093518738067
770.0199999992927,0.5489950760840493
770.0299999992926,0.6512751129553174
770.0399999992926,0.28305389739140385
770.0499999992926,0.6726775910377784
770.0599999992925,0.4803328732121793
770.0699999992925,0.5091914623759966
770.0799999992925,0.6657318953445955
770.0899999992924,0.2764942940787103
770.0999999992923,0.6612739040146894
770.1099999992923,0.5238820817274658
770.1199999992923,0.4640736473581656
770.1299999992922,0.6759709718598423
770.1399999992922,0.289547820104504
770.1499999992922,0.6452924271659297
770.1599999992922,0.5624544097257217
770.169999999292,0.41533293819971534
770.179999999292,0.6821708284155189
770.189999999292,0.3201263825030927
770.1999999992919,0.6242215947140706
770.2099999992919,0.5954505733987573
770.2199999992919,0.3663184789610817
770.2299999992919,0.6844142393909627
770.2399999992917,0.36315574768482034
770.2499999992917,0.5974925737168876
770.2599999992917,0.6228237245405239
770.2699999992916,0.32229452330577046
770.2799999992916,0.6826725022693256
770.2899999992916,0.4125038977651676
770.2999999992916,0.5645770379802098
770.3099999992914,0.6448079490397395
770.3199999992914,0.28990148701246005
770.3299999992914,0.676793827877494
770.3399999992913,0.46275387961335707
770.3499999992913,0.5251837202641517
770.3599999992913,0.6617369797404855
770.3699999992913,0.2754333413007258
770.3799999992912,0.6664945557757284
770.3899999992911,0.5100831244526849
770.3999999992911,0.4796082966888987
770.409999999291,0.673934021272844
770.419999999291,0.2823829330197116
770.429999999291,0.6513554862642806
770.439999999291,0.5523024914584034
770.4499999992909,0.4292734686456444
770.4599999992909,0.6816486661430298
770.4699999992908,0.3097466512535128
770.4799999992907,0.6308309640418
770.4899999992907,0.5884676610685178
770.4999999992907,0.37739335922687073
770.5099999992907,0.685021398434747
770.5199999992906,0.3524278197400999
770.5299999992906,0.604287216051041
770.5399999992906,0.6184136237517378
770.5499999992904,0.32944584619414
770.5599999992904,0.6840624684629654
770.5699999992904,0.4034386316607067
770.5799999992904,0.5711009073574681
770.5899999992903,0.6423787181904548
770.5999999992903,0.2928053154558803
770.6099999992903,0.6786374498103352
770.6199999992901,0.4562902841910101
770.6299999992901,0.5308694027576407
770.6399999992901,0.6607524517788791
770.6499999992901,0.2749027289490433
770.65999999929,0.6684564877493278
770.66999999929,0.5063225375137699
770.67999999929,0.4838032427952051
770.6899999992899,0.6739245479929693
770.6999999992898,0.2802398464578288
770.7099999992898,0.6530691528539803
770.7199999992898,0.5508705719611274
770.7299999992897,0.43135798396867686
770.7399999992897,0.6822010394685919
770.7499999992897,0.3080845992863413
770.7599999992896,0.6318736977962273
770.7699999992896,0.5888044563768496
770.7799999992895,0.3770425233242642
770.7899999992895,0.6857590697711474
770.7999999992894,0.3527601371545396
770.8099999992894,0.6041609366539635
770.8199999992894,0.619942437555219
770.8299999992893,0.327019218202456
770.8399999992893,0.684621386761971
770.8499999992893,0.40631045649851716
770.8599999992892,0.5692319540512221
770.8699999992891,0.6445787947253121
770.8799999992891,0.28966121523837707
770.8899999992891,0.6786396614864457
770.899999999289,0.46143832871743734
770.909999999289,0.5266562936313169
770.919999999289,0.6631742779372637
770.929999999289,0.2732474538416435
770.9399999992888,0.6674824816807646
770.9499999992888,0.5130672092549499
770.9599999992888,0.47676233616632147
770.9699999992887,0.6761767893988319
770.9799999992887,0.2823060246399402
770.9899999992887,0.650630709805702
770.9999999992887,0.5584471238301285
771.0099999992885,0.4214282839278576
771.0199999992885,0.6839255720974551
771.0299999992885,0.3150873113986962
771.0399999992884,0.6273925213507079
771.0499999992884,0.5965377022209135
771.0599999992884,0.36506010663011745
771.0699999992884,0.6866016808952599
771.0799999992882,0.36444055381042617
771.0899999992882,0.5969666306391261
771.0999999992882,0.6272966449240769
771.1099999992881,0.3151760598987048
771.1199999992881,0.6842008019695158
771.1299999992881,0.4213202406573705
771.1399999992881,0.5586091857550198
771.149999999288,0.6511413063297942
771.159999999288,0.2814518480205778
771.1699999992879,0.6765155767994272
771.1799999992878,0.4780786647702619
771.1899999992878,0.5119972898383011
771.1999999992878,0.6686145009352412
771.2099999992878,0.2723960106050129
771.2199999992877,0.6631236784700129
771.2299999992877,0.5298418168183592
771.2399999992876,0.4579078505952687
771.2499999992875,0.6802009992335559
771.2599999992875,0.2909928453317257
771.2699999992875,0.6433876345802195
771.2799999992875,0.5742731156906978
771.2899999992874,0.3992608451647855
771.2999999992874,0.6862343883302356
771.3099999992874,0.33282724147904824
771.3199999992872,0.6164869946594498
771.3299999992872,0.6107231824030839
771.3399999992872,0.3422348133026974
771.3499999992872,0.6868506142393352
771.3599999992871,0.38855999790218926
771.3699999992871,0.5815286021142215
771.3799999992871,0.6394279998546405
771.3899999992869,0.29644277096267946
771.3999999992869,0.6819622257637008
771.4099999992869,0.44841557465300236
771.4199999992869,0.537821441233127
771.4299999992868,0.6609637230165233
771.4399999992868,0.2726555095360288
771.4499999992868,0.6712412174974551
771.4599999992867,0.5052337107783202
771.4699999992866,0.4854511438615688
771.4799999992866,0.6759349712040379
771.4899999992866,0.2779186764886352
771.4999999992865,0.6541103584620606
771.5099999992865,0.555091425692906
771.5199999992865,0.42628859507654737
771.5299999992864,0.684815515017755
771.5399999992864,0.31128729087416585
771.5499999992863,0.6297576825747733
771.5599999992863,0.5965193591683093
771.5699999992862,0.3653460834016003
771.5799999992862,0.6878718772066458
771.5899999992862,0.36429902995896785
771.5999999992861,0.5972132277084218
771.6099999992861,0.6294560623222307
771.619999999286,0.31170106881868404
771.629999999286,0.6851254843582373
771.6399999992859,0.42575181483150426
771.6499999992859,0.5555692454281254
771.6599999992859,0.6544562691908202
771.6699999992858,0.2772495066379067
771.6799999992858,0.6763301297572837
771.6899999992858,0.4863710356129049
771.6999999992858,0.5044860460545945
771.7099999992856,0.6722183154470361
771.7199999992856,0.27199145329824925
771.7299999992856,0.6609579102863282
771.7399999992855,0.5405971026128273
771.7499999992855,0.4451662201902941
771.7599999992855,0.6833397518015405
771.7699999992855,0.298136337356246
771.7799999992853,0.6382036351681382
771.7899999992853,0.5860693433446409
771.7999999992853,0.38184180412169627
771.8099999992852,0.6882022055757079
771.8199999992852,0.34848935854865926
771.8299999992852,0.6070431539620735
771.8399999992852,0.6223866412132699
771.849999999285,0.32317597672051046
771.859999999285,0.6869180609987765
771.869999999285,0.41093380559271153
771.8799999992849,0.5664258241912182
771.8899999992849,0.6500604682602616
771.8999999992849,0.2817649238833987
771.9099999992848,0.6793019170166138
771.9199999992848,0.4744208432114404
771.9299999992847,0.5157523135830324
771.9399999992847,0.669867172436625
771.9499999992846,0.26966498865270816
771.9599999992846,0.6648525807806055
771.9699999992846,0.5319479403580407
771.9799999992845,0.4558570829372029
771.9899999992845,0.6825109603050893
771.9999999992845,0.29137117015247155
772.0099999992844,0.6427519986560394
772.0199999992843,0.5803787353998233
772.0299999992843,0.3906240231525651
772.0399999992843,0.6884674631801784
772.0499999992842,0.3405525900187077
772.0599999992842,0.6119160980273296
772.0699999992842,0.6190385721965432
772.0799999992842,0.3287267101215368
772.089999999284,0.6879144624305781
772.099999999284,0.40426409306696653
772.109999999284,0.5711826917841694
772.1199999992839,0.64842396776258
772.1299999992839,0.28354973627170255
772.1399999992839,0.6806975396969432
772.1499999992839,0.47003816949249133
772.1599999992837,0.5198048105204679
772.1699999992837,0.6693902153623856
772.1799999992837,0.26862948991316327
772.1899999992836,0.6663091236415026
772.1999999992836,0.5298245755454315
772.2099999992836,0.4585081521092868
772.2199999992836,0.682731414815123
772.2299999992835,0.289620325598013
772.2399999992834,0.643885394955855
772.2499999992834,0.5800120211656729
772.2599999992833,0.39129466367232535
772.2699999992833,0.6889896625569151
772.2799999992833,0.3400485799821647
772.2899999992833,0.6122596118612789
772.2999999992832,0.6198274249049728
772.3099999992831,0.3274582616806269
772.3199999992831,0.6883736416894072
772.329999999283,0.4058459632815144
772.339999999283,0.5701702163989338
772.349999999283,0.6498276694992936
772.359999999283,0.28155525115575275
772.3699999992829,0.6807201227228105
772.3799999992829,0.47348645371401066
772.3899999992828,0.5168229358049595
772.3999999992827,0.6709602501786827
772.4099999992827,0.26815177100581356
772.4199999992827,0.665471280089583
772.4299999992827,0.534438818941564
772.4399999992826,0.45311619086919874
772.4499999992826,0.6840891744009558
772.4599999992826,0.2926649438310569
772.4699999992824,0.6416733706353399
772.4799999992824,0.5850626360248649
772.4899999992824,0.3837328435244802
772.4999999992824,0.6897864786245791
772.5099999992823,0.34707380176285674
772.5199999992823,0.6080451006369241
772.5299999992823,0.624733112813066
772.5399999992821,0.31936764312367977
772.5499999992821,0.6882464389862315
772.5599999992821,0.4157763973190669
772.5699999992821,0.5632398279343596
772.579999999282,0.6541632728998207
772.589999999282,0.27621638930444076
772.599999999282,0.6792457496067434
772.6099999992819,0.48469103343341785
772.6199999992818,0.50655256640962
772.6299999992818,0.6744028807799558
772.6399999992818,0.2691711103727711
772.6499999992817,0.6621209107096123
772.6599999992817,0.5455311195653789
772.6699999992817,0.4394458782715304
772.6799999992816,0.6863547352082259
772.6899999992816,0.30155427273277813
772.6999999992815,0.6357747797282448
772.7099999992815,0.5951423313895706
772.7199999992814,0.36804985304839977
772.7299999992814,0.690571450445792
772.7399999992814,0.36226739068381364
772.7499999992813,0.598780652672538
772.7599999992813,0.6332975099571463
772.7699999992813,0.30540701204813886
772.7799999992812,0.6871745811374828
772.7899999992811,0.4340757159674707
772.7999999992811,0.5497542402950983
772.8099999992811,0.6609396828458565
772.819999999281,0.26957613716237605
772.829999999281,0.6758164374704752
772.839999999281,0.5031712722181597
772.849999999281,0.4883267695170431
772.8599999992808,0.6792069040162156
772.8699999992808,0.2742755053198433
772.8799999992808,0.6556606207524334
772.8899999992807,0.56234254273339
772.8999999992807,0.4171593763909833
772.9099999992807,0.6889896892512452
772.9199999992807,0.31831643890582223
772.9299999992805,0.6254087467735296
772.9399999992805,0.609390528949089
772.9499999992805,0.3449245644114298
772.9599999992804,0.6907554032838702
772.9699999992804,0.3864076011288749
772.9799999992804,0.583479828878257
772.9899999992804,0.6446546031759782
772.9999999992802,0.28797887348995393
773.0099999992802,0.6844795594119921
773.0199999992802,0.4603782903630973
773.0299999992801,0.5285929458537587
773.0399999992801,0.6693181555154004
773.0499999992801,0.26557038534121125
773.0599999992801,0.6696115352292119
773.06999999928,0.5278962163995845
773.07999999928,0.46120668272267434
773.0899999992799,0.6845531277957566
773.0999999992798,0.2873793407866522
773.1099999992798,0.6450651416938699
773.1199999992798,0.5835968028893992
773.1299999992798,0.3862563193567606
773.1399999992797,0.6911613816333614
773.1499999992797,0.3451847536632701
773.1599999992796,0.6092931463936074
773.1699999992795,0.6265205370888726
773.1799999992795,0.3164211669372533
773.1899999992795,0.689440748616938
773.1999999992795,0.41969774648052777
773.2099999992794,0.5606232977300866
773.2199999992794,0.6575949090190386
773.2299999992794,0.2717543263564315
773.2399999992792,0.6791309304764594
773.2499999992792,0.49354814214645043
773.2599999992792,0.4982410626080476
773.2699999992792,0.6781687608219207
773.2799999992791,0.2700352376636351
773.2899999992791,0.6593859882944432
773.2999999992791,0.5571860117769076
773.309999999279,0.4244099090326149
773.3199999992789,0.6893492867765612
773.3299999992789,0.3127114873200805
773.3399999992789,0.62879342450403
773.3499999992788,0.6075508034192146
773.3599999992788,0.3480731921473353
773.3699999992788,0.6917483604458432
773.3799999992787,0.3833739213595844
773.3899999992786,0.585561248838165
773.3999999992786,0.6449164588964058
773.4099999992786,0.28734706349640693
773.4199999992785,0.6853911991248943
773.4299999992785,0.4610344251163269
773.4399999992785,0.528181781362189
773.4499999992784,0.6706551499484451
773.4599999992784,0.2642729666724777
773.4699999992783,0.6696750551972099
773.4799999992783,0.5314713439419767
773.4899999992782,0.45715995063613807
773.4999999992782,0.6861295525962587
773.5099999992782,0.28961782568519884
773.5199999992781,0.6433590055699467
773.5299999992781,0.5887801553804269
773.539999999278,0.378396868372439
773.549999999278,0.6922486155230081
773.5599999992779,0.35293322333917504
773.5699999992779,0.6046626233451305
773.5799999992779,0.6321424236870418
773.5899999992778,0.3071326861813587
773.5999999992778,0.6893119386498525
773.6099999992778,0.43185592017138374
773.6199999992778,0.5517183881204879
773.6299999992776,0.6627670912384751
773.6399999992776,0.2666514184567386
773.6499999992776,0.6769504244901522
773.6599999992775,0.5077021309044107
773.6699999992775,0.48391555344275655
773.6799999992775,0.6822052458563682
773.6899999992775,0.2749864475807717
773.6999999992773,0.6540993235280462
773.7099999992773,0.5712169309198847
773.7199999992773,0.40491403883305455
773.7299999992772,0.6916371206148223
773.7399999992772,0.3289836310139838
773.7499999992772,0.6190446250394517
773.7599999992772,0.6200953971511999
773.769999999277,0.3271709919437563
773.779999999277,0.6916196116923238
773.789999999277,0.4071014446759408
773.7999999992769,0.5697386378768091
773.8099999992769,0.6551970686573381
773.8199999992769,0.2735206652404368
773.8299999992769,0.6819998509086842
773.8399999992768,0.4869576091098634
773.8499999992767,0.5048689404334139
773.8599999992767,0.6781880420895111
773.8699999992766,0.2669236293630816
773.8799999992766,0.6618763202790159
773.8899999992766,0.5557838392182743
773.8999999992766,0.4265278557931567
773.9099999992765,0.69048757400513
773.9199999992765,0.31129728982249055
773.9299999992764,0.6296140537618762
773.9399999992763,0.6095292793003773
773.9499999992763,0.34490857445562634
773.9599999992763,0.6928868754995811
773.9699999992763,0.38738611425471714
773.9799999992762,0.5830731770032024
773.9899999992762,0.6485616845647609
773.9999999992762,0.2817877676131459
774.009999999276,0.6854253136606496
774.019999999276,0.4700771243136281
774.029999999276,0.5204933517334269
774.039999999276,0.6745986753769146
774.0499999992759,0.2632300557698247
774.0599999992759,0.6673404592028515
774.0699999992759,0.5432652693733826
774.0799999992757,0.4429072629697563
774.0899999992757,0.6892642908996919
774.0999999992757,0.29910311275128093
774.1099999992757,0.6370642970572918
774.1199999992756,0.6010936666121789
774.1299999992756,0.3588710307845266
774.1399999992756,0.6935556361175694
774.1499999992755,0.3729170808183649
774.1599999992754,0.5923981318486868
774.1699999992754,0.6433806070725152
774.1799999992754,0.28918357845184745
774.1899999992753,0.6876738452089672
774.1999999992753,0.4576449281750322
774.2099999992753,0.5312839573669634
774.2199999992752,0.6718583913105777
774.2299999992752,0.26191506823542443
774.2399999992751,0.6709626601874349
774.2499999992751,0.5342732166871574
774.259999999275,0.4540680829046919
774.269999999275,0.6883245445348423
774.279999999275,0.29144905645342123
774.2899999992749,0.6418928383115478
774.2999999992749,0.5953024226339302
774.3099999992749,0.36828497041400116
774.3199999992748,0.6939488258665832
774.3299999992747,0.3636466475976893
774.3399999992747,0.5982069021225276
774.3499999992747,0.6400543210958237
774.3599999992746,0.2942241750226546
774.3699999992746,0.6890568752128635
774.3799999992746,0.4500234809979317
774.3899999992746,0.537636104307831
774.3999999992744,0.67027684886499
774.4099999992744,0.2614842420022377
774.4199999992744,0.6730575628793837
774.4299999992743,0.529234115092632
774.4399999992743,0.46012586882875284
774.4499999992743,0.6879156879967577
774.4599999992743,0.28751777600972506
774.4699999992741,0.6444202586596416
774.4799999992741,0.5925106516016817
774.4899999992741,0.3727787668314394
774.499999999274,0.694275329892162
774.509999999274,0.359448637079686
774.519999999274,0.6008077743785105
774.529999999274,0.6388451581614336
774.5399999992738,0.296066556307344
774.5499999992738,0.6897613184644135
774.5599999992738,0.44741025500706816
774.5699999992737,0.5397924824952606
774.5799999992737,0.6700406820443952
774.5899999992737,0.26105593092037777
774.5999999992737,0.673798342245413
774.6099999992736,0.5283897682576281
774.6199999992735,0.4611641104840272
774.6299999992735,0.6881708851048832
774.6399999992734,0.28684242591714826
774.6499999992734,0.6448041325039963
774.6599999992734,0.5929004395657831
774.6699999992734,0.37219407597332055
774.6799999992733,0.6946314701078835
774.6899999992733,0.3602599274950558
774.6999999992732,0.600327763154609
774.7099999992731,0.6398642096601473
774.7199999992731,0.29438189020620653
774.7299999992731,0.6898551647437412
774.7399999992731,0.4498869923281972
774.749999999273,0.5378218813640372
774.759999999273,0.6712056408786483
774.769999999273,0.26039422357820646
774.7799999992728,0.6732244127388356
774.7899999992728,0.5318014532777839
774.7999999992728,0.45717383860840155
774.8099999992728,0.6891060967209364
774.8199999992727,0.28941721237589996
774.8299999992727,0.6430459372823342
774.8399999992727,0.5964736364770322
774.8499999992725,0.3664995737823861
774.8599999992725,0.6950013034000928
774.8699999992725,0.36614965693469326
774.8799999992725,0.5967144421170355
774.8899999992724,0.6430653552127075
774.8999999992724,0.28930299829333783
774.9099999992724,0.6892893557618021
774.9199999992722,0.4574371166259008
774.9299999992722,0.5316118734080706
774.9399999992722,0.6736940123044638
774.9499999992722,0.2599208450512046
774.9599999992721,0.6712430301864573
774.9699999992721,0.539348609503833
774.9799999992721,0.4480412696596683
774.989999999272,0.6906197647496104
774.999999999272,0.2957109614602152
775.0099999992719,0.6389905096995165
775.0199999992719,0.6030502914063789
775.0299999992718,0.35579720028115136
775.0399999992718,0.6952567876156845
775.0499999992718,0.37729951941584894
775.0599999992717,0.5897328447023424
775.0699999992717,0.6482469416020064
775.0799999992716,0.28146481145921787
775.0899999992716,0.6878965858492468
775.0999999992715,0.46992198426445153
775.1099999992715,0.5208700923606021
775.1199999992715,0.6772979092743183
775.1299999992714,0.26072337134126927
775.1399999992714,0.6676249368177715
775.1499999992714,0.5507206555313869
775.1599999992713,0.4335798756841575
775.1699999992712,0.6924954144773539
775.1799999992712,0.30658155862774894
775.1899999992712,0.632317733648404
775.1999999992711,0.612273310771849
775.2099999992711,0.34042444148752493
775.2199999992711,0.6951576341864034
775.2299999992711,0.3938969183025989
775.2399999992709,0.5789576353221402
775.2499999992709,0.6550612861787717
775.2599999992709,0.2721325051568895
775.2699999992708,0.6853864481947214
775.2799999992708,0.48702474742834506
775.2899999992708,0.5051388571040851
775.2999999992708,0.6816879107915367
775.3099999992706,0.2645270231311271
775.3199999992706,0.6619931840070433
775.3299999992706,0.5654086651213496
775.3399999992705,0.4136232147928388
775.3499999992705,0.6944061451493236
775.3599999992705,0.3230768051556632
775.3699999992705,0.6225261660068473
775.3799999992704,0.6236216837289602
775.3899999992703,0.3211695230681143
775.3999999992703,0.6943494065212249
775.4099999992702,0.41596347180043297
775.4199999992702,0.563764435739041
775.4299999992702,0.6630315268837947
775.4399999992702,0.26337821224884655
775.4499999992701,0.6813351150363754
775.45999999927,0.5081867651788032
775.46999999927,0.48384080746145725
775.4799999992699,0.6864252991019971
775.4899999992699,0.27355032678412544
775.4999999992699,0.6538033829513189
775.5099999992699,0.5827085993098866
775.5199999992698,0.3882178058861808
775.5299999992698,0.6959186912376656
775.5399999992698,0.3461172909135336
775.5499999992696,0.6089092734114481
775.5599999992696,0.6364344481386546
775.5699999992696,0.2996137818735074
775.5799999992696,0.6923571429571063
775.5899999992695,0.4431669476430391
775.5999999992695,0.5433316275182003
775.6099999992695,0.6715739515254804
775.6199999992693,0.25820188516128995
775.6299999992693,0.6751665532949287
775.6399999992693,0.5325697614698981
775.6499999992693,0.4563947594930064
775.6599999992692,0.6909747316165584
775.6699999992692,0.29014474589191297
775.6799999992692,0.6423133373396812
775.689999999269,0.6017464222113742
775.699999999269,0.3579788237067821
775.709999999269,0.6964934265579873
775.719999999269,0.3761053760297471
775.7299999992689,0.5905287820215022
775.7399999992689,0.649944793450042
775.7499999992689,0.2785657922635954
775.7599999992688,0.6885704924960833
775.7699999992687,0.4746858198008415
775.7799999992687,0.5166804867040291
775.7899999992687,0.6800218808385662
775.7999999992686,0.26039667304226033
775.8099999992686,0.6661213346806236
775.8199999992686,0.5590714359121662
775.8299999992685,0.4224769895267573
775.8399999992685,0.6947127146922651
775.8499999992684,0.3161744362936414
775.8599999992684,0.6265414596573987
775.8699999992683,0.6215274786262849
775.8799999992683,0.3246733218559337
775.8899999992683,0.6954753706614776
775.8999999992682,0.4125786899798121
775.9099999992682,0.5662005734414322
775.9199999992682,0.6633192217602727
775.9299999992681,0.2624077671694962
775.939999999268,0.6822151072596175
775.949999999268,0.5091923849250397
775.959999999268,0.48281650980802565
775.9699999992679,0.6876450188004989
775.9799999992679,0.27390701484347796
775.9899999992679,0.6532090442469638
775.9999999992679,0.5864019929484515
776.0099999992677,0.38255114235425886
776.0199999992677,0.6969258792888376
776.0299999992677,0.35226229777440704
776.0399999992676,0.6052195994248555
776.0499999992676,0.6410013516281886
776.0599999992676,0.2920066391422566
776.0699999992676,0.6920699381629691
776.0799999992674,0.4540701381152458
776.0899999992674,0.5345359584023558
776.0999999992674,0.6756924949662525
776.1099999992673,0.2569290079500458
776.1199999992673,0.6723041217493749
776.1299999992673,0.5449793764029186
776.1399999992673,0.44110080054583745
776.1499999992672,0.6936565642573539
776.1599999992671,0.30159002527879314
776.1699999992671,0.6351431050673426
776.179999999267,0.6132021109408806
776.189999999267,0.3388071721057963
776.199999999267,0.6967918364168172
776.209999999267,0.3972419181600992
776.2199999992669,0.576764644704311
776.2299999992669,0.6591245193677651
776.2399999992668,0.26627849526726266
776.2499999992667,0.6852958790821768
776.2599999992667,0.49828063338132694
776.2699999992667,0.49414355383354996
776.2799999992667,0.6861869616578046
776.2899999992666,0.26807354029127417
776.2999999992666,0.6575641088118719
776.3099999992666,0.580190429737471
776.3199999992664,0.3920755015437939
776.3299999992664,0.6971995078526443
776.3399999992664,0.34378297344724007
776.3499999992664,0.6102682490058157
776.3599999992663,0.638163406450728
776.3699999992663,0.29647837731972637
776.3799999992663,0.6933341453233282
776.3899999992661,0.44819421885345934
776.3999999992661,0.5393428766155052
776.4099999992661,0.6749006392860295
776.4199999992661,0.25600696546787666
776.429999999266,0.6739070790449722
776.439999999266,0.5425169554943221
776.449999999266,0.4442205026713735
776.4599999992658,0.6939051362796759
776.4699999992658,0.2994938725583275
776.4799999992658,0.6363358593143069
776.4899999992658,0.6130659998559275
776.4999999992657,0.33899769954182873
776.5099999992657,0.6973029438511349
776.5199999992657,0.39758729808983234
776.5299999992656,0.5765264432270333
776.5399999992655,0.6601107143189788
776.5499999992655,0.2648316662698704
776.5599999992655,0.6853415624851669
776.5699999992654,0.5011526492909446
776.5799999992654,0.49121921726359163
776.5899999992654,0.6873822065829116
776.5999999992653,0.2693550806139368
776.6099999992653,0.6562770500296099
776.6199999992652,0.5842019198930908
776.6299999992652,0.38593581995360565
776.6399999992651,0.6978857500997854
776.6499999992651,0.35011159254202984
776.6599999992651,0.606473820887598
776.669999999265,0.6421151958034279
776.679999999265,0.2899268385976
776.689999999265,0.6927980719540424
776.699999999265,0.4575787760249781
776.7099999992648,0.5316053080356797
776.7199999992648,0.6780197605869053
776.7299999992648,0.25593185533615703
776.7399999992647,0.6712414220245808
776.7499999992647,0.5521230033824852
776.7599999992647,0.4318183144279729
776.7699999992647,0.6956236817128817
776.7799999992645,0.3096160744310538
776.7899999992645,0.630253988584908
776.7999999992645,0.6212437464628399
776.8099999992644,0.32498207883612207
776.8199999992644,0.6970137176322478
776.8299999992644,0.4137720358589361
776.8399999992644,0.5653433858981624
776.8499999992642,0.6661651243454276
776.8599999992642,0.25867707393730976
776.8699999992642,0.6821818171606693
776.8799999992641,0.517611749990957
776.8899999992641,0.4736507728619425
776.8999999992641,0.6909624149244837
776.9099999992641,0.27928600088421535
776.919999999264,0.6489239642672808
776.9299999992639,0.5978950359745067
776.9399999992639,0.3641975578801432
776.9499999992638,0.6985798218299649
776.9599999992638,0.3720370588466554
776.9699999992638,0.5930488694573387
776.9799999992638,0.6521569352682023
776.9899999992637,0.27451099842014476
776.9999999992637,0.6898721642811235
777.0099999992636,0.48169196630973016
777.0199999992635,0.5102272715724003
777.0299999992635,0.6842883086877619
777.0399999992635,0.2608554702935326
777.0499999992635,0.6634176674592823
777.0599999992634,0.5725616714912817
777.0699999992634,0.4033629640209989
777.0799999992634,0.6979825544739813
777.0899999992632,0.33468546829925405
777.0999999992632,0.6155517669897593
777.1099999992632,0.6363493577974867
777.1199999992632,0.29917043860367815
777.1299999992631,0.6949407394720426
777.1399999992631,0.44558606261308126
777.1499999992631,0.5413959551835662
777.1599999992629,0.6759552479489294
777.1699999992629,0.25427120674250603
777.1799999992629,0.6745221304290387
777.1899999992629,0.5458385159918648
777.1999999992628,0.4399460078100157
777.2099999992628,0.6956348020664821
777.2199999992628,0.3036357972408217
777.2299999992626,0.6336867048681082
777.2399999992626,0.61912753359121
777.2499999992626,0.3284957917873676
777.2599999992626,0.6979033358727982
777.2699999992625,0.4106137263394084
777.2799999992625,0.5675302395277099
777.2899999992625,0.6663035765792081
777.2999999992624,0.25793878229533695
777.3099999992623,0.6828885710626511
777.3199999992623,0.5184107991451843
777.3299999992623,0.47271137382613326
777.3399999992622,0.6918998745142337
777.3499999992622,0.28006746043325137
777.3599999992622,0.6482073818220874
777.3699999992621,0.6009139273048012
777.379999999262,0.35917389294563984
777.389999999262,0.6991911569131078
777.399999999262,0.3780451011628255
777.4099999992619,0.5892121988754281
777.4199999992619,0.6556721319837826
777.4299999992619,0.2693566588671413
777.4399999992618,0.6890541154813817
777.4499999992618,0.49102121345944355
777.4599999992618,0.5012632760915487
777.4699999992617,0.6871082326743158
777.4799999992616,0.26425473941234884
777.4899999992616,0.6597619901565598
777.4999999992616,0.5821654592903865
777.5099999992615,0.3889332569359134
777.5199999992615,0.6991723980790838
777.5299999992615,0.34894108164755916
777.5399999992615,0.6070651116524503
777.5499999992613,0.6444041593389728
777.5599999992613,0.28580224747537397
777.5699999992613,0.6934639928041642
777.5799999992612,0.464419785659717
777.5899999992612,0.525680540604563
777.5999999992612,0.6815684036386802
777.6099999992612,0.2556274652995647
777.619999999261,0.6688953318960001
777.629999999261,0.5633621436868425
777.639999999261,0.416414205023276
777.6499999992609,0.6981679819869074
777.6599999992609,0.3240230459600355
777.6699999992609,0.6216747850818285
777.6799999992609,0.6328478633457569
777.6899999992607,0.30482648030767834
777.6999999992607,0.6964904955703157
777.7099999992607,0.43930528135731534
777.7199999992606,0.546273718751765
777.7299999992606,0.6755731097950018
777.7399999992606,0.2530059196294114
777.7499999992606,0.6760606744423492
777.7599999992605,0.5449891542855619
777.7699999992604,0.4409264496718913
777.7799999992604,0.6964623446565846
777.7899999992603,0.30360689423147585
777.7999999992603,0.6335585910361813
777.8099999992603,0.6213525177186064
777.8199999992603,0.32449089623797583
777.8299999992602,0.6984478017481951
777.8399999992602,0.41627014828475256
777.8499999992601,0.5634403722228368
777.85999999926,0.6694015270439274
777.86999999926,0.25490196221472594
777.87999999926,0.6816335760957871
777.88999999926,0.5275154201590547
777.8999999992599,0.4622154649436945
777.9099999992599,0.6943102152885715
777.9199999992599,0.2876141771391417
777.9299999992597,0.6431580345960903
777.9399999992597,0.6102612994796528
777.9499999992597,0.3434033397009682
777.9599999992597,0.6996028746569801
777.9699999992596,0.39576081458448764
777.9799999992596,0.5775859363309757
777.9899999992596,0.6633185326196711
777.9999999992594,0.2597871831468082
778.0099999992594,0.6859244735251446
778.0199999992594,0.5113725415793824
778.0299999992594,0.4802820847858013
778.0399999992593,0.6919402597157891
778.0499999992593,0.2756478825579697
778.0599999992593,0.6508417574312262
778.0699999992592,0.5999022194434297
778.0799999992591,0.3606427918452802
778.0899999992591,0.7001830424891834
778.0999999992591,0.37806126500725323
778.109999999259,0.5890840933453599
778.119999999259,0.6575717793246996
778.129999999259,0.26627562461798937
778.1399999992589,0.689188973694913
778.1499999992589,0.49693767061896843
778.1599999992588,0.4952587485742896
778.1699999992588,0.6895563659587645
778.1799999992587,0.26710430770820615
778.1899999992587,0.6569123132344467
778.1999999992587,0.59057856672191
778.2099999992586,0.37564584498599246
778.2199999992586,0.7003809404487424
778.2299999992586,0.36330167882509573
778.2399999992585,0.598259277599748
778.2499999992584,0.6523874031988818
778.2599999992584,0.27321562882640504
778.2699999992584,0.691635748129862
778.2799999992583,0.4845229650262995
778.2899999992583,0.5073308064416842
778.2999999992583,0.6873372639785027
778.3099999992583,0.2612903734667656
778.3199999992581,0.6616135423016744
778.3299999992581,0.5825601121451773
778.3399999992581,0.38809634112601255
778.349999999258,0.7003574633499335
778.359999999258,0.35148791816498
778.369999999258,0.6053807640712062
778.379999999258,0.6479651067974213
778.3899999992578,0.2797124148821662
778.3999999992578,0.6934323102909806
778.4099999992578,0.4743725713545629
778.4199999992577,0.5166891776042847
778.4299999992577,0.6854350903934728
778.4399999992577,0.257524357912588
778.4499999992577,0.6651371759674246
778.4599999992575,0.576075938602403
778.4699999992575,0.39783534083794597
778.4799999992575,0.70024330160864
778.4899999992574,0.34254379961111264
778.4999999992574,0.6106623012185846
778.5099999992574,0.6444732499984043
778.5199999992574,0.28510988326809206
778.5299999992573,0.6947090739678539
778.5399999992572,0.4666663107761942
778.5499999992572,0.5235031528690665
778.5599999992571,0.6839734263474283
778.5699999992571,0.25521021828752155
778.5799999992571,0.667628189682569
778.5899999992571,0.5713092737244553
778.599999999257,0.4047947038704627
778.609999999257,0.700139547413858
778.619999999257,0.3363570734305827
778.6299999992568,0.614263978383491
778.6399999992568,0.6420444351839949
778.6499999992568,0.28895555996467365
778.6599999992568,0.695562088255569
778.6699999992567,0.4615278184019535
778.6799999992567,0.5279054297930329
778.6899999992567,0.683045249460319
778.6999999992565,0.2538856751530088
778.7099999992565,0.6691888301203367
778.7199999992565,0.5683942233297428
778.7299999992565,0.4089515668330456
778.7399999992564,0.700117769310553
778.7499999992564,0.3328212863008454
778.7599999992564,0.6162945826851924
778.7699999992562,0.6407719189156037
778.7799999992562,0.2909646395249226
778.7899999992562,0.6960547899621586
778.7999999992562,0.45903414462699305
778.8099999992561,0.5299842410465276
778.8199999992561,0.682711149174001
778.8299999992561,0.2532497001081781
778.839999999256,0.6698814006128749
778.8499999992559,0.5674139674496617
778.8599999992559,0.41029948191506954
778.8699999992558,0.7002198643787585
778.8799999992558,0.3318680077799008
778.8899999992558,0.6168135617431276
778.8999999992558,0.6407070466798498
778.9099999992557,0.2909921591856791
778.9199999992557,0.696219037901133
778.9299999992556,0.4592238417275299
778.9399999992555,0.5297794479699159
778.9499999992555,0.6829980618325207
778.9599999992555,0.25317631344199737
778.9699999992555,0.6697299232732393
778.9799999992554,0.5683998636488482
778.9899999992554,0.408832535795189
778.9999999992554,0.7004579075478159
779.0099999992552,0.33348616449935226
779.0199999992552,0.6158321652727056
779.0299999992552,0.641857810948344
779.0399999992552,0.28901772768595857
779.0499999992551,0.6960556080469218
779.0599999992551,0.46210121955010874
779.0699999992551,0.5272808595151863
779.0799999992549,0.6838986902517724
779.0899999992549,0.25372006882862125
779.0999999992549,0.6687207676170187
779.1099999992549,0.5713310154734739
779.1199999992548,0.40454011472662166
779.1299999992548,0.700814127235393
779.1399999992548,0.33772690122579196
779.1499999992546,0.6133135767705473
779.1599999992546,0.6441885793251462
779.1699999992546,0.2851446291303765
779.1799999992546,0.6955342394218411
779.1899999992545,0.46763555245714683
779.1999999992545,0.5224280265592046
779.2099999992545,0.6853716834318612
779.2199999992544,0.2551156210030084
779.2299999992543,0.6668022782157
779.2399999992543,0.5761341487696283
779.2499999992543,0.3974115674554821
779.2599999992542,0.7012410453528944
779.2699999992542,0.344693505455476
779.2799999992542,0.6091719794540758
779.2899999992541,0.6476210140807753
779.299999999254,0.2796136336578004
779.309999999254,0.6945932297718876
779.319999999254,0.47575533481112864
779.3299999992539,0.5151115725457512
779.3399999992539,0.6873425637163394
779.3499999992539,0.25777025227818645
779.3599999992538,0.6638833654135737
779.3699999992538,0.5826839898152331
779.3799999992538,0.3874516677645049
779.3899999992537,0.7016617279371955
779.3999999992536,0.35451691319382916
779.4099999992536,0.6032706115173773
779.4199999992536,0.6520361811451981
779.4299999992535,0.2728304543037813
779.4399999992535,0.6931384885049204
779.4499999992535,0.486338997671228
779.4599999992535,0.5051769604952521
779.4699999992533,0.6897052984948577
779.4799999992533,0.26224483361946005
779.4899999992533,0.6598309572680117
779.4999999992532,0.5908046301091409
779.5099999992532,0.37470943484080693
779.5199999992532,0.7019700005082817
779.5299999992532,0.36731868212663005
779.539999999253,0.5954190273790206
779.549999999253,0.6572777968058351
779.559999999253,0.2654034382786404
779.5699999992529,0.6910418625127255
779.5799999992529,0.49920459323134925
779.5899999992529,0.49243267930892637
779.5999999992529,0.6923243195947072
779.6099999992528,0.2692162190126027
779.6199999992527,0.6544661623303926
779.6299999992527,0.6002724830323523
779.6399999992526,0.3593243621070812
779.6499999992526,0.7020303898551653
779.6599999992526,0.3831653953035243
779.6699999992526,0.585370087614601
779.6799999992525,0.6631564667688153
779.6899999992524,0.25818374806485694
779.6999999992524,0.6881384595986901
779.7099999992523,0.5141015794020437
779.7199999992523,0.4766663993594139
779.7299999992523,0.6950366959021098
779.7399999992523,0.2794137855764174
779.7499999992522,0.6475589873629252
779.7599999992522,0.6108213217322891
779.7699999992521,0.341594882538558
779.779999999252,0.7016774612559091
779.789999999252,0.4020210734135323
779.799999999252,0.5728177960776535
779.809999999252,0.6694546340313398
779.8199999992519,0.2522933387012444
779.8299999992519,0.684222608032648
779.8399999992519,0.5307077708673404
779.8499999992517,0.4576749539998114
779.8599999992517,0.6976540668409678
779.8699999992517,0.2935263954270099
779.8799999992517,0.6388215399376488
779.8899999992516,0.6221495409689678
779.8999999992516,0.3220726220837779
779.9099999992516,0.7007141265629531
779.9199999992514,0.42370650638806334
779.9299999992514,0.5573982253877905
779.9399999992514,0.6759317875885398
779.9499999992514,0.24911719267043428
779.9599999992513,0.6790420187919585
779.9699999992513,0.5486336500323982
779.9799999992513,0.4353172041042034
779.9899999992512,0.6999638497753784
779.9999999992511,0.3120846675395967
780.0099999992511,0.6278999192401086
780.0199999992511,0.6339292848557162
780.029999999251,0.3016800797500038
780.039999999251,0.698908403119386
780.049999999251,0.4478751555360214
780.0599999992509,0.5386978151786064
780.0699999992509,0.6823293228750527
780.0799999992508,0.2502292581196935
780.0899999992508,0.6722896836414044
780.0999999992507,0.5674346582872251
780.1099999992507,0.4096026324153193
780.1199999992507,0.7017291459098318
780.1299999992506,0.33533617991181897
780.1399999992506,0.6143656469117038
780.1499999992506,0.6458165584242572
780.1599999992505,0.28183496763028515
780.1699999992504,0.6959880061846836
780.1799999992504,0.4740132226770254
780.1899999992504,0.5162768850842403
780.1999999992503,0.6883743174361696
780.2099999992503,0.2572243840217411
780.2199999992503,0.6635931040243092
780.2299999992503,0.5866301870800369
780.2399999992501,0.3808312389503355
780.2499999992501,0.7026866843323987
780.2599999992501,0.3631434455219105
780.26999999925,0.5977088744768326
780.27999999925,0.6574610331814139
780.28999999925,0.2645382267131775
780.29999999925,0.6916320647544628
780.3099999992498,0.5014664039260839
780.3199999992498,0.48972204064677816
780.3299999992498,0.6937814070451856
780.3399999992497,0.2714516528510898
780.3499999992497,0.6525007297875335
780.3599999992497,0.6057262987557811
780.3699999992497,0.34979721112644585
780.3799999992495,0.7025420548789307
780.3899999992495,0.3949384858505276
780.3999999992495,0.5773383920974521
780.4099999992494,0.6685140653490002
780.4199999992494,0.25234793437477215
780.4299999992494,0.6854591876287625
780.4399999992494,0.5294890450016226
780.4499999992493,0.45874978026848834
780.4599999992492,0.6982519144998933
780.4699999992492,0.29369181042196113
780.4799999992491,0.638466268489236
780.4899999992491,0.6242382384996354
780.4999999992491,0.3180496999694932
780.5099999992491,0.7009613767748885
780.519999999249,0.42975709034100434
780.529999999249,0.5525988228979744
780.539999999249,0.6786334916500195
780.5499999992488,0.24813854174423874
780.5599999992488,0.6770111478644784
780.5699999992488,0.5573053822193835
780.5799999992488,0.42339381280978816
780.5899999992487,0.7014693669233933
780.5999999992487,0.3238768500628756
780.6099999992487,0.620833381092897
780.6199999992485,0.6417087995508508
780.6299999992485,0.28815310889341234
780.6399999992485,0.6975584283662376
780.6499999992485,0.46635140638943584
780.6599999992484,0.5228251279785472
780.6699999992484,0.6874839903198859
780.6799999992484,0.2545781989004272
780.6899999992482,0.6657317896126511
780.6999999992482,0.5841697062067648
780.7099999992482,0.3843134219697051
780.7199999992482,0.7030904948898041
780.7299999992481,0.3609737504935243
780.7399999992481,0.5988273694001168
780.7499999992481,0.6577194640132167
780.759999999248,0.2637969269571357
780.769999999248,0.6918761529456756
780.7799999992479,0.5033520865169896
780.7899999992479,0.48747074084646075
780.7999999992478,0.6947320724585815
780.8099999992478,0.273388921519209
780.8199999992478,0.6509418428091511
780.8299999992477,0.6094135850816992
780.8399999992477,0.3432391750479942
780.8499999992476,0.7027306949818837
780.8599999992476,0.4031098415941629
780.8699999992475,0.5715689971381542
780.8799999992475,0.6718925554513443
780.8899999992475,0.24950471933452809
780.8999999992474,0.6833614750739101
780.9099999992474,0.5394352676548738
780.9199999992474,0.4463681413175121
780.9299999992473,0.7000349614195457
780.9399999992472,0.30465361334166574
780.9499999992472,0.6318131750693472
780.9599999992472,0.6324727601747334
780.9699999992471,0.30348376868933236
780.9799999992471,0.6999427397239703
780.9899999992471,0.44791325054682973
780.999999999247,0.5381423489247823
781.0099999992469,0.6838839021831711
781.0199999992469,0.24970951823162574
781.0299999992469,0.6713328501735716
781.0399999992468,0.5734529365206971
781.0499999992468,0.40019857557651844
781.0599999992468,0.7030226110962328
781.0699999992468,0.3465429511133854
781.0799999992466,0.6073528064993235
781.0899999992466,0.6528917927804967
781.0999999992466,0.27024498809302494
781.1099999992465,0.6941872953381394
781.1199999992465,0.4929431548727867
781.1299999992465,0.4977785678005496
781.1399999992465,0.693366314327805
781.1499999992463,0.26727555078940235
781.1599999992463,0.6549417859143777
781.1699999992463,0.6045035951089259
781.1799999992462,0.35121899268394824
781.1899999992462,0.7032718483501094
781.1999999992462,0.3956810982174515
781.2099999992462,0.5764221838869862
781.219999999246,0.6703088801798365
781.229999999246,0.2501671057526952
781.239999999246,0.6847938125069205
781.2499999992459,0.5360586754167173
781.2599999992459,0.45026138811568306
781.2699999992459,0.7000043188190482
781.2799999992459,0.30211134552700075
781.2899999992458,0.6331347620809993
781.2999999992458,0.6319419907517738
781.3099999992457,0.30412044808887706
781.3199999992456,0.7002711362460018
781.3299999992456,0.44800388196908736
781.3399999992456,0.537848649050388
781.3499999992456,0.6844253429636842
781.3599999992455,0.2496353634151968
781.3699999992455,0.6709113222944554
781.3799999992455,0.5756299278131346
781.3899999992453,0.3966949508227181
781.3999999992453,0.7034200739853591
781.4099999992453,0.3508095580940394
781.4199999992453,0.6046351453521333
781.4299999992452,0.6553418232205923
781.4399999992452,0.26645875918833406
781.4499999992452,0.6933739627853044
781.459999999245,0.4996885439875506
781.469999999245,0.4907438933424137
781.479999999245,0.6949641009793597
781.489999999245,0.272062597037394
781.4999999992449,0.6514525102056243
781.5099999992449,0.61057909832233
781.5199999992449,0.3406984471826893
781.5299999992448,0.7031493493952164
781.5399999992447,0.40770141752685973
781.5499999992447,0.5679954368446575
781.5599999992447,0.6744302392714937
781.5699999992446,0.24756691441857623
781.5799999992446,0.6817390349599366
781.5899999992446,0.5477747789602059
781.5999999992445,0.4352260071054978
781.6099999992445,0.701619659194875
781.6199999992444,0.31576322072157115
781.6299999992444,0.6250458593084404
781.6399999992443,0.6402986275254798
781.6499999992443,0.2896693041197333
781.6599999992443,0.6985852182840817
781.6699999992442,0.46668873510554565
781.6799999992442,0.521835281557614
781.6899999992442,0.6890098070402584
781.6999999992441,0.2551480901900189
781.709999999244,0.6642581516686975
781.719999999244,0.5903553311242865
781.729999999244,0.37377259852089884
781.7399999992439,0.7039995210417965
781.7499999992439,0.37425493689014555
781.7599999992439,0.5900405032361826
781.7699999992439,0.6645091807443266
781.7799999992437,0.25480427743367173
781.7899999992437,0.688906368696253
781.7999999992437,0.5227784699935465
781.8099999992436,0.46549640938785974
781.8199999992436,0.6988768052820798
781.8299999992436,0.29088533761677876
781.8399999992436,0.6394827321253138
781.8499999992434,0.6264417015532614
781.8599999992434,0.31312729911878623
781.8699999992434,0.701554231075496
781.8799999992433,0.4389505129810469
781.8899999992433,0.5446789326536308
781.8999999992433,0.6831054179362351
781.9099999992433,0.24788431425859167
781.9199999992431,0.6729885806963928
781.9299999992431,0.5727273874164875
781.9399999992431,0.4004714373925899
781.949999999243,0.7037374540210358
781.959999999243,0.34870700122769704
781.969999999243,0.6055897356903829
781.979999999243,0.6556822065128872
781.9899999992429,0.265521825193485
781.9999999992428,0.6934912367622557
782.0099999992428,0.5022065330766128
782.0199999992427,0.4876969202617977
782.0299999992427,0.6960136106946734
782.0399999992427,0.2748515898021364
782.0499999992427,0.6493072142175087
782.0599999992426,0.6149086898846117
782.0699999992426,0.3328091315555963
782.0799999992425,0.7031178244889674
782.0899999992424,0.41772135854177417
782.0999999992424,0.5605049730579851
782.1099999992424,0.6780661771425702
782.1199999992424,0.24623596894165284
782.1299999992423,0.6786683981329684
782.1399999992423,0.5589379589378117
782.1499999992423,0.41982202982281164
782.1599999992421,0.7030649710641744
782.1699999992421,0.3310704972105182
782.1799999992421,0.6158696966222362
782.1899999992421,0.6488153086420049
782.199999999242,0.2754631518937056
782.209999999242,0.6962593233820972
782.219999999242,0.4872292630918345
782.2299999992418,0.5024767454742699
782.2399999992418,0.69367508746348
782.2499999992418,0.26560233169224406
782.2599999992418,0.6554721526748879
782.2699999992417,0.6066329632002425
782.2799999992417,0.34663900342019244
782.2899999992417,0.7038758155631746
782.2999999992415,0.40363927013609935
782.3099999992415,0.57030497798394
782.3199999992415,0.6745319269175485
782.3299999992415,0.24680495431904848
782.3399999992414,0.6819915274553364
782.3499999992414,0.5499280380939252
782.3599999992414,0.43169396946820093
782.3699999992413,0.7024873829341778
782.3799999992412,0.32079570707299854
782.3899999992412,0.6217201920420931
782.3999999992412,0.6445670367107745
782.4099999992411,0.28199971726876805
782.4199999992411,0.6977194258079811
782.4299999992411,0.4786020139114446
782.439999999241,0.5104523712130841
782.449999999241,0.6923184007213393
782.459999999241,0.2612340986676605
782.4699999992409,0.6585844043493423
782.4799999992408,0.6022774637850035
782.4899999992408,0.353684125544386
782.4999999992408,0.7042166215549436
782.5099999992407,0.3969320046594575
782.5199999992407,0.5747342734862902
782.5299999992407,0.6729346934339778
782.5399999992406,0.24735212281144628
782.5499999992405,0.6833745448920875
782.5599999992405,0.5462933991811416
782.5699999992405,0.4362002812276226
782.5799999992404,0.7023153745437763
782.5899999992404,0.3172981525530262
782.5999999992404,0.6236243018680212
782.6099999992404,0.6433428109681211
782.6199999992402,0.28379319950609533
782.6299999992402,0.6981536711402653
782.6399999992402,0.47671654534365693
782.6499999992401,0.5120038617678658
782.6599999992401,0.6921974706216508
782.6699999992401,0.2605873975532168
782.6799999992401,0.6589491261738151
782.68999999924,0.6021915823005887
782.6999999992399,0.3536017196019245
782.7099999992399,0.7043277822244745
782.7199999992398,0.3976492755563148
782.7299999992398,0.5740935942735378
782.7399999992398,0.6734723545521701
782.7499999992398,0.2469121602115975
782.7599999992397,0.6829864884994626
782.7699999992396,0.5482735710126888
782.7799999992396,0.433411438225369
782.7899999992395,0.7026618895858007
782.7999999992395,0.32034127783043786
782.8099999992395,0.6217343019241757
782.8199999992395,0.6452657819210795
782.8299999992394,0.28049343599690074
782.8399999992394,0.6976316720391177
782.8499999992393,0.4816609725129093
782.8599999992392,0.5072015514925121
782.8699999992392,0.6933520365385407
782.8799999992392,0.2635231178325712
782.8899999992392,0.6565925343068688
782.8999999992391,0.6063906688059716
782.9099999992391,0.34637653144468306
782.919999999239,0.7041994533105742
782.9299999992389,0.4058028678592693
782.9399999992389,0.5683292590614558
782.9499999992389,0.6760957162119475
782.9599999992389,0.24578835941671534
782.9699999992388,0.6807604584619166
782.9799999992388,0.5557515609119037
782.9899999992388,0.4232622687783711
782.9999999992386,0.7034404855689674
783.0099999992386,0.3301756034851629
783.0199999992386,0.6158807170189564
783.0299999992386,0.6501679541440303
783.0399999992385,0.2726467795223129
783.0499999992385,0.6960140253425467
783.0599999992385,0.4932349006705801
783.0699999992383,0.49579347043651956
783.0799999992383,0.6956061428449339
783.0899999992383,0.2709565907811315
783.0999999992383,0.6512639716279468
783.1099999992382,0.6145548693092027
783.1199999992382,0.3323203201720803
783.1299999992382,0.7036247854735499
783.1399999992381,0.4213476658140431
783.149999999238,0.5570316741817435
783.159999999238,0.6805121410137174
783.169999999238,0.24556469625680438
783.1799999992379,0.6763895194212133
783.1899999992379,0.5682520141825325
783.1999999992379,0.40560481260013365
783.2099999992378,0.7043675125427706
783.2199999992378,0.34740889421713683
783.2299999992377,0.6055617129029439
783.2399999992377,0.6576024907034369
783.2499999992376,0.2618515880562646
783.2599999992376,0.6929464958036339
783.2699999992376,0.5109065458893954
783.2799999992375,0.47724122079484615
783.2899999992375,0.6985768451374134
783.2999999992375,0.28465975731523036
783.3099999992374,0.6424172788017228
783.3199999992373,0.6260474035649323
783.3299999992373,0.3123347371553713
783.3399999992373,0.7021969765096048
783.3499999992372,0.44401122139507576
783.3599999992372,0.5394345993406625
783.3699999992372,0.686205059200372
783.3799999992372,0.24909108965931823
783.389999999237,0.6693057755913672
783.399999999237,0.5849451750938877
783.409999999237,0.3804361919130056
783.4199999992369,0.7049663360226006
783.4299999992369,0.3726283088705365
783.4399999992369,0.5899152253979592
783.4499999992369,0.6668762596011385
783.4599999992367,0.2511026414474203
783.4699999992367,0.6878421067160982
783.4799999992367,0.5337462622278095
783.4899999992366,0.4508431645612631
783.4999999992366,0.701689771084895
783.5099999992366,0.3067657516509808
783.5199999992366,0.6291701841951906
783.5299999992365,0.639955979051054
783.5399999992364,0.2884698647478367
783.5499999992364,0.6992986589186766
783.5599999992363,0.4730533023401127
783.5699999992363,0.5144428438832072
783.5799999992363,0.69246473135205
783.5899999992363,0.2602205880390915
783.5999999992362,0.6586380791681085
783.6099999992362,0.6046779673157845
783.6199999992361,0.3484072294731317
783.629999999236,0.7045677099902709
783.639999999236,0.4058687308741882
783.649999999236,0.5676863135071641
783.659999999236,0.6770983984126764
783.6699999992359,0.2451002597227278
783.6799999992359,0.6798443238512755
783.6899999992359,0.5603997592372659
783.6999999992357,0.41605508590136336
783.7099999992357,0.7041940045949027
783.7199999992357,0.3389401610953286
783.7299999992357,0.6102426621657889
783.7399999992356,0.6551584172584348
783.7499999992356,0.2647453000413699
783.7599999992356,0.6940751369041368
783.7699999992354,0.5070890060283874
783.7799999992354,0.480766149558919
783.7899999992354,0.6984212056348474
783.7999999992354,0.28298007492133465
783.8099999992353,0.6431421675113609
783.8199999992353,0.6260493625971358
783.8299999992353,0.31176716295003104
783.8399999992351,0.702296315066378
783.8499999992351,0.44613221059445285
783.8599999992351,0.5372315660001468
783.8699999992351,0.68723504424185
783.879999999235,0.25001270025634514
783.889999999235,0.667761058300697
783.899999999235,0.5891543011846245
783.9099999992349,0.37322690270398584
783.9199999992348,0.705164693162314
783.9299999992348,0.381399412344144
783.9399999992348,0.5838893715701599
783.9499999992347,0.670403582579307
783.9599999992347,0.2478809011391395
783.9699999992347,0.6853788700542662
783.9799999992346,0.5441010080064519
783.9899999992346,0.4373444340931668
783.9999999992345,0.7030659259145597
784.0099999992345,0.3200545357152986
784.0199999992344,0.6211016349733559
784.0299999992344,0.6475249692028813
784.0399999992344,0.27577452098311817
784.0499999992343,0.6970293200526524
784.0599999992343,0.4912237963847228
784.0699999992343,0.4966814955884373
784.0799999992342,0.6961539845494367
784.0899999992341,0.2719958636664777
784.0999999992341,0.6499584622693508
784.1099999992341,0.6181022097158934
784.119999999234,0.32506738237132465
784.129999999234,0.7034778396537379
784.139999999234,0.43225489840122605
784.149999999234,0.5478897776969973
784.1599999992338,0.6843865183847339
784.1699999992338,0.2469246473666653
784.1799999992338,0.6716692374295978
784.1899999992337,0.5816754977585477
784.1999999992337,0.3844423365651595
784.2099999992337,0.7052445809852268
784.2199999992337,0.37111776979865935
784.2299999992335,0.5902233107811562
784.2399999992335,0.667559056362119
784.2499999992335,0.24993998499914533
784.2599999992334,0.6873085544201354
784.2699999992334,0.5380537618822715
784.2799999992334,0.44456933178233743
784.2899999992334,0.7026383851970247
784.2999999992333,0.31435434042525123
784.3099999992332,0.6242135605547646
784.3199999992332,0.645346567501765
784.3299999992331,0.27890773541846553
784.3399999992331,0.697737595567769
784.3499999992331,0.48768759132738276
784.3599999992331,0.49979871466619613
784.369999999233,0.6957894222501531
784.379999999233,0.27038168523427486
784.3899999992329,0.6508529641310372
784.3999999992328,0.6173662769761046
784.4099999992328,0.3259582983407131
784.4199999992328,0.7036004127631365
784.4299999992328,0.4321887654598582
784.4399999992327,0.5476386516058063
784.4499999992327,0.6846782674253638
784.4599999992327,0.24706051207881613
784.4699999992325,0.6711848263576029
784.4799999992325,0.5832817626489106
784.4899999992325,0.381579961424695
784.4999999992325,0.7053467057085825
784.5099999992324,0.37488506320740606
784.5199999992324,0.587573458700232
784.5299999992324,0.6691639946661275
784.5399999992322,0.24843982001144663
784.5499999992322,0.6861317340837355
784.5599999992322,0.5429735633374767
784.5699999992322,0.4380013860594654
784.5799999992321,0.7032603831883918
784.5899999992321,0.32108688307823
784.5999999992321,0.6200731354422016
784.609999999232,0.6490168735062274
784.6199999992319,0.27291511842570415
784.6299999992319,0.696442962791125
784.6399999992319,0.496799467907961
784.6499999992318,0.49038432957950673
784.6599999992318,0.6974864684769142
784.6699999992318,0.2775575495774218
784.6799999992317,0.6459796771951563
784.6899999992316,0.6239640068204086
784.6999999992316,0.31428533694157956
784.7099999992316,0.7026939869259977
784.7199999992315,0.44594453692563546
784.7299999992315,0.5364425147259472
784.7399999992315,0.6880549828998198
784.7499999992314,0.25086117633098715
784.7599999992314,0.6661891539415439
784.7699999992313,0.5937591340832117
784.7799999992313,0.36471192452638834
784.7899999992312,0.7053051610419048
784.7999999992312,0.3927970763026182
784.8099999992312,0.5755578844176221
784.8199999992311,0.6749032870156448
784.8299999992311,0.2450579081950116
784.839999999231,0.6815117143414213
784.849999999231,0.5582900278872887
784.8599999992309,0.41737367671516046
784.8699999992309,0.7045649459847095
784.8799999992309,0.34117506032158706
784.8899999992308,0.6080038952049811
784.8999999992308,0.6578999445585666
784.9099999992308,0.2600905761091524
784.9199999992308,0.6926241579188065
784.9299999992306,0.5177357250448015
784.9399999992306,0.46764131273368403
784.9499999992306,0.7006520652644667
784.9599999992305,0.2961190434726501
784.9699999992305,0.6344357790370253
784.9799999992305,0.6368743911537675
784.9899999992305,0.29200535225684915
784.9999999992303,0.7000654510206383
785.0099999992303,0.4727758081235573
785.0199999992303,0.5130109056630913
785.0299999992302,0.6936551807831396
785.0399999992302,0.26300998087740557
785.0499999992302,0.6556077241068855
785.0599999992302,0.6116578138071322
785.06999999923,0.3347675957880629
785.07999999923,0.7042495398577393
785.08999999923,0.42482736946281774
785.0999999992299,0.5525111293285363
785.1099999992299,0.6835905953505419
785.1199999992299,0.24611496689185502
785.1299999992299,0.6722363752061328
785.1399999992298,0.5821414570181054
785.1499999992297,0.3823620163079491
785.1599999992297,0.7054833406410509
785.1699999992296,0.37623743062075166
785.1799999992296,0.5860856137172027
785.1899999992296,0.6704194014980259
785.1999999992296,0.24718579416820963
785.2099999992295,0.6849460759198337
785.2199999992295,0.548358243502345
785.2299999992294,0.43010800367771235
785.2399999992293,0.7039847578543941
785.2499999992293,0.3303014985152528
785.2599999992293,0.6141387902144495
785.2699999992293,0.654066004563148
785.2799999992292,0.2649246386086595
785.2899999992292,0.6942553114805432
785.2999999992292,0.510590518769225
785.309999999229,0.4750082144326909
785.319999999229,0.6998989683910577
785.329999999229,0.2909582030349466
785.339999999229,0.6372562041799006
785.3499999992289,0.6344402931426215
785.3599999992289,0.29563035685281613
785.3699999992289,0.7005818232893685
785.3799999992287,0.46949854714311745
785.3899999992287,0.5154997718834397
785.3999999992287,0.6933127768029629
785.4099999992287,0.2620957412177792
785.4199999992286,0.656052621461573
785.4299999992286,0.6114659313507721
785.4399999992286,0.33455804513677245
785.4499999992285,0.7042548628701376
785.4599999992284,0.4262489658529469
785.4699999992284,0.5510147162744864
785.4799999992284,0.6842675386769662
785.4899999992283,0.2466213835605813
785.4999999992283,0.6710993369351665
785.5099999992283,0.5851171478719877
785.5199999992282,0.37721144042296995
785.5299999992282,0.7055291225644089
785.5399999992281,0.3826005594518596
785.5499999992281,0.5815797484278417
785.559999999228,0.6727714371494606
785.569999999228,0.24567148804352604
785.579999999228,0.6828957400768615
785.5899999992279,0.5554656575692082
785.5999999992279,0.42008988935611763
785.6099999992279,0.7045980244159616
785.6199999992278,0.3408846899137801
785.6299999992277,0.6075287701422323
785.6399999992277,0.6588120016032988
785.6499999992277,0.25835532052757754
785.6599999992276,0.6918635977539943
785.6699999992276,0.5227374705657613
785.6799999992276,0.4608713152769037
785.6899999992276,0.7016055955493058
785.6999999992274,0.30381793681013786
785.7099999992274,0.629322954212363
785.7199999992274,0.6423697637690391
785.7299999992273,0.2821487551928147
785.7399999992273,0.6983519099196597
785.7499999992273,0.48737576835582896
785.7599999992271,0.4982521906937298
785.7699999992271,0.6966568759277101
785.7799999992271,0.27412651755933287
785.7899999992271,0.6474492344700586
785.799999999227,0.6234338652601498
785.809999999227,0.31369403342221347
785.819999999227,0.7026459282453055
785.8299999992269,0.4501005003269304
785.8399999992268,0.531668276266787
785.8499999992268,0.6898271068790386
785.8599999992268,0.25404817236754695
785.8699999992267,0.6623688243470771
785.8799999992267,0.6020202261856132
785.8899999992267,0.34961143362348795
785.8999999992266,0.7049771691876046
785.9099999992266,0.4119485599638853
785.9199999992265,0.561028621593351
785.9299999992265,0.6811700489305388
785.9399999992264,0.2448672358288665
785.9499999992264,0.6744949997175198
785.9599999992264,0.5781924900864535
785.9699999992263,0.38704707950820344
785.9799999992263,0.7055329915463007
785.9899999992263,0.37427274143570566
785.9999999992262,0.5865124706330715
786.0099999992261,0.6707257795658683
786.0199999992261,0.24666242403503977
786.0299999992261,0.6841868223600378
786.039999999226,0.55208529872153
786.049999999226,0.42389679172561245
786.059999999226,0.7044651983424574
786.069999999226,0.3386775303731365
786.0799999992258,0.6084326225789959
786.0899999992258,0.658528272862929
786.0999999992258,0.2583657138846324
786.1099999992257,0.6917508931377383
786.1199999992257,0.5239284671339373
786.1299999992257,0.4587904033768188
786.1399999992257,0.7018975530772198
786.1499999992255,0.30688004039599054
786.1599999992255,0.6271514684022899
786.1699999992255,0.64461298231173
786.1799999992254,0.278089144029705
786.1899999992254,0.6974466951887484
786.1999999992254,0.494069349447882
786.2099999992254,0.4909558423377828
786.2199999992253,0.6979322894350766
786.2299999992252,0.28050670306219144
786.2399999992252,0.643033443478067
786.2499999992251,0.6290245390172492
786.2599999992251,0.3035707711179191
786.2699999992251,0.7014931606502296
786.2799999992251,0.462989288783675
786.289999999225,0.5200532810887518
786.299999999225,0.6926557595023867
786.3099999992249,0.260864602016296
786.3199999992248,0.6564206215744833
786.3299999992248,0.6118245399960445
786.3399999992248,0.3325807556818852
786.3499999992248,0.7040752752668799
786.3599999992247,0.43130892996135967
786.3699999992247,0.5460273080545468
786.3799999992247,0.6861433709337049
786.3899999992245,0.24874654591721898
786.3999999992245,0.6676221216504555
786.4099999992245,0.5930992346651063
786.4199999992245,0.363193353745067
786.4299999992244,0.7053501814596218
786.4399999992244,0.39977695811240266
786.4499999992244,0.5689936727123593
786.4599999992242,0.6784639401394333
786.4699999992242,0.244326552027429
786.4799999992242,0.6769112964971244
786.4899999992242,0.5729667287417313
786.4999999992241,0.393909698872212
786.5099999992241,0.7054525798948456
786.5199999992241,0.3692381891364432
786.529999999224,0.5891603802093003
786.5399999992239,0.6696835528071862
786.5499999992239,0.24717416833702657
786.5599999992239,0.6845270134274825
786.5699999992238,0.5515831306127078
786.5799999992238,0.4236663324746351
786.5899999992238,0.7044993977455972
786.5999999992237,0.3405802825380182
786.6099999992236,0.6067764645714119
786.6199999992236,0.6598689831730787
786.6299999992236,0.2563752791139589
786.6399999992235,0.6906768647701553
786.6499999992235,0.5291468969839779
786.6599999992235,0.4517783712037748
786.6699999992234,0.7025937674036437
786.6799999992234,0.3146633613760524
786.6899999992233,0.6221007536087526
786.6999999992233,0.6490906839221494
786.7099999992232,0.2707149583340006
786.7199999992232,0.6955410920233974
786.7299999992232,0.5059005378517955
786.7399999992231,0.4778577966973375
786.7499999992231,0.6998283863383146
786.759999999223,0.29224221702456316
786.769999999223,0.6353841005018496
786.7799999992229,0.6374253228574397
786.7899999992229,0.28886853896661846
786.7999999992229,0.699276572277577
786.8099999992228,0.4821288669775174
786.8199999992228,0.5017320953729525
786.8299999992228,0.6962883315581568
786.8399999992228,0.2738945309181227
786.8499999992226,0.6468602301548712
786.8599999992226,0.6249578131779784
786.8699999992226,0.30955917733701577
786.8799999992225,0.7020205422110883
786.8899999992225,0.4581531815024515
786.8999999992225,0.5233752338537465
786.9099999992225,0.6920533941639505
786.9199999992223,0.25996878388601063
786.9299999992223,0.6567418538349941
786.9399999992223,0.611782764585246
786.9499999992222,0.3316621599465618
786.9599999992222,0.7038939183539149
786.9699999992222,0.43432114370115277
786.9799999992222,0.5428543900829185
786.989999999222,0.6871999876362033
786.999999999222,0.25056160144521944
787.009999999222,0.6652198553046664
787.0199999992219,0.5980052757943417
787.0299999992219,0.3542560069566254
787.0399999992219,0.7050041712019709
787.0499999992219,0.41099269537490285
787.0599999992218,0.5602914373501359
787.0699999992217,0.6818026718901982
787.0799999992217,0.24552736885218854
787.0899999992216,0.6724641581633228
787.0999999992216,0.5837409972087743
787.1099999992216,0.37663202479882435
787.1199999992216,0.7054477611878339
787.1299999992215,0.3885229798590851
787.1399999992215,0.5758364680005847
787.1499999992214,0.6759353254227969
787.1599999992213,0.24451555170597067
787.1699999992213,0.6786254222501144
787.1799999992213,0.569115418293562
787.1899999992213,0.39827737001324126
787.1999999992212,0.7053121679235097
787.2099999992212,0.36724384472117316
787.2199999992212,0.5896503873197754
787.229999999221,0.6696719910139076
787.239999999221,0.24702585139782426
787.249999999221,0.683837063272729
787.259999999221,0.5542623754391689
787.2699999992209,0.4188448985808995
787.2799999992209,0.7046775528884767
787.2899999992209,0.34744589717034924
787.2999999992207,0.6018939846130158
787.3099999992207,0.6630874168465184
787.3199999992207,0.25246951033162285
787.3299999992207,0.6882173073207927
787.3399999992206,0.5393218311546312
787.3499999992206,0.4381192445424775
787.3599999992206,0.7036180970687443
787.3699999992205,0.3293631581906743
787.3799999992204,0.6127214477573983
787.3899999992204,0.6562573141969918
787.3999999992204,0.2602265634219371
787.4099999992203,0.6918711253444636
787.4199999992203,0.5244370373150068
787.4299999992203,0.455984745545777
787.4399999992202,0.7022030529779426
787.4499999992202,0.3131620597492771
787.4599999992201,0.6222768255179656
787.4699999992201,0.6492583549303789
787.47999999922,0.2696922900960411
787.48999999922,0.694891972632135
787.49999999922,0.509751255913804
787.5099999992199,0.47239790556035566
787.5199999992199,0.7004975471881933
787.5299999992199,0.298935903252784
787.5399999992198,0.6306923825572585
787.5499999992197,0.6421679358919282
787.5599999992197,0.28030998637213694
787.5699999992197,0.6973633051944331
787.5799999992196,0.49540426155389805
787.5899999992196,0.4873651938484211
787.5999999992196,0.698563166086978
787.6099999992196,0.2867050886966215
787.6199999992194,0.6380881262290328
787.6299999992194,0.6350637422920858
787.6399999992194,0.29159030974153666
787.6499999992193,0.6993598713953019
787.6599999992193,0.4815288799919996
787.6699999992193,0.5009259356930781
787.6799999992193,0.6964583545556319
787.6899999992191,0.2764226167781789
787.6999999992191,0.6445720243151833
787.7099999992191,0.6280231475590055
787.719999999219,0.3031193764427618
787.729999999219,0.7009487913385428
787.739999999219,0.4682478224947287
787.749999999219,0.5131395779234112
787.7599999992188,0.6942386547722649
787.7699999992188,0.26798373339721915
787.7799999992188,0.6502406008698847
787.7899999992187,0.6211224911702506
787.7999999992187,0.3145585694700494
787.8099999992187,0.7021904434518093
787.8199999992187,0.45567105177411027
787.8299999992186,0.5240764807455693
787.8399999992185,0.6919568103605835
787.8499999992185,0.2612382308639949
787.8599999992184,0.655179710677752
787.8699999992184,0.6144362788909977
787.8799999992184,0.32563897636352857
787.8899999992184,0.7031391804966405
787.8999999992183,0.44389386540380316
787.9099999992183,0.5338114301433351
787.9199999992182,0.6896627595162611
787.9299999992181,0.25600386387711777
787.9399999992181,0.6594653695874496
787.9499999992181,0.6080363499420712
787.9599999992181,0.33615289127844655
787.969999999218,0.7038438976043789
787.979999999218,0.43299581299035683
787.989999999218,0.5424191827611371
787.9999999992178,0.687403539301784
788.0099999992178,0.2520795290030357
788.0199999992178,0.6631645675842928
788.0299999992178,0.6019910533048004
788.0399999992177,0.3459441810276916
788.0499999992177,0.7043484741605687
788.0599999992177,0.42304048417489454
788.0699999992175,0.5499714901624162
788.0799999992175,0.685223122091226
788.0899999992175,0.24925719843845393
788.0999999992175,0.6663360239205952
788.1099999992174,0.5963644702056257
788.1199999992174,0.3548987098221556
788.1299999992174,0.7046921098576379
788.1399999992173,0.414076126020807
788.1499999992172,0.5565351762758883
788.1599999992172,0.6831622036277248
788.1699999992172,0.24733199323932092
788.1799999992171,0.6690308639686321
788.1899999992171,0.5912157123467172
788.1999999992171,0.3629355260785798
788.209999999217,0.7049095735348051
788.219999999217,0.40613697969953305
788.229999999217,0.562170947832937
788.2399999992169,0.6812579607853475
788.2499999992168,0.2461101472420731
788.2599999992168,0.6712932102622318
788.2699999992168,0.58659831658589
788.2799999992167,0.36999915919841764
788.2899999992167,0.7050313815879141
788.2999999992167,0.3992451762248621
788.3099999992166,0.566932703606829
788.3199999992165,0.6795437953963526
788.3299999992165,0.2454149019718585
788.3399999992165,0.6731606874865272
788.3499999992164,0.5825597468491729
788.3599999992164,0.3760531386596129
788.3699999992164,0.7050839208659163
788.3799999992164,0.39341300022380254
788.3899999992162,0.5708671729768867
788.3999999992162,0.6780490786687027
788.4099999992162,0.24509056738776935
788.4199999992161,0.6746648455401548
788.4299999992161,0.5791410047534101
788.4399999992161,0.38107470763364826
788.4499999992161,0.7050895291948911
788.4599999992159,0.3886453214165666
788.4699999992159,0.5740137634151132
788.4799999992159,0.6767989088798213
788.4899999992158,0.24500508808413327
788.4999999992158,0.6758315065953111
788.5099999992158,0.5763763421742393
788.5199999992158,0.385050631615107
788.5299999992156,0.7050665448440663
788.5399999992156,0.3849420004773769
788.5499999992156,0.5764045326970466
788.5599999992155,0.6758138928787195
788.5699999992155,0.24505148683211447
788.5799999992155,0.6766810428765514
788.5899999992155,0.5742930630688322
788.5999999992154,0.38797397461953337
788.6099999992153,0.7050293345264484
788.6199999992153,0.3823000974501005
788.6299999992152,0.5780642270755314
788.6399999992152,0.6751099601177204
788.6499999992152,0.2451485385531146
788.6599999992152,0.6772285915553686
788.6699999992151,0.5729113978854576
788.679999999215,0.3898417164966891
788.689999999215,0.7049883077750524
788.6999999992149,0.3807157389515923
788.7099999992149,0.579010346382842
788.7199999992149,0.6746982158869609
788.7299999992149,0.24524097731262862
788.7399999992148,0.6774842122993334
788.7499999992148,0.5722444333264313
788.7599999992148,0.39065310064372005
788.7699999992146,0.7049499238335761
788.7799999992146,0.38018553323529614
788.7899999992146,0.5792532096837762
788.7999999992146,0.6745848387321375
788.8099999992145,0.2452994717529645
788.8199999992145,0.6774529920639889
788.8299999992145,0.5722980820004843
788.8399999992143,0.39040862707499535
788.8499999992143,0.7049166954954482
788.8599999992143,0.38070745592976474
788.8699999992143,0.5787960057011883
788.8799999992142,0.674771025205925
788.8899999992142,0.24532053025819278
788.8999999992142,0.6771351002049879
788.909999999214,0.5730710801483299
788.919999999214,0.38910963420900535
788.929999999214,0.7048871926372275
788.939999999214,0.3822811613937015
788.9499999992139,0.5776348198601693
788.9599999992139,0.6752529836898254
788.9699999992139,0.2453264214027938
788.9799999992138,0.6765257956360143
788.9899999992138,0.5745550075888797
788.9999999992137,0.3867584435788818
789.0099999992137,0.704856046509529
789.0199999992136,0.38490770640623545
789.0299999992136,0.5757586358484367
789.0399999992136,0.6760219773668327
789.0499999992135,0.24536511984805234
789.0599999992135,0.6756153863225329
789.0699999992135,0.5767343299424973
789.0799999992134,0.3833590723013094
789.0899999992133,0.7048139541812226
789.0999999992133,0.38858870372085635
789.1099999992133,0.5731493161393487
789.1199999992132,0.6770644150792203
789.1299999992132,0.24551021320405467
789.1399999992132,0.6743891398897188
789.1499999992132,0.5795864695627156
789.159999999213,0.3789185488847362
789.169999999213,0.7047476808696387
789.179999999213,0.3933249535242678
789.1899999992129,0.5697815722312021
789.1999999992129,0.6783619871749156
789.2099999992129,0.24586063152052315
789.2199999992129,0.6728271427245974
789.2299999992127,0.583081916749494
789.2399999992127,0.3734488965206401
789.2499999992127,0.7046400562406964
789.2599999992126,0.39911463258485635
789.2699999992126,0.5656229434676631
789.2799999992126,0.6798918420327132
789.2899999992126,0.24653998940945812
789.2999999992124,0.6709041037475222
789.3099999992124,0.5871843965087792
789.3199999992124,0.3669698739959342
789.3299999992123,0.7044699591236965
789.3399999992123,0.40595115212664346
789.3499999992123,0.5606338136887254
789.3599999992123,0.6816267971880546
789.3699999992122,0.24769526545709575
789.3799999992121,0.668589098017089
789.3899999992121,0.5918511068221722
789.399999999212,0.35951258353376
789.409999999212,0.7042122834548216
789.419999999212,0.4138208263435862
789.429999999212,0.5547675097705042
789.4399999992119,0.6835355772428325
789.4499999992119,0.2494944925719534
789.4599999992118,0.6658452445138796
789.4699999992117,0.5970330436614634
789.4799999992117,0.3511240623601927
789.4899999992117,0.7038378766351686
789.4999999992117,0.42270051964766475
789.5099999992116,0.5479705450293855
789.5199999992116,0.6855830690598201
789.5299999992116,0.2521231090296687
789.5399999992114,0.6626293126373092
789.5499999992114,0.602675423389053
789.5599999992114,0.3418729608583074
789.5699999992114,0.7033134398706901
789.5799999992113,0.43255545904477016
789.5899999992113,0.5401830983759737
789.5999999992113,0.6877305827021006
789.6099999992111,0.2557786402701501
789.6199999992111,0.6588912524099685
789.6299999992111,0.6087182072134885
789.6399999992111,0.33185636240790806
789.649999999211,0.7026013784276004
789.659999999211,0.4433374043169336
789.669999999211,0.5313398564746377
789.6799999992108,0.6899361049604191
789.6899999992108,0.2606634652529326
789.6999999992108,0.6545736459113566
789.7099999992108,0.6150967239662445
789.7199999992107,0.3212076986951507
789.7299999992107,0.7016595881030181
789.7399999992107,0.454983358002288
789.7499999992106,0.5213713964225474
789.7599999992105,0.6921545304451943
789.7699999992105,0.2669755856435542
789.7799999992105,0.6496110814954189
789.7899999992104,0.6217423784713183
789.7999999992104,0.3101055377453884
789.8099999992104,0.7004411626066566
789.8199999992103,0.4674149673454855
789.8299999992103,0.5102063514639331
789.8399999992102,0.6943378537681035
789.8499999992102,0.27489756765681267
789.8599999992101,0.6439294601659982
789.8699999992101,0.6285834236933946
789.8799999992101,0.29878274418891204
789.88999999921,0.6988940049254672
789.89999999921,0.48053872167108586
789.90999999921,0.4977746868557318
789.91999999921,0.6964353048480431
789.9299999992098,0.28458415477419124
789.9399999992098,0.6374452558430599
789.9499999992098,0.6355457664351137
789.9599999992097,0.28753511582149444
789.9699999992097,0.6969603243239376
789.9799999992097,0.4942469838691592
789.9899999992097,0.48401251487265284
789.9999999992095,0.6983934081293954
790.0099999992095,0.2961494153259215
790.0199999992095,0.630064771510796
790.0299999992094,0.6425537700632192
790.0399999992094,0.27672808876254074
790.0499999992094,0.6945759994186318
790.0599999992094,0.5084198195507101
790.0699999992092,0.4688689960744208
790.0799999992092,0.7001559454171977
790.0899999992092,0.3096546251666163
790.0999999992091,0.621683464223528
790.1099999992091,0.6495310132971955
790.1199999992091,0.2667995235869649
790.1299999992091,0.6916697871477524
790.139999999209,0.5229275134624499
790.149999999209,0.4523159917134157
790.1599999992089,0.7016638008164141
790.1699999992088,0.32509830371331977
790.1799999992088,0.6121854601763665
790.1899999992088,0.656400962706623
790.1999999992088,0.2582560574819609
790.2099999992087,0.6881623580192835
790.2199999992087,0.5376335965087278
790.2299999992086,0.43436121952224716
790.2399999992085,0.7028546650842123
790.2499999992085,0.34240983076954995
790.2599999992085,0.6014434529515049
790.2699999992085,0.6630875173906199
790.2799999992084,0.2516602477995613
790.2899999992084,0.6839651404695541
790.2999999992084,0.5523981597072161
790.3099999992082,0.41506566087542934
790.3199999992082,0.7036625752323392
790.3299999992082,0.3614478126834716
790.3399999992082,0.5893192851360779
790.3499999992081,0.669515387206574
790.3599999992081,0.24760605156449395
790.3699999992081,0.678978963477062
790.3799999992079,0.5670812092061608
790.3899999992079,0.3945657650185081
790.3999999992079,0.7040172633626779
790.4099999992079,0.3820038392235886
790.4199999992078,0.5756656692825692
790.4299999992078,0.6756102707202891
790.4399999992078,0.24668141050557804
790.4499999992076,0.6730924985873793
790.4599999992076,0.5815458201653058
790.4699999992076,0.3731004340519531
790.4799999992076,0.7038432865019245
790.4899999992075,0.4038115536735123
790.4999999992075,0.5603297251797604
790.5099999992075,0.6812988036414511
790.5199999992074,0.24941904263405598
790.5299999992073,0.6661805254096246
790.5399999992073,0.5956608760840196
790.5499999992073,0.35104163039834446
790.5599999992072,0.7030589066113117
790.5699999992072,0.4265601921937608
790.5799999992072,0.5431593138220483
790.5899999992071,0.6865082537558991
790.5999999992071,0.25623981250152905
790.609999999207,0.6581020838838177
790.619999999207,0.6093032271960265
790.6299999992069,0.32892549865048953
790.6399999992069,0.7015746873440352
790.6499999992069,0.4499111039835927
790.6599999992068,0.5240135445809283
790.6699999992068,0.691165941516741
790.6799999992068,0.26739654507770116
790.6899999992067,0.6486986436984723
790.6999999992066,0.6223591583313779
790.7099999992066,0.3074780231133488
790.7199999992066,0.6992917722766974
790.7299999992065,0.47351538742720123
790.7399999992065,0.5027793068598818
790.7499999992065,0.6951983673572578
790.7599999992065,0.2829286108564102
790.7699999992063,0.6377925316835612
790.7799999992063,0.6347251157741703
790.7899999992063,0.2876257232465086
790.7999999992062,0.6960998097773223
790.8099999992062,0.49703074247301104
790.8199999992062,0.47939616031774257
790.8299999992062,0.6985300258719227
790.839999999206,0.30263765827085104
790.849999999206,0.6251860369191617
790.859999999206,0.6463076940886596
790.8699999992059,0.270478735128983
790.8799999992059,0.6918744951794924
790.8899999992059,0.5201359250949169
790.8999999992059,0.45389222109290955
790.9099999992058,0.7010818834870861
790.9199999992057,0.3260917098706986
790.9299999992057,0.6106618961889888
790.9399999992056,0.657022924523256
790.9499999992056,0.25727290079807635
790.9599999992056,0.6864747166120908
790.9699999992056,0.5425417003617099
790.9799999992055,0.4264334072961486
790.9899999992055,0.702769489910786
790.9999999992054,0.3526589353865793
791.0099999992053,0.5939862997746701
791.0199999992053,0.6667949314293338
791.0299999992053,0.24926203810812717
791.0399999992053,0.6797393252176717
791.0499999992052,0.5639977881016257
791.0599999992052,0.39738684110984684
791.0699999992052,0.7035006851070417
791.079999999205,0.38156557720580425
791.089999999205,0.5749162114969446
791.099999999205,0.6755540325400836
791.109999999205,0.24756364610545403
791.1199999992049,0.6714836185443274
791.1299999992049,0.5842958489662192
791.1399999992049,0.3673952714211088
791.1499999992047,0.7031728537782713
791.1599999992047,0.41196715287876223
791.1699999992047,0.5532137310838702
791.1799999992047,0.6832343540846536
791.1899999992046,0.2529799649589473
791.1999999992046,0.6614957520070568
791.2099999992046,0.603268978513127
791.2199999992044,0.33745187638508173
791.2299999992044,0.7016696706284985
791.2399999992044,0.443020025140375
791.2499999992044,0.528671465640523
791.2599999992043,0.6897710146690396
791.2699999992043,0.2658350832866203
791.2799999992043,0.6495335184436218
791.2899999992042,0.6207884216170054
791.2999999992041,0.3089532839703242
791.3099999992041,0.6988572761382125
791.3199999992041,0.4739420800201663
791.329999999204,0.5011543072708929
791.339999999204,0.6950969060832505
791.349999999204,0.28587670655484076
791.3599999992039,0.6353223241404908
791.3699999992039,0.6367582974458968
791.3799999992038,0.28369532473196896
791.3899999992038,0.6945798319082109
791.3999999992037,0.5040554679543718
791.4099999992037,0.470664183916473
791.4199999992037,0.6991390672001452
791.4299999992036,0.31227916737786304
791.4399999992036,0.6185558417988932
791.4499999992036,0.6511090730607771
791.4599999992035,0.2637682453283742
791.4699999992034,0.6886544406871301
791.4799999992034,0.53280931251397
791.4899999992034,0.4374341010499079
791.4999999992033,0.7018146120568258
791.5099999992033,0.3437534304180828
791.5199999992033,0.598901879323388
791.5299999992033,0.6637903877932387
791.5399999992031,0.2513188117960057
791.5499999992031,0.6808655040652113
791.5599999992031,0.5597843657067976
791.569999999203,0.40205378404916653
791.579999999203,0.7030261383324812
791.589999999203,0.37873404038426633
791.599999999203,0.5760176517273178
791.6099999992028,0.6747636572711928
791.6199999992028,0.24818807672878127
791.6299999992028,0.6709587745954003
791.6399999992027,0.5846839707374557
791.6499999992027,0.3656176917919179
791.6599999992027,0.7026565118911443
791.6699999992027,0.41559042112412925
791.6799999992026,0.5495810486165896
791.6899999992025,0.6839947073074615
791.6999999992025,0.25550147205305196
791.7099999992024,0.6586357158980237
791.7199999992024,0.6073163732897887
791.7299999992024,0.32986302550890967
791.7399999992024,0.700562904718702
791.7499999992023,0.4528104978165455
791.7599999992023,0.5193476277502341
791.7699999992022,0.6914465257440566
791.7799999992021,0.2733482152189368
791.7899999992021,0.6435494439997446
791.7999999992021,0.6275728871982587
791.8099999992021,0.29723076746027544
791.819999999202,0.6965699717563366
791.829999999202,0.4891239427755774
791.839999999202,0.48524626099399853
791.8499999992018,0.6970720834573654
791.8599999992018,0.30068782420363765
791.8699999992018,0.6253046975911882
791.8799999992018,0.6454052770394044
791.8899999992017,0.2707504443207291
791.8999999992017,0.6904621145909884
791.9099999992017,0.5235574083794662
791.9199999992015,0.4475273456580194
791.9299999992015,0.7008070668773092
791.9399999992015,0.3355388581429919
791.9499999992015,0.6034662955618812
791.9599999992014,0.6608044614716224
791.9699999992014,0.2536547918260281
791.9799999992014,0.681974949512295
791.9899999992012,0.5554331912190246
791.9999999992012,0.4069709093957575
792.0099999992012,0.7025622834597655
792.0199999992012,0.37538069796575296
792.0299999992011,0.5775838131888743
792.0399999992011,0.6737815541552138
792.0499999992011,0.24871904142298862
792.059999999201,0.6707864726666964
792.069999999201,0.5843312310134984
792.0799999992009,0.3651381652730664
792.0899999992009,0.7022154500506358
792.0999999992008,0.4176151897399662
792.1099999992008,0.5472451387553511
792.1199999992008,0.684351455977515
792.1299999992007,0.25749311037711975
792.1399999992007,0.6565091743115662
792.1499999992006,0.6100338936122163
792.1599999992006,0.32459803035738594
792.1699999992005,0.6996020644502486
792.1799999992005,0.4599401481687299
792.1899999992005,0.5121780073601675
792.1999999992004,0.6925186879940642
792.2099999992004,0.2797515553999331
792.2199999992004,0.6386858108861765
792.2299999992003,0.6324678933347658
792.2399999992002,0.2889815106458837
792.2499999992002,0.6945051237098091
792.2599999992002,0.5005589144344649
792.2699999992001,0.47242445558798113
792.2799999992001,0.6982648528339793
792.2899999992001,0.31346068307078623
792.2999999992,0.6167942158174445
792.3099999991999,0.651651698196118
792.3199999991999,0.26265596319196144
792.3299999991999,0.6866436595487831
792.3399999991998,0.5382301580933029
792.3499999991998,0.4286114533104426
792.3599999991998,0.7015369660153337
792.3699999991998,0.35530679886463234
792.3799999991996,0.5902711917230967
792.3899999991996,0.6676518734065086
792.3999999991996,0.24987367909501246
792.4099999991995,0.6756605553221859
792.4199999991995,0.5722082495716537
792.4299999991995,0.3823158013739748
792.4399999991995,0.7022358571936577
792.4499999991993,0.4015259158442592
792.4599999991993,0.5585730919611285
792.4699999991993,0.6805486342673548
792.4799999991992,0.2535308871791906
792.4899999991992,0.6611111679631096
792.4999999991992,0.6021319815126343
792.5099999991992,0.33644755958304506
792.5199999991991,0.7002038852047145
792.529999999199,0.44866615771116275
792.539999999199,0.5213014996763965
792.5499999991989,0.6904091820893515
792.5599999991989,0.2740682289917628
792.5699999991989,0.6424564163879748
792.5799999991989,0.6279046783583079
792.5899999991988,0.295439428272927
792.5999999991988,0.6952113691914997
792.6099999991987,0.4940441537674687
792.6199999991986,0.47843385601373667
792.6299999991986,0.6972667144257049
792.6399999991986,0.3091695338185874
792.6499999991986,0.6190681087199951
792.6599999991985,0.6495891006396328
792.6699999991985,0.2648880790182492
792.6799999991985,0.6869415191451669
792.6899999991983,0.5358675475609852
792.6999999991983,0.4306998238608218
792.7099999991983,0.7011028990189903
792.7199999991982,0.3544928167661531
792.7299999991982,0.5902617638934647
792.7399999991982,0.6673252576662003
792.7499999991982,0.25034809235999744
792.759999999198,0.6749745017877347
792.769999999198,0.5731300981000624
792.779999999198,0.38010569297720376
792.7899999991979,0.7018317849325141
792.7999999991979,0.40500275705940775
792.8099999991979,0.5553847467148849
792.8199999991979,0.6812703505887066
792.8299999991978,0.2554633549968318
792.8399999991977,0.6587731090989781
792.8499999991977,0.6054094297493493
792.8599999991976,0.330482033377681
792.8699999991976,0.6992834590865451
792.8799999991976,0.45619066048133305
792.8899999991976,0.5140057179043421
792.8999999991975,0.6915562031363128
792.9099999991975,0.2803609478382601
792.9199999991974,0.637676275831925
792.9299999991973,0.6326588338976346
792.9399999991973,0.28768699150094834
792.9499999991973,0.693186262998625
792.9599999991973,0.5047366788805144
792.9699999991972,0.46626942686399697
792.9799999991972,0.69825863804139
792.9899999991972,0.321424025261546
792.999999999197,0.6109141349200928
793.009999999197,0.6550362917582049
793.019999999197,0.2588729755266148
793.029999999197,0.6831472806838683
793.0399999991969,0.5486065038790612
793.0499999991969,0.4134740681400792
793.0599999991969,0.7013737353831702
793.0699999991967,0.3726704069964403
793.0799999991967,0.5776720460349788
793.0899999991967,0.6727804641852438
793.0999999991967,0.25044315893100394
793.1099999991966,0.6686326253543552
793.1199999991966,0.5868136955462658
793.1299999991966,0.35883458036770693
793.1399999991964,0.7007968662184132
793.1499999991964,0.42779438142724796
793.1599999991964,0.5372538533349758
793.1699999991964,0.6861270849010109
793.1799999991963,0.2653433441784541
793.1899999991963,0.6489528859582177
793.1999999991963,0.6190809373074925
793.2099999991962,0.30812365141336073
793.2199999991961,0.6963014985023854
793.2299999991961,0.48170398157415295
793.2399999991961,0.4894249049919593
793.249999999196,0.695254181214939
793.259999999196,0.30145365982694594
793.269999999196,0.623267038168434
793.2799999991959,0.64553558097599
793.2899999991959,0.2694536246754501
793.2999999991958,0.6875161385709362
793.3099999991958,0.5310865016364479
793.3199999991957,0.4350326051137839
793.3299999991957,0.7002449745318005
793.3399999991957,0.35243858352903756
793.3499999991956,0.5906337668204341
793.3599999991956,0.6664852750333877
793.3699999991956,0.25133191318548526
793.3799999991955,0.6738999995834376
793.3899999991954,0.5742353474696327
793.3999999991954,0.3769364144587132
793.4099999991954,0.7010595859195776
793.4199999991953,0.41042045008017264
793.4299999991953,0.5501672892997979
793.4399999991953,0.682270404222217
793.4499999991953,0.25914010653155733
793.4599999991951,0.6547224355332213
793.4699999991951,0.6105743771609482
793.4799999991951,0.3209890040317237
793.489999999195,0.6975092127941198
793.499999999195,0.46854929374002596
793.509999999195,0.5013970446484107
793.519999999195,0.6931729277954941
793.5299999991948,0.29216253357786415
793.5399999991948,0.6290605630427686
793.5499999991948,0.6401824431794905
793.5599999991947,0.2762106378352826
793.5699999991947,0.6892290038344017
793.5799999991947,0.5222217658972865
793.5899999991947,0.44496788202933957
793.5999999991946,0.6993602052733099
793.6099999991945,0.3437424694490391
793.6199999991945,0.5958487490607153
793.6299999991944,0.6634370705358715
793.6399999991944,0.25284853357302045
793.6499999991944,0.6756491631586441
793.6599999991944,0.5690374836915378
793.6699999991943,0.3837648538400189
793.6799999991943,0.7008469282625855
793.6899999991942,0.4045206920829132
793.6999999991941,0.5540500320494438
793.7099999991941,0.6807850868319086
793.7199999991941,0.25803488738254066
793.7299999991941,0.6559697389843869
793.739999999194,0.608171713123653
793.749999999194,0.3242021803883114
793.759999999194,0.6974635308572962
793.7699999991938,0.4660707533489751
793.7799999991938,0.5030774140130105
793.7899999991938,0.6926074372443259
793.7999999991938,0.2916131808549044
793.8099999991937,0.6291569474660801
793.8199999991937,0.6397005351346824
793.8299999991937,0.27659815470985094
793.8399999991935,0.688824272518026
793.8499999991935,0.522754430415057
793.8599999991935,0.44364904401001515
793.8699999991935,0.6991415457473109
793.8799999991934,0.3459570876066114
793.8899999991934,0.5940049164807996
793.8999999991934,0.6640973972815741
793.9099999991932,0.2528342612452258
793.9199999991932,0.6742935451007507
793.9299999991932,0.5717316680353423
793.9399999991932,0.3791959140627636
793.9499999991931,0.7004329261995523
793.9599999991931,0.41008618359136434
793.9699999991931,0.5493571812353409
793.979999999193,0.6819195567991065
793.989999999193,0.26084150241041365
793.9999999991929,0.6529577582791759
794.0099999991929,0.612119858223067
794.0199999991928,0.3174522745908904
794.0299999991928,0.6962974148425227
794.0399999991928,0.4743385294433764
794.0499999991927,0.49466309999589697
794.0599999991927,0.6936322290603162
794.0699999991926,0.2995108819728251
794.0799999991926,0.623628378854945
794.0899999991925,0.6441026206883605
794.0999999991925,0.27069192748379106
794.1099999991925,0.686283788640521
794.1199999991924,0.532571738125867
794.1299999991924,0.4311153730824299
794.1399999991924,0.6995134420061395
794.1499999991923,0.3591188252975655
794.1599999991922,0.5849404083846168
794.1699999991922,0.6682921806973602
794.1799999991922,0.25221514486562857
794.1899999991921,0.6696353063665075
794.1999999991921,0.5819648334249619
794.2099999991921,0.363475127386782
794.219999999192,0.6995976584031939
794.2299999991919,0.42695521841687195
794.2399999991919,0.535685610563522
794.2499999991919,0.68535277885211
794.2599999991918,0.2691508823234253
794.2699999991918,0.645262842539228
794.2799999991918,0.6218646771131295
794.2899999991918,0.3018685224297333
794.2999999991916,0.6936322208122141
794.3099999991916,0.49277430531080174
794.3199999991916,0.47563376463005647
794.3299999991915,0.6958015413978401
794.3399999991915,0.31729570358769554
794.3499999991915,0.6117717939005443
794.3599999991915,0.6526944389753758
794.3699999991914,0.2611411817761838
794.3799999991913,0.6810339889664471
794.3899999991913,0.5507192871745031
794.3999999991912,0.40715585417640177
794.4099999991912,0.69990620707144
794.4199999991912,0.38375955452860455
794.4299999991912,0.5676477101992892
794.4399999991911,0.6752338181306589
794.449999999191,0.25494747509889315
794.459999999191,0.6608477792057084
794.4699999991909,0.5985468171236572
794.4799999991909,0.33758493685402197
794.4899999991909,0.6976249785307054
794.4999999991909,0.4545619038975903
794.5099999991908,0.5118229837823081
794.5199999991908,0.6902244842977807
794.5299999991907,0.286837113934861
794.5399999991906,0.6317325617504262
794.5499999991906,0.6361105815965015
794.5599999991906,0.2807262056546473
794.5699999991906,0.6885575379340478
794.5799999991905,0.5199883118481207
794.5899999991905,0.44499676418844386
794.5999999991905,0.698175073172903
794.6099999991903,0.3472023720696292
794.6199999991903,0.5920535724379979
794.6299999991903,0.6641547943987453
794.6399999991903,0.2537527812911805
794.6499999991902,0.6718958970203163
794.6599999991902,0.5753795528308862
794.6699999991902,0.37201841492864873
794.67999999919,0.6992642419339006
794.68999999919,0.41995435733593417
794.69999999919,0.5402672947344331
794.70999999919,0.6836025113923481
794.7199999991899,0.26763969372300317
794.7299999991899,0.6463875353178755
794.7399999991899,0.6195369857558767
794.7499999991898,0.3046056636143901
794.7599999991897,0.6932798209644229
794.7699999991897,0.4913364231383749
794.7799999991897,0.47596868650563967
794.7899999991896,0.6951995694130246
794.7999999991896,0.31853058550626223
794.8099999991896,0.6103688945213396
794.8199999991895,0.6529579615400882
794.8299999991895,0.26097333573774645
794.8399999991894,0.6795639374854593
794.8499999991894,0.5535840372928912
794.8599999991893,0.40209617263798547
794.8699999991893,0.6993497103597835
794.8799999991893,0.39044894549654235
794.8899999991892,0.562026723376314
794.8999999991892,0.6766755861702347
794.9099999991892,0.2577656952473382
794.9199999991891,0.6569626908148857
794.929999999189,0.6039466017757458
794.939999999189,0.3282052561833838
794.949999999189,0.6960303229514926
794.9599999991889,0.46611292210571886
794.9699999991889,0.5002367670060178
794.9799999991889,0.691656469182688
794.9899999991889,0.2977108503656212
794.9999999991887,0.6238227167265236
795.0099999991887,0.6424353470907219
795.0199999991887,0.2721684762855993
795.0299999991886,0.6847299811230668
795.0399999991886,0.5342778288805954
795.0499999991886,0.42656258972780947
795.0599999991886,0.6985272907925774
795.0699999991884,0.3668563993596782
795.0799999991884,0.5781703846910021
795.0899999991884,0.6701055474576707
795.0999999991883,0.2543984619411179
795.1099999991883,0.6643892980239505
795.1199999991883,0.5902363219039358
795.1299999991883,0.34875296394615196
795.1399999991881,0.6974512663830289
795.1499999991881,0.4453283129214201
795.1599999991881,0.5184048770086879
795.169999999188,0.6881184447975798
795.179999999188,0.28375448106441403
795.189999999188,0.6333738215065324
795.199999999188,0.6332997678869141
795.2099999991879,0.28386909797921606
795.2199999991878,0.6880536963839297
795.2299999991878,0.5183937001253878
795.2399999991877,0.4451355919586796
795.2499999991877,0.6973143590545092
795.2599999991877,0.34934679822559594
795.2699999991877,0.5896000347730486
795.2799999991876,0.6644631226030511
795.2899999991876,0.25471858446349777
795.2999999991875,0.6693555861513837
795.3099999991874,0.5791736585608686
795.3199999991874,0.3647888018258627
795.3299999991874,0.6980321812739037
795.3399999991874,0.4296216060204876
795.3499999991873,0.5311366906715649
795.3599999991873,0.68505360593544
795.3699999991873,0.2752313824478686
795.3799999991871,0.6397309246353022
795.3899999991871,0.6261504603809729
795.3999999991871,0.2937246666957276
795.4099999991871,0.6900174110080053
795.419999999187,0.5066335338369349
795.429999999187,0.45795288568091436
795.439999999187,0.6961098274521462
795.4499999991868,0.33765908630183983
795.4599999991868,0.597000302333586
795.4699999991868,0.660208029281105
795.4799999991868,0.25643335979889575
795.4899999991867,0.6723484164914393
795.4999999991867,0.5713553298659017
795.5099999991867,0.3756477153980161
795.5199999991866,0.6981288348950634
795.5299999991865,0.419315859452378
795.5399999991865,0.5389870375558726
795.5499999991865,0.6828173543533553
795.5599999991864,0.27075130950297704
795.5699999991864,0.6433830700707982
795.5799999991864,0.6214417997178305
795.5899999991863,0.3003220287699697
795.5999999991863,0.6909518064731638
795.6099999991862,0.49946178674310815
795.6199999991862,0.4652609127075777
795.6299999991861,0.6951956279329716
795.6399999991861,0.3313723876466465
795.6499999991861,0.6008363643216029
795.659999999186,0.6576688073589664
795.669999999186,0.25798185226439363
795.679999999186,0.6736822066288127
795.6899999991859,0.56718295315939
795.6999999991858,0.3810827089377912
795.7099999991858,0.6979724124971203
795.7199999991858,0.41452341447561786
795.7299999991857,0.5423355071734797
795.7399999991857,0.6816422196434561
795.7499999991857,0.2692984933272742
795.7599999991857,0.6446251964616702
795.7699999991855,0.6194601981457246
795.7799999991855,0.302940288842155
795.7899999991855,0.6910507490957403
795.7999999991854,0.49712574406737964
795.8099999991854,0.4672581563326704
795.8199999991854,0.6947346142990855
795.8299999991854,0.33014347493964197
795.8399999991852,0.6013644663981303
795.8499999991852,0.6570270461439432
795.8599999991852,0.25855720552059486
795.8699999991851,0.6735167295020954
795.8799999991851,0.5668536071648275
795.8899999991851,0.3810414217553984
795.8999999991851,0.6976733551641122
795.909999999185,0.4152493684195143
795.9199999991849,0.541364838087203
795.9299999991849,0.6816297417454986
795.9399999991848,0.27041072643931346
795.9499999991848,0.6435748173454229
795.9599999991848,0.620310902833055
795.9699999991848,0.3013711370206917
795.9799999991847,0.6903788653515776
795.9899999991846,0.4996812833847451
795.9999999991846,0.4640275080195884
796.0099999991845,0.6947683335005261
796.0199999991845,0.3338528941388317
796.0299999991845,0.598641474265155
796.0399999991845,0.6583086886844024
796.0499999991844,0.2580748440689695
796.0599999991844,0.67186597748894
796.0699999991843,0.5703591255147723
796.0799999991842,0.3755675455080951
796.0899999991842,0.6972227278202371
796.0999999991842,0.4214511963641871
796.1099999991842,0.5360573354219138
796.1199999991841,0.6827468668388373
796.1299999991841,0.274238023153098
796.139999999184,0.6401793813488368
796.1499999991839,0.6239143508828742
796.1599999991839,0.2958482667627519
796.1699999991839,0.6888741187180234
796.1799999991839,0.5070058541923307
796.1899999991838,0.4555228768398776
796.1999999991838,0.6952165981680758
796.2099999991838,0.34263780446797143
796.2199999991836,0.5925287902973718
796.2299999991836,0.6613834927582567
796.2399999991836,0.2571557558140465
796.2499999991836,0.6685995315838601
796.2599999991835,0.5774889808359256
796.2699999991835,0.3648048216819679
796.2799999991835,0.6964924908270598
796.2899999991834,0.4330339174269119
796.2999999991833,0.5261999995305956
796.3099999991833,0.6848278098462813
796.3199999991833,0.2815066292887314
796.3299999991832,0.6342146746130066
796.3399999991832,0.6300113535179215
796.3499999991832,0.28709231852430045
796.3599999991831,0.6863462110843963
796.369999999183,0.5187918768618113
796.379999999183,0.4416006252395034
796.389999999183,0.695879313544243
796.3999999991829,0.3568105688421377
796.4099999991829,0.5826903677756216
796.4199999991829,0.6659725728133777
796.4299999991828,0.25713205192577837
796.4399999991828,0.6634367517032194
796.4499999991828,0.5878360248308294
796.4599999991827,0.34910143248015424
796.4699999991826,0.6952345926775799
796.4799999991826,0.44978487641738857
796.4899999991826,0.5114009055535221
796.4999999991825,0.6875809244271812
796.5099999991825,0.2933829068212426
796.5199999991825,0.6252746536676089
796.5299999991825,0.6381769028219931
796.5399999991823,0.2764590109905034
796.5499999991823,0.6824702248819059
796.5599999991823,0.5345278559826135
796.5699999991822,0.42210889739080276
796.5799999991822,0.6964395783441306
796.5899999991822,0.3766773430716244
796.5999999991822,0.5685882101456577
796.609999999182,0.6716629514373564
796.619999999182,0.2600236375706531
796.629999999182,0.6559330333184408
796.6399999991819,0.600808903734426
796.6499999991819,0.3292308756236611
796.6599999991819,0.6930773913116544
796.6699999991819,0.4712752324392727
796.6799999991817,0.49113207458138797
796.6899999991817,0.6905987535982516
796.6999999991817,0.31121021830139606
796.7099999991816,0.6127536554763626
796.7199999991816,0.6478424926643883
796.7299999991816,0.266146445014596
796.7399999991816,0.6767736074733459
796.7499999991815,0.553484857282089
796.7599999991814,0.3970718285469005
796.7699999991814,0.6964656923877479
796.7799999991813,0.402294030350433
796.7899999991813,0.5494850502960451
796.7999999991813,0.6779268428925023
796.8099999991813,0.2683813506223338
796.8199999991812,0.6454567715287298
796.8299999991812,0.6156564498195538
796.8399999991811,0.30674664426732084
796.849999999181,0.6895165559322793
796.859999999181,0.49677179274273536
796.869999999181,0.46483381925999984
796.879999999181,0.6933680618141911
796.8899999991809,0.33610922920761166
796.8999999991809,0.5958246781861336
796.9099999991809,0.6583255488884041
796.9199999991807,0.2593469192681565
796.9299999991807,0.6686135174857633
796.9399999991807,0.5747275852301708
796.9499999991807,0.3670302927272283
796.9599999991806,0.695408365290385
796.9699999991806,0.43322966475574465
796.9799999991806,0.5244776107367187
796.9899999991804,0.6841418419081978
796.9999999991804,0.284870898742966
797.0099999991804,0.6311563882493142
797.0199999991804,0.6315062983385543
797.0299999991803,0.2844408267343589
797.0399999991803,0.6838963397450932
797.0499999991803,0.5252050765794084
797.0599999991801,0.43214837038691034
797.0699999991801,0.695275293985384
797.0799999991801,0.36850406737445845
797.0899999991801,0.5734256704011579
797.09999999918,0.6688619184698965
797.10999999918,0.260119482311357
797.11999999918,0.6571411297630032
797.1299999991799,0.5971603968013222
797.1399999991798,0.3336071388083828
797.1499999991798,0.6925881347849353
797.1599999991798,0.46842986976001516
797.1699999991797,0.49261293102711
797.1799999991797,0.6896065140630353
797.1899999991797,0.3115477312966268
797.1999999991796,0.6119209567161905
797.2099999991796,0.6474135533422791
797.2199999991795,0.26673003276725177
797.2299999991795,0.6753761209029363
797.2399999991794,0.555220879509405
797.2499999991794,0.39339601585529577
797.2599999991794,0.6956016310543625
797.2699999991793,0.4077366853904845
797.2799999991793,0.5442866674382949
797.2899999991793,0.6786343805422441
797.2999999991792,0.2726957596400325
797.3099999991791,0.6412510046234695
797.3199999991791,0.6196026535561058
797.3299999991791,0.30028828557723397
797.339999999179,0.6871668054901663
797.349999999179,0.5062543703599521
797.359999999179,0.4531958894130064
797.369999999179,0.6935444480049131
797.3799999991788,0.34899178529383185
797.3899999991788,0.5863509747697865
797.3999999991788,0.6624086987914991
797.4099999991787,0.25953083608250876
797.4199999991787,0.6628770430984472
797.4299999991787,0.5853070766904066
797.4399999991787,0.35043154028958023
797.4499999991785,0.6935006321694202
797.4599999991785,0.4519728388016285
797.4699999991785,0.5070784814008216
797.4799999991784,0.6867880526344476
797.4899999991784,0.3001162963309768
797.4999999991784,0.6195206804341438
797.5099999991784,0.6408727070658488
797.5199999991783,0.27312421853774366
797.5299999991782,0.6780958572959518
797.5399999991782,0.5446922172019644
797.5499999991781,0.40648052051472205
797.5599999991781,0.6950888057780387
797.5699999991781,0.39572902706331575
797.5799999991781,0.5527904409727498
797.589999999178,0.6755303366749057
797.599999999178,0.26901111377449616
797.609999999178,0.6450066526003619
797.6199999991778,0.6139524894037729
797.6299999991778,0.3078901417503769
797.6399999991778,0.6879503549829251
797.6499999991778,0.49849972789350905
797.6599999991777,0.46086038032325627
797.6699999991777,0.6924229199212116
797.6799999991777,0.3426638943441537
797.6899999991775,0.5901679479082219
797.6999999991775,0.6598532059413054
797.7099999991775,0.26049668250353275
797.7199999991775,0.6640354136278671
797.7299999991774,0.581672037852661
797.7399999991774,0.35498738197884394
797.7499999991774,0.6932385790102784
797.7599999991772,0.44837630478523716
797.7699999991772,0.5095543811724187
797.7799999991772,0.6858288605559281
797.7899999991772,0.29906320437176853
797.7999999991771,0.6199723514157117
797.8099999991771,0.639780448316295
797.8199999991771,0.2742641860732155
797.829999999177,0.6776712223425942
797.8399999991769,0.5443021826204846
797.8499999991769,0.40615337041467275
797.8599999991769,0.6945539402052378
797.8699999991768,0.39713171884850385
797.8799999991768,0.5511149335210376
797.8899999991768,0.6755144516457868
797.8999999991767,0.2707560267502233
797.9099999991766,0.6432438074375971
797.9199999991766,0.6153418500468322
797.9299999991766,0.30542150199966445
797.9399999991765,0.6867768253468134
797.9499999991765,0.5025394678981903
797.9599999991765,0.4556577044860336
797.9699999991764,0.6923302044389918
797.9799999991764,0.34872663203484866
797.9899999991763,0.5855362430095572
797.9999999991763,0.661612306519789
798.0099999991762,0.26113543846226156
798.0199999991762,0.6610031906317776
798.0299999991762,0.5866482883091932
798.0399999991761,0.34701994068692266
798.0499999991761,0.6920290149769054
798.0599999991761,0.4576868224431879
798.069999999176,0.5004004124568543
798.0799999991759,0.6868825575149475
798.0899999991759,0.3077793794409145
798.0999999991759,0.6134638578517422
798.1099999991758,0.6442206533603739
798.1199999991758,0.2699797213031988
798.1299999991758,0.6741410440748489
798.1399999991758,0.5539790045160518
798.1499999991756,0.3925975585760424
798.1599999991756,0.6939511746933935
798.1699999991756,0.41177284516371515
798.1799999991755,0.5391828071484734
798.1899999991755,0.6784431377552793
798.1999999991755,0.2785629344882855
798.2099999991755,0.6357504605953113
798.2199999991753,0.6234446297000956
798.2299999991753,0.29384788795584976
798.2399999991753,0.6833940300269599
798.2499999991752,0.5178755764499273
798.2599999991752,0.4374905216117055
798.2699999991752,0.6929475456233657
798.2799999991752,0.3675161138543633
798.289999999175,0.5719177308801662
798.299999999175,0.6671918496415556
798.309999999175,0.2638230724492807
798.3199999991749,0.6532426249015674
798.3299999991749,0.5994393639836528
798.3399999991749,0.3276587476553924
798.3499999991749,0.6893571935626501
798.3599999991748,0.4792269548811451
798.3699999991748,0.4789643729537823
798.3799999991747,0.6893339974980293
798.3899999991746,0.32804884728057676
798.3999999991746,0.5990601428576284
798.4099999991746,0.6532837647709332
798.4199999991746,0.2640064627725465
798.4299999991745,0.6666955803003115
798.4399999991745,0.5724542007597315
798.4499999991745,0.3663743018113557
798.4599999991743,0.692507860063007
798.4699999991743,0.43931823710431916
798.4799999991743,0.51576803215519
798.4899999991743,0.6833641888754004
798.4999999991742,0.2963942839528611
798.5099999991742,0.6212691415564346
798.5199999991742,0.6368741082694316
798.529999999174,0.27731799360518117
798.539999999174,0.6767509774317829
798.549999999174,0.5428747158538846
798.559999999174,0.406022992343507
798.5699999991739,0.6932308679926771
798.5799999991739,0.39980837281167947
798.5899999991739,0.5475927144156159
798.5999999991737,0.6752514490683869
798.6099999991737,0.2748318151113898
798.6199999991737,0.6392327763861009
798.6299999991737,0.6181411678725227
798.6399999991736,0.3005097087729178
798.6499999991736,0.6839423239355344
798.6599999991736,0.5112560195639421
798.6699999991735,0.4439766746554835
798.6799999991734,0.6918412987665026
798.6899999991734,0.36260784256683826
798.6999999991734,0.5746451948263495
798.7099999991733,0.6651870359631915
798.7199999991733,0.2643942207535343
798.7299999991733,0.6535891275481007
798.7399999991732,0.5973066411222272
798.7499999991732,0.3299096591519912
798.7599999991731,0.6887105652812257
798.7699999991731,0.4783381244101153
798.779999999173,0.478772162388821
798.789999999173,0.6886036575597128
798.799999999173,0.32965371967171325
798.8099999991729,0.5973702754549437
798.8199999991729,0.6533552993013626
798.8299999991729,0.2647139360334671
798.8399999991728,0.664898504449658
798.8499999991727,0.5746520897747223
798.8599999991727,0.3622239153994649
798.8699999991727,0.691421764718717
798.8799999991726,0.44503335148651585
798.8899999991726,0.5097800236637
798.8999999991726,0.6837475416970609
798.9099999991726,0.30262239977875777
798.9199999991724,0.6162911910131127
798.9299999991724,0.6399460073661251
798.9399999991724,0.2742630859312739
798.9499999991723,0.6736403803992715
798.9599999991723,0.5505294752136679
798.9699999991723,0.3949315882915062
798.9799999991723,0.6923835327968852
798.9899999991721,0.4123785615966755
798.9999999991721,0.536893536141087
799.0099999991721,0.6774801621525749
799.019999999172,0.2826590941569439
799.029999999172,0.631927025080955
799.039999999172,0.62516381496354
799.049999999172,0.29084124647673487
799.0599999991719,0.6802209307465689
799.0699999991718,0.525363441900778
799.0799999991718,0.4263405102774781
799.0899999991717,0.6918590494054214
799.0999999991717,0.381452288326111
799.1099999991717,0.5602972964851802
799.1199999991717,0.6699961063740439
799.1299999991716,0.2702105017716239
799.1399999991716,0.6447552475135443
799.1499999991715,0.6092346393113738
799.1599999991714,0.31209054415905935
799.1699999991714,0.6849840858178282
799.1799999991714,0.49964335418982075
799.1899999991714,0.45545771262173024
799.1999999991713,0.6900784759925935
799.2099999991713,0.35326736708368495
799.2199999991713,0.5803160270462426
799.2299999991711,0.6614846526293294
799.2399999991711,0.2650112952213576
799.2499999991711,0.6551986653149143
799.2599999991711,0.5924086205758661
799.269999999171,0.3358769694881124
799.279999999171,0.6882227814649704
799.289999999171,0.47390423992383285
799.2999999991708,0.4818027070061243
799.3099999991708,0.6872479268577811
799.3199999991708,0.32865958274878077
799.3299999991708,0.5973244012779423
799.3399999991707,0.6521348599037448
799.3499999991707,0.26621463124048933
799.3599999991707,0.663624572812822
799.3699999991705,0.5749594107070142
799.3799999991705,0.3604874515773451
799.3899999991705,0.6901890097670077
799.3999999991705,0.4486976827405066
799.4099999991704,0.5052342646069495
799.4199999991704,0.683556280479324
799.4299999991704,0.30819722270835304
799.4399999991703,0.611697479306598
799.4499999991702,0.6421386027257028
799.4599999991702,0.27260747012968056
799.4699999991702,0.6703493378513761
799.4799999991701,0.5571797687976732
799.4899999991701,0.3846741789425966
799.4999999991701,0.6911022048688489
799.50999999917,0.4245559387485771
799.51999999917,0.5258164135761633
799.52999999917,0.6791801204617223
799.5399999991699,0.29213208001414126
799.5499999991698,0.6237860234071394
799.5599999991698,0.6316917110508004
799.5699999991698,0.28283723981222986
799.5799999991697,0.6756448736978784
799.5899999991697,0.5393738156366116
799.5999999991697,0.40760689032760167
799.6099999991695,0.6911559265631069
799.6199999991695,0.40195445706751154
799.6299999991695,0.5437251507901085
799.6399999991695,0.6742870723933195
799.6499999991694,0.280400582880685
799.6599999991694,0.6339061249849365
799.6699999991694,0.6209934102370823
799.6799999991692,0.29559489620480456
799.6899999991692,0.6797452421025185
799.6999999991692,0.5218467440822264
799.7099999991692,0.4287868897351838
799.7199999991691,0.6905229834148475
799.7299999991691,0.38127883784377975
799.7399999991691,0.5591880768595647
799.749999999169,0.6690377781890382
799.7599999991689,0.2726695226085603
799.7699999991689,0.6423365730567622
799.7799999991689,0.6102443224182476
799.7899999991688,0.30973111222903377
799.7999999991688,0.6828525989530088
799.8099999991688,0.5048931888855575
799.8199999991687,0.4479570304154231
799.8299999991686,0.6893591994953816
799.8399999991686,0.3628016339809434
799.8499999991686,0.5724476056018029
799.8599999991685,0.663586733175197
799.8699999991685,0.268410351310859
799.8799999991685,0.6493200882080618
799.8899999991684,0.5996433692943659
799.8999999991684,0.32430874953295724
799.9099999991683,0.6851421949806143
799.9199999991683,0.4887857155899469
799.9299999991682,0.46502416539889185
799.9399999991682,0.6878060397413361
799.9499999991682,0.34667239661286003
799.9599999991681,0.5837398446737818
799.9699999991681,0.658082203609993
799.9799999991681,0.26698259877033415
799.989999999168,0.6550662327134248
799.9999999991679,0.5893839833894101
