Wavelength_nm,Reflection
500.0,0.5852480942404378
500.00999999999993,0.5051393077366397
500.01999999999987,0.404353869932157
500.02999999999986,0.3079080052490666
500.0399999999998,0.2646546484720683
500.0499999999998,0.3051072445548674
500.0599999999997,0.4008413319855869
500.0699999999997,0.5024777561907391
500.07999999999964,0.5837908934978897
500.0899999999996,0.6400928405236394
500.09999999999957,0.6744465249464588
500.1099999999995,0.6904660278853498
500.1199999999995,0.6901362290797874
500.1299999999994,0.673377357362708
500.1399999999994,0.6380336562675458
500.14999999999935,0.5803167820673888
500.1599999999993,0.49714710222027586
500.1699999999993,0.39392342045479645
500.1799999999992,0.29906519724268943
500.1899999999992,0.26393725326637774
500.19999999999914,0.31419832431849626
500.2099999999991,0.4145685230834727
500.21999999999906,0.515640427166842
500.229999999999,0.5942261148501686
500.239999999999,0.6474779484137488
500.2499999999989,0.6789831345453969
500.2599999999989,0.6922910984253299
500.26999999999884,0.6891069458529909
500.27999999999884,0.6689664585154014
500.28999999999877,0.6292705429773852
500.2999999999987,0.5659364328652029
500.3099999999987,0.47658178746513435
500.31999999999863,0.3703151692563934
500.3299999999986,0.28296956654129285
500.33999999999855,0.26753863314121046
500.34999999999854,0.33583428295064405
500.3599999999985,0.4416324070233874
500.3699999999984,0.5391769142818579
500.3799999999984,0.6116106919645323
500.38999999999834,0.6589355841258402
500.39999999999833,0.6852474593277985
500.40999999999826,0.6937612465297296
500.41999999999825,0.6855981331019343
500.4299999999982,0.6596072358532392
500.4399999999981,0.612501602052966
500.4499999999981,0.5400192505217462
500.45999999999805,0.4419031518666951
500.46999999999804,0.33502648991325445
500.479999999998,0.26624481994552307
500.48999999999796,0.28316455631093873
500.4999999999979,0.372986639071992
500.50999999999783,0.4808434203566467
500.5199999999978,0.5705646069583539
500.52999999999776,0.6335027828106535
500.53999999999775,0.6723961327708042
500.5499999999977,0.6914290133782246
500.5599999999977,0.6931053621494153
500.5699999999976,0.6776238229084702
500.57999999999754,0.6428331821552333
500.58999999999753,0.5846291534365213
500.59999999999746,0.49933487250758035
500.60999999999746,0.39219545829069635
500.6199999999974,0.294101352697892
500.6299999999974,0.2615289715582778
500.6399999999973,0.31964046017489417
500.64999999999725,0.42612964985948304
500.65999999999724,0.5287515071900069
500.6699999999972,0.6059616578827935
500.67999999999716,0.6566597013545564
500.6899999999971,0.685163557966599
500.6999999999971,0.695068656337268
500.709999999997,0.6877414331953207
500.71999999999696,0.6620982479861777
500.72999999999695,0.6147235629870954
500.7399999999969,0.5410329807061616
500.7499999999969,0.4405335744038804
500.7599999999968,0.3311208952317142
500.7699999999968,0.26304741501913204
500.77999999999673,0.28546138934308113
500.78999999999667,0.38085587970051743
500.79999999999666,0.49071259422584523
500.8099999999966,0.5796858961870168
500.8199999999966,0.6407554652807801
500.8299999999965,0.6774490947360264
500.8399999999965,0.6940948511969806
500.84999999999644,0.6930089573667478
500.8599999999964,0.6739950912513024
500.86999999999637,0.634343675863255
500.8799999999963,0.5694444762365223
500.8899999999963,0.4762127961500964
500.8999999999962,0.36446393852938186
500.9099999999962,0.2752531928193146
500.91999999999615,0.2676595963914834
500.9299999999961,0.34798557475902603
500.9399999999961,0.46023589100799506
500.949999999996,0.5578231303552347
500.959999999996,0.6271551505232519
500.96999999999593,0.6703520099445065
500.9799999999959,0.6921368562557365
500.98999999999586,0.6955363662978331
500.9999999999958,0.6810214661183237
501.0099999999958,0.6464309571587828
501.0199999999957,0.5873376168107466
501.0299999999957,0.49952466706959403
501.03999999999564,0.38838752303194257
501.04999999999563,0.28803481607952497
501.05999999999557,0.260208480562622
501.0699999999955,0.3275924640654956
501.0799999999955,0.4397912502858603
501.0899999999954,0.5429043497244797
501.0999999999954,0.6178914018945492
501.10999999999535,0.6654885224681871
501.11999999999534,0.690603830947147
501.1299999999953,0.6967324237359483
501.1399999999952,0.6847685484232587
501.1499999999952,0.652873904100348
501.15999999999514,0.5967408277869243
501.1699999999951,0.5116534723174381
501.17999999999506,0.40098156303009286
501.18999999999505,0.2954348688826535
501.199999999995,0.25759969962830015
501.2099999999949,0.3183580878424754
501.2199999999949,0.43061004921191637
501.22999999999485,0.5365958333717316
501.23999999999484,0.6143446410813991
501.24999999999477,0.6639183587441836
501.25999999999476,0.6903629130918216
501.2699999999947,0.6974060611119686
501.27999999999463,0.6861007292848685
501.2899999999946,0.6546704734544863
501.29999999999455,0.5987517637368657
501.30999999999455,0.513416726931436
501.3199999999945,0.4017617158131503
501.32999999999447,0.29484301115218864
501.3399999999944,0.2568788463693724
501.34999999999434,0.3193133433759999
501.35999999999433,0.4331575099914093
501.36999999999426,0.5396270941153168
501.37999999999425,0.6170914381779151
501.3899999999942,0.6660453735065678
501.3999999999942,0.6917088260021316
501.4099999999941,0.6977987043944347
501.41999999999405,0.6852400935353213
501.42999999999404,0.6520319394140524
501.439999999994,0.593541004827426
501.44999999999396,0.5048600659853862
501.4599999999939,0.3905764425276299
501.4699999999939,0.2861260129327902
501.4799999999938,0.25831301281561025
501.48999999999376,0.3308159972469427
501.49999999999375,0.44746707549371584
501.5099999999937,0.5517830912947991
501.5199999999937,0.6258383013511187
501.5299999999936,0.671573388286834
501.5399999999936,0.6943485590667041
501.54999999999353,0.6975905568133547
501.55999999999347,0.6817856853966425
501.56999999999346,0.6444022087832714
501.5799999999934,0.5803456532547687
501.5899999999934,0.48519073442010063
501.5999999999933,0.3675168058077519
501.6099999999933,0.27167982390974
501.61999999999324,0.26544446985889963
501.6299999999932,0.35438813643339095
501.63999999999317,0.4729967826306343
501.6499999999931,0.571872078659767
501.6599999999931,0.6394439148825581
501.669999999993,0.6795357385049
501.679999999993,0.6974177209182505
501.68999999999295,0.695893811705473
501.6999999999929,0.6746754354485257
501.7099999999929,0.6303876343986751
501.7199999999928,0.5574183414713543
501.7299999999928,0.452985795178783
501.73999999999273,0.33382947283146525
501.7499999999927,0.25746271728768627
501.75999999999266,0.2844147488690982
501.7699999999926,0.3914123232393464
501.7799999999926,0.5081095068797153
501.7899999999925,0.5977239718519444
501.7999999999925,0.6560389295841615
501.80999999999244,0.6883893180577721
501.81999999999243,0.6995133770243919
501.82999999999237,0.6912140992720937
501.8399999999923,0.6620698627086873
501.8499999999923,0.6075908717773036
501.8599999999922,0.5220201638919694
501.8699999999922,0.4070447873024329
501.87999999999215,0.2942454332706754
501.88999999999214,0.25407923559392553
501.8999999999921,0.32160861748691194
501.909999999992,0.4411887800999432
501.919999999992,0.5496738825904356
501.92999999999194,0.6263603234283728
501.9399999999919,0.6732359649554173
501.94999999999186,0.6961309075707445
501.95999999999185,0.6986953088600366
501.9699999999918,0.6813289247473785
501.9799999999917,0.6411130764359094
501.9899999999917,0.5723859457944307
501.99999999999164,0.4708478746606722
502.00999999999163,0.348926591781047
502.01999999999157,0.2607172664978371
502.02999999999156,0.27512588486657275
502.0399999999915,0.3793674342479989
502.0499999999914,0.4996451244917243
502.0599999999914,0.59329875462322
502.06999999999135,0.6543796116802697
502.07999999999134,0.6883618863364439
502.0899999999913,0.7003555654853859
502.09999999999127,0.6923741833652087
502.1099999999912,0.6630013177158968
502.11999999999114,0.6075427183252697
502.1299999999911,0.5199261969034156
502.13999999999106,0.4021554963851842
502.14999999999105,0.288712624382403
502.159999999991,0.25413813317449613
502.169999999991,0.32961765922204656
502.1799999999909,0.45249183177682273
502.18999999999085,0.5600018081229577
502.19999999999084,0.634206735053897
502.20999999999077,0.6783919990068199
502.21999999999076,0.6985779712002086
502.2299999999907,0.6981425726994125
502.2399999999907,0.6769712850291059
502.2499999999906,0.6314433393406247
502.25999999999055,0.5553355687805539
502.26999999999055,0.4456678014032079
502.2799999999905,0.3225083217077448
502.28999999999047,0.2521629185484464
502.2999999999904,0.2949191743662195
502.3099999999904,0.4124270089611765
502.31999999999033,0.5296671999924198
502.32999999999026,0.6150780434606427
502.33999999999025,0.6681546500134976
502.3499999999902,0.695219094109342
502.3599999999902,0.7007262029876017
502.3699999999901,0.6856233884657236
502.3799999999901,0.6472155326276694
502.38999999999004,0.5796254007494085
502.39999999999,0.4776426343189514
502.40999999998996,0.35244842296398055
502.4199999999899,0.2597025362734265
502.4299999999899,0.2739466400993917
502.4399999999898,0.3820714257288974
502.4499999999898,0.5050935252139053
502.45999999998975,0.5991709762278293
502.4699999999897,0.659336896751291
502.4799999999897,0.6917453025764494
502.4899999999896,0.7016287480552801
502.4999999999896,0.6907343301539782
502.50999999998953,0.6570565465659332
502.51999999998947,0.5950997484585802
502.52999999998946,0.49868667919935333
502.5399999999894,0.3740522793794766
502.5499999999894,0.26879193470796753
502.5599999999893,0.26300982623285785
502.5699999999893,0.36233316996321346
502.57999999998924,0.4883436275958073
502.5899999999892,0.5882667470790789
502.59999999998917,0.6532932400196262
502.6099999999891,0.6892550646092465
502.6199999999891,0.701888446734255
502.629999999989,0.6934598070007619
502.639999999989,0.6623785592438635
502.64999999998895,0.6033751005716195
502.6599999999889,0.5098421288590347
502.6699999999889,0.3856875770360703
502.6799999999888,0.2744343381854011
502.6899999999888,0.25842968133892924
502.69999999998873,0.35307989394189504
502.7099999999887,0.4806652051190223
502.71999999998866,0.5835749230340724
502.7299999999886,0.6509343714797928
502.7399999999886,0.6884485415794817
502.7499999999885,0.7021230911963848
502.7599999999885,0.6944469491779129
502.76999999998844,0.663944850250151
502.77999999998843,0.6053351708705411
502.78999999998837,0.5118056065496245
502.7999999999883,0.3868862054954285
502.8099999999883,0.2743042690731155
502.8199999999882,0.25809941605483855
502.8299999999882,0.35403482590698576
502.83999999998815,0.48259761434226456
502.84999999998814,0.5856324308034643
502.8599999999881,0.6526387637911616
502.869999999988,0.6895895275895171
502.879999999988,0.7025399077168853
502.88999999998794,0.6938862224194718
502.8999999999879,0.661947701866594
502.90999999998786,0.6011599072359703
502.91999999998785,0.504670299782208
502.9299999999878,0.377550034641653
502.9399999999877,0.26825461868436407
502.9499999999877,0.26213620309548147
502.95999999998764,0.36532615191086243
502.96999999998764,0.49407115140055863
502.97999999998757,0.5942642894119508
502.98999999998756,0.6582130888389371
502.9999999999875,0.692487879668422
503.00999999998743,0.7029365125642456
503.0199999999874,0.6915251912890872
503.02999999998735,0.6560272363826535
503.03999999998734,0.590331012792629
503.0499999999873,0.4878823794322642
503.05999999998727,0.35786248004591564
503.0699999999872,0.25831816424908727
503.07999999998714,0.27289219095015366
503.0899999999871,0.3874052559899392
503.09999999998706,0.514363854417808
503.10999999998705,0.6085888620046503
503.119999999987,0.6669109017921504
503.129999999987,0.6965131648455959
503.1399999999869,0.7027017957914294
503.14999999998685,0.6866509194467703
503.15999999998684,0.6452320695402767
503.16999999998677,0.5715963641087887
503.17999999998676,0.460364121528401
503.1899999999867,0.32888795011656236
503.1999999999867,0.24924683992121147
503.2099999999866,0.29428964226774057
503.21999999998656,0.42035755756542204
503.22999999998655,0.5419548564384774
503.2399999999865,0.6270795126244898
503.24999999998647,0.6775069683357338
503.2599999999864,0.7006325384564905
503.2699999999864,0.7008079591036834
503.27999999998633,0.67803055857333
503.28999999998626,0.6279154205814096
503.29999999998626,0.5429294293535717
503.3099999999862,0.4209935478705991
503.3199999999862,0.29406935668276657
503.3299999999861,0.24897967631930726
503.3399999999861,0.33015943085018323
503.34999999998604,0.46295835047654005
503.359999999986,0.5744603580469598
503.36999999998596,0.6477080569134802
503.3799999999859,0.6884086202471743
503.3899999999859,0.7034477400220409
503.3999999999858,0.6957670418313087
503.4099999999858,0.663783225488997
503.41999999998575,0.6015665207383439
503.4299999999857,0.5016427459623817
503.4399999999857,0.3699874290587275
503.4499999999856,0.26165834562298523
503.4599999999856,0.2674867768128327
503.46999999998553,0.3817109354879768
503.4799999999855,0.5121132451513839
503.48999999998546,0.6088270251320653
503.4999999999854,0.6681597896399247
503.5099999999854,0.6977624295946054
503.5199999999853,0.7031880314652666
503.5299999999853,0.6855070734024175
503.53999999998524,0.641147493716568
503.54999999998523,0.5626467611361023
503.55999999998517,0.4451727390182592
503.5699999999851,0.31215724137390205
503.5799999999851,0.24651983428342839
503.589999999985,0.3122882448095037
503.599999999985,0.4455509809374675
503.60999999998495,0.5632162955766301
503.61999999998494,0.6417690921409608
503.6299999999849,0.6860455025094351
503.6399999999848,0.7034919398475026
503.6499999999848,0.6975981951128738
503.65999999998473,0.6671065034929051
503.6699999999847,0.6061409128080057
503.67999999998466,0.5067954633162771
503.68999999998465,0.37390847139156236
503.6999999999846,0.26227732803087966
503.7099999999845,0.2664273635613754
503.7199999999845,0.38221836008869
503.72999999998444,0.5142017479482978
503.73999999998443,0.6112915716723631
503.74999999998437,0.6702232261485597
503.75999999998436,0.6989954502598988
503.7699999999843,0.7031875637789033
503.7799999999842,0.6836417266688541
503.7899999999842,0.6363308994685335
503.79999999998415,0.5533239978040692
503.80999999998414,0.430745517598695
503.8199999999841,0.2983569624068902
503.82999999998407,0.24717975198044895
503.839999999984,0.32925426328808777
503.84999999998394,0.465848136170799
503.8599999999839,0.5791047342694896
503.86999999998386,0.6521359163414545
503.87999999998385,0.6915485943446451
503.8899999999838,0.7045265402572317
503.8999999999838,0.6937563833421134
503.9099999999837,0.6569266443369114
503.91999999998365,0.587061646049352
503.92999999998364,0.4768091290269224
503.93999999998357,0.339494144956818
503.94999999998356,0.24879589038268946
503.9599999999835,0.2907749502454355
503.9699999999835,0.42217423014737687
503.9799999999834,0.5478023504785856
503.98999999998335,0.6336306406231449
503.99999999998334,0.6827492038055056
504.0099999999833,0.7033217194022919
504.01999999998327,0.6995910988390908
504.0299999999832,0.6707167093001511
504.0399999999832,0.6108498507683644
504.04999999998313,0.5115412060524389
504.05999999998306,0.37660710939347225
504.06999999998305,0.26184608841605833
504.079999999983,0.266726773553837
504.089999999983,0.3862144979785841
504.0999999999829,0.5199043742186926
504.1099999999829,0.6165151340374403
504.11999999998284,0.6740182476380412
504.1299999999828,0.7009168499464851
504.13999999998276,0.7026912715964126
504.1499999999827,0.6796910694239598
504.1599999999827,0.6270618902797824
504.1699999999826,0.5362066795103086
504.1799999999826,0.4057616990630759
504.18999999998255,0.27794292598119363
504.1999999999825,0.25396329029412096
504.2099999999825,0.35949767264821797
504.2199999999824,0.49753415859008493
504.2299999999824,0.6024306583391623
504.23999999998233,0.666586230244759
504.2499999999823,0.6983699888931068
504.25999999998226,0.7041703217221706
504.2699999999822,0.6852263970416336
504.2799999999822,0.6374285865813509
504.2899999999821,0.5523128686066167
504.2999999999821,0.4258133101588998
504.30999999998204,0.29148195678931293
504.31999999998203,0.24833304145037025
504.32999999998196,0.34221979558395005
504.3399999999819,0.48221865495988026
504.3499999999819,0.5927071754767713
504.3599999999818,0.6614334712755153
504.3699999999818,0.6964684289330941
504.37999999998175,0.704794780917102
504.38999999998174,0.6882238583078474
504.3999999999817,0.6430904009535027
504.4099999999816,0.5610383861746338
504.4199999999816,0.43672157955999663
504.42999999998153,0.2993721900872181
504.4399999999815,0.24637114502664006
504.44999999998146,0.3339055143486823
504.45999999998145,0.4748701600600749
504.4699999999814,0.5882492755259613
504.4799999999813,0.6592200286254747
504.4899999999813,0.6957144603906206
504.49999999998124,0.7050218854860459
504.50999999998123,0.6891923705710881
504.51999999998117,0.6446767679341344
504.52999999998116,0.5630680462130369
504.5399999999811,0.4386692610810891
504.549999999981,0.3002549030595188
504.559999999981,0.24615765860732347
504.56999999998095,0.3341217568835314
504.57999999998094,0.4758820640539279
504.5899999999809,0.5894703517180279
504.59999999998087,0.6602309825446304
504.6099999999808,0.6963060432872934
504.61999999998073,0.7050129776627643
504.6299999999807,0.6882907615572421
504.63999999998066,0.6423586440640076
504.64999999998065,0.5585593895224858
504.6599999999806,0.43169414858652383
504.6699999999806,0.2939705030958706
504.6799999999805,0.2476019295445669
504.68999999998044,0.3429013257070305
504.69999999998043,0.4852122899381138
504.70999999998037,0.5962675026169828
504.71999999998036,0.6643516328917932
504.7299999999803,0.6981274703193265
504.7399999999803,0.7046369280642522
504.7499999999802,0.685340310888639
504.75999999998015,0.6358635049276349
504.76999999998014,0.5471389782706306
504.7799999999801,0.415629760741685
504.78999999998007,0.28149312436200485
504.79999999998,0.2524579557911822
504.80999999998,0.3607261988167258
504.8199999999799,0.502368121424603
504.82999999997986,0.608026894865268
504.83999999997985,0.6710779835542743
504.8499999999798,0.700755907553379
504.8599999999798,0.7034686163366518
504.8699999999797,0.6798116182630977
504.8799999999797,0.6244515619499941
504.88999999997964,0.5279092252031858
504.89999999997957,0.3903176273940732
504.90999999997956,0.2653518301378323
504.9199999999795,0.26408648641096566
504.9299999999795,0.38807403653730566
504.9399999999794,0.5263059018708752
504.9499999999794,0.6236632587295755
504.95999999997935,0.6795606265736424
504.9699999999793,0.7034804353508716
504.97999999997927,0.7007783631638168
504.9899999999792,0.6707811838595991
504.9999999999792,0.606854616201372
505.00999999997913,0.4995100106919844
505.0199999999791,0.35622400269306975
505.02999999997905,0.2504017882997303
505.039999999979,0.28667421955801065
505.049999999979,0.4246894289577901
505.0599999999789,0.5553503872092898
505.0699999999789,0.6417061115736791
505.07999999997884,0.6886719074586362
505.08999999997883,0.7053209948366123
505.09999999997876,0.695499049538674
505.1099999999787,0.6568455510828766
505.1199999999787,0.5811923205559835
505.1299999999786,0.4603872774593861
505.1399999999786,0.31574367421154154
505.14999999997855,0.24437521356152966
505.15999999997854,0.3236128354360983
505.1699999999785,0.4689375311559884
505.1799999999784,0.5872561179481597
505.1899999999784,0.660432224839721
505.19999999997833,0.6970755414832871
505.2099999999783,0.7050256431283466
505.21999999997826,0.686148505979642
505.22999999997825,0.6359790092716405
505.2399999999782,0.5449368343873444
505.2499999999781,0.40965116429942333
505.2599999999781,0.2753750043440771
505.26999999997804,0.256867111287399
505.27999999997803,0.37537526301200586
505.28999999997797,0.5176775354454004
505.29999999997796,0.6194510957334748
505.3099999999779,0.6780131309772847
505.3199999999778,0.7032669194383142
505.3299999999778,0.7010156888560968
505.33999999997775,0.6706767066802662
505.34999999997774,0.6053421392782998
505.3599999999777,0.4951793994945405
505.36999999997767,0.3492878249023463
505.3799999999776,0.24784369858330624
505.38999999997753,0.29534090765052146
505.3999999999775,0.43824063939878677
505.40999999997746,0.5668356417478358
505.41999999997745,0.6493728677389516
505.4299999999774,0.6926200300862435
505.4399999999774,0.7055443442070897
505.4499999999773,0.6912389089425854
505.45999999997724,0.6462082514399098
505.46999999997723,0.5611553394553297
505.47999999997717,0.4299465622717133
505.48999999997716,0.2885072148531198
505.4999999999771,0.25046332371238605
505.5099999999771,0.35950496892656475
505.519999999977,0.5052147957495258
505.52999999997695,0.6123637606520546
505.53999999997694,0.6747309275425718
505.5499999999769,0.7024234594063133
505.55999999997687,0.7018652804015942
505.5699999999768,0.6728822857267756
505.5799999999768,0.6086994560370775
505.5899999999767,0.49914284209341386
505.59999999997666,0.35225660117072066
505.60999999997665,0.2482802368964823
505.6199999999766,0.29524929765219765
505.6299999999766,0.43948728266727144
505.6399999999765,0.5687071544357614
505.6499999999765,0.6510043894160562
505.65999999997643,0.6935594329583468
505.66999999997637,0.705435634337478
505.67999999997636,0.6895317120260819
505.6899999999763,0.6419076016376397
505.6999999999763,0.5527855976793385
505.7099999999762,0.41720621746240416
505.7199999999762,0.2785163431949232
505.72999999997614,0.2562152211534079
505.7399999999761,0.3764961589681027
505.74999999997607,0.5209561713173249
505.759999999976,0.6229317451264791
505.769999999976,0.680487944990771
505.7799999999759,0.7040090323860764
505.7899999999759,0.6991456327371786
505.79999999997585,0.664638803056624
505.8099999999758,0.5925206182782305
505.8199999999758,0.4731014824201482
505.8299999999757,0.3240021671674613
505.8399999999757,0.2444620165244861
505.84999999997564,0.32320926875687817
505.8599999999756,0.47244299300215004
505.86999999997556,0.5922566615970413
505.8799999999755,0.664618439041023
505.8899999999755,0.699173087105521
505.8999999999754,0.7038733383306457
505.9099999999754,0.679875678842119
505.91999999997535,0.62128894229407
505.92999999997534,0.5174672297107242
505.93999999997527,0.37124242940385166
505.9499999999752,0.2537628091218418
505.9599999999752,0.284204631883491
505.96999999997513,0.42677730032722627
505.9799999999751,0.5609741165432245
505.98999999997505,0.6473522824385151
505.999999999975,0.6922526208684687
506.009999999975,0.7053149155563256
506.0199999999749,0.6898099391489961
506.0299999999749,0.6417919895783537
506.03999999997484,0.5511522959875549
506.04999999997483,0.4130644983403404
506.05999999997476,0.27464701941707204
506.0699999999747,0.26019834643076467
506.0799999999747,0.38706541751935963
506.0899999999746,0.531177472094211
506.0999999999746,0.6301022520578334
506.10999999997455,0.6844148285682524
506.11999999997454,0.7047104828683627
506.1299999999745,0.6960437205858311
506.1399999999744,0.6561507776180016
506.1499999999744,0.5759167253988561
506.15999999997433,0.4468280033055127
506.1699999999743,0.29885583554778095
506.17999999997426,0.2485600269639705
506.18999999997425,0.3552493037516098
506.1999999999742,0.5048196223334002
506.2099999999741,0.6142403625282161
506.2199999999741,0.6767025677056865
506.22999999997404,0.703046102047765
506.23999999997403,0.6997536421328736
506.24999999997397,0.6659331955125206
506.25999999997396,0.5934671683374685
506.2699999999739,0.4721853846498645
506.2799999999738,0.32093021764723695
506.2899999999738,0.24507574569145152
506.29999999997375,0.33192029122373257
506.30999999997374,0.4834927482370372
506.3199999999737,0.601007236829909
506.32999999997367,0.6700214618433215
506.3399999999736,0.7011024840191699
506.34999999997353,0.7017977782121593
506.3599999999735,0.6722549580950677
506.36999999997346,0.605159088712184
506.37999999997345,0.48964732321079074
506.3899999999734,0.3378697112069574
506.3999999999734,0.24562612548780155
506.4099999999733,0.3166504897590307
506.41999999997324,0.4683156147844914
506.42999999997323,0.591417830087195
506.43999999997317,0.6651029459428256
506.44999999997316,0.6994686737692886
506.4599999999731,0.7027773793858305
506.4699999999731,0.6758688063754725
506.479999999973,0.6119461671245129
506.48999999997295,0.49986404591604083
506.49999999997294,0.3482560548503328
506.5099999999729,0.24711962629329462
506.51999999997287,0.3085950269384525
506.5299999999728,0.45994979860363455
506.5399999999728,0.5861889419866949
506.5499999999727,0.6624617741209906
506.55999999997266,0.698537978401638
506.56999999997265,0.7030688098791164
506.5799999999726,0.6772253998587422
506.5899999999726,0.6144010296277335
506.5999999999725,0.5033133247506298
506.6099999999725,0.3515292540207141
506.61999999997244,0.24778345492022985
506.62999999997237,0.3070627817259879
506.63999999997236,0.4586932956090557
506.6499999999723,0.5856972659989065
506.6599999999723,0.6623615873230425
506.6699999999722,0.6984988552167483
506.6799999999722,0.7028380887501623
506.68999999997214,0.6765082653984524
506.6999999999721,0.6127428383457442
506.70999999997207,0.500182601361139
506.719999999972,0.34757518216131217
506.729999999972,0.2471666176371795
506.73999999997193,0.3118696935931441
506.7499999999719,0.4645680922028924
506.75999999997185,0.5899629942061207
506.7699999999718,0.6647966439278399
506.7799999999718,0.6993290590373697
506.7899999999717,0.7020460759382375
506.7999999999717,0.6736478082061964
506.80999999997164,0.6068509824597056
506.8199999999716,0.4903410653091102
506.82999999997156,0.33660515850165745
506.8399999999715,0.2461124524664849
506.8499999999715,0.32341154180649545
506.8599999999714,0.4773385376526955
506.8699999999714,0.5986509991826361
506.87999999997135,0.6694930696978459
506.88999999997134,0.7007969218017511
506.89999999997127,0.7004479050269875
506.9099999999712,0.6683171169770258
506.9199999999712,0.5962602303162418
506.92999999997113,0.4733708557060999
506.9399999999711,0.319305430355645
506.94999999997106,0.2467684733025695
506.95999999997105,0.342452123113659
506.969999999971,0.4964503364720816
506.9799999999709,0.6110882462552745
506.9899999999709,0.6759292834359477
506.99999999997084,0.7024692370883667
507.00999999997083,0.6975859020592804
507.01999999997076,0.6599088744630751
507.02999999997076,0.5801409421914002
507.0399999999707,0.4486839104217012
507.0499999999706,0.2972728167551087
507.0599999999706,0.25251005655573044
507.06999999997055,0.3696602096463125
507.07999999997054,0.5209369203063238
507.0899999999705,0.6263036603062855
507.09999999997046,0.6833716702427747
507.1099999999704,0.7037209062591816
507.11999999997033,0.6927709481244616
507.1299999999703,0.6474898587291855
507.13999999997026,0.557280805984047
507.14999999997025,0.4158197079427103
507.1599999999702,0.27373608718234
507.1699999999702,0.26748753960845484
507.1799999999701,0.4050120913281243
507.18999999997004,0.5493725502713797
507.19999999997003,0.6430959451325597
507.20999999996997,0.6909171624716739
507.21999999996996,0.703737317956154
507.2299999999699,0.6850430991132017
507.2399999999699,0.6297297882959795
507.2499999999698,0.5261182320707662
507.25999999996975,0.37511715704636484
507.26999999996974,0.2543575772555944
507.2799999999697,0.29549274635303857
507.28999999996967,0.4473016819629183
507.2999999999696,0.5799375371180047
507.3099999999696,0.6601233582709654
507.3199999999695,0.6975293762656047
507.32999999996946,0.7014963801144402
507.33999999996945,0.6730987363923328
507.3499999999694,0.604811594213027
507.3599999999694,0.48496340411351
507.3699999999693,0.3290394677208507
507.3799999999693,0.2473753458684318
507.38999999996923,0.338233714561454
507.39999999996917,0.49404592147939
507.40999999996916,0.610600666946516
507.4199999999691,0.6759935604424422
507.4299999999691,0.7020505458453018
507.439999999969,0.6957130638679349
507.449999999969,0.6551709271765555
507.45999999996894,0.57037110348803
507.4699999999689,0.43273439173430966
507.47999999996887,0.28423799727367777
507.4899999999688,0.26175503613971407
507.4999999999688,0.3938893942950176
507.5099999999687,0.5419046230009196
507.5199999999687,0.6393523348251181
507.52999999996865,0.6893213655858325
507.5399999999686,0.7031683746671065
507.5499999999686,0.684725288574307
507.5599999999685,0.6288614800051665
507.5699999999685,0.5236417215853231
507.57999999996844,0.37084879245207836
507.5899999999684,0.2532705260677658
507.59999999996836,0.3027407148602368
507.6099999999683,0.4571737217679808
507.6199999999683,0.5874153394745802
507.6299999999682,0.6643878004603558
507.6399999999682,0.6987223858925129
507.64999999996814,0.6993139876203697
507.65999999996814,0.6662986727578253
507.66999999996807,0.5909810548422764
507.679999999968,0.46232157407485214
507.689999999968,0.3069484272677507
507.69999999996793,0.25245360930541344
507.7099999999679,0.36738852277982376
507.71999999996785,0.5211677559152701
507.72999999996784,0.6276496916176539
507.7399999999678,0.6841618028738983
507.7499999999677,0.7027166485750257
507.7599999999677,0.6884625856626928
507.76999999996764,0.6373447472322452
507.77999999996763,0.5376647112954844
507.78999999996756,0.38737685439117053
507.79999999996755,0.2591000535135837
507.8099999999675,0.2924623768395383
507.8199999999674,0.4448640331946772
507.8299999999674,0.5796613258681886
507.83999999996735,0.6604973361985296
507.84999999996734,0.6972852816740077
507.8599999999673,0.6995181291190619
507.86999999996726,0.6678061220261288
507.8799999999672,0.593648217688611
507.88999999996713,0.4656736671745814
507.8999999999671,0.3093789155551833
507.90999999996706,0.25288783866422604
507.91999999996705,0.3677143807862768
507.929999999967,0.5220548990429984
507.939999999967,0.6285059637346236
507.9499999999669,0.6845378106423458
507.95999999996684,0.7022676250340179
507.96999999996683,0.6866774691461104
507.97999999996676,0.6333015597733489
507.98999999996676,0.5301154780534608
507.9999999999667,0.3772139062156667
508.0099999999667,0.255734117316299
508.0199999999666,0.3028735627564564
508.02999999996655,0.4584085705008932
508.03999999996654,0.5891919932320879
508.0499999999665,0.6655911242936948
508.05999999996646,0.6986257509622248
508.0699999999664,0.697100414946046
508.0799999999664,0.660540795142424
508.0899999999663,0.5793257913135579
508.09999999996626,0.44341857898125925
508.10999999996625,0.29097013204442046
508.1199999999662,0.262243900914676
508.1299999999662,0.39453713390057304
508.1399999999661,0.5441661429451241
508.1499999999661,0.6414687234263895
508.15999999996603,0.6899968781394752
508.16999999996597,0.7013072902251719
508.17999999996596,0.6786424820907968
508.1899999999659,0.6155875482079439
508.1999999999659,0.4996672237575491
508.2099999999658,0.3416461915672523
508.2199999999658,0.25023899029045016
508.22999999996574,0.3375463416765603
508.2399999999657,0.4958501813278144
508.24999999996567,0.6133111572851306
508.2599999999656,0.6775327997162837
508.2699999999656,0.7009318906888623
508.2799999999655,0.6900761974492703
508.2899999999655,0.6417747962740906
508.29999999996545,0.5443656310134218
508.3099999999654,0.3942414950264486
508.3199999999654,0.2623450398839798
508.3299999999653,0.293638474851345
508.3399999999653,0.4473684373535425
508.34999999996523,0.5824896089357885
508.3599999999652,0.6622957158710339
508.36999999996516,0.6972424403613975
508.3799999999651,0.6966716606162079
508.3899999999651,0.6603848856100205
508.399999999965,0.5786879027065147
508.409999999965,0.4415245866000861
508.41999999996494,0.289284720242343
508.42999999996493,0.26586851341073003
508.43999999996487,0.4020630338623666
508.4499999999648,0.5506094945008092
508.4599999999648,0.6453468779754512
508.4699999999647,0.691292859347408
508.4799999999647,0.6998093405557332
508.48999999996465,0.673374993816597
508.49999999996464,0.6045203128843439
508.5099999999646,0.48090746817973207
508.5199999999645,0.322053119259462
508.5299999999645,0.253404216029813
508.53999999996444,0.3627747018026697
508.5499999999644,0.5194032607679494
508.55999999996436,0.6277740398036776
508.56999999996435,0.6840099740637997
508.5799999999643,0.7005637439943685
508.5899999999642,0.6822323974156679
508.5999999999642,0.6236620811482082
508.60999999996415,0.5122183086645441
508.61999999996414,0.3543651240558314
508.62999999996407,0.2526079223298927
508.63999999996406,0.33122001592053224
508.649999999964,0.49054586781844683
508.65999999996393,0.6106700965735254
508.6699999999639,0.6762336098375749
508.67999999996385,0.6997958248490859
508.68999999996385,0.688081221248147
508.6999999999638,0.6375953951007943
508.70999999996377,0.5362403721000901
508.7199999999637,0.3827222648134594
508.72999999996364,0.2588659037966569
508.73999999996363,0.30777114773927744
508.74999999996356,0.4654608152906252
508.75999999996355,0.5950794412679626
508.7699999999635,0.6687235174771435
508.7799999999635,0.6982056703917172
508.7899999999634,0.6917704546394892
508.79999999996335,0.6474651803072804
508.80999999996334,0.553976645859154
508.8199999999633,0.40555570307094174
508.82999999996326,0.26800197477964044
508.8399999999632,0.29169822943855644
508.8499999999632,0.44519073579354557
508.8599999999631,0.5819324734965321
508.86999999996306,0.662145226444726
508.87999999996305,0.6963575661325249
508.889999999963,0.6939346526505074
508.899999999963,0.6541190386923263
508.9099999999629,0.5663365829787462
508.9199999999629,0.42236772722929344
508.92999999996283,0.2768954025141024
508.93999999996277,0.2816854264424004
508.94999999996276,0.4303742322426748
508.9599999999627,0.57198752740477
508.9699999999627,0.6570455588750006
508.9799999999626,0.6946876742948808
508.9899999999626,0.6950317773402998
508.99999999996254,0.6581534780709524
509.0099999999625,0.5740238757774287
509.01999999996247,0.43314426790434735
509.0299999999624,0.2835230538149137
509.0399999999624,0.2763665745134068
509.0499999999623,0.42131880092551743
509.0599999999623,0.5657920558030076
509.06999999996225,0.6538267068129849
509.0799999999622,0.6935024464049107
509.0899999999622,0.6953648833766265
509.0999999999621,0.6599503358873748
509.1099999999621,0.5775074673380852
509.11999999996203,0.438018278527697
509.129999999962,0.28676710205592887
509.13999999996196,0.27472183853849813
509.1499999999619,0.4181198032165161
509.1599999999619,0.5636645613789094
509.1699999999618,0.6527252507822064
509.1799999999618,0.692973879820764
509.18999999996174,0.6950934378525478
509.19999999996173,0.659700596255101
509.20999999996167,0.577021188241382
509.2199999999616,0.43710226451791634
509.2299999999616,0.2862162337131949
509.2399999999615,0.27629899135752906
509.2499999999615,0.4207652598965197
509.25999999996145,0.565690919071377
509.26999999996144,0.6537998013041187
509.2799999999614,0.6931357723038943
509.2899999999613,0.6942383449607487
509.2999999999613,0.6574165655666026
509.30999999996124,0.572569211643118
509.3199999999612,0.4304272927559918
509.32999999996116,0.28206261188372006
509.33999999996115,0.2812848784781166
509.3499999999611,0.4291820334688687
509.359999999961,0.5717270653600703
509.369999999961,0.6569287468542375
509.37999999996094,0.693883206681671
509.38999999996093,0.6926828846781257
509.39999999996087,0.6529336566536332
509.4099999999608,0.5639297982939023
509.4199999999608,0.41795959877359506
509.4299999999607,0.2751223209445551
509.4399999999607,0.2904510006327368
509.44999999996065,0.4432074276425735
509.45999999996064,0.5814042765939434
509.4699999999606,0.6618181157116519
509.4799999999605,0.6949756299643199
509.4899999999605,0.6901699376514979
509.49999999996044,0.6459022481995893
509.5099999999604,0.550658601224126
509.51999999996036,0.3996981538228555
509.52999999996035,0.26696381011599807
509.5399999999603,0.3049685014197644
509.5499999999602,0.46250087079445723
509.5599999999602,0.5941397501255326
509.56999999996015,0.668018430479036
509.57999999996014,0.696042091163465
509.58999999996007,0.6862941007186497
509.59999999996006,0.6357694033182029
509.60999999996,0.5321018855023693
509.61999999995993,0.3758869306951878
509.6299999999599,0.26007835742727076
509.63999999995985,0.3260742717277397
509.64999999995985,0.486436612210892
509.6599999999598,0.6091591799332129
509.66999999995977,0.6749480513257401
509.6799999999597,0.6965854688831995
509.68999999995964,0.6804856500105158
509.69999999995963,0.62175079257101
509.70999999995956,0.5074459336523096
509.71999999995955,0.3474005419767341
509.7299999999595,0.2579399788413528
509.7399999999595,0.35460603628141935
509.7499999999594,0.5140322590680226
509.75999999995935,0.6255363178695562
509.76999999995934,0.6819185772272934
509.7799999999593,0.6959808560598457
509.78999999995926,0.671981950195548
509.7999999999592,0.6027972188678024
509.8099999999592,0.4758604939530139
509.8199999999591,0.31635492731223575
509.82999999995906,0.26469664481829697
509.83999999995905,0.39051676792748846
509.849999999959,0.5439594927777454
509.859999999959,0.6422473755700304
509.8699999999589,0.6881556721564681
509.8799999999589,0.6934616844671572
509.88999999995883,0.6597814226169747
509.89999999995877,0.5775730141004097
509.90999999995876,0.43685188035303985
509.9199999999587,0.2868781884730741
509.9299999999587,0.28423379445265
509.9399999999586,0.43257236946525024
509.9499999999586,0.5746495031792753
509.95999999995854,0.6582291709815736
509.9699999999585,0.692806781122346
509.97999999995847,0.6880856980036273
509.9899999999584,0.6425774479259292
509.9999999999584,0.5444976547008659
510.0099999999583,0.39102177088668383
510.0199999999583,0.2656252024373543
510.02999999995825,0.31866958879832735
510.0399999999582,0.4784231107672717
510.0499999999582,0.6044605734066616
510.0599999999581,0.6724238633862285
510.0699999999581,0.6949259322339062
510.07999999995803,0.6786718162483191
510.089999999958,0.6186802259080156
510.09999999995796,0.5019827963572223
510.1099999999579,0.3414477354784923
510.1199999999579,0.26106280537625665
510.1299999999578,0.366983504908744
510.1399999999578,0.5250644626754123
510.14999999995774,0.6318447679891422
510.15999999995773,0.6837925204987277
510.16999999995767,0.6934249203259323
510.1799999999576,0.6636998487026121
510.1899999999576,0.5859694817328066
510.1999999999575,0.44916175757708415
510.2099999999575,0.2955430220032126
510.21999999995745,0.28050886530665603
510.22999999995744,0.4248362869579712
510.2399999999574,0.5694757309695376
510.2499999999573,0.6554522432134774
510.2599999999573,0.6912833183878532
510.26999999995724,0.6869791275080769
510.2799999999572,0.6411741519198105
510.28999999995716,0.5420205551532489
510.29999999995715,0.38763844840413825
510.3099999999571,0.2659445848883094
510.319999999957,0.3256954702110599
510.329999999957,0.4859612884403927
510.33999999995694,0.6091380532746024
510.34999999995694,0.6741391482832672
510.35999999995687,0.6937438480798553
510.36999999995686,0.6738760477799584
510.3799999999568,0.6084905382117309
510.38999999995673,0.48479595064773584
510.3999999999567,0.3246822897515584
510.40999999995665,0.26715747314313804
510.41999999995664,0.3904502671484337
510.4299999999566,0.5442455049989608
510.43999999995657,0.6422465395247978
510.4499999999565,0.6868757365987366
510.45999999995644,0.6897671143651113
510.4699999999564,0.6518030638029889
510.47999999995636,0.5624753337310556
510.48999999995635,0.41477450122291515
510.4999999999563,0.2764537460978418
510.5099999999563,0.30652401853884914
510.5199999999562,0.4633788389234568
510.52999999995615,0.5951986041944093
510.53999999995614,0.6676160456643478
510.54999999995607,0.6925656656669265
510.55999999995606,0.6774580766209868
510.569999999956,0.6176194644260126
510.579999999956,0.5001424107654018
510.5899999999559,0.3396676708152335
510.59999999995586,0.26515239560319287
510.60999999995585,0.37672622429953073
510.6199999999558,0.5333134263964112
510.62999999995577,0.6362656889047964
510.6399999999557,0.6843869390871837
510.6499999999557,0.6897810785276869
510.65999999995563,0.6541156099152452
510.66999999995556,0.5673505999172921
510.67999999995556,0.4215609872449215
510.6899999999555,0.2803301955405771
510.6999999999555,0.3040806868902551
510.7099999999554,0.4597532035267945
510.7199999999554,0.5929059893714623
510.72999999995534,0.6663062579323284
510.7399999999553,0.6916316104872599
510.74999999995526,0.6764017412307558
510.7599999999552,0.6158999753685006
510.7699999999552,0.49726817997517353
510.7799999999551,0.3369246412657351
510.7899999999551,0.2673630484188218
510.79999999995505,0.3828956506396405
510.809999999955,0.5383096172397879
510.819999999955,0.6388562800366516
510.8299999999549,0.6847837673546565
510.8399999999549,0.6878973111793918
510.84999999995483,0.6491542593227477
510.8599999999548,0.5578976461131866
510.86999999995476,0.40841249326459184
510.8799999999547,0.27532729696612024
510.8899999999547,0.3166714450091413
510.8999999999546,0.47508995353533584
510.9099999999546,0.6024932619273984
510.91999999995454,0.6703343589403465
510.92999999995453,0.6909750145771542
510.93999999995447,0.6706609880545505
510.9499999999544,0.6031983829338052
510.9599999999544,0.476170977691165
510.9699999999543,0.317744078338998
510.9799999999543,0.27588143555893785
510.98999999995425,0.40873281797761724
510.99999999995424,0.5580869210562243
511.0099999999542,0.6490375729092143
511.0199999999541,0.687250750028889
511.0299999999541,0.6832321100711786
511.03999999995403,0.6356990263115824
511.049999999954,0.5326317363106868
511.05999999995396,0.37600233655063114
511.06999999995395,0.2680143163191026
511.0799999999539,0.34756808715015974
511.0899999999538,0.5074144138223283
511.0999999999538,0.6215805505680403
511.10999999995374,0.6778669798166898
511.11999999995373,0.6889317796236205
511.12999999995367,0.6582033801524663
511.13999999995366,0.5767657342982171
511.1499999999536,0.43522125175355925
511.1599999999535,0.2892230214898559
511.1699999999535,0.30071314658811543
511.17999999995345,0.4535083427162161
511.18999999995344,0.5888155752517387
511.1999999999534,0.6637130795381705
511.20999999995337,0.6892681053734698
511.2199999999533,0.6730623943161864
511.22999999995324,0.6100878039456235
511.2399999999532,0.4877456457723016
511.24999999995316,0.3284663869789976
511.25999999995315,0.2744902038636283
511.2699999999531,0.4005905963760002
511.2799999999531,0.5519375268581117
511.289999999953,0.6455870895530177
511.29999999995295,0.6853837846943786
511.30999999995294,0.6820973517638981
511.31999999995287,0.6346759642750177
511.32999999995286,0.5311775540307984
511.3399999999528,0.3744660200576589
511.3499999999528,0.2697970779091798
511.3599999999527,0.35337637414931306
511.36999999995265,0.5125670737011234
511.37999999995264,0.6243078495353496
511.3899999999526,0.6782021292163977
511.39999999995257,0.6867014442543619
511.4099999999525,0.6524466058590602
511.4199999999525,0.5657483490982254
511.42999999995243,0.4195099793221286
511.43999999995236,0.2825070937526556
511.44999999995235,0.31587499460125357
511.4599999999523,0.4726914320983209
511.4699999999523,0.6007800438556123
511.4799999999522,0.6685279449660411
511.4899999999522,0.6879607508767408
511.49999999995214,0.6649765240684351
511.5099999999521,0.5926585010481
511.51999999995206,0.45967225670406886
511.529999999952,0.3061610091794842
511.539999999952,0.29025423297096387
511.5499999999519,0.4344444152230503
511.5599999999519,0.576010639314692
511.56999999995185,0.6571105688151749
511.5799999999518,0.6867516253548946
511.5899999999518,0.6735164120227024
511.5999999999517,0.613289732452984
511.6099999999517,0.4935906113539229
511.61999999995163,0.33463137047063835
511.6299999999516,0.27640443516155505
511.63999999995156,0.3997745791687167
511.6499999999515,0.55107772964876
511.6599999999515,0.6446760105332983
511.6699999999514,0.6838085199286456
511.6799999999514,0.6790529231386558
511.68999999995134,0.6289016279053573
511.69999999995133,0.5212627132611065
511.70999999995126,0.363434742940042
511.7199999999512,0.27237011210978584
511.7299999999512,0.3701169065159817
511.7399999999511,0.5270615662824083
511.7499999999511,0.6319343424987439
511.75999999995105,0.6797662562759262
511.76999999995104,0.6823699962072327
511.779999999951,0.6405467972104033
511.7899999999509,0.5432659050933386
511.7999999999509,0.38984604159104724
511.80999999995083,0.2752621849626731
511.8199999999508,0.34619560503965824
511.82999999995076,0.5049581625197332
511.83999999995075,0.6195687399609192
511.8499999999507,0.6751825411304011
511.8599999999506,0.6840960722076526
511.8699999999506,0.6490702588763533
511.87999999995054,0.5603410143245947
511.88999999995053,0.412472711388248
511.89999999995047,0.2821217833674422
511.90999999995046,0.3280245171250999
511.9199999999504,0.48560166105186875
511.9299999999503,0.6082133574702981
511.9399999999503,0.6705462476132519
511.94999999995025,0.6847362852782484
511.95999999995024,0.6551343466556382
511.9699999999502,0.5731981116482956
511.97999999995017,0.430757315565864
511.9899999999501,0.2904466506259707
511.99999999995003,0.31507902511517516
512.00999999995,0.4696178811745853
512.01999999995,0.5984274514025604
512.02999999995,0.6662763464663778
512.0399999999499,0.6846924106586614
512.0499999999498,0.6592462775207776
512.0599999999498,0.5824376951461451
512.0699999999498,0.4445922661117888
512.0799999999497,0.298376281547984
512.0899999999497,0.3065522137954755
512.0999999999497,0.45741889262002355
512.1099999999497,0.590672059467105
512.1199999999495,0.6627156728882398
512.1299999999495,0.6842740029882902
512.1399999999495,0.6617808884445071
512.1499999999494,0.5885256909073918
512.1599999999494,0.4540697601391125
512.1699999999494,0.30466518838150086
512.1799999999494,0.30160544532645933
512.1899999999492,0.44923310997467525
512.1999999999492,0.58529315273181
512.2099999999492,0.660122924660339
512.2199999999491,0.683703821348334
512.2299999999491,0.6629971069881218
512.2399999999491,0.5917907058103059
512.2499999999491,0.4593359932948601
512.259999999949,0.30857417261934006
512.2699999999489,0.29955939900422246
512.2799999999489,0.4451542313797658
512.2899999999488,0.5825122791161697
512.2999999999488,0.6586654014050926
512.3099999999488,0.6831200106319412
512.3199999999488,0.6630487928333583
512.3299999999487,0.5924285823484214
512.3399999999486,0.4605141398446523
512.3499999999486,0.30976169422999705
512.3599999999485,0.3000110669818086
512.3699999999485,0.44518897779174926
512.3799999999485,0.5824234135303427
512.3899999999485,0.6584140996756456
512.3999999999484,0.6825768146113426
512.4099999999484,0.6619910235655263
512.4199999999483,0.5905077168085706
512.4299999999482,0.4576708234733538
512.4399999999482,0.3082138674029085
512.4499999999482,0.30288455263317565
512.4599999999482,0.4492873089349524
512.4699999999481,0.584993792137696
512.4799999999481,0.6593419866729452
512.489999999948,0.6820449040692111
512.4999999999479,0.6597826923834043
512.5099999999479,0.585972727002738
512.5199999999479,0.45081251548021933
512.5299999999479,0.3042255493343224
512.5399999999478,0.30842710925343175
512.5499999999478,0.4573466117702881
512.5599999999478,0.5900670228867017
512.5699999999476,0.661325646673342
512.5799999999476,0.6814117375583536
512.5899999999476,0.656285863919994
512.5999999999476,0.5786462614062134
512.6099999999475,0.43990842697101745
512.6199999999475,0.29843122438023695
512.6299999999475,0.31715482100535325
512.6399999999473,0.4691904100564616
512.6499999999473,0.597368148253562
512.6599999999473,0.6641499951245647
512.6699999999473,0.68048174154658
512.6799999999472,0.6512618967177044
512.6899999999472,0.568230482956187
512.6999999999472,0.4249454686560801
512.7099999999471,0.29187339950462193
512.719999999947,0.3297446640331585
512.729999999947,0.4845305077766432
512.739999999947,0.6065116570314681
512.7499999999469,0.6675152912889567
512.7599999999469,0.6789755052533633
512.7699999999469,0.6443640378073594
512.7799999999468,0.5543122005711058
512.7899999999468,0.40602953716582496
512.7999999999467,0.2860793167466099
512.8099999999467,0.3468702544799598
512.8199999999466,0.5029275971542502
512.8299999999466,0.617013862665583
512.8399999999466,0.67104516091187
512.8499999999465,0.676526642930301
512.8599999999465,0.6351262410985868
512.8699999999465,0.5363801085817352
512.8799999999464,0.3835547217208072
512.8899999999463,0.2830891678803818
512.8999999999463,0.36899330556617876
512.9099999999463,0.5237673733804964
512.9199999999462,0.6283101978714339
512.9299999999462,0.6742937426147629
512.9399999999462,0.6726745145276877
512.9499999999462,0.6229487932530192
512.959999999946,0.5138710785348868
512.969999999946,0.35846183689457495
512.979999999946,0.28534696997079834
512.9899999999459,0.39615024707703284
512.9999999999459,0.5462654298234716
513.0099999999459,0.6397760561645824
513.0199999999459,0.676749448831782
513.0299999999457,0.6668507058779164
513.0399999999457,0.6070838978484824
513.0499999999457,0.486277517460605
513.0599999999456,0.3325833297096406
513.0699999999456,0.29535771114960874
513.0799999999456,0.4277996080994663
513.0899999999456,0.5695047561319786
513.0999999999455,0.650747577117297
513.1099999999454,0.6778322779479123
513.1199999999454,0.6583573000377038
513.1299999999453,0.5866307063966651
513.1399999999453,0.45337111234239846
513.1499999999453,0.30899306988740083
513.1599999999453,0.3150826682700843
513.1699999999452,0.46279689479245395
513.1799999999452,0.5924975982505913
513.1899999999451,0.6605370827938079
513.199999999945,0.6768812170860611
513.209999999945,0.6463361776711418
513.219999999945,0.5605635253000117
513.229999999945,0.41562352171568545
513.2399999999449,0.2921233182523146
513.2499999999449,0.3452174405497734
513.2599999999449,0.499524249617254
513.2699999999447,0.6142538913732999
513.2799999999447,0.6684372499027728
513.2899999999447,0.6731281423477963
513.2999999999447,0.6297325471049232
513.3099999999446,0.527846507427396
513.3199999999446,0.37489720826735384
513.3299999999446,0.2872405287814616
513.3399999999444,0.3846903278662582
513.3499999999444,0.5361362070201545
513.3599999999444,0.633835620616195
513.3699999999444,0.6737084787668229
513.3799999999443,0.6656550983560093
513.3899999999443,0.6072667398781927
513.3999999999443,0.4877426904054252
513.4099999999441,0.3353407467535917
513.4199999999441,0.2989514974711374
513.4299999999441,0.4307260480545294
513.4399999999441,0.5708313057932421
513.449999999944,0.6503807294933682
513.459999999944,0.6755447667927751
513.469999999944,0.6533341433644435
513.4799999999439,0.5774554428716151
513.4899999999438,0.44050218047042766
513.4999999999438,0.3039954237815986
513.5099999999438,0.3290782133617771
513.5199999999437,0.47952474121691213
513.5299999999437,0.6020560343823806
513.5399999999437,0.6630881834450498
513.5499999999436,0.6730142480687283
513.5599999999436,0.634756811920101
513.5699999999435,0.5387859778588929
513.5799999999435,0.38863946888795375
513.5899999999434,0.2899601768722237
513.5999999999434,0.3752106835708278
513.6099999999434,0.5272153629683104
513.6199999999433,0.6285887947367322
513.6299999999433,0.671162830579139
513.6399999999433,0.6649719858290223
513.6499999999432,0.6081838377658795
513.6599999999431,0.4902721916552978
513.6699999999431,0.33869893372424326
513.6799999999431,0.30100463002026306
513.689999999943,0.4312601366562653
513.699999999943,0.5706140242426859
513.709999999943,0.6495034330167848
513.719999999943,0.6737218312281957
513.7299999999428,0.649948129290208
513.7399999999428,0.5716100069639951
513.7499999999428,0.4327976932660385
513.7599999999427,0.3022459187043843
513.7699999999427,0.33876038332303776
513.7799999999427,0.4897860639310651
513.7899999999427,0.6075295251517645
513.7999999999425,0.66404332260208
513.8099999999425,0.6696641219268414
513.8199999999425,0.6260355514025417
513.8299999999424,0.5231945930529524
513.8399999999424,0.371623631654826
513.8499999999424,0.2931470724430079
513.8599999999424,0.3966313546148978
513.8699999999423,0.5444140337863851
513.8799999999422,0.6366556710845716
513.8899999999422,0.6714401244610795
513.8999999999421,0.6575058898154282
513.9099999999421,0.5908691163680078
513.9199999999421,0.462609126157177
513.9299999999421,0.3192594891661139
513.939999999942,0.3195884690322674
513.949999999942,0.4630515547987035
513.9599999999419,0.5909863568283199
513.9699999999418,0.6572357104614026
513.9799999999418,0.6706972088660886
513.9899999999418,0.6352035867478111
513.9999999999418,0.5419795963120666
514.0099999999417,0.3941199928047502
514.0199999999417,0.2945475312186241
514.0299999999417,0.3767351181734032
514.0399999999415,0.5270714408219692
514.0499999999415,0.6274019638994006
514.0599999999415,0.6686613941583424
514.0699999999415,0.6603443519846095
514.0799999999414,0.6000644663517346
514.0899999999414,0.4782421655303489
514.0999999999414,0.3311821949147758
514.1099999999412,0.3124573058989618
514.1199999999412,0.4491330643296835
514.1299999999412,0.5816283158300698
514.1399999999412,0.6528256468125725
514.1499999999411,0.6700812612469362
514.1599999999411,0.6381837049433091
514.1699999999411,0.5490957367304121
514.179999999941,0.40371046977175523
514.1899999999409,0.2973228311500183
514.1999999999409,0.3703284867382107
514.2099999999409,0.5205575451535124
514.2199999999408,0.6235202396841395
514.2299999999408,0.6668370816022402
514.2399999999408,0.6600256158830093
514.2499999999407,0.6011500484486519
514.2599999999406,0.4807810391938289
514.2699999999406,0.33407065743329595
514.2799999999406,0.31327703521066946
514.2899999999405,0.44846540537718427
514.2999999999405,0.5807424575014564
514.3099999999405,0.651837329162187
514.3199999999404,0.6687304684385211
514.3299999999404,0.6360581959963442
514.3399999999403,0.5457767486906892
514.3499999999403,0.40020180671880584
514.3599999999402,0.2984831606728903
514.3699999999402,0.37627271565763987
514.3799999999402,0.5253315453881943
514.3899999999401,0.6255408541698915
514.3999999999401,0.6663789599027312
514.40999999994,0.6569513658616187
514.41999999994,0.5946274125228896
514.4299999999399,0.47074177473823675
514.4399999999399,0.3277739613090953
514.4499999999399,0.3213303837557928
514.4599999999398,0.46070352712546736
514.4699999999398,0.5881885671596268
514.4799999999398,0.6541661555850065
514.4899999999398,0.6665184564646777
514.4999999999396,0.628648681469536
514.5099999999396,0.5319009471897119
514.5199999999396,0.3842889719739139
514.5299999999395,0.2997425647159623
514.5399999999395,0.3946380180566863
514.5499999999395,0.5405462661654691
514.5599999999395,0.6327209810516822
514.5699999999393,0.6666589611854342
514.5799999999393,0.6504192371851114
514.5899999999393,0.5796335700316271
514.5999999999392,0.4479649066004026
514.6099999999392,0.3154106856867263
514.6199999999392,0.3392743596982053
514.6299999999391,0.4848860837134191
514.639999999939,0.6024683096798963
514.649999999939,0.6586062818560916
514.659999999939,0.6622872129876017
514.6699999999389,0.6145322196834296
514.6799999999389,0.5061629059318697
514.6899999999389,0.3581378700911555
514.6999999999388,0.3071270566633068
514.7099999999388,0.42596943632549455
514.7199999999388,0.5640503307978855
514.7299999999387,0.6431505902795331
514.7399999999386,0.6660396548226369
514.7499999999386,0.6385807599918766
514.7599999999386,0.5539932175601013
514.7699999999385,0.41255403477874547
514.7799999999385,0.30444162101381184
514.7899999999385,0.3712841948009854
514.7999999999384,0.5188163748219838
514.8099999999383,0.6208696983144428
514.8199999999383,0.6629560057663799
514.8299999999383,0.6538063295681359
514.8399999999382,0.5909584387826445
514.8499999999382,0.4667363304132387
514.8599999999382,0.3278410530428486
514.8699999999382,0.32955396057726183
514.879999999938,0.46929896503169755
514.889999999938,0.5923581571484534
514.899999999938,0.6539535630325398
514.9099999999379,0.6618858870020495
514.9199999999379,0.6182906740281436
514.9299999999379,0.514492515186824
514.9399999999379,0.36758941004129925
514.9499999999377,0.3075260830500277
514.9599999999377,0.4194432552990587
514.9699999999377,0.5584533847417453
514.9799999999376,0.6397362692300322
514.9899999999376,0.6641164614739175
514.9999999999376,0.6376156469235325
515.0099999999376,0.5538204987171693
515.0199999999375,0.41347992532018446
515.0299999999374,0.3070120958666561
515.0399999999374,0.374259515495282
515.0499999999373,0.5204359291075271
515.0599999999373,0.620926155051285
515.0699999999373,0.6614939194984286
515.0799999999373,0.6504421848419437
515.0899999999372,0.5848847568074493
515.0999999999372,0.4583358667154673
515.1099999999371,0.3245698992025276
515.119999999937,0.33873782810177155
515.129999999937,0.4801476518961318
515.139999999937,0.5981733708277408
515.149999999937,0.6548082010235946
515.1599999999369,0.6580290532879094
515.1699999999369,0.6086935889762001
515.1799999999369,0.49840903940654036
515.1899999999367,0.3538523451587607
515.1999999999367,0.31637524247040283
515.2099999999367,0.4399498323053742
515.2199999999367,0.5722399331915595
515.2299999999366,0.6447266973265708
515.2399999999366,0.6613940357355373
515.2499999999366,0.6264440665964861
515.2599999999364,0.532371125039989
515.2699999999364,0.3884651555061171
515.2799999999364,0.30812499926241105
515.2899999999364,0.4024657387688539
515.2999999999363,0.544047401821271
515.3099999999363,0.631858897309264
515.3199999999363,0.6613641984512466
515.3299999999361,0.6392577226795133
515.3399999999361,0.5602248059059632
515.3499999999361,0.4236139441036509
515.3599999999361,0.31239771160588986
515.369999999936,0.3701375836450704
515.379999999936,0.5146765130359189
515.389999999936,0.6168013212913764
515.3999999999359,0.6586291096470809
515.4099999999358,0.6481021118710215
515.4199999999358,0.5825670043624731
515.4299999999358,0.4564039876905094
515.4399999999357,0.3259943960335304
515.4499999999357,0.3447412185894093
515.4599999999357,0.4853117607633765
515.4699999999356,0.6001628985134173
515.4799999999356,0.6537845656286246
515.4899999999355,0.653788364231121
515.4999999999355,0.6001856430051938
515.5099999999354,0.4854414634615031
515.5199999999354,0.3452985098854814
515.5299999999354,0.32705647408530275
515.5399999999353,0.45713715491717677
515.5499999999353,0.5825714747015565
515.5599999999353,0.6473640573046268
515.5699999999352,0.6569938398218441
515.5799999999351,0.6138692693184798
515.5899999999351,0.5102948428478644
515.5999999999351,0.36714110941267664
515.609999999935,0.3168242157246149
515.619999999935,0.4312066106195075
515.629999999935,0.5646634492013324
515.639999999935,0.6398585807819833
515.6499999999348,0.6582886362607242
515.6599999999348,0.6243307686703752
515.6699999999348,0.5310627704013645
515.6799999999347,0.38917009677968645
515.6899999999347,0.312973518008676
515.6999999999347,0.4083245893679953
515.7099999999347,0.5470606644106295
515.7199999999345,0.6317265333226207
515.7299999999345,0.6581581705316792
515.7399999999345,0.632185522368483
515.7499999999344,0.5480923218101054
515.7599999999344,0.40985338495701645
515.7699999999344,0.3139851215207643
515.7799999999344,0.3889713428559708
515.7899999999343,0.5303408278279518
515.7999999999342,0.6233958724107966
515.8099999999342,0.6570197906201614
515.8199999999341,0.6379526059072096
515.8299999999341,0.5618162573981779
515.8399999999341,0.42831147838558514
515.8499999999341,0.3182403189892724
515.859999999934,0.37329141692003104
515.869999999934,0.5150088691984904
515.879999999934,0.6152609128947699
515.8899999999338,0.6552336638801827
515.8999999999338,0.6420638844535993
515.9099999999338,0.5726671680061443
515.9199999999338,0.4441164434873682
515.9299999999337,0.32426499295215216
515.9399999999337,0.3611419875556193
515.9499999999337,0.501475952466573
515.9599999999335,0.607676144557356
515.9699999999335,0.6531090089946504
515.9799999999335,0.6448743048762718
515.9899999999335,0.5810361367403057
515.9999999999334,0.45712078443320764
516.0099999999334,0.33085215136541923
516.0199999999334,0.3521803749138888
516.0299999999332,0.49005037490236053
516.0399999999332,0.6009492140272791
516.0499999999332,0.6509069384584169
516.0599999999332,0.6466707983194651
516.0699999999331,0.5872552619277518
516.0799999999331,0.46733265374648236
516.0899999999331,0.33709111191854724
516.099999999933,0.3459643484372081
516.1099999999329,0.48094110619039376
516.1199999999329,0.5953347185520383
516.1299999999329,0.648841111942094
516.1399999999328,0.64767910204199
516.1499999999328,0.5915920766234654
516.1599999999328,0.4748328189404294
516.1699999999327,0.34234327894756483
516.1799999999326,0.34204360695283964
516.1899999999326,0.47427143463813276
516.1999999999326,0.5910297863868614
516.2099999999325,0.6470772152249721
516.2199999999325,0.6480686108151653
516.2299999999325,0.5942493591140007
516.2399999999324,0.4797229704215143
516.2499999999324,0.3461974118012063
516.2599999999323,0.34003043364295027
516.2699999999323,0.47009806721085395
516.2799999999322,0.5881717240276105
516.2899999999322,0.6457320447727667
516.2999999999322,0.6479556445262762
516.3099999999321,0.595366982630207
516.3199999999321,0.4820956315899765
516.329999999932,0.3484251650102214
516.339999999932,0.33964641932419015
516.3499999999319,0.46843044627039393
516.3599999999319,0.5868374619273652
516.3699999999319,0.6448727370869212
516.3799999999318,0.6474055496773512
516.3899999999318,0.5950241856036071
516.3999999999318,0.48201854220698287
516.4099999999318,0.34894754144917906
516.4199999999316,0.3407474662432428
516.4299999999316,0.46924578787704696
516.4399999999316,0.5870442417220914
516.4499999999315,0.6445164631481927
516.4599999999315,0.6464339734739141
516.4699999999315,0.5932415709703008
516.4799999999315,0.4795290893071597
516.4899999999313,0.3478164489453306
516.4999999999313,0.3433308449283787
516.5099999999313,0.4724969087074795
516.5199999999312,0.5887509840382055
516.5299999999312,0.6446307261803446
516.5399999999312,0.6450075278792652
516.5499999999312,0.5899826489713003
516.559999999931,0.4746366577194766
516.569999999931,0.345211996898671
516.579999999931,0.3475270993815891
516.5899999999309,0.47811178951821204
516.5999999999309,0.591859990219114
516.6099999999309,0.6451342561405489
516.6199999999309,0.6430439317029638
516.6299999999308,0.5851550652369388
516.6399999999308,0.4673327020175602
516.6499999999307,0.34145405260033346
516.6599999999306,0.35357762769105194
516.6699999999306,0.48598567444883123
516.6799999999306,0.5962189369658801
516.6899999999306,0.6458983744952076
516.6999999999305,0.6404116035235243
516.7099999999305,0.5786119737510826
516.7199999999305,0.45761007752241345
516.7299999999303,0.33702449186996586
516.7399999999303,0.36179720351060657
516.7499999999303,0.49596811619357406
516.7599999999303,0.6016233772133117
516.7699999999302,0.646748592059077
516.7799999999302,0.636928596401126
516.7899999999302,0.5701544753429094
516.79999999993,0.4454948273795323
516.80999999993,0.3325933771188317
516.81999999993,0.3725207020556727
516.82999999993,0.5078485545074434
516.8399999999299,0.6078200481349072
516.8499999999299,0.6474660879866998
516.8599999999299,0.632360746921689
516.8699999999297,0.5595368228668052
516.8799999999297,0.43109508691000764
516.8899999999297,0.3290373129506143
516.8999999999297,0.38603564649765426
516.9099999999296,0.5213445305289017
516.9199999999296,0.6145111505641954
516.9299999999296,0.6477885985863852
516.9399999999295,0.6264190081870062
516.9499999999294,0.546477434044231
516.9599999999294,0.41467239033959563
516.9699999999294,0.32743190204503514
516.9799999999293,0.40250693643306434
516.9899999999293,0.5360962505708662
516.9999999999293,0.6213594232412846
517.0099999999292,0.647410135680848
517.0199999999292,0.6187562490222699
517.0299999999291,0.5306809652386347
517.0399999999291,0.39673882523225273
517.049999999929,0.3289951915551997
517.059999999929,0.42190597858982903
517.069999999929,0.5516698209642913
517.0799999999289,0.6279933758291889
517.0899999999289,0.6459788907425562
517.0999999999289,0.6089645148185653
517.1099999999288,0.5118801160957274
517.1199999999287,0.3781760487650995
517.1299999999287,0.3349609961249888
517.1399999999287,0.44396060267606546
517.1499999999286,0.5675692861647796
517.1599999999286,0.6340115904166703
517.1699999999286,0.6430927259630476
517.1799999999286,0.5965752004874182
517.1899999999284,0.4899105064583217
517.1999999999284,0.3603547114117715
517.2099999999284,0.34637750117792127
517.2199999999283,0.46814121802316777
517.2299999999283,0.5832551649496895
517.2399999999283,0.6389846752862974
517.2499999999283,0.638291921377141
517.2599999999281,0.5810673771309869
517.2699999999281,0.46483679883129264
517.2799999999281,0.34520239701858785
517.289999999928,0.36386076792294286
517.299999999928,0.4936908332738975
517.309999999928,0.5981652233552116
517.319999999928,0.6424533428679707
517.3299999999278,0.631049562899599
517.3399999999278,0.561894600297834
517.3499999999278,0.43714895662373876
517.3599999999277,0.33513179018736977
517.3699999999277,0.38737392353755556
517.3799999999277,0.5196937039170895
517.3899999999277,0.611732339643446
517.3999999999276,0.6439212356810258
517.4099999999275,0.620761575701913
517.4199999999275,0.538549173494363
517.4299999999274,0.40803318944944594
517.4399999999274,0.3327282178255649
517.4499999999274,0.4161231460546221
517.4599999999274,0.5451649368603032
517.4699999999273,0.6233946799854301
517.4799999999273,0.6428416029765469
517.4899999999272,0.60674184434813
517.4999999999271,0.510695829334339
517.5099999999271,0.3796726350706318
517.5199999999271,0.3401599558518321
517.5299999999271,0.4486330568021344
517.539999999927,0.569137283248931
517.549999999927,0.632594719682916
517.559999999927,0.6385979442994995
517.5699999999268,0.5882348452962077
517.5799999999268,0.47842132964398143
517.5899999999268,0.3554285852733583
517.5999999999268,0.3584456136773198
517.6099999999267,0.48298964681462514
517.6199999999267,0.5907240478053579
517.6299999999267,0.6387653647953145
517.6399999999265,0.6304808833432787
517.6499999999265,0.5644716551731868
517.6599999999265,0.44264779674215204
517.6699999999265,0.33961953806820827
517.6799999999264,0.38690778120329195
517.6899999999264,0.5171625315410106
517.6999999999264,0.6091461310259358
517.7099999999263,0.641303131562317
517.7199999999262,0.6176682689049359
517.7299999999262,0.534818714143986
517.7399999999262,0.4057035905278868
517.7499999999261,0.336599819323823
517.7599999999261,0.4231586937497914
517.7699999999261,0.5492914383065978
517.779999999926,0.623721586390791
517.789999999926,0.6395301382481389
517.799999999926,0.5992259246182485
517.8099999999259,0.49910228952276664
517.8199999999258,0.3718614790063063
517.8299999999258,0.34918565804879426
517.8399999999258,0.46368824136807035
517.8499999999257,0.5778560738048913
517.8599999999257,0.6338234340928773
517.8699999999257,0.6326496811795644
517.8799999999256,0.5741684192224327
517.8899999999255,0.4582149826655404
517.8999999999255,0.347310184554333
517.9099999999255,0.3771661326266565
517.9199999999254,0.5047515565281455
517.9299999999254,0.6017104944557597
517.9399999999254,0.6388145351949721
517.9499999999254,0.6197073526382407
517.9599999999252,0.5416611585808307
517.9699999999252,0.4150431994851682
517.9799999999252,0.33879503874406086
517.9899999999251,0.41698665912055116
517.9999999999251,0.5431180644331491
518.0099999999251,0.6200110793207767
518.0199999999251,0.6379689007998738
518.0299999999249,0.5995874051329537
518.0399999999249,0.501509831804698
518.0499999999249,0.375416723729855
518.0599999999248,0.3507785666735501
518.0699999999248,0.4629784394182344
518.0799999999248,0.5764245398493559
518.0899999999248,0.6320836313998056
518.0999999999246,0.6303912391404113
518.1099999999246,0.5711145870550891
518.1199999999246,0.4551298684972818
518.1299999999245,0.3480556897298306
518.1399999999245,0.3826698879834997
518.1499999999245,0.5092887011553987
518.1599999999245,0.6031459530168819
518.1699999999244,0.6372679847145468
518.1799999999243,0.6149585340716893
518.1899999999243,0.5334121725816445
518.1999999999242,0.4070313548117094
518.2099999999242,0.3420228643919511
518.2199999999242,0.4285731962369373
518.2299999999242,0.5513086549349777
518.2399999999241,0.6223433125266219
518.2499999999241,0.6347654701892441
518.259999999924,0.590343606802777
518.2699999999239,0.48678494337695705
518.2799999999239,0.366085602482623
518.2899999999239,0.36179344167200855
518.2999999999239,0.48000974153398823
518.3099999999238,0.5860968000125683
518.3199999999238,0.6333437072969582
518.3299999999238,0.6235126868626579
518.3399999999236,0.5552671663255693
518.3499999999236,0.4344182333631358
518.3599999999236,0.34440089427796783
518.3699999999236,0.4036805249471698
518.3799999999235,0.5292868429543782
518.3899999999235,0.6120587034039324
518.3999999999235,0.6354419250261708
518.4099999999233,0.6021332330564105
518.4199999999233,0.509288448873862
518.4299999999233,0.38459639170927934
518.4399999999233,0.351695009248914
518.4499999999232,0.45759111775128897
518.4599999999232,0.571245654733962
518.4699999999232,0.6283530958243263
518.479999999923,0.627662762683241
518.489999999923,0.5691102253607362
518.499999999923,0.45460907470891343
518.509999999923,0.35119188599102896
518.5199999999229,0.38805424658888654
518.5299999999229,0.5124674559212338
518.5399999999229,0.6031775249150364
518.5499999999228,0.6343277919559484
518.5599999999228,0.608628017127453
518.5699999999227,0.5235259791160135
518.5799999999227,0.3989895450653891
518.5899999999226,0.3483616979843602
518.5999999999226,0.4429347871454713
518.6099999999226,0.5603553200602451
518.6199999999225,0.623888059383274
518.6299999999225,0.6290938980720447
518.6399999999225,0.5766687371353917
518.6499999999224,0.46700210702719014
518.6599999999223,0.3576423597960004
518.6699999999223,0.38015868695535443
518.6799999999223,0.5020655669495953
518.6899999999222,0.5970829013733604
518.6999999999222,0.6327222727309705
518.7099999999222,0.6112781850438384
518.7199999999222,0.5305776234288613
518.729999999922,0.4072694114589989
518.739999999922,0.3483966216586049
518.749999999922,0.4359980950207787
518.7599999999219,0.5545070180747114
518.7699999999219,0.6209806073190086
518.7799999999219,0.6288535282899539
518.7899999999219,0.5790921386296436
518.7999999999217,0.4718124844613497
518.8099999999217,0.36121518748210807
518.8199999999217,0.37842978434631486
518.8299999999216,0.4985614978629341
518.8399999999216,0.5945544699031027
518.8499999999216,0.6313552921000612
518.8599999999216,0.6108864149718154
518.8699999999214,0.5311885398783778
518.8799999999214,0.40885720647142404
518.8899999999214,0.3499231713384493
518.8999999999213,0.43642077601167634
518.9099999999213,0.5541292985261441
518.9199999999213,0.6200930039386424
518.9299999999213,0.6274044624235656
518.9399999999212,0.5769126081662542
518.9499999999211,0.4693534327676176
518.9599999999211,0.36116810925151843
518.969999999921,0.3820845707169259
518.979999999921,0.5019338503284757
518.989999999921,0.5957637602195475
518.999999999921,0.6304025122659515
519.0099999999209,0.6076528153596048
519.0199999999209,0.5256187526655272
519.0299999999208,0.40394175310583197
519.0399999999207,0.35277028063458865
519.0499999999207,0.44393690023611204
519.0599999999207,0.5590605549494331
519.0699999999207,0.6211194829124119
519.0799999999206,0.6246519289456008
519.0899999999206,0.5700651505098846
519.0999999999206,0.4598314901624418
519.1099999999204,0.3582472740858658
519.1199999999204,0.3913521551772674
519.1299999999204,0.511787612711125
519.1399999999204,0.6002941920422695
519.1499999999203,0.6294973864337142
519.1599999999203,0.6012014943307883
519.1699999999203,0.5136634465728857
519.1799999999201,0.39338686067188067
519.1899999999201,0.35835501354251276
519.1999999999201,0.45839950352703507
519.2099999999201,0.5685850771456866
519.21999999992,0.6234046395044994
519.22999999992,0.6199556910376238
519.23999999992,0.5579280812606213
519.2499999999199,0.44349590101007175
519.2599999999198,0.3546955532704581
519.2699999999198,0.407194072317543
519.2799999999198,0.5273089473769569
519.2899999999197,0.6071722880778687
519.2999999999197,0.6277447476173654
519.3099999999197,0.5905942633078356
519.3199999999196,0.4948170162706339
519.3299999999196,0.37912220423692783
519.3399999999195,0.36933354040328903
519.3499999999195,0.47945063077978517
519.3599999999194,0.5814358404445568
519.3699999999194,0.6257729822564099
519.3799999999194,0.6121299812397227
519.3899999999193,0.5394112569962993
519.3999999999193,0.4211674358174984
519.4099999999193,0.35438470503535857
519.4199999999192,0.430585311972478
519.4299999999191,0.547116325890893
519.4399999999191,0.6149085314774079
519.4499999999191,0.6237280394163368
519.459999999919,0.5743526038262536
519.469999999919,0.4686946462018474
519.479999999919,0.36489590704166713
519.489999999919,0.3887881248025933
519.4999999999188,0.5060301547414414
519.5099999999188,0.5958063280392573
519.5199999999188,0.6265568253527718
519.5299999999187,0.5994331417446707
519.5399999999187,0.5132014424898264
519.5499999999187,0.3952774253231233
519.5599999999187,0.3625133651370768
519.5699999999185,0.46152580628696227
519.5799999999185,0.5691570192072624
519.5899999999185,0.621546645346322
519.5999999999184,0.6154960271091948
519.6099999999184,0.550557446932149
519.6199999999184,0.4359822819641112
519.6299999999184,0.3569225869987576
519.6399999999182,0.4187667282963412
519.6499999999182,0.5360237324326613
519.6599999999182,0.6094103378795583
519.6699999999181,0.6235998755676962
519.6799999999181,0.5795759909905088
519.6899999999181,0.47843984177977666
519.6999999999181,0.37136262805358455
519.709999999918,0.38409055738578274
519.719999999918,0.49822057057002855
519.7299999999179,0.5907646105193349
519.7399999999178,0.6246985752906834
519.7499999999178,0.6005265269335461
519.7599999999178,0.5172396475096904
519.7699999999178,0.40026075302768177
519.7799999999177,0.36320340125661765
519.7899999999177,0.45860963140589217
519.7999999999176,0.5663017103289566
519.8099999999175,0.6195706553156686
519.8199999999175,0.6142108175128163
519.8299999999175,0.549886011645509
519.8399999999175,0.4363745905190838
519.8499999999174,0.35898557380558604
519.8599999999174,0.42109187234585826
519.8699999999174,0.5369862833941252
519.8799999999172,0.6088555933619397
519.8899999999172,0.6215173348225543
519.8999999999172,0.575737485660776
519.9099999999172,0.4736097244198111
519.9199999999171,0.37043420950844524
519.9299999999171,0.39006211730746854
519.9399999999171,0.5042422776944705
519.9499999999169,0.5931331327246311
519.9599999999169,0.6232515973747605
519.9699999999169,0.5950829651204691
519.9799999999169,0.5080801029521964
519.9899999999168,0.39351811064760656
519.9999999999168,0.36933837178485757
520.0099999999168,0.47006558525644165
520.0199999999166,0.5730180776581264
520.0299999999166,0.6200999793808424
520.0399999999166,0.6085744982731064
520.0499999999166,0.5378737360767728
520.0599999999165,0.42313290023812344
520.0699999999165,0.36100684687821105
520.0799999999165,0.4369740283454424
520.0899999999164,0.5492546446048644
520.0999999999163,0.6126505838299309
520.1099999999163,0.6169416553709374
520.1199999999163,0.5623913547989543
520.1299999999162,0.4547790002552786
520.1399999999162,0.3648473926595888
520.1499999999162,0.40772560507426897
520.1599999999161,0.522793453422651
520.1699999999161,0.601434760314683
520.179999999916,0.6208722582601899
520.189999999916,0.5817540163246921
520.1999999999159,0.48530963315726233
520.2099999999159,0.3786714222942965
520.2199999999159,0.3848278277153846
520.2299999999158,0.49482894703723285
520.2399999999158,0.5869723118942848
520.2499999999158,0.6209776287968484
520.2599999999157,0.5964119500072671
520.2699999999156,0.5129219771824897
520.2799999999156,0.3992818269414028
520.2899999999156,0.3699961142869381
520.2999999999155,0.466773249505113
520.3099999999155,0.5698114295242941
520.3199999999155,0.6177958362819519
520.3299999999155,0.6069264442934958
520.3399999999153,0.5368179312798467
520.3499999999153,0.4234628625031697
520.3599999999153,0.36379517107807435
520.3699999999152,0.4401517996166745
520.3799999999152,0.5505570356030544
520.3899999999152,0.6118091294679924
520.3999999999152,0.6138637103663717
520.409999999915,0.5568329286307204
520.419999999915,0.4486004088761537
520.429999999915,0.3656244555903615
520.4399999999149,0.4164297269718265
520.4499999999149,0.5298821507200774
520.4599999999149,0.6034639806191631
520.4699999999149,0.6177514587343075
520.4799999999148,0.5731515299338853
520.4899999999147,0.472882525247109
520.4999999999147,0.3740250494855832
520.5099999999146,0.39680887070106025
520.5199999999146,0.5085183246506778
520.5299999999146,0.5931882144147327
520.5399999999146,0.6190670734728883
520.5499999999145,0.5861238243066254
520.5599999999145,0.49522829848887434
520.5699999999144,0.3871348636514013
520.5799999999143,0.3820562922188915
520.5899999999143,0.4872242632932354
520.5999999999143,0.5814026029182102
520.6099999999143,0.6182398838163997
520.6199999999142,0.5961594689483618
520.6299999999142,0.5151093585163394
520.6399999999142,0.40310106205555546
520.649999999914,0.37241950032201493
520.659999999914,0.4667365409600389
520.669999999914,0.5685258400875102
520.679999999914,0.6156583720515639
520.6899999999139,0.6036721053645223
520.6999999999139,0.5323666776619501
520.7099999999139,0.42034367346377044
520.7199999999137,0.36765069472897227
520.7299999999137,0.4477114343504576
520.7399999999137,0.5549728594855435
520.7499999999137,0.6116778184832395
520.7599999999136,0.6090532870811393
520.7699999999136,0.5470646896643494
520.7799999999136,0.43766220092835
520.7899999999134,0.36712069936418207
520.7999999999134,0.4306703181219032
520.8099999999134,0.5411473903611527
520.8199999999134,0.6066263832967145
520.8299999999133,0.6126623645866687
520.8399999999133,0.5593894731032459
520.8499999999133,0.4542311214545706
520.8599999999132,0.36997631105080786
520.8699999999131,0.4159608576139613
520.8799999999131,0.5274304981276497
520.8899999999131,0.6008089528624229
520.899999999913,0.6148242809630521
520.909999999913,0.5695834616349409
520.919999999913,0.46953875976825693
520.9299999999129,0.37529296336697465
520.9399999999129,0.40374206393586726
520.9499999999128,0.5141674860247866
520.9599999999128,0.5945087925131833
520.9699999999127,0.6158307985183369
520.9799999999127,0.5779061636443037
520.9899999999127,0.48330962480629613
520.9999999999126,0.3821912651421606
521.0099999999126,0.3939947032805606
521.0199999999126,0.5016557595770237
521.0299999999125,0.5879874324470082
521.0399999999124,0.6159428154728294
521.0499999999124,0.5846118402636779
521.0599999999124,0.4954321595619402
521.0699999999123,0.38990717641336287
521.0799999999123,0.38655223189814675
521.0899999999123,0.49013597023206934
521.0999999999123,0.5814833995633432
521.1099999999121,0.6153926555808701
521.1199999999121,0.5899375853532934
521.1299999999121,0.5059004723142297
521.139999999912,0.39782107371962183
521.149999999912,0.3811436058358745
521.159999999912,0.4797880025755383
521.169999999912,0.5752104523524773
521.1799999999118,0.6143858874710196
521.1899999999118,0.5940974728474013
521.1999999999118,0.5147711265207237
521.2099999999117,0.40545784381266786
521.2199999999117,0.37743876655623915
521.2299999999117,0.4707323491075246
521.2399999999117,0.5693559086442087
521.2499999999116,0.613102583210109
521.2599999999115,0.5972800701993809
521.2699999999115,0.5221328305752745
521.2799999999114,0.41247049807805664
521.2899999999114,0.37508961400533614
521.2999999999114,0.46303639843631655
521.3099999999114,0.5640795058488096
521.3199999999113,0.6116980930927719
521.3299999999113,0.5996477102436619
521.3399999999112,0.528086014816356
521.3499999999111,0.4186169766112091
521.3599999999111,0.3737624137125814
521.3699999999111,0.4567243866714369
521.3799999999111,0.5595130339041438
521.389999999911,0.6103034750818864
521.399999999911,0.6013366051419959
521.409999999911,0.5327295048380895
521.4199999999108,0.4237363381633522
521.4299999999108,0.37316054385944575
521.4399999999108,0.4517893605209116
521.4499999999108,0.5557607741329745
521.4599999999107,0.6090257200876703
521.4699999999107,0.6024573051191436
521.4799999999107,0.5361520792143861
521.4899999999105,0.4277276664381882
521.4999999999105,0.37303855258502816
521.5099999999105,0.4482054690543452
521.5199999999104,0.5529005989500502
521.5299999999104,0.6079478876751503
521.5399999999104,0.6030952495988597
521.5499999999104,0.5384273012874138
521.5599999999102,0.4305331008770922
521.5699999999102,0.37320952545278196
521.5799999999102,0.44593914395331086
521.5899999999101,0.5509854665950581
521.5999999999101,0.6071292299638088
521.6099999999101,0.6033112947273497
521.6199999999101,0.539610520253012
521.62999999991,0.4321253098386761
521.63999999991,0.37354796588299977
521.6499999999099,0.4449581042003182
521.6599999999098,0.5500449944451006
521.6699999999098,0.6066053461648013
521.6799999999098,0.603142173225415
521.6899999999098,0.5397373240576248
521.6999999999097,0.43249922047101486
521.7099999999097,0.37399007845609533
521.7199999999096,0.4452375158442404
521.7299999999095,0.5500868135960305
521.7399999999095,0.6063883833054342
521.7499999999095,0.6026008770109066
521.7599999999095,0.5388230135728623
521.7699999999094,0.4316676741112944
521.7799999999094,0.37453278292765796
521.7899999999094,0.44676297500230666
521.7999999999092,0.551097481949563
521.8099999999092,0.6064672817890482
521.8199999999092,0.6016769678121427
521.8299999999092,0.5368628839639402
521.8399999999091,0.42966071998312055
521.8499999999091,0.3752321458902519
521.8599999999091,0.44953024595394947
521.8699999999089,0.553042844808572
521.8799999999089,0.6068080567358478
521.8899999999089,0.6003368267036228
521.8999999999089,0.5338332733871525
521.9099999999088,0.4265283792361502
521.9199999999088,0.3762012828644679
521.9299999999088,0.4535418936228804
521.9399999999087,0.5558678564435832
521.9499999999086,0.6073541031605686
521.9599999999086,0.5985238586484144
521.9699999999086,0.5296935001853113
521.9799999999085,0.42234682552440933
521.9899999999085,0.377607194103325
521.9999999999085,0.4588011401534879
522.0099999999084,0.559495992299534
522.0199999999084,0.6080265110386147
522.0299999999083,0.596158678996822
522.0399999999083,0.5243889799183444
522.0499999999082,0.41722796638146553
522.0599999999082,0.3796654845889714
522.0699999999082,0.4653034827949608
522.0799999999081,0.5638284685618713
522.0899999999081,0.608724370900148
522.099999999908,0.5931393334140411
522.109999999908,0.5178560157561006
522.1199999999079,0.4113322900574715
522.1299999999079,0.38263154420646406
522.1399999999079,0.47302684858064054
522.1499999999078,0.5687435278938977
522.1599999999078,0.6093250401468041
522.1699999999078,0.5893416511505938
522.1799999999077,0.5100290064320802
522.1899999999076,0.4048844575395068
522.1999999999076,0.3867866436173148
522.2099999999076,0.48192130900415436
522.2199999999075,0.5740960376862183
522.2299999999075,0.6096843262234438
522.2399999999075,0.5846199195239947
522.2499999999075,0.5008511203487708
522.2599999999073,0.3981903413321148
522.2699999999073,0.39241769918138897
522.2799999999073,0.49189957722946426
522.2899999999072,0.5797175780203254
522.2999999999072,0.6096365303458001
522.3099999999072,0.5788082176434035
522.3199999999072,0.49028982087705303
522.329999999907,0.3916529217898583
522.339999999907,0.3997903449252809
522.349999999907,0.502829577850302
522.3599999999069,0.5854170793521097
522.3699999999069,0.6089942953230848
522.3799999999069,0.5717229943362323
522.3899999999069,0.4783589149856214
522.3999999999068,0.3857826370967363
522.4099999999067,0.4091164902807773
522.4199999999067,0.5145302326364333
522.4299999999066,0.5909819237326419
522.4399999999066,0.6075482294743408
522.4499999999066,0.5631678646729205
522.4599999999066,0.4651488402834647
522.4699999999065,0.3811957113162774
522.4799999999065,0.4205195668859949
522.4899999999064,0.5267712046220927
522.4999999999063,0.5961792744719628
522.5099999999063,0.6050663612125039
522.5199999999063,0.5529421909152991
522.5299999999063,0.45086631545981765
522.5399999999062,0.37859243479161137
522.5499999999062,0.4340026581932325
522.5599999999062,0.5392767155311009
522.569999999906,0.6007572798754209
522.579999999906,0.6012936542256117
522.589999999906,0.5408558626892509
522.599999999906,0.4358825968488793
522.6099999999059,0.3787077731236481
522.6199999999059,0.4494258392158517
522.6299999999059,0.5517328130261983
522.6399999999057,0.6044457371223105
522.6499999999057,0.5959521419046072
522.6599999999057,0.5267538101413309
522.6699999999057,0.4207855035356911
522.6799999999056,0.3822308426705475
522.6899999999056,0.46649850022620615
522.6999999999056,0.5637967839645269
522.7099999999054,0.6069558323079569
522.7199999999054,0.5887428160571013
522.7299999999054,0.5105550302261488
522.7399999999054,0.406423295045644
522.7499999999053,0.38969883517366727
522.7599999999053,0.4847898283341988
522.7699999999053,0.5751069584433627
522.7799999999052,0.6079787221450692
522.7899999999051,0.5793513711893274
522.7999999999051,0.492311753510504
522.8099999999051,0.3939187597188978
522.819999999905,0.40138355711106777
522.829999999905,0.503756486907273
522.839999999905,0.58529104013067
522.8499999999049,0.6071830380312396
522.8599999999049,0.5674614562475028
522.8699999999048,0.4722935067271848
522.8799999999048,0.3846228906183286
522.8899999999047,0.41719975801674514
522.8999999999047,0.5227822121438179
522.9099999999047,0.5939713466296684
522.9199999999046,0.6042119586682808
522.9299999999046,0.5527814281194134
522.9399999999046,0.451095608620966
522.9499999999045,0.3799775077255189
522.9599999999044,0.43666630713408877
522.9699999999044,0.5412211365696066
522.9799999999044,0.6007658843110478
522.9899999999043,0.5986814765002606
522.9999999999043,0.5350937867691626
523.0099999999043,0.42975804122480404
523.0199999999043,0.3812765744959388
523.0299999999041,0.4589389780740272
523.0399999999041,0.5584361725894672
523.0499999999041,0.6052849214923514
523.059999999904,0.5901831673264049
523.069999999904,0.5143399055405335
523.079999999904,0.4098551159867341
523.089999999904,0.3893621155790446
523.0999999999038,0.4829100728975196
523.1099999999038,0.5738256942105923
523.1199999999038,0.6071236256322222
523.1299999999037,0.5782976261725723
523.1399999999037,0.4907539961559242
523.1499999999037,0.3934822720157729
523.1599999999037,0.4043468420074631
523.1699999999036,0.5073466130839511
523.1799999999035,0.5868350549358072
523.1899999999035,0.605852506439915
523.1999999999034,0.562629359351786
523.2099999999034,0.4650534100027641
523.2199999999034,0.38304528279287026
523.2299999999034,0.42548127717334266
523.2399999999033,0.5310276836786514
523.2499999999033,0.5969529093918646
523.2599999999032,0.6010092192848149
523.2699999999031,0.5428807205758488
523.2799999999031,0.43866587986597233
523.2899999999031,0.3807935217498699
523.2999999999031,0.45124092358818957
523.309999999903,0.5528472348173649
523.319999999903,0.6036949934545416
523.329999999903,0.5920984552978837
523.3399999999028,0.5189904131234108
523.3499999999028,0.41391470782084994
523.3599999999028,0.3881696559000133
523.3699999999028,0.47960971934349544
523.3799999999027,0.5718655425661119
523.3899999999027,0.6065798578865959
523.3999999999027,0.5786123568583116
523.4099999999025,0.49136547820293525
523.4199999999025,0.39399482016417375
523.4299999999025,0.40522822439388884
523.4399999999025,0.508445039268596
523.4499999999024,0.5873104239295845
523.4599999999024,0.6051027453406046
523.4699999999024,0.5600936425609421
523.4799999999022,0.46121820706867084
523.4899999999022,0.3825206021484252
523.4999999999022,0.4304454359383609
523.5099999999022,0.5357893119643965
523.5199999999021,0.5985408843128612
523.5299999999021,0.5987167962587705
523.5399999999021,0.5362780300555281
523.549999999902,0.4309491476985789
523.559999999902,0.38255122376660095
523.5699999999019,0.46106683182997593
523.5799999999019,0.56004551312178
523.5899999999018,0.6049898378064312
523.5999999999018,0.5868373100343284
523.6099999999018,0.5073670724091531
523.6199999999017,0.4043638595705172
523.6299999999017,0.3953834184441574
523.6399999999016,0.49381780335738
523.6499999999016,0.5800082778035568
523.6599999999015,0.6061020879554447
523.6699999999015,0.5688979280613637
523.6799999999015,0.47447648835700174
523.6899999999014,0.38632556069853047
523.6999999999014,0.4197969709139962
523.7099999999014,0.5256141757469154
523.7199999999013,0.594791830103657
523.7299999999012,0.6012838687052641
523.7399999999012,0.544510035929087
523.7499999999012,0.4402246020906512
523.7599999999011,0.38148413982620527
523.7699999999011,0.45232453302887443
523.7799999999011,0.5539944339351649
523.789999999901,0.6037083646623163
523.7999999999009,0.5898862949364392
523.8099999999009,0.5138046158877312
523.8199999999009,0.4091909553159457
523.8299999999008,0.3923259699115534
523.8399999999008,0.4884085420640177
523.8499999999008,0.5772166335580616
523.8599999999008,0.6061408167720626
523.8699999999006,0.571262934804903
523.8799999999006,0.47803974982215763
523.8899999999006,0.38761172914335174
523.8999999999005,0.41770962418984325
523.9099999999005,0.5237012168112496
523.9199999999005,0.5941228342705215
523.9299999999005,0.6014424710609709
523.9399999999004,0.5449766820379836
523.9499999999003,0.4404450029353973
523.9599999999003,0.38161734998508473
523.9699999999002,0.4531139480159111
523.9799999999002,0.5548529720486106
523.9899999999002,0.6039084243647364
523.9999999999002,0.5888977434167908
524.0099999999001,0.5112776194400371
524.0199999999,0.40689010318532337
524.0299999999,0.3943130142190405
524.0399999998999,0.4924790089642722
524.0499999998999,0.5796541416397907
524.0599999998999,0.6058962304644538
524.0699999998999,0.5678046185445321
524.0799999998998,0.47197802272840766
524.0899999998998,0.3853408184161917
524.0999999998998,0.42369814788485805
524.1099999998996,0.5302442536414553
524.1199999998996,0.5967663599359635
524.1299999998996,0.5993745522012182
524.1399999998996,0.5377968227318874
524.1499999998995,0.43163763643725583
524.1599999998995,0.38304852822686514
524.1699999998995,0.4634213297538379
524.1799999998993,0.5624238404643579
524.1899999998993,0.6053281484730163
524.1999999998993,0.5835526913174041
524.2099999998993,0.499594969286507
524.2199999998992,0.3982663862858872
524.2299999998992,0.40237764802161746
524.2399999998992,0.5057661183648551
524.249999999899,0.5866252729175385
524.259999999899,0.6046115468310528
524.269999999899,0.5577337690655984
524.279999999899,0.45633539782548893
524.2899999998989,0.38179391320585615
524.2999999998989,0.4388104176702035
524.3099999998989,0.5443641930436637
524.3199999998988,0.6015264452130414
524.3299999998987,0.5938172423138088
524.3399999998987,0.5219041784657059
524.3499999998987,0.4151068636839329
524.3599999998986,0.3892638449697915
524.3699999998986,0.48338526759944317
524.3799999998986,0.5751638418060534
524.3899999998985,0.606283019660192
524.3999999998985,0.5720943527154686
524.4099999998984,0.4780201676802617
524.4199999998984,0.386969953009254
524.4299999998983,0.41975029027912125
524.4399999998983,0.5271389073645157
524.4499999998983,0.5960131606211749
524.4599999998982,0.600098315226053
524.4699999998982,0.5389698136550076
524.4799999998982,0.4319955531941526
524.4899999998981,0.3828509935740013
524.499999999898,0.46444834439069227
524.509999999898,0.5638226870376584
524.519999999898,0.6057905934820361
524.5299999998979,0.5820627433666294
524.5399999998979,0.4955310689759534
524.5499999998979,0.3950431888129852
524.5599999998979,0.4061969463234885
524.5699999998977,0.5120519989515991
524.5799999998977,0.5900623734995645
524.5899999998977,0.6036669976590074
524.5999999998976,0.5514271841567158
524.6099999998976,0.4466417293971265
524.6199999998976,0.38090824900955067
524.6299999998976,0.4496261976976561
524.6399999998974,0.5537774830183348
524.6499999998974,0.6042734373589137
524.6599999998974,0.588714817665276
524.6699999998973,0.5086800414289934
524.6799999998973,0.40329051784242237
524.6899999998973,0.39732840379600537
524.6999999998973,0.5000082800680608
524.7099999998971,0.5847021173011598
524.7199999998971,0.6055366469415435
524.7299999998971,0.5600207626076805
524.739999999897,0.4579057699123261
524.749999999897,0.38125113198282656
524.759999999897,0.43904066746217224
524.769999999897,0.545921045214295
524.7799999998969,0.6026180999771281
524.7899999998968,0.592914176912255
524.7999999998968,0.5176817338828271
524.8099999998967,0.40991940407956123
524.8199999998967,0.39203207089967684
524.8299999998967,0.4915516580910366
524.8399999998967,0.5807101729486809
524.8499999998966,0.6064627273659515
524.8599999998966,0.5653907767520288
524.8699999998965,0.4653157511502794
524.8799999998964,0.3821694366514491
524.8899999998964,0.43250538761227364
524.8999999998964,0.5408700542976747
524.9099999998964,0.6014621014892738
524.9199999998963,0.5952797012542004
524.9299999998963,0.5228294780268026
524.9399999998963,0.41388779588610397
524.9499999998961,0.3893156319158207
524.9599999998961,0.4869618601549393
524.9699999998961,0.5786123687097142
524.9799999998961,0.6069467564264803
524.989999999896,0.5679821183577712
524.999999999896,0.46871350664818257
525.009999999896,0.38256854003557084
525.0199999998958,0.4297788354300342
525.0299999998958,0.5389918844648219
525.0399999998958,0.6011938928225578
525.0499999998958,0.5961774412004645
525.0599999998957,0.5243302165876824
525.0699999998957,0.41468036399287106
525.0799999998957,0.38856819233118717
525.0899999998956,0.48636291477338994
525.0999999998955,0.5786846989273032
525.1099999998955,0.6072385921060103
525.1199999998955,0.5680077735922049
525.1299999998954,0.4680474289563089
525.1399999998954,0.3819735898134393
525.1499999998954,0.43075140456562844
525.1599999998953,0.5404334574215851
525.1699999998953,0.6019516965332021
525.1799999998952,0.5957190179571202
525.1899999998952,0.5222299859450279
525.1999999998951,0.4121602042852135
525.2099999998951,0.3896875610091336
525.2199999998951,0.48979591930760485
525.229999999895,0.5809553715821748
525.239999999895,0.6073368172364584
525.249999999895,0.5654354761929039
525.259999999895,0.4632846440220662
525.2699999998948,0.38051496844910554
525.2799999998948,0.4355270868409769
525.2899999998948,0.5451332064584761
525.2999999998947,0.6036222120058428
525.3099999998947,0.5937605651320541
525.3199999998947,0.5163933679817975
525.3299999998947,0.4065351448895245
525.3399999998945,0.39310845020283974
525.3499999998945,0.49722624843905494
525.3599999998945,0.5852029423853744
525.3699999998944,0.60698777137271
525.3799999998944,0.5599858197772718
525.3899999998944,0.4544239654552255
525.3999999998944,0.37894768007195334
525.4099999998942,0.4443863566764707
525.4199999998942,0.5528075802196756
525.4299999998942,0.6058395311659206
525.4399999998941,0.5899006609890627
525.4499999998941,0.5065272608033388
525.4599999998941,0.39844733237007157
525.4699999998941,0.39973757833411455
525.479999999894,0.5084807704108009
525.4899999998939,0.5909508122371295
525.4999999998939,0.6056831520734406
525.5099999998938,0.551141983032561
525.5199999998938,0.44161545779635236
525.5299999998938,0.37868973527354693
525.5399999998938,0.45763206370406634
525.5499999998937,0.5629187842116314
525.5599999998936,0.6079844723948551
525.5699999998936,0.5834780594139505
525.5799999998935,0.49226427047306626
525.5899999998935,0.389176510330171
525.5999999998935,0.4107630809215744
525.6099999998935,0.5231377403933913
525.6199999998934,0.5974626105991376
525.6299999998934,0.6026552452718986
525.6399999998933,0.5381837365599669
525.6499999998932,0.42541632235584437
525.6599999998932,0.38179259587636954
525.6699999998932,0.4753430234099761
525.6799999998932,0.5746426597632127
525.6899999998931,0.6091835227176893
525.6999999998931,0.5735743278833833
525.7099999998931,0.4733511742407005
525.7199999998929,0.3808999267316019
525.7299999998929,0.4272977472661037
525.7399999998929,0.5404150416709252
525.7499999998929,0.6037431738259026
525.7599999998928,0.5968689273445735
525.7699999998928,0.520280280815168
525.7799999998928,0.40721559102634164
525.7899999998926,0.3906894626670558
525.7999999998926,0.49710123258686717
525.8099999998926,0.586857308782803
525.8199999998926,0.6083041692324207
525.8299999998925,0.5590384897003865
525.8399999998925,0.4500252860895561
525.8499999998925,0.37683701045396745
525.8599999998924,0.44987748748052975
525.8699999998923,0.5591099158793529
525.8799999998923,0.6085441969473694
525.8899999998923,0.5870138713936746
525.8999999998922,0.4967187863895406
525.9099999998922,0.3897889526901479
525.9199999998922,0.4075716708477787
525.9299999998921,0.5217993231928911
525.939999999892,0.5981608175472445
525.949999999892,0.6039416456485995
525.959999999892,0.5385816735023778
525.9699999998919,0.4236813156183275
525.9799999998919,0.38094062714134175
525.9899999998919,0.4779680691395983
525.9999999998918,0.5776228158570161
526.0099999998918,0.6103647066199767
526.0199999998918,0.5715173529616141
526.0299999998917,0.46741542354964843
526.0399999998916,0.37770729601198827
526.0499999998916,0.4334352625809056
526.0599999998916,0.5476281585760759
526.0699999998915,0.6069046114213859
526.0799999998915,0.5943974617026744
526.0899999998915,0.511059789758267
526.0999999998915,0.39782794403450766
526.1099999998913,0.3967706944468508
526.1199999998913,0.5097375269787882
526.1299999998913,0.5940515361692938
526.1399999998912,0.6074313896675049
526.1499999998912,0.5486472312718123
526.1599999998912,0.43391631845360606
526.1699999998912,0.3769104964782301
526.179999999891,0.46721498496199226
526.189999999891,0.5722606679320499
526.199999999891,0.6112098756849983
526.2099999998909,0.5776775846830635
526.2199999998909,0.476191270097099
526.2299999998909,0.3788737918839085
526.2399999998909,0.4256692915759405
526.2499999998907,0.5422732557543065
526.2599999998907,0.60629407701361
526.2699999998907,0.5976548533268702
526.2799999998906,0.5168946234769274
526.2899999998906,0.40093927062007334
526.2999999998906,0.39263932254325146
526.3099999998906,0.505635142931981
526.3199999998905,0.5931281528745268
526.3299999998904,0.6089331442407719
526.3399999998904,0.5516227814645945
526.3499999998903,0.4360839237083639
526.3599999998903,0.3753821148422543
526.3699999998903,0.46531606924825425
526.3799999998903,0.5721451922215289
526.3899999998902,0.612081831494214
526.3999999998902,0.5786102817328831
526.4099999998901,0.4760578377345305
526.41999999989,0.3776069546549908
526.42999999989,0.4261100325731359
526.43999999989,0.5440178863576095
526.44999999989,0.607620833761466
526.4599999998899,0.5975804425181308
526.4699999998899,0.514497702944955
526.4799999998899,0.3976362952769907
526.4899999998897,0.39423867247698713
526.4999999998897,0.5100321985630734
526.5099999998897,0.5959699097293459
526.5199999998897,0.6088948976937371
526.5299999998896,0.5477481277385273
526.5399999998896,0.4296566733573247
526.5499999998896,0.3757203669246192
526.5599999998894,0.47251661560023267
526.5699999998894,0.5775239873600977
526.5799999998894,0.6130846795953045
526.5899999998894,0.5742775521293448
526.5999999998893,0.46677586871267723
526.6099999998893,0.3740113637520742
526.6199999998893,0.435132784871969
526.6299999998892,0.5528186187968674
526.6399999998891,0.610646498126424
526.6499999998891,0.5937992175373822
526.6599999998891,0.5034379276205442
526.669999999889,0.38849945490129867
526.679999999889,0.40268829823453745
526.689999999889,0.5227689357373623
526.6999999998889,0.6019920740688535
526.7099999998889,0.6066026889013314
526.7199999998888,0.5362110974003225
526.7299999998888,0.4150625863310422
526.7399999998887,0.3801779078043077
526.7499999998887,0.48894777626558716
526.7599999998887,0.5874841606637224
526.7699999998886,0.6131651532746516
526.7799999998886,0.5634669519909926
526.7899999998886,0.4481370204766839
526.7999999998885,0.37121932537938257
526.8099999998884,0.45381192147345845
526.8199999998884,0.567528316577444
526.8299999998884,0.6139659232039308
526.8399999998883,0.584733325893006
526.8499999998883,0.482707237024288
526.8599999998883,0.3767094337445601
526.8699999998883,0.42071032596721214
526.8799999998881,0.5427064379280394
526.8899999998881,0.6094216351947441
526.8999999998881,0.6001432756982047
526.909999999888,0.5152647359690814
526.919999999888,0.39462020986892804
526.929999999888,0.3934892025919323
526.939999999888,0.513937304727982
526.9499999998878,0.5998881227311992
526.9599999998878,0.6100813148385402
526.9699999998878,0.5438343772737972
526.9799999998877,0.4210384058732106
526.9899999998877,0.3756544951614933
526.9999999998877,0.4826318447851795
527.0099999998877,0.5857001152386265
527.0199999998875,0.6149927892769862
527.0299999998875,0.5675754827385922
527.0399999998875,0.45166098369381713
527.0499999998874,0.36936804911307536
527.0599999998874,0.4507811506327315
527.0699999998874,0.5672347210551909
527.0799999998874,0.6152981157653535
527.0899999998873,0.5863386774854922
527.0999999998872,0.48289683382337517
527.1099999998872,0.3747989388734701
527.1199999998871,0.42089110629695076
527.1299999998871,0.5449903166207879
527.1399999998871,0.6113668645529601
527.1499999998871,0.6003318311028727
527.159999999887,0.5122884850778361
527.169999999887,0.3902116545338218
527.179999999887,0.3956930750560323
527.1899999998868,0.5196709299165383
527.1999999998868,0.6035241116773099
527.2099999998868,0.6099118037662923
527.2199999998868,0.5384381195274582
527.2299999998867,0.41269875308014314
527.2399999998867,0.37764599571706187
527.2499999998867,0.49225924567887286
527.2599999998865,0.5920739532670445
527.2699999998865,0.6154712286422357
527.2799999998865,0.5607297895859659
527.2899999998865,0.43910051744597567
527.2999999998864,0.3683801771930146
527.3099999998864,0.46405209056382446
527.3199999998864,0.5773320997327569
527.3299999998862,0.6173856109790007
527.3399999998862,0.5790418034349429
527.3499999998862,0.4666885524314349
527.3599999998862,0.36832027589702926
527.3699999998861,0.436626941755837
527.3799999998861,0.559662498390832
527.3899999998861,0.6159950867227658
527.399999999886,0.5935264163774352
527.4099999998859,0.4934681229130565
527.4199999998859,0.3766647394769818
527.4299999998859,0.4117156613040401
527.4399999998858,0.5395133418356668
527.4499999998858,0.6116047259220213
527.4599999998858,0.6044657629596994
527.4699999998857,0.5181817395426223
527.4799999998856,0.39171210768441345
527.4899999998856,0.39098879096875994
527.4999999998856,0.5174467054923305
527.5099999998855,0.6044940425921291
527.5199999998855,0.6121876282700749
527.5299999998855,0.540164215104456
527.5399999998854,0.41135577478438895
527.5499999998854,0.3757950617850348
527.5599999998853,0.4941545228357668
527.5699999998853,0.5949304469919263
527.5799999998852,0.6170212385114037
527.5899999998852,0.5591643035112717
527.5999999998852,0.43353672709402274
527.6099999998851,0.3669346953146364
527.6199999998851,0.47045298712377814
527.6299999998851,0.5831835530357725
527.639999999885,0.6192773635042751
527.6499999998849,0.5751907635652053
527.6599999998849,0.4565315315705598
527.6699999998849,0.3645450769114267
527.6799999998848,0.44724921908796267
527.6899999998848,0.5695382766464508
527.6999999998848,0.6192421311373313
527.7099999998848,0.5883998251181809
527.7199999998846,0.47906324538146305
527.7299999998846,0.36813567791588175
527.7399999998846,0.4254791259752374
527.7499999998845,0.5543050710338764
527.7599999998845,0.6171779753155493
527.7699999998845,0.5990210831846619
527.7799999998845,0.5002869769778572
527.7899999998843,0.3767486803906055
527.7999999998843,0.40602332770341365
527.8099999998843,0.5378258259164896
527.8199999998842,0.613327826200823
527.8299999998842,0.6073124787281445
527.8399999998842,0.5197130845601305
527.8499999998842,0.38917921626114466
527.859999999884,0.3896163483361285
527.869999999884,0.5204741835909695
527.879999999884,0.6079203021703726
527.8899999998839,0.6135350069909788
527.8999999998839,0.5371143973758109
527.9099999998839,0.4041845124066701
527.9199999998839,0.3767691072518355
527.9299999998838,0.5026494827826316
527.9399999998838,0.6011746308383282
527.9499999998837,0.6179398547667085
527.9599999998836,0.5524423940122734
527.9699999998836,0.42063645748804734
527.9799999998836,0.36772296482773953
527.9899999998836,0.48476431000316145
527.9999999998835,0.5933045870759657
528.0099999998835,0.6207629015862967
528.0199999998835,0.565761465839797
528.0299999998833,0.4376049434559835
528.0399999998833,0.36244507305450124
528.0499999998833,0.4672266616911823
528.0599999998833,0.584521072562048
528.0699999998832,0.62222330203627
528.0799999998832,0.5772017014868283
528.0899999998832,0.45438270262012653
528.099999999883,0.3606630161352065
528.109999999883,0.45041879557556913
528.119999999883,0.5750331863975833
528.129999999883,0.6225241196564105
528.1399999998829,0.5869270440215332
528.1499999998829,0.47047165645935196
528.1599999998829,0.36192676373939997
528.1699999998827,0.434675679852542
528.1799999998827,0.5650478110478876
528.1899999998827,0.6218538069162473
528.1999999998827,0.5951148911017214
528.2099999998826,0.4855498600306678
528.2199999998826,0.36568144980103984
528.2299999998826,0.4202662411503922
528.2399999998825,0.554767889111456
528.2499999998824,0.6203878476948765
528.2599999998824,0.6019436439803036
528.2699999998824,0.4994327409433022
528.2799999998823,0.3713359104517878
528.2899999998823,0.4073802140825259
528.2999999998823,0.5443896976191327
528.3099999998822,0.6182902020131494
528.3199999998822,0.6075855045777081
528.3299999998821,0.5120365591247955
528.3399999998821,0.3783171097322609
528.349999999882,0.39612237245220644
528.359999999882,0.5340995278894121
528.369999999882,0.6157143907045527
528.3799999998819,0.6122025904022736
528.3899999998819,0.5233476373536149
528.3999999998819,0.3861066082217022
528.4099999998818,0.38651455213311
528.4199999998817,0.5240702355921775
528.4299999998817,0.6128041775241124
528.4399999998817,0.6159450568397756
528.4499999998816,0.5333982137676793
528.4599999998816,0.3942599552623993
528.4699999998816,0.37850454140381423
528.4799999998814,0.5144581245986015
528.4899999998814,0.6096938767659755
528.4999999998814,0.6189503711484301
528.5099999998814,0.5422483886426661
528.5199999998813,0.4024125224610398
528.5299999998813,0.37197994882106605
528.5399999998813,0.5054005676648612
528.5499999998812,0.6065083531630792
528.5599999998811,0.621343198483095
528.5699999998811,0.5499730997486236
528.5799999998811,0.41027608218122846
528.589999999881,0.3667847379671961
528.599999999881,0.49701465378140486
528.609999999881,0.6033627975569612
528.6199999998809,0.6232355721737756
528.6299999998809,0.5566529808124667
528.6399999998808,0.417630041686102
528.6499999998808,0.3627362259985525
528.6599999998807,0.48939700570583977
528.6699999998807,0.6003623632328754
528.6799999998807,0.6247271586555924
528.6899999998806,0.5623680862538306
528.6999999998806,0.4243103292900817
528.7099999998806,0.359640824688092
528.7199999998805,0.48262475494519536
528.7299999998804,0.5976017380035304
528.7399999998804,0.6259055152322537
528.7499999998804,0.5671936618794292
528.7599999998803,0.43019794426577607
528.7699999998803,0.3573074502312005
528.7799999998803,0.4767575202470694
528.7899999998803,0.5951647105256831
528.7999999998801,0.626846293221415
528.8099999998801,0.571197337011124
528.8199999998801,0.4352083557949538
528.82999999988,0.3555581594202577
528.83999999988,0.4718401268079358
528.84999999988,0.5931237690842383
528.85999999988,0.6276133711136724
528.8699999998798,0.5744372808942031
528.8799999998798,0.43928233897061986
528.8899999998798,0.35423606940043884
528.8999999998797,0.4679057374908996
528.9099999998797,0.5915397510091832
528.9199999998797,0.6282589204177992
528.9299999998797,0.5769609976758392
528.9399999998795,0.44237845427694344
528.9499999998795,0.35321094072353876
528.9599999998795,0.4649790436626726
528.9699999998794,0.5904615436772204
528.9799999998794,0.628823415568103
528.9899999998794,0.5788045334067016
528.9999999998794,0.44446716324397945
529.0099999998793,0.3523829570184409
529.0199999998792,0.46307917721198805
529.0299999998792,0.5899258264677631
529.0399999998791,0.629335602397762
529.0499999998791,0.5799919399502996
529.0599999998791,0.44552647776649346
529.0699999998791,0.35168525287972685
529.079999999879,0.4622220459528716
529.089999999879,0.5899568377514307
529.099999999879,0.629812439119294
529.1099999998788,0.5805348924033129
529.1199999998788,0.4455390217843833
529.1299999998788,0.3510856658068827
529.1399999998788,0.4624218533103968
529.1499999998787,0.5905661528237777
529.1599999998787,0.6302590210735803
529.1699999998787,0.580432392875851
529.1799999998785,0.4444904120930623
529.1899999998785,0.35058805177905883
529.1999999998785,0.4636916332970134
529.2099999998785,0.5917524661182699
529.2199999998784,0.6306684962976272
529.2299999998784,0.5796705205834858
529.2399999998784,0.4423689216007236
529.2499999998782,0.350233330480713
529.2599999998782,0.4660427089913273
529.2699999998782,0.5935013825182915
529.2799999998782,0.6310219738043188
529.2899999998781,0.578222209550528
529.2999999998781,0.4391664610849735
529.3099999998781,0.35010022836914667
529.319999999878,0.46948306726804284
529.3299999998779,0.5957852350920777
529.3399999998779,0.63128842039396
529.3499999998779,0.5760470554982765
529.3599999998778,0.43488099790276746
529.3699999998778,0.3503054738295923
529.3799999998778,0.4740147346167091
529.3899999998777,0.5985629572087802
529.3999999998777,0.631424535117373
529.4099999998776,0.573091176030143
529.4199999998776,0.4295206132283367
529.4299999998775,0.3510029781329293
529.4399999998775,0.4796303375249804
529.4499999998775,0.6017800430730681
529.4599999998774,0.6313745832631287
529.4699999998774,0.5692871784901897
529.4799999998774,0.4231094761931805
529.4899999998773,0.3523813287115833
529.4999999998772,0.48630913094358447
529.5099999998772,0.6053686289574051
529.5199999998772,0.6310701644602822
529.5299999998771,0.5645543330146735
529.5399999998771,0.4156960598707345
529.5499999998771,0.3546587644674012
529.559999999877,0.4940128709885053
529.5699999998769,0.6092477175791007
529.5799999998769,0.6304298828709399
529.5899999998769,0.5587991124753008
529.5999999998768,0.4073639107666343
529.6099999998768,0.3580747564233352
529.6199999998768,0.5026819747390125
529.6299999998768,0.6133235487431052
529.6399999998766,0.6293588828537136
529.6499999998766,0.5519163565150782
529.6599999998766,0.39824515033803026
529.6699999998765,0.362877459817975
529.6799999998765,0.5122324350326275
529.6899999998765,0.6174900929446877
529.6999999998765,0.6277482129725933
529.7099999998763,0.5437914570648603
529.7199999998763,0.388536550439931
529.7299999998763,0.36930671778300583
529.7399999998762,0.522553920626541
529.7499999998762,0.6216296128075329
529.7599999998762,0.6254739881876172
529.7699999998762,0.5343041641973184
529.779999999876,0.3785173721130744
529.789999999876,0.3775730294310448
529.799999999876,0.5335093855859827
529.8099999998759,0.62561320430159
529.8199999998759,0.6223963398080853
529.8299999998759,0.5233348913518566
529.8399999998759,0.3685670705390545
529.8499999998758,0.3878339087574206
529.8599999998758,0.5449363369750677
529.8699999998757,0.6293011989571912
529.8799999998756,0.6183581838162372
529.8899999998756,0.5107747687627204
529.8999999998756,0.35917939184087977
529.9099999998756,0.40017018425826023
529.9199999998755,0.5566496907552425
529.9299999998755,0.6325432843670973
529.9399999998755,0.6131839140969071
529.9499999998753,0.49654114276685685
529.9599999998753,0.3509674428954589
529.9699999998753,0.41456570419787736
529.9799999998753,0.5684459130167643
529.9899999998752,0.6351781856567396
529.9999999998752,0.6066782601243152
530.0099999998752,0.4806006786139983
530.019999999875,0.34465250154290605
530.029999999875,0.43089422329067995
530.039999999875,0.5801079424753885
530.049999999875,0.6370327487269392
530.0599999998749,0.5986257731018892
530.0699999998749,0.4630025077607107
530.0799999998749,0.34102869048630907
530.0899999998747,0.4489166274281172
530.0999999998747,0.5914102538216174
530.1099999998747,0.6379202800597574
530.1199999998747,0.5887917744111386
530.1299999998746,0.44392356036330205
530.1399999998746,0.3408976971887436
530.1499999998746,0.4682900425721134
530.1599999998745,0.6021233753240435
530.1699999998744,0.6376380335547617
530.1799999998744,0.5769261928724546
530.1899999998744,0.423726585086429
530.1999999998743,0.3449739284625911
530.2099999998743,0.488588088780881
530.2199999998743,0.6120172166274909
530.2299999998742,0.635963804231351
530.2399999998742,0.562772638046103
530.2499999998741,0.403027231889113
530.2599999998741,0.3537709162969601
530.269999999874,0.5093292255221555
530.279999999874,0.6208626777784662
530.289999999874,0.6326517160636084
530.2999999998739,0.5460864168429271
530.3099999998739,0.38275866803133446
530.3199999998739,0.36749165868778133
530.3299999998738,0.5300085118042818
530.3399999998737,0.6284311641417535
530.3499999998737,0.6274275233789242
530.3599999998737,0.526667054005211
530.3699999998736,0.3642101388000863
530.3799999998736,0.38595302529934716
530.3899999998736,0.5501276588686054
530.3999999998736,0.6344917941120148
530.4099999998734,0.6199841678261391
530.4199999998734,0.504413026045867
530.4299999998734,0.34900249515623116
530.4399999998733,0.40857103083040197
530.4499999998733,0.5692190224532113
530.4599999998733,0.6388062321073428
530.4699999998733,0.6099790946607744
530.4799999998731,0.4794079932994838
530.4899999998731,0.3389578959917856
530.4999999998731,0.43441770359625875
530.509999999873,0.586860780761551
530.519999999873,0.6411212098416317
530.529999999873,0.5970361785120188
530.539999999873,0.45204649137034447
530.5499999998729,0.3358376534079945
530.5599999998728,0.4623372062155439
530.5699999998728,0.6026823773501124
530.5799999998727,0.6411589453456994
530.5899999998727,0.5807574123720631
530.5999999998727,0.42319803784111365
530.6099999998727,0.34097337938461736
530.6199999998726,0.4910899293905483
530.6299999998726,0.6163608401859416
530.6399999998725,0.6386059143427086
530.6499999998724,0.5607532514265606
530.6599999998724,0.3943845788388069
530.6699999998724,0.35489110815919306
530.6799999998724,0.5194876455473247
530.6899999998723,0.6276095202988328
530.6999999998723,0.6331009351584717
530.7099999998723,0.5367060393120823
530.7199999998721,0.36790139916585674
530.7299999998721,0.37707903264062664
530.7399999998721,0.5464915182992062
530.7499999998721,0.6361610964601937
530.759999999872,0.6242245972023904
530.769999999872,0.5084877463755891
530.779999999872,0.34675555198071
530.7899999998718,0.4060199225885471
530.7999999998718,0.5712611307787177
530.8099999998718,0.6417465400088092
530.8199999998718,0.611494230209661
530.8299999998717,0.4763578400750361
530.8399999998717,0.33427468016028317
530.8499999998717,0.4394934067779308
530.8599999998715,0.5931579870971476
530.8699999998715,0.6440714083311612
530.8799999998715,0.594372780602658
530.8899999998715,0.44125900689158293
530.8999999998714,0.33333486270477225
530.9099999998714,0.4750244266856741
530.9199999998714,0.6117157899726813
530.9299999998713,0.6427906865180768
530.9399999998712,0.5723074814769346
530.9499999998712,0.4051855155507164
530.9599999998712,0.3454069106229
530.9699999998711,0.5103039106744663
530.9799999998711,0.6265916461333595
530.9899999998711,0.6374838851175186
530.999999999871,0.5448265176907214
531.009999999871,0.37149254829003164
531.019999999871,0.3698824728481678
531.0299999998709,0.5434580552935936
531.0399999998708,0.6375096352258093
531.0499999998708,0.6276339685515211
531.0599999998708,0.511738601825708
531.0699999998707,0.34485084659648385
531.0799999998707,0.40411607760550583
531.0899999998707,0.5731371686464363
531.0999999998706,0.6442038818910791
531.1099999998705,0.6126182632223727
531.1199999998705,0.47349308418746927
531.1299999998705,0.33046286422737353
531.1399999998704,0.4442041417615507
531.1499999998704,0.5984663909311367
531.1599999998704,0.646364569557365
531.1699999998704,0.5917291301744503
531.1799999998702,0.4317366328337956
531.1899999998702,0.33243229297718185
531.1999999998702,0.48605934585047944
531.2099999998701,0.6189234654412629
531.2199999998701,0.6435884966537528
531.2299999998701,0.5642604568410876
531.2399999998701,0.38997857914181977
531.2499999998699,0.3519285796912022
531.2599999998699,0.5262516061735756
531.2699999998699,0.6341966805041985
531.2799999998698,0.6353368195447727
531.2899999998698,0.5297260673634245
531.2999999998698,0.35397493391088564
531.3099999998698,0.38638242373267595
531.3199999998697,0.5623687892142474
531.3299999998696,0.6440527737702835
531.3399999998696,0.6209083187158563
531.3499999998695,0.48831204567318115
531.3599999998695,0.3310663013573964
531.3699999998695,0.430421971801531
531.3799999998695,0.5929673562361963
531.3899999998694,0.648225246838486
531.3999999998694,0.5994506168792785
531.4099999998693,0.441665161989719
531.4199999998692,0.3278464898910827
531.4299999998692,0.47789077452352086
531.4399999998692,0.61731321878958
531.4499999998692,0.6463232643171213
531.4599999998691,0.5700610641579406
531.4699999998691,0.39395850495873497
531.479999999869,0.34689912816439206
531.4899999998689,0.523608242121943
531.4999999998689,0.6350801637788838
531.5099999998689,0.6377604158793877
531.5199999998689,0.532081446407098
531.5299999998688,0.35265464448780715
531.5399999998688,0.38501499593609023
531.5499999998688,0.5641191318950259
531.5599999998686,0.6460898116734802
531.5699999998686,0.6217121188427812
531.5799999998686,0.4857595827485235
531.5899999998686,0.3276062528750721
531.5999999998685,0.4346479083555335
531.6099999998685,0.5975671062981791
531.6199999998685,0.6501134647766742
531.6299999998683,0.5971360701644695
531.6399999998683,0.4334575744970651
531.6499999998683,0.32730372398250784
531.6599999998683,0.4873734931051402
531.6699999998682,0.6231793592541006
531.6799999998682,0.6467275259172263
531.6899999998682,0.5629448728164769
531.699999999868,0.3812660831395782
531.709999999868,0.35380804231528135
531.719999999868,0.5366412251619836
531.729999999868,0.6407291225513853
531.7399999998679,0.6352133876996561
531.7499999998679,0.5185184686465051
531.7599999998679,0.3398340074549419
531.7699999998678,0.40092156616420305
531.7799999998678,0.5785927557729325
531.7899999998677,0.6501211476701253
531.7999999998677,0.6145157452013681
531.8099999998676,0.4648592288599031
531.8199999998676,0.3219155220432579
531.8299999998676,0.45775946013774127
531.8399999998675,0.6115243098574579
531.8499999998675,0.6511086842268563
531.8599999998675,0.5833303597572053
531.8699999998674,0.4066022739978549
531.8799999998673,0.3355809202056859
531.8899999998673,0.5141364965232069
531.8999999998673,0.6349638887372523
531.9099999998672,0.6431082737978603
531.9199999998672,0.5405096338085463
531.9299999998672,0.3541515498820928
531.9399999998672,0.3780366871631117
531.949999999867,0.5634684128294488
531.959999999867,0.6488951716983214
531.969999999867,0.6250959628169237
531.9799999998669,0.48616374825096226
531.9899999998669,0.322959693293991
531.9999999998669,0.43716217547764447
532.0099999998669,0.6026936808880565
532.0199999998667,0.6532414132152616
532.0299999998667,0.5956345130006734
532.0399999998667,0.42392870710582176
532.0499999998666,0.3263159193603054
532.0599999998666,0.4991773299533136
532.0699999998666,0.6309357814747706
532.0799999998666,0.6475512634995405
532.0899999998664,0.5532243806229332
532.0999999998664,0.36409150095594117
532.1099999998664,0.3651508945708362
532.1199999998663,0.5544828660256799
532.1299999998663,0.6482198791522029
532.1399999998663,0.6308227738223036
532.1499999998663,0.49743400120161185
532.1599999998662,0.3243352039928775
532.1699999998661,0.4265429586969969
532.1799999998661,0.5985273398644174
532.189999999866,0.6546253565570326
532.199999999866,0.6014872745766011
532.209999999866,0.43151391822914803
532.219999999866,0.32217909950470014
532.2299999998659,0.49329060190270807
532.2399999998659,0.6300378080709645
532.2499999998658,0.6498011272492056
532.2599999998657,0.5577650033769427
532.2699999998657,0.36647548089481136
532.2799999998657,0.36103824581411503
532.2899999998657,0.5530121795003673
532.2999999998656,0.6491087969595205
532.3099999998656,0.6327102722394815
532.3199999998656,0.49896915236296896
532.3299999998654,0.3228021120766699
532.3399999998654,0.42624045646136605
532.3499999998654,0.5999954008965512
532.3599999998654,0.6559616998634595
532.3699999998653,0.6015930296778532
532.3799999998653,0.428736853127521
532.3899999998653,0.3213922454378467
532.3999999998651,0.4971785451067391
532.4099999998651,0.63282535295131
532.4199999998651,0.6502776363490504
532.4299999998651,0.554413304295489
532.439999999865,0.36025082419516263
532.449999999865,0.365523952899844
532.459999999865,0.5594866148250094
532.4699999998649,0.6517674741641242
532.4799999998648,0.6308742276273048
532.4899999998648,0.49058187516760576
532.4999999998648,0.31805072530588024
532.5099999998647,0.4366074160301996
532.5199999998647,0.6071154944888725
532.5299999998647,0.6571528710705608
532.5399999998646,0.5956931888636103
532.5499999998646,0.41529537371035186
532.5599999998645,0.3249914218751832
532.5699999998645,0.5108333512461111
532.5799999998644,0.6389626934414738
532.5899999998644,0.6485702101680904
532.5999999998644,0.5424962988035963
532.6099999998643,0.3461279066284393
532.6199999998643,0.37993401559016743
532.6299999998643,0.5733431863777444
532.6399999998642,0.655574614163922
532.6499999998641,0.6245178912282677
532.6599999998641,0.47146001421962314
532.6699999998641,0.3129080657590145
532.679999999864,0.4579436325419486
532.689999999864,0.6189191397691791
532.699999999864,0.6572925833923466
532.709999999864,0.582515887050454
532.7199999998638,0.3914053268804725
532.7299999998638,0.3367822875049166
532.7399999998638,0.5333407777922744
532.7499999998637,0.6472294771617656
532.7599999998637,0.6434027889781139
532.7699999998637,0.520383761402731
532.7799999998637,0.3273831373886819
532.7899999998635,0.4063358478951386
532.7999999998635,0.5929474431769481
532.8099999998635,0.6590948651792471
532.8199999998634,0.6118503716954267
532.8299999998634,0.4405706706009177
532.8399999998634,0.31378821683685143
532.8499999998634,0.48968449803822967
532.8599999998632,0.6334899303427105
532.8699999998632,0.654638949219443
532.8799999998632,0.5597053507465956
532.8899999998631,0.3592053052089958
532.8999999998631,0.36210423747786286
532.9099999998631,0.5625237179655654
532.9199999998631,0.6555879911206176
532.929999999863,0.6325309335750453
532.939999999863,0.4857644354660348
532.9499999998629,0.3116619240983864
532.9599999998628,0.4456467507102318
532.9699999998628,0.6156075857133901
532.9799999998628,0.6600934833190666
532.9899999998628,0.5899312369070953
532.9999999998627,0.3981466544843911
533.0099999998627,0.33004915909645394
533.0199999998626,0.5293946613042289
533.0299999998625,0.6480995232101617
533.0399999998625,0.6465183151235732
533.0499999998625,0.5238867697052024
533.0599999998625,0.3258044203691478
533.0699999998624,0.4047314315664022
533.0799999998624,0.59483610241089
533.0899999998624,0.6612654740616337
533.0999999998622,0.612526698635174
533.1099999998622,0.43688588227308545
533.1199999998622,0.3120641090974848
533.1299999998622,0.4955298383339
533.1399999998621,0.6377985834698375
533.1499999998621,0.6554686270844567
533.1599999998621,0.5545384068569998
533.169999999862,0.3494514860911849
533.1799999998619,0.36991267885269424
533.1899999998619,0.5724784610953175
533.1999999998619,0.6593871136049104
533.2099999998618,0.6290713032006275
533.2199999998618,0.47154215398967336
533.2299999998618,0.3068693818765774
533.2399999998617,0.46292564734878594
533.2499999998616,0.6257715569438917
533.2599999998616,0.6607301288987135
533.2699999998616,0.5784776527875539
533.2799999998615,0.37652737325758295
533.2899999998615,0.3429311651961598
533.2999999998615,0.5498639058786688
533.3099999998614,0.6555064050800683
533.3199999998614,0.6409663929212049
533.3299999998613,0.5006630514859608
533.3399999998613,0.3110945477193305
533.3499999998612,0.4333273466298072
533.3599999998612,0.6130521488992658
533.3699999998612,0.6633979146068227
533.3799999998611,0.5967985256103637
533.3899999998611,0.4028425884994671
533.399999999861,0.3240131368344593
533.409999999861,0.5282738195968828
533.4199999998609,0.6505384428308175
533.4299999998609,0.6493703835493102
533.4399999998609,0.5241151742980639
533.4499999998608,0.3207758623417942
533.4599999998608,0.4079832643136787
533.4699999998608,0.6006160942996096
533.4799999998608,0.6643672794412261
533.4899999998606,0.6105699637599106
533.4999999998606,0.4260181830278948
533.5099999998606,0.3121105538423551
533.5199999998605,0.5088494744222607
533.5299999998605,0.645288315088371
533.5399999998605,0.6552108296285575
533.5499999998605,0.5423355483021549
533.5599999998603,0.3324246816924372
533.5699999998603,0.38753539589197095
533.5799999998603,0.5893542596662954
533.5899999998602,0.6643703145268556
533.5999999998602,0.6207039011513014
533.6099999998602,0.444937476738838
533.6199999998602,0.30545710983831836
533.62999999986,0.49251847437707214
533.63999999986,0.6404532540967661
533.64999999986,0.6592131940942286
533.6599999998599,0.5559200423456673
533.6699999998599,0.343449687683646
533.6799999998599,0.3720825216754334
533.6899999998599,0.5800385287890403
533.6999999998598,0.6639955326451333
533.7099999998597,0.6279208484298237
533.7199999998597,0.4592051639889938
533.7299999998596,0.3021429883030745
533.7399999998596,0.47996543802259606
533.7499999998596,0.6366123134363869
533.7599999998596,0.6619260433726666
533.7699999998595,0.5654231219180289
533.7799999998595,0.35213546524806966
533.7899999998594,0.3613733651246612
533.7999999998593,0.5732918813358405
533.8099999998593,0.6636949177302552
533.8199999998593,0.632750768005658
533.8299999998593,0.46876250728323393
533.8399999998592,0.300525456091187
533.8499999998592,0.47165053226720777
533.8599999998592,0.6342107920754417
533.869999999859,0.6637380648597561
533.879999999859,0.5712690057627549
533.889999999859,0.35744363360588777
533.899999999859,0.3550471920477603
533.9099999998589,0.5695681731833969
533.9199999998589,0.663783504970148
533.9299999998589,0.6355428643759146
533.9399999998587,0.4736526019388627
533.9499999998587,0.2994495054326966
533.9599999998587,0.46785809525177696
533.9699999998587,0.6335447244548792
533.9799999998586,0.6648877534836583
533.9899999998586,0.5737150897213099
533.9999999998586,0.358807273315227
534.0099999998585,0.3528465118068392
534.0199999998584,0.5691408701843466
534.0299999998584,0.6644359054672646
534.0399999998584,0.6364742125929221
534.0499999998583,0.47389157388243014
534.0599999998583,0.29834081251349015
534.0699999998583,0.46874645080457544
534.0799999998582,0.6347487552901272
534.0899999998582,0.6654679047085154
534.0999999998581,0.5728369724066733
534.1099999998581,0.3559942260690834
534.119999999858,0.35475597188171476
534.129999999858,0.5720963248269386
534.139999999858,0.6656830035922287
534.1499999998579,0.6355537895786909
534.1599999998579,0.46940858022584925
534.1699999998579,0.29724445247535936
534.1799999998578,0.4743719569772887
534.1899999998577,0.6377892387818085
534.1999999998577,0.6654266607503698
534.2099999998577,0.5685206842495631
534.2199999998576,0.34906485671999
534.2299999998576,0.3610461338909912
534.2399999998576,0.5783276639722481
534.2499999998576,0.6674107139531825
534.2599999998574,0.6326207010839184
534.2699999998574,0.4600355071673279
534.2799999998574,0.29685172510031155
534.2899999998573,0.4846725221396672
534.2999999998573,0.6424636190314832
534.3099999998573,0.6645657662585839
534.3199999998573,0.560456877588293
534.3299999998571,0.3384343126532288
534.3399999998571,0.37221214584008894
534.3499999998571,0.5875292488712732
534.359999999857,0.6693612638286264
534.369999999857,0.62733579402693
534.379999999857,0.44554687787040115
534.389999999857,0.29850998602831214
534.3999999998568,0.499413600087016
534.4099999998568,0.6484066604362064
534.4199999998568,0.6625352947566174
534.4299999998567,0.5481384756129634
534.4399999998567,0.32504577059621437
534.4499999998567,0.3888050232434514
534.4599999998567,0.5991963384424687
534.4699999998566,0.6711359124191673
534.4799999998565,0.6191658411359787
534.4899999998565,0.42577234835781685
534.4999999998564,0.3041573849033767
534.5099999998564,0.518118019525662
534.5199999998564,0.6551031783715927
534.5299999998564,0.6588226111528535
534.5399999998563,0.5308720133056039
534.5499999998563,0.3106446812098693
534.5599999998562,0.41117382349404186
534.5699999998561,0.6126367643028265
534.5799999998561,0.6721962708488204
534.5899999998561,0.6073603847349586
534.5999999998561,0.4008303459434659
534.609999999856,0.316081286973271
534.619999999856,0.540013447745948
534.629999999856,0.6619050394398431
534.6399999998558,0.6527319775796546
534.6499999998558,0.5078293201232944
534.6599999998558,0.29808267026402735
534.6699999998558,0.4391781741749783
534.6799999998557,0.6269988978649051
534.6899999998557,0.6718594795177693
534.6999999998557,0.5909253540398182
534.7099999998555,0.3715557063723528
534.7199999998555,0.33640845309629847
534.7299999998555,0.5640302307256119
534.7399999998555,0.6680474204798176
534.7499999998554,0.6433505435008233
534.7599999998554,0.47819888243977765
534.7699999998554,0.29144425138949553
534.7799999998552,0.47197513326035234
534.7899999998552,0.6413132366288001
534.7999999998552,0.6692806032495987
534.8099999998552,0.5686096699122204
534.8199999998551,0.3401808985450585
534.8299999998551,0.36635791508841176
534.8399999998551,0.5888639238962762
534.849999999855,0.6726562811621274
534.859999999855,0.6294980115584854
534.8699999998549,0.44155512372629074
534.8799999998549,0.29561753010548397
534.8899999998548,0.5079894650330283
534.8999999998548,0.6545364745947918
534.9099999998548,0.6634140997767393
534.9199999998547,0.538952374025761
534.9299999998547,0.3111785786109065
534.9399999998546,0.4055205882130652
534.9499999998546,0.6130871596855008
534.9599999998545,0.6747364839202591
534.9699999998545,0.6096653210463895
534.9799999998545,0.39864211461796467
534.9899999998544,0.31494781010237827
534.9999999998544,0.5451088352447534
535.0099999998544,0.6655808154756951
535.0199999998543,0.6529461365491878
535.0299999998542,0.5005109238665455
535.0399999998542,0.29172874970781165
535.0499999998542,0.4515960060691343
535.0599999998541,0.6352700695167977
535.0699999998541,0.6731283805624
535.0799999998541,0.5819739260300552
535.0899999998541,0.352770029082021
535.0999999998539,0.3511856982755855
535.1099999998539,0.58103098268473
535.1199999998539,0.6733096883846776
535.1299999998538,0.6361943161324809
535.1399999998538,0.452538082379964
535.1499999998538,0.2906270584787224
535.1599999998538,0.5008554005740643
535.1699999998536,0.6540613346405102
535.1799999998536,0.6664201997944051
535.1899999998536,0.5442613482788531
535.1999999998535,0.3116036483701284
535.2099999998535,0.4019452445774978
535.2199999998535,0.6136095840762216
535.2299999998535,0.6764829081500061
535.2399999998534,0.6109923521813332
535.2499999998533,0.39657617108845516
535.2599999998533,0.3146273188720296
535.2699999998532,0.5491311063579744
535.2799999998532,0.6681940901236219
535.2899999998532,0.6528063133847243
535.2999999998532,0.494584456169784
535.3099999998531,0.2877279024414258
535.319999999853,0.46111079371006497
535.329999999853,0.6410582210537463
535.3399999998529,0.6736366985233084
535.3499999998529,0.574648741956559
535.3599999998529,0.3393439251103526
535.3699999998528,0.36370258830171714
535.3799999998528,0.5927807357295801
535.3899999998528,0.6764000954903441
535.3999999998528,0.6298981640157698
535.4099999998526,0.4328060449637098
535.4199999998526,0.29471000671395653
535.4299999998526,0.5211581850723699
535.4399999998525,0.6619538611630613
535.4499999998525,0.6628861158521588
535.4599999998525,0.5242818385077986
535.4699999998525,0.295668457665048
535.4799999998523,0.42964103417330496
535.4899999998523,0.6291756139868304
535.4999999998523,0.6772273578572121
535.5099999998522,0.5945648728066149
535.5199999998522,0.3642754884216077
535.5299999998522,0.3379546787596538
535.5399999998522,0.575677799936352
535.549999999852,0.6750592583522684
535.559999999852,0.6416500139776331
535.569999999852,0.4583662363174633
535.5799999998519,0.2860433213310481
535.5899999998519,0.5001438055135606
535.5999999998519,0.656638639655239
535.6099999998519,0.6687561414560107
535.6199999998518,0.5431272912762294
535.6299999998517,0.30522856754345906
535.6399999998517,0.4084402362227595
535.6499999998516,0.6205615118559098
535.6599999998516,0.6790092589418711
535.6699999998516,0.6063709032633223
535.6799999998516,0.381154888865114
535.6899999998515,0.32319894643526875
535.6999999998515,0.5645838884874916
535.7099999998514,0.6740202795839316
535.7199999998513,0.6482121465624276
535.7299999998513,0.4729499757409211
535.7399999998513,0.28282361427359803
535.7499999998513,0.4881094615706526
535.7599999998512,0.6537436748886775
535.7699999998512,0.6718843251809835
535.7799999998512,0.552604456280771
535.789999999851,0.31067175407283676
535.799999999851,0.398136804030699
535.809999999851,0.6167380243834861
535.819999999851,0.6801158930430529
535.8299999998509,0.611553842189136
535.8399999998509,0.3878847358549105
535.8499999998509,0.31739762223409274
535.8599999998507,0.5609727805022596
535.8699999998507,0.6742327377323969
535.8799999998507,0.6506715820438248
535.8899999998507,0.47685609621579705
535.8999999998506,0.2812657556100374
535.9099999998506,0.48613651349897097
535.9199999998506,0.654118027658433
535.9299999998505,0.6730081622447436
535.9399999998504,0.5535164764034395
535.9499999998504,0.30937525434781116
535.9599999998504,0.3988725923474545
535.9699999998503,0.6184570941325578
535.9799999998503,0.681041148881146
535.9899999998503,0.6107057555210514
535.9999999998502,0.3837436261627147
536.0099999998502,0.3196811201963406
536.0199999998501,0.5654219533919872
536.0299999998501,0.676007729304405
536.03999999985,0.6493243193475754
536.04999999985,0.47008005912502615
536.05999999985,0.28051576996458705
536.0699999998499,0.4945458536758424
536.0799999998499,0.6578912781435128
536.0899999998499,0.6721862829490151
536.0999999998498,0.5457923007258565
536.1099999998497,0.30120844429446286
536.1199999998497,0.41091646166807966
536.1299999998497,0.6256202285092959
536.1399999998496,0.6816473037078559
536.1499999998496,0.6035318917036103
536.1599999998496,0.368687781519704
536.1699999998496,0.3310643632810917
536.1799999998494,0.57757205031126
536.1899999998494,0.6790018197071058
536.1999999998494,0.6436939101949561
536.2099999998493,0.4520829143883615
536.2199999998493,0.28290451755043056
536.2299999998493,0.5129003543896442
536.2399999998493,0.6644560744008369
536.2499999998491,0.6687989914661769
536.2599999998491,0.5284375192897071
536.2699999998491,0.2886705916932738
536.279999999849,0.43454648262364937
536.289999999849,0.6372729809723378
536.299999999849,0.6811616870909076
536.309999999849,0.5888086612412275
536.3199999998488,0.3437075858643399
536.3299999998488,0.35402339671650307
536.3399999998488,0.5960984721880642
536.3499999998487,0.6822306989986049
536.3599999998487,0.6324740524026633
536.3699999998487,0.4220832491990898
536.3799999998487,0.29378159443869023
536.3899999998486,0.5397734881439689
536.3999999998485,0.6725163281845828
536.4099999998485,0.6614960457688803
536.4199999998484,0.4996038555714365
536.4299999998484,0.2778513743204002
536.4399999998484,0.46921953965934504
536.4499999998484,0.6516860290898115
536.4599999998483,0.6781533740964076
536.4699999998483,0.5642950079234457
536.4799999998482,0.31241244731152934
536.4899999998481,0.3908612406792531
536.4999999998481,0.6187582751645014
536.5099999998481,0.6840956756615089
536.5199999998481,0.6133822072111931
536.529999999848,0.38023160357546004
536.539999999848,0.3201196671608671
536.549999999848,0.5725322394215262
536.5599999998478,0.6801805740267807
536.5699999998478,0.6480602892169943
536.5799999998478,0.4570620859976007
536.5899999998478,0.2791632176709667
536.5999999998477,0.5125873319800613
536.6099999998477,0.6665209173570366
536.6199999998477,0.6704452539900563
536.6299999998475,0.526724539009623
536.6399999998475,0.28388310055599303
536.6499999998475,0.4413052263933446
536.6599999998475,0.6425995392254659
536.6699999998474,0.6823679846215474
536.6799999998474,0.5829372241913178
536.6899999998474,0.3305941226380869
536.6999999998473,0.36686593807890006
536.7099999998472,0.6074756348027663
536.7199999998472,0.6850380068474353
536.7299999998472,0.6251386212187742
536.7399999998471,0.3999986705743705
536.7499999998471,0.3050290806632267
536.7599999998471,0.5602293977703815
536.769999999847,0.6790201296618708
536.779999999847,0.6548830312698032
536.7899999998469,0.4724198213150901
536.7999999998469,0.27476293497502174
536.8099999998468,0.5009130328898963
536.8199999998468,0.6643019676719976
536.8299999998468,0.6740358361387743
536.8399999998467,0.5363697767038961
536.8499999998467,0.2865314057876899
536.8599999998467,0.4322870166778382
536.8699999998466,0.6403988086885302
536.8799999998465,0.6841068479355777
536.8899999998465,0.5878524461004199
536.8999999998465,0.33411256232348574
536.9099999998464,0.36209596219223905
536.9199999998464,0.6065314815539152
536.9299999998464,0.6860850284849181
536.9399999998463,0.6268767225154441
536.9499999998462,0.4002921629588696
536.9599999998462,0.3040275506597346
536.9699999998462,0.5619848820194374
536.9799999998461,0.680449709430519
536.9899999998461,0.6548864565468251
536.9999999998461,0.4687001338762268
537.0099999998461,0.27392981945531103
537.0199999998459,0.5068236811273401
537.0299999998459,0.6672321723101776
537.0399999998459,0.6735035980672182
537.0499999998458,0.5297223111487557
537.0599999998458,0.28092403427328905
537.0699999998458,0.4431355623579894
537.0799999998458,0.646098112644628
537.0899999998456,0.6840578209219299
537.0999999998456,0.5797948677091043
537.1099999998456,0.32101307294003323
537.1199999998455,0.3766566651820769
537.1299999998455,0.6164722824811895
537.1399999998455,0.6874680267088273
537.1499999998455,0.61872820138659
537.1599999998454,0.3805569878943115
537.1699999998453,0.3177082530711569
537.1799999998453,0.5777657614894849
537.1899999998452,0.6842529586130789
537.1999999998452,0.6476633364614771
537.2099999998452,0.4451803943169765
537.2199999998452,0.2793104999173845
537.2299999998451,0.5298035506061779
537.239999999845,0.6745797887732927
537.249999999845,0.6680065860494877
537.2599999998449,0.5053256149442915
537.2699999998449,0.27146243468800163
537.2799999998449,0.4735596937067771
537.2899999998449,0.6583238981086305
537.2999999998448,0.6809929299184742
537.3099999998448,0.5566345394478731
537.3199999998448,0.29518135793947864
537.3299999998446,0.41219768728171946
537.3399999998446,0.6351447045488248
537.3499999998446,0.6875540363333466
537.3599999998446,0.5981085010197678
537.3699999998445,0.3421746069050174
537.3799999998445,0.3520340891348081
537.3899999998445,0.604602708762955
537.3999999998443,0.6883097209867459
537.4099999998443,0.6303455130071351
537.4199999998443,0.40033302804106824
537.4299999998443,0.3024082065736835
537.4399999998442,0.5663609089603674
537.4499999998442,0.683600640351267
537.4599999998442,0.6544721705470662
537.469999999844,0.45942162204397924
537.479999999844,0.27327039015278926
537.489999999844,0.5205264679942435
537.499999999844,0.6735312769058803
537.5099999998439,0.6716329373825771
537.5199999998439,0.5132886719321108
537.5299999998439,0.2708533577335341
537.5399999998438,0.4681745009087561
537.5499999998437,0.6580165802618335
537.5599999998437,0.6827927039572842
537.5699999998437,0.559311283053366
537.5799999998436,0.29441416751875227
537.5899999998436,0.4120067804248772
537.5999999998436,0.636837961236592
537.6099999998435,0.6886861344516069
537.6199999998435,0.5970226156195462
537.6299999998434,0.3369730556976587
537.6399999998434,0.35688016890048857
537.6499999998433,0.6097224040024748
537.6599999998433,0.6898262987945548
537.6699999998433,0.6269828735965829
537.6799999998432,0.3892034887798464
537.6899999998432,0.3096466082222461
537.6999999998432,0.5764650011590746
537.7099999998431,0.68653285795493
537.719999999843,0.6501043793865917
537.729999999843,0.44310383766154016
537.739999999843,0.27772121632409263
537.7499999998429,0.5371186217306395
537.7599999998429,0.6789643720332921
537.7699999998429,0.6673180861069983
537.7799999998429,0.49352061372938766
537.7899999998427,0.2665280033063136
537.7999999998427,0.4922673720404271
537.8099999998427,0.6671508336341293
537.8199999998426,0.6794364406679674
537.8299999998426,0.5379237641497396
537.8399999998426,0.27721547943159414
537.8499999998426,0.443368633601393
537.8599999998424,0.6510280684802804
537.8699999998424,0.6871135025708538
537.8799999998424,0.5755446986255239
537.8899999998423,0.3063218955855491
537.8999999998423,0.3930757610260282
537.9099999998423,0.6304786479128608
537.9199999998423,0.6908476284800986
537.9299999998422,0.606573171336502
537.9399999998421,0.347584110925236
537.9499999998421,0.3453466038680514
537.959999999842,0.6053858582103145
537.969999999842,0.6909999725085791
537.979999999842,0.6316188481360638
537.989999999842,0.3944279986473184
537.9999999998419,0.3050749188185729
538.0099999998419,0.5757081907080692
538.0199999998418,0.687817041584037
538.0299999998417,0.6514095853743186
538.0399999998417,0.4416562604618274
538.0499999998417,0.277099373235744
538.0599999998417,0.5415807280176783
538.0699999998416,0.6814529477466053
538.0799999998416,0.6666448103623682
538.0899999998416,0.48595201775404334
538.0999999998414,0.26482853477411306
538.1099999998414,0.5034444992372078
538.1199999998414,0.671990475420205
538.1299999998414,0.6779360640370152
538.1399999998413,0.5256176262825183
538.1499999998413,0.2691410814115516
538.1599999998413,0.46219238704378146
538.1699999998411,0.6594616579743213
538.1799999998411,0.6857916118189816
538.1899999998411,0.5600655185125235
538.1999999998411,0.28820787440126283
538.209999999841,0.41929871353301473
538.219999999841,0.6438692381291231
538.229999999841,0.6906211349056868
538.2399999998408,0.5893555126876072
538.2499999998408,0.31830679617627045
538.2599999998408,0.3768731365436979
538.2699999998408,0.6252106054089454
538.2799999998407,0.6927482456790368
538.2899999998407,0.6138691264841127
538.2999999998407,0.3550841338999135
538.3099999998406,0.33756327473673087
538.3199999998405,0.6035056808310909
538.3299999998405,0.692425039558969
538.3399999998405,0.6341115116964171
538.3499999998404,0.3946099782802669
538.3599999998404,0.30425078126657756
538.3699999998404,0.578829688044077
538.3799999998403,0.6898462313041044
538.3899999998403,0.6506037680844271
538.3999999998402,0.4339175451079302
538.4099999998402,0.2795616480630101
538.4199999998401,0.5513506401894329
538.4299999998401,0.6851620498290351
538.4399999998401,0.6638310720514516
538.44999999984,0.4710825935092695
538.45999999984,0.26532248868924185
538.46999999984,0.5213694989031268
538.47999999984,0.6784898038044558
538.4899999998398,0.6742223095966315
538.4999999998398,0.5050487600872685
538.5099999998398,0.26216713036904205
538.5199999998397,0.4893582832183783
538.5299999998397,0.6699243207952174
538.5399999998397,0.6821461741561627
538.5499999998397,0.5353781359436031
538.5599999998395,0.26945736951039534
538.5699999998395,0.4559882553594355
538.5799999998395,0.6595475300920886
538.5899999998394,0.6879151189543617
538.5999999998394,0.5620252750962915
538.6099999998394,0.2855358851961649
538.6199999998394,0.4221376492339829
538.6299999998392,0.6474374134634148
538.6399999998392,0.6917925132603838
538.6499999998392,0.5851679770984315
538.6599999998391,0.3081791260028824
538.6699999998391,0.3888678754099444
538.6799999998391,0.6336764411749313
538.6899999998391,0.694000629374607
538.699999999839,0.6050942433732236
538.7099999998389,0.33506337182634177
538.7199999998389,0.3573606147330709
538.7299999998388,0.6183594684189083
538.7399999998388,0.6947283351407627
538.7499999998388,0.6221328542037426
538.7599999998388,0.3641082279702975
538.7699999998387,0.3288166738318859
538.7799999998387,0.6016009063011708
538.7899999998386,0.6941380214683638
538.7999999998385,0.6366139226860341
538.8099999998385,0.39365426732253156
538.8199999998385,0.3043295365877784
538.8299999998385,0.5835408196759554
538.8399999998384,0.6923716205098771
538.8499999998384,0.6488485131403019
538.8599999998384,0.4225016489031961
538.8699999998382,0.2847578706130652
538.8799999998382,0.5643494653230018
538.8899999998382,0.6895557199763718
538.8999999998382,0.6591196897845825
538.9099999998381,0.44986326715376534
538.9199999998381,0.2706260495299245
538.9299999998381,0.5442296999765017
538.9399999998379,0.6858058377108578
538.9499999998379,0.6676800469450312
538.9599999998379,0.4752812770955163
538.9699999998379,0.2620762536574344
538.9799999998378,0.5234166942924502
538.9899999998378,0.6812299347315558
538.9999999998378,0.6747526734705338
539.0099999998376,0.49853912380912446
539.0199999998376,0.25888122438670597
539.0299999998376,0.5021745171489975
539.0399999998376,0.675931239301085
539.0499999998375,0.6805337489273047
539.0599999998375,0.5195851644338799
539.0699999998375,0.2605095115372583
539.0799999998374,0.48078941840306966
539.0899999998373,0.6700104428327694
539.0999999998373,0.6851957458289976
539.1099999998373,0.5384731367867778
539.1199999998372,0.2662224927856416
539.1299999998372,0.45956002155393716
539.1399999998372,0.6635673172260098
539.1499999998371,0.6888906803140683
539.159999999837,0.5553189622760311
539.169999999837,0.2751787638925515
539.179999999837,0.43878508632189145
539.1899999998369,0.6567017960696041
539.1999999998369,0.6917531282965649
539.2099999998369,0.570271040628857
539.2199999998368,0.2865259781048308
539.2299999998368,0.4187499289767077
539.2399999998368,0.6495145601851643
539.2499999998367,0.693902880637244
539.2599999998366,0.5834907373980008
539.2699999998366,0.2994688760053707
539.2799999998366,0.39971289120764175
539.2899999998365,0.6421071711132135
539.2999999998365,0.6954471975930768
539.3099999998365,0.5951401361947743
539.3199999998365,0.3133108279150882
539.3299999998363,0.3818933418007727
539.3399999998363,0.6345818033040467
539.3499999998363,0.6964826687373021
539.3599999998362,0.605374752774746
539.3699999998362,0.32747215598843626
539.3799999998362,0.3654625361191919
539.3899999998362,0.6270406355024319
539.399999999836,0.6970967074190345
539.409999999836,0.6143395204843473
539.419999999836,0.3414912695515629
539.4299999998359,0.35053827057827325
539.4399999998359,0.6195849709766356
539.4499999998359,0.6973687188572871
539.4599999998359,0.6221668613482048
539.4699999998357,0.3550149577228434
539.4799999998357,0.3371837331579082
539.4899999998357,0.6123141648615644
539.4999999998356,0.6973709842071811
539.5099999998356,0.6289760376268402
539.5199999998356,0.3677831280421032
539.5299999998356,0.32541038801053285
539.5399999998355,0.605324439592771
539.5499999998354,0.6971693026384832
539.5599999998354,0.6348732515135519
539.5699999998353,0.3796117670651416
539.5799999998353,0.3151842526084729
539.5899999998353,0.5987076687522447
539.5999999998353,0.6968234314975214
539.6099999998352,0.6399521491571298
539.6199999998352,0.39037647154709737
539.6299999998351,0.30643461615023737
539.639999999835,0.5925502018108212
539.649999999835,0.6963873619229224
539.659999999835,0.6442945122677715
539.669999999835,0.3999977925294871
539.6799999998349,0.299064133799141
539.6899999998349,0.58693178931169
539.6999999998349,0.6959094642528604
539.7099999998347,0.647971004931692
539.7199999998347,0.4084288813000058
539.7299999998347,0.29295929298850215
539.7399999998347,0.5819246511348706
539.7499999998346,0.6954325345005291
539.7599999998346,0.651041897568401
539.7699999998346,0.415645473580087
539.7799999998344,0.2880004345308522
539.7899999998344,0.5775927112791219
539.7999999998344,0.6949937699407546
539.8099999998344,0.6535577248452786
539.8199999998343,0.4216380093346781
539.8299999998343,0.28407075454183056
539.8399999998343,0.5739910031332655
539.8499999998342,0.6946246987402886
539.8599999998341,0.6555598557329704
539.8699999998341,0.42640558937185635
539.8799999998341,0.2810639580933844
539.889999999834,0.5711652326496544
539.899999999834,0.6943510852442809
539.909999999834,0.6570809667928139
539.9199999998339,0.429951455287812
539.9299999998339,0.2788904398088647
539.9399999998338,0.5691514744390439
539.9499999998338,0.6941928293337598
539.9599999998337,0.6581454168085289
539.9699999998337,0.43227971036090057
539.9799999998337,0.2774820092946134
539.9899999998336,0.5679759691235888
539.9999999998336,0.6941638748191964
540.0099999998336,0.6587695242542437
540.0199999998335,0.4333930501915883
540.0299999998334,0.27679525682025957
540.0399999998334,0.5676549896023879
540.0499999998334,0.6942721385783441
540.0599999998333,0.658961750346451
540.0699999998333,0.43329133057903874
540.0799999998333,0.27681367319596367
540.0899999998333,0.5681947491926
540.0999999998331,0.6945194686685426
540.1099999998331,0.6587227896655815
540.1199999998331,0.43197086126680845
540.129999999833,0.2775486105206972
540.139999999833,0.5695913348827014
540.149999999833,0.6949016362068791
540.159999999833,0.6580455692889259
540.1699999998328,0.4294243729362488
540.1799999998328,0.27903911489309025
540.1899999998328,0.571830661575095
540.1999999998327,0.6954083623478883
540.2099999998327,0.6569151552463498
540.2199999998327,0.4256416653123421
540.2299999998327,0.2813505922644705
540.2399999998325,0.5748884578095963
540.2499999998325,0.6960233781995536
540.2599999998325,0.6553085634514842
540.2699999998324,0.4206110049722915
540.2799999998324,0.2845722040458269
540.2899999998324,0.5787303059545437
540.2999999998324,0.6967245119050094
540.3099999998323,0.6531944701502778
540.3199999998322,0.4143214045234377
540.3299999998322,0.2888128462077643
540.3399999998321,0.5833117697423541
540.3499999998321,0.6974837936140347
540.3599999998321,0.650532816047083
540.3699999998321,0.4067659829092805
540.379999999832,0.2941955628420532
540.389999999832,0.5885786461551602
540.399999999832,0.6982675654121532
540.4099999998318,0.6472742977646828
540.4199999998318,0.3979466740054964
540.4299999998318,0.30085030053908496
540.4399999998318,0.5944673774003788
540.4499999998317,0.699036579668747
540.4599999998317,0.6433597422233336
540.4699999998317,0.38788061522255374
540.4799999998315,0.308905035975602
540.4899999998315,0.6009056501528862
540.4999999998315,0.6997460656877418
540.5099999998315,0.6387193640427897
540.5199999998314,0.37660859178995665
540.5299999998314,0.31847550994953533
540.5399999998314,0.607813195129192
540.5499999998312,0.7003457408889179
540.5599999998312,0.6332719152121133
540.5699999998312,0.3642059113651771
540.5799999998312,0.32965406474583125
540.5899999998311,0.6151027811888502
540.5999999998311,0.7007797392243951
540.6099999998311,0.6269237531778988
540.619999999831,0.3507959925659653
540.6299999998309,0.3424983698810655
540.6399999998309,0.6226813769129673
540.6499999998309,0.7009864258448174
540.6599999998308,0.6195678812937763
540.6699999998308,0.3365667007173367
540.6799999998308,0.35702108063983956
540.6899999998307,0.6304514315884705
540.6999999998307,0.7008980633792037
540.7099999998306,0.6110830614752067
540.7199999998306,0.321788963230452
540.7299999998305,0.3731816252266957
540.7399999998305,0.6383122088394514
540.7499999998305,0.7004402913349562
540.7599999998304,0.6013331717248005
540.7699999998304,0.3068363379267207
540.7799999998304,0.39088128917140325
540.7899999998303,0.6461610929567281
540.7999999998302,0.6995313761422851
540.8099999998302,0.590167094406479
540.8199999998302,0.2922029091908662
540.8299999998301,0.40996251542306505
540.8399999998301,0.653894780170186
540.8499999998301,0.6980811853077571
540.85999999983,0.5774195946522634
540.8699999998299,0.27851517101018064
540.8799999998299,0.43021286741557063
540.8899999998299,0.6614102667452496
540.8999999998298,0.6959898353878393
540.9099999998298,0.5629139079148692
540.9199999998298,0.26653168697334334
540.9299999998298,0.4513734839543765
540.9399999998296,0.6686055508008943
540.9499999998296,0.6931459607965232
540.9599999998296,0.5464671337419252
540.9699999998295,0.2571229528257649
540.9799999998295,0.47315120734202076
540.9899999998295,0.6753799739827282
540.9999999998295,0.6894245507451326
541.0099999998293,0.5279000626111467
541.0199999998293,0.2512241628913914
541.0299999998293,0.49523303806501373
541.0399999998292,0.6816341407760219
541.0499999998292,0.6846843081786972
541.0599999998292,0.5070537605863548
541.0699999998292,0.24975689455785455
541.079999999829,0.5173012746705189
541.089999999829,0.68726936400802
541.099999999829,0.6787645038069389
541.1099999998289,0.4838160650887596
541.1199999998289,0.25352301565949187
541.1299999998289,0.5390476979476473
541.1399999998289,0.6921865929361667
541.1499999998288,0.6714813417156289
541.1599999998288,0.45816192264685845
541.1699999998287,0.26308468619181585
541.1799999998286,0.5601854292667521
541.1899999998286,0.6962847832696333
541.1999999998286,0.6626239402766579
541.2099999998286,0.43021175964463054
541.2199999998285,0.27865483088269155
541.2299999998285,0.5804575479987032
541.2399999998285,0.6994586646565366
541.2499999998283,0.6519501976222946
541.2599999998283,0.4003108341256797
541.2699999998283,0.30002739705705334
541.2799999998283,0.5996420735988411
541.2899999998282,0.7015958505507603
541.2999999998282,0.6391831122050026
541.3099999998282,0.3691280547534735
541.319999999828,0.3265711732148375
541.329999999828,0.6175533925949335
541.339999999828,0.7025732178051685
541.349999999828,0.6240086600359712
541.3599999998279,0.3377627326948795
541.3699999998279,0.3572945533670626
541.3799999998279,0.6340405594902363
541.3899999998278,0.7022524613603663
541.3999999998277,0.6060772396367775
541.4099999998277,0.3078303570335387
541.4199999998277,0.39096741758165454
541.4299999998276,0.648983094558993
541.4399999998276,0.7004747075746846
541.4499999998276,0.5850121992131322
541.4599999998275,0.2814757662860804
541.4699999998275,0.4262698937535401
541.4799999998274,0.6622849456986748
541.4899999998274,0.6970540581257254
541.4999999998273,0.5604313341173535
541.5099999998273,0.2612451856376411
541.5199999998273,0.4619333735362668
541.5299999998272,0.6738672097830863
541.5399999998272,0.691769954855514
541.5499999998272,0.5319907266510701
541.5599999998271,0.2497608134858009
541.569999999827,0.49684716214748503
541.579999999827,0.6836600631857696
541.589999999827,0.6843583429713187
541.5999999998269,0.4994647674940005
541.6099999998269,0.24920804506332786
541.6199999998269,0.5301188263243028
541.6299999998269,0.691594168969626
541.6399999998267,0.6745018400480305
541.6499999998267,0.46288032211538704
541.6599999998267,0.2607611864175329
541.6699999998266,0.5610903689975265
541.6799999998266,0.6975916390995361
541.6899999998266,0.6618196307627243
541.6999999998266,0.4227225163297452
541.7099999998264,0.28417288871135554
541.7199999998264,0.5893211178754599
541.7299999998264,0.7015564515851779
541.7399999998263,0.6458588592485928
541.7499999998263,0.38021475882960826
541.7599999998263,0.317735932811579
541.7699999998263,0.6145508518477262
541.7799999998261,0.7033640660361384
541.7899999998261,0.6260913373922338
541.7999999998261,0.337630219651692
541.809999999826,0.3586615155726277
541.819999999826,0.6366549718047946
541.829999999826,0.7028498583415344
541.839999999826,0.6019231847882522
541.8499999998259,0.2985025038471822
541.8599999998258,0.4037096938422414
541.8699999998258,0.6555998751396989
541.8799999998257,0.6997959295809819
541.8899999998257,0.5727316785538157
541.8999999998257,0.2674917505638515
541.9099999998257,0.44981028112619126
541.9199999998256,0.6714029537022279
541.9299999998256,0.6939158941337691
541.9399999998255,0.5379543238063709
541.9499999998254,0.24963732389758292
541.9599999998254,0.49447750920034156
541.9699999998254,0.6840987163932587
541.9799999998254,0.6848375493692163
541.9899999998253,0.4972698498682634
541.9999999998253,0.24896765771630688
542.0099999998253,0.5359653929273271
542.0199999998251,0.6937106422530375
542.0299999998251,0.6720841593675727
542.0399999998251,0.45092370792088887
542.0499999998251,0.2669661366834835
542.059999999825,0.5732227911611415
542.069999999825,0.7002273273190162
542.079999999825,0.6550570326842352
542.0899999998248,0.4002403425522257
542.0999999998248,0.30179281265928587
542.1099999998248,0.6057443046583919
542.1199999998248,0.7035810257442775
542.1299999998247,0.6330262839928734
542.1399999998247,0.3482809089435821
542.1499999998247,0.3488469794250596
542.1599999998245,0.6333960178772209
542.1699999998245,0.7036265754713794
542.1799999998245,0.6051452294977482
542.1899999998245,0.30037962057773343
542.1999999998244,0.4023362381197555
542.2099999998244,0.6562605967129437
542.2199999998244,0.7001188349316048
542.2299999998243,0.5705201116312784
542.2399999998242,0.2639467447463068
542.2499999998242,0.4569018170927726
542.2599999998242,0.6745174517406509
542.2699999998241,0.6926872181300767
542.2799999998241,0.5283945120708373
542.2899999998241,0.24681514021454476
542.299999999824,0.5085732911775437
542.309999999824,0.688356923317757
542.319999999824,0.6808070863233526
542.3299999998238,0.4785453999160428
542.3399999998238,0.2541957553972005
542.3499999998238,0.5549522169284691
542.3599999998238,0.697920451291176
542.3699999998237,0.663770603438393
542.3799999998237,0.4220094468277323
542.3899999998237,0.2859252736496514
542.3999999998235,0.5949225174827546
542.4099999998235,0.7032572777074427
542.4199999998235,0.6406663086617791
542.4299999998235,0.3621719900179323
542.4399999998234,0.33626416283918853
542.4499999998234,0.6282168176918079
542.4599999998234,0.7042892309351088
542.4699999998232,0.6103913654124737
542.4799999998232,0.30586978206042026
542.4899999998232,0.3965385212815266
542.4999999998232,0.6550300038904705
542.5099999998231,0.7007769033710377
542.5199999998231,0.5717507335673073
542.5299999998231,0.2633899250100614
542.539999999823,0.4585035898575025
542.549999999823,0.6757410477355527
542.5599999998229,0.6922826816982225
542.5699999998229,0.5237528916690958
542.5799999998228,0.24578712696580207
542.5899999998228,0.5163333748957176
542.5999999998228,0.6907349755992371
542.6099999998227,0.6781293984105065
542.6199999998227,0.4662897736306754
542.6299999998226,0.2595656599120261
542.6399999998226,0.5668831697574264
542.6499999998225,0.7002948085640354
542.6599999998225,0.6573602744899207
542.6699999998225,0.4014208975352435
542.6799999998224,0.3024259744930972
542.6899999998224,0.6090108938273922
542.6999999998224,0.7045336463605747
542.7099999998223,0.6287218622979505
542.7199999998222,0.33521412861485
542.7299999998222,0.36436125848304485
542.7399999998222,0.6427352935827441
542.7499999998221,0.7033441875240467
542.7599999998221,0.5907281988870241
542.7699999998221,0.2790718132735474
542.779999999822,0.43312992439325193
542.7899999998219,0.6685873235041797
542.7999999998219,0.6963505658902049
542.8099999998219,0.5419402523630172
542.8199999998218,0.24789638798054464
542.8299999998218,0.49913180980028027
542.8399999998218,0.6872057681022622
542.8499999998218,0.682854898780692
542.8599999998216,0.4817242436722583
542.8699999998216,0.2531459304154229
542.8799999998216,0.5569741611201361
542.8899999998215,0.699112832436522
542.8999999998215,0.661781919383138
542.9099999998215,0.4118706053534342
542.9199999998215,0.2948569801997736
542.9299999998213,0.6046497684772408
542.9399999998213,0.7045931713630256
542.9499999998213,0.6316485801149301
542.9599999998212,0.3391928973897644
542.9699999998212,0.36113587958218235
542.9799999998212,0.6420996627816979
542.9899999998212,0.7036194524045276
542.9999999998211,0.5906410643811904
543.009999999821,0.27771344532901665
543.019999999821,0.4359813966993902
543.0299999998209,0.6700825707397815
543.0399999998209,0.695789212254047
543.0499999998209,0.537003998684625
543.0599999998209,0.2462633566946567
543.0699999998208,0.5070262761400562
543.0799999998208,0.6895053380570857
543.0899999998207,0.6802561950012195
543.0999999998206,0.47016414334754036
543.1099999998206,0.2582527444373828
543.1199999998206,0.5678538045738907
543.1299999998206,0.7010827936063472
543.1399999998205,0.6556616606383494
543.1499999998205,0.39318977845880676
543.1599999998205,0.31084798952894277
543.1699999998203,0.6165282306986277
543.1799999998203,0.7051735618701678
543.1899999998203,0.6201164555768
543.1999999998203,0.3165516671311666
543.2099999998202,0.3868012530126558
543.2199999998202,0.6534204283176018
543.2299999998202,0.7016868723132729
543.23999999982,0.5713933862526531
543.24999999982,0.2600891593517101
543.25999999982,0.4668301305060507
543.26999999982,0.6796840804212394
543.2799999998199,0.6900023567298713
543.2899999998199,0.5077279353572082
543.2999999998199,0.24606233947968337
543.3099999998198,0.5384741050285689
543.3199999998197,0.6964533642238676
543.3299999998197,0.6688826712850017
543.3399999998197,0.42999771687738436
543.3499999998196,0.28268521425795295
543.3599999998196,0.5967313791828104
543.3699999998196,0.7044812251395665
543.3799999998195,0.6364082647803497
543.3899999998195,0.34601328867761394
543.3999999998194,0.35592050941282
543.4099999998194,0.6410733785370238
543.4199999998193,0.7039775392367144
543.4299999998193,0.5900733247913714
543.4399999998193,0.27510240415100445
543.4499999998192,0.44156866591330535
543.4599999998192,0.6727455923647881
543.4699999998192,0.6945076974501622
543.4799999998191,0.5274454154367464
543.489999999819,0.24461064895872547
543.499999999819,0.5211567928995483
543.509999999819,0.6932609534161192
543.5199999998189,0.6748902957208909
543.5299999998189,0.4482958193026122
543.5399999998189,0.27104635254957216
543.5499999998189,0.5863861690591622
543.5599999998187,0.7037355618723189
543.5699999998187,0.6431048771750518
543.5799999998187,0.3594257785670031
543.5899999998186,0.3434073808096869
543.5999999998186,0.635774329884157
543.6099999998186,0.704624184893276
543.6199999998186,0.596353612516081
543.6299999998184,0.2810184970472143
543.6399999998184,0.4336032336521836
543.6499999998184,0.6706652738434873
543.6599999998183,0.6955880864913089
543.6699999998183,0.5317475106978075
543.6799999998183,0.24468297371832715
543.6899999998183,0.5184227692021859
543.6999999998181,0.6929252147705253
543.7099999998181,0.6753755485023767
543.7199999998181,0.448765469551882
543.729999999818,0.27124618023333297
543.739999999818,0.5873745869903328
543.749999999818,0.7039587052704632
543.759999999818,0.6417130176693436
543.7699999998179,0.35517004565319266
543.7799999998178,0.34843037417144723
543.7899999998178,0.6386816798984364
543.7999999998177,0.7043475626315686
543.8099999998177,0.5913944901455964
543.8199999998177,0.27490380746542
543.8299999998177,0.4434840585068413
543.8399999998176,0.674026047437562
543.8499999998176,0.69369005904703
543.8599999998175,0.5212232135992747
543.8699999998174,0.2444644630863734
543.8799999998174,0.5306548235562492
543.8899999998174,0.6956118947130352
543.8999999998174,0.6704614176751239
543.9099999998173,0.4314252099060693
543.9199999998173,0.2834466548475596
543.9299999998173,0.599526886105072
543.9399999998171,0.7049937595533866
543.9499999998171,0.6319042207604952
543.9599999998171,0.33364803447284946
543.9699999998171,0.3714201227764204
543.979999999817,0.6491787090899748
543.989999999817,0.7026801743458541
543.999999999817,0.5742641621209097
544.0099999998168,0.2596665702841032
544.0199999998168,0.4705302134506776
544.0299999998168,0.6819277272073653
544.0399999998168,0.687957167702358
544.0499999998167,0.4944464432750989
544.0599999998167,0.24978180953774193
544.0699999998167,0.5561291809380756
544.0799999998166,0.7002185970131777
544.0899999998165,0.6587283070460374
544.0999999998165,0.39556720419733205
544.1099999998165,0.31254899190487223
544.1199999998164,0.6206435332238779
544.1299999998164,0.705512983122839
544.1399999998164,0.6114607239101217
544.1499999998163,0.29819447207661876
544.1599999998163,0.4131217537139755
544.1699999998162,0.6649843881091725
544.1799999998162,0.6979397137437535
544.1899999998161,0.5418874739972506
544.1999999998161,0.24557193112905887
544.2099999998161,0.5121213131943826
544.219999999816,0.6921329796581658
544.229999999816,0.6761090359117679
544.239999999816,0.4484704659523837
544.2499999998159,0.2729489358586631
544.2599999998158,0.590946839359828
544.2699999998158,0.7044832049529053
544.2799999998158,0.6369519598367658
544.2899999998157,0.34221467993365795
544.2999999998157,0.3640403797424026
544.3099999998157,0.6468110762795092
544.3199999998156,0.7030227838806269
544.3299999998155,0.575942512646814
544.3399999998155,0.2600388626385139
544.3499999998155,0.4713283851787652
544.3599999998154,0.6825485079212721
544.3699999998154,0.687063892939178
544.3799999998154,0.4892201099886339
544.3899999998154,0.2521487059603183
544.3999999998152,0.5627558426187544
544.4099999998152,0.7013628539736708
544.4199999998152,0.6540428230269151
544.4299999998151,0.3814096687106139
544.4399999998151,0.3265882657807837
544.4499999998151,0.6294049148586243
544.4599999998151,0.7050856019100376
544.469999999815,0.5995064809527815
544.4799999998149,0.2814843083829042
544.4899999998149,0.437009291915059
544.4999999998148,0.6730749504213901
544.5099999998148,0.6936991986455306
544.5199999998148,0.5184478422661002
544.5299999998148,0.2449271109931261
544.5399999998147,0.5385826741628945
544.5499999998146,0.6975680278643227
544.5599999998146,0.6651039185729929
544.5699999998145,0.4115982225409364
544.5799999998145,0.3011661848935082
544.5899999998145,0.6146179758727576
544.5999999998145,0.7055023523266507
544.6099999998144,0.61498811326176
544.6199999998144,0.3016177680112652
544.6299999998143,0.4113070427566542
544.6399999998142,0.665101934542273
544.6499999998142,0.697468625503141
544.6599999998142,0.5377252148152959
544.6699999998142,0.24483321836059482
544.6799999998141,0.5204792920479345
544.6899999998141,0.694210313612065
544.699999999814,0.6717415464206857
544.7099999998139,0.43175560944589214
544.7199999998139,0.28614893105020933
544.7299999998139,0.603992674837097
544.7399999998139,0.7052540272004882
544.7499999998138,0.6240893048992234
544.7599999998138,0.31583535861545914
544.7699999998138,0.39521464874341067
544.7799999998136,0.6597225223418182
544.7899999998136,0.6993319556740449
544.7999999998136,0.5484530719650886
544.8099999998136,0.2466801670833148
544.8199999998135,0.509860863801706
544.8299999998135,0.692086284901161
544.8399999998135,0.6749601572861041
544.8499999998133,0.4419979049390246
544.8599999998133,0.2794018804378991
544.8699999998133,0.5986145467603325
544.8799999998133,0.7049709636539183
544.8899999998132,0.6278456768924122
544.8999999998132,0.32202510839482623
544.9099999998132,0.38897713444514553
544.9199999998131,0.6576463384403601
544.929999999813,0.6998391551327736
544.939999999813,0.5515101039692719
544.949999999813,0.24745385495452166
544.9599999998129,0.5074837002637439
544.9699999998129,0.6916454621959658
544.9799999998129,0.6752670349366682
544.9899999998128,0.4425914232981914
544.9999999998128,0.2795383667434099
545.0099999998127,0.5990184629346283
545.0199999998127,0.7049424837026834
545.0299999998126,0.6266974834350209
545.0399999998126,0.31951083253877227
545.0499999998126,0.39258254483423705
545.0599999998125,0.6591354739777504
545.0699999998125,0.699168622356387
545.0799999998125,0.5471678791720257
545.0899999998124,0.24638973033986167
545.0999999998123,0.5134956569987883
545.1099999998123,0.6929646529072374
545.1199999998123,0.6727235275497199
545.1299999998122,0.4335747965791992
545.1399999998122,0.28655030883656074
545.1499999998122,0.6051498693952664
545.1599999998122,0.7051169987200238
545.169999999812,0.6205275910867977
545.179999999812,0.30859348856534813
545.189999999812,0.4060088779576292
545.1999999998119,0.6639806081884178
545.2099999998119,0.6971383705904411
545.2199999998119,0.5350815603196073
545.2299999998119,0.24492700352560345
545.2399999998117,0.5274577576959942
545.2499999998117,0.6957438372721791
545.2599999998117,0.6669521377816365
545.2699999998116,0.4147425102600956
545.2799999998116,0.30179635183873327
545.2899999998116,0.6163709143207625
545.2999999998116,0.7051032234701713
545.3099999998115,0.6086536564869913
545.3199999998114,0.2907345944223914
545.3299999998114,0.4290831705915439
545.3399999998113,0.6715223612005989
545.3499999998113,0.6931965268282153
545.3599999998113,0.5143135090341613
545.3699999998113,0.2467349855020579
545.3799999998112,0.5483083895058645
545.3899999998112,0.6993259953908927
545.3999999998111,0.6571012241800085
545.409999999811,0.3859723983426935
545.419999999811,0.32735528748133796
545.429999999811,0.6315117616792283
545.439999999811,0.704170626356454
545.4499999998109,0.589778495349366
545.4599999998109,0.2693613949978615
545.4699999998109,0.4610398599461206
545.4799999998107,0.6807132014110002
545.4899999998107,0.6863850603650059
545.4999999998107,0.4834509306373073
545.5099999998107,0.2574548450505074
545.5199999998106,0.5743374043906271
545.5299999998106,0.7027306940593697
545.5399999998106,0.6417606944313556
545.5499999998104,0.34810871464078424
545.5599999998104,0.3647769098085559
545.5699999998104,0.6489757775565522
545.5799999998104,0.701234901042098
545.5899999998103,0.5619280738986219
545.5999999998103,0.2510687328632527
545.6099999998103,0.5000690359572856
545.6199999998101,0.6902037955707053
545.6299999998101,0.6752587154144567
545.6399999998101,0.4410393383026792
545.6499999998101,0.2833738866687522
545.65999999981,0.6032734755813222
545.66999999981,0.7046789282092465
545.67999999981,0.6188223468363852
545.6899999998099,0.3047843659401184
545.6999999998098,0.41360574521173477
545.7099999998098,0.6668920571246117
545.7199999998098,0.6948020320210497
545.7299999998097,0.5224925796494642
545.7399999998097,0.24618640375732084
545.7499999998097,0.5432145117211098
545.7599999998096,0.6984230307505265
545.7699999998096,0.6577320394095245
545.7799999998095,0.38687306106984853
545.7899999998095,0.3285368687010423
545.7999999998094,0.6325243788238666
545.8099999998094,0.7035749403782127
545.8199999998094,0.5853134110080145
545.8299999998093,0.26522890445099967
545.8399999998093,0.47055474994661717
545.8499999998093,0.683274140999065
545.8599999998092,0.6828325180738739
545.8699999998091,0.4687495708689461
545.8799999998091,0.26642607047507016
545.8899999998091,0.5867894642671224
545.899999999809,0.7036070924212402
545.909999999809,0.6308330467512547
545.919999999809,0.32510661538482893
545.929999999809,0.391502328123673
545.9399999998088,0.6594905232779764
545.9499999998088,0.6973992475848672
545.9599999998088,0.5373878251419344
545.9699999998087,0.24602274174690877
545.9799999998087,0.5301074864380313
545.9899999998087,0.6961152513635246
545.9999999998087,0.6624790966946115
546.0099999998085,0.39990669372092946
546.0199999998085,0.3181428873961487
546.0299999998085,0.6271026396320505
546.0399999998084,0.7037236112716652
546.0499999998084,0.5904141248223492
546.0599999998084,0.2695658428219203
546.0699999998084,0.4646994031461602
546.0799999998083,0.6817956937383481
546.0899999998082,0.6834548007891773
546.0999999998082,0.4711929469644089
546.1099999998081,0.26596440463075494
546.1199999998081,0.5862698691545245
546.1299999998081,0.7033460618263362
546.1399999998081,0.6296725576017529
546.149999999808,0.32265220675918405
546.159999999808,0.3956726612337903
546.1699999998079,0.6610579264850394
546.1799999998078,0.6962282569191842
546.1899999998078,0.5312065340261009
546.1999999998078,0.2464658335321238
546.2099999998078,0.5377125668844823
546.2199999998077,0.6972997658016259
546.2299999998077,0.6579031577678404
546.2399999998077,0.38673776877826854
546.2499999998075,0.33125981216648426
546.2599999998075,0.6342262640642788
546.2699999998075,0.7025902028504059
546.2799999998075,0.5787087364780096
546.2899999998074,0.26037578647182313
546.2999999998074,0.48318601675815276
546.3099999998074,0.6863050034575208
546.3199999998072,0.6775770102655851
546.3299999998072,0.4488187620326176
546.3399999998072,0.28110922066369526
546.3499999998072,0.6017300775412576
546.3599999998071,0.7038293740111204
546.3699999998071,0.6151025936320014
546.3799999998071,0.2984579702179091
546.389999999807,0.42583533051518857
546.3999999998069,0.6709177008681232
546.4099999998069,0.690646596118795
546.4199999998069,0.5028444650320564
546.4299999998068,0.25268870478900807
546.4399999998068,0.5642843533697461
546.4499999998068,0.7008960932053746
546.4599999998067,0.6424298040520922
546.4699999998066,0.348284172475311
546.4799999998066,0.3701429345696195
546.4899999998066,0.6516444153753608
546.4999999998065,0.6985939383847573
546.5099999998065,0.547295631334864
546.5199999998065,0.24804248198034215
546.5299999998064,0.5230363197071525
546.5399999998064,0.6945289606859695
546.5499999998063,0.6626042237136409
546.5599999998063,0.3999416308525916
546.5699999998062,0.321212682516116
546.5799999998062,0.62903121522877
546.5899999998062,0.7025440082231857
546.5999999998061,0.5827799365594898
546.6099999998061,0.2634866251399432
546.619999999806,0.47962918075423683
546.629999999806,0.6853471680839506
546.6399999998059,0.6772076866838027
546.6499999998059,0.44769196824479757
546.6599999998059,0.28347570316900333
546.6699999998058,0.603726835565476
546.6799999998058,0.7033707613508903
546.6899999998058,0.6106248091411393
546.6999999998058,0.2921744084421001
546.7099999998056,0.4361270230658617
546.7199999998056,0.6739152467033026
546.7299999998056,0.6874925956885083
546.7399999998055,0.48911834612029287
546.7499999998055,0.25939686531177586
546.7599999998055,0.5765151946159468
546.7699999998055,0.7017791904249354
546.7799999998053,0.6322361587014167
546.7899999998053,0.32716859895254563
546.7999999998053,0.39477511853310854
546.8099999998052,0.660785519741659
546.8199999998052,0.6944424507840832
546.8299999998052,0.5237574730147635
546.8399999998052,0.2489064138780671
546.849999999805,0.548311110307387
546.859999999805,0.6983636927809149
546.869999999805,0.6488633861071772
546.8799999998049,0.36320538207646147
546.8899999998049,0.35763870501784667
546.8999999998049,0.6465215377446544
546.9099999998049,0.6988365656239592
546.9199999998048,0.5520729597958487
546.9299999998047,0.24981503315164685
546.9399999998047,0.5201172754767842
546.9499999998046,0.6936468843684652
546.9599999998046,0.6615437570966783
546.9699999998046,0.39702724460711303
546.9799999998046,0.32623606322450005
546.9899999998045,0.6317048234043351
546.9999999998045,0.7013029960190267
547.0099999998044,0.5748638422299004
547.0199999998043,0.25882592805204546
547.0299999998043,0.49294959202400956
547.0399999998043,0.6881030492674981
547.0499999998043,0.6711142714673929
547.0599999998042,0.4269735429228484
547.0699999998042,0.3013024726404142
547.0799999998042,0.616927504114276
547.089999999804,0.7023572269380284
547.099999999804,0.5929737528591871
547.109999999804,0.27253546824943303
547.119999999804,0.4677482463455486
547.1299999998039,0.6821697514784316
547.1399999998039,0.6782426059646235
547.1499999998039,0.4524160194682531
547.1599999998037,0.2827646674934424
547.1699999998037,0.6027744470975474
547.1799999998037,0.7024283816833112
547.1899999998037,0.6071672636066989
547.1999999998036,0.2880576092979351
547.2099999998036,0.4452979678768859
547.2199999998036,0.6762505936717197
547.2299999998035,0.68345842542312
547.2399999998034,0.4732999769194588
547.2499999998034,0.26990757371700363
547.2599999998034,0.5897996032906112
547.2699999998033,0.701875647525158
547.2799999998033,0.6180882144276795
547.2899999998033,0.30324368225747145
547.2999999998032,0.4261786194116528
547.3099999998032,0.6707117817991971
547.3199999998031,0.6871790746542565
547.3299999998031,0.4898404167114357
547.339999999803,0.26164337005524546
547.349999999803,0.5785016568548914
547.359999999803,0.7009975089574378
547.3699999998029,0.6262540821679653
547.3799999998029,0.3166408955525366
547.3899999998029,0.41075691588255975
547.3999999998028,0.6658749223702152
547.4099999998027,0.6897286973879573
547.4199999998027,0.5023426822807951
547.4299999998027,0.25678310031521656
547.4399999998026,0.5693033328190784
547.4499999998026,0.7000360193599823
547.4599999998026,0.6320638420549942
547.4699999998026,0.32734195041949127
547.4799999998024,0.3992164275380508
547.4899999998024,0.6620082067650203
547.4999999998024,0.6913515944279431
547.5099999998023,0.5111046606534659
547.5199999998023,0.25424773566111253
547.5299999998023,0.5625369392464215
547.5399999998023,0.6991779540787354
547.5499999998021,0.6358090463077329
547.5599999998021,0.3348226033004166
547.5699999998021,0.3916121265201562
547.579999999802,0.6593177591626057
547.589999999802,0.692221072551676
547.599999999802,0.5163669499379149
547.609999999802,0.25320162920684175
547.6199999998018,0.55843651957746
547.6299999998018,0.6985543181612193
547.6399999998018,0.6376838164375678
547.6499999998017,0.33881079388469837
547.6599999998017,0.38793113438387616
547.6699999998017,0.6579404627363561
547.6799999998017,0.6924449623775104
547.6899999998016,0.5182893557529538
547.6999999998015,0.25312153688622363
547.7099999998015,0.557135163662946
547.7199999998014,0.6982393267578324
547.7299999998014,0.6377921723903025
547.7399999998014,0.339199669598313
547.7499999998014,0.38814282901722574
547.7599999998013,0.6579391075036908
547.7699999998013,0.6920687250808278
547.7799999998012,0.5169412719080766
547.7899999998011,0.2538240009996394
547.7999999998011,0.5586651877186433
547.8099999998011,0.698249627550359
547.8199999998011,0.6361522632802235
547.829999999801,0.3360040006575836
547.839999999801,0.39222658699190094
547.849999999801,0.659300298581033
547.8599999998008,0.6910767499516947
547.8699999998008,0.5122996675678997
547.8799999998008,0.2554693073429027
547.8899999998008,0.5629592206393289
547.8999999998007,0.6985441902565985
547.9099999998007,0.632697473099461
547.9199999998007,0.3293570606977167
547.9299999998005,0.4001716799224227
547.9399999998005,0.6619352577317751
547.9499999998005,0.6893921134831429
547.9599999998005,0.5042526138231398
547.9699999998004,0.258549084181877
547.9799999998004,0.5698514396108237
547.9899999998004,0.6990249494528812
547.9999999998003,0.6272744934264097
548.0099999998002,0.31954686827685386
548.0199999998002,0.41194998567564745
548.0299999998002,0.6656834157612159
548.0399999998001,0.6868747425998017
548.0499999998001,0.4926097210343588
548.0599999998001,0.26385204846700516
548.0699999998,0.579079682893974
548.0799999998,0.6995379552985294
548.0899999997999,0.6196385500891763
548.0999999997999,0.30709257057857553
548.1099999997998,0.427468065438662
548.1199999997998,0.6703184624021044
548.1299999997998,0.683317608743746
548.1399999997997,0.47712463127200216
548.1499999997997,0.2723920345983013
548.1599999997997,0.5902902528255796
548.1699999997996,0.6998744636604305
548.1799999997995,0.6094462852384452
548.1899999997995,0.2928598499681558
548.1999999997995,0.44651066260172784
548.2099999997994,0.6755562335809073
548.2199999997994,0.6784402904285528
548.2299999997994,0.4575398687127395
548.2399999997994,0.2852787595468488
548.2499999997992,0.6030473862106789
548.2599999997992,0.699771083163003
548.2699999997992,0.5962476816781263
548.2799999997991,0.27820341662528614
548.2899999997991,0.4686917107623045
548.2999999997991,0.6810634522533761
548.3099999997991,0.6718790141563661
548.3199999997989,0.4336717534433068
548.3299999997989,0.30352105264281415
548.3399999997989,0.6168484414583336
548.3499999997988,0.698907791607043
548.3599999997988,0.5794805098311281
548.3699999997988,0.2650985930744489
548.3799999997988,0.4934293854530308
548.3899999997986,0.686465937233075
548.3999999997986,0.6631722097466408
548.4099999997986,0.4055625237506216
548.4199999997985,0.3277792287761666
548.4299999997985,0.6311441005911269
548.4399999997985,0.6969023365389444
548.4499999997985,0.5584752811574859
548.4599999997984,0.25618026792360205
548.4699999997983,0.5199567102473344
548.4799999997983,0.6913545212749438
548.4899999997982,0.6517409227461369
548.4999999997982,0.3737342729345317
548.5099999997982,0.35812288511209084
548.5199999997982,0.6453609297792814
548.5299999997981,0.6932992466180409
548.539999999798,0.5324877630322022
548.549999999798,0.25456176604682024
548.5599999997979,0.5473689949184702
548.5699999997979,0.6952866327104769
548.5799999997979,0.6368646617521727
548.5899999997979,0.3395707825051815
548.5999999997978,0.3938809525780996
548.6099999997978,0.6589221933940937
548.6199999997978,0.6875514332466481
548.6299999997976,0.5007931335152779
548.6399999997976,0.26331074236412294
548.6499999997976,0.5746973595359304
548.6599999997976,0.6977812968170347
548.6699999997975,0.6176566854090147
548.6799999997975,0.3057959612239655
548.6899999997975,0.4336616705062893
548.6999999997973,0.671262338661451
548.7099999997973,0.6789922939487951
548.7199999997973,0.462904320273973
548.7299999997973,0.28459192902027697
548.7399999997972,0.6009889860676093
548.7499999997972,0.698305139075676
548.7599999997972,0.5930511525996672
548.769999999797,0.2768627655367242
548.779999999797,0.4755590156967075
548.789999999797,0.6818310590737179
548.799999999797,0.6667967910446699
548.8099999997969,0.4190138428844891
548.8199999997969,0.31875772628000243
548.8299999997969,0.6253733308603969
548.8399999997968,0.6962467306086743
548.8499999997968,0.5618337773142308
548.8599999997967,0.25881242687981654
548.8699999997967,0.5174785545215491
548.8799999997966,0.6900838582518782
548.8899999997966,0.6499324436611387
548.8999999997966,0.3707710804367579
548.9099999997965,0.363890386892171
548.9199999997965,0.6470992085127668
548.9299999997965,0.6908763008039877
548.9399999997964,0.5227881995050494
548.9499999997963,0.2580231979530358
548.9599999997963,0.5574650284171397
548.9699999997963,0.6954569141149378
548.9799999997962,0.6271088478083527
548.9899999997962,0.32238445282238104
548.9999999997962,0.416170225731038
549.0099999997962,0.6655367142778057
549.019999999796,0.6812878136615443
549.029999999796,0.4751054712290036
549.039999999796,0.2787468494239713
549.0499999997959,0.5939282782242621
549.0599999997959,0.6973242206429364
549.0699999997959,0.5967552810398098
549.0799999997959,0.2815659229609682
549.0899999997957,0.4709381366677303
549.0999999997957,0.6801457589372355
549.1099999997957,0.6663220860549688
549.1199999997956,0.4193062040302096
549.1299999997956,0.3206118089937999
549.1399999997956,0.6257244589722732
549.1499999997956,0.6949342623796897
549.1599999997954,0.5571080315012539
549.1699999997954,0.2589658498944235
549.1799999997954,0.5238769893108922
549.1899999997953,0.6904166037744024
549.1999999997953,0.6444773280398994
549.2099999997953,0.3589305577109764
549.2199999997952,0.3781113220806753
549.2299999997952,0.6521100049249655
549.2399999997951,0.6873223649186286
549.2499999997951,0.5066048157943274
549.259999999795,0.2644886347722262
549.269999999795,0.5717667998669459
549.279999999795,0.6957867855860854
549.2899999997949,0.6138390228309292
549.2999999997949,0.3027185125225083
549.3099999997949,0.4428008852166463
549.3199999997948,0.67261529803148
549.3299999997947,0.6731955243958857
549.3399999997947,0.44498987449410854
549.3499999997947,0.3013541749815971
549.3599999997946,0.6126535434857142
549.3699999997946,0.6955345934746208
549.3799999997946,0.5721340870823656
549.3899999997946,0.2652692283984573
549.3999999997944,0.5065435894439949
549.4099999997944,0.6868821733408793
549.4199999997944,0.6507957353340631
549.4299999997943,0.3757009469441903
549.4399999997943,0.36291032351599734
549.4499999997943,0.64560296588996
549.4599999997943,0.6886442268402357
549.4699999997941,0.5171974975495915
549.4799999997941,0.2623028083393803
549.4899999997941,0.563614448959503
549.499999999794,0.6944896336912849
549.509999999794,0.6177855805788716
549.519999999794,0.30947076326337736
549.529999999794,0.43608072458013575
549.5399999997938,0.6702924627587463
549.5499999997938,0.673636480326487
549.5599999997938,0.44850760685871766
549.5699999997937,0.3001851430260803
549.5799999997937,0.611019743422293
549.5899999997937,0.6947702879986751
549.5999999997937,0.5713204203742923
549.6099999997936,0.265978143632443
549.6199999997935,0.5081529072768246
549.6299999997935,0.6866086651921653
549.6399999997934,0.6483739534699031
549.6499999997934,0.37079864709712895
549.6599999997934,0.3694092256252328
549.6699999997934,0.6477418666725216
549.6799999997933,0.6866044825199901
549.6899999997933,0.5087974236656312
549.6999999997932,0.2662864819095388
549.7099999997931,0.5709563703173026
549.7199999997931,0.6943059980791727
549.7299999997931,0.6099208403930861
549.7399999997931,0.29953589406076736
549.749999999793,0.45096969747807314
549.759999999793,0.673762547944969
549.769999999793,0.668177683390352
549.7799999997928,0.43043849354556857
549.7899999997928,0.31588255586767194
549.7999999997928,0.6209840180434945
549.8099999997928,0.6927085837417922
549.8199999997927,0.5547773922403829
549.8299999997927,0.26189609655405915
549.8399999997927,0.5281511402910181
549.8499999997925,0.6892751714897629
549.8599999997925,0.636725060937612
549.8699999997925,0.34527596352540824
549.8799999997925,0.39758178989061604
549.8899999997924,0.6576091053391367
549.8999999997924,0.6804099040445071
549.9099999997924,0.48046598568072163
549.9199999997923,0.2811660411948886
549.9299999997922,0.5919724704808361
549.9399999997922,0.6941300649933311
549.9499999997922,0.5884565963832218
549.9599999997921,0.27843100206200977
549.9699999997921,0.48580789406173014
549.9799999997921,0.6813169352665724
549.989999999792,0.6549424586250363
549.999999999792,0.39061223812346535
550.009999999792,0.35278584698054116
550.0199999997919,0.6397589776660828
550.0299999997918,0.6874085847931071
550.0399999997918,0.5194197668082049
550.0499999997918,0.2651066330508507
550.0599999997917,0.5628369801217086
550.0699999997917,0.6925308222257559
550.0799999997917,0.6125142102935245
550.0899999997916,0.3048739990129741
550.0999999997915,0.4470737752038286
550.1099999997915,0.6718589277154126
550.1199999997915,0.6670150729802342
550.1299999997914,0.429461529954336
550.1399999997914,0.319184965507952
550.1499999997914,0.6218099858851648
550.1599999997914,0.6908937882610956
550.1699999997912,0.5483865914638114
550.1799999997912,0.26304737032383185
550.1899999997912,0.5357051881854964
550.1999999997911,0.6892375492363834
550.2099999997911,0.6292858539149685
550.2199999997911,0.33265312209733494
550.2299999997911,0.41442101658858155
550.2399999997909,0.662182872572345
550.2499999997909,0.6747332534025293
550.2599999997909,0.4599166810641372
550.2699999997908,0.2967419861968307
550.2799999997908,0.6052891149124341
550.2899999997908,0.6921535378684263
550.2999999997908,0.5690452194276825
550.3099999997906,0.2688307929484315
550.3199999997906,0.5124605951439986
550.3299999997906,0.6853320428091312
550.3399999997905,0.640562839090012
550.3499999997905,0.35670872915613816
550.3599999997905,0.3892666545246309
550.3699999997905,0.6534196357253587
550.3799999997904,0.6793885217273196
550.3899999997903,0.4820004230719065
550.3999999997903,0.2835035546205935
550.4099999997902,0.5915486759072814
550.4199999997902,0.692153532700137
550.4299999997902,0.5829187238285964
550.4399999997902,0.2770984095520787
550.4499999997901,0.4945504300197086
550.45999999979,0.6816804248076699
550.46999999979,0.6476304437248618
550.4799999997899,0.37461135788659494
550.4899999997899,0.3720132477933131
550.4999999997899,0.6465063830169865
550.5099999997899,0.6818873373613524
550.5199999997898,0.496359567645766
550.5299999997898,0.27683485633234184
550.5399999997898,0.581663453536132
550.5499999997896,0.6915923243418989
550.5599999997896,0.5911534157614936
550.5699999997896,0.28415622012329933
550.5799999997896,0.4829173994293905
550.5899999997895,0.6789284450183544
550.5999999997895,0.651347087982145
550.6099999997895,0.3854199894302387
550.6199999997893,0.36242656391545275
550.6299999997893,0.6421333452576946
550.6399999997893,0.6828215339036018
550.6499999997893,0.5036532320161018
550.6599999997892,0.27446521390772255
550.6699999997892,0.5763601617550894
550.6799999997892,0.690923775038667
550.689999999789,0.5944850371219323
550.699999999789,0.28792519102183234
550.709999999789,0.4780492061095302
550.719999999789,0.6774837955512985
550.7299999997889,0.65220844484625
550.7399999997889,0.38888587948112874
550.7499999997889,0.36010788511039543
550.7599999997888,0.64069969705124
550.7699999997888,0.6825069037189851
550.7799999997887,0.5043053667019808
550.7899999997887,0.2750830901490234
550.7999999997886,0.5759859239819609
550.8099999997886,0.690363474336658
550.8199999997886,0.5932549501006396
550.8299999997885,0.2876346168481857
550.8399999997885,0.48007571287680667
550.8499999997885,0.6775000582733248
550.8599999997884,0.6503863401718004
550.8699999997883,0.38504157444930437
550.8799999997883,0.36483940966356165
550.8899999997883,0.6422887731543617
550.8999999997882,0.6810011317745693
550.9099999997882,0.49842542933620015
550.9199999997882,0.27855621592823004
550.9299999997882,0.5805040952586563
550.939999999788,0.689889914013164
550.949999999788,0.5874279781992866
550.959999999788,0.28362313353217833
550.9699999997879,0.48883340428319033
550.9799999997879,0.6788706720795936
550.9899999997879,0.6457439836451018
550.9999999997879,0.3740905705413176
551.0099999997877,0.3766873182171449
551.0199999997877,0.6466656033129617
551.0299999997877,0.6781079266402782
551.0399999997876,0.4858135920030789
551.0499999997876,0.28590848794545054
551.0599999997876,0.5895036662088367
551.0699999997876,0.6892454599057078
551.0799999997874,0.5765994176255076
551.0899999997874,0.27735907669446114
551.0999999997874,0.5038558785168099
551.1099999997873,0.6812355415882388
551.1199999997873,0.6378298949093275
551.1299999997873,0.35655344790142995
551.1399999997873,0.39584446528002
551.1499999997872,0.6532959225479105
551.1599999997871,0.6733690858056475
551.1699999997871,0.4660420882629022
551.179999999787,0.2990789770011555
551.189999999787,0.6022196164258707
551.199999999787,0.687936664838423
551.209999999787,0.5599968260937443
551.2199999997869,0.2716284409830976
551.2299999997869,0.524308052670878
551.2399999997868,0.68399769236881
551.2499999997867,0.6258516389075706
551.2599999997867,0.33369219499535796
551.2699999997867,0.42227228865700217
551.2799999997867,0.6613835599183371
551.2899999997866,0.6660414065872226
551.2999999997866,0.43867052313282406
551.3099999997866,0.3203802571844477
551.3199999997864,0.6175731168355415
551.3299999997864,0.6852282885830202
551.3399999997864,0.5365036990564014
551.3499999997864,0.27066575645984275
551.3599999997863,0.5489279290150342
551.3699999997863,0.6863424167218913
551.3799999997863,0.6086324572670643
551.3899999997861,0.3082489148211802
551.3999999997861,0.4552836587340739
551.4099999997861,0.6699194240814028
551.4199999997861,0.6550517077856378
551.429999999786,0.40373603680370573
551.439999999786,0.35160166020123124
551.449999999786,0.6342401789594471
551.4599999997859,0.6801206259174097
551.4699999997858,0.5047788293012719
551.4799999997858,0.2797788905941942
551.4899999997858,0.5760467787764222
551.4999999997857,0.6872464548180682
551.5099999997857,0.5845674896427747
551.5199999997857,0.2853726896258586
551.5299999997856,0.49327412869164605
551.5399999997856,0.677729098335772
551.5499999997855,0.6389231444007761
551.5599999997855,0.36274992609119666
551.5699999997854,0.3929536005800094
551.5799999997854,0.6507426652809217
551.5899999997854,0.6712958394051897
551.5999999997853,0.46365003094714086
551.6099999997853,0.30394668802374536
551.6199999997853,0.6037172129391094
551.6299999997852,0.6854601182048402
551.6399999997851,0.5516420366433208
551.6499999997851,0.2730795280865879
551.6599999997851,0.5337787124597246
551.669999999785,0.6834991071134845
551.679999999785,0.615677138692647
551.689999999785,0.3203816876240388
551.699999999785,0.44239061602332763
551.7099999997848,0.6655354310805166
551.7199999997848,0.6570179024320888
551.7299999997848,0.41315657166102515
551.7399999997847,0.34544400630775834
551.7499999997847,0.6299105448850186
551.7599999997847,0.6794413880909591
551.7699999997847,0.5077012764190224
551.7799999997845,0.2808208930356783
551.7899999997845,0.5738624751167812
551.7999999997845,0.6857568314807585
551.8099999997844,0.582761392985465
551.8199999997844,0.2863282205524077
551.8299999997844,0.4958602117839357
551.8399999997844,0.6770505939455757
551.8499999997842,0.6349802868653949
551.8599999997842,0.3568026959633303
551.8699999997842,0.4018463135004524
551.8799999997841,0.6526951350549143
551.8899999997841,0.6672194715490094
551.8999999997841,0.4514588004672642
551.9099999997841,0.3150763180179835
551.919999999784,0.6106456203103774
551.929999999784,0.6827765844056849
551.9399999997839,0.5372033090051023
551.9499999997838,0.27496777105443687
551.9599999997838,0.5484472535316091
551.9699999997838,0.6836600942533902
551.9799999997838,0.6021440690327775
551.9899999997837,0.3050510668039064
551.9999999997837,0.46632774442500863
552.0099999997836,0.6703071742203199
552.0199999997835,0.6461741699583663
552.0299999997835,0.38521233405274424
552.0399999997835,0.37414465003044983
552.0499999997835,0.6416897456526667
552.0599999997834,0.6723840527665202
552.0699999997834,0.4765977546572914
552.0799999997834,0.2990537499348113
552.0899999997832,0.5957039185556959
552.0999999997832,0.6835248810236806
552.1099999997832,0.5547894080140574
552.1199999997832,0.2770388352221071
552.1299999997831,0.5304207639887634
552.1399999997831,0.6810629782509904
552.1499999997831,0.6127726198051522
552.1599999997829,0.3200591246519702
552.1699999997829,0.4475415777641927
552.1799999997829,0.6650781285589656
552.1899999997829,0.6516409350188064
552.1999999997828,0.4023720705673246
552.2099999997828,0.3591316080760188
552.2199999997828,0.634405772972443
552.2299999997826,0.6743038533763469
552.2399999997826,0.4895671191648626
552.2499999997826,0.2928562695798329
552.2599999997826,0.5870714876069874
552.2699999997825,0.6830977845264066
552.2799999997825,0.562539576332584
552.2899999997825,0.2801737377069694
552.2999999997824,0.5216046343717384
552.3099999997823,0.6791834392580437
552.3199999997823,0.616461096231623
552.3299999997823,0.32705190927727407
552.3399999997822,0.4403927314802486
552.3499999997822,0.6625102652586652
552.3599999997822,0.6527061790205608
552.3699999997821,0.4076514696725858
552.3799999997821,0.35565998554563705
552.389999999782,0.6319624456439139
552.399999999782,0.6739236380709521
552.4099999997819,0.4913521897572519
552.4199999997819,0.29324330325824527
552.4299999997819,0.5857721742839701
552.4399999997818,0.6821932439903589
552.4499999997818,0.5615453144441245
552.4599999997818,0.2812229894093883
552.4699999997817,0.5227028152569263
552.4799999997816,0.6785595387748777
552.4899999997816,0.6139681023750674
552.4999999997816,0.3248220966988339
552.5099999997815,0.44493374105817285
552.5199999997815,0.6630107437208471
552.5299999997815,0.6498018809837645
552.5399999997815,0.40119175597867557
552.5499999997813,0.3630809568995829
552.5599999997813,0.6346059327547183
552.5699999997813,0.6714366653700965
552.5799999997812,0.4822844517040301
552.5899999997812,0.2996374257497353
552.5999999997812,0.5918121659169289
552.6099999997812,0.6808251567889123
552.619999999781,0.5518703207723248
552.629999999781,0.2805897751610165
552.639999999781,0.533424807393056
552.6499999997809,0.6790366538025323
552.6599999997809,0.6050811176126982
552.6699999997809,0.314324324775331
552.6799999997809,0.46077413824027713
552.6899999997808,0.6662199069742755
552.6999999997807,0.6425263818812605
552.7099999997807,0.38345719788117877
552.7199999997806,0.38170012333361975
552.7299999997806,0.6416985328002153
552.7399999997806,0.6663075818013009
552.7499999997806,0.46201658160329345
552.7599999997805,0.31416014846674784
552.7699999997805,0.604209560667709
552.7799999997804,0.6783286336274654
552.7899999997803,0.5326037650911517
552.7999999997803,0.28205925962793565
552.8099999997803,0.5525219317057257
552.8199999997803,0.6797784804362904
552.8299999997802,0.5886272698192755
552.8399999997802,0.29899615294331194
552.8499999997802,0.4869210790052827
552.85999999978,0.6710497537164534
552.86999999978,0.6296170133935202
552.87999999978,0.35587886776989003
552.88999999978,0.41207129958370897
552.8999999997799,0.6517970284288762
552.9099999997799,0.657236982636859
552.9199999997799,0.4299958049206092
552.9299999997797,0.3405200101222561
552.9399999997797,0.6210865553837505
552.9499999997797,0.6733436157082064
552.9599999997797,0.5020357279690314
552.9699999997796,0.2924795635240272
552.9799999997796,0.5777558196740311
552.9899999997796,0.6792916390740634
552.9999999997794,0.5624499279671302
553.0099999997794,0.2859866897327331
553.0199999997794,0.5212756270033857
553.0299999997794,0.6757667501255235
553.0399999997793,0.6088447754979188
553.0499999997793,0.32272885455731665
553.0599999997793,0.4535385603912824
553.0699999997792,0.6627991576221107
553.0799999997791,0.642050667776057
553.0899999997791,0.3868678958311528
553.0999999997791,0.3816421447299607
553.109999999779,0.639848985548423
553.119999999779,0.6637418366214772
553.129999999779,0.45831048115945716
553.1399999997789,0.31993778421017244
553.1499999997789,0.6059909863242372
553.1599999997788,0.6754157228396925
553.1699999997788,0.5235327775136047
553.1799999997787,0.286832478883622
553.1899999997787,0.5603411023327731
553.1999999997787,0.6780621673960797
553.2099999997786,0.5768820481719423
553.2199999997786,0.294107184980131
553.2299999997786,0.5029893060588302
553.2399999997785,0.6721057689365031
553.2499999997784,0.6174906646744275
553.2599999997784,0.3377204662175187
553.2699999997784,0.43671897537654697
553.2799999997783,0.6574429966569089
553.2899999997783,0.6464363976696302
553.2999999997783,0.4015451749616135
553.3099999997783,0.36927172182284246
553.3199999997781,0.6335314577510011
553.3299999997781,0.6651979600129938
553.3399999997781,0.46890833126945713
553.349999999778,0.3142820572583238
553.359999999778,0.5995737526095265
553.369999999778,0.6750163143128506
553.379999999778,0.5294371511764839
553.3899999997778,0.2873949646476409
553.3999999997778,0.5549176221456984
553.4099999997778,0.6766945510426137
553.4199999997777,0.5789837561069431
553.4299999997777,0.2972456200595744
553.4399999997777,0.4998708852983793
553.4499999997777,0.6705717618675511
553.4599999997776,0.6170348308927187
553.4699999997775,0.3391851188636144
553.4799999997775,0.4371039049802606
553.4899999997774,0.6565602039005752
553.4999999997774,0.6445584429570591
553.5099999997774,0.39916051105607053
553.5199999997774,0.37338295455513154
553.5299999997773,0.634221806875634
553.5399999997773,0.6628349377373641
553.5499999997772,0.4628353833402546
553.5599999997771,0.3202213752304926
553.5699999997771,0.6029157862108959
553.5799999997771,0.6729587942357396
553.5899999997771,0.5209688251298501
553.599999999777,0.2909888142018434
553.609999999777,0.5621005667038351
553.619999999777,0.6756740942580572
553.6299999997768,0.5695329763499565
553.6399999997768,0.2941030612842741
553.6499999997768,0.5119218145527068
553.6599999997768,0.671348798816845
553.6699999997767,0.6077382090136902
553.6799999997767,0.32752295708408224
553.6899999997767,0.4542085502716513
553.6999999997765,0.6600016186395279
553.7099999997765,0.636252335990946
553.7199999997765,0.3804568126366217
553.7299999997765,0.3937667276089919
553.7399999997764,0.6413573223466185
553.7499999997764,0.6561576477443186
553.7599999997764,0.44019899256100353
553.7699999997762,0.3391943761246455
553.7799999997762,0.6149443175163729
553.7899999997762,0.6684662926942196
553.7999999997762,0.497383161922951
553.8099999997761,0.3016272729554918
553.8199999997761,0.5802801314572071
553.8299999997761,0.6739380396843261
553.839999999776,0.5471147154188928
553.849999999776,0.29041198372577753
553.8599999997759,0.5372213379683107
553.8699999997759,0.673035269818848
553.8799999997758,0.5877612842684584
553.8899999997758,0.3079403939356986
553.8999999997758,0.486565889625379
553.9099999997757,0.6659333364695788
553.9199999997757,0.6194294377300971
553.9299999997756,0.34831508234472314
553.9399999997756,0.43092119495239656
553.9499999997755,0.652554867514402
553.9599999997755,0.6429127103437122
553.9699999997755,0.40115932452771963
553.9799999997754,0.3755718556560405
553.9899999997754,0.6326255679269674
553.9999999997754,0.6591297666216174
554.0099999997753,0.45670026729227287
554.0199999997752,0.32856973589732874
554.0299999997752,0.6057692005044956
554.0399999997752,0.6688744495581229
554.0499999997751,0.5084291345232966
554.0599999997751,0.29899623378923285
554.0699999997751,0.5716776468518807
554.079999999775,0.6727269877821578
554.0899999997749,0.5531416398905469
554.0999999997749,0.2933477985373151
554.1099999997749,0.5304069524888048
554.1199999997748,0.6710381821589301
554.1299999997748,0.589870395501199
554.1399999997748,0.312222797052066
554.1499999997748,0.48284535283821783
554.1599999997746,0.6639440281387958
554.1699999997746,0.6188219391724408
554.1799999997746,0.3501542223317855
554.1899999997745,0.431332176334626
554.1999999997745,0.6513950424256169
554.2099999997745,0.6406702457202406
554.2199999997745,0.3986751209446871
554.2299999997743,0.38021891084924025
554.2399999997743,0.6332002941578447
554.2499999997743,0.6561746172908354
554.2599999997742,0.4498879051382692
554.2699999997742,0.3358710285915766
554.2799999997742,0.6090971738356292
554.2899999997742,0.666003423140991
554.2999999997741,0.49833669978891665
554.309999999774,0.3054891617640299
554.319999999774,0.5788674942248927
554.3299999997739,0.6706678355196699
554.3399999997739,0.5411113953727308
554.3499999997739,0.29470155228043005
554.3599999997739,0.5425277993906695
554.3699999997738,0.6705080333942326
554.3799999997738,0.5771335911667609
554.3899999997737,0.30513047983339797
554.3999999997736,0.5006193379552304
554.4099999997736,0.6657025245158541
554.4199999997736,0.6063747194255377
554.4299999997736,0.33372081417358385
554.4399999997735,0.45459336661745736
554.4499999997735,0.6562882036207268
554.4599999997735,0.6292913706519153
554.4699999997733,0.3743453438586379
554.4799999997733,0.40720500550612715
554.4899999997733,0.6421886233878387
554.4999999997733,0.6464918716779305
554.5099999997732,0.4203489616553494
554.5199999997732,0.3626885145196586
554.5299999997732,0.6232542743133619
554.539999999773,0.6585655109682834
554.549999999773,0.46639467246466526
554.559999999773,0.32637016501166277
554.569999999773,0.5993235163518564
554.5799999997729,0.6660072451432616
554.5899999997729,0.5090686229645089
554.5999999997729,0.3034913494059203
554.6099999997728,0.5703166537195336
554.6199999997727,0.6691925453669092
554.6299999997727,0.5466358615871819
554.6399999997727,0.29752401697642866
554.6499999997726,0.5363769158257486
554.6599999997726,0.6683764456798303
554.6699999997726,0.578506664384337
554.6799999997725,0.30886606096032654
554.6899999997725,0.49806619484074904
554.6999999997724,0.663703678298994
554.7099999997724,0.6047453121865098
554.7199999997723,0.3347816745135269
554.7299999997723,0.45660218208953934
554.7399999997723,0.6552244048095218
554.7499999997722,0.6257256614699983
554.7599999997722,0.3705954089486048
554.7699999997722,0.4140787636332783
554.7799999997721,0.6429145333203862
554.789999999772,0.6419241511774378
554.799999999772,0.4113051044682549
554.809999999772,0.37354742996895074
554.8199999997719,0.6267024480943303
554.8299999997719,0.6538092563400282
554.8399999997719,0.4527577454101181
554.8499999997719,0.3387929391590445
554.8599999997717,0.6065059936859057
554.8699999997717,0.6617896096473579
554.8799999997717,0.49210135862404863
554.8899999997716,0.31369159405155583
554.8999999997716,0.5822849532274166
554.9099999997716,0.6661946563534648
554.9199999997716,0.5277018929917326
554.9299999997714,0.30125390662341367
554.9399999997714,0.5541145691973626
554.9499999997714,0.6672720878411039
554.9599999997713,0.5588316311183215
554.9699999997713,0.30273353457682833
554.9799999997713,0.5222835638444095
554.9899999997713,0.6651934296766576
554.9999999997711,0.5853403596069456
555.0099999997711,0.3172707744318959
555.0199999997711,0.48741342599924686
555.029999999771,0.6600635569508323
555.039999999771,0.6073981509905158
555.049999999771,0.3422649272622151
555.059999999771,0.4505820220406584
555.0699999997709,0.6519325061266774
555.0799999997708,0.6253232925090445
555.0899999997708,0.37423498062828914
555.0999999997707,0.41341358355986046
555.1099999997707,0.6408094913923141
555.1199999997707,0.6394789065157138
555.1299999997707,0.40971211091367093
555.1399999997706,0.3780752376749211
555.1499999997706,0.6266799817549279
555.1599999997705,0.6502165055509728
555.1699999997704,0.44583157092076053
555.1799999997704,0.34711475849603335
555.1899999997704,0.6095272872114484
555.1999999997704,0.6578486278758746
555.2099999997703,0.480553192184167
555.2199999997703,0.32310898578799613
555.2299999997703,0.5893603833914073
555.2399999997701,0.6626382775923555
555.2499999997701,0.512615813826402
555.2599999997701,0.3081763541657571
555.2699999997701,0.5662495445641151
555.27999999977,0.6647975182686018
555.28999999977,0.5413684470765876
555.29999999977,0.303505476526493
555.3099999997698,0.5403704566479549
555.3199999997698,0.6644907778610097
555.3299999997698,0.5665808265615457
555.3399999997698,0.3090896165958936
555.3499999997697,0.5120554156925226
555.3599999997697,0.6618404624417866
555.3699999997697,0.5882834051356072
555.3799999997696,0.323781366504951
555.3899999997695,0.4818465802376047
555.3999999997695,0.6569337110613771
555.4099999997695,0.6066505821543667
555.4199999997694,0.34563059170044697
555.4299999997694,0.45054103286528613
555.4399999997694,0.6498298508551913
555.4499999997693,0.6219233106479056
555.4599999997693,0.37234839140469905
555.4699999997692,0.41921163351850194
555.4799999997692,0.6405685302159815
555.4899999997691,0.6343616112015318
555.4999999997691,0.4017245328701324
555.5099999997691,0.38918396527995425
555.519999999769,0.629178738292038
555.529999999769,0.6442176154737574
555.539999999769,0.4318972977334804
555.5499999997689,0.36195226824552346
555.5599999997688,0.6156890228817732
555.5699999997688,0.6517217843888223
555.5799999997688,0.46146312853246274
555.5899999997687,0.33902998438177284
555.5999999997687,0.6001392169829416
555.6099999997687,0.6570771501383852
555.6199999997687,0.4894679915914779
555.6299999997685,0.3217531349867194
555.6399999997685,0.582593868606159
555.6499999997685,0.660458216299177
555.6599999997684,0.5153353584174619
555.6699999997684,0.31107941662022204
555.6799999997684,0.5631573139411171
555.6899999997684,0.6620124242415921
555.6999999997682,0.5387741634439271
555.7099999997682,0.307438759353985
555.7199999997682,0.5419899073889953
555.7299999997681,0.6618629406590506
555.7399999997681,0.5596921615850712
555.7499999997681,0.31068082761864724
555.7599999997681,0.519324309939067
555.769999999768,0.6601120588885742
555.7799999997679,0.5781255130213405
555.7899999997679,0.3201330890044602
555.7999999997678,0.49547996683103834
555.8099999997678,0.6568448360154424
555.8199999997678,0.5941865661026902
555.8299999997678,0.3347454962378181
555.8399999997677,0.47087309242463815
555.8499999997676,0.6521327825405233
555.8599999997676,0.6080276302655279
555.8699999997675,0.35327386446922004
555.8799999997675,0.44601885264476815
555.8899999997675,0.6460375308095516
555.8999999997675,0.6198172097614065
555.9099999997674,0.37445282932419804
555.9199999997674,0.4215223337440508
555.9299999997673,0.6386144639130823
555.9399999997672,0.6297252594489003
555.9499999997672,0.39712572002041263
555.9599999997672,0.39805569045288136
555.9699999997672,0.629916307445581
555.9799999997671,0.6379146443058981
555.9899999997671,0.42032039078471356
555.999999999767,0.37632082124210564
556.0099999997669,0.6199966842037054
556.0199999997669,0.6445366947357928
556.0299999997669,0.4432768224744253
556.0399999997669,0.35699991803248904
556.0499999997668,0.6089136129538583
556.0599999997668,0.6497293679091114
556.0699999997668,0.465440406333849
556.0799999997666,0.3406996491934173
556.0899999997666,0.596732901624014
556.0999999997666,0.6536170031349925
556.1099999997666,0.4864356948621725
556.1199999997665,0.32789746402259473
556.1299999997665,0.5835313463203937
556.1399999997665,0.6563110044733034
556.1499999997664,0.5060323658488356
556.1599999997663,0.3188993743139976
556.1699999997663,0.56939960420595
556.1799999997662,0.6579110222508713
556.1899999997662,0.5241110438947867
556.1999999997662,0.31381689826939657
556.2099999997662,0.5544445661189902
556.2199999997661,0.6585063652078869
556.229999999766,0.5406330523739482
556.239999999766,0.31256693172519806
556.2499999997659,0.5387910209009616
556.2599999997659,0.6581774793859346
556.2699999997659,0.5556156679501346
556.2799999997659,0.31489338015866414
556.2899999997658,0.5225823857419853
556.2999999997658,0.6569973967373488
556.3099999997658,0.5691129672919563
556.3199999997656,0.3204050818245255
556.3299999997656,0.5059802851845288
556.3399999997656,0.6550330980184386
556.3499999997656,0.5812016232720715
556.3599999997655,0.3286221515595987
556.3699999997655,0.4891628029304342
556.3799999997655,0.6523467598467637
556.3899999997653,0.5919707473537755
556.3999999997653,0.33902277431476874
556.4099999997653,0.47232131102952424
556.4199999997653,0.6489968706346337
556.4299999997652,0.6015148695248519
556.4399999997652,0.3510841990333091
556.4499999997652,0.4556558969325198
556.459999999765,0.6450392084289478
556.469999999765,0.6099292604153126
556.479999999765,0.3643142799218456
556.489999999765,0.4393695533423129
556.4999999997649,0.6405276780716523
556.5099999997649,0.6173069494213141
556.5199999997649,0.3782724586859963
556.5299999997648,0.42366144847548254
556.5399999997647,0.6355150075174745
556.5499999997647,0.6237369395475907
556.5599999997647,0.3925809904210618
556.5699999997646,0.4087197326688885
556.5799999997646,0.6300533042602903
556.5899999997646,0.6293032455892682
556.5999999997645,0.40692829897940713
556.6099999997645,0.39471443356453473
556.6199999997644,0.6241944738641512
556.6299999997644,0.6340844835964784
556.6399999997643,0.42106670550901365
556.6499999997643,0.3817910245917365
556.6599999997643,0.6179905038007157
556.6699999997642,0.6381538173527745
556.6799999997642,0.4348066359696763
556.6899999997642,0.3700652079869782
556.6999999997641,0.6114936171284008
556.709999999764,0.6415791255660614
556.719999999764,0.4480090228073724
556.729999999764,0.35961933613111563
556.7399999997639,0.6047563028280778
556.7499999997639,0.6444232957006808
556.7599999997639,0.4605771476028579
556.7699999997639,0.35050072133475485
556.7799999997637,0.5978312318774202
556.7899999997637,0.6467445808252457
556.7999999997637,0.47244874118318203
556.8099999997636,0.34272188287537403
556.8199999997636,0.5907710710004178
556.8299999997636,0.6485969771697354
556.8399999997636,0.48358881074293564
556.8499999997634,0.3362625846178417
556.8599999997634,0.5836282089667244
556.8699999997634,0.6500305953739075
556.8799999997633,0.49398341254030986
556.8899999997633,0.3310733560913731
556.8999999997633,0.5764544128737711
556.9099999997633,0.6510920085814963
556.9199999997631,0.5036344222934233
556.9299999997631,0.32708008556645457
556.9399999997631,0.5693004342800346
556.949999999763,0.6518245679656666
556.959999999763,0.5125552560893506
556.969999999763,0.3241892324353559
556.979999999763,0.5622155864969767
556.9899999997629,0.6522686809623277
556.9999999997628,0.5207674418731914
557.0099999997628,0.3222932233144346
557.0199999997627,0.5552473148965493
557.0299999997627,0.6524620508761788
557.0399999997627,0.5282979212000317
557.0499999997627,0.3212756584351621
557.0599999997626,0.5484407819421175
557.0699999997626,0.6524398786436717
557.0799999997625,0.5351769586538986
557.0899999997624,0.3210160439360834
557.0999999997624,0.5418384866837144
557.1099999997624,0.6522350289089935
557.1199999997624,0.5414365456615735
557.1299999997623,0.32139386379711143
557.1399999997623,0.5354799361173943
557.1499999997623,0.6518781634639553
557.1599999997621,0.5471091990556998
557.1699999997621,0.32229189832801564
557.1799999997621,0.5294013823143188
557.1899999997621,0.6513978455307167
557.199999999762,0.5522270698030373
557.209999999762,0.3235987742466729
557.219999999762,0.5236356346943729
557.2299999997618,0.6508206186069319
557.2399999997618,0.5568212923915474
557.2499999997618,0.32521079027063016
557.2599999997618,0.5182119528240474
557.2699999997617,0.6501710636217007
557.2799999997617,0.5609215187664065
557.2899999997617,0.3270331008323213
557.2999999997616,0.5131560199865168
557.3099999997615,0.6494718380335059
557.3199999997615,0.5645555916892209
557.3299999997615,0.3289803614687635
557.3399999997614,0.5084899937194431
557.3499999997614,0.6487437003327104
557.3599999997614,0.5677493228077127
557.3699999997613,0.3309769460571391
557.3799999997613,0.5042326256778885
557.3899999997612,0.6480055231353443
557.3999999997612,0.5705263478057483
557.4099999997611,0.3329568423441194
557.4199999997611,0.500399439759188
557.4299999997611,0.6472742977842404
557.439999999761,0.5729080378217085
557.449999999761,0.33486332228509286
557.459999999761,0.49700295567922625
557.469999999761,0.6465651330100812
557.4799999997608,0.5749134511065757
557.4899999997608,0.33664847006974025
557.4999999997608,0.49405294316756754
557.5099999997607,0.6458912499179242
557.5199999997607,0.5765593128611839
557.5299999997607,0.3382726361044731
557.5399999997607,0.4915566920213364
557.5499999997605,0.64526397520608
557.5599999997605,0.5778600142813082
557.5699999997605,0.33970387127686213
557.5799999997604,0.48951928320861127
557.5899999997604,0.6446927341689244
557.5999999997604,0.5788276242792807
557.6099999997604,0.34091738261736537
557.6199999997602,0.48794384727913503
557.6299999997602,0.6441850447971617
557.6399999997602,0.5794719089390431
557.6499999997601,0.34189504092568984
557.6599999997601,0.48683179802429716
557.6699999997601,0.6437465139223914
557.6799999997601,0.5798003556838351
557.68999999976,0.34262496136310644
557.6999999997599,0.4861830312094429
557.7099999997599,0.6433808361268737
557.7199999997598,0.5798181996537143
557.7299999997598,0.343101170690957
557.7399999997598,0.4859960805395272
557.7499999997598,0.6430897958724665
557.7599999997597,0.5795284512133746
557.7699999997596,0.3433233688573488
557.7799999997596,0.4862682253809935
557.7899999997595,0.6428732731054106
557.7999999997595,0.5789319239860731
557.8099999997595,0.34329678753615306
557.8199999997595,0.48699554727535205
557.8299999997594,0.6427292523606731
557.8399999997594,0.578027263486914
557.8499999997593,0.34303214399458815
557.8599999997592,0.48817293521963456
557.8699999997592,0.6426538352150406
557.8799999997592,0.5768109772581446
557.8899999997592,0.34254568497571236
557.8999999997591,0.48979404117235403
557.9099999997591,0.6426412557975415
557.919999999759,0.5752774676935078
557.9299999997589,0.34185931102880013
557.9399999997589,0.49185119063705784
557.9499999997589,0.642683898820376
557.9599999997589,0.5734190697898863
557.9699999997588,0.34100076798805545
557.9799999997588,0.49433525444654636
557.9899999997588,0.6427723195334377
557.9999999997586,0.5712260967653757
558.0099999997586,0.3400038871617082
558.0199999997586,0.49723549004704803
558.0299999997586,0.6428952647542345
558.0399999997585,0.5686868972483476
558.0499999997585,0.3389088506912962
558.0599999997585,0.5005393620403643
558.0699999997584,0.643039694034924
558.0799999997583,0.56578792933176
558.0899999997583,0.33776245189484494
558.0999999997583,0.5042323529461696
558.1099999997582,0.6431907997981764
558.1199999997582,0.5625138580261059
558.1299999997582,0.3366183137270735
558.1399999997581,0.5082977756435516
558.149999999758,0.6433320251777955
558.159999999758,0.5588476845342033
558.169999999758,0.33553702056512286
558.1799999997579,0.5127165994136814
558.1899999997579,0.6434450780943018
558.1999999997579,0.5547709181121543
558.2099999997578,0.3345861111118176
558.2199999997578,0.5174673008927795
558.2299999997578,0.6435099399625758
558.2399999997577,0.5502638042078271
558.2499999997576,0.33383987330772513
558.2599999997576,0.5225257504396772
558.2699999997576,0.6435048673208057
558.2799999997575,0.5453056257164494
558.2899999997575,0.33337887721338894
558.2999999997575,0.527865142804117
558.3099999997575,0.6434063845483464
558.3199999997573,0.5398750986669676
558.3299999997573,0.3332891802367225
558.3399999997573,0.5334559789701319
558.3499999997572,0.643189265823284
558.3599999997572,0.5339508882397545
558.3699999997572,0.33366114291873966
558.3799999997572,0.5392661033398386
558.389999999757,0.6428265044871184
558.399999999757,0.5275122765597658
558.409999999757,0.33458780407956146
558.4199999997569,0.5452607975687825
558.4299999997569,0.6422892681140387
558.4399999997569,0.5205400199468742
558.4499999997569,0.3361627839463695
558.4599999997567,0.5514029292345963
558.4699999997567,0.6415468378504423
558.4799999997567,0.5130174396361005
558.4899999997566,0.33847771344465594
558.4999999997566,0.5576531503668062
558.5099999997566,0.6405665310370245
558.5199999997566,0.5049317958131706
558.5299999997565,0.3416192276360966
558.5399999997564,0.5639701376595717
558.5499999997564,0.6393136068149203
558.5599999997563,0.4962759999760969
558.5699999997563,0.34566560953665443
558.5799999997563,0.5703108639125387
558.5899999997563,0.6377511554569533
558.5999999997562,0.48705072200561766
558.6099999997562,0.3506832234973088
558.6199999997561,0.5766308877155208
558.629999999756,0.6358399736411803
558.639999999756,0.47726694518212487
558.649999999756,0.3567229292984329
558.659999999756,0.582884647202604
558.6699999997559,0.633538429991101
558.6799999997559,0.4669490101234978
558.6899999997559,0.3638167110007804
558.6999999997557,0.5890257427191807
558.7099999997557,0.6308023281093189
558.7199999997557,0.4561381630386661
558.7299999997557,0.37197477992515815
558.7399999997556,0.5950071933119015
558.7499999997556,0.6275847783856688
558.7599999997556,0.44489657929104376
558.7699999997554,0.3811834110541648
558.7799999997554,0.6007816525078331
558.7899999997554,0.6238360954180727
558.7999999997554,0.4333117626961155
558.8099999997553,0.3914037407597811
558.8199999997553,0.6063015701945724
558.8299999997553,0.6195037453439033
558.8399999997552,0.4215011188951401
558.8499999997551,0.402571691252629
558.8599999997551,0.611519288986577
558.8699999997551,0.6145323776295438
558.879999999755,0.4096163628110267
558.889999999755,0.41459909681439644
558.899999999755,0.6163870655689947
558.9099999997549,0.6088639894287212
558.9199999997549,0.39784724749215566
558.9299999997548,0.42737600056582226
558.9399999997548,0.6208570098483298
558.9499999997547,0.6024382884846323
558.9599999997547,0.38642390859661757
558.9699999997547,0.44077398118833067
558.9799999997546,0.624880936884301
558.9899999997546,0.59519334407246
558.9999999997546,0.3756169324392869
559.0099999997545,0.45465027311466655
559.0199999997544,0.6284101291362132
559.0299999997544,0.5870666450755313
559.0399999997544,0.3657341307383314
559.0499999997543,0.46885237553678355
559.0599999997543,0.6313950088141774
559.0699999997543,0.5779967214021439
559.0799999997542,0.3571130110455833
559.0899999997541,0.48322281250926236
559.0999999997541,0.633784722800588
559.1099999997541,0.567925528698833
559.119999999754,0.35010815764000697
559.129999999754,0.49760371368274525
559.139999999754,0.6355266453927495
559.149999999754,0.5568018457104864
559.1599999997538,0.34507325327147836
559.1699999997538,0.5118409260750943
559.1799999997538,0.6365658078707661
559.1899999997537,0.5445859823265619
559.1999999997537,0.34233830245965585
559.2099999997537,0.5257874347427208
559.2199999997537,0.636844268869841
559.2299999997535,0.5312561349459816
559.2399999997535,0.34218368354558065
559.2499999997535,0.5393059505629634
559.2599999997534,0.6363004466579063
559.2699999997534,0.5168167329320713
559.2799999997534,0.34481375906607276
559.2899999997534,0.5522706051977221
559.2999999997533,0.6348684450636511
559.3099999997532,0.5013090642383382
559.3199999997532,0.350333597444873
559.3299999997531,0.5645677664030371
559.3399999997531,0.632477420427665
559.3499999997531,0.4848242993874717
559.3599999997531,0.3587325630764307
559.369999999753,0.5760960434717535
559.379999999753,0.6290510600676583
559.389999999753,0.4675186844070416
559.3999999997528,0.3698778847188187
559.4099999997528,0.586765590970069
559.4199999997528,0.6245072764086149
559.4299999997528,0.44963007004052646
559.4399999997527,0.3835198284358224
559.4499999997527,0.5964968384839475
559.4599999997527,0.6187582691878419
559.4699999997525,0.43149402588763464
559.4799999997525,0.39930809523523714
559.4899999997525,0.6052187776815239
559.4999999997525,0.6117111762044897
559.5099999997524,0.4135565640006511
559.5199999997524,0.4168170677220615
559.5299999997524,0.61286693001029
559.5399999997522,0.6032696262974788
559.5499999997522,0.3963791296103678
559.5599999997522,0.43557609679756537
559.5699999997522,0.6193811033554708
559.5799999997521,0.593336632564947
559.5899999997521,0.3806304189451544
559.5999999997521,0.45510050531719165
559.609999999752,0.624703028574504
559.6199999997519,0.5818194210426041
559.6299999997519,0.3670594680590506
559.6399999997519,0.47491942540520865
559.6499999997518,0.6287739511562486
559.6599999997518,0.5686369756509643
559.6699999997518,0.3564462124811617
559.6799999997517,0.4945977216929644
559.6899999997516,0.6315322435127766
559.6999999997516,0.5537312707003084
559.7099999997516,0.34953001493845187
559.7199999997515,0.5137506741269569
559.7299999997515,0.6329111034508466
559.7399999997515,0.5370833025736292
559.7499999997514,0.34692327191519734
559.7599999997514,0.5320514092998239
559.7699999997513,0.6328364186996457
559.7799999997513,0.5187350090102186
559.7899999997512,0.3490244170647653
559.7999999997512,0.549232026322929
559.8099999997512,0.6312249121759828
559.8199999997511,0.49881778107945024
559.8299999997511,0.3559493286769552
559.8399999997511,0.5650798769951074
559.849999999751,0.6279827458619034
559.8599999997509,0.4775872282870028
559.8699999997509,0.3674991331290618
559.8799999997509,0.5794305807490573
559.8899999997508,0.6230048641712441
559.8999999997508,0.4554617744640578
559.9099999997508,0.3831745352396297
559.9199999997508,0.5921592017934423
559.9299999997506,0.6161755154313614
559.9399999997506,0.43305923415832803
559.9499999997506,0.40223442571425333
559.9599999997505,0.6031707196841072
559.9699999997505,0.6073706210069726
559.9799999997505,0.4112208555327221
559.9899999997505,0.42378463778780595
559.9999999997503,0.6123905921123448
560.0099999997503,0.5964629840707488
560.0199999997503,0.3910075240894119
560.0299999997502,0.44687624529687475
560.0399999997502,0.6197559101973465
560.0499999997502,0.5833317540218806
560.0599999997502,0.3736505808875064
560.06999999975,0.4705936696137497
560.07999999975,0.625207418333876
560.08999999975,0.5678780677093822
560.0999999997499,0.36044410913396846
560.1099999997499,0.49411940681911815
560.1199999997499,0.6286825273507067
560.1299999997499,0.5500492835220658
560.1399999997498,0.3525801289428219
560.1499999997498,0.5167706924982453
560.1599999997497,0.6301093935637628
560.1699999997496,0.529874472176471
560.1799999997496,0.3509519108336441
560.1899999997496,0.5380105086195562
560.1999999997496,0.6294021690919305
560.2099999997495,0.5075133397639455
560.2199999997495,0.35597444101287645
560.2299999997495,0.5574393485857854
560.2399999997493,0.6264576581585469
560.2499999997493,0.4833186869476666
560.2599999997493,0.36747966042442337
560.2699999997493,0.5747751648313133
560.2799999997492,0.6211538591886527
560.2899999997492,0.4579076711925887
560.2999999997492,0.3847262027914941
560.309999999749,0.5898279439993354
560.319999999749,0.6133512659278644
560.329999999749,0.4322284666945007
560.339999999749,0.4065235255985284
560.3499999997489,0.6024735275115833
560.3599999997489,0.602898386526661
560.3699999997489,0.4075967577859051
560.3799999997487,0.431429341773723
560.3899999997487,0.6126294466855713
560.3999999997487,0.5896437569011406
560.4099999997487,0.3856649170163453
560.4199999997486,0.4579593819542311
560.4299999997486,0.6202340907996805
560.4399999997486,0.573457767475895
560.4499999997485,0.3682854605927693
560.4599999997484,0.4847568812506613
560.4699999997484,0.6252295919941407
560.4799999997484,0.5542687424005055
560.4899999997483,0.3572526335210848
560.4999999997483,0.5106952171566265
560.5099999997483,0.6275483531765135
560.5199999997482,0.5321184285916094
560.5299999997482,0.35395745402945705
560.5399999997481,0.5349139239955419
560.5499999997481,0.6271030799477999
560.559999999748,0.507241258733482
560.569999999748,0.3590543763804255
560.579999999748,0.5568048075706744
560.5899999997479,0.6237804408341516
560.5999999997479,0.4801673748538259
560.6099999997479,0.37226836930872026
560.6199999997478,0.5759694158910101
560.6299999997477,0.617439058829862
560.6399999997477,0.4518384612703482
560.6499999997477,0.39243119309692587
560.6599999997476,0.5921657922410238
560.6699999997476,0.6079134723864605
560.6799999997476,0.423705532161993
560.6899999997476,0.41773624511426394
560.6999999997474,0.6052562466172562
560.7099999997474,0.5950270711712506
560.7199999997474,0.3977514731025684
560.7299999997473,0.44610666314098657
560.7399999997473,0.6151621357607946
560.7499999997473,0.5786188515401451
560.7599999997473,0.3763627885889544
560.7699999997471,0.4755426745864227
560.7799999997471,0.62182766508919
560.7899999997471,0.5585909803895589
560.799999999747,0.3619937407527279
560.809999999747,0.5043562268325017
560.819999999747,0.6251925959944074
560.829999999747,0.5349858504403409
560.8399999997469,0.35664863260932056
560.8499999997468,0.5312698583234668
560.8599999997468,0.6251730564423801
560.8699999997467,0.5081005448480097
560.8799999997467,0.3613364292211533
560.8899999997467,0.5554079032827034
560.8999999997467,0.6216499957054308
560.9099999997466,0.478639308763327
560.9199999997466,0.37573644337999684
560.9299999997465,0.5762261417794093
560.9399999997464,0.614465953893809
560.9499999997464,0.44788453691428926
560.9599999997464,0.3982523581959107
560.9699999997464,0.5934199482961217
560.9799999997463,0.603432691261431
560.9899999997463,0.4178290818528337
560.9999999997463,0.42643435612630465
561.0099999997461,0.6068360643528824
561.0199999997461,0.5883549160601631
561.0299999997461,0.391164750454923
561.0399999997461,0.4575633211401304
561.049999999746,0.616399486411124
561.059999999746,0.5690788336553538
561.069999999746,0.370999765635526
561.0799999997458,0.48915525250696423
561.0899999997458,0.6220582344670081
561.0999999997458,0.5455778607177236
561.1099999997458,0.36024589683974306
561.1199999997457,0.5192495531991175
561.1299999997457,0.6237447336861244
561.1399999997457,0.5180892631462612
561.1499999997455,0.3608076766449225
561.1599999997455,0.5464791386696293
561.1699999997455,0.6213518150728417
561.1799999997455,0.4873089560847835
561.1899999997454,0.37292342267171336
561.1999999997454,0.5699964274122451
561.2099999997454,0.6147227387002354
561.2199999997453,0.454626915811826
561.2299999997452,0.39502997957733715
561.2399999997452,0.5893379621997995
561.2499999997452,0.6036575734062274
561.2599999997451,0.42233137475967225
561.2699999997451,0.42424474736364576
561.2799999997451,0.6042846367054946
561.289999999745,0.5879426094908129
561.299999999745,0.3936314677939569
561.309999999745,0.45719057184491696
561.3199999997449,0.6147449156802902
561.3299999997448,0.5674151272398377
561.3399999997448,0.3723000327989223
561.3499999997448,0.49075272138185055
561.3599999997447,0.6206684123562369
561.3699999997447,0.5420816787789344
561.3799999997447,0.3618346170580796
561.3899999997446,0.5225125992976662
561.3999999997445,0.6219878051637685
561.4099999997445,0.5123098589211752
561.4199999997445,0.3643445123391468
561.4299999997444,0.550843488609718
561.4399999997444,0.6185851405913665
561.4499999997444,0.4791007621497081
561.4599999997444,0.3797171183360105
561.4699999997442,0.5747915855015703
561.4799999997442,0.610281066233932
561.4899999997442,0.4444032228888495
561.4999999997441,0.40560015685031164
561.5099999997441,0.5938767688142856
561.5199999997441,0.596850876615015
561.5299999997441,0.4113349687632804
561.5399999997439,0.43822704347948316
561.5499999997439,0.6078988968290013
561.5599999997439,0.5780789051617149
561.5699999997438,0.3840560783587165
561.5799999997438,0.47356702058418226
561.5899999997438,0.6167853607777914
561.5999999997438,0.553872015797236
561.6099999997436,0.3670258481367693
561.6199999997436,0.5082104977525924
561.6299999997436,0.620485537788338
561.6399999997435,0.5244601374022165
561.6499999997435,0.3636609237909731
561.6599999997435,0.5397425740040362
561.6699999997435,0.6189063549031533
561.6799999997434,0.49070559532255076
561.6899999997433,0.3749716315467149
561.6999999997433,0.5667009194623323
561.7099999997432,0.6118833500284876
561.7199999997432,0.4544987701484376
561.7299999997432,0.39905724859249087
561.7399999997432,0.5883337122684551
561.7499999997431,0.5991881975007644
561.7599999997431,0.41910335047798725
561.769999999743,0.4318495299128769
561.7799999997429,0.604325801182612
561.7899999997429,0.5805843320662046
561.7999999997429,0.38913891938688705
561.8099999997429,0.46857883844134546
561.8199999997428,0.6145737244087364
561.8299999997428,0.5559557109505581
561.8399999997428,0.36980399473481645
561.8499999997426,0.5050623447825489
561.8599999997426,0.619029157297119
561.8699999997426,0.525545380673967
561.8799999997426,0.36525527944338687
561.8899999997425,0.5383157861759492
561.8999999997425,0.6176042472892997
561.9099999997425,0.49033495167303426
561.9199999997423,0.37683523374415756
561.9299999997423,0.5665542107658249
561.9399999997423,0.6101292019092831
561.9499999997423,0.45253747833995417
561.9599999997422,0.40236342231685
561.9699999997422,0.5888873944942954
561.9799999997422,0.5963615130699811
561.989999999742,0.4160160935160569
561.999999999742,0.43707693009061765
562.009999999742,0.6049629090923946
562.019999999742,0.576061928781187
562.0299999997419,0.3861950301018365
562.0399999997419,0.47549632581999446
562.0499999997419,0.6146768874255869
562.0599999997418,0.5491716250547367
562.0699999997418,0.3689438022146616
562.0799999997417,0.5129857976323318
562.0899999997417,0.6179793993926069
562.0999999997416,0.5161394611690564
562.1099999997416,0.36844676015765687
562.1199999997416,0.5463980637592176
562.1299999997415,0.6147638066415232
562.1399999997415,0.47843018601352094
562.1499999997415,0.3851827998339978
562.1599999997414,0.5739705625345682
562.1699999997413,0.6048272540833907
562.1799999997413,0.4391342292992796
562.1899999997413,0.4155898105681074
562.1999999997412,0.5949024443788178
562.2099999997412,0.5879048213396314
562.2199999997412,0.40333579177243367
562.2299999997412,0.4537309709143154
562.239999999741,0.6089201207796261
562.249999999741,0.5638041564868195
562.259999999741,0.3775811418026751
562.2699999997409,0.4936135430418347
562.2799999997409,0.6159532639631967
562.2899999997409,0.5326936272343222
562.2999999997409,0.3679262932062771
562.3099999997407,0.5306941589599659
562.3199999997407,0.6159343601212707
562.3299999997407,0.49560368279796774
562.3399999997406,0.37717986915502943
562.3499999997406,0.5622117396651669
562.3599999997406,0.6087021932219139
562.3699999997406,0.4551284782821317
562.3799999997404,0.4033079360876106
562.3899999997404,0.5868091979363168
562.3999999997404,0.5939987954116013
562.4099999997403,0.416063978231134
562.4199999997403,0.4404495365833308
562.4299999997403,0.6039739846739787
562.4399999997403,0.5715778595877911
562.4499999997402,0.38528843963933546
562.4599999997401,0.4816437503607125
562.4699999997401,0.6135734294950077
562.47999999974,0.5414786518044852
562.48999999974,0.37003476428854337
562.49999999974,0.5211506646706693
562.50999999974,0.6155522727854722
562.5199999997399,0.504542412376402
562.5299999997399,0.3747152736367396
562.5399999997398,0.5553032636783285
562.5499999997397,0.6097750285690682
562.5599999997397,0.4631950356995465
562.5699999997397,0.39839305663374147
562.5799999997397,0.5822341420045398
562.5899999997396,0.5959914757336006
562.5999999997396,0.4222636370794485
562.6099999997396,0.43522465196534504
562.6199999997394,0.6012121190596659
562.6299999997394,0.5739361291092517
562.6399999997394,0.389070293439366
562.6499999997394,0.4774772079782779
562.6599999997393,0.6120426923969181
562.6699999997393,0.5436193925764295
562.6799999997393,0.3717071388029673
562.6899999997391,0.5185102726501122
562.6999999997391,0.6146684876086876
562.7099999997391,0.5059030827611269
562.7199999997391,0.3754212543630019
562.729999999739,0.5540301479189864
562.739999999739,0.6089588370106342
562.749999999739,0.46339919694454484
562.7599999997389,0.3994815817630869
562.7699999997388,0.5818614087422558
562.7799999997388,0.5946580504787835
562.7899999997388,0.4214240032445729
562.7999999997387,0.4375172035201489
562.8099999997387,0.6011686974072091
562.8199999997387,0.5715012967342851
562.8299999997386,0.3880843913990659
562.8399999997386,0.48101922264007513
562.8499999997385,0.6117391270949828
562.8599999997385,0.5395674043193317
562.8699999997384,0.3721628996960387
562.8799999997384,0.5228020636273659
562.8899999997384,0.6135107265257252
562.8999999997383,0.4999797559935671
562.9099999997383,0.3788476668568394
562.9199999997383,0.5583666495853593
562.9299999997382,0.6063345237612848
562.9399999997381,0.4559795439584855
562.9499999997381,0.4064053817178876
562.9599999997381,0.5855416366864715
562.969999999738,0.5899339557621733
562.979999999738,0.41395767920573545
562.989999999738,0.44719107156648136
562.999999999738,0.6035556289868704
563.0099999997378,0.564079289328122
563.0199999997378,0.38318525754196575
563.0299999997378,0.4919546466713419
563.0399999997377,0.6122349236271647
563.0499999997377,0.5290716992438645
563.0599999997377,0.3727370245242939
563.0699999997375,0.5334622397708025
563.0799999997375,0.6115065491910787
563.0899999997375,0.4866648016737714
563.0999999997375,0.38642600400603594
563.1099999997374,0.5675291864831743
563.1199999997374,0.6011760877262938
563.1299999997374,0.44136108178517514
563.1399999997373,0.42010998105184044
563.1499999997372,0.5923249835381269
563.1599999997372,0.5809459878625778
563.1699999997372,0.40131406652391827
563.1799999997371,0.46435927751612943
563.1899999997371,0.6072912298833392
563.1999999997371,0.5507205601413246
563.209999999737,0.3770449560928507
563.219999999737,0.5095986786534342
563.229999999737,0.6123201240688091
563.2399999997369,0.5113340002374853
563.2499999997368,0.37674592354763076
563.2599999997368,0.5492491629891912
563.2699999997368,0.607298954347459
563.2799999997367,0.4658102221714018
563.2899999997367,0.4009172214639559
563.2999999997367,0.579960174968152
563.3099999997366,0.5919648599599164
563.3199999997365,0.420809922244021
563.3299999997365,0.44186234390898893
563.3399999997365,0.6004860282166863
563.3499999997364,0.5660602536235628
563.3599999997364,0.3867770668283438
563.3699999997364,0.48868450901704497
563.3799999997364,0.6105335577769091
563.3899999997362,0.5298940657336767
563.3999999997362,0.3745521809182775
563.4099999997362,0.5324714799011285
563.4199999997361,0.6100220861559589
563.4299999997361,0.48548241473785336
563.4399999997361,0.3889562122393386
563.4499999997361,0.5680738972842636
563.4599999997359,0.598750383683873
563.4699999997359,0.4381958906828168
563.4799999997359,0.4251196029985249
563.4899999997358,0.5933104486529341
563.4999999997358,0.5764152995525489
563.5099999997358,0.39782511231861967
563.5199999997358,0.4719222419862105
563.5299999997357,0.6075592189543967
563.5399999997356,0.5430419857194647
563.5499999997356,0.37654835491023675
563.5599999997355,0.5185225398761718
563.5699999997355,0.6107067383060593
563.5799999997355,0.5000127909559071
563.5899999997355,0.3825220462254628
563.5999999997354,0.5579424273449721
563.6099999997354,0.6026031424501765
563.6199999997353,0.45177837182473735
563.6299999997352,0.41383513477119216
563.6399999997352,0.5869443856513612
563.6499999997352,0.5829482175820115
563.6599999997352,0.40747788013003866
563.6699999997351,0.459840905831963
563.6799999997351,0.6044886375824494
563.689999999735,0.5516223677285524
563.6999999997349,0.3799531969501782
563.7099999997349,0.508264180179568
563.7199999997349,0.6103778442578393
563.7299999997349,0.5096427280505995
563.7399999997348,0.3796994353034831
563.7499999997348,0.550484252626018
563.7599999997348,0.6044906985973271
563.7699999997346,0.4609159811160221
563.7799999997346,0.40723253843719
563.7899999997346,0.5822498255997626
563.7999999997346,0.5865421107028258
563.8099999997345,0.4142128180617688
563.8199999997345,0.4524992314273475
563.8299999997345,0.6021015798478561
563.8399999997343,0.5563456604519235
563.8499999997343,0.38286411288300387
563.8599999997343,0.5021603529487494
563.8699999997343,0.609741405746567
563.8799999997342,0.5147489840083109
563.8899999997342,0.37894423727522575
563.8999999997342,0.5462724341193494
563.909999999734,0.6050562099714591
563.919999999734,0.4654656058764699
563.929999999734,0.4045224058154376
563.939999999734,0.5797700266647265
563.9499999997339,0.5877706747608803
563.9599999997339,0.41731362167162317
563.9699999997339,0.44974957224567036
563.9799999997338,0.6008690740790507
563.9899999997338,0.5576779258054847
563.9999999997337,0.38424668219968827
564.0099999997337,0.5003904300716969
564.0199999997336,0.6091945679412685
564.0299999997336,0.5156181692618329
564.0399999997336,0.3793627956426355
564.0499999997335,0.5455706257232255
564.0599999997335,0.6046295215164564
564.0699999997335,0.46546204539091884
564.0799999997334,0.4052235618026368
564.0899999997333,0.5797373186389521
564.0999999997333,0.5868962086644772
564.1099999997333,0.41657666906552704
564.1199999997332,0.45145033520205985
564.1299999997332,0.6009566478405604
564.1399999997332,0.555804906726579
564.1499999997332,0.3838224658046055
564.159999999733,0.5029481100071121
564.169999999733,0.6088318729872294
564.179999999733,0.5123577594013998
564.1899999997329,0.38079495467933483
564.1999999997329,0.5483677307915321
564.2099999997329,0.6032354501420173
564.2199999997329,0.460981798772392
564.2299999997327,0.40930477051654246
564.2399999997327,0.5820833714155206
564.2499999997327,0.5838748437369083
564.2599999997326,0.4121800497033022
564.2699999997326,0.4575597233597835
564.2799999997326,0.6022291805457722
564.2899999997326,0.5506292725695962
564.2999999997324,0.382004070664989
564.3099999997324,0.5096798608586224
564.3199999997324,0.6084502607900263
564.3299999997323,0.5048883363274
564.3399999997323,0.38380009607506005
564.3499999997323,0.5543905700511464
564.3599999997323,0.6005991947423756
564.3699999997322,0.45214904914789056
564.3799999997321,0.4171602270137526
564.3899999997321,0.5864457422407328
564.399999999732,0.5783638167941512
564.409999999732,0.404719146158049
564.419999999732,0.46809167811415103
564.429999999732,0.60425671634912
564.4399999997319,0.541790518150456
564.4499999997319,0.3799138036356503
564.4599999997318,0.5202499482337477
564.4699999997317,0.6075533654437176
564.4799999997317,0.493005712674237
564.4899999997317,0.38956918503761967
564.4999999997317,0.5630910683435172
564.5099999997316,0.5961495583786033
564.5199999997316,0.43927730307518803
564.5299999997316,0.4294293075224762
564.5399999997314,0.5921703726218104
564.5499999997314,0.5697336024672214
564.5599999997314,0.3953928403815331
564.5699999997314,0.48295288085857113
564.5799999997313,0.6063205704845027
564.5899999997313,0.5287187517068723
564.5999999997313,0.3794321083882949
564.6099999997311,0.5340542792027643
564.6199999997311,0.6053540883504942
564.6299999997311,0.47653959746007163
564.6399999997311,0.39970721486534666
564.649999999731,0.5736224716802499
564.659999999731,0.5890217367233521
564.669999999731,0.42317031916932407
564.6799999997309,0.44667016930177517
564.6899999997308,0.5983148789520052
564.6999999997308,0.5570977018997402
564.7099999997308,0.3862880482382155
564.7199999997307,0.5017160456818224
564.7299999997307,0.6074185511607935
564.7399999997307,0.5107607075638956
564.7499999997306,0.38312876472712604
564.7599999997306,0.5501306985938746
564.7699999997305,0.6007738645652547
564.7799999997305,0.45567429060832015
564.7899999997304,0.41580054239785835
564.7999999997304,0.5848268267782842
564.8099999997304,0.5780670989165169
564.8199999997303,0.405600058384478
564.8299999997303,0.468940427153793
564.8399999997303,0.6036564530750063
564.8499999997302,0.5393947604499231
564.8599999997301,0.380601754409962
564.8699999997301,0.5234189362704726
564.8799999997301,0.6062659192379759
564.88999999973,0.48746083011060326
564.89999999973,0.39385331349607927
564.90999999973,0.5671171724524072
564.91999999973,0.592440018997527
564.9299999997298,0.43152330520306736
564.9399999997298,0.4387616574572133
564.9499999997298,0.5952474338959767
564.9599999997297,0.5618958650627532
564.9699999997297,0.38986962818129667
564.9799999997297,0.4954220441085745
564.9899999997297,0.6067003785471395
564.9999999997295,0.5156061230958063
565.0099999997295,0.382449925218331
565.0199999997295,0.5464847685759601
565.0299999997294,0.6012876858680063
565.0399999997294,0.4591424644159272
565.0499999997294,0.4138246221263136
565.0599999997294,0.583283371677293
565.0699999997292,0.5786972607614372
565.0799999997292,0.4069872987879472
565.0899999997292,0.46814709733906074
565.0999999997291,0.6031585112784897
565.1099999997291,0.539027342343641
565.1199999997291,0.3810620060197171
565.1299999997291,0.5242762166629171
565.139999999729,0.605676664117714
565.149999999729,0.48528280709587507
565.1599999997289,0.39581421952245366
565.1699999997288,0.5688081924424282
565.1799999997288,0.59060751871486
565.1899999997288,0.4279531823355066
565.1999999997288,0.4434192600353075
565.2099999997287,0.5966137396226866
565.2199999997287,0.5576955342453639
565.2299999997286,0.3875816238539743
565.2399999997285,0.5018297450764909
565.2499999997285,0.6065832584911657
565.2599999997285,0.5083314034923498
565.2699999997285,0.38515993652865554
565.2799999997284,0.5528303171244721
565.2899999997284,0.5985160123457511
565.2999999997284,0.4496624664791528
565.3099999997282,0.42260262171249247
565.3199999997282,0.587954138777676
565.3299999997282,0.572080851090636
565.3399999997282,0.3992676453564249
565.3499999997281,0.4803693006865232
565.3599999997281,0.6048792757686425
565.3699999997281,0.5277351564091114
565.3799999997279,0.38114608202822486
565.3899999997279,0.5363052515723221
565.3999999997279,0.6032699341216514
565.4099999997279,0.47012790790415954
565.4199999997278,0.4064104148511728
565.4299999997278,0.5779953026939317
565.4399999997278,0.5828359780238532
565.4499999997277,0.41353868910235286
565.4599999997276,0.4608850770803706
565.4699999997276,0.6013396681516183
565.4799999997276,0.5435436692204868
565.4899999997275,0.3823198981156975
565.4999999997275,0.5200971852598475
565.5099999997275,0.6056323646114267
565.5199999997274,0.4882940770719087
565.5299999997274,0.39487835103125285
565.5399999997273,0.5674801521241883
565.5499999997273,0.5906376037920055
565.5599999997272,0.42838127354636707
565.5699999997272,0.4440436478834072
565.5799999997272,0.5966520106949559
565.5899999997271,0.5560971015054229
565.5999999997271,0.3869676847525425
565.609999999727,0.504935111002813
565.619999999727,0.6062734973267012
565.6299999997269,0.5037408688707814
565.6399999997269,0.3874942879374595
565.6499999997269,0.5570694074161829
565.6599999997268,0.596115220225795
565.6699999997268,0.4424265247698738
565.6799999997268,0.4301587859885984
565.6899999997268,0.5914216748275432
565.6999999997266,0.5658418157892078
565.7099999997266,0.3934777176652887
565.7199999997266,0.49137997606847644
565.7299999997265,0.6057727292405709
565.7399999997265,0.5164232576312845
565.7499999997265,0.38341350302268445
565.7599999997265,0.5473292245350496
565.7699999997263,0.5998229490382094
565.7799999997263,0.4548484903961151
565.7899999997263,0.41922900281597264
565.7999999997262,0.5861726362086903
565.8099999997262,0.5732310289888645
565.8199999997262,0.400530364687381
565.8299999997262,0.4798144984361252
565.839999999726,0.6046225453592274
565.849999999726,0.5264865333809201
565.859999999726,0.3816763154073863
565.8699999997259,0.5387222758853376
565.8799999997259,0.602230529580118
565.8899999997259,0.4652089086507717
565.8999999997259,0.41102406005472736
565.9099999997258,0.5813460085622622
565.9199999997257,0.5786748660330592
565.9299999997257,0.4071460628132961
565.9399999997256,0.47045877192150204
565.9499999997256,0.6032313230009484
565.9599999997256,0.5341490279380675
565.9699999997256,0.381373895285137
565.9799999997255,0.5316062443652226
565.9899999997255,0.6037218240981821
565.9999999997254,0.473313990476024
566.0099999997253,0.4051915749282509
566.0199999997253,0.5772985121031918
566.0299999997253,0.5825168077512612
566.0399999997253,0.41265146442325873
566.0499999997252,0.463406448567229
566.0599999997252,0.6019247524566971
566.0699999997252,0.5396326377574541
566.079999999725,0.3817473485102566
566.089999999725,0.5262404197226479
566.099999999725,0.6045956769382588
566.109999999725,0.4791052971135665
566.1199999997249,0.40135779672730904
566.1299999997249,0.5743022104796961
566.1399999997249,0.5850233516938892
566.1499999997247,0.4166150684946734
566.1599999997247,0.45867122759588147
566.1699999997247,0.600946369766665
566.1799999997247,0.5431236085018963
566.1899999997246,0.38223193221143825
566.1999999997246,0.5227980824223859
566.2099999997246,0.6050671170402468
566.2199999997245,0.48258530248726783
566.2299999997244,0.39920725060966133
566.2399999997244,0.5725457048957693
566.2499999997244,0.586379881871274
566.2599999997243,0.41878368929459076
566.2699999997243,0.45623246340271234
566.2799999997243,0.6004577155419089
566.2899999997242,0.5447513552343888
566.2999999997242,0.38246789152893473
566.3099999997241,0.5213805486431751
566.3199999997241,0.6052682882248319
566.329999999724,0.4837711130960686
566.339999999724,0.3985365794641195
566.349999999724,0.5721360772843147
566.3599999997239,0.5866892397903768
566.3699999997239,0.41903474441410166
566.3799999997239,0.45607077335073976
566.3899999997238,0.6005384075973184
566.3999999997237,0.5445778041502678
566.4099999997237,0.3822975632017375
566.4199999997237,0.522028458848262
566.4299999997236,0.6052490217355515
566.4399999997236,0.48266955136007594
566.4499999997236,0.3992842274622929
566.4599999997235,0.5731005159184323
566.4699999997234,0.5859713481679812
566.4799999997234,0.41734989870563355
566.4899999997234,0.4581877471845131
566.4999999997233,0.6011862158262822
566.5099999997233,0.5425931446858383
566.5199999997233,0.3817618368558533
566.5299999997233,0.5247269238245355
566.5399999997231,0.6049771038237158
566.5499999997231,0.47926906473339453
566.5599999997231,0.40153903017993947
566.569999999723,0.5753867784645776
566.579999999723,0.5841632023891934
566.589999999723,0.41381151958581464
566.599999999723,0.4626069463906452
566.6099999997228,0.6023171470884127
566.6199999997228,0.5387162663441509
566.6299999997228,0.3811016754664248
566.6399999997227,0.5294030287409701
566.6499999997227,0.6043382726355768
566.6599999997227,0.47354685561149396
566.6699999997227,0.4055288968825203
566.6799999997226,0.5788622764969356
566.6899999997225,0.5811190940136249
566.6999999997225,0.4086220994027421
566.7099999997224,0.469356044039975
566.7199999997224,0.6037655538015871
566.7299999997224,0.5328000492196681
566.7399999997224,0.38076320753262843
566.7499999997223,0.5359164240487236
566.7599999997223,0.6031359135142083
566.7699999997222,0.46549266805280964
566.7799999997221,0.41158788307876304
566.7899999997221,0.5833122992398524
566.7999999997221,0.5766113979597646
566.8099999997221,0.40214587615319836
566.819999999722,0.47843260002704213
566.829999999722,0.6052842773245144
566.839999999722,0.5246436267481661
566.8499999997218,0.38139760602354594
566.8599999997218,0.5440458051337457
566.8699999997218,0.6010903768258824
566.8799999997218,0.45515363223735095
566.8899999997217,0.4200984522481531
566.8999999997217,0.5884383974034236
566.9099999997217,0.5703329434632592
566.9199999997215,0.3949689840242879
566.9299999997215,0.48975903617002287
566.9399999997215,0.606544733404565
566.9499999997215,0.514016292256886
566.9599999997214,0.3838396101538433
566.9699999997214,0.5534754892797783
566.9799999997214,0.5978379099003288
566.9899999997212,0.4427069392465667
566.9999999997212,0.4314078687675207
567.0099999997212,0.593857954964561
567.0199999997212,0.5619032839946861
567.0299999997211,0.3879670066905426
567.0399999997211,0.503135664901411
567.0499999997211,0.607136618378227
567.059999999721,0.5007013906159747
567.069999999721,0.38904321041493084
567.0799999997209,0.5637865328960735
567.0899999997209,0.5929295672541628
567.0999999997208,0.4285671710574692
567.1099999997208,0.4457248340170189
567.1199999997208,0.5991053876676523
567.1299999997207,0.5508836717531845
567.1399999997207,0.38235459330522026
567.1499999997206,0.518202930087437
567.1599999997206,0.6065666613170597
567.1699999997205,0.4845735192429958
567.1799999997205,0.3979549816233641
567.1899999997205,0.5744555624474906
567.1999999997204,0.5858315332633487
567.2099999997204,0.4135287073791558
567.2199999997204,0.463013599799679
567.2299999997203,0.6036343531617928
567.2399999997202,0.5368101181042838
567.2499999997202,0.3796719065361496
567.2599999997202,0.5344235002542878
567.2699999997201,0.6042558427779472
567.2799999997201,0.4657275928110758
567.2899999997201,0.4113219977788339
567.2999999997201,0.5848618331140429
567.3099999997199,0.5759308062503823
567.3199999997199,0.3989233880511809
567.3299999997199,0.4829128612306552
567.3399999997198,0.6068192100634164
567.3499999997198,0.5192617005346692
567.3599999997198,0.3816473347607785
567.3699999997198,0.5510902111177012
567.3799999997196,0.5995352710053354
567.3899999997196,0.44467910847798964
567.3999999997196,0.42946493929028207
567.4099999997195,0.5942996992118798
567.4199999997195,0.5625554961702548
567.4299999997195,0.38673153967340995
567.4399999997195,0.5047078326211228
567.4499999997194,0.6079532900881086
567.4599999997193,0.4979927941889849
567.4699999997193,0.38988931855196024
567.4799999997192,0.5673577118866371
567.4899999997192,0.5916434117862833
567.4999999997192,0.42263868766754664
567.5099999997192,0.4520861074577913
567.5199999997191,0.6019908436532176
567.529999999719,0.5450292608179569
567.539999999719,0.37952488156273695
567.5499999997189,0.527370395426305
567.5599999997189,0.6062420952717907
567.5699999997189,0.47317007959983204
567.5799999997189,0.405430431544119
567.5899999997188,0.5822869601804338
567.5999999997188,0.5797334066251915
567.6099999997188,0.4018069159690185
567.6199999997186,0.478197573149422
567.6299999997186,0.6070894526012798
567.6399999997186,0.522797353394682
567.6499999997186,0.3800859396857385
567.6599999997185,0.5496571642301051
567.6699999997185,0.6007924240990604
567.6799999997185,0.4457531929113791
567.6899999997183,0.42826724036273395
567.6999999997183,0.5948862795400052
567.7099999997183,0.5629121013998052
567.7199999997183,0.3855152113134149
567.7299999997182,0.5062195943415022
567.7399999997182,0.6086748995567145
567.7499999997182,0.49568758651750877
567.759999999718,0.39063556658849663
567.769999999718,0.5702313251693611
567.779999999718,0.590605824897735
567.789999999718,0.4180009120959016
567.7999999997179,0.4571273022573286
567.8099999997179,0.6041329867709546
567.8199999997179,0.5403574711920421
567.8299999997178,0.377892330580111
567.8399999997177,0.5342217071239254
567.8499999997177,0.6057312569512247
567.8599999997177,0.46438935369081047
567.8699999997176,0.41187504508578937
567.8799999997176,0.5877648246456327
567.8899999997176,0.5746012367859278
567.8999999997175,0.3939034254603579
567.9099999997175,0.4896327522546656
567.9199999997174,0.6089654789177894
567.9299999997174,0.5116032731861309
567.9399999997173,0.3827581341884845
567.9499999997173,0.5602082289491236
567.9599999997173,0.5971232298893366
567.9699999997172,0.431190350976953
567.9799999997172,0.4423614633507935
567.9899999997172,0.6009870500075098
567.9999999997171,0.5517259236463565
568.009999999717,0.3790207677665555
568.019999999717,0.5228109188341571
568.029999999717,0.6082458085917984
568.0399999997169,0.4771282994804041
568.0499999997169,0.40192236557909355
568.0599999997169,0.582335955480959
568.0699999997169,0.5816000338300041
568.0799999997167,0.40076841386694495
568.0899999997167,0.4787011019792474
568.0999999997167,0.6086672146623832
568.1099999997166,0.5212773240545935
568.1199999997166,0.37904222436538404
568.1299999997166,0.553695400927079
568.1399999997166,0.6007083306908193
568.1499999997164,0.43936586135474165
568.1599999997164,0.4338603831083374
568.1699999997164,0.5989970130862222
568.1799999997163,0.5579061414798931
568.1899999997163,0.38027280872554253
568.1999999997163,0.5165157565938127
568.2099999997163,0.6095402112393346
568.2199999997162,0.48364511670890564
568.2299999997161,0.39707917670962506
568.2399999997161,0.5797425406668638
568.249999999716,0.5849398661936636
568.259999999716,0.4039255248263773
568.269999999716,0.4738955150271524
568.279999999716,0.6087639629725643
568.2899999997159,0.5251721556285099
568.2999999997159,0.37744267624709504
568.3099999997158,0.551585067144687
568.3199999997157,0.6022086042351636
568.3299999997157,0.4416844179156629
568.3399999997157,0.4313409169892012
568.3499999997157,0.5989418444125927
568.3599999997156,0.5595040187408246
568.3699999997156,0.3798966816267389
568.3799999997156,0.5158951470245983
568.3899999997154,0.6102402984103505
568.3999999997154,0.4838986888628564
568.4099999997154,0.3965261100329479
568.4199999997154,0.5805540304689523
568.4299999997153,0.5850931679036608
568.4399999997153,0.40245643115223995
568.4499999997153,0.47540964021587806
568.4599999997151,0.6096669438449507
568.4699999997151,0.5234643987070191
568.4799999997151,0.37716452080878204
568.4899999997151,0.5542224181117241
568.499999999715,0.6018870308660715
568.509999999715,0.43785734304965285
568.519999999715,0.4347816325585826
568.5299999997148,0.6010226780023727
568.5399999997148,0.5566026459102899
568.5499999997148,0.37756170201416156
568.5599999997148,0.5210963577546452
568.5699999997147,0.6103921949961127
568.5799999997147,0.47777561343257363
568.5899999997147,0.400395384009554
568.5999999997146,0.5847619712601458
568.6099999997145,0.5819454971975694
568.6199999997145,0.3964294517153154
568.6299999997145,0.4833446404357859
568.6399999997144,0.6112072097465167
568.6499999997144,0.5159137572953135
568.6599999997144,0.37884502035283046
568.6699999997143,0.5614157170025122
568.6799999997143,0.5994150514103491
568.6899999997142,0.4279695260071931
568.6999999997142,0.44457244024673914
568.7099999997141,0.6048524978312626
568.7199999997141,0.5487278933277724
568.7299999997141,0.3743863262024975
568.739999999714,0.5318536088793098
568.749999999714,0.6094553120714686
568.759999999714,0.465062573576843
568.769999999714,0.4097903824830401
568.7799999997138,0.5917654877709467
568.7899999997138,0.5747831867701573
568.7999999997138,0.38701304135530834
568.8099999997137,0.4976193300669204
568.8199999997137,0.6126284490765042
568.8299999997137,0.5018988633956338
568.8399999997137,0.38452468528318307
568.8499999997135,0.5723929603841471
568.8599999997135,0.5938593606613615
568.8699999997135,0.41274026936772984
568.8799999997134,0.46124497157199545
568.8899999997134,0.6094493313962619
568.8999999997134,0.5348783762401966
568.9099999997134,0.3731027133599742
568.9199999997132,0.5473516820963008
568.9299999997132,0.6062887786380886
568.9399999997132,0.44575504259328713
568.9499999997131,0.4263482013521065
568.9599999997131,0.6003533874419485
568.9699999997131,0.5622963921989894
568.9799999997131,0.3769795006696337
568.989999999713,0.5176375522248173
568.9999999997129,0.6125788644491706
569.0099999997129,0.48067150262220676
569.0199999997128,0.3972564374906905
569.0299999997128,0.5857380256509319
569.0399999997128,0.583663845336592
569.0499999997128,0.3942808508768342
569.0599999997127,0.48484323391635903
569.0699999997126,0.6132354965391857
569.0799999997126,0.5136838877063988
569.0899999997125,0.3780476742591545
569.0999999997125,0.5660491039306597
569.1099999997125,0.5991261343530518
569.1199999997125,0.420867775712058
569.1299999997124,0.4512993804641893
569.1399999997124,0.6087034939364628
569.1499999997123,0.5426471540859314
569.1599999997122,0.3713081070454215
569.1699999997122,0.5418976226398988
569.1799999997122,0.6090917374684253
569.1899999997122,0.4520535947400256
569.1999999997121,0.42001032979666236
569.2099999997121,0.5993702254457891
569.2199999997121,0.5666523048268607
569.2299999997119,0.3772840425031064
569.2399999997119,0.5141905073384466
569.2499999997119,0.614033757117838
569.2599999997119,0.4839111468930797
569.2699999997118,0.39426962064261534
569.2799999997118,0.5856033448332446
569.2899999997118,0.5855407727185951
569.2999999997116,0.3939663303186011
569.3099999997116,0.48424586779509504
569.3199999997116,0.6144016139876438
569.3299999997116,0.5137781991708821
569.3399999997115,0.37697338818117254
569.3499999997115,0.567807940182974
569.3599999997115,0.5995384837046877
569.3699999997114,0.41800272773934644
569.3799999997113,0.4538435381101519
569.3899999997113,0.610594712450021
569.3999999997113,0.5401722621338514
569.4099999997112,0.3698686151825668
569.4199999997112,0.5464939054342788
569.4299999997112,0.6090297933188165
569.4399999997111,0.44582677114457386
569.449999999711,0.4251504843137585
569.459999999711,0.602968675569057
569.469999999711,0.562468598885603
569.4799999997109,0.3731030934268204
569.4899999997109,0.5223436287932965
569.4999999997109,0.6144363167061874
569.5099999997108,0.4744550975253386
569.5199999997108,0.4004800414252218
569.5299999997108,0.5918579766580998
569.5399999997107,0.5805729311573468
569.5499999997106,0.3853139752044459
569.5599999997106,0.496265460986972
569.5699999997106,0.6161614651354276
569.5799999997105,0.5017959677848809
569.5899999997105,0.38190811513473
569.5999999997105,0.5776061859889292
569.6099999997105,0.5946764170703599
569.6199999997103,0.40417339444605577
569.6299999997103,0.4694129930637096
569.6399999997103,0.6145720858352931
569.6499999997102,0.5266041084685636
569.6599999997102,0.37085769954128617
569.6699999997102,0.5605983262774284
569.6799999997102,0.6050995587844646
569.68999999971,0.42707836928384696
569.69999999971,0.44314873604719707
569.70999999971,0.6099994596924897
569.7199999997099,0.5482811375329895
569.7299999997099,0.36781374491983804
569.7399999997099,0.5412905954067058
569.7499999997099,0.6122037041403214
569.7599999997097,0.4516914042813594
569.7699999997097,0.41893892635828334
569.7799999997097,0.6027494757355106
569.7899999997096,0.566658491239835
569.7999999997096,0.3722880761553194
569.8099999997096,0.520232227983022
569.8199999997096,0.6163464453516736
569.8299999997095,0.4762143045816066
569.8399999997094,0.3981865141883878
569.8499999997094,0.5931162781967617
569.8599999997093,0.5818227695309626
569.8699999997093,0.3830345951736351
569.8799999997093,0.4980736560417519
569.8899999997093,0.6178628952545003
569.8999999997092,0.49943412973739976
569.9099999997092,0.3820366532125587
569.9199999997091,0.5813960587342664
569.929999999709,0.5939951691536873
569.939999999709,0.3984032552780066
569.949999999709,0.47555551020910436
569.959999999709,0.6170610565498865
569.9699999997089,0.5206396355985011
569.9799999997089,0.3712091114115839
569.9899999997089,0.5678988161510855
569.9999999997087,0.6034563307713454
570.0099999997087,0.416689735750167
570.0199999997087,0.4534753191798912
570.0299999997086,0.614224162777194
570.0399999997086,0.5394937881164644
570.0499999997086,0.3659099600854886
570.0599999997086,0.552956448282482
570.0699999997084,0.6105033374535621
570.0799999997084,0.43638440253152044
570.0899999997084,0.4326333130149861
570.0999999997083,0.6096158770779582
570.1099999997083,0.5559121008656743
570.1199999997083,0.36584759886068063
570.1299999997083,0.5369258913593378
570.1399999997082,0.6154273286081645
570.1499999997081,0.45629539621866505
570.1599999997081,0.41376465568389204
570.169999999708,0.603486031961974
570.179999999708,0.5699664921064872
570.189999999708,0.3703396947557653
570.199999999708,0.5201864505579977
570.2099999997079,0.6185034103103604
570.2199999997079,0.4755704656335947
570.2299999997078,0.3974706474739104
570.2399999997077,0.596075629203362
570.2499999997077,0.5818171692035622
570.2599999997077,0.3784692254019902
570.2699999997077,0.5031311114792297
570.2799999997076,0.6199874112574824
570.2899999997076,0.49365871399656663
570.2999999997076,0.38416345713030114
570.3099999997074,0.5876204195115093
570.3199999997074,0.5916678891507836
570.3299999997074,0.3892419309060655
570.3399999997074,0.4861524919416703
570.3499999997073,0.6201161200220937
570.3599999997073,0.5102478937845973
570.3699999997073,0.37403628764904995
570.3799999997071,0.578352754232784
570.3899999997071,0.5997383240952009
570.3999999997071,0.40171091684354143
570.4099999997071,0.4696250529034279
570.419999999707,0.6191090187190604
570.429999999707,0.5251998879499116
570.439999999707,0.36706421197008315
570.4499999997068,0.5685016639663737
570.4599999997068,0.6062479784942267
570.4699999997068,0.41505466009067327
570.4799999997068,0.4538860001494654
570.4899999997067,0.6171703947298147
570.4999999997067,0.5384953123793612
570.5099999997067,0.3630328786185757
570.5199999997066,0.5582913301490581
570.5299999997065,0.6114074649060453
570.5399999997065,0.4286113690661775
570.5499999997065,0.43921771491211303
570.5599999997064,0.6144912419021695
570.5699999997064,0.5501905419733042
570.5799999997064,0.3615860374368423
570.5899999997063,0.5479382920098277
570.5999999997063,0.6154142333880511
570.6099999997062,0.44188119727954855
570.6199999997062,0.4258343794437485
570.6299999997061,0.6112506824194619
570.6399999997061,0.560386520686962
570.6499999997061,0.362280326326986
570.659999999706,0.5376478678287402
570.669999999706,0.618450851400812
570.679999999706,0.4545093052021487
570.689999999706,0.41387471560842765
570.6999999997058,0.6076168323469261
570.7099999997058,0.5692071902622026
570.7199999997058,0.36463699206047806
570.7299999997057,0.5276103472855164
570.7399999997057,0.6206846398052739
570.7499999997057,0.4662603591668707
570.7599999997057,0.4034016225488808
570.7699999997055,0.6037471469431468
570.7799999997055,0.5767851296512666
570.7899999997055,0.3681837367932245
570.7999999997054,0.5179975179171827
570.8099999997054,0.6222679450871343
570.8199999997054,0.47699149948019753
570.8299999997054,0.39440829597189575
570.8399999997052,0.5997883445020018
570.8499999997052,0.5832523055621148
570.8599999997052,0.3724838775796363
570.8699999997051,0.5089600164462117
570.8799999997051,0.6233386344820142
570.8899999997051,0.486627647515876
570.8999999997051,0.3868294442667543
570.909999999705,0.5958760357598845
570.9199999997049,0.5887342991669984
570.9299999997049,0.3771531867524226
570.9399999997048,0.5006258568152302
570.9499999997048,0.6240205929551509
570.9599999997048,0.49514078484337815
570.9699999997048,0.3805556841614972
570.9799999997047,0.5921341887864429
570.9899999997047,0.5933468182857332
570.9999999997046,0.3818666502626092
571.0099999997045,0.4931003048493766
571.0199999997045,0.6244241183460977
571.0299999997045,0.5025334957467908
571.0399999997045,0.37544913674762814
571.0499999997044,0.5886745441583265
571.0599999997044,0.597193665640385
571.0699999997044,0.38635805303651666
571.0799999997042,0.4864670755161095
571.0899999997042,0.6246461798685429
571.0999999997042,0.508826385194242
571.1099999997042,0.3713585547719944
571.1199999997041,0.5855960672576254
571.1299999997041,0.6003656047291576
571.1399999997041,0.390415167853832
571.1499999997039,0.4807906555458419
571.1599999997039,0.624770543284917
571.1699999997039,0.5140487223421685
571.1799999997039,0.36813282581695733
571.1899999997038,0.5829844902000171
571.1999999997038,0.6029397573079314
571.2099999997038,0.3938727956842465
571.2199999997036,0.47611942331358137
571.2299999997036,0.6248677849607795
571.2399999997036,0.5182316261903708
571.2499999997036,0.3656322445378229
571.2599999997035,0.5809119610212957
571.2699999997035,0.6049792989596252
571.2799999997035,0.39660527907623283
571.2899999997034,0.47248916257614565
571.2999999997033,0.6249952241625975
571.3099999997033,0.5214031861021144
571.3199999997033,0.36373741030888374
571.3299999997032,0.5794367877525787
571.3399999997032,0.6065333070375915
571.3499999997032,0.39851955337915496
571.3599999997031,0.4699265455362491
571.369999999703,0.6251968034074592
571.379999999703,0.523585023410397
571.389999999703,0.36235592228910046
571.3999999997029,0.5786032441001312
571.4099999997029,0.6076366724036728
571.4199999997029,0.3995493797469627
571.4299999997028,0.4684521856574424
571.4399999997028,0.625502943496743
571.4499999997028,0.5247899188079984
571.4599999997027,0.3614272012174602
571.4699999997026,0.578441394516592
571.4799999997026,0.6083100218588505
571.4899999997026,0.3996511241465281
571.4999999997025,0.4680829188957253
571.5099999997025,0.6259303950406504
571.5199999997025,0.5250202377358996
571.5299999997025,0.3609257859628161
571.5399999997023,0.5789668995666295
571.5499999997023,0.6085596196107402
571.5599999997023,0.39880128505053086
571.5699999997022,0.46883305244374696
571.5799999997022,0.6264821028628065
571.5899999997022,0.5242669804898354
571.5999999997022,0.3608633657519033
571.609999999702,0.580180776804162
571.619999999702,0.6083772280568956
571.629999999702,0.3969958959247804
571.6399999997019,0.4707144140900371
571.6499999997019,0.6271470938060494
571.6599999997019,0.522509367731845
571.6699999997019,0.3612896495656517
571.6799999997017,0.5820691144641985
571.6899999997017,0.6077399147697802
571.6999999997017,0.394251903991762
571.7099999997016,0.4737351398500235
571.7199999997016,0.6279003921670646
571.7299999997016,0.5197149523044609
571.7399999997016,0.36229197378473155
571.7499999997015,0.5846027603885796
571.7599999997014,0.6066097962440523
571.7699999997014,0.390610622006693
571.7799999997013,0.47789725089093676
571.7899999997013,0.6287029596889607
571.7999999997013,0.5158403310620198
571.8099999997013,0.3639933383123458
571.8199999997012,0.5877370322368968
571.8299999997012,0.6049337130603188
571.8399999997011,0.38614332991918776
571.849999999701,0.483193192555831
571.859999999701,0.629501648335873
571.869999999701,0.510832626292895
571.879999999701,0.36654837604784346
571.8899999997009,0.5914115110638278
571.8999999997009,0.6026428375635563
571.9099999997009,0.380959029653522
571.9199999997007,0.48960163334139245
571.9299999997007,0.6302291437166327
571.9399999997007,0.5046320234373592
571.9499999997007,0.3701366468798971
571.9599999997006,0.5955499847554767
571.9699999997006,0.599652228722312
571.9799999997006,0.3752141778413268
571.9899999997004,0.49708293929541225
571.9999999997004,0.6308038651273143
572.0099999997004,0.49717580026273483
572.0199999997004,0.3749526656028842
572.0299999997003,0.6000605973985474
572.0399999997003,0.5958603739183186
572.0499999997003,0.3691238776365696
572.0599999997002,0.5055748311539362
572.0699999997001,0.631129775545059
572.0799999997001,0.488404469076471
572.0899999997001,0.3811922882396006
572.0999999997,0.6048362345404096
572.1099999997,0.5911488020847585
572.1199999997,0.36297343735820436
572.1299999996999,0.5149887748168747
572.1399999996999,0.6310960429633667
572.1499999996998,0.4782708771344805
572.1599999996998,0.3890355451676397
572.1699999996997,0.6097551341961998
572.1799999996997,0.5853819287588466
572.1899999996997,0.3571283588741157
572.1999999996996,0.5252076262738575
572.2099999996996,0.6305764857714135
572.2199999996996,0.46675335016007663
572.2299999996995,0.3986267263785562
572.2399999996994,0.6146816638021947
572.2499999996994,0.5784074177925548
572.2599999996994,0.3520397324101889
572.2699999996993,0.5360849369645776
572.2799999996993,0.6294287332075096
572.2899999996993,0.45387416010044185
572.2999999996993,0.4100534079596268
572.3099999996991,0.6194671500119444
572.3199999996991,0.5700575431288966
572.3299999996991,0.34824087434667084
572.339999999699,0.5474461255166966
572.349999999699,0.627493043288068
572.359999999699,0.4397246179954878
572.369999999699,0.4233269628564735
572.3799999996988,0.6239505988556131
572.3899999996988,0.5601523412851467
572.3999999996988,0.3463302863266441
572.4099999996987,0.5590914595935377
572.4199999996987,0.6245907544154348
572.4299999996987,0.4244976802297736
572.4399999996987,0.4383676277641581
572.4499999996985,0.62795910463973
572.4599999996985,0.5485058076289977
572.4699999996985,0.3469363630978838
572.4799999996984,0.5708005108582613
572.4899999996984,0.6205224186040946
572.4999999996984,0.40852769502480235
572.5099999996984,0.4549970980844494
572.5199999996983,0.6313077230488601
572.5299999996982,0.5349370551168846
572.5399999996982,0.350661606936337
572.5499999996981,0.5823374966960134
572.5599999996981,0.6150657998277556
572.5699999996981,0.39233422475476676
572.5799999996981,0.47294071666468596
572.589999999698,0.633798581274914
572.599999999698,0.5192892523586797
572.609999999698,0.3580089877815846
572.6199999996978,0.5934567536865757
572.6299999996978,0.6079741632535727
572.6399999996978,0.37666219929774086
572.6499999996978,0.4918396936242901
572.6599999996977,0.6352190198057617
572.6699999996977,0.5014602337181495
572.6799999996977,0.3693000441334561
572.6899999996975,0.6039075279068311
572.6999999996975,0.5989757003270699
572.7099999996975,0.36250397139312573
572.7199999996975,0.5112718244876814
572.7299999996974,0.6353386137209331
572.7399999996974,0.4814496550641048
572.7499999996974,0.38460119934620846
572.7599999996972,0.6134373188691763
572.7699999996972,0.5877756417204744
572.7799999996972,0.35108171480231887
572.7899999996972,0.5307774349032712
572.7999999996971,0.633905022174533
572.8099999996971,0.45942770387509607
572.8199999996971,0.4036780037137096
572.829999999697,0.6217931535463661
572.8399999996969,0.5740637667737152
572.8499999996969,0.3437653739034473
572.8599999996969,0.5498862987492469
572.8699999996968,0.6306387978022745
572.8799999996968,0.4358280517453999
572.8899999996968,0.4259933372910843
572.8999999996967,0.6287203562568932
572.9099999996967,0.557531833630036
572.9199999996966,0.3419092058289537
572.9299999996966,0.5681413130355097
572.9399999996965,0.6252276229797997
572.9499999996965,0.41146016478253156
572.9599999996965,0.45075460295388853
572.9699999996964,0.6339585805003689
572.9799999996964,0.5379081131313956
572.9899999996964,0.3466152500393921
572.9999999996963,0.5851156544919219
573.0099999996962,0.617321058421259
573.0199999996962,0.3876197322281341
573.0299999996962,0.47700041830261125
573.0399999996961,0.6372350591868007
573.0499999996961,0.5150196344169663
573.0599999996961,0.3584721896775501
573.069999999696,0.6004215931131258
573.0799999996959,0.6065280242372276
573.0899999996959,0.366149395683936
573.0999999996959,0.5037057223513244
573.1099999996958,0.6382552247792579
573.1199999996958,0.48889597388551675
573.1299999996958,0.37735389878948705
573.1399999996958,0.6137106094657201
573.1499999996956,0.5924212709065076
573.1599999996956,0.3493727480918503
573.1699999996956,0.5298806925526901
573.1799999996955,0.6366911200150833
573.1899999996955,0.459928272891747
573.1999999996955,0.40236365446383826
573.2099999996955,0.6246655805708622
573.2199999996953,0.5745566169438657
573.2299999996953,0.33981814035917585
573.2399999996953,0.5546440779391523
573.2499999996952,0.6321685227421737
573.2599999996952,0.4290862723379977
573.2699999996952,0.43196154143754883
573.2799999996952,0.6329864024512799
573.289999999695,0.5525204242017716
573.299999999695,0.33970525155455844
573.309999999695,0.5772617898498442
573.3199999996949,0.6242547531843107
573.3299999996949,0.39816187606995623
573.3399999996949,0.46423519168101013
573.3499999996949,0.6383705651609987
573.3599999996948,0.5260269449257489
573.3699999996948,0.35030426027551714
573.3799999996947,0.5971517170529879
573.3899999996946,0.6124512841481964
573.3999999996946,0.36993842732457954
573.4099999996946,0.4972162376310588
573.4199999996946,0.6404901144760746
573.4299999996945,0.4950960058496704
573.4399999996945,0.3714289814276829
573.4499999996945,0.6138622149970056
573.4599999996943,0.5961995135674821
573.4699999996943,0.34809456858044596
573.4799999996943,0.5291414409158017
573.4899999996943,0.6389664807984352
573.4999999996942,0.4603429146866207
573.5099999996942,0.40134518537725483
573.5199999996942,0.6270337616974804
573.529999999694,0.5749159099829642
573.539999999694,0.33662203247901024
573.549999999694,0.5586008815268695
573.559999999694,0.6333453649175973
573.5699999996939,0.4233849153526201
573.5799999996939,0.4371801353206459
573.5899999996939,0.636352072040441
573.5999999996938,0.5480860084328517
573.6099999996937,0.33871371564564756
573.6199999996937,0.5845699814123363
573.6299999996937,0.6230761268074693
573.6399999996936,0.3872733964087273
573.6499999996936,0.47563523890471643
573.6599999996936,0.6414983851131282
573.6699999996935,0.5154655949606116
573.6799999996935,0.3555029843716545
573.6899999996934,0.6063572349817201
573.6999999996934,0.60750550662932
573.7099999996933,0.3566712019293867
573.7199999996933,0.5136670722389178
573.7299999996933,0.6421003358629565
573.7399999996932,0.47745381110321705
573.7499999996932,0.3853908543482793
573.7599999996932,0.6235080297380377
573.7699999996931,0.5859067518858104
573.779999999693,0.33729987139072365
573.789999999693,0.5488979719560665
573.799999999693,0.6376861039086471
573.8099999996929,0.43568463857760786
573.8199999996929,0.4244786381257173
573.8299999996929,0.6356961370455297
573.8399999996928,0.5575862919083866
573.8499999996927,0.3343136443122021
573.8599999996927,0.5797150485435566
573.8699999996927,0.627646858646165
573.8799999996926,0.3937532245205415
573.8899999996926,0.46786310275171356
573.8999999996926,0.6426206473393842
573.9099999996926,0.5221436695380789
573.9199999996924,0.3500546524643154
573.9299999996924,0.6051530511598798
573.9399999996924,0.6112204345751824
573.9499999996923,0.3576577903344177
573.9599999996923,0.5109991088394664
573.9699999996923,0.6439152029993368
573.9799999996923,0.4799961920278008
573.9899999996921,0.38263093964350137
573.9999999996921,0.6246841935471398
574.0099999996921,0.5875275217356126
574.019999999692,0.33510178576788896
574.029999999692,0.5504963898894328
574.039999999692,0.6390716224081754
574.049999999692,0.43326076608987774
574.0599999996919,0.42655182272779907
574.0699999996918,0.6380010018294833
574.0799999996918,0.5557281178168707
574.0899999996917,0.33294358446534894
574.0999999996917,0.5842527144930207
574.1099999996917,0.6273831478939714
574.1199999996917,0.38685589641051515
574.1299999996916,0.4749881243205382
574.1399999996916,0.6448308458197207
574.1499999996915,0.5154260012464007
574.1599999996914,0.35364168152305253
574.1699999996914,0.6111777172849446
574.1799999996914,0.6079273358605908
574.1899999996914,0.34904852618733734
574.1999999996913,0.5219991788198539
574.2099999996913,0.6447896731896633
574.2199999996913,0.4675087902556005
574.2299999996911,0.3934420616235345
574.2399999996911,0.6307917254342104
574.2499999996911,0.5796439661495771
574.2599999996911,0.32991047421733577
574.269999999691,0.5635817744890549
574.279999999691,0.6372720941300972
574.289999999691,0.4155378284879809
574.2999999996908,0.4441753165946002
574.3099999996908,0.642862553825552
574.3199999996908,0.5416336502159409
574.3299999996908,0.3368456271465895
574.3399999996907,0.5975904702568046
574.3499999996907,0.6213843714760654
574.3599999996907,0.36725088809379847
574.3699999996905,0.49707289726899123
574.3799999996905,0.6471296122206718
574.3899999996905,0.49391090593378056
574.3999999996905,0.36973627034693496
574.4099999996904,0.6231355441776029
574.4199999996904,0.5959615616496662
574.4299999996904,0.3344478752872832
574.4399999996903,0.5455766260640041
574.4499999996902,0.6431087348742764
574.4599999996902,0.43890184420681216
574.4699999996902,0.42050541199208435
574.4799999996901,0.6399409150175281
574.4899999996901,0.5597881839072447
574.4999999996901,0.3288084884856955
574.50999999969,0.5859928672228719
574.51999999969,0.6299653721134818
574.52999999969,0.3835975121631863
574.5399999996899,0.4778032981198187
574.5499999996898,0.6478528905242087
574.5599999996898,0.5122857236974803
574.5699999996898,0.35452624603757593
574.5799999996897,0.6167822485402312
574.5899999996897,0.6064790435980445
574.5999999996897,0.34075646932671616
574.6099999996896,0.5321619324487971
574.6199999996895,0.6465108529088631
574.6299999996895,0.4550903240560131
574.6399999996895,0.4046017350851739
574.6499999996894,0.6375453553719337
574.6599999996894,0.5712125504440829
574.6699999996894,0.3254973044469411
574.6799999996894,0.5780148707929833
574.6899999996892,0.6351412698783826
574.6999999996892,0.3947261241858455
574.7099999996892,0.4654608935657561
574.7199999996891,0.6482182828929773
574.7299999996891,0.5231824439582636
574.7399999996891,0.34600045096766463
574.7499999996891,0.6130397471378994
574.759999999689,0.6124715217552462
574.7699999996889,0.3449167705905563
574.7799999996889,0.524670557386062
574.7899999996888,0.6485539642866126
574.7999999996888,0.4635848359697187
574.8099999996888,0.3963392548662072
574.8199999996888,0.6366921098040081
574.8299999996887,0.5768736334295298
574.8399999996886,0.3238017350931043
574.8499999996886,0.5747650347153318
574.8599999996885,0.637816263206205
574.8699999996885,0.39903475338346445
574.8799999996885,0.46071057526198744
574.8899999996885,0.6489979711642445
574.8999999996884,0.5270873192646299
574.9099999996884,0.34266265596809725
574.9199999996883,0.6127122225773636
574.9299999996882,0.6146459556109323
574.9399999996882,0.34484210556082023
574.9499999996882,0.5238666309867677
574.9599999996882,0.6498027089878041
574.9699999996881,0.46424214260980096
574.9799999996881,0.3955494013597361
574.989999999688,0.6379009494426983
574.9999999996879,0.5772126270888273
575.0099999996879,0.3222043604026129
575.0199999996879,0.5767849882882046
575.0299999996879,0.6383552529674043
575.0399999996878,0.39586382405923815
575.0499999996878,0.46388811620741593
575.0599999996878,0.65047060300878
575.0699999996876,0.5240959610114542
575.0799999996876,0.34411752490011543
575.0899999996876,0.6160518361360869
575.0999999996876,0.6131387341156711
575.1099999996875,0.33998174647805585
575.1199999996875,0.5299895815294555
575.1299999996875,0.6503191249923614
575.1399999996873,0.4568573228936207
575.1499999996873,0.40247743625203325
575.1599999996873,0.6411675552634739
575.1699999996873,0.5720868477739107
575.1799999996872,0.3210137878169851
575.1899999996872,0.5840207849266132
575.1999999996872,0.6365906661470068
575.209999999687,0.38515550600439474
575.219999999687,0.47511874383469543
575.229999999687,0.652412161540662
575.239999999687,0.5138024513649829
575.2499999996869,0.3513543997635321
575.2599999996869,0.6227330916489007
575.2699999996869,0.6075040438303911
575.2799999996868,0.33130558057145437
575.2899999996868,0.5427312319538953
575.2999999996867,0.6496579038762058
575.3099999996867,0.4411000524835203
575.3199999996866,0.4177824802729446
575.3299999996866,0.6459557233772197
575.3399999996866,0.5607404723977746
575.3499999996865,0.3224768426701813
575.3599999996865,0.5957964679580963
575.3699999996865,0.6318050830495275
575.3799999996864,0.36765014248654265
575.3899999996863,0.49416575462746404
575.3999999996863,0.6540932845585842
575.4099999996863,0.4953272253212456
575.4199999996862,0.36650697196320325
575.4299999996862,0.6318562589340451
575.4399999996862,0.59667783823272
575.4499999996862,0.3217111938658865
575.459999999686,0.5611361177216363
575.469999999686,0.646848276983688
575.479999999686,0.416832740987172
575.4899999996859,0.4420347039335174
575.4999999996859,0.6512125250105862
575.5099999996859,0.5417997779388269
575.5199999996859,0.330670192690167
575.5299999996857,0.6108084239915643
575.5399999996857,0.6226825438549448
575.5499999996857,0.3456963632005188
575.5599999996856,0.5200800721312125
575.5699999996856,0.6542763475933706
575.5799999996856,0.4675620728957322
575.5899999996856,0.3919621532469681
575.5999999996855,0.6419865772148512
575.6099999996854,0.5789216368888244
575.6199999996854,0.31660732794801205
575.6299999996853,0.5835131504015795
575.6399999996853,0.6403476260465295
575.6499999996853,0.3850322053392472
575.6599999996853,0.47487275384234406
575.6699999996852,0.6553948468512938
575.6799999996852,0.5133773671734075
575.6899999996851,0.3506232282477159
575.699999999685,0.6271784990214264
575.709999999685,0.6072189146365621
575.719999999685,0.32465001714072644
575.729999999685,0.5508923210277747
575.7399999996849,0.6511873942314589
575.7499999996849,0.4299350777201486
575.7599999996849,0.42883781552120337
575.7699999996847,0.6512209007435907
575.7799999996847,0.5517997731407882
575.7899999996847,0.32376159682131816
575.7999999996847,0.6074783410897538
575.8099999996846,0.6279401046808495
575.8199999996846,0.34967468058287543
575.8299999996846,0.5142705479899871
575.8399999996844,0.6564733180912976
575.8499999996844,0.4735716556912713
575.8599999996844,0.3861147602026868
575.8699999996844,0.642573919053681
575.8799999996843,0.582607680550811
575.8899999996843,0.3140724097936164
575.8999999996843,0.5836205494038762
575.9099999996841,0.6424199863821933
575.9199999996841,0.38433387400159763
575.9299999996841,0.47546937870700684
575.9399999996841,0.6572383480328012
575.949999999684,0.5124132920741117
575.959999999684,0.35087008675290215
575.969999999684,0.6301638103338253
575.9799999996839,0.6065631241053487
575.9899999996838,0.3204161521656847
575.9999999996838,0.5564725361995211
576.0099999996838,0.6518540098260422
576.0199999996837,0.42210573759540915
576.0299999996837,0.4367465124997276
576.0399999996837,0.6543313356481629
576.0499999996836,0.545250812903728
576.0599999996836,0.32621560414868217
576.0699999996835,0.6146625141999801
576.0799999996835,0.6247249595372615
576.0899999996834,0.3388379838221244
576.0999999996834,0.5270798646214769
576.1099999996834,0.6572522693506585
576.1199999996833,0.45860932021747214
576.1299999996833,0.4005413590976217
576.1399999996833,0.6484762793816827
576.1499999996832,0.5721429109789625
576.1599999996831,0.313370165669773
576.1699999996831,0.5967538474031588
576.1799999996831,0.6381450505379209
576.189999999683,0.36444632832947704
576.199999999683,0.4966532073108981
576.209999999683,0.6594590251995289
576.219999999683,0.49151855105722553
576.2299999996828,0.369068582558143
576.2399999996828,0.6403210756400072
576.2499999996828,0.5937084439927391
576.2599999996827,0.3115234660011588
576.2699999996827,0.5771591316135981
576.2799999996827,0.6477608778741794
576.2899999996827,0.3929229879659819
576.2999999996825,0.4664909651866837
576.3099999996825,0.6591887646538286
576.3199999996825,0.5199436829325879
576.3299999996824,0.3438954430102125
576.3399999996824,0.6304716576727505
576.3499999996824,0.6107410053393889
576.3599999996824,0.31840269254776304
576.3699999996822,0.5566377805620419
576.3799999996822,0.654374727558788
576.3899999996822,0.4211773615068846
576.3999999996821,0.4378497877347421
576.4099999996821,0.6570599893355199
576.4199999996821,0.5438244225948473
576.4299999996821,0.32567254476370555
576.439999999682,0.6195114476422733
576.449999999682,0.6240279737838249
576.4599999996819,0.3311363775733891
576.4699999996818,0.5359650765374488
576.4799999996818,0.6586651192882539
576.4899999996818,0.4473406928420312
576.4999999996818,0.4117961648191553
576.5099999996817,0.6536207106663899
576.5199999996817,0.5635057915591876
576.5299999996816,0.31411881512868856
576.5399999996815,0.6080077513742397
576.5499999996815,0.6342784799413568
576.5599999996815,0.34698144427290056
576.5699999996815,0.5158936393432445
576.5799999996814,0.6612063260230018
576.5899999996814,0.4704723714334099
576.5999999996814,0.38908352493310483
576.6099999996812,0.6493647604797782
576.6199999996812,0.5794872881253369
576.6299999996812,0.30823470602740327
576.6399999996812,0.5965078065206538
576.6499999996811,0.642102890735313
576.6599999996811,0.3637191722612857
576.6699999996811,0.49710900536631347
576.679999999681,0.6624863817676495
576.6899999996809,0.4902314090415282
576.6999999996809,0.3700919797549377
576.7099999996809,0.6447399981658686
576.7199999996808,0.5922901428927428
576.7299999996808,0.30662508464236327
576.7399999996808,0.5855280066088868
576.7499999996807,0.6480137535786935
576.7599999996806,0.37975423401116154
576.7699999996806,0.48019125733467954
576.7799999996806,0.6629205146243904
576.7899999996805,0.5066163413106026
576.7999999996805,0.35484448556932013
576.8099999996805,0.6401502118135691
576.8199999996804,0.6023937074312745
576.8299999996804,0.3078052663422459
576.8399999996803,0.5755401808685494
576.8499999996803,0.6524338212273869
576.8599999996802,0.39404063231545045
576.8699999996802,0.46559257585247366
576.8799999996802,0.6628597192335071
576.8899999996801,0.5197894125012129
576.8999999996801,0.3430866252665036
576.90999999968,0.6359526851087018
576.9199999996799,0.6102085886798381
576.9299999996799,0.3104166124175545
576.9399999996799,0.5669584679255247
576.9499999996799,0.6557048890263684
576.9599999996798,0.40594449926282866
576.9699999996798,0.4536354205665178
576.9799999996798,0.6625952636452832
576.9899999996796,0.5299682425263608
576.9999999996796,0.33440087011812036
577.0099999996796,0.6324532828539434
577.0199999996796,0.6160677322747097
577.0299999996795,0.3133393545996156
577.0399999996795,0.5601292487534748
577.0499999996795,0.6580951088863705
577.0599999996793,0.4151077893358875
577.0699999996793,0.444529765494558
577.0799999996793,0.6623602545525162
577.0899999996793,0.5373630594960691
577.0999999996792,0.32832489343514076
577.1099999996792,0.6299005980412172
577.1199999996792,0.6202253609696188
577.1299999996791,0.3157273164768063
577.139999999679,0.5553250720483144
577.149999999679,0.6598042348968539
577.159999999679,0.4213389288672029
577.1699999996789,0.43840269768744916
577.1799999996789,0.6623293793194808
577.1899999996789,0.5421418973851536
577.1999999996788,0.32445278737726374
577.2099999996788,0.628480292511803
577.2199999996787,0.6228586527498016
577.2299999996787,0.3169993025021884
577.2399999996786,0.5527419926172876
577.2499999996786,0.6609669865783186
577.2599999996786,0.42453539180270156
577.2699999996785,0.43533114419784386
577.2799999996785,0.6626177896389385
577.2899999996785,0.5444118792524029
577.2999999996784,0.32250983415244666
577.3099999996783,0.6283103546188772
577.3199999996783,0.6240696963782468
577.3299999996783,0.3168165765147477
577.3399999996782,0.5524987314072748
577.3499999996782,0.6616549307622346
577.3599999996782,0.42463486086356683
577.3699999996782,0.4353686200524234
577.379999999678,0.663279875968075
577.389999999678,0.5442093267540743
577.399999999678,0.32239986254270747
577.4099999996779,0.6294376848844155
577.4199999996779,0.6238865873580687
577.4299999996779,0.3150660200342994
577.4399999996779,0.5546358494837974
577.4499999996777,0.6618772465452382
577.4599999996777,0.4215903577893937
577.4699999996777,0.438558935468332
577.4799999996776,0.664308443742669
577.4899999996776,0.5414946814131029
577.4999999996776,0.32422719045266934
577.5099999996776,0.6318362496756695
577.5199999996775,0.6222631377453619
577.5299999996774,0.31185972699197717
577.5399999996774,0.5591137273578283
577.5499999996773,0.6615805768971847
577.5599999996773,0.4153666612724674
577.5699999996773,0.44493290181127837
577.5799999996773,0.665634554820322
577.5899999996772,0.5361505054930298
577.5999999996772,0.32829367505672286
577.6099999996771,0.6354069874040232
577.619999999677,0.6190769274804835
577.629999999677,0.3075548410599866
577.639999999677,0.5658093031118634
577.649999999677,0.6606479471081194
577.6599999996769,0.405958584581906
577.6699999996769,0.45448772963066636
577.6799999996769,0.6671280372447196
577.6899999996767,0.5279827120960068
577.6999999996767,0.3350678371551964
577.7099999996767,0.6399796241737755
577.7199999996767,0.6141255527663223
577.7299999996766,0.30279077406246735
577.7399999996766,0.5745128185135576
577.7499999996766,0.6588964778463675
577.7599999996764,0.3934354220478863
577.7699999996764,0.46715281199066216
577.7799999996764,0.6685983830196609
577.7899999996764,0.5167272552060372
577.7999999996763,0.345120393509107
577.8099999996763,0.6453164424593146
577.8199999996763,0.6071211157283131
577.8299999996761,0.2985320836477627
577.8399999996761,0.5849267463715042
577.8499999996761,0.6560733660604874
577.8599999996761,0.3780193429573868
577.869999999676,0.482749587978552
577.879999999676,0.6697954397595643
577.889999999676,0.5020674849840634
577.8999999996759,0.35902213962196916
577.9099999996758,0.6511177630759301
577.9199999996758,0.5976834868349323
577.9299999996758,0.2960923701239793
577.9399999996757,0.5966691978326366
577.9499999996757,0.6518493889926981
577.9599999996757,0.36020691171652003
577.9699999996756,0.5009562615600504
577.9799999996756,0.6704089616995637
577.9899999996755,0.48367209078633866
577.9999999996755,0.3772087620659563
578.0099999996754,0.6570284301191299
578.0199999996754,0.5853340521240344
578.0299999996754,0.29709886827776005
578.0399999996753,0.6092832390958247
578.0499999996753,0.6458090821802704
578.0599999996753,0.34093785633289764
578.0699999996752,0.5212888309522652
578.0799999996751,0.6700657365086271
578.0899999996751,0.4612708885537382
578.0999999996751,0.3998328127132087
578.109999999675,0.6626439957291865
578.119999999675,0.5694942676436174
578.129999999675,0.3033474186550474
578.139999999675,0.6222518384980833
578.1499999996748,0.6374369229183476
578.1599999996748,0.3217952047969984
578.1699999996748,0.5431068508664258
578.1799999996747,0.6683226808127001
578.1899999996747,0.43479576128879466
578.1999999996747,0.42664007081130323
578.2099999996747,0.6675147027385187
578.2199999996745,0.5494987438573032
578.2299999996745,0.3165112704920229
578.2399999996745,0.6350161212903377
578.2499999996744,0.6260997014796235
578.2599999996744,0.30517482827499287
578.2699999996744,0.5656456258229693
578.2799999996744,0.6646540623986132
578.2899999996743,0.40462348338773696
578.2999999996742,0.4569144032510088
578.3099999996742,0.6711448705148892
578.3199999996741,0.5246431068866323
578.3299999996741,0.337724359301235
578.3399999996741,0.6469928913662596
578.3499999996741,0.6110276473976928
578.359999999674,0.29428861601198425
578.369999999674,0.5880681457804718
578.3799999996739,0.6584310072316879
578.3899999996738,0.3719526873809496
578.3999999996738,0.4895212005000237
578.4099999996738,0.6729849605386342
578.4199999996738,0.49430581087277137
578.4299999996737,0.3671551868010772
578.4399999996737,0.6575865052234401
578.4499999996737,0.591302678773807
578.4599999996735,0.2928027462386366
578.4699999996735,0.6095233913236565
578.4799999996735,0.6488920703889793
578.4899999996735,0.33929519139518194
578.4999999996734,0.5230451555048653
578.5099999996734,0.6724134307598215
578.5199999996734,0.4582124106132967
578.5299999996732,0.40376326885288866
578.5399999996732,0.666190270243453
578.5499999996732,0.5658752514024799
578.5599999996732,0.30397001227156234
578.5699999996731,0.6291954380902199
578.5799999996731,0.6351059077604273
578.5899999996731,0.31090733141031973
578.599999999673,0.5559802694032057
578.6099999996729,0.6687055135450624
578.6199999996729,0.4169413706052647
578.6299999996729,0.44539831192399165
578.6399999996728,0.6721732584152178
578.6499999996728,0.5336589361856213
578.6599999996728,0.3294117457635294
578.6699999996727,0.6463305363710107
578.6799999996726,0.6159335325484104
578.6899999996726,0.29271390275527803
578.6999999996726,0.5869108752906879
578.7099999996725,0.660986602011939
578.7199999996725,0.37275345277336525
578.7299999996725,0.48923968125684636
578.7399999996724,0.674849215615125
578.7499999996724,0.49380432637864297
578.7599999996723,0.36814106112717654
578.7699999996723,0.6602349744382614
578.7799999996722,0.5900143163903672
578.7899999996722,0.2910942733482215
578.7999999996722,0.6146321451232154
578.8099999996721,0.6481702845018034
578.8199999996721,0.33062611528494323
578.829999999672,0.5323874842588454
578.839999999672,0.6734246953387474
578.8499999996719,0.44633311019208677
578.8599999996719,0.4165376708686836
578.8699999996719,0.6702419358067402
578.8799999996718,0.5558398517456556
578.8899999996718,0.31036467608029356
578.8999999996718,0.638187227264366
578.9099999996718,0.6288890226535296
578.9199999996716,0.2987974611899294
578.9299999996716,0.5723555345909163
578.9399999996716,0.6669239637676502
578.9499999996715,0.39336091476535595
578.9599999996715,0.46942972534861266
578.9699999996715,0.6756483868397832
578.9799999996715,0.5120662951284795
578.9899999996713,0.35016544537155203
578.9999999996713,0.6568265674679044
579.0099999996713,0.6014490407436328
579.0199999996712,0.28735454532724325
579.0299999996712,0.6073124186839308
579.0399999996712,0.6540907255266463
579.0499999996712,0.34090024661827173
579.059999999671,0.5216380521823685
579.069999999671,0.6756227675333466
579.079999999671,0.4583689810665252
579.0899999996709,0.4049183139926233
579.0999999996709,0.6699095722497168
579.1099999996709,0.5639040947384187
579.1199999996709,0.3038371913236956
579.1299999996708,0.6360663819918448
579.1399999996707,0.6332780472774773
579.1499999996707,0.3001811938179475
579.1599999996706,0.5691205945521485
579.1699999996706,0.6690825929119273
579.1799999996706,0.39728269014308987
579.1899999996706,0.46613129486100385
579.1999999996705,0.676767941759352
579.2099999996705,0.5144927539366552
579.2199999996704,0.348031270126084
579.2299999996703,0.6578818288651489
579.2399999996703,0.6023768158176004
579.2499999996703,0.28562043636095247
579.2599999996703,0.6093334158559136
579.2699999996702,0.6545431596886443
579.2799999996702,0.33709607437519556
579.2899999996702,0.5257397560864469
579.29999999967,0.6765400962696168
579.30999999967,0.45296815454464634
579.31999999967,0.41102006104593036
579.32999999967,0.6722232656667497
579.3399999996699,0.5589472478784135
579.3499999996699,0.3071919239945567
579.3599999996699,0.6409769613230006
579.3699999996697,0.6299585728935773
579.3799999996697,0.29377800332170445
579.3899999996697,0.5781727005012985
579.3999999996697,0.6679761763835917
579.4099999996696,0.38359064096197726
579.4199999996696,0.48004370895875087
579.4299999996696,0.6784832227690927
579.4399999996695,0.5010038995114995
579.4499999996694,0.3620578080330832
579.4599999996694,0.6634825760266357
579.4699999996694,0.5926543573078538
579.4799999996693,0.2864308898297072
579.4899999996693,0.6205550163372128
579.4999999996693,0.649216109899488
579.5099999996692,0.31957193099122
579.5199999996692,0.5444192612933076
579.5299999996691,0.6757065393301868
579.5399999996691,0.42943045905452276
579.549999999669,0.43539359398988303
579.559999999669,0.6764876496038059
579.569999999669,0.5396909014985979
579.5799999996689,0.3238535324235811
579.5899999996689,0.6518544112329513
579.5999999996689,0.6175915013608764
579.6099999996688,0.2841069880950505
579.6199999996687,0.5980311982371062
579.6299999996687,0.662299383606773
579.6399999996687,0.35314660474488985
579.6499999996686,0.5101439523942629
579.6599999996686,0.6793815836026345
579.6699999996686,0.4695905134967261
579.6799999996686,0.3950142957844688
579.6899999996684,0.6718501324678362
579.6999999996684,0.5696914177925202
579.7099999996684,0.2983970585520562
579.7199999996683,0.6385656761602617
579.7299999996683,0.6357328015320486
579.7399999996683,0.29477647127993345
579.7499999996683,0.5748872266747388
579.7599999996681,0.6709012069584728
579.7699999996681,0.38721543998666097
579.7799999996681,0.4774434364872646
579.789999999668,0.680303152447479
579.799999999668,0.5025029857039093
579.809999999668,0.36126507138471003
579.819999999668,0.6656911143428095
579.8299999996678,0.5923979813689877
579.8399999996678,0.2847764361642441
579.8499999996678,0.6247981221581151
579.8599999996677,0.6487371456976315
579.8699999996677,0.3121576752079944
579.8799999996677,0.5526056594027067
579.8899999996677,0.6763359803803094
579.8999999996676,0.41765859552306767
579.9099999996675,0.4481560752062773
579.9199999996675,0.6795265240034989
579.9299999996674,0.5282970701235578
579.9399999996674,0.3351802206952218
579.9499999996674,0.659003938639476
579.9599999996674,0.6092293931154892
579.9699999996673,0.2800954752088716
579.9799999996673,0.6116749915687774
579.9899999996672,0.6579107304823572
579.9999999996671,0.3311007646312382
580.0099999996671,0.5325627833731702
580.0199999996671,0.6796233223618965
580.0299999996671,0.4426584709948752
580.039999999667,0.4236291625842472
580.049999999667,0.6779180502549855
580.059999999667,0.5477235354121994
580.0699999996668,0.31649882995388506
580.0799999996668,0.6526651070738679
580.0899999996668,0.6213864403935672
580.0999999996668,0.2807994062189154
580.1099999996667,0.6002181027828936
580.1199999996667,0.6642471800949674
580.1299999996667,0.3481471880050103
580.1399999996665,0.5159256915471297
580.1499999996665,0.6815482717872544
580.1599999996665,0.4616853326882249
580.1699999996665,0.4046392395531496
580.1799999996664,0.6761807655260175
580.1899999996664,0.5616254532664819
580.1999999996664,0.30410141416299646
580.2099999996663,0.6474201281496211
580.2199999996662,0.6297950703048684
580.2299999996662,0.2836770312088683
580.2399999996662,0.5912959182888493
580.2499999996661,0.6684759521895031
580.2599999996661,0.36127089842487453
580.2699999996661,0.5035906963966078
580.279999999666,0.6826972277258565
580.289999999666,0.4747807687360558
580.2999999996659,0.3914856514797318
580.3099999996659,0.6748591151312746
580.3199999996658,0.5707120191244865
580.3299999996658,0.29659121950329814
580.3399999996658,0.6438579398677867
580.3499999996657,0.6351128464966327
580.3599999996657,0.28632845737554696
580.3699999996657,0.5855783937080616
580.3799999996656,0.6710995400738744
580.3899999996655,0.36940071977373334
580.3999999996655,0.49617474180309407
580.4099999996655,0.683476046837148
580.4199999996654,0.482143849193312
580.4299999996654,0.38419507171160405
580.4399999996654,0.6743327791468143
580.4499999996654,0.5754737624033053
580.4599999996652,0.29279327781398606
580.4699999996652,0.6423840908196653
580.4799999996652,0.6377490967935701
580.4899999996651,0.28725588939416763
580.4999999996651,0.5835057970359612
580.5099999996651,0.6724171691047077
580.5199999996651,0.37201902142339366
580.5299999996649,0.4940430262039822
580.5399999996649,0.6841173521650087
580.5499999996649,0.4839183613206612
580.5599999996648,0.38273899577400916
580.5699999996648,0.6748074679312879
580.5799999996648,0.5761549273119275
580.5899999996648,0.29207969301387887
580.5999999996646,0.6431994565823813
580.6099999996646,0.6378810939495843
580.6199999996646,0.2858100100554106
580.6299999996645,0.5852705184550132
580.6399999996645,0.6725373745265568
580.6499999996645,0.36891848057834314
580.6599999996645,0.497340229812982
580.6699999996644,0.6846826183246556
580.6799999996643,0.48009605410860956
580.6899999996643,0.38717894309226497
580.6999999996642,0.6763081777474453
580.7099999996642,0.5727442024963821
580.7199999996642,0.29452806813833815
580.7299999996642,0.6462882912366075
580.7399999996641,0.635460711561177
580.749999999664,0.2821531837493974
580.759999999664,0.5908074588672168
580.7699999996639,0.6713819200768367
580.7799999996639,0.3601198168073669
580.7899999996639,0.5059963013530926
580.7999999996639,0.6850623984889744
580.8099999996638,0.47048975469785626
580.8199999996638,0.3976889112565668
580.8299999996638,0.678677958040884
580.8399999996636,0.5649682390117285
580.8499999996636,0.30093749711751144
580.8599999996636,0.6514175013806576
580.8699999996636,0.630209761171781
580.8799999996635,0.27730842239676906
580.8899999996635,0.5997910127632015
580.8999999996635,0.668681900171042
580.9099999996633,0.3459491661566301
580.9199999996633,0.5196971046761582
580.9299999996633,0.6849755734471941
580.9399999996633,0.45476642486830904
580.9499999996632,0.4144424179819236
580.9599999996632,0.6815827809828623
580.9699999996632,0.5522855556814514
580.979999999663,0.3126909903014289
580.989999999663,0.6581478056849555
580.999999999663,0.6216030102442691
581.009999999663,0.2732780680845564
581.0199999996629,0.6116420522983067
581.0299999996629,0.6639646691199322
581.0399999996629,0.3272934403282799
581.0499999996628,0.5378355682154593
581.0599999996628,0.6839658564264499
581.0699999996627,0.4325665213535266
581.0799999996627,0.4373922985216337
581.0899999996626,0.6845204944787476
581.0999999996626,0.533891038077802
581.1099999996626,0.33141765128239975
581.1199999996625,0.6658557882050375
581.1299999996625,0.6088387876217908
581.1399999996625,0.27311586724582537
581.1499999996624,0.6255515833573312
581.1599999996623,0.656528027921922
581.1699999996623,0.3060552760207407
581.1799999996623,0.559478033172965
581.1899999996622,0.6813910337387689
581.1999999996622,0.40378140494355963
581.2099999996622,0.46601864215467054
581.2199999996622,0.6868289748924123
581.229999999662,0.5087633838792034
581.239999999662,0.35843253654255314
581.249999999662,0.6737628585032207
581.2599999996619,0.590801606098638
581.2699999996619,0.2807129029155884
581.2799999996619,0.6405248842402779
581.2899999996619,0.6453966406589488
581.2999999996617,0.2857551176630421
581.3099999996617,0.5833817144989626
581.3199999996617,0.6763976604237921
581.3299999996616,0.3691148723633191
581.3399999996616,0.49915750742173537
581.3499999996616,0.6876855355106865
581.3599999996616,0.4758345420196615
581.3699999996614,0.3940581959775383
581.3799999996614,0.6809629288086995
581.3899999996614,0.566036559129231
581.3999999996613,0.2999993987926969
581.4099999996613,0.6554409137572965
581.4199999996613,0.6292569778133907
581.4299999996613,0.27198315906089376
581.4399999996612,0.6080780176186741
581.4499999996611,0.6678715059814753
581.4599999996611,0.3310714653748851
581.469999999661,0.5350129073478604
581.479999999661,0.6860865793939662
581.489999999661,0.4344521001840722
581.499999999661,0.4371105424368497
581.5099999996609,0.6864363197626245
581.5199999996609,0.532798280576392
581.5299999996608,0.3334911684061077
581.5399999996607,0.6691108625636251
581.5499999996607,0.6063771990203874
581.5599999996607,0.2719785037915462
581.5699999996607,0.632001894516118
581.5799999996606,0.65435327927586
581.5899999996606,0.2953138467432229
581.5999999996606,0.5713751811175692
581.6099999996604,0.6807936090798175
581.6199999996604,0.38544342958930056
581.6299999996604,0.48488258948892093
581.6399999996604,0.6890341101495691
581.6499999996603,0.4893444764031755
581.6599999996603,0.38074417383561365
581.6699999996603,0.6803125161468433
581.6799999996601,0.5745545843870689
581.6899999996601,0.2924509847682013
581.6999999996601,0.6536193599015929
581.7099999996601,0.6339149554424189
581.71999999966,0.2715615300630923
581.72999999966,0.6059574377764558
581.73999999966,0.6702296440831138
581.7499999996598,0.3331261851319089
581.7599999996598,0.5337247025510435
581.7699999996598,0.6874148829503821
581.7799999996598,0.4348711749332699
581.7899999996597,0.437836344140969
581.7999999996597,0.687776123908134
581.8099999996597,0.5312414537654268
581.8199999996596,0.33588684721514117
581.8299999996595,0.671499825803896
581.8399999996595,0.6040211871341832
581.8499999996595,0.2719054535373988
581.8599999996594,0.63669791152144
581.8699999996594,0.6523124937166052
581.8799999996594,0.28791802918188547
581.8899999996593,0.5799309311731193
581.8999999996593,0.6799137822811677
581.9099999996592,0.37180299727087307
581.9199999996592,0.49854007184460863
581.9299999996591,0.6901001180612889
581.9399999996591,0.4742830680427934
581.9499999996591,0.3979313458149126
581.959999999659,0.6842957068807839
581.969999999659,0.5615054220698268
581.979999999659,0.30472036981426653
581.989999999659,0.6619036660970301
581.9999999996588,0.6242343869534861
582.0099999996588,0.26672788722154184
582.0199999996588,0.6204591150208661
582.0299999996587,0.6643236709512359
582.0399999996587,0.30990789987058726
582.0499999996587,0.5564786553658027
582.0599999996587,0.685575900837205
582.0699999996585,0.40427015028958907
582.0799999996585,0.4687909438745126
582.0899999996585,0.6906120034389743
582.0999999996584,0.5031145274818589
582.1099999996584,0.36747605105915804
582.1199999996584,0.6801934586295474
582.1299999996584,0.5823007522079588
582.1399999996582,0.2857812847020113
582.1499999996582,0.6531896393942206
582.1599999996582,0.6375859182628805
582.1699999996581,0.2696596496662889
582.1799999996581,0.6068200061497909
582.1899999996581,0.6718984176406492
582.1999999996581,0.32987682865907564
582.209999999658,0.5378220483470614
582.219999999658,0.688755878458321
582.2299999996579,0.42788362229265964
582.2399999996578,0.44658817319575916
582.2499999996578,0.6902625214521495
582.2599999996578,0.5223127257023509
582.2699999996578,0.3469484791368301
582.2799999996577,0.6767349884839247
582.2899999996577,0.5954942226785249
582.2999999996576,0.2756873343851952
582.3099999996575,0.6467293826794046
582.3199999996575,0.6457509214467829
582.3299999996575,0.27447407860554174
582.3399999996575,0.5973504962430947
582.3499999996574,0.6763468911532944
582.3599999996574,0.3436587495543661
582.3699999996574,0.5256378373717314
582.3799999996572,0.6905003142784898
582.3899999996572,0.4420594368303682
582.3999999996572,0.43313139838906856
582.4099999996572,0.6899717273325396
582.4199999996571,0.5329593723626355
582.4299999996571,0.3357389801711241
582.4399999996571,0.6748314148103194
582.4499999996569,0.6023679265173704
582.4599999996569,0.27111183044292975
582.4699999996569,0.6435109906060851
582.4799999996569,0.6497691778378538
582.4899999996568,0.27714509540762305
582.4999999996568,0.5931387335922669
582.5099999996568,0.678455926362084
582.5199999996566,0.3493373128963022
582.5299999996566,0.5209771900048045
582.5399999996566,0.6914298554436783
582.5499999996566,0.4468433314165941
582.5599999996565,0.4289674537955731
582.5699999996565,0.6902773592396676
582.5799999996565,0.5357487183861277
582.5899999996564,0.33314867641036033
582.5999999996563,0.674997521534953
582.6099999996563,0.6035844041430105
582.6199999996563,0.2700731216185899
582.6299999996562,0.6440576210479935
582.6399999996562,0.6501225432825645
582.6499999996562,0.27584008977509744
582.6599999996561,0.5947047853497759
582.669999999656,0.6785527402621188
582.679999999656,0.3462215011746978
582.689999999656,0.524276171943221
582.6999999996559,0.6917661899356942
582.7099999996559,0.4422462716850374
582.7199999996559,0.4343018355638662
582.7299999996558,0.6913281597529306
582.7399999996558,0.5308147426113172
582.7499999996558,0.33910296962902475
582.7599999996557,0.6773188065043229
582.7699999996556,0.5991982455222901
582.7799999996556,0.27250177879554105
582.7899999996556,0.6483792760721802
582.7999999996555,0.6467729773717964
582.8099999996555,0.27072841880590326
582.8199999996555,0.6019600064434688
582.8299999996555,0.676528659670558
582.8399999996553,0.33441429406765516
582.8499999996553,0.5353670335829368
582.8599999996553,0.6913392642916468
582.8699999996552,0.42804385378813153
582.8799999996552,0.44910735197247287
582.8899999996552,0.6928806261072614
582.8999999996552,0.5176867104512078
582.909999999655,0.35430975042817875
582.919999999655,0.6814447629898048
582.929999999655,0.5886490564356883
582.9399999996549,0.2803225063285943
582.9499999996549,0.6559687004561849
582.9599999996549,0.6391553729402102
582.9699999996549,0.2640823757039991
582.9799999996548,0.6142038717241861
582.9899999996547,0.6718299956339004
582.9999999996547,0.31501749582715705
583.0099999996546,0.5534402697237096
583.0199999996546,0.689582230974396
583.0299999996546,0.4039296606269556
583.0399999996546,0.47293466545961405
583.0499999996545,0.6943048943788092
583.0599999996545,0.49532415980014133
583.0699999996544,0.3797952991831563
583.0799999996543,0.686612149074749
583.0899999996543,0.57072493583694
583.0999999996543,0.2970423164677786
583.1099999996543,0.6658440901860424
583.1199999996542,0.6261217079231765
583.1299999996542,0.2606270810397444
583.1399999996542,0.6301668281300044
583.149999999654,0.6634114236505777
583.159999999654,0.29101393634636086
583.169999999654,0.5769989626303381
583.179999999654,0.6855073298498602
583.1899999996539,0.37015143098361214
583.1999999996539,0.5045454866757569
583.2099999996539,0.6945908389620339
583.2199999996537,0.46232508920957177
583.2299999996537,0.41593268156408564
583.2399999996537,0.69168780179903
583.2499999996537,0.5435298282806248
583.2599999996536,0.326542308489925
583.2699999996536,0.6766315040461297
583.2799999996536,0.6058345115699415
583.2899999996534,0.26750718732587786
583.2999999996534,0.6481159652668487
583.3099999996534,0.6496354429643261
583.3199999996534,0.2687257120429001
583.3299999996533,0.60390596776108
583.3399999996533,0.6776411779989955
583.3499999996533,0.32899910333163174
583.3599999996532,0.5416554694531238
583.3699999996531,0.6923302933935833
583.3799999996531,0.41762844789030934
583.3899999996531,0.4613894707694883
583.399999999653,0.6952047784628728
583.409999999653,0.5045945522540627
583.419999999653,0.3709683319379729
583.4299999996529,0.6866620233067506
583.4399999996529,0.5756362948362473
583.4499999996528,0.2926357993845878
583.4599999996528,0.6660162260314272
583.4699999996527,0.628097767740216
583.4799999996527,0.25889324435754385
583.4899999996527,0.6315875350593732
583.4999999996526,0.6638842794947827
583.5099999996526,0.28748470340782745
583.5199999996526,0.5810577995374694
583.5299999996525,0.6856357788189242
583.5399999996524,0.3624334512391781
583.5499999996524,0.5126973912723632
583.5599999996524,0.6953491680564368
583.5699999996523,0.451572578452694
583.5799999996523,0.4286085959131803
583.5899999996523,0.6940361168649798
583.5999999996523,0.5320510386025273
583.6099999996521,0.340661288320145
583.6199999996521,0.6816931026807657
583.6299999996521,0.5953915557652445
583.639999999652,0.27470827394560915
583.649999999652,0.6573398454941259
583.659999999652,0.6412550127739912
583.669999999652,0.2601615049690451
583.6799999996518,0.6191439611498843
583.6899999996518,0.6719413442229513
583.6999999996518,0.30431769151557553
583.7099999996517,0.5648994721603361
583.7199999996517,0.6898391579513389
583.7299999996517,0.3846628978455703
583.7399999996517,0.493525783146095
583.7499999996515,0.6965895247794566
583.7599999996515,0.4715149451598606
583.7699999996515,0.4086559687467508
583.7799999996514,0.6929071379063089
583.7899999996514,0.547001064556238
583.7999999996514,0.3243240323078606
583.8099999996514,0.6785825853192515
583.8199999996513,0.6055230207355421
583.8299999996512,0.26703260601626666
583.8399999996512,0.6525261373196999
583.8499999996511,0.6476269292216911
583.8599999996511,0.2625401290342969
583.8699999996511,0.612910299215067
583.879999999651,0.6756228494363442
583.889999999651,0.31267733925618374
583.899999999651,0.5576908537892739
583.909999999651,0.6916833034735042
583.9199999996508,0.39361198587219304
583.9299999996508,0.48614540262916445
583.9399999996508,0.6972456111210964
583.9499999996507,0.47819493764568544
583.9599999996507,0.40235930660370517
583.9699999996507,0.6928959460249026
583.9799999996507,0.5510049152104071
583.9899999996505,0.3203917788908911
583.9999999996505,0.6783808845122072
584.0099999996505,0.6074770149678995
584.0199999996504,0.2655463640891315
584.0299999996504,0.6526493058171664
584.0399999996504,0.6483196503533571
584.0499999996504,0.2616381132439191
584.0599999996502,0.6139837533397564
584.0699999996502,0.6757275398549946
584.0799999996502,0.3101160586260268
584.0899999996501,0.560465926389878
584.0999999996501,0.691743835989291
584.1099999996501,0.38877295899125924
584.1199999996501,0.49132163128402967
584.12999999965,0.6977397965440163
584.13999999965,0.47192033640034364
584.1499999996499,0.4099453796286012
584.1599999996498,0.6943126687200796
584.1699999996498,0.5444357573986425
584.1799999996498,0.32850836890428137
584.1899999996498,0.6812967447454846
584.1999999996497,0.6014548787832
584.2099999996497,0.2698129147980354
584.2199999996496,0.6577984699922657
584.2299999996495,0.6433535559604767
584.2399999996495,0.25750486834243747
584.2499999996495,0.6222939191721366
584.2599999996495,0.6721358526477101
584.2699999996494,0.296941416751976
584.2799999996494,0.5729693785274979
584.2899999996494,0.6897903368027195
584.2999999996492,0.3701170427886231
584.3099999996492,0.5087182645884236
584.3199999996492,0.6977337872843627
584.3299999996492,0.4521427621381411
584.3399999996491,0.43146183810774064
584.3499999996491,0.6966865819919983
584.3599999996491,0.526392862020404
584.3699999996489,0.3500616469730495
584.3799999996489,0.686675646256904
584.3899999996489,0.5864101895690097
584.3999999996489,0.2833075840852582
584.4099999996488,0.667062040715357
584.4199999996488,0.6316581921666707
584.4299999996488,0.25476409628915453
584.4399999996486,0.6366003242910363
584.4499999996486,0.6637924196108673
584.4599999996486,0.2766032191004739
584.4699999996486,0.5936391883037895
584.4799999996485,0.6847674815832565
584.4899999996485,0.338612147140647
584.4999999996485,0.5367341404549137
584.5099999996484,0.6961228429652117
584.5199999996483,0.41778490734037926
584.5299999996483,0.46617022346677917
584.5399999996483,0.6987879830570827
584.5499999996482,0.49477230765994795
584.5599999996482,0.38689600018781795
584.5699999996482,0.6930633181877562
584.5799999996481,0.5599583597409933
584.5899999996481,0.3120748955071463
584.599999999648,0.6786411439590531
584.609999999648,0.6109225611851878
584.6199999996479,0.26276966370990107
584.6299999996479,0.6546389807822836
584.6399999996479,0.6485608863491404
584.6499999996478,0.2577305044121079
584.6599999996478,0.6196929909397421
584.6699999996478,0.6746882196786997
584.6799999996477,0.2986542159687147
584.6899999996476,0.5722583393186805
584.6999999996476,0.6909862144261757
584.7099999996476,0.3688051559093474
584.7199999996475,0.511424214504466
584.7299999996475,0.6986499944285172
584.7399999996475,0.4468446033176767
584.7499999996475,0.43871345692654
584.7599999996473,0.6983125225281598
584.7699999996473,0.5183524875586071
584.7799999996473,0.3610629168317527
584.7899999996472,0.6900522980756951
584.7999999996472,0.5773227529041729
584.8099999996472,0.29339599732168903
584.8199999996472,0.6734159438464071
584.829999999647,0.6229063357062701
584.839999999647,0.2559228540736545
584.849999999647,0.6474557346362249
584.8599999996469,0.6563653961646491
584.8699999996469,0.26272867591386995
584.8799999996469,0.6108418056283557
584.8899999996469,0.6794073908386329
584.8999999996468,0.3105343997240161
584.9099999996467,0.5621984945068371
584.9199999996467,0.6934951860953671
584.9299999996466,0.3816911649656254
584.9399999996466,0.5009527548799556
584.9499999996466,0.6996289994048692
584.9599999996466,0.4572669986465959
584.9699999996465,0.4290842392621416
584.9799999996465,0.6983088009453174
584.9899999996464,0.5253965137746421
584.9999999996463,0.35380396892419924
585.0099999996463,0.6895476438359472
585.0199999996463,0.5814193660463234
585.0299999996463,0.2895008269847298
585.0399999996462,0.6728927780572687
585.0499999996462,0.624882768363789
585.0599999996462,0.25470994360536264
585.069999999646,0.6474604440345911
585.079999999646,0.6570225918002658
585.089999999646,0.26181271568801967
585.099999999646,0.6120365390079717
585.1099999996459,0.6794105230188611
585.1199999996459,0.3075754981776842
585.1299999996459,0.5653663299624325
585.1399999996457,0.6933903233884021
585.1499999996457,0.3759600226613494
585.1599999996457,0.5068645795661321
585.1699999996457,0.6998969275378569
585.1799999996456,0.44947660372327225
585.1899999996456,0.43806018028394594
585.1999999996456,0.6994250448040598
585.2099999996454,0.5167268892746066
585.2199999996454,0.36484230089221564
585.2299999996454,0.6920414849475462
585.2399999996454,0.5728818957795799
585.2499999996453,0.2993591734837471
585.2599999996453,0.6774039318667907
585.2699999996453,0.6171662323604741
585.2799999996452,0.2583218011957544
585.2899999996451,0.6547870610936831
585.2999999996451,0.6505641000071399
585.3099999996451,0.25507953885508783
585.319999999645,0.623150216465533
585.329999999645,0.6745102989089468
585.339999999645,0.2903438774358574
585.3499999996449,0.5813293698247626
585.3599999996449,0.6903084126535086
585.3699999996448,0.3517654812833664
585.3799999996448,0.5285125279609906
585.3899999996447,0.698925701693108
585.3999999996447,0.42281893094293177
585.4099999996447,0.46523865241617374
585.4199999996446,0.7009465410749376
585.4299999996446,0.49100883925191663
585.4399999996446,0.3950923650497326
585.4499999996445,0.6965786093972983
585.4599999996444,0.5499887965494986
585.4699999996444,0.3266454761281867
585.4799999996444,0.6856694448726803
585.4899999996443,0.5978851401115943
585.4999999996443,0.27369573828684157
585.5099999996443,0.6677246662084306
585.5199999996443,0.6350977850220118
585.5299999996441,0.2509061865212473
585.5399999996441,0.6419428649896894
585.5499999996441,0.6628358020245592
585.559999999644,0.26544897590924477
585.569999999644,0.6073109973577748
585.579999999644,0.682382477368818
585.589999999644,0.31196347067693386
585.5999999996438,0.5628499225709879
585.6099999996438,0.6947955476875495
585.6199999996438,0.37657116956070186
585.6299999996437,0.5081638227814046
585.6399999996437,0.7008140414433561
585.6499999996437,0.445221327876722
585.6599999996437,0.4444845902497545
585.6699999996436,0.7008465670060912
585.6799999996435,0.5086691300041071
585.6899999996435,0.3762397708021216
585.6999999996434,0.6949835702838031
585.7099999996434,0.5627191912358237
585.7199999996434,0.31247696714131584
585.7299999996434,0.6830124155283135
585.7399999996433,0.6064438422776406
585.7499999996433,0.2662449956106499
585.7599999996432,0.6644345645759179
585.7699999996431,0.6404749558834508
585.7799999996431,0.249926781359085
585.7899999996431,0.6385009497399967
585.7999999996431,0.6659525784004219
585.809999999643,0.26820655940246063
585.819999999643,0.6043042793021305
585.829999999643,0.684010834427055
585.8399999996428,0.3149747890472464
585.8499999996428,0.5610026800741663
585.8599999996428,0.695570694571929
585.8699999996428,0.3775394117212253
585.8799999996427,0.5082960019215572
585.8899999996427,0.7012775166936853
585.8999999996427,0.44353420896966883
585.9099999996425,0.44729741579809024
585.9199999996425,0.7014959366881257
585.9299999996425,0.5047962554673766
585.9399999996425,0.3818126493779264
585.9499999996424,0.6963216063258387
585.9599999996424,0.557498281571885
585.9699999996424,0.3195282140754573
585.9799999996422,0.6855945676456758
585.9899999996422,0.6006808339097832
585.9999999996422,0.27170751862579173
586.0099999996422,0.6689133841054397
586.0199999996421,0.6348166601396177
586.0299999996421,0.24977701771891844
586.0399999996421,0.6456606581566264
586.049999999642,0.6608935873492653
586.059999999642,0.25958400701150586
586.0699999996419,0.6150653835773426
586.0799999996419,0.6799441728477861
586.0899999996418,0.29783496632273637
586.0999999996418,0.5763505676446651
586.1099999996418,0.6928435433013909
586.1199999996417,0.35429884429115116
586.1299999996417,0.5290464337986849
586.1399999996416,0.7002410518997515
586.1499999996416,0.4174377846379339
586.1599999996415,0.47357450199965
586.1699999996415,0.7025491832546085
586.1799999996415,0.4785959484041396
586.1899999996414,0.41216492256674125
586.1999999996414,0.699951995283946
586.2099999996414,0.5330071389438074
586.2199999996413,0.34992510578437364
586.2299999996412,0.6924170797392103
586.2399999996412,0.5788915904748058
586.2499999996412,0.2953190359504142
586.2599999996411,0.6797068802724188
586.2699999996411,0.6161855477463473
586.2799999996411,0.25877759028100006
586.289999999641,0.6613931487916641
586.2999999996409,0.6455918610277679
586.3099999996409,0.24883003323358346
586.3199999996409,0.6368865912522343
586.3299999996408,0.6680311850419026
586.3399999996408,0.26770292108017435
586.3499999996408,0.6055057175489927
586.3599999996408,0.6843743911442389
586.3699999996406,0.31009149276405207
586.3799999996406,0.5666268614247486
586.3899999996406,0.6953327432334806
586.3999999996405,0.3662649710318304
586.4099999996405,0.519979258009993
586.4199999996405,0.7014246525882087
586.4299999996405,0.4265738072087749
586.4399999996403,0.46615870479129395
586.4499999996403,0.7029744708161265
586.4599999996403,0.48416103693903717
586.4699999996402,0.4073816183824875
586.4799999996402,0.7001215943828235
586.4899999996402,0.5353377310712771
586.4999999996402,0.3482980814137758
586.5099999996401,0.6928307989007666
586.51999999964,0.5787534944286434
586.52999999964,0.29627937402084353
586.5399999996399,0.680901829426136
586.5499999996399,0.6144032386298836
586.5599999996399,0.2602630406534211
586.5699999996399,0.6639812583569816
586.5799999996398,0.6428975757020805
586.5899999996398,0.24775671378756967
586.5999999996397,0.6415849097304215
586.6099999996396,0.6650338405618749
586.6199999996396,0.2613558691922161
586.6299999996396,0.6131466560876092
586.6399999996396,0.6815796615587991
586.6499999996395,0.2974260194921498
586.6599999996395,0.5781204588605791
586.6699999996395,0.6931794616434902
586.6799999996393,0.34809901405696747
586.6899999996393,0.5361763675189944
586.6999999996393,0.7003233449303471
586.7099999996393,0.4048053054779437
586.7199999996392,0.4875403002141626
586.7299999996392,0.7033438337450694
586.7399999996392,0.4608455119483043
586.749999999639,0.4335084824498499
586.759999999639,0.7024227446070026
586.769999999639,0.5121521490170635
586.779999999639,0.3770734415411356
586.7899999996389,0.6976001108017494
586.7999999996389,0.5568590432996535
586.8099999996389,0.3233817389039073
586.8199999996388,0.688782432008362
586.8299999996387,0.5945213844319244
586.8399999996387,0.27946681219221914
586.8499999996387,0.675750910123276
586.8599999996386,0.6254472125407091
586.8699999996386,0.2527049192283061
586.8799999996386,0.6581732634401697
586.8899999996385,0.6502573219158596
586.8999999996385,0.2481970709206439
586.9099999996384,0.6356263468406546
586.9199999996384,0.6696378028271658
586.9299999996383,0.26651342740420225
586.9399999996383,0.6076420551944454
586.9499999996383,0.6842179063091397
586.9599999996382,0.30348517472028325
586.9699999996382,0.5737962728858863
586.9799999996382,0.6945186738977526
586.9899999996381,0.3521893244390492
586.999999999638,0.5338687492475913
587.009999999638,0.7009374269922248
587.019999999638,0.40557966830617914
587.0299999996379,0.4881051191508714
587.0399999996379,0.7037483386315918
587.0499999996379,0.45822066452511157
587.0599999996379,0.43759621096832396
587.0699999996377,0.7031088250574478
587.0799999996377,0.5067512925215375
587.0899999996377,0.38472793917256554
587.0999999996376,0.699066979896958
587.1099999996376,0.54954793636619
587.1199999996376,0.3335234552499062
587.1299999996376,0.6915683975528306
587.1399999996374,0.5861454400162365
587.1499999996374,0.28953193055391896
587.1599999996374,0.6804627048008097
587.1699999996373,0.6167275559144186
587.1799999996373,0.25889020047641265
587.1899999996373,0.66551175952429
587.1999999996373,0.6417761839376076
587.2099999996371,0.2465586713484146
587.2199999996371,0.6464033743591807
587.2299999996371,0.6618627763327929
587.239999999637,0.2544745491223235
587.249999999637,0.6227770425703725
587.259999999637,0.6775378606429632
587.269999999637,0.2807803282287093
587.2799999996369,0.5942717669444737
587.2899999996368,0.6892795759922247
587.2999999996368,0.3206707529817343
587.3099999996367,0.5606104845681366
587.3199999996367,0.6974743957731132
587.3299999996367,0.3682284568158277
587.3399999996367,0.521739117336347
587.3499999996366,0.7024138041934408
587.3599999996366,0.41811046050352374
587.3699999996365,0.4780363270781279
587.3799999996364,0.7042978771720495
587.3899999996364,0.46642081113999934
587.3999999996364,0.4305930755887915
587.4099999996364,0.7032410917991542
587.4199999996363,0.5108082978482498
587.4299999996363,0.3815154146173263
587.4399999996363,0.6992782283327371
587.4499999996361,0.5501502416600484
587.4599999996361,0.3341227604596561
587.4699999996361,0.6923697210461468
587.4799999996361,0.5841397637535825
587.489999999636,0.29282652291152456
587.499999999636,0.6824067985140984
587.509999999636,0.6129372219790564
587.5199999996358,0.26247714740001266
587.5299999996358,0.6692175922903385
587.5399999996358,0.6369279903363373
587.5499999996358,0.24718617755406774
587.5599999996357,0.652576343558745
587.5699999996357,0.6565736972995437
587.5799999996357,0.2490378329370035
587.5899999996356,0.632219096331525
587.5999999996355,0.6723295690996928
587.6099999996355,0.2673728719892911
587.6199999996355,0.6078709530050306
587.6299999996354,0.6846032418387356
587.6399999996354,0.2990817706525454
587.6499999996354,0.5792920211306862
587.6599999996353,0.6937374637858095
587.6699999996353,0.3397054177754481
587.6799999996352,0.5463510910978445
587.6899999996352,0.700005519897509
587.6999999996351,0.38469908047904827
587.7099999996351,0.5091364085150969
587.7199999996351,0.7036127919542442
587.729999999635,0.4303107285789037
587.739999999635,0.468108594603666
587.749999999635,0.7047008026041478
587.7599999996349,0.47391719511039027
587.7699999996348,0.42428686954541983
587.7799999996348,0.7033518665070937
587.7899999996348,0.5139604011437797
587.7999999996347,0.3794310276571294
587.8099999996347,0.6995935226340758
587.8199999996347,0.5497008138098103
587.8299999996347,0.33613893462464045
587.8399999996345,0.6934025616504127
587.8499999996345,0.580945296370895
587.8599999996345,0.2977414614191428
587.8699999996344,0.6847088999711853
587.8799999996344,0.6078232162352687
587.8899999996344,0.26788856032617336
587.8999999996344,0.6733999268330395
587.9099999996342,0.6306283037393798
587.9199999996342,0.24983092153017297
587.9299999996342,0.659326359720138
587.9399999996341,0.6497178107732465
587.9499999996341,0.24559786127447059
587.9599999996341,0.6423111566298195
587.9699999996341,0.6654534184228788
587.979999999634,0.2554231667759098
587.9899999996339,0.6221636931894214
587.9999999996339,0.6781695792683039
588.0099999996338,0.2777091188022258
588.0199999996338,0.5987022052893932
588.0299999996338,0.6881586151683423
588.0399999996338,0.30953910661737455
588.0499999996337,0.5717882975783424
588.0599999996336,0.6956654140635846
588.0699999996336,0.3474654629992156
588.0799999996335,0.5413777700752793
588.0899999996335,0.7008872446190748
588.0999999996335,0.3882268884656781
588.1099999996335,0.5075913782505684
588.1199999996334,0.7039760258792896
588.1299999996334,0.42918827224556255
588.1399999996333,0.47080613797399534
588.1499999996332,0.7050415497793423
588.1599999996332,0.46848441045753847
588.1699999996332,0.43176068628930897
588.1799999996332,0.7041548691846187
588.1899999996331,0.5049604254810603
588.1999999996331,0.39165559068670286
588.209999999633,0.7013514983969116
588.2199999996329,0.5380191157673395
588.2299999996329,0.35221229180422164
588.2399999996329,0.6966343419314996
588.2499999996329,0.56745353918551
588.2599999996328,0.31563905900229194
588.2699999996328,0.6899764472793102
588.2799999996328,0.5933040786356759
588.2899999996326,0.2844530433867351
588.2999999996326,0.6813238185958701
588.3099999996326,0.6157517552888776
588.3199999996326,0.2611411187961274
588.3299999996325,0.6705986642695169
588.3399999996325,0.6350454545239679
588.3499999996325,0.2477122241948002
588.3599999996324,0.6577036047481825
588.3699999996323,0.6514557069981369
588.3799999996323,0.24527160449490235
588.3899999996323,0.6425275521146745
588.3999999996322,0.6652472814495023
588.4099999996322,0.2537763860941157
588.4199999996322,0.6249541918491947
588.4299999996321,0.6766642309194962
588.439999999632,0.27207276117865253
588.449999999632,0.6048742352604689
588.459999999632,0.6859227534050942
588.4699999996319,0.2981930567231557
588.4799999996319,0.5822028200888913
588.4899999996319,0.693208713731059
588.4999999996318,0.3297854551378331
588.5099999996318,0.5569035138903561
588.5199999996318,0.6986777868508705
588.5299999996317,0.36452337663712503
588.5399999996316,0.5290201381699892
588.5499999996316,0.7024569553753437
588.5599999996316,0.4003920050473197
588.5699999996315,0.4987167938380082
588.5799999996315,0.7046466049413791
588.5899999996315,0.4358252109608512
588.5999999996315,0.46632466130663147
588.6099999996313,0.7053227888846277
588.6199999996313,0.4697211131004645
588.6299999996313,0.43239102340474966
588.6399999996312,0.7045394395055865
588.6499999996312,0.5013845500171301
588.6599999996312,0.3977214656269692
588.6699999996312,0.7023304317717521
588.679999999631,0.530439658023712
588.689999999631,0.363401066223305
588.699999999631,0.6987114862913137
588.7099999996309,0.5567409639581447
588.7199999996309,0.3307766094494168
588.7299999996309,0.6936819519651491
588.7399999996309,0.5802972115220772
588.7499999996307,0.3013828355975811
588.7599999996307,0.6872265476622785
588.7699999996307,0.6012124170367792
588.7799999996306,0.276805112186677
588.7899999996306,0.6793171750567114
588.7999999996306,0.6196433924275441
588.8099999996306,0.258489740238803
588.8199999996305,0.6699149466633699
588.8299999996304,0.6357708231727977
588.8399999996304,0.24753660143396428
588.8499999996303,0.6589726071000007
588.8599999996303,0.6497805761896084
588.8699999996303,0.24452588604167252
588.8799999996303,0.6464375622625577
588.8899999996302,0.6618522888540164
588.8999999996302,0.24942914983910783
588.9099999996301,0.632255769600865
588.91999999963,0.6721529143802432
588.92999999963,0.2616311933715275
588.93999999963,0.6163767771530956
588.94999999963,0.6808335139170911
588.9599999996299,0.2800530699277672
588.9699999996299,0.5987602209612375
588.9799999996299,0.6880280960662957
588.9899999996297,0.3033359496272199
588.9999999996297,0.5793840834824185
589.0099999996297,0.693853691482863
589.0199999996297,0.33003441523444277
589.0299999996296,0.5582549563056461
589.0399999996296,0.6984111284571708
589.0499999996296,0.35877718593732755
589.0599999996294,0.5354204062411291
589.0699999996294,0.7017861683063996
589.0799999996294,0.3883737955342377
589.0899999996294,0.510983275557735
589.0999999996293,0.70405078986448
589.1099999996293,0.4178658169417922
589.1199999996293,0.48511731723873885
589.1299999996291,0.7052644984798214
589.1399999996291,0.44653392789269725
589.1499999996291,0.4580829527170604
589.1599999996291,0.7054755912192037
589.169999999629,0.4738765011657598
589.179999999629,0.430241166465345
589.189999999629,0.704722345908707
589.1999999996289,0.49957403786412
589.2099999996288,0.4020627202547404
589.2199999996288,0.703034124450735
589.2299999996288,0.5234498580984542
589.2399999996287,0.3741291973255528
589.2499999996287,0.7004323951380318
589.2599999996287,0.5454333212911954
589.2699999996286,0.34712220511013564
589.2799999996286,0.6969316875378877
589.2899999996285,0.5655285742607161
589.2999999996285,0.32179777104118235
589.3099999996284,0.692540499098081
589.3199999996284,0.5837896727570533
589.3299999996284,0.2989448623533284
589.3399999996283,0.6872621760595665
589.3499999996283,0.6003017221897169
589.3599999996283,0.2793300394650533
589.3699999996282,0.6810957936649942
589.3799999996281,0.6151671445193179
589.3899999996281,0.2636339796089784
589.3999999996281,0.6740370619483679
589.409999999628,0.6284960370904593
589.419999999628,0.25238890755261295
589.429999999628,0.6660792844619171
589.439999999628,0.6403996526548316
589.4499999996278,0.24592752329196516
589.4599999996278,0.657214397413571
589.4699999996278,0.6509861793760848
589.4799999996277,0.24435285461739
589.4899999996277,0.6474341161987178
589.4999999996277,0.6603581681548074
589.5099999996277,0.24753455613341366
589.5199999996275,0.6367312145221483
589.5299999996275,0.6686111095588161
589.5399999996275,0.2551316299921765
589.5499999996274,0.6251009579582055
589.5599999996274,0.6758327926944871
589.5699999996274,0.2666361643258629
589.5799999996274,0.6125427080088259
589.5899999996273,0.6821031806793628
589.5999999996272,0.2814291558223239
589.6099999996272,0.5990617041332971
589.6199999996271,0.6874946150034317
589.6299999996271,0.2988386251449412
589.6399999996271,0.5846710187804117
589.6499999996271,0.6920722186937772
589.659999999627,0.3181917931156449
589.669999999627,0.5693936633151234
589.679999999627,0.6958944096568577
589.6899999996268,0.33885606090158427
589.6999999996268,0.5532648014790409
589.7099999996268,0.6990134651538032
589.7199999996268,0.3602667608892589
589.7299999996267,0.5363339997930416
589.7399999996267,0.7014760992035832
589.7499999996267,0.38194225543111343
589.7599999996265,0.5186674140664668
589.7699999996265,0.7033240289440732
589.7799999996265,0.4034885754821987
589.7899999996265,0.5003497775527271
589.7999999996264,0.7045945158585605
589.8099999996264,0.42459644165066945
589.8199999996264,0.4814860240806345
589.8299999996262,0.7053208742944397
589.8399999996262,0.4450334526313935
589.8499999996262,0.46220235223165
589.8599999996262,0.7055329440069031
589.8699999996261,0.464633768205143
589.8799999996261,0.4426465196236916
589.8899999996261,0.7052575261952909
589.899999999626,0.4832870104860117
589.9099999996259,0.42298715917350094
589.9199999996259,0.7045187841834156
589.9299999996259,0.5009275249483582
589.9399999996258,0.40341193382435336
589.9499999996258,0.7033386108093157
589.9599999996258,0.5175246625246819
589.9699999996257,0.384124403027623
589.9799999996256,0.7017369650710306
589.9899999996256,0.5330743909800577
589.9999999996256,0.3653395602798207
590.0099999996255,0.6997321806468877
590.0199999996255,0.54759230725168
590.0299999996255,0.3472781169552057
590.0399999996254,0.6973412488992674
590.0499999996254,0.5611079808726027
590.0599999996253,0.3301597404057099
590.0699999996253,0.6945800786639633
590.0799999996252,0.5736604837699009
590.0899999996252,0.3141955899581816
590.0999999996252,0.691463734933654
590.1099999996251,0.5852949326180109
590.1199999996251,0.2995806125688526
590.129999999625,0.6880066581116806
590.139999999625,0.5960598688483326
590.1499999996249,0.2864861365735725
590.1599999996249,0.6842228652403433
590.1699999996249,0.606005314027808
590.1799999996248,0.27505332277259337
590.1899999996248,0.6801261342196883
590.1999999996248,0.6151813598091057
590.2099999996248,0.26538798388793566
590.2199999996246,0.6757301717064967
590.2299999996246,0.6236371732378597
590.2399999996246,0.2575571708906337
590.2499999996245,0.6710487650941577
590.2599999996245,0.6314203203185944
590.2699999996245,0.2515877603462848
590.2799999996245,0.6660959186396426
590.2899999996243,0.6385763297095451
590.2999999996243,0.24746708640077608
590.3099999996243,0.6608859737047342
590.3199999996242,0.6451484350529195
590.3299999996242,0.24514547102918763
590.3399999996242,0.6554337127233665
590.3499999996242,0.6511774479055225
590.359999999624,0.24454034629648327
590.369999999624,0.649754446451479
590.379999999624,0.6567017245434761
590.3899999996239,0.2455415508194366
590.3999999996239,0.6438640841073875
590.4099999996239,0.6617571985332098
590.4199999996239,0.2480173301992263
590.4299999996238,0.637779185643857
590.4399999996238,0.6663774579035815
590.4499999996237,0.2518205763532378
590.4599999996236,0.631516995934533
590.4699999996236,0.6705938511839684
590.4799999996236,0.25679489323545523
590.4899999996236,0.6250954602629171
590.4999999996235,0.6744356107112257
590.5099999996235,0.26278016111028074
590.5199999996235,0.6185332211025343
590.5299999996233,0.6779299846777722
590.5399999996233,0.26961737098009886
590.5499999996233,0.611849596115634
590.5599999996233,0.6811023719058538
590.5699999996232,0.2771526003894794
590.5799999996232,0.6050645376727091
590.5899999996232,0.6839764550369408
590.599999999623,0.28524008994458117
590.609999999623,0.5981985747580467
590.619999999623,0.6865743292525961
590.629999999623,0.29374445018954265
590.6399999996229,0.5912727379519448
590.6499999996229,0.6889166245873188
590.6599999996229,0.3025420778678526
590.6699999996227,0.5843084691441196
590.6799999996227,0.6910226206425004
590.6899999996227,0.3115218912098255
590.6999999996227,0.5773275176260254
590.7099999996226,0.6929103530622779
590.7199999996226,0.3205855067629975
590.7299999996226,0.570351824730048
590.7399999996225,0.6945967114779801
590.7499999996224,0.329646980834437
590.7599999996224,0.5634033993270054
590.7699999996223,0.6960975289804283
590.7799999996223,0.3386322303092135
590.7899999996223,0.5565041871498259
590.7999999996223,0.6974276632640408
590.8099999996222,0.347478233467744
590.8199999996222,0.5496759364683792
590.8299999996221,0.6986010697732801
590.839999999622,0.3561320952838946
590.849999999622,0.5429400635070295
590.859999999622,0.699630867282806
590.869999999622,0.36455004498353905
590.8799999996219,0.5363175202893448
590.8899999996219,0.7005293963565711
590.8999999996219,0.37269641791033753
590.9099999996217,0.5298286680990698
590.9199999996217,0.70130827114542
590.9299999996217,0.38054265959428657
590.9399999996217,0.5234931592166826
590.9499999996216,0.7019784250441068
590.9599999996216,0.3880663789527607
590.9699999996216,0.5173298293892731
590.9799999996214,0.7025501506921329
590.9899999996214,0.39525046708961953
590.9999999996214,0.5113566033493596
591.0099999996214,0.7030331347807129
591.0199999996213,0.4020822914254046
591.0299999996213,0.5055904149002494
591.0399999996213,0.703436488156674
591.0499999996211,0.4085529692971026
591.0599999996211,0.5000471430305834
591.0699999996211,0.7037687716507081
591.0799999996211,0.41465672054384983
591.089999999621,0.49474156467972286
591.099999999621,0.7040380180629793
591.109999999621,0.4203902966201996
591.1199999996209,0.4896873245042113
591.1299999996208,0.7042517507104222
591.1399999996208,0.42575248139599947
591.1499999996208,0.4848969212655371
591.1599999996207,0.704416998915681
591.1699999996207,0.43074365795066
591.1799999996207,0.48038171024005877
591.1899999996206,0.704540310790213
591.1999999996206,0.43536543517121373
591.2099999996205,0.47615192040260906
591.2199999996205,0.7046277636575086
591.2299999996204,0.43962032810371904
591.2399999996204,0.47221668470197253
591.2499999996204,0.7046849724194303
591.2599999996203,0.4435114855106909
591.2699999996203,0.46858408184625194
591.2799999996203,0.7047170961591701
591.2899999996202,0.44704245925557967
591.2999999996201,0.4652611871846246
591.3099999996201,0.7047288432504185
591.3199999996201,0.45021701019230254
591.32999999962,0.4622541305164159
591.33999999962,0.7047244752144174
591.34999999962,0.4530389454736329
591.35999999962,0.4595681585298808
591.3699999996198,0.7047078095546968
591.3799999996198,0.45551198347857275
591.3899999996198,0.45720769932219757
591.3999999996197,0.7046822217663962
591.4099999996197,0.45763964218429115
591.4199999996197,0.45517642682310566
591.4299999996197,0.7046506467060196
591.4399999996195,0.4594251480389467
591.4499999996195,0.4534773227718945
591.4599999996195,0.7046155794791035
591.4699999996194,0.4608713626440065
591.4799999996194,0.4521127342032778
591.4899999996194,0.704579075986259
591.4999999996194,0.46198072473082735
591.5099999996193,0.4510844248543628
591.5199999996192,0.7045427532441679
591.5299999996192,0.4627552057261177
591.5399999996191,0.45039361842746506
591.5499999996191,0.7045077895804076
591.5599999996191,0.46319627732998764
591.5699999996191,0.4500410329604213
591.579999999619,0.7044749247767872
591.589999999619,0.46330489027446975
591.599999999619,0.4500269048465604
591.6099999996188,0.7044444602171193
591.6199999996188,0.4630814629098022
591.6299999996188,0.45035100218783697
591.6399999996188,0.7044162590740404
591.6499999996187,0.4625258799217235
591.6599999996187,0.4510126269730466
591.6699999996187,0.7043897465494954
591.6799999996185,0.4616375003993193
591.6899999996185,0.45201060613407884
591.6999999996185,0.7043639101612911
591.7099999996185,0.46041517588778985
591.7199999996184,0.45334327169163247
591.7299999996184,0.7043373000497483
591.7399999996184,0.45885727871111387
591.7499999996182,0.4550084310464988
591.7599999996182,0.7043080292561539
591.7699999996182,0.4569617414550864
591.7799999996182,0.4570033278861517
591.7899999996181,0.7042737739064938
591.7999999996181,0.4547261088937418
591.8099999996181,0.4593245953678591
591.819999999618,0.7042317732113144
591.8299999996179,0.4521476036704053
591.8399999996179,0.46196820300233915
591.8499999996179,0.7041788291740773
591.8599999996178,0.44922320791858417
591.8699999996178,0.464929398995968
591.8799999996178,0.7041113058812278
591.8899999996177,0.4459497628671813
591.8999999996176,0.46820265013305046
591.9099999996176,0.7040251282235469
591.9199999996176,0.4423240892825109
591.9299999996175,0.4717815813572371
591.9399999996175,0.7039157798821399
591.9499999996175,0.4383431321462089
591.9599999996174,0.47565891713484904
591.9699999996174,0.7037783003927822
591.9799999996173,0.4340041327118393
591.9899999996173,0.4798264271461882
591.9999999996172,0.7036072810790339
592.0099999996172,0.42930483265751995
592.0199999996172,0.4842748783987906
592.0299999996171,0.7033968596255229
592.0399999996171,0.42424371447942977
592.0499999996171,0.48899399600547155
592.059999999617,0.7031407130482816
592.0699999996169,0.4188202833370346
592.0799999996169,0.4939724347018729
592.0899999996169,0.7028320487944666
592.0999999996168,0.4130353957026396
592.1099999996168,0.499197762754599
592.1199999996168,0.7024635936768285
592.1299999996168,0.4068916402490702
592.1399999996166,0.5046564598277107
592.1499999996166,0.7020275803522755
592.1599999996166,0.40039377677593796
592.1699999996165,0.510333929928064
592.1799999996165,0.7015157310017933
592.1899999996165,0.39354923808344733
592.1999999996165,0.5162145301531105
592.2099999996163,0.7009192378805144
592.2199999996163,0.38636869966169296
592.2299999996163,0.5222816153021467
592.2399999996162,0.7002287403594031
592.2499999996162,0.3788667202595225
592.2599999996162,0.5285175983802025
592.2699999996162,0.699434298098659
592.279999999616,0.37106245436825347
592.289999999616,0.5349040261057771
592.299999999616,0.6985253599280893
592.3099999996159,0.362980434764134
592.3199999996159,0.5414216683038867
592.3299999996159,0.6974907280433883
592.3399999996159,0.354651418777424
592.3499999996158,0.5480506195194284
592.3599999996158,0.696318517102174
592.3699999996157,0.346113286356668
592.3799999996156,0.5547704108426953
592.3899999996156,0.6949961077568567
592.3999999996156,0.3374119699346455
592.4099999996156,0.5615601296508954
592.4199999996155,0.693510094259561
592.4299999996155,0.32860238758883276
592.4399999996155,0.5683985446030042
592.4499999996153,0.6918462256757649
592.4599999996153,0.3197493388291612
592.4699999996153,0.5752642332026565
592.4799999996153,0.6899893403668746
592.4899999996152,0.31092830996133397
592.4999999996152,0.5821357089633594
592.5099999996152,0.6879232934148094
592.519999999615,0.30222612094356
592.529999999615,0.5889915455117618
592.539999999615,0.6856308767152041
592.549999999615,0.29374133199792635
592.5599999996149,0.5958104948363061
592.5699999996149,0.6830937316637873
592.5799999996149,0.2855843134673455
592.5899999996147,0.6025715970294768
592.5999999996147,0.6802922544529266
592.6099999996147,0.2778768733763867
592.6199999996147,0.6092542794580816
592.6299999996146,0.6772054943447966
592.6399999996146,0.27075133185176103
592.6499999996146,0.6158384431177185
592.6599999996145,0.6738110455001214
592.6699999996144,0.26434893691695427
592.6799999996144,0.622304534561238
592.6899999996144,0.6700849335989567
592.6999999996143,0.25881753353885756
592.7099999996143,0.6286336022052308
592.7199999996143,0.6660014989774445
592.7299999996142,0.2543084307447944
592.7399999996142,0.6348073357680281
592.7499999996141,0.6615332789883587
592.7599999996141,0.2509724623385326
592.769999999614,0.6408080884191498
592.779999999614,0.6566508934496476
592.789999999614,0.24895530433104301
592.7999999996139,0.646618881202863
592.8099999996139,0.6513229385488769
592.8199999996139,0.24839219389819892
592.8299999996138,0.652223389657274
592.8399999996137,0.6455158967276965
592.8499999996137,0.2494022829917886
592.8599999996137,0.65760591282934
592.8699999996136,0.6391940726578623
592.8799999996136,0.25208294409968746
592.8899999996136,0.662751325014087
592.8999999996136,0.632319569039398
592.9099999996134,0.25650441246778344
592.9199999996134,0.6676450106125518
592.9299999996134,0.6248523202494353
592.9399999996133,0.2627051840113525
592.9499999996133,0.6722727826944841
592.9599999996133,0.6167502080058492
592.9699999996133,0.270688578898517
592.9799999996131,0.6766207856817155
592.9899999996131,0.6079692900698658
592.9999999996131,0.28042082106280203
593.009999999613,0.6806753826539861
593.019999999613,0.5984641824151095
593.029999999613,0.29183087439142574
593.039999999613,0.6844230275980104
593.0499999996129,0.5881886464341384
593.0599999996128,0.30481212829192983
593.0699999996128,0.6878501227442952
593.0799999996127,0.5770964461043725
593.0899999996127,0.31922585754493654
593.0999999996127,0.690942861006591
593.1099999996127,0.565142555595522
593.1199999996126,0.33490621699885686
593.1299999996126,0.693687053272799
593.1399999996125,0.552284815843336
593.1499999996124,0.35166639553819834
593.1599999996124,0.6960679400097363
593.1699999996124,0.5384861561464639
593.1799999996124,0.36930546463311925
593.1899999996123,0.6980699863778839
593.1999999996123,0.5237175145831671
593.2099999996123,0.38761542476266814
593.2199999996121,0.6996766598157721
593.2299999996121,0.5079616029253168
593.2399999996121,0.40638797800305027
593.2499999996121,0.700870188680352
593.259999999612,0.4912176625981093
593.269999999612,0.42542062910615525
593.279999999612,0.7016313003425174
593.2899999996118,0.4735073397183045
593.2999999996118,0.44452182163164966
593.3099999996118,0.7019389368753667
593.3199999996118,0.45488175476591036
593.3299999996117,0.4635149358876919
593.3399999996117,0.7017699463723253
593.3499999996117,0.4354297405354948
593.3599999996115,0.4822410898526792
593.3699999996115,0.7010987479133549
593.3799999996115,0.41528704991386806
593.3899999996115,0.5005607838771474
593.3999999996114,0.699896968422514
593.4099999996114,0.3946460731780223
593.4199999996114,0.5183545044187271
593.4299999996113,0.6981330501652455
593.4399999996112,0.37376524240503767
593.4499999996112,0.5355224494090645
593.4599999996112,0.695771828623669
593.4699999996111,0.3529768460471121
593.4799999996111,0.5519835604740932
593.4899999996111,0.6927740821121793
593.499999999611,0.33269147790902504
593.509999999611,0.5676740481725165
593.519999999611,0.6890960571423933
593.5299999996109,0.3133969080207332
593.5399999996108,0.5825455826194256
593.5499999996108,0.684688977537893
593.5599999996108,0.2956489600238847
593.5699999996107,0.596563298150665
593.5799999996107,0.6794985512360343
593.5899999996107,0.2800522460336681
593.5999999996106,0.609703732444807
593.6099999996105,0.6734644975726047
593.6199999996105,0.26722957256672814
593.6299999996105,0.6219527915285867
593.6399999996104,0.6665201303690361
593.6499999996104,0.25778061119133727
593.6599999996104,0.6333038051168891
593.6699999996104,0.6585920502453061
593.6799999996102,0.25223288834179136
593.6899999996102,0.6437557129849478
593.6999999996102,0.6496000248352128
593.7099999996101,0.2509907935143804
593.7199999996101,0.653311403911564
593.7299999996101,0.6394571706045321
593.7399999996101,0.25429030636308514
593.7499999996099,0.6619762131060855
593.7599999996099,0.6280705977447604
593.7699999996099,0.2621675948673093
593.7799999996098,0.6697565730605074
593.7899999996098,0.6153427434505461
593.7999999996098,0.27444796753457823
593.8099999996098,0.6766588045199914
593.8199999996096,0.6011737013982138
593.8299999996096,0.2907580270177325
593.8399999996096,0.682688028933924
593.8499999996095,0.585464958973041
593.8599999996095,0.3105592372520979
593.8699999996095,0.6878471805859548
593.8799999996095,0.5681250756251932
593.8899999996094,0.3331969170594227
593.8999999996093,0.6921360948618627
593.9099999996093,0.5490779660264878
593.9199999996092,0.3579561886190635
593.9299999996092,0.6955506485509008
593.9399999996092,0.5282745656056722
593.9499999996092,0.3841162126191555
593.9599999996091,0.6980819284625036
593.9699999996091,0.505708703281903
593.979999999609,0.41099583875577456
593.9899999996089,0.6997154055651104
593.9999999996089,0.4814378980338888
594.0099999996089,0.43798669541940016
594.0199999996089,0.7004300935576852
594.0299999996088,0.4556093941568599
594.0399999996088,0.4645727213011184
594.0499999996088,0.7001976734359682
594.0599999996086,0.42849086227322386
594.0699999996086,0.4903374560577227
594.0799999996086,0.6989815694439019
594.0899999996086,0.400503604982527
594.0999999996085,0.5149617471912823
594.1099999996085,0.6967359678229723
594.1199999996085,0.37225367748561417
594.1299999996083,0.5382149536266986
594.1399999996083,0.6934047790100198
594.1499999996083,0.3445531905104671
594.1599999996083,0.5599424945145479
594.1699999996082,0.6889205583404944
594.1799999996082,0.31842089350997826
594.1899999996082,0.5800520128211839
594.199999999608,0.6832034224867278
594.209999999608,0.2950494562733968
594.219999999608,0.5984997445203988
594.229999999608,0.6761600331711755
594.2399999996079,0.2757289489360638
594.2499999996079,0.6152780626737792
594.2599999996079,0.6676827715262709
594.2699999996078,0.2617240366379302
594.2799999996078,0.6304046755118123
594.2899999996077,0.6576493044484102
594.2999999996077,0.25411660579709866
594.3099999996076,0.6439136127465278
594.3199999996076,0.6459228592173418
594.3299999996076,0.2536422604958646
594.3399999996075,0.6558479172871794
594.3499999996075,0.6323536886305169
594.3599999996075,0.2605606297093891
594.3699999996074,0.6662538412916165
594.3799999996073,0.6167824428283496
594.3899999996073,0.27459740107181146
594.3999999996073,0.6751762949886982
594.4099999996072,0.5990464797970249
594.4199999996072,0.29497767548200216
594.4299999996072,0.6826552894470422
594.4399999996072,0.5789905510886589
594.449999999607,0.3205422615525339
594.459999999607,0.6887231306897336
594.469999999607,0.5564837664833097
594.4799999996069,0.3499139785662193
594.4899999996069,0.693402150862084
594.4999999996069,0.5314451851628387
594.5099999996069,0.38167097184453236
594.5199999996067,0.696702793713726
594.5299999996067,0.5038805872039672
594.5399999996067,0.41449063101239786
594.5499999996066,0.6986219036137433
594.5599999996066,0.4739325274867
594.5699999996066,0.44724443309301104
594.5799999996066,0.6991410977562618
594.5899999996064,0.4419439603531245
594.5999999996064,0.4790415656543068
594.6099999996064,0.6982251315076766
594.6199999996063,0.40853157027682574
594.6299999996063,0.5092310892655881
594.6399999996063,0.6958201997718593
594.6499999996063,0.3746575379257865
594.6599999996062,0.5373770685617122
594.6699999996061,0.6918521577443654
594.6799999996061,0.341677880188992
594.689999999606,0.5632203085424387
594.699999999606,0.6862247004649765
594.709999999606,0.3113344568176048
594.719999999606,0.5866368556898394
594.7299999996059,0.6788176240267206
594.7399999996059,0.2856533073347674
594.7499999996058,0.6075994734727741
594.7599999996057,0.669485419915078
594.7699999996057,0.26672486860608335
594.7799999996057,0.6261450611088231
594.7899999996057,0.6580566536922646
594.7999999996056,0.25637960122516057
594.8099999996056,0.6423487980144741
594.8199999996056,0.6443348864935144
594.8299999996054,0.2558284430282299
594.8399999996054,0.6563045578914413
594.8499999996054,0.6281023600390744
594.8599999996054,0.26538193632333335
594.8699999996053,0.6681105766521402
594.8799999996053,0.6091283379519378
594.8899999996053,0.284356974681733
594.8999999996051,0.6778592140197987
594.9099999996051,0.5871849198864608
594.9199999996051,0.31121336751852535
594.9299999996051,0.6856297228552181
594.939999999605,0.5620743034990138
594.949999999605,0.34386814877579724
594.959999999605,0.6914831048817925
594.9699999996049,0.5336726750658696
594.9799999996048,0.3800720481645077
594.9899999996048,0.6954583172061578
594.9999999996048,0.5019966024915763
595.0099999996047,0.41773291701651033
595.0199999996047,0.6975692670517593
595.0299999996047,0.46729673922583154
595.0399999996046,0.455120427555666
595.0499999996046,0.6978021829675842
595.0599999996045,0.4301785698340288
595.0699999996045,0.4909450794134607
595.0799999996044,0.6961130836140912
595.0899999996044,0.3917377037779345
595.0999999996044,0.5243424429747366
595.1099999996043,0.6924251930944646
595.1199999996043,0.3536754397998123
595.1299999996043,0.5548044120757605
595.1399999996042,0.6866262964738298
595.1499999996041,0.318331756797418
595.1599999996041,0.5820923076135722
595.1699999996041,0.6785662225723403
595.179999999604,0.2885524893034047
595.189999999604,0.6061537037835029
595.199999999604,0.6680549307611885
595.209999999604,0.26732507005439893
595.2199999996038,0.6270532266981529
595.2299999996038,0.6548621335562127
595.2399999996038,0.25720139386423724
595.2499999996037,0.6449198627915664
595.2599999996037,0.63872010658485
595.2699999996037,0.25966285974614645
595.2799999996037,0.6599092727639841
595.2899999996035,0.6193324498402605
595.2999999996035,0.2746844381187795
595.3099999996035,0.6721780640296348
595.3199999996034,0.5963932073768559
595.3299999996034,0.3007121848585917
595.3399999996034,0.6818668054261153
595.3499999996034,0.5696229877733979
595.3599999996032,0.3350724808841677
595.3699999996032,0.689089003856519
595.3799999996032,0.5388313236102085
595.3899999996031,0.3746181865947427
595.3999999996031,0.6939238695516703
595.4099999996031,0.504016458299957
595.4199999996031,0.4163429536715208
595.429999999603,0.6964112768522657
595.439999999603,0.4655124385572741
595.4499999996029,0.457782059023769
595.4599999996028,0.6965478145890378
595.4699999996028,0.4241836098042212
595.4799999996028,0.4971633109951032
595.4899999996028,0.6942832194696591
595.4999999996027,0.38164069120183464
595.5099999996027,0.5333719332568296
595.5199999996026,0.6895168384326623
595.5299999996025,0.34040506577570495
595.5399999996025,0.5658205645689153
595.5499999996025,0.6820941374958994
595.5599999996025,0.3038891288314978
595.5699999996024,0.5942960705463126
595.5799999996024,0.6718037587537629
595.5899999996024,0.2760362424918589
595.5999999996022,0.6188229956118902
595.6099999996022,0.6583763584949646
595.6199999996022,0.2605519899497261
595.6299999996022,0.6395581580941179
595.6399999996021,0.6414876322402427
595.6499999996021,0.2598956679526627
595.6599999996021,0.656716465673308
595.6699999996019,0.6207698109113183
595.6799999996019,0.274462961581226
595.6899999996019,0.6705220530560353
595.6999999996019,0.5958387997764396
595.7099999996018,0.3024122226011899
595.7199999996018,0.6811776570285254
595.7299999996018,0.5663482009720294
595.7399999996017,0.3402479710649363
595.7499999996016,0.6888460415662818
595.7599999996016,0.5320862576195782
595.7699999996016,0.3838316962352241
595.7799999996015,0.6936387673221958
595.7899999996015,0.4931350386950148
595.7999999996015,0.4293229116499004
595.8099999996014,0.6956090083489186
595.8199999996014,0.4501068259111164
595.8299999996013,0.47373514472366735
595.8399999996013,0.6947462604083633
595.8499999996012,0.40444843544669007
595.8599999996012,0.5150798897734338
595.8699999996012,0.6909716843347524
595.8799999996011,0.3587438005689229
595.8899999996011,0.5522420321721079
595.899999999601,0.6841336074121174
595.909999999601,0.3168451650296341
595.9199999996009,0.5847493175818879
595.9299999996009,0.674003547790704
595.9399999996009,0.283573887345297
595.9499999996008,0.6125426930548503
595.9599999996008,0.6602742832189541
595.9699999996008,0.26378932148480194
595.9799999996008,0.6357937515865701
595.9899999996006,0.6425633115296455
595.9999999996006,0.26096374298805625
596.0099999996006,0.6547771114915967
596.0199999996005,0.6204280394094325
596.0299999996005,0.2758957906271508
596.0399999996005,0.6697886452183017
596.0499999996005,0.5934037736660588
596.0599999996003,0.3063497472414069
596.0699999996003,0.6810963763153719
596.0799999996003,0.5610824371553459
596.0899999996002,0.34787847378073194
596.0999999996002,0.6889123380212389
596.1099999996002,0.5232579810258051
596.1199999996002,0.3952970713251401
596.1299999996,0.6933766950581205
596.1399999996,0.4801689833969927
596.1499999996,0.4439885205893895
596.1599999995999,0.6945482800175387
596.1699999995999,0.43285674593768503
596.1799999995999,0.49057777846078005
596.1899999995999,0.6923979355609156
596.1999999995998,0.38360277317769315
596.2099999995997,0.5330058947471046
596.2199999995997,0.6868027715652134
596.2299999995996,0.33628475696801874
596.2399999995996,0.5702714834402697
596.2499999995996,0.6775409471959951
596.2599999995996,0.29631525614241766
596.2699999995995,0.6020846921580943
596.2799999995995,0.664288300837733
596.2899999995994,0.2697624185437542
596.2999999995993,0.6285660273904051
596.3099999995993,0.6466206597111241
596.3199999995993,0.26158531423796383
596.3299999995993,0.6500300984481475
596.3399999995992,0.6240297739635359
596.3499999995992,0.2736885320696211
596.3599999995992,0.6668476108212228
596.369999999599,0.5959675607767511
596.379999999599,0.30403437741999395
596.389999999599,0.679364404124454
596.399999999599,0.5619435259729063
596.4099999995989,0.34748965891522027
596.4199999995989,0.6878568730955295
596.4299999995989,0.5217128133274762
596.4399999995987,0.397790226612465
596.4499999995987,0.6925082731365445
596.4599999995987,0.4755999815311421
596.4699999995987,0.44936467634043975
596.4799999995986,0.6933956901765902
596.4899999995986,0.424984200491387
596.4999999995986,0.49825404561849485
596.5099999995984,0.6904815843082481
596.5199999995984,0.37288080480305974
596.5299999995984,0.5421709815096882
596.5399999995984,0.6836069013961411
596.5499999995983,0.3243471466116451
596.5599999995983,0.5801146090455086
596.5699999995983,0.6724853895637024
596.5799999995982,0.2861774299584002
596.5899999995981,0.6118999186645142
596.5999999995981,0.6567018069243251
596.6099999995981,0.2653602885113619
596.619999999598,0.6377746291831539
596.629999999598,0.6357212995741853
596.639999999598,0.2665126011583339
596.6499999995979,0.6581612174384208
596.6599999995979,0.6089248916079412
596.6699999995978,0.2897150464705017
596.6799999995978,0.6735027770221861
596.6899999995977,0.5756984634366686
596.6999999995977,0.33041063794147724
596.7099999995977,0.6841786138029917
596.7199999995976,0.5356201603391768
596.7299999995976,0.3814730444161306
596.7399999995976,0.6904608973933704
596.7499999995975,0.4888077921686235
596.7599999995974,0.4358550611683764
596.7699999995974,0.6924927972981529
596.7799999995974,0.43647900053123795
596.7899999995973,0.4882683109706455
596.7999999995973,0.6902762942218654
596.8099999995973,0.3816837586242407
596.8199999995973,0.5355613596644407
596.8299999995971,0.6836635489972582
596.8399999995971,0.3299107813779826
596.8499999995971,0.5763099658662726
596.859999999597,0.6723501707838222
596.869999999597,0.28888038403158434
596.879999999597,0.6101966616658043
596.889999999597,0.655873349453572
596.8999999995968,0.2667452981343982
596.9099999995968,0.6374860270183023
596.9199999995968,0.6336244467833497
596.9299999995967,0.2688660460208606
596.9399999995967,0.6586729771348149
596.9499999995967,0.6048967081174558
596.9599999995967,0.2950709801903403
596.9699999995966,0.6742775690629702
596.9799999995965,0.5690069220359079
596.9899999995965,0.3396798453358894
596.9999999995964,0.6847366319800995
597.0099999995964,0.5255553024712847
597.0199999995964,0.39429666419991755
597.0299999995964,0.6903506058227852
597.0399999995963,0.4749089882910616
597.0499999995963,0.4510770946731803
597.0599999995962,0.6912580272445745
597.0699999995961,0.41896648750530197
597.0799999995961,0.5045267577650947
597.0899999995961,0.6874217828481304
597.0999999995961,0.36208124433275646
597.109999999596,0.5516661766659171
597.119999999596,0.6786196719669991
597.129999999596,0.31158645274412866
597.1399999995958,0.5913718289664142
597.1499999995958,0.6644386093625257
597.1599999995958,0.2768606618094647
597.1699999995958,0.6236040953713572
597.1799999995957,0.6442794597243269
597.1899999995957,0.26619444888864624
597.1999999995957,0.6488250185841051
597.2099999995955,0.6173913016992759
597.2199999995955,0.28269416508330286
597.2299999995955,0.6676406981462316
597.2399999995955,0.5829739232731865
597.2499999995954,0.32242856267333725
597.2599999995954,0.6806086364372324
597.2699999995954,0.5404184604771376
597.2799999995952,0.3765999221949149
597.2899999995952,0.6881436091289057
597.2999999995952,0.48979110100738676
597.3099999995952,0.435724414751883
597.3199999995951,0.6904744705988874
597.3299999995951,0.43266094866922605
597.3399999995951,0.49263525063584335
597.349999999595,0.6876235859985637
597.359999999595,0.37321084733253074
597.3699999995949,0.5432388534408207
597.3799999995949,0.6793947481320916
597.3899999995948,0.31907480028311397
597.3999999995948,0.5858713333499048
597.4099999995948,0.6653659903625873
597.4199999995947,0.2806244948566011
597.4299999995947,0.6203258574464539
597.4399999995946,0.6448942772624534
597.4499999995946,0.26753556346232915
597.4599999995945,0.647079739797879
597.4699999995945,0.6171544190250828
597.4799999995945,0.28380113090685005
597.4899999995944,0.6668168384750922
597.4999999995944,0.5812606058987553
597.5099999995944,0.32521301577903594
597.5199999995943,0.6801738860570395
597.5299999995942,0.5365601183028044
597.5399999995942,0.38186111585565474
597.5499999995942,0.6876198582848959
597.5599999995941,0.4832348534729704
597.5699999995941,0.44317736185731404
597.5799999995941,0.6894027366335969
597.589999999594,0.42333398843454517
597.5999999995939,0.5014345492577198
597.6099999995939,0.6855253963892355
597.6199999995939,0.36211307830700606
597.6299999995938,0.5524577999708653
597.6399999995938,0.6757323769641372
597.6499999995938,0.3088383492445791
597.6599999995938,0.5947366688802808
597.6699999995936,0.6595042510990121
597.6799999995936,0.27532197638648714
597.6899999995936,0.6282622455811585
597.6999999995935,0.6360718806795288
597.7099999995935,0.27110108085451057
597.7199999995935,0.6536658675114767
597.7299999995934,0.604486422328805
597.7399999995934,0.29780839784078206
597.7499999995933,0.6717179904759165
597.7599999995933,0.5638210041390613
597.7699999995932,0.34800142017100466
597.7799999995932,0.6830773653920459
597.7899999995932,0.5136391970323202
597.7999999995931,0.40975218792918866
597.8099999995931,0.6881787576022244
597.819999999593,0.454911224196614
597.829999999593,0.4723722660994179
597.8399999995929,0.6871857262917125
597.8499999995929,0.39145023090462866
597.8599999995929,0.5291355494221004
597.8699999995928,0.6799692001256243
597.8799999995928,0.33136854623145273
597.8899999995928,0.5770330573798925
597.8999999995928,0.6660967837592869
597.9099999995926,0.28688527415648923
597.9199999995926,0.6154157539475951
597.9299999995926,0.6448378549574042
597.9399999995925,0.27034602927340534
597.9499999995925,0.6447644172419049
597.9599999995925,0.6152150336161641
597.9699999995925,0.2873367759309323
597.9799999995923,0.6659159695060712
597.9899999995923,0.5761750895154072
597.9999999995923,0.3327763162871275
598.0099999995922,0.6796627647669758
598.0199999995922,0.5270206018272483
598.0299999995922,0.39432991392472244
598.0399999995922,0.6865712647447427
598.049999999592,0.4683166383833669
598.059999999592,0.4593886160792898
598.069999999592,0.6869074392360658
598.0799999995919,0.40343092907509925
598.0899999995919,0.5194239375851799
598.0999999995919,0.680605904805836
598.1099999995919,0.3403225582873783
598.1199999995918,0.5703766197179335
598.1299999995917,0.6672559250458784
598.1399999995917,0.2918411755417992
598.1499999995916,0.6111840349182558
598.1599999995916,0.6461050718306829
598.1699999995916,0.27182739741646544
598.1799999995916,0.6422590151711098
598.1899999995915,0.6161130978782464
598.1999999995915,0.2872948838006119
598.2099999995914,0.6645034816771471
598.2199999995913,0.5761399842586349
598.2299999995913,0.3333386185128039
598.2399999995913,0.6787973707525112
598.2499999995913,0.5254358511243088
598.2599999995912,0.3966133931838699
598.2699999995912,0.685770689264691
598.2799999995912,0.46469153776241046
598.289999999591,0.46336652047903854
598.299999999591,0.6857122511546979
598.309999999591,0.39783428363021045
598.319999999591,0.5244628642381292
598.3299999995909,0.6785337083538051
598.3399999995909,0.3340422511595516
598.3499999995909,0.5757353563118423
598.3599999995907,0.663755272792155
598.3699999995907,0.2877370687898438
598.3799999995907,0.6162386710368184
598.3899999995907,0.6405162523636205
598.3999999995906,0.2733967861016933
598.4099999995906,0.6465345358011779
598.4199999995906,0.6076565684515192
598.4299999995904,0.29648943642949777
598.4399999995904,0.6676262114523058
598.4499999995904,0.5639859170655832
598.4599999995904,0.34920906395885154
598.4699999995903,0.6804299496865821
598.4799999995903,0.50896782155519
598.4899999995903,0.41622570469600984
598.4999999995902,0.6855499773179019
598.5099999995901,0.44413840805409055
598.5199999995901,0.48364876009611407
598.5299999995901,0.6831923375451995
598.53999999959,0.3753494525861544
598.54999999959,0.5432576964937977
598.55999999959,0.6731321840904837
598.5699999995899,0.31469345676783816
598.5799999995899,0.5918772217704514
598.5899999995898,0.6547058211996513
598.5999999995898,0.2787523781911338
598.6099999995897,0.6292238042920002
598.6199999995897,0.626846494201857
598.6299999995897,0.2803958885634301
598.6399999995896,0.6561810222157828
598.6499999995896,0.588246964970161
598.6599999995896,0.3193534593214288
598.6699999995895,0.6738382625318593
598.6799999995894,0.5378390203536202
598.6899999995894,0.3823200443787852
598.6999999995894,0.6830529160762353
598.7099999995893,0.4759233444728323
598.7199999995893,0.45252000207970144
598.7299999995893,0.6842777810385637
598.7399999995893,0.40628015645665994
598.7499999995891,0.5178872983354971
598.7599999995891,0.6774984535773884
598.7699999995891,0.33881057403895426
598.779999999589,0.5726976523195869
598.789999999589,0.6622123155109737
598.799999999589,0.2899600656472909
598.809999999589,0.6155348102466968
598.8199999995888,0.6374441589315185
598.8299999995888,0.2764983524901349
598.8399999995888,0.6469910317527336
598.8499999995887,0.6018611915681849
598.8599999995887,0.30407850421014326
598.8699999995887,0.6682283522910328
598.8799999995887,0.554157783459754
598.8899999995886,0.3624316975138601
598.8999999995885,0.680286230781419
598.9099999995885,0.4940450496781923
598.9199999995884,0.433522507665211
598.9299999995884,0.6838010100418811
598.9399999995884,0.4242793725338609
598.9499999995884,0.502421762284458
598.9599999995883,0.6789051534960752
598.9699999995883,0.35361539141075
598.9799999995882,0.5612621490598032
598.9899999995881,0.6651937123592699
598.9999999995881,0.29832467890728315
599.0099999995881,0.6076271232603246
599.0199999995881,0.6417315169346555
599.029999999588,0.2771705448060186
599.039999999588,0.6418338741336875
599.049999999588,0.6071544161160225
599.0599999995878,0.29907142863763636
599.0699999995878,0.6650801881156918
599.0799999995878,0.5600360331851377
599.0899999995878,0.3554403734334838
599.0999999995877,0.6785253801876026
599.1099999995877,0.49987868820348524
599.1199999995877,0.42737836679705804
599.1299999995875,0.6829148007695884
599.1399999995875,0.42923373629268685
599.1499999995875,0.49822055130845727
599.1599999995875,0.6784464087970369
599.1699999995874,0.3569404761793401
599.1799999995874,0.558923287889377
599.1899999995874,0.6647281466918564
599.1999999995872,0.3000275524049632
599.2099999995872,0.6066182755432975
599.2199999995872,0.6407854227345157
599.2299999995872,0.27849808988538477
599.2399999995871,0.6415655472952831
599.2499999995871,0.6051762696115646
599.2599999995871,0.301783169665162
599.269999999587,0.6650311969225957
599.279999999587,0.5564130563661229
599.2899999995869,0.3603598143997436
599.2999999995869,0.6782417579638017
599.3099999995868,0.4941111505715836
599.3199999995868,0.43399882505876325
599.3299999995868,0.6819646147605608
599.3399999995867,0.42143924386274834
599.3499999995867,0.5054522141951258
599.3599999995866,0.6763628401982246
599.3699999995866,0.3487263717442453
599.3799999995865,0.5657956949702704
599.3899999995865,0.6609522489532157
599.3999999995865,0.29499246251339856
599.4099999995864,0.6124874234607401
599.4199999995864,0.6346215070806606
599.4299999995864,0.28073518595582075
599.4399999995863,0.6460382515048888
599.4499999995862,0.5957991589428745
599.4599999995862,0.3126411351154608
599.4699999995862,0.6678297946725696
599.4799999995861,0.5430334919688744
599.4899999995861,0.37730350983085326
599.4999999995861,0.6790898510038582
599.5099999995861,0.47652011330719657
599.5199999995859,0.4529513003861811
599.5299999995859,0.6804999236797695
599.5399999995859,0.4011850232729818
599.5499999995858,0.5232541458295519
599.5599999995858,0.6720658931108496
599.5699999995858,0.33058307462134223
599.5799999995858,0.5808044549527754
599.5899999995856,0.6530876902522849
599.5999999995856,0.28661273647362423
599.6099999995856,0.624103585822358
599.6199999995855,0.6222163223732287
599.6299999995855,0.28805935791730825
599.6399999995855,0.6541318455876806
599.6499999995855,0.5777466985725781
599.6599999995854,0.33459373726290126
599.6699999995853,0.6723667342310273
599.6799999995853,0.5185441036166173
599.6899999995852,0.4069524352443722
599.6999999995852,0.6799278573296944
599.7099999995852,0.44630477123311607
599.7199999995852,0.4831136497992977
599.7299999995851,0.6772724838383973
599.739999999585,0.36955494948671924
599.749999999585,0.5496368848798683
599.7599999995849,0.664103615667425
599.7699999995849,0.30698139774579364
599.7799999995849,0.6017542927685198
599.7899999995849,0.6393715908877756
599.7999999995848,0.28237590960512843
599.8099999995848,0.6393587232829671
599.8199999995848,0.6014260659158499
599.8299999995846,0.307590600156885
599.8399999995846,0.6638835221451838
599.8499999995846,0.5486014737566363
599.8599999995846,0.37109164060075145
599.8699999995845,0.676764592906316
599.8799999995845,0.48086247519058417
599.8899999995845,0.4488968743127198
599.8999999995843,0.678846783784342
599.9099999995843,0.4033049269805761
599.9199999995843,0.5219171762421
599.9299999995843,0.6701923370709953
599.9399999995842,0.330782379617832
599.9499999995842,0.5813800675536069
599.9599999995842,0.650039281848417
599.969999999584,0.287599323663551
599.979999999584,0.6255088262142369
599.989999999584,0.6168816832610093
599.999999999584,0.2936787540690593
600.0099999995839,0.6553989700899158
600.0199999995839,0.5688709538187906
600.0299999995839,0.34633618761446994
600.0399999995838,0.6726641116939611
600.0499999995837,0.5050815412627733
600.0599999995837,0.42285614832192076
600.0699999995837,0.6784558178568819
600.0799999995836,0.42854453323046504
600.0899999995836,0.4999858922632351
600.0999999995836,0.673131613112872
600.1099999995835,0.35119950528788163
600.1199999995835,0.5650192584103492
600.1299999995834,0.6561661919251528
600.1399999995834,0.29633716675081895
600.1499999995833,0.6142770414329589
600.1599999995833,0.626191634986646
600.1699999995833,0.2883209374106417
600.1799999995832,0.6483401961197103
600.1899999995832,0.5813050042807485
600.1999999995832,0.3315813162835868
600.2099999995831,0.6688875452807174
600.219999999583,0.5201327373938459
600.229999999583,0.40588242166047755
600.239999999583,0.6772922407649639
600.2499999995829,0.44459065029815825
600.2599999995829,0.485373916164318
600.2699999995829,0.6741293112960253
600.2799999995829,0.36492759599726987
600.2899999995827,0.5541732823513692
600.2999999995827,0.6590364026345527
600.3099999995827,0.30361480097361315
600.3199999995826,0.6069323998022487
600.3299999995826,0.6307305127972404
600.3399999995826,0.28736561660850485
600.3499999995826,0.6437440433077221
600.3599999995824,0.5872784625915609
600.3699999995824,0.3249808986148129
600.3799999995824,0.6663026957665839
600.3899999995823,0.5270950399906601
600.3999999995823,0.39796209691920054
600.4099999995823,0.6761255388724212
600.4199999995823,0.45165283809347695
600.4299999995822,0.4788475336924301
600.4399999995821,0.6739171019632384
600.4499999995821,0.3707038222681022
600.459999999582,0.5497230329915758
600.469999999582,0.6593873661986966
600.479999999582,0.30686744337201377
600.489999999582,0.6042254592157101
600.4999999995819,0.631258829520874
600.5099999995819,0.288257965715138
600.5199999995818,0.6421948880731011
600.5299999995817,0.5875445746327819
600.5399999995817,0.3251398634322979
600.5499999995817,0.6653602039023861
600.5599999995817,0.5266016016433975
600.5699999995816,0.39879779727883086
600.5799999995816,0.6753142003004903
600.5899999995816,0.45003286173318
600.5999999995814,0.48059876565670784
600.6099999995814,0.6727929397967992
600.6199999995814,0.3683003588599057
600.6299999995814,0.5519334446269105
600.6399999995813,0.6574731257766632
600.6499999995813,0.30544628826629444
600.6599999995813,0.6063461355360453
600.6699999995811,0.6279873508246709
600.6799999995811,0.29038826005582913
600.6899999995811,0.6437885378708881
600.6999999995811,0.5822595875750467
600.709999999581,0.33174380325256664
600.719999999581,0.6660766003140834
600.729999999581,0.5187550546655553
600.7399999995808,0.40820780182485716
600.7499999995808,0.6748072082939979
600.7599999995808,0.4398650200733403
600.7699999995808,0.49039348214070083
600.7799999995807,0.6706364684000117
600.7899999995807,0.35814545203251946
600.7999999995807,0.5604855342092957
600.8099999995806,0.6530879447850395
600.8199999995805,0.3003548798481238
600.8299999995805,0.6129249305146436
600.8399999995805,0.6206026598885607
600.8499999995804,0.29505825876410763
600.8599999995804,0.6481321831630469
600.8699999995804,0.571006395579023
600.8799999995803,0.34558889728839637
600.8899999995803,0.6680376017183624
600.8999999995802,0.5031604062033037
600.9099999995802,0.4261209055688136
600.9199999995801,0.6741476098426505
600.9299999995801,0.4212047621461047
600.9399999995801,0.5075666527841722
600.94999999958,0.6669083280797012
600.95999999958,0.34150811124487707
600.96999999958,0.5744958170060842
600.97999999958,0.6455584259099921
600.9899999995798,0.29436617374149543
600.9999999995798,0.6230674651110149
601.0099999995798,0.6082575044381979
601.0199999995797,0.3052198091889759
601.0299999995797,0.6543785686359725
601.0399999995797,0.5528167471531293
601.0499999995797,0.3680654457315892
601.0599999995795,0.6704207251749735
601.0699999995795,0.4790802379600418
601.0799999995795,0.4522003926850523
601.0899999995794,0.6724764011448712
601.0999999995794,0.3944841322760784
601.1099999995794,0.5308961685084871
601.1199999995794,0.6606310151482561
601.1299999995792,0.3212058705517252
601.1399999995792,0.5925380426274087
601.1499999995792,0.6337039532613309
601.1599999995791,0.2922804488252921
601.1699999995791,0.6354214149521993
601.1799999995791,0.589538673970934
601.1899999995791,0.32475429786718135
601.199999999579,0.6612846781942021
601.2099999995789,0.5262480565908959
601.2199999995789,0.4001779442113852
601.2299999995788,0.6720237353799907
601.2399999995788,0.4458598778387247
601.2499999995788,0.48531659044940406
601.2599999995788,0.6685219373514809
601.2699999995787,0.36152179825325026
601.2799999995786,0.5584970347413735
601.2899999995786,0.6503381368718473
601.2999999995785,0.3026757929907838
601.3099999995785,0.6127144302906922
601.3199999995785,0.6157644079338158
601.3299999995785,0.30064397007390015
601.3399999995784,0.6482735761168636
601.3499999995784,0.562457456062548
601.3599999995783,0.35696946274131325
601.3699999995782,0.6672744224366591
601.3799999995782,0.4896833987387584
601.3899999995782,0.44140789966757665
601.3999999995782,0.6712732095027981
601.4099999995781,0.40396861678728907
601.4199999995781,0.5232094765574475
601.4299999995781,0.660549296071214
601.4399999995779,0.32726256586093005
601.4499999995779,0.587882385871194
601.4599999995779,0.6339757628854205
601.4699999995779,0.29462805098506134
601.4799999995778,0.6327986616726579
601.4899999995778,0.5893199683202979
601.4999999995778,0.32593359038001596
601.5099999995776,0.659653388442251
601.5199999995776,0.5246168438811187
601.5299999995776,0.4025420565506874
601.5399999995776,0.6704696750362344
601.5499999995775,0.44227502429401644
601.5599999995775,0.48904875044074053
601.5699999995775,0.6661763137160459
601.5799999995774,0.3571739820232688
601.5899999995773,0.5626173531071426
601.5999999995773,0.6462397353899706
601.6099999995773,0.30169328963215397
601.6199999995772,0.6162198717059626
601.6299999995772,0.6087618701865137
601.6399999995772,0.30742002166565424
601.6499999995771,0.6504066846040611
601.659999999577,0.5513366851821563
601.669999999577,0.37101312401121134
601.679999999577,0.6673899747623956
601.6899999995769,0.47401127838161183
601.6999999995769,0.458153771579671
601.7099999995769,0.6686399814925404
601.7199999995768,0.38635139092989457
601.7299999995768,0.5385706229323454
601.7399999995768,0.6541736351239232
601.7499999995767,0.31581257322896117
601.7599999995766,0.5998406998396497
601.7699999995766,0.6224902148857697
601.7799999995766,0.29926709049858546
601.7899999995765,0.640651875736621
601.7999999995765,0.5711192118506915
601.8099999995765,0.3476149462171285
601.8199999995765,0.6630957877180809
601.8299999995763,0.4988157945632045
601.8399999995763,0.4321037026241023
601.8499999995763,0.6690520690839766
601.8599999995762,0.41154237714907727
601.8699999995762,0.5172019317470102
601.8799999995762,0.6590161729734911
601.8899999995762,0.3319544742453475
601.899999999576,0.5848555596085799
601.909999999576,0.6318696992556434
601.919999999576,0.29811252153512674
601.9299999995759,0.631380470113887
601.9399999995759,0.585235045531881
601.9499999995759,0.33178773230170017
601.9599999995759,0.65847273269086
601.9699999995757,0.5171845472297517
601.9799999995757,0.4117630535230144
601.9899999995757,0.6682847045146741
601.9999999995756,0.4313775448776843
602.0099999995756,0.49965383786658807
602.0199999995756,0.6617023165733386
602.0299999995756,0.3467118782953365
602.0399999995755,0.5722823283571892
602.0499999995754,0.637934135885662
602.0599999995754,0.3006158035935231
602.0699999995753,0.6234338549462581
602.0799999995753,0.5947370879999204
602.0899999995753,0.3221664480155661
602.0999999995753,0.654239704197439
602.1099999995752,0.5298330412877605
602.1199999995752,0.3973523927336087
602.1299999995751,0.6670070914515839
602.139999999575,0.44549274321798915
602.149999999575,0.48669998614416904
602.159999999575,0.6629173713754756
602.169999999575,0.3580994374675151
602.1799999995749,0.5629079867213936
602.1899999995749,0.6414277189280614
602.1999999995749,0.30414459230891217
602.2099999995747,0.6174712472771746
602.2199999995747,0.6004085615564683
602.2299999995747,0.317207957454474
602.2399999995747,0.6509415906275634
602.2499999995746,0.5374064516688773
602.2599999995746,0.3886821877062327
602.2699999995746,0.6657008841462276
602.2799999995744,0.4539517933327138
602.2899999995744,0.4787741725902962
602.2999999995744,0.6631302167360741
602.3099999995744,0.3651145485360098
602.3199999995743,0.557261583579645
602.3299999995743,0.6428424187898938
602.3399999995743,0.3069797319941274
602.3499999995742,0.6139425392779035
602.3599999995741,0.6027656321743744
602.3699999995741,0.3156679555908718
602.3799999995741,0.6489368796146282
602.389999999574,0.5403637259655263
602.399999999574,0.3854295935204883
602.409999999574,0.6646642789833831
602.4199999995739,0.4569297058970377
602.4299999995739,0.47604790628864246
602.4399999995738,0.6626115752978449
602.4499999995738,0.3673647645099481
602.4599999995737,0.555612499878147
602.4699999995737,0.6424438092360393
602.4799999995737,0.3082766807439655
602.4899999995736,0.6130720636208685
602.4999999995736,0.6020724803386636
602.5099999995736,0.31686684956243294
602.5199999995735,0.6483876970994333
602.5299999995734,0.5389397180735047
602.5399999995734,0.38735343061856
602.5499999995734,0.6640121266051613
602.5599999995733,0.4545667005530163
602.5699999995733,0.4785080781667025
602.5799999995733,0.6614430604510473
602.5899999995733,0.36485003074617905
602.5999999995731,0.5579815505824796
602.6099999995731,0.6402856845368807
602.6199999995731,0.30797764464273797
602.629999999573,0.6148538132634761
602.639999999573,0.5983540599870938
602.649999999573,0.32078182443531766
602.659999999573,0.6492561664359614
602.6699999995728,0.5331413164395344
602.6799999995728,0.394390726100219
602.6899999995728,0.6636763755421858
602.6999999995727,0.4469310038521852
602.7099999995727,0.4859959364303861
602.7199999995727,0.6595207690831274
602.7299999995727,0.3579028485668224
602.7399999995725,0.5641521693676931
602.7499999995725,0.6362152931697483
602.7599999995725,0.3067676351315938
602.7699999995724,0.6190562547851132
602.7799999995724,0.5914029816439208
602.7899999995724,0.32801073303242045
602.7999999995724,0.6513081505758809
602.8099999995723,0.5227632754305631
602.8199999995722,0.4066212152698373
602.8299999995722,0.663408355395531
602.8399999995721,0.43406670246653883
602.8499999995721,0.49819344252616093
602.8599999995721,0.6565548056689678
602.8699999995721,0.34727344759934897
602.879999999572,0.5736767836516382
602.889999999572,0.6298704337007769
602.899999999572,0.3060799693382783
602.9099999995718,0.6252351892153172
602.9199999995718,0.5807824142379383
602.9299999995718,0.33961723845124336
602.9399999995718,0.6541234028547854
602.9499999995717,0.5074294109398567
602.9599999995717,0.42411638728595585
602.9699999995717,0.6627818971531073
602.9799999995715,0.4161372106769402
602.9899999995715,0.5145708042418489
602.9999999995715,0.6520638955336592
603.0099999995715,0.33434492294302576
603.0199999995714,0.585883342074606
603.0299999995714,0.6206691487216679
603.0399999995714,0.308082187205338
603.0499999995712,0.6327540322065569
603.0599999995712,0.5658326570345643
603.0699999995712,0.35683666294621463
603.0799999995712,0.6571093715265817
603.0899999995711,0.4866855819292607
603.0999999995711,0.44671783357932177
603.1099999995711,0.661194040407071
603.119999999571,0.3937031920420555
603.1299999995709,0.5343296045896508
603.1399999995709,0.6453625770692228
603.1499999995709,0.3214331179392231
603.1599999995708,0.5998922047202193
603.1699999995708,0.6077941294061228
603.1799999995708,0.3155047395455834
603.1899999995707,0.6408101679827573
603.1999999995707,0.5457006453575245
603.2099999995706,0.38063917194475066
603.2199999995706,0.6595138626699231
603.2299999995705,0.4602009047735257
603.2399999995705,0.47382042139225194
603.2499999995705,0.6578581408666873
603.2599999995704,0.368183272316915
603.2699999995704,0.556381264291068
603.2799999995704,0.6355381286161201
603.2899999995703,0.31202947272582104
603.2999999995702,0.6146505331657001
603.3099999995702,0.5901803538607143
603.3199999995702,0.33114802020826245
603.3299999995701,0.6484628460163219
603.3399999995701,0.5194371932025985
603.3499999995701,0.4112298248466472
603.35999999957,0.6604294287010641
603.3699999995699,0.42817532112589535
603.3799999995699,0.5042525116143534
603.3899999995699,0.651782975277024
603.3999999995698,0.3424890055889067
603.4099999995698,0.5793858023831038
603.4199999995698,0.6214173851479339
603.4299999995698,0.31067648161119515
603.4399999995696,0.6289810058831676
603.4499999995696,0.5665328161400222
603.4599999995696,0.3570127308505974
603.4699999995695,0.6546534847374175
603.4799999995695,0.486258123012134
603.4899999995695,0.4476745464649469
603.4999999995695,0.6587802832204879
603.5099999995693,0.39208026231410015
603.5199999995693,0.5363199642886548
603.5299999995693,0.6417322482525922
603.5399999995692,0.32160517160177343
603.5499999995692,0.6018453341513827
603.5599999995692,0.6015351773801803
603.5699999995692,0.32205749157389557
603.579999999569,0.6416295078353121
603.589999999569,0.5354460410625073
603.599999999569,0.3933052505586542
603.6099999995689,0.6582053073105161
603.6199999995689,0.44614952899110605
603.6299999995689,0.4878673039039289
603.6399999995689,0.6532819098632097
603.6499999995688,0.3557654098396288
603.6599999995688,0.5680071158092515
603.6699999995687,0.6261654416394938
603.6799999995686,0.312447331955185
603.6899999995686,0.6222157665568492
603.6999999995686,0.5741494529364239
603.7099999995686,0.3491836187747544
603.7199999995685,0.6512887005235641
603.7299999995685,0.49579345268154634
603.7399999995685,0.4378928493793517
603.7499999995683,0.6577877606769564
603.7599999995683,0.40106610980024054
603.7699999995683,0.5289072434690694
603.7799999995683,0.6423668660454946
603.7899999995682,0.3264923716776046
603.7999999995682,0.5972455730553562
603.8099999995682,0.6031836154907825
603.819999999568,0.3220256624612148
603.829999999568,0.638985911072458
603.839999999568,0.5374330682896756
603.849999999568,0.39147109516861606
603.8599999995679,0.6565741064709149
603.8699999995679,0.447717580886618
603.8799999995679,0.486696716569292
603.8899999995677,0.6518335245225719
603.8999999995677,0.35676934256018883
603.9099999995677,0.5677094725130923
603.9199999995677,0.624085042791937
603.9299999995676,0.3144483043519781
603.9399999995676,0.6221277706488572
603.9499999995676,0.5705702995885465
603.9599999995675,0.35383491769915426
603.9699999995674,0.6506811660237276
603.9799999995674,0.49015986878982915
603.9899999995674,0.4442399673172974
603.9999999995673,0.6559351764212451
604.0099999995673,0.39465521444102547
604.0199999995673,0.5348820150761372
604.0299999995672,0.6384062366763082
604.0399999995672,0.3242625080119044
604.0499999995671,0.6015383654758754
604.0599999995671,0.5960358232747334
604.069999999567,0.3288244280555678
604.079999999567,0.640975429543857
604.089999999567,0.5261918723140225
604.0999999995669,0.40479438533084633
604.1099999995669,0.6557692676137283
604.1199999995669,0.4334988442954661
604.1299999995668,0.500358549416217
604.1399999995667,0.6474945305231061
604.1499999995667,0.3462127222474694
604.1599999995667,0.5781138380303569
604.1699999995666,0.6150527074866359
604.1799999995666,0.3176993216029201
604.1899999995666,0.6282361100077581
604.1999999995666,0.555536837504234
604.2099999995664,0.37139134317499534
604.2199999995664,0.6522372100801416
604.2299999995664,0.46939646998846307
604.2399999995663,0.4659704109496821
604.2499999995663,0.6524651306503326
604.2599999995663,0.3745028891950162
604.2699999995663,0.5528552050356691
604.2799999995661,0.628835066185342
604.2899999995661,0.31905172294878076
604.2999999995661,0.6132132970289932
604.309999999566,0.57879226251567
604.319999999566,0.34614346051555916
604.329999999566,0.6461108798983515
604.339999999566,0.500616151948674
604.3499999995659,0.4335779465054798
604.3599999995658,0.6542366991064877
604.3699999995658,0.4044780019786282
604.3799999995657,0.526850319014334
604.3899999995657,0.6384530153990963
604.3999999995657,0.329744620644181
604.4099999995657,0.5966579388969916
604.4199999995656,0.5968478175946439
604.4299999995656,0.3298028003112867
604.4399999995655,0.6380804999937318
604.4499999995654,0.5267519853375767
604.4599999995654,0.40479324556767493
604.4699999995654,0.6535774730473408
604.4799999995654,0.4331148240728517
604.4899999995653,0.5012084732397649
604.4999999995653,0.6448099447050225
604.5099999995653,0.34615925497186045
604.5199999995651,0.5793257940179056
604.5299999995651,0.6106134106512254
604.5399999995651,0.3217685888109064
604.5499999995651,0.6287836210987426
604.559999999565,0.5480715376430886
604.569999999565,0.38072725892932485
604.579999999565,0.6511440983717219
604.5899999995648,0.45879122190787125
604.5999999995648,0.47696413129594345
604.6099999995648,0.6486591174302005
604.6199999995647,0.3651073095281723
604.6299999995647,0.5619600366906509
604.6399999995647,0.6209120167161891
604.6499999995647,0.3204803105377221
604.6599999995645,0.6188178057057839
604.6699999995645,0.5651187934141031
604.6799999995645,0.36185385317775054
604.6899999995644,0.6475088151550191
604.6999999995644,0.4808411150559198
604.7099999995644,0.45497751919445695
604.7199999995644,0.6506288186013074
604.7299999995643,0.3842191502123513
604.7399999995642,0.5452602706981624
604.7499999995642,0.6284490258909963
604.7599999995641,0.32395443173626554
604.7699999995641,0.6087408213814909
604.7799999995641,0.5785038247151276
604.7899999995641,0.34803086461521543
604.799999999564,0.6431756018279893
604.809999999564,0.49915788364012215
604.819999999564,0.4358620601389309
604.8299999995638,0.6512446500116355
604.8399999995638,0.40194725061941794
604.8499999995638,0.5298479378063481
604.8599999995638,0.6338127446782232
604.8699999995637,0.3302370204156803
604.8799999995637,0.599062764740832
604.8899999995637,0.5888031290075347
604.8999999995635,0.3386496266374157
604.9099999995635,0.6385875677909716
604.9199999995635,0.5139175585684287
604.9299999995635,0.41995905876299533
604.9399999995634,0.6509458344042092
604.9499999995634,0.41739348298185847
604.9599999995634,0.5162380480252017
604.9699999995632,0.6374849805701651
604.9799999995632,0.3376710699004378
604.9899999995632,0.5902346224075523
604.9999999995632,0.5965183087198477
605.0099999995631,0.3328429864843327
605.0199999995631,0.6341282934174833
605.0299999995631,0.5254089571907136
605.039999999563,0.4073630266091605
605.0499999995629,0.6500956691908734
605.0599999995629,0.43010400802922405
605.0699999995629,0.5048243093169668
605.0799999995628,0.6398528461754083
605.0899999995628,0.3449918153194284
605.0999999995628,0.5826371801556717
605.1099999995627,0.6020628437633833
605.1199999995627,0.32968333240692044
605.1299999995626,0.630119668623517
605.1399999995626,0.5339378648618062
605.1499999995625,0.3979851250158613
605.1599999995625,0.6489874005573967
605.1699999995625,0.43989679342030363
605.1799999995624,0.4958799755759587
605.1899999995624,0.6412186239868589
605.1999999995624,0.35131276495636377
605.2099999995623,0.5765729450327155
605.2199999995622,0.6057610605910877
605.2299999995622,0.3283309725795558
605.2399999995622,0.626818335884706
605.2499999995621,0.539776546757165
605.2599999995621,0.39163403535422636
605.2699999995621,0.6478470077128592
605.279999999562,0.4467377664431614
605.2899999995619,0.4895718350019573
605.2999999995619,0.6418070202639453
605.3099999995619,0.3560639418810369
605.3199999995618,0.5722621536008092
605.3299999995618,0.6078515114457512
605.3399999995618,0.3281246012270216
605.3499999995618,0.6244122439729723
605.3599999995616,0.543139030340242
605.3699999995616,0.3880942287332392
605.3799999995616,0.6468342249681776
605.3899999995615,0.45066056617196876
605.3999999995615,0.48598138857734746
605.4099999995615,0.64177009878496
605.4199999995615,0.3589233331543135
605.4299999995613,0.5698424668170411
605.4399999995613,0.6084912194519857
605.4499999995613,0.32862497822938197
605.4599999995612,0.6230181983578277
605.4699999995612,0.5441703481700542
605.4799999995612,0.38718764668428496
605.4899999995612,0.646042821602968
605.499999999561,0.45171962258604087
605.509999999561,0.4851262046353907
605.519999999561,0.6411904460689445
605.5299999995609,0.3597627104643792
605.5399999995609,0.5693710115798865
605.5499999995609,0.6077593422297772
605.5599999995609,0.32962872501333046
605.5699999995608,0.6226807759792011
605.5799999995608,0.542943220998747
605.5899999995607,0.38881175830823095
605.5999999995606,0.6455008184141667
605.6099999995606,0.44996768123949576
605.6199999995606,0.48697547766501503
605.6299999995606,0.6400830707537492
605.6399999995605,0.3586161290639262
605.6499999995605,0.5708272152748517
605.6599999995605,0.6056597929672078
605.6699999995603,0.3311660736637903
605.6799999995603,0.6233726308258746
605.6899999995603,0.5394590350983397
605.6999999995603,0.39295205394491317
605.7099999995602,0.6451709997559145
605.7199999995602,0.4454522553336656
605.7299999995602,0.49145620524875805
605.73999999956,0.6383963685381878
605.74999999956,0.3556727198525126
605.75999999956,0.5741153203546977
605.76999999956,0.6021228180251322
605.7799999995599,0.33348957187443756
605.7899999995599,0.6249960540583774
605.7999999995599,0.5336522082001514
605.8099999995597,0.3996698097543939
605.8199999995597,0.6449517998802284
605.8299999995597,0.43822902755004056
605.8399999995597,0.49844930258573117
605.8499999995596,0.6360122840022047
605.8599999995596,0.35129199700012714
605.8699999995596,0.5790662805191205
605.8799999995595,0.5970058064450691
605.8899999995594,0.3370533039530663
605.8999999995594,0.6273856024648132
605.9099999995594,0.5253988204924316
605.9199999995593,0.409067491932246
605.9299999995593,0.6446784002027394
605.9399999995593,0.42839340085148
605.9499999995592,0.5077777684655901
605.9599999995592,0.632745628270003
605.9699999995591,0.3460369560604934
605.9799999995591,0.5854395614160884
605.989999999559,0.5900939384567976
605.999999999559,0.3424758642200096
606.009999999559,0.6303115698565713
606.0199999995589,0.5145322672397843
606.0299999995589,0.42123596338196945
606.0399999995589,0.6441236591319088
606.0499999995588,0.4161339086716588
606.0599999995587,0.5191912236144787
606.0699999995587,0.6283424199657748
606.0799999995587,0.3407153604974333
606.0899999995586,0.5929258562250737
606.0999999995586,0.5811019040096945
606.1099999995586,0.35047671248588574
606.1199999995586,0.6334839586873784
606.1299999995584,0.5008711413002928
606.1399999995584,0.4361906698559727
606.1499999995584,0.6429983061762806
606.1599999995583,0.40181222414431167
606.1699999995583,0.5323523264717025
606.1799999995583,0.6224771886682725
606.1899999995583,0.3364112272259366
606.1999999995581,0.6011516685504945
606.2099999995581,0.5696791560234296
606.2199999995581,0.36177698861137914
606.229999999558,0.6365563724151271
606.239999999558,0.48426792534432045
606.249999999558,0.45380793242668643
606.259999999558,0.640949690247581
606.2699999995579,0.3860719867695594
606.2799999995578,0.5468303258914781
606.2899999995578,0.6147495671973771
606.2999999995577,0.33447707235690116
606.3099999995577,0.6096860854984767
606.3199999995577,0.5554234933518775
606.3299999995577,0.3769649375943404
606.3399999995576,0.6391289212163371
606.3499999995576,0.4646912593957706
606.3599999995575,0.47377558058694913
606.3699999995574,0.637558346329288
606.3799999995574,0.36996862125427604
606.3899999995574,0.562105156487072
606.3999999995574,0.6046814964563735
606.4099999995573,0.3364479708384645
606.4199999995573,0.6180490379601079
606.4299999995573,0.5379119106034536
606.4399999995571,0.39634313943387367
606.4499999995571,0.6407489013364184
606.4599999995571,0.44235806621394197
606.4699999995571,0.49557176878843534
606.479999999557,0.6323318810121881
606.489999999557,0.35508943035849766
606.499999999557,0.5775823298789747
606.5099999995568,0.5917185321713803
606.5199999995568,0.34384278024083015
606.5299999995568,0.6257192391317231
606.5399999995568,0.5167644541704457
606.5499999995567,0.4197943148086744
606.5599999995567,0.6409078045365567
606.5699999995567,0.41792976989876623
606.5799999995565,0.51848004933771
606.5899999995565,0.6246964710208875
606.5999999995565,0.3435954185015051
606.6099999995565,0.5926153103462897
606.6199999995564,0.5752430858329299
606.6299999995564,0.35785147869640493
606.6399999995564,0.6321391515562976
606.6499999995563,0.4917665670769238
606.6599999995562,0.44671247730855396
606.6699999995562,0.6390333141778736
606.6799999995562,0.3927678884920454
606.6899999995561,0.5416384097979106
606.6999999995561,0.6139882181326826
606.7099999995561,0.33807692180761645
606.719999999556,0.6065292609823968
606.729999999556,0.5546156134569198
606.739999999556,0.37897427678669743
606.7499999995559,0.6367140132288527
606.7599999995558,0.4630853992147255
606.7699999995558,0.476034155580662
606.7799999995558,0.6344756342426315
606.7899999995557,0.3691898777551616
606.7999999995557,0.5641089270999359
606.8099999995557,0.5994509106055431
606.8199999995556,0.34111844091783344
606.8299999995555,0.6186389280140053
606.8399999995555,0.5292739447210905
606.8499999995555,0.4067479041922618
606.8599999995554,0.6388022757382944
606.8699999995554,0.4316140816853981
606.8799999995554,0.5063694834197946
606.8899999995554,0.6264893678229396
606.8999999995552,0.3505639963917975
606.9099999995552,0.5849479669303047
606.9199999995552,0.58025570191879
606.9299999995551,0.35457909220461675
606.9399999995551,0.6282541997836831
606.9499999995551,0.49894194965206706
606.9599999995551,0.43970463886596
606.969999999555,0.6376958769877639
606.9799999995549,0.3994339301226012
606.9899999995549,0.5361921416586231
606.9999999995548,0.6142165432384818
607.0099999995548,0.3409728081448776
607.0199999995548,0.6032573436529614
607.0299999995548,0.5555757144070981
607.0399999995547,0.3788210225948362
607.0499999995546,0.6346690209223849
607.0599999995546,0.4640188905899072
607.0699999995545,0.47561865818943183
607.0799999995545,0.6325910096534193
607.0899999995545,0.37024490693314377
607.0999999995545,0.5640248615180088
607.1099999995544,0.5966861701535081
607.1199999995544,0.3442143835088673
607.1299999995543,0.6182034660793538
607.1399999995542,0.5247792669416288
607.1499999995542,0.412302971207653
607.1599999995542,0.6371321325916951
607.1699999995542,0.4262049157342184
607.1799999995541,0.5119465602979181
607.1899999995541,0.6225548683079156
607.199999999554,0.3493579518941913
607.2099999995539,0.5885654461057579
607.2199999995539,0.5728665604701092
607.2299999995539,0.362300581972044
607.2399999995539,0.629000319647322
607.2499999995538,0.48784771835720653
607.2599999995538,0.45185122161548563
607.2699999995538,0.634801451463171
607.2799999995536,0.38927474956515956
607.2899999995536,0.5462744428981733
607.2999999995536,0.6065049143880856
607.3099999995536,0.34265326703064686
607.3199999995535,0.6087276556565459
607.3299999995535,0.5418474797832163
607.3399999995535,0.3942353506730297
607.3499999995533,0.6348594354648165
607.3599999995533,0.44614370365993444
607.3699999995533,0.49350745230772414
607.3799999995533,0.6266894220210842
607.3899999995532,0.3595176874155196
607.3999999995532,0.5766092720655043
607.4099999995532,0.583242483550453
607.419999999553,0.35430677080582457
607.429999999553,0.6236016716390268
607.439999999553,0.5032956919155769
607.449999999553,0.43601805534167254
607.4599999995529,0.6349147544177747
607.4699999995529,0.4035258130714585
607.4799999995529,0.5334888120970517
607.4899999995528,0.6116194689248964
607.4999999995528,0.344834077158877
607.5099999995527,0.6014572190679232
607.5199999995527,0.5516364354656766
607.5299999995526,0.3843472256552411
607.5399999995526,0.6323561212745811
607.5499999995526,0.45838758053390843
607.5599999995525,0.4820045446823219
607.5699999995525,0.6281355416125102
607.5799999995525,0.36727462878753947
607.5899999995524,0.568812001085277
607.5999999995523,0.5882454730287758
607.6099999995523,0.3516894127750785
607.6199999995523,0.6197273690179681
607.6299999995522,0.5111495793013567
607.6399999995522,0.42803090615503586
607.6499999995522,0.6341072245398197
607.6599999995522,0.41130451779885707
607.669999999552,0.5267021551347663
607.679999999552,0.6132548474785908
607.689999999552,0.34733861935585736
607.6999999995519,0.5974380302181085
607.7099999995519,0.5552593769735908
607.7199999995519,0.3811516804846492
607.7299999995519,0.6305367651461529
607.7399999995517,0.4630074868652686
607.7499999995517,0.47780764559120187
607.7599999995517,0.6277806484904644
607.7699999995516,0.3706545219785704
607.7799999995516,0.5659430345064579
607.7899999995516,0.5887828883237156
607.7999999995516,0.3523244531721619
607.8099999995515,0.6180635462587049
607.8199999995514,0.5120525076237014
607.8299999995514,0.42745553505467065
607.8399999995513,0.6329830495880355
607.8499999995513,0.41217702164742653
607.8599999995513,0.5262917120753564
607.8699999995513,0.612005867813984
607.8799999995512,0.34865614506941417
607.8899999995512,0.5971086593506992
607.8999999995511,0.55327911911218
607.909999999551,0.38374265756860815
607.919999999551,0.6297587168308307
607.929999999551,0.46025783546585586
607.939999999551,0.48085461528460705
607.9499999995509,0.6259316863333677
607.9599999995509,0.3692564142647295
607.9699999995509,0.5681462730878512
607.9799999995507,0.5851417386911898
607.9899999995507,0.3556132055350367
607.9999999995507,0.6187205677740253
608.0099999995507,0.5062633725914588
608.0199999995506,0.43400103904630366
608.0299999995506,0.6315948774484703
608.0399999995506,0.4063780082138464
608.0499999995504,0.5320986042446395
608.0599999995504,0.6078756790722866
608.0699999995504,0.34904027695431983
608.0799999995504,0.6003083643205401
608.0899999995503,0.5456901712055147
608.0999999995503,0.39214912124188717
608.1099999995503,0.6298289638086328
608.1199999995501,0.4503623982174728
608.1299999995501,0.49083001907835255
608.1399999995501,0.6223384330419947
608.1499999995501,0.36396361542823674
608.15999999955,0.5749793675058873
608.16999999955,0.5770171028832772
608.17999999955,0.3624839749246062
608.1899999995499,0.6212447115463294
608.1999999995498,0.4936627457064647
608.2099999995498,0.4476005906950996
608.2199999995498,0.6294561977319929
608.2299999995497,0.39477356308858247
608.2399999995497,0.5434688415430758
608.2499999995497,0.6002951404182081
608.2599999995496,0.35038755911956954
608.2699999995496,0.6063026137310725
608.2799999995495,0.5319739324195689
608.2899999995495,0.40715533904768997
608.2999999995494,0.630019361292798
608.3099999995494,0.4336858859539318
608.3199999995494,0.5071028516558046
608.3299999995493,0.6162008816738258
608.3399999995493,0.3570754777445803
608.3499999995493,0.5854356016916559
608.3599999995492,0.5635483144237375
608.3699999995491,0.3750435666954071
608.3799999995491,0.62464594236869
608.3899999995491,0.4739651093913978
608.399999999549,0.46809336456776607
608.409999999549,0.6255482482525925
608.419999999549,0.3793091417122367
608.429999999549,0.5592079929183934
608.4399999995488,0.5881319139058577
608.4499999995488,0.3560852852320046
608.4599999995488,0.6138198384521045
608.4699999995487,0.5112577813119598
608.4799999995487,0.42966090179508415
608.4899999995487,0.6290845742194069
608.4999999995487,0.4113181401760976
608.5099999995485,0.5284992785728384
608.5199999995485,0.6061633030478358
608.5299999995485,0.35264561743545647
608.5399999995484,0.5979634581560546
608.5499999995484,0.5434055210020158
608.5599999995484,0.3957755668124199
608.5699999995484,0.6274325739790175
608.5799999995482,0.4472614031919912
608.5899999995482,0.4946831745599995
608.5999999995482,0.618313685164052
608.6099999995481,0.36383556364003045
608.6199999995481,0.5775287752705368
608.6299999995481,0.5697183419022944
608.6399999995481,0.3704015956718396
608.649999999548,0.6210995222977843
608.659999999548,0.48272886600604953
608.6699999995479,0.4597399288445424
608.6799999995478,0.6252668329603938
608.6899999995478,0.38617836237081954
608.6999999995478,0.5530981730648976
608.7099999995478,0.5903051495119166
608.7199999995477,0.3564331047962865
608.7299999995477,0.6105153385217565
608.7399999995476,0.5150591738988968
608.7499999995475,0.4262119015825821
608.7599999995475,0.6276343434705016
608.7699999995475,0.4151597266712207
608.7799999995475,0.5254833261445869
608.7899999995474,0.6056301189635283
608.7999999995474,0.35483315141884436
608.8099999995474,0.5960823516390218
608.8199999995472,0.5429959726758291
608.8299999995472,0.3969253232826006
608.8399999995472,0.6259382992060534
608.8499999995472,0.4466391492949867
608.8599999995471,0.49580106733140616
608.8699999995471,0.6162672673806633
608.8799999995471,0.3644722594638749
608.889999999547,0.5782285560412548
608.8999999995469,0.5661904091447609
608.9099999995469,0.3744881497867627
608.9199999995469,0.6206243165139914
608.9299999995468,0.47756701551277597
608.9399999995468,0.46549518647144233
608.9499999995468,0.6227834898513958
608.9599999995467,0.38272152064191584
608.9699999995466,0.5574585537396978
608.9799999995466,0.584792910723826
608.9899999995466,0.36071438616363233
608.9999999995465,0.6120865296087691
609.0099999995465,0.5060694509635364
609.0199999995465,0.4362712927102994
609.0299999995464,0.6256933600461875
609.0399999995464,0.4063927422400047
609.0499999995463,0.5343953838849765
609.0599999995463,0.5991858310363388
609.0699999995462,0.35621885629410716
609.0799999995462,0.6006955965701894
609.0899999995462,0.5312101414032319
609.0999999995461,0.4099283312135714
609.1099999995461,0.6254501080755392
609.119999999546,0.43253956860789966
609.129999999546,0.5098043719812544
609.1399999995459,0.6098311081488443
609.1499999995459,0.3603689226901488
609.1599999995459,0.5868251155678911
609.1699999995458,0.55268187324346
609.1799999995458,0.38810792979279557
609.1899999995458,0.622452956769255
609.1999999995458,0.45888446558801593
609.2099999995456,0.48458920237979525
609.2199999995456,0.6171932519271298
609.2299999995456,0.3715908952832284
609.2399999995455,0.5708734541665614
609.2499999995455,0.5705485785951098
609.2599999995455,0.3720273944057705
609.2699999995455,0.6170604803974432
609.2799999995453,0.4839049851060643
609.2899999995453,0.4597528180027149
609.2999999995453,0.6217060515449635
609.3099999995452,0.3878561013869053
609.3199999995452,0.5532784516108782
609.3299999995452,0.5850669719297185
609.3399999995452,0.36228505814645534
609.349999999545,0.6096047721005461
609.359999999545,0.5067252679882678
609.369999999545,0.43632277981341244
609.3799999995449,0.6237624801037316
609.3899999995449,0.4071356411815816
609.3999999995449,0.534522696442566
609.4099999995449,0.5965768629135856
609.4199999995448,0.35880544001618525
609.4299999995447,0.6004037981034731
609.4399999995447,0.5269435081193488
609.4499999995446,0.41525140234004454
609.4599999995446,0.6237157638325339
609.4699999995446,0.4276978388742473
609.4799999995446,0.5151277119210903
609.4899999995445,0.6054396518020793
609.4999999995445,0.3609340193960944
609.5099999995444,0.5897705922501469
609.5199999995443,0.5444694361855632
609.5299999995443,0.3973113991723718
609.5399999995443,0.621884989081888
609.5499999995443,0.44823169334153845
609.5599999995442,0.4956367103048784
609.5699999995442,0.6120070269818338
609.5799999995442,0.3676329478418246
609.589999999544,0.5780186138807867
609.599999999544,0.5593990843997074
609.609999999544,0.3830124639058667
609.619999999544,0.6185617694196439
609.6299999995439,0.46784433852139407
609.6399999995439,0.47658756056994633
609.6499999995439,0.6166071599895978
609.6599999995437,0.3777031422906975
609.6699999995437,0.5654630407033447
609.6799999995437,0.5719286910360222
609.6899999995437,0.3725595766927257
609.6999999995436,0.6140162461756795
609.7099999995436,0.48599339079882764
609.7199999995436,0.45847981516473074
609.7299999995435,0.6195403288394284
609.7399999995434,0.3899707251834824
609.7499999995434,0.5524181801561056
609.7599999995434,0.5822999845833584
609.7699999995433,0.36586111471038774
609.7799999995433,0.6085016530235825
609.7899999995433,0.502400027681012
609.7999999995432,0.4417413370686742
609.8099999995432,0.6210791719913187
609.8199999995431,0.4034080380568193
609.8299999995431,0.539191609895112
609.839999999543,0.5907675743223098
609.849999999543,0.36257987959126015
609.859999999543,0.6022572055597819
609.8699999995429,0.5169681639530759
609.8799999995429,0.42670054459695145
609.8899999995429,0.6214708633418007
609.8999999995428,0.4171892814020909
609.9099999995427,0.5260760660560753
609.9199999995427,0.5975807236866504
609.9299999995427,0.3622096140730277
609.9399999995426,0.595509383767285
609.9499999995426,0.5297196481170605
609.9599999995426,0.4135692129773796
609.9699999995426,0.6209397597348737
609.9799999995424,0.43069724569309487
609.9899999995424,0.5133404049803519
609.9999999995424,0.6029739493563633
610.0099999995423,0.3641569177032013
610.0199999995423,0.5884718617971588
610.0299999995423,0.5407466904602083
610.0399999995423,0.40243840494610417
610.0499999995421,0.6196898092716349
610.0599999995421,0.4435011933215961
610.0699999995421,0.5012210824214121
610.079999999542,0.6071627597854018
610.089999999542,0.36781266133259416
610.099999999542,0.5813444510110162
610.109999999542,0.5501789733806668
610.1199999995418,0.39328722771836855
610.1299999995418,0.6179064286371492
610.1399999995418,0.4553222964295549
610.1499999995417,0.4899154738669841
610.1599999995417,0.6103422170967415
610.1699999995417,0.3726043630988295
610.1799999995417,0.5743114750526512
610.1899999995416,0.5581619178898914
610.1999999995415,0.3860016566776816
610.2099999995415,0.6157577905487397
610.2199999995414,0.4659972628486522
610.2299999995414,0.47957801072570166
610.2399999995414,0.6126869296879046
610.2499999995414,0.37802791881907427
610.2599999995413,0.5675399939486693
610.2699999995413,0.5648428578238294
610.2799999995412,0.38039928430232384
610.2899999995411,0.6133955846426957
610.2999999995411,0.47544572655484935
610.3099999995411,0.4703196061330874
610.3199999995411,0.6143516742665799
610.329999999541,0.3836616336648772
610.339999999541,0.561178242084563
610.349999999541,0.5703625571985237
610.3599999995408,0.37625571016523746
610.3699999995408,0.6109553709459802
610.3799999995408,0.48364353379226666
610.3899999995408,0.4622103051079438
610.3999999995407,0.6154722116322564
610.4099999995407,0.38916744460060515
610.4199999995407,0.5553545516240486
610.4299999995405,0.574850207875437
610.4399999995405,0.3733291048321805
610.4499999995405,0.6085566601282469
610.4599999995405,0.49060210152301814
610.4699999995404,0.4552846316659751
610.4799999995404,0.616166079352052
610.4899999995404,0.3942842751324142
610.4999999995403,0.5501769138191087
610.5099999995402,0.5784206237436649
610.5199999995402,0.37138076597819847
610.5299999995402,0.6063028447393684
610.5399999995401,0.49635311658942527
610.5499999995401,0.4495488001973521
610.5599999995401,0.6165332705615728
610.56999999954,0.39881754172852624
610.57999999954,0.545733205092939
610.5899999995399,0.581172779466352
610.5999999995399,0.3701907761228261
610.6099999995398,0.6042810814430585
610.6199999995398,0.5009375547261132
610.6299999995398,0.4449888375639965
610.6399999995397,0.616656776977483
610.6499999995397,0.40262763780433597
610.6599999995397,0.5420919922793364
610.6699999995396,0.5831891452161568
610.6799999995395,0.3695688743296618
610.6899999995395,0.6025621937826938
610.6999999995395,0.504398024504273
610.7099999995394,0.4415787039190541
610.7199999995394,0.6166030082060637
610.7299999995394,0.40561915016815214
610.7399999995394,0.5393037472144474
610.7499999995392,0.5845354739029083
610.7599999995392,0.36936126433638905
610.7699999995392,0.6012006345718457
610.7799999995391,0.506773598417709
610.7899999995391,0.4392876514459433
610.7999999995391,0.616422112933531
610.8099999995391,0.4077317615437563
610.8199999995389,0.5374022539939036
610.8299999995389,0.5852608322180458
610.8399999995389,0.3694543301329344
610.8499999995388,0.6002345212964365
610.8599999995388,0.5080964850702178
610.8699999995388,0.4380862613381882
610.8799999995388,0.616148229516874
610.8899999995386,0.40893326917191186
610.8999999995386,0.5364059840604677
610.9099999995386,0.5853977536175423
610.9199999995385,0.36977621251432896
610.9299999995385,0.5996857394401823
610.9399999995385,0.5083900789788326
610.9499999995385,0.4379508003293719
610.9599999995384,0.615799689427238
610.9699999995383,0.4092148471454925
610.9799999995383,0.5363192410573595
610.9899999995382,0.5849624470424066
610.9999999995382,0.37029701936012605
611.0099999995382,0.5995600991590112
611.0199999995382,0.5076680833848574
611.0299999995381,0.43886570930287305
611.039999999538,0.6153791903593554
611.049999999538,0.40858853178724314
611.0599999995379,0.5371329304542956
611.0699999995379,0.5839550312753483
611.0799999995379,0.3710281811808845
611.0899999995379,0.5998475283461827
611.0999999995378,0.5059345364945509
611.1099999995378,0.4408241690819758
611.1199999995378,0.6148739485273553
611.1299999995376,0.407086851098604
611.1399999995376,0.5388248784798562
611.1499999995376,0.5823597904699233
611.1599999995376,0.3720211756754955
611.1699999995375,0.6005222891027652
611.1799999995375,0.5031846893349092
611.1899999995375,0.4438267896536747
611.1999999995373,0.6142558328206268
611.2099999995373,0.4047645013030774
611.2199999995373,0.5413597005209229
611.2299999995373,0.5801454678901683
611.2399999995372,0.37336556303353063
611.2499999995372,0.6015432107303852
611.2599999995372,0.49940679144243927
611.269999999537,0.4478785547404415
611.279999999537,0.6134814776937991
611.289999999537,0.40170195324898345
611.299999999537,0.5446882910222539
611.3099999995369,0.5772656382633052
611.3199999995369,0.3751860185647919
611.3299999995369,0.6028539382146086
611.3399999995368,0.49458494690147337
611.3499999995367,0.45298424215190963
611.3599999995367,0.6124923675247109
611.3699999995367,0.39801081049988385
611.3799999995366,0.5487470667215334
611.3899999995366,0.5736592297051281
611.3999999995366,0.3776378435610533
611.4099999995365,0.6043831976248693
611.4199999995365,0.48870331236124404
611.4299999995364,0.4591426426203288
611.4399999995364,0.6112148835147909
611.4499999995363,0.39384060184043135
611.4599999995363,0.5534571345503205
611.4699999995363,0.5692513105112713
611.4799999995362,0.38090031166517563
611.4899999995362,0.6060450768683167
611.4999999995362,0.4817520210509962
611.5099999995361,0.46634001899372435
611.519999999536,0.6095603066471316
611.529999999536,0.38938643516625804
611.539999999536,0.5587235695610963
611.5499999995359,0.5639543215542077
611.5599999995359,0.3851672136668733
611.5699999995359,0.6077393114630131
611.5799999995357,0.47373532302755134
611.5899999995357,0.4745433689943318
611.5999999995357,0.6074247795614356
611.6099999995357,0.38489653428649945
611.6199999995356,0.5644349727471872
611.6299999995356,0.5576700317358535
611.6399999995356,0.3906341539338236
611.6499999995355,0.6093515512278925
611.6599999995354,0.46468250612712875
611.6699999995354,0.48369415350972744
611.6799999995354,0.6046892508941922
611.6899999995353,0.3806781177561226
611.6999999995353,0.5704634337773073
611.7099999995353,0.5502926331238183
611.7199999995352,0.3974825738142623
611.7299999995352,0.6107535676203717
611.7399999995351,0.45466215119885584
611.7499999995351,0.4937031910838231
611.759999999535,0.601219464823969
611.769999999535,0.3770994053021468
611.779999999535,0.5766649536477434
611.7899999995349,0.5417135868423095
611.7999999995349,0.40586113684701136
611.8099999995349,0.6118033472009039
611.8199999995348,0.44380008532733894
611.8299999995347,0.5044473637884633
611.8399999995347,0.5968661268166157
611.8499999995347,0.37458490201686623
611.8599999995346,0.5828802960337892
611.8699999995346,0.5318290899798396
611.8799999995346,0.4158659358583757
611.8899999995346,0.6123450101182979
611.8999999995344,0.4323008794137017
611.9099999995344,0.515768608743061
611.9199999995344,0.591465490064076
611.9299999995343,0.3736008034987875
611.9399999995343,0.5889361457264676
611.9499999995343,0.520551354426469
611.9599999995343,0.4275217966613393
611.9699999995341,0.6122085013801831
611.9799999995341,0.4204716927245622
611.9899999995341,0.5274753873485603
611.999999999534,0.5848407885049973
612.009999999534,0.37462781976326026
612.019999999534,0.5946463730294618
612.029999999534,0.5078252353869103
612.0399999995338,0.44076749061462406
612.0499999995338,0.6112090374443147
612.0599999995338,0.4087454917896336
612.0699999995337,0.5393464699057885
612.0799999995337,0.5768052237740294
612.0899999995337,0.37812040042536926
612.0999999995337,0.5998131477141918
612.1099999995336,0.49365201393838876
612.1199999995335,0.4554476444469858
612.1299999995335,0.6091463664123989
612.1399999995334,0.39769808979499005
612.1499999995334,0.5511365095087069
612.1599999995334,0.5671676349632992
612.1699999995334,0.38445449887554634
612.1799999995333,0.6042276269200951
612.1899999995333,0.47812208725430944
612.1999999995332,0.47131337228937914
612.2099999995331,0.6058040397102821
612.2199999995331,0.3880503874380102
612.2299999995331,0.5625825821161132
612.2399999995331,0.5557425840338551
612.249999999533,0.3938702695503032
612.259999999533,0.6076699667541935
612.269999999533,0.4614574983354644
612.2799999995328,0.48803220596570296
612.2899999995328,0.6009491324344367
612.2999999995328,0.38064474049583413
612.3099999995328,0.5734107019428796
612.3199999995327,0.5423673981203407
612.3299999995327,0.40642018696360754
612.3399999995327,0.6099084852386759
612.3499999995325,0.4440629151501744
612.3599999995325,0.5052060934604903
612.3699999995325,0.5943332441124066
612.3799999995325,0.37638464725611687
612.3899999995324,0.5833413156235853
612.3999999995324,0.5269296659057744
612.4099999995324,0.42193503237499524
612.4199999995323,0.6106979462536717
612.4299999995322,0.42657891946551424
612.4399999995322,0.5223945885712952
612.4499999995322,0.5856962438155318
612.4599999995321,0.3761326660023294
612.4699999995321,0.5920929282269358
612.4799999995321,0.509409529341201
612.489999999532,0.4400182076750304
612.499999999532,0.6097771652801296
612.5099999995319,0.40992365163242706
612.5199999995319,0.5391393640434233
612.5299999995318,0.5747752034882945
612.5399999995318,0.3805742875304973
612.5499999995318,0.5993832830019901
612.5599999995317,0.48994115294662144
612.5699999995317,0.4600725580266067
612.5799999995317,0.6068665083674833
612.5899999995316,0.3952988674749824
612.5999999995315,0.5549861155975604
612.6099999995315,0.5613224079619855
612.6199999995315,0.39007317001641734
612.6299999995314,0.6049278585892823
612.6399999995314,0.46889553348769464
612.6499999995314,0.4813551878880652
612.6599999995314,0.6016664592404144
612.6699999995312,0.38412866140101765
612.6799999995312,0.5695007203323458
612.6899999995312,0.5451382793998267
612.6999999995311,0.40455776834588225
612.7099999995311,0.6084358343132601
612.7199999995311,0.4469798620173435
612.7299999995311,0.5030480988127893
612.7399999995309,0.593859422129614
612.7499999995309,0.3779026019675567
612.7599999995309,0.5822778375009867
612.7699999995308,0.5261272437948382
612.7799999995308,0.4234799858055725
612.7899999995308,0.6096041238439908
612.7999999995308,0.42533396737797247
612.8099999995306,0.5243290175435988
612.8199999995306,0.583118543602027
612.8299999995306,0.3779205961945066
612.8399999995305,0.5929415657228123
612.8499999995305,0.5043859240310106
612.8599999995305,0.44586703996971766
612.8699999995305,0.6081106813896321
612.8799999995304,0.40558103816882535
612.8899999995303,0.5444285506929751
612.8999999995303,0.5691298623828072
612.9099999995302,0.38498612219781686
612.9199999995302,0.6011389680759509
612.9299999995302,0.48033078448596683
612.9399999995302,0.4704548150654052
612.9499999995301,0.6036092389379071
612.95999999953,0.3897650936359787
612.96999999953,0.5626653294846122
612.9799999995299,0.5516377228235395
612.9899999995299,0.39914656333850085
612.9999999995299,0.606528127049355
613.0099999995299,0.454860952735439
613.0199999995298,0.4958618231878096
613.0299999995298,0.5957292761424386
613.0399999995298,0.38010412399863447
613.0499999995296,0.5784573244915917
613.0599999995296,0.5305277239879191
613.0699999995296,0.4195929590273805
613.0799999995296,0.6087630174729056
613.0899999995295,0.4295235808740688
613.0999999995295,0.5207532023998174
613.1099999995295,0.5840878636762553
613.1199999995293,0.378539284746921
613.1299999995293,0.5913126270236692
613.1399999995293,0.5059643481045758
613.1499999995293,0.4447777298449283
613.1599999995292,0.6074782323445796
613.1699999995292,0.40659984738598864
613.1799999995292,0.5439564337952493
613.189999999529,0.5683246717565406
613.199999999529,0.3861791731886714
613.209999999529,0.6008056977369836
613.219999999529,0.4785955677997652
613.2299999995289,0.4727102576376039
613.2399999995289,0.6022780283568261
613.2499999995289,0.38897663800725013
613.2599999995288,0.5645140647358821
613.2699999995287,0.5481782252634365
613.2799999995287,0.40286458886689097
613.2899999995287,0.6065457302215882
613.2999999995286,0.44981121437337745
613.3099999995286,0.5013126068018611
613.3199999995286,0.5927370967701255
613.3299999995285,0.3796711495846328
613.3399999995285,0.5816799918601315
613.3499999995284,0.5236291251242576
613.3599999995284,0.42709023933039436
613.3699999995283,0.6081435256351758
613.3799999995283,0.42197830175416456
613.3899999995283,0.5287113716915655
613.3999999995282,0.5784260123534962
613.4099999995282,0.3810161338321813
613.4199999995282,0.5948771739101837
613.4299999995281,0.49513820753136184
613.439999999528,0.45635160672735825
613.449999999528,0.6051835739648871
613.459999999528,0.3984737221260122
613.4699999995279,0.553397112902571
613.4799999995279,0.5589835600630078
613.4899999995279,0.39378849013776956
613.4999999995279,0.6036362668759804
613.5099999995277,0.4639873990784391
613.5199999995277,0.48774779061852563
613.5299999995277,0.5972104663715332
613.5399999995276,0.3832580004507429
613.5499999995276,0.5742509331698537
613.5599999995276,0.5342707104344551
613.5699999995276,0.41676137711888434
613.5799999995274,0.607531169753254
613.5899999995274,0.4326567681861331
613.5999999995274,0.5185593384431124
613.6099999995273,0.5837451495344445
613.6199999995273,0.37984658575196145
613.6299999995273,0.5904791347477615
613.6399999995273,0.504650526775361
613.6499999995272,0.44699793292752754
613.6599999995271,0.6061238533766029
613.6699999995271,0.4050171683885183
613.679999999527,0.5466003138010058
613.689999999527,0.5643588585825952
613.699999999527,0.389959678736546
613.709999999527,0.6015048343797754
613.7199999995269,0.4714223329731369
613.7299999995269,0.4807308993406815
613.7399999995268,0.5989309961438752
613.7499999995267,0.38594589725982914
613.7599999995267,0.5703076397454767
613.7699999995267,0.5388512801816022
613.7799999995267,0.41261313331395993
613.7899999995266,0.6068542410164199
613.7999999995266,0.43734720841860136
613.8099999995266,0.51432389918231
613.8199999995264,0.5854319891984991
613.8299999995264,0.3800413193654202
613.8399999995264,0.5886452939600723
613.8499999995264,0.5075969415938186
613.8599999995263,0.4443346229338793
613.8699999995263,0.6060616398403734
613.8799999995263,0.4069784728684167
613.8899999995261,0.5448849433160219
613.8999999995261,0.5651547669991484
613.9099999995261,0.3897255440815417
613.9199999995261,0.6009268490167629
613.929999999526,0.4721076338003638
613.939999999526,0.48039675072441407
613.949999999526,0.5986114113016225
613.9599999995258,0.386222668881322
613.9699999995258,0.5704269897875505
613.9799999995258,0.5379034686559014
613.9899999995258,0.41388008861272435
613.9999999995257,0.606632924676794
614.0099999995257,0.4357294583978955
614.0199999995257,0.5162445009237769
614.0299999995256,0.5839430671847919
614.0399999995255,0.38061629398424807
614.0499999995255,0.5897151170175604
614.0599999995255,0.5042180915759565
614.0699999995254,0.44814012002725423
614.0799999995254,0.605266068637796
614.0899999995254,0.4040541229752946
614.0999999995253,0.5483754521605597
614.1099999995253,0.5615699421229234
614.1199999995252,0.3927564242055935
614.1299999995252,0.6019910647710869
614.1399999995251,0.4661272817138004
614.1499999995251,0.4866724814942282
614.1599999995251,0.5962694144226494
614.169999999525,0.384194384249984
614.179999999525,0.5745151234793813
614.189999999525,0.5314032212197435
614.199999999525,0.42064792452377053
614.2099999995248,0.6067060609972891
614.2199999995248,0.42803832726871893
614.2299999995248,0.5241135328010513
614.2399999995247,0.5790456392885798
614.2499999995247,0.38227239038752775
614.2599999995247,0.5933472682697732
614.2699999995247,0.4944055841588124
614.2799999995245,0.4584967581504601
614.2899999995245,0.6033252044357471
614.2999999995245,0.39706549232469296
614.3099999995244,0.5566009549809446
614.3199999995244,0.553151884347501
614.3299999995244,0.4000955558130526
614.3399999995244,0.604109538138861
614.3499999995242,0.45362071167491047
614.3599999995242,0.49930841843234364
614.3699999995242,0.5912386968355662
614.3799999995241,0.38155013950659245
614.3899999995241,0.5818187255327516
614.3999999995241,0.5188067760877608
614.4099999995241,0.4337375242439494
614.419999999524,0.6062401629820966
614.429999999524,0.41520840993935904
614.4399999995239,0.5372315576818478
614.4499999995238,0.5698358881647456
614.4599999995238,0.38728912293963513
614.4699999995238,0.5985292832115789
614.4799999995238,0.47786686259277716
614.4899999995237,0.47552978116720995
614.4999999995237,0.5991516252013619
614.5099999995236,0.3882468839544703
614.5199999995235,0.5684536688813774
614.5299999995235,0.5388640072543076
614.5399999995235,0.41376144869922826
614.5499999995235,0.606028476910939
614.5599999995234,0.43520059589251814
614.5699999995234,0.5176072645505384
614.5799999995234,0.5821779312521612
614.5899999995232,0.3816846216165645
614.5999999995232,0.5909139250931467
614.6099999995232,0.49927259169819216
614.6199999995232,0.4540686069082397
614.6299999995231,0.6037342006998099
614.6399999995231,0.3995520119530542
614.6499999995231,0.5542299461137208
614.6599999995229,0.5547925574224888
614.6699999995229,0.39909546612149466
614.6799999995229,0.6035870297231662
614.6899999995229,0.45467774553959794
614.6999999995228,0.49879383602198346
614.7099999995228,0.5909821393809804
614.7199999995228,0.3818086492115089
614.7299999995226,0.5821209017209206
614.7399999995226,0.5173013550035364
614.7499999995226,0.43578791011124435
614.7599999995226,0.6058358972482966
614.7699999995225,0.41293853139944015
614.7799999995225,0.5400321312582879
614.7899999995225,0.5671030595160103
614.7999999995224,0.3894720652286218
614.8099999995223,0.5997055654011103
614.8199999995223,0.472266212389933
614.8299999995223,0.48164408530631664
614.8399999995222,0.5970140939001042
614.8499999995222,0.38581270568279175
614.8599999995222,0.5729171677807587
614.8699999995221,0.5319672159388864
614.879999999522,0.42106351914292917
614.889999999522,0.6061972168037989
614.899999999522,0.4265002698716129
614.9099999995219,0.5266199845126852
614.9199999995219,0.5763897771390094
614.9299999995219,0.38405715834713294
614.9399999995218,0.5950745774997116
614.9499999995218,0.487313982790255
614.9599999995218,0.4667474552637392
614.9699999995217,0.6009542425643438
614.9799999995216,0.39191866777726364
614.9899999995216,0.5639717068264702
614.9999999995216,0.5435483428932562
615.0099999995215,0.40983112869576976
615.0199999995215,0.6054527900139695
615.0299999995215,0.43897408772403823
615.0399999995215,0.5146027914345795
615.0499999995213,0.5832256875994578
615.0599999995213,0.3817429469812003
615.0699999995213,0.5902881786327806
615.0799999995212,0.49961683165573867
615.0899999995212,0.45442568621527973
615.0999999995212,0.6033833581188927
615.1099999995212,0.3986611077685603
615.119999999521,0.5558463855135501
615.129999999521,0.5524152491106836
615.139999999521,0.4017118708752827
615.1499999995209,0.6041358268651615
615.1599999995209,0.44961141489074535
615.1699999995209,0.5044303629150082
615.1799999995209,0.5881147031065733
615.1899999995208,0.3814008654536632
615.1999999995207,0.5858435783884967
615.2099999995207,0.5092100334313909
615.2199999995206,0.4447744235534364
615.2299999995206,0.6047801807054453
615.2399999995206,0.40495483744978567
615.2499999995206,0.5489907543405491
615.2599999995205,0.5589360155637837
615.2699999995205,0.39616761909235787
615.2799999995204,0.6026809909413778
615.2899999995203,0.4580166833659645
615.2999999995203,0.4964042716743236
615.3099999995203,0.5914718442163144
615.3199999995203,0.38204623897140044
615.3299999995202,0.5821396815406851
615.3399999995202,0.5162304366984384
615.3499999995202,0.43773563788964787
615.35999999952,0.605522677322904
615.36999999952,0.41006064310790674
615.37999999952,0.5437435199568629
615.38999999952,0.5634269396432483
615.3999999995199,0.39264334939915485
615.4099999995199,0.6014256663746523
615.4199999995199,0.4640082927509123
615.4299999995197,0.49070545429122026
615.4399999995197,0.5936160330930315
615.4499999995197,0.3829177513918522
615.4599999995197,0.5794765502488832
615.4699999995196,0.5208323281264612
615.4799999995196,0.43317982290686224
615.4899999995196,0.6058897281704192
615.4999999995194,0.4135133432847135
615.5099999995194,0.5403400584225557
615.5199999995194,0.5661280211757538
615.5299999995194,0.390674092403684
615.5399999995193,0.6006103319575539
615.5499999995193,0.46751782124175706
615.5599999995193,0.4874293957656991
615.5699999995192,0.5947680640886551
615.5799999995191,0.38349975743675724
615.5899999995191,0.578056182858887
615.5999999995191,0.5231391436027452
615.609999999519,0.43097951500606724
615.619999999519,0.6060623540074837
615.629999999519,0.41505144669656363
615.6399999995189,0.5389227993091589
615.6499999995189,0.5671913580548412
615.6599999995188,0.38995305479787223
615.6699999995188,0.6003786334384205
615.6799999995187,0.4685255635785548
615.6899999995187,0.486618788886409
615.6999999995187,0.5950503914529429
615.7099999995186,0.3835179524931393
615.7199999995186,0.5779840021028159
615.7299999995186,0.5232177656267151
615.7399999995185,0.4310622327848107
615.7499999995184,0.6061244319767137
615.7599999995184,0.414567080723248
615.7699999995184,0.5395503331924668
615.7799999995183,0.5666760765560013
615.7899999995183,0.3903676695241447
615.7999999995183,0.6007774241952603
615.8099999995183,0.46702598005064244
615.8199999995181,0.4882851964267021
615.8299999995181,0.5944873362916108
615.8399999995181,0.38293071312700355
615.849999999518,0.5792700259331022
615.859999999518,0.5210673334343388
615.869999999518,0.4334370716012629
615.879999999518,0.6060630417607861
615.8899999995178,0.4120831281566238
615.8999999995178,0.5422017539992721
615.9099999995178,0.5645467182022088
615.9199999995177,0.39201153098681113
615.9299999995177,0.6017568317713206
615.9399999995177,0.46301801399888987
615.9499999995177,0.49241453559018655
615.9599999995175,0.5930051994762316
615.9699999995175,0.38192786424838093
615.9799999995175,0.5818289667788081
615.9899999995174,0.5166187995145844
615.9999999995174,0.43819297727015194
616.0099999995174,0.6057685389783671
616.0199999995174,0.4077594271785315
616.0299999995173,0.5467746108111838
616.0399999995172,0.5606740283226328
616.0499999995172,0.3951756963069535
616.0599999995171,0.6031703598357666
616.0699999995171,0.45651868685508656
616.0799999995171,0.49895510966891793
616.0899999995171,0.5904321781588792
616.099999999517,0.38093861453008776
616.109999999517,0.5854792246511579
616.119999999517,0.5097450918331599
616.1299999995168,0.44546874203942916
616.1399999995168,0.6050343365303616
616.1499999995168,0.40192773867961035
616.1599999995168,0.5530772318874765
616.1699999995167,0.5548386479524476
616.1799999995167,0.40031640239593097
616.1899999995167,0.6047750517950894
616.1999999995165,0.44760227234601935
616.2099999995165,0.5077909282927552
616.2199999995165,0.5864983005237793
616.2299999995165,0.38064054697175725
616.2399999995164,0.5899414904305487
616.2499999995164,0.5002853462698358
616.2599999995164,0.45539694398707337
616.2699999995162,0.6035562580610156
616.2799999995162,0.39515229546785197
616.2899999995162,0.5608183421757595
616.2999999995162,0.5467400065035208
616.3099999995161,0.407991354178272
616.3199999995161,0.606231671795244
616.3299999995161,0.43647065527705564
616.339999999516,0.5187068541140165
616.349999999516,0.5808361508361448
616.3599999995159,0.381950981551667
616.3699999995159,0.594838028366318
616.3799999995158,0.4880909448072738
616.3899999995158,0.4680282244007076
616.3999999995158,0.6009312947773303
616.4099999995157,0.3883053747705264
616.4199999995157,0.5695980975075703
616.4299999995156,0.5360155105454942
616.4399999995156,0.4187571061734577
616.4499999995155,0.6071046080209632
616.4599999995155,0.42356131557321575
616.4699999995155,0.5313549872429592
616.4799999995154,0.5729844112365776
616.4899999995154,0.3859721701526802
616.4999999995154,0.5996933808736536
616.5099999995153,0.4731063053525272
616.5199999995152,0.4832487684238512
616.5299999995152,0.5966558552049909
616.5399999995152,0.3826319439800554
616.5499999995151,0.5789043392269883
616.5599999995151,0.5222798667924806
616.5699999995151,0.4330292117235677
616.579999999515,0.6068608377984094
616.5899999995149,0.4096934263715268
616.5999999995149,0.545232413450161
616.6099999995149,0.5623989694958613
616.6199999995148,0.3938590024512514
616.6299999995148,0.6039362320521137
616.6399999995148,0.4555023587271008
616.6499999995148,0.5007103021477864
616.6599999995146,0.5901246178579813
616.6699999995146,0.37975356160004914
616.6799999995146,0.5881158750551579
616.6899999995145,0.5052020660136856
616.6999999995145,0.45092528895027234
616.7099999995145,0.6048671221147381
616.7199999995145,0.39623189770923306
616.7299999995143,0.5596777890483057
616.7399999995143,0.5484818490759381
616.7499999995143,0.4065936301153644
616.7599999995142,0.6069008244761187
616.7699999995142,0.4358803650123563
616.7799999995142,0.5197936939264278
616.7899999995142,0.5806338318546381
616.7999999995141,0.3815392272264511
616.809999999514,0.5965113934140363
616.819999999514,0.48464827665891935
616.8299999995139,0.47213220482379603
616.8399999995139,0.6003852737663323
616.8499999995139,0.38520482160454755
616.8599999995139,0.5738881181453112
616.8699999995138,0.5306485019529854
616.8799999995138,0.4246946182841433
616.8899999995137,0.607825321826282
616.8999999995136,0.41554498601742146
616.9099999995136,0.5396200522502065
616.9199999995136,0.5673991652407275
616.9299999995136,0.3897781651751804
616.9399999995135,0.603279331210394
616.9499999995135,0.4609284935346598
616.9599999995135,0.4958473392386815
616.9699999995133,0.5925680997892648
616.9799999995133,0.3792453637707156
616.9899999995133,0.5869492716302499
616.9999999995133,0.508471087671989
617.0099999995132,0.44794832140772683
617.0199999995132,0.6058448352266623
617.0299999995132,0.3967844730715342
617.039999999513,0.5591072280652704
617.049999999513,0.5496111284513908
617.059999999513,0.40566567579287677
617.069999999513,0.6075220534553825
617.0799999995129,0.4351766260525378
617.0899999995129,0.5208260772099786
617.0999999995129,0.5804658052349132
617.1099999995128,0.3811909438093791
617.1199999995127,0.5978674605309404
617.1299999995127,0.481957588104453
617.1399999995127,0.47528541923176887
617.1499999995126,0.5999799942303423
617.1599999995126,0.38297287274450253
617.1699999995126,0.57705141641207
617.1799999995125,0.5265751741783988
617.1899999995125,0.42926049949011014
617.1999999995124,0.6082484165448314
617.2099999995124,0.4098260918229169
617.2199999995123,0.5455249844386625
617.2299999995123,0.5630687351595591
617.2399999995123,0.3932657279966257
617.2499999995122,0.6055869049318175
617.2599999995122,0.4520363210974256
617.2699999995122,0.5048867254238242
617.2799999995121,0.5891307945594509
617.289999999512,0.3781714414481837
617.299999999512,0.5922025823062163
617.309999999512,0.4980210023958875
617.3199999995119,0.4591935972719528
617.3299999995119,0.6043536506499928
617.3399999995119,0.3889539503136829
617.3499999995119,0.5682858806261011
617.3599999995117,0.5394448517311485
617.3699999995117,0.4160729495595377
617.3799999995117,0.6089825769656007
617.3899999995116,0.42125174774418533
617.3999999995116,0.5344906949657968
617.4099999995116,0.572106001889309
617.4199999995116,0.3859602682703973
617.4299999995114,0.6033043462459092
617.4399999995114,0.4646996576749749
617.4499999995114,0.4928460393229401
617.4599999995113,0.5945975717422752
617.4699999995113,0.377970009153905
617.4799999995113,0.5874886538506094
617.4899999995113,0.5090868291274961
617.4999999995111,0.4479623793530701
617.5099999995111,0.6068263327066661
617.5199999995111,0.39441622127378073
617.529999999511,0.5617658348141394
617.539999999511,0.5477622143942508
617.549999999511,0.40774722078044356
617.559999999511,0.6090821003941984
617.5699999995109,0.42933454844912206
617.5799999995108,0.5269427788260806
617.5899999995108,0.5776193655103314
617.5999999995107,0.38205311680324827
617.6099999995107,0.6016189483576979
617.6199999995107,0.47264944266439685
617.6299999995107,0.4852855835029315
617.6399999995106,0.5977424891514974
617.6499999995106,0.3784397593448115
617.6599999995105,0.5845880944588399
617.6699999995104,0.5154087538219283
617.6799999995104,0.44157465884741787
617.6899999995104,0.6081824382317975
617.6999999995104,0.3976402866021223
617.7099999995103,0.5582464153723846
617.7199999995103,0.5520871392675456
617.7299999995103,0.40353169796319166
617.7399999995101,0.6092349608193657
617.7499999995101,0.4332184302162096
617.7599999995101,0.5234553892671346
617.7699999995101,0.580205909597638
617.77999999951,0.3802571065621534
617.78999999951,0.601132308657772
617.79999999951,0.47574215140973897
617.8099999995098,0.48248532761951074
617.8199999995098,0.5990931655822243
617.8299999995098,0.37827810547646523
617.8399999995098,0.584016266895864
617.8499999995097,0.5171989546887616
617.8599999995097,0.43992386192322386
617.8699999995097,0.6088549535801318
617.8799999995096,0.39775826434013445
617.8899999995095,0.5581385534912149
617.8999999995095,0.5527194382211201
617.9099999995095,0.4029720576673438
617.9199999995094,0.6097819083152783
617.9299999995094,0.4325387180260117
617.9399999995094,0.5243046985882915
617.9499999995093,0.5801235518238127
617.9599999995093,0.3799950563550317
617.9699999995092,0.6020976441298556
617.9799999995092,0.47391521264451414
617.9899999995091,0.4845718609723415
617.9999999995091,0.5988227728716935
618.0099999995091,0.37705659292535276
618.019999999509,0.5859387407096289
618.029999999509,0.5144803046136248
618.039999999509,0.44303532027310605
618.0499999995089,0.6089251639248002
618.0599999995088,0.3945833093218389
618.0699999995088,0.561521433358236
618.0799999995088,0.5496445913459552
618.0899999995087,0.4061296746879919
618.0999999995087,0.6107134203317797
618.1099999995087,0.4272369963732267
618.1199999995087,0.5295068370728704
618.1299999995085,0.5772762382074436
618.1399999995085,0.38151799520519075
618.1499999995085,0.6044146508092033
618.1599999995084,0.46707957992807714
618.1699999995084,0.4915777950528458
618.1799999995084,0.5967460918502775
618.1899999995084,0.3752300648377487
618.1999999995082,0.590166583516316
618.2099999995082,0.507044969867708
618.2199999995082,0.45111966668363207
618.2299999995081,0.6081196495248741
618.2399999995081,0.388594264896714
618.2499999995081,0.5681366419235423
618.2599999995081,0.5425216060606881
618.269999999508,0.413597535120105
618.2799999995079,0.6116661921504603
618.2899999995079,0.41758293025002374
618.2999999995078,0.5387981183340642
618.3099999995078,0.5712084174027419
618.3199999995078,0.38590123854445824
618.3299999995078,0.6076256329965362
618.3399999995077,0.45517013294746717
618.3499999995076,0.5033796039412022
618.3599999995076,0.5923134457807994
618.3699999995075,0.374190902187026
618.3799999995075,0.5961486186288146
618.3899999995075,0.4945011497209147
618.3999999995075,0.4644369864483794
618.4099999995074,0.6058042158015206
618.4199999995074,0.3811017115822153
618.4299999995073,0.5773635308412837
618.4399999995072,0.5307086694173061
618.4499999995072,0.42630129542089945
618.4599999995072,0.6119192896573412
618.4699999995071,0.40441563624693827
618.4799999995071,0.5515646564763204
618.4899999995071,0.5611098741138738
618.499999999507,0.3948815271453457
618.5099999995069,0.610913893235846
618.5199999995069,0.4383803124860545
618.5299999995069,0.5195359124191836
618.5399999995068,0.5846031316016225
618.5499999995068,0.37629331907597824
618.5599999995068,0.602966156736907
618.5699999995068,0.4764442923813995
618.5799999995066,0.4829996427620156
618.5899999995066,0.6009732158254908
618.5999999995066,0.37453337230750916
618.6099999995065,0.5881936335199551
618.6199999995065,0.5133590210452978
618.6299999995065,0.4450730517262241
618.6399999995065,0.6103871903796875
618.6499999995063,0.3896128279265886
618.6599999995063,0.5667632391245581
618.6699999995063,0.5458519075127717
618.6799999995062,0.41041798207079977
618.6899999995062,0.6131033135797432
618.6999999995062,0.41765757282626426
618.7099999995062,0.5391012647959379
618.7199999995061,0.5723213491547388
618.729999999506,0.3846234041352321
618.739999999506,0.6093363793872699
618.7499999995059,0.4528557204195866
618.7599999995059,0.5062108652074803
618.7699999995059,0.592234046895036
618.7799999995059,0.372612389012717
618.7899999995058,0.5992269519706512
618.7999999995058,0.48967879069082226
618.8099999995057,0.47006130439977223
618.8199999995056,0.6056039809639786
618.8299999995056,0.3766875314606486
618.8399999995056,0.5828870257479324
618.8499999995056,0.524118897070302
618.8599999995055,0.43390368199613927
618.8699999995055,0.6126519287559602
618.8799999995055,0.3955239261196319
618.8899999995053,0.5605174270501407
618.8999999995053,0.5538451801220602
618.9099999995053,0.40221721165841534
618.9199999995053,0.613620554054061
618.9299999995052,0.424898947541241
618.9399999995052,0.5326044390186047
618.9499999995052,0.5777997325550966
618.959999999505,0.37995390598508166
618.969999999505,0.6086964550084654
618.979999999505,0.4595399300471623
618.989999999505,0.5001955778525158
618.9999999995049,0.5956958157639324
619.0099999995049,0.37107587414241716
619.0199999995049,0.5980036699699601
619.0299999995048,0.49479650340548187
619.0399999995047,0.4652119577983475
619.0499999995047,0.6076263021704432
619.0599999995047,0.37703965083764973
619.0699999995046,0.5816523015477204
619.0799999995046,0.5274189719071509
619.0899999995046,0.4306664828058962
619.0999999995045,0.6138171919494549
619.1099999995045,0.39622894074972187
619.1199999995044,0.559840918367148
619.1299999995044,0.5555516870792959
619.1399999995043,0.40055461785718177
619.1499999995043,0.6144960326360567
619.1599999995043,0.424747105333053
619.1699999995042,0.5330181401524198
619.1799999995042,0.5783657270590655
619.1899999995042,0.3791876332231727
619.1999999995041,0.609837850546841
619.209999999504,0.4579559066035854
619.219999999504,0.5021014698959151
619.229999999504,0.5956526096412705
619.2399999995039,0.3700037718783651
619.2499999995039,0.5999629689226423
619.2599999995039,0.4917924530705175
619.2699999995039,0.4687205436860662
619.2799999995037,0.6075136402270671
619.2899999995037,0.37436399300799567
619.2999999995037,0.5849747978797043
619.3099999995036,0.5233772131900746
619.3199999995036,0.43539173580107526
619.3299999995036,0.6141629634985888
619.3399999995036,0.39106809382958674
619.3499999995034,0.5650360040571394
619.3599999995034,0.55101418293861
619.3699999995034,0.4054615716535913
619.3799999995033,0.6158197805486795
619.3899999995033,0.4169144879957616
619.3999999995033,0.5404863817648976
619.4099999995033,0.5739020206279198
619.4199999995031,0.38265006061423
619.4299999995031,0.6126609209617669
619.4399999995031,0.4478967888500252
619.449999999503,0.5120022407731237
619.459999999503,0.5918027140546
619.469999999503,0.3701816301615206
619.479999999503,0.6048133679909383
619.4899999995029,0.4803194017219007
619.4999999995028,0.48078003905225003
619.5099999995028,0.6047783455446841
619.5199999995027,0.36980247569980984
619.5299999995027,0.5923760889690439
619.5399999995027,0.5114019386508976
619.5499999995027,0.44869211062593795
619.5599999995026,0.6130167279363248
619.5699999995026,0.38120390185209996
619.5799999995025,0.5754680738474846
619.5899999995024,0.5393793670047602
619.5999999995024,0.4183165992670083
619.6099999995024,0.6167301862766859
619.6199999995024,0.40220314095456244
619.6299999995023,0.5543038349818289
619.6399999995023,0.5633175835251627
619.6499999995023,0.39272014783685405
619.6599999995021,0.6161052792668307
619.6699999995021,0.42954940298667793
619.6799999995021,0.529297641906524
619.6899999995021,0.5828492390835622
619.699999999502,0.3749285787874329
619.709999999502,0.6112860118946405
619.719999999502,0.4598731681413891
619.7299999995018,0.501191202463841
619.7399999995018,0.5979406821937976
619.7499999995018,0.3671888334021895
619.7599999995018,0.6023799334191108
619.7699999995017,0.4903568355749741
619.7799999995017,0.4711836097674132
619.7899999995017,0.60872444868208
619.7999999995016,0.3703219364720699
619.8099999995015,0.5894822565638915
619.8199999995015,0.5189998916968159
619.8299999995015,0.4410171995999013
619.8399999995014,0.61539350579825
619.8499999995014,0.3835035711462113
619.8599999995014,0.5727170204164607
619.8699999995013,0.5445811542528056
619.8799999995013,0.4129478690637537
619.8899999995012,0.6181417453577079
619.8999999995012,0.4045891656596997
619.9099999995011,0.5522960902105088
619.9199999995011,0.5664805173767906
619.9299999995011,0.38952760756023075
619.939999999501,0.6171357375963391
619.949999999501,0.43078643243144715
619.959999999501,0.5285958273522754
619.9699999995009,0.5844788769445771
619.9799999995008,0.373181119287467
619.9899999995008,0.6125070009091637
619.9999999995008,0.45933554050901565
620.0099999995007,0.502246434206677
620.0199999995007,0.5985925673426665
620.0299999995007,0.36567057796670455
620.0399999995007,0.6043583875799347
620.0499999995005,0.48795640414250985
620.0599999995005,0.47421918641629995
620.0699999995005,0.6089562151999799
620.0799999995004,0.36765128176512923
620.0899999995004,0.5927815318600308
620.0999999995004,0.5150145625339635
620.1099999995004,0.4458826778832188
620.1199999995002,0.6157483265044844
620.1299999995002,0.37852467584320015
620.1399999995002,0.5778844885458798
620.1499999995001,0.5394851201469588
620.1599999995001,0.4189860719720071
620.1699999995001,0.6191485279490477
620.1799999995001,0.39665646077793015
620.1899999995,0.5598296913803046
620.1999999994999,0.5608218641860345
620.2099999994999,0.39552696550354677
620.2199999994998,0.6193162996671265
620.2299999994998,0.419840775847719
620.2399999994998,0.538882001083235
620.2499999994998,0.5788094584202255
620.2599999994997,0.3774882780949793
620.2699999994996,0.6163838040771177
620.2799999994996,0.4457980794744846
620.2899999994995,0.5154644976841812
620.2999999994995,0.5934375544848852
620.3099999994995,0.36648590006578213
620.3199999994995,0.6104581370660689
620.3299999994994,0.472539249117452
620.3399999994994,0.4902153926579734
620.3499999994993,0.6048081678167879
620.3599999994992,0.36343259713538223
620.3699999994992,0.6016304250640961
620.3799999994992,0.4985402635821783
620.3899999994992,0.46403311781136963
620.3999999994991,0.613073931997549
620.4099999994991,0.3683467085954859
620.419999999499,0.5899906053889047
620.4299999994989,0.5227610419453738
620.4399999994989,0.43808985585322247
620.4499999994989,0.6184002541651471
620.4599999994989,0.3803844394129513
620.4699999994988,0.5756475210183711
620.4799999994988,0.5445747295230801
620.4899999994988,0.4137903747304809
620.4999999994986,0.6209442881366101
620.5099999994986,0.39807510397428875
620.5199999994986,0.5587541605578542
620.5299999994986,0.5636652902135278
620.5399999994985,0.3926587544841151
620.5499999994985,0.6208451323407685
620.5599999994985,0.41965578394218966
620.5699999994984,0.5395374264795606
620.5799999994983,0.5799286519449828
620.5899999994983,0.37615486061053716
620.5999999994983,0.6182213679986375
620.6099999994982,0.443385096858011
620.6199999994982,0.5183306166389041
620.6299999994982,0.5933926739556443
620.6399999994981,0.3654525247404171
620.649999999498,0.6131734741304072
620.659999999498,0.46775871998626867
620.669999999498,0.49560480804661955
620.6799999994979,0.6041589005179715
620.6899999994979,0.36123878620845484
620.6999999994979,0.6057896846849775
620.7099999994978,0.49160935126353883
620.7199999994978,0.47199273302232736
620.7299999994977,0.6123633567773294
620.7399999994977,0.3635991185164813
620.7499999994976,0.5961545261868662
620.7599999994976,0.5141152392187932
620.7699999994976,0.4482962202431412
620.7799999994975,0.6181519447342786
620.7899999994975,0.37202747794922447
620.7999999994975,0.5843596535720673
620.8099999994974,0.5347550868880864
620.8199999994973,0.4254671756707167
620.8299999994973,0.6216662094528476
620.8399999994973,0.38555346299366333
620.8499999994972,0.5705167312881374
620.8599999994972,0.5532420004821774
620.8699999994972,0.40455419350209404
620.8799999994972,0.6230361224685292
620.889999999497,0.40293814936289624
620.899999999497,0.5547720049219048
620.909999999497,0.5694573835304082
620.9199999994969,0.38661361068836614
620.9299999994969,0.6223774734940538
620.9399999994969,0.4228762774012734
620.9499999994969,0.5373218786802577
620.9599999994967,0.5833949084039751
620.9699999994967,0.37259471844953196
620.9799999994967,0.6197922484029299
620.9899999994966,0.4441565723126874
620.9999999994966,0.5184282669470782
621.0099999994966,0.5951175404472991
621.0199999994966,0.3632205341963073
621.0299999994965,0.6153709532627187
621.0399999994964,0.46575928319723875
621.0499999994964,0.49843177595343435
621.0599999994963,0.6047268302688458
621.0699999994963,0.3588923134638022
621.0799999994963,0.6091962416722397
621.0899999994963,0.4868941821797322
621.0999999994962,0.4777600294336424
621.1099999994962,0.612342217082066
621.1199999994961,0.35964288933700395
621.129999999496,0.6013474539672408
621.139999999496,0.5069952633409152
621.149999999496,0.45692792616614886
621.159999999496,0.6180878579070848
621.1699999994959,0.36515060030136126
621.1799999994959,0.5919058169026737
621.1899999994959,0.5256908330238239
621.1999999994957,0.4365266576335096
621.2099999994957,0.6220848148796722
621.2199999994957,0.3748074949055869
621.2299999994957,0.5809601077549483
621.2399999994956,0.5427640810440653
621.2499999994956,0.41719928656280797
621.2599999994956,0.6244469090875863
621.2699999994954,0.3878209282615232
621.2799999994954,0.5686125761783003
621.2899999994954,0.5581138312283939
621.2999999994954,0.3996027935465986
621.3099999994953,0.6252790055371573
621.3199999994953,0.4033223732015493
621.3299999994953,0.5549848548101972
621.3399999994951,0.5717204413889596
621.3499999994951,0.384359551517651
621.3599999994951,0.6246768654156635
621.3699999994951,0.42046151534003806
621.379999999495,0.5402234901973509
621.389999999495,0.5836185803186452
621.399999999495,0.372004464564601
621.4099999994949,0.622727979552306
621.4199999994948,0.43847331906938397
621.4299999994948,0.5245046070497523
621.4399999994948,0.5938767669667138
621.4499999994947,0.36293636697024423
621.4599999994947,0.6195129929136819
621.4699999994947,0.45671561767348656
621.4799999994946,0.5080371075706903
621.4899999994946,0.6025827141761682
621.4999999994945,0.35738259717374016
621.5099999994945,0.6151074620323407
621.5199999994944,0.4746816028634898
621.5299999994944,0.4910637382450206
621.5399999994944,0.6098332750341546
621.5499999994943,0.3553834384068277
621.5599999994943,0.6095837722869663
621.5699999994943,0.49199458759014425
621.5799999994942,0.47385937000594486
621.5899999994941,0.6157278499114629
621.5999999994941,0.35679887251537085
621.6099999994941,0.603013093477332
621.619999999494,0.508392472375711
621.629999999494,0.4567259740905695
621.639999999494,0.6203642951325544
621.649999999494,0.36133522772776444
621.6599999994938,0.595467280896565
621.6699999994938,0.5237078406399334
621.6799999994938,0.43998405940392715
621.6899999994937,0.6238365825780513
621.6999999994937,0.3685854488103851
621.7099999994937,0.5870206427051734
621.7199999994937,0.5378476709654346
621.7299999994935,0.42396076303624175
621.7399999994935,0.626233648881808
621.7499999994935,0.37807497545429714
621.7599999994934,0.5777514990011188
621.7699999994934,0.5507749341412763
621.7799999994934,0.4089753038555819
621.7899999994934,0.6276390274155004
621.7999999994933,0.3893057299502713
621.8099999994932,0.5677434584709353
621.8199999994932,0.5624930816986378
621.8299999994931,0.39532302760119
621.8399999994931,0.6281309749516214
621.8499999994931,0.40179281732805117
621.8599999994931,0.5570863386395188
621.869999999493,0.5730336332777457
621.879999999493,0.3832596672030695
621.8899999994929,0.6277828924898575
621.8999999994928,0.41509122198561726
621.9099999994928,0.5458766589919005
621.9199999994928,0.5824466323503057
621.9299999994928,0.37298759665428804
621.9399999994927,0.6266639024800766
621.9499999994927,0.4288121781632644
621.9599999994927,0.5342176455633675
621.9699999994925,0.590793546493343
621.9799999994925,0.3646456993122352
621.9899999994925,0.6248394888617372
621.9999999994925,0.4426305287399207
622.0099999994924,0.5222187025280106
622.0199999994924,0.5981421415358102
622.0299999994924,0.358304007011238
622.0399999994922,0.6223721369093372
622.0499999994922,0.45628518850415667
622.0599999994922,0.5099943318246154
622.0699999994922,0.6045628886260143
622.0799999994921,0.3539635872104206
622.0899999994921,0.6193219309781411
622.0999999994921,0.46957496443085145
622.109999999492,0.4976625156437338
622.1199999994919,0.6101265265157672
622.1299999994919,0.3515614113089694
622.1399999994919,0.6157470827939562
622.1499999994918,0.4823517116754282
622.1599999994918,0.4853426159260218
622.1699999994918,0.6149024724550473
622.1799999994917,0.35097929191323407
622.1899999994916,0.6117043730661959
622.1999999994916,0.4945123503589869
622.2099999994916,0.47315288617869283
622.2199999994915,0.618957842038073
622.2299999994915,0.35205555377680303
622.2399999994915,0.6072494966488049
622.2499999994914,0.5059907944501701
622.2599999994914,0.4612077296462135
622.2699999994913,0.6223568958527032
622.2799999994913,0.3545979567553652
622.2899999994912,0.6024373070178356
622.2999999994912,0.5167504364166993
622.3099999994912,0.4496148675847285
622.3199999994911,0.6251607770286507
622.3299999994911,0.35839649807587065
622.339999999491,0.5973219603735708
622.349999999491,0.5267775216670981
622.3599999994909,0.43847259826581003
622.3699999994909,0.6274274404641466
622.3799999994909,0.36323501154482307
622.3899999994908,0.5919569635864528
622.3999999994908,0.5360755330989202
622.4099999994908,0.4278673271120356
622.4199999994908,0.6292117021922036
622.4299999994906,0.36890085718963533
622.4399999994906,0.5863951335374817
622.4499999994906,0.5446605729015338
622.4599999994905,0.41787153036798835
622.4699999994905,0.6305653582616881
622.4799999994905,0.3751923694744766
622.4899999994905,0.5806884785275628
622.4999999994903,0.552557654872534
622.5099999994903,0.4085422805620175
622.5199999994903,0.631537337968363
622.5299999994902,0.38192404505937255
622.5399999994902,0.5748880149835316
622.5499999994902,0.5597977864285288
622.5599999994902,0.3999204152076623
622.56999999949,0.6321738675908802
622.57999999949,0.38892967333349454
622.58999999949,0.5690435347117434
622.5999999994899,0.5664157117793153
622.6099999994899,0.3920303774909793
622.6199999994899,0.6325186289937281
622.6299999994899,0.3960637414867716
622.6399999994898,0.5632033395013885
622.6499999994898,0.5724481935103234
622.6599999994897,0.3848807051343994
622.6699999994896,0.6326129034213076
622.6799999994896,0.4032014956853477
622.6899999994896,0.5574139604107406
622.6999999994896,0.577932723554783
622.7099999994895,0.3784650973801272
622.7199999994895,0.6324956950051149
622.7299999994895,0.4102380323858965
622.7399999994893,0.5517198789292906
622.7499999994893,0.5829065704879101
622.7599999994893,0.372763955558586
622.7699999994893,0.6322038315271103
622.7799999994892,0.41708675082718394
622.7899999994892,0.5461632661568142
622.7999999994892,0.5874060863174453
622.809999999489,0.36774627119508474
622.819999999489,0.631772042031999
622.829999999489,0.42367743838391825
622.839999999489,0.5407837541904891
622.8499999994889,0.5914662106144896
622.8599999994889,0.3633717292640809
622.8699999994889,0.6312330123233719
622.8799999994887,0.4299541973811322
622.8899999994887,0.5356182513613538
622.8999999994887,0.5951201228186348
622.9099999994887,0.359592899565861
622.9199999994886,0.6306174202284978
622.9299999994886,0.4358733636066179
622.9399999994886,0.5307008096461071
622.9499999994885,0.5983990041244922
622.9599999994884,0.3563574051812302
622.9699999994884,0.6299539531149402
622.9799999994884,0.44140151748098
622.9899999994883,0.5260625491633127
622.9999999994883,0.6013318793378744
623.0099999994883,0.35360997858651244
623.0199999994882,0.6292693103557528
623.0299999994882,0.4465136493930676
623.0399999994881,0.5217316409711661
623.0499999994881,0.6039455160510799
623.059999999488,0.35129434090333855
623.069999999488,0.6285881935251686
623.079999999488,0.45119151180681105
623.0899999994879,0.5177333456724335
623.0999999994879,0.6062643639593681
623.1099999994879,0.3493548641445862
623.1199999994878,0.6279332870353116
623.1299999994877,0.4554221693446566
623.1399999994877,0.5140901022466072
623.1499999994877,0.6083105216570136
623.1599999994876,0.34773799844044667
623.1699999994876,0.6273252316810067
623.1799999994876,0.459196745029932
623.1899999994876,0.510821658783285
623.1999999994874,0.6101037214340915
623.2099999994874,0.34639346464581644
623.2199999994874,0.6267825934373091
623.2299999994873,0.4625093514884897
623.2399999994873,0.5079452344075085
623.2499999994873,0.6116613252416507
623.2599999994873,0.3452752262900591
623.2699999994871,0.6263218294256289
623.2799999994871,0.465356192186132
623.2899999994871,0.5054757005008489
623.299999999487,0.6129983267919701
623.309999999487,0.3443422645405627
623.319999999487,0.6259572528146563
623.329999999487,0.46773481536061706
623.3399999994868,0.5034257684052912
623.3499999994868,0.6141273563540451
623.3599999994868,0.343559184860585
623.3699999994867,0.6257009980829357
623.3799999994867,0.4696435038255571
623.3899999994867,0.5018061707554611
623.3999999994867,0.615058685644019
623.4099999994866,0.34289668601039375
623.4199999994865,0.6255629878225248
623.4299999994865,0.4710807848539451
623.4399999994864,0.5006258243608716
623.4499999994864,0.6158002311091179
623.4599999994864,0.34233192094680776
623.4699999994864,0.6255509021219864
623.4799999994863,0.4720450465849824
623.4899999994863,0.4998919632397617
623.4999999994862,0.6163575543725914
623.5099999994861,0.3418487760544134
623.5199999994861,0.6256701512790152
623.5299999994861,0.4725342498805359
623.5399999994861,0.4996102328978867
623.549999999486,0.6167338589182736
623.559999999486,0.3414380903511585
623.569999999486,0.6259238525843619
623.5799999994858,0.47254572721836496
623.5899999994858,0.4997847380869832
623.5999999994858,0.6169299823682973
623.6099999994858,0.34109783042000613
623.6199999994857,0.6263128116571768
623.6299999994857,0.47207606351298215
623.6399999994857,0.5004180394280905
623.6499999994855,0.6169443837646502
623.6599999994855,0.34083323001220683
623.6699999994855,0.6268355088922355
623.6799999994855,0.47112105628659234
623.6899999994854,0.5015110965845512
623.6999999994854,0.6167731254951299
623.7099999994854,0.34065689590743875
623.7199999994853,0.6274880912549377
623.7299999994852,0.46967575649216475
623.7399999994852,0.5030631585527886
623.7499999994852,0.6164098492166501
623.7599999994851,0.3405888737727627
623.7699999994851,0.6282643697801542
623.7799999994851,0.46773459400142403
623.789999999485,0.5050716046195591
623.799999999485,0.6158457456018693
623.809999999485,0.3406566596556755
623.8199999994849,0.6291558227811263
623.8299999994848,0.465291595865922
623.8399999994848,0.5075317423253888
623.8499999994848,0.6150695173151739
623.8599999994847,0.34089513457217874
623.8699999994847,0.6301516047256025
623.8799999994847,0.4623407088303746
623.8899999994846,0.5104365716194422
623.8999999994845,0.6140673351001082
623.9099999994845,0.34134639177707576
623.9199999994845,0.6312385604176065
623.9299999994844,0.4588762418409706
623.9399999994844,0.513776526761457
623.9499999994844,0.6128227867518881
623.9599999994844,0.34205941910811616
623.9699999994842,0.6324012438041258
623.9799999994842,0.45489344833303824
623.9899999994842,0.5175392096715125
623.9999999994841,0.6113168192629459
624.0099999994841,0.343089593176355
624.0199999994841,0.6336219404094363
624.0299999994841,0.45038927224855335
624.0399999994839,0.5217091299398797
624.0499999994839,0.6095276747592325
624.0599999994839,0.3444979388504441
624.0699999994838,0.6348806918739875
624.0799999994838,0.4453632858177492
624.0899999994838,0.5262674673564385
624.0999999994838,0.6074308216845892
624.1099999994836,0.3463501078264997
624.1199999994836,0.6361553206523229
624.1299999994836,0.43981885034919843
624.1399999994835,0.5311918727776478
624.1499999994835,0.6049988837672864
624.1599999994835,0.3487150352078551
624.1699999994835,0.6374214523214421
624.1799999994834,0.4337645332211137
624.1899999994833,0.5364563221945275
624.1999999994833,0.6022015708085176
624.2099999994832,0.3516632443791824
624.2199999994832,0.6386525324312843
624.2299999994832,0.4272158134368676
624.2399999994832,0.542031036460134
624.2499999994831,0.5990056176294283
624.2599999994831,0.35526478905191194
624.269999999483,0.6398198342466433
624.2799999994829,0.42019710370231966
624.2899999994829,0.5478824763601009
624.2999999994829,0.5953747405179218
624.3099999994829,0.3595868476975726
624.3199999994828,0.6408924531885598
624.3299999994828,0.41274410561346886
624.3399999994828,0.553973418568118
624.3499999994826,0.5912696247390764
624.3599999994826,0.3646910188692562
624.3699999994826,0.6418372833190189
624.3799999994826,0.40490649464025763
624.3899999994825,0.5602631134616778
624.3999999994825,0.5866479622530217
624.4099999994825,0.37063040500748723
624.4199999994823,0.6426189708037792
624.4299999994823,0.39675089900962884
624.4399999994823,0.5667075206907057
624.4499999994823,0.581464566621879
624.4599999994822,0.377446612835772
624.4699999994822,0.643199839035283
624.4799999994822,0.3883640876562013
624.489999999482,0.5732596134342763
624.499999999482,0.5756716019664712
624.509999999482,0.3851668361504955
624.519999999482,0.643539780012786
624.5299999994819,0.37985621413294607
624.5399999994819,0.5798697372859625
624.5499999994819,0.5692189761080967
624.5599999994818,0.39380121527069345
624.5699999994818,0.6435961067218723
624.5799999994817,0.37136387335598714
624.5899999994817,0.5864860057409305
624.5999999994816,0.5620549653286254
624.6099999994816,0.40334068002621554
624.6199999994816,0.6433233617498476
624.6299999994815,0.36305261813791556
624.6399999994815,0.5930547109074892
624.6499999994815,0.5541271597204798
624.6599999994814,0.4137554745890033
624.6699999994813,0.6426730782920058
624.6799999994813,0.35511846032926375
624.6899999994813,0.5995207260819073
624.6999999994812,0.545383844956399
624.7099999994812,0.4249945297011844
624.7199999994812,0.6415934913021858
624.7299999994812,0.34778776309367904
624.739999999481,0.6058278758059165
624.749999999481,0.5357759686862469
624.759999999481,0.43698579069319005
624.7699999994809,0.6400291990099729
624.7799999994809,0.34131484671378776
624.7899999994809,0.6119192495102903
624.7999999994809,0.5252598759946601
624.8099999994807,0.449637533849462
624.8199999994807,0.6379207788315617
624.8299999994807,0.3359766195453781
624.8399999994806,0.6177374362306766
624.8499999994806,0.5138010367580925
624.8599999994806,0.46284061702503715
624.8699999994806,0.6352043674540002
624.8799999994804,0.33206366076456345
624.8899999994804,0.6232246600119494
624.8999999994804,0.501379020789851
624.9099999994803,0.47647152471080506
624.9199999994803,0.6318112233207792
624.9299999994803,0.3298674682034494
624.9399999994803,0.6283227986923879
624.9499999994802,0.4879939948977502
624.9599999994801,0.4903959953686657
624.9699999994801,0.6276673022324728
624.97999999948,0.32966406989452224
624.98999999948,0.6329732716997355
624.99999999948,0.47367499745375385
625.00999999948,0.5044729689783807
625.0199999994799,0.6226928949919096
625.0299999994799,0.33169486000859283
625.0399999994798,0.6371167857776474
625.0499999994797,0.45849016300427253
625.0599999994797,0.5185585733424238
625.0699999994797,0.6168024022339278
625.0799999994797,0.3361462681828102
625.0899999994796,0.6406929305532537
625.0999999994796,0.4425588775574567
625.1099999994796,0.5325098780549674
625.1199999994794,0.6099043592254345
625.1299999994794,0.34313054054283065
625.1399999994794,0.6436396188436164
625.1499999994794,0.42606548955781287
625.1599999994793,0.546188183104897
625.1699999994793,0.6019018762810824
625.1799999994793,0.3526702889362823
625.1899999994791,0.6458923692752906
625.1999999994791,0.40927362746792084
625.2099999994791,0.559461665859212
625.2199999994791,0.5926937341494328
625.229999999479,0.36468935746187314
625.239999999479,0.647383432107484
625.249999999479,0.39253934652948075
625.2599999994789,0.5722072766923616
625.2699999994788,0.5821764730256331
625.2799999994788,0.3790118687361562
625.2899999994788,0.6480407633135351
625.2999999994787,0.3763202803254562
625.3099999994787,0.5843118397188317
625.3199999994787,0.5702479450739395
625.3299999994786,0.3953701224216312
625.3399999994786,0.6477868584471035
625.3499999994785,0.36117687505729296
625.3599999994785,0.5956723730579111
625.3699999994784,0.5568129634691068
625.3799999994784,0.4134205794156882
625.3899999994784,0.6465374683784721
625.3999999994783,0.3477610116757984
625.4099999994783,0.6061956872139321
625.4199999994783,0.541791870158211
625.4299999994781,0.43276583567094357
625.4399999994781,0.6442002363911165
625.4499999994781,0.3367874721262271
625.4599999994781,0.6157973491086648
625.469999999478,0.5251330325993093
625.479999999478,0.45297961190736646
625.489999999478,0.6406733247192901
625.4999999994778,0.32898548857227106
625.5099999994778,0.6244001117883108
625.5199999994778,0.5068304044452703
625.5299999994778,0.4736315538397142
625.5399999994777,0.6358441444866229
625.5499999994777,0.3250315031234747
625.5599999994777,0.6319319099229463
625.5699999994775,0.4869472238168423
625.5799999994775,0.49430904554260363
625.5899999994775,0.6295883756173122
625.5999999994775,0.32546997698828356
625.6099999994774,0.6383235112758902
625.6199999994774,0.46564646326296855
625.6299999994774,0.5146340968683913
625.6399999994773,0.621769575205821
625.6499999994772,0.33063513509399095
625.6599999994772,0.6435058988985051
625.6699999994772,0.4432274686360861
625.6799999994771,0.5342743993343643
625.6899999994771,0.6122398423858564
625.6999999994771,0.3405903469377819
625.709999999477,0.6474074422064096
625.719999999477,0.4201659394706508
625.729999999477,0.5529485951420259
625.7399999994769,0.6008422571088154
625.7499999994768,0.3551008320908962
625.7599999994768,0.6499509016873427
625.7699999994768,0.39715070716896067
625.7799999994767,0.5704264994940876
625.7899999994767,0.5874161652110694
625.7999999994767,0.3736485889584189
625.8099999994766,0.6510503070045256
625.8199999994765,0.37510582418584276
625.8299999994765,0.5865253977227355
625.8399999994765,0.5718068624752541
625.8499999994764,0.39548773180906965
625.8599999994764,0.6506077579152056
625.8699999994764,0.35518153627025273
625.8799999994764,0.6011036353362492
625.8899999994762,0.5538818303395222
625.8999999994762,0.4197279135206986
625.9099999994762,0.6485102311238248
625.9199999994761,0.3386956982629887
625.9299999994761,0.6140526098868754
625.9399999994761,0.5335563205086916
625.9499999994761,0.44542741783437756
625.9599999994759,0.6446265477587596
625.9699999994759,0.32701249512988145
625.9799999994759,0.6252880498364175
625.9899999994758,0.5108315477239808
625.9999999994758,0.47167775510108517
626.0099999994758,0.638804787225146
626.0199999994758,0.3213616060195292
626.0299999994756,0.6347412045355285
626.0399999994756,0.48584851926029304
626.0499999994756,0.49766704903349296
626.0599999994755,0.630870656803566
626.0699999994755,0.3226267981979342
626.0799999994755,0.6423503249151385
626.0899999994755,0.45895865456261736
626.0999999994754,0.5227170932150287
626.1099999994753,0.6206276911913268
626.1199999994753,0.3311581225394333
626.1299999994752,0.6480526170879459
626.1399999994752,0.4308073697009178
626.1499999994752,0.5462956350886564
626.1599999994752,0.6078607294135102
626.1699999994751,0.3466697476827976
626.1799999994751,0.6517767145289495
626.189999999475,0.40241712265806345
626.1999999994749,0.5680095144074178
626.2099999994749,0.5923449795956155
626.2199999994749,0.36826426617490715
626.2299999994749,0.6534356452492329
626.2399999994748,0.3752416908348747
626.2499999994748,0.5875855842947973
626.2599999994748,0.5738642053599053
626.2699999994746,0.39457989566858603
626.2799999994746,0.6529202746824581
626.2899999994746,0.35114745333788877
626.2999999994746,0.6048456672327698
626.3099999994745,0.5522431377062951
626.3199999994745,0.42401274296161406
626.3299999994745,0.6500932989627131
626.3399999994743,0.33227136453000455
626.3499999994743,0.6196801698152072
626.3599999994743,0.5274008581735335
626.3699999994743,0.454946362040333
626.3799999994742,0.6447840807054502
626.3899999994742,0.32072677119194554
626.3999999994742,0.6320232020094761
626.409999999474,0.4994327270180851
626.419999999474,0.48593205930109135
626.429999999474,0.6367850239330919
626.439999999474,0.31818901348412726
626.4499999994739,0.6418305661430248
626.4599999994739,0.4687263901191588
626.4699999994739,0.5157931873629985
626.4799999994738,0.6258508821282396
626.4899999994738,0.3254759903587225
626.4999999994737,0.6490609511946946
626.5099999994737,0.43610871872037105
626.5199999994736,0.5436561315450014
626.5299999994736,0.6117035430241567
626.5399999994736,0.34228932220276376
626.5499999994735,0.6536600722561072
626.5599999994735,0.4030001679362703
626.5699999994735,0.5689280286778043
626.5799999994734,0.5940466445880167
626.5899999994733,0.36724121930349735
626.5999999994733,0.6555472524051433
626.6099999994733,0.37151832593435313
626.6199999994732,0.5912452331046427
626.6299999994732,0.5725970422029325
626.6399999994732,0.3981650024296564
626.6499999994732,0.6546039839843745
626.659999999473,0.3444325837933577
626.669999999473,0.6104120971114385
626.679999999473,0.5471436290846047
626.6899999994729,0.4325769040613347
626.6999999994729,0.6506643056865133
626.7099999994729,0.3248601411785358
626.7199999994729,0.6263423874507345
626.7299999994727,0.5176474715220192
626.7399999994727,0.46811266258757056
626.7499999994727,0.6435074447243917
626.7599999994726,0.3156627696338105
626.7699999994726,0.6390091757498587
626.7799999994726,0.48439784601101454
626.7899999994726,0.5028169745724321
626.7999999994724,0.6328542557185748
626.8099999994724,0.31867561722413335
626.8199999994724,0.6484046281956435
626.8299999994723,0.44822997325998637
626.8399999994723,0.5352571084784019
626.8499999994723,0.6183708266610883
626.8599999994723,0.33408603813203047
626.8699999994722,0.6545087317376873
626.8799999994721,0.4107806478969964
626.8899999994721,0.5645004232809268
626.899999999472,0.5996856465751963
626.909999999472,0.36029828887969967
626.919999999472,0.6572650884767689
626.929999999472,0.37469620908970896
626.9399999994719,0.5900178395208086
626.9499999994719,0.5764314240327578
626.9599999994718,0.39437943211916227
626.9699999994717,0.6565619608145985
626.9799999994717,0.3436221170918512
626.9899999994717,0.6115651123956589
626.9999999994717,0.5483291449968828
627.0099999994716,0.4328518086584535
627.0199999994716,0.6522174483290814
627.0299999994716,0.3217591878659046
627.0399999994714,0.6290726893852799
627.0499999994714,0.5153388371680583
627.0599999994714,0.47245375486494445
627.0699999994714,0.6439689915508373
627.0799999994713,0.3128934229524941
627.0899999994713,0.6425566677177157
627.0999999994713,0.47790300320174184
627.1099999994711,0.5106088256778828
627.1199999994711,0.6314695954919203
627.1299999994711,0.31915851885532603
627.1399999994711,0.6520521339844879
627.149999999471,0.4372901858621438
627.159999999471,0.545562747639525
627.169999999471,0.614296846678309
627.1799999994709,0.34015851597449936
627.1899999994708,0.6575650669044153
627.1999999994708,0.39598195036316924
627.2099999994708,0.5762912946570556
627.2199999994707,0.5919868818137968
627.2299999994707,0.3730254201741927
627.2399999994707,0.6590377697815957
627.2499999994706,0.35791572651926734
627.2599999994706,0.6023092704823683
627.2699999994705,0.56411488353373
627.2799999994705,0.41340087080239135
627.2899999994704,0.6563236822607869
627.2999999994704,0.32824171056232104
627.3099999994704,0.6234718580161264
627.3199999994703,0.5304560447634974
627.3299999994703,0.45673927268844144
627.3399999994703,0.6491695210620672
627.3499999994702,0.3122643904962552
627.3599999994701,0.6398108276404921
627.3699999994701,0.49127070347636254
627.3799999994701,0.499280831996778
627.38999999947,0.6372060089076405
627.39999999947,0.313677262164277
627.40999999947,0.6514148695428128
627.41999999947,0.4477455856817869
627.4299999994698,0.5384398285668989
627.4399999994698,0.6199537535858646
627.4499999994698,0.33294972488193936
627.4599999994697,0.658347626931246
627.4699999994697,0.4025479624132985
627.4799999994697,0.5727321206700358
627.4899999994697,0.5968596615961006
627.4999999994695,0.3669930346810266
627.5099999994695,0.660592743744314
627.5199999994695,0.3602591238045103
627.5299999994694,0.6014889359089919
627.5399999994694,0.5673934979158647
627.5499999994694,0.4104009893549003
627.5599999994694,0.6580166431857745
627.5699999994692,0.3271799142635506
627.5799999994692,0.6245437756930072
627.5899999994692,0.531254101229025
627.5999999994691,0.4573788211830139
627.6099999994691,0.6503437065565673
627.6199999994691,0.3099426074921629
627.6299999994691,0.6419785739281118
627.639999999469,0.48875240591712593
627.649999999469,0.503211754316283
627.6599999994689,0.6371443355033634
627.6699999994688,0.3130260614173022
627.6799999994688,0.6539460526443791
627.6899999994688,0.44142224332675045
627.6999999994688,0.5448064633752981
627.7099999994687,0.617845244950961
627.7199999994687,0.33653314479659446
627.7299999994686,0.6605547471293615
627.7399999994685,0.39278511935826876
627.7499999994685,0.5805292646644243
627.7599999994685,0.5917859638145305
627.7699999994685,0.37598851821606505
627.7799999994684,0.661796590798007
627.7899999994684,0.3488706119359348
627.7999999994684,0.6097605831140054
627.8099999994682,0.5583692112802853
627.8199999994682,0.42438513071666184
627.8299999994682,0.6575009098797246
627.8399999994682,0.317662508250777
627.8499999994681,0.6324519635921646
627.8599999994681,0.5173849798718307
627.8699999994681,0.474860132544434
627.8799999994679,0.6473066195563901
627.8899999994679,0.3067250220308269
627.8999999994679,0.6487946146644717
627.9099999994679,0.4696094371039232
627.9199999994678,0.5223611971810143
627.9299999994678,0.6306552629911045
627.9399999994678,0.31967131402197774
627.9499999994677,0.6590043592290672
627.9599999994676,0.41771893544150757
627.9699999994676,0.5639626252759954
627.9799999994676,0.6068239802333496
627.9899999994675,0.35400781001933285
627.9999999994675,0.6631917938160777
628.0099999994675,0.3672670202813131
628.0199999994674,0.5983929376775426
628.0299999994673,0.5750447805590303
628.0399999994673,0.4023765014957331
628.0499999994673,0.6612851729018354
628.0599999994672,0.3268538278045797
628.0699999994672,0.6253800840011702
628.0799999994672,0.5347989787027073
628.0899999994671,0.4560933151396354
628.0999999994671,0.6529846677322765
628.109999999467,0.30616344547262053
628.119999999467,0.6451172656583729
628.1299999994669,0.48642246278266743
628.1399999994669,0.5081550020256171
628.1499999994669,0.637742100187574
628.1599999994668,0.31166042527758825
628.1699999994668,0.6579117416721194
628.1799999994668,0.4321406661157628
628.1899999994667,0.5542949532127592
628.1999999994666,0.6147812996419469
628.2099999994666,0.34267961102507305
628.2199999994666,0.6639784398770012
628.2299999994665,0.3773812690769092
628.2399999994665,0.5925778948506537
628.2499999994665,0.5832079358811474
628.2599999994665,0.39163843067633536
628.2699999994663,0.6633239132781769
628.2799999994663,0.3314476524237514
628.2899999994663,0.6225234103579184
628.2999999994662,0.5423127705368507
628.3099999994662,0.4482419283403894
628.3199999994662,0.6556811736360523
628.3299999994662,0.30574917410229846
628.339999999466,0.6443413279281062
628.349999999466,0.49224272065445096
628.359999999466,0.5038008872859551
628.3699999994659,0.6404792265247287
628.3799999994659,0.30869243543015185
628.3899999994659,0.6584292302698124
628.3999999994659,0.43522352987684565
628.4099999994658,0.5529968079013783
628.4199999994657,0.616860677320938
628.4299999994657,0.34031820979482985
628.4399999994656,0.6650860987866938
628.4499999994656,0.37721170213314925
628.4599999994656,0.593476698778469
628.4699999994656,0.5838061553366553
628.4799999994655,0.3920374836977711
628.4899999994655,0.6643590779823583
628.4999999994654,0.328846690169466
628.5099999994653,0.6247123512353041
628.5199999994653,0.5404993506113254
628.5299999994653,0.4518697033142706
628.5399999994653,0.6559622288478306
628.5499999994652,0.30328704538407164
628.5599999994652,0.6470046816707434
628.5699999994652,0.48716521055487566
628.579999999465,0.5099237389930038
628.589999999465,0.6392416124886379
628.599999999465,0.30972229732333123
628.609999999465,0.6608505503391755
628.6199999994649,0.42662464199824557
628.6299999994649,0.5604552182162931
628.6399999994649,0.6132044225879929
628.6499999994647,0.34694426259595507
628.6599999994647,0.6665983131551872
628.6699999994647,0.36634462401539714
628.6799999994647,0.6011719191726328
628.6899999994646,0.5766957452950902
628.6999999994646,0.4039751274303917
628.7099999994646,0.6642728146625805
628.7199999994644,0.3192768541032603
628.7299999994644,0.6317600369677729
628.7399999994644,0.5289151034293302
628.7499999994644,0.46713822798509275
628.7599999994643,0.6534880962974648
628.7699999994643,0.3001988440093231
628.7799999994643,0.6527044360300623
628.7899999994642,0.47059712302795026
628.7999999994641,0.5262076120281577
628.8099999994641,0.6334195880018191
628.8199999994641,0.3170273020220138
628.829999999464,0.664590219871848
628.839999999464,0.40612257040782007
628.849999999464,0.5759247205254481
628.8599999994639,0.6028728881882404
628.8699999994639,0.36455405147342707
628.8799999994638,0.667746723984161
628.8899999994638,0.345916582466567
628.8999999994637,0.6146290371704766
628.9099999994637,0.5605884838068699
628.9199999994637,0.4282432834532566
628.9299999994636,0.6620764075595137
628.9399999994636,0.30615796218693714
628.9499999994636,0.642459895657638
628.9599999994635,0.5060852090592671
628.9699999994634,0.4935088073128925
628.9799999994634,0.646977138155208
628.9899999994634,0.30178919707353463
628.9999999994633,0.6601179611063273
629.0099999994633,0.4414900453964316
629.0199999994633,0.5511808985931236
629.0299999994633,0.6213452846104588
629.0399999994631,0.33567337926094676
629.0499999994631,0.6682033506027601
629.0599999994631,0.3744353824238986
629.069999999463,0.5974639878349519
629.079999999463,0.5837497757433666
629.089999999463,0.3958630858723593
629.099999999463,0.6669033025779809
629.1099999994628,0.3201136772412086
629.1199999994628,0.631745491032655
629.1299999994628,0.5330360280317207
629.1399999994627,0.46476619412600323
629.1499999994627,0.6558508525907144
629.1599999994627,0.29740531639752943
629.1699999994627,0.6546804512899174
629.1799999994626,0.4698534674418755
629.1899999994625,0.5289829053275579
629.1999999994625,0.6340795535154614
629.2099999994624,0.31681643372101764
629.2199999994624,0.6670854397081366
629.2299999994624,0.3995880636756207
629.2399999994624,0.5819740591994126
629.2499999994623,0.600116656133742
629.2599999994623,0.3711951069988809
629.2699999994622,0.6694124938090196
629.2799999994621,0.33575697378871644
629.2899999994621,0.6220064245437278
629.2999999994621,0.5524323685557421
629.3099999994621,0.44170220757415213
629.319999999462,0.6615189376555392
629.329999999462,0.29899600599538717
629.339999999462,0.649533672541455
629.3499999994618,0.49074336532985174
629.3599999994618,0.5110202773882233
629.3699999994618,0.6425771024463997
629.3799999994618,0.30577059809610435
629.3899999994617,0.665530196764319
629.3999999994617,0.4188723995025852
629.4099999994617,0.5696227665680375
629.4199999994615,0.611115441294195
629.4299999994615,0.3541610398159958
629.4399999994615,0.6706825156240707
629.4499999994615,0.34890887328815534
629.4599999994614,0.6144547576074038
629.4699999994614,0.5653758298957332
629.4799999994614,0.42528660874612817
629.4899999994612,0.6650444169836232
629.4999999994612,0.30232035316740014
629.5099999994612,0.6456799609142295
629.5199999994612,0.5044899374190347
629.5299999994611,0.4985272149303713
629.5399999994611,0.647899998918196
629.5499999994611,0.29987944256283233
629.559999999461,0.6643901369432745
629.569999999461,0.4313253711321967
629.5799999994609,0.5615384553599369
629.5899999994609,0.6177703062083728
629.5999999994608,0.34399974831290664
629.6099999994608,0.6714716273798998
629.6199999994608,0.35720263291446297
629.6299999994607,0.6100060298497088
629.6399999994607,0.5727262997179816
629.6499999994606,0.4159256732024147
629.6599999994606,0.6671320020220941
629.6699999994605,0.30445669973466927
629.6799999994605,0.6438340041749917
629.6899999994605,0.5115368056314543
629.6999999994604,0.49229080867153185
629.7099999994604,0.6507172025205417
629.7199999994604,0.29702006396720093
629.7299999994603,0.6642266988056215
629.7399999994602,0.4366451259869628
629.7499999994602,0.5584632947975579
629.7599999994602,0.620697490028302
629.7699999994601,0.339952144941924
629.7799999994601,0.672234115295248
629.7899999994601,0.3594673904238448
629.79999999946,0.60922557648007
629.8099999994599,0.5749786391773485
629.8199999994599,0.41376714965781614
629.8299999994599,0.6681591504571143
629.8399999994598,0.3038563525033695
629.8499999994598,0.6443870946939968
629.8599999994598,0.5121304224547624
629.8699999994598,0.492722208665536
629.8799999994596,0.6513375156083853
629.8899999994596,0.29614140329733374
629.8999999994596,0.6652956610533742
629.9099999994595,0.4347049284067967
629.9199999994595,0.5607332828573495
629.9299999994595,0.6201185624561276
629.9399999994595,0.34176560301039083
629.9499999994594,0.6731229290411775
629.9599999994593,0.3552824058785482
629.9699999994593,0.6122932719997333
629.9799999994592,0.5722235556274449
629.9899999994592,0.418939798177751
629.9999999994592,0.6681889813516496
630.0099999994592,0.30024781441673476
630.0199999994591,0.6473829576796701
630.029999999459,0.5061960867578724
630.039999999459,0.49990917768724064
630.0499999994589,0.649723527703532
630.0599999994589,0.2974890681529216
630.0699999994589,0.6675371424443624
630.0799999994589,0.42536035922845655
630.0899999994588,0.5682662376473279
630.0999999994588,0.6158637402509152
630.1099999994588,0.34989750274714876
630.1199999994586,0.6739887727300224
630.1299999994586,0.34483890753930263
630.1399999994586,0.6189875655734539
630.1499999994586,0.5641305876576089
630.1599999994585,0.43159897170295314
630.1699999994585,0.6669710287819478
630.1799999994585,0.2946633183002002
630.1899999994583,0.6525120281443314
630.1999999994583,0.49331333557057094
630.2099999994583,0.513592305982198
630.2199999994583,0.6454862385557435
630.2299999994582,0.30263502333378667
630.2399999994582,0.6705763577759845
630.2499999994582,0.40849198208490584
630.259999999458,0.5805454893925196
630.269999999458,0.6073561034638052
630.279999999458,0.36537610650083113
630.289999999458,0.6743792131122806
630.2999999994579,0.3291464359197639
630.3099999994579,0.628690660671634
630.3199999994579,0.5499369954206617
630.3299999994578,0.45174228032532004
630.3399999994577,0.6639302682224271
630.3499999994577,0.28963669418332316
630.3599999994577,0.6591264681517743
630.3699999994576,0.4727859172144
630.3799999994576,0.5330697483399589
630.3899999994576,0.6378579421015319
630.3999999994575,0.31426394056912516
630.4099999994575,0.6737344768092363
630.4199999994574,0.3843215932218417
630.4299999994574,0.5966125245998918
630.4399999994573,0.5935757003938664
630.4499999994573,0.38930606175030946
630.4599999994573,0.6735340067860607
630.4699999994572,0.3106007839805224
630.4799999994572,0.6404201026831671
630.4899999994572,0.528461788155897
630.4999999994571,0.47886752130402105
630.509999999457,0.6581381105812543
630.519999999457,0.28938057587666355
630.529999999457,0.6662728948800504
630.5399999994569,0.4438897903834642
630.5499999994569,0.5571001531243089
630.5599999994569,0.6256380873956865
630.5699999994569,0.3355094190197158
630.5799999994567,0.6760412538702769
630.5899999994567,0.3541413050661688
630.5999999994567,0.6150986238977245
630.6099999994566,0.573015384360311
630.6199999994566,0.422100328047626
630.6299999994566,0.6703649646069557
630.6399999994566,0.293807548187173
630.6499999994564,0.6528883111196735
630.6599999994564,0.49822388088148145
630.6699999994564,0.5116502606607533
630.6799999994563,0.6482528476348688
630.6899999994563,0.29943988862116566
630.6999999994563,0.672731193068853
630.7099999994563,0.4065133118234506
630.7199999994561,0.5838983527984769
630.7299999994561,0.6071101914513682
630.7399999994561,0.3686939989268656
630.749999999456,0.6762323082576845
630.759999999456,0.32160992306626845
630.769999999456,0.6343146026775839
630.779999999456,0.5436810660375024
630.7899999994559,0.46273049276702327
630.7999999994558,0.6634008958723512
630.8099999994558,0.28610895999782765
630.8199999994557,0.6645768429975056
630.8299999994557,0.45787737974017423
630.8399999994557,0.5478561835139749
630.8499999994557,0.6324151538867206
630.8599999994556,0.32515112338157576
630.8699999994556,0.6770363051490014
630.8799999994555,0.36256608897880926
630.8899999994554,0.6112750383293915
630.8999999994554,0.5799544851218119
630.9099999994554,0.413798938361219
630.9199999994554,0.6727048191171724
630.9299999994553,0.29438525145255984
630.9399999994553,0.6523805681711662
630.9499999994553,0.5033099603530966
630.9599999994551,0.5084507474286107
630.9699999994551,0.6506729016632163
630.9799999994551,0.29650087833291444
630.9899999994551,0.6737922586781121
630.999999999455,0.4074433420432081
631.009999999455,0.5845956028638534
631.019999999455,0.6080995499913338
631.0299999994548,0.36887235920007766
631.0399999994548,0.677448591773157
631.0499999994548,0.3184507042234989
631.0599999994548,0.6368774899822967
631.0699999994547,0.5412803537029274
631.0799999994547,0.4676217785650563
631.0899999994547,0.6633979265689178
631.0999999994546,0.2845441051150646
631.1099999994545,0.6673375572123645
631.1199999994545,0.45028821448429185
631.1299999994545,0.555272829202719
631.1399999994544,0.6295219383873298
631.1499999994544,0.33166397692308636
631.1599999994544,0.67865552289715
631.1699999994543,0.3511052123802752
631.1799999994543,0.6188067472341234
631.1899999994542,0.5719992023039837
631.1999999994542,0.42761791420598394
631.2099999994541,0.6718300459295423
631.2199999994541,0.2875756754668278
631.2299999994541,0.6584088544249677
631.239999999454,0.4882062205744701
631.249999999454,0.5244828431894472
631.259999999454,0.6455647543670243
631.269999999454,0.30462522289932065
631.2799999994538,0.677165361078833
631.2899999994538,0.3863255907836985
631.2999999994538,0.5989508607291756
631.3099999994537,0.5963663901357663
631.3199999994537,0.3906777739739567
631.3299999994537,0.6769712685781415
631.3399999994537,0.301607986109003
631.3499999994535,0.64769354213634
631.3599999994535,0.5202975895961611
631.3699999994535,0.49352384701473434
631.3799999994534,0.6573814407246478
631.3899999994534,0.28837882127954806
631.3999999994534,0.6736941479636025
631.4099999994534,0.42016022250696744
631.4199999994532,0.5781435556255899
631.4299999994532,0.6154417279345713
631.4399999994532,0.35863444830820307
631.4499999994531,0.6796385877238024
631.4599999994531,0.3220700447373653
631.4699999994531,0.6358583232611378
631.4799999994531,0.5467082718333562
631.489999999453,0.4637007613467395
631.4999999994529,0.6659236083094414
631.5099999994529,0.2818130318003739
631.5199999994528,0.6688748338866789
631.5299999994528,0.4505017258754764
631.5399999994528,0.5572489523150057
631.5499999994528,0.6302212168628172
631.5599999994527,0.3325921487109338
631.5699999994526,0.6805098465553383
631.5799999994526,0.34502248945646763
631.5899999994525,0.6235583884500704
631.5999999994525,0.5680266042939307
631.6099999994525,0.4361821514875814
631.6199999994525,0.6719661674306046
631.6299999994524,0.2826916510069208
631.6399999994524,0.6632809802282976
631.6499999994523,0.4764970418904015
631.6599999994522,0.5371197627354627
631.6699999994522,0.6415621299866632
631.6799999994522,0.3128007008990118
631.6899999994522,0.6801570439271655
631.6999999994521,0.36762712269099596
631.7099999994521,0.6114314232834912
631.719999999452,0.5849607995820706
631.7299999994519,0.41187356560710653
631.7399999994519,0.6761385036512312
631.7499999994519,0.2883962108107702
631.7599999994519,0.6574369507385885
631.7699999994518,0.4980099485385048
631.7799999994518,0.5185468345938212
631.7899999994518,0.6501714785676819
631.7999999994516,0.29875646577965
631.8099999994516,0.6790675289373561
631.8199999994516,0.3880977710530141
631.8299999994516,0.6000815434102522
631.8399999994515,0.5981871261278565
631.8499999994515,0.391347491269167
631.8599999994515,0.678950867040823
631.8699999994514,0.2964890851431339
631.8799999994513,0.6518181633034001
631.8899999994513,0.5152505309332333
631.8999999994513,0.5022142480451766
631.9099999994512,0.6566171667271439
631.9199999994512,0.28945737871964006
631.9299999994512,0.6776554045645338
631.9399999994511,0.4054387974705243
631.949999999451,0.590058706807023
631.959999999451,0.6082878639718645
631.969999999451,0.3748485774390435
631.9799999994509,0.6808134659270139
631.9899999994509,0.30499789203947925
631.9999999994509,0.6468448559980272
632.0099999994508,0.528553471830622
632.0199999994508,0.4886714796613484
632.0299999994508,0.6613442711547699
632.0399999994507,0.28369940707721597
632.0499999994506,0.676265826733415
632.0599999994506,0.4191649873687381
632.0699999994506,0.5818386387278047
632.0799999994505,0.6157317931059063
632.0899999994505,0.3623653474055367
632.0999999994505,0.6820488606458961
632.1099999994505,0.3124770558302531
632.1199999994503,0.6428724889676766
632.1299999994503,0.5382567877195473
632.1399999994503,0.47832753582849163
632.1499999994502,0.664689742965227
632.1599999994502,0.28032709208752565
632.1699999994502,0.6751747265667831
632.1799999994502,0.4290797700544122
632.18999999945,0.5758067248044373
632.19999999945,0.620872573487435
632.20999999945,0.35374040300669507
632.2199999994499,0.6828992095217322
632.2299999994499,0.3179490824112348
632.2399999994499,0.6401813492408657
632.2499999994499,0.544639814853825
632.2599999994497,0.47146408876543405
632.2699999994497,0.6668935708096048
632.2799999994497,0.2784032048153281
632.2899999994496,0.6745861315558613
632.2999999994496,0.4351235481640543
632.3099999994496,0.5722471442308734
632.3199999994495,0.623953070656796
632.3299999994495,0.34878642892466977
632.3399999994494,0.6835300151976351
632.3499999994494,0.32080914284246936
632.3599999994493,0.638967226112322
632.3699999994493,0.5478932073611309
632.3799999994493,0.4682586109222733
632.3899999994492,0.6681063175407755
632.3999999994492,0.27730443748370726
632.4099999994492,0.6746288296057953
632.4199999994491,0.4372799845519417
632.429999999449,0.5713365280974095
632.439999999449,0.6251101770820028
632.449999999449,0.34738179979502204
632.4599999994489,0.6840317736844277
632.4699999994489,0.3207421098876702
632.4799999994489,0.6393343383997543
632.4899999994489,0.5481049920068704
632.4999999994487,0.4688061939137157
632.5099999994487,0.6683935123400103
632.5199999994487,0.2767679426998968
632.5299999994486,0.6753536589412615
632.5399999994486,0.4355249890865958
632.5499999994486,0.5731403740571244
632.5599999994486,0.6243777773814351
632.5699999994484,0.34952968221961905
632.5799999994484,0.6844205435804316
632.5899999994484,0.31767520306743247
632.5999999994483,0.6412911748791816
632.6099999994483,0.5452541760660656
632.6199999994483,0.4731303316000234
632.6299999994483,0.6677373654889934
632.6399999994482,0.2769118433436236
632.6499999994481,0.6767322430254792
632.6599999994481,0.42980785551495104
632.669999999448,0.5776106449377977
632.679999999448,0.6216868759555589
632.689999999448,0.35537259074125954
632.699999999448,0.6846380064008463
632.7099999994479,0.3117755361514385
632.7199999994479,0.6447496100013336
632.7299999994478,0.5392081521461419
632.7399999994477,0.481177455675666
632.7499999994477,0.6660359991486375
632.7599999994477,0.27824047379681827
632.7699999994477,0.6786575287603192
632.7799999994476,0.42006094140787265
632.7899999994476,0.5845841970949974
632.7999999994476,0.6168624788574505
632.8099999994474,0.3651593403087901
632.8199999994474,0.684551109583186
632.8299999994474,0.3034955274097295
632.8399999994474,0.6495274954968634
632.8499999994473,0.5297236106091672
632.8599999994473,0.4927960599275778
632.8699999994473,0.6631000062019922
632.8799999994471,0.28162849776815785
632.8899999994471,0.6809460138439226
632.8999999994471,0.4062419276270325
632.9099999994471,0.5937832497845024
632.919999999447,0.6096171581515065
632.929999999447,0.37916582275746435
632.939999999447,0.6839508825477868
632.9499999994468,0.2936636406119625
632.9599999994468,0.6553547282581514
632.9699999994468,0.516454227264572
632.9799999994468,0.5077073729918984
632.9899999994467,0.6586457478844274
632.9999999994467,0.28826150678190365
633.0099999994467,0.6833410442297231
633.0199999994466,0.38842086326998476
633.0299999994465,0.60482017324696
633.0399999994465,0.59954179293749
633.0499999994465,0.3975786518901387
633.0599999994464,0.6825494998449613
633.0699999994464,0.2836057785738218
633.0799999994464,0.6618823817436256
633.0899999994463,0.49897353088328134
633.0999999994463,0.5254790756274544
633.1099999994462,0.6522844701348239
633.1199999994462,0.29950038231148607
633.1299999994461,0.6855160154527767
633.1399999994461,0.3669318751549848
633.1499999994461,0.617208754105374
633.159999999446,0.586095398855404
633.169999999446,0.42036293837269145
633.179999999446,0.6799741450418877
633.189999999446,0.27525618982335365
633.1999999994458,0.6686937978839091
633.2099999994458,0.47682993238478216
633.2199999994458,0.5455146680457778
633.2299999994457,0.6435062271548375
633.2399999994457,0.31664359614871873
633.2499999994457,0.6870757337840332
633.2599999994457,0.3426116362180162
633.2699999994455,0.6303825876303039
633.2799999994455,0.5685993522792451
633.2899999994455,0.4471486821736326
633.2999999994454,0.6757557331996307
633.3099999994454,0.2711732602359256
633.3199999994454,0.675315653919748
633.3299999994454,0.4496649950108196
633.3399999994452,0.567067492006199
633.3499999994452,0.6316581359277744
633.3599999994452,0.3405980374723027
633.3699999994451,0.6875536113057008
633.3799999994451,0.3171294955341535
633.3899999994451,0.6437187659235203
633.3999999994451,0.5462488504878042
633.409999999445,0.47717557219409956
633.4199999994449,0.6693101620342098
633.4299999994449,0.2743318580437383
633.4399999994448,0.6812261366958179
633.4499999994448,0.41744610949125033
633.4599999994448,0.5892805511348134
633.4699999994448,0.6159185624579936
633.4799999994447,0.3715335948227956
633.4899999994446,0.6864018066117189
633.4999999994446,0.2933502058097052
633.5099999994445,0.6565624760175882
633.5199999994445,0.5181701003078859
633.5299999994445,0.5093241620274376
633.5399999994445,0.6599097281126243
633.5499999994444,0.2875749067071452
633.5599999994444,0.6858566592805657
633.5699999994443,0.3808827774162144
633.5799999994442,0.611243895316076
633.5899999994442,0.5952745823192643
633.5999999994442,0.4086560493463522
633.6099999994442,0.6829709035869005
633.6199999994441,0.2755303647273534
633.6299999994441,0.6682464284639429
633.6399999994441,0.48358161732441857
633.6499999994439,0.5422320293863764
633.6599999994439,0.6466433661162666
633.6699999994439,0.3127513698157119
633.6799999994439,0.6885830964737213
633.6899999994438,0.3420773562373703
633.6999999994438,0.6320544271723099
633.7099999994438,0.5685241790064443
633.7199999994436,0.4502279178547033
633.7299999994436,0.6764753472003484
633.7399999994436,0.2689667348262232
633.7499999994436,0.6780986733324095
633.7599999994435,0.4421669995253661
633.7699999994435,0.5744597615999363
633.7799999994435,0.6283683437100079
633.7899999994434,0.34984691229180737
633.7999999994433,0.688702183681628
633.8099999994433,0.3053186306459335
633.8199999994433,0.6508614417267731
633.8299999994432,0.5343567777038472
633.8399999994432,0.4938670225042086
633.8499999994432,0.6659410945274357
633.8599999994431,0.2787026421858478
633.869999999443,0.6854330701412036
633.879999999443,0.3948196026767069
633.889999999443,0.6046526768323817
633.8999999994429,0.6036678387667176
633.9099999994429,0.39661950560525133
633.9199999994429,0.6853883465470813
633.9299999994428,0.2775383035412996
633.9399999994428,0.6668849678643141
633.9499999994428,0.4916320548413657
633.9599999994427,0.5370104824016313
633.9699999994426,0.6501344218186745
633.9799999994426,0.3074218010017657
633.9899999994426,0.6895176299166106
633.9999999994425,0.344883243535156
634.0099999994425,0.6316502238013387
634.0199999994425,0.5708601261190068
634.0299999994425,0.449077028587161
634.0399999994423,0.6776259409531029
634.0499999994423,0.267406366940092
634.0599999994423,0.6794002140528321
634.0699999994422,0.4400901515044882
634.0799999994422,0.5773535524104196
634.0899999994422,0.627480452283377
634.0999999994422,0.3536598685242497
634.109999999442,0.6895162221638674
634.119999999442,0.29961711752307835
634.129999999442,0.6545191711005672
634.1399999994419,0.5281809166742604
634.1499999994419,0.5025957232597417
634.1599999994419,0.6641130546039337
634.1699999994419,0.28216200735362224
634.1799999994417,0.6876864657206455
634.1899999994417,0.3818310561184765
634.1999999994417,0.613112399023382
634.2099999994416,0.5960101445350806
634.2199999994416,0.4118390284401646
634.2299999994416,0.6843983901596191
634.2399999994416,0.2705226597503893
634.2499999994415,0.6725123457498721
634.2599999994414,0.47442058047116575
634.2699999994414,0.5530644644192525
634.2799999994413,0.6431407704240301
634.2899999994413,0.32325102133788797
634.2999999994413,0.690940181566001
634.3099999994413,0.3236671820450037
634.3199999994412,0.6430689748303282
634.3299999994412,0.5534585025185546
634.3399999994411,0.4743633915988549
634.349999999441,0.6728115720549399
634.359999999441,0.2700663396150195
634.369999999441,0.6849686599198305
634.379999999441,0.4105431259569685
634.3899999994409,0.5975364946234627
634.3999999994409,0.6124818737919574
634.4099999994409,0.38439825004193834
634.4199999994407,0.6881495391228534
634.4299999994407,0.2790508692169363
634.4399999994407,0.666446771733639
634.4499999994407,0.4978426260213652
634.4599999994406,0.5342705219948677
634.4699999994406,0.6529158536598916
634.4799999994406,0.30432926601610094
634.4899999994404,0.6911694851184552
634.4999999994404,0.3428180908924576
634.5099999994404,0.6342877711237922
634.5199999994404,0.5694190840803192
634.5299999994403,0.45449388308333916
634.5399999994403,0.6779238000255571
634.5499999994403,0.2655460988318795
634.5599999994402,0.6826943508368392
634.5699999994401,0.4292417063444807
634.5799999994401,0.586795260203006
634.5899999994401,0.6222132777574674
634.59999999944,0.3673596333451781
634.60999999944,0.6901558180076897
634.61999999944,0.2864431913935027
634.6299999994399,0.662491140747207
634.6399999994399,0.5113080122061515
634.6499999994398,0.5227874500785008
634.6599999994398,0.6582739601462676
634.6699999994397,0.29452586648504014
634.6799999994397,0.6912318450227597
634.6899999994397,0.3537773558886295
634.6999999994396,0.6294819896948339
634.7099999994396,0.5775212765104657
634.7199999994396,0.44419859958330216
634.7299999994395,0.6804980989236373
634.7399999994394,0.2640343140568444
634.7499999994394,0.6817587676554986
634.7599999994394,0.4376497556546489
634.7699999994393,0.5821714236585431
634.7799999994393,0.626378275524726
634.7899999994393,0.3604958783932124
634.7999999994393,0.6911765587535948
634.8099999994391,0.2890430626012666
634.8199999994391,0.6614651230500808
634.8299999994391,0.5155976676805913
634.839999999439,0.5196831886947203
634.849999999439,0.6600094237527793
634.859999999439,0.2919169945748244
634.869999999439,0.6916962756327301
634.8799999994388,0.35522962353336107
634.8899999994388,0.629390832902612
634.8999999994388,0.5785237740223846
634.9099999994387,0.44401119602111166
634.9199999994387,0.681031492115798
634.9299999994387,0.26318569612544124
634.9399999994387,0.6825889370785125
634.9499999994385,0.4357758924370373
634.9599999994385,0.5842553492266848
634.9699999994385,0.6254427516756748
634.9799999994384,0.36363692166815886
634.9899999994384,0.691493610632132
634.9999999994384,0.2855827910725335
635.0099999994384,0.6636531159986295
635.0199999994383,0.5109324479832316
635.0299999994382,0.5253012082013365
635.0399999994382,0.6583153077008509
635.0499999994381,0.29609985781870046
635.0599999994381,0.6926716255947125
635.0699999994381,0.34688188366616235
635.0799999994381,0.6341130029336722
635.089999999438,0.5724476147889537
635.099999999438,0.45404920099186263
635.109999999438,0.6795087368109373
635.1199999994378,0.2632249014516736
635.1299999994378,0.6851198527289857
635.1399999994378,0.4234613312369751
635.1499999994378,0.592900988864189
635.1599999994377,0.6191932266540581
635.1699999994377,0.3771013265642584
635.1799999994377,0.690922296323635
635.1899999994375,0.27691276372487983
635.1999999994375,0.668776984588055
635.2099999994375,0.4968699502984162
635.2199999994375,0.5392644069008139
635.2299999994374,0.6527989789705952
635.2399999994374,0.3084590748299815
635.2499999994374,0.693805578854554
635.2599999994372,0.32931739624048684
635.2699999994372,0.6430922447036234
635.2799999994372,0.5585591422399974
635.2899999994372,0.4739937799237694
635.2999999994371,0.6754003518795417
635.3099999994371,0.2670070992902866
635.3199999994371,0.688798297657056
635.329999999437,0.4004454118929095
635.3399999994369,0.6072220020575742
635.3499999994369,0.6067110898378215
635.3599999994369,0.40144031321362983
635.3699999994368,0.688805007279283
635.3799999994368,0.2663376986670379
635.3899999994368,0.6760194865191712
635.3999999994367,0.4723736050528758
635.4099999994366,0.560416540215798
635.4199999994366,0.6424395425999703
635.4299999994366,0.3316028259617943
635.4399999994365,0.6942890439379688
635.4499999994365,0.30468959694729125
635.4599999994365,0.6551664131192406
635.4699999994364,0.5353571934041619
635.4799999994364,0.5027824148515224
635.4899999994363,0.6676172858695771
635.4999999994363,0.2797098631794306
635.5099999994362,0.6926125910111655
635.5199999994362,0.3670259106633006
635.5299999994362,0.6256439239045036
635.5399999994361,0.5862929043643
635.5499999994361,0.43658476038208216
635.5599999994361,0.6839786624180296
635.569999999436,0.26031331393119134
635.5799999994359,0.684091740949032
635.5899999994359,0.436188143642854
635.5999999994359,0.5867861908572892
635.6099999994358,0.6254784598365808
635.6199999994358,0.36789652510970533
635.6299999994358,0.6928501258477516
635.6399999994358,0.2782991908192205
635.6499999994356,0.6686778749340173
635.6599999994356,0.5006665970657106
635.6699999994356,0.5382723733927488
635.6799999994355,0.6544020676036014
635.6899999994355,0.3074273095791041
635.6999999994355,0.695125522733225
635.7099999994355,0.3257211253390749
635.7199999994353,0.6460445528302036
635.7299999994353,0.5553614502906464
635.7399999994353,0.4808548065251658
635.7499999994352,0.6746866300058528
635.7599999994352,0.26836857929768604
635.7699999994352,0.6913167918051574
635.7799999994352,0.388006286307102
635.789999999435,0.6157081940639512
635.799999999435,0.5992421510822051
635.809999999435,0.4174253007512648
635.8199999994349,0.6877004758270538
635.8299999994349,0.260482801945301
635.8399999994349,0.68161873273546
635.8499999994349,0.4522029269894836
635.8599999994348,0.5772297895106944
635.8699999994348,0.6331260378029163
635.8799999994347,0.354082011779207
635.8899999994346,0.6944656266133588
635.8999999994346,0.2843435314787725
635.9099999994346,0.6659734482530153
635.9199999994346,0.510573840024957
635.9299999994345,0.5305619277197177
635.9399999994345,0.6583873574897054
635.9499999994345,0.3001984751030791
635.9599999994343,0.6956760031360548
635.9699999994343,0.331404259919531
635.9799999994343,0.6441407830016105
635.9899999994343,0.5599775516687852
635.9999999994342,0.4765981601760024
636.0099999994342,0.6763753954431388
636.0199999994342,0.266201322091487
636.029999999434,0.6917465080766377
636.039999999434,0.38960038362169136
636.049999999434,0.6157927615567741
636.059999999434,0.5999921770754312
636.0699999994339,0.41789770097183887
636.0799999994339,0.688209704467654
636.0899999994339,0.2591805437981917
636.0999999994337,0.6828652746899703
636.1099999994337,0.4488568425091725
636.1199999994337,0.5806590806443643
636.1299999994337,0.6314115552927884
636.1399999994336,0.3593287356398692
636.1499999994336,0.6947413276240675
636.1599999994336,0.27923197705955455
636.1699999994335,0.6690435250633862
636.1799999994334,0.5031347031120154
636.1899999994334,0.5387560004869075
636.1999999994334,0.6553934134204438
636.2099999994333,0.3080310081699756
636.2199999994333,0.6965756413857157
636.2299999994333,0.31977845052697906
636.2399999994332,0.6501671232911077
636.2499999994332,0.549846476524553
636.2599999994331,0.49072259533913165
636.2699999994331,0.6730682774346206
636.279999999433,0.27200132145399636
636.289999999433,0.6941122147599861
636.299999999433,0.3713924060479461
636.3099999994329,0.6260588367198923
636.3199999994329,0.5885177724059666
636.3299999994329,0.4382455016235854
636.3399999994328,0.6853960678756505
636.3499999994327,0.25734973109871584
636.3599999994327,0.6875854311393882
636.3699999994327,0.4257009249929948
636.3799999994326,0.5965634099438374
636.3899999994326,0.6196935794138403
636.3999999994326,0.38445250757964183
636.4099999994326,0.693136390171176
636.4199999994324,0.26569861227988545
636.4299999994324,0.6771019881428056
636.4399999994324,0.47715934472803867
636.4499999994323,0.5616686794085011
636.4599999994323,0.6442822929286367
636.4699999994323,0.3340084722502885
636.4799999994323,0.6968638834500456
636.4899999994321,0.29365833544137515
636.4999999994321,0.6626765677293964
636.5099999994321,0.5229477438581216
636.519999999432,0.5216723121950443
636.529999999432,0.6632288924452199
636.539999999432,0.2925691829957489
636.549999999432,0.696997525254212
636.5599999994319,0.3347139280139967
636.5699999994318,0.6442691335280238
636.5799999994318,0.5621241301366795
636.5899999994317,0.4773898891588737
636.5999999994317,0.6773787055733203
636.6099999994317,0.2654556372885318
636.6199999994317,0.6938313957372577
636.6299999994316,0.38193389704013825
636.6399999994316,0.621828181989569
636.6499999994315,0.5947939529278632
636.6599999994314,0.43036974302925873
636.6699999994314,0.6874366188095303
636.6799999994314,0.25597221504546774
636.6899999994314,0.6875628764803652
636.6999999994313,0.4298245016988635
636.7099999994313,0.5953442869338028
636.7199999994313,0.621540062238988
636.7299999994311,0.38303331282115577
636.7399999994311,0.6939687029980098
636.7499999994311,0.26428756652858465
636.7599999994311,0.6783178519501075
636.769999999431,0.47488608232807406
636.779999999431,0.5649171143991982
636.789999999431,0.6430976708908148
636.7999999994308,0.3386166496041996
636.8099999994308,0.6974198968937851
636.8199999994308,0.2875817439035079
636.8299999994308,0.6661738581957524
636.8399999994307,0.5153339237399661
636.8499999994307,0.5308359218392559
636.8599999994307,0.6601933407588996
636.8699999994305,0.3007974226284076
636.8799999994305,0.6981357871525024
636.8899999994305,0.32128872792706886
636.8999999994305,0.6511825126325231
636.9099999994304,0.5505531724661258
636.9199999994304,0.49366741371295997
636.9299999994304,0.6734774990348124
636.9399999994303,0.2730042792608045
636.9499999994302,0.6963836330687222
636.9599999994302,0.3606030010643778
636.9699999994302,0.6333924729954162
636.9799999994301,0.5806073324732001
636.9899999994301,0.45433536007701136
636.9999999994301,0.6835048949781233
637.00999999943,0.2576046536514368
637.01999999943,0.6923710653193292
637.02999999943,0.40152739802969145
637.0399999994299,0.6128737820258823
637.0499999994298,0.6058953378281983
637.0599999994298,0.4141652989623548
637.0699999994298,0.6907372714585789
637.0799999994297,0.2553160676297517
637.0899999994297,0.6862622833542578
637.0999999994297,0.4412674590098277
637.1099999994296,0.5897437710751582
637.1199999994295,0.6269448353979188
637.1299999994295,0.37486020485878174
637.1399999994295,0.6955549167760777
637.1499999994294,0.2651216764042199
637.1599999994294,0.6781920812084506
637.1699999994294,0.4781601231700192
637.1799999994294,0.564193690552214
637.1899999994292,0.6443007699760671
637.1999999994292,0.3383778159454322
637.2099999994292,0.6982706605336981
637.2199999994291,0.28470155155064714
637.2299999994291,0.6682781294002482
637.2399999994291,0.5114025422984507
637.2499999994291,0.5365139226990856
637.2599999994289,0.6584722031319379
637.2699999994289,0.3067048021802348
637.2799999994289,0.6991434618301094
637.2899999994288,0.31112946731243285
637.2999999994288,0.656631857292262
637.3099999994288,0.5407609625377923
637.3199999994288,0.5071141655183551
637.3299999994287,0.6699116679163253
637.3399999994286,0.28156463245262475
637.3499999994286,0.6983904995503938
637.3599999994285,0.34152330912267315
637.3699999994285,0.6433681195434964
637.3799999994285,0.5663373711986933
637.3899999994285,0.47653372374282
637.3999999994284,0.6790113374984788
637.4099999994284,0.26413631416347017
637.4199999994283,0.6961974873173966
637.4299999994282,0.37346207163443995
637.4399999994282,0.6286136422600145
637.4499999994282,0.5884083673554203
637.4599999994282,0.44543659791773416
637.4699999994281,0.6861070888632007
637.4799999994281,0.25487281783385024
637.489999999428,0.6927272741284124
637.4999999994279,0.4051472296400592
637.5099999994279,0.6125140597191435
637.5199999994279,0.6073243566711531
637.5299999994279,0.41458710783887537
637.5399999994278,0.691485682844015
637.5499999994278,0.2534762721395715
637.5599999994278,0.6881269033877735
637.5699999994276,0.43538300530826035
637.5799999994276,0.5952391988113357
637.5899999994276,0.6234514096190523
637.5999999994276,0.38480476157151555
637.6099999994275,0.6953926401190278
637.6199999994275,0.2590265430061362
637.6299999994275,0.6825333134987341
637.6399999994273,0.4634672571545587
637.6499999994273,0.5769861751370751
637.6599999994273,0.6371405413872018
637.6699999994273,0.35690174899252897
637.6799999994272,0.6980396757629207
637.6899999994272,0.27020581644530045
637.6999999994272,0.6760778346991596
637.709999999427,0.48906014286505883
637.719999999427,0.5579798636535903
637.729999999427,0.6487134732740807
637.739999999427,0.33161161083802404
637.7499999994269,0.6996112251012813
637.7599999994269,0.2855420380757853
637.7699999994269,0.6688896003674082
637.7799999994268,0.5120661683045853
637.7899999994268,0.5384704221671628
637.7999999994267,0.6584577392361061
637.8099999994267,0.30952139579975135
637.8199999994266,0.7002699279623837
637.8299999994266,0.30360996008692154
637.8399999994266,0.6610979610318987
637.8499999994265,0.5325422985141645
637.8599999994265,0.5187277849162885
637.8699999994265,0.6666267542987325
637.8799999994264,0.29102015161847683
637.8899999994263,0.7001610947494961
637.8999999994263,0.32316132876250714
637.9099999994263,0.6528339722494966
637.9199999994262,0.5506324186423254
637.9299999994262,0.49903338592291824
637.9399999994262,0.6734422707309156
637.9499999994262,0.2762732372509372
637.959999999426,0.699416243024901
637.969999999426,0.34318513590981475
637.979999999426,0.6442310250800446
637.9899999994259,0.5665234689073713
637.9999999994259,0.47966976226865166
638.0099999994259,0.6790977702305316
638.0199999994259,0.2652257270886568
638.0299999994257,0.698155814174343
638.0399999994257,0.3629151109220047
638.0499999994257,0.6354246985764372
638.0599999994256,0.5804176028598229
638.0699999994256,0.46090904733436905
638.0799999994256,0.683762011612362
638.0899999994256,0.25763140801954515
638.0999999994254,0.6964911807905815
638.1099999994254,0.3818054072963356
638.1199999994254,0.6265519343720235
638.1299999994253,0.5925154231809615
638.1399999994253,0.44300160272413647
638.1499999994253,0.6875823424983349
638.1599999994253,0.25309891666047535
638.1699999994252,0.6945260488940811
638.1799999994251,0.39949195491844497
638.1899999994251,0.617749658006871
638.199999999425,0.6030065143554673
638.209999999425,0.4261660852828427
638.219999999425,0.6906876029328708
638.229999999425,0.25114473185283387
638.2399999994249,0.6923573508129565
638.2499999994249,0.4157511361863995
638.2599999994248,0.6091529949757939
638.2699999994247,0.6120645930276296
638.2799999994247,0.41058207541261793
638.2899999994247,0.6931905689630248
638.2999999994247,0.2512438766224841
638.3099999994246,0.6900757167422481
638.3199999994246,0.4304621638398387
638.3299999994246,0.6008932445235399
638.3399999994244,0.6198454671322939
638.3499999994244,0.39638603208096146
638.3599999994244,0.6951899468007402
638.3699999994244,0.2528721330769106
638.3799999994243,0.6877656063300132
638.3899999994243,0.44357580184354706
638.3999999994243,0.5930957772290408
638.4099999994241,0.6264866248129627
638.4199999994241,0.3836708667378669
638.4299999994241,0.6967719586577745
638.4399999994241,0.25553694357291307
638.449999999424,0.6855051757294134
638.459999999424,0.4550898525622913
638.469999999424,0.585878010061597
638.4799999994239,0.6321077060097031
638.4899999994238,0.37248894256393156
638.4999999994238,0.6980115738652356
638.5099999994238,0.25879694914013396
638.5199999994237,0.683365950032099
638.5299999994237,0.4650307330625244
638.5399999994237,0.579347585688353
638.5499999994236,0.6368113964545715
638.5599999994236,0.36285790173210936
638.5699999994235,0.6989734419059137
638.5799999994235,0.26227186959739407
638.5899999994234,0.6814123652692785
638.5999999994234,0.4734400569459648
638.6099999994234,0.5736008442369253
638.6199999994233,0.6406844681165867
638.6299999994233,0.3547684641870948
638.6399999994233,0.6997125817570224
638.6499999994232,0.26564519447077095
638.6599999994231,0.6797012378662189
638.6699999994231,0.4803651034671427
638.6799999994231,0.5687216308324908
638.689999999423,0.6437988073124045
638.699999999423,0.34819324229935333
638.709999999423,0.7002748774007099
638.719999999423,0.26866220311178024
638.7299999994228,0.6782812127627978
638.7399999994228,0.48585219187120443
638.7499999994228,0.5647804379364582
638.7599999994227,0.6462123431026705
638.7699999994227,0.34309565888303495
638.7799999994227,0.7006974233353737
638.7899999994227,0.27112548288303456
638.7999999994225,0.6771922339404286
638.8099999994225,0.48994216777524446
638.8199999994225,0.5618338432080322
638.8299999994224,0.6479698320327857
638.8399999994224,0.33943819158314104
638.8499999994224,0.7010087574974139
638.8599999994224,0.27288961670327205
638.8699999994222,0.6764650737408577
638.8799999994222,0.4926673983357718
638.8899999994222,0.5599241782248062
638.8999999994221,0.6491034795685781
638.9099999994221,0.33718934608518314
638.9199999994221,0.7012290122368959
638.9299999994221,0.27385622332409476
638.939999999422,0.6761209496689248
638.949999999422,0.4940498378125788
638.9599999994219,0.559079352030943
638.9699999994218,0.6496333917318812
638.9799999994218,0.3363289397960312
638.9899999994218,0.7013700070849188
638.9999999994218,0.2739701270833144
639.0099999994217,0.6761712502834138
639.0199999994217,0.4940998632151503
639.0299999994216,0.5593127582040229
639.0399999994215,0.6495678561488188
639.0499999994215,0.3368514287822373
639.0599999994215,0.7014353001943668
639.0699999994215,0.2732171260417156
639.0799999994214,0.6766173848143953
639.0899999994214,0.4928156925465026
639.0999999994214,0.5606232127276602
639.1099999994212,0.6489034531976297
639.1199999994212,0.3387671287566438
639.1299999994212,0.7014202083062433
639.1399999994212,0.27162360159211885
639.1499999994211,0.6774507645685202
639.1599999994211,0.4901832944434691
639.1699999994211,0.5629948981778158
639.1799999994209,0.6476249969013509
639.1899999994209,0.34210126911176164
639.1999999994209,0.7013117981445014
639.2099999994209,0.2692580363244933
639.2199999994208,0.6786529179238108
639.2299999994208,0.4861767857244301
639.2399999994208,0.5663973233462101
639.2499999994207,0.6457053032635155
639.2599999994206,0.3468908995911744
639.2699999994206,0.7010888451038353
639.2799999994205,0.2662343406688193
639.2899999994205,0.6801957341635697
639.2999999994205,0.48075940090181535
639.3099999994205,0.5707853396232588
639.3199999994204,0.6431047818568763
639.3299999994204,0.3531797584594347
639.3399999994203,0.7007217480418573
639.3499999994202,0.26271669226325217
639.3599999994202,0.6820418247495937
639.3699999994202,0.4738852160245967
639.3799999994202,0.5760992806574957
639.3899999994201,0.6397708459350423
639.3999999994201,0.3610113332042138
639.40999999942,0.7001723818801141
639.4199999994199,0.2589253243107597
639.4299999994199,0.6841449834713051
639.4399999994199,0.4655019246182058
639.4499999994199,0.5822653058974421
639.4599999994198,0.6356371390104826
639.4699999994198,0.3704205033294526
639.4799999994198,0.6993938626082693
639.4899999994196,0.2551423311774106
639.4999999994196,0.6864507192323898
639.5099999994196,0.4555551082502142
639.5199999994196,0.5891960268114644
639.5299999994195,0.6306225834082568
639.5399999994195,0.38142434930506497
639.5499999994195,0.6983301920844454
639.5599999994193,0.25171608007577334
639.5699999994193,0.6888968273502881
639.5799999994193,0.44399461927894024
639.5899999994193,0.5967914767826382
639.5999999994192,0.6246302731086489
639.6099999994192,0.39401291083796836
639.6199999994192,0.6969157428325178
639.629999999419,0.24906226149773428
639.639999999419,0.6914139570802098
639.649999999419,0.4307839020494311
639.659999999419,0.6049404535247501
639.6699999994189,0.6175462637166469
639.6799999994189,0.40814084221274954
639.6899999994189,0.6950745358940728
639.6999999994188,0.24765908318045815
639.7099999994188,0.6939261254096927
639.7199999994187,0.415913297354789
639.7299999994187,0.6135222193655427
639.7399999994186,0.6092383662604104
639.7499999994186,0.42372098138673
639.7599999994186,0.6927192580069664
639.7699999994185,0.24803382138561522
639.7799999994185,0.6963511197257208
639.7899999994185,0.39941855651404884
639.7999999994184,0.6224084968197006
639.8099999994183,0.5995551409953402
639.8199999994183,0.44062077530005084
639.8299999994183,0.6897499583678152
639.8399999994182,0.2507381999619094
639.8499999994182,0.6986007255043039
639.8599999994182,0.3814058204272862
639.8699999994182,0.6314656511757942
639.879999999418,0.5883254334301028
639.889999999418,0.45866225312263104
639.899999999418,0.6860523613859273
639.9099999994179,0.25631123200133643
639.9199999994179,0.7005807091130557
639.9299999994179,0.3620839909545073
639.9399999994179,0.6405569151776975
639.9499999994177,0.5753590269495255
639.9599999994177,0.47762582694201444
639.9699999994177,0.681495732139365
639.9799999994176,0.2652304802348144
639.9899999994176,0.702190480112429
639.9999999994176,0.34180439444226174
640.0099999994176,0.6495444877780011
640.0199999994175,0.5604493470258076
640.0299999994174,0.49725768461121933
640.0399999994174,0.6759302404464905
640.0499999994173,0.2778560629643645
640.0599999994173,0.7033223514400281
640.0699999994173,0.3211054391253939
640.0799999994173,0.6582913326597596
640.0899999994172,0.5433796977466077
640.0999999994172,0.5172800223221239
640.1099999994171,0.6691837952108131
640.119999999417,0.29437544300087326
640.129999999417,0.7038603087824213
640.139999999417,0.30075609858502067
640.149999999417,0.666662510990674
640.1599999994169,0.5239353037745419
640.1699999994169,0.5374029561009621
640.1799999994169,0.6610583775460664
640.1899999994167,0.3147597492242534
640.1999999994167,0.7036781915540584
640.2099999994167,0.281786347493299
640.2199999994167,0.6745259036424003
640.2299999994166,0.5019245163248155
640.2399999994166,0.5573367407477784
640.2499999994166,0.6513260144506506
640.2599999994164,0.33874252495773666
640.2699999994164,0.7026371770912451
640.2799999994164,0.2654860142550087
640.2899999994164,0.6817522052491963
640.2999999994163,0.4772138778593718
640.3099999994163,0.576802950977107
640.3199999994163,0.6397247480225914
640.3299999994161,0.3658283957063782
640.3399999994161,0.700582447722245
640.3499999994161,0.2533488040005012
640.3599999994161,0.6882140986795332
640.369999999416,0.4497830477302167
640.379999999416,0.5955435181712047
640.389999999416,0.6259553419294872
640.3999999994159,0.3953326452408573
640.4099999994158,0.6973389106525437
640.4199999994158,0.2469409080586419
640.4299999994158,0.6937845381993825
640.4399999994157,0.41980605777940383
640.4499999994157,0.6133268954118597
640.4599999994157,0.6096801481947063
640.4699999994156,0.4264451301682145
640.4799999994156,0.6927058411721644
640.4899999994155,0.24768993365320102
640.4999999994155,0.6983340767551991
640.5099999994154,0.38776319144230537
640.5199999994154,0.6299510457067172
640.5299999994154,0.5905267210850189
640.5399999994153,0.4583061650176513
640.5499999994153,0.686450347580075
640.5599999994153,0.2566217441718011
640.5699999994152,0.7017271645178285
640.5799999994151,0.35457972328202986
640.5899999994151,0.6452433249594802
640.5999999994151,0.5681006821019925
640.609999999415,0.49008010106958994
640.619999999415,0.6782996454949968
640.629999999415,0.27411050654429775
640.639999999415,0.703817320410295
640.6499999994148,0.32176946892399655
640.6599999994148,0.659057599375613
640.6699999994148,0.5420153367134841
640.6799999994147,0.5210146464947752
640.6899999994147,0.6679323454634443
640.6999999994147,0.29972812047905123
640.7099999994147,0.7044410375293754
640.7199999994145,0.29152997853749746
640.7299999994145,0.6712690726887165
640.7399999994145,0.5119498335173034
640.7499999994144,0.550479095422035
640.7599999994144,0.6549694245898011
640.7699999994144,0.332260370756806
640.7799999994144,0.7034102330350507
640.7899999994142,0.2666991258296382
640.7999999994142,0.6817673063738473
640.8099999994142,0.47775282495792964
640.8199999994141,0.5779803097739914
640.8299999994141,0.6389664950051536
640.8399999994141,0.3698978360292635
640.8499999994141,0.700503007129434
640.859999999414,0.25046710952270496
640.869999999414,0.6904478234058831
640.8799999994139,0.43961229970593435
640.8899999994138,0.6031596713652896
640.8999999994138,0.6194107987281975
640.9099999994138,0.4105403936448615
640.9199999994138,0.6954524640486703
640.9299999994137,0.2457913183499321
640.9399999994137,0.6972025243901413
640.9499999994136,0.39830779493005397
640.9599999994135,0.6257764670084172
640.9699999994135,0.5957297100215282
640.9799999994135,0.4521163683436536
640.9899999994135,0.6879334338394484
640.9999999994134,0.25461480839947465
641.0099999994134,0.7019089462091058
641.0199999994134,0.3555344391383656
641.0299999994132,0.6456834377890006
641.0399999994132,0.5673233981098832
641.0499999994132,0.49282934002918966
641.0599999994132,0.6775472474430974
641.0699999994131,0.2771822501737303
641.0799999994131,0.7044181818908689
641.0899999994131,0.31421904087548613
641.099999999413,0.6627992031171737
641.1099999994129,0.5336438059279189
641.1199999994129,0.5312910734125241
641.1299999994129,0.6638055238395557
641.1399999994128,0.3118114657301861
641.1499999994128,0.7045410798325928
641.1599999994128,0.27862987134433914
641.1699999994127,0.6770807095039302
641.1799999994126,0.4943553730234896
641.1899999994126,0.5665462677517814
641.1999999994126,0.6461157482111637
641.2099999994125,0.35528457807053493
641.2199999994125,0.7020321836442764
641.2299999994125,0.25397254949010545
641.2399999994124,0.688497300097496
641.2499999994124,0.4496256214823424
641.2599999994123,0.5980222762264218
641.2699999994123,0.623775243442961
641.2799999994122,0.4036773796176677
641.2899999994122,0.6965708294734109
641.2999999994122,0.2452381111044367
641.3099999994121,0.6970067303965307
641.3199999994121,0.4005887172912791
641.329999999412,0.6254419000866871
641.339999999412,0.5959877150747649
641.3499999994119,0.4532316993506531
641.3599999994119,0.6877390448988512
641.3699999994119,0.25550780551361113
641.3799999994118,0.702532539012437
641.3899999994118,0.34996025612775006
641.3999999994118,0.6487285991882245
641.4099999994118,0.5619305837525982
641.4199999994116,0.5009440490870106
641.4299999994116,0.6749967506918593
641.4399999994116,0.28454912643218017
641.4499999994115,0.704941579403459
641.4599999994115,0.30259260923172693
641.4699999994115,0.6679208912614901
641.4799999994115,0.5209246520069444
641.4899999994113,0.5447745058266981
641.4999999994113,0.6576570330479924
641.5099999994113,0.3286742988401639
641.5199999994112,0.7040201708973604
641.5299999994112,0.2654417562399616
641.5399999994112,0.6831022251068992
641.5499999994112,0.4727886060870532
641.559999999411,0.5835673620147395
641.569999999411,0.6348695461662778
641.579999999411,0.38204264923295367
641.5899999994109,0.6994472443787116
641.5999999994109,0.24623366187505794
641.6099999994109,0.6943459720745415
641.6199999994109,0.4184780998312556
641.6299999994108,0.6168332267785394
641.6399999994107,0.6056315679244024
641.6499999994107,0.43856020905410076
641.6599999994106,0.6907632290688718
641.6699999994106,0.25068338176671756
641.6799999994106,0.7016718616786737
641.6899999994106,0.3610392960748791
641.6999999994105,0.644509172100601
641.7099999994105,0.5688692709229951
641.7199999994104,0.4933185198202215
641.7299999994103,0.6773348362185879
641.7399999994103,0.27960358664200324
641.7499999994103,0.7050090030032493
641.7599999994103,0.3066005834528575
641.7699999994102,0.6667562262401978
641.7799999994102,0.5236731721782336
641.7899999994102,0.5431311400446897
641.79999999941,0.6583197745656142
641.80999999941,0.3281502998947221
641.81999999941,0.7041605862311974
641.82999999941,0.2644939383346269
641.8399999994099,0.6838099423597322
641.8499999994099,0.46983065497174253
641.8599999994099,0.5863691211004349
641.8699999994097,0.6326449709208478
641.8799999994097,0.38799155712584427
641.8899999994097,0.6987659591739516
641.8999999994097,0.245134263704674
641.9099999994096,0.6958772272839518
641.9199999994096,0.40883214591670675
641.9299999994096,0.6224999409277606
641.9399999994095,0.5990335897198696
641.9499999994094,0.45066426805247756
641.9599999994094,0.688257214219793
641.9699999994094,0.25541605821401503
641.9799999994093,0.7030649956208758
641.9899999994093,0.34537181550160445
641.9999999994093,0.6516202040722054
642.0099999994092,0.5561614683352538
642.0199999994092,0.5098727757086684
642.0299999994091,0.6718109739032815
642.0399999994091,0.29445535396355754
642.049999999409,0.7053260327958921
642.059999999409,0.28868908641585506
642.069999999409,0.6741004192591646
642.0799999994089,0.5031052270273781
642.0899999994089,0.562033586693713
642.0999999994089,0.6483051298795042
642.1099999994088,0.35370998193271913
642.1199999994087,0.7024099601952897
642.1299999994087,0.2518561298079579
642.1399999994087,0.6903516987441396
642.1499999994086,0.44034698306294984
642.1599999994086,0.6057117888273639
642.1699999994086,0.6163126606669888
642.1799999994086,0.42155021019108985
642.1899999994084,0.693810598264244
642.1999999994084,0.2469225041918203
642.2099999994084,0.7006825724060641
642.2199999994083,0.37157624201782363
642.2299999994083,0.6407732083945603
642.2399999994083,0.5742160817836599
642.2499999994083,0.4881279247716055
642.2599999994081,0.6787060896030441
642.2699999994081,0.2775793333139199
642.2799999994081,0.7052087115167012
642.289999999408,0.30591079217764366
642.299999999408,0.6676875648342221
642.309999999408,0.5206308131686492
642.319999999408,0.547456226428886
642.3299999994078,0.6558989157521432
642.3399999994078,0.33606960678564013
642.3499999994078,0.7037856470674195
642.3599999994077,0.25838849222356447
642.3699999994077,0.6870773493064805
642.3799999994077,0.45548929733733085
642.3899999994077,0.5969942238683457
642.3999999994076,0.6237896799872049
642.4099999994075,0.40806936244116143
642.4199999994075,0.6959439745830529
642.4299999994074,0.2450576081215212
642.4399999994074,0.699459973273683
642.4499999994074,0.3822111533347965
642.4599999994074,0.6363439471375762
642.4699999994073,0.5804836888094157
642.4799999994073,0.48033891358810893
642.4899999994072,0.6808165871207376
642.4999999994071,0.2729142868539435
642.5099999994071,0.7051043662126055
642.5199999994071,0.31072966007848635
642.5299999994071,0.6660969640983754
642.539999999407,0.5242718353040501
642.549999999407,0.5447047026521975
642.559999999407,0.6570636370101732
642.5699999994068,0.33392682531030243
642.5799999994068,0.7039394359970769
642.5899999994068,0.2586941658607983
642.5999999994068,0.6871019268480819
642.6099999994067,0.4549689110240737
642.6199999994067,0.5978009105894737
642.6299999994067,0.6228387308893019
642.6399999994065,0.4107354221352555
642.6499999994065,0.6954740566359654
642.6599999994065,0.24544796477636602
642.6699999994065,0.7000713429336243
642.6799999994064,0.37672990972815196
642.6899999994064,0.639191179794531
642.6999999994064,0.5759344656270984
642.7099999994063,0.4872743144982971
642.7199999994062,0.6787088458911156
642.7299999994062,0.2786559663132164
642.7399999994062,0.7053826282476642
642.7499999994061,0.30199804302481414
642.7599999994061,0.6697042541746181
642.7699999994061,0.51445901199975
642.779999999406,0.5541572162012582
642.789999999406,0.6520478322158559
642.7999999994059,0.3470726020889669
642.8099999994059,0.7029629797224061
642.8199999994058,0.2524807551209085
642.8299999994058,0.6904319655538024
642.8399999994058,0.43875421971795425
642.8499999994057,0.6080007485080877
642.8599999994057,0.6132803153553933
642.8699999994056,0.4294751963414165
642.8799999994056,0.692192233917795
642.8899999994055,0.2495893654702359
642.8999999994055,0.7022309927364274
642.9099999994055,0.3553618355438018
642.9199999994054,0.6487720519427052
642.9299999994054,0.5598606135781274
642.9399999994054,0.5082521124276573
642.9499999994053,0.671796278497525
642.9599999994052,0.29704942987031563
642.9699999994052,0.7054906337222918
642.9799999994052,0.28184778324238574
642.9899999994051,0.6776816225614514
642.9999999994051,0.49006493167236787
643.0099999994051,0.5744996150848276
643.0199999994051,0.6397544373696611
643.0299999994049,0.37657216606307586
643.0399999994049,0.7000022121117442
643.0499999994049,0.24512586360785546
643.0599999994048,0.6960349734361775
643.0699999994048,0.4061136586334375
643.0799999994048,0.6258959728721347
643.0899999994048,0.5933608233149559
643.0999999994046,0.4634004612423629
643.1099999994046,0.684842611768513
643.1199999994046,0.26451581374635996
643.1299999994045,0.7047148201042925
643.1399999994045,0.31993773275772536
643.1499999994045,0.6632294084546403
643.1599999994045,0.5298744466737784
643.1699999994044,0.5409380808160676
643.1799999994043,0.6582496100929611
643.1899999994043,0.3328157376131274
643.1999999994042,0.7039538782320611
643.2099999994042,0.2574420991942978
643.2199999994042,0.6881221432934973
643.2299999994042,0.4487968014543844
643.2399999994041,0.6027707596063705
643.249999999404,0.6175661117039065
643.259999999404,0.42279580803310035
643.2699999994039,0.6931954302533748
643.2799999994039,0.24841329431845094
643.2899999994039,0.7019511829249844
643.2999999994039,0.3572925445747596
643.3099999994038,0.6484533451617954
643.3199999994038,0.5595766197939728
643.3299999994038,0.5096145873969036
643.3399999994036,0.6709531583022738
643.3499999994036,0.30021757810151023
643.3599999994036,0.7054115435946147
643.3699999994036,0.27755448000998356
643.3799999994035,0.679679944032513
643.3899999994035,0.4821530796574735
643.3999999994035,0.5811095389624817
643.4099999994033,0.6346923567210351
643.4199999994033,0.3888572031923677
643.4299999994033,0.6983196134367863
643.4399999994033,0.24429877031301608
643.4499999994032,0.6982825681801541
643.4599999994032,0.38903060921557076
643.4699999994032,0.634677115508022
643.479999999403,0.5809757622019698
643.489999999403,0.4825759123568495
643.499999999403,0.6794580409527929
643.509999999403,0.2783666616735271
643.5199999994029,0.705422950516978
643.5299999994029,0.2984915545700196
643.5399999994029,0.6717693685714948
643.5499999994028,0.50668626412376
643.5599999994027,0.5625012509345104
643.5699999994027,0.6464212058733441
643.5799999994027,0.3628684898652152
643.5899999994026,0.7012854081549381
643.5999999994026,0.2467956990219141
643.6099999994026,0.6946022024337298
643.6199999994025,0.413256900155422
643.6299999994025,0.6230996232581193
643.6399999994024,0.5956450626747727
643.6499999994024,0.4613834335326857
643.6599999994023,0.6848968624767842
643.6699999994023,0.2652426306488655
643.6799999994023,0.7047888793427051
643.6899999994022,0.3159286396881238
643.6999999994022,0.6652966054849888
643.7099999994022,0.5233692942077106
643.7199999994021,0.548270144647807
643.729999999402,0.6539485666202035
643.739999999402,0.3450753302059941
643.749999999402,0.7028596606582914
643.7599999994019,0.2513329358747941
643.7699999994019,0.6916165835806637
643.7799999994019,0.42954767455114007
643.7899999994019,0.614709575279535
643.7999999994017,0.6047555037920443
643.8099999994017,0.447040009496173
643.8199999994017,0.6880420502492737
643.8299999994016,0.2583782558242525
643.8399999994016,0.7040918835982395
643.8499999994016,0.3275759108013713
643.8599999994016,0.6609661869173085
643.8699999994014,0.5330840069664105
643.8799999994014,0.539382393227446
643.8899999994014,0.658062298554603
643.8999999994013,0.3351233532232698
643.9099999994013,0.7035555957036852
643.9199999994013,0.25480547248992597
643.9299999994013,0.6898286205384289
643.9399999994012,0.4380121231392928
643.9499999994011,0.610211039801897
643.9599999994011,0.609064041909725
643.969999999401,0.44007200287014414
643.979999999401,0.6893691063663618
643.989999999401,0.25579471945736293
643.999999999401,0.7037029160786873
644.0099999994009,0.3323938386957213
644.0199999994009,0.6592346464635571
644.0299999994008,0.536411871931744
644.0399999994007,0.5364103773992343
644.0499999994007,0.6592030227049984
644.0599999994007,0.3325737779011527
644.0699999994007,0.7036569864316435
644.0799999994006,0.25558884843045626
644.0899999994006,0.6895167371981747
644.0999999994006,0.438817281921649
644.1099999994004,0.6099735191912098
644.1199999994004,0.6089386511252758
644.1299999994004,0.4406763494898328
644.1399999994004,0.6890915507902989
644.1499999994003,0.25652812431421923
644.1599999994003,0.7037793884853663
644.1699999994003,0.3300574305950519
644.1799999994001,0.6602776069956534
644.1899999994001,0.5335680716114343
644.1999999994001,0.539533025893606
644.2099999994001,0.6574995560315036
644.2199999994,0.33727045902790875
644.2299999994,0.7032281597369177
644.2399999994,0.2533928157575504
644.2499999993998,0.6907207235409019
644.2599999993998,0.4319944532092248
644.2699999993998,0.6140084826857622
644.2799999993998,0.6043775929424519
644.2899999993997,0.4488233990752751
644.2999999993997,0.6871755673197547
644.3099999993997,0.26082175729414225
644.3199999993996,0.704263188029247
644.3299999993995,0.32074349251930956
644.3399999993995,0.6639771287868077
644.3499999993995,0.5243884721793002
644.3599999993994,0.5485416753935279
644.3699999993994,0.65277980451402
644.3799999993994,0.34944305441708967
644.3899999993993,0.7021163024820547
644.3999999993993,0.2492173414494528
644.4099999993992,0.6932400576949459
644.4199999993992,0.4174239958694682
644.4299999993991,0.621969730331936
644.4399999993991,0.5950105749271142
644.4499999993991,0.4642491755413316
644.459999999399,0.6833384553383701
644.469999999399,0.270071963205159
644.479999999399,0.7048822280933414
644.489999999399,0.30523210046107113
644.4999999993988,0.6699314129700219
644.5099999993988,0.5083440148156793
644.5199999993988,0.5628378881639583
644.5299999993987,0.6445581154688605
644.5399999993987,0.3695224550428501
644.5499999993987,0.6999475722659246
644.5599999993987,0.2454555660667534
644.5699999993985,0.6966454293198365
644.5799999993985,0.39498758475625667
644.5899999993985,0.6331771054404217
644.5999999993984,0.5800823117913296
644.6099999993984,0.48634374225330373
644.6199999993984,0.6770303675213998
644.6299999993984,0.2865055734930122
644.6399999993982,0.7051542006968861
644.6499999993982,0.2853241883278234
644.6599999993982,0.6774851975024023
644.6699999993981,0.4846036022458332
644.6799999993981,0.5814371189233988
644.6899999993981,0.6319983977828243
644.6999999993981,0.39771953492964923
644.709999999398,0.6961136229897779
644.7199999993979,0.2459864780026055
644.7299999993979,0.7002992821580984
644.7399999993978,0.36496739444488885
644.7499999993978,0.6466656148541209
644.7599999993978,0.558432063564443
644.7699999993978,0.5140118064600668
644.7799999993977,0.6673943726608424
644.7899999993977,0.3124900979209616
644.7999999993976,0.7043863601911294
644.8099999993975,0.264543207793654
644.8199999993975,0.6857748972808947
644.8299999993975,0.4522271729823168
644.8399999993975,0.6030080859012352
644.8499999993974,0.6138534352346611
644.8599999993974,0.43351504700753396
644.8699999993974,0.6897403270648893
644.8799999993972,0.25587444070241006
644.8899999993972,0.7033763184967564
644.8999999993972,0.32885372589577405
644.9099999993972,0.661258388610438
644.9199999993971,0.5285135794052601
644.9299999993971,0.5456144967271496
644.9399999993971,0.6531967591626893
644.9499999993969,0.3494817410286624
644.9599999993969,0.7016604084571839
644.9699999993969,0.24885647552132834
644.9799999993969,0.6937769730924982
644.9899999993968,0.410677661074086
644.9999999993968,0.6259678366490278
645.0099999993968,0.5883929546616969
645.0199999993966,0.4753052836528636
645.0299999993966,0.6796259023995077
645.0399999993966,0.2801746661164285
645.0499999993966,0.7048701981514128
645.0599999993965,0.29070334643836293
645.0699999993965,0.6756512331810445
645.0799999993965,0.4885798657110866
645.0899999993964,0.5790698146941098
645.0999999993963,0.632721350341445
645.1099999993963,0.3969510173502311
645.1199999993963,0.6957867847826344
645.1299999993962,0.246602734353889
645.1399999993962,0.7003421635202064
645.1499999993962,0.3610016718657912
645.1599999993961,0.6486206703210018
645.169999999396,0.5533777903053614
645.179999999396,0.5204368959982152
645.189999999396,0.6641326168245427
645.1999999993959,0.3217472276118009
645.2099999993959,0.7035682269941533
645.2199999993959,0.2587501980400353
645.2299999993958,0.6884844831933746
645.2399999993958,0.43734269124193015
645.2499999993958,0.6120995809181983
645.2599999993957,0.6036408224652978
645.2699999993956,0.4519383710097747
645.2799999993956,0.6852079322204225
645.2899999993956,0.2663227554156449
645.2999999993955,0.7041937193622482
645.3099999993955,0.3080787763747939
645.3199999993955,0.6692962618120804
645.3299999993955,0.5062707969074447
645.3399999993953,0.5656681652885643
645.3499999993953,0.6410206859401015
645.3599999993953,0.3791190709896221
645.3699999993952,0.6979712748285004
645.3799999993952,0.24564733153798865
645.3899999993952,0.6983714244604688
645.3999999993952,0.37574657589726645
645.409999999395,0.6425189436022022
645.419999999395,0.5629537580922316
645.429999999395,0.5096935672671997
645.4399999993949,0.6678273690420437
645.4499999993949,0.3121980486960157
645.4599999993949,0.7038647252051144
645.4699999993949,0.26353849487335024
645.4799999993947,0.6864302383821644
645.4899999993947,0.4452143011967165
645.4999999993947,0.6078246077834105
645.5099999993946,0.6072479634347353
645.5199999993946,0.4462436679786712
645.5299999993946,0.6861310339692377
645.5399999993946,0.264308449014896
645.5499999993945,0.7038533058868781
645.5599999993944,0.3106547374011184
645.5699999993944,0.668436622153512
645.5799999993943,0.5073194127798919
645.5899999993943,0.5650911286426548
645.5999999993943,0.6407522133036443
645.6099999993943,0.3800800147400421
645.6199999993942,0.6975456488431743
645.6299999993942,0.24602108347305493
645.6399999993941,0.6985426417412504
645.649999999394,0.37193682102795833
645.659999999394,0.6443072525762034
645.669999999394,0.5589040561642492
645.679999999394,0.5148068873568957
645.6899999993939,0.6653750156025732
645.6999999993939,0.3190171089844283
645.7099999993939,0.7032530463615704
645.7199999993937,0.25951578745634074
645.7299999993937,0.68828063710026
645.7399999993937,0.4347733279340801
645.7499999993937,0.6139381647866529
645.7599999993936,0.600010769462257
645.7699999993936,0.45859734625640824
645.7799999993936,0.6828067649759867
645.7899999993934,0.2725909229860933
645.7999999993934,0.7040892749161289
645.8099999993934,0.29788117251548757
645.8199999993934,0.6732432317304528
645.8299999993933,0.49193854090651523
645.8399999993933,0.5773703848456677
645.8499999993933,0.6319188557879051
645.8599999993932,0.3997372172938396
645.8699999993931,0.6943948555399883
645.8799999993931,0.24874807502678245
645.8899999993931,0.7006330551545891
645.899999999393,0.34994162181710947
645.909999999393,0.6535121561983269
645.919999999393,0.5406240308835482
645.9299999993929,0.5350032862324641
645.9399999993929,0.6561632357521224
645.9499999993928,0.34331582700944313
645.9599999993928,0.7011660519359355
645.9699999993927,0.25030693161640366
645.9799999993927,0.6932810920441288
645.9899999993927,0.405648145056134
645.9999999993926,0.6291533212821325
646.0099999993926,0.5805479601612932
646.0199999993926,0.4878433010675661
646.0299999993925,0.6741461218147874
646.0399999993924,0.2956160382833069
646.0499999993924,0.7038892667558871
646.0599999993924,0.27395613463971824
646.0699999993923,0.6823099889444708
646.0799999993923,0.4584970013422502
646.0899999993923,0.6003021679239354
646.0999999993923,0.6125406376718014
646.1099999993921,0.43773159398682054
646.1199999993921,0.6870285137053891
646.1299999993921,0.2625454848729997
646.139999999392,0.703140206156457
646.149999999392,0.3124837112619408
646.159999999392,0.6679283728908959
646.1699999993918,0.5053329556120092
646.1799999993918,0.5672574467418136
646.1899999993918,0.6377670659913064
646.1999999993918,0.38743830979404664
646.2099999993917,0.6957335172392805
646.2199999993917,0.24769107823864459
646.2299999993917,0.6993567597829835
646.2399999993916,0.35813531289302847
646.2499999993915,0.6503227929667097
646.2599999993915,0.545212963029431
646.2699999993915,0.5305769489761222
646.2799999993914,0.657375675129229
646.2899999993914,0.3404815469271712
646.2999999993914,0.7009856419310972
646.3099999993913,0.25113833987713524
646.3199999993913,0.6928838050790238
646.3299999993912,0.404851551679713
646.3399999993912,0.6296995318119245
646.3499999993911,0.5783638499994465
646.3599999993911,0.4911579192630887
646.3699999993911,0.672371236090267
646.379999999391,0.30058945934852194
646.389999999391,0.7033557292860433
646.399999999391,0.2698014037962774
646.409999999391,0.6840089378531607
646.4199999993908,0.4488660255888879
646.4299999993908,0.6063225023907136
646.4399999993908,0.6055093092937349
646.4499999993907,0.4502740907657118
646.4599999993907,0.6835897178725086
646.4699999993907,0.27090205810402296
646.4799999993907,0.7033010445453639
646.4899999993905,0.2989020256252206
646.4999999993905,0.6729909407606781
646.5099999993905,0.48832013500745225
646.5199999993904,0.5805452355238045
646.5299999993904,0.6275089820896667
646.5399999993904,0.40953704523833634
646.5499999993904,0.6917132375766195
646.5599999993902,0.2532147452843315
646.5699999993902,0.7011979861478899
646.5799999993902,0.33358182552985477
646.5899999993901,0.6600822850518087
646.5999999993901,0.5226125985042336
646.6099999993901,0.5528329858427428
646.6199999993901,0.6451914970868283
646.62999999939,0.3707603718454221
646.6399999993899,0.6972969851347832
646.6499999993899,0.24761303557307068
646.6599999993898,0.6973676622964451
646.6699999993898,0.3699154365544654
646.6799999993898,0.6455462898101163
646.6899999993898,0.5518461443268439
646.6999999993897,0.5237698148100409
646.7099999993897,0.6592910283141561
646.7199999993896,0.33573483095401324
646.7299999993895,0.7007965333269811
646.7399999993895,0.25264913438213127
646.7499999993895,0.6920953308555434
646.7599999993895,0.40522190174932465
646.7699999993894,0.6296690036162013
646.7799999993894,0.5764581858244516
646.7899999993894,0.4940459291347616
646.7999999993892,0.6704334031448329
646.8099999993892,0.30596274624978353
646.8199999993892,0.7025914195748637
646.8299999993892,0.2659142421850966
646.8399999993891,0.6856447080847539
646.8499999993891,0.4379322771790907
646.8599999993891,0.6127655567336265
646.8699999993889,0.5970064668718739
646.8799999993889,0.4644231485157692
646.8899999993889,0.6791432384424934
646.8999999993889,0.28242814045643255
646.9099999993888,0.7030040323410559
646.9199999993888,0.2847031530178917
646.9299999993888,0.6782679591056758
646.9399999993886,0.4672948683004119
646.9499999993886,0.5951807287628625
646.9599999993886,0.6140574579442781
646.9699999993886,0.43568102293794636
646.9799999993885,0.6858582006104911
646.9899999993885,0.26547402219329064
646.9999999993885,0.7023140337497505
647.0099999993884,0.30652487411124685
647.0199999993883,0.6702119952948961
647.0299999993883,0.49308545685119853
647.0399999993883,0.5772838041787053
647.0499999993882,0.6281348947440181
647.0599999993882,0.40855159887567644
647.0699999993882,0.6909441160726094
647.0799999993881,0.25481791465715065
647.089999999388,0.7007689232221346
647.099999999388,0.32937141382408475
647.109999999388,0.6617215894758259
647.1199999993879,0.5153848872264764
647.1299999993879,0.5594583857028256
647.1399999993879,0.6397006269514135
647.1499999993878,0.3836550453017632
647.1599999993878,0.6947084061322222
647.1699999993878,0.2496840720749214
647.1799999993877,0.6985913986701613
647.1899999993876,0.35178188481343003
647.1999999993876,0.6530397866899192
647.2099999993876,0.5344293303561706
647.2199999993875,0.5420885527890051
647.2299999993875,0.6491514824658942
647.2399999993875,0.3614492503873895
647.2499999993875,0.697411067396608
647.2599999993873,0.2489956058044224
647.2699999993873,0.6959841187604695
647.2799999993873,0.3727847126840086
647.2899999993872,0.6444061156742484
647.2999999993872,0.5505178541997388
647.3099999993872,0.5255433727008687
647.3199999993872,0.6568232451540342
647.329999999387,0.3422033082003249
647.339999999387,0.6992731833165929
647.349999999387,0.2515658499685881
647.3599999993869,0.6931323974294787
647.3699999993869,0.39179107940930524
647.3799999993869,0.6360531595717167
647.3899999993869,0.563959220308631
647.3999999993868,0.5101620776271601
647.4099999993867,0.66299714997161
647.4199999993867,0.3259986365597951
647.4299999993866,0.7004832527176538
647.4399999993866,0.25624813518449613
647.4499999993866,0.6902052981232321
647.4599999993866,0.40848478828866785
647.4699999993865,0.6282020859273666
647.4799999993865,0.5750433672562143
647.4899999993864,0.49624206714033914
647.4999999993863,0.6679066698181515
647.5099999993863,0.31275474345430826
647.5199999993863,0.7012017115412285
647.5299999993863,0.26202946726255577
647.5399999993862,0.687355543955926
647.5499999993862,0.4227291429133959
647.5599999993862,0.621057734668844
647.569999999386,0.5840275171755974
647.579999999386,0.48403128611966845
647.589999999386,0.6717436190465296
647.599999999386,0.3022718244835443
647.6099999993859,0.701564024689132
647.6199999993859,0.2680733760660425
647.6299999993859,0.6847186161583836
647.6399999993857,0.43449623855809494
647.6499999993857,0.6148038021007168
647.6599999993857,0.5911304813130063
647.6699999993857,0.4737256047158131
647.6799999993856,0.6746632327144713
647.6899999993856,0.29428065151419147
647.6999999993856,0.701682690465716
647.7099999993854,0.27372643636830196
647.7199999993854,0.6824113710151736
647.7299999993854,0.4438168184062137
647.7399999993854,0.6095985415177956
647.7499999993853,0.5965312698200751
647.7599999993853,0.46547083057643973
647.7699999993853,0.6767881832373901
647.7799999993852,0.2884913211013622
647.7899999993851,0.7016484541566588
647.7999999993851,0.27850398022998735
647.8099999993851,0.6805304606432692
647.819999999385,0.45074642399100456
647.829999999385,0.6055712475493946
647.839999999385,0.6003697333091509
647.8499999993849,0.45936815337213344
647.8599999993849,0.6782116266738253
647.8699999993848,0.284635130750167
647.8799999993848,0.7015309787657413
647.8899999993847,0.28206739789352947
647.8999999993847,0.6791507946334642
647.9099999993847,0.4553434938653865
647.9199999993846,0.6028196331203705
647.9299999993846,0.6027479536035124
647.9399999993846,0.45548132296604443
647.9499999993845,0.6789994117102442
647.9599999993844,0.28249677512143373
647.9699999993844,0.7013791728495461
647.9799999993844,0.2842013211967769
647.9899999993843,0.6783242286057222
647.9999999993843,0.4576558803689837
648.0099999993843,0.6014080783276674
648.0199999993843,0.6037316858294549
648.0299999993841,0.45384374965779883
648.0399999993841,0.679191581638588
648.0499999993841,0.2819362766931776
648.059999999384,0.701221328320504
648.069999999384,0.2847955085906761
648.079999999384,0.6780786148255944
648.089999999384,0.4577132635640894
648.0999999993838,0.6013666525512951
648.1099999993838,0.603351490953576
648.1199999993838,0.4544639488963758
648.1299999993837,0.6788032742845994
648.1399999993837,0.282901243305388
648.1499999993837,0.7010651749704655
648.1599999993837,0.2838338554224568
648.1699999993835,0.6784173015316247
648.1799999993835,0.45552387843840925
648.1899999993835,0.6026907940856219
648.1999999993834,0.6016033913458979
648.2099999993834,0.45732823525582433
648.2199999993834,0.6778250901857202
648.2299999993834,0.2854302799329551
648.2399999993833,0.7008979131239124
648.2499999993832,0.28139148423849136
648.2599999993832,0.6793191222893348
648.2699999993831,0.45107478420847125
648.2799999993831,0.6053415665234055
648.2899999993831,0.598448998948844
648.2999999993831,0.46240019708959523
648.309999999383,0.6762229602633176
648.319999999383,0.28964800788662987
648.329999999383,0.700686241198146
648.3399999993828,0.277639951852724
648.3499999993828,0.6807388745336747
648.3599999993828,0.4443356300383098
648.3699999993828,0.6092464752470508
648.3799999993827,0.5938151530426261
648.3899999993827,0.469617156300119
648.3999999993827,0.6739375050900089
648.4099999993825,0.29575157188099466
648.4199999993825,0.7003763510305031
648.4299999993825,0.2728598189852347
648.4399999993825,0.6826082457595608
648.4499999993824,0.4352665760036495
648.4599999993824,0.6143008912560817
648.4699999993824,0.5875931997053536
648.4799999993822,0.4788844516610637
648.4899999993822,0.6708828408496835
648.4999999993822,0.303988157465188
648.5099999993822,0.699893820654726
648.5199999993821,0.267458754908029
648.5299999993821,0.6848371046211769
648.5399999993821,0.4238317777709997
648.549999999382,0.6203701637072409
648.559999999382,0.5796381869294749
648.5699999993819,0.4900688973687582
648.5799999993819,0.6669447562014413
648.5899999993818,0.3146232730321612
648.5999999993818,0.699143291798008
648.6099999993818,0.2619916265022935
648.6199999993817,0.6873150317871808
648.6299999993817,0.4100206614948422
648.6399999993816,0.6272924866749474
648.6499999993816,0.569768487296791
648.6599999993815,0.5029930720490167
648.6699999993815,0.6619781648047244
648.6799999993815,0.3279006462819653
648.6899999993814,0.698007777716488
648.6999999993814,0.25717642436440413
648.7099999993814,0.6899129213777639
648.7199999993813,0.39388004621424877
648.7299999993812,0.6348825136734797
648.7399999993812,0.5577667672232676
648.7499999993812,0.5174321022909887
648.7599999993811,0.6558037417567643
648.7699999993811,0.34399658177186326
648.7799999993811,0.6963474062114622
648.789999999381,0.25389655664526206
648.7999999993809,0.6924844400304336
648.8099999993809,0.37556075420157486
648.8199999993809,0.6429355957316436
648.8299999993808,0.543383904989093
648.8399999993808,0.5331142709218172
648.8499999993808,0.6482036993465556
648.8599999993808,0.3629741667607123
648.8699999993806,0.6939973633639349
648.8799999993806,0.2531769141790255
648.8899999993806,0.6948670887553078
648.8999999993805,0.35538206090354274
648.9099999993805,0.65123237764874
648.9199999993805,0.5263485739257221
648.9299999993805,0.5497261226265613
648.9399999993803,0.6389167869972495
648.9499999993803,0.38474494612212085
648.9599999993803,0.6907647676522863
648.9699999993802,0.25612026410858996
648.9799999993802,0.6968825746371214
648.9899999993802,0.3339149280951905
648.9999999993802,0.6595433543901877
649.00999999938,0.5063869482118235
649.01999999938,0.566921872452094
649.02999999938,0.6276328855257689
649.0399999993799,0.40904644179566163
649.0499999993799,0.6864241774685441
649.0599999993799,0.26379512442288516
649.0699999993799,0.6983361645410922
649.0799999993798,0.31207842157872373
649.0899999993798,0.6676328906901058
649.0999999993797,0.48325953657390763
649.1099999993796,0.58433603909709
649.1199999993796,0.613988137696931
649.1299999993796,0.4354421646834852
649.1399999993796,0.6807114317338807
649.1499999993795,0.27707914188866456
649.1599999993795,0.6990146599197856
649.1699999993795,0.2912306525408243
649.1799999993793,0.6752621605401548
649.1899999993793,0.4568254643489774
649.1999999993793,0.6015975409176028
649.2099999993793,0.5975626495064502
649.2199999993792,0.4633464137595365
649.2299999993792,0.6733155753847622
649.2399999993792,0.29648255236887683
649.249999999379,0.6986825964637764
649.259999999379,0.2732152194106817
649.269999999379,0.6821904681419001
649.279999999379,0.42714780918452244
649.2899999993789,0.6183431764234708
649.2999999993789,0.5778848041202218
649.3099999993789,0.4920702924768066
649.3199999993788,0.6638687987251645
649.3299999993787,0.32199724596442103
649.3399999993787,0.6970762330543793
649.3499999993787,0.2603018317488229
649.3599999993786,0.6881744534478451
649.3699999993786,0.394654153393896
649.3799999993786,0.6342285142895745
649.3899999993785,0.5544497715455178
649.3999999993785,0.5208800735502752
649.4099999993784,0.6519347654685542
649.4199999993784,0.3530248909568441
649.4299999993783,0.6938948561514303
649.4399999993783,0.2549530017299
649.4499999993783,0.6929647348688255
649.4599999993782,0.3603578719581314
649.4699999993782,0.6489346657857842
649.4799999993782,0.526765700534713
649.4899999993781,0.5490563417428953
649.499999999378,0.6369967075509865
649.509999999378,0.38842096337590715
649.519999999378,0.688788913451321
649.5299999993779,0.25938612646703646
649.5399999993779,0.6962995691831462
649.5499999993779,0.32611609357610905
649.5599999993779,0.6621700348039758
649.5699999993777,0.4944500139256924
649.5799999993777,0.5759431346229538
649.5899999993777,0.6184487840217946
649.5999999993776,0.42665237704355696
649.6099999993776,0.6813445748890409
649.6199999993776,0.2750004019988222
649.6299999993776,0.6978950878770912
649.6399999993774,0.2948365106116486
649.6499999993774,0.6736667409876124
649.6599999993774,0.45740929029702554
649.6699999993773,0.6009799213790441
649.6799999993773,0.5955984689658894
649.6899999993773,0.4660237926738084
649.6999999993773,0.6710646696672107
649.7099999993771,0.30186660772882185
649.7199999993771,0.6974315918108493
649.7299999993771,0.2704520123724146
649.739999999377,0.6831718298673647
649.749999999377,0.4161429935008628
649.759999999377,0.6237139966021594
649.769999999377,0.5676959057737803
649.7799999993769,0.5049056390908658
649.7899999993768,0.6573469445498054
649.7999999993768,0.338532482297082
649.8099999993767,0.6945352778027323
649.8199999993767,0.2574227938549299
649.8299999993767,0.6904335345572309
649.8399999993767,0.3721939146087644
649.8499999993766,0.643794945965145
649.8599999993766,0.5340207465059978
649.8699999993765,0.5419058610032278
649.8799999993764,0.6394630434957711
649.8899999993764,0.38228412687043645
649.8999999993764,0.6887547265804359
649.9099999993764,0.2596422133370984
649.9199999993763,0.6951827267487213
649.9299999993763,0.3286846745736339
649.9399999993763,0.6609552037127817
649.9499999993761,0.4940799388962424
649.9599999993761,0.575957606864193
649.9699999993761,0.6165471824308292
649.9799999993761,0.4297678511284406
649.989999999376,0.6795317500016093
649.999999999376,0.2790184794054208
650.009999999376,0.6971093443658172
650.0199999993758,0.2906811394609789
650.0299999993758,0.6749812175814229
650.0399999993758,0.4479967961583834
650.0499999993758,0.6063269172922854
650.0599999993757,0.587615364443611
650.0699999993757,0.477695610234685
650.0799999993757,0.6661673684665165
650.0899999993756,0.314468653530261
650.0999999993755,0.695833120339731
650.1099999993755,0.2648515225083373
650.1199999993755,0.685678833035264
650.1299999993754,0.39717469329118726
650.1399999993754,0.6325637275622659
650.1499999993754,0.5516594750728419
650.1599999993753,0.5233653789918947
650.1699999993752,0.6477871216916162
650.1799999993752,0.36204872493738066
650.1899999993752,0.6908675732456425
650.1999999993751,0.2578604140190948
650.2099999993751,0.6928348707390588
650.2199999993751,0.3452151855776864
650.229999999375,0.6544234767395516
650.239999999375,0.507901907535693
650.249999999375,0.5648822406850722
650.2599999993749,0.6233185832436391
650.2699999993748,0.4162274959855002
650.2799999993748,0.6815764183958871
650.2899999993748,0.27367261702015894
650.2999999993747,0.6961750647174739
650.3099999993747,0.29871696668601877
650.3199999993747,0.6717805484686912
650.3299999993746,0.45635236084841946
650.3399999993745,0.6011233830146896
650.3499999993745,0.5915139622763055
650.3599999993745,0.4715280435222807
650.3699999993744,0.6671234263433825
650.3799999993744,0.3112890624923336
650.3899999993744,0.69531695740953
650.3999999993744,0.2669648445083732
650.4099999993742,0.6845453381490993
650.4199999993742,0.39882975574925533
650.4299999993742,0.631560360282874
650.4399999993741,0.5510929485132702
650.4499999993741,0.5236854115635698
650.4599999993741,0.6464229668207715
650.4699999993741,0.36480305277228225
650.479999999374,0.6897154239174147
650.4899999993739,0.25929640195441067
650.4999999993739,0.6925883226204737
650.5099999993738,0.34042269741976994
650.5199999993738,0.6560412977602809
650.5299999993738,0.5011585122840153
650.5399999993738,0.5700145355056826
650.5499999993737,0.6181152210135792
650.5599999993736,0.4259048997324321
650.5699999993736,0.6785991063509706
650.5799999993735,0.28048079296051753
650.5899999993735,0.6956687031911365
650.5999999993735,0.29063526308488746
650.6099999993735,0.6745922889538947
650.6199999993734,0.4421403998593906
650.6299999993734,0.6091958139323069
650.6399999993733,0.5806304884860043
650.6499999993732,0.48691746844060996
650.6599999993732,0.6609005819156961
650.6699999993732,0.32738164575669343
650.6799999993732,0.6933620429882313
650.6899999993731,0.2622504107645843
650.6999999993731,0.687257483781072
650.709999999373,0.3775147268425738
650.7199999993729,0.640828584480237
650.7299999993729,0.5324941542424277
650.7399999993729,0.5425304593046418
650.7499999993729,0.63519783516968
650.7599999993728,0.3902990378945936
650.7699999993728,0.684980825952118
650.7799999993728,0.2660649044926017
650.7899999993726,0.6939734392539447
650.7999999993726,0.3159867663158358
650.8099999993726,0.664993784466443
650.8199999993726,0.4731766018688656
650.8299999993725,0.589955437415289
650.8399999993725,0.5997245948063308
650.8499999993725,0.45789122255152764
650.8599999993723,0.6694857219696781
650.8699999993723,0.30381801157702254
650.8799999993723,0.6944631391352539
650.8899999993723,0.27210705378221955
650.8999999993722,0.6819184502466016
650.9099999993722,0.40493089258581605
650.9199999993722,0.6282328001038127
650.9299999993721,0.552603513782566
650.939999999372,0.5214116341710052
650.949999999372,0.6453999467103275
650.959999999372,0.3662027024284831
650.9699999993719,0.6881335726919722
650.9799999993719,0.261617993951796
650.9899999993719,0.691742464177313
650.9999999993718,0.3357088046283976
651.0099999993718,0.6574049051486638
651.0199999993717,0.4926525414179249
651.0299999993717,0.5760040001712572
651.0399999993716,0.6107821122086838
651.0499999993716,0.438607510602192
651.0599999993716,0.6739659812085592
651.0699999993715,0.2914305179255206
651.0799999993715,0.6943527638322714
651.0899999993715,0.2812880839916502
651.0999999993714,0.677877571620865
651.1099999993713,0.4213759844498767
651.1199999993713,0.6198899520824114
651.1299999993713,0.563425407958775
651.1399999993712,0.5085371737079126
651.1499999993712,0.6504055713206409
651.1599999993712,0.3533840103227298
651.1699999993712,0.6892465553068964
651.179999999371,0.26143277022941086
651.189999999371,0.6900073133707564
651.199999999371,0.3465667682030634
651.2099999993709,0.6530134063273184
651.2199999993709,0.5017024121772583
651.2299999993709,0.5688188142599581
651.2399999993709,0.615309548065152
651.2499999993707,0.4299066413032257
651.2599999993707,0.6753960196416474
651.2699999993707,0.2873020873231697
651.2799999993706,0.6938436515798597
651.2899999993706,0.2856889996557523
651.2999999993706,0.67596424574063
651.3099999993706,0.4268642142105543
651.3199999993705,0.6168200459489146
651.3299999993704,0.5661548280899779
651.3399999993704,0.5048814609503482
651.3499999993703,0.6511138971933539
651.3599999993703,0.3510843299245108
651.3699999993703,0.6889454686424523
651.3799999993703,0.2622306244692894
651.3899999993702,0.6893169505959417
651.3999999993702,0.34750754897938113
651.4099999993701,0.652437412185592
651.41999999937,0.5010436965970922
651.42999999937,0.5690844491837126
651.43999999937,0.6139911064793658
651.44999999937,0.4319422725775919
651.4599999993699,0.6742151438358656
651.4699999993699,0.28990325395962413
651.4799999993699,0.693256151919598
651.4899999993697,0.2839930017692081
651.4999999993697,0.676479401225925
651.5099999993697,0.42159360731006207
651.5199999993697,0.6193331251399339
651.5299999993696,0.5611760179462219
651.5399999993696,0.5106209023978313
651.5499999993696,0.6477411999802858
651.5599999993694,0.3589652332742247
651.5699999993694,0.6873386448178407
651.5799999993694,0.2635519437529583
651.5899999993694,0.6897236082085842
651.5999999993693,0.33863530012771176
651.6099999993693,0.6556696124600639
651.6199999993693,0.490744397696614
651.6299999993691,0.5766778563103969
651.6399999993691,0.6067509569366292
651.6499999993691,0.44452622206728654
651.6599999993691,0.6702939837251481
651.669999999369,0.2996945385299818
651.679999999369,0.6924248778385392
651.689999999369,0.27720371303967545
651.6999999993689,0.6791755752482556
651.7099999993688,0.40565524415538085
651.7199999993688,0.6270100394981664
651.7299999993688,0.5480774082948354
651.7399999993687,0.5252037768132234
651.7499999993687,0.6398507302326135
651.7599999993687,0.3773274641106388
651.7699999993686,0.6840261497426015
651.7799999993686,0.26769622069614174
651.7899999993685,0.690783108975426
651.7999999993685,0.3211438840627033
651.8099999993684,0.6620836979272067
651.8199999993684,0.4702644425383302
651.8299999993684,0.5906911567011368
651.8399999993683,0.5927609837714889
651.8499999993683,0.46707878132381353
651.8599999993683,0.6629270139500496
651.8699999993682,0.3188234810965806
651.8799999993681,0.6906989616894303
651.8899999993681,0.2688250000485397
651.8999999993681,0.6832793748948904
651.909999999368,0.37935688457787864
651.919999999368,0.63875044169869
651.929999999368,0.5256949824473649
651.939999999368,0.5473109966186506
651.9499999993678,0.6263165886504438
651.9599999993678,0.4065458337005642
651.9699999993678,0.6780781074770778
651.9799999993677,0.2793737002971272
651.9899999993677,0.6915715392709051
651.9999999993677,0.29814666384850635
652.0099999993677,0.6704995017898356
652.0199999993675,0.43878381941670813
652.0299999993675,0.6094892429256611
652.0399999993675,0.5704082468099755
652.0499999993674,0.4982542582921588
652.0599999993674,0.6507698456851021
652.0699999993674,0.3499358257168064
652.0799999993674,0.6869285342128764
652.0899999993673,0.26536663683665856
652.0999999993672,0.6875447967636841
652.1099999993672,0.3443115665087531
652.1199999993671,0.6528841461191992
652.1299999993671,0.49228384121773494
652.1399999993671,0.5748083094522957
652.1499999993671,0.6052284640092799
652.159999999367,0.44601051781379436
652.169999999367,0.6679669283051306
652.1799999993669,0.3044764357569012
652.1899999993668,0.6906975562313694
652.1999999993668,0.2762436647494381
652.2099999993668,0.6792865734780623
652.2199999993668,0.3961533425834885
652.2299999993667,0.6308437241433932
652.2399999993667,0.5373052848295544
652.2499999993667,0.5355889358585884
652.2599999993665,0.6317082044149211
652.2699999993665,0.3942328790492277
652.2799999993665,0.6794083478157273
652.2899999993665,0.2759969723325571
652.2999999993664,0.6903043878333077
652.3099999993664,0.30563960837509996
652.3199999993664,0.6673312334608369
652.3299999993662,0.4461709143509561
652.3399999993662,0.6048578892194004
652.3499999993662,0.5737799692445521
652.3599999993662,0.4932218721450742
652.3699999993661,0.6514218306941758
652.3799999993661,0.34732001472492696
652.3899999993661,0.6862683807827058
652.399999999366,0.2667631330597669
652.4099999993659,0.686463473472546
652.4199999993659,0.3451895690777837
652.4299999993659,0.6521571409787613
652.4399999993658,0.49063480325752684
652.4499999993658,0.5755567483672255
652.4599999993658,0.6026632969222411
652.4699999993657,0.4496404839044959
652.4799999993656,0.6657312110851747
652.4899999993656,0.3094860868767122
652.4999999993656,0.6894639484600358
652.5099999993655,0.2749397279349704
652.5199999993655,0.6797598300072382
652.5299999993655,0.38776422062946864
652.5399999993654,0.6342454068473294
652.5499999993654,0.5283519500529023
652.5599999993653,0.5437732575370041
652.5699999993653,0.6251792932615153
652.5799999993652,0.40718840643460313
652.5899999993652,0.675748550174112
652.5999999993652,0.2836399027959425
652.6099999993651,0.6897247780607183
652.6199999993651,0.29591789397634694
652.629999999365,0.6707051673990228
652.639999999365,0.4286997076821384
652.6499999993649,0.6141208680144793
652.6599999993649,0.5594691215718829
652.6699999993649,0.5105517413190723
652.6799999993648,0.642500208715735
652.6899999993648,0.368304132850683
652.6999999993648,0.6823672812335009
652.7099999993648,0.2706364127275321
652.7199999993646,0.6876509602010019
652.7299999993646,0.32434724340112503
652.7399999993646,0.6597775081286714
652.7499999993645,0.4655723413030559
652.7599999993645,0.5923741924114412
652.7699999993645,0.5847002652427804
652.7799999993645,0.477100207464746
652.7899999993643,0.6556408895233731
652.7999999993643,0.33509138410045275
652.8099999993643,0.6863082542953814
652.8199999993642,0.2692862101249687
652.8299999993642,0.6837559313644789
652.8399999993642,0.355641287136726
652.8499999993642,0.6474466322399423
652.859999999364,0.49748127419201604
652.869999999364,0.5696635137999586
652.879999999364,0.6049176137634383
652.8899999993639,0.4446863496863314
652.8999999993639,0.6654448610921313
652.9099999993639,0.30892298716807676
652.9199999993639,0.6881622710647582
652.9299999993638,0.27702428077301994
652.9399999993637,0.6784964138734305
652.9499999993637,0.386567527415144
652.9599999993636,0.6341870738923537
652.9699999993636,0.5243885893831237
652.9799999993636,0.546695594933025
652.9899999993636,0.6209653103479815
652.9999999993635,0.41449613856162626
653.0099999993635,0.6726033509054792
653.0199999993634,0.29023094292552215
653.0299999993633,0.6884236349219937
653.0399999993633,0.29079632299837427
653.0499999993633,0.672291512593697
653.0599999993632,0.4151853697850232
653.0699999993632,0.6204802581213197
653.0799999993632,0.5466705516389684
653.0899999993632,0.5241899064313534
653.099999999363,0.6335889541800576
653.109999999363,0.3874909051594156
653.119999999363,0.6776819567311309
653.1299999993629,0.278548999431798
653.1399999993629,0.6875143944972102
653.1499999993629,0.3077584305708294
653.1599999993629,0.665533067284026
653.1699999993627,0.4405192461913774
653.1799999993627,0.6068077499228439
653.1899999993627,0.5648567034921719
653.1999999993626,0.5028329954004566
653.2099999993626,0.6434190641760958
653.2199999993626,0.364303265701801
653.2299999993626,0.6811452530346797
653.2399999993625,0.2727557668786131
653.2499999993624,0.6858005624402554
653.2599999993624,0.3256375791755014
653.2699999993623,0.6585891773895796
653.2799999993623,0.46221363468806664
653.2899999993623,0.5936382453298651
653.2999999993623,0.5794939767171253
653.3099999993622,0.4832333035385491
653.3199999993622,0.6509766262128526
653.3299999993621,0.34519964220364774
653.339999999362,0.6833763806787799
653.349999999362,0.27139703392272785
653.359999999362,0.6836019455340451
653.369999999362,0.34280745203620766
653.3799999993619,0.6518027047005757
653.3899999993619,0.4802652571724073
653.3999999993619,0.5814114824337191
653.4099999993617,0.5910831654506621
653.4199999993617,0.4658866311346587
653.4299999993617,0.6566856952253983
653.4399999993617,0.33011353386499037
653.4499999993616,0.6846913879849733
653.4599999993616,0.2729742684611572
653.4699999993616,0.6811971677756774
653.4799999993614,0.35820452825288607
653.4899999993614,0.645486479746843
653.4999999993614,0.49484373149291133
653.5099999993614,0.570522330169847
653.5199999993613,0.6000536334796013
653.5299999993613,0.45115934237025834
653.5399999993613,0.6608865437388713
653.5499999993611,0.31873156439457556
653.5599999993611,0.685349069699471
653.5699999993611,0.2761406287334737
653.5799999993611,0.6788253010153841
653.589999999361,0.37118884842437094
653.599999999361,0.6399168088145707
653.609999999361,0.5061818360022147
653.6199999993609,0.5613077473118385
653.6299999993608,0.6067566229530202
653.6399999993608,0.43929125491540144
653.6499999993608,0.6638469102375976
653.6599999993607,0.31060351837238936
653.6699999993607,0.6855573052440417
653.6799999993607,0.2797999025172065
653.6899999993606,0.6766853253453361
653.6999999993606,0.38140873639859485
653.7099999993605,0.6353266455668931
653.7199999993605,0.5145126276555824
653.7299999993604,0.5540381841013835
653.7399999993604,0.6114666564184081
653.7499999993604,0.43041490558617307
653.7599999993603,0.6657707261603278
653.7699999993603,0.30524963033886066
653.7799999993603,0.685476866486805
653.7899999993602,0.2831337491635073
653.7999999993601,0.6749344400335822
653.8099999993601,0.3886931186921028
653.8199999993601,0.6318994573137124
653.82999999936,0.5200354398444011
653.83999999936,0.5489136467453997
653.84999999936,0.6143857145572946
653.85999999936,0.4245842856282618
653.8699999993598,0.666804447672479
653.8799999993598,0.3022480352038785
653.8899999993598,0.6852235276948646
653.8999999993597,0.28558921678411964
653.9099999993597,0.6736860378641821
653.9199999993597,0.39297552589931845
653.9299999993597,0.6297644354844979
653.9399999993595,0.5228986892192605
653.9499999993595,0.546063469276209
653.9599999993595,0.6156476504049558
653.9699999993594,0.4218049506724436
653.9799999993594,0.6670413604230658
653.9899999993594,0.30129577819879355
653.9999999993594,0.6848691368398833
654.0099999993593,0.286852483028098
654.0199999993592,0.6730079458368906
654.0299999993592,0.3942460874549428
654.0399999993591,0.628993351471048
654.0499999993591,0.5231921251689199
654.0599999993591,0.5455481674277958
654.0699999993591,0.6153217214556461
654.079999999359,0.4220583440064059
654.089999999359,0.6665242373471939
654.0999999993589,0.30224385312734214
654.1099999993588,0.6844421248101409
654.1199999993588,0.28682540521897343
654.1299999993588,0.6729213325156931
654.1399999993588,0.3925264245071992
654.1499999993587,0.6295991096966983
654.1599999993587,0.5209444279125139
654.1699999993587,0.547361719840457
654.1799999993585,0.6134148184978273
654.1899999993585,0.42531538702210503
654.1999999993585,0.6652466406405175
654.2099999993585,0.30510939870623716
654.2199999993584,0.6839277474202631
654.2299999993584,0.2856132728440305
654.2399999993584,0.6734004947097233
654.2499999993582,0.387863700298765
654.2599999993582,0.6315359240773648
654.2699999993582,0.5161242918893948
654.2799999993582,0.5514331579337549
654.2899999993581,0.609872310248401
654.2999999993581,0.43153708638836336
654.3099999993581,0.6631530313745879
654.319999999358,0.3100675535469201
654.3299999993579,0.6832681784012367
654.3399999993579,0.2835259837982024
654.3499999993579,0.6743735658820865
654.3599999993578,0.3803423414466796
654.3699999993578,0.6347010178203183
654.3799999993578,0.5086447942132557
654.3899999993577,0.5576272137366479
654.3999999993576,0.6045776230744617
654.4099999993576,0.4406626088003904
654.4199999993576,0.6601377155675922
654.4299999993575,0.3174234326883719
654.4399999993575,0.6823624016126314
654.4499999993575,0.2810898023815856
654.4599999993574,0.6757240314388786
654.4699999993574,0.3701142141880635
654.4799999993573,0.6389377575895877
654.4899999993573,0.49837237760503217
654.4999999993572,0.5657446693648095
654.5099999993572,0.5973508871043953
654.5199999993572,0.4525877904094787
654.5299999993571,0.656042536468698
654.5399999993571,0.32756316608090214
654.549999999357,0.681065688749093
654.559999999357,0.2790615856827511
654.5699999993569,0.6772927841839093
654.5799999993569,0.35744970748458404
654.5899999993569,0.6440401091106648
654.5999999993568,0.4851435612591205
654.6099999993568,0.5755236766378721
654.6199999993568,0.5879473518095862
654.6299999993568,0.46713921927757057
654.6399999993566,0.650653144996514
654.6499999993566,0.34088360830773756
654.6599999993566,0.679188297078835
654.6699999993565,0.2784311013515425
654.6799999993565,0.678880300519176
654.6899999993565,0.342812280913733
654.6999999993565,0.6497581910881369
654.7099999993563,0.46879488010237846
654.7199999993563,0.5866434548763539
654.7299999993563,0.5760570039372662
654.7399999993562,0.4840505030105856
654.7499999993562,0.6436936883720128
654.7599999993562,0.3577042907431865
654.7699999993562,0.6764928853850142
654.779999999356,0.28039054963424065
654.789999999356,0.6802483630498557
654.799999999356,0.3269557353858232
654.8099999993559,0.6558044951808862
654.8199999993559,0.4492147608292358
654.8299999993559,0.5987313517456755
654.8399999993559,0.5613082197279514
654.8499999993558,0.5029475529135023
654.8599999993558,0.6348199369517897
654.8699999993557,0.378172252224035
654.8799999993556,0.6726900383912233
654.8899999993556,0.2862470805351915
654.8999999993556,0.6811206030464558
654.9099999993556,0.3110337622943699
654.9199999993555,0.6618600645670752
654.9299999993555,0.4264298122347288
654.9399999993555,0.6113733628323738
654.9499999993553,0.5432808511532867
654.9599999993553,0.5233481769767164
654.9699999993553,0.62361139279014
654.9799999993553,0.4021782259548066
654.9899999993552,0.6674312409271862
654.9999999993552,0.2972604642239253
655.0099999993552,0.6811809954153996
655.019999999355,0.29669192290102087
655.029999999355,0.6675796422901662
655.039999999355,0.40074071659543936
655.049999999355,0.6241271019365463
655.0599999993549,0.5215386186019375
655.0699999993549,0.5446779672787676
655.0799999993549,0.6095641283041965
655.0899999993547,0.42930683594455754
655.0999999993547,0.6602987241174456
655.1099999993547,0.3144110207250657
655.1199999993547,0.6800693210528421
655.1299999993546,0.286083320441775
655.1399999993546,0.6725945739028608
655.1499999993546,0.37291978836795364
655.1599999993545,0.6365352256248081
655.1699999993544,0.4956979103798088
655.1799999993544,0.566300156775951
655.1899999993544,0.5920886354007311
655.1999999993543,0.45883935588679814
655.2099999993543,0.6507919781890876
655.2199999993543,0.33814210504437936
655.2299999993542,0.6773725374048952
655.2399999993542,0.2817228763507035
655.2499999993541,0.6765121127623972
655.2599999993541,0.3444629790202006
655.269999999354,0.6481367231183004
655.279999999354,0.4655602906457171
655.289999999354,0.5875532026043682
655.2999999993539,0.5705220000965061
655.3099999993539,0.48981399089244637
655.3199999993539,0.6383117471798649
655.3299999993538,0.3681603027541778
655.3399999993537,0.6726110207630599
655.3499999993537,0.2861035631864608
655.3599999993537,0.6789097268754988
655.3699999993536,0.3178377443270422
655.3799999993536,0.6584734069874055
655.3899999993536,0.4313462900721934
655.3999999993536,0.6077877166970999
655.4099999993534,0.5441731861230776
655.4199999993534,0.5211302073071598
655.4299999993534,0.6221447556515378
655.4399999993533,0.40338411788876755
655.4499999993533,0.6652189110451617
655.4599999993533,0.3010839354103403
655.4699999993533,0.6793230152520565
655.4799999993531,0.29657552737736387
655.4899999993531,0.6670892975093582
655.4999999993531,0.3940662655686047
655.509999999353,0.626394660476646
655.519999999353,0.512436620653183
655.529999999353,0.5516691296323072
655.539999999353,0.6014578397007326
655.5499999993528,0.442086152803273
655.5599999993528,0.6545186844198333
655.5699999993528,0.32722228958113797
655.5799999993527,0.6772259017850334
655.5899999993527,0.284959887605904
655.5999999993527,0.6735211480214307
655.6099999993527,0.3560186887241514
655.6199999993526,0.6428190255352065
655.6299999993525,0.4750335565687987
655.6399999993525,0.5803986441606096
655.6499999993524,0.5753215846673335
655.6599999993524,0.4821905134475952
655.6699999993524,0.6396925253969113
655.6799999993524,0.36337627035532144
655.6899999993523,0.6720019996743904
655.6999999993523,0.28709028376536333
655.7099999993522,0.6772788378678488
655.7199999993521,0.3212635707367192
655.7299999993521,0.6565563381323458
655.7399999993521,0.4324638552092395
655.7499999993521,0.6064402336308927
655.759999999352,0.5428060741255495
655.769999999352,0.5216186754693236
655.779999999352,0.6197591677013535
655.7899999993518,0.40683780086709637
655.7999999993518,0.6629068699047077
655.8099999993518,0.30543290627977987
655.8199999993518,0.6778146041550289
655.8299999993517,0.29565494485437077
655.8399999993517,0.6671319491456426
655.8499999993517,0.3867320492075737
655.8599999993515,0.6290889281515891
655.8699999993515,0.5032307655146392
655.8799999993515,0.5585682836754047
655.8899999993515,0.5935790902365341
655.8999999993514,0.45398982926119175
655.9099999993514,0.6490235544754284
655.9199999993514,0.33953382359692225
655.9299999993513,0.6744802072415829
655.9399999993512,0.28580671057957135
655.9499999993512,0.6740643859437033
655.9599999993512,0.3422452938438744
655.9699999993511,0.6477905554992167
655.9799999993511,0.4567033995526972
655.9899999993511,0.5916578540448055
655.999999999351,0.5599418111400091
656.009999999351,0.5011650622215457
656.019999999351,0.6292212582438456
656.0299999993509,0.38580393509608374
656.0399999993508,0.6664717980109713
656.0499999993508,0.296726845556027
656.0599999993508,0.6768139590012243
656.0699999993507,0.30632665362420775
656.0799999993507,0.6620870859646715
656.0899999993507,0.405100073628785
656.0999999993506,0.6199348988988678
656.1099999993505,0.5178490273500038
656.1199999993505,0.5453205355391749
656.1299999993505,0.6021462670238429
656.1399999993504,0.4386650602923197
656.1499999993504,0.6527653737706449
656.1599999993504,0.32911879807384886
656.1699999993504,0.6747169643566574
656.1799999993502,0.2881824208459407
656.1899999993502,0.6715409575045933
656.1999999993502,0.3534456214058618
656.2099999993501,0.6427868580571402
656.2199999993501,0.46719984783516394
656.2299999993501,0.5843302000787751
656.2399999993501,0.5663193096628233
656.2499999993499,0.4923384677616939
656.2599999993499,0.6320560703745529
656.2699999993499,0.37842673937645344
656.2799999993498,0.6669057209229265
656.2899999993498,0.2954089055884986
656.2999999993498,0.6756452677098431
656.3099999993498,0.31093006260875816
656.3199999993496,0.6598026938500358
656.3299999993496,0.41014138131160516
656.3399999993496,0.6169330386766624
656.3499999993495,0.520507466371425
656.3599999993495,0.5422296044746973
656.3699999993495,0.6027435911060837
656.3799999993495,0.43667963055532766
656.3899999993494,0.6522187537185632
656.3999999993493,0.3294428712554285
656.4099999993493,0.6737218810775427
656.4199999993492,0.28961777077538
656.4299999993492,0.6706195591503488
656.4399999993492,0.35306767620141266
656.4499999993492,0.6424887700973965
656.4599999993491,0.46469087459978836
656.469999999349,0.5854171700965053
656.479999999349,0.5630784308685233
656.4899999993489,0.4957091123307934
656.4999999993489,0.6291221019750629
656.5099999993489,0.3838935441237923
656.5199999993489,0.6648074650894751
656.5299999993488,0.29914626798714145
656.5399999993488,0.6747695784650073
656.5499999993488,0.30801621323514883
656.5599999993486,0.6606803608922476
656.5699999993486,0.4020298084127052
656.5799999993486,0.6204268486285742
656.5899999993486,0.5117390720377467
656.5999999993485,0.5494590020779647
656.6099999993485,0.5957126532950521
656.6199999993485,0.4477878114727376
656.6299999993483,0.6475345562188245
656.6399999993483,0.3399941641868556
656.6499999993483,0.6715270911072773
656.6599999993483,0.2902118167987504
656.6699999993482,0.6712376608963068
656.6799999993482,0.3416691583020666
656.6899999993482,0.6467044911345218
656.699999999348,0.4493529976505844
656.709999999348,0.5945237102187207
656.719999999348,0.5500024320058815
656.729999999348,0.5107206710058853
656.7399999993479,0.6200467902189669
656.7499999993479,0.4021612615158936
656.7599999993479,0.6597530004980541
656.7699999993478,0.30961574735246583
656.7799999993478,0.6736991070101527
656.7899999993477,0.29990967057912615
656.7999999993477,0.66408582115138
656.8099999993476,0.38149754759174165
656.8199999993476,0.6295186484748867
656.8299999993476,0.4909534047694644
656.8399999993475,0.5658505337772691
656.8499999993475,0.5800846036498976
656.8599999993475,0.47127272381434165
656.8699999993474,0.6377508432661231
656.8799999993473,0.3625056337987359
656.8899999993473,0.6671991491251665
656.8999999993473,0.2944800015688429
656.9099999993472,0.6723719467738773
656.9199999993472,0.3222691487870026
656.9299999993472,0.6541460665467528
656.9399999993472,0.4210774707054402
656.949999999347,0.6099703481714005
656.959999999347,0.5256236221927573
656.969999999347,0.535659588386433
656.9799999993469,0.6032208326882803
656.9899999993469,0.4333799370540212
656.9999999993469,0.6502715958536686
657.0099999993469,0.33158282067137357
657.0199999993467,0.6710037814442039
657.0299999993467,0.2931697613742285
657.0399999993467,0.6684125307372036
657.0499999993466,0.3509542305824203
657.0599999993466,0.642188970612654
657.0699999993466,0.45691595550826136
657.0799999993466,0.5889575258101201
657.0899999993464,0.553606584765847
657.0999999993464,0.5053247161434595
657.1099999993464,0.6207117641703658
657.1199999993463,0.39914588931063755
657.1299999993463,0.6587946858235592
657.1399999993463,0.31057936253850243
657.1499999993463,0.6720799011643391
657.1599999993462,0.3021960478593674
657.1699999993461,0.6625707122938193
657.1799999993461,0.38102859247247867
657.189999999346,0.6289592096395066
657.199999999346,0.4876175576481303
657.209999999346,0.5674191993313842
657.219999999346,0.5757153060211853
657.2299999993459,0.47621643178233314
657.2399999993459,0.63371709891459
657.2499999993458,0.37013743293722323
657.2599999993457,0.6642772412243495
657.2699999993457,0.2990077684563137
657.2799999993457,0.6711827215475383
657.2899999993457,0.3174788122489561
657.2999999993456,0.6555188813858022
657.3099999993456,0.40936893028314736
657.3199999993456,0.6151855326600936
657.3299999993454,0.5129800553739008
657.3399999993454,0.5462943940981627
657.3499999993454,0.5928909682009357
657.3599999993454,0.4495467573122301
657.3699999993453,0.643206168980855
657.3799999993453,0.3471386121108346
657.3899999993453,0.667493321445652
657.3999999993451,0.29514494038132644
657.4099999993451,0.6689513959808535
657.4199999993451,0.33542703740364294
657.4299999993451,0.647871470406157
657.439999999345,0.4343354620404572
657.449999999345,0.6015712745729774
657.459999999345,0.5333635303246893
657.4699999993449,0.526463090309253
657.4799999993448,0.6060131567831305
657.4899999993448,0.42623411787360194
657.4999999993448,0.6499666254464526
657.5099999993447,0.33012390995420265
657.5199999993447,0.6690728548390956
657.5299999993447,0.29670007486047434
657.5399999993446,0.6659344013487362
657.5499999993445,0.35338474265406966
657.5599999993445,0.6401895343619801
657.5699999993445,0.4552625799681616
657.5799999993444,0.5887728206917712
657.5899999993444,0.5493280618317634
657.5999999993444,0.5086873544783564
657.6099999993443,0.6158334542836676
657.6199999993443,0.4068325043320254
657.6299999993442,0.6546289120518319
657.6399999993442,0.31843261735166034
657.6499999993441,0.6695296642991281
657.6599999993441,0.3013944824658131
657.6699999993441,0.6626023109613133
657.679999999344,0.36962191373291375
657.689999999344,0.632975514082279
657.699999999344,0.4720320441609463
657.709999999344,0.5773740695523969
657.7199999993438,0.5614496921492254
657.7299999993438,0.49356971122839405
657.7399999993438,0.6229624738850559
657.7499999993437,0.3915430255762107
657.7599999993437,0.6576904536796446
657.7699999993437,0.31104703513259213
657.7799999993437,0.6692794274068418
657.7899999993435,0.3073058380099905
657.7999999993435,0.6593518397563561
657.8099999993435,0.3831271695731898
657.8199999993434,0.6266629184280016
657.8299999993434,0.484785620828578
657.8399999993434,0.5678640274756027
657.8499999993434,0.5702364410249507
657.8599999993432,0.4815387481167854
657.8699999993432,0.627876705442536
657.8799999993432,0.38029480056594595
657.8899999993431,0.6595346770858603
657.8999999993431,0.3068681986226601
657.9099999993431,0.6686499437905445
657.9199999993431,0.3129916637912289
657.929999999343,0.6565046339107005
657.939999999343,0.39337212507527264
657.9499999993429,0.6216048690073626
657.9599999993428,0.49375330299969594
657.9699999993428,0.5606220975462762
657.9799999993428,0.5760949550352491
657.9899999993428,0.47286184626431244
657.9999999993427,0.6309303913330007
658.0099999993427,0.372862207767582
658.0199999993426,0.6604443693501293
658.0299999993425,0.30492461505746
658.0399999993425,0.667886221732793
658.0499999993425,0.3174765887948427
658.0599999993425,0.6543036451555614
658.0699999993424,0.4001204699368218
658.0799999993424,0.6180642698008182
658.0899999993424,0.4991586825032144
658.0999999993422,0.555912191658544
658.1099999993422,0.5793205496561722
658.1199999993422,0.46767615641550925
658.1299999993422,0.632366588826579
658.1399999993421,0.368982913015602
658.1499999993421,0.6606103527344607
658.1599999993421,0.30449921534929714
658.1699999993419,0.6671525364797407
658.1799999993419,0.32018535674352083
658.1899999993419,0.6529092024039489
658.1999999993419,0.403297907215268
658.2099999993418,0.6162070466242214
658.2199999993418,0.5011708441142366
658.2299999993418,0.5538837501874794
658.2399999993416,0.5800968094976866
658.2499999993416,0.46602460349699026
658.2599999993416,0.632325517839532
658.2699999993416,0.36845065617647665
658.2799999993415,0.6601367196933967
658.2899999993415,0.30519015100219166
658.2999999993415,0.6665330872900663
658.3099999993414,0.3208748390730283
658.3199999993413,0.6523961663939736
658.3299999993413,0.4029167903084524
658.3399999993413,0.6160987952529328
658.3499999993412,0.4998833091067096
658.3599999993412,0.5545761394093589
658.3699999993412,0.578498233697676
658.3799999993411,0.4678843522059493
658.3899999993411,0.6308498677251229
658.399999999341,0.37116934870321494
658.409999999341,0.6590436554389797
658.4199999993409,0.3069286948934117
658.4299999993409,0.6660323192524268
658.4399999993409,0.31959137636144136
658.4499999993408,0.6527529106219795
658.4599999993408,0.39904549359435676
658.4699999993408,0.6177045376166739
658.4799999993407,0.4953096267317242
658.4899999993406,0.5579230750939559
658.4999999993406,0.5744932817259523
658.5099999993406,0.47317939107462464
658.5199999993405,0.6278872483271345
658.5299999993405,0.3771645047017111
658.5399999993405,0.6572684852718681
658.5499999993405,0.30997059610379335
658.5599999993403,0.6655754332327248
658.5699999993403,0.3166620282538899
658.5799999993403,0.6538823556827429
658.5899999993402,0.391816091071381
658.5999999993402,0.620891143846604
658.6099999993402,0.48739190470051624
658.6199999993402,0.5637553185636437
658.62999999934,0.5679473785281047
658.63999999934,0.48177474623776284
658.64999999934,0.6232900705757094
658.6599999993399,0.38655338792935784
658.6699999993399,0.6546651554406252
658.6799999993399,0.3148647008516639
658.6899999993399,0.6650091025117424
658.6999999993398,0.31271696438390906
658.7099999993397,0.6556048750945004
658.7199999993397,0.38146918275847086
658.7299999993396,0.6254321380092817
658.7399999993396,0.47602399399024997
658.7499999993396,0.5718020650286476
658.7599999993396,0.5586271490239303
658.7699999993395,0.49345576027420557
658.7799999993395,0.6168131964062625
658.7899999993394,0.399478905035205
658.7999999993393,0.651001963418809
658.8099999993393,0.32239061347753645
658.8199999993393,0.6641019504227528
658.8299999993393,0.3087298180600574
658.8399999993392,0.6576625260892812
658.8499999993392,0.3684387170119672
658.8599999993392,0.6310147505071964
658.869999999339,0.4610964230212237
658.879999999339,0.5816932210431371
658.889999999339,0.5462092887325843
658.899999999339,0.5079007319865747
658.9099999993389,0.6081100095995943
658.9199999993389,0.4160172133207338
658.9299999993389,0.6459570660637468
658.9399999993387,0.3334504798685574
658.9499999993387,0.6625439216281708
658.9599999993387,0.3060488291730908
658.9699999993387,0.6597236728799847
658.9799999993386,0.35347924978708106
658.9899999993386,0.6372489344328826
658.9999999993386,0.44257630658748437
659.0099999993384,0.5929653767556127
659.0199999993384,0.5303010078740705
659.0299999993384,0.5246579242641913
659.0399999993384,0.5967285342437404
659.0499999993383,0.43607635722992055
659.0599999993383,0.6391112305101642
659.0699999993383,0.3489040367945366
659.0799999993382,0.6599433206406418
659.0899999993381,0.30637342829122227
659.0999999993381,0.6613866357774786
659.1099999993381,0.33782777715066403
659.119999999338,0.6436775154259013
659.129999999338,0.4206418415121194
659.139999999338,0.605073388417396
659.1499999993379,0.5104851278300562
659.1599999993379,0.5431374278643155
659.1699999993378,0.5821115734916044
659.1799999993378,0.4593106596709632
659.1899999993377,0.6299376993454034
659.1999999993377,0.3693555160641322
659.2099999993377,0.6558200604105174
659.2199999993376,0.31161660307978006
659.2299999993376,0.6621805488588701
659.2399999993376,0.32336388516534464
659.2499999993375,0.6497857962452465
659.2599999993374,0.39589371373893684
659.2699999993374,0.6174073431210905
659.2799999993374,0.486412986811883
659.2899999993373,0.5626241143174421
659.2999999993373,0.5636098578256606
659.3099999993373,0.4850776225193397
659.3199999993373,0.6177904530412284
659.3299999993371,0.39493364777882756
659.3399999993371,0.6495937240631836
659.3499999993371,0.3236037149016601
659.359999999337,0.6615612278332311
659.369999999337,0.3126800354214054
659.379999999337,0.6550080386004344
659.389999999337,0.36965318636432304
659.3999999993368,0.6293120412639603
659.4099999993368,0.4579824875051493
659.4199999993368,0.5823108231797635
659.4299999993367,0.5405271183843274
659.4399999993367,0.5124554931122304
659.4499999993367,0.6018957067338356
659.4599999993367,0.42513599672602775
659.4699999993366,0.6405657769196114
659.4799999993365,0.3436195680437406
659.4899999993365,0.6588996815824675
659.4999999993364,0.3089137539146724
659.5099999993364,0.6587275704119908
659.5199999993364,0.34430513597804835
659.5299999993364,0.6401039617292463
659.5399999993363,0.4256513984138172
659.5499999993363,0.6013434689290917
659.5599999993362,0.5122340352165399
659.5699999993361,0.540320487707912
659.5799999993361,0.5813595075451725
659.5899999993361,0.45880972931744957
659.5999999993361,0.6278975677316484
659.609999999336,0.3719274733942154
659.619999999336,0.6534612130980848
659.629999999336,0.31518901016213885
659.6399999993358,0.6602670050465083
659.6499999993358,0.3235256834435044
659.6599999993358,0.6490796772601009
659.6699999993358,0.39092511251878953
659.6799999993357,0.6188648923111565
659.6899999993357,0.47841626624550954
659.6999999993357,0.5674607103720364
659.7099999993355,0.5552212051144756
659.7199999993355,0.4942963922902076
659.7299999993355,0.6105916774274295
659.7399999993355,0.4074810842309688
659.7499999993354,0.6443744869405057
659.7599999993354,0.33366890378056463
659.7699999993354,0.6588653258488759
659.7799999993352,0.3120657574115161
659.7899999993352,0.6555099966923578
659.7999999993352,0.3569674349198085
659.8099999993352,0.6340437855671031
659.8199999993351,0.43955190288592894
659.8299999993351,0.5926904448156836
659.8399999993351,0.5226152122833548
659.849999999335,0.5296960614174234
659.859999999335,0.5874981968762246
659.8699999993349,0.4480212089471698
659.8799999993349,0.6305941361145426
659.8899999993348,0.36455540568163003
659.8999999993348,0.6536396799812817
659.9099999993348,0.3147121561574122
659.9199999993347,0.65861533303087
659.9299999993347,0.329031004476561
659.9399999993346,0.6460783917790346
659.9499999993346,0.3976995907026258
659.9599999993345,0.6149303462257234
659.9699999993345,0.4831569989472653
659.9799999993345,0.5631525804358568
659.9899999993344,0.5573985323628349
659.9999999993344,0.4905595224783088
660.0099999993344,0.6108715289436422
660.0199999993342,0.40563712846530087
660.0299999993342,0.6435327882691105
660.0399999993342,0.3344414053080764
660.0499999993342,0.6575195030569139
660.0599999993341,0.31401867453907945
660.0699999993341,0.6541696608530988
660.0799999993341,0.3574898093669507
660.0899999993339,0.6332331270428612
660.0999999993339,0.43772438061161384
660.1099999993339,0.5930618805492278
660.1199999993339,0.5192812367179426
660.1299999993338,0.5320288793624798
660.1399999993338,0.5837755978329873
660.1499999993338,0.4527898690812858
660.1599999993336,0.6272554387375919
660.1699999993336,0.3706570435829192
660.1799999993336,0.6511818059955811
660.1899999993336,0.318428386447645
660.1999999993335,0.657462796010874
660.2099999993335,0.32666059756199306
660.2199999993335,0.6467511692735782
660.2299999993334,0.3897479703738709
660.2399999993333,0.6181520573726728
660.2499999993333,0.4730234897749592
660.2599999993333,0.5698110045608635
660.2699999993332,0.5478678285692532
660.2799999993332,0.5011942017252262
660.2899999993332,0.603256831145673
660.2999999993331,0.4188890292006584
660.3099999993331,0.6383137908357261
660.319999999333,0.34503955870134023
660.329999999333,0.6549590304971
660.3399999993329,0.3147354559852124
660.3499999993329,0.654653704142231
660.3599999993329,0.34664196552346815
660.3699999993328,0.6374388443206374
660.3799999993328,0.4207609607394262
660.3899999993328,0.6019720565686626
660.3999999993327,0.502258061525455
660.4099999993326,0.546558930898156
660.4199999993326,0.5698148451636947
660.4299999993326,0.4724075542610945
660.4399999993325,0.6173066931136729
660.4499999993325,0.39063319174023087
660.4599999993325,0.6454038957238251
660.4699999993325,0.3288489270331754
660.4799999993323,0.6560045081994811
660.4899999993323,0.3197914787087487
660.4999999993323,0.6500915534034585
660.5099999993322,0.3689416739802026
660.5199999993322,0.6272123214053936
660.5299999993322,0.4479335560404688
660.5399999993322,0.5857808616998292
660.549999999332,0.5254726142216393
660.559999999332,0.5246007486385527
660.569999999332,0.5862511843333353
660.5799999993319,0.4470782532953458
660.5899999993319,0.6271738320331024
660.5999999993319,0.36879154722715296
660.6099999993319,0.6496111879054196
660.6199999993318,0.3206206415420454
660.6299999993317,0.6552470382357168
660.6399999993317,0.3297153562005703
660.6499999993316,0.644635921799313
660.6599999993316,0.39018918918650103
660.6699999993316,0.6169607562855436
660.6799999993316,0.4702841009715374
660.6899999993315,0.570577556912959
660.6999999993315,0.5432723255769007
660.7099999993314,0.5050385290355024
660.7199999993313,0.5982350351076648
660.7299999993313,0.4261091581282656
660.7399999993313,0.6338666677905824
660.7499999993313,0.35316722840500814
660.7599999993312,0.6517973684513237
660.7699999993312,0.3181101556503256
660.7799999993312,0.6534476167556685
660.789999999331,0.34125584469354375
660.799999999331,0.6390246897872109
660.809999999331,0.40847242328958
660.819999999331,0.6074695933234096
660.8299999993309,0.48769441340085323
660.8399999993309,0.5572237566262472
660.8499999993309,0.5563961522176413
660.8599999993307,0.4887047347785566
660.8699999993307,0.6066515777744381
660.8799999993307,0.40987663341201325
660.8899999993307,0.638173817290551
660.8999999993306,0.3428960829848597
660.9099999993306,0.6526387487751959
660.9199999993306,0.31900212517114684
660.9299999993304,0.6512226081948345
660.9399999993304,0.3520976235114397
660.9499999993304,0.633874718965267
660.9599999993304,0.4228744293360638
660.9699999993303,0.5993983964724825
660.9799999993303,0.50041975862711
660.9899999993303,0.5464051074531737
660.9999999993302,0.5655228475243719
661.0099999993301,0.4761419809386196
661.0199999993301,0.6121920200331975
661.0299999993301,0.3983405411070919
661.03999999933,0.6406913519390564
661.04999999933,0.33683799838037004
661.05999999933,0.6526512055782685
661.0699999993299,0.3213549941142406
661.0799999993299,0.6490529382968947
661.0899999993298,0.36078138892946043
661.0999999993298,0.6296739621153694
661.1099999993297,0.43305252806445715
661.1199999993297,0.5932601466011355
661.1299999993297,0.5088145821320106
661.1399999993296,0.5386142093737747
661.1499999993296,0.5711936211845057
661.1599999993296,0.4676388402024959
661.1699999993295,0.61536047294548
661.1799999993294,0.3912266271147516
661.1899999993294,0.641845030112808
661.1999999993294,0.3339164089669584
661.2099999993293,0.6522043683539762
661.2199999993293,0.32378052132089274
661.2299999993293,0.6472854781735062
661.2399999993293,0.36649219650927295
661.2499999993291,0.62677171577034
661.2599999993291,0.4389471643973668
661.2699999993291,0.5894078327735084
661.279999999329,0.5131938796446875
661.289999999329,0.5341548867607728
661.299999999329,0.5737871699049667
661.309999999329,0.46329916550340855
661.3199999993288,0.6164868875557793
661.3299999993288,0.3882120734197722
661.3399999993288,0.64190550663917
661.3499999993287,0.3333426411717938
661.3599999993287,0.6515288655581201
661.3699999993287,0.3254613462243093
661.3799999993287,0.6461314435174326
661.3899999993286,0.36886137025940613
661.3999999993285,0.6253711562568421
661.4099999993285,0.4406106463455056
661.4199999993284,0.5880293757558201
661.4299999993284,0.513770233409177
661.4399999993284,0.5331589668240079
661.4499999993284,0.5735157385895961
661.4599999993283,0.4631136893915768
661.4699999993283,0.6157382754159664
661.4799999993282,0.3890638845897483
661.4899999993281,0.6409976230663575
661.4999999993281,0.33472877310849714
661.5099999993281,0.650719878370774
661.5199999993281,0.326109217625669
661.529999999328,0.645664981960311
661.539999999328,0.36783768420309015
661.549999999328,0.6255259776144452
661.5599999993278,0.4381249362839846
661.5699999993278,0.5891487075214243
661.5799999993278,0.5106318180043868
661.5899999993278,0.5356037491966246
661.5999999993277,0.5704284557563992
661.6099999993277,0.4670074386445651
661.6199999993277,0.6131260892816608
661.6299999993275,0.39370633406229266
661.6399999993275,0.6391053206520337
661.6499999993275,0.33811770409943354
661.6599999993275,0.6497391169980768
661.6699999993274,0.325926333683178
661.6799999993274,0.6458235868088922
661.6899999993274,0.36363916795288403
661.6999999993272,0.627141397086924
661.7099999993272,0.43158536825514315
661.7199999993272,0.592630096713696
661.7299999993272,0.5037454483634568
661.7399999993271,0.541321365109441
661.7499999993271,0.5644171904085379
661.7599999993271,0.47484899668206676
661.769999999327,0.6085097199800196
661.779999999327,0.4022129152403789
661.7899999993269,0.6360732026936874
661.7999999993269,0.34395178870100507
661.8099999993268,0.6484161156094459
661.8199999993268,0.3255905879086906
661.8299999993268,0.6464107163162143
661.8399999993267,0.35678166421065277
661.8499999993267,0.6299790772637126
661.8599999993266,0.42114153552368894
661.8699999993266,0.59818413529172
661.8799999993265,0.4929820348725492
661.8899999993265,0.5499978679065528
661.8999999993265,0.5552254769573713
661.9099999993264,0.4864220941282518
661.9199999993264,0.6015969433713704
661.9299999993264,0.4147290922520776
661.9399999993263,0.6316050598763958
661.9499999993262,0.3529817980785569
661.9599999993262,0.6464486172053184
661.9699999993262,0.3262506345905239
661.9799999993261,0.647099975484681
661.9899999993261,0.348173944543334
661.9999999993261,0.6336652429147753
662.009999999326,0.40710005617961803
662.0199999993259,0.6053757870828576
662.0299999993259,0.478173129722017
662.0399999993259,0.5611668294171364
662.0499999993258,0.5424659490806606
662.0599999993258,0.5013729880652804
662.0699999993258,0.5919432455205065
662.0799999993258,0.4313414210286354
662.0899999993256,0.6252592115486697
662.0999999993256,0.36610370953660615
662.1099999993256,0.6434008755425872
662.1199999993255,0.3294854915027713
662.1299999993255,0.6474392968553879
662.1399999993255,0.3392553475140629
662.1499999993255,0.6377008733225465
662.1599999993254,0.3901023108980855
662.1699999993253,0.6136359615334088
662.1799999993253,0.45921957440250344
662.1899999993252,0.5742063814430565
662.1999999993252,0.52565899523035
662.2099999993252,0.5191562138356736
662.2199999993252,0.5789546351073404
662.2299999993251,0.45192195887931164
662.239999999325,0.616440830690196
662.249999999325,0.3841160884174064
662.2599999993249,0.6386980777774159
662.2699999993249,0.3371586687201097
662.2799999993249,0.6468526561709698
662.2899999993249,0.33211734336922455
662.2999999993248,0.6414719412840856
662.3099999993248,0.37138475916253355
662.3199999993248,0.6222772413138893
662.3299999993246,0.4362870925270328
662.3399999993246,0.5883481029457965
662.3499999993246,0.5043180048064978
662.3599999993246,0.5390035497854825
662.3699999993245,0.561904911268641
662.3799999993245,0.47599203602314805
662.3899999993245,0.6043934998994006
662.3999999993243,0.4074239286524966
662.4099999993243,0.631615165085216
662.4199999993243,0.3510987578516471
662.4299999993243,0.6446360896081677
662.4399999993242,0.329491999600284
662.4499999993242,0.6442562852434939
662.4599999993242,0.3530904971350491
662.469999999324,0.6305117461580022
662.479999999324,0.4101320948913067
662.489999999324,0.6027008157415024
662.499999999324,0.4781273368697433
662.5099999993239,0.5599336701750084
662.5199999993239,0.539992021826366
662.5299999993239,0.5026549715115674
662.5399999993238,0.5881982043454491
662.5499999993237,0.4357667685834476
662.5599999993237,0.6212600441852405
662.5699999993237,0.3726012570222208
662.5799999993236,0.6399445766217229
662.5899999993236,0.33443868203546395
662.5999999993236,0.6452223057660549
662.6099999993235,0.33850111342984457
662.6199999993235,0.6374657289883284
662.6299999993234,0.3825782410320381
662.6399999993234,0.6162843003002394
662.6499999993233,0.44728579769129384
662.6599999993233,0.580803711323812
662.6699999993233,0.5124846837048594
662.6799999993232,0.530630290600739
662.6899999993232,0.5668022141181869
662.6999999993232,0.46808339561810364
662.7099999993231,0.606556781403206
662.719999999323,0.4018805643123783
662.729999999323,0.6317677383608865
662.739999999323,0.34960614784489674
662.7499999993229,0.6434140370772723
662.7599999993229,0.33190139434470217
662.7699999993229,0.642182851290585
662.7799999993229,0.35705215306006755
662.7899999993227,0.6280606947392234
662.7999999993227,0.4130977833343922
662.8099999993227,0.6003851136328481
662.8199999993226,0.4790542847340164
662.8299999993226,0.5583823316176184
662.8399999993226,0.5391311293739054
662.8499999993226,0.5025962377215862
662.8599999993224,0.5862489752499855
662.8699999993224,0.437732073472571
662.8799999993224,0.6188976683307905
662.8899999993223,0.37619535004589555
662.8999999993223,0.6377184047878798
662.9099999993223,0.3377079107832241
662.9199999993223,0.6436073834586653
662.9299999993221,0.3388185291435754
662.9399999993221,0.6369479847499856
662.9499999993221,0.3788068834163191
662.959999999322,0.6174337223389437
662.969999999322,0.44043449822121805
662.979999999322,0.5842933426700838
662.989999999322,0.5043963511828046
662.9999999993219,0.5370991965029684
663.0099999993218,0.5589779853777456
663.0199999993218,0.477642594939901
663.0299999993217,0.5999073672176497
663.0399999993217,0.41312547399940647
663.0499999993217,0.626816066498977
663.0599999993217,0.35879193169023094
663.0699999993216,0.6405406961037152
663.0799999993216,0.33422256194942557
663.0899999993215,0.6418015276201677
663.0999999993214,0.3503244576809629
663.1099999993214,0.630723857012657
663.1199999993214,0.3995158024802406
663.1299999993214,0.6068115373520552
663.1399999993213,0.46279694790149023
663.1499999993213,0.5693254074737637
663.1599999993213,0.5235641040389252
663.1699999993211,0.5183500777573951
663.1799999993211,0.5731967775334041
663.1899999993211,0.45702173783299804
663.1999999993211,0.6091335915461883
663.209999999321,0.39473728678189257
663.219999999321,0.6315712847238254
663.229999999321,0.3483953741926184
663.2399999993208,0.6413551239691683
663.2499999993208,0.3358514117915164
663.2599999993208,0.6390261113041168
663.2699999993208,0.36261513161753417
663.2799999993207,0.6245182218543762
663.2899999993207,0.416847471632143
663.2999999993207,0.5972373947529147
663.3099999993206,0.479746378801457
663.3199999993205,0.5565711662600283
663.3299999993205,0.5372526563761251
663.3399999993205,0.5031674152459779
663.3499999993204,0.5828586489484253
663.3599999993204,0.4413745146957534
663.3699999993204,0.614997221885989
663.3799999993203,0.3822015422790937
663.3899999993203,0.6341230602904576
663.3999999993202,0.34311877505040334
663.4099999993202,0.6410225874193275
663.4199999993201,0.339665376926122
663.4299999993201,0.6360912052996552
663.4399999993201,0.3732072750653729
663.44999999932,0.6191385953420864
663.45999999932,0.4297473722667817
663.46999999932,0.5895410103835671
663.47999999932,0.49144216160230364
663.4899999993198,0.5468485034228059
663.4999999993198,0.5461889147136713
663.5099999993198,0.4922023412974094
663.5199999993197,0.5888114898630974
663.5299999993197,0.4308458197844818
663.5399999993197,0.6182866222947865
663.5499999993197,0.3747178952801576
663.5599999993195,0.6351679271530264
663.5699999993195,0.34113052955920153
663.5799999993195,0.6401721221188158
663.5899999993194,0.3435337411244969
663.5999999993194,0.6335948996953229
663.6099999993194,0.38069710492504233
663.6199999993194,0.6151799188490652
663.6299999993192,0.4378592897223691
663.6399999993192,0.5843150681531788
663.6499999993192,0.49821576463057865
663.6599999993191,0.540692925543122
663.6699999993191,0.5509566163489316
663.6799999993191,0.48578180963129586
663.6899999993191,0.5916508489227671
663.699999999319,0.4252964561040542
663.7099999993189,0.6195301281955595
663.7199999993189,0.371459127929837
663.7299999993188,0.6351643764998682
663.7399999993188,0.3410654387353639
663.7499999993188,0.6392141131724989
663.7599999993188,0.3461730780020538
663.7699999993187,0.6319220688946525
663.7799999993186,0.3844221728169865
663.7899999993186,0.6130131979341638
663.7999999993185,0.4411466247363321
663.8099999993185,0.581905910802077
663.8199999993185,0.5003607168007774
663.8299999993185,0.5383766272369649
663.8399999993184,0.5519317649738912
663.8499999993184,0.48400161041115264
663.8599999993183,0.5917220158218528
663.8699999993182,0.42451433694828117
663.8799999993182,0.6190148134642189
663.8899999993182,0.3718610914786083
663.8999999993182,0.6343478387903302
663.9099999993181,0.34220177663908324
663.9199999993181,0.6383460760613429
663.929999999318,0.347051438808687
663.9399999993179,0.6312420504710096
663.9499999993179,0.38420954162837256
663.9599999993179,0.6127802908393897
663.9699999993179,0.4396929847492015
663.9799999993178,0.5824161527249574
663.9899999993178,0.4980452119316855
663.9999999993178,0.5399378299735412
664.0099999993176,0.5492658975114039
664.0199999993176,0.4868067571113108
664.0299999993176,0.5891291764614114
664.0399999993176,0.4283524195320086
664.0499999993175,0.6167989146014915
664.0599999993175,0.37576253853350544
664.0699999993175,0.6327389085943556
664.0799999993174,0.3444976607444159
664.0899999993173,0.6375559943704667
664.0999999993173,0.3462980400817487
664.1099999993173,0.631509196548288
664.1199999993172,0.3802586598920899
664.1299999993172,0.614395476557199
664.1399999993172,0.433636680264237
664.1499999993171,0.5857127064710143
664.159999999317,0.49129601625095
664.169999999317,0.5452011678841351
664.179999999317,0.5428913162952061
664.1899999993169,0.4940250283969481
664.1999999993169,0.5837441706486545
664.2099999993169,0.43676054275516907
664.2199999993168,0.6127182510029375
664.2299999993168,0.383405728977242
664.2399999993168,0.6301472990153786
664.2499999993167,0.3485546207028593
664.2599999993166,0.6366255344266019
664.2699999993166,0.34467491689314944
664.2799999993166,0.6324673587454707
664.2899999993165,0.3731572657598643
664.2999999993165,0.6175525881302117
664.3099999993165,0.4232134676054132
664.3199999993165,0.5914355288376131
664.3299999993163,0.48003695690123616
664.3399999993163,0.5537806013049792
664.3499999993163,0.5325432277132998
664.3599999993162,0.5053449332022941
664.3699999993162,0.5752150652011223
664.3799999993162,0.44971184034748873
664.3899999993162,0.6063879187854839
664.399999999316,0.3953123306857899
664.409999999316,0.6261723049146917
664.419999999316,0.35551726866343236
664.4299999993159,0.6351330454112627
664.4399999993159,0.34359644950588164
664.4499999993159,0.6336573969577648
664.4599999993159,0.3640136159043912
664.4699999993157,0.6217364728619413
664.4799999993157,0.4089077127031742
664.4899999993157,0.5990071764030857
664.4999999993156,0.4641929427086898
664.5099999993156,0.5650703371783777
664.5199999993156,0.5178095155992657
664.5299999993156,0.5202549490184579
664.5399999993155,0.5629808559339928
664.5499999993154,0.46705082580245016
664.5599999993154,0.5972014710257731
664.5699999993153,0.41204577339900517
664.5799999993153,0.62019926696876
664.5899999993153,0.3668668318558234
664.5999999993153,0.6324543009126187
664.6099999993152,0.34512099705664107
664.6199999993152,0.6344251931519778
664.6299999993151,0.3546649725078364
664.639999999315,0.6262374586645932
664.649999999315,0.39172700253796205
664.659999999315,0.6076466120217007
664.669999999315,0.4438961643252664
664.6799999993149,0.5782387453314866
664.6899999993149,0.4982382033439169
664.6999999993149,0.5379788549485433
664.7099999993147,0.546308758486255
664.7199999993147,0.48831501775791397
664.7299999993147,0.5843335238447079
664.7399999993147,0.43389099016473814
664.7499999993146,0.6113918123911513
664.7599999993146,0.38405455860661813
664.7699999993146,0.6277576935532074
664.7799999993144,0.35177975904672937
664.7899999993144,0.6339259338847768
664.7999999993144,0.3478571384669247
664.8099999993144,0.6301658886667055
664.8199999993143,0.3735958780758485
664.8299999993143,0.6163895203892515
664.8399999993143,0.4198518011240651
664.8499999993142,0.5922400319837096
664.8599999993141,0.4735618899096557
664.8699999993141,0.557445543159799
664.8799999993141,0.5243914664062606
664.889999999314,0.5126000477360001
664.899999999314,0.5667626199462666
664.909999999314,0.46053178119893856
664.9199999993139,0.5986837904763916
664.9299999993138,0.40798156163783855
664.9399999993138,0.6199910627032879
664.9499999993138,0.3660917099735506
664.9599999993137,0.631118917149942
664.9699999993137,0.3471745643044834
664.9799999993137,0.6324606317423089
664.9899999993136,0.3577656962960593
664.9999999993136,0.6241115645564935
665.0099999993135,0.39390765471588113
665.0199999993135,0.6058478494646306
665.0299999993134,0.44413557100148465
665.0399999993134,0.5773163695006669
665.0499999993134,0.4965820927066784
665.0599999993133,0.538531840248524
665.0699999993133,0.5433575946283992
665.0799999993133,0.49085201823091484
665.0899999993132,0.580788131805294
665.0999999993131,0.43846656642757526
665.1099999993131,0.6078623937918727
665.1199999993131,0.3897327293234084
665.129999999313,0.624747519183639
665.139999999313,0.35641462590235745
665.149999999313,0.6318824708864168
665.159999999313,0.3489173921691025
665.1699999993128,0.629543475961376
665.1799999993128,0.3697442965155134
665.1899999993128,0.6176990418871805
665.1999999993127,0.4116930867209824
665.2099999993127,0.5960628932726904
665.2199999993127,0.4629071648447323
665.2299999993127,0.5643661028380523
665.2399999993125,0.5131266961069949
665.2499999993125,0.5229698065618146
665.2599999993125,0.5562740836097888
665.2699999993124,0.47396346041003135
665.2799999993124,0.5898334541644625
665.2899999993124,0.422626921127794
665.2999999993124,0.6133053396127638
665.3099999993123,0.3782681890037307
665.3199999993122,0.6269835619669644
665.3299999993122,0.3523917435620841
665.3399999993121,0.6312620384234194
665.3499999993121,0.35324038678679165
665.3599999993121,0.6263227497354256
665.3699999993121,0.3803786773000562
665.379999999312,0.6120575494048761
665.389999999312,0.42504144947775246
665.399999999312,0.588170386154662
665.4099999993118,0.4758257381059123
665.4199999993118,0.554507066059959
665.4299999993118,0.5238415765967508
665.4399999993118,0.5117397899634741
665.4499999993117,0.5641907941864879
665.4599999993117,0.4625095644336121
665.4699999993117,0.5950118132009303
665.4799999993115,0.4127706463480208
665.4899999993115,0.6160533373485456
665.4999999993115,0.37217074276561174
665.5099999993115,0.627643288601751
665.5199999993114,0.35155761266884644
665.5299999993114,0.6301271376090869
665.5399999993114,0.3574586385895925
665.5499999993112,0.6236263304213825
665.5599999993112,0.38775811394401266
665.5699999993112,0.6079976450032436
665.5799999993112,0.43321172710786504
665.5899999993111,0.5829624673582595
665.5999999993111,0.48306547620024526
665.6099999993111,0.5484639147746031
665.619999999311,0.5293663990580973
665.6299999993109,0.5053730525682227
665.6399999993109,0.5678828697573227
665.6499999993109,0.45661079584541714
665.6599999993108,0.5970726795624494
665.6699999993108,0.40835785364962424
665.6799999993108,0.6167798326189164
665.6899999993107,0.3701554384133679
665.6999999993106,0.6273260341210258
665.7099999993106,0.35219284312409754
665.7199999993106,0.6290222336703036
665.7299999993105,0.36004228312970166
665.7399999993105,0.6219625505536737
665.7499999993105,0.39101741449145944
665.7599999993104,0.6059993502250354
665.7699999993104,0.4360320970114115
665.7799999993103,0.5808782446657715
665.7899999993103,0.48489086259380537
665.7999999993102,0.5465907597550854
665.8099999993102,0.5301361794157682
665.8199999993102,0.5040550209812408
665.8299999993101,0.5677973051781894
665.8399999993101,0.4561730516111615
665.8499999993101,0.5964111063187443
665.85999999931,0.4089386560000612
665.8699999993099,0.6158155374730957
665.8799999993099,0.371482281096316
665.8899999993099,0.6263056411855964
665.8999999993098,0.3535186316534706
665.9099999993098,0.6281750151880098
665.9199999993098,0.36046118085413337
665.9299999993098,0.6215192471538349
665.9399999993096,0.3899803311450818
665.9499999993096,0.6062089503215026
665.9599999993096,0.43358101836337154
665.9699999993095,0.5820112982514057
665.9799999993095,0.4814776846301153
665.9899999993095,0.5489097995567408
665.9999999993095,0.5263171745440498
666.0099999993093,0.507720319471203
666.0199999993093,0.5640477958150543
666.0299999993093,0.4610533423264729
666.0399999993092,0.5930823094097848
666.0499999993092,0.41435932225831373
666.0599999993092,0.6131640895598066
666.0699999993092,0.37610925781306526
666.079999999309,0.6245411099430009
666.089999999309,0.35570236225934115
666.099999999309,0.6275020239652457
666.1099999993089,0.3590582051610009
666.1199999993089,0.622167215797504
666.1299999993089,0.38501096644059946
666.1399999993089,0.6084447486998995
666.1499999993088,0.4260971858432119
666.1599999993088,0.5861230984004231
666.1699999993087,0.47288525639902923
666.1799999993086,0.5551366921479993
666.1899999993086,0.5178119400240914
666.1999999993086,0.5160883018128558
666.2099999993086,0.5564285866282089
666.2199999993085,0.47109016391810316
666.2299999993085,0.5868136393832539
666.2399999993085,0.4247587684401559
666.2499999993083,0.608510120688912
666.2599999993083,0.3846385154114441
666.2699999993083,0.6216824043901004
666.2799999993083,0.35978760165557555
666.2899999993082,0.6266148156869588
666.2999999993082,0.3570309833308715
666.3099999993082,0.6234689986368356
666.319999999308,0.3770740641392181
666.329999999308,0.6122091783519997
666.339999999308,0.41408169717104915
666.349999999308,0.5926552624401921
666.3599999993079,0.4591509630244547
666.3699999993079,0.5646817563012801
666.3799999993079,0.5043224960481716
666.3899999993077,0.5286291854532343
666.3999999993077,0.5444468578067336
666.4099999993077,0.4859998162368837
666.4199999993077,0.5770166696774135
666.4299999993076,0.4403743705692985
666.4399999993076,0.6012219778080372
666.4499999993076,0.3980755964817793
666.4599999993075,0.61707202151875
666.4699999993074,0.3675340635503414
666.4799999993074,0.62482558749046
666.4899999993074,0.3564718458565907
666.4999999993073,0.6246908372760573
666.5099999993073,0.3679632610398454
666.5199999993073,0.6167054578098211
666.5299999993072,0.3985911108384444
666.5399999993072,0.6007425700088264
666.5499999993071,0.4405342447141835
666.5599999993071,0.576639228875338
666.569999999307,0.485503727264781
666.579999999307,0.5444924186933173
666.589999999307,0.5273975519241728
666.5999999993069,0.5051929826727806
666.6099999993069,0.5628125646334572
666.6199999993069,0.46121162903469537
666.6299999993068,0.5903536797001494
666.6399999993067,0.417397585626673
666.6499999993067,0.6097412760064859
666.6599999993067,0.381057596592664
666.6699999993066,0.6211481369534421
666.6799999993066,0.3602968672946409
666.6899999993066,0.6248129794536812
666.6999999993066,0.3605825090055858
666.7099999993064,0.6208566141774416
666.7199999993064,0.3817161169784736
666.7299999993064,0.6092329146578133
666.7399999993063,0.417977690357016
666.7499999993063,0.5897886862428566
666.7599999993063,0.4612881490271065
666.7699999993063,0.5624518484180938
666.7799999993061,0.5045421922796284
666.7899999993061,0.5276033831767046
666.7999999993061,0.5431063944898081
666.809999999306,0.4866855982134061
666.819999999306,0.57466137269986
666.829999999306,0.4429811015696908
666.839999999306,0.5984035069939954
666.8499999993059,0.40216587028672524
666.8599999993058,0.6142891704904476
666.8699999993058,0.3717961854435888
666.8799999993057,0.622530552541148
666.8899999993057,0.3590009089473639
666.8999999993057,0.6233203875710723
666.9099999993056,0.36712243207208267
666.9199999993056,0.6167145166593124
666.9299999993056,0.3938362548306807
666.9399999993055,0.6026246701557109
666.9499999993054,0.4325141015185396
666.9599999993054,0.5809136358805644
666.9699999993054,0.47551880474985003
666.9799999993053,0.551623367459339
666.9899999993053,0.516797652377873
666.9999999993053,0.5153904764021459
667.0099999993053,0.5526814474414004
667.0199999993051,0.47407515740414025
667.0299999993051,0.5814626372682483
667.0399999993051,0.4314695144900087
667.049999999305,0.6026309022926571
667.059999999305,0.39359996585509655
667.069999999305,0.6162364746955326
667.079999999305,0.3678094736351555
667.0899999993048,0.6224872687558674
667.0999999993048,0.36021557568591805
667.1099999993048,0.6215373871320266
667.1199999993047,0.37272159486695117
667.1299999993047,0.613406020528508
667.1399999993047,0.40196703421439134
667.1499999993047,0.5979926380419007
667.1599999993045,0.44119300930148575
667.1699999993045,0.5751899087546668
667.1799999993045,0.4833156095188328
667.1899999993044,0.5451279725441485
667.1999999993044,0.5229959654528739
667.2099999993044,0.5085982542224993
667.2199999993044,0.5571043538396755
667.2299999993043,0.46766207296028073
667.2399999993042,0.5842315074975705
667.2499999993042,0.42627625547318
667.2599999993041,0.6039879368366362
667.2699999993041,0.39043693676806807
667.2799999993041,0.6164480758942799
667.2899999993041,0.36710995185867834
667.299999999304,0.6218047899594966
667.309999999304,0.3617394449256675
667.319999999304,0.6201904259144729
667.3299999993038,0.3756022784789332
667.3399999993038,0.6116120446305024
667.3499999993038,0.4051280332561101
667.3599999993038,0.595973778817519
667.3699999993037,0.44380106336719966
667.3799999993037,0.5731904994460578
667.3899999993037,0.48496987835417127
667.3999999993035,0.5434244337793347
667.4099999993035,0.5236598799712998
667.4199999993035,0.5074864992455786
667.4299999993035,0.5569473959872827
667.4399999993034,0.4674004489883647
667.4499999993034,0.5835003215353265
667.4599999993034,0.42696805855014386
667.4699999993032,0.6029367774328781
667.4799999993032,0.391880523238235
667.4899999993032,0.6153145897482618
667.4999999993032,0.36872690220305643
667.5099999993031,0.6208105933760053
667.5199999993031,0.36271979149680195
667.5299999993031,0.6195519401849421
667.539999999303,0.3752520651270758
667.5499999993029,0.611552781306524
667.5599999993029,0.4031763546211473
667.5699999993029,0.5967312933767066
667.5799999993028,0.4404426153186481
667.5899999993028,0.5750093470135228
667.5999999993028,0.480680742194998
667.6099999993027,0.5465214426446477
667.6199999993026,0.5189778341000741
667.6299999993026,0.5119697746151907
667.6399999993026,0.5523400504921879
667.6499999993025,0.47312911040229094
667.6599999993025,0.5793283213173671
667.6699999993025,0.4333766839003763
667.6799999993024,0.5994710184539603
667.6899999993024,0.39787501223474253
667.6999999993023,0.6127713670502226
667.7099999993023,0.3728336647373871
667.7199999993022,0.6193860059149665
667.7299999993022,0.3635791971506016
667.7399999993022,0.6194485126484545
667.7499999993021,0.37222476353543105
667.7599999993021,0.6129952572893863
667.7699999993021,0.39661172557878416
667.779999999302,0.5999671482942873
667.7899999993019,0.43142364862733373
667.7999999993019,0.5802844823636938
667.8099999993019,0.47051664758247075
667.8199999993018,0.554014321137003
667.8299999993018,0.5088095073545842
667.8399999993018,0.5216625977972746
667.8499999993018,0.5429891477561813
667.8599999993016,0.48460591109947104
667.8699999993016,0.5713211035093612
667.8799999993016,0.44559013827545113
667.8899999993015,0.5931299242303861
667.8999999993015,0.4090304268958608
667.9099999993015,0.6083085744375294
667.9199999993015,0.380631133391857
667.9299999993013,0.6169751754626184
667.9399999993013,0.36593566272519834
667.9499999993013,0.6192718608547032
667.9599999993012,0.36816930766380856
667.9699999993012,0.6152682044810899
667.9799999993012,0.38671484103324866
667.9899999993012,0.6049396922320756
667.999999999301,0.41743867132976575
668.009999999301,0.5882112849310739
668.019999999301,0.4545863437118486
668.0299999993009,0.5650764381715832
668.0399999993009,0.4928083909451649
668.0499999993009,0.5358172191391165
668.0599999993009,0.5282508769360809
668.0699999993008,0.5013490735178197
668.0799999993008,0.5586648949299435
668.0899999993007,0.46366645801858286
668.0999999993006,0.5830107829652111
668.1099999993006,0.4262359760534213
668.1199999993006,0.6009749460645453
668.1299999993006,0.39398414459000464
668.1399999993005,0.6125896443466967
668.1499999993005,0.3724406926658079
668.1599999993005,0.6179897322445627
668.1699999993003,0.3659765588350077
668.1799999993003,0.6172805588432235
668.1899999993003,0.3759487496398854
668.1999999993003,0.6104853274658657
668.2099999993002,0.40006404420192526
668.2199999993002,0.5975539285254979
668.2299999993002,0.4334748579196216
668.2399999993,0.5784331732533049
668.2499999993,0.4707306492466238
668.2599999993,0.5532145976211758
668.2699999993,0.5073124158447564
668.2799999992999,0.5223841594036319
668.2899999992999,0.5402135577319283
668.2999999992999,0.487182485783523
668.3099999992997,0.5677988115442475
668.3199999992997,0.4500158275809253
668.3299999992997,0.5893808982369911
668.3399999992997,0.41471366734808723
668.3499999992996,0.6048053734817912
668.3599999992996,0.38626563323017465
668.3699999992996,0.6141491417319968
668.3799999992995,0.36971477162031285
668.3899999992994,0.6175362389533913
668.3999999992994,0.36840248801247216
668.4099999992994,0.6150433214101694
668.4199999992993,0.38252455088136084
668.4299999992993,0.6066700980384403
668.4399999992993,0.4090548144028776
668.4499999992992,0.5923637670828537
668.4599999992992,0.4430927866191946
668.4699999992991,0.5721019303809037
668.4799999992991,0.47963009868807227
668.489999999299,0.5460511470486576
668.499999999299,0.5147323995457527
668.509999999299,0.51482122242259
668.5199999992989,0.5458753537649711
668.5299999992989,0.47981219372578726
668.5399999992989,0.5717283746228436
668.5499999992988,0.4435760386984973
668.5599999992987,0.5917574138368715
668.5699999992987,0.40997827517645447
668.5799999992987,0.6058642929683834
668.5899999992986,0.38382156305839943
668.5999999992986,0.6141321481850306
668.6099999992986,0.36970177608665966
668.6199999992986,0.6166722374002044
668.6299999992984,0.3703894629129035
668.6399999992984,0.6135472915009993
668.6499999992984,0.38565433874987853
668.6599999992983,0.6047512548005585
668.6699999992983,0.41238377777541146
668.6799999992983,0.5902376147722217
668.6899999992983,0.4458996771318688
668.6999999992981,0.5700016592053108
668.7099999992981,0.4815401531355305
668.7199999992981,0.5442322980205032
668.729999999298,0.5156735970282001
668.739999999298,0.5135500185579567
668.749999999298,0.5459668308174107
668.759999999298,0.4793246381862291
668.7699999992979,0.5711786903743609
668.7799999992978,0.4439983658905214
668.7899999992978,0.5908002725256438
668.7999999992977,0.4112205007704706
668.8099999992977,0.6047286054476779
668.8199999992977,0.38549798513834965
668.8299999992977,0.6130343415363629
668.8399999992976,0.37116455538439763
668.8499999992976,0.6158200718411284
668.8599999992975,0.37091973746991225
668.8699999992974,0.6131478903498412
668.8799999992974,0.3847299695268235
668.8899999992974,0.6050183130648533
668.8999999992974,0.4098567325114882
668.9099999992973,0.5913930722076172
668.9199999992973,0.44198687420056193
668.9299999992973,0.5722655977920851
668.9399999992971,0.47667986349281777
668.9499999992971,0.5477920833895051
668.9599999992971,0.5103639228579476
668.9699999992971,0.518497810911734
668.979999999297,0.5406604225932959
668.989999999297,0.4855566372511594
668.999999999297,0.5662432567551434
669.0099999992968,0.45108882020848257
669.0199999992968,0.58652244757462
669.0299999992968,0.4183253563242341
669.0399999992968,0.6013368996120819
669.0499999992967,0.39138968968199345
669.0599999992967,0.6107258480532205
669.0699999992967,0.3744884358914612
669.0799999992965,0.6147836710127571
669.0899999992965,0.37063062250602413
669.0999999992965,0.6135808807210332
669.1099999992965,0.3804836143206974
669.1199999992964,0.6071342362774164
669.1299999992964,0.4021061826626118
669.1399999992964,0.5954170005499917
669.1499999992963,0.43174742909646086
669.1599999992962,0.5784100668475162
669.1699999992962,0.46515476659665866
669.1799999992962,0.5562031928551283
669.1899999992961,0.49864566695593887
669.1999999992961,0.529159485448497
669.2099999992961,0.5295925451531319
669.219999999296,0.4981480369365712
669.229999999296,0.5564120841411866
669.239999999296,0.46481602678363004
669.2499999992959,0.5783135406121062
669.2599999992958,0.4318008534502066
669.2699999992958,0.595006774518835
669.2799999992958,0.40269129420440997
669.2899999992957,0.6064647516758179
669.2999999992957,0.3815196960930001
669.3099999992957,0.6127620016993143
669.3199999992956,0.3717440782090487
669.3299999992955,0.6139789995982491
669.3399999992955,0.37507723371705204
669.3499999992955,0.6101563723824838
669.3599999992954,0.3908244386434864
669.3699999992954,0.6012876195982186
669.3799999992954,0.41617436624839343
669.3899999992954,0.5873470171847853
669.3999999992952,0.4472386237386284
669.4099999992952,0.5683573212405515
669.4199999992952,0.4801933045617222
669.4299999992951,0.5445075853919721
669.4399999992951,0.5120069022422435
669.4499999992951,0.5163306351172137
669.4599999992951,0.5406522996622826
669.4699999992949,0.4849339972408339
669.4799999992949,0.5649774759138113
669.4899999992949,0.4522356953770067
669.4999999992948,0.5844489134801889
669.5099999992948,0.4210843080309637
669.5199999992948,0.5989028974354258
669.5299999992948,0.3950755387672297
669.5399999992947,0.6083571893314993
669.5499999992946,0.37791111667037597
669.5599999992946,0.612888091182778
669.5699999992945,0.37237932741892266
669.5799999992945,0.6125607861237128
669.5899999992945,0.37939095690645636
669.5999999992945,0.6073999186840846
669.6099999992944,0.39763912000425483
669.6199999992944,0.5973927573410662
669.6299999992943,0.42410691825223973
669.6399999992942,0.5825242077862921
669.6499999992942,0.4550872702584947
669.6599999992942,0.5628492981906523
669.6699999992942,0.4871406646254163
669.6799999992941,0.5386124575619788
669.6899999992941,0.5176330277870407
669.699999999294,0.5104196706609114
669.7099999992939,0.5448423160758771
669.7199999992939,0.4794515476457208
669.7299999992939,0.5678071168874422
669.7399999992939,0.4476634254245916
669.7499999992938,0.5860920141285116
669.7599999992938,0.41785487860747805
669.7699999992938,0.5995717708796174
669.7799999992936,0.39344318061899486
669.7899999992936,0.6082708833748358
669.7999999992936,0.3778285338726848
669.8099999992936,0.6122595984968829
669.8199999992935,0.3734616114951507
669.8299999992935,0.6115954628168331
669.8399999992935,0.3810181926552737
669.8499999992933,0.6062995777532149
669.8599999992933,0.39915849188685276
669.8699999992933,0.5963614864471977
669.8799999992933,0.4250237398159299
669.8899999992932,0.5817724474803181
669.8999999992932,0.4551557358545586
669.9099999992932,0.5625920917201094
669.919999999293,0.48634681492475307
669.929999999293,0.5390563444094411
669.939999999293,0.516120227630939
669.949999999293,0.5117314390930834
669.9599999992929,0.5428322031990243
669.9699999992929,0.4817034504299221
669.9799999992929,0.5655432171251766
669.9899999992928,0.450757789408728
669.9999999992928,0.5838099988093807
670.0099999992927,0.42145004735987684
670.0199999992927,0.5974896589140464
670.0299999992926,0.3969276430418527
670.0399999992926,0.6065908785901672
670.0499999992926,0.3803981659727762
670.0599999992925,0.6111751689009642
670.0699999992925,0.37431499002793894
670.0799999992925,0.6112994469948559
670.0899999992924,0.3796013181026196
670.0999999992923,0.606990360886489
670.1099999992923,0.3953331708073217
670.1199999992923,0.5982444302364849
670.1299999992922,0.41907407969673155
670.1399999992922,0.5850529077232381
670.1499999992922,0.4476544421199251
670.1599999992922,0.5674548097543155
670.169999999292,0.47797520691634554
670.179999999292,0.5456245022891989
670.189999999292,0.5075258203234755
670.1999999992919,0.5199990590928368
670.2099999992919,0.5345550567034262
670.2199999992919,0.4914407043350267
670.2299999992919,0.558000460889475
670.2399999992917,0.4614050108165696
670.2499999992917,0.5773138694910444
670.2599999992917,0.43204438162615216
670.2699999992916,0.5922781529092268
670.2799999992916,0.40613423756438977
670.2899999992916,0.6028587051055908
670.2999999992916,0.38671189140396284
670.3099999992914,0.6090994824271554
670.3199999992914,0.37642337818315086
670.3299999992914,0.6110584372695068
670.3399999992913,0.3767758673393508
670.3499999992913,0.6087738331032648
670.3599999992913,0.3876502890870253
670.3699999992913,0.6022549097273432
670.3799999992912,0.40735067351917004
670.3899999992911,0.5914941694306534
670.3999999992911,0.4331588116842922
670.409999999291,0.5765025469680212
670.419999999291,0.46208358855162046
670.429999999291,0.5573719261011499
670.439999999291,0.49146793423001767
670.4499999992909,0.534370424368285
670.4599999992909,0.5192958150696804
670.4699999992908,0.5080717550810244
670.4799999992907,0.5442306528255385
670.4899999992907,0.47950633580405866
670.4999999992907,0.5654995437917182
670.5099999992907,0.4502946346513292
670.5199999992906,0.5827281235298563
670.5299999992906,0.42268593075732935
670.5399999992906,0.5957875839062295
670.5499999992904,0.3994005511388038
670.5599999992904,0.6046774349511332
670.5699999992904,0.38320541576730277
670.5799999992904,0.6094461244797451
670.5899999992903,0.37627685604954725
670.5999999992903,0.6101434091259033
670.6099999992903,0.3795782574398096
670.6199999992901,0.6067975351742545
670.6299999992901,0.3925582839344404
670.6399999992901,0.5994126171835533
670.6499999992901,0.41333766856853216
670.65999999929,0.5879848849414697
670.66999999929,0.4392767405882776
670.67999999929,0.5725396583253227
670.6899999992899,0.4676312265278484
670.6999999992898,0.5531931974829776
670.7099999992898,0.496037330318643
670.7199999992898,0.5302435886591451
670.7299999992897,0.5227321232327204
670.7399999992897,0.5042900073100077
670.7499999992897,0.5465573367299865
670.7599999992896,0.4763663915095396
670.7699999992896,0.5668460619285256
670.7799999992895,0.44805119044073344
670.7899999992895,0.5832761811430477
670.7999999992894,0.4214840423075047
670.8099999992894,0.5957378463874272
670.8199999992894,0.39920349818682516
670.8299999992893,0.6042324712014571
670.8399999992893,0.3837537502310801
670.8499999992893,0.6088041828841334
670.8599999992892,0.37711697877451994
670.8699999992891,0.6094984631596693
670.8799999992891,0.3801701452501775
670.8899999992891,0.6063421865110452
670.899999999289,0.39242314714528914
670.909999999289,0.599341207350348
670.919999999289,0.41217785968582
670.929999999289,0.5884943399062235
670.9399999992888,0.4370200417816249
670.9499999992888,0.5738251913883949
670.9599999992888,0.46440012040882134
670.9699999992887,0.5554352113009375
670.9799999992887,0.4920787277666216
670.9899999992887,0.5335814558915716
670.9999999992887,0.5183458369670465
671.0099999992885,0.5087790024789064
671.0199999992885,0.5420448048215687
671.0299999992885,0.4819178778057855
671.0399999992884,0.5624833951890068
671.0499999992884,0.45436554951975267
671.0599999992884,0.5793062015314897
671.0699999992884,0.4280009966888731
671.0799999992882,0.5923736111838428
671.0899999992882,0.4051089335182395
671.0999999992882,0.6016661430698429
671.1099999992881,0.3880800462043604
671.1199999992881,0.6072172154929263
671.1299999992881,0.3789390826110729
671.1399999992881,0.6090706696806715
671.149999999288,0.378839504776254
671.159999999288,0.6072580416820437
671.1699999992879,0.3877396687634964
671.1799999992878,0.6017917731444555
671.1899999992878,0.4044218810689104
671.1999999992878,0.5926726504577018
671.2099999992878,0.4268430602680342
671.2199999992877,0.5799119644683722
671.2299999992877,0.45264252682758943
671.2399999992876,0.5635706954364619
671.2499999992875,0.47959681030510026
671.2599999992875,0.5438187915734144
671.2699999992875,0.5058971902473943
671.2799999992875,0.5210161099655218
671.2899999992874,0.5302394929803945
671.2999999992874,0.4958108793882447
671.3099999992874,0.5517836280645204
671.3199999992872,0.4692394710867948
671.3299999992872,0.5700520703513805
671.3399999992872,0.4427926017246558
671.3499999992872,0.5848175790581311
671.3599999992871,0.418393836144419
671.3699999992871,0.5960062667376702
671.3799999992871,0.3982327558722461
671.3899999992869,0.6036246187077771
671.3999999992869,0.3844301091469096
671.4099999992869,0.6077098623631347
671.4199999992869,0.3785934909331704
671.4299999992868,0.6082998080949674
671.4399999992868,0.381413651109506
671.4499999992868,0.6054182283474938
671.4599999992867,0.3924782164819556
671.4699999992866,0.5990731883569916
671.4799999992866,0.41039335706090574
671.4899999992866,0.5892675194863528
671.4999999992865,0.4331519720776697
671.5099999992865,0.5760223427865273
671.5199999992865,0.45858087887176835
671.5299999992864,0.5594158197924319
671.5399999992864,0.4847049178119042
671.5499999992863,0.5396395223050091
671.5599999992863,0.5099499700556367
671.5699999992862,0.5170728897729229
671.5799999992862,0.5331936934715894
671.5899999992862,0.49237058443236775
671.5999999992861,0.5537169902614667
671.6099999992861,0.4665466555241651
671.619999999286,0.5711119424005066
671.629999999286,0.4410237740782433
671.6399999992859,0.5851847503448308
671.6499999992859,0.41760123249003034
671.6599999992859,0.5958730926950769
671.6699999992858,0.3982956355177579
671.6799999992858,0.6031839913139198
671.6899999992858,0.3850404010288095
671.6999999992858,0.6071513617743705
671.7099999992856,0.3792978870395342
671.7199999992856,0.6078100033516272
671.7299999992856,0.38171058521359963
671.7399999992855,0.6051827958624291
671.7499999992855,0.3919370201348295
671.7599999992855,0.5992789569794231
671.7699999992855,0.40874816821361215
671.7799999992853,0.5901026364563144
671.7899999992853,0.4303379003673718
671.7999999992853,0.5776725038590508
671.8099999992852,0.45471189203424944
671.8199999992852,0.5620540304633771
671.8299999992852,0.48001739254717446
671.8399999992852,0.5434064307419351
671.849999999285,0.5047405016740034
671.859999999285,0.5220449332482778
671.869999999285,0.5277700122425253
671.8799999992849,0.4985150261161314
671.8899999992849,0.5483682247362968
671.8999999992849,0.47366736618104893
671.9099999992849,0.5660960664059608
671.9199999992848,0.4487101189363478
671.9299999992847,0.5807278562953385
671.9399999992847,0.42520300911604303
671.9499999992846,0.5921752459064503
671.9599999992846,0.40495336649150143
671.9699999992846,0.6004277841213996
671.9799999992846,0.389792120606513
671.9899999992845,0.6055106797095402
671.9999999992845,0.3812543558880051
672.0099999992844,0.6074574644497351
672.0199999992843,0.38025029638039254
672.0299999992843,0.6062947551686684
672.0399999992843,0.3868482794591222
672.0499999992843,0.6020369517614311
672.0599999992842,0.4002624881936083
672.0699999992842,0.5946897796069052
672.0799999992842,0.4190501564465856
672.089999999284,0.5842627216217202
672.099999999284,0.4414320725819535
672.109999999284,0.5707913622077426
672.119999999284,0.4656153111764904
672.1299999992839,0.5543712209538111
672.1399999992839,0.4900279919682709
672.1499999992839,0.5352043394837511
672.1599999992837,0.5134359761318441
672.1699999992837,0.5136579676238148
672.1799999992837,0.5349597174522673
672.1899999992837,0.49033023198246023
672.1999999992836,0.5540294967583216
672.2099999992836,0.46610999084608046
672.2199999992836,0.5703149239837254
672.2299999992835,0.4422079753131828
672.2399999992834,0.5836527917508179
672.2499999992834,0.4201278182165266
672.2599999992834,0.5939854645472233
672.2699999992833,0.4015469387558065
672.2799999992833,0.6013137515770824
672.2899999992833,0.3880980845866029
672.2999999992832,0.6056638245360019
672.3099999992831,0.3810844758270173
672.3199999992831,0.6070660767570518
672.3299999992831,0.38120840881885987
672.339999999283,0.6055437006708674
672.349999999283,0.38841211646134854
672.359999999283,0.6011093670258512
672.3699999992829,0.40189612749702325
672.3799999992829,0.5937692567323584
672.3899999992828,0.4203065788861908
672.3999999992828,0.5835345802861388
672.4099999992827,0.44201493740997894
672.4199999992827,0.5704414576947043
672.4299999992827,0.4653921647073632
672.4399999992826,0.554580419850527
672.4499999992826,0.4890070199681744
672.4599999992826,0.5361364847474575
672.4699999992825,0.5117258803936411
672.4799999992824,0.5154392085516789
672.4899999992824,0.5327290850081867
672.4999999992824,0.4930186199174105
672.5099999992823,0.5514746577961285
672.5199999992823,0.469657024087981
672.5299999992823,0.5676388284350027
672.5399999992823,0.44641884278725236
672.5499999992821,0.5810536774354276
672.5599999992821,0.42463372075618333
672.5699999992821,0.5916526978060919
672.579999999282,0.4058079081089716
672.589999999282,0.5994281979508657
672.599999999282,0.3914526521878981
672.609999999282,0.6044006125638111
672.6199999992818,0.38284879939827465
672.6299999992818,0.6065981655798138
672.6399999992818,0.38080455219102716
672.6499999992817,0.6060450395531212
672.6599999992817,0.3854856325579812
672.6699999992817,0.602756581683332
672.6799999992817,0.3963821276757289
672.6899999992816,0.5967407197483297
672.6999999992815,0.4124247848232993
672.7099999992815,0.5880054582502977
672.7199999992814,0.43220447474159496
672.7299999992814,0.576572949269638
672.7399999992814,0.4542170985562834
672.7499999992814,0.5625010555973862
672.7599999992813,0.47706513476372653
672.7699999992813,0.5459133416586606
672.7799999992812,0.49958123376501135
672.7899999992811,0.5270377045789684
672.7999999992811,0.5208741690411071
672.8099999992811,0.5062519237669703
672.8199999992811,0.5403178961680285
672.829999999281,0.4841307888835331
672.839999999281,0.5575091633393724
672.849999999281,0.4614840816212154
672.8599999992808,0.5722142855192905
672.8699999992808,0.4393685700931737
672.8799999992808,0.5843179751753559
672.8899999992808,0.4190533013319617
672.8999999992807,0.5937804220650308
672.9099999992807,0.40192079253097557
672.9199999992807,0.6006044027824959
672.9299999992805,0.3893019336754328
672.9399999992805,0.6048118893522623
672.9499999992805,0.382269060990887
672.9599999992805,0.6064287600710133
672.9699999992804,0.381439452027773
672.9799999992804,0.6054761766816337
672.9899999992804,0.3868525279525201
672.9999999992802,0.6019675534836542
673.0099999992802,0.39796520463549634
673.0199999992802,0.5959105571451906
673.0299999992802,0.4137666565422616
673.0399999992801,0.5873141065927899
673.0499999992801,0.4329700396162749
673.0599999992801,0.5762008040729953
673.06999999928,0.45421858534607923
673.07999999928,0.5626255259181628
673.0899999992799,0.4762532000680321
673.0999999992799,0.5467008817081014
673.1099999992798,0.4980157461082787
673.1199999992798,0.5286296681537436
673.1299999992798,0.5186887747431812
673.1399999992797,0.5087429626557302
673.1499999992797,0.5376880950383844
673.1599999992796,0.48753978722855373
673.1699999992796,0.5546283976423602
673.1799999992795,0.46572025349069807
673.1899999992795,0.5692786896504853
673.1999999992795,0.4441994428094752
673.2099999992794,0.5815184054292591
673.2199999992794,0.4240859507186603
673.2299999992794,0.5912997372225032
673.2399999992793,0.4066104184582784
673.2499999992792,0.598618068506967
673.2599999992792,0.39299907130124084
673.2699999992792,0.6034903551218621
673.2799999992791,0.3843059988086981
673.2899999992791,0.6059404357323065
673.2999999992791,0.38124000523887547
673.3099999992791,0.605990097468574
673.3199999992789,0.38403534680393026
673.3299999992789,0.6036549327855832
673.3399999992789,0.3924089697073609
673.3499999992788,0.5989443891350988
673.3599999992788,0.4056189782418323
673.3699999992788,0.5918658180149013
673.3799999992788,0.42260339038819017
673.3899999992786,0.582432706414403
673.3999999992786,0.4421538793056923
673.4099999992786,0.5706775628787871
673.4199999992785,0.4630768844930666
673.4299999992785,0.5566700476794705
673.4399999992785,0.48431042968960253
673.4499999992785,0.5405407452753093
673.4599999992784,0.5049868587083269
673.4699999992783,0.5225102733510236
673.4799999992783,0.5244486309088533
673.4899999992782,0.5029219606411782
673.4999999992782,0.5422321654564762
673.5099999992782,0.482273916397974
673.5199999992782,0.5580350186256586
673.5299999992781,0.4612430543894083
673.539999999278,0.5716780470014104
673.549999999278,0.4406902553868534
673.5599999992779,0.5830697181387997
673.5699999992779,0.4216340454998387
673.5799999992779,0.5921760242328442
673.5899999992779,0.40518247228785564
673.5999999992778,0.598997010586972
673.6099999992778,0.3924215492137559
673.6199999992778,0.6035496097334819
673.6299999992776,0.3842735051288221
673.6399999992776,0.6058559356858386
673.6499999992776,0.38135434057780376
673.6599999992776,0.6059361252304369
673.6699999992775,0.3838691315059491
673.6799999992775,0.6038049868109661
673.6899999992775,0.39157741315834854
673.6999999992773,0.5994719938689996
673.7099999992773,0.40383974777035125
673.7199999992773,0.5929444607127174
673.7299999992773,0.41972985995993534
673.7399999992772,0.5842340192002017
673.7499999992772,0.43817792354418356
673.7599999992772,0.5733667343952236
673.769999999277,0.45810759442219623
673.779999999277,0.560397301962551
673.789999999277,0.47854022830350024
673.799999999277,0.5454276715471015
673.8099999992769,0.4986560321026602
673.8199999992769,0.5286300080268055
673.8299999992769,0.5178155899432786
673.8399999992768,0.5102729712131195
673.8499999992767,0.5355525274633284
673.8599999992767,0.49074871822393257
673.8699999992766,0.5515494712974546
673.8799999992766,0.470595803493803
673.8899999992766,0.5656073185229107
673.8999999992766,0.45051060668855436
673.9099999992765,0.5776145069351297
673.9199999992765,0.43133797003120233
673.9299999992764,0.5875199311884728
673.9399999992763,0.4140319268502856
673.9499999992763,0.5953109553284854
673.9599999992763,0.3995815259370459
673.9699999992763,0.6009966552519976
673.9799999992762,0.38890565309597436
673.9899999992762,0.6045957827961133
673.9999999992762,0.3827328099465962
674.009999999276,0.6061287399312528
674.019999999276,0.3814922662300066
674.029999999276,0.605612896724372
674.039999999276,0.3852456155007137
674.0499999992759,0.6030607537892753
674.0599999992759,0.3936788545159781
674.0699999992759,0.598480663446606
674.0799999992757,0.40615714834995575
674.0899999992757,0.5918800416200632
674.0999999992757,0.42182554931049315
674.1099999992757,0.5832711974002537
674.1199999992756,0.43972779910866305
674.1299999992756,0.5726800522949227
674.1399999992756,0.45891569661721127
674.1499999992755,0.5601580769686747
674.1599999992754,0.47853069283240096
674.1699999992754,0.5457976774739364
674.1799999992754,0.4978513634972507
674.1899999992753,0.5297509260140374
674.1999999992753,0.5163100222119312
674.2099999992753,0.5122508439397347
674.2199999992752,0.5334867756182415
674.2299999992752,0.4936333118172301
674.2399999992751,0.5490902437632315
674.2499999992751,0.47435609913794763
674.259999999275,0.5629326208177962
674.269999999275,0.4550096846257134
674.279999999275,0.5749043349990761
674.2899999992749,0.4363130463460205
674.2999999992749,0.5849513007171157
674.3099999992749,0.4190874206865609
674.3199999992748,0.593056068324756
674.3299999992747,0.4042033530497007
674.3399999992747,0.5992231173443766
674.3499999992747,0.39250195869030097
674.3599999992746,0.6034679829098225
674.3699999992746,0.3846995887316299
674.3799999992746,0.6058096916130664
674.3899999992746,0.38129344353946
674.3999999992744,0.6062659734303958
674.4099999992744,0.38249002159562306
674.4199999992744,0.6048508141616703
674.4299999992743,0.38817522908371727
674.4399999992743,0.6015740575079286
674.4499999992743,0.39793437083391897
674.4599999992743,0.5964429227915862
674.4699999992741,0.4111161351928868
674.4799999992741,0.5894654530989688
674.4899999992741,0.42692320378272464
674.499999999274,0.5806560333751128
674.509999999274,0.44450777391717244
674.519999999274,0.5700431993748621
674.529999999274,0.4630535535735908
674.5399999992738,0.557679966137521
674.5499999992738,0.48183363496861764
674.5599999992738,0.5436567938141732
674.5699999992737,0.5002420015124317
674.5799999992737,0.5281170166678838
674.5899999992737,0.5178024263225733
674.5999999992737,0.5112740183730948
674.6099999992736,0.5341613193564689
674.6199999992735,0.49342858956008007
674.6299999992735,0.5490712725295717
674.6399999992734,0.4749837662811911
674.6499999992734,0.5623707762764582
674.6599999992734,0.4564531788937479
674.6699999992734,0.5739638400402943
674.6799999992733,0.43845792496175795
674.6899999992733,0.5838016590592618
674.6999999992732,0.4217068540698955
674.7099999992731,0.5918672840759243
674.7199999992731,0.4069566808409114
674.7299999992731,0.5981634931394901
674.7399999992731,0.3949520456501223
674.749999999273,0.6027036536129823
674.759999999273,0.38635124750009053
674.769999999273,0.6055051918353853
674.7799999992728,0.38164938483999006
674.7899999992728,0.6065852649642541
674.7999999992728,0.3811145342707632
674.8099999992728,0.6059582875138771
674.8199999992727,0.38475193510730693
674.8299999992727,0.6036350610748176
674.8399999992727,0.39230516418476613
674.8499999992725,0.5996233641777718
674.8599999992725,0.4032938141417696
674.8699999992725,0.5939299656237905
674.8799999992725,0.4170779608096898
674.8899999992724,0.5865641189841033
674.8999999992724,0.4329342974975786
674.9099999992724,0.5775426681797321
674.9199999992722,0.45012871895579953
674.9299999992722,0.5668969295814185
674.9399999992722,0.4679743135750552
674.9499999992722,0.5546814928984947
674.9599999992721,0.4858696717528199
674.9699999992721,0.540984968972742
674.9799999992721,0.5033177508353098
674.989999999272,0.5259424671616136
674.999999999272,0.5199289376961642
675.0099999992719,0.5097491660877952
675.0199999992719,0.535413267991455
675.0299999992718,0.49267372382100205
675.0399999992718,0.5495665497158644
675.0499999992718,0.47506948020301837
675.0599999992717,0.5622541309643895
675.0699999992717,0.4573805516421296
675.0799999992716,0.5733948389505109
675.0899999992716,0.4401392629256298
675.0999999992715,0.582946543771855
675.1099999992715,0.4239513005188663
675.1199999992715,0.59089400304432
675.1299999992714,0.40946597868560797
675.1399999992714,0.5972391276073536
675.1499999992714,0.39733140944292566
675.1599999992713,0.6019935210789292
675.1699999992712,0.38813804139541946
675.1799999992712,0.6051730193396659
675.1899999992712,0.38235815255310585
675.1999999992711,0.6067939308779539
675.2099999992711,0.3802919662289072
675.2199999992711,0.6068707115688311
675.2299999992711,0.3820315115785019
675.2399999992709,0.6054148685903664
675.2499999992709,0.38745034652096755
675.2599999992709,0.6024349603372198
675.2699999992708,0.39622143925388936
675.2799999992708,0.5979376319884362
675.2899999992708,0.40785887377029023
675.2999999992708,0.591929693472735
675.3099999992706,0.42177401907004913
675.3199999992706,0.5844213027705666
675.3299999992706,0.4373349682677818
675.3399999992705,0.5754303558185396
675.3499999992705,0.45391949513224544
675.3599999992705,0.5649881952409909
675.3699999992705,0.4709553115422174
675.3799999992704,0.5531467180967008
675.3899999992703,0.48794542397701196
675.3999999992703,0.5399868682907137
675.4099999992702,0.5044796179313437
675.4199999992702,0.5256283172083936
675.4299999992702,0.5202349912059491
675.4399999992702,0.5102398433043891
675.4499999992701,0.5349690726600872
675.45999999927,0.49404950648969953
675.46999999927,0.5485087931189864
675.4799999992699,0.4773531936684447
675.4899999992699,0.5607378625386062
675.4999999992699,0.46051956099273406
675.5099999992699,0.5715842945919295
675.5199999992698,0.4439889640516684
675.5299999992698,0.5810091037517952
675.5399999992698,0.4282638808151963
675.5499999992696,0.5889966607806002
675.5599999992696,0.41388886612220743
675.5699999992696,0.5955468336668441
675.5799999992696,0.4014194476382295
675.5899999992695,0.6006688317550026
675.5999999992695,0.39138157790133693
675.6099999992695,0.6043765697959251
675.6199999992693,0.38422592644839726
675.6299999992693,0.6066853387531295
675.6399999992693,0.3802836593692323
675.6499999992693,0.6076095827166332
675.6599999992692,0.37973144773830175
675.6699999992692,0.6071616163123073
675.6799999992692,0.3825725384910229
675.689999999269,0.6053511620984549
675.699999999269,0.38863776397945804
675.709999999269,0.6021856349588043
675.719999999269,0.3976061680808449
675.7299999992689,0.5976711461772882
675.7399999992689,0.40904085828139136
675.7499999992689,0.5918142406765583
675.7599999992688,0.422433058031914
675.7699999992687,0.5846244139072079
675.7799999992687,0.43724678097223024
675.7899999992687,0.5761174763006642
675.7999999992686,0.4529578804828826
675.8099999992686,0.5663198372204604
675.8199999992686,0.4690836447279872
675.8299999992685,0.5552737582651153
675.8399999992685,0.4852016756913875
675.8499999992684,0.5430435670901896
675.8599999992684,0.5009588224898555
675.8699999992683,0.5297227132612248
675.8799999992683,0.5160721446607018
675.8899999992683,0.5154413753376014
675.8999999992682,0.5303243038328777
675.9099999992682,0.5003740852613274
675.9199999992682,0.543555647533782
675.9299999992681,0.4847465287565057
675.939999999268,0.5556548150804423
675.949999999268,0.46884034053444235
675.959999999268,0.5665491723402875
675.9699999992679,0.4529944087910291
675.9799999992679,0.5761958983014815
675.9899999992679,0.4376010462082638
675.9999999992679,0.5845741628071032
676.0099999992677,0.42309551880805296
676.0199999992677,0.5916785638085743
676.0299999992677,0.40993799144402626
676.0399999992676,0.5975138207059671
676.0499999992676,0.39858802168059515
676.0599999992676,0.6020906256397157
676.0699999992676,0.3894732353337445
676.0799999992674,0.605422513435795
676.0899999992674,0.38295545971089867
676.0999999992674,0.6075236042641129
676.1099999992673,0.37929890381245446
676.1199999992673,0.6084070867688548
676.1299999992673,0.3786454355941514
676.1399999992673,0.608084333540106
676.1499999992672,0.38100126882748975
676.1599999992671,0.6065645693418535
676.1699999992671,0.38623747187357405
676.179999999267,0.6038550418307054
676.189999999267,0.3941041233361807
676.199999999267,0.5999616722812133
676.209999999267,0.40425541906686474
676.2199999992669,0.5948901887985754
676.2299999992669,0.41628130340486313
676.2399999992668,0.5886477652166489
676.2499999992667,0.4297406529760144
676.2599999992667,0.5812452036530154
676.2699999992667,0.4441916422199769
676.2799999992667,0.5726997049603618
676.2899999992666,0.4592162783394917
676.2999999992666,0.5630382654158099
676.3099999992666,0.4744376938243876
676.3199999992664,0.5523017147507349
676.3299999992664,0.4895301933088335
676.3399999992664,0.5405493640840486
676.3499999992664,0.5042230248859193
676.3599999992663,0.5278641555243568
676.3699999992663,0.5182993371849963
676.3799999992663,0.5143580924994694
676.3899999992661,0.5315918768005209
676.3999999992661,0.5001775795830055
676.4099999992661,0.5439768137386477
676.4199999992661,0.4855081183995617
676.429999999266,0.5553667901751004
676.439999999266,0.4705776111185102
676.449999999266,0.5657039689927318
676.4599999992658,0.45565735283625136
676.4699999992658,0.5749535733768076
676.4799999992658,0.4410597044454832
676.4899999992658,0.5830981837152334
676.4999999992657,0.42713150252350324
676.5099999992657,0.5901328967953589
676.5199999992657,0.41424255277935257
676.5299999992656,0.5960613477805978
676.5399999992655,0.40276911282859873
676.5499999992655,0.6008925350792955
676.5599999992655,0.3930730777157497
676.5699999992654,0.6046383594954226
676.5799999992654,0.3854785226831983
676.5899999992654,0.6073117814865927
676.5999999992653,0.3802481220887103
676.6099999992653,0.6089255057265499
676.6199999992652,0.37756248720835855
676.6299999992652,0.6094911146744524
676.6399999992651,0.37750541888421585
676.6499999992651,0.6090185888711297
676.6599999992651,0.38005736047974
676.669999999265,0.6075161686427077
676.679999999265,0.385098072352405
676.689999999265,0.6049905285639213
676.699999999265,0.39241803132640934
676.7099999992648,0.6014472514614725
676.7199999992648,0.4017366785023757
676.7299999992648,0.5968916024236307
676.7399999992647,0.412724734071097
676.7499999992647,0.5913296146527286
676.7599999992647,0.42502753759477413
676.7699999992647,0.5847695072765581
676.7799999992645,0.43828671885640974
676.7899999992645,0.5772234594395627
676.7999999992645,0.4521582624516906
676.8099999992644,0.5687097634202392
676.8199999992644,0.46632594103271624
676.8299999992644,0.5592553703325654
676.8399999992644,0.4805099323850768
676.8499999992642,0.5488988221898744
676.8599999992642,0.49447106272912916
676.8699999992642,0.53769353121589
676.8799999992641,0.5080114876972439
676.8899999992641,0.5257113181126649
676.8999999992641,0.5209727577861616
676.9099999992641,0.5130460538650746
676.919999999264,0.5332321798289472
676.9299999992639,0.49981716493274725
676.9399999992639,0.5446982497366375
676.9499999992638,0.4861726634349298
676.9599999992638,0.555305754573191
676.9699999992638,0.47229126329938736
676.9799999992638,0.5650109645238572
676.9899999992637,0.4583830570106607
676.9999999992637,0.5737871812735452
677.0099999992636,0.44468818350585687
677.0199999992635,0.5816207886233883
677.0299999992635,0.4314729465352121
677.0399999992635,0.5885078633174453
677.0499999992635,0.4190229778763654
677.0599999992634,0.5944513462103789
677.0699999992634,0.4076333023729102
677.0799999992634,0.5994587388684831
677.0899999992632,0.3975955499254012
677.0999999992632,0.6035402726871057
677.1099999992632,0.3891830353150508
677.1199999992632,0.6067074915616311
677.1299999992631,0.38263491071056144
677.1399999992631,0.6089721903186459
677.1499999992631,0.37814097706095434
677.1599999992629,0.6103456568952504
677.1699999992629,0.3758289039645794
677.1799999992629,0.6108381743548719
677.1899999992629,0.375755469724314
677.1999999992628,0.6104587477430895
677.2099999992628,0.3779029809808462
677.2199999992628,0.6092150299183748
677.2299999992626,0.3821813369445051
677.2399999992626,0.6071134290919294
677.2499999992626,0.388435411796646
677.2599999992626,0.6041593887629344
677.2699999992625,0.396456714520397
677.2799999992625,0.6003578377135035
677.2899999992625,0.40599779724594637
677.2999999992624,0.5957138136147024
677.3099999992623,0.4167877008687654
677.3199999992623,0.5902332684432314
677.3299999992623,0.42854684507201346
677.3399999992622,0.583924066640128
677.3499999992622,0.4410001134758134
677.3599999992622,0.5767971878755637
677.3699999992621,0.4538873427616504
677.379999999262,0.5688681439125508
677.389999999262,0.46697088822561283
677.399999999262,0.5601586134602419
677.4099999992619,0.48004032729644996
677.4199999992619,0.55069828805133
677.4299999992619,0.492914635257601
677.4399999992618,0.5405269058689248
677.4499999992618,0.5054423181770483
677.4599999992618,0.5296964268591543
677.4699999992617,0.517500034641094
677.4799999992616,0.518273272036554
677.4899999992616,0.528990209749698
677.4999999992616,0.50634051163365
677.5099999992615,0.5398380727302076
677.5199999992615,0.49399984312072726
677.5299999992615,0.5499884579747818
677.5399999992615,0.4813731537552216
677.5499999992613,0.5594026179950515
677.5599999992613,0.46860341999777755
677.5699999992613,0.5680552145409414
677.5799999992612,0.4558546655542518
677.5899999992612,0.5759315877668222
677.5999999992612,0.44331069345834373
677.6099999992612,0.583025352654075
677.619999999261,0.43117233663487314
677.629999999261,0.5893363359645972
677.639999999261,0.41965304805738574
677.6499999992609,0.5948688434936912
677.6599999992609,0.40897278116089925
677.6699999992609,0.599630233409874
677.6799999992609,0.39935029199627115
677.6899999992607,0.6036297643079588
677.6999999992607,0.39099420982322325
677.7099999992607,0.6068776845760573
677.7199999992606,0.3840934439756915
677.7299999992606,0.6093845305015799
677.7399999992606,0.3788076811501981
677.7499999992606,0.6111606034714036
677.7599999992605,0.3752588346874322
677.7699999992604,0.612215600548397
677.7799999992604,0.373524299814964
677.7899999992603,0.6125583769377223
677.7999999992603,0.37363273054938184
677.8099999992603,0.6121968233012978
677.8199999992603,0.37556279595511516
677.8299999992602,0.611137845025949
677.8399999992602,0.37924503648787355
677.8499999992601,0.6093874344331494
677.85999999926,0.38456658474323197
677.86999999926,0.6069508304055949
677.87999999926,0.39137820393100625
677.88999999926,0.60383276298732
677.8999999992599,0.39950288371689796
677.9099999992599,0.6000377830423482
677.9199999992599,0.4087451451523565
677.9299999992597,0.595570679235558
677.9399999992597,0.41890024245378843
677.9499999992597,0.5904369859028261
677.9599999992597,0.42976258492598596
677.9699999992596,0.5846435862954044
677.9799999992596,0.4411328969461174
677.9899999992596,0.5781994153590555
677.9999999992594,0.4528238467022938
678.0099999992594,0.5711162650846667
678.0199999992594,0.4646640695736412
678.0299999992594,0.5634096927275108
678.0399999992593,0.47650066755238807
678.0499999992593,0.5551000280021876
678.0599999992593,0.4882003722027993
678.0699999992592,0.5462134690051856
678.0799999992591,0.4996496161449523
678.0899999992591,0.5367832481467749
678.0999999992591,0.510753775231134
678.109999999259,0.526850838501215
678.119999999259,0.5214358308448549
678.129999999259,0.5164671574816063
678.1399999992589,0.5316346711861861
678.1499999992589,0.5056937095044393
678.1599999992588,0.5413032105086394
678.1699999992588,0.4946035925557022
678.1799999992587,0.5504064639419344
678.1899999992587,0.4832822767259331
678.1999999992587,0.5589196769898662
678.2099999992586,0.4718280484248272
678.2199999992586,0.5668265757609774
678.2299999992586,0.4603520038209935
678.2399999992585,0.5741177772779209
678.2499999992584,0.4489774735537006
678.2599999992584,0.5807893788866815
678.2699999992584,0.43783877025283774
678.2799999992583,0.5868417311562154
678.2899999992583,0.4270791754546858
678.2999999992583,0.5922783886806591
678.3099999992583,0.4168481236291039
678.3199999992581,0.5971052270377615
678.3299999992581,0.40729759998771214
678.3399999992581,0.6013297107176984
678.349999999258,0.3985778414925795
678.359999999258,0.604960295516021
678.369999999258,0.3908325109992441
678.379999999258,0.6080059488881859
678.3899999992578,0.3841935937379839
678.3999999992578,0.6104757726971236
678.4099999992578,0.37877633035390046
678.4199999992577,0.6123787141713604
678.4299999992577,0.37467454009464707
678.4399999992577,0.6137233526949141
678.4499999992577,0.3719566904474067
678.4599999992575,0.614517751778222
678.4699999992575,0.3706630308120493
678.4799999992575,0.6147693673784164
678.4899999992574,0.37080402842658555
678.4999999992574,0.6144850054440907
678.5099999992574,0.37236023401634577
678.5199999992574,0.6136708230904281
678.5299999992573,0.3752835767873484
678.5399999992572,0.6123323692463009
678.5499999992572,0.37949996186669793
678.5599999992571,0.6104746618341335
678.5699999992571,0.38491293552593164
678.5799999992571,0.6081022996650154
678.5899999992571,0.39140810850079183
678.599999999257,0.6052196081010743
678.609999999257,0.398857992439078
678.619999999257,0.6018308183388028
678.6299999992568,0.40712690954599545
678.6399999992568,0.5979402806744559
678.6499999992568,0.4160756743741915
678.6599999992568,0.5935527125905327
678.6699999992567,0.4255658094559463
678.6799999992567,0.5886734825225325
678.6899999992567,0.4354631310237866
678.6999999992565,0.5833089302629786
678.7099999992565,0.4456406164252676
678.7199999992565,0.5774667244362718
678.7299999992565,0.45598053253567994
678.7399999992564,0.5711562568943045
678.7499999992564,0.46637585852793223
678.7599999992564,0.5643890727906131
678.7699999992562,0.4767310750316756
678.7799999992562,0.5571793335502008
678.7899999992562,0.4869624150494076
678.7999999992562,0.5495443080379847
678.8099999992561,0.49699768147383727
678.8199999992561,0.541504884717
678.8299999992561,0.5067757356946868
678.839999999256,0.5330860945573985
678.8499999992559,0.5162457537401762
678.8599999992559,0.5243176309675147
678.8699999992559,0.5253663338484259
678.8799999992558,0.5152343491475273
678.8899999992558,0.5341045251985397
678.8999999992558,0.5058767230112637
678.9099999992557,0.5424348327487308
678.9199999992557,0.4962912335474323
678.9299999992556,0.5503382395260671
678.9399999992556,0.48653065882183555
678.9499999992555,0.5578012757005718
678.9599999992555,0.47665423241495664
678.9699999992555,0.5648151537171104
678.9799999992554,0.4667276352479334
678.9899999992554,0.5713749806478354
678.9999999992554,0.4568227859922799
679.0099999992553,0.5774790529125425
679.0199999992552,0.447017397407083
679.0299999992552,0.5831282337275207
679.0399999992552,0.4373942719673117
679.0499999992551,0.5883254107103942
679.0599999992551,0.4280403188003935
679.0699999992551,0.593075028781371
679.079999999255,0.41904528706230043
679.0899999992549,0.5973826923572324
679.0999999992549,0.41050022651408097
679.1099999992549,0.6012548303192766
679.1199999992548,0.4024957050934254
679.1299999992548,0.604698416917115
679.1399999992548,0.3951198330251765
679.1499999992548,0.60772074213864
679.1599999992546,0.3884561628323318
679.1699999992546,0.6103292253777473
679.1799999992546,0.38258155180044895
679.1899999992545,0.6125312667244768
679.1999999992545,0.3775640861066498
679.2099999992545,0.6143341308730378
679.2199999992545,0.3734611717055389
679.2299999992543,0.615744859107663
679.2399999992543,0.37031789517695196
679.2499999992543,0.6167702055494496
679.2599999992542,0.3681657469388115
679.2699999992542,0.6174165942693829
679.2799999992542,0.3670217801793113
679.2899999992542,0.6176900944902624
679.299999999254,0.3668882531371097
679.309999999254,0.617596411500215
679.319999999254,0.3677527720709817
679.3299999992539,0.6171408913541595
679.3399999992539,0.36958892069544114
679.3499999992539,0.6163285377885717
679.3599999992539,0.37235733196248333
679.3699999992538,0.61516404011726
679.3799999992538,0.3760071329137362
679.3899999992537,0.6136518111298398
679.3999999992536,0.38047767485974593
679.4099999992536,0.6117960342669759
679.4199999992536,0.38570045102328454
679.4299999992536,0.6096007195459441
679.4399999992535,0.3916011016087666
679.4499999992535,0.6070697678420496
679.4599999992535,0.3981014120580065
679.4699999992533,0.6042070432851259
679.4799999992533,0.40512122157885144
679.4899999992533,0.6010164535886989
679.4999999992533,0.41258017526584645
679.5099999992532,0.5975020381887053
679.5199999992532,0.4203992705891152
679.5299999992532,0.5936680640914244
679.539999999253,0.42850216776065725
679.549999999253,0.5895191292772246
679.559999999253,0.43681624999425867
679.569999999253,0.5850602734616686
679.5799999992529,0.4452734347642034
679.5899999992529,0.5802970959051404
679.5999999992529,0.45381074842384356
679.6099999992528,0.5752358798003676
679.6199999992527,0.46237068540263826
679.6299999992527,0.5698837226041277
679.6399999992527,0.4709013784897369
679.6499999992526,0.5642486713918964
679.6599999992526,0.47935660946949743
679.6699999992526,0.5583398620027231
679.6799999992525,0.48769569001265467
679.6899999992524,0.5521676605352671
679.6999999992524,0.49588324153011315
679.7099999992524,0.5457438052219195
679.7199999992523,0.5038889003942987
679.7299999992523,0.5390815462921239
679.7399999992523,0.5116869719308688
679.7499999992522,0.5321957812272731
679.7599999992522,0.5192560530522211
679.7699999992521,0.5251031819220797
679.7799999992521,0.5265786401498187
679.789999999252,0.5178223102537084
679.799999999252,0.5336407354254286
679.809999999252,0.5103737177885124
679.8199999992519,0.5404314618151635
679.8299999992519,0.5027800251041121
679.8399999992519,0.5469426940891106
679.8499999992518,0.4950659759175031
679.8599999992517,0.5531687113678966
679.8699999992517,0.4872584609623034
679.8799999992517,0.5591058744019486
679.8899999992516,0.4793865065128439
679.8999999992516,0.5647523295326458
679.9099999992516,0.4714812225994589
679.9199999992516,0.5701077399460661
679.9299999992514,0.4635757065467283
679.9399999992514,0.5751730440343777
679.9499999992514,0.4557048977169017
679.9599999992513,0.5799502400030129
679.9699999992513,0.4479053806866788
679.9799999992513,0.584442195317211
679.9899999992513,0.4402151350619555
679.9999999992511,0.5886524794605243
680.0099999992511,0.4326732317722914
680.0199999992511,0.5925852181257736
680.029999999251,0.4253194773800792
680.039999999251,0.5962449669997981
680.049999999251,0.41819400993234973
680.059999999251,0.5996366033349629
680.0699999992509,0.41133685211365156
680.0799999992508,0.6027652333670696
680.0899999992508,0.40478742934945716
680.0999999992507,0.6056361140314906
680.1099999992507,0.3985840628464852
680.1199999992507,0.6082545871926786
680.1299999992507,0.3927634491260325
680.1399999992506,0.6106260250265308
680.1499999992506,0.38736013928520036
680.1599999992505,0.612755785152729
680.1699999992504,0.3824060321393832
680.1799999992504,0.6146491742724906
680.1899999992504,0.37792989584825004
680.1999999992504,0.6163114192476203
680.2099999992503,0.37395693247379674
680.2199999992503,0.6177476446018189
680.2299999992503,0.3705083988795525
680.2399999992501,0.6189628556247767
680.2499999992501,0.3676012960423959
680.2599999992501,0.6199619262467341
680.2699999992501,0.3652481363960164
680.27999999925,0.6207495910721469
680.28999999925,0.3634567963912031
680.29999999925,0.6213304409473634
680.3099999992498,0.36223045823399946
680.3199999992498,0.6217089215621207
680.3299999992498,0.3615676416602896
680.3399999992498,0.621889334643664
680.3499999992497,0.36146232330988015
680.3599999992497,0.6218758413535442
680.3699999992497,0.36190413826152645
680.3799999992495,0.6216724675566616
680.3899999992495,0.36287865558515303
680.3999999992495,0.6212831106741283
680.4099999992495,0.36436771756572806
680.4199999992494,0.620711547877677
680.4299999992494,0.3663498306301878
680.4399999992494,0.6199614454035909
680.4499999992493,0.3688005949951613
680.4599999992492,0.6190363688125919
680.4699999992492,0.37169315971139505
680.4799999992492,0.6179397940180866
680.4899999992491,0.3749986900151409
680.4999999992491,0.6166751189719673
680.5099999992491,0.37868683459209335
680.519999999249,0.6152456758616388
680.529999999249,0.38272618163017275
680.539999999249,0.6136547437077148
680.5499999992489,0.38708469402858453
680.5599999992488,0.6119055613032682
680.5699999992488,0.3917301157326838
680.5799999992488,0.6100013403506711
680.5899999992487,0.3966303431531059
680.5999999992487,0.6079452787599896
680.6099999992487,0.40175375722204304
680.6199999992486,0.6057405740289583
680.6299999992485,0.4070695135188125
680.6399999992485,0.6033904365938934
680.6499999992485,0.4125477893180142
680.6599999992484,0.600898103124962
680.6699999992484,0.41815998787944597
680.6799999992484,0.5982668496784844
680.6899999992484,0.4238789012633718
680.6999999992482,0.595500004639078
680.7099999992482,0.4296788341339578
680.7199999992482,0.5926009613481211
680.7299999992481,0.435535691338786
680.7399999992481,0.5895731904292416
680.7499999992481,0.4414270327606203
680.759999999248,0.5864202516212491
680.769999999248,0.44733209915316374
680.7799999992479,0.5831458051339762
680.7899999992479,0.45323181272290486
680.7999999992478,0.5797536224278155
680.8099999992478,0.45910875615165203
680.8199999992478,0.5762475962533439
680.8299999992477,0.4649471337856743
680.8399999992477,0.5726317500192486
680.8499999992476,0.4707327183547529
680.8599999992476,0.5689102462623671
680.8699999992475,0.4764527862738736
680.8799999992475,0.5650873941700845
680.8899999992475,0.4820960445425957
680.8999999992474,0.561167656140631
680.9099999992474,0.48765255149471004
680.9199999992474,0.5571556531771894
680.9299999992473,0.49311363380748696
680.9399999992472,0.5530561691090209
680.9499999992472,0.4984718014822216
680.9599999992472,0.5488741535484524
680.9699999992471,0.5037206624224492
680.9799999992471,0.5446147234238062
680.9899999992471,0.5088548379315754
680.999999999247,0.5402831631770955
681.0099999992469,0.5138698800438446
681.0199999992469,0.5358849233690672
681.0299999992469,0.5187621916310565
681.0399999992468,0.5314256177320611
681.0499999992468,0.5235289498868129
681.0599999992468,0.5269110186705943
681.0699999992468,0.5281680334683846
681.0799999992466,0.522347051021647
681.0899999992466,0.5326779538466847
681.0999999992466,0.5177397842162367
681.1099999992465,0.5370577908488093
681.1199999992465,0.5130954226587952
681.1299999992465,0.5413071325318151
681.1399999992465,0.5084202945191192
681.1499999992463,0.5454260194197103
681.1599999992463,0.5037208388087892
681.1699999992463,0.5494148929607346
681.1799999992462,0.4990035907913689
681.1899999992462,0.5532745481379814
681.1999999992462,0.49427516590654774
681.2099999992462,0.5570060900888101
681.219999999246,0.48954224215463626
681.229999999246,0.5606108944769455
681.239999999246,0.4848115411082831
681.2499999992459,0.5640905714527208
681.2599999992459,0.4800898076238424
681.2699999992459,0.567446933055993
681.2799999992459,0.47538378842404927
681.2899999992458,0.5706819636907658
681.2999999992458,0.4707002097524172
681.3099999992457,0.5737977935921573
681.3199999992456,0.46604575406513415
681.3299999992456,0.5767966749917507
681.3399999992456,0.46142703626631504
681.3499999992456,0.5796809607821999
681.3599999992455,0.45685057940190754
681.3699999992455,0.5824530854873482
681.3799999992455,0.45232279010785165
681.3899999992453,0.5851155483390442
681.3999999992453,0.4478499341695957
681.4099999992453,0.5876708982751063
681.4199999992453,0.44343811216667595
681.4299999992452,0.5901217206725822
681.4399999992452,0.43909323567962677
681.4499999992452,0.5924706256533196
681.459999999245,0.43482100401801854
681.469999999245,0.5947202378780448
681.479999999245,0.4306268819909094
681.489999999245,0.5968731875349081
681.4999999992449,0.4265160786219156
681.5099999992449,0.5989321025794145
681.5199999992449,0.4224935272966959
681.5299999992448,0.6008996019723437
681.5399999992447,0.4185638672654901
681.5499999992447,0.6027782898375402
681.5599999992447,0.41473142691671494
681.5699999992446,0.6045707504887895
681.5799999992446,0.41100020873781556
681.5899999992446,0.606279544167837
681.5999999992445,0.40737387632906946
681.6099999992445,0.6079072034470804
681.6199999992444,0.40385574336212304
681.6299999992444,0.609456230224994
681.6399999992443,0.4004487647115239
681.6499999992443,0.6109290932374465
681.6599999992443,0.3971555297200425
681.6699999992442,0.6123282259804838
681.6799999992442,0.3939782577467541
681.6899999992442,0.6136560251063222
681.6999999992441,0.39091879586527206
681.709999999244,0.6149148490886148
681.719999999244,0.387978618744794
681.729999999244,0.6161070172430346
681.7399999992439,0.38515883076854124
681.7499999992439,0.6172348089863589
681.7599999992439,0.38246017013364986
681.7699999992439,0.618300463330122
681.7799999992437,0.37988301499258403
681.7899999992437,0.6193061785609585
681.7999999992437,0.37742739148082743
681.8099999992436,0.6202541120991428
681.8199999992436,0.37509298347738346
681.8299999992436,0.6211463804806536
681.8399999992436,0.37287914403771033
681.8499999992434,0.6219850594699191
681.8599999992434,0.3707849082141807
681.8699999992434,0.6227721842572808
681.8799999992433,0.36880900727548016
681.8899999992433,0.6235097497555077
681.8999999992433,0.36694988401233003
681.9099999992433,0.624199710927185
681.9199999992431,0.365205709017189
681.9299999992431,0.6248439832048717
681.9399999992431,0.3635743977984872
681.949999999243,0.6254444429050021
681.959999999243,0.36205362850431444
681.969999999243,0.6260029277034871
681.979999999243,0.3606408600915911
681.9899999992429,0.6265212371077455
681.9999999992428,0.35933335084724966
682.0099999992428,0.6270011329548052
682.0199999992427,0.3581281770000329
682.0299999992427,0.6274443398957466
682.0399999992427,0.3570222513775761
682.0499999992427,0.6278525458938955
682.0599999992426,0.3560123419048308
682.0699999992426,0.628227402707663
682.0799999992425,0.355095089856317
682.0899999992424,0.6285705263617856
682.0999999992424,0.3542670277145595
682.1099999992424,0.62888349760243
682.1199999992424,0.3535245965778372
682.1299999992423,0.6291678623431671
682.1399999992423,0.3528641629938927
682.1499999992423,0.6294251320791571
682.1599999992421,0.35228203513494255
682.1699999992421,0.6296567842864479
682.1799999992421,0.35177447829664527
682.1899999992421,0.6298642627992719
682.199999999242,0.3513377296088912
682.209999999242,0.6300489781569859
682.219999999242,0.350968011970035
682.2299999992418,0.6302123079315334
682.2399999992418,0.3506615471290923
682.2499999992418,0.6303555970288168
682.2599999992418,0.35041456793074727
682.2699999992417,0.6304801579625386
682.2799999992417,0.3502233296922016
682.2899999992417,0.6305872711059036
682.2999999992415,0.35008412071717154
682.3099999992415,0.6306781849169848
682.3199999992415,0.3499932719513677
682.3299999992415,0.6307541161399876
682.3399999992414,0.34994716579332313
682.3499999992414,0.6308162499829946
682.3599999992414,0.3499422440788883
682.3699999992413,0.630865740273629
682.3799999992412,0.3499750152643913
682.3899999992412,0.6309037095913833
682.3999999992412,0.35004206083525075
682.4099999992411,0.6309312493794305
682.4199999992411,0.3501400409817174
682.4299999992411,0.630949420037255
682.439999999241,0.35026569955907316
682.449999999241,0.6309592509929965
682.459999999241,0.3504158684015002
682.4699999992409,0.6309617407566112
682.4799999992408,0.3505874709857686
682.4899999992408,0.6309578569607736
682.4999999992408,0.35077752553846403
682.5099999992407,0.630948536379955
682.5199999992407,0.35098314758487276
682.5299999992407,0.6309346849393868
682.5399999992406,0.3512015520040179
682.5499999992405,0.6309171777083493
682.5599999992405,0.351430054628678
682.5699999992405,0.6308968588818121
682.5799999992404,0.35166607342915823
682.5899999992404,0.6308745417488874
682.5999999992404,0.3519071293259001
682.6099999992404,0.6308510086554021
682.6199999992402,0.35215084667702645
682.6299999992402,0.6308270109508892
682.6399999992402,0.35239495343459804
682.6499999992401,0.6308032689329968
682.6599999992401,0.35263728110662
682.6699999992401,0.6307804717802294
682.6799999992401,0.3528757644399739
682.68999999924,0.6307592774846265
682.6999999992399,0.35310844094354
682.7099999992399,0.6307403127705056
682.7199999992398,0.3533334502533043
682.7299999992398,0.6307241730164862
682.7399999992398,0.3535490333801507
682.7499999992398,0.6307114221660869
682.7599999992397,0.3537535318327143
682.7699999992396,0.6307025926477343
682.7799999992396,0.35394538671747466
682.7899999992395,0.630698185276221
682.7999999992395,0.3541231377656436
682.8099999992395,0.6306986691679385
682.8199999992395,0.3542854223364039
682.8299999992394,0.630704481648307
682.8399999992394,0.3544309744520403
682.8499999992393,0.6307160281561506
682.8599999992392,0.3545586238366266
682.8699999992392,0.6307336821590198
682.8799999992392,0.35466729498158234
682.8899999992392,0.6307577850570837
682.8999999992391,0.3547560063189012
682.9099999992391,0.6307886460992187
682.919999999239,0.35482386941149574
682.9299999992389,0.6308265422973784
682.9399999992389,0.3548700882720992
682.9499999992389,0.6308717183399276
682.9599999992389,0.35489395877133484
682.9699999992388,0.6309243865185981
682.9799999992388,0.3548948681588421
682.9899999992388,0.6309847266422363
682.9999999992386,0.3548722946940274
683.0099999992386,0.6310528859743654
683.0199999992386,0.35482580744740116
683.0299999992386,0.6311289791599631
683.0399999992385,0.35475506619747715
683.0499999992385,0.631213088160392
683.0599999992385,0.3546598214948604
683.0699999992383,0.6313052621994046
683.0799999992383,0.354539914891597
683.0899999992383,0.6314055177032099
683.0999999992383,0.3543952792790584
683.1099999992382,0.631513838254488
683.1199999992382,0.35422593944884
683.1299999992382,0.6316301745483727
683.1399999992381,0.35403201276677687
683.149999999238,0.6317544443530032
683.159999999238,0.3538137100173696
683.169999999238,0.6318865324753202
683.1799999992379,0.3535713364101652
683.1899999992379,0.6320262907346035
683.1999999992379,0.3533052927653013
683.2099999992378,0.632173537938617
683.2199999992378,0.35301607680712355
683.2299999992377,0.632328059861723
683.2399999992377,0.3527042846522857
683.2499999992376,0.6324896092371985
683.2599999992376,0.3523706124220706
683.2699999992376,0.6326579057484457
683.2799999992375,0.35201585799448015
683.2899999992375,0.6328326360163324
683.2999999992375,0.3516409228664924
683.3099999992374,0.6330134536103766
683.3199999992373,0.351246814170824
683.3299999992373,0.6331999790438178
683.3399999992373,0.35083464674064563
683.3499999992372,0.6333917997855001
683.3599999992372,0.3504056453309452
683.3699999992372,0.6335884702651665
683.3799999992372,0.34996114684283997
683.389999999237,0.6337895118882209
683.399999999237,0.34950260263655647
683.409999999237,0.6339944130453086
683.4199999992369,0.34903158088596326
683.4299999992369,0.634202629128599
683.4399999992369,0.3485497689033923
683.4499999992369,0.6344135825436962
683.4599999992367,0.34805897547561154
683.4699999992367,0.6346266627241305
683.4799999992367,0.3475611331383894
683.4899999992366,0.6348412261390506
683.4999999992366,0.34705830038163654
683.5099999992366,0.6350565963024766
683.5199999992366,0.3465526637182607
683.5299999992365,0.6352720637777669
683.5399999992364,0.346046539630166
683.5499999992364,0.6354868861750468
683.5599999992363,0.34554237629863543
683.5699999992363,0.6357002881419628
683.5799999992363,0.3450427551111921
683.5899999992363,0.6359114613517776
683.5999999992362,0.34455039188017994
683.6099999992362,0.6361195644709922
683.6199999992361,0.3440681377253027
683.629999999236,0.6363237231312335
683.639999999236,0.3435989795921053
683.649999999236,0.6365230298722898
683.659999999236,0.3431460402916733
683.6699999992359,0.6367165440870313
683.6799999992359,0.3427125780870848
683.6899999992359,0.636903291937322
683.6999999992357,0.34230198568063724
683.7099999992357,0.6370822662588531
683.7199999992357,0.3419177886104819
683.7299999992357,0.6372524264453376
683.7399999992356,0.34156364294412106
683.7499999992356,0.6374126983105659
683.7599999992356,0.34124333223202225
683.7699999992354,0.6375619739262248
683.7799999992354,0.34096076363909356
683.7899999992354,0.6376991114343373
683.7999999992354,0.3407199631995243
683.8099999992353,0.6378229348317835
683.8199999992353,0.3405250701259625
683.8299999992353,0.6379322337256841
683.8399999992351,0.34038033010975643
683.8499999992351,0.6380257630541065
683.8599999992351,0.34029008755421775
683.8699999992351,0.6381022427741191
683.879999999235,0.34025877668518506
683.889999999235,0.6381603575120901
683.899999999235,0.3402909114866084
683.9099999992349,0.6381987561759181
683.9199999992348,0.340391074420008
683.9299999992348,0.6382160515234787
683.9399999992348,0.3405639038884448
683.9499999992347,0.6382108196920269
683.9599999992347,0.3408140804146754
683.9699999992347,0.6381815996762533
683.9799999992346,0.34114631153700564
683.9899999992346,0.6381268927641432
683.9999999992345,0.3415653153812581
684.0099999992345,0.638045161919059
684.0199999992344,0.3420758029548205
684.0299999992344,0.6379348311149181
684.0399999992344,0.3426824591709445
684.0499999992343,0.6377942846145874
684.0599999992343,0.34338992264758217
684.0699999992343,0.6376218661937992
684.0799999992342,0.34420276433517977
684.0899999992341,0.6374158783132793
684.0999999992341,0.34512546505015385
684.1099999992341,0.6371745812312296
684.119999999234,0.3461623920391239
684.129999999234,0.6368961920617014
684.139999999234,0.3473177746365911
684.149999999234,0.6365788837736557
684.1599999992338,0.3485956792189543
684.1699999992338,0.6362207841328802
684.1799999992338,0.34999998356756046
684.1899999992337,0.6358199745898081
684.1999999992337,0.3515343508298878
684.2099999992337,0.6353744891157846
684.2199999992337,0.3532022033092357
684.2299999992335,0.6348823129802547
684.2399999992335,0.3550066962330908
684.2499999992335,0.6343413814843407
684.2599999992334,0.35695069184637473
684.2699999992334,0.6337495786577195
684.2799999992334,0.3590367339175675
684.2899999992334,0.633104735886021
684.2999999992333,0.36126702308782305
684.3099999992332,0.6324046305436228
684.3199999992332,0.36364339319474004
684.3299999992331,0.6316469845809555
684.3399999992331,0.36616728892116207
684.3499999992331,0.6308294630838868
684.3599999992331,0.36883974502141503
684.369999999233,0.6299496728530665
684.379999999233,0.37166136733939364
684.3899999992329,0.6290051609733454
684.3999999992328,0.3746323160418403
684.4099999992328,0.6279934134127623
684.4199999992328,0.3777522910126583
684.4299999992328,0.6269118536646321
684.4399999992327,0.38102052003846787
684.4499999992327,0.6257578414379689
684.4599999992327,0.3844357495817389
684.4699999992325,0.6245286714639651
684.4799999992325,0.3879962386263836
684.4899999992325,0.6232215723789252
684.4999999992325,0.39169975561177367
684.5099999992324,0.6218337057975666
684.5199999992324,0.3955435785145852
684.5299999992324,0.6203621655226281
684.5399999992322,0.39952449832861114
684.5499999992322,0.6188039770256999
684.5599999992322,0.4036388257600763
684.5699999992322,0.6171560971763834
684.5799999992321,0.40788240130272124
684.5899999992321,0.6154154143098759
684.5999999992321,0.41225060853643397
684.609999999232,0.6135787486962141
684.6199999992319,0.416738390638661
684.6299999992319,0.6116428534485927
684.6399999992319,0.42134026982174705
684.6499999992318,0.6096044160211758
684.6599999992318,0.42605036973025234
684.6699999992318,0.6074600602902702
684.6799999992317,0.43086244038584043
684.6899999992316,0.6052063494272479
684.6999999992316,0.4357698855103173
684.7099999992316,0.6028397895659686
684.7199999992315,0.4407657920186484
684.7299999992315,0.6003568345249248
684.7399999992315,0.44584296114623634
684.7499999992314,0.5977538916040588
684.7599999992314,0.45099394122693115
684.7699999992313,0.5950273286850335
684.7799999992313,0.4562110614092203
684.7899999992312,0.5921734828219574
684.7999999992312,0.4614864662313582
684.8099999992312,0.589188670496249
684.8199999992311,0.4668121506127294
684.8299999992311,0.5860691997294154
684.839999999231,0.47217999477734934
684.849999999231,0.5828113844194612
684.8599999992309,0.47758179906298615
684.8699999992309,0.5794115610083671
684.8799999992309,0.4830093180062189
684.8899999992308,0.5758661079079165
684.8999999992308,0.4884542934323878
684.9099999992308,0.5721714679429115
684.9199999992308,0.49390848650789787
684.9299999992306,0.5683241741879196
684.9399999992306,0.49936370812549935
684.9499999992306,0.5643208795553533
684.9599999992305,0.5048118476315918
684.9699999992305,0.5601583905948031
684.9799999992305,0.5102448996532591
684.9899999992305,0.5558337058572341
684.9999999992303,0.5156549887590766
685.0099999992303,0.5513440594080421
685.0199999992303,0.5210343919140841
685.0299999992302,0.5466869697889697
685.0399999992302,0.5263755585645499
685.0499999992302,0.5418602951250096
685.0599999992302,0.5316711282898383
685.06999999923,0.5368622947577188
685.07999999923,0.536913945951024
685.08999999923,0.5316916978742796
685.0999999992299,0.5420970744074998
685.1099999992299,0.5263477797942593
685.1199999992299,0.5472138046853982
685.1299999992299,0.5208304460806606
685.1399999992298,0.5522576637532384
685.1499999992297,0.5151403252081637
685.1599999992297,0.5572224198267596
685.1699999992296,0.5092788697339374
685.1799999992296,0.5621020854306308
685.1899999992296,0.5032484665036486
685.1999999992296,0.5668909182207085
685.2099999992295,0.4970525556846115
685.2199999992295,0.5715834196898769
685.2299999992294,0.49069575858613446
685.2399999992293,0.5761743318322681
685.2499999992293,0.4841840138127198
685.2599999992293,0.5806586320090527
685.2699999992293,0.4775247210559816
685.2799999992292,0.5850315260325474
685.2899999992292,0.4707268913269745
685.2999999992292,0.5892884396430629
685.309999999229,0.4638013022660785
685.319999999229,0.5934250084929252
685.329999999229,0.4567606561542479
685.339999999229,0.5974370668577161
685.3499999992289,0.4496197382733268
685.3599999992289,0.6013206350560085
685.3699999992289,0.4423955719428673
685.3799999992287,0.6050719058313534
685.3899999992287,0.43510756639963544
685.3999999992287,0.6086872297674587
685.4099999992287,0.4277776523826252
685.4199999992286,0.6121630998077001
685.4299999992286,0.4204303999457745
685.4399999992286,0.6154961350874558
685.4499999992285,0.41309311178604746
685.4599999992284,0.618683064058837
685.4699999992284,0.40579588496344837
685.4799999992284,0.6217207070854096
685.4899999992283,0.3985716329683695
685.4999999992283,0.6246059585576154
685.5099999992283,0.39145605984853893
685.5199999992282,0.6273357685455817
685.5299999992282,0.3844875777380913
685.5399999992281,0.6299071241742296
685.5499999992281,0.3777071592998049
685.559999999228,0.632317030653305
685.569999999228,0.37115811714427016
685.579999999228,0.6345624920923832
685.5899999992279,0.3648858035013556
685.5999999992279,0.6366404920973396
685.6099999992279,0.3589372247349524
685.6199999992278,0.6385479742244545
685.6299999992277,0.3533605680051862
685.6399999992277,0.6402818222814031
685.6499999992277,0.34820464001468054
685.6599999992276,0.641838840569282
685.6699999992276,0.343518221447887
685.6799999992276,0.6432157340162257
685.6899999992276,0.33934934483110185
685.6999999992274,0.644409088327947
685.7099999992274,0.3357445077522386
685.7199999992274,0.6454153500990114
685.7299999992273,0.33274783827368265
685.7399999992273,0.6462308070013327
685.7499999992273,0.33040023338907754
685.7599999992273,0.6468515680593229
685.7699999992271,0.32873849551770656
685.7799999992271,0.6472735440814074
685.7899999992271,0.32779449501333147
685.799999999227,0.6474924283379232
685.809999999227,0.32759438850238515
685.819999999227,0.6475036775733585
685.829999999227,0.3281579232567472
685.8399999992268,0.6473024934821922
685.8499999992268,0.3294978565266907
685.8599999992268,0.6468838048060715
685.8699999992267,0.3316195156466648
685.8799999992267,0.6462422502441469
685.8899999992267,0.33452051995584725
685.8999999992267,0.6453721624211108
685.9099999992266,0.3381906793428565
685.9199999992265,0.6442675532157506
685.9299999992265,0.3426120767483008
685.9399999992264,0.6429221008108209
685.9499999992264,0.34775933401372283
685.9599999992264,0.641329138910099
685.9699999992264,0.35360005233880615
685.9799999992263,0.6394816486766957
685.9899999992263,0.360095410819953
685.9999999992262,0.6373722540260502
686.0099999992261,0.3672009002478286
686.0199999992261,0.634993221088875
686.0299999992261,0.3748671638503302
686.0399999992261,0.6323364627604786
686.049999999226,0.3830409134690963
686.059999999226,0.6293935494511144
686.069999999226,0.39166588803192215
686.0799999992258,0.6261557273921936
686.0899999992258,0.40068382177096845
686.0999999992258,0.6226139460370717
686.1099999992258,0.41003539125227845
686.1199999992257,0.6187588963473697
686.1299999992257,0.4196611143400254
686.1399999992257,0.6145810622188018
686.1499999992255,0.4295021782199165
686.1599999992255,0.6100707873417891
686.1699999992255,0.4395011789754319
686.1799999992255,0.6052183605145585
686.1899999992254,0.44960276056083814
686.1999999992254,0.6000141225358281
686.2099999992254,0.4597541462805147
686.2199999992253,0.5944485984120321
686.2299999992252,0.46990556065447897
686.2399999992252,0.5885126589950643
686.2499999992252,0.48001054375143415
686.2599999992251,0.582197716586987
686.2699999992251,0.49002616361822615
686.2799999992251,0.5754959595321935
686.289999999225,0.49991313496364587
686.299999999225,0.5684006310286078
686.3099999992249,0.5096358541756658
686.3199999992249,0.5609063577796004
686.3299999992248,0.5191623616713799
686.3399999992248,0.5530095339435396
686.3499999992248,0.5284642432329787
686.3599999992247,0.5447087658551796
686.3699999992247,0.5375164816204904
686.3799999992247,0.5360053820954912
686.3899999992246,0.5462972694069421
686.3999999992245,0.5269040125134069
686.4099999992245,0.5547877930368146
686.4199999992245,0.5174132379715555
686.4299999992244,0.5629719970004041
686.4399999992244,0.5075463098364716
686.4499999992244,0.5708363360756528
686.4599999992244,0.49732193447566525
686.4699999992242,0.5783695220706742
686.4799999992242,0.48676511310152815
686.4899999992242,0.5855622706980375
686.4999999992241,0.4759080208330096
686.5099999992241,0.5924070528103106
686.5199999992241,0.46479090095506814
686.5299999992241,0.5988978533997708
686.5399999992239,0.4534629407386748
686.5499999992239,0.6050299407653883
686.5599999992239,0.4419830848009756
686.5699999992238,0.6107996476283866
686.5799999992238,0.430420730024152
686.5899999992238,0.6162041651064467
686.5999999992238,0.41885623469478345
686.6099999992236,0.6212413501124132
686.6199999992236,0.407381163902682
686.6299999992236,0.6259095462505416
686.6399999992235,0.3960981855871373
686.6499999992235,0.6302074178581438
686.6599999992235,0.38512052879360753
686.6699999992235,0.6341337967605664
686.6799999992234,0.3745709197751309
686.6899999992233,0.6376875409629282
686.6999999992233,0.36457992518826404
686.7099999992232,0.6408674045237014
686.7199999992232,0.3552836568028798
686.7299999992232,0.6436719177118178
686.7399999992232,0.3468208287059574
686.7499999992231,0.6460992765800769
686.759999999223,0.3393292073941607
686.769999999223,0.6481472411457225
686.7799999992229,0.3329415522840422
686.7899999992229,0.6498130413759927
686.7999999992229,0.3277812065973711
686.8099999992229,0.6510932903579937
686.8199999992228,0.3239575570976019
686.8299999992228,0.651983904128884
686.8399999992228,0.32156162853848025
686.8499999992226,0.652480027851417
686.8599999992226,0.32066210542949736
686.8699999992226,0.6525759682136686
686.8799999992226,0.3213020728303862
686.8899999992225,0.6522651322293593
686.8999999992225,0.32349673512749366
686.9099999992225,0.6515399729089694
686.9199999992223,0.3272323078733344
686.9299999992223,0.6503919426625369
686.9399999992223,0.332466188611555
686.9499999992223,0.6488114557553899
686.9599999992222,0.33912840839455183
686.9699999992222,0.6467878616738064
686.9799999992222,0.34712426031619736
686.989999999222,0.644309431911797
686.999999999222,0.3563379077243209
687.009999999222,0.6413633635019602
687.019999999222,0.36663670574998247
687.0299999992219,0.6379358034730962
687.0399999992219,0.37787593150962756
687.0499999992219,0.634011899602293
687.0599999992218,0.3899036136822465
687.0699999992217,0.6295758840722518
687.0799999992217,0.40256517833230193
687.0899999992217,0.6246111981980522
687.0999999992216,0.4157076764819195
687.1099999992216,0.6191006680818183
687.1199999992216,0.42918342264846165
687.1299999992215,0.6130267431415433
687.1399999992215,0.4428529413050501
687.1499999992214,0.6063718115827983
687.1599999992214,0.45658718240790647
687.1699999992213,0.5991186092370495
687.1799999992213,0.47026902227174733
687.1899999992213,0.5912507408494507
687.1999999992212,0.4837941072630835
687.2099999992212,0.5827533349608284
687.2199999992212,0.4970711260253207
687.2299999992211,0.5736138559338252
687.239999999221,0.5100216106550858
687.249999999221,0.56382309768101
687.259999999221,0.522579370848549
687.2699999992209,0.5533763838900091
687.2799999992209,0.5346896606678634
687.2899999992209,0.5422749975185196
687.2999999992209,0.5463081675490656
687.3099999992207,0.5305278571905835
687.3199999992207,0.5573998999126915
687.3299999992207,0.5181534491084528
687.3399999992206,0.567938035204558
687.3499999992206,0.5051820078084888
687.3599999992206,0.5779027764050465
687.3699999992206,0.4916579169106495
687.3799999992204,0.5872802518335797
687.3899999992204,0.47764227001097964
687.3999999992204,0.5960614819452714
687.4099999992203,0.463215490555129
687.4199999992203,0.6042414277598094
687.4299999992203,0.44847985917316185
687.4399999992203,0.6118181280635415
687.4499999992202,0.4335617379531965
687.4599999992201,0.6187919270894032
687.4699999992201,0.41861321861054107
687.47999999922,0.625164790253107
687.48999999922,0.4038128638718359
687.49999999922,0.6309397030786668
687.50999999922,0.3893651702388176
687.5199999992199,0.6361201464135492
687.5299999992199,0.37549837167796324
687.5399999992198,0.6407096404378378
687.5499999992197,0.3624602464304876
687.5599999992197,0.6447113495367186
687.5699999992197,0.35051169957835776
687.5799999992197,0.6481277403784141
687.5899999992196,0.33991808132059953
687.5999999992196,0.6509602858823085
687.6099999992196,0.33093846270427896
687.6199999992194,0.6532092087052626
687.6299999992194,0.3238134021219496
687.6399999992194,0.654873258530191
687.6499999992194,0.31875205307978177
687.6599999992193,0.6559495186530312
687.6699999992193,0.3159197230317444
687.6799999992193,0.6564332384112237
687.6899999992191,0.3154271275591128
687.6999999992191,0.6563176892996937
687.7099999992191,0.31732253833014906
687.719999999219,0.6555940440632599
687.729999999219,0.3215877766244441
687.739999999219,0.6542512796628929
687.749999999219,0.32813858122640005
687.7599999992188,0.6522761069012561
687.7699999992188,0.3368293508822017
687.7799999992188,0.6496529316948934
687.7899999992187,0.3474617274710298
687.7999999992187,0.6463638556076018
687.8099999992187,0.3597960492314864
687.8199999992187,0.6423887263807105
687.8299999992186,0.37356444069467026
687.8399999992185,0.6377052530332803
687.8499999992185,0.38848424951491195
687.8599999992184,0.6322892045204063
687.8699999992184,0.40427067398457517
687.8799999992184,0.6261147164049983
687.8899999992184,0.4206476951148573
687.8999999992183,0.6191547362735851
687.9099999992183,0.43735676285486075
687.9199999992182,0.6113816457877173
687.9299999992181,0.4541630199297434
687.9399999992181,0.6027681054152803
687.9499999992181,0.4708591284316457
687.9599999992181,0.5932881762426659
687.969999999218,0.48726696585714213
687.979999999218,0.5829187816959981
687.989999999218,0.5032375748062138
687.9999999992178,0.5716415789340352
688.0099999992178,0.5186497924459667
688.0199999992178,0.5594453134912634
688.0299999992178,0.5334079723350184
688.0399999992177,0.5463287286147984
688.0499999992177,0.5474391608063481
688.0599999992177,0.5323040888163125
688.0699999992175,0.5606900228564792
688.0799999992175,0.517401350096914
688.0899999992175,0.573123740270279
688.0999999992175,0.5016729606020683
688.1099999992174,0.5847170382171581
688.1199999992174,0.4851991983965742
688.1299999992174,0.5954574395812046
688.1399999992173,0.4680938400880273
688.1499999992172,0.6053408010043837
688.1599999992172,0.45050980245127575
688.1699999992172,0.6143691512881835
688.1799999992171,0.4326442112840475
688.1899999992171,0.6225488289495925
688.1999999992171,0.41474214258032216
688.209999999217,0.6298889009770989
688.219999999217,0.39709808294144733
688.229999999217,0.6363998356980713
688.2399999992169,0.3800540215038309
688.2499999992168,0.6420923989707011
688.2599999992168,0.36399308883892767
688.2699999992168,0.6469767419095868
688.2799999992167,0.3493278787738581
688.2899999992167,0.6510616499098175
688.2999999992167,0.33648309387693914
688.3099999992166,0.6543539253517494
688.3199999992165,0.32587295626354273
688.3299999992165,0.6568578799965279
688.3399999992165,0.3178748449403738
688.3499999992164,0.6585749169923588
688.3599999992164,0.31280167106830925
688.3699999992164,0.6595031866347655
688.3799999992164,0.3108763049743362
688.3899999992162,0.6596373043800999
688.3999999992162,0.3122116299976952
688.4099999992162,0.6589681242466009
688.4199999992161,0.3167993221348541
688.4299999992161,0.6574825656665261
688.4399999992161,0.32450924647883506
688.4499999992161,0.6551634973330582
688.4599999992159,0.33509966681879355
688.4699999992159,0.6519896878946707
688.4799999992159,0.3482367046518769
688.4899999992158,0.6479358407058872
688.4999999992158,0.36352010583845923
688.5099999992158,0.6429727387727512
688.5199999992158,0.38051169225041104
688.5299999992156,0.6370675367425138
688.5399999992156,0.3987629709011694
688.5499999992156,0.6301842498884208
688.5599999992155,0.41783909651995166
688.5699999992155,0.6222845056677578
688.5799999992155,0.4373374477902138
688.5899999992155,0.6133286417830246
688.5999999992154,0.4569001782382931
688.6099999992153,0.6032772557482334
688.6199999992153,0.4762210104375466
688.6299999992152,0.5920933331981708
688.6399999992152,0.49504714485693346
688.6499999992152,0.579745104261527
688.6599999992152,0.5131774423967945
688.6699999992151,0.5662097945498036
688.679999999215,0.5304580754772226
688.689999999215,0.5514784433105426
688.6999999992149,0.5467767108146747
688.7099999992149,0.535561946014161
688.7199999992149,0.5620560730162933
688.7299999992149,0.5184984261534816
688.7399999992148,0.5762475044953587
688.7499999992148,0.5003619328953747
688.7599999992148,0.58932492338494
688.7699999992146,0.481272272571254
688.7799999992146,0.6012794077023111
688.7899999992146,0.46140549220655375
688.7999999992146,0.6121145040941337
688.8099999992145,0.44100412855434135
688.8199999992145,0.6218422712898946
688.8299999992145,0.4203858307893802
688.8399999992143,0.6304800132692514
688.8499999992143,0.39994842031808425
688.8599999992143,0.6380476271854617
688.8699999992143,0.38016899436734963
688.8799999992142,0.6445654788218983
688.8899999992142,0.3615945204343351
688.8999999992142,0.6500527175328262
688.909999999214,0.34482176304407014
688.919999999214,0.6545259485819521
688.929999999214,0.33046556846827774
688.939999999214,0.6579981906146976
688.9499999992139,0.31911657375880376
688.9599999992139,0.6604780573980875
688.9699999992139,0.31129205905474466
688.9799999992138,0.6619691150797181
688.9899999992138,0.3073862808436643
688.9999999992137,0.6624693781743275
689.0099999992137,0.3076282835845494
689.0199999992136,0.6619709195614408
689.0299999992136,0.3120550179283775
689.0399999992136,0.6604595819555885
689.0499999992135,0.3205052448944417
689.0599999992135,0.6579147912515063
689.0699999992135,0.3326356526953451
689.0799999992134,0.6543094865192436
689.0899999992133,0.3479560706855681
689.0999999992133,0.649610198060724
689.1099999992133,0.36587707747383963
689.1199999992132,0.643777324985416
689.1299999992132,0.3857616956124974
689.1399999992132,0.6367656882317855
689.1499999992132,0.40697344527823937
689.159999999213,0.6285254650078953
689.169999999213,0.42891521791933457
689.179999999213,0.6190036472416834
689.1899999992129,0.45105626276898547
689.1999999992129,0.6081462095780905
689.2099999992129,0.472947163693889
689.2199999992129,0.5959012212730831
689.2299999992127,0.49422448750331077
689.2399999992127,0.5822231861403014
689.2499999992127,0.5146076790607683
689.2599999992126,0.5670789379671467
689.2699999992126,0.5338909180814851
689.2799999992126,0.5504554398721492
689.2899999992126,0.5519323095360203
689.2999999992124,0.5323698087697174
689.3099999992124,0.5686422192508737
689.3199999992124,0.5128817728196785
689.3299999992123,0.5839719784283465
689.3399999992123,0.49210851632381514
689.3499999992123,0.5979036746375233
689.3599999992123,0.4702414114772086
689.3699999992122,0.6104413636568036
689.3799999992121,0.44756342313144276
689.3899999992121,0.6216037759112111
689.399999999212,0.42446498627472307
689.409999999212,0.6314184331066409
689.419999999212,0.40145497772794286
689.429999999212,0.6399170082813137
689.4399999992119,0.3791622843014176
689.4499999992119,0.6471317312409014
689.4599999992118,0.35832287960667697
689.4699999992117,0.6530926417357719
689.4799999992117,0.33974791920393116
689.4899999992117,0.6578255103847284
689.4999999992117,0.3242707893813621
689.5099999992116,0.6613502734709666
689.5199999992116,0.3126755200532145
689.5299999992116,0.6636798563701799
689.5399999992114,0.30561481386579864
689.5499999992114,0.6648192890733772
689.5599999992114,0.3035313518915714
689.5699999992114,0.6647650447392811
689.5799999992113,0.3065985429987855
689.5899999992113,0.6635045587707816
689.5999999992113,0.31469455414050845
689.6099999992111,0.6610159124914896
689.6199999992111,0.32741624375809975
689.6299999992111,0.6572676936609447
689.6399999992111,0.34412984555077714
689.649999999211,0.6522190778473549
689.659999999211,0.36404661258985593
689.669999999211,0.6458202124755386
689.6799999992108,0.38630724312539994
689.6899999992108,0.638013031879019
689.6999999992108,0.41005973727789663
689.7099999992108,0.6287326895818665
689.7199999992107,0.43452005530701193
689.7299999992107,0.6179098654832028
689.7399999992107,0.4590110819927185
689.7499999992106,0.6054742913644439
689.7599999992105,0.48298070784918656
689.7699999992105,0.591359934598208
689.7799999992105,0.5060031468767967
689.7899999992104,0.5755123776958532
689.7999999992104,0.5277688373646481
689.8099999992104,0.5578990071331436
689.8199999992103,0.5480679823550242
689.8299999992103,0.5385226366690158
689.8399999992102,0.5667717065320474
689.8499999992102,0.5174390674676052
689.8599999992101,0.58381352146292
689.8699999992101,0.49477872396361167
689.8799999992101,0.5991726486971297
689.88999999921,0.47077176287491085
689.89999999921,0.6128598921659089
689.90999999921,0.4457747955417288
689.91999999921,0.6249061859827585
689.9299999992098,0.4202955223522249
689.9399999992098,0.6353536196836084
689.9499999992098,0.39500929973790433
689.9599999992097,0.6442485898957919
689.9699999992097,0.37075948536925674
689.9799999992097,0.6516366837127711
689.9899999992097,0.34853242111951876
689.9999999992095,0.6575589172545611
690.0099999992095,0.3293996299553971
690.0199999992095,0.6620490012656438
690.0299999992094,0.3144255680518084
690.0399999992094,0.6651313652844263
690.0499999992094,0.30454911166435666
690.0599999992094,0.6668197321332735
690.0699999992092,0.3004584122011857
690.0799999992092,0.6671160915608018
690.0899999992092,0.3024868838024244
690.0999999992091,0.6660099747371899
690.1099999992091,0.31055759189093246
690.1199999992091,0.6634779818628337
690.1299999992091,0.3241921418591786
690.139999999209,0.65948356656457
690.149999999209,0.34258193801420633
690.1599999992089,0.6539771371659362
690.1699999992088,0.364702282413955
690.1799999992088,0.6468966014453305
690.1899999992088,0.38944063296018994
690.1999999992088,0.6381685638807704
690.2099999992087,0.4157120094443226
690.2199999992087,0.6277104881985173
690.2299999992086,0.4425440610073805
690.2399999992085,0.6154342682618836
690.2499999992085,0.46912608225548497
690.2599999992085,0.6012518076760353
690.2699999992085,0.49482560912722473
690.2799999992084,0.5850833850191983
690.2899999992084,0.5191811680309641
690.2999999992084,0.5668697523250091
690.3099999992082,0.5418807117990566
690.3199999992082,0.5465890219213304
690.3299999992082,0.5627337804606112
690.3399999992082,0.5242793344903746
690.3499999992081,0.581643003307895
690.3599999992081,0.50006789173139
690.3699999992081,0.5985782203219102
690.3799999992079,0.474205925867612
690.3899999992079,0.6135547054348169
690.3999999992079,0.4471072689140233
690.4099999992079,0.6266158013332418
690.4199999992078,0.41938516903745227
690.4299999992078,0.6378196213302588
690.4399999992078,0.3918780341576756
690.4499999992076,0.6472291831872282
690.4599999992076,0.3656508050919056
690.4699999992076,0.6549052707557972
690.4799999992076,0.34195676129380437
690.4899999992075,0.6609013686493971
690.4999999992075,0.32214780934273335
690.5099999992075,0.6652601166352438
690.5199999992074,0.30753234808955926
690.5299999992073,0.6680108457580798
690.5399999992073,0.2991982021706854
690.5499999992073,0.6691678698107859
690.5599999992072,0.2978378484589914
690.5699999992072,0.6687293070646563
690.5799999992072,0.3036235136538839
690.5899999992071,0.6666762991888759
690.5999999992071,0.31617138415984164
690.609999999207,0.6629725820419077
690.619999999207,0.3346073227896784
690.6299999992069,0.6575644538730389
690.6399999992069,0.35771322611321754
690.6499999992069,0.6503812896834054
690.6599999992068,0.3841101157692319
690.6699999992068,0.6413368769360537
690.6799999992068,0.41243091293889245
690.6899999992067,0.6303320084833081
690.6999999992066,0.44144995244637936
690.7099999992066,0.6172589741878755
690.7199999992066,0.4701570591379429
690.7299999992065,0.6020088475835492
690.7399999992065,0.49778126358163366
690.7499999992065,0.5844827577834959
690.7599999992065,0.5237783069191917
690.7699999992063,0.5646086284084361
690.7799999992063,0.5477976129565804
690.7899999992063,0.5423650513935263
690.7999999992062,0.5696414835972218
690.8099999992062,0.5178138433837638
690.8199999992062,0.5892249138151814
690.8299999992062,0.49114206113639103
690.839999999206,0.6065404767723589
690.849999999206,0.4627123324254067
690.859999999206,0.6216299093782491
690.8699999992059,0.4331167375678802
690.8799999992059,0.6345623443276993
690.8899999992059,0.4032238761494649
690.8999999992059,0.6454183124673538
690.9099999992058,0.3742018530798635
690.9199999992057,0.6542783645264292
690.9299999992057,0.3474942726432255
690.9399999992056,0.6612151860061967
690.9499999992056,0.3247268277452184
690.9599999992056,0.6662882388491573
690.9699999992056,0.3075345241480934
690.9799999992055,0.6695401650962334
690.9899999992055,0.2973262359385881
690.9999999992054,0.6709943850691336
691.0099999992053,0.2950369033846179
691.0199999992053,0.6706534992954273
691.0299999992053,0.3009402154565317
691.0399999992053,0.6684982591898241
691.0499999992052,0.31458687765911186
691.0599999992052,0.6644870150589154
691.0699999992052,0.33489210266894304
691.079999999205,0.6585556948071262
691.089999999205,0.36034097252690206
691.099999999205,0.6506185297098648
691.109999999205,0.38924254607591396
691.1199999992049,0.6405699440685874
691.1299999992049,0.419960717326732
691.1399999992049,0.6282882843004534
691.1499999992047,0.4510756393547075
691.1599999992047,0.6136423979534358
691.1699999992047,0.48146376509262645
691.1799999992047,0.5965024913234198
691.1899999992046,0.5103099266057051
691.1999999992046,0.5767571701907197
691.2099999992046,0.5370754869924791
691.2199999992044,0.5543390085748843
691.2299999992044,0.5614456493034722
691.2399999992044,0.5292611693153408
691.2499999992044,0.5832725875663969
691.2599999992043,0.501667079679996
691.2699999992043,0.6025239396109078
691.2799999992043,0.471893218044851
691.2899999992042,0.619240679965261
691.2999999992041,0.4405407286022851
691.3099999992041,0.633504959090462
691.3199999992041,0.4085440261870864
691.329999999204,0.6454167662144363
691.339999999204,0.3772141099652741
691.349999999204,0.6550776510233136
691.3599999992039,0.3482241373394563
691.3699999992039,0.6625797221788077
691.3799999992038,0.32350234294597513
691.3899999992038,0.6679983925216973
691.3999999992037,0.3050128704115245
691.4099999992037,0.6713876736150013
691.4199999992037,0.2944442831277215
691.4299999992036,0.6727771464413334
691.4399999992036,0.29287823879181757
691.4499999992036,0.6721700192510457
691.4599999992035,0.3005467574217232
691.4699999992034,0.669541928502094
691.4799999992034,0.3167723749787922
691.4899999992034,0.6648403604332999
691.4999999992033,0.34011692728360066
691.5099999992033,0.6579847935957571
691.5199999992033,0.3686797618980089
691.5299999992033,0.6488679163673193
691.5399999992031,0.4004369612358017
691.5499999992031,0.6373585919338381
691.5599999992031,0.4335223035321474
691.569999999203,0.6233076614904528
691.579999999203,0.4663987621515049
691.589999999203,0.6065582229395634
691.599999999203,0.49792016511812187
691.6099999992028,0.5869626975033959
691.6199999992028,0.5273127765556863
691.6299999992028,0.5644097270252977
691.6399999992027,0.5541134483492346
691.6499999992027,0.5388644990380975
691.6599999992027,0.5780937676478214
691.6699999992027,0.5104259510778226
691.6799999992026,0.5991882275448688
691.6899999992025,0.47940248572919314
691.6999999992025,0.6174346744581114
691.7099999992024,0.4464028573179113
691.7199999992024,0.6329289464063165
691.7299999992024,0.4124291721014175
691.7399999992024,0.6457923475833616
691.7499999992023,0.3789441407420175
691.7599999992023,0.656149383761881
691.7699999992022,0.34786850654740137
691.7799999992021,0.6641130767954851
691.7899999992021,0.3214576578085848
691.7999999992021,0.6697755596966575
691.8099999992021,0.3020255052922639
691.819999999202,0.6732021773825815
691.829999999202,0.2915400616766165
691.839999999202,0.674427822885051
691.8499999992018,0.29119425847417096
691.8599999992018,0.6734546728015907
691.8699999992018,0.30110814917576767
691.8799999992018,0.6702508514819872
691.8899999992017,0.3202909179805921
691.8999999992017,0.6647498803665254
691.9099999992017,0.3468813725321747
691.9199999992015,0.6568510988122287
691.9299999992015,0.37856256097073
691.9399999992015,0.6464216256064963
691.9499999992015,0.41299115295527733
691.9599999992014,0.6333009223291193
691.9699999992014,0.4481164283517186
691.9799999992014,0.617309677162778
691.9899999992012,0.4823426826021172
691.9999999992012,0.5982655896653144
692.0099999992012,0.5145559897669297
692.0199999992012,0.5760096780389267
692.0299999992011,0.5440659266905007
692.0399999992011,0.5504477622982273
692.0499999992011,0.5705111751457518
692.059999999201,0.5216122665722338
692.069999999201,0.5937622438989427
692.0799999992009,0.4897482908203354
692.0899999992009,0.613838156208899
692.0999999992008,0.4554230434940407
692.1099999992008,0.6308424035525109
692.1199999992008,0.419646584067049
692.1299999992007,0.6449171999472397
692.1399999992007,0.3839726690615997
692.1499999992006,0.6562125552543265
692.1599999992006,0.350524366574512
692.1699999992005,0.6648662616410226
692.1799999992005,0.32187335122626426
692.1899999992005,0.6709913926879325
692.1999999992004,0.3007193345257133
692.2099999992004,0.6746686981262778
692.2199999992004,0.28938882688016315
692.2299999992003,0.6759420414188034
692.2399999992002,0.28928591488974187
692.2499999992002,0.6748156762216684
692.2599999992002,0.30050994778225637
692.2699999992001,0.671252692944756
692.2799999992001,0.32181931328952884
692.2899999992001,0.6651744350283253
692.2999999992,0.3509610218686467
692.3099999991999,0.656461153199367
692.3199999991999,0.3852110268409473
692.3299999991999,0.6449547139233681
692.3399999991998,0.4219042419209655
692.3499999991998,0.6304648938548333
692.3599999991998,0.4587973573177625
692.3699999991998,0.6127817623733565
692.3799999991996,0.4942238833880569
692.3899999991996,0.5916979328946287
692.3999999991996,0.5270865299615799
692.4099999991995,0.5670459791270993
692.4199999991995,0.5567600668535834
692.4299999991995,0.5387576833316332
692.4399999991995,0.5829659554910414
692.4499999991993,0.5069519724516443
692.4599999991993,0.6056552486143701
692.4699999991993,0.47205525509573654
692.4799999991992,0.6249149579788202
692.4899999991992,0.43494788138453544
692.4999999991992,0.6409000881144941
692.5099999991992,0.3971096922347832
692.5199999991991,0.6537875715041136
692.529999999199,0.36070582466943735
692.539999999199,0.6637466631835314
692.5499999991989,0.3285226473552122
692.5599999991989,0.670920720557904
692.5699999991989,0.30366371928341285
692.5799999991989,0.675416370117037
692.5899999991988,0.28898697101935666
692.5999999991988,0.6772972073596072
692.6099999991987,0.28641184528598373
692.6199999991986,0.676580159427246
692.6299999991986,0.2963675981233013
692.6399999991986,0.673233434777308
692.6499999991986,0.31765360248360147
692.6599999991985,0.6671756518244679
692.6699999991985,0.34778806248231825
692.6799999991985,0.6582763770904418
692.6899999991983,0.38366591071037764
692.6999999991983,0.6463590304067731
692.7099999991983,0.42222795224053594
692.7199999991983,0.6312080618121912
692.7299999991982,0.46091935909784226
692.7399999991982,0.6125836061689309
692.7499999991982,0.497878277696943
692.759999999198,0.5902485659738272
692.769999999198,0.5319165040937368
692.779999999198,0.5640151729477415
692.789999999198,0.5623913496056387
692.7999999991979,0.53381997010181
692.8099999991979,0.5890486177094088
692.8199999991979,0.499836253980181
692.8299999991978,0.6118814181609467
692.8399999991977,0.46262796980449367
692.8499999991977,0.6310212383240873
692.8599999991977,0.42333343058032646
692.8699999991976,0.6466616465959825
692.8799999991976,0.38383551274828753
692.8899999991976,0.6590084469208972
692.8999999991975,0.3468290938777404
692.9099999991975,0.6682488555969854
692.9199999991974,0.31565971181040564
692.9299999991974,0.674533287723853
692.9399999991973,0.2938322582980595
692.9499999991973,0.6779649684725688
692.9599999991973,0.28422662883498034
692.9699999991972,0.678594121283769
692.9799999991972,0.2882766369756401
692.9899999991972,0.676414735171421
692.9999999991971,0.30550216384197976
693.009999999197,0.671362909863748
693.019999999197,0.333655775294452
693.029999999197,0.663316644214618
693.0399999991969,0.36940282939750335
693.0499999991969,0.652097831319378
693.0599999991969,0.4091787128091766
693.0699999991969,0.6374783374775115
693.0799999991967,0.44986459708974447
693.0899999991967,0.6191935709913072
693.0999999991967,0.4891232354041231
693.1099999991966,0.5969690641797611
693.1199999991966,0.5254357389755753
693.1299999991966,0.5705683068965105
693.1399999991966,0.5579662873500463
693.1499999991964,0.5398728786301679
693.1599999991964,0.5863707437287959
693.1699999991964,0.5050070984142582
693.1799999991963,0.610618086273183
693.1899999991963,0.46651489333360324
693.1999999991963,0.6308516414541795
693.2099999991963,0.42557915124429796
693.2199999991961,0.6472925213789039
693.2299999991961,0.3842349983957151
693.2399999991961,0.6601774575464202
693.249999999196,0.3454681838793525
693.259999999196,0.6697211454568597
693.269999999196,0.31303677027749743
693.279999999196,0.6760945665467846
693.2899999991959,0.2908809171210237
693.2999999991958,0.6794130029959236
693.3099999991958,0.28216757430896605
693.3199999991957,0.6797295594889193
693.3299999991957,0.2883106327241842
693.3399999991957,0.6770316815703105
693.3499999991957,0.3084717555248568
693.3599999991956,0.6712394750968635
693.3699999991956,0.33984220181008146
693.3799999991955,0.6622057731811226
693.3899999991954,0.3785378012731057
693.3999999991954,0.6497191027161074
693.4099999991954,0.4206187723843956
693.4199999991954,0.6335122402587426
693.4299999991953,0.4628114053810015
693.4399999991953,0.6132812019388612
693.4499999991953,0.5027983114538521
693.4599999991951,0.5887225094424416
693.4699999991951,0.5391776684681888
693.4799999991951,0.5596003216198422
693.4899999991951,0.5712614548820355
693.499999999195,0.5258584713685823
693.509999999195,0.5988432455494868
693.519999999195,0.48779234313710135
693.5299999991948,0.6220013891068503
693.5399999991948,0.446284673752457
693.5499999991948,0.6409561235476148
693.5599999991948,0.4030761914553411
693.5699999991947,0.655975695078876
693.5799999991947,0.3609769363644595
693.5899999991947,0.667319065827079
693.5999999991946,0.32384096001230966
693.6099999991945,0.6752030023837269
693.6199999991945,0.29609543905978813
693.6299999991945,0.6797841095548358
693.6399999991944,0.2817533694886857
693.6499999991944,0.6811493710731645
693.6599999991944,0.28318613858465536
693.6699999991943,0.6793112238799806
693.6799999991943,0.3002631089340292
693.6899999991942,0.6742050802920739
693.6999999991942,0.3303873523375161
693.7099999991941,0.665688747809729
693.7199999991941,0.36940823595261774
693.7299999991941,0.6535446959102953
693.739999999194,0.41285920751059074
693.749999999194,0.6374879462765571
693.759999999194,0.4569210721810956
693.7699999991939,0.6171849140895791
693.7799999991938,0.4988570087673163
693.7899999991938,0.5922921612696271
693.7999999991938,0.53700785383211
693.8099999991937,0.5625287671442334
693.8199999991937,0.5705626962696816
693.8299999991937,0.527800793611806
693.8399999991937,0.5992803774015732
693.8499999991935,0.48839726060972366
693.8599999991935,0.6232520113855994
693.8699999991935,0.4452650137027358
693.8799999991934,0.6427301824216544
693.8899999991934,0.4003293189782831
693.8999999991934,0.6580186270040187
693.9099999991934,0.3567440481746344
693.9199999991932,0.6694064135488269
693.9299999991932,0.3188475743542072
693.9399999991932,0.6771311571508914
693.9499999991931,0.2915638485775094
693.9599999991931,0.681359577286603
693.9699999991931,0.27918422648062935
693.9799999991931,0.6821776167502734
693.989999999193,0.28392947105594957
693.9999999991929,0.6795854671479126
694.0099999991929,0.3050779726967264
694.0199999991928,0.6734952032427775
694.0299999991928,0.3392388838968667
694.0399999991928,0.6637306588791344
694.0499999991928,0.3815877025016874
694.0599999991927,0.6500311318201915
694.0699999991926,0.4272992705469651
694.0799999991926,0.6320629932622088
694.0899999991925,0.47251133583476934
694.0999999991925,0.6094468465747587
694.1099999991925,0.5146445564783901
694.1199999991925,0.5818129634536485
694.1299999991924,0.5522719027268002
694.1399999991924,0.5489040928760842
694.1499999991923,0.5848054175542647
694.1599999991922,0.5107500505564329
694.1699999991922,0.612179851635281
694.1799999991922,0.4679354502492643
694.1899999991922,0.6346073847771333
694.1999999991921,0.4219547278354583
694.2099999991921,0.6524130559693607
694.219999999192,0.375574528320668
694.2299999991919,0.6659346390403669
694.2399999991919,0.33299544766410033
694.2499999991919,0.6754662220379463
694.2599999991919,0.29948954295047525
694.2699999991918,0.6812284456810564
694.2799999991918,0.2802739527138214
694.2899999991918,0.6833536317639716
694.2999999991916,0.27883890269277195
694.3099999991916,0.6818785422557018
694.3199999991916,0.29556412515445996
694.3299999991916,0.6767408817336861
694.3399999991915,0.3275421022975967
694.3499999991915,0.6677782443009308
694.3599999991915,0.36974103713099626
694.3699999991914,0.6547305862871289
694.3799999991913,0.41671310989963767
694.3899999991913,0.6372501403752112
694.3999999991913,0.4639081247678589
694.4099999991912,0.6149267030547279
694.4199999991912,0.5082102909302473
694.4299999991912,0.5873420994521134
694.4399999991911,0.5478636217532195
694.449999999191,0.5541754204826315
694.459999999191,0.5821224795959186
694.469999999191,0.5153881635396113
694.4799999991909,0.6108740995160488
694.4899999991909,0.4715177466535442
694.4999999991909,0.6343412728286528
694.5099999991908,0.42408021769086346
694.5199999991908,0.6528833003981888
694.5299999991907,0.37599864817150136
694.5399999991907,0.6668762800805125
694.5499999991906,0.33181770287937756
694.5599999991906,0.6766468520360873
694.5699999991906,0.2973125501337163
694.5799999991905,0.6824380826322684
694.5899999991905,0.2781894164073152
694.5999999991905,0.68439292941668
694.6099999991903,0.2781422006178901
694.6199999991903,0.6825464590386771
694.6299999991903,0.29729675481685797
694.6399999991903,0.6768222082504138
694.6499999991902,0.3321370687191404
694.6599999991902,0.6670312832272745
694.6699999991902,0.3769753809696875
694.67999999919,0.652875763988466
694.68999999919,0.42592451301689116
694.69999999919,0.6339616060306116
694.70999999919,0.47428350934055435
694.7199999991899,0.6098314798485887
694.7299999991899,0.5189970128664882
694.7399999991899,0.5800357118449508
694.7499999991898,0.5584654654364755
694.7599999991897,0.5442695118048876
694.7699999991897,0.5921110884815224
694.7799999991897,0.502613186705343
694.7899999991896,0.6199588353251065
694.7999999991896,0.4559061574729234
694.8099999991896,0.6423273266961845
694.8199999991895,0.406236604529057
694.8299999991895,0.6596324894144
694.8399999991894,0.3573972084333268
694.8499999991894,0.6722750433305121
694.8599999991893,0.3149460888915319
694.8699999991893,0.6805812342048998
694.8799999991893,0.2853836429654342
694.8899999991892,0.6847738710669339
694.8999999991892,0.2742693021659112
694.9099999991892,0.6849589676249367
694.9199999991891,0.2839975208684543
694.929999999189,0.681119653405665
694.939999999189,0.31267840702838245
694.949999999189,0.6731136070779001
694.9599999991889,0.3549973708331704
694.9699999991889,0.6606739553873832
694.9799999991889,0.40438538898787085
694.9899999991889,0.643417472523417
694.9999999991887,0.4550339563786005
695.0099999991887,0.6208692250054682
695.0199999991887,0.502878585040438
695.0299999991886,0.5925207930146944
695.0399999991886,0.5456268041087058
695.0499999991886,0.557950514030256
695.0599999991886,0.5823184829516077
695.0699999991884,0.517046624224313
695.0799999991884,0.6128162329163096
695.0899999991884,0.47037702058565767
695.0999999991883,0.6374044494970109
695.1099999991883,0.41971417164665964
695.1199999991883,0.6565274316797401
695.1299999991883,0.3686014073040552
695.1399999991881,0.6706377130921906
695.1499999991881,0.322609238875913
695.1599999991881,0.6801160829250381
695.169999999188,0.28870561217160684
695.179999999188,0.6852327895400259
695.189999999188,0.2733604558952968
695.199999999188,0.6861300097390809
695.2099999991879,0.27996306053499265
695.2199999991878,0.6828141368467998
695.2299999991878,0.30719383975110065
695.2399999991877,0.6751524599671255
695.2499999991877,0.34965173883560446
695.2599999991877,0.6628734198828372
695.2699999991877,0.40022642629397054
695.2799999991876,0.6455742249700278
695.2899999991876,0.4524872937329441
695.2999999991875,0.6227457416374064
695.3099999991874,0.5019127419768059
695.3199999991874,0.5938338723417266
695.3299999991874,0.5459698134045513
695.3399999991874,0.5583701245887722
695.3499999991873,0.5836195368664249
695.3599999991873,0.5162194520072959
695.3699999991873,0.6147338248615513
695.3799999991871,0.46799800491751836
695.3899999991871,0.6396406021568024
695.3999999991871,0.4156718015210131
695.4099999991871,0.6588317249490405
695.419999999187,0.36319720477780826
695.429999999187,0.6727975274825715
695.439999999187,0.3167714024755611
695.4499999991868,0.6819419052948159
695.4599999991868,0.2840015342646987
695.4699999991868,0.686542458272833
695.4799999991868,0.27160832405954227
695.4899999991867,0.6867331436797771
695.4999999991867,0.2825194313579875
695.5099999991867,0.6824968847187424
695.5199999991866,0.31437265846543627
695.5299999991865,0.6736625789083438
695.5399999991865,0.3606975258459441
695.5499999991865,0.6599064074035508
695.5599999991864,0.413776274527589
695.5699999991864,0.6407630784420333
695.5799999991864,0.46711665646029854
695.5899999991863,0.6156606539260695
695.5999999991863,0.5164700094247129
695.6099999991862,0.5840049520789351
695.6199999991862,0.5596680374172203
695.6299999991861,0.5453569840020412
695.6399999991861,0.5959858479363621
695.6499999991861,0.4997643670312817
695.659999999186,0.6255134288849352
695.669999999186,0.448302856283702
695.679999999186,0.6487065094459363
695.6899999991859,0.39380115636169916
695.6999999991858,0.6661161120621428
695.7099999991858,0.3414800901999467
695.7199999991858,0.6782439082385517
695.7299999991857,0.2988521707494905
695.7399999991857,0.6854722211917773
695.7499999991857,0.27408860289880127
695.7599999991857,0.6880331663502718
695.7699999991855,0.27290211754498567
695.7799999991855,0.6859959078927615
695.7899999991855,0.29570908922827316
695.7999999991854,0.6792613416673291
695.8099999991854,0.3373818944475404
695.8199999991854,0.6675608144807189
695.8299999991854,0.3898232644420039
695.8399999991852,0.6504618938783779
695.8499999991852,0.44521501953964954
695.8599999991852,0.6273921242449827
695.8699999991851,0.49793130639179994
695.8799999991851,0.5977037668465008
695.8899999991851,0.5448223470198756
695.8999999991851,0.5608208467115526
695.909999999185,0.584620837369663
695.9199999991849,0.5165324930411638
695.9299999991849,0.6171895877238295
695.9399999991848,0.46550714205715893
695.9499999991848,0.6429370662321492
695.9599999991848,0.4100496695839582
695.9699999991848,0.6624518792317977
695.9799999991847,0.35491189262368444
695.9899999991846,0.6763035715168254
695.9999999991846,0.3075422780442332
696.0099999991845,0.6849453443332219
696.0199999991845,0.27681558096680253
696.0299999991845,0.6886711705427291
696.0399999991845,0.2698691173305141
696.0499999991844,0.6875984469437925
696.0599999991844,0.28857767888617325
696.0699999991843,0.6816610311168798
696.0799999991842,0.3284844077007173
696.0899999991842,0.670606900434187
696.0999999991842,0.381186093469155
696.1099999991842,0.6540022812448967
696.1199999991841,0.43805062471590456
696.1299999991841,0.6312528826024167
696.139999999184,0.4926720985030761
696.1499999991839,0.6016660687199622
696.1599999991839,0.5413991603484694
696.1699999991839,0.5645983493116097
696.1799999991839,0.5827319179149741
696.1899999991838,0.5197594460540081
696.1999999991838,0.616471308945977
696.2099999991838,0.46776072149361153
696.2199999991836,0.643045695531663
696.2299999991836,0.4109450693701989
696.2399999991836,0.6630903918281527
696.2499999991836,0.3543027104776561
696.2599999991835,0.6772210217140169
696.2699999991835,0.30578476180455466
696.2799999991835,0.6859247667537413
696.2899999991834,0.27490280027061226
696.2999999991833,0.6895136020221279
696.3099999991833,0.2691763455397438
696.3199999991833,0.6881059909616004
696.3299999991832,0.2902424503679009
696.3399999991832,0.6816197588255023
696.3499999991832,0.33287905681253493
696.3599999991831,0.6697698714488782
696.369999999183,0.3878901524171768
696.379999999183,0.6520738100554802
696.389999999183,0.44621883291034165
696.3999999991829,0.627877837794361
696.4099999991829,0.5014282469312352
696.4199999991829,0.596433720700835
696.4299999991828,0.5500479652960432
696.4399999991828,0.5570808439600312
696.4499999991828,0.5908008655441586
696.4599999991827,0.5096206717197274
696.4699999991826,0.6236679074487658
696.4799999991826,0.45498389494230385
696.4899999991826,0.6491940791800381
696.4999999991825,0.39620446624465694
696.5099999991825,0.6680753155982881
696.5199999991825,0.3393808250409401
696.5299999991825,0.6809455392201927
696.5399999991823,0.2936816472166422
696.5499999991823,0.6882792637620825
696.5599999991823,0.2691335284529696
696.5699999991822,0.6903519458372424
696.5799999991822,0.27224083488212275
696.5899999991822,0.6872251939103204
696.5999999991822,0.30229193165862733
696.609999999182,0.6787410906077287
696.619999999182,0.3517613928899786
696.629999999182,0.6645216695686823
696.6399999991819,0.41042025719040837
696.6499999991819,0.6439802182629568
696.6599999991819,0.469495568875477
696.6699999991819,0.6163652143470936
696.6799999991817,0.5234504393720855
696.6899999991817,0.5808803041131912
696.6999999991817,0.5697086555133953
696.7099999991816,0.5369576549487942
696.7199999991816,0.6076243371330051
696.7299999991816,0.4847971327757657
696.7399999991816,0.6375366587224123
696.7499999991815,0.42626745058612064
696.7599999991814,0.6601504521426973
696.7699999991814,0.3660602448319176
696.7799999991813,0.6761982362336608
696.7899999991813,0.3124217061007003
696.7999999991813,0.6862789867775276
696.8099999991813,0.2760718445485537
696.8199999991812,0.6907902207778474
696.8299999991812,0.26631219585118737
696.8399999991811,0.68990259627446
696.849999999181,0.28604060154910443
696.859999999181,0.6835507345442517
696.869999999181,0.3299246621209918
696.879999999181,0.6714301028616587
696.8899999991809,0.38760177593962897
696.8999999991809,0.6530021460379979
696.9099999991809,0.4487541340946136
696.9199999991807,0.6275238896790745
696.9299999991807,0.506187298527929
696.9399999991807,0.594139920942038
696.9499999991807,0.5561934663985408
696.9599999991806,0.5521092489937153
696.9699999991806,0.5975533612633425
696.9799999991806,0.5012835082378874
696.9899999991804,0.6304033471250212
696.9999999991804,0.44296713513667185
697.0099999991804,0.6554367080690029
697.0199999991804,0.38114760886240456
697.0299999991803,0.6734526310230158
697.0399999991803,0.32356553130412263
697.0499999991803,0.6851369184935467
697.0599999991801,0.28122758636785106
697.0699999991801,0.690968526667449
697.0799999991801,0.26486849274830343
697.0899999991801,0.6911846597624506
697.09999999918,0.27936528995084947
697.10999999918,0.6857686711539259
697.11999999918,0.320629732335372
697.1299999991799,0.6744456799988142
697.1399999991798,0.3781845065321888
697.1499999991798,0.6566855662846617
697.1599999991798,0.44076061659352805
697.1699999991797,0.6317283569041946
697.1799999991797,0.5001859853959862
697.1899999991797,0.5986700574993369
697.1999999991796,0.5521332032403087
697.2099999991796,0.5566845460543927
697.2199999991795,0.5951109674629563
697.2299999991795,0.5055079274106178
697.2399999991794,0.6291930263962319
697.2499999991794,0.4463376299982653
697.2599999991794,0.6551024644090211
697.2699999991793,0.3831629397872438
697.2799999991793,0.6736940153709114
697.2899999991793,0.32398903278944435
697.2999999991792,0.6857044118956784
697.3099999991791,0.2804229508070585
697.3199999991791,0.6916475842516046
697.3299999991791,0.2638859102474907
697.339999999179,0.6917764663277892
697.349999999179,0.27948721569154966
697.359999999179,0.6860702049467504
697.369999999179,0.32265945322053796
697.3799999991788,0.6742296187316954
697.3899999991788,0.3821287406553591
697.3999999991788,0.6556807654227035
697.4099999991787,0.44606735800927955
697.4199999991787,0.6296042823084952
697.4299999991787,0.506152167312061
697.4399999991787,0.5950352988439448
697.4499999991785,0.5581621251524915
697.4599999991785,0.5511232285692507
697.4699999991785,0.6007843405727635
697.4799999991784,0.49769966404129684
697.4899999991784,0.6342440331994008
697.4999999991784,0.43632394181094
697.5099999991784,0.6593615293434222
697.5199999991783,0.3717809574084881
697.5299999991782,0.6770388183084133
697.5399999991782,0.3132855973205155
697.5499999991781,0.6880212822415389
697.5599999991781,0.2735050202674213
697.5699999991781,0.6928021263234417
697.5799999991781,0.263698975758263
697.589999999178,0.6915893739243886
697.599999999178,0.28710518603150115
697.609999999178,0.684295108305768
697.6199999991778,0.33668898514912027
697.6299999991778,0.6705320240890811
697.6399999991778,0.39976488429823887
697.6499999991778,0.6496212924259703
697.6599999991777,0.4645759710672064
697.6699999991777,0.6206377843197636
697.6799999991777,0.5236458094106147
697.6899999991775,0.5825541776489871
697.6999999991775,0.573633171918414
697.7099999991775,0.5346026090196321
697.7199999991775,0.6138298764101889
697.7299999991774,0.4770383065599476
697.7399999991774,0.6447839351945388
697.7499999991774,0.4124691527228227
697.7599999991772,0.6674431821261801
697.7699999991772,0.34753537166699017
697.7799999991772,0.68272201457107
697.7899999991772,0.2936579662691381
697.7999999991771,0.6913139915931088
697.8099999991771,0.26446265097358923
697.8199999991771,0.6936225087847445
697.829999999177,0.2691140030848243
697.8399999991769,0.6897386692431192
697.8499999991769,0.30623972114276105
697.8599999991769,0.679433931825036
697.8699999991768,0.3648701073413784
697.8799999991768,0.6621599027940392
697.8899999991768,0.43133486479302635
697.8999999991767,0.6370693983754208
697.9099999991766,0.49521005013416897
697.9199999991766,0.6031033746508272
697.9299999991766,0.5509271822307841
697.9399999991765,0.5592396474020281
697.9499999991765,0.5965983380681263
697.9599999991765,0.5050745461335828
697.9699999991764,0.6323307051894892
697.9799999991764,0.44195906662142753
697.9899999991763,0.6590177677143854
697.9999999991763,0.37473232710262766
698.0099999991762,0.6776805152533153
698.0199999991762,0.31327209204682716
698.0299999991762,0.6891669141742978
698.0399999991761,0.2716020213803346
698.0499999991761,0.6940350849777586
698.0599999991761,0.262293776058986
698.069999999176,0.6925150041042524
698.0799999991759,0.2886350321309659
698.0899999991759,0.6844968472893952
698.0999999991759,0.3422027527878215
698.1099999991758,0.6695274164039866
698.1199999991758,0.40869037894821486
698.1299999991758,0.6468206861035767
698.1399999991758,0.47552229108742705
698.1499999991756,0.6153177913125188
698.1599999991756,0.5352198603441414
698.1699999991756,0.5738802185503356
698.1799999991755,0.5847998441261683
698.1899999991755,0.5217778028607375
698.1999999991755,0.6239281671288103
698.2099999991755,0.45971348959280967
698.2199999991753,0.6534145506513643
698.2299999991753,0.39154574053394464
698.2399999991753,0.6743465891252254
698.2499999991752,0.32620099886584936
698.2599999991752,0.6876824975594661
698.2699999991752,0.27770193796712345
698.2799999991752,0.6940890257005073
698.289999999175,0.2603884802728567
698.299999999175,0.693887496552549
698.309999999175,0.280350369646465
698.3199999991749,0.6870380620145379
698.3299999991749,0.330911850201285
698.3399999991749,0.6731345046287952
698.3499999991749,0.3974878351933572
698.3599999991748,0.651410702459258
698.3699999991748,0.46614895351201086
698.3799999991747,0.6207907196072167
698.3899999991746,0.5281926825260136
698.3999999991746,0.5800641741406363
698.4099999991746,0.5799585835120237
698.4199999991746,0.5283512766434332
698.4299999991745,0.6208674781912259
698.4399999991745,0.46611866745444147
698.4499999991745,0.6517060167990159
698.4599999991743,0.39696111968205045
698.4699999991743,0.6736199061443824
698.4799999991743,0.3297203135950623
698.4899999991743,0.6876384892603029
698.4999999991742,0.2788280477532998
698.5099999991742,0.6944861795752284
698.5199999991742,0.2595675445465468
698.529999999174,0.694520407529265
698.539999999174,0.2788745723342526
698.549999999174,0.6877141003735303
698.559999999174,0.3300842074479709
698.5699999991739,0.6736499905890156
698.5799999991739,0.3979227625837173
698.5899999991739,0.6515269029737485
698.5999999991737,0.467772592043278
698.6099999991737,0.6202126755164784
698.6199999991737,0.5306077121728028
698.6299999991737,0.5784340751070903
698.6399999991736,0.5827366126912161
698.6499999991736,0.525287588288594
698.6599999991736,0.6236658149752067
698.6699999991735,0.461363449099836
698.6799999991734,0.6542768059858834
698.6899999991734,0.39071069772053635
698.6999999991734,0.6757807585921976
698.7099999991733,0.3230943361906484
698.7199999991733,0.6892374985846671
698.7299999991733,0.27404773828988677
698.7399999991732,0.6953707924190199
698.7499999991732,0.259141085825393
698.7599999991731,0.6945101876337618
698.7699999991731,0.2839853203435856
698.779999999173,0.6865751811343087
698.789999999173,0.33981331567090894
698.799999999173,0.6710702036240261
698.8099999991729,0.41012506084072625
698.8199999991729,0.6470950179004803
698.8299999991729,0.4803974367219604
698.8399999991728,0.6134158915644534
698.8499999991727,0.542320388350543
698.8599999991727,0.5687111946231959
698.8699999991727,0.59288063499947
698.8799999991726,0.5122174166651822
698.8899999991726,0.632007391675553
698.8999999991726,0.4451127417735318
698.9099999991726,0.660779814728102
698.9199999991724,0.3728054259961775
698.9299999991724,0.6804643902336431
698.9399999991724,0.30715013786937706
698.9499999991723,0.6920963239796638
698.9599999991723,0.265282460405933
698.9699999991723,0.6963289118256171
698.9799999991723,0.26170041163240176
698.9899999991721,0.6933897823992291
698.9999999991721,0.2979300630106852
699.0099999991721,0.6830691246966365
699.019999999172,0.36124363037353124
699.029999999172,0.664716993370978
699.039999999172,0.4340979368234661
699.049999999172,0.6372662946257086
699.0599999991719,0.5032768317169354
699.0699999991718,0.5993502572082099
699.0799999991718,0.5622434496564209
699.0899999991717,0.5496744506896395
699.0999999991717,0.6092247550110926
699.1099999991717,0.4879416809944758
699.1199999991717,0.6447701642446414
699.1299999991716,0.4167013735971392
699.1399999991716,0.6701713720212449
699.1499999991715,0.34402136215269724
699.1599999991714,0.6866931922432887
699.1699999991714,0.2850139174292254
699.1799999991714,0.6952672391683128
699.1899999991714,0.2578454038663666
699.1999999991713,0.69639269807986
699.2099999991713,0.27289682335051485
699.2199999991713,0.6901104580012336
699.2299999991711,0.3244965757551147
699.2399999991711,0.6759954823360672
699.2499999991711,0.39553633952458256
699.2599999991711,0.6531612012989559
699.269999999171,0.4690267348512731
699.279999999171,0.6203165623991743
699.289999999171,0.5346173333589488
699.2999999991708,0.5759911620562768
699.3099999991708,0.5883104795956842
699.3199999991708,0.5191732096772621
699.3299999991708,0.6297749271814614
699.3399999991707,0.4507569208863746
699.3499999991707,0.6601437055341877
699.3599999991707,0.37607729184287336
699.3699999991705,0.6808178844381274
699.3799999991705,0.30758367614562443
699.3899999991705,0.6929516839127835
699.3999999991705,0.2638827669659816
699.4099999991704,0.6972716650597874
699.4199999991704,0.26090007713591606
699.4299999991704,0.6940265875118997
699.4399999991703,0.29999947279260686
699.4499999991702,0.6829748210197203
699.4599999991702,0.3667768699910511
699.4699999991702,0.6633816556603931
699.4799999991701,0.4421637726371407
699.4899999991701,0.6340481696273946
699.4999999991701,0.5124709266923739
699.50999999917,0.5934598739726874
699.51999999917,0.5714039102215003
699.52999999917,0.5402616687519023
699.5399999991699,0.6175988132425607
699.5499999991698,0.47444011339148906
699.5599999991698,0.6519179891154138
699.5699999991698,0.39964251315074684
699.5799999991697,0.6758235162365216
699.5899999991697,0.32626557921686106
699.5999999991697,0.6906352551819687
699.6099999991696,0.2722953987652667
699.6199999991695,0.6972566604286907
699.6299999991695,0.25657551429915193
699.6399999991695,0.6960946195850873
699.6499999991694,0.2856718415138576
699.6599999991694,0.6870404284597625
699.6699999991694,0.3481983051104018
699.6799999991694,0.6694640774379081
699.6899999991692,0.4242277550086723
699.6999999991692,0.642230339241038
699.7099999991692,0.49761999996540895
699.7199999991691,0.6038101417877013
699.7299999991691,0.5601900162293383
699.7399999991691,0.5526742530960064
699.7499999991691,0.609677344199457
699.7599999991689,0.48834038541425795
699.7699999991689,0.6466910996838359
699.7799999991689,0.4135716619100356
699.7899999991688,0.672723649748395
699.7999999991688,0.33764817474219694
699.8099999991688,0.6892118259700948
699.8199999991688,0.2781339888305174
699.8299999991686,0.6971814091344379
699.8399999991686,0.2553954969837864
699.8499999991686,0.6971407159362238
699.8599999991685,0.27897047918188794
699.8699999991685,0.6890557968336306
699.8799999991685,0.3392931035160305
699.8899999991685,0.6723432463016173
699.8999999991684,0.4159100547568293
699.9099999991683,0.6458813887675298
699.9199999991683,0.4911703354222856
699.9299999991682,0.6081087699235364
699.9399999991682,0.5557645912901625
699.9499999991682,0.5573956809366386
699.9599999991682,0.6069457710772993
699.9699999991681,0.4930709943386676
699.9799999991681,0.6452217992621914
699.989999999168,0.41765034761802394
699.9999999991679,0.6721332308618381
