Wavelength(um),Intensity
4.000000000000000222e-01,6.870558249959000277e-25
4.001000250062515806e-01,7.519791323522999559e-25
4.002000500125031390e-01,7.010346253092000125e-25
4.003000750187546974e-01,7.162181170703999624e-25
4.004001000250062559e-01,7.384593847565000220e-25
4.005001250312578143e-01,6.823197362561000237e-25
4.006001500375093727e-01,7.465215346617000201e-25
4.007001750437609866e-01,6.947566362397999921e-25
4.008002000500125450e-01,7.119840084185000165e-25
4.009002250562641034e-01,7.318589173901000372e-25
4.010002500625156618e-01,6.776509026809000335e-25
4.011002750687672203e-01,7.411326435426999677e-25
4.012003000750187787e-01,6.886257619464000307e-25
4.013003250812703371e-01,7.077677033246000398e-25
4.014003500875218955e-01,7.253059227310999653e-25
4.015003750937734539e-01,6.730327439824999708e-25
4.016004001000250123e-01,7.356947069676999792e-25
4.017004251062765707e-01,6.825634256845000235e-25
4.018004501125281291e-01,7.035889160090999574e-25
4.019004751187797431e-01,7.188215681709999726e-25
4.020005001250313015e-01,6.685052863995000184e-25
4.021005251312828599e-01,7.302810284049000075e-25
4.022005501375344183e-01,6.766059337899999782e-25
4.023005751437859767e-01,6.994365858684000108e-25
4.024006001500375351e-01,7.124298226841999690e-25
4.025006251562890935e-01,6.640840586612999729e-25
4.026006501625406520e-01,7.248889151800000379e-25
4.027006751687922104e-01,6.707538602305000007e-25
4.028007001750437688e-01,6.952862418377000192e-25
4.029007251812953272e-01,7.060222402930999600e-25
4.030007501875468856e-01,6.596973876150000130e-25
4.031007751937984995e-01,7.194971910618000182e-25
4.032008002000500579e-01,6.649516464604999615e-25
4.033008252063016164e-01,6.911259513543000405e-25
4.034008502125531748e-01,6.996540861776999661e-25
4.035008752188047332e-01,6.553503041008000078e-25
4.036009002250562916e-01,7.141082201832999861e-25
4.037009252313078500e-01,6.592430964025000365e-25
4.038009502375594084e-01,6.870228426591999816e-25
4.039009752438109668e-01,6.934571342099999970e-25
4.040010002500625252e-01,6.511741934245000338e-25
4.041010252563140837e-01,7.088009530534000016e-25
4.042010502625656421e-01,6.536577904911999945e-25
4.043010752688172005e-01,6.829043992807999984e-25
4.044011002750688144e-01,6.872371653847000027e-25
4.045011252813203728e-01,6.469566312257999629e-25
4.046011502875719312e-01,7.034290009132000224e-25
4.047011752938234896e-01,6.481792630610999812e-25
4.048012003000750481e-01,6.788438151286999690e-25
4.049012253063266065e-01,6.811172525110999993e-25
4.050012503125781649e-01,6.428690434184000287e-25
4.051012753188297233e-01,6.981155350228999836e-25
4.052013003250812817e-01,6.427569100592000193e-25
4.053013253313328401e-01,6.747581613104999965e-25
4.054013503375843985e-01,6.750057641568999677e-25
4.055013753438359569e-01,6.387924006766999992e-25
4.056014003500875709e-01,6.928189739380000187e-25
4.057014253563391293e-01,6.374256073615000096e-25
4.058014503625906877e-01,6.706590200567999572e-25
4.059014753688422461e-01,6.689805827731999820e-25
4.060015003750938045e-01,6.348102691211000041e-25
4.061015253813453629e-01,6.875441851374000404e-25
4.062015503875969213e-01,6.322247816368000165e-25
4.063015753938484798e-01,6.666552660985000317e-25
4.064016004001000382e-01,6.630507888200000433e-25
4.065016254063515966e-01,6.308702278940000352e-25
4.066016504126031550e-01,6.822795321052999917e-25
4.067016754188547134e-01,6.270875712055999677e-25
4.068017004251063273e-01,6.626211824763000027e-25
4.069017254313578857e-01,6.571538120432000378e-25
4.070017504376094442e-01,6.269439327055999809e-25
4.071017754438610026e-01,6.769914209736999852e-25
4.072018004501125610e-01,6.219889931384999755e-25
4.073018254563641194e-01,6.585341005025000101e-25
4.074018504626156778e-01,6.513269010733000289e-25
4.075018754688672362e-01,6.231256706243000221e-25
4.076019004751187946e-01,6.717794254502000131e-25
4.077019254813703530e-01,6.170592979013000106e-25
4.078019504876219115e-01,6.544864200535999696e-25
4.079019754938734699e-01,6.455340412042999739e-25
4.080020005001250283e-01,6.193708879868999951e-25
4.081020255063766422e-01,6.665698746919000133e-25
4.082020505126282006e-01,6.121762273294999831e-25
4.083020755188797590e-01,6.504819121420999702e-25
4.084021005251313174e-01,6.398365025251000429e-25
4.085021255313828759e-01,6.156222708284000252e-25
4.086021505376344343e-01,6.613709045217000435e-25
4.087021755438859927e-01,6.074158620160999633e-25
4.088022005501375511e-01,6.464886549610999574e-25
4.089022255563891095e-01,6.341893949232999796e-25
4.090022505626406679e-01,6.119550074539999877e-25
4.091022755688922263e-01,6.561883614852999718e-25
4.092023005751437847e-01,6.026817523392999942e-25
4.093023255813953432e-01,6.424647129689999589e-25
4.094023505876469571e-01,6.285840881105999576e-25
4.095023755938985155e-01,6.082867570705999642e-25
4.096024006001500739e-01,6.509751176097999938e-25
4.097024256064016323e-01,5.980217630626000288e-25
4.098024506126531907e-01,6.384951630142999627e-25
4.099024756189047491e-01,6.230950517150999877e-25
4.100025006251563076e-01,6.047283951758999934e-25
4.101025256314078660e-01,6.458721144463000063e-25
4.102025506376594244e-01,5.935133461167999695e-25
4.103025756439109828e-01,6.345403814975999956e-25
4.104026006501625412e-01,6.176401113148000370e-25
4.105026256564141551e-01,6.011939882668999580e-25
4.106026506626657135e-01,6.407581456765999898e-25
4.107026756689172720e-01,5.890214971317999586e-25
4.108027006751688304e-01,6.305454251871999811e-25
4.109027256814203888e-01,6.122367935145000303e-25
4.110027506876719472e-01,5.977287364143000167e-25
4.111027756939235056e-01,6.357230072720999793e-25
4.112028007001750640e-01,5.846537998510000197e-25
4.113028257064266224e-01,6.266024909073000269e-25
4.114028507126781808e-01,6.068910496688000076e-25
4.115028757189297393e-01,5.942531616575000360e-25
4.116029007251812977e-01,6.306454607822999697e-25
4.117029257314328561e-01,5.803051309558000005e-25
4.118029507376844700e-01,6.226403980667000197e-25
4.119029757439360284e-01,6.015835351166000173e-25
4.120030007501875868e-01,5.908041739246000169e-25
4.121030257564391452e-01,6.256316691739999889e-25
4.122030507626907037e-01,5.760404276613999626e-25
4.123030757689422621e-01,6.187209489982000123e-25
4.124031007751938205e-01,5.964247971073999946e-25
4.125031257814453789e-01,5.873974513336999697e-25
4.126031507876969373e-01,6.206284529395000443e-25
4.127031757939484957e-01,5.718561637687000381e-25
4.128032008002000541e-01,6.147360798800000091e-25
4.129032258064516125e-01,5.912671825676999764e-25
4.130032508127031710e-01,5.840454045782999927e-25
4.131032758189547849e-01,6.156625940758999663e-25
4.132033008252063433e-01,5.677790258777000145e-25
4.133033258314579017e-01,6.108346344130000307e-25
4.134033508377094601e-01,5.861709695716999826e-25
4.135033758439610185e-01,5.806466565750999650e-25
4.136034008502125769e-01,6.106491694338000119e-25
4.137034258564641354e-01,5.637166205442000127e-25
4.138034508627156938e-01,6.069299204753999921e-25
4.139034758689672522e-01,5.811950616913999899e-25
4.140035008752188106e-01,5.773945460528000081e-25
4.141035258814703690e-01,6.057949891214999988e-25
4.142035508877219274e-01,5.597693417400000020e-25
4.143035758939735413e-01,6.029824755390000373e-25
4.144036009002250998e-01,5.762193664908000170e-25
4.145036259064766582e-01,5.741002023618000360e-25
4.146036509127282166e-01,6.008736555808999669e-25
4.147036759189797750e-01,5.558486545827000234e-25
4.148037009252313334e-01,5.990823824058000041e-25
4.149037259314828918e-01,5.713563298567000185e-25
4.150037509377344502e-01,5.708920739293000108e-25
4.151037759439860086e-01,5.960596556418000084e-25
4.152038009502375671e-01,5.520422334077999727e-25
4.153038259564891255e-01,5.951931462065999909e-25
4.154038509627406839e-01,5.665149592802000064e-25
4.155038759689922978e-01,5.676262571728000317e-25
4.156039009752438562e-01,5.911941431831000109e-25
4.157039259814954146e-01,5.482567753802999858e-25
4.158039509877469730e-01,5.913346476080000300e-25
4.159039759939985315e-01,5.617943194042999835e-25
4.160040010002500899e-01,5.644553142803000191e-25
4.161040260065016483e-01,5.864221444289000348e-25
4.162040510127532067e-01,5.445166064115000141e-25
4.163040760190047651e-01,5.874081515522999750e-25
4.164041010252563235e-01,5.570993733307999727e-25
4.165041260315078819e-01,5.612779037821000096e-25
4.166041510377594403e-01,5.816787694450000286e-25
4.167041760440109988e-01,5.408878790255000248e-25
4.168042010502626127e-01,5.835406092052999647e-25
4.169042260565141711e-01,5.525187854972999979e-25
4.170042510627657295e-01,5.581568475023999899e-25
4.171042760690172879e-01,5.769574234410000017e-25
4.172043010752688463e-01,5.373150876322999611e-25
4.173043260815204047e-01,5.796509491046999937e-25
4.174043510877719632e-01,5.479277269697000139e-25
4.175043760940235216e-01,5.550145014901000381e-25
4.176044011002750800e-01,5.722447740214000381e-25
4.177044261065266384e-01,5.337892146012999859e-25
4.178044511127781968e-01,5.757869746528000096e-25
4.179044761190297552e-01,5.434117414756000228e-25
4.180045011252813691e-01,5.518992512812999625e-25
4.181045261315329276e-01,5.675738951498000020e-25
4.182045511377844860e-01,5.303173451032000334e-25
4.183045761440360444e-01,5.719468809119999685e-25
4.184046011502876028e-01,5.389909269480999720e-25
4.185046261565391612e-01,5.488416758744999596e-25
4.186046511627907196e-01,5.629555868493000218e-25
4.187046761690422780e-01,5.269023125721000118e-25
4.188047011752938364e-01,5.681067499150999722e-25
4.189047261815453949e-01,5.345962195168000317e-25
4.190047511877969533e-01,5.457786443454000056e-25
4.191047761940485117e-01,5.583792206095000227e-25
4.192048012003001256e-01,5.235522890084000214e-25
4.193048262065516840e-01,5.643369318945999998e-25
4.194048512128032424e-01,5.303245920950000022e-25
4.195048762190548008e-01,5.427303738552000214e-25
4.196049012253063593e-01,5.538320394900000417e-25
4.197049262315579177e-01,5.202140219009999639e-25
4.198049512378094761e-01,5.604803848154999769e-25
4.199049762440610345e-01,5.260588675515999588e-25
4.200050012503125929e-01,5.396935798504000317e-25
4.201050262565641513e-01,5.493293533410999636e-25
4.202050512628157097e-01,5.169491122586000317e-25
4.203050762690672681e-01,5.566797567253999659e-25
4.204051012753188266e-01,5.219066809000999833e-25
4.205051262815704405e-01,5.366785126173000365e-25
4.206051512878219989e-01,5.448318175479000155e-25
4.207051762940735573e-01,5.137405035725999574e-25
4.208052013003251157e-01,5.528887230893999739e-25
4.209052263065766741e-01,5.177566397437000034e-25
4.210052513128282325e-01,5.336488056842999950e-25
4.211052763190797910e-01,5.403743612688000075e-25
4.212053013253313494e-01,5.105510270560000246e-25
4.213053263315829078e-01,5.490882438843000209e-25
4.214053513378344662e-01,5.136760641838000202e-25
4.215053763440860246e-01,5.306614480006000339e-25
4.216054013503375830e-01,5.360093835893000458e-25
4.217054263565891969e-01,5.074348279862000121e-25
4.218054513628407554e-01,5.453078214500000062e-25
4.219054763690923138e-01,5.096521582200999934e-25
4.220055013753438722e-01,5.276378681231000410e-25
4.221055263815954306e-01,5.316510190259999652e-25
4.222055513878469890e-01,5.043758243966999770e-25
4.223055763940985474e-01,5.415689382914999932e-25
4.224056014003501058e-01,5.057598660622999667e-25
4.225056264066016642e-01,5.246898461922000037e-25
4.226056514128532227e-01,5.273145281566999785e-25
4.227056764191047811e-01,5.013034935565000183e-25
4.228057014253563395e-01,5.378044443714999585e-25
4.229057264316079534e-01,5.019008137305000093e-25
4.230057514378595118e-01,5.217419787643999601e-25
4.231057764441110702e-01,5.230607177649999722e-25
4.232058014503626286e-01,4.983197418317000230e-25
4.233058264566141871e-01,5.340388451213000090e-25
4.234058514628657455e-01,4.980672932567000394e-25
4.235058764691173039e-01,5.187768887875000196e-25
4.236059014753688623e-01,5.188334349998999870e-25
4.237059264816204207e-01,4.953940799477999903e-25
4.238059514878719791e-01,5.303253347597999901e-25
4.239059764941235375e-01,4.943255334607000037e-25
4.240060015003750959e-01,5.158277864233999888e-25
4.241060265066266544e-01,5.146347140850999818e-25
4.242060515128782683e-01,4.924851346804999713e-25
4.243060765191298267e-01,5.265890573601999997e-25
4.244061015253813851e-01,4.906367002971000372e-25
4.245061265316329435e-01,5.128951780769999819e-25
4.246061515378845019e-01,5.104654451126000306e-25
4.247061765441360603e-01,4.896244743083999582e-25
4.248062015503876188e-01,5.228936861841000037e-25
4.249062265566391772e-01,4.870023965244000074e-25
4.250062515628907356e-01,5.099423965591000030e-25
4.251062765691422940e-01,5.063355255121999597e-25
4.252063015753938524e-01,4.868047814660000338e-25
4.253063265816454108e-01,5.191693580142999914e-25
4.254063515878969692e-01,4.834288389821999705e-25
4.255063765941485832e-01,5.070536697544999951e-25
4.256064016004001416e-01,5.022348120971000084e-25
4.257064266066517000e-01,4.840251242782999759e-25
4.258064516129032584e-01,5.155070584279000383e-25
4.259064766191548168e-01,4.798870787135999610e-25
4.260065016254063752e-01,5.041535002755999597e-25
4.261065266316579336e-01,4.982076136821999675e-25
4.262065516379094920e-01,4.812869118979000064e-25
4.263065766441610505e-01,5.118756580448000257e-25
4.264066016504126089e-01,4.764295766152999911e-25
4.265066266566641673e-01,5.012688536122000395e-25
4.266066516629157812e-01,4.942116902899999645e-25
4.267066766691673396e-01,4.785024243690999846e-25
4.268067016754188980e-01,5.081720800244999816e-25
4.269067266816704564e-01,4.730212630589000307e-25
4.270067516879220149e-01,4.983810378484000190e-25
4.271067766941735733e-01,4.902656963431000100e-25
4.272068017004251317e-01,4.758414112046999724e-25
4.273068267066766901e-01,5.045466088421000012e-25
4.274068517129282485e-01,4.696567488379999659e-25
4.275068767191798069e-01,4.954936561883000164e-25
4.276069017254313653e-01,4.863435128107999985e-25
4.277069267316829237e-01,4.731744396848999584e-25
4.278069517379344822e-01,5.009155328810999681e-25
4.279069767441860961e-01,4.663593356329999885e-25
4.280070017504376545e-01,4.926384038122000285e-25
4.281070267566892129e-01,4.824670905595000372e-25
4.282070517629407713e-01,4.705278513968999565e-25
4.283070767691923297e-01,4.973046225710000170e-25
4.284071017754438881e-01,4.630971327863999588e-25
4.285071267816954466e-01,4.897627797079999862e-25
4.286071517879470050e-01,4.786652945527999763e-25
4.287071767941985634e-01,4.679598467862999775e-25
4.288072018004501218e-01,4.937213464374000116e-25
4.289072268067016802e-01,4.599108115816999722e-25
4.290072518129532386e-01,4.869033704044000166e-25
4.291072768192047970e-01,4.748494232034999922e-25
4.292073018254564110e-01,4.653673438657999718e-25
4.293073268317079694e-01,4.901322234618999901e-25
4.294073518379595278e-01,4.567381821210999892e-25
4.295073768442110862e-01,4.840435312150999594e-25
4.296074018504626446e-01,4.711197016922000215e-25
4.297074268567142030e-01,4.628466437063000368e-25
4.298074518629657614e-01,4.866044783531000160e-25
4.299074768692173198e-01,4.536755220035000083e-25
4.300075018754688783e-01,4.812345670822000029e-25
4.301075268817204367e-01,4.674539986438999612e-25
4.302075518879719951e-01,4.603422254383999970e-25
4.303075768942236090e-01,4.830579453161999565e-25
4.304076019004751674e-01,4.506233219601000064e-25
4.305076269067267258e-01,4.783786953694999599e-25
4.306076519129782842e-01,4.637637327495000044e-25
4.307076769192298427e-01,4.578227032422999937e-25
4.308077019254814011e-01,4.795087218718000456e-25
4.309077269317329595e-01,4.476124656576999972e-25
4.310077519379845179e-01,4.755440503193999604e-25
4.311077769442360763e-01,4.601374263747999965e-25
4.312078019504876347e-01,4.553678044267999885e-25
4.313078269567391931e-01,4.760396188388999707e-25
4.314078519629907515e-01,4.446953704088000445e-25
4.315078769692423100e-01,4.727578513893000027e-25
4.316079019754939239e-01,4.565724208542000308e-25
4.317079269817454823e-01,4.529104188994999773e-25
4.318079519879970407e-01,4.725640488949999790e-25
4.319079769942485991e-01,4.417886237961999840e-25
4.320080020005001575e-01,4.699230133623000380e-25
4.321080270067517159e-01,4.530557900352000333e-25
4.322080520130032744e-01,4.504905005821000341e-25
4.323080770192548328e-01,4.690748814325999689e-25
4.324081020255063912e-01,4.389196556684000354e-25
4.325081270317579496e-01,4.670923644159999629e-25
4.326081520380095080e-01,4.495551356943999791e-25
4.327081770442610664e-01,4.480906662244999579e-25
4.328082020505126248e-01,4.656106798619999704e-25
4.329082270567642388e-01,4.360966606047000139e-25
4.330082520630157972e-01,4.642837792838999838e-25
4.331082770692673556e-01,4.461049674325999544e-25
4.332083020755189140e-01,4.457335294324999588e-25
4.333083270817704724e-01,4.621956589451999660e-25
4.334083520880220308e-01,4.333227806223000011e-25
4.335083770942735892e-01,4.614792871186000185e-25
4.336084021005251476e-01,4.426717915441000122e-25
4.337084271067767061e-01,4.433638137549999927e-25
4.338084521130282645e-01,4.588155029426000456e-25
4.339084771192798229e-01,4.306301175731000448e-25
4.340085021255314368e-01,4.587140140231000157e-25
4.341085271317829397e-01,4.393150081676000077e-25
4.342085521380345536e-01,4.410211029306000222e-25
4.343085771442861120e-01,4.554173983842000305e-25
4.344086021505376705e-01,4.279426047106000386e-25
4.345086271567892289e-01,4.559500950836999735e-25
4.346086521630407873e-01,4.360014364945999751e-25
4.347086771692923457e-01,4.387162061149000004e-25
4.348087021755439041e-01,4.520636935537999651e-25
4.349087271817954625e-01,4.252781930146000186e-25
4.350087521880470209e-01,4.531682244302999908e-25
4.351087771942985793e-01,4.327099230697000240e-25
4.352088022005501378e-01,4.363987045964999698e-25
4.353088272068017517e-01,4.487191948082999817e-25
4.354088522130533101e-01,4.226697384784999754e-25
4.355088772193048685e-01,4.504342944057000312e-25
4.356089022255564269e-01,4.294853160553999930e-25
4.357089272318079853e-01,4.341051742425000076e-25
4.358089522380595437e-01,4.454169817666999690e-25
4.359089772443111022e-01,4.200729108344000044e-25
4.360090022505626606e-01,4.476389990547000326e-25
4.361090272568142190e-01,4.262688653746999847e-25
4.362090522630657774e-01,4.317894589758000172e-25
4.363090772693173358e-01,4.421101811175999872e-25
4.364091022755688942e-01,4.175503264167999826e-25
4.365091272818204526e-01,4.448935338351999742e-25
4.366091522880720666e-01,4.231294370595999791e-25
4.367091772943236250e-01,4.295544791029999569e-25
4.368092023005751834e-01,4.388711954936000432e-25
4.369092273068267418e-01,4.150669838422999553e-25
4.370092523130783002e-01,4.421642314817999622e-25
4.371092773193298586e-01,4.200286939027999618e-25
4.372093023255814170e-01,4.273010294026000059e-25
4.373093273318329754e-01,4.356438518506999690e-25
4.374093523380845339e-01,4.126158164567000061e-25
4.375093773443360923e-01,4.394339442697000050e-25
4.376094023505876507e-01,4.169726832870999742e-25
4.377094273568392646e-01,4.250517377972000155e-25
4.378094523630907675e-01,4.324219436513999734e-25
4.379094773693423814e-01,4.102009202032000127e-25
4.380095023755939398e-01,4.367074055305999620e-25
4.381095273818454983e-01,4.139584105670999822e-25
4.382095523880970567e-01,4.228272853811000398e-25
4.383095773943486151e-01,4.292063277113000334e-25
4.384096024006001735e-01,4.077764362504999976e-25
4.385096274068517319e-01,4.339603791072999879e-25
4.386096524131032903e-01,4.109631820058999964e-25
4.387096774193548487e-01,4.206076125678000430e-25
4.388097024256064072e-01,4.260551325724000075e-25
4.389097274318579656e-01,4.054389268590999939e-25
4.390097524381095795e-01,4.312522086144999610e-25
4.391097774443611379e-01,4.080286931465999800e-25
4.392098024506126963e-01,4.184061728071000000e-25
4.393098274568642547e-01,4.229253688845000217e-25
4.394098524631158131e-01,4.031298800167000047e-25
4.395098774693673715e-01,4.285426461042999660e-25
4.396099024756189300e-01,4.051228192680999930e-25
4.397099274818704884e-01,4.162136645907000284e-25
4.398099524881220468e-01,4.198254326692000251e-25
4.399099774943736052e-01,4.008708448396000029e-25
4.400100025006251636e-01,4.258797306455999993e-25
4.401100275068767220e-01,4.022860144196999996e-25
4.402100525131282804e-01,4.140388148019000053e-25
4.403100775193798944e-01,4.167331750352999929e-25
4.404101025256314528e-01,3.985857523180999914e-25
4.405101275318830112e-01,4.231633957012999722e-25
4.406101525381345696e-01,3.994586123689999960e-25
4.407101775443861280e-01,4.118567462919999916e-25
4.408102025506376864e-01,4.136740041625000177e-25
4.409102275568892448e-01,3.963710549572999959e-25
4.410102525631408033e-01,4.204903413230000322e-25
4.411102775693923617e-01,3.966752403576999984e-25
4.412103025756439201e-01,4.096799700930000174e-25
4.413103275818954785e-01,4.106338245987999776e-25
4.414103525881470924e-01,3.941484174125999952e-25
4.415103775943985953e-01,4.177977630739000042e-25
4.416104026006502092e-01,3.939570474657999877e-25
4.417104276069017676e-01,4.075419855331999963e-25
4.418104526131533261e-01,4.076476705400999865e-25
4.419104776194048845e-01,3.920031337586999974e-25
4.420105026256564429e-01,4.151535007798000445e-25
4.421105276319080013e-01,3.912711132317999812e-25
4.422105526381595597e-01,4.053811518118999863e-25
4.423105776444111181e-01,4.046435651345000070e-25
4.424106026506626765e-01,3.898466811092000199e-25
4.425106276569142350e-01,4.124916513397999973e-25
4.426106526631657934e-01,3.886140840030000044e-25
4.427106776694174073e-01,4.032458877768999877e-25
4.428107026756689657e-01,4.017055760961999945e-25
4.429107276819205241e-01,3.877393480602000213e-25
4.430107526881720825e-01,4.098488463216000116e-25
4.431107776944236409e-01,3.859859521403000051e-25
4.432108027006751994e-01,4.010941095980999868e-25
4.433108277069267578e-01,3.987986204378000079e-25
4.434108527131783162e-01,3.856700222777000158e-25
4.435108777194298746e-01,4.072313521471000202e-25
4.436109027256814330e-01,3.834386802262000215e-25
4.437109277319329914e-01,3.989601059319000218e-25
4.438109527381845498e-01,3.958967345619999861e-25
4.439109777444361082e-01,3.836023900676000224e-25
4.440110027506877222e-01,4.045661787345999880e-25
4.441110277569392806e-01,3.808872338161000033e-25
4.442110527631908390e-01,3.968355716017000120e-25
4.443110777694423974e-01,3.930248275594999917e-25
4.444111027756939558e-01,3.815841686425999836e-25
4.445111277819455142e-01,4.019674555242000195e-25
4.446111527881970726e-01,3.784048369714999873e-25
4.447111777944486311e-01,3.947283601491000011e-25
4.448112028007001895e-01,3.901721805332999913e-25
4.449112278069517479e-01,3.795548808537000103e-25
4.450112528132033063e-01,3.993351440615999876e-25
4.451112778194549202e-01,3.759288501181999978e-25
4.452113028257064231e-01,3.926208700195999831e-25
4.453113278319580370e-01,3.873726230737999948e-25
4.454113528382095955e-01,3.775772361416999832e-25
4.455113778444611539e-01,3.967417548061000201e-25
4.456114028507127123e-01,3.735130186531999891e-25
4.457114278569642707e-01,3.905055964336999902e-25
4.458114528632158291e-01,3.845718810057000032e-25
4.459114778694673875e-01,3.756121093338999931e-25
4.460115028757189459e-01,3.941318318499000129e-25
4.461115278819705043e-01,3.711180197903000059e-25
4.462115528882220628e-01,3.884261161084999923e-25
4.463115778944736212e-01,3.818317508272999804e-25
4.464116029007252351e-01,3.736885780458000195e-25
4.465116279069767935e-01,3.915511690596000110e-25
4.466116529132283519e-01,3.687599787136999940e-25
4.467116779194799103e-01,3.863209112021000080e-25
4.468117029257314687e-01,3.790675989933000204e-25
4.469117279319830272e-01,3.717677037049000000e-25
4.470117529382345856e-01,3.889969396862999924e-25
4.471117779444861440e-01,3.664516577442000172e-25
4.472118029507377024e-01,3.842636053420999841e-25
4.473118279569892608e-01,3.763853838352999915e-25
4.474118529632408192e-01,3.698735967901999842e-25
4.475118779694923776e-01,3.864459726171999878e-25
4.476119029757439360e-01,3.641677854813999929e-25
4.477119279819955500e-01,3.821698178585999925e-25
4.478119529882471084e-01,3.736929666788000016e-25
4.479119779944986668e-01,3.679808419714000146e-25
4.480120030007502252e-01,3.838798457380000106e-25
4.481120280070017836e-01,3.619229636240000150e-25
4.482120530132533420e-01,3.801200754075000189e-25
4.483120780195049004e-01,3.710447281271000135e-25
4.484121030257564589e-01,3.661208565511000015e-25
4.485121280320080173e-01,3.813438301095000183e-25
4.486121530382595757e-01,3.597045922521999785e-25
4.487121780445111341e-01,3.780687497303999832e-25
4.488122030507626925e-01,3.684290077673999810e-25
4.489122280570142509e-01,3.642971615122999808e-25
4.490122530632658648e-01,3.788574740918000084e-25
4.491122780695174233e-01,3.575305920284999916e-25
4.492123030757689817e-01,3.760094307790000002e-25
4.493123280820205401e-01,3.658357794329000086e-25
4.494123530882720985e-01,3.624650684879999920e-25
4.495123780945236569e-01,3.763352197914999794e-25
4.496124031007752153e-01,3.553722963317000067e-25
4.497124281070267737e-01,3.739643859974999791e-25
4.498124531132783321e-01,3.632673754683999924e-25
4.499124781195298906e-01,3.606532279888000106e-25
4.500125031257814490e-01,3.738471580113000117e-25
4.501125281320330629e-01,3.532583517473999798e-25
4.502125531382846213e-01,3.719302433536999829e-25
4.503125781445361797e-01,3.607366723007000131e-25
4.504126031507877381e-01,3.588650065230000224e-25
4.505126281570392965e-01,3.713571997628999854e-25
4.506126531632908550e-01,3.511399252470999773e-25
4.507126781695424134e-01,3.698837267496000080e-25
4.508127031757939718e-01,3.582256600102999786e-25
4.509127281820455302e-01,3.570808903328999986e-25
4.510127531882970886e-01,3.688903749381000081e-25
4.511127781945486470e-01,3.490648747738999865e-25
4.512128032008002054e-01,3.678281728891999895e-25
4.513128282070517638e-01,3.557238406371999829e-25
4.514128532133033778e-01,3.553094179464000181e-25
4.515128782195549362e-01,3.664537102159000029e-25
4.516129032258064946e-01,3.470445968317000163e-25
4.517129282320580530e-01,3.658264452503999998e-25
4.518129532383096114e-01,3.532906528706999953e-25
4.519129782445611698e-01,3.535522477903000064e-25
4.520130032508127282e-01,3.640228464662999804e-25
4.521130282570642867e-01,3.450489690341999812e-25
4.522130532633158451e-01,3.638176972804999966e-25
4.523130782695674035e-01,3.508879504654999777e-25
4.524131032758189619e-01,3.518201216458999862e-25
4.525131282820705203e-01,3.616104886714999829e-25
4.526131532883220787e-01,3.430831086568000146e-25
4.527131782945736926e-01,3.618089027444000067e-25
4.528132033008252511e-01,3.484999254354999817e-25
4.529132283070768095e-01,3.500880277776000123e-25
4.530132533133283679e-01,3.592074600327000083e-25
4.531132783195799263e-01,3.411290812801999981e-25
4.532133033258314847e-01,3.597866038640000000e-25
4.533133283320830431e-01,3.461441555719000165e-25
4.534133533383346015e-01,3.483927200634999900e-25
4.535133783445861599e-01,3.568440529764999872e-25
4.536134033508377184e-01,3.392181643471999790e-25
4.537134283570892768e-01,3.577818251261999886e-25
4.538134533633408907e-01,3.438225377221000167e-25
4.539134783695923936e-01,3.466893116796000178e-25
4.540135033758440075e-01,3.544682638095999787e-25
4.541135283820955659e-01,3.373326167548000125e-25
4.542135533883471243e-01,3.557882852555000202e-25
4.543135783945986828e-01,3.415186205364000025e-25
4.544136034008502412e-01,3.449903258210000222e-25
4.545136284071017996e-01,3.521170020612999798e-25
4.546136534133533580e-01,3.354608094741999871e-25
4.547136784196049164e-01,3.537798968245000126e-25
4.548137034258564748e-01,3.392559851411999996e-25
4.549137284321080332e-01,3.433135337903000143e-25
4.550137534383595916e-01,3.497855944698999943e-25
4.551137784446112056e-01,3.336429855088999850e-25
4.552138034508627640e-01,3.517976743847999871e-25
4.553138284571143224e-01,3.370231035791999932e-25
4.554138534633658808e-01,3.416461543525000056e-25
4.555138784696174392e-01,3.474485656793999922e-25
4.556139034758689976e-01,3.318223469278000018e-25
4.557139284821205560e-01,3.498068005818000206e-25
4.558139534883721145e-01,3.348028494089000014e-25
4.559139784946236729e-01,3.399856876021999866e-25
4.560140035008752313e-01,3.451574936578999917e-25
4.561140285071267897e-01,3.300546285236999801e-25
4.562140535133783481e-01,3.478331926639000069e-25
4.563140785196299065e-01,3.326181465795999922e-25
4.564141035258815204e-01,3.383269798730000227e-25
4.565141285321330789e-01,3.428538596047000169e-25
4.566141535383846373e-01,3.282865022701999801e-25
4.567141785446361957e-01,3.458509888146999859e-25
4.568142035508877541e-01,3.304636561088999821e-25
4.569142285571393125e-01,3.366901966952999945e-25
4.570142535633908709e-01,3.405671396880999956e-25
4.571142785696424293e-01,3.265451801431999908e-25
4.572143035758939877e-01,3.438880799357999830e-25
4.573143285821455462e-01,3.283345464275999882e-25
4.574143535883971046e-01,3.350718190825000080e-25
4.575143785946487185e-01,3.383244034130000198e-25
4.576144036009002214e-01,3.248331822693000186e-25
4.577144286071518353e-01,3.419382188310999865e-25
4.578144536134033937e-01,3.262394132008000007e-25
4.579144786196549521e-01,3.334458156360000037e-25
4.580145036259065106e-01,3.360813679517000123e-25
4.581145286321580690e-01,3.231119281968000046e-25
4.582145536384096274e-01,3.399592542933999880e-25
4.583145786446611858e-01,3.241687932807999838e-25
4.584146036509127442e-01,3.318234065096999913e-25
4.585146286571643026e-01,3.338775479445000160e-25
4.586146536634158610e-01,3.214723281108999984e-25
4.587146786696674194e-01,3.380073357097000212e-25
4.588147036759190334e-01,3.221180913886999947e-25
4.589147286821705918e-01,3.301949379696999930e-25
4.590147536884221502e-01,3.316325866170000167e-25
4.591147786946737086e-01,3.198240032386999820e-25
4.592148037009252670e-01,3.360887069747000150e-25
4.593148287071768254e-01,3.201218300378999895e-25
4.594148537134283838e-01,3.286282504264000000e-25
4.595148787196799423e-01,3.294737714831999806e-25
4.596149037259315007e-01,3.182042601003999852e-25
4.597149287321830591e-01,3.341477193586999881e-25
4.598149537384346175e-01,3.181120031653000202e-25
4.599149787446861759e-01,3.270069410092999855e-25
4.600150037509377343e-01,3.272807120569000229e-25
4.601150287571893482e-01,3.165803000586000187e-25
4.602150537634409067e-01,3.322128795126000133e-25
4.603150787696924651e-01,3.161542222240999868e-25
4.604151037759440235e-01,3.254345934759999800e-25
4.605151287821955819e-01,3.251400808124000204e-25
4.606151537884471403e-01,3.149834466333999857e-25
4.607151787946986987e-01,3.302720186080999997e-25
4.608152038009502571e-01,3.142027955805999773e-25
4.609152288072018155e-01,3.238447708704000178e-25
4.610152538134533740e-01,3.230017415238999832e-25
4.611152788197049324e-01,3.134056905666000204e-25
4.612153038259565463e-01,3.283606775512999813e-25
4.613153288322080492e-01,3.123092885503000211e-25
4.614153538384596631e-01,3.222914940433999868e-25
4.615153788447112215e-01,3.209140409482999792e-25
4.616154038509627799e-01,3.118632560248999971e-25
4.617154288572143384e-01,3.264558653749000197e-25
4.618154538634658968e-01,3.104380184708000179e-25
4.619154788697174552e-01,3.207161738918000224e-25
4.620155038759690136e-01,3.188173687471000199e-25
4.621155288822205720e-01,3.103306497270000123e-25
4.622155538884721304e-01,3.245238048675000034e-25
4.623155788947236888e-01,3.085564300428000097e-25
4.624156039009752472e-01,3.191520035168999928e-25
4.625156289072268612e-01,3.167445416991000030e-25
4.626156539134783641e-01,3.088296440099999986e-25
4.627156789197299780e-01,3.226658966528000104e-25
4.628157039259815364e-01,3.067492497700999965e-25
4.629157289322330948e-01,3.175923165599000048e-25
4.630157539384846532e-01,3.146952732353000107e-25
4.631157789447362116e-01,3.073286604830999842e-25
4.632158039509877701e-01,3.207675765798000102e-25
4.633158289572393285e-01,3.049575115078000062e-25
4.634158539634908869e-01,3.160418284772999807e-25
4.635158789697424453e-01,3.126604595338000043e-25
4.636159039759940592e-01,3.058563933115999831e-25
4.637159289822455621e-01,3.188741168481000152e-25
4.638159539884971760e-01,3.031770430274000000e-25
4.639159789947487345e-01,3.144879168092000005e-25
4.640160040010002929e-01,3.106310186467000085e-25
4.641160290072518513e-01,3.044002180033999773e-25
4.642160540135034097e-01,3.169800320656000143e-25
4.643160790197549681e-01,3.014074841737000035e-25
4.644161040260065265e-01,3.129640610064000195e-25
4.645161290322580849e-01,3.086391247951999991e-25
4.646161540385096433e-01,3.029710270732999954e-25
4.647161790447612018e-01,3.151374825354999877e-25
4.648162040510127602e-01,2.996859113679000075e-25
4.649162290572643741e-01,3.114325840771000169e-25
4.650162540635158770e-01,3.066597440380999908e-25
4.651162790697674909e-01,3.015456456176999933e-25
4.652163040760190493e-01,3.132778137357000222e-25
4.653163290822706077e-01,2.979782616404000129e-25
4.654163540885221662e-01,3.099223683982000194e-25
4.655163790947737246e-01,3.046979442760999816e-25
4.656164041010252830e-01,3.001099709181000071e-25
4.657164291072768414e-01,3.114209269581999862e-25
4.658164541135283998e-01,2.962855785687999831e-25
4.659164791197799582e-01,3.083858467817000018e-25
4.660165041260315166e-01,3.027513005708999771e-25
4.661165291322830750e-01,2.987120624949999988e-25
4.662165541385346890e-01,3.095957450713000148e-25
4.663165791447861919e-01,2.946432509088999773e-25
4.664166041510378058e-01,3.068897167384999927e-25
4.665166291572893642e-01,3.008446447519000059e-25
4.666166541635409226e-01,2.973202245945000088e-25
4.667166791697924810e-01,3.077586287301000104e-25
4.668167041760440394e-01,2.930055036794999881e-25
4.669167291822955979e-01,3.053732784087000219e-25
4.670167541885471563e-01,2.989459689157999962e-25
4.671167791947987147e-01,2.959600704474000167e-25
4.672168042010502731e-01,3.059444395256000180e-25
4.673168292073018870e-01,2.913846280294999852e-25
4.674168542135533899e-01,3.038551675604999930e-25
4.675168792198050038e-01,2.970416352535000164e-25
4.676169042260565623e-01,2.945710081370000202e-25
4.677169292323081207e-01,3.041271194413999837e-25
4.678169542385596791e-01,2.897997530083999824e-25
4.679169792448112375e-01,3.023711941881999941e-25
4.680170042510627959e-01,2.951956870615999777e-25
4.681170292573143543e-01,2.932205982909000150e-25
4.682170542635659127e-01,3.023306281096000109e-25
4.683170792698174711e-01,2.882255686291999927e-25
4.684171042760690296e-01,3.008539085887000201e-25
4.685171292823205880e-01,2.933499497659999902e-25
4.686171542885722019e-01,2.918670781172000173e-25
4.687171792948237048e-01,3.005165842244000070e-25
4.688172043010753187e-01,2.866758195648999869e-25
4.689172293073268771e-01,2.993639062349999990e-25
4.690172543135784355e-01,2.915350392505000176e-25
4.691172793198299940e-01,2.905448705043000054e-25
4.692173043260815524e-01,2.987339595439999786e-25
4.693173293323331108e-01,2.851506744816999946e-25
4.694173543385846692e-01,2.978676990877000096e-25
4.695173793448362276e-01,2.897246611331000017e-25
4.696174043510877860e-01,2.892252028919000072e-25
4.697174293573393444e-01,2.969601088723999802e-25
4.698174543635909028e-01,2.836504181341000117e-25
4.699174793698425168e-01,2.963899351624999954e-25
4.700175043760940197e-01,2.879531225294000212e-25
4.701175293823456336e-01,2.879388305201999954e-25
4.702175543885971920e-01,2.952109854702000225e-25
4.703175793948487504e-01,2.821632627077999934e-25
4.704176044011003088e-01,2.949013044094999904e-25
4.705176294073518672e-01,2.861720019401000087e-25
4.706176544136034257e-01,2.866134635687000116e-25
4.707176794198549841e-01,2.934423965610000037e-25
4.708177044261065425e-01,2.806966356709999917e-25
4.709177294323581009e-01,2.934276239068999829e-25
4.710177544386097148e-01,2.844533970977000151e-25
4.711177794448612177e-01,2.853642157881000127e-25
4.712178044511128316e-01,2.917147521322999919e-25
4.713178294573643345e-01,2.792576284545999825e-25
4.714178544636159485e-01,2.919643944136000089e-25
4.715178794698675069e-01,2.827059009514000006e-25
4.716179044761190653e-01,2.840552752028000036e-25
4.717179294823706237e-01,2.899779849436000126e-25
4.718179544886221821e-01,2.778232764462000212e-25
4.719179794948737405e-01,2.904924964534999840e-25
4.720180045011252989e-01,2.810076950192999848e-25
4.721180295073768574e-01,2.827893968394000209e-25
4.722180545136284158e-01,2.882676784744999951e-25
4.723180795198800297e-01,2.764236871475000005e-25
4.724181045261315326e-01,2.890441529939000075e-25
4.725181295323831465e-01,2.793443905020000085e-25
4.726181545386347049e-01,2.815378374880999976e-25
4.727181795448862633e-01,2.865595613862999967e-25
4.728182045511378218e-01,2.750195351082999847e-25
4.729182295573893802e-01,2.875760580647999901e-25
4.730182545636409386e-01,2.776779018831999833e-25
4.731182795698924970e-01,2.802718814948999968e-25
4.732183045761440554e-01,2.848683117383000066e-25
4.733183295823956138e-01,2.736525098544000071e-25
4.734183545886471722e-01,2.861188077436999974e-25
4.735183795948987306e-01,2.760334582745000069e-25
4.736184046011503446e-01,2.790076942180000217e-25
4.737184296074018475e-01,2.831854752777999993e-25
4.738184546136534614e-01,2.723097743140999863e-25
4.739184796199050198e-01,2.846715741149000039e-25
4.740185046261565782e-01,2.744410076446000128e-25
4.741185296324081366e-01,2.777857981522000048e-25
4.742185546386596950e-01,2.815146902097999934e-25
4.743185796449112535e-01,2.709721825106999821e-25
4.744186046511628119e-01,2.831930648125000060e-25
4.745186296574143703e-01,2.728183288340000109e-25
4.746186546636659287e-01,2.765461066035999802e-25
4.747186796699174871e-01,2.798447581525000190e-25
4.748187046761690455e-01,2.696696743167999984e-25
4.749187296824206594e-01,2.817709882643999807e-25
4.750187546886721623e-01,2.712461323990999981e-25
4.751187796949237763e-01,2.753255431493000098e-25
4.752188047011753347e-01,2.781926579603000014e-25
4.753188297074268931e-01,2.683540832461000100e-25
4.754188547136784515e-01,2.803179405640999838e-25
4.755188797199300099e-01,2.696779239584999872e-25
4.756189047261815683e-01,2.740883741229999985e-25
4.757189297324331267e-01,2.765490160402999945e-25
4.758189547386846852e-01,2.670788929619000216e-25
4.759189797449362436e-01,2.788859279085000127e-25
4.760190047511878575e-01,2.681541295513999904e-25
4.761190297574393604e-01,2.728842412705000224e-25
4.762190547636909743e-01,2.749207726745000093e-25
4.763190797699425327e-01,2.658270861241000011e-25
4.764191047761940911e-01,2.774606007988000104e-25
4.765191297824456496e-01,2.666415891855000141e-25
4.766191547886972080e-01,2.716897639596999955e-25
4.767191797949487664e-01,2.732957190822000064e-25
4.768192048012003248e-01,2.645674261819999983e-25
4.769192298074518832e-01,2.760230393023999866e-25
4.770192548137034416e-01,2.651228105951000207e-25
4.771192798199550000e-01,2.704875535683000207e-25
4.772193048262065584e-01,2.717026210115999923e-25
4.773193298324581724e-01,2.633394936382999993e-25
4.774193548387096753e-01,2.745994804871999894e-25
4.775193798449612892e-01,2.636465072690000195e-25
4.776194048512128476e-01,2.692996771560000107e-25
4.777194298574644060e-01,2.701113998354000181e-25
4.778194548637159644e-01,2.621335016530000085e-25
4.779194798699675228e-01,2.731858807865000021e-25
4.780195048762190813e-01,2.621681412452999947e-25
4.781195298824706397e-01,2.681050888563999932e-25
4.782195548887221981e-01,2.685257396052000086e-25
4.783195798949737565e-01,2.609175204762000075e-25
4.784196049012253149e-01,2.717759299709000224e-25
4.785196299074768733e-01,2.607412117512000084e-25
4.786196549137284872e-01,2.669299095378999834e-25
4.787196799199799901e-01,2.669542416496000071e-25
4.788197049262316041e-01,2.597293712996000155e-25
4.789197299324831625e-01,2.703647787643999816e-25
4.790197549387347209e-01,2.593068235282999884e-25
4.791197799449862793e-01,2.657558747387000192e-25
4.792198049512378377e-01,2.654019359406000050e-25
4.793198299574893961e-01,2.585532708963999801e-25
4.794198549637409545e-01,2.689602096168999900e-25
4.795198799699925130e-01,2.579020508827999800e-25
4.796199049762440714e-01,2.645982581383999942e-25
4.797199299824956853e-01,2.638682356300000131e-25
4.798199549887471882e-01,2.574046282340000163e-25
4.799199799949988021e-01,2.675834625460999782e-25
4.800200050012503605e-01,2.565077241271000032e-25
4.801200300075019189e-01,2.634265578132999900e-25
4.802200550137534774e-01,2.623456881776999981e-25
4.803200800200050358e-01,2.562429529030999818e-25
4.804201050262565942e-01,2.661783811095000202e-25
4.805201300325081526e-01,2.551285586182999940e-25
4.806201550387597110e-01,2.622515257742999815e-25
4.807201800450112694e-01,2.608259072629000183e-25
4.808202050512628278e-01,2.551043924281999995e-25
4.809202300575143862e-01,2.647945581590000214e-25
4.810202550637660002e-01,2.537881775659000229e-25
4.811202800700175031e-01,2.611048812462000216e-25
4.812203050762691170e-01,2.593378123433000065e-25
4.813203300825206754e-01,2.539845526837999778e-25
4.814203550887722338e-01,2.634113791551000228e-25
4.815203800950237922e-01,2.524600017472999876e-25
4.816204051012753506e-01,2.599454356454000118e-25
4.817204301075269091e-01,2.578429624778000220e-25
4.818204551137784675e-01,2.528686558963999947e-25
4.819204801200300259e-01,2.620209271914999848e-25
4.820205051262815843e-01,2.511411172789999783e-25
4.821205301325331427e-01,2.587894184086999862e-25
4.822205551387847011e-01,2.563552943852000171e-25
4.823205801450363150e-01,2.517702512919999809e-25
4.824206051512878179e-01,2.606483329462000108e-25
4.825206301575394319e-01,2.498519863993999874e-25
4.826206551637909903e-01,2.576582759481000097e-25
4.827206801700425487e-01,2.548909699162999915e-25
4.828207051762941071e-01,2.506824855603999990e-25
4.829207301825456655e-01,2.592730161690999898e-25
4.830207551887972239e-01,2.485612224346000117e-25
4.831207801950487823e-01,2.565258129909999860e-25
4.832208052013003408e-01,2.534546640573000204e-25
4.833208302075518992e-01,2.496158518193999887e-25
4.834208552138035131e-01,2.579104824445000067e-25
4.835208802200550160e-01,2.472916151904999810e-25
4.836209052263066299e-01,2.553821803200000169e-25
4.837209302325581883e-01,2.520174607135000149e-25
4.838209552388097467e-01,2.485680633760999836e-25
4.839209802450613052e-01,2.565635853944000022e-25
4.840210052513128636e-01,2.460566875035000191e-25
4.841210302575644220e-01,2.542678419760000194e-25
4.842210552638159804e-01,2.505800398239999822e-25
4.843210802700675388e-01,2.475053276122999976e-25
4.844211052763190972e-01,2.552087676914999953e-25
4.845211302825706556e-01,2.448077996117000059e-25
4.846211552888222140e-01,2.531417027439999836e-25
4.847211802950738280e-01,2.491681117157999790e-25
4.848212053013253309e-01,2.464583127822000042e-25
4.849212303075769448e-01,2.538776829277999944e-25
4.850212553138285032e-01,2.436019107689000184e-25
4.851212803200800616e-01,2.520335264323000051e-25
4.852213053263316200e-01,2.477887602761999827e-25
4.853213303325831784e-01,2.454414440474000143e-25
4.854213553388347369e-01,2.525600550207000177e-25
4.855213803450862953e-01,2.424107700278000184e-25
4.856214053513378537e-01,2.509149310112999790e-25
4.857214303575894121e-01,2.463955782596000005e-25
4.858214553638409705e-01,2.444009566602000205e-25
4.859214803700925289e-01,2.512052923427999948e-25
4.860215053763441428e-01,2.411989293602000004e-25
4.861215303825956457e-01,2.497957689240999790e-25
4.862215553888472597e-01,2.450252304413999799e-25
4.863215803950988181e-01,2.433835459467999858e-25
4.864216054013503765e-01,2.498903829172999787e-25
4.865216304076019349e-01,2.400335344996999986e-25
4.866216554138534933e-01,2.486938940369999932e-25
4.867216804201050517e-01,2.436845835166999965e-25
4.868217054263566101e-01,2.423827252202999860e-25
4.869217304326081686e-01,2.485751795809000001e-25
4.870217554388597270e-01,2.388788921978999918e-25
4.871217804451113409e-01,2.475879232374000014e-25
4.872218054513628438e-01,2.423401610507000220e-25
4.873218304576144577e-01,2.413870959359999793e-25
4.874218554638660161e-01,2.472677950484000081e-25
4.875218804701175745e-01,2.377257605189999866e-25
4.876219054763691330e-01,2.464734633261999845e-25
4.877219304826206914e-01,2.409914078966000070e-25
4.878219554888722498e-01,2.403701452119000002e-25
4.879219804951238082e-01,2.459693472904999829e-25
4.880220055013753666e-01,2.366085453528000032e-25
4.881220305076269250e-01,2.453865998679999863e-25
4.882220555138784834e-01,2.397049801562000189e-25
4.883220805201300418e-01,2.394039198835000202e-25
4.884221055263816558e-01,2.446939110860000177e-25
4.885221305326331587e-01,2.355173410686000051e-25
4.886221555388847726e-01,2.442946954865000072e-25
4.887221805451363310e-01,2.384074281822999812e-25
4.888222055513878894e-01,2.384306425115999853e-25
4.889222305576394478e-01,2.434093288224000064e-25
4.890222555638910062e-01,2.344170480222000091e-25
4.891222805701425647e-01,2.431908062710999989e-25
4.892223055763941231e-01,2.371214436423000176e-25
4.893223305826456815e-01,2.374640492702999914e-25
4.894223555888972399e-01,2.421272481444000183e-25
4.895223805951487983e-01,2.333291806252000061e-25
4.896224056014003567e-01,2.420882152965000150e-25
4.897224306076519706e-01,2.358485834566000158e-25
4.898224556139034735e-01,2.365045716324999855e-25
4.899224806201550875e-01,2.408520120768999897e-25
4.900225056264066459e-01,2.322727342727999825e-25
4.901225306326582043e-01,2.410096046933000011e-25
4.902225556389097627e-01,2.345884750721999843e-25
4.903225806451613211e-01,2.355566818131000014e-25
4.904226056514128795e-01,2.395848703917999863e-25
4.905226306576644379e-01,2.312157540211000091e-25
4.906226556639159964e-01,2.399417989789000048e-25
4.907226806701675548e-01,2.333512315002999977e-25
4.908227056764191687e-01,2.346077711004000106e-25
4.909227306826706716e-01,2.383247877268999775e-25
4.910227556889222855e-01,2.301634814152000006e-25
4.911227806951737884e-01,2.388519365962000038e-25
4.912228057014254023e-01,2.321056670610999862e-25
4.913228307076769608e-01,2.336529351765999881e-25
4.914228557139285192e-01,2.370747311558000117e-25
4.915228807201800776e-01,2.291336970354999864e-25
4.916229057264316360e-01,2.377825881096999930e-25
4.917229307326831944e-01,2.309058135594000112e-25
4.918229557389347528e-01,2.327356758586999900e-25
4.919229807451863112e-01,2.358562101282999921e-25
4.920230057514378696e-01,2.281311323464000038e-25
4.921230307576894836e-01,2.367182573733000130e-25
4.922230557639409865e-01,2.297033193212999812e-25
4.923230807701926004e-01,2.317918654496999852e-25
4.924231057764441588e-01,2.346183150486000098e-25
4.925231307826957172e-01,2.271269122396000086e-25
4.926231557889472756e-01,2.356495728859999924e-25
4.927231807951988340e-01,2.285252148523999967e-25
4.928232058014503925e-01,2.308743343943000145e-25
4.929232308077019509e-01,2.333995563055000090e-25
4.930232558139535093e-01,2.261365444356999886e-25
4.931232808202050677e-01,2.345807505629999947e-25
4.932233058264566261e-01,2.273540422284000189e-25
4.933233308327081845e-01,2.299469037088999822e-25
4.934233558389597984e-01,2.321785383868999855e-25
4.935233808452113013e-01,2.251592869834000018e-25
4.936234058514629153e-01,2.335091665763000173e-25
4.937234308577144737e-01,2.262024904967000196e-25
4.938234558639660321e-01,2.290496331105000099e-25
4.939234808702175905e-01,2.309710007750999913e-25
4.940235058764691489e-01,2.241952903881000129e-25
4.941235308827207073e-01,2.324444343535999832e-25
4.942235558889722657e-01,2.250397580725000098e-25
4.943235808952238242e-01,2.281331414333999834e-25
4.944236059014753826e-01,2.297669776914999784e-25
4.945236309077269410e-01,2.232404967167000121e-25
4.946236559139784994e-01,2.313999864433000186e-25
4.947236809202301133e-01,2.239186777135999776e-25
4.948237059264816162e-01,2.272426426912999837e-25
4.949237309327332301e-01,2.285872345032999880e-25
4.950237559389847886e-01,2.222966954023000116e-25
4.951237809452363470e-01,2.303466616276999937e-25
4.952238059514879054e-01,2.227936546653000019e-25
4.953238309577394638e-01,2.263289959680000002e-25
4.954238559639910222e-01,2.274055626666999820e-25
4.955238809702425806e-01,2.213739087134000011e-25
4.956239059764941390e-01,2.293105974720999815e-25
4.957239309827456974e-01,2.217091081538000146e-25
4.958239559889973114e-01,2.254442271655000129e-25
4.959239809952488143e-01,2.262389109125999917e-25
4.960240060015004282e-01,2.204578342726999982e-25
4.961240310077519866e-01,2.282580551097000185e-25
4.962240560140035450e-01,2.206187887375000092e-25
4.963240810202551034e-01,2.245585466932999995e-25
4.964241060265066618e-01,2.250750782891999853e-25
4.965241310327582203e-01,2.195564829413999794e-25
4.966241560390097787e-01,2.272194066607000104e-25
4.967241810452613371e-01,2.195354922704999826e-25
4.968242060515128955e-01,2.236758123183000187e-25
4.969242310577644539e-01,2.239280434021999888e-25
4.970242560640160123e-01,2.186557313898999870e-25
4.971242810702676262e-01,2.261763859177000221e-25
4.972243060765191291e-01,2.184717553362999876e-25
4.973243310827707431e-01,2.227888662631999955e-25
4.974243560890223015e-01,2.227747547312999950e-25
4.975243810952738599e-01,2.177622162222000227e-25
4.976244061015254183e-01,2.251438972344999879e-25
4.977244311077769767e-01,2.174444388760000039e-25
4.978244561140285351e-01,2.219290870811000203e-25
4.979244811202800935e-01,2.216477493825000041e-25
4.980245061265316520e-01,2.169035281932000185e-25
4.981245311327832104e-01,2.241150952175999930e-25
4.982245561390347688e-01,2.164022644122000099e-25
4.983245811452863272e-01,2.210532819061000125e-25
4.984246061515379411e-01,2.205024671662999864e-25
4.985246311577894440e-01,2.160241851782000201e-25
4.986246561640410579e-01,2.230799143151000116e-25
4.987246811702926164e-01,2.153715722686999968e-25
4.988247061765441748e-01,2.201927227417999924e-25
4.989247311827957332e-01,2.193853343001000008e-25
4.990247561890472916e-01,2.151662992950000095e-25
4.991247811952988500e-01,2.220666721150999864e-25
4.992248062015504084e-01,2.143600109843999993e-25
4.993248312078019668e-01,2.193239694889999969e-25
4.994248562140535252e-01,2.182768046251999782e-25
4.995248812203051392e-01,2.143133288578000203e-25
4.996249062265566421e-01,2.210456388910000121e-25
4.997249312328082560e-01,2.133654768681000004e-25
4.998249562390598144e-01,2.184684192232999952e-25
4.999249812453113728e-01,2.171881300956999846e-25
5.000250062515628757e-01,2.134761317944000067e-25
5.001250312578144896e-01,2.200173009867000202e-25
5.002250562640659926e-01,2.123734186575999820e-25
5.003250812703176065e-01,2.176072253155999991e-25
5.004251062765692204e-01,2.160916992057000118e-25
5.005251312828207233e-01,2.126547502709999794e-25
5.006251562890723372e-01,2.190207006957000141e-25
5.007251812953238401e-01,2.114128789678000037e-25
5.008252063015754540e-01,2.167715296348999924e-25
5.009252313078269570e-01,2.150261552929000141e-25
5.010252563140785709e-01,2.118446515914999955e-25
5.011252813203300738e-01,2.180203835500999847e-25
5.012253063265816877e-01,2.104505513466000159e-25
5.013253313328331906e-01,2.159164430780000059e-25
5.014253563390848045e-01,2.139528609193000223e-25
5.015253813453364184e-01,2.110314872923999795e-25
5.016254063515879213e-01,2.170212257826999847e-25
5.017254313578395353e-01,2.095084205447000087e-25
5.018254563640910382e-01,2.150647449718999815e-25
5.019254813703426521e-01,2.128809270832999832e-25
5.020255063765941550e-01,2.102172973784000172e-25
5.021255313828457689e-01,2.160088793049999933e-25
5.022255563890972718e-01,2.085767208613000006e-25
5.023255813953488857e-01,2.142312241255999859e-25
5.024256064016003887e-01,2.118331556332000092e-25
5.025256314078520026e-01,2.094378680843999945e-25
5.026256564141036165e-01,2.150146867919999849e-25
5.027256814203551194e-01,2.076482000301999876e-25
5.028257064266066223e-01,2.134010586011000056e-25
5.029257314328582362e-01,2.107815129959000095e-25
5.030257564391098501e-01,2.086450659343000118e-25
5.031257814453613531e-01,2.140257020176000101e-25
5.032258064516129670e-01,2.067233732112999996e-25
5.033258314578644699e-01,2.125675415900999844e-25
5.034258564641160838e-01,2.097519243283000010e-25
5.035258814703675867e-01,2.078616248135000155e-25
5.036259064766192006e-01,2.130440443226999810e-25
5.037259314828707035e-01,2.058173868801999952e-25
5.038259564891223174e-01,2.117250336279999824e-25
5.039259814953738204e-01,2.087254893398999988e-25
5.040260065016254343e-01,2.070940335687999942e-25
5.041260315078770482e-01,2.120711985784000007e-25
5.042260565141285511e-01,2.049370854196999969e-25
5.043260815203801650e-01,2.109122635138999893e-25
5.044261065266316679e-01,2.077128842716999987e-25
5.045261315328832818e-01,2.063192397432999983e-25
5.046261565391347848e-01,2.110929034523999940e-25
5.047261815453863987e-01,2.040573409526999971e-25
5.048262065516379016e-01,2.100911478768000201e-25
5.049262315578895155e-01,2.067105533875999900e-25
5.050262565641410184e-01,2.055625071348000073e-25
5.051262815703926323e-01,2.101290280628000171e-25
5.052263065766442462e-01,2.031888256045000052e-25
5.053263315828957492e-01,2.092694129982000143e-25
5.054263565891473631e-01,2.057140767699000100e-25
5.055263815953988660e-01,2.048102840287000076e-25
5.056264066016504799e-01,2.091684629470999799e-25
5.057264316079019828e-01,2.023253068742999930e-25
5.058264566141535967e-01,2.084553861983000210e-25
5.059264816204050996e-01,2.047327154429999920e-25
5.060265066266567136e-01,2.040536145948000071e-25
5.061265316329082165e-01,2.082120943681999800e-25
5.062265566391598304e-01,2.014681783189999950e-25
5.063265816454114443e-01,2.076205641537000199e-25
5.064266066516629472e-01,2.037598259401000023e-25
5.065266316579144501e-01,2.033118811210000002e-25
5.066266566641660640e-01,2.072588331250999848e-25
5.067266816704176779e-01,2.006407302568000103e-25
5.068267066766691809e-01,2.068134465111000138e-25
5.069267316829207948e-01,2.027987304158999954e-25
5.070267566891722977e-01,2.025765093741999956e-25
5.071267816954239116e-01,2.063152798013999978e-25
5.072268067016754145e-01,1.998168745678000028e-25
5.073268317079270284e-01,2.060036862621999926e-25
5.074268567141785313e-01,2.018473033817000073e-25
5.075268817204301453e-01,2.018359895624999916e-25
5.076269067266816482e-01,2.053615882184999958e-25
5.077269317329332621e-01,1.989907947622999901e-25
5.078269567391848760e-01,2.051806836789999891e-25
5.079269817454363789e-01,2.009001877749999956e-25
5.080270067516879928e-01,2.011078835948000076e-25
5.081270317579394957e-01,2.044286284169999991e-25
5.082270567641911097e-01,1.981967139808999947e-25
5.083270817704426126e-01,2.043732664988999978e-25
5.084271067766942265e-01,1.999714603352000099e-25
5.085271317829457294e-01,2.003890552999999989e-25
5.086271567891973433e-01,2.034896960671999891e-25
5.087271817954488462e-01,1.974142734526999938e-25
5.088272068017004601e-01,2.035796103977999889e-25
5.089272318079520740e-01,1.990533974366000078e-25
5.090272568142035770e-01,1.996932333679000112e-25
5.091272818204551909e-01,2.025710977007999967e-25
5.092273068267066938e-01,1.966272385142000092e-25
5.093273318329583077e-01,2.027859945844999895e-25
5.094273568392098106e-01,1.981454146710000037e-25
5.095273818454614245e-01,1.989764854356000058e-25
5.096274068517129274e-01,2.016466627099000080e-25
5.097274318579645414e-01,1.958549607639000108e-25
5.098274568642160443e-01,2.019847544445999939e-25
5.099274818704676582e-01,1.972512932741000001e-25
5.100275068767192721e-01,1.982935914631000015e-25
5.101275318829707750e-01,2.007479651347999940e-25
5.102275568892222779e-01,1.951053224363000080e-25
5.103275818954738918e-01,2.011906023943000082e-25
5.104276069017255058e-01,1.963504093724000023e-25
5.105276319079770087e-01,1.975918539900999887e-25
5.106276569142286226e-01,1.998164370024999961e-25
5.107276819204801255e-01,1.943222958322999989e-25
5.108277069267317394e-01,2.003903854123999969e-25
5.109277319329832423e-01,1.954552447777999959e-25
5.110277569392348562e-01,1.968855580950999945e-25
5.111277819454863591e-01,1.989178402873999927e-25
5.112278069517379731e-01,1.935775344565000074e-25
5.113278319579894760e-01,1.996044208603999951e-25
5.114278569642410899e-01,1.945891418246000001e-25
5.115278819704927038e-01,1.961904768822999979e-25
5.116279069767442067e-01,1.980235117487999982e-25
5.117279319829958206e-01,1.928467178577999946e-25
5.118279569892473235e-01,1.988124951225999927e-25
5.119279819954989375e-01,1.937321518220999993e-25
5.120280070017504404e-01,1.955084590127999973e-25
5.121280320080020543e-01,1.971342256054000113e-25
5.122280570142535572e-01,1.921354094806000035e-25
5.123280820205051711e-01,1.980287013442000103e-25
5.124281070267566740e-01,1.928671816785999957e-25
5.125281320330082879e-01,1.948234690383000106e-25
5.126281570392599019e-01,1.962357582708999939e-25
5.127281820455114048e-01,1.914015614643000110e-25
5.128282070517630187e-01,1.972459676762999904e-25
5.129282320580145216e-01,1.920268525973000072e-25
5.130282570642661355e-01,1.941531805636999947e-25
5.131282820705176384e-01,1.953719891673000104e-25
5.132283070767692523e-01,1.907029172977999916e-25
5.133283320830207552e-01,1.964767468556999956e-25
5.134283570892723692e-01,1.912059480360999909e-25
5.135283820955238721e-01,1.934777477186999981e-25
5.136284071017754860e-01,1.944885207034999941e-25
5.137284321080270999e-01,1.899926951809000014e-25
5.138284571142786028e-01,1.956877310708999934e-25
5.139284821205301057e-01,1.903805249511000098e-25
5.140285071267817196e-01,1.928097617851999957e-25
5.141285321330333336e-01,1.936230487487999923e-25
5.142285571392848365e-01,1.893162499733999887e-25
5.143285821455364504e-01,1.949244692028000011e-25
5.144286071517879533e-01,1.895700031878999968e-25
5.145286321580395672e-01,1.921522328224000111e-25
5.146286571642910701e-01,1.927587881512999918e-25
5.147286821705426840e-01,1.886238158315999958e-25
5.148287071767941869e-01,1.941516599112000044e-25
5.149287321830458009e-01,1.887674609063000020e-25
5.150287571892973038e-01,1.915002918066000091e-25
5.151287821955489177e-01,1.919198699269000080e-25
5.152288072018005316e-01,1.879557045730999979e-25
5.153288322080520345e-01,1.933764133096999974e-25
5.154288572143036484e-01,1.879596284029000075e-25
5.155288822205551513e-01,1.908310283480000089e-25
5.156289072268067653e-01,1.910596840032999905e-25
5.157289322330582682e-01,1.872823433967999981e-25
5.158289572393098821e-01,1.926162167904000031e-25
5.159289822455613850e-01,1.871748290180999976e-25
5.160290072518129989e-01,1.901715570993000017e-25
5.161290322580645018e-01,1.902197050175999945e-25
5.162290572643161157e-01,1.866202511998999993e-25
5.163290822705677297e-01,1.918463181288999973e-25
5.164291072768192326e-01,1.864028482657000000e-25
5.165291322830708465e-01,1.895213918926999923e-25
5.166291572893223494e-01,1.893738463010999914e-25
5.167291822955739633e-01,1.859615104691000028e-25
5.168292073018254662e-01,1.910819687013999887e-25
5.169292323080770801e-01,1.856348692241000046e-25
5.170292573143285830e-01,1.888763769109000007e-25
5.171292823205801970e-01,1.885404983909000059e-25
5.172293073268316999e-01,1.853184426450000040e-25
5.173293323330833138e-01,1.903318229575999952e-25
5.174293573393348167e-01,1.848729960688000043e-25
5.175293823455864306e-01,1.882269682337000074e-25
5.176294073518379335e-01,1.877164395493999955e-25
5.177294323580895474e-01,1.846776926653999896e-25
5.178294573643411614e-01,1.895743732883999907e-25
5.179294823705926643e-01,1.841259631305000113e-25
5.180295073768442782e-01,1.875974947247999986e-25
5.181295323830957811e-01,1.869081495272000097e-25
5.182295573893473950e-01,1.840510154066000047e-25
5.183295823955988979e-01,1.888374430060000094e-25
5.184296074018505118e-01,1.833894166557000072e-25
5.185296324081020147e-01,1.869501691656000100e-25
5.186296574143536287e-01,1.860956246296999889e-25
5.187296824206051316e-01,1.834212639096000053e-25
5.188297074268567455e-01,1.880799529335000071e-25
5.189297324331083594e-01,1.826597024729000114e-25
5.190297574393598623e-01,1.863275817232999972e-25
5.191297824456114762e-01,1.853016082588999908e-25
5.192298074518629791e-01,1.828022928560999923e-25
5.193298324581145931e-01,1.873397087622999989e-25
5.194298574643660960e-01,1.819442102879000103e-25
5.195298824706177099e-01,1.856923793726999905e-25
5.196299074768692128e-01,1.845100650712999924e-25
5.197299324831208267e-01,1.821998005724000109e-25
5.198299574893723296e-01,1.865974740528000104e-25
5.199299824956239435e-01,1.812368862287999929e-25
5.200300075018755575e-01,1.850707029468999944e-25
5.201300325081270604e-01,1.837163284899000004e-25
5.202300575143786743e-01,1.815906304945999906e-25
5.203300825206301772e-01,1.858553915901000013e-25
5.204301075268817911e-01,1.805270634322999890e-25
5.205301325331332940e-01,1.844435250628999985e-25
5.206301575393849079e-01,1.829330078256000001e-25
5.207301825456364108e-01,1.809950993046999930e-25
5.208302075518880248e-01,1.851258054731999951e-25
5.209302325581395277e-01,1.798313293559999971e-25
5.210302575643911416e-01,1.838239590448999998e-25
5.211302825706426445e-01,1.821567224040999889e-25
5.212303075768942584e-01,1.803977949755000005e-25
5.213303325831457613e-01,1.843969206435999898e-25
5.214303575893973752e-01,1.791390469861999992e-25
5.215303825956489892e-01,1.831952657338999891e-25
5.216304076019004921e-01,1.813835884144000002e-25
5.217304326081521060e-01,1.798042761083000101e-25
5.218304576144036089e-01,1.836692573230000051e-25
5.219304826206552228e-01,1.784615820799000080e-25
5.220305076269067257e-01,1.825767373297999954e-25
5.221305326331583396e-01,1.806228516142000090e-25
5.222305576394098425e-01,1.792192342473000002e-25
5.223305826456614565e-01,1.829455431044000009e-25
5.224306076519129594e-01,1.777967042779000111e-25
5.225306326581645733e-01,1.819687213879999965e-25
5.226306576644161872e-01,1.798756589821000060e-25
5.227306826706676901e-01,1.786408557781000023e-25
5.228307076769193040e-01,1.822224544067999931e-25
5.229307326831708069e-01,1.771358437254000002e-25
5.230307576894224209e-01,1.813541844804000072e-25
5.231307826956739238e-01,1.791305495141000033e-25
5.232308077019255377e-01,1.780800360683000069e-25
5.233308327081770406e-01,1.815164444181999930e-25
5.234308577144286545e-01,1.764870842271000109e-25
5.235308827206801574e-01,1.807439507617999902e-25
5.236309077269317713e-01,1.783858723833999940e-25
5.237309327331833853e-01,1.775056853226999942e-25
5.238309577394348882e-01,1.807980164670000056e-25
5.239309827456863911e-01,1.758351824256999923e-25
5.240310077519380050e-01,1.801334660665000032e-25
5.241310327581896189e-01,1.776601057388000103e-25
5.242310577644411218e-01,1.769480024924999907e-25
5.243310827706927357e-01,1.800882720676000084e-25
5.244311077769442386e-01,1.752026515039999952e-25
5.245311327831958526e-01,1.795319888253999974e-25
5.246311577894473555e-01,1.769326932607000045e-25
5.247311827956989694e-01,1.763950099886000004e-25
5.248312078019504723e-01,1.793914125521000074e-25
5.249312328082020862e-01,1.745765790186000020e-25
5.250312578144535891e-01,1.789308774239999963e-25
5.251312828207052030e-01,1.762090356567999964e-25
5.252313078269568170e-01,1.758274254864000027e-25
5.253313328332083199e-01,1.786771131631000033e-25
5.254313578394599338e-01,1.739448225555999964e-25
5.255313828457114367e-01,1.783314921114000043e-25
5.256314078519630506e-01,1.755085661962999946e-25
5.257314328582145535e-01,1.752812566639999979e-25
5.258314578644661674e-01,1.779826991726000107e-25
5.259314828707176703e-01,1.733347495688999891e-25
5.260315078769692843e-01,1.777279836081000074e-25
5.261315328832207872e-01,1.748012740139999979e-25
5.262315578894724011e-01,1.747339514007000086e-25
5.263315828957240150e-01,1.772850984765999987e-25
5.264316079019755179e-01,1.727249731624999896e-25
5.265316329082270208e-01,1.771286948001000048e-25
5.266316579144786347e-01,1.741109809835999987e-25
5.267316829207302487e-01,1.742033516234000075e-25
5.268317079269817516e-01,1.766055249273000075e-25
5.269317329332333655e-01,1.721407337502999888e-25
5.270317579394848684e-01,1.765437671334000020e-25
5.271317829457364823e-01,1.734250891765000095e-25
5.272318079519879852e-01,1.736717910711999934e-25
5.273318329582395991e-01,1.759258518786000030e-25
5.274318579644912131e-01,1.715462378480000050e-25
5.275318829707427160e-01,1.759415121378000044e-25
5.276319079769942189e-01,1.727416522005000046e-25
5.277319329832458328e-01,1.731402567195999932e-25
5.278319579894974467e-01,1.752459497431999935e-25
5.279319829957489496e-01,1.709683327171000065e-25
5.280320080020005635e-01,1.753486600170000051e-25
5.281320330082520664e-01,1.720556031136000026e-25
5.282320580145036804e-01,1.725999406711000028e-25
5.283320830207551833e-01,1.745629334756000035e-25
5.284321080270067972e-01,1.703897829173999952e-25
5.285321330332584111e-01,1.747578172663000067e-25
5.286321580395099140e-01,1.713983175325999930e-25
5.287321830457614169e-01,1.720840799219000081e-25
5.288322080520130308e-01,1.738887346039000097e-25
5.289322330582646448e-01,1.698276066767000006e-25
5.290322580645161477e-01,1.741772700717999979e-25
5.291322830707677616e-01,1.707421228932000057e-25
5.292323080770192645e-01,1.715692473162000033e-25
5.293323330832708784e-01,1.732162422760999941e-25
5.294323580895223813e-01,1.692631040142000001e-25
5.295323830957739952e-01,1.735956876491000008e-25
5.296324081020254981e-01,1.700893679958000014e-25
5.297324331082771121e-01,1.710487625000999901e-25
5.298324581145286150e-01,1.725512788232000100e-25
5.299324831207802289e-01,1.687157543585999966e-25
5.300325081270318428e-01,1.730156415082999969e-25
5.301325331332833457e-01,1.694462750616999997e-25
5.302325581395348486e-01,1.705417209100000082e-25
5.303325831457864625e-01,1.718878419703000096e-25
5.304326081520380765e-01,1.681667956593000057e-25
5.305326331582895794e-01,1.724294097521000011e-25
5.306326581645411933e-01,1.687986671539000069e-25
5.307326831707926962e-01,1.700407707874999889e-25
5.308327081770443101e-01,1.712343980450000025e-25
5.309327331832958130e-01,1.676223875372999898e-25
5.310327581895474269e-01,1.718622637714999982e-25
5.311327831957990409e-01,1.681707530677999968e-25
5.312328082020505438e-01,1.695290469946000080e-25
5.313328332083020467e-01,1.705783429926999970e-25
5.314328582145536606e-01,1.670809393921000087e-25
5.315328832208052745e-01,1.712786380131999981e-25
5.316329082270567774e-01,1.675427339556999898e-25
5.317329332333083913e-01,1.690330387876000048e-25
5.318329582395598942e-01,1.699402590761000046e-25
5.319329832458115082e-01,1.665593467998999905e-25
5.320330082520630111e-01,1.707149299001000009e-25
5.321330332583146250e-01,1.669244170858000105e-25
5.322330582645662389e-01,1.685254602498999951e-25
5.323330832708177418e-01,1.693006527832999904e-25
5.324331082770692447e-01,1.660408936239999904e-25
5.325331332833208586e-01,1.701445706001999940e-25
5.326331582895724726e-01,1.663180710944000040e-25
5.327331832958239755e-01,1.680271130485999960e-25
5.328332083020755894e-01,1.686557199995999960e-25
5.329332333083270923e-01,1.655192517954000073e-25
5.330332583145787062e-01,1.695788208540000076e-25
5.331332833208302091e-01,1.657309261331000029e-25
5.332333083270818230e-01,1.675449301242000090e-25
5.333333333333333259e-01,1.680263194613999981e-25
5.334333583395849399e-01,1.650103237997000078e-25
5.335333833458364428e-01,1.690018447602999903e-25
5.336334083520880567e-01,1.651274748691000045e-25
5.337334333583396706e-01,1.670504838531000072e-25
5.338334583645911735e-01,1.673885468125999948e-25
5.339334833708426764e-01,1.645087303782000071e-25
5.340335083770942903e-01,1.684419193294000002e-25
5.341335333833459043e-01,1.645443362642000110e-25
5.342335583895974072e-01,1.665848895550999979e-25
5.343335833958490211e-01,1.667789365869000097e-25
5.344336084021005240e-01,1.640119965489999906e-25
5.345336334083521379e-01,1.678807221505000003e-25
5.346336584146036408e-01,1.639526056620000005e-25
5.347336834208552547e-01,1.660860611010999969e-25
5.348337084271068687e-01,1.661531484043000073e-25
5.349337334333583716e-01,1.635190270380999997e-25
5.350337584396098745e-01,1.673257467694999955e-25
5.351337834458614884e-01,1.633842598518999903e-25
5.352338084521131023e-01,1.656041017775999939e-25
5.353338334583646052e-01,1.655335572763999916e-25
5.354338584646162191e-01,1.630308792932000085e-25
5.355338834708677220e-01,1.667691325097999893e-25
5.356339084771193360e-01,1.628194026633000066e-25
5.357339334833708389e-01,1.651347944354999895e-25
5.358339584896224528e-01,1.649312025953999943e-25
5.359339834958740667e-01,1.625545473013999910e-25
5.360340085021255696e-01,1.662143757527999897e-25
5.361340335083770725e-01,1.622528991266000047e-25
5.362340585146286864e-01,1.646637032269999951e-25
5.363340835208803004e-01,1.643340160464999934e-25
5.364341085271318033e-01,1.620815542986999938e-25
5.365341335333834172e-01,1.656687194421000105e-25
5.366341585396349201e-01,1.616958648523999925e-25
5.367341835458865340e-01,1.641852015469999910e-25
5.368342085521380369e-01,1.637346365693999950e-25
5.369342335583896508e-01,1.616010763818999951e-25
5.370342585646411537e-01,1.651156589617999904e-25
5.371342835708927677e-01,1.611562297588999945e-25
5.372343085771442706e-01,1.637180868306999987e-25
5.373343335833958845e-01,1.631454420065000099e-25
5.374343585896474984e-01,1.611326363256999978e-25
5.375343835958990013e-01,1.645601712218999912e-25
5.376344086021505042e-01,1.606128853576000024e-25
5.377344336084021181e-01,1.632388753461000047e-25
5.378344586146537321e-01,1.625520107381000095e-25
5.379344836209052350e-01,1.606794957573999971e-25
5.380345086271568489e-01,1.640152349989999939e-25
5.381345336334083518e-01,1.600863977146999942e-25
5.382345586396599657e-01,1.627852007776000041e-25
5.383345836459114686e-01,1.619690880184000064e-25
5.384346086521630825e-01,1.602257084921000102e-25
5.385346336584146965e-01,1.634708253528000035e-25
5.386346586646661994e-01,1.595487604142999996e-25
5.387346836709177023e-01,1.623120765795000038e-25
5.388347086771693162e-01,1.613830325771000010e-25
5.389347336834209301e-01,1.597748680549999984e-25
5.390347586896724330e-01,1.629350998651000047e-25
5.391347836959240469e-01,1.590316360390999912e-25
5.392348087021755498e-01,1.618551397723000039e-25
5.393348337084271638e-01,1.608108625086000107e-25
5.394348587146786667e-01,1.593310723631000004e-25
5.395348837209302806e-01,1.623996485420000109e-25
5.396349087271818945e-01,1.585180813552000090e-25
5.397349337334333974e-01,1.614025418241999945e-25
5.398349587396849003e-01,1.602455838067000000e-25
5.399349837459365142e-01,1.588915411847999900e-25
5.400350087521881282e-01,1.618684770692999946e-25
5.401350337584396311e-01,1.580038948709999967e-25
5.402350587646912450e-01,1.609423348504999999e-25
5.403350837709427479e-01,1.596820181562999912e-25
5.404351087771943618e-01,1.584461424310000047e-25
5.405351337834458647e-01,1.613384543676000000e-25
5.406351587896974786e-01,1.575096781445000030e-25
5.407351837959489815e-01,1.604880767314999950e-25
5.408352088022005955e-01,1.591295310110000092e-25
5.409352338084520984e-01,1.580189035081000056e-25
5.410352588147037123e-01,1.608094072010999951e-25
5.411352838209553262e-01,1.570151761369999967e-25
5.412353088272068291e-01,1.600361330698999938e-25
5.413353338334583320e-01,1.585745809923000103e-25
5.414353588397099459e-01,1.575837137948999956e-25
5.415353838459615599e-01,1.602768297669999997e-25
5.416354088522130628e-01,1.565216740211999996e-25
5.417354338584646767e-01,1.595851326018999902e-25
5.418354588647161796e-01,1.580299628226999999e-25
5.419354838709677935e-01,1.571561138789000033e-25
5.420355088772192964e-01,1.597575230182000042e-25
5.421355338834709103e-01,1.560508107124999892e-25
5.422355588897225243e-01,1.591405859611000030e-25
5.423355838959740272e-01,1.574949525434000058e-25
5.424356089022255301e-01,1.567387580820000085e-25
5.425356339084771440e-01,1.592316379259000010e-25
5.426356589147287579e-01,1.555747015690000061e-25
5.427356839209802608e-01,1.586921379648000094e-25
5.428357089272318747e-01,1.569591069536000094e-25
5.429357339334833776e-01,1.563326888969000094e-25
5.430357589397349916e-01,1.587197066885000083e-25
5.431357839459864945e-01,1.550995841222000002e-25
5.432358089522381084e-01,1.582365687120000091e-25
5.433358339584897223e-01,1.564195326720000016e-25
5.434358589647412252e-01,1.559149955501000036e-25
5.435358839709927281e-01,1.582021089904000097e-25
5.436359089772443420e-01,1.546414511395999926e-25
5.437359339834959560e-01,1.578060178624000033e-25
5.438359589897474589e-01,1.559013140269000083e-25
5.439359839959990728e-01,1.555037224868999956e-25
5.440360090022505757e-01,1.576902146807000032e-25
5.441360340085021896e-01,1.541807163568000047e-25
5.442360590147536925e-01,1.573478167419999999e-25
5.443360840210053064e-01,1.553730715583000093e-25
5.444361090272568093e-01,1.550986166668999979e-25
5.445361340335084233e-01,1.571822683642999935e-25
5.446361590397599262e-01,1.537461150528000031e-25
5.447361840460115401e-01,1.569265481820999961e-25
5.448362090522631540e-01,1.548695702008000028e-25
5.449362340585146569e-01,1.547067766915999918e-25
5.450362590647661598e-01,1.566699343489999984e-25
5.451362840710177737e-01,1.532857882725999911e-25
5.452363090772693877e-01,1.564821272638000083e-25
5.453363340835208906e-01,1.543576849957999995e-25
5.454363590897725045e-01,1.543084216170000019e-25
5.455363840960240074e-01,1.561763868585000067e-25
5.456364091022756213e-01,1.528545516648999993e-25
5.457364341085271242e-01,1.560404676868999974e-25
5.458364591147787381e-01,1.538498249086999979e-25
5.459364841210303521e-01,1.539075297852999963e-25
5.460365091272818550e-01,1.556653272189000015e-25
5.461365341335333579e-01,1.524245609845000101e-25
5.462365591397849718e-01,1.556102853520999953e-25
5.463365841460365857e-01,1.533531587836000048e-25
5.464366091522880886e-01,1.535209018989000068e-25
5.465366341585397025e-01,1.551638330862000074e-25
5.466366591647912054e-01,1.519951578491000005e-25
5.467366841710428194e-01,1.551781921490999967e-25
5.468367091772943223e-01,1.528590645888999959e-25
5.469367341835459362e-01,1.531331614739999955e-25
5.470367591897975501e-01,1.546669782023999972e-25
5.471367841960490530e-01,1.515746715600000005e-25
5.472368092023005559e-01,1.547403046501999985e-25
5.473368342085521698e-01,1.523637049636000098e-25
5.474368592148037838e-01,1.527544831548000044e-25
5.475368842210552867e-01,1.541746094130999997e-25
5.476369092273069006e-01,1.511582912852999922e-25
5.477369342335584035e-01,1.543136225589000103e-25
5.478369592398100174e-01,1.518810865759999903e-25
5.479369842460615203e-01,1.523755177398000065e-25
5.480370092523131342e-01,1.536738460533000058e-25
5.481370342585646371e-01,1.507405898994000074e-25
5.482370592648162511e-01,1.538897872561000078e-25
5.483370842710677540e-01,1.514014167116000071e-25
5.484371092773193679e-01,1.520081109296000107e-25
5.485371342835709818e-01,1.532007886843999942e-25
5.486371592898224847e-01,1.503439708049999915e-25
5.487371842960739876e-01,1.534738267488999896e-25
5.488372093023256015e-01,1.509309578054000022e-25
5.489372343085772155e-01,1.516409914063000006e-25
5.490372593148287184e-01,1.527184003312000097e-25
5.491372843210803323e-01,1.499350723578000049e-25
5.492373093273318352e-01,1.530465763189999929e-25
5.493373343335834491e-01,1.504542365075999956e-25
5.494373593398349520e-01,1.512642542172999960e-25
5.495373843460865659e-01,1.522370161657999933e-25
5.496374093523381799e-01,1.495417937596999937e-25
5.497374343585896828e-01,1.526344923127999891e-25
5.498374593648411857e-01,1.499897887843000032e-25
5.499374843710927996e-01,1.508951596126000008e-25
5.500375093773444135e-01,1.517571555431000039e-25
5.501375343835959164e-01,1.491387047749000001e-25
5.502375593898475303e-01,1.522153932012999967e-25
5.503375843960990332e-01,1.495295146149000061e-25
5.504376094023506472e-01,1.505292851819000054e-25
5.505376344086021501e-01,1.512939469792999994e-25
5.506376594148537640e-01,1.487496707122999945e-25
5.507376844211053779e-01,1.518017214877000017e-25
5.508377094273568808e-01,1.490894244606000071e-25
5.509377344336083837e-01,1.501719871713999948e-25
5.510377594398599976e-01,1.508342338442999982e-25
5.511377844461116116e-01,1.483736797150999953e-25
5.512378094523631145e-01,1.513875187624000011e-25
5.513378344586147284e-01,1.486493393532999955e-25
5.514378594648662313e-01,1.498111050609999933e-25
5.515378844711178452e-01,1.503586153712000030e-25
5.516379094773693481e-01,1.479955925812000013e-25
5.517379344836209620e-01,1.509759536397999915e-25
5.518379594898724649e-01,1.482000458245000088e-25
5.519379844961240789e-01,1.494562921825999896e-25
5.520380095023755818e-01,1.499064115658999989e-25
5.521380345086271957e-01,1.476202159515999973e-25
5.522380595148788096e-01,1.505654495340999907e-25
5.523380845211303125e-01,1.477647350936999986e-25
5.524381095273818154e-01,1.490912914742000107e-25
5.525381345336334293e-01,1.494459929045999975e-25
5.526381595398850433e-01,1.472521709566999978e-25
5.527381845461365462e-01,1.501548969903999895e-25
5.528382095523881601e-01,1.473409508718999998e-25
5.529382345586396630e-01,1.487362189712999943e-25
5.530382595648912769e-01,1.489835623452999907e-25
5.531382845711427798e-01,1.468913095369000044e-25
5.532383095773943937e-01,1.497450576745000103e-25
5.533383345836460077e-01,1.469088889736999939e-25
5.534383595898975106e-01,1.483863583659999979e-25
5.535383845961490135e-01,1.485338341794000012e-25
5.536384096024006274e-01,1.465373504560999886e-25
5.537384346086522413e-01,1.493485031067000011e-25
5.538384596149037442e-01,1.464965145230000051e-25
5.539384846211553581e-01,1.480466320725999965e-25
5.540385096274068610e-01,1.480900210602999962e-25
5.541385346336584750e-01,1.461825878227000005e-25
5.542385596399099779e-01,1.489427835484999993e-25
5.543385846461615918e-01,1.460760557519000020e-25
5.544386096524132057e-01,1.476979369686999924e-25
5.545386346586647086e-01,1.476432854993000113e-25
5.546386596649162115e-01,1.458249197088999886e-25
5.547386846711678254e-01,1.485335948072000071e-25
5.548387096774194394e-01,1.456651766843999907e-25
5.549387346836709423e-01,1.473567528405000010e-25
5.550387596899225562e-01,1.472024954079999919e-25
5.551387846961740591e-01,1.454887932353999913e-25
5.552388097024256730e-01,1.481482890444999997e-25
5.553388347086771759e-01,1.452649223096000083e-25
5.554388597149287898e-01,1.470231450412000112e-25
5.555388847211802927e-01,1.467659976595999958e-25
5.556389097274319067e-01,1.451351383099999929e-25
5.557389347336834096e-01,1.477419689853000015e-25
5.558389597399350235e-01,1.448549437131000056e-25
5.559389847461866374e-01,1.466818263432999985e-25
5.560390097524381403e-01,1.463392806033000031e-25
5.561390347586896432e-01,1.448020001208999931e-25
5.562390597649412571e-01,1.473550249391999948e-25
5.563390847711928711e-01,1.444601434734000042e-25
5.564391097774443740e-01,1.463388055954000105e-25
5.565391347836959879e-01,1.459070236667999886e-25
5.566391597899474908e-01,1.444629944495000063e-25
5.567391847961991047e-01,1.469622180639999909e-25
5.568392098024506076e-01,1.440750446248999999e-25
5.569392348087022215e-01,1.460103515095000075e-25
5.570392598149538355e-01,1.454849584588000099e-25
5.571392848212053384e-01,1.441300506981999888e-25
5.572393098274568413e-01,1.465739295401999989e-25
5.573393348337084552e-01,1.436903544909999991e-25
5.574393598399600691e-01,1.456770321325999956e-25
5.575393848462115720e-01,1.450708410456000020e-25
5.576394098524631859e-01,1.438046520400999922e-25
5.577394348587146888e-01,1.461834864106000049e-25
5.578394598649663028e-01,1.433122301109000082e-25
5.579394848712178057e-01,1.453524631603000091e-25
5.580395098774694196e-01,1.446616450655000028e-25
5.581395348837210335e-01,1.434815060721999947e-25
5.582395598899725364e-01,1.457902617709000026e-25
5.583395848962240393e-01,1.429211551486000078e-25
5.584396099024756532e-01,1.450063494272999967e-25
5.585396349087272672e-01,1.442396303663999909e-25
5.586396599149787701e-01,1.431541268999000016e-25
5.587396849212302730e-01,1.454093171832999990e-25
5.588397099274818869e-01,1.425590717532000009e-25
5.589397349337335008e-01,1.446826137372999932e-25
5.590397599399850037e-01,1.438368377008000034e-25
5.591397849462366176e-01,1.428400951477000025e-25
5.592398099524881205e-01,1.450368776823000003e-25
5.593398349587397345e-01,1.422061406780000007e-25
5.594398599649912374e-01,1.443567312698999971e-25
5.595398849712428513e-01,1.434351817575999949e-25
5.596399099774944652e-01,1.425248882237999955e-25
5.597399349837459681e-01,1.446488049403999887e-25
5.598399599899974710e-01,1.418454695130999989e-25
5.599399849962490849e-01,1.440303170653999978e-25
5.600400100025006989e-01,1.430386583736000082e-25
5.601400350087522018e-01,1.422183394234000059e-25
5.602400600150038157e-01,1.442682689701000051e-25
5.603400850212553186e-01,1.414961666996000026e-25
5.604401100275069325e-01,1.437033287452000021e-25
5.605401350337584354e-01,1.426362126404000002e-25
5.606401600400100493e-01,1.419166085769999925e-25
5.607401850462616633e-01,1.438873050475000071e-25
5.608402100525131662e-01,1.411477625790999964e-25
5.609402350587646691e-01,1.433908774466999995e-25
5.610402600650162830e-01,1.422405133512000081e-25
5.611402850712678969e-01,1.416165751374000007e-25
5.612403100775193998e-01,1.435184282585000025e-25
5.613403350837710137e-01,1.407999882435999954e-25
5.614403600900225166e-01,1.430725395408999921e-25
5.615403850962741306e-01,1.418538829140000066e-25
5.616404101025256335e-01,1.413168389158999941e-25
5.617404351087772474e-01,1.431439754432999908e-25
5.618404601150288613e-01,1.404573918977000073e-25
5.619404851212803642e-01,1.427568919440999987e-25
5.620405101275318671e-01,1.414683451306999908e-25
5.621405351337834810e-01,1.410200429011000004e-25
5.622405601400350950e-01,1.427770579958000095e-25
5.623405851462865979e-01,1.401243198703999919e-25
5.624406101525381008e-01,1.424476584591999925e-25
5.625406351587897147e-01,1.410927070533000079e-25
5.626406601650413286e-01,1.407291885980000011e-25
5.627406851712928315e-01,1.424057055398000027e-25
5.628407101775444454e-01,1.397779501130000060e-25
5.629407351837959483e-01,1.421268446334000100e-25
5.630407601900475623e-01,1.407158711743999961e-25
5.631407851962990652e-01,1.404335613807999895e-25
5.632408102025506791e-01,1.420473799614000047e-25
5.633408352088022930e-01,1.394603851787999948e-25
5.634408602150537959e-01,1.418101077853000067e-25
5.635408852213052988e-01,1.403432494972000015e-25
5.636409102275569127e-01,1.401528488622000097e-25
5.637409352338085267e-01,1.416850712746000067e-25
5.638409602400600296e-01,1.391376712598999912e-25
5.639409852463116435e-01,1.415033119950999921e-25
5.640410102525631464e-01,1.399730370211000033e-25
5.641410352588147603e-01,1.398651618139000065e-25
5.642410602650662632e-01,1.413301285346999976e-25
5.643410852713178771e-01,1.388205899800999921e-25
5.644411102775694911e-01,1.411917906341000048e-25
5.645411352838209940e-01,1.396122288692999982e-25
5.646411602900724969e-01,1.395806834857000012e-25
5.647411852963241108e-01,1.409677714577000075e-25
5.648412103025757247e-01,1.385116343437999981e-25
5.649412353088272276e-01,1.408879476365999946e-25
5.650412603150788415e-01,1.392522014938999980e-25
5.651412853213303444e-01,1.393031415414999903e-25
5.652413103275819584e-01,1.406091510634000098e-25
5.653413353338334613e-01,1.381959525510000015e-25
5.654413603400850752e-01,1.405844870005999925e-25
5.655413853463365781e-01,1.388991441752000096e-25
5.656414103525881920e-01,1.390265859871999908e-25
5.657414353588396949e-01,1.402675310170000099e-25
5.658414603650913088e-01,1.378980957473999941e-25
5.659414853713429228e-01,1.402797037517000115e-25
5.660415103775944257e-01,1.385521107969999991e-25
5.661415353838459286e-01,1.387469321914000102e-25
5.662415603900975425e-01,1.399080150363000052e-25
5.663415853963491564e-01,1.375930454376999989e-25
5.664416104026006593e-01,1.399635087692999965e-25
5.665416354088522732e-01,1.382003734158000101e-25
5.666416604151037761e-01,1.384866650815999923e-25
5.667416854213553901e-01,1.395687401188000095e-25
5.668417104276068930e-01,1.373056128861999920e-25
5.669417354338585069e-01,1.396750873789999899e-25
5.670417604401101208e-01,1.378659209876999950e-25
5.671417854463616237e-01,1.382205489842999892e-25
5.672418104526131266e-01,1.392269584116999903e-25
5.673418354588647405e-01,1.370183728069999904e-25
5.674418604651163545e-01,1.393789114410000047e-25
5.675418854713678574e-01,1.375289103380999888e-25
5.676419104776194713e-01,1.379483187871000108e-25
5.677419354838709742e-01,1.388736758342999905e-25
5.678419604901225881e-01,1.367173698850999915e-25
5.679419854963740910e-01,1.390692794715999914e-25
5.680420105026257049e-01,1.371943817158000052e-25
5.681420355088773189e-01,1.376840990764999895e-25
5.682420605151288218e-01,1.385363160975000018e-25
5.683420855213803247e-01,1.364411659744000004e-25
5.684421105276319386e-01,1.387703285546999994e-25
5.685421355338835525e-01,1.368675425154999990e-25
5.686421605401350554e-01,1.374274403407999950e-25
5.687421855463866693e-01,1.381933176711000089e-25
5.688422105526381722e-01,1.361601726787000011e-25
5.689422355588897862e-01,1.384674742484999910e-25
5.690422605651412891e-01,1.365302482022000027e-25
5.691422855713929030e-01,1.371653065883000096e-25
5.692423105776444059e-01,1.378565227865000020e-25
5.693423355838960198e-01,1.358898056681999922e-25
5.694423605901475227e-01,1.381854288549999891e-25
5.695423855963991366e-01,1.362199911742999902e-25
5.696424106026507506e-01,1.369178362517000114e-25
5.697424356089022535e-01,1.375324226310000015e-25
5.698424606151537564e-01,1.356262407565000099e-25
5.699424856214053703e-01,1.378913929214000037e-25
5.700425106276569842e-01,1.359004017022000076e-25
5.701425356339084871e-01,1.366631163453000114e-25
5.702425606401601010e-01,1.371946505327999900e-25
5.703425856464116039e-01,1.353559754862000107e-25
5.704426106526632179e-01,1.375979689047000036e-25
5.705426356589147208e-01,1.355847490939000021e-25
5.706426606651663347e-01,1.364155887403999951e-25
5.707426856714179486e-01,1.368651435946999903e-25
5.708427106776694515e-01,1.350897389106999954e-25
5.709427356839209544e-01,1.373061998584999963e-25
5.710427606901725683e-01,1.352721601475000076e-25
5.711427856964241823e-01,1.361675296630999976e-25
5.712428107026756852e-01,1.365372707139000081e-25
5.713428357089272991e-01,1.348323434359000045e-25
5.714428607151788020e-01,1.370205288423000068e-25
5.715428857214304159e-01,1.349568738261000037e-25
5.716429107276819188e-01,1.359197606616000060e-25
5.717429357339335327e-01,1.362171448608000066e-25
5.718429607401851467e-01,1.345733037417999920e-25
5.719429857464366496e-01,1.367407524922000006e-25
5.720430107526881525e-01,1.346637781446000052e-25
5.721430357589397664e-01,1.356781202817999916e-25
5.722430607651913803e-01,1.358975443422999932e-25
5.723430857714428832e-01,1.343208361805999986e-25
5.724431107776944971e-01,1.364591572745999943e-25
5.725431357839460000e-01,1.343674097158000066e-25
5.726431607901976140e-01,1.354361823784000076e-25
5.727431857964491169e-01,1.355838655052000075e-25
5.728432108027007308e-01,1.340720044011000069e-25
5.729432358089522337e-01,1.361699537333000084e-25
5.730432608152038476e-01,1.340716120333999929e-25
5.731432858214553505e-01,1.351972572216000104e-25
5.732433108277069644e-01,1.352657622140999979e-25
5.733433358339585784e-01,1.338271711705000045e-25
5.734433608402100813e-01,1.358837164570999927e-25
5.735433858464615842e-01,1.337667786623000111e-25
5.736434108527131981e-01,1.349565098255999957e-25
5.737434358589648120e-01,1.349529701052999963e-25
5.738434608652163149e-01,1.335855953879000039e-25
5.739434858714679288e-01,1.356187934096000077e-25
5.740435108777194317e-01,1.334893409701999980e-25
5.741435358839710457e-01,1.347292529468000070e-25
5.742435608902225486e-01,1.346522730752000000e-25
5.743435858964741625e-01,1.333433758099000074e-25
5.744436109027257764e-01,1.353453013076999951e-25
5.745436359089772793e-01,1.332097043440000113e-25
5.746436609152287822e-01,1.344912434095000019e-25
5.747436859214803961e-01,1.343507451098000081e-25
5.748437109277320101e-01,1.331077173444999917e-25
5.749437359339835130e-01,1.350642308049000091e-25
5.750437609402351269e-01,1.329283602186000091e-25
5.751437859464866298e-01,1.342546533558999982e-25
5.752438109527382437e-01,1.340406585895999960e-25
5.753438359589897466e-01,1.328652857954000005e-25
5.754438609652413605e-01,1.347864015206999940e-25
5.755438859714929745e-01,1.326551643468000105e-25
5.756439109777444774e-01,1.340224608839000009e-25
5.757439359839959803e-01,1.337430928347999921e-25
5.758439609902475942e-01,1.326426858722999896e-25
5.759439859964992081e-01,1.345136180361999927e-25
5.760440110027507110e-01,1.323788938309999931e-25
5.761440360090023249e-01,1.337945126438000094e-25
5.762440610152538278e-01,1.334484205428000053e-25
5.763440860215054418e-01,1.324172774328999970e-25
5.764441110277569447e-01,1.342469241734999928e-25
5.765441360340085586e-01,1.321098979465000017e-25
5.766441610402600615e-01,1.335664519705000020e-25
5.767441860465116754e-01,1.331564811057000092e-25
5.768442110527631783e-01,1.321848971234999938e-25
5.769442360590147922e-01,1.339779920643999990e-25
5.770442610652664062e-01,1.318618191204999948e-25
5.771442860715179091e-01,1.333488561280000051e-25
5.772443110777694120e-01,1.328731302859999982e-25
5.773443360840210259e-01,1.319767442828000000e-25
5.774443610902726398e-01,1.337118846910999906e-25
5.775443860965241427e-01,1.315923177466999925e-25
5.776444111027757566e-01,1.331159373555999981e-25
5.777444361090272595e-01,1.325812526700999900e-25
5.778444611152788735e-01,1.317565854872999992e-25
5.779444861215303764e-01,1.334427178411000046e-25
5.780445111277819903e-01,1.313353719984999979e-25
5.781445361340336042e-01,1.328940070745999969e-25
5.782445611402851071e-01,1.322931407375999901e-25
5.783445861465366100e-01,1.315408312213000113e-25
5.784446111527882239e-01,1.331844444650999934e-25
5.785446361590398379e-01,1.310917241701999982e-25
5.786446611652913408e-01,1.326844187260999902e-25
5.787446861715429547e-01,1.320192208179999899e-25
5.788447111777944576e-01,1.313339588421999964e-25
5.789447361840460715e-01,1.329234718143999910e-25
5.790447611902975744e-01,1.308336412109999892e-25
5.791447861965491883e-01,1.324587101484000054e-25
5.792448112028008023e-01,1.317373235753000038e-25
5.793448362090523052e-01,1.311195367428999952e-25
5.794448612153038081e-01,1.326664696864000007e-25
5.795448862215554220e-01,1.305912642521999901e-25
5.796449112278070359e-01,1.322396742906999910e-25
5.797449362340585388e-01,1.314631915643000089e-25
5.798449612403101527e-01,1.309153739357000094e-25
5.799449862465616556e-01,1.324145565217999982e-25
5.800450112528132696e-01,1.303572082125000110e-25
5.801450362590647725e-01,1.320289252144999994e-25
5.802450612653163864e-01,1.311928869492000043e-25
5.803450862715678893e-01,1.307096186752999932e-25
5.804451112778195032e-01,1.321576423637999916e-25
5.805451362840710061e-01,1.301189676612000087e-25
5.806451612903226200e-01,1.318208902792999949e-25
5.807451862965742340e-01,1.309322094320000014e-25
5.808452113028257369e-01,1.305094678979999893e-25
5.809452363090772398e-01,1.319072558680000041e-25
5.810452613153288537e-01,1.298839399023000042e-25
5.811452863215804676e-01,1.316042800522000032e-25
5.812453113278319705e-01,1.306672779041999979e-25
5.813453363340835844e-01,1.303055053068000023e-25
5.814453613403350873e-01,1.316537261305999914e-25
5.815453863465867013e-01,1.296519867354000054e-25
5.816454113528382042e-01,1.313855828811999925e-25
5.817454363590898181e-01,1.304059682315000103e-25
5.818454613653414320e-01,1.301097018572000046e-25
5.819454863715929349e-01,1.314031850829999908e-25
5.820455113778444378e-01,1.294275668049000027e-25
5.821455363840960517e-01,1.311735776095000030e-25
5.822455613903476657e-01,1.301498203481999960e-25
5.823455863965991686e-01,1.299262272016000097e-25
5.824456114028507825e-01,1.311648545083999899e-25
5.825456364091022854e-01,1.292090372566999887e-25
5.826456614153538993e-01,1.309721513230999965e-25
5.827456864216054022e-01,1.299013847900999918e-25
5.828457114278570161e-01,1.297246065643000019e-25
5.829457364341086301e-01,1.309071754857000007e-25
5.830457614403601330e-01,1.289879692208000052e-25
5.831457864466116359e-01,1.307606049022000115e-25
5.832458114528632498e-01,1.296488143303999979e-25
5.833458364591148637e-01,1.295400918959000103e-25
5.834458614653663666e-01,1.306662030307000033e-25
5.835458864716179805e-01,1.287764302174000099e-25
5.836459114778694834e-01,1.305585486704999931e-25
5.837459364841210974e-01,1.293995365367000064e-25
5.838459614903726003e-01,1.293520019857999905e-25
5.839459864966242142e-01,1.304282507214999921e-25
5.840460115028757171e-01,1.285671501210000001e-25
5.841460365091273310e-01,1.303560791504999959e-25
5.842460615153788339e-01,1.291600613944999989e-25
5.843460865216304478e-01,1.291692943010000080e-25
5.844461115278820618e-01,1.301899034589999957e-25
5.845461365341335647e-01,1.283605112667000109e-25
5.846461615403850676e-01,1.301525952400000041e-25
5.847461865466366815e-01,1.289220558801999903e-25
5.848462115528882954e-01,1.289886124511000102e-25
5.849462365591397983e-01,1.299502842906999978e-25
5.850462615653914122e-01,1.281542090738999964e-25
5.851462865716429151e-01,1.299477218390999920e-25
5.852463115778945291e-01,1.286789965151000053e-25
5.853463365841460320e-01,1.288019568269000054e-25
5.854463615903976459e-01,1.297121881407999984e-25
5.855463865966492598e-01,1.279479101567000071e-25
5.856464116029007627e-01,1.297378471374000068e-25
5.857464366091522656e-01,1.284446238877999993e-25
5.858464616154038795e-01,1.286258083699000097e-25
5.859464866216554935e-01,1.294842922373000080e-25
5.860465116279069964e-01,1.277623983840999943e-25
5.861465366341586103e-01,1.295405221173000015e-25
5.862465616404101132e-01,1.282137796591999974e-25
5.863465866466617271e-01,1.284512905502000072e-25
5.864466116529132300e-01,1.292509528076000111e-25
5.865466366591648439e-01,1.275742909687999940e-25
5.866466616654164579e-01,1.293512240185999897e-25
5.867466866716679608e-01,1.279955335164999991e-25
5.868467116779194637e-01,1.282836375479999892e-25
5.869467366841710776e-01,1.290175869769000014e-25
5.870467616904226915e-01,1.273816605735999983e-25
5.871467866966741944e-01,1.291500176966999965e-25
5.872468117029258083e-01,1.277614792303000042e-25
5.873468367091773112e-01,1.281063866866000076e-25
5.874468617154289252e-01,1.287873479766999900e-25
5.875468867216804281e-01,1.271944933442000001e-25
5.876469117279320420e-01,1.289558604388999975e-25
5.877469367341835449e-01,1.275437539358999982e-25
5.878469617404351588e-01,1.279384302576000006e-25
5.879469867466866617e-01,1.285599689671999949e-25
5.880470117529382756e-01,1.270155413028999975e-25
5.881470367591898896e-01,1.287656147637000112e-25
5.882470617654413925e-01,1.273286883788999899e-25
5.883470867716928954e-01,1.277778883019000050e-25
5.884471117779445093e-01,1.283323467037000003e-25
5.885471367841961232e-01,1.268281169104000028e-25
5.886471617904476261e-01,1.285721220349999987e-25
5.887471867966992400e-01,1.271104994226999981e-25
5.888472118029507429e-01,1.276132584886000040e-25
5.889472368092023569e-01,1.281154883497999964e-25
5.890472618154538598e-01,1.266481981119000115e-25
5.891472868217054737e-01,1.283755245614999948e-25
5.892473118279570876e-01,1.268961413263999912e-25
5.893473368342085905e-01,1.274459006569000018e-25
5.894473618404600934e-01,1.278957967826999928e-25
5.895473868467117073e-01,1.264770964815000018e-25
5.896474118529633213e-01,1.281821523313000012e-25
5.897474368592148242e-01,1.266877658355000108e-25
5.898474618654664381e-01,1.272895197821000064e-25
5.899474868717179410e-01,1.276775095422999892e-25
5.900475118779695549e-01,1.263105828299000100e-25
5.901475368842210578e-01,1.280041961206999983e-25
5.902475618904726717e-01,1.264847010031000082e-25
5.903475868967242857e-01,1.271296302175000046e-25
5.904476119029757886e-01,1.274672717865999887e-25
5.905476369092272915e-01,1.261466972887000062e-25
5.906476619154789054e-01,1.278188007450000042e-25
5.907476869217305193e-01,1.262885655489999948e-25
5.908477119279820222e-01,1.269752926181999936e-25
5.909477369342336361e-01,1.272528032319000090e-25
5.910477619404851390e-01,1.259836805685000080e-25
5.911477869467367530e-01,1.276344180486000012e-25
5.912478119529882559e-01,1.260928791685000090e-25
5.913478369592398698e-01,1.268217089417000047e-25
5.914478619654913727e-01,1.270391032079000093e-25
5.915478869717429866e-01,1.258207877841000008e-25
5.916479119779944895e-01,1.274433079765000072e-25
5.917479369842461034e-01,1.258917978192999921e-25
5.918479619904977174e-01,1.266686059735000001e-25
5.919479869967492203e-01,1.268270284653000053e-25
5.920480120030007232e-01,1.256654054024000044e-25
5.921480370092523371e-01,1.272640685208000011e-25
5.922480620155039510e-01,1.256986140721000069e-25
5.923480870217554539e-01,1.265220353094999996e-25
5.924481120280070678e-01,1.266212649400999979e-25
5.925481370342585707e-01,1.255086812799999928e-25
5.926481620405101847e-01,1.270815736740000055e-25
5.927481870467616876e-01,1.255078648622999945e-25
5.928482120530133015e-01,1.263759596248000003e-25
5.929482370592649154e-01,1.264141768463999929e-25
5.930482620655164183e-01,1.253540194075999953e-25
5.931482870717679212e-01,1.268998460752000033e-25
5.932483120780195351e-01,1.253153670022999940e-25
5.933483370842711491e-01,1.262319319552000036e-25
5.934483620905226520e-01,1.262062137008000099e-25
5.935483870967742659e-01,1.251945179512000067e-25
5.936484121030257688e-01,1.267259331957000006e-25
5.937484371092773827e-01,1.251295987785000035e-25
5.938484621155288856e-01,1.260892813090999983e-25
5.939484871217804995e-01,1.260171024764000108e-25
5.940485121280321135e-01,1.250516110321999941e-25
5.941485371342836164e-01,1.265581542625000018e-25
5.942485621405351193e-01,1.249488862909999995e-25
5.943485871467867332e-01,1.259387509042000034e-25
5.944486121530383471e-01,1.258216409153999901e-25
5.945486371592898500e-01,1.249052613612999919e-25
5.946486621655414639e-01,1.263828590069999900e-25
5.947486871717929668e-01,1.247764405319000069e-25
5.948487121780445808e-01,1.257987151350999937e-25
5.949487371842960837e-01,1.256263530456999986e-25
5.950487621905476976e-01,1.247642257641000030e-25
5.951487871967992005e-01,1.262134221809000030e-25
5.952488122030508144e-01,1.246020785353000047e-25
5.953488372093023173e-01,1.256584637519999943e-25
5.954488622155539312e-01,1.254378755754000037e-25
5.955488872218055452e-01,1.246266512012000000e-25
5.956489122280570481e-01,1.260460518039000088e-25
5.957489372343085510e-01,1.244362057330000040e-25
5.958489622405601649e-01,1.255215630529000066e-25
5.959489872468117788e-01,1.252466971770999985e-25
5.960490122530632817e-01,1.244901936098000012e-25
5.961490372593148956e-01,1.258797034893000043e-25
5.962490622655663985e-01,1.242652792192999964e-25
5.963490872718180125e-01,1.253831610047000027e-25
5.964491122780695154e-01,1.250584182916999976e-25
5.965491372843211293e-01,1.243453572173999946e-25
5.966491622905727432e-01,1.257061674035999911e-25
5.967491872968242461e-01,1.240999432317000098e-25
5.968492123030757490e-01,1.252491465221000040e-25
5.969492373093273629e-01,1.248805314146000102e-25
5.970492623155789769e-01,1.242217026194999905e-25
5.971492873218304798e-01,1.255507033352000087e-25
5.972493123280820937e-01,1.239394287644999931e-25
5.973493373343335966e-01,1.251137520743000084e-25
5.974493623405852105e-01,1.247045701581000080e-25
5.975493873468367134e-01,1.240863335862000086e-25
5.976494123530883273e-01,1.253789652851000107e-25
5.977494373593399413e-01,1.237810393102999914e-25
5.978494623655914442e-01,1.249805932665999932e-25
5.979494873718429471e-01,1.245329782073999954e-25
5.980495123780945610e-01,1.239661038800000077e-25
5.981495373843461749e-01,1.252174357358000102e-25
5.982495623905976778e-01,1.236283511694999967e-25
5.983495873968491807e-01,1.248477530263999945e-25
5.984496124031007946e-01,1.243521853664999959e-25
5.985496374093524086e-01,1.238389907136000102e-25
5.986496624156039115e-01,1.250588118229999896e-25
5.987496874218555254e-01,1.234790210919000099e-25
5.988497124281070283e-01,1.247140431718000093e-25
5.989497374343586422e-01,1.241744196228000005e-25
5.990497624406101451e-01,1.237101005009000079e-25
5.991497874468617590e-01,1.248902658924000105e-25
5.992498124531133730e-01,1.233298890875000022e-25
5.993498374593648759e-01,1.245887534339000104e-25
5.994498624656163788e-01,1.240045218627999957e-25
5.995498874718679927e-01,1.235941630813000040e-25
5.996499124781196066e-01,1.247354815310999931e-25
5.997499374843711095e-01,1.231833945629000077e-25
5.998499624906227234e-01,1.244607288728000025e-25
5.999499874968742263e-01,1.238335033502999993e-25
6.000500125031258403e-01,1.234749503988999917e-25
6.001500375093773432e-01,1.245829780657000058e-25
6.002500625156289571e-01,1.230428728132999895e-25
6.003500875218805710e-01,1.243370919308999937e-25
6.004501125281320739e-01,1.236752622221000077e-25
6.005501375343835768e-01,1.233618037782000011e-25
6.006501625406351907e-01,1.244220364529999945e-25
6.007501875468868047e-01,1.229019022420000033e-25
6.008502125531383076e-01,1.242161468387000110e-25
6.009502375593899215e-01,1.235105920897000033e-25
6.010502625656414244e-01,1.232491115856000034e-25
6.011502875718930383e-01,1.242728386293999891e-25
6.012503125781445412e-01,1.227638786354999890e-25
6.013503375843961551e-01,1.240906359987999901e-25
6.014503625906477691e-01,1.233463804968000103e-25
6.015503875968992720e-01,1.231379863367999988e-25
6.016504126031507749e-01,1.241285270244000033e-25
6.017504376094023888e-01,1.226340357750999940e-25
6.018504626156540027e-01,1.239768736483000030e-25
6.019504876219055056e-01,1.231944149891000047e-25
6.020505126281570085e-01,1.230216488571999933e-25
6.021505376344086224e-01,1.239762885996000077e-25
6.022505626406602364e-01,1.225017005801999942e-25
6.023505876469117393e-01,1.238499933715999945e-25
6.024506126531633532e-01,1.230399272280999983e-25
6.025506376594148561e-01,1.229173801443000096e-25
6.026506626656664700e-01,1.238298621122999946e-25
6.027506876719179729e-01,1.223736192744999895e-25
6.028507126781695868e-01,1.237309881323000077e-25
6.029507376844212008e-01,1.228897298698999916e-25
6.030507626906727037e-01,1.228115871476999974e-25
6.031507876969242066e-01,1.236861887054000054e-25
6.032508127031758205e-01,1.222516474779999950e-25
6.033508377094274344e-01,1.236122948112000012e-25
6.034508627156789373e-01,1.227392744417999984e-25
6.035508877219305512e-01,1.227011135425000065e-25
6.036509127281820541e-01,1.235387408101999895e-25
6.037509377344336681e-01,1.221343038529000005e-25
6.038509627406851710e-01,1.234960490232000102e-25
6.039509877469367849e-01,1.225961655847000055e-25
6.040510127531883988e-01,1.226030770491000057e-25
6.041510377594399017e-01,1.233960708915999913e-25
6.042510627656914046e-01,1.220174455105000044e-25
6.043510877719430185e-01,1.233808664175999915e-25
6.044511127781946325e-01,1.224579174825000010e-25
6.045511377844461354e-01,1.225092594435000093e-25
6.046511627906977493e-01,1.232574155946999903e-25
6.047511877969492522e-01,1.219079052599000029e-25
6.048512128032008661e-01,1.232637053897999974e-25
6.049512378094523690e-01,1.223153526268000072e-25
6.050512628157039829e-01,1.224161818222999917e-25
6.051512878219554858e-01,1.231101007961000003e-25
6.052513128282070998e-01,1.217914132674000083e-25
6.053513378344586027e-01,1.231488716324999969e-25
6.054513628407102166e-01,1.221678182072000014e-25
6.055513878469618305e-01,1.223181157799000023e-25
6.056514128532133334e-01,1.229688926837999970e-25
6.057514378594648363e-01,1.216835095628000014e-25
6.058514628657164502e-01,1.230457163450000076e-25
6.059514878719680642e-01,1.220335281614000104e-25
6.060515128782195671e-01,1.222308757096000076e-25
6.061515378844711810e-01,1.228369836694999999e-25
6.062515628907226839e-01,1.215747826904999966e-25
6.063515878969742978e-01,1.229391644416999946e-25
6.064516129032258007e-01,1.219017228295999889e-25
6.065516379094774146e-01,1.221438945232999997e-25
6.066516629157290286e-01,1.227099284881000053e-25
6.067516879219805315e-01,1.214723007045000040e-25
6.068517129282320344e-01,1.228319507522999916e-25
6.069517379344836483e-01,1.217700452798999886e-25
6.070517629407352622e-01,1.220533603730999920e-25
6.071517879469867651e-01,1.225742402814999933e-25
6.072518129532383790e-01,1.213638151915000005e-25
6.073518379594898819e-01,1.227257751616999998e-25
6.074518629657414959e-01,1.216425377099999967e-25
6.075518879719929988e-01,1.219634175848000078e-25
6.076519129782446127e-01,1.224471991898000091e-25
6.077519379844962266e-01,1.212653213690000010e-25
6.078519629907477295e-01,1.226204161893999999e-25
6.079519879969992324e-01,1.215210963273999909e-25
6.080520130032508463e-01,1.218787728980000066e-25
6.081520380095024603e-01,1.223202326277000067e-25
6.082520630157539632e-01,1.211724445477999938e-25
6.083520880220055771e-01,1.225215504659999898e-25
6.084521130282570800e-01,1.214019853698000020e-25
6.085521380345086939e-01,1.217884823612999893e-25
6.086521630407601968e-01,1.221840353741000028e-25
6.087521880470118107e-01,1.210721667645000017e-25
6.088522130532633136e-01,1.224134527157000084e-25
6.089522380595149276e-01,1.212818732234000049e-25
6.090522630657664305e-01,1.217145882908999941e-25
6.091522880720180444e-01,1.220717106024000039e-25
6.092523130782696583e-01,1.209870343341999931e-25
6.093523380845211612e-01,1.223130617000000110e-25
6.094523630907726641e-01,1.211683465215999966e-25
6.095523880970242780e-01,1.216379484508999982e-25
6.096524131032758920e-01,1.219519521137000025e-25
6.097524381095273949e-01,1.209015511541999946e-25
6.098524631157790088e-01,1.222164749492999886e-25
6.099524881220305117e-01,1.210582363387999965e-25
6.100525131282821256e-01,1.215597970537999952e-25
6.101525381345336285e-01,1.218278503278999986e-25
6.102525631407852424e-01,1.208099804962000110e-25
6.103525881470368564e-01,1.221113678969000036e-25
6.104526131532883593e-01,1.209437852886000039e-25
6.105526381595398622e-01,1.214801696359000017e-25
6.106526631657914761e-01,1.217078839949999933e-25
6.107526881720430900e-01,1.207317596245999961e-25
6.108527131782945929e-01,1.220180987884999937e-25
6.109527381845462068e-01,1.208341907313000071e-25
6.110527631907977097e-01,1.214057278890000077e-25
6.111527881970493237e-01,1.215934048824999950e-25
6.112528132033008266e-01,1.206507951504999938e-25
6.113528382095524405e-01,1.219243594787999963e-25
6.114528632158040544e-01,1.207315954042999892e-25
6.115528882220555573e-01,1.213286514523000034e-25
6.116529132283070602e-01,1.214759800313000042e-25
6.117529382345586741e-01,1.205752464303999906e-25
6.118529632408102881e-01,1.218293758157999958e-25
6.119529882470617910e-01,1.206265944453000011e-25
6.120530132533134049e-01,1.212567916906000097e-25
6.121530382595649078e-01,1.213647477275999903e-25
6.122530632658165217e-01,1.204999365974000034e-25
6.123530882720680246e-01,1.217341552141999893e-25
6.124531132783196385e-01,1.205278240938000064e-25
6.125531382845711414e-01,1.211878034502000076e-25
6.126531632908227554e-01,1.212534004364999920e-25
6.127531882970742583e-01,1.204304674666999945e-25
6.128532133033258722e-01,1.216444891303999982e-25
6.129532383095774861e-01,1.204345398063999984e-25
6.130532633158289890e-01,1.211277647326000008e-25
6.131532883220804919e-01,1.211443930177000004e-25
6.132533133283321058e-01,1.203581357652999888e-25
6.133533383345837198e-01,1.215594693729999946e-25
6.134533633408352227e-01,1.203441883296000030e-25
6.135533883470868366e-01,1.210668794629999951e-25
6.136534133533383395e-01,1.210475780767999920e-25
6.137534383595899534e-01,1.202941677566000086e-25
6.138534633658414563e-01,1.214655930605999952e-25
6.139534883720930702e-01,1.202453587787999918e-25
6.140535133783446842e-01,1.209952879870000038e-25
6.141535383845961871e-01,1.209370760871000015e-25
6.142535633908476900e-01,1.202267045694999976e-25
6.143535883970993039e-01,1.213760787014999890e-25
6.144536134033509178e-01,1.201552525720999998e-25
6.145536384096024207e-01,1.209349439372000035e-25
6.146536634158540346e-01,1.208319151875999912e-25
6.147536884221055375e-01,1.201596601570999936e-25
6.148537134283571515e-01,1.212896430447000016e-25
6.149537384346086544e-01,1.200652578337999944e-25
6.150537634408602683e-01,1.208743162433000039e-25
6.151537884471118822e-01,1.207360434785000112e-25
6.152538134533633851e-01,1.201000019756000033e-25
6.153538384596148880e-01,1.212095912603999924e-25
6.154538634658665019e-01,1.199827732828000043e-25
6.155538884721181159e-01,1.208078154473000000e-25
6.156539134783696188e-01,1.206373729673999897e-25
6.157539384846212327e-01,1.200465497511999966e-25
6.158539634908727356e-01,1.211255253293000022e-25
6.159539884971243495e-01,1.199016048145999973e-25
6.160540135033758524e-01,1.207544558422999975e-25
6.161540385096274663e-01,1.205412932749999939e-25
6.162540635158789692e-01,1.199926897243999951e-25
6.163540885221305832e-01,1.210524110996000114e-25
6.164541135283820861e-01,1.198272783208000065e-25
6.165541385346337000e-01,1.207021936195999944e-25
6.166541635408853139e-01,1.204486690779000045e-25
6.167541885471368168e-01,1.199335155039000069e-25
6.168542135533883197e-01,1.209708918951000072e-25
6.169542385596399336e-01,1.197481627344999888e-25
6.170542635658915476e-01,1.206421156303999899e-25
6.171542885721430505e-01,1.203552177081999934e-25
6.172543135783946644e-01,1.198799886798000096e-25
6.173543385846461673e-01,1.208943593204000095e-25
6.174543635908977812e-01,1.196794082952000055e-25
6.175543885971492841e-01,1.205968254570000106e-25
6.176544136034008980e-01,1.202755249363999948e-25
6.177544386096525120e-01,1.198320006143999960e-25
6.178544636159040149e-01,1.208171384593000088e-25
6.179544886221555178e-01,1.196056479138999970e-25
6.180545136284071317e-01,1.205383341102000031e-25
6.181545386346587456e-01,1.201849943231999947e-25
6.182545636409102485e-01,1.197787277858999917e-25
6.183545886471618624e-01,1.207408914918000046e-25
6.184546136534133653e-01,1.195406994543000036e-25
6.185546386596649793e-01,1.204840641937999977e-25
6.186546636659164822e-01,1.200979604617000087e-25
6.187546886721680961e-01,1.197308161339000031e-25
6.188547136784197100e-01,1.206641174110000007e-25
6.189547386846712129e-01,1.194757260564999991e-25
6.190547636909227158e-01,1.204339342467999975e-25
6.191547886971743297e-01,1.200223293719000114e-25
6.192548137034259437e-01,1.196949317597000109e-25
6.193548387096774466e-01,1.205893234714000008e-25
6.194548637159290605e-01,1.194144066258999983e-25
6.195548887221805634e-01,1.203886705486999984e-25
6.196549137284321773e-01,1.199430174151000001e-25
6.197549387346836802e-01,1.196591281944999973e-25
6.198549637409352941e-01,1.205225851873000037e-25
6.199549887471867970e-01,1.193571030751999927e-25
6.200550137534384110e-01,1.203406120173999989e-25
6.201550387596899139e-01,1.198587552430999905e-25
6.202550637659415278e-01,1.196179101908000060e-25
6.203550887721931417e-01,1.204499247503000111e-25
6.204551137784446446e-01,1.192962253645000086e-25
6.205551387846961475e-01,1.202980252605999982e-25
6.206551637909477614e-01,1.197847426359000072e-25
6.207551887971993754e-01,1.195827612640999931e-25
6.208552138034508783e-01,1.203861726741000085e-25
6.209552388097024922e-01,1.192434613684999885e-25
6.210552638159539951e-01,1.202555661956999978e-25
6.211552888222056090e-01,1.197150872905999968e-25
6.212553138284571119e-01,1.195502916303000063e-25
6.213553388347087258e-01,1.203154729948000010e-25
6.214553638409603398e-01,1.191895916843999977e-25
6.215553888472118427e-01,1.202134169610999983e-25
6.216554138534633456e-01,1.196356796740999917e-25
6.217554388597149595e-01,1.195121546571000095e-25
6.218554638659665734e-01,1.202469492166999975e-25
6.219554888722180763e-01,1.191335704121999905e-25
6.220555138784696902e-01,1.201734663992999989e-25
6.221555388847211931e-01,1.195701626262999964e-25
6.222555638909728071e-01,1.194902041917999955e-25
6.223555888972243100e-01,1.201958862231000072e-25
6.224556139034759239e-01,1.190935902908999912e-25
6.225556389097275378e-01,1.201431857225000083e-25
6.226556639159790407e-01,1.195034734373000102e-25
6.227556889222305436e-01,1.194560036391000028e-25
6.228557139284821575e-01,1.201350298932000109e-25
6.229557389347337715e-01,1.190437754292000083e-25
6.230557639409852744e-01,1.201020742368000069e-25
6.231557889472368883e-01,1.194370575137000003e-25
6.232558139534883912e-01,1.194226001866000025e-25
6.233558389597400051e-01,1.200739420125000070e-25
6.234558639659915080e-01,1.189980232732999999e-25
6.235558889722431219e-01,1.200664953509999959e-25
6.236559139784946248e-01,1.193826098932000000e-25
6.237559389847462388e-01,1.194007624768000071e-25
6.238559639909977417e-01,1.200240528015999920e-25
6.239559889972493556e-01,1.189642110031999897e-25
6.240560140035009695e-01,1.200324020782000086e-25
6.241560390097524724e-01,1.193279645745000065e-25
6.242560640160039753e-01,1.193789845256999967e-25
6.243560890222555892e-01,1.199732758489999993e-25
6.244561140285072032e-01,1.189373855339999900e-25
6.245561390347587061e-01,1.200015280402000089e-25
6.246561640410103200e-01,1.192728126566000038e-25
6.247561890472618229e-01,1.193597513820000085e-25
6.248562140535134368e-01,1.199145125344999988e-25
6.249562390597649397e-01,1.188975252223999930e-25
6.250562640660165536e-01,1.199657463624999916e-25
6.251562890722681676e-01,1.192125499141000042e-25
6.252563140785196705e-01,1.193357135301000097e-25
6.253563390847711734e-01,1.198571242689999961e-25
6.254563640910227873e-01,1.188569617007000109e-25
6.255563890972744012e-01,1.199335073897999986e-25
6.256564141035259041e-01,1.191645424116000007e-25
6.257564391097775180e-01,1.193208927540999933e-25
6.258564641160290209e-01,1.198131417580999911e-25
6.259564891222806349e-01,1.188312741428999905e-25
6.260565141285321378e-01,1.199028436318000021e-25
6.261565391347837517e-01,1.191125218968999977e-25
6.262565641410353656e-01,1.192992925058000004e-25
6.263565891472868685e-01,1.197622898454000061e-25
6.264566141535383714e-01,1.188047614840999996e-25
6.265566391597899853e-01,1.198747650067000009e-25
6.266566641660415993e-01,1.190695482287999950e-25
6.267566891722931022e-01,1.192874067306999981e-25
6.268567141785447161e-01,1.197172250861000010e-25
6.269567391847962190e-01,1.187842620075000068e-25
6.270567641910478329e-01,1.198477546141000044e-25
6.271567891972993358e-01,1.190280807783000078e-25
6.272568142035509497e-01,1.192802235361000058e-25
6.273568392098024527e-01,1.196703311077999937e-25
6.274568642160540666e-01,1.187649980954000011e-25
6.275568892223055695e-01,1.198285257842000042e-25
6.276569142285571834e-01,1.189844315538999891e-25
6.277569392348087973e-01,1.192713135356000073e-25
6.278569642410603002e-01,1.196324513751000057e-25
6.279569892473118031e-01,1.187415875139999959e-25
6.280570142535634170e-01,1.197996191864999900e-25
6.281570392598150310e-01,1.189464695257999973e-25
6.282570642660665339e-01,1.192580496903000100e-25
6.283570892723181478e-01,1.195825030827000053e-25
6.284571142785696507e-01,1.187264956691000025e-25
6.285571392848212646e-01,1.197813271898999898e-25
6.286571642910727675e-01,1.189102752488999985e-25
6.287571892973243814e-01,1.192563223179000035e-25
6.288572143035759954e-01,1.195451153668000078e-25
6.289572393098274983e-01,1.187093883751000104e-25
6.290572643160790012e-01,1.197604724264000040e-25
6.291572893223306151e-01,1.188752974736999897e-25
6.292573143285822290e-01,1.192515178795999931e-25
6.293573393348337319e-01,1.195083446920000006e-25
6.294573643410853458e-01,1.186960465758000076e-25
6.295573893473368488e-01,1.197414258972000042e-25
6.296574143535884627e-01,1.188432957059999916e-25
6.297574393598399656e-01,1.192470468294999980e-25
6.298574643660915795e-01,1.194739414722999956e-25
6.299574893723431934e-01,1.186872300474999968e-25
6.300575143785946963e-01,1.197193163782000006e-25
6.301575393848461992e-01,1.188097736537999892e-25
6.302575643910978132e-01,1.192460638139999906e-25
6.303575893973494271e-01,1.194360253474000087e-25
6.304576144036009300e-01,1.186765836222999910e-25
6.305576394098525439e-01,1.197091047877000012e-25
6.306576644161040468e-01,1.187856410267000093e-25
6.307576894223556607e-01,1.192503928993999928e-25
6.308577144286071636e-01,1.194125757234999976e-25
6.309577394348587775e-01,1.186716420530000049e-25
6.310577644411102805e-01,1.196925532956000066e-25
6.311577894473618944e-01,1.187577146844000071e-25
6.312578144536133973e-01,1.192436897747000002e-25
6.313578394598650112e-01,1.193785590859000007e-25
6.314578644661166251e-01,1.186683538703999939e-25
6.315578894723681280e-01,1.196797744559999986e-25
6.316579144786196309e-01,1.187367473534000055e-25
6.317579394848712449e-01,1.192477940812999909e-25
6.318579644911228588e-01,1.193492624330000045e-25
6.319579894973743617e-01,1.186618285612999975e-25
6.320580145036259756e-01,1.196661723796999896e-25
6.321580395098774785e-01,1.187203788819999899e-25
6.322580645161290924e-01,1.192551002824999981e-25
6.323580895223805953e-01,1.193265282282999996e-25
6.324581145286322093e-01,1.186640976739999999e-25
6.325581395348838232e-01,1.196552120379999918e-25
6.326581645411353261e-01,1.187018373780000000e-25
6.327581895473868290e-01,1.192574703599999931e-25
6.328582145536384429e-01,1.193024462947000095e-25
6.329582395598900568e-01,1.186690679581999941e-25
6.330582645661415597e-01,1.196471229938999898e-25
6.331582895723931736e-01,1.186899002252000081e-25
6.332583145786446766e-01,1.192665053888000013e-25
6.333583395848962905e-01,1.192802083778000040e-25
6.334583645911477934e-01,1.186715900927999988e-25
6.335583895973994073e-01,1.196366248085999921e-25
6.336584146036510212e-01,1.186770845323999990e-25
6.337584396099025241e-01,1.192747894758999921e-25
6.338584646161540270e-01,1.192658512228999968e-25
6.339584896224056410e-01,1.186828231429999963e-25
6.340585146286572549e-01,1.196278697618000098e-25
6.341585396349087578e-01,1.186708589591000074e-25
6.342585646411603717e-01,1.192823450579000051e-25
6.343585896474118746e-01,1.192417810605999908e-25
6.344586146536634885e-01,1.186976242189999996e-25
6.345586396599149914e-01,1.196235025474000109e-25
6.346586646661666054e-01,1.186622093229000086e-25
6.347586896724181083e-01,1.192993459018999908e-25
6.348587146786697222e-01,1.192258491634999975e-25
6.349587396849212251e-01,1.187071835196999987e-25
6.350587646911728390e-01,1.196223590353999926e-25
6.351587896974244529e-01,1.186592871628999897e-25
6.352588147036759558e-01,1.193125797871999940e-25
6.353588397099274587e-01,1.192177216112000082e-25
6.354588647161790727e-01,1.187256063630000032e-25
6.355588897224306866e-01,1.196158265567000102e-25
6.356589147286821895e-01,1.186576705728000086e-25
6.357589397349338034e-01,1.193284179076999977e-25
6.358589647411853063e-01,1.192023395215999985e-25
6.359589897474369202e-01,1.187420692566999966e-25
6.360590147536884231e-01,1.196145195620000067e-25
6.361590397599400371e-01,1.186615180682000094e-25
6.362590647661916510e-01,1.193476150753999937e-25
6.363590897724431539e-01,1.191891810389000045e-25
6.364591147786946568e-01,1.187641785064999930e-25
6.365591397849462707e-01,1.196149077118000072e-25
6.366591647911978846e-01,1.186600273961000059e-25
6.367591897974493875e-01,1.193676835876000004e-25
6.368592148037010015e-01,1.191773600294999910e-25
6.369592398099525044e-01,1.187807652077000037e-25
6.370592648162041183e-01,1.196178438240000057e-25
6.371592898224556212e-01,1.186626487388999972e-25
6.372593148287072351e-01,1.193883928610999886e-25
6.373593398349588490e-01,1.191780894352000064e-25
6.374593648412103519e-01,1.188083281418000098e-25
6.375593898474618548e-01,1.196238557519000065e-25
6.376594148537134688e-01,1.186725004273000040e-25
6.377594398599650827e-01,1.194091089329000061e-25
6.378594648662165856e-01,1.191695124859999902e-25
6.379594898724680885e-01,1.188275417213000028e-25
6.380595148787197024e-01,1.196230587571999893e-25
6.381595398849713163e-01,1.186781947762999899e-25
6.382595648912228192e-01,1.194302278176999888e-25
6.383595898974744332e-01,1.191672885627999979e-25
6.384596149037259361e-01,1.188556407642999933e-25
6.385596399099775500e-01,1.196329501503999908e-25
6.386596649162290529e-01,1.186951218469999954e-25
6.387596899224806668e-01,1.194546101218000080e-25
6.388597149287322807e-01,1.191663640733999943e-25
6.389597399349837836e-01,1.188861132136999945e-25
6.390597649412352865e-01,1.196381712724000068e-25
6.391597899474869005e-01,1.187085141005999971e-25
6.392598149537385144e-01,1.194837449960999909e-25
6.393598399599900173e-01,1.191719422311999934e-25
6.394598649662416312e-01,1.189226669167000101e-25
6.395598899724931341e-01,1.196487517710999951e-25
6.396599149787447480e-01,1.187224996111000013e-25
6.397599399849962509e-01,1.195092244248999963e-25
6.398599649912478649e-01,1.191693161284999999e-25
6.399599899974994788e-01,1.189475969795999921e-25
6.400600150037509817e-01,1.196589751369000114e-25
6.401600400100024846e-01,1.187496935596999923e-25
6.402600650162540985e-01,1.195501980159999937e-25
6.403600900225057124e-01,1.191859349538000048e-25
6.404601150287572153e-01,1.189925332944000014e-25
6.405601400350088293e-01,1.196783982316999967e-25
6.406601650412603322e-01,1.187699318460000103e-25
6.407601900475119461e-01,1.195775606906999921e-25
6.408602150537634490e-01,1.191951041262000002e-25
6.409602400600150629e-01,1.190304864021999955e-25
6.410602650662666768e-01,1.196926930800000112e-25
6.411602900725181797e-01,1.187953846999999949e-25
6.412603150787696826e-01,1.196088257835999938e-25
6.413603400850212966e-01,1.192015225741999986e-25
6.414603650912729105e-01,1.190679077718000037e-25
6.415603900975244134e-01,1.197127055586999921e-25
6.416604151037759163e-01,1.188251610789000037e-25
6.417604401100275302e-01,1.196396428114000098e-25
6.418604651162791441e-01,1.192131747230999958e-25
6.419604901225306470e-01,1.191101512390000113e-25
6.420605151287822610e-01,1.197277840210999910e-25
6.421605401350337639e-01,1.188529590586999934e-25
6.422605651412853778e-01,1.196779689786000001e-25
6.423605901475368807e-01,1.192332334993000005e-25
6.424606151537884946e-01,1.191560051056999973e-25
6.425606401600401085e-01,1.197494285083000056e-25
6.426606651662916114e-01,1.188905144378999924e-25
6.427606901725431143e-01,1.197141118772000022e-25
6.428607151787947283e-01,1.192479109679000047e-25
6.429607401850463422e-01,1.192046892723999987e-25
6.430607651912978451e-01,1.197658653992999921e-25
6.431607901975494590e-01,1.189193852657999989e-25
6.432608152038009619e-01,1.197554433123000114e-25
6.433608402100525758e-01,1.192665198004000021e-25
6.434608652163040787e-01,1.192507634319999900e-25
6.435608902225556927e-01,1.197887556779000053e-25
6.436609152288073066e-01,1.189515588128999971e-25
6.437609402350588095e-01,1.197917114617999905e-25
6.438609652413103124e-01,1.192866779527000070e-25
6.439609902475619263e-01,1.192981695650000009e-25
6.440610152538135402e-01,1.198139919768999893e-25
6.441610402600650431e-01,1.189966155614999897e-25
6.442610652663166571e-01,1.198384439605999992e-25
6.443610902725681600e-01,1.193111859534000049e-25
6.444611152788197739e-01,1.193502289537999977e-25
6.445611402850712768e-01,1.198405060853000067e-25
6.446611652913228907e-01,1.190383895212999960e-25
6.447611902975743936e-01,1.198839828781999984e-25
6.448612153038260075e-01,1.193386380684999958e-25
6.449612403100775104e-01,1.194036932666999989e-25
6.450612653163291244e-01,1.198665300068999962e-25
6.451612903225807383e-01,1.190807360257000035e-25
6.452613153288322412e-01,1.199328623010999957e-25
6.453613403350837441e-01,1.193721121552999940e-25
6.454613653413353580e-01,1.194623305433000113e-25
6.455613903475869719e-01,1.199013253269999925e-25
6.456614153538384748e-01,1.191300118476999975e-25
6.457614403600900888e-01,1.199742792685999909e-25
6.458614653663415917e-01,1.193974453431000103e-25
6.459614903725932056e-01,1.195189381086999928e-25
6.460615153788447085e-01,1.199279701218999935e-25
6.461615403850963224e-01,1.191756845579999969e-25
6.462615653913479363e-01,1.200276942793999948e-25
6.463615903975994392e-01,1.194350145352999913e-25
6.464616154038509421e-01,1.195856884761999919e-25
6.465616404101025561e-01,1.199686544975999986e-25
6.466616654163541700e-01,1.192261331888999896e-25
6.467616904226056729e-01,1.200760624923000056e-25
6.468617154288572868e-01,1.194638022487999959e-25
6.469617404351087897e-01,1.196384880881999919e-25
6.470617654413604036e-01,1.200030048710999899e-25
6.471617904476119065e-01,1.192762368592000098e-25
6.472618154538635205e-01,1.201249377589000032e-25
6.473618404601151344e-01,1.195017438039999952e-25
6.474618654663666373e-01,1.196964208232000046e-25
6.475618904726181402e-01,1.200396914581000083e-25
6.476619154788697541e-01,1.193354219141999988e-25
6.477619404851213680e-01,1.201778322755999955e-25
6.478619654913728709e-01,1.195463803445000113e-25
6.479619904976244849e-01,1.197662527043000059e-25
6.480620155038759878e-01,1.200778813670000005e-25
6.481620405101276017e-01,1.193934439787999958e-25
6.482620655163791046e-01,1.202311911716000064e-25
6.483620905226307185e-01,1.195861972471000084e-25
6.484621155288822214e-01,1.198333494917999995e-25
6.485621405351338353e-01,1.201169714402000024e-25
6.486621655413853382e-01,1.194527210008000045e-25
6.487621905476369522e-01,1.202925099883000110e-25
6.488622155538885661e-01,1.196331770804000081e-25
6.489622405601400690e-01,1.199018616242000062e-25
6.490622655663915719e-01,1.201620200104999955e-25
6.491622905726431858e-01,1.195120259258999950e-25
6.492623155788947997e-01,1.203469531229999910e-25
6.493623405851463026e-01,1.196817058899000089e-25
6.494623655913979166e-01,1.199682676707999948e-25
6.495623905976494195e-01,1.202033985393000049e-25
6.496624156039010334e-01,1.195770885732999939e-25
6.497624406101525363e-01,1.204036116326999932e-25
6.498624656164041502e-01,1.197334980387999963e-25
6.499624906226557641e-01,1.200454228127999998e-25
6.500625156289072670e-01,1.202520628801000023e-25
6.501625406351587699e-01,1.196478293402999935e-25
6.502625656414103839e-01,1.204649048633999961e-25
6.503625906476619978e-01,1.197822572885999995e-25
6.504626156539135007e-01,1.201145897413999901e-25
6.505626406601650036e-01,1.202956568088999978e-25
6.506626656664167285e-01,1.197174389399000103e-25
6.507626906726682314e-01,1.205241354516000105e-25
6.508627156789197343e-01,1.198327662844999891e-25
6.509627406851713483e-01,1.201930113553999886e-25
6.510627656914229622e-01,1.203444295505999945e-25
6.511627906976744651e-01,1.197892061701000004e-25
6.512628157039259680e-01,1.205908290578999893e-25
6.513628407101775819e-01,1.198868876916000074e-25
6.514628657164291958e-01,1.202745943342000077e-25
6.515628907226806987e-01,1.203996355905999923e-25
6.516629157289322016e-01,1.198593621983000115e-25
6.517629407351838156e-01,1.206624249503999943e-25
6.518629657414354295e-01,1.199516062684999912e-25
6.519629907476869324e-01,1.203521457850000027e-25
6.520630157539385463e-01,1.204557034852000038e-25
6.521630407601901602e-01,1.199350808274000103e-25
6.522630657664416631e-01,1.207265578548999912e-25
6.523630907726931660e-01,1.200157328359000016e-25
6.524631157789447800e-01,1.204352611797999942e-25
6.525631407851963939e-01,1.205134870168000026e-25
6.526631657914478968e-01,1.200207474252000022e-25
6.527631907976993997e-01,1.207970035008999962e-25
6.528632158039510136e-01,1.200730256931000027e-25
6.529632408102026275e-01,1.205161664878999901e-25
6.530632658164541304e-01,1.205680321107999941e-25
6.531632908227057444e-01,1.200880293725999970e-25
6.532633158289573583e-01,1.208573354498999919e-25
6.533633408352088612e-01,1.201380219157999939e-25
6.534633658414603641e-01,1.205978750178999923e-25
6.535633908477119780e-01,1.206267795645999886e-25
6.536634158539635919e-01,1.201810096430000064e-25
6.537634408602150948e-01,1.209361711681999998e-25
6.538634658664665977e-01,1.202043553250000070e-25
6.539634908727182117e-01,1.206873720623999983e-25
6.540635158789698256e-01,1.206858008957000082e-25
6.541635408852213285e-01,1.202546101031999887e-25
6.542635658914728314e-01,1.210082576520999995e-25
6.543635908977245563e-01,1.202749833753999889e-25
6.544636159039760592e-01,1.207765205508999956e-25
6.545636409102275621e-01,1.207597489812999912e-25
6.546636659164791761e-01,1.203455670193000079e-25
6.547636909227307900e-01,1.210845379377000048e-25
6.548637159289822929e-01,1.203506446462999984e-25
6.549637409352337958e-01,1.208596462595999886e-25
6.550637659414854097e-01,1.208206611707000103e-25
6.551637909477370236e-01,1.204348432485000106e-25
6.552638159539885265e-01,1.211585551880000018e-25
6.553638409602400294e-01,1.204287539959999956e-25
6.554638659664916434e-01,1.209542654790999888e-25
6.555638909727432573e-01,1.208857532645999898e-25
6.556639159789947602e-01,1.205281924989000074e-25
6.557639409852463741e-01,1.212393075709000042e-25
6.558639659914979880e-01,1.205061202381000072e-25
6.559639909977494909e-01,1.210532541564999937e-25
6.560640160040009938e-01,1.209599671175999941e-25
6.561640410102526078e-01,1.206217453480999931e-25
6.562640660165042217e-01,1.213199015769999901e-25
6.563640910227557246e-01,1.205810895544000052e-25
6.564641160290072275e-01,1.211432204287000054e-25
6.565641410352588414e-01,1.210315541791999972e-25
6.566641660415104553e-01,1.207144982910000042e-25
6.567641910477619582e-01,1.214006108515000024e-25
6.568642160540135722e-01,1.206638273892000012e-25
6.569642410602651861e-01,1.212395369093999909e-25
6.570642660665166890e-01,1.211104044369999902e-25
6.571642910727681919e-01,1.208155393243999888e-25
6.572643160790198058e-01,1.214830029423999981e-25
6.573643410852714197e-01,1.207491595235999990e-25
6.574643660915229226e-01,1.213360898115000086e-25
6.575643910977744255e-01,1.211824254067000012e-25
6.576644161040260395e-01,1.209165896204000002e-25
6.577644411102776534e-01,1.215731388008999902e-25
6.578644661165291563e-01,1.208384045887000018e-25
6.579644911227806592e-01,1.214364107809999926e-25
6.580645161290322731e-01,1.212594082220000071e-25
6.581645411352838870e-01,1.210128558296999970e-25
6.582645661415353899e-01,1.216557146822000052e-25
6.583645911477870039e-01,1.209282822044000102e-25
6.584646161540386178e-01,1.215407880334999979e-25
6.585646411602901207e-01,1.213454499216000091e-25
6.586646661665416236e-01,1.211204005271999894e-25
6.587646911727932375e-01,1.217419170330000109e-25
6.588647161790448514e-01,1.210184136355000108e-25
6.589647411852963543e-01,1.216461131565000000e-25
6.590647661915478572e-01,1.214300473441000100e-25
6.591647911977994712e-01,1.212302225883000073e-25
6.592648162040510851e-01,1.218373741476999968e-25
6.593648412103025880e-01,1.211105259451000106e-25
6.594648662165542019e-01,1.217456103627000033e-25
6.595648912228058158e-01,1.215124628030000096e-25
6.596649162290573187e-01,1.213342857818999921e-25
6.597649412353088216e-01,1.219292502008000107e-25
6.598649662415604356e-01,1.212117106636999888e-25
6.599649912478120495e-01,1.218527530639999944e-25
6.600650162540635524e-01,1.216002518278000097e-25
6.601650412603150553e-01,1.214456769198999902e-25
6.602650662665666692e-01,1.220226619148999988e-25
6.603650912728182831e-01,1.213120056157000098e-25
6.604651162790697860e-01,1.219597365756000060e-25
6.605651412853214000e-01,1.216864428716000043e-25
6.606651662915730139e-01,1.215549071384999916e-25
6.607651912978245168e-01,1.221148396240000008e-25
6.608652163040760197e-01,1.214128213977000097e-25
6.609652413103276336e-01,1.220689050843000030e-25
6.610652663165792475e-01,1.217792076748999917e-25
6.611652913228307504e-01,1.216732493459999951e-25
6.612653163290822533e-01,1.222119932790000056e-25
6.613653413353338673e-01,1.215176567396000023e-25
6.614653663415854812e-01,1.221839996749000021e-25
6.615653913478369841e-01,1.218708533883999896e-25
6.616654163540884870e-01,1.217853593323999887e-25
6.617654413603401009e-01,1.223103645184000005e-25
6.618654663665917148e-01,1.216251672724000081e-25
6.619654913728432177e-01,1.222980563344999946e-25
6.620655163790948317e-01,1.219682169704999940e-25
6.621655413853464456e-01,1.219060904378000084e-25
6.622655663915979485e-01,1.224109246992999967e-25
6.623655913978494514e-01,1.217290200734000059e-25
6.624656164041010653e-01,1.224085418753000088e-25
6.625656414103526792e-01,1.220678548020000107e-25
6.626656664166041821e-01,1.220296189385999938e-25
6.627656914228556850e-01,1.225158108421999936e-25
6.628657164291072990e-01,1.218446226730000060e-25
6.629657414353589129e-01,1.225303114328999957e-25
6.630657664416104158e-01,1.221719890198999989e-25
6.631657914478620297e-01,1.221523521719000048e-25
6.632658164541136436e-01,1.226196423788000025e-25
6.633658414603651465e-01,1.219593081260999982e-25
6.634658664666166494e-01,1.226498913684000020e-25
6.635658914728682634e-01,1.222799547997999956e-25
6.636659164791198773e-01,1.222801408100000114e-25
6.637659414853713802e-01,1.227262403396000005e-25
6.638659664916228831e-01,1.220802073479999967e-25
6.639659914978744970e-01,1.227685738513000015e-25
6.640660165041261109e-01,1.223813185348999909e-25
6.641660415103776138e-01,1.224067878413999951e-25
6.642660665166292278e-01,1.228311981776000077e-25
6.643660915228808417e-01,1.222017093243000018e-25
6.644661165291323446e-01,1.228914616793999991e-25
6.645661415353838475e-01,1.224822142977000063e-25
6.646661665416354614e-01,1.225352773735999892e-25
6.647661915478870753e-01,1.229384475732999974e-25
6.648662165541385782e-01,1.223162700626000114e-25
6.649662415603900811e-01,1.230140808763000036e-25
6.650662665666416951e-01,1.225952417813000001e-25
6.651662915728933090e-01,1.226705945835999886e-25
6.652663165791448119e-01,1.230514904850000075e-25
6.653663415853963148e-01,1.224426517729999917e-25
6.654663665916479287e-01,1.231414706291999912e-25
6.655663915978995426e-01,1.227095894022999938e-25
6.656664166041510455e-01,1.228122845608000002e-25
6.657664416104026595e-01,1.231662758878999948e-25
6.658664666166542734e-01,1.225687687615000087e-25
6.659664916229057763e-01,1.232706199071000008e-25
6.660665166291572792e-01,1.228154598055000036e-25
6.661665416354088931e-01,1.229436955651999933e-25
6.662665666416605070e-01,1.232793296870999924e-25
6.663665916479120099e-01,1.226912046074999977e-25
6.664666166541635128e-01,1.233992987230999966e-25
6.665666416604151268e-01,1.229284860844000073e-25
6.666666666666667407e-01,1.230815553328000023e-25
6.667666916729182436e-01,1.233991473935000097e-25
6.668667166791698575e-01,1.228205689167999945e-25
6.669667416854214714e-01,1.235395507153000034e-25
6.670667666916729743e-01,1.230540651571000106e-25
6.671667916979244772e-01,1.232219810808999961e-25
6.672668167041760912e-01,1.235225154251999998e-25
6.673668417104277051e-01,1.229531751970000001e-25
6.674668667166792080e-01,1.236730590948999898e-25
6.675668917229307109e-01,1.231719229063999955e-25
6.676669167291823248e-01,1.233581922369000007e-25
6.677669417354339387e-01,1.236458960276999900e-25
6.678669667416854416e-01,1.230832779845000111e-25
6.679669917479369445e-01,1.238034325591999928e-25
6.680670167541886695e-01,1.232976483694999935e-25
6.681670417604401724e-01,1.234999926577999920e-25
6.682670667666916753e-01,1.237720541924999931e-25
6.683670917729432892e-01,1.232238733843999999e-25
6.684671167791949031e-01,1.239407836480999994e-25
6.685671417854464060e-01,1.234266289671999965e-25
6.686671667916979089e-01,1.236457024138000033e-25
6.687671917979495229e-01,1.238994456117000030e-25
6.688672168042011368e-01,1.233630757196000098e-25
6.689672418104526397e-01,1.240754328498999892e-25
6.690672668167041426e-01,1.235553208597999899e-25
6.691672918229557565e-01,1.237898869507999980e-25
6.692673168292073704e-01,1.240262938466999902e-25
6.693673418354588733e-01,1.235090559013000016e-25
6.694673668417104873e-01,1.242149608538000058e-25
6.695673918479621012e-01,1.236867114859000105e-25
6.696674168542136041e-01,1.239403209245000060e-25
6.697674418604651070e-01,1.241559072038999928e-25
6.698674668667167209e-01,1.236509139293999915e-25
6.699674918729683348e-01,1.243504418943000013e-25
6.700675168792198377e-01,1.238178682287999972e-25
6.701675418854713406e-01,1.240881015848999927e-25
6.702675668917229546e-01,1.242860820921000005e-25
6.703675918979745685e-01,1.238020043120999975e-25
6.704676169042260714e-01,1.244903598941999921e-25
6.705676419104776853e-01,1.239542657640000002e-25
6.706676669167292992e-01,1.242466126184000062e-25
6.707676919229808021e-01,1.244170439181999929e-25
6.708677169292323050e-01,1.239571460038000044e-25
6.709677419354839190e-01,1.246428095159000027e-25
6.710677669417355329e-01,1.240918236094000040e-25
6.711677919479870358e-01,1.244089430527000013e-25
6.712678169542385387e-01,1.245583799069999968e-25
6.713678419604901526e-01,1.241078709448999938e-25
6.714678669667417665e-01,1.247897628911999926e-25
6.715678919729932694e-01,1.242315113284000111e-25
6.716679169792447723e-01,1.245660474494999977e-25
6.717679419854964973e-01,1.246935581450000021e-25
6.718679669917480002e-01,1.242604388228999948e-25
6.719679919979995031e-01,1.249424949761000078e-25
6.720680170042511170e-01,1.243750000735999894e-25
6.721680420105027309e-01,1.247252109812000070e-25
6.722680670167542338e-01,1.248350136337999963e-25
6.723680920230057367e-01,1.244158057805999937e-25
6.724681170292573507e-01,1.250918515164000069e-25
6.725681420355089646e-01,1.245202732022999917e-25
6.726681670417604675e-01,1.248867853857999942e-25
6.727681920480119704e-01,1.249750638147000014e-25
6.728682170542635843e-01,1.245759845289999904e-25
6.729682420605151982e-01,1.252491022459999941e-25
6.730682670667667011e-01,1.246635213947999936e-25
6.731682920730183151e-01,1.250458569627999940e-25
6.732683170792699290e-01,1.251216766515000003e-25
6.733683420855214319e-01,1.247378483755000070e-25
6.734683670917729348e-01,1.254084086793999973e-25
6.735683920980245487e-01,1.248210351836000108e-25
6.736684171042761626e-01,1.252151034227000055e-25
6.737684421105276655e-01,1.252678100091000075e-25
6.738684671167791684e-01,1.248962376402000110e-25
6.739684921230307824e-01,1.255624642651000066e-25
6.740685171292823963e-01,1.249701435308999901e-25
6.741685421355338992e-01,1.253783010006999970e-25
6.742685671417855131e-01,1.254181227676999977e-25
6.743685921480371270e-01,1.250575043720999958e-25
6.744686171542886299e-01,1.257175532055000006e-25
6.745686421605401328e-01,1.251303011177000094e-25
6.746686671667917468e-01,1.255481458265000014e-25
6.747686921730433607e-01,1.255712436928000110e-25
6.748687171792948636e-01,1.252291220739000054e-25
6.749687421855463665e-01,1.258761864411999923e-25
6.750687671917979804e-01,1.252846785809000072e-25
6.751687921980495943e-01,1.257131142389000090e-25
6.752688172043010972e-01,1.257237190730000081e-25
6.753688422105526001e-01,1.254044085005999946e-25
6.754688672168043251e-01,1.260394624258000052e-25
6.755688922230558280e-01,1.254491834944999990e-25
6.756689172293073309e-01,1.258928541931000102e-25
6.757689422355589448e-01,1.258804288316999902e-25
6.758689672418105587e-01,1.255743843064000067e-25
6.759689922480620616e-01,1.262003389467000097e-25
6.760690172543135645e-01,1.256091569739999923e-25
6.761690422605651785e-01,1.260654059500999917e-25
6.762690672668167924e-01,1.260413617590000042e-25
6.763690922730682953e-01,1.257528211684000062e-25
6.764691172793197982e-01,1.263664548638999981e-25
6.765691422855714121e-01,1.257824594014999905e-25
6.766691672918230260e-01,1.262487714407000067e-25
6.767691922980745289e-01,1.261993740791000039e-25
6.768692173043261429e-01,1.259315656945999900e-25
6.769692423105777568e-01,1.265350935332999937e-25
6.770692673168292597e-01,1.259453160904999934e-25
6.771692923230807626e-01,1.264239251523999895e-25
6.772693173293323765e-01,1.263652122844000090e-25
6.773693423355839904e-01,1.261166748133000066e-25
6.774693673418354933e-01,1.267069719943999922e-25
6.775693923480869962e-01,1.261200123576999981e-25
6.776694173543386102e-01,1.266032526897999983e-25
6.777694423605902241e-01,1.265199149937999996e-25
6.778694673668417270e-01,1.262920421593000074e-25
6.779694923730933409e-01,1.268717503741999946e-25
6.780695173793449548e-01,1.262899446005000106e-25
6.781695423855964577e-01,1.267924244627999978e-25
6.782695673918479606e-01,1.266948716458999916e-25
6.783695923980995746e-01,1.264849792597999987e-25
6.784696174043511885e-01,1.270492691216000093e-25
6.785696424106026914e-01,1.264632858371000094e-25
6.786696674168541943e-01,1.269738034433000074e-25
6.787696924231058082e-01,1.268597365255999955e-25
6.788697174293574221e-01,1.266704093649999897e-25
6.789697424356089250e-01,1.272234480521000071e-25
6.790697674418604279e-01,1.266401060139000095e-25
6.791697924481121529e-01,1.271626508103000067e-25
6.792698174543636558e-01,1.270259132688999918e-25
6.793698424606151587e-01,1.268517410803000110e-25
6.794698674668667726e-01,1.274024900934999972e-25
6.795698924731183865e-01,1.268252132227999994e-25
6.796699174793698894e-01,1.273559649916999956e-25
6.797699424856213923e-01,1.272060936239999999e-25
6.798699674918730063e-01,1.270510418723000078e-25
6.799699924981246202e-01,1.275879684894000084e-25
6.800700175043761231e-01,1.270070691788999898e-25
6.801700425106276260e-01,1.275451122662000054e-25
6.802700675168792399e-01,1.273847493156000047e-25
6.803700925231308538e-01,1.272444965200000039e-25
6.804701175293823567e-01,1.277679747049000078e-25
6.805701425356339707e-01,1.271921721331999995e-25
6.806701675418855846e-01,1.277355406610000085e-25
6.807701925481370875e-01,1.275631969209000105e-25
6.808702175543885904e-01,1.274419449038999951e-25
6.809702425606402043e-01,1.279512923339999897e-25
6.810702675668918182e-01,1.273827492983999914e-25
6.811702925731433211e-01,1.279336639618000115e-25
6.812703175793948240e-01,1.277465665455000021e-25
6.813703425856464380e-01,1.276428084637000086e-25
6.814703675918980519e-01,1.281355999985000019e-25
6.815703925981495548e-01,1.275735694594000083e-25
6.816704176044011687e-01,1.281327966891000018e-25
6.817704426106527826e-01,1.279241050276999891e-25
6.818704676169042855e-01,1.278383902140999975e-25
6.819704926231557884e-01,1.283252217842000092e-25
6.820705176294074024e-01,1.277634797377000111e-25
6.821705426356590163e-01,1.283294124007999911e-25
6.822705676419105192e-01,1.281157852527999964e-25
6.823705926481620221e-01,1.280447211611000105e-25
6.824706176544136360e-01,1.285168680229000003e-25
6.825706426606652499e-01,1.279619212840999942e-25
6.826706676669167528e-01,1.285312639003999935e-25
6.827706926731682557e-01,1.283046128670999994e-25
6.828707176794199807e-01,1.282494048668000029e-25
6.829707426856714836e-01,1.287113196920999951e-25
6.830707676919229865e-01,1.281640000703000005e-25
6.831707926981746004e-01,1.287362896064000048e-25
6.832708177044262143e-01,1.284983063956000045e-25
6.833708427106777172e-01,1.284549413447000061e-25
6.834708677169292201e-01,1.289044095701000099e-25
6.835708927231808341e-01,1.283645383547000068e-25
6.836709177294324480e-01,1.289359644582000111e-25
6.837709427356839509e-01,1.286947294097999976e-25
6.838709677419354538e-01,1.286666294998000060e-25
6.839709927481870677e-01,1.290981566923999948e-25
6.840710177544386816e-01,1.285746511261999999e-25
6.841710427606901845e-01,1.291464169851000081e-25
6.842710677669417985e-01,1.288924792149999943e-25
6.843710927731934124e-01,1.288839030631000059e-25
6.844711177794449153e-01,1.292982230778999974e-25
6.845711427856964182e-01,1.287813822653000033e-25
6.846711677919480321e-01,1.293548294222999917e-25
6.847711927981996460e-01,1.290927334421999933e-25
6.848712178044511489e-01,1.290979471790000101e-25
6.849712428107026518e-01,1.294979574151999946e-25
6.850712678169542658e-01,1.289923896730999902e-25
6.851712928232058797e-01,1.295585343895999978e-25
6.852713178294573826e-01,1.292921207372999996e-25
6.853713428357089965e-01,1.293174455478000036e-25
6.854713678419606104e-01,1.296959396580999945e-25
6.855713928482121133e-01,1.292099846335999894e-25
6.856714178544636162e-01,1.297780638120000096e-25
6.857714428607152302e-01,1.294979458474999943e-25
6.858714678669668441e-01,1.295405844526000102e-25
6.859714928732183470e-01,1.299011230860000000e-25
6.860715178794698499e-01,1.294302810151000107e-25
6.861715428857214638e-01,1.299943063961000106e-25
6.862715678919730777e-01,1.297032599038999902e-25
6.863715928982245806e-01,1.297679616446000016e-25
6.864716179044760835e-01,1.301052156499999991e-25
6.865716429107278085e-01,1.296462642818999963e-25
6.866716679169793114e-01,1.302107979043999917e-25
6.867716929232308143e-01,1.299078039795000042e-25
6.868717179294824282e-01,1.299924967439999900e-25
6.869717429357340421e-01,1.303111140024999950e-25
6.870717679419855450e-01,1.298688390398000064e-25
6.871717929482370479e-01,1.304337841321000032e-25
6.872718179544886619e-01,1.301168218827999971e-25
6.873718429607402758e-01,1.302243605517000007e-25
6.874718679669917787e-01,1.305253655401999983e-25
6.875718929732432816e-01,1.300932957651999905e-25
6.876719179794948955e-01,1.306562778595999900e-25
6.877719429857465094e-01,1.303262310504000074e-25
6.878719679919980123e-01,1.304558281526000080e-25
6.879719929982496263e-01,1.307382653285999977e-25
6.880720180045012402e-01,1.303140270809999989e-25
6.881720430107527431e-01,1.308823853686999983e-25
6.882720680170042460e-01,1.305464726110000040e-25
6.883720930232558599e-01,1.306885559025999940e-25
6.884721180295074738e-01,1.309519335811000029e-25
6.885721430357589767e-01,1.305412853269999953e-25
6.886721680420104796e-01,1.311050069115999933e-25
6.887721930482620936e-01,1.307623515405000004e-25
6.888722180545137075e-01,1.309247776422000053e-25
6.889722430607652104e-01,1.311671642354999952e-25
6.890722680670168243e-01,1.307744606230000087e-25
6.891722930732684382e-01,1.313374088136000057e-25
6.892723180795199411e-01,1.309795115801999911e-25
6.893723430857714440e-01,1.311627480971000070e-25
6.894723680920230580e-01,1.313885083921000008e-25
6.895723930982746719e-01,1.310087701698000000e-25
6.896724181045261748e-01,1.315736141467000071e-25
6.897724431107776777e-01,1.312071034517000091e-25
6.898724681170292916e-01,1.314070597954999981e-25
6.899724931232809055e-01,1.316112878653000086e-25
6.900725181295324084e-01,1.312449846794000032e-25
6.901725431357839113e-01,1.318088393622999939e-25
6.902725681420356363e-01,1.314263883501999973e-25
6.903725931482871392e-01,1.316475731136999885e-25
6.904726181545386421e-01,1.318384206545000014e-25
6.905726431607902560e-01,1.314794100005999901e-25
6.906726681670418699e-01,1.320481709318000060e-25
6.907726931732933728e-01,1.316617217611999921e-25
6.908727181795448757e-01,1.318957634918000013e-25
6.909727431857964897e-01,1.320716572765000027e-25
6.910727681920481036e-01,1.317203606661999999e-25
6.911727931982996065e-01,1.322822318574000099e-25
6.912728182045511094e-01,1.318917863409000077e-25
6.913728432108027233e-01,1.321420398219000039e-25
6.914728682170543372e-01,1.323033527737000055e-25
6.915728932233058401e-01,1.319669131785999923e-25
6.916729182295574541e-01,1.325264405915000052e-25
6.917729432358090680e-01,1.321309609549000033e-25
6.918729682420605709e-01,1.323921447772999931e-25
6.919729932483120738e-01,1.325338780303000101e-25
6.920730182545636877e-01,1.322094373338999897e-25
6.921730432608153016e-01,1.327612672886000045e-25
6.922730682670668045e-01,1.323602315329000040e-25
6.923730932733183074e-01,1.326396802377000078e-25
6.924731182795699214e-01,1.327719936389000066e-25
6.925731432858215353e-01,1.324656135875999948e-25
6.926731682920730382e-01,1.330125221214000021e-25
6.927731932983246521e-01,1.326092878563000068e-25
6.928732183045762660e-01,1.328984414675999992e-25
6.929732433108277689e-01,1.330097128743999899e-25
6.930732683170792718e-01,1.327206377600000026e-25
6.931732933233308858e-01,1.332576494329999919e-25
6.932733183295824997e-01,1.328506182521000014e-25
6.933733433358340026e-01,1.331567060280999947e-25
6.934733683420855055e-01,1.332468444938999971e-25
6.935733933483371194e-01,1.329750403031000008e-25
6.936734183545887333e-01,1.335046684429000020e-25
6.937734433608402362e-01,1.330929175886000038e-25
6.938734683670917391e-01,1.334152898632999997e-25
6.939734933733434641e-01,1.334821024951000109e-25
6.940735183795949670e-01,1.332328996077000001e-25
6.941735433858464699e-01,1.337633302090000102e-25
6.942735683920980838e-01,1.333413698834000085e-25
6.943735933983496977e-01,1.336815973131000055e-25
6.944736184046012006e-01,1.337331487534000093e-25
6.945736434108527035e-01,1.334961740936000003e-25
6.946736684171043175e-01,1.340194703099000019e-25
6.947736934233559314e-01,1.335912117842999935e-25
6.948737184296074343e-01,1.339472834712999908e-25
6.949737434358589372e-01,1.339819415567999977e-25
6.950737684421105511e-01,1.337569385274999957e-25
6.951737934483621650e-01,1.342728306098000096e-25
6.952738184546136679e-01,1.338440742196000070e-25
6.953738434608652819e-01,1.342142421797000113e-25
6.954738684671168958e-01,1.342292774664000068e-25
6.955738934733683987e-01,1.340268238840999926e-25
6.956739184796199016e-01,1.345338591204000015e-25
6.957739434858715155e-01,1.340963443942999896e-25
6.958739684921231294e-01,1.344871311102999944e-25
6.959739934983746323e-01,1.344754277870000108e-25
6.960740185046261352e-01,1.342886806376000102e-25
6.961740435108777492e-01,1.347994994109999890e-25
6.962740685171293631e-01,1.343491070887000019e-25
6.963740935233808660e-01,1.347654199491000043e-25
6.964741185296324799e-01,1.347425122855000017e-25
6.965741435358840938e-01,1.345538890802999958e-25
6.966741685421355967e-01,1.350681779921000024e-25
6.967741935483870996e-01,1.346163177810999969e-25
6.968742185546387136e-01,1.350369427510000101e-25
6.969742435608903275e-01,1.350045475294000094e-25
6.970742685671418304e-01,1.348303246142000004e-25
6.971742935733933333e-01,1.353380582615000106e-25
6.972743185796449472e-01,1.348807823232000055e-25
6.973743435858965611e-01,1.353110466137000061e-25
6.974743685921480640e-01,1.352680408344000035e-25
6.975743935983995669e-01,1.351044063377000044e-25
6.976744186046511809e-01,1.356068510341999987e-25
6.977744436109027948e-01,1.351500339681999963e-25
6.978744686171542977e-01,1.355884004990000034e-25
6.979744936234059116e-01,1.355355395230000024e-25
6.980745186296575255e-01,1.353865472300000093e-25
6.981745436359090284e-01,1.358802269766999936e-25
6.982745686421605313e-01,1.354233516786000096e-25
6.983745936484121453e-01,1.358679457622000082e-25
6.984746186546637592e-01,1.357972676288000070e-25
6.985746436609152621e-01,1.356624195261999903e-25
6.986746686671667650e-01,1.361527164787999914e-25
6.987746936734183789e-01,1.356984104823999919e-25
6.988747186796699928e-01,1.361522434385000011e-25
6.989747436859214957e-01,1.360684637721000044e-25
6.990747686921731097e-01,1.359452078116000015e-25
6.991747936984247236e-01,1.364271932555000109e-25
6.992748187046762265e-01,1.359755963500999980e-25
6.993748437109277294e-01,1.364361123835000112e-25
6.994748687171793433e-01,1.363413638135000043e-25
6.995748937234309572e-01,1.362381381397000068e-25
6.996749187296824601e-01,1.367086730778999891e-25
6.997749437359339630e-01,1.362535300790999938e-25
6.998749687421855770e-01,1.367264721127000012e-25
6.999749937484371909e-01,1.366211373632000051e-25
7.000750187546886938e-01,1.365276383164999982e-25
7.001750437609403077e-01,1.369894340271999886e-25
7.002750687671919216e-01,1.365362391106000052e-25
7.003750937734434245e-01,1.370132357909000048e-25
7.004751187796949274e-01,1.368981622660999945e-25
7.005751437859465414e-01,1.368191338243000068e-25
7.006751687921981553e-01,1.372705818929999914e-25
7.007751937984496582e-01,1.368280216920999921e-25
7.008752188047011611e-01,1.373094633328999989e-25
7.009752438109527750e-01,1.371779019515000008e-25
7.010752688172043889e-01,1.371201244033999919e-25
7.011752938234558918e-01,1.375562930813000076e-25
7.012753188297073947e-01,1.371156012357999974e-25
7.013753438359590087e-01,1.376082977786000048e-25
7.014753688422106226e-01,1.374570169958000062e-25
7.015753938484621255e-01,1.374164679244000080e-25
7.016754188547137394e-01,1.378454088984000110e-25
7.017754438609653533e-01,1.374100036632999937e-25
7.018754688672168562e-01,1.379159660103000110e-25
7.019754938734683591e-01,1.377434912387999997e-25
7.020755188797199731e-01,1.377201524993000096e-25
7.021755438859715870e-01,1.381455519524999997e-25
7.022755688922230899e-01,1.377033404818000068e-25
7.023755938984745928e-01,1.382193414258000045e-25
7.024756189047262067e-01,1.380369167044000102e-25
7.025756439109778206e-01,1.380248383461000085e-25
7.026756689172293235e-01,1.384430093222000030e-25
7.027756939234809375e-01,1.379974821097000042e-25
7.028757189297325514e-01,1.385219875888000031e-25
7.029757439359840543e-01,1.383342204578000064e-25
7.030757689422355572e-01,1.383323799464000002e-25
7.031757939484871711e-01,1.387397613354000042e-25
7.032758189547387850e-01,1.382949554080000110e-25
7.033758439609902879e-01,1.388247379469999889e-25
7.034758689672417908e-01,1.386263903830999991e-25
7.035758939734934048e-01,1.386389145801000026e-25
7.036759189797450187e-01,1.390426452298999916e-25
7.037759439859965216e-01,1.385990691452000042e-25
7.038759689922481355e-01,1.391341833506999960e-25
7.039759939984997494e-01,1.389296574416000007e-25
7.040760190047512523e-01,1.389515875580000055e-25
7.041760440110027552e-01,1.393449994180000097e-25
7.042760690172543692e-01,1.389014887941999976e-25
7.043760940235059831e-01,1.394375621346999991e-25
7.044761190297574860e-01,1.392256374492000033e-25
7.045761440360089889e-01,1.392590646423999965e-25
7.046761690422606028e-01,1.396487198852000073e-25
7.047761940485122167e-01,1.392157772958000012e-25
7.048762190547637196e-01,1.397569214103999962e-25
7.049762440610152225e-01,1.395389034843999887e-25
7.050762690672668365e-01,1.395790920827000088e-25
7.051762940735184504e-01,1.399551661316999994e-25
7.052763190797699533e-01,1.395271745202000092e-25
7.053763440860215672e-01,1.400687332788999913e-25
7.054763690922731811e-01,1.398445071410999899e-25
7.055763940985246840e-01,1.398969982891000089e-25
7.056764191047761869e-01,1.402670855254999888e-25
7.057764441110278009e-01,1.398482027744000067e-25
7.058764691172794148e-01,1.403877627771000098e-25
7.059764941235309177e-01,1.401605081711999902e-25
7.060765191297824206e-01,1.402252433970999914e-25
7.061765441360340345e-01,1.405805143517999932e-25
7.062765691422856484e-01,1.401714299244999931e-25
7.063765941485371513e-01,1.407117549820999928e-25
7.064766191547887653e-01,1.404783196695999906e-25
7.065766441610403792e-01,1.405530577323000110e-25
7.066766691672918821e-01,1.408925288278999981e-25
7.067766941735433850e-01,1.404944114746999980e-25
7.068767191797949989e-01,1.410351254467000002e-25
7.069767441860466128e-01,1.407959130246000016e-25
7.070767691922981157e-01,1.408851677707999891e-25
7.071767941985496186e-01,1.412121431741000095e-25
7.072768192048012326e-01,1.408250584217999887e-25
7.073768442110528465e-01,1.413602666055999923e-25
7.074768692173043494e-01,1.411136372181000025e-25
7.075768942235558523e-01,1.412225564416999965e-25
7.076769192298075772e-01,1.415310763561999939e-25
7.077769442360590801e-01,1.411531135830999964e-25
7.078769692423105830e-01,1.416915270536000038e-25
7.079769942485621970e-01,1.414303882484999970e-25
7.080770192548138109e-01,1.415528478220999897e-25
7.081770442610653138e-01,1.418520847736999954e-25
7.082770692673168167e-01,1.414862185569999926e-25
7.083770942735684306e-01,1.420308620559000024e-25
7.084771192798200445e-01,1.417597966082999998e-25
7.085771442860715474e-01,1.418952280134999943e-25
7.086771692923230503e-01,1.421854794242999896e-25
7.087771942985746643e-01,1.418197375285000087e-25
7.088772193048262782e-01,1.423601364542999893e-25
7.089772443110777811e-01,1.420864170514000064e-25
7.090772693173293950e-01,1.422336001320000005e-25
7.091772943235810089e-01,1.425164888976000016e-25
7.092773193298325118e-01,1.421637124001999979e-25
7.093773443360840147e-01,1.426985649616999935e-25
7.094773693423356287e-01,1.424216464628000008e-25
7.095773943485872426e-01,1.425832300923000052e-25
7.096774193548387455e-01,1.428471813645000020e-25
7.097774443610902484e-01,1.425039949989000113e-25
7.098774693673418623e-01,1.430420457828999910e-25
7.099774943735934762e-01,1.427605006548000055e-25
7.100775193798449791e-01,1.429333902628999921e-25
7.101775443860965931e-01,1.431825941584000093e-25
7.102775693923482070e-01,1.428481279375000102e-25
7.103775943985997099e-01,1.433852262816999944e-25
7.104776194048512128e-01,1.430954696950999949e-25
7.105776444111028267e-01,1.432772760376000003e-25
7.106776694173544406e-01,1.435185791831000101e-25
7.107776944236059435e-01,1.431953084457999935e-25
7.108777194298574464e-01,1.437303987741999901e-25
7.109777444361090604e-01,1.434437161932000018e-25
7.110777694423606743e-01,1.436343235734000002e-25
7.111777944486121772e-01,1.438607998479000023e-25
7.112778194548636801e-01,1.435522151092000014e-25
7.113778444611154050e-01,1.440754063942999980e-25
7.114778694673669079e-01,1.437861334828000069e-25
7.115778944736184108e-01,1.439954677253000019e-25
7.116779194798700248e-01,1.442024796335999912e-25
7.117779444861216387e-01,1.439095648125999955e-25
7.118779694923731416e-01,1.444312655314999992e-25
7.119779944986246445e-01,1.441307460822000075e-25
7.120780195048762584e-01,1.443553808941999936e-25
7.121780445111278723e-01,1.445495189981999959e-25
7.122780695173793752e-01,1.442679116783999987e-25
7.123780945236308781e-01,1.447917940283000071e-25
7.124781195298824921e-01,1.444874887999999977e-25
7.125781445361341060e-01,1.447207134149000038e-25
7.126781695423856089e-01,1.448985062000999988e-25
7.127781945486372228e-01,1.446268383221999911e-25
7.128782195548888367e-01,1.451454036459999976e-25
7.129782445611403396e-01,1.448373972279999892e-25
7.130782695673918425e-01,1.450853667059999968e-25
7.131782945736434565e-01,1.452514932663999895e-25
7.132783195798950704e-01,1.449931231968999983e-25
7.133783445861465733e-01,1.455060135875999911e-25
7.134783695923980762e-01,1.451926245154000078e-25
7.135783945986496901e-01,1.454562662814999911e-25
7.136784196049013040e-01,1.456119646853999969e-25
7.137784446111528069e-01,1.453652108292999926e-25
7.138784696174044209e-01,1.458731805616000005e-25
7.139784946236560348e-01,1.455581573404999928e-25
7.140785196299075377e-01,1.458304859651999994e-25
7.141785446361590406e-01,1.459680067903999992e-25
7.142785696424106545e-01,1.457382578662000073e-25
7.143785946486622684e-01,1.462388219248999979e-25
7.144786196549137713e-01,1.459189591167000000e-25
7.145786446611652742e-01,1.462118608721000081e-25
7.146786696674168882e-01,1.463269099018999942e-25
7.147786946736685021e-01,1.461054484772000102e-25
7.148787196799200050e-01,1.466099689967999936e-25
7.149787446861715079e-01,1.462810231143000074e-25
7.150787696924232328e-01,1.465879101382999963e-25
7.151787946986747357e-01,1.466954647133000083e-25
7.152788197049262386e-01,1.464863358744000063e-25
7.153788447111778526e-01,1.469939549483999907e-25
7.154788697174294665e-01,1.466572285895999917e-25
7.155788947236809694e-01,1.469718877494999887e-25
7.156789197299324723e-01,1.470716524168999914e-25
7.157789447361840862e-01,1.468684709362000009e-25
7.158789697424357001e-01,1.473718817809000083e-25
7.159789947486872030e-01,1.470319157051000092e-25
7.160790197549387059e-01,1.473510841241999967e-25
7.161790447611903199e-01,1.474437152302000060e-25
7.162790697674419338e-01,1.472526978515000029e-25
7.163790947736934367e-01,1.477510463105000018e-25
7.164791197799450506e-01,1.474149942364000050e-25
7.165791447861966645e-01,1.477405832875000085e-25
7.166791697924481674e-01,1.478163061318000112e-25
7.167791947986996703e-01,1.476342100981999954e-25
7.168792198049512843e-01,1.481238808688999976e-25
7.169792448112028982e-01,1.477894605569999889e-25
7.170792698174544011e-01,1.481295232507000004e-25
7.171792948237059040e-01,1.481982263684999888e-25
7.172793198299575179e-01,1.480343807071000023e-25
7.173793448362091318e-01,1.485199492964999990e-25
7.174793698424606347e-01,1.481781647414000066e-25
7.175793948487122487e-01,1.485237932846999908e-25
7.176794198549638626e-01,1.485836147894000075e-25
7.177794448612153655e-01,1.484284700727999973e-25
7.178794698674668684e-01,1.489078597556999896e-25
7.179794948737184823e-01,1.485749414155000060e-25
7.180795198799700962e-01,1.489287515042000077e-25
7.181795448862215991e-01,1.489695063488999975e-25
7.182795698924731020e-01,1.488237341705000017e-25
7.183795948987247160e-01,1.492955519221000083e-25
7.184796199049763299e-01,1.489595240902000113e-25
7.185796449112278328e-01,1.493201108715000033e-25
7.186796699174793357e-01,1.493557681092999991e-25
7.187796949237310606e-01,1.492261963917000047e-25
7.188797199299825635e-01,1.496909044138000052e-25
7.189797449362340664e-01,1.493577371962999932e-25
7.190797699424856804e-01,1.497233076240999987e-25
7.191797949487372943e-01,1.497472528681000014e-25
7.192798199549887972e-01,1.496360345124999944e-25
7.193798449612403001e-01,1.500939961407000073e-25
7.194798699674919140e-01,1.497573024883000015e-25
7.195798949737435279e-01,1.501264610339000020e-25
7.196799199799950308e-01,1.501430229587000031e-25
7.197799449862465337e-01,1.500456927332000111e-25
7.198799699924981477e-01,1.504935256214000063e-25
7.199799949987497616e-01,1.501648613930999940e-25
7.200800200050012645e-01,1.505396329882000046e-25
7.201800450112528784e-01,1.505426690148999947e-25
7.202800700175044923e-01,1.504594064070999903e-25
7.203800950237559952e-01,1.508874265312000051e-25
7.204801200300074981e-01,1.505649159479999954e-25
7.205801450362591121e-01,1.509551254291999928e-25
7.206801700425107260e-01,1.509414062394999981e-25
7.207801950487622289e-01,1.508814818830000066e-25
7.208802200550137318e-01,1.513041496221999943e-25
7.209802450612653457e-01,1.509788570441000018e-25
7.210802700675169596e-01,1.513812427775999894e-25
7.211802950737684625e-01,1.513461810511000029e-25
7.212803200800200765e-01,1.512954480766999968e-25
7.213803450862716904e-01,1.517148173704999972e-25
7.214803700925231933e-01,1.513849994814000063e-25
7.215803950987746962e-01,1.518012966359000043e-25
7.216804201050263101e-01,1.517600244867999979e-25
7.217804451112779240e-01,1.517117293510999928e-25
7.218804701175294269e-01,1.521277715594000094e-25
7.219804951237809298e-01,1.518036815764000016e-25
7.220805201300325438e-01,1.522157539752000023e-25
7.221805451362841577e-01,1.521699328947999905e-25
7.222805701425356606e-01,1.521435910860999920e-25
7.223805951487871635e-01,1.525441164752000066e-25
7.224806201550388884e-01,1.522280346255999933e-25
7.225806451612903913e-01,1.526519640460999999e-25
7.226806701675418942e-01,1.525874350163000077e-25
7.227806951737935082e-01,1.525784543542999904e-25
7.228807201800451221e-01,1.529688993436999915e-25
7.229807451862966250e-01,1.526507158628000096e-25
7.230807701925481279e-01,1.530891994734999976e-25
7.231807951987997418e-01,1.530034669494000060e-25
7.232808202050513557e-01,1.530021262698000068e-25
7.233808452113028586e-01,1.533941468468999969e-25
7.234808702175543615e-01,1.530700349122000016e-25
7.235808952238059755e-01,1.535197676774999922e-25
7.236809202300575894e-01,1.534333922758000042e-25
7.237809452363090923e-01,1.534368888983999967e-25
7.238809702425607062e-01,1.538295993976999975e-25
7.239809952488123201e-01,1.535083013176000067e-25
7.240810202550638230e-01,1.539550662060000095e-25
7.241810452613153259e-01,1.538695062621000114e-25
7.242810702675669399e-01,1.538832607641000003e-25
7.243810952738185538e-01,1.542645016112999898e-25
7.244811202800700567e-01,1.539495338170999923e-25
7.245811452863215596e-01,1.543931333621999925e-25
7.246811702925731735e-01,1.542971505713000058e-25
7.247811952988247874e-01,1.543190597247000104e-25
7.248812203050762903e-01,1.546882813094000100e-25
7.249812453113279043e-01,1.543823824865999924e-25
7.250812703175795182e-01,1.548271982039000081e-25
7.251812953238310211e-01,1.547325017567999967e-25
7.252813203300825240e-01,1.547769097403999953e-25
7.253813453363341379e-01,1.551266867964000032e-25
7.254813703425857518e-01,1.548298298316000042e-25
7.255813953488372547e-01,1.552848914283000069e-25
7.256814203550887576e-01,1.551675251398000007e-25
7.257814453613403716e-01,1.552238487523000045e-25
7.258814703675919855e-01,1.555747669654000094e-25
7.259814953738434884e-01,1.552772201858999913e-25
7.260815203800949913e-01,1.557338829050000107e-25
7.261815453863467162e-01,1.556135879932999906e-25
7.262815703925982191e-01,1.556763888968999893e-25
7.263815953988497220e-01,1.560195462286999948e-25
7.264816204051013360e-01,1.557294556185000086e-25
7.265816454113529499e-01,1.561801918876000083e-25
7.266816704176044528e-01,1.560583933293000056e-25
7.267816954238559557e-01,1.561353723219000050e-25
7.268817204301075696e-01,1.564616953429000072e-25
7.269817454363591835e-01,1.561861229583999955e-25
7.270817704426106864e-01,1.566385809588999895e-25
7.271817954488621893e-01,1.565068068025000044e-25
7.272818204551138033e-01,1.566057399139999961e-25
7.273818454613654172e-01,1.569179973883000090e-25
7.274818704676169201e-01,1.566473977396999981e-25
7.275818954738685340e-01,1.571077716968000081e-25
7.276819204801201479e-01,1.569584164333000012e-25
7.277819454863716508e-01,1.570634041613000026e-25
7.278819704926231537e-01,1.573742579873999926e-25
7.279819954988747677e-01,1.571094399227999990e-25
7.280820205051263816e-01,1.575699982267000066e-25
7.281820455113778845e-01,1.574286129770000034e-25
7.282820705176293874e-01,1.575437103086999913e-25
7.283820955238810013e-01,1.578328212011000009e-25
7.284821205301326152e-01,1.575842173993000038e-25
7.285821455363841181e-01,1.580374065449999974e-25
7.286821705426357321e-01,1.578789003430999988e-25
7.287821955488873460e-01,1.580197842126999985e-25
7.288822205551388489e-01,1.582923825008000036e-25
7.289822455613903518e-01,1.580476430084000112e-25
7.290822705676419657e-01,1.585130062619000086e-25
7.291822955738935796e-01,1.583430908734999959e-25
7.292823205801450825e-01,1.584960746689999967e-25
7.293823455863965854e-01,1.587595032094999934e-25
7.294823705926481994e-01,1.585184899368999989e-25
7.295823955988998133e-01,1.589880437692999917e-25
7.296824206051513162e-01,1.588112989514999970e-25
7.297824456114028191e-01,1.589789522302999888e-25
7.298824706176545440e-01,1.592373816385999978e-25
7.299824956239060469e-01,1.590023284956000085e-25
7.300825206301575498e-01,1.594707867104999994e-25
7.301825456364091638e-01,1.592848733910000074e-25
7.302825706426607777e-01,1.594602945470000084e-25
7.303825956489122806e-01,1.597069607943000097e-25
7.304826206551637835e-01,1.594813345812999895e-25
7.305826456614153974e-01,1.599559566964999981e-25
7.306826706676670113e-01,1.597689195845000057e-25
7.307826956739185142e-01,1.599519814144000051e-25
7.308827206801700171e-01,1.601862543073000114e-25
7.309827456864216311e-01,1.599754720008000106e-25
7.310827706926732450e-01,1.604444258588000095e-25
7.311827956989247479e-01,1.602451264123999903e-25
7.312828207051763618e-01,1.604482899586000043e-25
7.313828457114279757e-01,1.606703023558000051e-25
7.314828707176794786e-01,1.604643645906000063e-25
7.315828957239309815e-01,1.609390574756000042e-25
7.316829207301825955e-01,1.607333950176999974e-25
7.317829457364342094e-01,1.609460149425999952e-25
7.318829707426857123e-01,1.611577412115000003e-25
7.319829957489372152e-01,1.609613830663000059e-25
7.320830207551888291e-01,1.614326605537000021e-25
7.321830457614404430e-01,1.612168814322000025e-25
7.322830707676919459e-01,1.614477310917999942e-25
7.323830957739435599e-01,1.616496538543999925e-25
7.324831207801951738e-01,1.614553103202999925e-25
7.325831457864466767e-01,1.619314643030999919e-25
7.326831707926981796e-01,1.617152724019000064e-25
7.327831957989497935e-01,1.619528396122999898e-25
7.328832208052014074e-01,1.621385343564999958e-25
7.329832458114529103e-01,1.619532603477999939e-25
7.330832708177044132e-01,1.624308774534999921e-25
7.331832958239560272e-01,1.622102087560999907e-25
7.332833208302076411e-01,1.624633459709000021e-25
7.333833458364591440e-01,1.626373642869000089e-25
7.334833708427106469e-01,1.624594470936999931e-25
7.335833958489623718e-01,1.629401336905999980e-25
7.336834208552138747e-01,1.627089718360999975e-25
7.337834458614653776e-01,1.629741252840000102e-25
7.338834708677169916e-01,1.631470042670000111e-25
7.339834958739686055e-01,1.629753033811999895e-25
7.340835208802201084e-01,1.634552699113999982e-25
7.341835458864716113e-01,1.632211028085999924e-25
7.342835708927232252e-01,1.634877840034999892e-25
7.343835958989748391e-01,1.636486595196000041e-25
7.344836209052263420e-01,1.634919823122000099e-25
7.345836459114778449e-01,1.639671832140999966e-25
7.346836709177294589e-01,1.637278152786000098e-25
7.347836959239810728e-01,1.640136282075000022e-25
7.348837209302325757e-01,1.641600137889999908e-25
7.349837459364841896e-01,1.640085277248999926e-25
7.350837709427358035e-01,1.644901266639999973e-25
7.351837959489873064e-01,1.642391313700000000e-25
7.352838209552388093e-01,1.645345734558000086e-25
7.353838459614904233e-01,1.646838793994999891e-25
7.354838709677420372e-01,1.645338057615999920e-25
7.355838959739935401e-01,1.650127004505999989e-25
7.356839209802450430e-01,1.647670905358999949e-25
7.357839459864966569e-01,1.650661989627999971e-25
7.358839709927482708e-01,1.652028227912999996e-25
7.359839959989997737e-01,1.650591581110000057e-25
7.360840210052513877e-01,1.655331189003000014e-25
7.361840460115030016e-01,1.652896776004000036e-25
7.362840710177545045e-01,1.655955159117000002e-25
7.363840960240060074e-01,1.657215587760000041e-25
7.364841210302576213e-01,1.655923757617000073e-25
7.365841460365092352e-01,1.660634288960999994e-25
7.366841710427607381e-01,1.658168414060000028e-25
7.367841960490122410e-01,1.661319390547999916e-25
7.368842210552638550e-01,1.662543378016999922e-25
7.369842460615154689e-01,1.661401881506999996e-25
7.370842710677669718e-01,1.666005074980999987e-25
7.371842960740184747e-01,1.663488422430999913e-25
7.372843210802700886e-01,1.666767976307000090e-25
7.373843460865217025e-01,1.667830159322999958e-25
7.374843710927732054e-01,1.666722152175000075e-25
7.375843960990248194e-01,1.671347259565999964e-25
7.376844211052764333e-01,1.668869284864000106e-25
7.377844461115279362e-01,1.672212795447000079e-25
7.378844711177794391e-01,1.673183330903000041e-25
7.379844961240310530e-01,1.672219642029999947e-25
7.380845211302826669e-01,1.676806644640999914e-25
7.381845461365341698e-01,1.674316749690999982e-25
7.382845711427856727e-01,1.677736590098000081e-25
7.383845961490372867e-01,1.678565729538999945e-25
7.384846211552889006e-01,1.677716651814000043e-25
7.385846461615404035e-01,1.682265610331000042e-25
7.386846711677920174e-01,1.679746893987000109e-25
7.387846961740436313e-01,1.683321325985000004e-25
7.388847211802951342e-01,1.684068720255000013e-25
7.389847461865466371e-01,1.683265913126999913e-25
7.390847711927982511e-01,1.687797043103999979e-25
7.391847961990498650e-01,1.685273647076000026e-25
7.392848212053013679e-01,1.688876852715999898e-25
7.393848462115528708e-01,1.689499073978999932e-25
7.394848712178044847e-01,1.688803196960999894e-25
7.395848962240560986e-01,1.693335811328999885e-25
7.396849212303076015e-01,1.690792572085999994e-25
7.397849462365592155e-01,1.694438437092999959e-25
7.398849712428108294e-01,1.695038122492000077e-25
7.399849962490623323e-01,1.694453202292000104e-25
7.400850212553138352e-01,1.698850388208999951e-25
7.401850462615654491e-01,1.696307146910999917e-25
7.402850712678170630e-01,1.700086621697000028e-25
7.403850962740685659e-01,1.700638652189000093e-25
7.404851212803200688e-01,1.700171771842999992e-25
7.405851462865716828e-01,1.704492413013999906e-25
7.406851712928232967e-01,1.701967214846000057e-25
7.407851962990747996e-01,1.705825592150999891e-25
7.408852213053263025e-01,1.706229817979999996e-25
7.409852463115779164e-01,1.705908721024999968e-25
7.410852713178295303e-01,1.710223729862000011e-25
7.411852963240810332e-01,1.707639147888999885e-25
7.412853213303326472e-01,1.711616925304999995e-25
7.413853463365842611e-01,1.711995238159999989e-25
7.414853713428357640e-01,1.711693817828000105e-25
7.415853963490872669e-01,1.715993242869000082e-25
7.416854213553388808e-01,1.713495701177999898e-25
7.417854463615904947e-01,1.717422927785999979e-25
7.418854713678419976e-01,1.717666038161000009e-25
7.419854963740935005e-01,1.717522708120000042e-25
7.420855213803451145e-01,1.721715571071000087e-25
7.421855463865967284e-01,1.719245656335000089e-25
7.422855713928482313e-01,1.723288823913999964e-25
7.423855963990998452e-01,1.723400638526999906e-25
7.424856214053514591e-01,1.723414967337999973e-25
7.425856464116029620e-01,1.727557114288000103e-25
7.426856714178544649e-01,1.725012691925999975e-25
7.427856964241060789e-01,1.729199179733000068e-25
7.428857214303576928e-01,1.729208043510000075e-25
7.429857464366091957e-01,1.729245492984000052e-25
7.430857714428606986e-01,1.733463644433000088e-25
7.431857964491123125e-01,1.730912666585999975e-25
7.432858214553639264e-01,1.735096193981000066e-25
7.433858464616154293e-01,1.735152539757000079e-25
7.434858714678670433e-01,1.735255462603000050e-25
7.435858964741186572e-01,1.739367938987000056e-25
7.436859214803701601e-01,1.736894594079999906e-25
7.437859464866216630e-01,1.741074082432000074e-25
7.438859714928732769e-01,1.741014892979000079e-25
7.439859964991248908e-01,1.741211398163999925e-25
7.440860215053763937e-01,1.745256394986000091e-25
7.441860465116278966e-01,1.742850227782000000e-25
7.442860715178795106e-01,1.747093064816999979e-25
7.443860965241311245e-01,1.747023160443999938e-25
7.444861215303826274e-01,1.747367743226999964e-25
7.445861465366341303e-01,1.751276176831999959e-25
7.446861715428857442e-01,1.748846239778000041e-25
7.447861965491373581e-01,1.753123725957999893e-25
7.448862215553888610e-01,1.752990768078999989e-25
7.449862465616404750e-01,1.753421669360999920e-25
7.450862715678920889e-01,1.757255617949000098e-25
7.451862965741435918e-01,1.754943805444999944e-25
7.452863215803950947e-01,1.759253272846000040e-25
7.453863465866467086e-01,1.758981839139000059e-25
7.454863715928983225e-01,1.759562719577999893e-25
7.455863965991498254e-01,1.763351874163999978e-25
7.456864216054013283e-01,1.761074499134000105e-25
7.457864466116529423e-01,1.765407893382000091e-25
7.458864716179045562e-01,1.765015247532000080e-25
7.459864966241560591e-01,1.765737910854000084e-25
7.460865216304076730e-01,1.769499724416000112e-25
7.461865466366592869e-01,1.767243594778999911e-25
7.462865716429107898e-01,1.771647692368999954e-25
7.463865966491622927e-01,1.771232904067999966e-25
7.464866216554139067e-01,1.772035547464999928e-25
7.465866466616655206e-01,1.775675506407000025e-25
7.466866716679170235e-01,1.773483089956999965e-25
7.467866966741685264e-01,1.777976914301999905e-25
7.468867216804201403e-01,1.777477325578000034e-25
7.469867466866717542e-01,1.778337359928999944e-25
7.470867716929232571e-01,1.781894323583999955e-25
7.471867966991747601e-01,1.779771559185999920e-25
7.472868217054264850e-01,1.784287134502999886e-25
7.473868467116779879e-01,1.783664168984000064e-25
7.474868717179294908e-01,1.784670368247999895e-25
7.475868967241811047e-01,1.788209211863999936e-25
7.476869217304327186e-01,1.786043244799999974e-25
7.477869467366842215e-01,1.790537486660999993e-25
7.478869717429357244e-01,1.789879083194999924e-25
7.479869967491873384e-01,1.790983642891000037e-25
7.480870217554389523e-01,1.794498536911999962e-25
7.481870467616904552e-01,1.792447407028999893e-25
7.482870717679419581e-01,1.796984887135999915e-25
7.483870967741935720e-01,1.796295510635000011e-25
7.484871217804451859e-01,1.797479099362000102e-25
7.485871467866966888e-01,1.800849044715999930e-25
7.486871717929483028e-01,1.798814177785000107e-25
7.487871967991999167e-01,1.803359576810000058e-25
7.488872218054514196e-01,1.802651136230999941e-25
7.489872468117029225e-01,1.804014396636000087e-25
7.490872718179545364e-01,1.807363275486999895e-25
7.491872968242061503e-01,1.805398773199999906e-25
7.492873218304576532e-01,1.809923823216999899e-25
7.493873468367091562e-01,1.809122553774999968e-25
7.494873718429607701e-01,1.810564130113000016e-25
7.495873968492123840e-01,1.813792844741999956e-25
7.496874218554638869e-01,1.811892491686000029e-25
7.497874468617155008e-01,1.816486271990999928e-25
7.498874718679671147e-01,1.815662647881000061e-25
7.499874968742186176e-01,1.817202035695000114e-25
7.500875218804701205e-01,1.820315281701999943e-25
7.501875468867217345e-01,1.818442514999999985e-25
7.502875718929733484e-01,1.823035027834999998e-25
7.503875968992248513e-01,1.822163898319000089e-25
7.504876219054763542e-01,1.823836597418000023e-25
7.505876469117279681e-01,1.826877452250000037e-25
7.506876719179795820e-01,1.825079670448000028e-25
7.507876969242310849e-01,1.829726849255000023e-25
7.508877219304825879e-01,1.828760287376999967e-25
7.509877469367343128e-01,1.830496540920000107e-25
7.510877719429858157e-01,1.833510995951000048e-25
7.511877969492373186e-01,1.831733849749999973e-25
7.512878219554889325e-01,1.836383616728999915e-25
7.513878469617405464e-01,1.835473398990000010e-25
7.514878719679920493e-01,1.837293851578999996e-25
7.515878969742435523e-01,1.840240372045999908e-25
7.516879219804951662e-01,1.838554756534999932e-25
7.517879469867467801e-01,1.843103917510999961e-25
7.518879719929982830e-01,1.842130677017999999e-25
7.519879969992497859e-01,1.844042845963999946e-25
7.520880220055013998e-01,1.846876404148999950e-25
7.521880470117530137e-01,1.845334236452999903e-25
7.522880720180045167e-01,1.849922964604000024e-25
7.523880970242561306e-01,1.848940190799999929e-25
7.524881220305077445e-01,1.850948418795000094e-25
7.525881470367592474e-01,1.853604768926000085e-25
7.526881720430107503e-01,1.852105445580999892e-25
7.527881970492623642e-01,1.856682357516000052e-25
7.528882220555139781e-01,1.855698017759000091e-25
7.529882470617654810e-01,1.857890017940999925e-25
7.530882720680169840e-01,1.860520216200000086e-25
7.531882970742685979e-01,1.859200870995999908e-25
7.532883220805202118e-01,1.863740119048999885e-25
7.533883470867717147e-01,1.862597161516999920e-25
7.534883720930233286e-01,1.864857380029999989e-25
7.535883970992749425e-01,1.867321445656000060e-25
7.536884221055264454e-01,1.866122064715000011e-25
7.537884471117779484e-01,1.870749069047000042e-25
7.538884721180295623e-01,1.869515738584999972e-25
7.539884971242811762e-01,1.871913741864999985e-25
7.540885221305326791e-01,1.874261664747999998e-25
7.541885471367841820e-01,1.873031748567999978e-25
7.542885721430357959e-01,1.877712710556000014e-25
7.543885971492874098e-01,1.876461411800000105e-25
7.544886221555389128e-01,1.878978645093999936e-25
7.545886471617904157e-01,1.881305707720000110e-25
7.546886721680421406e-01,1.880122383179999980e-25
7.547886971742936435e-01,1.884801812968999928e-25
7.548887221805451464e-01,1.883507237085000034e-25
7.549887471867967603e-01,1.886113859406999887e-25
7.550887721930483742e-01,1.888377669191999925e-25
7.551887971992998771e-01,1.887204161234000064e-25
7.552888222055513801e-01,1.891907729231000054e-25
7.553888472118029940e-01,1.890623283808000017e-25
7.554888722180546079e-01,1.893273693455000020e-25
7.555888972243061108e-01,1.895526053259999977e-25
7.556889222305576137e-01,1.894444785481000061e-25
7.557889472368092276e-01,1.899071773326000071e-25
7.558889722430608415e-01,1.897769392999000110e-25
7.559889972493123445e-01,1.900499164824000076e-25
7.560890222555639584e-01,1.902662733385999945e-25
7.561890472618155723e-01,1.901671072251999964e-25
7.562890722680670752e-01,1.906308626271999916e-25
7.563890972743185781e-01,1.904960660236999929e-25
7.564891222805701920e-01,1.907708698817999921e-25
7.565891472868218059e-01,1.909824275210000085e-25
7.566891722930733089e-01,1.908901501288999896e-25
7.567891972993248118e-01,1.913521466242000042e-25
7.568892223055764257e-01,1.912245728041999918e-25
7.569892473118280396e-01,1.915044744450999954e-25
7.570892723180795425e-01,1.917104128921000109e-25
7.571892973243311564e-01,1.916325588556000075e-25
7.572893223305827703e-01,1.920882014555999999e-25
7.573893473368342732e-01,1.919617351868999909e-25
7.574893723430857762e-01,1.922506995121999934e-25
7.575893973493373901e-01,1.924469538063999912e-25
7.576894223555890040e-01,1.923730089927000043e-25
7.577894473618405069e-01,1.928230786875999940e-25
7.578894723680920098e-01,1.927050449017000051e-25
7.579894973743436237e-01,1.929982383799000084e-25
7.580895223805952376e-01,1.931869850128999968e-25
7.581895473868467406e-01,1.931297610575999952e-25
7.582895723930982435e-01,1.935632514125999923e-25
7.583895973993499684e-01,1.934427000224000107e-25
7.584896224056014713e-01,1.937421098704000007e-25
7.585896474118529742e-01,1.939147453648000053e-25
7.586896724181045881e-01,1.938828983015000107e-25
7.587896974243562020e-01,1.943158240458999997e-25
7.588897224306077050e-01,1.941929771986999959e-25
7.589897474368592079e-01,1.945113659379999927e-25
7.590897724431108218e-01,1.946660782348999906e-25
7.591897974493624357e-01,1.946381937994000104e-25
7.592898224556139386e-01,1.950753373178000047e-25
7.593898474618654415e-01,1.949501371881000032e-25
7.594898724681170554e-01,1.952778392758999986e-25
7.595898974743686694e-01,1.954285444072000093e-25
7.596899224806201723e-01,1.954041900634000092e-25
7.597899474868717862e-01,1.958320575791000056e-25
7.598899724931234001e-01,1.957070514032999997e-25
7.599899974993749030e-01,1.960364929008000080e-25
7.600900225056264059e-01,1.961804462703000041e-25
7.601900475118780198e-01,1.961783004970999939e-25
7.602900725181296337e-01,1.966032388465000049e-25
7.603900975243811367e-01,1.964827263624999898e-25
7.604901225306326396e-01,1.968232287841999989e-25
7.605901475368842535e-01,1.969510180544999921e-25
7.606901725431358674e-01,1.969605477629000024e-25
7.607901975493873703e-01,1.973793237325000100e-25
7.608902225556389842e-01,1.972549571774000010e-25
7.609902475618905981e-01,1.976028418724000102e-25
7.610902725681421011e-01,1.977189611612000073e-25
7.611902975743936040e-01,1.977507713232999977e-25
7.612903225806452179e-01,1.981653871503000064e-25
7.613903475868968318e-01,1.980265342238000028e-25
7.614903725931483347e-01,1.983938365004000064e-25
7.615903975993998376e-01,1.985058337772999911e-25
7.616904226056514515e-01,1.985292176367000040e-25
7.617904476119030655e-01,1.989400892842999967e-25
7.618904726181545684e-01,1.988136360543999900e-25
7.619904976244060713e-01,1.991825450704999952e-25
7.620905226306577962e-01,1.992844575565999982e-25
7.621905476369092991e-01,1.993323148487999959e-25
7.622905726431608020e-01,1.997364431785999924e-25
7.623905976494124159e-01,1.996105632379000088e-25
7.624906226556640298e-01,1.999941794075999966e-25
7.625906476619155328e-01,2.000706092541999992e-25
7.626906726681670357e-01,2.001300954748999969e-25
7.627906976744186496e-01,2.005387793015000070e-25
7.628907226806702635e-01,2.003974361049999952e-25
7.629907476869217664e-01,2.007968076533000021e-25
7.630907726931732693e-01,2.008742109782999910e-25
7.631907976994248832e-01,2.009374831042000010e-25
7.632908227056764972e-01,2.013493342162000077e-25
7.633908477119280001e-01,2.012043377506999918e-25
7.634908727181796140e-01,2.016120438038999934e-25
7.635908977244312279e-01,2.016852379790000103e-25
7.636909227306827308e-01,2.017407437978000095e-25
7.637909477369342337e-01,2.021553014675000024e-25
7.638909727431858476e-01,2.020237177273999981e-25
7.639909977494374616e-01,2.024282075001999942e-25
7.640910227556889645e-01,2.024960750392000069e-25
7.641910477619404674e-01,2.025679772768000005e-25
7.642910727681920813e-01,2.029751084223000110e-25
7.643910977744436952e-01,2.028370986535999937e-25
7.644911227806951981e-01,2.032467156535000097e-25
7.645911477869468120e-01,2.033123162285999969e-25
7.646911727931984259e-01,2.033877604311000013e-25
7.647911977994499289e-01,2.037937965935999936e-25
7.648912228057014318e-01,2.036673897936000032e-25
7.649912478119530457e-01,2.040831787935000097e-25
7.650912728182046596e-01,2.041513817055000019e-25
7.651912978244561625e-01,2.042348771870000019e-25
7.652913228307076654e-01,2.046244002603999923e-25
7.653913478369592793e-01,2.044999553718999926e-25
7.654913728432108933e-01,2.049179685117999960e-25
7.655913978494623962e-01,2.049816722180999906e-25
7.656914228557138991e-01,2.050778489355999891e-25
7.657914478619656240e-01,2.054626051767000065e-25
7.658914728682171269e-01,2.053429538746999996e-25
7.659914978744686298e-01,2.057541888765999907e-25
7.660915228807202437e-01,2.058128945547000013e-25
7.661915478869718577e-01,2.059234289340999960e-25
7.662915728932233606e-01,2.062927095998999914e-25
7.663915978994748635e-01,2.061863566851999972e-25
7.664916229057264774e-01,2.066008262047999914e-25
7.665916479119780913e-01,2.066457900846999899e-25
7.666916729182295942e-01,2.067831677416999981e-25
7.667916979244810971e-01,2.071476317124000086e-25
7.668917229307327110e-01,2.070444643364999878e-25
7.669917479369843250e-01,2.074638416341999954e-25
7.670917729432358279e-01,2.074915768643000142e-25
7.671917979494874418e-01,2.076404397636000093e-25
7.672918229557390557e-01,2.079948991125999909e-25
7.673918479619905586e-01,2.079001048246000096e-25
7.674918729682420615e-01,2.083349621706999910e-25
7.675918979744936754e-01,2.083547217676999869e-25
7.676919229807452894e-01,2.085209305026000221e-25
7.677919479869967923e-01,2.088612601593000197e-25
7.678919729932482952e-01,2.087612457783000198e-25
7.679919979994999091e-01,2.092022878730000097e-25
7.680920230057515230e-01,2.092067265493000083e-25
7.681920480120030259e-01,2.093896268134999980e-25
7.682920730182546398e-01,2.097213586850999845e-25
7.683920980245062538e-01,2.096270837777000192e-25
7.684921230307577567e-01,2.100908962622000178e-25
7.685921480370092596e-01,2.100725833420000168e-25
7.686921730432608735e-01,2.102694236510000163e-25
7.687921980495124874e-01,2.106107797965000214e-25
7.688922230557639903e-01,2.105060249617999833e-25
7.689922480620154932e-01,2.109836550916000136e-25
7.690922730682671071e-01,2.109606275491999968e-25
7.691922980745187211e-01,2.111555219021000176e-25
7.692923230807702240e-01,2.114931453853999891e-25
7.693923480870217269e-01,2.113841741002000097e-25
7.694923730932734518e-01,2.118669949380999998e-25
7.695923980995249547e-01,2.118384830390000078e-25
7.696924231057764576e-01,2.120409347010000069e-25
7.697924481120280715e-01,2.123801433034999976e-25
7.698924731182796855e-01,2.122755506164999873e-25
7.699924981245311884e-01,2.127699475919000076e-25
7.700925231307826913e-01,2.127308465861000193e-25
7.701925481370343052e-01,2.129386440914000185e-25
7.702925731432859191e-01,2.132832955175999799e-25
7.703925981495374220e-01,2.131653573865999959e-25
7.704926231557889249e-01,2.136637700544999929e-25
7.705926481620405388e-01,2.136362895793999908e-25
7.706926731682921528e-01,2.138459197357999860e-25
7.707926981745436557e-01,2.141951248824999781e-25
7.708927231807952696e-01,2.140851161869000146e-25
7.709927481870468835e-01,2.145766244088999791e-25
7.710927731932983864e-01,2.145454648025000010e-25
7.711927981995498893e-01,2.147554634297000064e-25
7.712928232058015032e-01,2.151004087540999996e-25
7.713928482120531172e-01,2.149961484245999943e-25
7.714928732183046201e-01,2.154775135159999862e-25
7.715928982245561230e-01,2.154478078014000145e-25
7.716929232308077369e-01,2.156761807430000101e-25
7.717929482370593508e-01,2.160148336061000048e-25
7.718929732433108537e-01,2.159186613971999793e-25
7.719929982495624676e-01,2.164128647624999821e-25
7.720930232558140816e-01,2.163854118802999974e-25
7.721930482620655845e-01,2.166153577003999939e-25
7.722930732683170874e-01,2.169425907810999804e-25
7.723930982745687013e-01,2.168474850530000199e-25
7.724931232808203152e-01,2.173429525569000161e-25
7.725931482870718181e-01,2.173138445916999946e-25
7.726931732933233210e-01,2.175426958489999896e-25
7.727931982995749349e-01,2.178676745021000180e-25
7.728932233058265489e-01,2.177836850183000013e-25
7.729932483120780518e-01,2.182661101949000113e-25
7.730932733183295547e-01,2.182394310777999896e-25
7.731932983245812796e-01,2.184914748523999973e-25
7.732933233308327825e-01,2.188063897600999940e-25
7.733933483370842854e-01,2.187292764753999898e-25
7.734933733433358993e-01,2.192201774153000053e-25
7.735933983495875133e-01,2.191888944733999989e-25
7.736934233558390162e-01,2.194387705344999852e-25
7.737934483620905191e-01,2.197477265568999838e-25
7.738934733683421330e-01,2.196859521901999816e-25
7.739934983745937469e-01,2.201719029761000228e-25
7.740935233808452498e-01,2.201395944969000082e-25
7.741935483870967527e-01,2.204064386296999830e-25
7.742935733933483666e-01,2.207029862423999910e-25
7.743935983995999806e-01,2.206498014972999794e-25
7.744936234058514835e-01,2.211362505197000018e-25
7.745936484121030974e-01,2.210937672360999933e-25
7.746936734183547113e-01,2.213728986925000224e-25
7.747936984246062142e-01,2.216616191530000053e-25
7.748937234308577171e-01,2.216157394574999834e-25
7.749937484371093310e-01,2.221062754255999831e-25
7.750937734433609450e-01,2.220567260168000208e-25
7.751937984496124479e-01,2.223482851652000056e-25
7.752938234558639508e-01,2.226279816796999973e-25
7.753938484621155647e-01,2.225837425146000151e-25
7.754938734683671786e-01,2.230841835661999923e-25
7.755938984746186815e-01,2.230332633925000072e-25
7.756939234808702954e-01,2.233324474118999831e-25
7.757939484871219094e-01,2.236053210632000170e-25
7.758939734933734123e-01,2.235620391142000155e-25
7.759939984996249152e-01,2.240678159903999821e-25
7.760940235058765291e-01,2.240114511769000090e-25
7.761940485121281430e-01,2.243135862009999806e-25
7.762940735183796459e-01,2.245943186711000204e-25
7.763940985246311488e-01,2.245603769502999925e-25
7.764941235308827627e-01,2.250570340470999980e-25
7.765941485371343767e-01,2.249999510621999882e-25
7.766941735433858796e-01,2.253122044648999942e-25
7.767941985496373825e-01,2.255833695542999928e-25
7.768942235558889964e-01,2.255550531637999856e-25
7.769942485621406103e-01,2.260561034972999876e-25
7.770942735683921132e-01,2.259954198561999821e-25
7.771942985746437271e-01,2.263126255070999944e-25
7.772943235808953411e-01,2.265840623559000223e-25
7.773943485871468440e-01,2.265589983354000166e-25
7.774943735933983469e-01,2.270585349374999804e-25
7.775943985996499608e-01,2.270078192397000073e-25
7.776944236059015747e-01,2.273287793758000087e-25
7.777944486121530776e-01,2.275849693441999924e-25
7.778944736184045805e-01,2.275679254604000072e-25
7.779944986246561944e-01,2.280738385515000087e-25
7.780945236309078084e-01,2.280275873506000097e-25
7.781945486371593113e-01,2.283535039170999919e-25
7.782945736434109252e-01,2.286124664706000061e-25
7.783945986496625391e-01,2.286045274147999809e-25
7.784946236559140420e-01,2.290924896351000017e-25
7.785946486621655449e-01,2.290491930015999860e-25
7.786946736684171588e-01,2.293819923184999941e-25
7.787946986746687728e-01,2.296213603665000020e-25
7.788947236809202757e-01,2.296293507456999838e-25
7.789947486871717786e-01,2.301188986308999959e-25
7.790947736934233925e-01,2.300714270869999834e-25
7.791947986996750064e-01,2.304213353231000170e-25
7.792948237059265093e-01,2.306594038238999815e-25
7.793948487121781232e-01,2.306719979805000209e-25
7.794948737184297372e-01,2.311548795492999916e-25
7.795948987246812401e-01,2.311046281606999824e-25
7.796949237309327430e-01,2.314577579447999828e-25
7.797949487371843569e-01,2.316863478050999974e-25
7.798949737434359708e-01,2.317147864043999933e-25
7.799949987496874737e-01,2.322017293582999847e-25
7.800950237559389766e-01,2.321573847476000191e-25
7.801950487621905905e-01,2.325202529278999831e-25
7.802950737684422045e-01,2.327376684728000031e-25
7.803950987746937074e-01,2.327780174456000213e-25
7.804951237809452103e-01,2.332552570973999834e-25
7.805951487871968242e-01,2.332022100524999803e-25
7.806951737934484381e-01,2.335789037463999829e-25
7.807951987996999410e-01,2.337860821235000145e-25
7.808952238059515549e-01,2.338363017562999960e-25
7.809952488122031689e-01,2.343173214111000166e-25
7.810952738184546718e-01,2.342646976858000167e-25
7.811952988247061747e-01,2.346537836073999977e-25
7.812953238309577886e-01,2.348512205381000031e-25
7.813953488372094025e-01,2.349121822480999910e-25
7.814953738434609054e-01,2.353870729455000159e-25
7.815953988497124083e-01,2.353259880538999904e-25
7.816954238559640222e-01,2.357394292181000107e-25
7.817954488622156362e-01,2.359244955710000009e-25
7.818954738684671391e-01,2.359883473750999787e-25
7.819954988747187530e-01,2.364770220592999897e-25
7.820955238809703669e-01,2.363960218080000130e-25
7.821955488872218698e-01,2.368194709531999916e-25
7.822955738934733727e-01,2.370130037127000078e-25
7.823955988997249866e-01,2.370625589872999838e-25
7.824956239059766006e-01,2.375626547609999922e-25
7.825956489122281035e-01,2.374913680935000188e-25
7.826956739184796064e-01,2.378991343053000153e-25
7.827956989247312203e-01,2.380957062293000125e-25
7.828957239309828342e-01,2.381634081466999985e-25
7.829957489372343371e-01,2.386627751335000084e-25
7.830957739434859510e-01,2.385954606780999799e-25
7.831957989497375650e-01,2.390074123450000023e-25
7.832958239559890679e-01,2.392070369977000168e-25
7.833958489622405708e-01,2.392819367598999795e-25
7.834958739684921847e-01,2.397682485755000178e-25
7.835958989747437986e-01,2.396962587297999914e-25
7.836959239809953015e-01,2.401097923772999943e-25
7.837959489872468044e-01,2.403102989670999970e-25
7.838959739934984183e-01,2.403918862155000160e-25
7.839959989997500323e-01,2.408735968186999803e-25
7.840960240060015352e-01,2.408193884491000003e-25
7.841960490122530381e-01,2.412393215300999884e-25
7.842960740185046520e-01,2.414227088367000047e-25
7.843960990247562659e-01,2.415138549380999816e-25
7.844961240310077688e-01,2.419927144985000067e-25
7.845961490372593827e-01,2.419352775615000124e-25
7.846961740435109967e-01,2.423690333802000221e-25
7.847961990497624996e-01,2.425559912644999928e-25
7.848962240560140025e-01,2.426493380860999903e-25
7.849962490622656164e-01,2.431258053920999960e-25
7.850962740685172303e-01,2.430677398885999917e-25
7.851962990747687332e-01,2.435003188758999816e-25
7.852963240810202361e-01,2.436911797546000113e-25
7.853963490872718500e-01,2.437846363706999889e-25
7.854963740935234640e-01,2.442581039415999801e-25
7.855963990997749669e-01,2.442208864187999963e-25
7.856964241060265808e-01,2.446420757039999950e-25
7.857964491122781947e-01,2.448266255646999844e-25
7.858964741185296976e-01,2.449425048916999850e-25
7.859964991247812005e-01,2.454009018933999851e-25
7.860965241310328144e-01,2.453739960469999946e-25
7.861965491372844284e-01,2.457999127218999788e-25
7.862965741435359313e-01,2.459738313690999865e-25
7.863965991497874342e-01,2.461174113624000115e-25
7.864966241560390481e-01,2.465630899528000039e-25
7.865966491622906620e-01,2.465344738293999963e-25
7.866966741685421649e-01,2.469757647671999937e-25
7.867966991747936678e-01,2.471265208272999842e-25
7.868967241810453928e-01,2.472805203438000206e-25
7.869967491872968957e-01,2.477347588802000081e-25
7.870967741935483986e-01,2.477002832336999885e-25
7.871967991998000125e-01,2.481483859346000018e-25
7.872968242060516264e-01,2.482983299969000101e-25
7.873968492123031293e-01,2.484588904310999875e-25
7.874968742185546322e-01,2.489038801228999936e-25
7.875968992248062461e-01,2.488664143498000125e-25
7.876969242310578601e-01,2.493301365081999917e-25
7.877969492373093630e-01,2.494814281331000213e-25
7.878969742435608659e-01,2.496429646201000205e-25
7.879969992498124798e-01,2.500897917817000200e-25
7.880970242560640937e-01,2.500676906689999793e-25
7.881970492623155966e-01,2.505316735953000202e-25
7.882970742685672105e-01,2.506652516215999996e-25
7.883970992748188245e-01,2.508393560481999954e-25
7.884971242810703274e-01,2.512858736007000211e-25
7.885971492873218303e-01,2.512559162482000042e-25
7.886971742935734442e-01,2.517352906274000219e-25
7.887971992998250581e-01,2.518720588939999942e-25
7.888972243060765610e-01,2.520393555336000189e-25
7.889972493123280639e-01,2.524951022254999886e-25
7.890972743185796778e-01,2.524754764517000075e-25
7.891972993248312918e-01,2.529401325932000024e-25
7.892973243310827947e-01,2.530814588136000050e-25
7.893973493373344086e-01,2.532635651024999989e-25
7.894973743435860225e-01,2.537047402143999860e-25
7.895973993498375254e-01,2.536852948390999858e-25
7.896974243560890283e-01,2.541502382936999906e-25
7.897974493623406422e-01,2.542998234432999868e-25
7.898974743685922562e-01,2.544938485859000125e-25
7.899974993748437591e-01,2.549168624260999857e-25
7.900975243810952620e-01,2.549144775501999922e-25
7.901975493873468759e-01,2.553871839132000099e-25
7.902975743935984898e-01,2.555170427873000139e-25
7.903975993998499927e-01,2.557275464570999858e-25
7.904976244061014956e-01,2.561524805896999890e-25
7.905976494123532206e-01,2.561498864241000066e-25
7.906976744186047235e-01,2.566306555915000169e-25
7.907976994248562264e-01,2.567548620909000191e-25
7.908977244311078403e-01,2.569736329926999888e-25
7.909977494373594542e-01,2.574008251255999965e-25
7.910977744436109571e-01,2.573978916243999915e-25
7.911977994498624600e-01,2.578833021841000124e-25
7.912978244561140739e-01,2.580068201343000202e-25
7.913978494623656879e-01,2.582238064025999830e-25
7.914978744686171908e-01,2.586525362365999817e-25
7.915978994748686937e-01,2.586574304119000075e-25
7.916979244811203076e-01,2.591378033158000214e-25
7.917979494873719215e-01,2.592683946994999914e-25
7.918979744936234244e-01,2.594911337059999890e-25
7.919979994998750383e-01,2.599075283376000215e-25
7.920980245061266523e-01,2.599237701835999800e-25
7.921980495123781552e-01,2.604010178682000061e-25
7.922980745186296581e-01,2.605343048449999889e-25
7.923980995248812720e-01,2.607783435806999927e-25
7.924981245311328859e-01,2.611887150355000154e-25
7.925981495373843888e-01,2.612132924240999788e-25
7.926981745436358917e-01,2.616947355112999813e-25
7.927981995498875056e-01,2.618203166177999947e-25
7.928982245561391196e-01,2.620614461498000001e-25
7.929982495623906225e-01,2.624637938247000033e-25
7.930982745686422364e-01,2.624940284099999827e-25
7.931982995748938503e-01,2.629616089144000117e-25
7.932983245811453532e-01,2.630925673491999958e-25
7.933983495873968561e-01,2.633539738719999866e-25
7.934983745936484700e-01,2.637445632641999998e-25
7.935983995999000840e-01,2.637983349733000155e-25
7.936984246061515869e-01,2.642735182631999774e-25
7.937984496124030898e-01,2.643887275038000214e-25
7.938984746186547037e-01,2.646626688431999964e-25
7.939984996249063176e-01,2.650536509030000173e-25
7.940985246311578205e-01,2.651142509665999937e-25
7.941985496374093234e-01,2.655858246797999902e-25
7.942985746436610484e-01,2.657025218558999882e-25
7.943985996499125513e-01,2.659828365785999826e-25
7.944986246561640542e-01,2.663496796743000000e-25
7.945986496624156681e-01,2.664258160288999875e-25
7.946986746686672820e-01,2.669073417502000024e-25
7.947986996749187849e-01,2.670211954236999878e-25
7.948987246811702878e-01,2.673195212551000004e-25
7.949987496874219017e-01,2.676689678094999865e-25
7.950987746936735157e-01,2.677509617989000035e-25
7.951987996999250186e-01,2.682433985909000179e-25
7.952988247061765215e-01,2.683473521975000074e-25
7.953988497124281354e-01,2.686611793003999988e-25
7.954988747186797493e-01,2.690112075804000191e-25
7.955988997249312522e-01,2.690917196103999908e-25
7.956989247311828661e-01,2.695793074545999797e-25
7.957989497374344801e-01,2.696824399327000004e-25
7.958989747436859830e-01,2.700073011500999943e-25
7.959989997499374859e-01,2.703515003909999986e-25
7.960990247561890998e-01,2.704516688829000215e-25
7.961990497624407137e-01,2.709365261124000088e-25
7.962990747686922166e-01,2.710268157993999958e-25
7.963990997749437195e-01,2.713791115210000072e-25
7.964991247811953334e-01,2.717097840207000037e-25
7.965991497874469474e-01,2.717984819829000168e-25
7.966991747936984503e-01,2.723011620626999978e-25
7.967991997999500642e-01,2.723931241449999786e-25
7.968992248062016781e-01,2.727493974186999938e-25
7.969992498124531810e-01,2.730922589354000008e-25
7.970992748187046839e-01,2.731950304610999819e-25
7.971992998249562978e-01,2.736833468673999909e-25
7.972993248312079118e-01,2.737742090502000200e-25
7.973993498374594147e-01,2.741385170298000076e-25
7.974993748437109176e-01,2.744534306060000126e-25
7.975993998499625315e-01,2.745730391798999796e-25
7.976994248562141454e-01,2.750740680637000223e-25
7.977994498624656483e-01,2.751463077345000013e-25
7.978994748687171512e-01,2.755287278774999939e-25
7.979994998749688762e-01,2.758453288302999786e-25
7.980995248812203791e-01,2.759634165131000176e-25
7.981995498874718820e-01,2.764751840683999771e-25
7.982995748937234959e-01,2.765475737692000210e-25
7.983995998999751098e-01,2.769289778409999841e-25
7.984996249062266127e-01,2.772389604822000227e-25
7.985996499124781156e-01,2.773632782425000039e-25
7.986996749187297295e-01,2.778708524260000069e-25
7.987996999249813435e-01,2.779508842860999858e-25
7.988997249312328464e-01,2.783504572701000012e-25
7.989997499374843493e-01,2.786459258135999927e-25
7.990997749437359632e-01,2.787887908690000206e-25
7.991997999499875771e-01,2.793007183758999980e-25
7.992998249562390800e-01,2.793579916247000159e-25
7.993998499624906939e-01,2.797803275419999946e-25
7.994998749687423079e-01,2.800770086228999890e-25
7.995998999749938108e-01,2.802165367657000225e-25
7.996999249812453137e-01,2.807410832007000054e-25
7.997999499874969276e-01,2.807931709748000039e-25
7.998999749937485415e-01,2.812212317787000044e-25
8.000000000000000444e-01,2.815106824094000189e-25
