wavelength_um,reflectance_Rp
0.2,0.8697834161512611
0.20002000100005002,0.8698162094459386
0.20004000200010003,0.8698219839814372
0.20006000300015,0.8698017703605054
0.2000800040002,0.8697563081385129
0.20010000500025002,0.8696860480186768
0.20012000600030003,0.869591153010427
0.20014000700035003,0.8694714985949242
0.20016000800040004,0.8693266719129342
0.20018000900045002,0.869155969974593
0.20020001000050003,0.8689583968441976
0.20022001100055004,0.868732659739829
0.20024001200060004,0.8684771639535359
0.20026001300065005,0.8681900064626767
0.20028001400070006,0.8678689680789112
0.20030001500075004,0.8675115039433554
0.20032001600080004,0.8671147321439104
0.20034001700085005,0.8666754201787327
0.20036001800090006,0.8661899689680155
0.20038001900095007,0.8656543940477639
0.20040002000100007,0.8650643035325264
0.20042002100105005,0.8644148723732513
0.20044002200110006,0.8637008123651034
0.20046002300115007,0.8629163372649813
0.20048002400120007,0.86205512230857
0.20050002500125008,0.861110257276353
0.2005200260013001,0.8600741921440763
0.20054002700135007,0.8589386741915561
0.20056002800140008,0.8576946752600355
0.20058002900145008,0.8563323076206358
0.2006000300015001,0.8548407266870017
0.2006200310015501,0.8532080184425946
0.2006400320016001,0.8514210691318579
0.20066003300165008,0.8494654142849956
0.2006800340017001,0.8473250636374422
0.2007000350017501,0.8449822978424575
0.2007200360018001,0.842417432118692
0.2007400370018501,0.8396085410610016
0.2007600380019001,0.8365311377183811
0.2007800390019501,0.833157798725725
0.2008000400020001,0.8294577256937157
0.20082004100205011,0.8253962311763756
0.20084004200210012,0.8209341352914524
0.20086004300215013,0.8160270564506462
0.2008800440022001,0.8106245766337721
0.20090004500225012,0.8046692581706921
0.20092004600230012,0.7980954851804685
0.20094004700235013,0.790828098840109
0.20096004800240014,0.7827807917876736
0.20098004900245015,0.773854224034074
0.20100005000250012,0.7639338216978111
0.20102005100255013,0.7528872233297742
0.20104005200260014,0.7405613495181023
0.20106005300265015,0.7267790965850548
0.20108005400270015,0.7113357040912485
0.20110005500275016,0.6939949348204502
0.20112005600280014,0.6744853612399269
0.20114005700285015,0.6524973141821429
0.20116005800290016,0.6276814797765349
0.20118005900295016,0.5996508192902099
0.20120006000300017,0.5679885537487301
0.20122006100305018,0.5322665412434439
0.20124006200310016,0.4920805841067935
0.20126006300315016,0.44711195235406476
0.20128006400320017,0.39722708485409297
0.20130006500325018,0.3426282251971511
0.20132006600330019,0.2840626907405434
0.20134006700335016,0.22308066568178359
0.20136006800340017,0.1622924932171516
0.20138006900345018,0.10551437695156618
0.2014000700035002,0.05762799519368502
0.2014200710035502,0.02397854030570161
0.2014400720036002,0.009283784642224013
0.20146007300365018,0.01633461275525705
0.2014800740037002,0.04505086726545217
0.2015000750037502,0.09241186095780421
0.2015200760038002,0.15332766543564139
0.2015400770038502,0.2219954766924916
0.20156007800390022,0.2931213330419955
0.2015800790039502,0.3626298809779485
0.2016000800040002,0.4278395819946573
0.2016200810040502,0.4872887497585142
0.20164008200410022,0.5404217309343404
0.20166008300415023,0.5872752775326509
0.20168008400420023,0.628227825534074
0.2017000850042502,0.6638238531282281
0.20172008600430022,0.6946622770481475
0.20174008700435023,0.7213316246107646
0.20176008800440023,0.7443762448507809
0.20178008900445024,0.7642816843985949
0.20180009000450025,0.7814711356993851
0.20182009100455023,0.79630779959922
0.20184009200460024,0.8091000402038766
0.20186009300465024,0.8201075306955999
0.20188009400470025,0.8295474057808787
0.20190009500475026,0.8375999225425945
0.20192009600480026,0.8444134090373969
0.20194009700485024,0.850108430712556
0.20196009800490025,0.8547811795916489
0.20198009900495026,0.8585061218179858
0.20200010000500027,0.8613379438721441
0.20202010100505027,0.8633128271960236
0.20204010200510025,0.8644490603337686
0.20206010300515026,0.8647469692412175
0.20208010400520027,0.8641881099428864
0.20210010500525027,0.8627336213036214
0.20212010600530028,0.8603215756647943
0.2021401070053503,0.8568630858738493
0.20216010800540027,0.8522368209248152
0.20218010900545028,0.8462814383871671
0.20220011000550028,0.838785246558282
0.2022201110055503,0.8294721479637213
0.2022401120056003,0.8179825772488345
0.2022601130056503,0.8038477391996541
0.20228011400570028,0.7864550463286516
0.2023001150057503,0.7650024856388032
0.2023201160058003,0.7384403647055995
0.2023401170058503,0.7054021599897321
0.2023601180059003,0.6641359997424091
0.20238011900595032,0.6124736330671342
0.2024001200060003,0.5479328268488031
0.2024201210060503,0.4681715233158809
0.20244012200610031,0.3722144980706661
0.20246012300615032,0.26302776149103557
0.20248012400620033,0.15148590004201304
0.20250012500625034,0.05923958486891106
0.20252012600630032,0.013995765447921854
0.20254012700635032,0.033632079856643154
0.20256012800640033,0.11180347524363352
0.20258012900645034,0.22292333895302835
0.20260013000650035,0.3401734530719463
0.20262013100655035,0.4468785693323033
0.20264013200660033,0.536667566824669
0.20266013300665034,0.6092581664207644
0.20268013400670035,0.6668710595685924
0.20270013500675035,0.7122909455069315
0.20272013600680036,0.7480693580270117
0.20274013700685034,0.7762945359398372
0.20276013800690035,0.7985908714569107
0.20278013900695036,0.8161910530708004
0.20280014000700036,0.8300181324297458
0.20282014100705037,0.8407564398604244
0.20284014200710038,0.848906769583457
0.20286014300715036,0.8548269261132185
0.20288014400720036,0.8587601038051635
0.20290014500725037,0.8608533992258288
0.20292014600730038,0.8611680948257612
0.20294014700735039,0.859682565037676
0.2029601480074004,0.8562878156386197
0.20298014900745037,0.8507747218641908
0.20300015000750038,0.8428108606932047
0.2030201510075504,0.8319032704078859
0.2030401520076004,0.8173413305829753
0.2030601530076504,0.7981111635242295
0.2030801540077004,0.7727700302670205
0.2031001550077504,0.7392688261583079
0.2031201560078004,0.6947227586204718
0.2031401570078504,0.63518565871741
0.2031601580079004,0.555670373328564
0.20318015900795042,0.4511831410790226
0.20320016000800042,0.3206552139540979
0.2032201610080504,0.17645522231754912
0.2032401620081004,0.05647105923862026
0.20326016300815042,0.015959680976575658
0.20328016400820043,0.07990612898580865
0.20330016500825043,0.21318050560108143
0.2033201660083004,0.3603218655072862
0.20334016700835042,0.48830061603198505
0.20336016800840043,0.5884925380001624
0.20338016900845043,0.663653232773038
0.20340017000850044,0.7192995067176053
0.20342017100855045,0.7604741685318599
0.20344017200860043,0.7910285281260105
0.20346017300865044,0.8137177327866117
0.20348017400870044,0.8304606337428241
0.20350017500875045,0.8425736236031727
0.20352017600880046,0.8509421703123053
0.20354017700885046,0.8561360589743189
0.20356017800890044,0.8584812615171584
0.20358017900895045,0.858098727189805
0.20360018000900046,0.854915884163075
0.20362018100905047,0.8486519713452172
0.20364018200910047,0.8387733006158242
0.20366018300915048,0.8244083650699496
0.20368018400920046,0.804204406539545
0.20370018500925047,0.7760966416125843
0.20372018600930047,0.7369543280562881
0.20374018700935048,0.6820929283985135
0.2037601880094005,0.6048131797889931
0.2037801890094505,0.4968315728915824
0.20380019000950048,0.3526454098175936
0.20382019100955048,0.1845797601911456
0.2038401920096005,0.04790124963927058
0.2038601930096505,0.026939943604949296
0.2038801940097005,0.13923634338777108
0.2039001950097505,0.3091724158657446
0.2039201960098005,0.46574035621211607
0.2039401970098505,0.5856235332560136
0.2039601980099005,0.6714858894789699
0.2039801990099505,0.731923852033159
0.20400020001000052,0.774493874124118
0.2040202010100505,0.8045745203993337
0.2040402020101005,0.825746498997234
0.20406020301015051,0.8403321100533575
0.20408020401020052,0.8498028172406604
0.20410020501025053,0.8550418074475666
0.20412020601030054,0.8564968793230091
0.20414020701035052,0.8542533587462361
0.20416020801040052,0.8480420640248254
0.20418020901045053,0.8371820957577899
0.20420021001050054,0.820441390887575
0.20422021101055055,0.7957764784441729
0.20424021201060055,0.7598866814085623
0.20426021301065053,0.7075093436430313
0.20428021401070054,0.6305213165630851
0.20430021501075055,0.5177661026863704
0.20432021601080055,0.3599647743950471
0.20434021701085056,0.17193669387806587
0.20436021801090057,0.03349350675011678
0.20438021901095055,0.05405427665190763
0.20440022001100056,0.21622164621889256
0.20442022101105056,0.4041395694906998
0.20444022201110057,0.5533275669972865
0.20446022301115058,0.6575886643003687
0.20448022401120058,0.7280424741023187
0.20450022501125056,0.7755834685756265
0.20452022601130057,0.8077706847890308
0.20454022701135058,0.8293926022902686
0.20456022801140059,0.8433842143268352
0.2045802290114506,0.8514808651852347
0.20460023001150057,0.8546065764213364
0.20462023101155058,0.8530725033763078
0.2046402320116006,0.8466362585102843
0.2046602330116506,0.834436046379622
0.2046802340117006,0.8147747897129279
0.2047002350117506,0.7846823967903636
0.2047202360118006,0.7391311293485836
0.2047402370118506,0.6698002525192326
0.2047602380119006,0.5638794276644247
0.2047802390119506,0.4067939508805664
0.20480024001200062,0.2043016563274458
0.20482024101205062,0.04065506708939543
0.2048402420121006,0.058615125903672974
0.2048602430121506,0.2408197049627828
0.20488024401220062,0.4408928655900723
0.20490024501225063,0.5900419071761166
0.20492024601230063,0.6891020630493432
0.20494024701235064,0.7534304059165658
0.20496024801240062,0.7953205142229423
0.20498024901245063,0.8225374843551535
0.20500025001250063,0.8396827825234704
0.20502025101255064,0.8493813762963047
0.20504025201260065,0.8529918321674308
0.20506025301265066,0.8509622323916876
0.20508025401270064,0.8429367797188563
0.20510025501275064,0.8276444560764894
0.20512025601280065,0.8025218267995752
0.20514025701285066,0.7629282078466598
0.20516025801290066,0.7007339171131388
0.20518025901295067,0.6023745280607257
0.20520026001300065,0.4493681056973741
0.20522026101305066,0.23781715311595536
0.20524026201310067,0.04977327558969047
0.20526026301315067,0.060413447997506836
0.20528026401320068,0.2587980180332965
0.20530026501325066,0.4686041373649046
0.20532026601330067,0.6172230265839702
0.20534026701335067,0.7118886248399624
0.20536026801340068,0.7713177033900853
0.2053802690134507,0.8087422258285174
0.2054002700135007,0.8319633610238975
0.20542027101355068,0.8453387885348691
0.20544027201360068,0.8511415271752786
0.2054602730136507,0.8502683291134968
0.2054802740137007,0.842503602899785
0.2055002750137507,0.8264332753689205
0.2055202760138007,0.7989621125952902
0.2055402770138507,0.7542281401958755
0.2055602780139007,0.6815913053770097
0.2055802790139507,0.5631042310465187
0.2056002800140007,0.37741714201708854
0.20562028101405072,0.14407999053672563
0.20564028201410073,0.024688942994311933
0.2056602830141507,0.1635012667776108
0.20568028401420071,0.3985084348800637
0.20570028501425072,0.5792641335710973
0.20572028601430073,0.6932335216725324
0.20574028701435074,0.762626983150917
0.20576028801440074,0.8049665781319137
0.20578028901445072,0.83044509669643
0.20580029001450073,0.844565059369047
0.20582029101455074,0.8500738685065722
0.20584029201460075,0.847941904579083
0.20586029301465075,0.8376882059791958
0.20588029401470076,0.8171841193589103
0.20590029501475074,0.781827719545144
0.20592029601480075,0.7227230816366799
0.20594029701485075,0.6235438564912533
0.20596029801490076,0.45918009865306997
0.20598029901495077,0.2216365201200583
0.20600030001500075,0.03389342273069206
0.20602030101505076,0.1178455434996365
0.20604030201510076,0.3633365074111838
0.20606030301515077,0.5640760188913441
0.20608030401520078,0.6888577700003043
0.20610030501525078,0.7627361595474393
0.20612030601530076,0.8065098384231961
0.20614030701535077,0.8319523029541115
0.20616030801540078,0.8451721267886677
0.20618030901545079,0.8490242046307093
0.2062003100155008,0.8442457969621686
0.2062203110155508,0.8297262450300984
0.20624031201560078,0.8020247965543473
0.2062603130156508,0.7538706034535388
0.2062803140157008,0.6710548725937976
0.2063003150157508,0.5285027018254577
0.2063203160158008,0.3015522081747882
0.20634031701585082,0.06446553864749122
0.2063603180159008,0.07830253301074463
0.2063803190159508,0.3245318802238947
0.2064003200160008,0.5460421968558493
0.20642032101605082,0.6828206994583228
0.20644032201610082,0.7617523219088549
0.20646032301615083,0.8072518985287853
0.2064803240162008,0.8328478091689079
0.20650032501625082,0.845306652876952
0.20652032601630083,0.8475868201688357
0.20654032701635083,0.8401389411631235
0.20656032801640084,0.8210751055854892
0.20658032901645085,0.7852719718922189
0.20660033001650083,0.721907020013724
0.20662033101655083,0.6098041420661023
0.20664033201660084,0.41620173646734315
0.20666033301665085,0.14951343876605505
0.20668033401670086,0.033995092513193596
0.20670033501675084,0.23973963385340952
0.20672033601680084,0.4939538874682926
0.20674033701685085,0.6572958816851289
0.20676033801690086,0.7497743426342884
0.20678033901695086,0.8017254542697057
0.20680034001700087,0.8303350416260491
0.20682034101705085,0.8440396942603603
0.20684034201710086,0.8464451252324765
0.20686034301715087,0.838083825332354
0.20688034401720087,0.8166392376472934
0.20690034501725088,0.7757443872342569
0.2069203460173009,0.7016634782787063
0.20694034701735087,0.5674392839267718
0.20696034801740087,0.3377526511032655
0.20698034901745088,0.07440141110272977
0.2070003500175009,0.0881055332134596
0.2070203510175509,0.3584875484535456
0.2070403520176009,0.5819661830643802
0.20706035301765088,0.7108309940748185
0.2070803540177009,0.7815289107326625
0.2071003550177509,0.8200947343540975
0.2071203560178009,0.8395446923365759
0.2071403570178509,0.8456800562833895
0.2071603580179009,0.8401463069350129
0.2071803590179509,0.8212685420756912
0.2072003600180009,0.7831030650995201
0.2072203610180509,0.7120879547105401
0.20724036201810092,0.5804579421207607
0.20726036301815093,0.3486996566865336
0.2072803640182009,0.07574186377410863
0.20730036501825091,0.096773795383783
0.20732036601830092,0.3786018016000962
0.20734036701835093,0.5999816436869577
0.20736036801840094,0.7236394072802974
0.20738036901845094,0.7899477401975727
0.20740037001850092,0.8250410960576848
0.20742037101855093,0.8413826736241251
0.20744037201860094,0.8441108579636776
0.20746037301865095,0.8339590904159018
0.20748037401870095,0.8076298424641708
0.20750037501875096,0.7558012409045721
0.20752037601880094,0.6576209141253387
0.20754037701885095,0.4735178812961676
0.20756037801890095,0.18572087373462937
0.20758037901895096,0.03700556240876144
0.20760038001900097,0.27007580371930495
0.20762038101905098,0.5372642930565036
0.20764038201910096,0.6931572936293049
0.20766038301915096,0.7752307894494311
0.20768038401920097,0.8180375109589447
0.20770038501925098,0.8384327173456855
0.20772038601930098,0.8434805965185243
0.207740387019351,0.8347393649093354
0.20776038801940097,0.8091703211811104
0.20778038901945098,0.7571693752918248
0.20780039001950099,0.6565047516092724
0.207820391019551,0.4641807745552786
0.207840392019601,0.16608171193171017
0.20786039301965098,0.0474950008771834
0.207880394019701,0.31142198779269353
0.207900395019751,0.5699468716971086
0.207920396019801,0.713316538437381
0.207940397019851,0.7870992943940125
0.20796039801990102,0.8244273479281159
0.20798039901995102,0.8405068643939995
0.208000400020001,0.841119505176603
0.208020401020051,0.8263730191784279
0.20804040202010102,0.790710188173209
0.20806040302015102,0.7190899768806808
0.20808040402020103,0.577835696613233
0.208100405020251,0.31761255399196286
0.20812040602030102,0.047670580301637476
0.20814040702035103,0.17824678567411173
0.20816040802040103,0.4823994694859234
0.20818040902045104,0.670902763055876
0.20820041002050105,0.7669386368660217
0.20822041102055103,0.8150523254987196
0.20824041202060103,0.8369679833679227
0.20826041302065104,0.8413600592432644
0.20828041402070105,0.8297641143291917
0.20830041502075106,0.79758729005185
0.20832041602080106,0.7307562518412383
0.20834041702085104,0.5962965788680556
0.20836041802090105,0.34053008957842695
0.20838041902095106,0.054360465117103185
0.20840042002100106,0.17387733605335143
0.20842042102105107,0.4851669322942715
0.20844042202110108,0.6756347914500856
0.20846042302115106,0.7708061368740379
0.20848042402120107,0.8174465621037049
0.20850042502125107,0.8376287777992645
0.20852042602130108,0.8397222218746689
0.2085404270213511,0.8244432088263471
0.20856042802140107,0.7853117395848174
0.20858042902145107,0.7036788660536877
0.20860043002150108,0.5368906713050726
0.2086204310215511,0.23712571616396452
0.2086404320216011,0.03901098980706707
0.2086604330216511,0.2950044661067631
0.20868043402170108,0.5750728854749712
0.2087004350217511,0.7232898957703137
0.2087204360218011,0.7952744687037401
0.2087404370218511,0.8288947557153856
0.2087604380219011,0.8399460452290062
0.20878043902195112,0.8330333324271232
0.2088004400220011,0.8050952701097611
0.2088204410220511,0.7428908458861496
0.2088404420221011,0.6128674373475536
0.20886044302215112,0.3546075864128108
0.20888044402220113,0.055138298686067205
0.20890044502225114,0.1939112193432311
0.20892044602230112,0.5125323775000671
0.20894044702235112,0.6951515851863453
0.20896044802240113,0.7828035365169311
0.20898044902245114,0.8236799905886789
0.20900045002250114,0.8386120442108408
0.20902045102255115,0.8342944832221839
0.20904045202260113,0.8086776042403333
0.20906045302265114,0.749166909003104
0.20908045402270115,0.6223880816667593
0.20910045502275115,0.36497992584532807
0.20912045602280116,0.05718162247185687
0.20914045702285117,0.1996397300085224
0.20916045802290115,0.5220549036650232
0.20918045902295115,0.702293283841625
0.20920046002300116,0.787215773463854
0.20922046102305117,0.8257930834642245
0.20924046202310118,0.8383964062501271
0.20926046302315116,0.8308975753349321
0.20928046402320116,0.7996257253125206
0.20930046502325117,0.7280558296741196
0.20932046602330118,0.573496718040464
0.20934046702335118,0.27170278853515173
0.2093604680234012,0.04073775273162435
0.20938046902345117,0.31072147596995703
0.20940047002350118,0.5973082042739368
0.20942047102355119,0.7397936018441678
0.2094404720236012,0.8052748459574607
0.2094604730236512,0.8328262934208317
0.2094804740237012,0.8369023494872231
0.2095004750237512,0.8193716821857344
0.2095204760238012,0.7711026547765969
0.2095404770238512,0.6635904777508954
0.2095604780239012,0.4326028402701741
0.20958047902395122,0.09178813199702776
0.20960048002400122,0.15923879270010843
0.2096204810240512,0.5009957662436804
0.2096404820241012,0.6970915326236092
0.20966048302415122,0.7867399654596419
0.20968048402420122,0.8259089527571398
0.20970048502425123,0.8371719769220507
0.2097204860243012,0.826256172185207
0.20974048702435122,0.7873094050887576
0.20976048802440123,0.6972099063174063
0.20978048902445123,0.49784872688002835
0.20980049002450124,0.150593530296441
0.20982049102455125,0.10484567480080441
0.20984049202460126,0.4544350761334488
0.20986049302465123,0.677642298798274
0.20988049402470124,0.7790007772497517
0.20990049502475125,0.8229881341339282
0.20992049602480126,0.8364680034430326
0.20994049702485126,0.826674468383016
0.20996049802490124,0.7881289121268573
0.20998049902495125,0.6970815039783098
0.21000050002500126,0.49262917038486254
0.21002050102505126,0.1389727332772106
0.21004050202510127,0.12175118659188154
0.21006050302515128,0.4773292307850791
0.21008050402520126,0.6907834061975394
0.21010050502525127,0.7857484613901976
0.21012050602530127,0.8257640905250241
0.21014050702535128,0.8358458905916674
0.2101605080254013,0.8215526889957008
0.2101805090254513,0.7745071255943253
0.21020051002550127,0.6637013450453735
0.21022051102555128,0.41556572311945456
0.2102405120256013,0.06949284120342918
0.2102605130256513,0.2204339234423911
0.2102805140257013,0.5590387776081953
0.2103005150257513,0.7294449460992732
0.2103205160258013,0.8031291767482834
0.2103405170258513,0.8316844636419979
0.2103605180259013,0.8328076737345972
0.2103805190259513,0.8070064994517024
0.21040052002600132,0.7379854359679762
0.2104205210260513,0.5762704208136642
0.2104405220261013,0.2431312087982917
0.2104605230261513,0.06266054586286973
0.21048052402620132,0.408131012949839
0.21050052502625133,0.6635661262310981
0.21052052602630134,0.7758888814352668
0.21054052702635134,0.8223276869813011
0.21056052802640132,0.834775700625381
0.21058052902645133,0.8207428230382801
0.21060053002650134,0.7713477256550517
0.21062053102655134,0.6514530600013428
0.21064053202660135,0.3785839959711129
0.21066053302665133,0.050309389536174955
0.21068053402670134,0.28872685721838265
0.21070053502675135,0.6066470213012067
0.21072053602680135,0.7529163536612974
0.21074053702685136,0.8136777586315683
0.21076053802690137,0.8336745168302473
0.21078053902695135,0.8257943803320752
0.21080054002700135,0.7848707649817284
0.21082054102705136,0.6816123486750788
0.21084054202710137,0.4385222060464955
0.21086054302715138,0.07479075553472217
0.21088054402720138,0.23486510391015283
0.21090054502725136,0.5793289042876778
0.21092054602730137,0.7427853739536732
0.21094054702735138,0.8100437962392575
0.21096054802740138,0.8327588909791482
0.2109805490274514,0.8262515258587922
0.2110005500275014,0.7860813099433199
0.21102055102755138,0.6826251118215146
0.21104055202760139,0.43582473003166944
0.2110605530276514,0.07051487876745687
0.2110805540277014,0.2509939230787229
0.2111005550277514,0.5922036984725911
0.2111205560278014,0.7494721340615862
0.2111405570278514,0.813017810442546
0.2111605580279014,0.8329046281722585
0.2111805590279514,0.8228690403204753
0.21120056002800142,0.775866052251906
0.21122056102805142,0.6553690409140808
0.21124056202810143,0.37042354068180683
0.2112605630281514,0.04747579222024503
0.21128056402820142,0.3358725612861172
0.21130056502825142,0.6396799070745054
0.21132056602830143,0.7699350708980922
0.21134056702835144,0.8208296839607596
0.21136056802840142,0.83260515183818
0.21138056902845143,0.8134382648204571
0.21140057002850143,0.7492401922153165
0.21142057102855144,0.5866272149924094
0.21144057202860145,0.23140223980223829
0.21146057302865146,0.08973605770056743
0.21148057402870143,0.4734134003800605
0.21150057502875144,0.7034392966203226
0.21152057602880145,0.7960587346780605
0.21154057702885146,0.829068066925792
0.21156057802890146,0.8279270477003245
0.21158057902895147,0.7916372539512659
0.21160058002900145,0.6912237545801911
0.21162058102905146,0.441388330502827
0.21164058202910147,0.06675291064699032
0.21166058302915147,0.2818130637570865
0.21168058402920148,0.6181304793421658
0.2117005850292515,0.7633647212691894
0.21172058602930147,0.8188924252590222
0.21174058702935147,0.8317458436210292
0.21176058802940148,0.8114856013737546
0.2117805890294515,0.7422164462149845
0.2118005900295015,0.5626584571828319
0.21182059102955147,0.18263270512318486
0.21184059202960148,0.1369781581191391
0.2118605930296515,0.5292456271565439
0.2118805940297015,0.7294828673270696
0.2119005950297515,0.8069683879187115
0.2119205960298015,0.8309456761228916
0.2119405970298515,0.8204691720077903
0.2119605980299015,0.7671781338529583
0.2119805990299515,0.6238984595767588
0.2120006000300015,0.28371341003827744
0.21202060103005152,0.07227116156869418
0.21204060203010153,0.45988139909864506
0.2120606030301515,0.7031818567855327
0.2120806040302015,0.7976498469754365
0.21210060503025152,0.8291020746227981
0.21212060603030153,0.8238890716735044
0.21214060703035154,0.7776636803094441
0.21216060803040154,0.6491097524968121
0.21218060903045152,0.33084077523471744
0.21220061003050153,0.05682467610547002
0.21222061103055154,0.4292823681942978
0.21224061203060154,0.6924300146274596
0.21226061303065155,0.7942043009062301
0.21228061403070156,0.8282363886235439
0.21230061503075154,0.8240746771167163
0.21232061603080155,0.7781116533424803
0.21234061703085155,0.6482002887597349
0.21236061803090156,0.3238205921387702
0.21238061903095157,0.06130239850006728
0.21240062003100157,0.4450812755253136
0.21242062103105155,0.7006331744912092
0.21244062203110156,0.797761377648569
0.21246062303115157,0.8288513605513133
0.21248062403120158,0.8213921565098318
0.21250062503125158,0.7688613316288408
0.21252062603130156,0.6210860948030648
0.21254062703135157,0.26272503584301865
0.21256062803140158,0.0951549249981961
0.21258062903145158,0.5029145499432294
0.2126006300315016,0.7248817210479589
0.2126206310315516,0.8068662594628045
0.21264063203160158,0.8298900619597698
0.21266063303165159,0.8143738366971088
0.2126806340317016,0.7463920143469879
0.2127006350317516,0.557795732567776
0.2127206360318016,0.15266988355599503
0.21274063703185161,0.1949833374357292
0.2127606380319016,0.5867646335511819
0.2127806390319516,0.7575279116993517
0.2128006400320016,0.8180671615032588
0.21282064103205162,0.8288020944306415
0.21284064203210162,0.7991779672500592
0.21286064303215163,0.7010955416234899
0.2128806440322016,0.43499206383436384
0.21290064503225162,0.05518930943719648
0.21292064603230162,0.3665409995336467
0.21294064703235163,0.6739264784721413
0.21296064803240164,0.7898430067341936
0.21298064903245165,0.8269582132423821
0.21300065003250163,0.8213290220067664
0.21302065103255163,0.767577121547948
0.21304065203260164,0.6103799173125333
0.21306065303265165,0.22767472964848492
0.21308065403270166,0.1341000168246479
0.21310065503275166,0.5503161466377119
0.21312065603280164,0.7463195022974797
0.21314065703285165,0.8149334792859632
0.21316065803290166,0.8285589663183067
0.21318065903295166,0.7999410707753682
0.21320066003300167,0.7006213889147576
0.21322066103305165,0.4254787783876392
0.21324066203310166,0.052896545673873835
0.21326066303315167,0.3962454961840166
0.21328066403320167,0.6896937872830717
0.21330066503325168,0.7964330837108233
0.2133206660333017,0.8279255425822102
0.21334066703335167,0.8158109110410107
0.21336066803340167,0.748057356909633
0.21338066903345168,0.5503050928815151
0.2134006700335017,0.12740678372727915
0.2134206710335517,0.247334515420772
0.2134406720336017,0.6261564602812459
0.21346067303365168,0.7751041614748078
0.2134806740337017,0.8235000303990365
0.2135006750337517,0.8231723618141061
0.2135206760338017,0.773583139296904
0.2135406770338517,0.6205403421995301
0.21356067803390172,0.2328740153453021
0.2135806790339517,0.1436469057622517
0.2136006800340017,0.5666385773553686
0.2136206810340517,0.7552373407602124
0.21364068203410172,0.8182129827077217
0.21366068303415173,0.826147418008783
0.2136806840342017,0.7868948792518898
0.21370068503425171,0.6575499637197938
0.21372068603430172,0.3065184793376129
0.21374068703435173,0.09332452027368651
0.21376068803440174,0.5238842995826827
0.21378068903445174,0.7413055949700892
0.21380069003450175,0.8142968050608292
0.21382069103455173,0.8270159386984123
0.21384069203460174,0.7925584007345187
0.21386069303465174,0.6728242154111456
0.21388069403470175,0.3381886975346883
0.21390069503475176,0.07849855216801205
0.21392069603480174,0.5076027681571732
0.21394069703485175,0.7367052972229347
0.21396069803490175,0.8131298668874359
0.21398069903495176,0.8268599495024581
0.21400070003500177,0.7924060656819536
0.21402070103505177,0.6708438629435103
0.21404070203510175,0.3290982880188832
0.21406070303515176,0.08634037992620183
0.21408070403520177,0.5212796219685129
0.21410070503525178,0.7425017165291803
0.21412070603530178,0.8150163099140513
0.2141407070353518,0.8258196371839317
0.21416070803540177,0.7865022002615933
0.21418070903545178,0.6512380090740151
0.21420071003550178,0.2790500335876962
0.2142207110355518,0.12347923151923819
0.2142407120356018,0.5616861366233417
0.2142607130356518,0.7571563726618133
0.21428071403570179,0.8191914157688659
0.2143007150357518,0.8231301557763999
0.2143207160358018,0.7731286406752851
0.2143407170358518,0.6085113614636365
0.21436071803590181,0.18951784178998615
0.2143807190359518,0.20837174747852158
0.2144007200360018,0.6194513122384082
0.2144207210360518,0.7769785909233146
0.21444072203610182,0.8238683708308441
0.21446072303615182,0.8169204729840563
0.21448072403620183,0.747975393552517
0.21450072503625184,0.5299280745908846
0.21452072603630182,0.08706818529617621
0.21454072703635182,0.3436986804175234
0.21456072803640183,0.6821054420283472
0.21458072903645184,0.7974986299430932
0.21460073003650185,0.8265317051321193
0.21462073103655183,0.8037994840360068
0.21464073203660183,0.7019830969828958
0.21466073303665184,0.3937451301988592
0.21468073403670185,0.06583116477121088
0.21470073503675186,0.49818573965316576
0.21472073603680186,0.7387036106992095
0.21474073703685184,0.8145818418412942
0.21476073803690185,0.8238903268835972
0.21478073903695186,0.777470833671337
0.21480074003700186,0.6160010869428731
0.21482074103705187,0.19123891882291816
0.21484074203710188,0.22092692167002798
0.21486074303715186,0.6321191155708281
0.21488074403720187,0.7828061819999644
0.21490074503725187,0.8246836753564573
0.21492074603730188,0.8110149030746101
0.2149407470373519,0.7248344496663303
0.2149607480374019,0.45178147062628415
0.21498074903745187,0.05639006689371007
0.21500075003750188,0.4598329145101071
0.2150207510375519,0.7279421914774231
0.2150407520376019,0.811972065230669
0.2150607530376519,0.8239476920866843
0.21508075403770188,0.7785051774894992
0.2151007550377519,0.6154685129040668
0.2151207560378019,0.1828271331950599
0.2151407570378519,0.2391429784510064
0.2151607580379019,0.6447169723897018
0.21518075903795192,0.7877501081126496
0.2152007600380019,0.825083459759077
0.2152207610380519,0.8056046438925781
0.2152407620381019,0.7040685534126938
0.21526076303815192,0.38476822746915895
0.21528076403820193,0.07787385871815604
0.21530076503825193,0.53067995048685
0.21532076603830191,0.7529615418866016
0.21534076703835192,0.8186906029397023
0.21536076803840193,0.8187440408566798
0.21538076903845194,0.7529345566170791
0.21540077003850194,0.5289937070043275
0.21542077103855195,0.07552114398074027
0.21544077203860193,0.3945432456543606
0.21546077303865194,0.7091736772031052
0.21548077403870194,0.8074432109979411
0.21550077503875195,0.8240550613961928
0.21552077603880196,0.780741129024102
0.21554077703885197,0.617173527308429
0.21556077803890195,0.1750760080081948
0.21558077903895195,0.26125558790582193
0.21560078003900196,0.6598321048905417
0.21562078103905197,0.7936328147442551
0.21564078203910197,0.8249764679867524
0.21566078303915198,0.7967544741126523
0.21568078403920196,0.6698602965451586
0.21570078503925197,0.28251862066581346
0.21572078603930198,0.16000450159855797
0.21574078703935198,0.6107486520925783
0.215760788039402,0.7796272810888183
0.21578078903945197,0.8237350859096072
0.21580079003950198,0.8058137161858238
0.21582079103955198,0.7008630134284537
0.215840792039602,0.3611159949956073
0.215860793039652,0.10208418248289032
0.215880794039702,0.5692725690026881
0.215900795039752,0.7678598404403351
0.215920796039802,0.8219044995386263
0.215940797039852,0.8105768789709765
0.215960798039902,0.7178002064449465
0.21598079903995202,0.40726766338715314
0.21600080004000202,0.0776059802280752
0.216020801040052,0.5423535113165502
0.216040802040102,0.7604872344025694
0.21606080304015202,0.8205643351753258
0.21608080404020202,0.8124857461591448
0.21610080504025203,0.7245274326313598
0.21612080604030204,0.42453553739490213
0.21614080704035202,0.07165275098048837
0.21616080804040202,0.534613777500215
0.21618080904045203,0.7589093985965871
0.21620081004050204,0.8202951608682892
0.21622081104055205,0.812168771305628
0.21624081204060203,0.7225271668459633
0.21626081304065203,0.4150456033631054
0.21628081404070204,0.07782218674185988
0.21630081504075205,0.547312194308358
0.21632081604080206,0.7633970602026892
0.21634081704085206,0.8211405077267715
0.21636081804090207,0.809584572048982
0.21638081904095205,0.7114372839649304
0.21640082004100206,0.37779698455972066
0.21642082104105206,0.10209011585725682
0.21644082204110207,0.5781512393164885
0.21646082304115208,0.7730194921639642
0.21648082404120206,0.8226045977448371
0.21650082504125207,0.8040159069045231
0.21652082604130207,0.6889379656272339
0.21654082704135208,0.3095613403939038
0.2165608280414021,0.15884714737141967
0.2165808290414521,0.621735913576851
0.2166008300415021,0.785908306544761
0.21662083104155208,0.8236905739106937
0.2166408320416021,0.7939097124433269
0.2166608330416521,0.6499573701925091
0.2166808340417021,0.21048215873123668
0.2167008350417521,0.2578046677013994
0.2167208360418021,0.6708884957191807
0.2167408370418521,0.7997193197096668
0.2167608380419021,0.8229208398315103
0.2167808390419521,0.7764433673612994
0.21680084004200212,0.5849609229164996
0.21682084104205213,0.10304676616023004
0.2168408420421021,0.38848459253691425
0.2168608430421521,0.7186380045888618
0.21688084404220212,0.8120574874642613
0.21690084504225213,0.8182230098988407
0.21692084604230213,0.7465017986018622
0.21694084704235211,0.47774701721767243
0.21696084804240212,0.06235531232873329
0.21698084904245213,0.5229370165339005
0.21700085004250214,0.7598692124962984
0.21702085104255214,0.8206497806951716
0.21704085204260215,0.8064822098436805
0.21706085304265216,0.6943411857975815
0.21708085404270214,0.3101786095255348
0.21710085504275214,0.17267727115778417
0.21712085604280215,0.6366294813740783
0.21714085704285216,0.7917489303160142
0.21716085804290217,0.8231264877190642
0.21718085904295215,0.7823439348184489
0.21720086004300215,0.6006243448406612
0.21722086104305216,0.11425519548476627
0.21724086204310217,0.3841854740208904
0.21726086304315217,0.7204334170954725
0.21728086404320218,0.8130034980519217
0.21730086504325216,0.8162530873802624
0.21732086604330217,0.7352150184351148
0.21734086704335218,0.43063323517733165
0.21736086804340218,0.08556604812786754
0.2173808690434522,0.5752624849742918
0.2174008700435022,0.776275307750794
0.21742087104355218,0.8226126339223249
0.21744087204360218,0.7941165337607201
0.2174608730436522,0.6418610697348167
0.2174808740437022,0.17388168235409454
0.2175008750437522,0.3206337196485496
0.2175208760438022,0.7019887241375661
0.2175408770438522,0.809169086536682
0.2175608780439022,0.8180888695130138
0.2175808790439522,0.7435912976445264
0.21760088004400222,0.4534135262049486
0.21762088104405222,0.07711131817241913
0.2176408820441022,0.5679059134996381
0.2176608830441522,0.7754168252946017
0.21768088404420222,0.8224461489357261
0.21770088504425222,0.7924311377933485
0.21772088604430223,0.6322099074129703
0.21774088704435224,0.15020284238275222
0.21776088804440225,0.3546972178159151
0.21778088904445222,0.7153397402993841
0.21780089004450223,0.8125772118814295
0.21782089104455224,0.8149419444844086
0.21784089204460225,0.7262426809812271
0.21786089304465225,0.3880131831216538
0.21788089404470223,0.1251338259722014
0.21790089504475224,0.618451342842192
0.21792089604480225,0.789555180961765
0.21794089704485226,0.8223907127233967
0.21796089804490226,0.7760791184405283
0.21798089904495227,0.5651048988739438
0.21800090004500225,0.07205052486462271
0.21802090104505226,0.47470297015258944
0.21804090204510226,0.7522334298456994
0.21806090304515227,0.8197756518756875
0.21808090404520228,0.8027296909398299
0.21810090504525229,0.6697840460965179
0.21812090604530227,0.21778229313783065
0.21814090704535227,0.2928900492276659
0.21816090804540228,0.6984102213005067
0.2181809090454523,0.8094579471692562
0.2182009100455023,0.8162224260506458
0.2182209110455523,0.7307487418631479
0.21824091204560228,0.39375272775713366
0.2182609130456523,0.12891291444332711
0.2182809140457023,0.6262228635454508
0.2183009150457523,0.7927249586670712
0.2183209160458023,0.8216519506202993
0.2183409170458523,0.7671200261076115
0.2183609180459023,0.5239472713575271
0.2183809190459523,0.06180227610929259
0.2184009200460023,0.5363672072930753
0.21842092104605232,0.7706003923902629
0.21844092204610233,0.8218971325363195
0.21846092304615233,0.7892326172361331
0.2184809240462023,0.6095025142203615
0.21850092504625232,0.10251219826707479
0.21852092604630233,0.43471342839234917
0.21854092704635233,0.744354566964039
0.21856092804640234,0.8188287220674745
0.21858092904645232,0.8027159745788303
0.21860093004650233,0.6646875678325904
0.21862093104655234,0.19299602048712838
0.21864093204660234,0.3330472286236291
0.21866093304665235,0.7158244327692815
0.21868093404670236,0.8138638627222433
0.21870093504675234,0.8108107838097491
0.21872093604680234,0.7003862508072626
0.21874093704685235,0.28288168000965197
0.21876093804690236,0.24529478548509295
0.21878093904695237,0.6875060358906371
0.21880094004700235,0.8082097335774107
0.21882094104705235,0.8155015480806775
0.21884094204710236,0.7233525993037432
0.21886094304715237,0.3526255241299693
0.21888094404720237,0.18082853619233877
0.21890094504725238,0.6623599967591202
0.2189209460473024,0.8029363186621457
0.21894094704735237,0.8180601387082547
0.21896094804740238,0.7375886677885414
0.21898094904745238,0.3994115440513454
0.2190009500475024,0.14097900230271138
0.2190209510475524,0.6433561227606613
0.21904095204760238,0.7989476092212976
0.21906095304765238,0.819303988211769
0.2190809540477024,0.7453962242496956
0.2191009550477524,0.42523161234441714
0.2191209560478024,0.12165023429251662
0.2191409570478524,0.6329047160433918
0.21916095804790242,0.7969018430687566
0.2191809590479524,0.8197141484790029
0.2192009600480024,0.7479762538088622
0.21922096104805242,0.4321043456508024
0.21924096204810242,0.11851963676210589
0.21926096304815243,0.6323694599489447
0.2192809640482024,0.7971277912994433
0.21930096504825242,0.8194847567762401
0.21932096604830242,0.7457242961156619
0.21934096704835243,0.4206811758551713
0.21936096804840244,0.1306386150881342
0.21938096904845245,0.6417975876937748
0.21940097004850243,0.7995766355261388
0.21942097104855243,0.8185390720940892
0.21944097204860244,0.7383249539357106
0.21946097304865245,0.39002045118684714
0.21948097404870245,0.16105845980026223
0.21950097504875243,0.6599155805657215
0.21952097604880244,0.8038309310119144
0.21954097704885245,0.8165251442406387
0.21956097804890246,0.7246815729958749
0.21958097904895246,0.33802292628401653
0.21960098004900247,0.2144385101371189
0.21962098104905248,0.684388087314782
0.21964098204910246,0.8091668935357869
0.21966098304915246,0.812786369509758
0.21968098404920247,0.7026558538683915
0.21970098504925248,0.26334815852170435
0.21972098604930249,0.29226317610068486
0.21974098704935247,0.7122919205021173
0.21976098804940247,0.8146426151595519
0.21978098904945248,0.8062833087997748
0.2198009900495025,0.6685286594166077
0.2198209910495525,0.17141216887182512
0.2198409920496025,0.38863554006294065
0.2198609930496525,0.7406771600060311
0.2198809940497025,0.8191705685321992
0.2199009950497525,0.7954163684589014
0.2199209960498025,0.616048517291533
0.2199409970498525,0.08756795068560032
0.21996099804990252,0.4910771820260162
0.2199809990499525,0.7670281560165415
0.2200010000500025,0.8215286714053569
0.2200210010500525,0.7776494319899386
0.22004100205010252,0.535142635627591
0.22006100305015253,0.06691043424062655
0.22008100405020253,0.5864229176585838
0.2201010050502525,0.7894766854835434
0.22012100605030252,0.820260858308651
0.22014100705035253,0.7487302994714399
0.22016100805040253,0.41218906449832293
0.22018100905045254,0.15737290662796644
0.22020101005050252,0.6662424718064858
0.22022101105055253,0.8067352603697788
0.22024101205060254,0.813394768448193
0.22026101305065254,0.7010941222032229
0.22028101405070255,0.24273895955548508
0.22030101505075256,0.32918218336176885
0.22032101605080257,0.7278596076231515
0.22034101705085254,0.8178077155630203
0.22036101805090255,0.797822084754993
0.22038101905095256,0.6207994109431562
0.22040102005100257,0.08585670760686223
0.22042102105105257,0.5038006863982915
0.22044102205110255,0.7722676156061844
0.22046102305115256,0.8215250057765641
0.22048102405120257,0.7679626243858252
0.22050102505125257,0.4838221592979992
0.22052102605130258,0.10161526391250188
0.2205410270513526,0.6370032714692864
0.2205610280514026,0.801675450175317
0.22058102905145258,0.8158334170120548
0.22060103005150258,0.7127911436068167
0.2206210310515526,0.2694640543002156
0.2206410320516026,0.31214460824048074
0.2206610330516526,0.725702556369732
0.22068103405170258,0.8178437427817667
0.2207010350517526,0.7964866872906409
0.2207210360518026,0.6095037678395773
0.2207410370518526,0.07323265158751893
0.2207610380519026,0.5331654068610309
0.22078103905195262,0.7803864173021492
0.2208010400520026,0.8209918215329657
0.2208210410520526,0.7541330583976961
0.22084104205210262,0.4171763607439448
0.22086104305215262,0.16928583742034328
0.22088104405220263,0.6792510492331368
0.2209010450522526,0.8105957646520067
0.22092104605230262,0.8084759415101598
0.22094104705235262,0.6672184262556786
0.22096104805240263,0.14174524142880546
0.22098104905245264,0.44839471038049705
0.22100105005250265,0.7624031634323649
0.22102105105255265,0.8214246132383061
0.22104105205260263,0.7717672857689574
0.22106105305265264,0.48835803453229
0.22108105405270265,0.10792288519675979
0.22110105505275265,0.6489370559754115
0.22112105605280266,0.805442652675619
0.22114105705285264,0.812623989621138
0.22116105805290265,0.6881389554108699
0.22118105905295266,0.1831090998802557
0.22120106005300266,0.41201144886944335
0.22122106105305267,0.7551746364911833
0.22124106205310268,0.8211874381340458
0.22126106305315266,0.7756562181764858
0.22128106405320266,0.5013181868883254
0.22130106505325267,0.10122007109235245
0.22132106605330268,0.6468878965414947
0.22134106705335269,0.8055863550291709
0.2213610680534027,0.8121329242070394
0.22138106905345267,0.6829482358961552
0.22140107005350268,0.16499382709086732
0.2214210710535527,0.43532075436577095
0.2214410720536027,0.7618360220836367
0.2214610730536527,0.8214657190664002
0.2214810740537027,0.7678863337136901
0.2215010750537527,0.4609093850305123
0.2215210760538027,0.1419164708756046
0.2215410770538527,0.6738867537528287
0.2215610780539027,0.8109197018992963
0.22158107905395272,0.8066061952224299
0.2216010800540027,0.6491149114628418
0.2216210810540527,0.09917911371260396
0.2216410820541027,0.5109849368243158
0.22166108305415272,0.7793795088935992
0.22168108405420273,0.8206230329836516
0.22170108505425273,0.7442423756809716
0.22172108605430274,0.35370075885627006
0.22174108705435272,0.2579278945735026
0.22176108805440273,0.7188302859442964
0.22178108905445273,0.8180060223033344
0.22180109005450274,0.7918252442008953
0.22182109105455275,0.5691028312287693
0.22184109205460273,0.06684837104354281
0.22186109305465274,0.6130197387635833
0.22188109405470274,0.800495968938524
0.22190109505475275,0.8142419898011267
0.22192109605480276,0.691197515304892
0.22194109705485277,0.17212641194079673
0.22196109805490274,0.44125249655011667
0.22198109905495275,0.7658760616197817
0.22200110005500276,0.8212558338327689
0.22202110105505277,0.7574667771669708
0.22204110205510277,0.40197197099322757
0.22206110305515275,0.21605966386961284
0.22208110405520276,0.7083312961374244
0.22210110505525277,0.8168874068986353
0.22212110605530277,0.7936069696784183
0.22214110705535278,0.5732404216510882
0.2221611080554028,0.06742870694415531
0.2221811090554528,0.6185119976139345
0.22220111005550278,0.8022822138146111
0.22222111105555278,0.8124523817594631
0.2222411120556028,0.6770613049732794
0.2222611130556528,0.1334758060870781
0.2222811140557028,0.486410069116863
0.22230111505575278,0.7768629960565977
0.2223211160558028,0.8203029172528595
0.2223411170558528,0.738702623258041
0.2223611180559028,0.31513160093242043
0.22238111905595281,0.3146474809700967
0.22240112005600282,0.7388323000846703
0.22242112105605283,0.8203219493575392
0.2224411220561028,0.7758141055119141
0.22246112305615282,0.47798728104945976
0.22248112405620282,0.14632668604530447
0.22250112505625283,0.6855631035109961
0.22252112605630284,0.8141175698401241
0.22254112705635282,0.7982186903605459
0.22256112805640282,0.5914021935446295
0.22258112905645283,0.06448559918254929
0.22260113005650284,0.6143298011802487
0.22262113105655285,0.8025097990961952
0.22264113205660285,0.8113252073410634
0.22266113305665283,0.665983194313206
0.22268113405670284,0.10626929639752855
0.22270113505675285,0.5238861768289688
0.22272113605680285,0.7859499369004456
0.22274113705685286,0.818240246414453
0.22276113805690284,0.7150914728665161
0.22278113905695285,0.21931531016853834
0.22280114005700286,0.41714113679574505
0.22282114105705286,0.7647952811406497
0.22284114205710287,0.8208659749238071
0.22286114305715288,0.7479237417311653
0.22288114405720288,0.3396974279253637
0.22290114505725286,0.303879285202198
0.22292114605730287,0.7395238557104058
0.22294114705735288,0.8204667568946516
0.22296114805740289,0.7701892401495213
0.2229811490574529,0.43931758923016984
0.22300115005750287,0.2003046340191701
0.22302115105755288,0.7109117786560675
0.2230411520576029,0.8179695980065442
0.2230611530576529,0.7854154488893322
0.2230811540577029,0.514348691857954
0.2231011550577529,0.12266303277152275
0.22312115605780292,0.6801566138892496
0.2231411570578529,0.8141257813055823
0.2231611580579029,0.7958370021079396
0.2231811590579529,0.5688480304054429
0.22320116005800292,0.0785273417403977
0.22322116105805292,0.6489089862788455
0.2232411620581029,0.8095938312372275
0.2232611630581529,0.8029164772684657
0.22328116405820292,0.6077381305684397
0.22330116505825293,0.06389959534095037
0.22332116605830293,0.619180517063139
0.22334116705835294,0.8049731700184615
0.22336116805840292,0.8076392467545018
0.22338116905845293,0.6349450916128899
0.22340117005850293,0.0679592450890629
0.22342117105855294,0.59313228553753
0.22344117205860295,0.8008047812785274
0.22346117305865293,0.810679285189357
0.22348117405870294,0.6532278798904047
0.22350117505875294,0.07947667194132993
0.22352117605880295,0.5727966542228689
0.22354117705885296,0.7975506951421989
0.22356117805890297,0.812491827165216
0.22358117905895297,0.6643905307507181
0.22360118005900295,0.09022155388906077
0.22362118105905296,0.5598115019566683
0.22364118205910297,0.7955632324162057
0.22366118305915297,0.8133641731159588
0.22368118405920298,0.669502750456533
0.22370118505925296,0.09546650797950117
0.22372118605930297,0.5552280842288128
0.22374118705935298,0.7950546825266056
0.22376118805940298,0.8134422003775865
0.223781189059453,0.6690480799024756
0.223801190059503,0.09340871812624152
0.223821191059553,0.5594086253634675
0.22384119205960298,0.7960766678110203
0.223861193059653,0.8127422024208019
0.223881194059703,0.6629937798700216
0.223901195059753,0.08474809155160701
0.223921196059803,0.5719976813533176
0.223941197059853,0.7985152400344248
0.223961198059903,0.8111525560919054
0.223981199059953,0.650787589659623
0.22400120006000301,0.0728419445774686
0.22402120106005302,0.5919548635190067
0.22404120206010303,0.8021031603206052
0.224061203060153,0.8084257620859494
0.22408120406020302,0.631281622144175
0.22410120506025302,0.06427725301110866
0.22412120606030303,0.617658917317826
0.22414120706035304,0.8064458953295666
0.22416120806040302,0.8041576180754513
0.22418120906045302,0.6025799420843796
0.22420121006050303,0.06902589295618734
0.22422121106055304,0.6470979557357337
0.22424121206060305,0.8110538342284954
0.22426121306065305,0.7977457543897754
0.22428121406070306,0.5618225487134811
0.22430121506075304,0.0985444146094318
0.22432121606080305,0.6781306261480643
0.22434121706085305,0.8153709134992179
0.22436121806090306,0.7883131459036478
0.22438121906095307,0.5050094822770099
0.22440122006100305,0.16058119282011007
0.22442122106105306,0.7087595489276586
0.22444122206110306,0.8187892245078562
0.22446122306115307,0.7745711309357703
0.22448122406120308,0.42730599433405486
0.22450122506125308,0.2530229716467131
0.22452122606130306,0.7373406303944348
0.22454122706135307,0.8206392313430899
0.22456122806140308,0.7545768491024274
0.22458122906145309,0.3252904305739302
0.2246012300615031,0.36297995596459587
0.2246212310615531,0.7626765814320142
0.22464123206160308,0.8201438627629215
0.2246612330616531,0.7253066506584754
0.2246812340617031,0.20474657566062018
0.2247012350617531,0.4734966871100754
0.2247212360618031,0.7839899202154128
0.22474123706185312,0.8163187216909527
0.2247612380619031,0.681923618640469
0.2247812390619531,0.09723265905809322
0.2248012400620031,0.5716583840162186
0.22482124106205312,0.8008063565039835
0.22484124206210312,0.8077846512989998
0.2248612430621531,0.6166411664968898
0.2248812440622031,0.06733105900341424
0.22490124506225312,0.6516390224785532
0.22492124606230313,0.812786211169917
0.22494124706235313,0.7924227381541548
0.22496124806240314,0.51766779678651
0.22498124906245315,0.15913383609461895
0.22500125006250313,0.7130544717463115
0.22502125106255313,0.8195227536684839
0.22504125206260314,0.76672522065494
0.22506125306265315,0.3722086386735661
0.22508125406270316,0.32833565757078
0.22510125506275314,0.7581100289824787
0.22512125606280314,0.8202911954482855
0.22514125706285315,0.724547638977006
0.22516125806290316,0.19020898640636685
0.22518125906295317,0.49570884464937526
0.22520126006300317,0.7895499433404892
0.22522126106305315,0.8136789139858229
0.22524126206310316,0.6547886023764183
0.22526126306315317,0.06686241903515171
0.22528126406320317,0.6233889797842435
0.22530126506325318,0.8096129110430133
0.22532126606330316,0.7969306372014184
0.22534126706335317,0.5381984993963651
0.22536126806340318,0.14332412709677383
0.22538126906345318,0.7102973748412709
0.2254012700635032,0.8195588176321854
0.2254212710635532,0.7646335229321066
0.2254412720636032,0.3517997936380383
0.22546127306365318,0.3588880972870463
0.2254812740637032,0.7662150608126608
0.2255012750637532,0.8193180182896159
0.2255212760638032,0.7059346234784318
0.2255412770638532,0.12933113068966606
0.2255612780639032,0.553778861385458
0.2255812790639532,0.8000360258187384
0.2256012800640032,0.8068521537109955
0.22562128106405321,0.5991673157288626
0.22564128206410322,0.08463034696391875
0.22566128306415323,0.6815578729861985
0.22568128406420324,0.8172909993633048
0.22570128506425322,0.7766163448725582
0.22572128606430322,0.40902706760231416
0.22574128706435323,0.30633697911389446
0.22576128806440324,0.7571592876408081
0.22578128906445324,0.8201303400832406
0.22580129006450322,0.7158098288584235
0.22582129106455323,0.14835006744927215
0.22584129206460324,0.5426571096349624
0.22586129306465325,0.7991061884831436
0.22588129406470325,0.8070314360833405
0.22590129506475326,0.5961604536976937
0.22592129606480324,0.09085295736374091
0.22594129706485325,0.6890453557827151
0.22596129806490325,0.8182806670552232
0.22598129906495326,0.7707926446903961
0.22600130006500327,0.3698679149047131
0.22602130106505325,0.35500700567052296
0.22604130206510326,0.7682227316763197
0.22606130306515326,0.8186735617641642
0.22608130406520327,0.6923713807527596
0.22610130506525328,0.09349962985385918
0.22612130606530328,0.5963132526856656
0.2261413070653533,0.8075682702655974
0.22616130806540327,0.797681242600307
0.22618130906545328,0.5272859440258191
0.22620131006550329,0.1757124004315201
0.2262213110655533,0.7280040358770609
0.2262413120656033,0.8207674602156285
0.22626131306565328,0.7423729278714369
0.2262813140657033,0.22685691253150805
0.2263013150657533,0.48893039416955153
0.2263213160658033,0.7922182072320524
0.2263413170658533,0.8107134494647941
0.22636131806590332,0.6167587256320142
0.22638131906595332,0.07899941585355502
0.2264013200660033,0.6841042743248509
0.2264213210660533,0.8182801109960548
0.22644132206610332,0.768997844670971
0.22646132306615332,0.3482942449740236
0.22648132406620333,0.3878008818494291
0.2265013250662533,0.7762635718783268
0.22652132606630332,0.8166262689142765
0.22654132706635333,0.6652958846755712
0.22656132806640333,0.06516557188036255
0.22658132906645334,0.6448806822709103
0.22660133006650335,0.8145156179715343
0.22662133106655333,0.7828127058156528
0.22664133206660333,0.42309703627928885
0.22666133306665334,0.314805954263736
0.22668133406670335,0.7637688123435292
0.22670133506675336,0.8189740657977409
0.22672133606680334,0.6892407103873611
0.22674133706685334,0.08097066055401952
0.22676133806690335,0.6194050894400003
0.22678133906695336,0.8118071062483715
0.22680134006700337,0.7887696323019292
0.22682134106705337,0.4559924944132795
0.22684134206710338,0.28141937422234276
0.22686134306715336,0.7580821155619513
0.22688134406720337,0.8196188202460756
0.22690134506725337,0.6961757300735045
0.22692134606730338,0.08771711103695587
0.2269413470673534,0.6141475472872882
0.22696134806740337,0.8114880574615371
0.22698134906745338,0.7889048163233059
0.22700135006750338,0.4527777384802167
0.2270213510675534,0.289969032774565
0.2270413520676034,0.7607846963736441
0.2270613530676534,0.8192027759755096
0.2270813540677034,0.6882068248375639
0.2271013550677534,0.07603214214090738
0.2271213560678034,0.630453976655411
0.2271413570678534,0.8137121083207198
0.2271613580679034,0.7832691155927777
0.22718135906795342,0.4128981896302417
0.2272013600680034,0.33999706045211464
0.2272213610680534,0.7711053874149142
0.22724136206810341,0.8172598962021299
0.22726136306815342,0.6629779333499649
0.22728136406820343,0.06348555829530197
0.22730136506825344,0.6640489389384209
0.22732136606830342,0.8174330400993216
0.22734136706835342,0.7699595489212705
0.22736136806840343,0.3299474571448828
0.22738136906845344,0.42621948423836126
0.22740137006850344,0.7862262171868946
0.22742137106855342,0.8121540937715955
0.22744137206860343,0.6125822017224155
0.22746137306865344,0.09641901327425408
0.22748137406870345,0.7067089442452088
0.22750137506875345,0.8205808414925296
0.22752137606880346,0.7442811435575548
0.22754137706885347,0.202041231076858
0.22756137806890345,0.5323291062324526
0.22758137906895345,0.8022583484146752
0.22760138006900346,0.8007163276061976
0.22762138106905347,0.5202738379265537
0.22764138206910348,0.22034752474127767
0.22766138306915346,0.7494364969556412
0.22768138406920346,0.8201896320552373
0.22770138506925347,0.6962643167492258
0.22772138606930348,0.07824525816443206
0.22774138706935348,0.6353521334418524
0.2277613880694035,0.8151897362688715
0.22778138906945347,0.7770493809373599
0.22780139006950348,0.3593114895115278
0.22782139106955349,0.40952161455320824
0.2278413920696035,0.785283746600403
0.2278613930696535,0.8120055706645558
0.2278813940697035,0.6045311933155482
0.2279013950697535,0.1127475107006438
0.2279213960698035,0.7184919863879482
0.2279413970698535,0.8210946620224612
0.2279613980699035,0.7290543848046422
0.22798139906995352,0.1389468692710632
0.22800140007000352,0.5857520054705886
0.2280214010700535,0.8100811219354187
0.2280414020701035,0.7887071996827179
0.22806140307015352,0.4267400075444879
0.22808140407020353,0.3472043869092504
0.22810140507025353,0.7763382216427175
0.2281214060703035,0.8150760033093042
0.22814140707035352,0.628845610614543
0.22816140807040353,0.08910088776556023
0.22818140907045353,0.7083943933842112
0.22820141007050354,0.82098218057707
0.22822141107055355,0.734391792139007
0.22824141207060356,0.14959045085741693
0.22826141307065353,0.5819729128156248
0.22828141407070354,0.8101505574254484
0.22830141507075355,0.7878732332812137
0.22832141607080356,0.41487864851758166
0.22834141707085356,0.36655868214744575
0.22836141807090354,0.7805951879543862
0.22838141907095355,0.813319563494604
0.22840142007100356,0.6082052106568505
0.22842142107105357,0.11733350317051544
0.22844142207110357,0.7244624487654139
0.22846142307115358,0.82122488020714
0.22848142407120356,0.7158140004798145
0.22850142507125357,0.09739578100355549
0.22852142607130357,0.6258340283900633
0.22854142707135358,0.8153714553637904
0.2285614280714036,0.7739601599118194
0.2285814290714536,0.3204317943342891
0.22860143007150358,0.4615640241021378
0.22862143107155358,0.7955764846452091
0.2286414320716036,0.8046989594959312
0.2286614330716536,0.5301727259632696
0.2286814340717036,0.23314007286651225
0.2287014350717536,0.7582470283933692
0.2287214360718036,0.8187241885873082
0.2287414370718536,0.6608978824370255
0.2287614380719036,0.06849083018075797
0.2287814390719536,0.6956932826423037
0.22880144007200362,0.8208564698641547
0.2288214410720536,0.7366702220868188
0.2288414420721036,0.14366860970999165
0.22886144307215361,0.5952051045934186
0.22888144407220362,0.8127570471518483
0.22890144507225363,0.7804834658308129
0.22892144607230364,0.351362611845028
0.22894144707235364,0.44237684580530623
0.22896144807240362,0.7940117461073207
0.22898144907245363,0.8052806815051327
0.22900145007250364,0.5282099797094205
0.22902145107255364,0.2445593461960079
0.22904145207260365,0.7623894219371831
0.22906145307265363,0.8177878806810742
0.22908145407270364,0.6444232678129747
0.22910145507275365,0.084916534809442
0.22912145607280365,0.7136655070277323
0.22914145707285366,0.8214087857983814
0.22916145807290367,0.7169008696370545
0.22918145907295365,0.0893801368190729
0.22920146007300365,0.6414047461271564
0.22922146107305366,0.8177109958545276
0.22924146207310367,0.7621556683921112
0.22926146307315368,0.23758609667136144
0.22928146407320366,0.5377962428945451
0.22930146507325366,0.8071350993531754
0.22932146607330367,0.7904576716303299
0.22934146707335368,0.40775476094890095
0.22936146807340368,0.3986525179025629
0.2293814690734537,0.789317298125837
0.2294014700735037,0.8077176124101474
0.22942147107355368,0.5405421707310599
0.22944147207360369,0.23767874865805816
0.2294614730736537,0.7632236216719367
0.2294814740737037,0.8173288031764453
0.2295014750737537,0.6327970869812866
0.2295214760738037,0.10429677417573976
0.2295414770738537,0.7272122548469441
0.2295614780739037,0.8212624458951985
0.2295814790739537,0.6953161807968267
0.22960148007400372,0.06407429276475538
0.22962148107405372,0.6791342425272726
0.22964148207410373,0.8206693268277604
0.2296614830741537,0.737867729387101
0.22968148407420372,0.12973410626682863
0.22970148507425373,0.6166368147537791
0.22972148607430373,0.8162127788470879
0.22974148707435374,0.767110250382666
0.22976148807440372,0.2501063058554355
0.22978148907445373,0.5379371900431522
0.22980149007450373,0.8082554908021895
0.22982149107455374,0.7872880407783109
0.22984149207460375,0.37291558447239037
0.22986149307465376,0.44336563005327756
0.22988149407470373,0.7969958584209116
0.22990149507475374,0.8011450059710612
0.22992149607480375,0.4754090880768742
0.22994149707485376,0.33762274760628863
0.22996149807490376,0.782542865873835
0.22998149907495374,0.8104588498206492
0.23000150007500375,0.5544711808746321
0.23002150107505376,0.23171123511131453
0.23004150207510377,0.7649806269747653
0.23006150307515377,0.8164233944460603
0.23008150407520378,0.613841011022936
0.2301015050752538,0.14180676596452255
0.23012150607530377,0.7444343546923625
0.23014150707535377,0.8198730113844567
0.23016150807540378,0.6582186081999538
0.2301815090754538,0.08322062400539937
0.2302015100755038,0.721128937828172
0.23022151107555378,0.821417357511188
0.23024151207560378,0.6915289062026566
0.2302615130756538,0.06264739888480451
0.2302815140757038,0.6954415697347927
0.2303015150757538,0.8215245592267751
0.2303215160758038,0.7166983670635888
0.23034151707585382,0.07552679515168198
0.2303615180759038,0.6679410823074826
0.2303815190759538,0.8205730015584274
0.2304015200760038,0.7358303709160314
0.23042152107605382,0.11041071732727793
0.23044152207610383,0.639403871980734
0.2304615230761538,0.818883267839005
0.23048152407620381,0.7504248030367306
0.23050152507625382,0.15529381231131367
0.23052152607630383,0.6107972796787458
0.23054152707635384,0.8167369362002672
0.23056152807640384,0.7615549700471356
0.23058152907645382,0.2012455805646271
0.23060153007650383,0.5832271022108977
0.23062153107655384,0.8143862855721234
0.23064153207660384,0.7699939848119157
0.23066153307665385,0.24295370942444197
0.23068153407670383,0.5578554534440135
0.23070153507675384,0.8120575653677746
0.23072153607680385,0.7763010446747329
0.23074153707685385,0.27781307931504456
0.23076153807690386,0.5358045825320406
0.23078153907695387,0.8099497953219167
0.23080154007700387,0.7808791799912723
0.23082154107705385,0.30482936510404285
0.23084154207710386,0.5180664994473
0.23086154307715387,0.808230750577362
0.23088154407720388,0.7840134270789175
0.23090154507725388,0.32380622169483425
0.23092154607730386,0.5054345275805981
0.23094154707735387,0.8070316334899842
0.23096154807740388,0.7858956297896846
0.23098154907745388,0.33485060733330185
0.2310015500775039,0.4984629245274446
0.2310215510775539,0.8064417931240082
0.2310415520776039,0.7866399465163496
0.2310615530776539,0.3381064969444694
0.2310815540777039,0.49744996504483346
0.2311015550777539,0.8065046399062473
0.2311215560778039,0.786291608562409
0.23114155707785392,0.33363115261848464
0.2311615580779039,0.5024340798254031
0.2311815590779539,0.8072155825536825
0.2312015600780039,0.7848303610886319
0.23122156107805392,0.3213631384835681
0.23124156207810392,0.513194291395783
0.23126156307815393,0.8085223987251747
0.23128156407820394,0.7821691450138873
0.23130156507825392,0.30116715324023696
0.23132156607830393,0.5292534682427927
0.23134156707835393,0.810327984542418
0.23136156807840394,0.778147802000522
0.23138156907845392,0.2729747978082747
0.23140157007850393,0.5498910372936949
0.23142157107855393,0.8124949725370179
0.23144157207860394,0.7725207761654574
0.23146157307865395,0.23707586594399693
0.23148157407870396,0.5741755698800234
0.23150157507875396,0.8148513213445144
0.23152157607880394,0.764936811811389
0.23154157707885395,0.1946465923026518
0.23156157807890396,0.6010242038023044
0.23158157907895396,0.8171957012408488
0.23160158007900397,0.7549073513038101
0.23162158107905395,0.14859318248021744
0.23164158207910396,0.6292863716374187
0.23166158307915397,0.8193013293408276
0.23168158407920397,0.7417585497294588
0.23170158507925398,0.10463478071578854
0.231721586079304,0.6578386950792348
0.231741587079354,0.8209168039720288
0.23176158807940397,0.7245594429135852
0.23178158907945398,0.07207351882334818
0.231801590079504,0.6856720037005212
0.231821591079554,0.8217623573694798
0.23184159207960398,0.7020161692375506
0.23186159307965398,0.06291780632903357
0.231881594079704,0.7119532740712411
0.231901595079754,0.8215196442258247
0.231921596079804,0.6723212987147198
0.231941597079854,0.0878862907652415
0.23196159807990402,0.7360533465168485
0.231981599079954,0.8198124983061181
0.232001600080004,0.6329561188818424
0.232021601080054,0.15018289532743834
0.23204160208010402,0.7575410211249689
0.23206160308015403,0.8161746994160305
0.232081604080204,0.5804883500388859
0.23210160508025401,0.24194816382004103
0.23212160608030402,0.7761511998445807
0.23214160708035403,0.8099981795466427
0.23216160808040404,0.5105675308976908
0.23218160908045404,0.3476814518884308
0.23220161008050405,0.7917371878913679
0.23222161108055403,0.8004503778726512
0.23224161208060404,0.41880207273557135
0.23226161308065404,0.4518876781269842
0.23228161408070405,0.8042156351520626
0.23230161508075403,0.7863411481868212
0.23232161608080404,0.30435065350835994
0.23234161708085405,0.5444351924540094
0.23236161808090405,0.813508565941815
0.23238161908095406,0.7659055585727873
0.23240162008100407,0.17934336165418638
0.23242162108105408,0.6212116091183078
0.23244162208110408,0.8194819246898639
0.23246162308115406,0.73644762603888
0.23248162408120407,0.08233867587569489
0.23250162508125408,0.6821558538974801
0.23252162608130408,0.821874425188204
0.23254162708135406,0.6937700893792443
0.23256162808140407,0.07082741706017504
0.23258162908145408,0.729093762410335
0.23260163008150408,0.8202032672323913
0.2326216310815541,0.6313620555772417
0.2326416320816041,0.16604975362582053
0.2326616330816541,0.7643262167801725
0.2326816340817041,0.8136218416725312
0.2327016350817541,0.5397548961604791
0.2327216360818041,0.32044751837667806
0.2327416370818541,0.789933365924084
0.23276163808190412,0.8006836605780179
0.2327816390819541,0.40858198186597383
0.2328016400820041,0.4722059016140418
0.2328216410820541,0.8075032409785287
0.23284164208210412,0.7789270637024738
0.23286164308215412,0.24075212684745145
0.23288164408220413,0.5924427306888965
0.23290164508225414,0.8180444417506713
0.23292164608230412,0.7441246313422052
0.23294164708235413,0.09209673967403066
0.23296164808240413,0.6789518547073181
0.23298164908245414,0.8219338157954202
0.23300165008250412,0.6889565061895618
0.23302165108255413,0.07981003798780724
0.23304165208260413,0.7385470622313569
0.23306165308265414,0.8188004903250894
0.23308165408270415,0.6010460286718651
0.23310165508275416,0.2310401650150517
0.23312165608280416,0.7783968860887759
0.23314165708285417,0.8072447628347243
0.23316165808290415,0.4625955378961103
0.23318165908295416,0.427351933561127
0.23320166008300416,0.8037398315384288
0.23322166108305417,0.7842234102394431
0.23324166208310415,0.2663805008835022
0.23326166308315416,0.5827893483932517
0.23328166408320417,0.8177824788516852
0.23330166508325417,0.7437726783068711
0.23332166608330418,0.08642910112569184
0.2333416670833542,0.6865342768871399
0.2333616680834042,0.821968840635021
0.23338166908345417,0.6745175772001861
0.23340167008350418,0.10507908296591414
0.2334216710835542,0.7519030634318181
0.2334416720836042,0.8160326002938516
0.2334616730836542,0.5560476200358121
0.23348167408370418,0.31457381172238624
0.2335016750837542,0.7915933569380448
0.2335216760838042,0.7975507187132426
0.2335416770838542,0.3631180279276097
0.2335616780839042,0.5234337955456595
0.23358167908395422,0.8135801573379299
0.23360168008400423,0.7605717724797498
0.2336216810840542,0.13057733585117542
0.2336416820841042,0.6620458553706002
0.23366168308415422,0.8218700230561815
0.23368168408420423,0.6924445903957719
0.2337016850842542,0.08276380746604554
0.23372168608430421,0.7442999533331381
0.23374168708435422,0.8172928522501313
0.23376168808440423,0.5682028588246402
0.23378168908445424,0.302840916135378
0.23380169008450424,0.7910393480940602
0.23382169108455425,0.7973046524750851
0.23384169208460426,0.35382763878913737
0.23386169308465424,0.5353281694190775
0.23388169408470424,0.8149845554217886
0.23390169508475425,0.7541240648586294
0.23392169608480426,0.103751058040054
0.23394169708485424,0.680395332950037
0.23396169808490425,0.8220333142965208
0.23398169908495425,0.6697451751247026
0.23400170008500426,0.12314800152014393
0.23402170108505427,0.760551697752556
0.23404170208510428,0.8130035284836303
0.23406170308515428,0.507726854750338
0.23408170408520426,0.3951328857698708
0.23410170508525427,0.8024813686355842
0.23412170608530428,0.7832833427010975
0.23414170708535428,0.23790263786144722
0.2341617080854043,0.6112222723453413
0.23418170908545427,0.8203036901794553
0.23420171008550428,0.7190805305974549
0.23422171108555428,0.06288549837087055
0.2342417120856043,0.729834072223417
0.2342617130856543,0.8191040558192793
0.2342817140857043,0.5878676545722836
0.23430171508575431,0.2828527108348723
0.2343217160858043,0.7901074099937734
0.2343417170858543,0.7968322873750772
0.2343617180859043,0.33728005041457076
0.23438171908595432,0.5551543707198777
0.2344017200860043,0.8171134474977076
0.2344217210860543,0.7417649260368842
0.2344417220861043,0.07172928000850677
0.23446172308615432,0.7080685649697399
0.23448172408620432,0.8210188949500687
0.23450172508625433,0.6225791547815459
0.23452172608630434,0.22499447696565728
0.23454172708635435,0.7827838956939994
0.23456172808640433,0.8018644751716336
0.23458172908645433,0.37826273579812286
0.23460173008650434,0.5298316143978646
0.23462173108655435,0.8155580076218314
0.23464173208660433,0.748174499739301
0.23466173308665433,0.07992823541833402
0.23468173408670434,0.7026680788267747
0.23470173508675435,0.8212581581792996
0.23472173608680436,0.6257562816344163
0.23474173708685436,0.22398699696203447
0.23476173808690437,0.7834138874123941
0.23478173908695435,0.800952732714442
0.23480174008700436,0.3644772501462514
0.23482174108705436,0.5434538868026895
0.23484174208710437,0.8168099441652608
0.23486174308715438,0.7410485815876682
0.23488174408720436,0.06781168581810819
0.23490174508725437,0.715547727993348
0.23492174608730437,0.8202245181603142
0.23494174708735438,0.5987299413255871
0.2349617480874044,0.2796148807027155
0.2349817490874544,0.791730480706868
0.2350017500875044,0.7936451693343601
0.23502175108755438,0.29424843726435396
0.2350417520876044,0.5914795921034091
0.2350617530876544,0.8199492662129937
0.2350817540877044,0.7174217585617869
0.23510175508775438,0.06742693865813107
0.2351217560878044,0.7420877162858422
0.2351417570878544,0.8163125256408664
0.2351617580879044,0.5309087439492245
0.2351817590879544,0.3896935230228237
0.23520176008800442,0.8044336393387053
0.23522176108805443,0.7762499133889091
0.2352417620881044,0.16974258414094973
0.2352617630881544,0.6584438051690362
0.23528176408820442,0.822136794390906
0.23530176508825443,0.666605807179512
0.23532176608830443,0.15414779450269156
0.23534176708835441,0.7736587408861777
0.23536176808840442,0.8055370822052133
0.23538176908845443,0.3971754612933396
0.23540177008850444,0.528864665169314
0.23542177108855444,0.8164817643694844
0.23544177208860445,0.739604406045312
0.23546177308865446,0.06383155615303028
0.23548177408870444,0.7252960652601573
0.23550177508875444,0.8187405840694139
0.23552177608880445,0.5626051317986821
0.23554177708885446,0.35277548507671846
0.23556177808890444,0.8015600097488148
0.23558177908895445,0.7797940739246947
0.23560178008900445,0.182109939224032
0.23562178108905446,0.6561794000777207
0.23564178208910447,0.8221587223319611
0.23566178308915448,0.6617958152458925
0.23568178408920448,0.17154927843895743
0.2357017850892545,0.7783363716327804
0.23572178608930447,0.8021616349762222
0.23574178708935448,0.3545816958828315
0.23576178808940448,0.5646918546645533
0.2357817890894545,0.8190902706569576
0.23580179008950447,0.7206352368812231
0.23582179108955448,0.06897203393629561
0.23584179208960449,0.7475592875307339
0.2358617930896545,0.8142153015578035
0.2358817940897045,0.489129759364285
0.2359017950897545,0.4546116436739449
0.23592179608980451,0.8115886516763862
0.2359417970898545,0.756364324125258
0.2359617980899045,0.08272577895312411
0.2359817990899545,0.7105092731173263
0.23600180009000452,0.8200268650647435
0.23602180109005452,0.5790353498928926
0.2360418020901045,0.33837721346140015
0.2360618030901545,0.8012614539332453
0.23608180409020452,0.7784901985867354
0.23610180509025452,0.1640938594663408
0.23612180609030453,0.6695539969142055
0.23614180709035454,0.8220477347616523
0.23616180809040455,0.6370596399714732
0.23618180909045453,0.23459667311340887
0.23620181009050453,0.7896409224393585
0.23622181109055454,0.7922715190105296
0.23624181209060455,0.25414450659392845
0.23626181309065453,0.6283431379394561
0.23628181409070453,0.8219197010203402
0.23630181509075454,0.6741302580640839
0.23632181609080455,0.15822280439196265
0.23634181709085456,0.778305416605286
0.23636181809090456,0.8007366527897151
0.23638181909095457,0.32592348496971585
0.23640182009100458,0.5914470605895885
0.23642182109105456,0.8208303012201424
0.23644182209110456,0.6971864558117971
0.23646182309115457,0.11234854458972324
0.23648182409120458,0.7688198685880933
0.23650182509125456,0.8056866091225737
0.23652182609130457,0.37371353559099474
0.23654182709135457,0.5634911642069869
0.23656182809140458,0.8196490014628592
0.2365818290914546,0.7102780341445797
0.2366018300915046,0.09021132873768464
0.2366218310915546,0.7625505966246833
0.23664183209160458,0.8081800860587123
0.2366618330916546,0.3986828248633404
0.2366818340917046,0.5481613300777783
0.2367018350917546,0.8189571494909678
0.2367218360918046,0.7155705130606974
0.2367418370918546,0.08328196888627053
0.2367618380919046,0.7604327822342279
0.2367818390919546,0.8087629463906882
0.2368018400920046,0.4025501961500328
0.23682184109205462,0.5474890843359518
0.23684184209210463,0.819036148656654
0.23686184309215463,0.7139128701934848
0.2368818440922046,0.08749280066370922
0.23690184509225462,0.7627835332671522
0.23692184609230463,0.8075671783099971
0.23694184709235463,0.3856661502417887
0.23696184809240461,0.5615388267412135
0.23698184909245462,0.8198537837899715
0.23700185009250463,0.7050587799853673
0.23702185109255464,0.10538182678814498
0.23704185209260464,0.7692356443101038
0.23706185309265465,0.8043339162177832
0.23708185409270466,0.3468054065413842
0.23710185509275467,0.5884069192983312
0.23712185609280464,0.8210680202087474
0.23714185709285465,0.687607620548205
0.23716185809290466,0.14473704738329418
0.23718185909295467,0.778818658368863
0.23720186009300465,0.7983730637348889
0.23722186109305465,0.28426625315989335
0.23724186209310466,0.624521459665999
0.23726186309315467,0.8220459647386346
0.23728186409320468,0.6586484800908563
0.23730186509325468,0.21334410608417992
0.2373218660933047,0.7901545642088733
0.23734186709335467,0.7884364648728657
0.23736186809340468,0.1999863844196747
0.23738186909345468,0.6653277104990456
0.2374018700935047,0.8218747499412974
0.2374218710935547,0.6130216045414327
0.23744187209360468,0.31093990365949037
0.23746187309365469,0.8016903248989377
0.2374818740937047,0.7724352135281676
0.2375018750937547,0.11041573087169029
0.2375218760938047,0.70626013124502
0.23754187709385471,0.8193218732566316
0.23756187809390472,0.5422050888958794
0.2375818790939547,0.4251472004738769
0.2376018800940047,0.811876400011
0.23762188109405472,0.7468498251707615
0.23764188209410472,0.06192850838397651
0.2376618830941547,0.7436168034551635
0.2376818840942047,0.8126781913773082
0.23770188509425472,0.4339462192521483
0.23772188609430472,0.5375029104236788
0.23774188709435473,0.8192184515297621
0.23776188809440474,0.7055251628973157
0.23778188909445475,0.11598507544127643
0.23780189009450475,0.7749582005591465
0.23782189109455473,0.7993648004552448
0.23784189209460474,0.2796792518363123
0.23786189309465475,0.6337530679624296
0.23788189409470475,0.8221532556505183
0.23790189509475473,0.6373235450509955
0.23792189609480474,0.2736178444730589
0.23794189709485475,0.7989574221419106
0.23796189809490476,0.775051608000137
0.23798189909495476,0.11359941175778454
0.23800190009500477,0.7082355219150636
0.23802190109505478,0.8186877665530891
0.23804190209510476,0.5226437823046043
0.23806190309515476,0.4584453041574271
0.23808190409520477,0.8148867277948519
0.23810190509525478,0.7317037624066862
0.2381219060953048,0.07302917879772966
0.23814190709535477,0.7615840423242306
0.23816190809540477,0.8056350122475757
0.23818190909545478,0.3371571355246903
0.2382019100955048,0.6079491111602622
0.2382219110955548,0.8219222189817569
0.2382419120956048,0.6533216679859275
0.2382619130956548,0.2465287856212336
0.2382819140957048,0.7968099420997271
0.2383019150957548,0.776962913121067
0.2383219160958048,0.11647140174746581
0.2383419170958548,0.709341348050976
0.2383619180959048,0.8182300145143667
0.2383819190959548,0.508816041300297
0.2384019200960048,0.4800245801085409
0.2384219210960548,0.8166255162971598
0.23844192209610482,0.7199393685042329
0.23846192309615483,0.09598046388589661
0.23848192409620483,0.7721783583818922
0.23850192509625484,0.7993884678822052
0.23852192609630482,0.26500046062833754
0.23854192709635483,0.647796742972237
0.23856192809640483,0.821939580545523
0.23858192909645484,0.606241446514109
0.23860193009650482,0.3489078872306979
0.23862193109655483,0.8074472782461982
0.23864193209660484,0.7547633929601592
0.23866193309665484,0.06297432962166845
0.23868193409670485,0.7459513529451707
0.23870193509675486,0.8103382860417414
0.23872193609680487,0.38294462522407435
0.23874193709685484,0.5878110727356256
0.23876193809690485,0.8215949945007176
0.23878193909695486,0.6581774401762103
0.23880194009700487,0.24737212645277562
0.23882194109705487,0.7981717588334598
0.23884194209710485,0.7726821288328442
0.23886194309715486,0.09307599265154778
0.23888194409720487,0.7241042413753096
0.23890194509725488,0.815289938157605
0.23892194609730488,0.4501866425893013
0.2389419470973549,0.5430695790369571
0.2389619480974049,0.8202007235591794
0.23898194909745488,0.6831356941583434
0.23900195009750488,0.19164732882649205
0.2390219510975549,0.7919638655485732
0.2390419520976049,0.7805324459463854
0.23906195309765488,0.1214171460488098
0.23908195409770489,0.7122764553964003
0.2391019550977549,0.8169887139040635
0.2391219560978049,0.47543185380079556
0.2391419570978549,0.524792751992737
0.23916195809790491,0.8195222093929507
0.23918195909795492,0.6894748261996245
0.2392019600980049,0.17978621107655093
0.2392219610980549,0.7908621811868515
0.23924196209810492,0.7810887131161407
0.23926196309815492,0.12108100447665932
0.23928196409820493,0.7137587373177103
0.2393019650982549,0.8165090524937383
0.23932196609830492,0.4641157691429403
0.23934196709835492,0.5375630884970508
0.23936196809840493,0.8201480069525943
0.23938196909845494,0.6792580888380788
0.23940197009850495,0.20949238894169048
0.23942197109855495,0.7952071488767193
0.23944197209860493,0.774572050994173
0.23946197309865494,0.0924295801942121
0.23948197409870495,0.7280819003932838
0.23950197509875495,0.8135766862714501
0.23952197609880493,0.41388265224773996
0.23954197709885494,0.5780380627883801
0.23956197809890495,0.8214605648747464
0.23958197909895496,0.6493066688577064
0.23960198009900496,0.2846638925287506
0.23962198109905497,0.8035379221554556
0.23964198209910498,0.758768250807768
0.23966198309915498,0.0630531288288031
0.23968198409920496,0.7512410526578336
0.23970198509925497,0.8065108377705358
0.23972198609930498,0.3162646521229147
0.239741987099355,0.6359160476524304
0.23976198809940497,0.8216869318615332
0.23978198909945497,0.5896869238440601
0.23980199009950498,0.40111108727644085
0.239821991099555,0.8130551501589772
0.239841992099605,0.7279402159971627
0.239861993099655,0.09734969367166907
0.239881994099705,0.7773826263649455
0.239901995099755,0.7917162555491609
0.239921996099805,0.17313189283407682
0.239941997099855,0.6976505216822576
0.239961998099905,0.8178684812521531
0.23998199909995502,0.4798882683612866
0.240002000100005,0.5338152755929335
0.240022001100055,0.8202442427048395
0.240042002100105,0.6695348904865281
0.24006200310015502,0.24731731984259997
0.24008200410020503,0.8007941057097654
0.24010200510025503,0.7620654419869195
0.24012200610030504,0.06401469520877145
0.24014200710035502,0.7518161879208803
0.24016200810040503,0.8052533379830079
0.24018200910045504,0.2928279579283963
0.24020201010050504,0.6513509531650721
0.24022201110055502,0.8210103209512283
0.24024201210060503,0.5564034216337217
0.24026201310065504,0.4569972727668038
0.24028201410070504,0.8168754849344108
0.24030201510075505,0.7022453484244254
0.24032201610080506,0.1682009067769476
0.24034201710085507,0.7920487022252346
0.24036201810090507,0.7749961313301984
0.24038201910095505,0.08443205064194272
0.24040202010100506,0.7374364214789768
0.24042202110105507,0.8095736225501637
0.24044202210110507,0.3412849419797485
0.24046202310115505,0.630941346951106
0.24048202410120506,0.8214513547433946
0.24050202510125507,0.5763863618820109
0.24052202610130508,0.43460458424396486
0.24054202710135508,0.81583707168605
0.2405620281014051,0.7070138036125128
0.2405820291014551,0.16023951976423909
0.24060203010150508,0.7915418425867891
0.24062203110155508,0.7745422287575839
0.2406420321016051,0.0809310587400372
0.2406620331016551,0.7407428757691792
0.2406820341017051,0.8080374391095089
0.24070203510175509,0.31667926624367737
0.2407220361018051,0.6454196690446579
0.2407420371018551,0.8208920772438707
0.2407620381019051,0.5495803997121164
0.24078203910195511,0.4744085818201393
0.24080204010200512,0.8180913449664228
0.24082204110205513,0.6865675790270096
0.2408420421021051,0.22010443040729483
0.24086204310215512,0.7994875646836739
0.24088204410220512,0.7605298416542986
0.24090204510225513,0.06265107571811408
0.2409220461023051,0.7601057812330915
0.24094204710235512,0.7995387446357155
0.24096204810240512,0.21871252642717648
0.24098204910245513,0.6881460464797384
0.24100205010250514,0.817706029806685
0.24102205110255515,0.463601489420674
0.24104205210260515,0.5617319920560275
0.24106205310265516,0.8211665612098472
0.24108205410270514,0.6296476687711596
0.24110205510275515,0.3567144502686661
0.24112205610280515,0.8115170566120093
0.24114205710285516,0.7247096358522916
0.24116205810290514,0.12295473922026344
0.24118205910295515,0.786891925988637
0.24120206010300516,0.777850575358549
0.24122206110305516,0.08519149448009662
0.24124206210310517,0.7414367133751891
0.24126206310315518,0.8065452506899567
0.24128206410320518,0.28780134039048355
0.24130206510325516,0.6634263638465827
0.24132206610330517,0.8194980222181076
0.24134206710335518,0.5020609446867947
0.2413620681034052,0.533611180727525
0.2413820691034552,0.8205237128951656
0.24140207010350517,0.6429913716555717
0.24142207110355518,0.33606882915378994
0.2414420721036052,0.8104466800434553
0.2414620731036552,0.7266328168729829
0.2414820741037052,0.12273987654268204
0.2415020751037552,0.7876590754462287
0.24152207610380522,0.7755649493508432
0.2415420771038552,0.07663444403728262
0.2415620781039052,0.7477552254253291
0.2415820791039552,0.8034629827495473
0.24160208010400522,0.24681417454734855
0.2416220811040552,0.6823880269154637
0.2416420821041052,0.8175379643691689
0.2416620831041552,0.4526402600927155
0.24168208410420522,0.5780673976293813
0.24170208510425523,0.8212846997330991
0.24172208610430523,0.6008011859254443
0.24174208710435524,0.4198239279287679
0.24176208810440525,0.8159430998139391
0.24178208910445523,0.6942274312801515
0.24180209010450524,0.21848471992898155
0.24182209110455524,0.8010839375794448
0.24184209210460525,0.7518024755976513
0.24186209310465523,0.07258129171757532
0.24188209410470524,0.7746349914839872
0.24190209510475524,0.7870477695522802
0.24192209610480525,0.11411806983743836
0.24194209710485526,0.7324730960460896
0.24196209810490527,0.8078274539492296
0.24198209910495527,0.29168839399727
0.24200210010500525,0.6676997427339009
0.24202210110505526,0.8184548383274647
0.24204210210510527,0.4694656609301805
0.24206210310515527,0.5702879101341303
0.24208210410520528,0.8211334720966779
0.24210210510525526,0.598426327759671
0.24212210610530527,0.4303168746253783
0.24214210710535528,0.8167193039085845
0.24216210810540528,0.6837742814937126
0.2421821091054553,0.2543685483017269
0.2422021101055053,0.8050573437781245
0.2422221111055553,0.7392904745025204
0.24224211210560528,0.10096660616708418
0.2422621131056553,0.7850494596293452
0.2422821141057053,0.7753402771322438
0.2423021151057553,0.07165892223942291
0.24232211610580529,0.7545264493858292
0.2423421171058553,0.798410556227949
0.2423621181059053,0.18466700274137782
0.2423821191059553,0.7099737456429727
0.24240212010600531,0.8123678075877585
0.24242212110605532,0.3491579826349463
0.24244212210610533,0.6462533368756647
0.2424621231061553,0.81945649661631
0.24248212410620532,0.4931522655024002
0.24250212510625532,0.5568748502108957
0.24252212610630533,0.8209016393185875
0.24254212710635534,0.5993208842385259
0.24256212810640532,0.43654792887853294
0.24258212910645532,0.8172413073744267
0.24260213010650533,0.6734763235028639
0.24262213110655534,0.28973823980419855
0.24264213210660535,0.808494063939107
0.24266213310665535,0.7247223794081638
0.24268213410670536,0.1467102501780416
0.24270213510675534,0.7942233188846385
0.24272213610680535,0.7601834673340359
0.24274213710685535,0.0671210080525264
0.24276213810690536,0.7735326666185436
0.24278213910695534,0.7846729141671016
0.24280214010700535,0.0940150590807963
0.24282214110705536,0.7450146132776844
0.24284214210710536,0.8013103196885617
0.24286214310715537,0.20352881358039598
0.24288214410720538,0.7066816734576269
0.24290214510725538,0.8120965518252323
0.2429221461073054,0.3376260190976631
0.24294214710735537,0.6559459673478761
0.24296214810740538,0.8183071330429361
0.2429821491074554,0.458036975596808
0.2430021501075054,0.589810134172391
0.24302215110755537,0.8207400060800651
0.24304215210760538,0.553350791901568
0.2430621531076554,0.5056282546659109
0.2430821541077054,0.8198676504646003
0.2431021551077554,0.6251849731571837
0.2431221561078054,0.40306128334885094
0.24314215710785542,0.8159296486436565
0.2431621581079054,0.6785299772276732
0.2431821591079554,0.2877801783022423
0.2432021601080054,0.8089885555074018
0.24322216110805542,0.7181248940452915
0.24324216210810543,0.1757941985531157
0.2432621631081554,0.7989631779209705
0.2432821641082054,0.7476296368791625
0.24330216510825542,0.09308222955221802
0.24332216610830543,0.785648282282036
0.24334216710835543,0.7696854702670495
0.24336216810840544,0.06397020057573691
0.24338216910845545,0.7687271521383398
0.24340217010850543,0.7861589444870195
0.24342217110855544,0.09416652332153039
0.24344217210860544,0.7477825506332523
0.24346217310865545,0.7983671236820005
0.24348217410870543,0.16744701001927723
0.24350217510875544,0.7223120991046434
0.24352217610880544,0.8072460706076966
0.24354217710885545,0.2594436391721107
0.24356217810890546,0.6917556264122287
0.24358217910895547,0.8134686097264203
0.24360218010900547,0.3513086518826425
0.24362218110905548,0.6555443296383782
0.24364218210910546,0.8175249063563554
0.24366218310915547,0.43336955915799913
0.24368218410920547,0.6131837390284478
0.24370218510925548,0.8197775546576626
0.24372218610930546,0.5026268919869306
0.24374218710935547,0.5643824655888985
0.24376218810940548,0.820499605559571
0.24378218910945548,0.5594791457773465
0.2438021901095055,0.5092327176555956
0.2438221911095555,0.8199012417176887
0.2438421921096055,0.6055971381336583
0.24386219310965548,0.44843124728499906
0.2438821941097055,0.8181488700555829
0.2439021951097555,0.6428844495127443
0.2439221961098055,0.3834967607804266
0.2439421971098555,0.8153791002382391
0.2439621981099055,0.6730671787842252
0.2439821991099555,0.3168968670454873
0.2440022001100055,0.8117092166864307
0.24402220111005551,0.6975792129245632
0.24404220211010552,0.2519681065350374
0.24406220311015553,0.8072451821703528
0.24408220411020554,0.7175664388298035
0.24410220511025552,0.19253843259174258
0.24412220611030552,0.8020878303387469
0.24414220711035553,0.73392960888666
0.24416220811040554,0.14227277616218462
0.24418220911045552,0.7963376472447811
0.24420221011050552,0.7473732202304193
0.24422221111055553,0.10392450065408937
0.24424221211060554,0.7900983677493371
0.24426221311065555,0.7584489372233
0.24428221411070555,0.07877656670481843
0.24430221511075556,0.7834794975892468
0.24432221611080557,0.7675907503606239
0.24434221711085555,0.06649326306861242
0.24436221811090555,0.7765978021805093
0.24438221911095556,0.7751422579931238
0.24440222011100557,0.06540190858218733
0.24442222111105555,0.7695777705353948
0.24444222211110556,0.7813773991488048
0.24446222311115556,0.07303105153058902
0.24448222411120557,0.7625510614560367
0.24450222511125558,0.7865160501905889
0.24452222611130559,0.0866715869137043
0.2445422271113556,0.7556549638089043
0.24456222811140557,0.7907357021410303
0.24458222911145558,0.1037973007243079
0.2446022301115056,0.7490299463014016
0.2446222311115556,0.7941801842691826
0.2446422321116056,0.12229414914415775
0.24466223311165558,0.7428164266413477
0.2446822341117056,0.7969661715954224
0.2447022351117556,0.1405286029771984
0.2447222361118056,0.737150945429132
0.2447422371118556,0.7991880296880135
0.24476223811190562,0.15731502494100244
0.24478223911195562,0.7321619772005782
0.2448022401120056,0.800921408387528
0.2448222411120556,0.17183672671087818
0.24484224211210562,0.7279656420831019
0.24486224311215563,0.8022258894009185
0.2448822441122056,0.1835572727106224
0.2449022451122556,0.7246615915868655
0.24492224611230562,0.8031469127214271
0.24494224711235563,0.19214139505139663
0.24496224811240563,0.7223293302434254
0.24498224911245564,0.8037171464297813
0.24500225011250565,0.19739324827358337
0.24502225111255566,0.7210252036040987
0.24504225211260564,0.8039574178522474
0.24506225311265564,0.1992135067474819
0.24508225411270565,0.7207802368031753
0.24510225511275566,0.8038772870090408
0.24512225611280564,0.19757432711922232
0.24514225711285564,0.7215989522502921
0.24516225811290565,0.8034753125038592
0.24518225911295566,0.19251085798515882
0.24520226011300567,0.7234592341935729
0.24522226111305567,0.8027390330400538
0.24524226211310568,0.18412866016769133
0.24526226311315566,0.7263132453694362
0.24528226411320567,0.8016446624323325
0.24530226511325567,0.1726273711079085
0.24532226611330568,0.7300893389600316
0.2453422671133557,0.8001564708498483
0.24536226811340567,0.15834162467842144
0.24538226911345568,0.7346948494311278
0.24540227011350568,0.7982257978795625
0.2454222711135557,0.14179993136439753
0.2454422721136057,0.7400195909561492
0.2454622731136557,0.7957896122272234
0.2454822741137057,0.12379989635866827
0.2455022751137557,0.745939846155682
0.2455222761138057,0.7927684956975358
0.2455422771138557,0.10549235463934759
0.2455622781139057,0.7523225949550417
0.2455822791139557,0.7890638824540391
0.2456022801140057,0.08845624546074085
0.2456222811140557,0.7590297182245165
0.24564228211410571,0.7845543241935778
0.24566228311415572,0.07473024276002736
0.24568228411420573,0.7659219161988997
0.24570228511425574,0.7790904724763444
0.24572228611430572,0.06675056230029419
0.24574228711435572,0.7728621072878157
0.24576228811440573,0.7724883644429794
0.24578228911445574,0.06713921390491899
0.24580229011450574,0.7797181155065226
0.24582229111455572,0.7645204609103964
0.24584229211460573,0.07831317292202665
0.24586229311465574,0.7863645074967089
0.24588229411470575,0.7549037116192555
0.24590229511475575,0.10195770345027183
0.24592229611480576,0.7926834946215796
0.24594229711485577,0.7432837164560412
0.24596229811490575,0.13851031921070578
0.24598229911495575,0.7985648627940245
0.24600230011500576,0.7292138457659111
0.24602230111505577,0.18687051919153913
0.24604230211510575,0.8039049243358422
0.24606230311515576,0.7121280797916403
0.24608230411520576,0.24450432102895853
0.24610230511525577,0.808604495846785
0.24612230611530578,0.691306597265041
0.24614230711535579,0.30794220529777805
0.2461623081154058,0.8125658885598673
0.2461823091154558,0.665834449132245
0.24620231011550578,0.37347935218469497
0.2462223111155558,0.8156888487731918
0.2462423121156058,0.6345575412082656
0.2462623131156558,0.4378141716689833
0.24628231411570578,0.8178652999913696
0.2463023151157558,0.5960500698677997
0.2463223161158058,0.4984409153976911
0.2463423171158558,0.8189726064794409
0.2463623181159058,0.5486307542010783
0.24638231911595582,0.5537600397732018
0.24640232011600582,0.8188648842215364
0.2464223211160558,0.4905152387084304
0.2464423221161058,0.6029808458052169
0.24646232311615582,0.8173616029366317
0.24648232411620583,0.42028773011566567
0.24650232511625583,0.6459243567345329
0.2465223261163058,0.8142323078911062
0.24654232711635582,0.3380161673586668
0.24656232811640583,0.6828123483174032
0.24658232911645583,0.8091756737159701
0.24660233011650584,0.247396953664608
0.24662233111655585,0.7140892947012608
0.24664233211660586,0.8017901815877626
0.24666233311665584,0.15879319130514877
0.24668233411670584,0.7402920041213377
0.24670233511675585,0.791532347672038
0.24672233611680586,0.09100769736463789
0.24674233711685584,0.761963561218335
0.24676233811690584,0.7776564835878406
0.24678233911695585,0.06677815923998821
0.24680234011700586,0.779601135481202
0.24682234111705587,0.7591274562353338
0.24684234211710587,0.0996435329666999
0.24686234311715588,0.7936264175467782
0.2468823441172059,0.7344955953717506
0.24690234511725587,0.18246420465569252
0.24692234611730587,0.8043691770057795
0.24694234711735588,0.7017241891374332
0.2469623481174059,0.29190981241141556
0.24698234911745587,0.8120565925576363
0.24700235011750588,0.6579768659452914
0.24702235111755588,0.40394702391839743
0.2470423521176059,0.8168026365839464
0.2470623531176559,0.5994419752537709
0.2470823541177059,0.5038330994361339
0.2471023551177559,0.8185925362242452
0.2471223561178059,0.5214985326993279
0.2471423571178559,0.5862513782169573
0.2471623581179059,0.8172569984152657
0.2471823591179559,0.42014745209628723
0.24720236011800592,0.6514201312950477
0.2472223611180559,0.8124292229280136
0.2472423621181059,0.29683917972584634
0.24726236311815591,0.701747772393238
0.24728236411820592,0.8034742488948012
0.24730236511825593,0.1690444325612881
0.24732236611830594,0.7400273591901146
0.24734236711835594,0.7893741062717495
0.24736236811840592,0.08011768783158857
0.24738236911845593,0.7687082405151525
0.24740237011850594,0.7685428355660702
0.24742237111855594,0.08077914476342381
0.24744237211860592,0.7896973201728756
0.24746237311865593,0.7385341340224091
0.24748237411870594,0.1768269374809579
0.24750237511875595,0.8043652747308488
0.24752237611880595,0.6956043194677433
0.24754237711885596,0.319510964424347
0.24756237811890597,0.8136057439507917
0.24758237911895598,0.6341669816931905
0.24760238011900595,0.457960587657422
0.24762238111905596,0.8178840650988574
0.24764238211910597,0.5465678348611621
0.24766238311915598,0.5697134013511047
0.24768238411920596,0.8172480345118444
0.24770238511925596,0.4250977860090341
0.24772238611930597,0.6528098086096188
0.24774238711935598,0.8112816703507589
0.24776238811940599,0.27205680369206964
0.247782389119456,0.7124541878443581
0.247802390119506,0.798975774042479
0.24782239111955598,0.12494392643072363
0.247842392119606,0.7544832626182787
0.247862393119656,0.778469252497999
0.247882394119706,0.06858252248285321
0.247902395119756,0.7834714818853249
0.247922396119806,0.7465839055443556
0.247942397119856,0.1541739087104351
0.247962398119906,0.802559294114514
0.247982399119956,0.6980542765388184
0.24800240012000602,0.3199414816681401
0.24802240112005602,0.8136947141250399
0.24804240212010603,0.6244877572369414
0.248062403120156,0.4800934671577981
0.24808240412020602,0.817863937029667
0.24810240512025603,0.5140862236271404
0.24812240612030603,0.6014372820346383
0.248142407120356,0.815198178733435
0.24816240812040602,0.35755287486727055
0.24818240912045603,0.6854403105744598
0.24820241012050603,0.8049101078264559
0.24822241112055604,0.17636867727035072
0.24824241212060605,0.7416855125371421
0.24826241312065606,0.7849974129255527
0.24828241412070606,0.06959359566084926
0.24830241512075604,0.778522782242795
0.24832241612080605,0.7516201622020332
0.24834241712085606,0.1412537703575536
0.24836241812090606,0.8015470707838045
0.24838241912095604,0.6979142662003471
0.24840242012100605,0.3269293703952234
0.24842242112105606,0.8140611144732004
0.24844242212110607,0.6122875153099012
0.24846242312115607,0.5035473170146608
0.24848242412120608,0.8176438805157387
0.2485024251212561,0.47831907810480784
0.24852242612130607,0.6294699412207799
0.24854242712135607,0.8124274986214649
0.24856242812140608,0.28890751319565683
0.2485824291214561,0.7113291823818263
0.2486024301215061,0.7970016442754199
0.24862243112155608,0.10587446175283352
0.24864243212160608,0.7629326771830693
0.2486624331216561,0.7678267386698493
0.2486824341217061,0.0918292922282403
0.2487024351217561,0.7943527469021813
0.2487224361218061,0.7178914333833423
0.24874243712185612,0.2699481215645387
0.2487624381219061,0.8115365066372395
0.2487824391219561,0.6343725945086851
0.2488024401220061,0.47403261502786775
0.24882244112205612,0.8174368973158368
0.2488424421221061,0.4971171352597996
0.2488624431221561,0.6202060400952817
0.24888244412220611,0.8127354342255351
0.24890244512225612,0.2934657458226567
0.24892244612230613,0.7116462014431806
0.24894244712235614,0.7958953428510527
0.24896244812240614,0.09759768084435838
0.24898244912245615,0.7666758390531447
0.24900245012250613,0.7623911057666438
0.24902245112255614,0.11155387091235267
0.24904245212260614,0.7983873463074801
0.24906245312265615,0.7027115864962529
0.24908245412270613,0.3238803374736559
0.24910245512275614,0.814027436512307
0.24912245612280615,0.5989176632725919
0.24914245712285615,0.5296104523294088
0.24916245812290616,0.8167873352382179
0.24918245912295617,0.4250307926824826
0.24920246012300618,0.6634224461986681
0.24922246112305615,0.8067682622980525
0.24924246212310616,0.1896608250047973
0.24926246312315617,0.7421633563053157
0.24928246412320618,0.7807825579811044
0.24930246512325618,0.0704572545232048
0.24932246612330616,0.7868310354944572
0.24934246712335617,0.7306633231440112
0.24936246812340618,0.23474568838817766
0.24938246912345619,0.8098381100277815
0.2494024701235062,0.6394353429582809
0.2494224711235562,0.4736857242327257
0.2494424721236062,0.8170559427823376
0.2494624731236562,0.47788363698818065
0.2494824741237062,0.6374081091145578
0.2495024751237562,0.8098816328066515
0.2495224761238062,0.23429429746768382
0.2495424771238562,0.7315251461578898
0.2495624781239062,0.7855928840642031
0.2495824791239562,0.06963035211672672
0.2496024801240062,0.7832071333494833
0.24962248112405622,0.7356516242231106
0.24964248212410622,0.2203766520790335
0.24966248312415623,0.8090885273084636
0.2496824841242062,0.6411216560421409
0.24970248512425622,0.47443159128962165
0.24972248612430623,0.8168648854695483
0.24974248712435623,0.4680668061347772
0.24976248812440624,0.6451961470916731
0.24978248912445622,0.8083402187725272
0.24980249012450623,0.20749735132490763
0.24982249112455623,0.7396878414406286
0.24984249212460624,0.78001433043851
0.24986249312465625,0.07303199435452638
0.24988249412470626,0.7893834691696898
0.24990249512475626,0.7206962077529353
0.24992249612480624,0.27923349676690556
0.24994249712485625,0.8122753429480136
0.24996249812490626,0.6051570013341381
0.24998249912495626,0.5312259305678967
0.25000250012500624,0.8159048905405895
0.25002250112505625,0.39247570907610346
0.25004250212510626,0.6829814193132702
0.25006250312515627,0.8008626549923855
0.2500825041252063,0.12206792789697095
0.2501025051252563,0.762615002601645
0.2501225061253063,0.7606929943204472
0.2501425071253563,0.12968367190549682
0.2501625081254063,0.8018431290043837
0.25018250912545625,0.6773395222776986
0.2502025101255063,0.4084003649767961
0.25022251112555627,0.8160846545399533
0.2502425121256063,0.5124214093341113
0.2502625131256563,0.6213408472991384
0.2502825141257063,0.8102145690596758
0.2503025151257563,0.23569982478943177
0.2503225161258063,0.7343067849916254
0.2503425171258563,0.781109285341286
0.2503625181259063,0.07338519269210603
0.2503825191259563,0.7900245923966981
0.25040252012600633,0.7149423789848728
0.25042252112605634,0.3064229832646863
0.2504425221261063,0.8133942852676463
0.2504625231261563,0.5779845319355872
0.2504825241262063,0.5677408363051838
0.2505025251262563,0.8138930634741971
0.2505225261263063,0.3205819669442339
0.25054252712635633,0.7111251198670245
0.25056252812640634,0.7909498306729085
0.25058252912645634,0.0746794727332053
0.25060253012650635,0.7807785862645216
0.25062253112655636,0.7328856653226626
0.25064253212660637,0.24596135900286215
0.2506625331266563,0.8108111300029098
0.2506825341267063,0.607888068901779
0.25070253512675633,0.5355806723750065
0.25072253612680634,0.8149521035335977
0.25074253712685635,0.35965590936622494
0.25076253812690635,0.6992738958642115
0.25078253912695636,0.7943316937664849
0.25080254012700637,0.08286849307193044
0.2508225411270564,0.7770826465953251
0.2508425421271064,0.7376390559623842
0.2508625431271564,0.23083667897847704
0.25088254412720634,0.8100664167116955
0.2509025451272564,0.6115462018124207
0.25092254612730636,0.5331981549072377
0.25094254712735636,0.814761147865493
0.25096254812740637,0.35462838178178807
0.2509825491274564,0.7021225759928751
0.2510025501275064,0.7927028008901942
0.2510225511275564,0.077654500143684
0.2510425521276064,0.7800930548582069
0.2510625531276564,0.7308848553668611
0.2510825541277064,0.26003766607242496
0.2511025551277564,0.8115188792047849
0.25112255612780643,0.5902290986419231
0.2511425571278564,0.5610668848690249
0.2511625581279064,0.8132918769529824
0.2511825591279564,0.3053112364155913
0.2512025601280064,0.7187406260580042
0.2512225611280564,0.785484634161573
0.2512425621281064,0.07168066044495154
0.2512625631281564,0.7887459177897846
0.25128256412820643,0.7104503652753915
0.25130256512825644,0.3340246544689199
0.25132256612830645,0.8141102052751897
0.25134256712835645,0.5375461856307042
0.2513625681284064,0.611746528808808
0.2513825691284564,0.8091219840479299
0.2514025701285064,0.21178753974209324
0.2514225711285564,0.7443414051247937
0.25144257212860643,0.7698456307958125
0.25146257312865644,0.10932192952871984
0.25148257412870645,0.8001460333285495
0.25150257512875646,0.6691757383777346
0.25152257612880646,0.4442905969683919
0.25154257712885647,0.8155030923068899
0.2515625781289065,0.43818790399905905
0.25158257912895643,0.6723649595927076
0.2516025801290065,0.7991521498040246
0.25162258112905644,0.10221973775767605
0.25164258212910645,0.772318477528895
0.25166258312915646,0.7393639283861673
0.25168258412920647,0.23568794706899449
0.2517025851292565,0.8104079974058882
0.2517225861293065,0.5910343196499832
0.2517425871293565,0.5658895390148009
0.2517625881294065,0.8121038796979221
0.2517825891294565,0.2745480656361129
0.2518025901295065,0.7297784412309145
0.2518225911295565,0.7775240709524257
0.25184259212960647,0.08783151369631571
0.2518625931296565,0.79645981609172
0.2518825941297065,0.6801854584608306
0.2519025951297565,0.4247167647071953
0.2519225961298065,0.8151777329375505
0.2519425971298565,0.44485769943223075
0.2519625981299065,0.6714903684979106
0.2519825991299565,0.7982869054493297
0.2520026001300065,0.09594040817025845
0.25202260113005653,0.7751300324379268
0.25204260213010654,0.7322487727690659
0.2520626031301565,0.2689479522728315
0.2520826041302065,0.8118313968106788
0.2521026051302565,0.5615817318171934
0.2521226061303065,0.598071036491853
0.2521426071303565,0.8089906572110368
0.25216260813040653,0.20764889558663568
0.25218260913045654,0.7477886265174551
0.25220261013050654,0.7633516069586288
0.25222261113055655,0.14196837399638018
0.25224261213060656,0.8042898295302494
0.25226261313065657,0.6354942945350924
0.2522826141307065,0.5137999583766792
0.2523026151307565,0.813652564799177
0.25232261613080653,0.32958022776679086
0.25234261713085654,0.7163608009125163
0.25236261813090655,0.7821815463061382
0.25238261913095655,0.07960078662724557
0.25240262013100656,0.7943418046427285
0.25242262113105657,0.6819502175502667
0.2524426221311066,0.4274338444664311
0.2524626231311566,0.814733947053999
0.2524826241312066,0.4240987534689633
0.2525026251312566,0.683662194656145
0.2525226261313066,0.7935342572362245
0.25254262713135656,0.07750938395757011
0.25256262813140656,0.783677214732662
0.25258262913145657,0.7111201652593241
0.2526026301315066,0.3501081071853182
0.2526226311315566,0.8139149059721724
0.2526426321316066,0.48852327962780573
0.2526626331316566,0.6533134117474992
0.2526826341317066,0.8001915039235753
0.2527026351317566,0.10502014932804735
0.2527226361318066,0.7739538066550672
0.25274263713185663,0.7289751077957343
0.2527626381319066,0.2910127550253638
0.2527826391319566,0.8124184734428589
0.2528026401320066,0.528625515444344
0.2528226411320566,0.6292039519533958
0.2528426421321066,0.8038203486714707
0.2528626431321566,0.13474397163429905
0.2528826441322066,0.7666818802481751
0.25290264513225663,0.7388956457823742
0.25292264613230664,0.2545224393125263
0.25294264713235665,0.8111186664201369
0.25296264813240665,0.5496594319720768
0.2529826491324566,0.6146914866079396
0.2530026501325066,0.805393812323673
0.2530226511325566,0.15203075556273324
0.2530426521326066,0.7630107071229276
0.25306265313265663,0.7426602650918938
0.25308265413270664,0.2411306498416376
0.25310265513275665,0.810549413974681
0.25312265613280666,0.5546544233019126
0.25314265713285666,0.6118599629584998
0.25316265813290667,0.8053805600734096
0.2531826591329567,0.15151320581663044
0.2532026601330067,0.7635164564509506
0.2532226611330567,0.7409414439954825
0.25324266213310664,0.2503592346074587
0.25326266313315665,0.8108836848411299
0.25328266413320666,0.5443910195110292
0.25330266513325667,0.6210790643666042
0.2533226661333067,0.8038193178619988
0.2533426671333567,0.13346206340863445
0.2533626681334067,0.7680845296366784
0.2533826691334567,0.733485835432887
0.2534026701335067,0.2823903589417426
0.2534226711335567,0.8119235381535466
0.2534426721336067,0.5174810174829696
0.25346267313365667,0.6409388905878992
0.2534826741337067,0.8003260045416591
0.2535026751337567,0.10385548574960513
0.2535226761338067,0.77593692073014
0.2535426771338567,0.7190540229706284
0.2535626781339067,0.33694961696943576
0.2535826791339567,0.8131142251461545
0.2536026801340067,0.47031808979957973
0.2536226811340567,0.6685558024940066
0.25364268213410673,0.7940380862153028
0.25366268313415674,0.07796563286579597
0.2536826841342067,0.7857922405232354
0.2537026851342567,0.6950974539443912
0.2537226861343067,0.41051805234171257
0.2537426871343567,0.8135670328360788
0.2537626881344067,0.3974261487273174
0.25378268913445673,0.700207141770995
0.25380269013450674,0.783459899760823
0.25382269113455674,0.08309512336372943
0.25384269213460675,0.7960891461191105
0.25386269313465676,0.6570548177594031
0.25388269413470677,0.4948790924208974
0.2539026951347568,0.8120493222632865
0.2539226961348068,0.2945583760298033
0.25394269713485673,0.732127026018013
0.25396269813490674,0.7661156063282719
0.25398269913495675,0.1480517435351223
0.25400270013500675,0.8051761655491102
0.25402270113505676,0.5971056201739386
0.25404270213510677,0.579247377557574
0.2540627031351568,0.8068736976079472
0.2540827041352068,0.17153942286321633
0.2541027051352568,0.761165696441611
0.2541227061353068,0.737811773464313
0.2541427071353568,0.2747088597722467
0.25416270813540676,0.8113771864487774
0.25418270913545676,0.5027147551916072
0.25420271013550677,0.6544221687930186
0.2542227111355568,0.7955733880769742
0.2542427121356068,0.08132919113160855
0.2542627131356568,0.7850633938468278
0.2542827141357068,0.6911135755992845
0.2543027151357568,0.42749451764984053
0.2543227161358068,0.8128592986944126
0.2543427171358568,0.3591963169169665
0.25436271813590683,0.7153497448740281
0.2543827191359568,0.7741401137847316
0.2544027201360068,0.11730440985801964
0.2544227211360568,0.8022909161660584
0.2544427221361068,0.6124396764277692
0.2544627231361568,0.5653770857442143
0.2544827241362068,0.8072097250514867
0.2545027251362568,0.17764691775950864
0.25452272613630683,0.7608052857620676
0.25454272713635684,0.7353203129219001
0.25456272813640685,0.28993482671962795
0.25458272913645685,0.8115530628790084
0.2546027301365068,0.4787284970357142
0.25462273113655687,0.669651447944756
0.2546427321366068,0.790494434298877
0.2546627331366568,0.0758943525234714
0.25468273413670683,0.7915781658605512
0.25470273513675684,0.6648861866107283
0.25472273613680685,0.4890006939192169
0.25474273713685686,0.8109968668996567
0.25476273813690686,0.2712524331598847
0.25478273913695687,0.7405417106315049
0.2548027401370069,0.7551657232076305
0.2548227411370569,0.2071929301512609
0.2548427421371069,0.8086493318431258
0.25486274313715684,0.5349909205037553
0.25488274413720685,0.638158917034064
0.25490274513725686,0.7968794567786129
0.25492274613730687,0.08508574719877074
0.2549427471373569,0.7845797941406243
0.2549627481374069,0.6851919927278286
0.2549827491374569,0.44920224273078324
0.2550027501375069,0.8116970550845608
0.2550227511375569,0.31024525329488073
0.2550427521376069,0.7315856081422024
0.2550627531376569,0.7607656392483394
0.25508275413770687,0.18379394859593906
0.2551027551377569,0.8074202513667534
0.2551227561378069,0.5460640518167477
0.2551427571378569,0.6319482425330589
0.2551627581379069,0.7972781975323381
0.2551827591379569,0.08645017010744346
0.2552027601380069,0.7844633365468573
0.2552227611380569,0.6826559848643325
0.2552427621381069,0.4577013499909074
0.25526276313815693,0.8111470408523751
0.25528276413820694,0.2908536574544789
0.2553027651382569,0.7372856284295809
0.25532276613830696,0.7548948525298079
0.2553427671383569,0.21417456414682684
0.2553627681384069,0.8087664522254107
0.2553827691384569,0.516265768289219
0.25540277013850693,0.6531391550415104
0.25542277113855694,0.7921086483380892
0.25544277213860694,0.07709669643461425
0.25546277313865695,0.7911441748828307
0.25548277413870696,0.6563910703016276
0.25550277513875697,0.5117117252254032
0.255522776138807,0.8087321803452795
0.255542777138857,0.2146606812290531
0.25556277813890693,0.7552723296451982
0.25558277913895694,0.7349893146488022
0.25560278013900695,0.3036635788192877
0.25562278113905695,0.811111605565086
0.25564278213910696,0.43556587063495883
0.25566278313915697,0.693807720070655
0.255682784139207,0.7784592239733034
0.255702785139257,0.10902695501167653
0.255722786139307,0.8013388169888416
0.255742787139357,0.5948726572011384
0.255762788139407,0.5944237803229243
0.25578278913945696,0.8012756223006419
0.25580279013950696,0.10842233741697602
0.25582279113955697,0.7787708516153201
0.255842792139607,0.6914172981308295
0.255862793139657,0.44359376534101513
0.255882794139707,0.8105880017666101
0.255902795139757,0.28521266701960424
0.255922796139807,0.7403832927475521
0.255942797139857,0.7484860792233972
0.255962798139907,0.2504545609584752
0.25598279913995703,0.8096890304561633
0.256002800140007,0.4699905156210415
0.25602280114005704,0.6805994031875652
0.256042802140107,0.7819891460781009
0.256062803140157,0.09798890464670933
0.256082804140207,0.799699164941764
0.256102805140257,0.6002562401038275
0.256122806140307,0.5914412231178123
0.25614280714035703,0.8007352446285271
0.25616280814040704,0.10462808098682314
0.25618280914045705,0.7802983621380332
0.25620281014050705,0.6835746339825937
0.25622281114055706,0.4654346260139656
0.25624281214060707,0.8094330881921583
0.256262813140657,0.24690587493989957
0.256282814140707,0.7500001109136318
0.25630281514075703,0.7362018447572469
0.25632281614080704,0.3069602270422187
0.25634281714085705,0.810553911893516
0.25636281814090706,0.40975263734636425
0.25638281914095706,0.7062465550481091
0.25640282014100707,0.7695094905474027
0.2564228211410571,0.1543186638457415
0.2564428221411071,0.805302573933088
0.2564628231411571,0.5374526741346103
0.25648282414120704,0.6455949940300408
0.25650282514125705,0.7903160275193154
0.25652282614130706,0.07981712785524865
0.25654282714135707,0.7941163847656906
0.2565628281414071,0.6266673431382607
0.2565828291414571,0.5644630097650477
0.2566028301415071,0.802624727639974
0.2566228311415571,0.12121010058940872
0.2566428321416071,0.776933208237918
0.2566628331416571,0.6873642410560808
0.2566828341417071,0.461260295109651
0.25670283514175707,0.8088200309165973
0.25672283614180713,0.23604132766547947
0.2567428371418571,0.753356812129244
0.2567628381419071,0.7287452817910894
0.2567828391419571,0.3407374773341595
0.2568028401420071,0.810357937294113
0.2568228411420571,0.3625512968552811
0.2568428421421071,0.7227943636836344
0.2568628431421571,0.7571624611605194
0.25688284414220713,0.21927774526982868
0.25690284514225714,0.8081564600820361
0.25692284614230715,0.4698506784289097
0.25694284714235716,0.6846186689268376
0.2569628481424071,0.7767247760416659
0.2569828491424571,0.1244552298008757
0.2570028501425071,0.8028232288143845
0.25702285114255713,0.5522639143440562
0.25704285214260714,0.6383948420680179
0.25706285314265714,0.7900841338810339
0.25708285414270715,0.08139692889828529
0.25710285514275716,0.7947958429992611
0.25712285614280717,0.613447383298613
0.2571428571428572,0.5841889413953636
0.2571628581429072,0.7989894346374568
0.25718285914295713,0.09490697907291443
0.25720286014300714,0.7844346998435348
0.25722286114305715,0.6585582448654467
0.25724286214310715,0.5229267888501199
0.25726286314315716,0.8046331330978814
0.25728286414320717,0.14845767146433084
0.2573028651432572,0.7720884046386169
0.2573228661433072,0.6919340993336354
0.2573428671433572,0.45668945887465034
0.2573628681434072,0.8078621706501157
0.2573828691434572,0.2193136989529086
0.25740287014350716,0.7581409216476113
0.2574228711435572,0.7167812263121826
0.25744287214360717,0.3887528150400348
0.2574628731436572,0.809306356200959
0.2574828741437072,0.29075269796132425
0.2575028751437572,0.7430433179665498
0.2575228761438072,0.7353778891180689
0.2575428771438572,0.323191326533756
0.2575628781439072,0.8094567801071172
0.2575828791439572,0.3543243221284856
0.25760288014400723,0.7273295533055013
0.25762288114405724,0.7493314400586589
0.25764288214410724,0.26405196133984266
0.2576628831441572,0.8087133193054046
0.2576828841442072,0.4072244859101066
0.2577028851442572,0.7116146819879372
0.2577228861443072,0.7597819832312303
0.2577428871443572,0.21439561373907506
0.25776288814440723,0.8074123772442566
0.25778288914445724,0.44945095033607796
0.25780289014450725,0.6965747972160592
0.25782289114455725,0.7675450345523382
0.25784289214460726,0.1756569411817272
0.25786289314465727,0.805841590090909
0.2578828941447072,0.4820509986167419
0.2579028951447572,0.6829105464805164
0.25792289614480723,0.7732069844412266
0.25794289714485724,0.14760674082174746
0.25796289814490725,0.8042458491697774
0.25798289914495726,0.5062705185507382
0.25800290014500726,0.6712990729520627
0.25802290114505727,0.7771876963831427
0.2580429021451073,0.1288452746447025
0.2580629031451573,0.8028277342427433
0.2580829041452073,0.5232041213135512
0.25810290514525724,0.6623415169622677
0.2581229061453073,0.7797809811649682
0.25814290714535726,0.11751720534807697
0.25816290814540727,0.8017447738043344
0.2581829091454573,0.5336774884953883
0.2582029101455073,0.6565137946593256
0.2582229111455573,0.7811802268889094
0.2582429121456073,0.11195409468149602
0.2582629131456573,0.801105510043209
0.2582829141457073,0.5382227456754928
0.2583029151457573,0.6541271612993989
0.2583229161458073,0.7814938806132096
0.25834291714585733,0.11110559075255518
0.2583629181459073,0.8009659483703641
0.2583829191459573,0.537083068718964
0.2584029201460073,0.6553028301265847
0.2584229211460573,0.7807536474968456
0.2584429221461073,0.11475226850705081
0.2584629231461573,0.8013275152387056
0.2584829241462073,0.5302337873857896
0.25850292514625733,0.6599911623365162
0.25852292614630734,0.7789630349862117
0.25854292714635735,0.12346077803403449
0.25856292814640736,0.8022085651346139
0.2585829291464573,0.5174410684618681
0.2586029301465073,0.6679537743370941
0.2586229311465573,0.7759999061532541
0.25864293214660733,0.13865604894739092
0.25866293314665734,0.8034379743351819
0.25868293414670734,0.4980002355386438
0.25870293514675735,0.6786913072965045
0.25872293614680736,0.7716178335949575
0.25874293714685737,0.1621381082534191
0.2587629381469074,0.8048554252644597
0.2587829391469574,0.4710302466097677
0.25880294014700733,0.6916322634463304
0.25882294114705734,0.7655109879760575
0.25884294214710735,0.19553143926067407
0.25886294314715735,0.8062622622129838
0.25888294414720736,0.43542612959351484
0.25890294514725737,0.7061199159221344
0.2589229461473074,0.7572459191908768
0.2589429471473574,0.23963515764320376
0.2589629481474074,0.8074183798470489
0.2589829491474574,0.39003920201042763
0.2590029501475074,0.7214636463547364
0.2590229511475574,0.746220638235574
0.2590429521476074,0.2938209791044678
0.25906295314765737,0.8080422523830741
0.2590829541477074,0.3341511507343399
0.2591029551477574,0.736987337563671
0.2591229561478074,0.7316018821156287
0.2591429571478574,0.3558165595925381
0.2591629581479074,0.8078057190353709
0.2591829591479574,0.26853521944921277
0.2592029601480074,0.7520678333986792
0.25922296114805743,0.7122305452577222
0.25924296214810744,0.42206484838559455
0.25926296314815744,0.8063206950646283
0.2592829641482074,0.1974534492201576
0.2593029651482574,0.7661583610684144
0.2593229661483074,0.6864827311634351
0.2593429671483574,0.48853989444006696
0.2593629681484074,0.8031139077694088
0.25938296914845743,0.1314501262405631
0.25940297014850744,0.7787946221116743
0.25942297114855745,0.652076907280185
0.25944297214860745,0.551635414587978
0.25946297314865746,0.7975837279151006
0.25948297414870747,0.08884082221191142
0.2595029751487574,0.7895838384516635
0.2595229761488074,0.6058446366965904
0.25954297714885743,0.6087524586917483
0.25956297814890744,0.7889294380097084
0.25958297914895745,0.09088313382285419
0.25960298014900746,0.7981783796584822
0.25962298114905746,0.5435930787328098
0.25964298214910747,0.658451768886872
0.2596629831491575,0.7760366849764203
0.2596829841492075,0.148266375773583
0.2597029851492575,0.804235143581854
0.2597229861493075,0.4605539675943482
0.2597429871493575,0.7002732547720445
0.25976298814940746,0.7572918202702033
0.25978298914945747,0.25003989054600817
0.2598029901495075,0.8073594048659425
0.2598229911495575,0.3539089055793591
0.2598429921496075,0.7344110681898999
0.2598629931496575,0.7302815316171639
0.2598829941497075,0.37013895237931166
0.2599029951497575,0.8070270771767004
0.2599229961498075,0.2305752591990132
0.2599429971498575,0.7613908095262326
0.25996299814990753,0.6913198393504937
0.2599829991499575,0.48456891005676683
0.2600030001500075,0.8024712267724461
0.2600230011500575,0.12162731762396792
0.2600430021501075,0.7818148259104928
0.2600630031501575,0.6347813740184564
0.2600830041502075,0.5807238982470917
0.2601030051502575,0.7925046899305177
0.26012300615030753,0.08495362533812642
0.26014300715035754,0.7961800802759953
0.26016300815040755,0.5525403070176718
0.26018300915045756,0.6557914368327821
0.2602030101505075,0.7752258377114124
0.2602230111505575,0.1577661323520757
0.2602430121506075,0.8047414938296882
0.26026301315065753,0.4353174525789892
0.26028301415070754,0.7118289672314693
0.26030301515075754,0.7475120515313163
0.26032301615080755,0.30437019650647756
0.26034301715085756,0.8073798471096861
0.26036301815090757,0.2826771552873994
0.2603830191509576,0.7522355528131953
0.2604030201510076,0.704149497087449
0.2604230211510576,0.4580222804763343
0.2604430221511076,0.8034210599321114
0.26046302315115755,0.13362248672661745
0.26048302415120755,0.7801091362875905
0.26050302515125756,0.6364819368653511
0.26052302615130757,0.5820477652966146
0.2605430271513576,0.7913271618801637
0.2605630281514076,0.088108726171755
0.2605830291514576,0.7976879713075169
0.2606030301515076,0.5312697219363501
0.2606230311515576,0.6711031615864865
0.2606430321516076,0.76811956045053
0.2606630331516576,0.20211345908895112
0.26068303415170757,0.8062059740031282
0.2607030351517576,0.37528763818489114
0.2607230361518076,0.7316213574116408
0.2607430371518576,0.728283041456582
0.2607630381519076,0.3879818455125531
0.2607830391519576,0.805790439605541
0.2608030401520076,0.18722048993863766
0.2608230411520576,0.771034515721754
0.26084304215210763,0.6618006615717095
0.26086304315215764,0.5490201976793689
0.26088304415220764,0.7951750423148121
0.2609030451522576,0.08438902497264411
0.2609230461523076,0.7947366391420774
0.2609430471523576,0.5517048922034324
0.2609630481524076,0.6606320960352643
0.2609830491524576,0.7709778235841199
0.26100305015250763,0.1894829622418979
0.26102305115255764,0.8057903944054604
0.26104305215260765,0.3784169485328981
0.26106305315265765,0.7318495783578173
0.26108305415270766,0.7261101388133671
0.26110305515275767,0.3995134006636779
0.2611230561528076,0.8050722436630643
0.2611430571528577,0.1675335150161676
0.26116305815290763,0.7750535432415376
0.26118305915295764,0.6466899252864556
0.26120306015300765,0.5740044447313715
0.26122306115305766,0.7910412294902938
0.26124306215310766,0.09086022101961633
0.26126306315315767,0.7986123177435367
0.2612830641532077,0.508642100230323
0.2613030651532577,0.6861906715828099
0.2613230661533077,0.7586134440153846
0.2613430671533577,0.2618617599253263
0.2613630681534077,0.8067327582596304
0.26138306915345766,0.2931981798618247
0.26140307015350767,0.7525852187268077
0.2614230711535577,0.6963193114696848
0.2614430721536077,0.4877757112036861
0.2614630731536577,0.7999976272693642
0.2614830741537077,0.0975849120216718
0.2615030751537577,0.789223481885182
0.2615230761538077,0.5810506617088118
0.2615430771538577,0.643322022438661
0.2615630781539077,0.7748768434013085
0.26158307915395773,0.17255646017171
0.2616030801540077,0.8051344014542969
0.2616230811540577,0.3798426508064772
0.2616430821541077,0.7332317919905155
0.2616630831541577,0.7211913635339943
0.2616830841542077,0.42225180038139365
0.2617030851542577,0.8034865500647966
0.2617230861543077,0.13505370102256742
0.26174308715435773,0.7816342048152465
0.26176308815440774,0.6161028124648338
0.26178308915445775,0.6139195509413665
0.26180309015450776,0.782019632533587
0.2618230911545577,0.1336048331686929
0.26184309215460777,0.8033760590762516
0.2618630931546577,0.42027093003160987
0.26188309415470773,0.7224543375496408
0.26190309515475774,0.7307673546614419
0.26192309615480774,0.3921440078015438
0.26194309715485775,0.8043641734443894
0.26196309815490776,0.1536197540250391
0.26198309915495777,0.7786933372116714
0.2620031001550078,0.6251215715277086
0.2620231011550578,0.6060515887457383
0.2620431021551078,0.783110351663196
0.2620631031551578,0.1293081360820929
0.26208310415520775,0.8030863791574329
0.26210310515525775,0.41956544454039646
0.26212310615530776,0.7234463206725852
0.26214310715535777,0.7284897796469366
0.2621631081554078,0.40289330791303346
0.2621831091554578,0.8036709155792243
0.2622031101555078,0.13967547801813077
0.2622231111555578,0.781431130248148
0.2622431121556078,0.6110950783803015
0.2622631131556578,0.6218538368349111
0.2622831141557078,0.7786853649839657
0.26230311515575777,0.15635855899206785
0.2623231161558078,0.8043716468307286
0.2623431171558578,0.37783878498232654
0.2623631181559078,0.7358205726548956
0.2623831191559578,0.7136714295695016
0.2624031201560078,0.45241142532508394
0.2624231211560578,0.8008636297710193
0.2624431221561078,0.10352807882107279
0.26246312315615783,0.7887503244585385
0.26248312415620784,0.5697516918998513
0.26250312515625784,0.6567189184421708
0.2625231261563078,0.7669920627291681
0.26254312715635786,0.22838433166998437
0.2625631281564078,0.8058153293117893
0.2625831291564578,0.2905299003005406
0.2626031301565078,0.7557987733579856
0.26262313115655783,0.681166405974608
0.26264313215660784,0.5303335208714836
0.26266313315665785,0.7937201532641736
0.26268313415670785,0.08830420217311792
0.26270313515675786,0.797777233624019
0.26272313615680787,0.4883463609069456
0.2627431371568578,0.7012068855013689
0.2627631381569079,0.7432278668199173
0.26278313915695783,0.35201633522704956
0.26280314015700784,0.8045615435408027
0.26282314115705785,0.16621622686856033
0.26284314215710786,0.7777532790225511
0.26286314315715786,0.6186452838022181
0.26288314415720787,0.6182335299527202
0.2629031451572579,0.7777247221594553
0.2629231461573079,0.16714653475945224
0.2629431471573579,0.8045287393120201
0.2629631481574079,0.3467539465007358
0.2629831491574579,0.7449030395812426
0.26300315015750786,0.6969715379994291
0.2630231511575579,0.5007756906009757
0.2630431521576079,0.7960523070240092
0.2630631531576579,0.08664638864495268
0.2630831541577079,0.7959418715694503
0.2631031551577579,0.5008492086081925
0.2631231561578079,0.6973087040054792
0.2631431571578579,0.7439972353623128
0.2631631581579079,0.35269930827304524
0.2631831591579579,0.8041062199996076
0.26320316015800793,0.15658333036735816
0.2632231611580579,0.7798125035324167
0.26324316215810795,0.6054837099463714
0.2632631631581579,0.6328365962294932
0.2632831641582079,0.7724232533199747
0.2633031651582579,0.2030869831270012
0.2633231661583079,0.805092324952953
0.2633431671583579,0.2945675129389949
0.26336316815840793,0.7565678102734933
0.26338316915845794,0.6731789014397417
0.26340317015850795,0.5506247718891151
0.26342317115855796,0.7893712723804468
0.2634431721586079,0.10495471520205732
0.26346317315865797,0.8009062022601152
0.2634831741587079,0.4232247660939223
0.26350317515875793,0.7265312406145774
0.26352317615880794,0.7170963001187883
0.26354317715885794,0.4533699434798515
0.26356317815890795,0.7989258442253138
0.26358317915895796,0.09241931643869271
0.26360318015900797,0.7928280102404962
0.263623181159058,0.520347826806122
0.263643182159108,0.69032349545693
0.263663183159158,0.7459445521119445
0.263683184159208,0.3494450299382007
0.26370318515925795,0.8035740952728891
0.263723186159308,0.14746490919320457
0.26374318715935796,0.7818958778674494
0.26376318815940797,0.5889448722455862
0.263783189159458,0.6492072124671199
0.263803190159508,0.7650583628189163
0.263823191159558,0.25229689545769707
0.263843192159608,0.8049544845347631
0.263863193159658,0.22854560384283396
0.263883194159708,0.7691129670852679
0.263903195159758,0.6365615772733331
0.26392319615980797,0.6052995818141342
0.26394319715985803,0.7777265477912197
0.263963198159908,0.17530141076446995
0.263983199159958,0.8042435077437564
0.264003200160008,0.30652231504862276
0.264023201160058,0.7555486947176667
0.264043202160108,0.6694666387415145
0.264063203160158,0.5615336868727376
0.26408320416020803,0.7860390388102674
0.26410320516025804,0.12507643874511573
0.26412320616030804,0.8023522543281507
0.264143207160358,0.3697957319402627
0.26416320816040806,0.7423555704137971
0.264183209160458,0.6920014147158089
0.264203210160508,0.5213108610173689
0.264223211160558,0.7913670168479683
0.26424321216060803,0.09923260721389052
0.26426321316065804,0.8000178980452308
0.26428321416070805,0.416352155858333
0.26430321516075805,0.7307136302436891
0.26432321616080806,0.7070062150975381
0.26434321716085807,0.4879460225059895
0.2643632181609081,0.7946265090836654
0.2643832191609581,0.08984587321177935
0.26440322016100803,0.7978347007107838
0.2644232211610581,0.44749909595846993
0.26444322216110805,0.721720936713633
0.26446322316115806,0.7162779808362467
0.26448322416120806,0.46414294970451075
0.26450322516125807,0.7964206009098288
0.2645232261613081,0.08843367175687095
0.2645432271613581,0.7962514875416195
0.2645632281614081,0.46501209309308
0.2645832291614581,0.7162597250354386
0.2646032301615081,0.7208850853946843
0.26462323116155806,0.4517031803318371
0.2646432321616081,0.7971140070103997
0.2646632331616581,0.08899098269830973
0.2646832341617081,0.7955547807801042
0.2647032351617581,0.4701282353346744
0.2647232361618081,0.714873714217106
0.2647432371618581,0.7213523911333962
0.2647632381619081,0.45148468809208153
0.2647832391619581,0.7968696870483106
0.2648032401620081,0.08895725030080132
0.26482324116205813,0.7958520578975433
0.2648432421621081,0.4632614335898493
0.26486324316215815,0.7176882274232825
0.2648832441622081,0.7177500800690788
0.2649032451622581,0.46346116588052577
0.2649232461623081,0.7956632210966657
0.2649432471623581,0.08931031744310214
0.2649632481624081,0.797064709386005
0.26498324916245813,0.4439593039812663
0.26500325016250814,0.7243927219055096
0.26502325116255815,0.7097069469642544
0.26504325216260816,0.4867338585550849
0.26506325316265816,0.7932815105016692
0.26508325416270817,0.09449684170858823
0.2651032551627581,0.7989343155886645
0.2651232561628082,0.41098745591335395
0.26514325716285814,0.7342895506665625
0.26516325816290814,0.6963519274950263
0.26518325916295815,0.5194924929403049
0.26520326016300816,0.7893050494423376
0.26522326116305817,0.11193294747631456
0.2652432621631082,0.8010394019085803
0.2652632631631582,0.3626883579158695
0.2652832641632082,0.7463967393549931
0.2653032651632582,0.6761711853477483
0.26532326616330815,0.5590654916476286
0.2653432671633582,0.7830656160871851
0.26536326816340816,0.1500310923666042
0.26538326916345817,0.802813954165049
0.2654032701635082,0.29813452006113283
0.2654232711635582,0.7595788929627165
0.2654432721636082,0.6467546950683749
0.2654632731636582,0.6022022287374149
0.2654832741637082,0.7735617908742917
0.2655032751637582,0.21406810388863975
0.2655232761638082,0.8035543354990273
0.26554327716385817,0.22020360711851894
0.26556327816390823,0.7726725883786977
0.2655832791639582,0.6044133128729909
0.2656032801640082,0.645573788697553
0.2656232811640582,0.7593001101887051
0.2656432821641082,0.30170642659138325
0.2656632831641582,0.80239721546759
0.2656832841642082,0.14187106474108152
0.26570328516425823,0.7845739051529069
0.26572328616430824,0.543756254507317
0.26574328716435824,0.6863019845544442
0.26576328816440825,0.7380048707128175
0.26578328916445826,0.40243849578204516
0.2658032901645082,0.7982450898220482
0.2658232911645583,0.09304275279840779
0.2658432921646082,0.7942649824174862
0.26586329316465823,0.4578465984874604
0.26588329416470824,0.7222940311996163
0.26590329516475825,0.706099807735666
0.26592329616480825,0.5025562386853214
0.26594329716485826,0.7896024909060779
0.26596329816490827,0.11277085131345554
0.2659832991649583,0.8007668541654281
0.2660033001650083,0.34148636436354673
0.26602330116505823,0.7522852780813122
0.2660433021651083,0.6578269778358503
0.26606330316515825,0.5913366904298596
0.26608330416520826,0.7742550241813144
0.26610330516525826,0.21385862753775786
0.26612330616530827,0.8030075601491229
0.2661433071653583,0.20479395625632002
0.2661633081654083,0.7756422432038499
0.2661833091654583,0.5839999256989101
0.2662033101655083,0.663648665895888
0.2662233111655583,0.7486574586613496
0.26624331216560826,0.36083359986122304
0.2662633131656583,0.7995775792768933
0.2662833141657083,0.10159544074043195
0.2663033151657583,0.7920383942868806
0.2663233161658083,0.47166007320826203
0.2663433171658583,0.7188711968111136
0.2663633181659083,0.7067772753986347
0.2663833191659583,0.5042295359571319
0.2664033201660083,0.78829537061485
0.2664233211660583,0.12165858779649769
0.26644332216610833,0.8010780057898192
0.26646332316615834,0.3124094074505415
0.26648332416620835,0.7586201836672543
0.2665033251662583,0.6380464310013445
0.2665233261663083,0.6179041158852187
0.2665433271663583,0.765395741803094
0.2665633281664083,0.27406411396130076
0.2665833291664583,0.8018552960639681
0.26660333016650833,0.14359945557880274
0.26662333116655834,0.7849479978718713
0.26664333216660835,0.5249689463396275
0.26666333316665836,0.698607185883139
0.26668333416670836,0.7239297182820109
0.26670333516675837,0.4591920145036411
0.2667233361668083,0.7923159440612002
0.2667433371668584,0.10138112470011405
0.26676333816690834,0.7992814110175639
0.26678333916695834,0.34910959508105666
0.26680334016700835,0.7520545872280194
0.26682334116705836,0.6506641061338815
0.26684334216710837,0.6048228831214568
0.2668633431671584,0.7680865079730702
0.2668833441672084,0.25978872053957525
0.2669033451672584,0.8017298723054002
0.2669233461673084,0.14770265139274638
0.26694334716735835,0.7845399079590184
0.2669633481674084,0.521887561165638
0.26698334916745836,0.7009653025210699
0.26700335016750837,0.7200260915831245
0.2670233511675584,0.4733672644388563
0.2670433521676084,0.7902292842243696
0.2670633531676584,0.11231076619550018
0.2670833541677084,0.8001218436796721
0.2671033551677584,0.31389517533192873
0.2671233561678084,0.7592711547547735
0.2671433571678584,0.6292110672309557
0.2671633581679084,0.6301737179001579
0.26718335916795843,0.7587459297490942
0.2672033601680084,0.317529243034553
0.2672233611680584,0.7998020830488463
0.2672433621681084,0.10916184742226859
0.2672633631681584,0.7908698882337336
0.2672833641682084,0.4615949297597419
0.2673033651682584,0.7245587770932362
0.26732336616830843,0.6930430418136322
0.26734336716835844,0.5409638243479776
0.26736336816840844,0.7804265391208414
0.26738336916845845,0.17881204666088335
0.26740337016850846,0.8017397603348068
0.2674233711685584,0.20891319448050652
0.2674433721686085,0.7762143601920796
0.2674633731686584,0.5621980695136897
0.26748337416870843,0.6820959792430383
0.26750337516875844,0.7314396470399906
0.26752337616880845,0.4405037439448736
0.26754337716885845,0.792188220528074
0.26756337816890846,0.10332656708285098
0.26758337916895847,0.7990191719854077
0.2676033801690085,0.3236640718280203
0.2676233811690585,0.7581832459922973
0.26764338216910843,0.6265356316376618
0.2676633831691585,0.6349920532736351
0.26768338416920845,0.7548209615348763
0.26770338516925846,0.3422415050572748
0.26772338616930846,0.7980381283546527
0.26774338716935847,0.09724902436510616
0.2677633881694085,0.7937660855331716
0.2677833891694585,0.414415926803673
0.2678033901695085,0.7390081205370378
0.2678233911695585,0.6671012045780175
0.2678433921696085,0.5879793059466726
0.26786339316965846,0.7690149433195782
0.2678833941697085,0.26075289885580843
0.2679033951697585,0.8004428703140308
0.2679233961698085,0.12962259888288205
0.2679433971698585,0.7877123968002857
0.2679633981699085,0.47661182944914826
0.2679833991699585,0.721178819256819
0.2680034001700085,0.6921581213186114
0.2680234011700585,0.5467667689377778
0.2680434021701085,0.7773656263512372
0.26806340317015853,0.20429499460080297
0.26808340417020854,0.8010292202834168
0.26810340517025855,0.16824111086421376
0.2681234061703085,0.7823235823548627
0.26814340717035856,0.5149909696798899
0.2681634081704085,0.7071994128679099
0.2681834091704585,0.7065728722756446
0.2682034101705085,0.5167686011271958
0.26822341117055853,0.7818180605707588
0.26824341217060854,0.1726076155855635
0.26826341317065855,0.8008774179650539
0.26828341417070856,0.19525360454427157
0.26830341517075856,0.7787494715342544
0.26832341617080857,0.5342813250291051
0.2683434171708585,0.699157621604115
0.2683634181709086,0.7130031320824486
0.26838341917095854,0.5019110998715864
0.26840342017100854,0.783439604304457
0.26842342117105855,0.1613572265531517
0.26844342217110856,0.8006251040243748
0.26846342317115857,0.2037590524479078
0.2684834241712086,0.7777041354941148
0.2685034251712586,0.5371774192104151
0.2685234261713086,0.6982837548612957
0.2685434271713586,0.712612738544167
0.26856342817140855,0.5040363231015821
0.2685834291714586,0.782655149927726
0.26860343017150856,0.16778745566804776
0.26862343117155857,0.8004925131150132
0.2686434321716086,0.1923539406406627
0.2686634331716586,0.7793627430524426
0.2686834341717086,0.5241624939690199
0.2687034351717586,0.7046720125658212
0.2687234361718086,0.7053827237539496
0.2687434371718586,0.5227915076442913
0.2687634381719086,0.7793295943196283
0.2687834391719586,0.19329529948503282
0.26880344017200863,0.8002857838295346
0.2688234411720586,0.16334416552311015
0.26884344217210865,0.7833350987565528
0.2688634431721586,0.49354859474832197
0.2688834441722086,0.7172647045716567
0.2689034451722586,0.6901137802982329
0.2689234461723086,0.5556751590142227
0.26894344717235863,0.7727459775268557
0.26896344817240864,0.24195121039239137
0.26898344917245864,0.7993971636083275
0.26900345017250865,0.12505039273446963
0.26902345117255866,0.7887303008690596
0.2690434521726086,0.4415616817243684
0.2690634531726587,0.7341022416049806
0.2690834541727086,0.6641254971794265
0.26910345517275863,0.5982878355151868
0.26912345617280864,0.7614667485907365
0.26914345717285865,0.31559467345827186
0.26916345817290865,0.7967860574015891
0.26918345917295866,0.09717767429335812
0.26920346017300867,0.7942774088057742
0.2692234611730587,0.3633519872477856
0.2692434621731087,0.752746984486373
0.26926346317315863,0.6225755450431326
0.2692834641732087,0.6451003077409662
0.26930346517325865,0.7430001547396778
0.26932346617330866,0.40868588127102357
0.26934346717335866,0.790888972972863
0.26936346817340867,0.11212510968672472
0.2693834691734587,0.7984302540162697
0.2694034701735087,0.258271117727476
0.2694234711735587,0.7707189002118068
0.2694434721736087,0.55738084558074
0.2694634731736587,0.6906854381108061
0.2694834741737087,0.7130951986435193
0.2695034751737587,0.5083452286709849
0.2695234761738087,0.7793589460447299
0.26954347717385874,0.19607072550902402
0.2695634781739087,0.799366219563336
0.2695834791739587,0.14702939520185965
0.2696034801740087,0.785771687403338
0.2696234811740587,0.45669029627022684
0.2696434821741087,0.7308151939248516
0.2696634831741587,0.6643391821264089
0.26968348417420873,0.6005812796336489
0.26970348517425874,0.7584445707186275
0.26972348617430875,0.33638514281431636
0.2697434871743587,0.7947787505749397
0.26976348817440876,0.0968275096075382
0.2697834891744587,0.7959103919613677
0.2698034901745087,0.31130871357576084
0.2698234911745587,0.7628716432594497
0.26984349217460873,0.5837855492732944
0.26986349317465874,0.6764634341891119
0.26988349417470875,0.7216684512322376
0.26990349517475876,0.4872862250567299
0.26992349617480876,0.7812860926422645
0.26994349717485877,0.18284471209899117
0.2699634981749087,0.7990428121043993
0.2699834991749588,0.15087269702911466
0.27000350017500874,0.7854124591147256
0.27002350117505874,0.45129527434366257
0.27004350217510875,0.7331571125207352
0.27006350317515876,0.6568147777978686
0.27008350417520877,0.612250911230189
0.2701035051752588,0.7529743670776434
0.2701235061753088,0.36824416801577114
0.2701435071753588,0.7922090057631723
0.2701635081754088,0.10571874571248736
0.2701835091754588,0.7973438308579345
0.2702035101755088,0.25750597470864717
0.27022351117555876,0.7715029425709806
0.2702435121756088,0.5412685934116656
0.2702635131756588,0.7009462207504629
0.2702835141757088,0.6983806057702673
0.2703035151757588,0.5468995217465802
0.2703235161758088,0.7700843791820579
0.2703435171758588,0.26828198499056477
0.2703635181759088,0.7967562346237329
0.2703835191759588,0.1018038729266351
0.2704035201760088,0.793108336698567
0.27042352117605883,0.34597796686846727
0.2704435221761088,0.7576137611336625
0.27046352317615885,0.594052879853758
0.2704835241762088,0.6717244529326389
0.2705035251762588,0.7215220765563516
0.2705235261763088,0.4917095013543903
0.2705435271763588,0.7790475492907084
0.27056352817640883,0.20313112571557057
0.27058352917645884,0.7981370878920107
0.27060353017650884,0.1266357582175866
0.27062353117655885,0.7888620573662941
0.27064353217660886,0.40052098186619833
0.2706635331766588,0.7469678766688578
0.2706835341767089,0.6217445501690068
0.2707035351767588,0.6511828218468587
0.27072353617680883,0.732966519434814
0.27074353717685884,0.4567082193581605
0.27076353817690885,0.7830298286518309
0.27078353917695885,0.1722814757831169
0.27080354017700886,0.7982566434040359
0.27082354117705887,0.1456357745225579
0.2708435421771089,0.7863759460253509
0.2708635431771589,0.42310020409511984
0.2708835441772089,0.7420593748689961
0.2709035451772589,0.631033554504216
0.27092354617730885,0.6436304102643102
0.2709435471773589,0.7358624654120979
0.27096354817740886,0.44775896683987354
0.27098354917745887,0.7835208125584225
0.2710035501775089,0.1690089538437531
0.2710235511775589,0.7980482997752285
0.2710435521776089,0.14489077594754893
0.2710635531776589,0.7865282494953326
0.2710835541777089,0.41632725471749077
0.2711035551777589,0.7440246521792282
0.2711235561778089,0.6241992568642237
0.2711435571778589,0.6506461422103683
0.27116355817790894,0.7310363821871807
0.2711835591779589,0.46612563610606167
0.2712035601780089,0.7807816188720837
0.2712235611780589,0.19197415086748038
0.2712435621781089,0.7975525544663151
0.2712635631781589,0.1251640699597144
0.2712835641782089,0.7891760305735884
0.27130356517825893,0.3795749325249046
0.27132356617830894,0.7523143933955897
0.27134356717835895,0.5997636089934248
0.2713635681784089,0.6705967212953617
0.27138356917845896,0.7173136444253736
0.2714035701785089,0.508713292858938
0.2714235711785589,0.7739187660066909
0.2714435721786089,0.24678014129821302
0.27146357317865893,0.79592329046307
0.27148357417870894,0.10203431964066488
0.27150357517875895,0.793184405998027
0.27152357617880896,0.31002030723667423
0.27154357717885896,0.764868173414865
0.27156357817890897,0.5521326601483103
0.271583579178959,0.6991778249986216
0.271603580179009,0.6910987432681045
0.27162358117905894,0.5679713062196879
0.271643582179109,0.7606502721710139
0.27166358317915895,0.3366872737572938
0.27168358417920896,0.7913703599837965
0.27170358517925897,0.11098008823603493
0.271723586179309,0.7965867102188104
0.271743587179359,0.21077918722096814
0.271763588179409,0.778682002921764
0.271783589179459,0.4707044870239192
0.271803590179509,0.7307693168281173
0.271823591179559,0.644996028759156
0.27184359217960896,0.6331621092945978
0.271863593179659,0.7365629416071021
0.271883594179709,0.45087728262109805
0.271903595179759,0.7808826147606958
0.271923596179809,0.1934448933587001
0.271943597179859,0.7966864877779458
0.271963598179909,0.1168442903598583
0.271983599179959,0.7904128160852448
0.272003600180009,0.3426024507450247
0.272023601180059,0.7599784080052712
0.27204360218010903,0.5650505424025264
0.272063603180159,0.6938046300822818
0.27208360418020905,0.6932731495644183
0.272103605180259,0.5662609760454987
0.272123606180309,0.7593480969028199
0.272143607180359,0.34705703675275834
0.272163608180409,0.7897860636166883
0.27218360918045903,0.1213406094826659
0.27220361018050904,0.7965993504788718
0.27222361118055904,0.1801824469480134
0.27224361218060905,0.7825386135004541
0.27226361318065906,0.42871409154095147
0.27228361418070907,0.7428048893612057
0.2723036151807591,0.6143410040830829
0.272323616180809,0.6627625058670594
0.2723436171808591,0.7172043655102088
0.27236361818090904,0.514268437918335
0.27238361918095905,0.7700201040830921
0.27240362018100905,0.27995828044277227
0.27242362118105906,0.7931254234217088
0.27244362218110907,0.10251825964237721
0.2724636231811591,0.7950850464850312
0.2724836241812091,0.2283381442290736
0.2725036251812591,0.7768380103054531
0.2725236261813091,0.46950443994551505
0.27254362718135905,0.7323707376503139
0.2725636281814091,0.634723119366925
0.27258362918145906,0.6460672060962476
0.27260363018150907,0.7261034045804067
0.2726236311815591,0.490285953528397
0.2726436321816091,0.773362473707686
0.2726636331816591,0.25642463265510196
0.2726836341817091,0.7937345034988097
0.2727036351817591,0.10122237490392935
0.2727236361818091,0.7943561750788438
0.2727436371818591,0.2384678691150464
0.2727636381819091,0.7756885097160067
0.27278363918195914,0.47249149697098536
0.2728036401820091,0.7319090248510436
0.2728236411820591,0.6330395935847876
0.2728436421821091,0.64849549516006
0.2728636431821591,0.7233007199922274
0.2728836441822091,0.5000281683135831
0.2729036451822591,0.7709570447949722
0.27292364618230913,0.2755026436141575
0.27294364718235914,0.7924630911541298
0.27296364818240915,0.10491107214887603
0.27298364918245915,0.7949572280121903
0.27300365018250916,0.20825573234880876
0.2730236511825591,0.7794509395502212
0.2730436521826092,0.4385982342782596
0.2730636531826591,0.741454058063283
0.27308365418270913,0.6089330324244621
0.27310365518275914,0.669174387892559
0.27312365618280915,0.7079447213696528
0.27314365718285916,0.5409017782900902
0.27316365818290916,0.7618987212310654
0.27318365918295917,0.3374858222609849
0.2732036601830092,0.7883768674013548
0.2732236611830592,0.13174943714106585
0.27324366218310914,0.7957461712771211
0.2732636631831592,0.1482738067230276
0.27328366418320915,0.7863805674202798
0.27330366518325916,0.3617772153844964
0.27332366618330917,0.7578490279543988
0.2733436671833592,0.5548115018972276
0.2733636681834092,0.7020033394928776
0.2733836691834592,0.6746033272799652
0.2734036701835092,0.602493098504828
0.2734236711835592,0.7424302551003563
0.2734436721836092,0.436709070618521
0.27346367318365916,0.7785600174041007
0.2734836741837092,0.21711350123482595
0.2735036751837592,0.7939396496835477
0.2735236761838092,0.10282791189916854
0.2735436771838592,0.7930755466196148
0.2735636781839092,0.2387897747856067
0.2735836791839592,0.775969202126778
0.2736036801840092,0.45410126743988133
0.2736236811840592,0.7382357393465447
0.2736436821841092,0.610471079642577
0.27366368318415923,0.6695796957664438
0.27368368418420924,0.7041140899349004
0.27370368518425925,0.551885338508456
0.2737236861843092,0.7571660484359557
0.2737436871843592,0.367773472096554
0.2737636881844092,0.7848546867898378
0.2737836891844592,0.1619437301664766
0.27380369018450923,0.7949237598228482
0.27382369118455924,0.11709834060800908
0.27384369218460924,0.7901683470265006
0.27386369318465925,0.2888168389242341
0.27388369418470926,0.769627593669766
0.27390369518475927,0.4899063545565697
0.2739236961848093,0.728318958302473
0.2739436971848592,0.6288222351810149
0.2739636981849093,0.6556937060352102
0.27398369918495924,0.7123800535394926
0.27400370018500925,0.5344028041107217
0.27402370118505925,0.7603419715813702
0.27404370218510926,0.35089142673275864
0.27406370318515927,0.7855774609453209
0.2740837041852093,0.15535557587477863
0.2741037051852593,0.7946469665429193
0.2741237061853093,0.11842995322572687
0.2741437071853593,0.7899135665319091
0.27416370818540925,0.2834686047785737
0.2741837091854593,0.7704962684659633
0.27420371018550926,0.47915356640674267
0.27422371118555927,0.7320465762539107
0.2742437121856093,0.6179565932298865
0.2742637131856593,0.6654860824760115
0.2742837141857093,0.703473090902055
0.2743037151857593,0.5557838009803113
0.2743237161858093,0.7538279877507303
0.2743437171858593,0.38848886118324466
0.2743637181859093,0.7815601327283465
0.27438371918595933,0.19200112156596003
0.27440372018600934,0.7934144414892758
0.2744237211860593,0.10500708060064773
0.2744437221861093,0.7922234632295125
0.2744637231861593,0.2241635449783289
0.2744837241862093,0.7779359479259735
0.2745037251862593,0.4191387486980468
0.2745237261863093,0.7476810693226303
0.27454372718635933,0.5736132005779133
0.27456372818640934,0.6949656447361892
0.27458372918645935,0.673508903976622
0.27460373018650935,0.6083857634303431
0.27462373118655936,0.7344293165338808
0.2746437321866093,0.4729390496134668
0.2746637331866594,0.7700709551992772
0.2746837341867093,0.2883986126086251
0.27470373518675933,0.7885863535226584
0.27472373618680934,0.12791123524913944
0.27474373718685935,0.7940637986298658
0.27476373818690936,0.13435470478111658
0.27478373918695936,0.7877916948039692
0.27480374018700937,0.29848254044061395
0.2748237411870594,0.7687332073319595
0.2748437421871094,0.4778330607504789
0.27486374318715934,0.7332832033996767
0.2748837441872094,0.6081399664460779
0.27490374518725935,0.6743944615874222
0.27492374618730936,0.6918565353944719
0.27494374718735937,0.580694666460958
0.2749637481874094,0.7435132621797076
0.2749837491874594,0.43953442304485596
0.2750037501875094,0.7739814331846954
0.2750237511875594,0.2587229455913286
0.2750437521876094,0.7896161065217291
0.2750637531876594,0.11881476792576662
0.27508375418770936,0.7935810908057914
0.2751037551877594,0.14269502269984913
0.2751237561878094,0.7867813242231069
0.2751437571878594,0.30347704974007844
0.2751637581879094,0.7681835536833602
0.2751837591879594,0.47472931364856774
0.2752037601880094,0.7345930283221697
0.2752237611880594,0.6011662274873334
0.2752437621881094,0.6799529867540725
0.2752637631881594,0.6842808840521336
0.27528376418820943,0.594611441184817
0.27530376518825944,0.7368447012686115
0.27532376618830945,0.46719725977810267
0.2753437671883594,0.7688953092669013
0.27536376818840946,0.2990285406843008
0.2753837691884594,0.7865647261693551
0.2754037701885094,0.14430602336565396
0.27542377118855943,0.7931256906088069
0.27544377218860944,0.11579871117081007
0.27546377318865944,0.7898442229621353
0.27548377418870945,0.2391496513889086
0.27550377518875946,0.7763618528434743
0.27552377618880947,0.4094102320746045
0.2755437771888595,0.7506563705782473
0.2755637781889094,0.5495392235941605
0.2755837791889595,0.7086245264663247
0.27560378018900944,0.6467605417233917
0.27562378118905945,0.6434261525990685
0.27564378218910945,0.7105428118047094
0.27566378318915946,0.5454895321440141
0.27568378418920947,0.7512715192587327
0.2757037851892595,0.4071183163263642
0.2757237861893095,0.7760695736310544
0.2757437871893595,0.24215023814624342
0.2757637881894095,0.7891704494755153
0.27578378918945945,0.12011410363010226
0.2758037901895095,0.7927648783483078
0.27582379118955946,0.13365656810142446
0.27584379218960947,0.7875480777624922
0.2758637931896595,0.2686426205108467
0.2758837941897095,0.7729263180446059
0.2759037951897595,0.4284016186553814
0.2759237961898095,0.7469268019016124
0.2759437971898595,0.5570373255168892
0.2759637981899095,0.7058424084196636
0.2759837991899595,0.6474375778629509
0.27600380019000953,0.6437375798670767
0.27602380119005954,0.7080525860417856
0.2760438021901095,0.552520141065997
0.27606380319015955,0.7477442656793172
0.2760838041902095,0.4253802713667212
0.2761038051902595,0.7727305044426825
0.2761238061903095,0.27079954117692695
0.2761438071903595,0.7868449855122653
0.27616380819040953,0.13939094386082712
0.27618380919045954,0.7922030255385879
0.27620381019050955,0.11463148723561872
0.27622381119055955,0.789667025221488
0.27624381219060956,0.2148702336431289
0.2762638131906595,0.7790627917980866
0.2762838141907096,0.36609899706223253
0.2763038151907595,0.7591800884212646
0.27632381619080953,0.5023637542310065
0.27634381719085954,0.7275811584613814
0.27636381819090955,0.6042866844548933
0.27638381919095956,0.6802594453956325
0.27640382019100956,0.675455061705815
0.27642382119105957,0.6113744283199029
0.2764438221911096,0.7238432627829374
0.2764638231911596,0.5140163665645185
0.27648382419120954,0.7560262254186674
0.2765038251912596,0.3849933300902761
0.27652382619130955,0.7764512599359005
0.27654382719135956,0.23911477368493284
0.27656382819140957,0.7878653056615169
0.2765838291914596,0.12818949194376017
0.2766038301915096,0.7917861564592878
0.2766238311915596,0.11951416538049502
0.2766438321916096,0.7888073621939067
0.2766638331916596,0.21764241425847036
0.2766838341917096,0.7787358579182577
0.2767038351917596,0.3587471871087925
0.2767238361918096,0.7605868238515069
0.2767438371918596,0.4881259339255783
0.27676383819190964,0.7324519446627361
0.2767838391919596,0.5878681529316779
0.2768038401920096,0.6912676863057499
0.2768238411920596,0.6596796525449393
0.2768438421921096,0.6326057020493133
0.2768638431921596,0.7100067954187032
0.2768838441922096,0.5509630640243826
0.27690384519225963,0.7446726937395305
0.27692384619230964,0.4420220416711712
0.27694384719235965,0.7678633745896534
0.2769638481924096,0.3100423611389692
0.27698384919245966,0.7823271420311303
0.2770038501925096,0.1819258686568973
0.2770238511925596,0.7897398612154446
0.27704385219260963,0.11161339281123497
0.27706385319265964,0.7909838523362474
0.27708385419270964,0.1404722420176016
0.27710385519275965,0.7863107267607301
0.27712385619280966,0.2482021545306557
0.27714385719285967,0.7754032098739001
0.2771638581929097,0.3793131254445473
0.2771838591929596,0.7573507855814304
0.2772038601930097,0.49599907005374394
0.27722386119305964,0.7305493260380785
0.27724386219310965,0.5869988039128011
0.27726386319315965,0.6925458687863948
0.27728386419320966,0.6541428366210221
0.27730386519325967,0.6399112434018026
0.2773238661933097,0.702551546506749
0.2773438671933597,0.5684226143643074
0.2773638681934097,0.7369607976619024
0.2773838691934597,0.4743496555827231
0.2774038701935097,0.7609154443249158
0.2774238711935597,0.3585373699751306
0.27744387219360966,0.7768544771694902
0.2774638731936597,0.23489891471679827
0.2774838741937097,0.7863630220438618
0.2775038751937597,0.13824402702981528
0.2775238761938097,0.7903884253338763
0.2775438771938597,0.11176329311778857
0.2775638781939097,0.7893841058635251
0.2775838791939597,0.16857224657580874
0.2776038801940097,0.7833868862997435
0.27762388119405973,0.2774334101362488
0.27764388219410974,0.7720387240081132
0.2776638831941597,0.39622062620972703
0.27768388419420975,0.754560716962122
0.2777038851942597,0.5003775308546562
0.2777238861943097,0.7296859996668026
0.2777438871943597,0.5830145345861165
0.2777638881944097,0.6955665358773823
0.27778388919445973,0.6457003809876652
0.27780389019450974,0.649702719715315
0.27782389119455975,0.6923138173822678
0.27784389219460975,0.5890404663693576
0.27786389319465976,0.7265787639215615
0.2778838941947097,0.5106054796672744
0.2779038951947598,0.7514173451810234
0.2779238961948097,0.4134446785882602
0.27794389719485973,0.7689442565103733
0.27796389819490974,0.30288279415565633
0.27798389919495975,0.7806201828196818
0.27800390019500976,0.1964627694525101
0.27802390119505976,0.7874062261816333
0.27804390219510977,0.12480083608929222
0.2780639031951598,0.7898801531284164
0.2780839041952098,0.1163420971065672
0.2781039051952598,0.7883120325816162
0.2781239061953098,0.1734839907724878
0.27814390719535975,0.7827052862438939
0.2781639081954098,0.27071693813839093
0.27818390919545977,0.7728091387811903
0.2782039101955098,0.37722853035199533
0.2782239111955598,0.7581067928998472
0.2782439121956098,0.47382399784332435
0.2782639131956598,0.7377831092021854
0.2782839141957098,0.5536378549749988
0.2783039151957598,0.7106785392061852
0.2783239161958098,0.6166485366681549
0.2783439171958598,0.6752470273719053
0.2783639181959098,0.6653294123162705
0.27838391919595984,0.6295639806213057
0.2784039201960098,0.7025309933010975
0.2784239211960598,0.5714935578522633
0.2784439221961098,0.7307233263722736
0.2784639231961598,0.4992438616325624
0.2784839241962098,0.7518339316293391
0.2785039251962598,0.41269835102535113
0.27852392619630983,0.7672931314301517
0.27854392719635984,0.3159046704590027
0.27856392819640985,0.7781284758777138
0.2785839291964598,0.2202522706000054
0.27860393019650986,0.7850536209674348
0.2786239311965598,0.14538692148427926
0.2786439321966098,0.7885372919903829
0.27866393319665983,0.11285543607047464
0.27868393419670984,0.7888516700865122
0.27870393519675984,0.13298455997063657
0.27872393619680985,0.7861031922359782
0.27874393719685986,0.19719916085461878
0.27876393819690987,0.7802489925992867
0.2787839391969599,0.28502194737313197
0.2788039401970099,0.7711015526673709
0.2788239411970599,0.3769731794027039
0.27884394219710984,0.758323533434705
0.2788639431971599,0.4612038912688191
0.27888394419720985,0.7414147386183868
0.27890394519725986,0.5330023825572533
0.27892394619730987,0.7196942735191922
0.2789439471973599,0.5918914686688392
0.2789639481974099,0.6922842388228176
0.2789839491974599,0.6392357830747565
0.2790039501975099,0.6581086225782787
0.2790239511975599,0.6769079219891536
0.2790439521976099,0.6159355862990744
0.27906395319765986,0.7067001434791527
0.2790839541977099,0.5645171898539827
0.2791039551977599,0.7301251678416095
0.2791239561978099,0.5029192538002096
0.2791439571978599,0.7483872403224421
0.2791639581979099,0.4311711267703779
0.2791839591979599,0.7624152825829027
0.2792039601980099,0.35133801307250795
0.2792239611980599,0.7729111762902641
0.27924396219810993,0.26887674834812136
0.27926396319815994,0.7803952426496873
0.2792839641982099,0.19351036320730267
0.27930396519825995,0.7852434709225766
0.2793239661983099,0.13810090329836722
0.2793439671983599,0.7877159303293829
0.2793639681984099,0.1144048342623688
0.2793839691984599,0.7879774219131055
0.27940397019850993,0.12738715649175403
0.27942397119855994,0.7861117521871386
0.27944397219860995,0.17255502981717416
0.27946397319865995,0.7821308810378189
0.27948397419870996,0.238764920936593
0.27950397519875997,0.7759799604203994
0.27952397619881,0.31374940291712894
0.2795439771988599,0.7675390799860463
0.27956397819891,0.3881051919823101
0.27958397919895994,0.7566224378898997
0.27960398019900995,0.45635154305966114
0.27962398119905996,0.7429757130441084
0.27964398219910996,0.5161676645133912
0.27966398319915997,0.7262727029694016
0.27968398419921,0.5671865140808314
0.27970398519926,0.7061129285190422
0.27972398619931,0.6100249231571159
0.27974398719936,0.6820230787838045
0.27976398819940995,0.6456803190103112
0.27978398919946,0.6534671361410909
0.27980399019950997,0.6752115789829105
0.27982399119956,0.6198730757924759
0.27984399219961,0.6995939893631653
0.27986399319966,0.5806883274062873
0.27988399419971,0.7196675428116868
0.27990399519976,0.535481237149216
0.27992399619981,0.7361301965235778
0.27994399719986,0.48410938374519574
0.27996399819991,0.749550138370973
0.27998399919996,0.4269720373261851
0.28000400020001004,0.7603842144189363
0.28002400120006,0.36534217240710287
0.28004400220011,0.7689966681841169
0.28006400320016,0.30171854677542137
0.28008400420021,0.7756758514757474
0.28010400520026,0.24004583605535162
0.28012400620031,0.7806482266667185
0.28014400720036003,0.1855583094584506
0.28016400820041004,0.7840897066685375
0.28018400920046005,0.14401863198768625
0.28020401020051006,0.7861346539527548
0.28022401120056006,0.12037473195343419
0.28024401220061,0.786882928116234
0.2802640132006601,0.11729895412787573
0.28028401420071003,0.7864053524858836
0.28030401520076004,0.1343510544789675
0.28032401620081004,0.7847479210706859
0.28034401720086005,0.16824245273867375
0.28036401820091006,0.7819350134046941
0.28038401920096007,0.21400725079993768
0.2804040202010101,0.7779718372447247
0.2804240212010601,0.266405754247133
0.2804440222011101,0.7728462815296137
0.28046402320116004,0.3209565142865356
0.2804840242012101,0.7665303353323477
0.28050402520126005,0.374390345847128
0.28052402620131006,0.7589812125873253
0.28054402720136007,0.4246474715466333
0.2805640282014101,0.7501423167753452
0.2805840292014601,0.4706422110431832
0.2806040302015101,0.7399441842307276
0.2806240312015601,0.5119721436159005
0.2806440322016101,0.7283055592111572
0.2806640332016601,0.5486640246256068
0.28068403420171006,0.7151347783263979
0.2807040352017601,0.5809855454808426
0.2807240362018101,0.7003316758446199
0.2807440372018601,0.6093197082435773
0.2807640382019101,0.6837902634634779
0.2807840392019601,0.6340874794111749
0.2808040402020101,0.6654024849911918
0.2808240412020601,0.6557037264887993
0.2808440422021101,0.6450633913138124
0.28086404320216013,0.6745544729827324
0.28088404420221014,0.6226781125204628
0.28090404520226014,0.6909870450392062
0.28092404620231015,0.5981710026523213
0.2809440472023601,0.7053075951487895
0.2809640482024101,0.5714972706660488
0.2809840492024601,0.7177825724394542
0.2810040502025101,0.5426572501645164
0.28102405120256013,0.7286420911828925
0.28104405220261014,0.5117131562634863
0.28106405320266015,0.7380840226866812
0.28108405420271015,0.4788076865315395
0.28110405520276016,0.7462781687470559
0.28112405620281017,0.44418312417771894
0.2811440572028602,0.7533701906114596
0.2811640582029101,0.40819872325047896
0.2811840592029602,0.7594851490640759
0.28120406020301014,0.3713432188604606
0.28122406120306015,0.7647306119090864
0.28124406220311016,0.33423855143735215
0.28126406320316016,0.7691993380933467
0.28128406420321017,0.2976306878103165
0.2813040652032602,0.7729715730863133
0.2813240662033102,0.26236417876910445
0.2813440672033602,0.7761170000811515
0.2813640682034102,0.22933911675205707
0.28138406920346015,0.7786963931761914
0.2814040702035102,0.19945240952667037
0.28142407120356017,0.7807630160483809
0.2814440722036102,0.17352919285890597
0.2814640732036602,0.7823638051813234
0.2814840742037102,0.1522536617161089
0.2815040752037602,0.7835403715859918
0.2815240762038102,0.1361102949054414
0.2815440772038602,0.7843298499924438
0.2815640782039102,0.1253454401139308
0.2815840792039602,0.7847656198738997
0.2816040802040102,0.11995549461312276
0.28162408120406024,0.7848779186383356
0.2816440822041102,0.11970250928629539
0.2816640832041602,0.7846943638076831
0.2816840842042102,0.1241526703988187
0.2817040852042602,0.7842403980588674
0.2817240862043102,0.1327293821983847
0.2817440872043602,0.7835396685068421
0.28176408820441023,0.14477142306409968
0.28178408920446024,0.7826143495464183
0.28180409020451025,0.15958773582964678
0.28182409120456026,0.781485416862829
0.28184409220461026,0.17650298790309105
0.2818640932046602,0.780172878822248
0.2818840942047103,0.19489104197986548
0.28190409520476023,0.7786959703153195
0.28192409620481024,0.21419607734730112
0.28194409720486024,0.7770733132061436
0.28196409820491025,0.23394286801584013
0.28198409920496026,0.7753286813606434
0.28200410020501027,0.25375250569459473
0.2820241012050603,0.7734824466502824
0.2820441022051103,0.2733034969364798
0.2820641032051603,0.7715435801323783
0.28208410420521024,0.2923497495023651
0.2821041052052603,0.769529310297784
0.28212410620531025,0.3107078053749311
0.28214410720536026,0.7674566545951509
0.28216410820541027,0.3282457960748958
0.2821841092054603,0.7653424361733071
0.2822041102055103,0.34487399677947617
0.2822241112055603,0.763203283139202
0.2822441122056103,0.36053625839720643
0.2822641132056603,0.7610556119058048
0.2822841142057103,0.37520254588737045
0.28230411520576026,0.7589155961891195
0.2823241162058103,0.38886263550429606
0.2823441172058603,0.7567991232663196
0.2823641182059103,0.40152091699505765
0.2823841192059603,0.7547217391198494
0.2824041202060103,0.4131921899070374
0.2824241212060603,0.7526985841637452
0.2824441222061103,0.4238983193884709
0.2824641232061603,0.7507443212919674
0.28248412420621033,0.4336656140201179
0.28250412520626034,0.7488730580320527
0.28252412620631034,0.4425227965901784
0.28254412720636035,0.7470982645836447
0.2825641282064103,0.45049945334555125
0.28258412920646037,0.7454326895993257
0.2826041302065103,0.45762486343782577
0.2826241312065603,0.7438882754482762
0.28264413220661033,0.46392712662543273
0.28266413320666034,0.7424760747521946
0.28268413420671035,0.46943252215149966
0.28270413520676035,0.7412061698642789
0.28272413620681036,0.4741650446399741
0.28274413720686037,0.7400875968715181
0.2827641382069104,0.4781460740086852
0.2827841392069603,0.7391282756007415
0.2828041402070104,0.4813941456699323
0.28282414120706034,0.7383349469738066
0.28284414220711035,0.4839247947011951
0.28286414320716036,0.7377131188539915
0.28288414420721036,0.48575045409236833
0.28290414520726037,0.7372670214229995
0.2829241462073104,0.4868803920124831
0.2829441472073604,0.7369995728559766
0.2829641482074104,0.48732067730078305
0.2829841492074604,0.7369123559565437
0.28300415020751035,0.4870741658643807
0.2830241512075604,0.7370056061089364
0.28304415220761037,0.48614050362420835
0.2830641532076604,0.7372782108092717
0.2830841542077104,0.48451614430103507
0.2831041552077604,0.7377277206945104
0.2831241562078104,0.48219438305540707
0.2831441572078604,0.7383503719220776
0.2831641582079104,0.47916540939786245
0.2831841592079604,0.7391411194260689
0.2832041602080104,0.4754163856724559
0.28322416120806043,0.7400936804697889
0.28324416220811044,0.4709315606451019
0.2832641632081604,0.7412005876452956
0.28328416420821045,0.4656924311736854
0.2833041652082604,0.7424532503651962
0.2833241662083104,0.4596779696613723
0.2833441672083604,0.7438420237034907
0.2833641682084104,0.4528649399975503
0.28338416920846043,0.7453562832377791
0.28340417020851044,0.4452283314210461
0.28342417120856045,0.7469845045395962
0.28344417220861046,0.43674194739105715
0.28346417320866046,0.748714345725336
0.2834841742087104,0.42737919590409146
0.2835041752087605,0.7505327314791663
0.28352417620881043,0.4171141385079591
0.28354417720886044,0.7524259368850916
0.28356417820891044,0.40592286764467866
0.28358417920896045,0.7543796693287461
0.28360418020901046,0.39378529541693225
0.28362418120906047,0.7563791467985973
0.2836441822091105,0.3806874502246156
0.2836641832091605,0.7584091708231855
0.2836841842092105,0.3666243899699295
0.28370418520926044,0.760454192415946
0.2837241862093105,0.3516038479303647
0.28374418720936045,0.7624983693680674
0.28376418820941046,0.33565072599487894
0.28378418920946047,0.7645256133258082
0.2838041902095105,0.31881253265208886
0.2838241912095605,0.7665196251123618
0.2838441922096105,0.30116582049336504
0.2838641932096605,0.7684639168515826
0.2838841942097105,0.28282359703418286
0.2839041952097605,0.7703418194481675
0.2839241962098105,0.2639435492159182
0.2839441972098605,0.7721364740240931
0.2839641982099105,0.24473671909408096
0.28398419920996054,0.7738308058977199
0.2840042002100105,0.22547598588699364
0.2840242012100605,0.775407479621634
0.2840442022101105,0.2065033468735208
0.2840642032101605,0.7768488335203391
0.2840842042102105,0.18823457205150929
0.28410420521026053,0.7781367919704434
0.28412420621031054,0.17115939786822218
0.28414420721036054,0.7792527534423536
0.28416420821041055,0.1558351407342112
0.2841842092104605,0.7801774519725648
0.28420421021051057,0.1428716224220967
0.2842242112105605,0.7808907893046112
0.2842442122106105,0.13290581004165153
0.28426421321066053,0.7813716343639991
0.28428421421071054,0.12656575678590265
0.28430421521076055,0.7815975860216697
0.28432421621081055,0.12442532428704646
0.28434421721086056,0.7815446942245199
0.28436421821091057,0.12695356078598583
0.2843842192109606,0.781187133492555
0.2844042202110105,0.13446496863468274
0.2844242212110606,0.7804968214818907
0.28444422221111054,0.14707843520030994
0.28446422321116055,0.7794429737455147
0.28448422421121056,0.164692535444864
0.28450422521126056,0.7779915839630536
0.28452422621131057,0.18698282740801175
0.2845442272113606,0.7761048167093376
0.2845642282114106,0.21342292629929585
0.2845842292114606,0.7737402972791992
0.2846042302115106,0.24332655333361944
0.2846242312115606,0.7708502801519037
0.2846442322116106,0.2759037824392151
0.28466423321166057,0.7673806744265514
0.28468423421171063,0.31032252452244774
0.2847042352117606,0.763269901062991
0.2847242362118106,0.34576637825349077
0.2847442372118606,0.7584475533168109
0.2847642382119106,0.38148200364101126
0.2847842392119606,0.7528328287964694
0.2848042402120106,0.41681223955297425
0.2848242412120606,0.7463327000525611
0.28484424221211063,0.45121428035878725
0.28486424321216064,0.7388397920285908
0.2848842442122106,0.4842646082361218
0.28490424521226065,0.7302299419096339
0.2849242462123106,0.5156537340246682
0.2849442472123606,0.7203594342215995
0.2849642482124106,0.5451741935082149
0.2849842492124606,0.7090619393301256
0.28500425021251063,0.5727049504970875
0.28502425121256064,0.6961452487609313
0.28504425221261065,0.5981946961055118
0.28506425321266066,0.6813880160578898
0.28508425421271066,0.6216457698714006
0.2851042552127606,0.6645369084936229
0.2851242562128107,0.6430997333167743
0.28514425721286063,0.6453049006361224
0.28516425821291064,0.6626250795716507
0.28518425921296064,0.6233719668775671
0.28520426021301065,0.680307180260269
0.28522426121306066,0.5983902540757221
0.28524426221311067,0.6962403333686692
0.2852642632131607,0.5699970573225265
0.2852842642132107,0.7105216496953137
0.2853042652132607,0.5378406875836841
0.2853242662133107,0.7232464662236768
0.2853442672133607,0.5016265991207206
0.28536426821341065,0.7345049732427155
0.2853842692134607,0.4611935595220163
0.28540427021351067,0.7443797664872187
0.2854242712135607,0.4166309539395955
0.2854442722136107,0.7529440713699854
0.2854642732136607,0.3684456094844757
0.2854842742137107,0.7602604239207467
0.2855042752137607,0.3177744333895573
0.2855242762138107,0.7663796272988117
0.2855442772138607,0.26661040096120975
0.2855642782139107,0.7713398306360263
0.2855842792139607,0.2179599274684063
0.28560428021401074,0.7751655975551078
0.2856242812140607,0.1757919042785898
0.2856442822141107,0.7778668443709051
0.2856642832141607,0.14461925403219977
0.2856842842142107,0.7794375329177728
0.2857042852142607,0.12864815225683124
0.28572428621431073,0.779854000076253
0.28574428721436074,0.13067212294858063
0.28576428821441074,0.7790727955692681
0.28578428921446075,0.1511585497928909
0.2858042902145107,0.7770278816369062
0.28582429121456077,0.1880136905569124
0.2858442922146107,0.7736270233880431
0.2858642932146607,0.23718209181754138
0.28588429421471073,0.768747168862995
0.28590429521476074,0.29376457003635204
0.28592429621481075,0.7622285878477502
0.28594429721486075,0.35311855336385944
0.28596429821491076,0.7538675190717319
0.28598429921496077,0.4115585660188076
0.2860043002150108,0.7434070896029975
0.2860243012150608,0.4665836412365473
0.2860443022151108,0.7305263651529619
0.28606430321516074,0.5167701505147426
0.2860843042152108,0.7148276585972752
0.28610430521526076,0.5615147240649242
0.28612430621531076,0.6958228456400793
0.28614430721536077,0.6007606258952759
0.2861643082154108,0.6729207460199801
0.2861843092154608,0.634772154805922
0.2862043102155108,0.6454202286925136
0.2862243112155608,0.6639733612382385
0.2862443122156108,0.612518607638314
0.2862643132156608,0.6888437629142883
0.28628431421571077,0.5733536399334294
0.28630431521576083,0.7098564776803116
0.2863243162158108,0.5271117350924067
0.2863443172158608,0.7274447698116816
0.2863643182159108,0.47325491113048057
0.2863843192159608,0.7419861787927337
0.2864043202160108,0.41193719723091543
0.2864243212160608,0.7537967207587521
0.2864443222161108,0.34466942311864485
0.28646432321616083,0.7631302864181848
0.28648432421621084,0.27518302469853634
0.2865043252162608,0.7701801950223278
0.28652432621631085,0.21014811621463492
0.2865443272163608,0.7750810419729273
0.2865643282164108,0.15895184808749008
0.2865843292164608,0.7779096797132824
0.2866043302165108,0.1316110461968221
0.28662433121656083,0.7786845499529558
0.28664433221661084,0.1349295967817168
0.28666433321666085,0.7773627488462663
0.28668433421671086,0.1690576729381755
0.28670433521676086,0.7738342293721928
0.28672433621681087,0.22724798214556002
0.2867443372168609,0.767912480552214
0.28676433821691083,0.299093264165105
0.2867843392169609,0.7593209261420794
0.28680434021701084,0.3746136996815354
0.28682434121706085,0.7476742452466257
0.28684434221711086,0.4466823058153299
0.28686434321716087,0.7324540210453842
0.2868843442172109,0.5113875303102272
0.2869043452172609,0.7129789850585403
0.2869243462173109,0.5672686106477525
0.2869443472173609,0.688372544869114
0.2869643482174109,0.6143424137865826
0.28698434921746085,0.657536158628837
0.2870043502175109,0.6533476911165723
0.28702435121756087,0.6191502070724139
0.2870443522176109,0.685276212575942
0.2870643532176609,0.5717509792683072
0.2870843542177109,0.7111233884033569
0.2871043552177609,0.513982293814695
0.2871243562178109,0.7317744074737521
0.2871443572178609,0.44519528043054135
0.2871643582179109,0.7479635796311745
0.2871843592179609,0.3666268973221509
0.2872043602180109,0.7602686654335409
0.28722436121806094,0.28324368908388686
0.2872443622181109,0.7691190584088635
0.2872643632181609,0.2055919886297271
0.2872843642182109,0.7748068697819415
0.2873043652182609,0.14948155404104102
0.2873243662183109,0.7774954327408468
0.28734436721836093,0.13073887440239582
0.28736436821841094,0.7772223948284904
0.28738436921846094,0.15624017253744324
0.28740437021851095,0.7738956442240765
0.28742437121856096,0.21895275487070967
0.28744437221861097,0.7672805527980057
0.2874643732186609,0.3025808714925327
0.287484374218711,0.7569768817060458
0.28750437521876093,0.39075020332441074
0.28752437621881094,0.7423836330648641
0.28754437721886095,0.47261201538386516
0.28756437821891095,0.7226509297675657
0.28758437921896096,0.543229719447485
0.28760438021901097,0.6966214627922886
0.287624381219061,0.6015876406812403
0.287644382219111,0.6627743993611469
0.287664383219161,0.6485964298308243
0.28768438421921094,0.6192114059160682
0.287704385219261,0.6858304754925424
0.28772438621931096,0.5637866975814535
0.28774438721936096,0.7148993764662324
0.28776438821941097,0.49460977922106397
0.287784389219461,0.7371946554859521
0.287804390219511,0.4113461025535173
0.287824391219561,0.7538190252075304
0.287844392219611,0.3178264589382648
0.287864393219661,0.76559041783923
0.287884394219711,0.22569571529163457
0.28790439521976097,0.7730683815614943
0.28792439621981103,0.15595944011981955
0.287944397219861,0.7765795353558657
0.287964398219911,0.13212719651628038
0.287984399219961,0.7762321822999925
0.288004400220011,0.1646288621941532
0.288024401220061,0.7719155146309759
0.288044402220111,0.2417739899180958
0.288064403220161,0.7632803454037286
0.28808440422021103,0.3392621401361485
0.28810440522026104,0.7496982992700346
0.28812440622031105,0.4359577270779831
0.28814440722036105,0.7301967498169447
0.288164408220411,0.5205566370042544
0.288184409220461,0.703370615701084
0.288204410220511,0.5897146601593632
0.288224411220561,0.6672869486936226
0.28824441222061103,0.6441865814814023
0.28826441322066104,0.6194427210109872
0.28828441422071105,0.6861472255715916
0.28830441522076106,0.556952109256203
0.28832441622081106,0.7178957826264483
0.28834441722086107,0.47739718181529767
0.2883644182209111,0.7413777194911768
0.28838441922096103,0.3811860942313874
0.2884044202210111,0.7580749285926728
0.28842442122106104,0.2762903175964686
0.28844442222111105,0.7690285087596991
0.28846442322116106,0.18373172820654132
0.28848442422121107,0.7748911497579243
0.2885044252212611,0.13518818038614183
0.2885244262213111,0.7759689016080616
0.2885444272213611,0.15337120262480666
0.2885644282214111,0.7722374673052111
0.2885844292214611,0.23078269108577748
0.28860443022151105,0.763326465276013
0.2886244312215611,0.33679164351310054
0.28864443222161107,0.7484666504662492
0.2886644332216611,0.4425731937948792
0.2886844342217111,0.7263958565860176
0.2887044352217611,0.5333053180716087
0.2887244362218111,0.6952268565876022
0.2887444372218611,0.6053762116902908
0.2887644382219111,0.6523120330300112
0.2887844392219611,0.6603902199226983
0.2888044402220111,0.5942416430993266
0.2888244412220611,0.7013894629920635
0.28884444222211114,0.517389070741123
0.2888644432221611,0.7312630121354798
0.2888844442222111,0.4200124235198398
0.2889044452222611,0.7522775187147578
0.2889244462223111,0.3075697652945613
0.2889444472223611,0.7660365639903671
0.28896444822241113,0.20109172381743137
0.28898444922246114,0.7735576054786153
0.28900445022251114,0.13876143871123992
0.28902445122256115,0.7753497059409497
0.28904445222261116,0.15280778972076803
0.28906445322266117,0.7714530161851213
0.2890844542227111,0.23672188985737527
0.2891044552227612,0.7614264732186943
0.28912445622281113,0.3521040278302425
0.28914445722286114,0.7442758472323012
0.28916445822291115,0.4640577395360449
0.28918445922296115,0.7183167177480246
0.28920446022301116,0.5567669320250326
0.28922446122306117,0.6809837738328486
0.2892444622231112,0.6279097504142398
0.2892644632231612,0.6286708638447496
0.2892844642232112,0.6804508915609233
0.28930446522326114,0.5569279532332901
0.2893244662233112,0.7182736098183615
0.28934446722336116,0.46199219012756615
0.28936446822341116,0.7446570607462365
0.28938446922346117,0.3458176362669539
0.2894044702235112,0.7619701074057819
0.2894244712235612,0.2264978223225165
0.2894444722236112,0.7717404688984041
0.2894644732236612,0.14597216276746028
0.2894844742237112,0.7747796913903724
0.2895044752237612,0.14840949386276858
0.28952447622381117,0.7712618882832921
0.28954447722386123,0.2335388652651323
0.2895644782239112,0.7607261265725448
0.2895844792239612,0.3564819049570857
0.2896044802240112,0.7419898880018412
0.2896244812240612,0.4747939144600437
0.2896444822241112,0.7129666437424649
0.2896644832241612,0.5704663509683002
0.2896844842242112,0.6704102220956084
0.28970448522426123,0.6419129443738998
0.28972448622431124,0.6097440104492653
0.28974448722436125,0.6932155751055896
0.28976448822441125,0.5255987254489688
0.2897844892244612,0.728990702303683
0.28980449022451127,0.41492156975256894
0.2898244912245612,0.7528626900783919
0.2898444922246112,0.28626005471379967
0.28986449322466123,0.7672829513815975
0.28988449422471124,0.17465610519029046
0.28990449522476125,0.7736843925352199
0.28992449622481126,0.13732717400297761
0.28994449722486126,0.7726346658624094
0.28996449822491127,0.2003414727505845
0.2899844992249613,0.7638943565291274
0.29000450022501123,0.3241950719675326
0.2900245012250613,0.7463533071626712
0.29004450222511124,0.45300576915100776
0.29006450322516125,0.7178327798136365
0.29008450422521126,0.5586813017364894
0.29010450522526127,0.6747712393653416
0.2901245062253113,0.6368910666973587
0.2901445072253613,0.6119693914949698
0.2901645082254113,0.6920813625717563
0.2901845092254613,0.5231712764474026
0.2902045102255113,0.7297556730157609
0.29022451122556125,0.40498044827719804
0.2902445122256113,0.7542084610339852
0.29026451322566127,0.26908419707967807
0.2902845142257113,0.768266337438816
0.2903045152257613,0.1607119521732914
0.2903245162258113,0.7734968675726861
0.2903445172258613,0.1451953975344069
0.2903645182259113,0.7704014556111222
0.2903845192259613,0.2352624828806107
0.2904045202260113,0.7584682267744243
0.2904245212260613,0.37240412752781726
0.29044452222611133,0.7360519357686524
0.29046452322616134,0.5001046702765584
0.2904845242262113,0.7000720008169515
0.29050452522626136,0.5982388419517236
0.2905245262263113,0.6456049422608032
0.2905445272263613,0.6677907107362495
0.2905645282264113,0.5658597301621856
0.29058452922646133,0.7151043527764503
0.29060453022651134,0.45449368787965944
0.29062453122656134,0.745933748101966
0.29064453222661135,0.3156160479382849
0.29066453322666136,0.7642459787391791
0.29068453422671137,0.18590533247981286
0.2907045352267613,0.7723543130750004
0.2907245362268114,0.13915968498088083
0.29074453722686133,0.771203082709155
0.29076453822691134,0.2129473647743209
0.29078453922696135,0.7604989838171925
0.29080454022701135,0.3529690032824003
0.29082454122706136,0.7386193183102501
0.29084454222711137,0.48935970055135114
0.2908645432271614,0.7022798799549387
0.2908845442272114,0.5942661946492505
0.2909045452272614,0.6460424009876677
0.29092454622731134,0.6676229349592603
0.2909445472273614,0.5622482330159673
0.29096454822741136,0.716608360683803
0.29098454922746136,0.4438947735434913
0.29100455022751137,0.7477700522374519
0.2910245512275614,0.29751657683768507
0.2910445522276114,0.7655157495788405
0.2910645532276614,0.17042900936805216
0.2910845542277114,0.7723017176269369
0.2911045552277614,0.14652771103612697
0.2911245562278114,0.7689754505313638
0.2911445572278614,0.2473454688734239
0.29116455822791143,0.7549000632870378
0.2911845592279614,0.3975516062605503
0.29120456022801144,0.7277818561349025
0.2912245612280614,0.529980555136076
0.2912445622281114,0.6831974035840767
0.2912645632281614,0.6263386096494217
0.2912845642282114,0.6140472972013978
0.2913045652282614,0.6912775414435296
0.29132456622831143,0.5113029227892856
0.29134456722836144,0.7330797743809305
0.29136456822841145,0.37132394473881275
0.29138456922846145,0.7580792602831363
0.2914045702285114,0.2203935988547613
0.29142457122856147,0.7701122784287561
0.2914445722286114,0.14046645161756635
0.2914645732286614,0.7709388800279238
0.29148457422871143,0.200281643353936
0.29150457522876144,0.7605404409812299
0.29152457622881145,0.34853065668951017
0.29154457722886146,0.7370682768231713
0.29156457822891146,0.49552663670664465
0.29158457922896147,0.6964044402726087
0.2916045802290115,0.6055561393281284
0.29162458122906143,0.6314806063380863
0.2916445822291115,0.6796414454775739
0.29166458322916144,0.532490599608766
0.29168458422921145,0.7269831408125601
0.29170458522926146,0.39305946288670696
0.29172458622931147,0.7552105021822556
0.2917445872293615,0.23498062880495
0.2917645882294115,0.7690217067634527
0.2917845892294615,0.14242879046844778
0.2918045902295115,0.7706277030311371
0.2918245912295615,0.19757807904921615
0.2918445922296115,0.760148077705394
0.2918645932296615,0.3502167952674831
0.29188459422971147,0.7355856537419639
0.29190459522976153,0.501393400534934
0.2919245962298115,0.6923226519863049
0.2919445972298615,0.6126793729898254
0.2919645982299115,0.6223402078019091
0.2919845992299615,0.6861745417391542
0.2920046002300115,0.5147446535772381
0.2920246012300615,0.7320853366904352
0.2920446022301115,0.36467123799143036
0.29206460323016153,0.7584409301981101
0.29208460423021154,0.20619183955875614
0.2921046052302615,0.769944808229381
0.29212460623031156,0.14256231406796202
0.2921446072303615,0.7685483249720603
0.2921646082304115,0.2365695608323906
0.2921846092304615,0.753831642781087
0.29220461023051153,0.40180892437036236
0.29222461123056154,0.7228395098527166
0.29224461223061154,0.5453559155337191
0.29226461323066155,0.6693554832910107
0.29228461423071156,0.6447322851740224
0.29230461523076157,0.5831696566907736
0.2923246162308115,0.707940964874742
0.2923446172308616,0.45289515320705764
0.29236461823091153,0.7457216792683635
0.29238461923096154,0.2856531589216658
0.29240462023101155,0.7652830963545368
0.29242462123106155,0.1552582186539713
0.29244462223111156,0.770306273920687
0.29246462323116157,0.17756478830576508
0.2924846242312116,0.7616089791786189
0.2925046252312616,0.3305392044650739
0.2925246262313116,0.7372894184817574
0.2925446272313616,0.4937649922898385
0.2925646282314116,0.6921736656892362
0.29258462923146156,0.6131667269913587
0.2926046302315116,0.6168156540578835
0.29262463123156157,0.6899152040844589
0.2926446322316116,0.4983281115771089
0.2926646332316616,0.7361540311697765
0.2926846342317116,0.33385281960105145
0.2927046352317616,0.7611215259953035
0.2927246362318116,0.17774905648278824
0.2927446372318616,0.7698730400341818
0.2927646382319116,0.15835350272918602
0.29278463923196163,0.7640590275900103
0.2928046402320116,0.29797285298344184
0.29282464123206164,0.7422825699278216
0.2928446422321116,0.47023205930182205
0.2928646432321616,0.6996448470326665
0.2928846442322116,0.6001060150470855
0.2929046452322616,0.6266454061892291
0.2929246462323116,0.6834750722268575
0.29294464723236163,0.5095340418694391
0.29296464823241164,0.7332960106252352
0.29298464923246165,0.3431245472222105
0.29300465023251165,0.7600209271062017
0.2930246512325616,0.18087579781144675
0.29304465223261167,0.7693966901696747
0.2930646532326616,0.15948891449183877
0.2930846542327116,0.7633137575516993
0.29310465523276164,0.30428639466868423
0.29312465623281164,0.7402388501943913
0.29314465723286165,0.47968550583279945
0.29316465823291166,0.6946979047123419
0.29318465923296166,0.6090634971776498
0.29320466023301167,0.6160495114188504
0.2932246612330617,0.6904936530282674
0.2932446622331117,0.48943079626357583
0.2932646632331617,0.738051380950615
0.29328466423321164,0.313640852224152
0.2933046652332617,0.7623711892718917
0.29332466623331166,0.16253838661582157
0.29334466723336167,0.7689574029494283
0.2933646682334117,0.1812626835588187
0.2933846692334617,0.7591607071058022
0.2934046702335117,0.3491698240986984
0.2934246712335617,0.7304836657179224
0.2934446722336117,0.5197694158913112
0.2934646732336617,0.6757721625888381
0.2934846742337117,0.6372522941329793
0.29350467523376167,0.581944740168232
0.29352467623381173,0.7085453860465858
0.2935446772338617,0.43395239890008463
0.2935646782339117,0.7483974487535687
0.2935846792339617,0.24826483796767881
0.2936046802340117,0.7663373831778794
0.2936246812340617,0.1453509751712938
0.2936446822341117,0.7665822501516686
0.2936646832341617,0.24254369076331886
0.29368468423421173,0.749004859875109
0.29370468523426174,0.42977336056370746
0.2937246862343117,0.7089992362276988
0.29374468723436176,0.5809565742717846
0.2937646882344117,0.6361626931523735
0.2937846892344617,0.6766531972162896
0.2938046902345117,0.5140758159567039
0.29382469123456173,0.731893258459472
0.29384469223461174,0.3356168649740155
0.29386469323466174,0.7600277575576334
0.29388469423471175,0.1698266780688424
0.29390469523476176,0.7681252907696847
0.29392469623481177,0.1805957774873609
0.2939446972348618,0.7580751090468892
0.2939646982349118,0.35573954530621416
0.29398469923496173,0.7270676950145972
0.2940047002350118,0.5312413563117027
0.29402470123506175,0.6666243255370968
0.29404470223511175,0.6483358889732548
0.29406470323516176,0.5612209359506781
0.29408470423521177,0.7170099374629022
0.2941047052352618,0.3956950195751338
0.2941247062353118,0.7534517735075696
0.2941447072353618,0.2071157120920872
0.2941647082354118,0.7672666100172301
0.2941847092354618,0.15617883225078705
0.29420471023551176,0.7619780617912529
0.2942247112355618,0.3082613953834604
0.29424471223561177,0.735956784788192
0.2942647132356618,0.49719939825717085
0.2942847142357118,0.681772613487219
0.2943047152357618,0.6293245223671411
0.2943247162358118,0.584503737048005
0.2943447172358618,0.707338724853036
0.2943647182359118,0.4261650047004554
0.2943847192359618,0.7491311758779656
0.29440472023601183,0.23015261718516103
0.2944247212360618,0.7661625030944728
0.29444472223611184,0.1505345285906285
0.2944647232361618,0.7630261825073135
0.2944847242362118,0.289592943521683
0.2945047252362618,0.7386356065409114
0.2945247262363118,0.4847238457027311
0.2945447272363618,0.6857338096590946
0.29456472823641183,0.6235950214326541
0.29458472923646184,0.5890711513270546
0.29460473023651185,0.7051850951794878
0.29462473123656185,0.42946654537888324
0.29464473223661186,0.7484795124677279
0.29466473323666187,0.22999798449413122
0.2946847342367118,0.7658353518790804
0.29470473523676183,0.15223134948061573
0.29472473623681184,0.7621403950498893
0.29474473723686184,0.29881099861831206
0.29476473823691185,0.7361013712939581
0.29478473923696186,0.4956829461183214
0.29480474023701186,0.6796636791014428
0.29482474123706187,0.6322571957531293
0.2948447422371119,0.5760903980893957
0.2948647432371619,0.7109675042574208
0.2948847442372119,0.40620108490527984
0.29490474523726184,0.7515735031481218
0.2949247462373119,0.20712398291373638
0.29494474723736186,0.7661750293569295
0.29496474823741187,0.16359943679215716
0.2949847492374619,0.7590179822630706
0.2950047502375119,0.33602986916915645
0.2950247512375619,0.7276942747033409
0.2950447522376119,0.5280690008856708
0.2950647532376619,0.6621576873038703
0.2950847542377119,0.6532834149236736
0.2951047552377619,0.5429807614855622
0.29512475623781187,0.7231135834273855
0.29514475723786193,0.3547184413258135
0.2951647582379119,0.7571461273935912
0.2951847592379619,0.17138886979903953
0.2952047602380119,0.7659474037234654
0.2952247612380619,0.19919646130285765
0.2952447622381119,0.7520917168632743
0.2952647632381619,0.40035971814651594
0.2952847642382119,0.7109173094531518
0.29530476523826193,0.5760629169124584
0.29532476623831194,0.6288311013602538
0.29534476723836195,0.6821020444170737
0.29536476823841196,0.48329199684001556
0.2953847692384619,0.7385075005452381
0.2954047702385119,0.2755925461901493
0.2954247712385619,0.7628093764287249
0.29544477223861193,0.14997528655426284
0.29546477323866194,0.7628007658195591
0.29548477423871194,0.2751464633884228
0.29550477523876195,0.7382620059492333
0.29552477623881196,0.4842845231139235
0.29554477723886197,0.6807361218269977
0.295564778238912,0.6307509057894847
0.295584779238962,0.5712635796034836
0.29560478023901193,0.7128175588668693
0.295624781239062,0.3885880955186383
0.29564478223911195,0.753195455203851
0.29566478323916195,0.18756904627162665
0.29568478423921196,0.765307052000691
0.29570478523926197,0.18742920745615568
0.295724786239312,0.7530507753292067
0.295744787239362,0.3894719694840479
0.295764788239412,0.7119911051086384
0.295784789239462,0.5732802906558269
0.295804790239512,0.6276331079636565
0.29582479123956196,0.682937737919839
0.295844792239612,0.4754555137484555
0.29586479323966197,0.7398740896983109
0.295884794239712,0.2605491721898388
0.295904795239762,0.7630352125022378
0.295924796239812,0.152929551020943
0.295944797239862,0.7603550172178072
0.295964798239912,0.3066230905778965
0.295984799239962,0.7306606127747927
0.296004800240012,0.5159995548120787
0.29602480124006203,0.6630454143300073
0.296044802240112,0.6523560814107509
0.29606480324016204,0.5346604606919629
0.296084804240212,0.7254095692131332
0.296104805240262,0.32959450894490394
0.296124806240312,0.7584763133044781
0.296144807240362,0.15770555114950435
0.296164808240412,0.763332825560764
0.29618480924046203,0.24634548555041863
0.29620481024051204,0.7415154057679741
0.29622481124056205,0.46601379985929453
0.29624481224061205,0.684729192593081
0.29626481324066206,0.6250132676043358
0.29628481424071207,0.5722982346483751
0.296304815240762,0.712270941823222
0.2963248162408121,0.38034241926612394
0.29634481724086204,0.7535746772207472
0.29636481824091204,0.17758494922384171
0.29638481924096205,0.7640494665151377
0.29640482024101206,0.2101793269118256
0.29642482124106206,0.7473920771794399
0.29644482224111207,0.42929229354700704
0.2964648232411621,0.6970423237096293
0.2964848242412121,0.6046854691603089
0.2965048252412621,0.5937973646880361
0.29652482624131205,0.7026514418808947
0.2965448272413621,0.4107458947945074
0.29656482824141206,0.7498159273253321
0.29658482924146207,0.19490744686203304
0.2966048302415121,0.7638476179193487
0.2966248312415621,0.19329827202427327
0.2966448322416121,0.7499373638583899
0.2966648332416621,0.40946502717212535
0.2966848342417121,0.7024148070425159
0.2967048352417621,0.5942487401894677
0.2967248362418121,0.602525763780676
0.29674483724186207,0.6981494288262526
0.29676483824191213,0.42195462051960186
0.2967848392419621,0.7481619989283987
0.2968048402420121,0.20111844903893014
0.2968248412420621,0.7634782152865386
0.2968448422421121,0.19054807074533964
0.2968648432421621,0.7499589262889533
0.2968848442422121,0.40798019458947304
0.2969048452422621,0.7019291070131968
0.29692484624231213,0.5951412731676607
0.29694484724236214,0.5999203735850042
0.29696484824241215,0.6994781190183518
0.29698484924246216,0.41481473687677384
0.2970048502425121,0.7489581559448539
0.29702485124256217,0.19412833507783953
0.2970448522426121,0.7631330178992222
0.29706485324266213,0.2005529198557926
0.29708485424271214,0.7475676927214306
0.29710485524276214,0.42479166302128485
0.29712485624281215,0.695575952449859
0.29714485724286216,0.6071381071519428
0.29716485824291217,0.5856854328094423
0.2971848592429622,0.7063296236340465
0.2972048602430122,0.3890292202050778
0.29722486124306213,0.751893176038571
0.2972448622431122,0.1769946166112556
0.29726486324316215,0.7624497678144856
0.29728486424321215,0.22646930229501638
0.29730486524326216,0.7421987574289757
0.29732486624331217,0.45847769527929705
0.2973448672433622,0.6822615713319594
0.2973648682434122,0.6284081967615708
0.2973848692434622,0.5577819005950064
0.2974048702435122,0.7174443157311583
0.2974248712435622,0.3437282208702185
0.29744487224361216,0.7560412920147546
0.2974648732436622,0.15926349414063318
0.29748487424371217,0.7605075551011768
0.2975048752437622,0.2735257319883691
0.2975248762438122,0.7325246773305073
0.2975448772438622,0.5056928831855015
0.2975648782439122,0.6595744472737255
0.2975848792439622,0.6558425431452972
0.2976048802440122,0.5122862522657878
0.2976248812440622,0.730856541534512
0.29764488224411223,0.28011602669032815
0.29766488324416224,0.7599575649124997
0.29768488424421224,0.15897707283210594
0.2977048852442622,0.7557806806317106
0.29772488624431226,0.34383706375166534
0.2977448872443622,0.7162086059408194
0.2977648882444122,0.5609142531219043
0.2977848892444622,0.6232611581822629
0.29780489024451223,0.6856456068269177
0.29782489124456224,0.4437143753205193
0.29784489224461225,0.7442159768347694
0.29786489324466225,0.2085148516383136
0.29788489424471226,0.7617492318264748
0.29790489524476227,0.19859795463041627
0.2979248962448122,0.7459675047336851
0.2979448972448623,0.4316352300421472
0.29796489824491224,0.6893681243845139
0.29798489924496224,0.6173742822626213
0.29800490024501225,0.5664333907309956
0.29802490124506226,0.7140348159132716
0.29804490224511226,0.34821260447405283
0.29806490324516227,0.7550366367167052
0.2980849042452123,0.15977278926140875
0.2981049052452623,0.7590080757938854
0.2981249062453123,0.28825930633642644
0.29814490724536225,0.7275411840264701
0.2981649082454123,0.524122229060549
0.29818490924546226,0.6455440544508776
0.29820491024551227,0.6688262523647175
0.2982249112455623,0.47933917946882093
0.2982449122456123,0.7377447739722003
0.2982649132456623,0.23649829906312128
0.2982849142457123,0.760718646184126
0.2983049152457623,0.18233418484826172
0.2983249162458123,0.7484435250813303
0.2983449172458623,0.41054278790363097
0.2983649182459123,0.6947528828159966
0.29838491924596233,0.608011212794999
0.2984049202460123,0.5741280122315635
0.29842492124606235,0.7108560655073197
0.2984449222461123,0.35464846670132766
0.2984649232461623,0.754078734741042
0.2984849242462123,0.16087655445428103
0.2985049252462623,0.7581944390185211
0.2985249262463123,0.2942553184986629
0.29854492724636233,0.7249481888791335
0.29856492824641234,0.5326865648369823
0.29858492924646235,0.6376911844277653
0.29860493024651236,0.675102502166258
0.2986249312465623,0.4602642813601778
0.29864493224661237,0.7409380429982008
0.2986649332466623,0.21500509401371465
0.29868493424671233,0.7604116160629122
0.29870493524676234,0.2039644122401901
0.29872493624681234,0.7429790420855685
0.29874493724686235,0.4474579920989684
0.29876493824691236,0.6795896463602329
0.29878493924696237,0.6316346979409702
0.2988049402470124,0.5396854969208622
0.2988249412470624,0.7227221680138639
0.29884494224711233,0.29996304096030874
0.2988649432471624,0.7574256743448861
0.29888494424721235,0.1619108239934582
0.29890494524726235,0.7530624007026103
0.29892494624731236,0.36119504380517065
0.29894494724736237,0.7071185264424028
0.2989649482474124,0.5825274584355032
0.2989849492474624,0.5959646330210742
0.2990049502475124,0.7008414037885602
0.2990249512475624,0.38210884045386173
0.2990449522476124,0.7509366543562004
0.2990649532476624,0.16717461720235383
0.2990849542477124,0.7579050360131246
0.29910495524776237,0.28497252698103187
0.29912495624781243,0.7251086972637711
0.2991449572478624,0.5309714271935804
0.2991649582479124,0.6350573336345569
0.2991849592479624,0.6769081339367065
0.2992049602480124,0.44876160364017037
0.2992249612480624,0.7423571083542229
0.2992449622481124,0.2011457999850893
0.29926496324816243,0.7593625995619513
0.29928496424821244,0.22742871543858026
0.29930496524826244,0.736700656187616
0.2993249662483124,0.48097206632767664
0.29934496724836246,0.6619318646884725
0.2993649682484124,0.6527893065175222
0.2993849692484624,0.4985973554647374
0.2994049702485124,0.7329713428895452
0.29942497124856243,0.24404414335568558
0.29944497224861244,0.7587945984254608
0.29946497324866245,0.19100747675707438
0.29948497424871245,0.743969651807385
0.29950497524876246,0.43659162617442965
0.29952497624881247,0.6801040987964613
0.2995449772488624,0.6305076924312729
0.2995649782489125,0.5339301710828261
0.29958497924896244,0.7239764850187684
0.29960498024901244,0.2832889792029679
0.29962498124906245,0.7572413846219174
0.29964498224911246,0.17218686773148473
0.29966498324916246,0.7483121267264522
0.29968498424921247,0.40110266863020133
0.2997049852492625,0.6919254263886768
0.2997249862493125,0.6120335642290906
0.2997449872493625,0.5574573215912196
0.2997649882494125,0.7164463447945414
0.2997849892494625,0.31302045665547046
0.29980499024951246,0.7554990431284991
0.2998249912495625,0.1647166149080422
0.2998449922496125,0.7506641153317607
0.2998649932496625,0.37652846832978115
0.2998849942497125,0.6989057047831108
0.2999049952497625,0.5990404479496133
0.2999249962498125,0.5712747048375405
0.2999449972498625,0.7112532603439029
0.2999649982499125,0.3311800421869208
0.2999849992499625,0.7541384355541048
0.30000500025001253,0.16284324755579893
0.3000250012500625,0.7516176903832806
0.30004500225011255,0.3637567014352308
0.3000650032501625,0.70193872502565
0.3000850042502125,0.5926996674990299
0.3001050052502625,0.576694662609184
0.3001250062503125,0.7089816815012764
0.3001450072503625,0.33730286677530047
0.30016500825041253,0.7534989542426744
0.30018500925046254,0.1630265928621812
0.30020501025051255,0.7514788270293794
0.30022501125056256,0.3629961061267497
0.3002450122506125,0.7014337713261017
0.30026501325066257,0.5935540179600749
0.3002850142507125,0.5742722707312028
0.30030501525076253,0.7098623635381722
0.30032501625081254,0.33140592902732113
0.30034501725086254,0.7536776420082707
0.30036501825091255,0.16445926300133024
0.30038501925096256,0.7502921499555472
0.30040502025101257,0.3741675902868054
0.3004250212510626,0.6973750140982706
0.3004450222511126,0.6014712403652737
0.3004650232511626,0.5638439645991408
0.3004850242512126,0.7137462958572116
0.30050502525126255,0.3136732285214158
0.3005250262513126,0.7545257484682882
0.30054502725136256,0.16908322934017828
0.30056502825141257,0.7478450812464214
0.3005850292514626,0.3969467923967107
0.3006050302515126,0.6893223073761376
0.3006250312515626,0.6156643483352618
0.3006450322516126,0.5445305089206443
0.3006650332516626,0.7201250971487582
0.3006850342517126,0.28477533981057485
0.3007050352517626,0.755656036040957
0.30072503625181257,0.18130794883940016
0.30074503725186263,0.7436534886568262
0.3007650382519126,0.43044620362202335
0.3007850392519626,0.67635460196112
0.3008050402520126,0.6347773105532778
0.3008250412520626,0.5147263646951459
0.3008450422521126,0.728191933125641
0.3008650432521626,0.24693130720807013
0.30088504425221263,0.7564554051444432
0.30090504525226264,0.207022834004891
0.30092504625231264,0.7369211644501206
0.3009450472523626,0.4727893270815161
0.30096504825241266,0.6569460610967155
0.3009850492524626,0.6570421212242766
0.3010050502525126,0.4721921375408812
0.3010250512525626,0.7369254940933921
0.30104505225261263,0.2059232817144056
0.30106505325266264,0.7560892834595829
0.30108505425271265,0.2513250833546872
0.30110505525276265,0.7264547626267729
0.30112505625281266,0.5209558762596329
0.30114505725286267,0.6287615207289744
0.3011650582529127,0.6804942477095147
0.3011850592529627,0.4146026048683439
0.30120506025301264,0.7451707727939034
0.3012250612530627,0.17361804632198888
0.30124506225311265,0.7534766243513445
0.30126506325316266,0.315314251758898
0.30128506425321266,0.7105025295029029
0.30130506525326267,0.5711375516212861
0.3013250662533127,0.5883878473157886
0.3013450672533627,0.7031975884572801
0.3013650682534127,0.34145290679011464
0.3013850692534627,0.7516859834428798
0.3014050702535127,0.1681717696479344
0.30142507125356266,0.7472054849958859
0.3014450722536127,0.39407971314763646
0.3014650732536627,0.6864692623835298
0.3014850742537127,0.6194806971759504
0.3015050752537627,0.5311777823732833
0.3015250762538127,0.723409142192659
0.3015450772538627,0.2590059818851001
0.3015650782539127,0.7551243220355127
0.3015850792539627,0.2065794937392495
0.3016050802540127,0.7353447760350793
0.30162508125406273,0.47815174734403976
0.3016450822541127,0.65045445638175
0.30166508325416275,0.6628070431640267
0.3016850842542127,0.4519895596421683
0.3017050852542627,0.7396260430329753
0.3017250862543127,0.18873737900162005
0.3017450872543627,0.7539169278496567
0.30176508825441273,0.2903426295473719
0.30178508925446274,0.7150820612294498
0.30180509025451274,0.5576436864153106
0.30182509125456275,0.5966450413237709
0.30184509225461276,0.6989548395140488
0.30186509325466276,0.3494008892202091
0.30188509425471277,0.7504888273935779
0.3019050952547627,0.16946196509225417
0.30192509625481273,0.7460088335655477
0.30194509725486274,0.40018622765946466
0.30196509825491274,0.6820825947501252
0.30198509925496275,0.6257141890869342
0.30200510025501276,0.5171339966904046
0.30202510125506277,0.7266656169763497
0.3020451022551128,0.23869828809865412
0.3020651032551628,0.7545317307372864
0.3020851042552128,0.23058187411696401
0.3021051052552628,0.7283591653672551
0.30212510625531275,0.5098109302578764
0.3021451072553628,0.6294913588889507
0.30216510825541276,0.6793393849038645
0.30218510925546277,0.40506723223200086
0.3022051102555128,0.7451579297641491
0.3022251112555628,0.17056161485715518
0.3022451122556128,0.7497464985400775
0.3022651132556628,0.35339814206801806
0.3022851142557128,0.6960437166337531
0.3023051152557628,0.601808387854306
0.3023251162558128,0.5470381961039636
0.30234511725586277,0.7181204482337621
0.30236511825591283,0.27043636128125703
0.3023851192559628,0.7535380641162778
0.3024051202560128,0.20849574773845964
0.3024251212560628,0.7328447997607866
0.3024451222561128,0.48738538964663225
0.3024651232561628,0.6407730315526896
0.3024851242562128,0.6705741942799617
0.30250512525626283,0.4238951346120612
0.30252512625631284,0.7426288215307307
0.30254512725636284,0.17481302810230118
0.30256512825641285,0.7500570090538242
0.30258512925646286,0.34270674802423573
0.3026051302565128,0.6979611181240838
0.3026251312565628,0.5975935699673447
0.3026451322566128,0.5493554418640306
0.30266513325666283,0.7171363085603282
0.30268513425671284,0.27028296236249105
0.30270513525676285,0.7530185876577301
0.30272513625681285,0.21260581984064672
0.30274513725686286,0.7310110956356572
0.30276513825691287,0.4950581940491562
0.3027851392569629,0.6344743520077877
0.3028051402570129,0.6752500389814283
0.30282514125706284,0.40800973707510607
0.3028451422571129,0.7441020563087077
0.30286514325716285,0.17153104040473688
0.30288514425721286,0.7478094594001066
0.30290514525726286,0.3679979713581081
0.30292514625731287,0.6888203465864866
0.3029451472573629,0.6139899233825842
0.3029651482574129,0.525048561021779
0.3029851492574629,0.7238507383178286
0.3030051502575129,0.23897697707272406
0.3030251512575629,0.7527977707359397
0.30304515225761286,0.24454155082104284
0.3030651532576629,0.7222643822488549
0.3030851542577129,0.5308128138736661
0.3031051552577629,0.6088444443248171
0.3031251562578129,0.6916300812172768
0.3031451572578629,0.3564771754712113
0.3031651582579129,0.7483006110327038
0.3031851592579629,0.1752845357376476
0.3032051602580129,0.741453649212504
0.3032251612580629,0.42736184271424615
0.30324516225811293,0.665452658987177
0.3032651632581629,0.6461397792507104
0.30328516425821295,0.46854486155291
0.3033051652582629,0.7353770323915285
0.3033251662583129,0.1915907106255323
0.3033451672583629,0.7504532532571383
0.3033651682584129,0.31566911711144063
0.30338516925846293,0.7027615878009278
0.30340517025851294,0.5861180673476629
0.30342517125856294,0.5559735786621552
0.30344517225861295,0.7143352722163168
0.30346517325866296,0.2714603426179427
0.30348517425871296,0.7516921738801229
0.30350517525876297,0.22170058165712725
0.3035251762588129,0.7266793474832719
0.303545177258863,0.5115664880333797
0.30356517825891294,0.6192708197186442
0.30358517925896294,0.6850877950650114
0.30360518025901295,0.37063895289663434
0.30362518125906296,0.7466230981427234
0.30364518225911297,0.1749751995001619
0.303665183259163,0.7411387926975324
0.303685184259213,0.4256229710906555
0.303705185259263,0.6638859821397722
0.303725186259313,0.6474693989937975
0.30374518725936295,0.4608761103554693
0.303765188259413,0.7361373615793608
0.30378518925946296,0.18630319895189362
0.30380519025951297,0.7487048641556053
0.303825191259563,0.33642013011926997
0.303845192259613,0.6949719761840772
0.303865193259663,0.6015913694140604
0.303885194259713,0.5332717330663549
0.303905195259763,0.7208325930218058
0.303925196259813,0.24045041620597676
0.303945197259863,0.7510826556752556
0.30396519825991297,0.2569397661489685
0.30398519925996303,0.7163795408456617
0.304005200260013,0.5482456132923528
0.304025201260063,0.5883879023285872
0.304045202260113,0.7011993168454114
0.304065203260163,0.3125125629152503
0.304085204260213,0.7494585797293759
0.304105205260263,0.20084000309703587
0.30412520626031303,0.7308148182597947
0.30414520726036304,0.489282956655522
0.30416520826041304,0.6294988714043068
0.30418520926046305,0.6777609959706505
0.30420521026051306,0.3841072074905262
0.304225211260563,0.7447183566754539
0.3042452122606131,0.17582416729829514
0.304265213260663,0.7401709303122791
0.30428521426071303,0.4277825182553548
0.30430521526076304,0.6599409171272497
0.30432521626081305,0.6511790009352023
0.30434521726086305,0.4466224732220585
0.30436521826091306,0.7375852206162763
0.30438521926096307,0.18011967317098848
0.3044052202610131,0.7458006631758073
0.3044252212610631,0.3677869938112297
0.30444522226111304,0.6824147244663382
0.3044652232611631,0.6223186142671602
0.30448522426121305,0.4978341379473318
0.30450522526126306,0.7287063029142457
0.30452522626131306,0.2050563966220009
0.30454522726136307,0.7487048896759816
0.3045652282614131,0.3135214722108136
0.3045852292614631,0.6989533566292244
0.3046052302615131,0.5922649511784887
0.3046252312615631,0.5384115286478133
0.3046452322616131,0.7187030559636385
0.30466523326166306,0.24041710572457411
0.3046852342617131,0.7496546473801872
0.3047052352617631,0.26833986139053195
0.3047252362618131,0.7110546037419891
0.3047452372618631,0.5622806986139851
0.3047652382619131,0.5699386501887481
0.3047852392619631,0.708194511775204
0.3048052402620131,0.27810460476789256
0.3048252412620631,0.7492670511801324
0.3048452422621131,0.23390380379024547
0.30486524326216313,0.7198201317000674
0.30488524426221314,0.5337108806966362
0.30490524526226315,0.5940554328871858
0.3049252462623131,0.6977989790816633
0.30494524726236316,0.3130731387190043
0.3049652482624131,0.7480500641507647
0.3049852492624631,0.2100000545612899
0.30500525026251313,0.7260638392673224
0.30502525126256314,0.507857868601882
0.30504525226261314,0.6121613904533327
0.30506525326266315,0.6881190886977053
0.30508525426271316,0.3427327012402054
0.30510525526276316,0.7464264312287088
0.30512525626281317,0.19499628852060782
0.3051452572628631,0.7303878847585049
0.3051652582629132,0.48586204106510344
0.30518525926296314,0.6253527438784471
0.30520526026301315,0.6797155995774911
0.30522526126306315,0.36602356860346497
0.30524526226311316,0.744743938662372
0.30526526326316317,0.18659806536553297
0.3052852642632132,0.733233281010538
0.3053052652632632,0.468620810100124
0.3053252662633132,0.6344407476848648
0.3053452672633632,0.6730759410483345
0.30536526826341315,0.3826797752228934
0.3053852692634632,0.7432772409313995
0.30540527026351316,0.18254443260441724
0.30542527126356317,0.7349123065665302
0.3054452722636132,0.456760956288361
0.3054652732636632,0.6399891985778586
0.3054852742637132,0.668583331385193
0.3055052752637632,0.39276460235865146
0.3055252762638132,0.7422252688933832
0.3055452772638632,0.18106615606274526
0.3055652782639132,0.735628435992173
0.3055852792639632,0.45065592672221866
0.30560528026401323,0.6423485358625304
0.3056252812640632,0.6664912910920059
0.30564528226411325,0.3964147337999092
0.3056652832641632,0.7417073004604765
0.3056852842642132,0.1811128452620532
0.3057052852642632,0.7354878068777106
0.3057252862643132,0.4504632569919794
0.30574528726436323,0.6416795744166381
0.30576528826441324,0.6669067971558248
0.30578528926446324,0.39371843382566674
0.30580529026451325,0.7417599063150817
0.30582529126456326,0.18243186985377347
0.3058452922646132,0.7345047887148349
0.3058652932646633,0.4561545523985011
0.3058852942647132,0.6379654493559139
0.30590529526476323,0.6697837387629874
0.30592529626481324,0.38467974598782223
0.30594529726486325,0.7423360823928883
0.30596529826491325,0.18557032305954288
0.30598529926496326,0.7326029903646585
0.30600530026501327,0.4675205943548317
0.3060253012650633,0.631011927837836
0.3060453022651133,0.6749270787097094
0.30606530326516324,0.36925093048677377
0.3060853042652133,0.7433069426563944
0.30610530526526325,0.19182006515958433
0.30612530626531326,0.72961195101593
0.30614530726536326,0.48415117732864327
0.30616530826541327,0.62043657831732
0.3061853092654633,0.682007158469599
0.3062053102655133,0.3474432526702965
0.3062253112655633,0.7444654104325875
0.3062453122656133,0.203069808621814
0.3062653132656633,0.7252587166399287
0.3062853142657133,0.5054058609934712
0.3063053152657633,0.6056479033428537
0.3063253162658133,0.690582618689125
0.30634531726586334,0.3195531029292594
0.3063653182659133,0.7455304641884057
0.3063853192659633,0.22149356957486885
0.3064053202660133,0.7191524326888343
0.3064253212660633,0.5304010929520858
0.3064453222661133,0.5858180903853848
0.3064653232661633,0.7001292262948671
0.30648532426621333,0.2865620237671738
0.30650532526626334,0.7461496936104498
0.30652532626631335,0.24902616552876944
0.3065453272663633,0.7107589254976193
0.30656532826641336,0.5580363558525266
0.3065853292664633,0.5598606399394968
0.3066053302665133,0.710070607717325
0.30662533126656333,0.2507594752566669
0.30664533226661334,0.7458971839480862
0.30666533326666334,0.2866861851974237
0.30668533426671335,0.6993610180071592
0.30670533526676336,0.5870670495902794
0.30672533626681336,0.5264435400360903
0.30674533726686337,0.719805875076962
0.3067653382669133,0.2165242017128338
0.3067853392669634,0.7442629698469616
0.30680534026701334,0.3339785391464746
0.30682534126706335,0.6839993460697463
0.30684534226711335,0.6162112289229054
0.30686534326716336,0.48411366000944717
0.30688534426721337,0.7287287838388311
0.3069053452672634,0.19087084135979362
0.3069253462673134,0.7406292784772601
0.3069453472673634,0.38870584987436047
0.3069653482674134,0.6633890034421907
0.3069853492674634,0.6442617033150643
0.3070053502675134,0.4317014882060893
0.30702535126756336,0.7362334228952936
0.3070453522676134,0.18284256352735576
0.3070653532676634,0.7342272089351639
0.3070853542677134,0.4473783924786611
0.3071053552677634,0.635813683911482
0.3071253562678134,0.6701723989307344
0.3071453572678634,0.3693315217944267
0.3071653582679134,0.7417020726977851
0.3071853592679634,0.20072150166875719
0.3072053602680134,0.7240650617059458
0.30722536126806343,0.5060692083471457
0.3072453622681134,0.5990236852478245
0.30726536326816345,0.6930981131486607
0.3072853642682134,0.30048152356089775
0.3073053652682634,0.7444709544065303
0.3073253662683134,0.2475485091667669
0.3073453672683634,0.7088163476684214
0.30736536826841343,0.5612971267769767
0.30738536926846344,0.5502416316618034
0.30740537026851344,0.7123822960719649
0.30742537126856345,0.2350722924585587
0.30744537226861346,0.7437681584335414
0.3074653732686634,0.31819904366233953
0.3074853742687135,0.6866536410077617
0.3075053752687634,0.61056679493671
0.30752537626881343,0.486592711230875
0.30754537726886344,0.7274993594178417
0.30756537826891345,0.19131482806125438
0.30758537926896345,0.7386141419707972
0.30760538026901346,0.40127527905427063
0.30762538126906347,0.6550232800818884
0.3076453822691135,0.652462878578267
0.3076653832691635,0.40676202117526733
0.3076853842692135,0.7379613367171841
0.3077053852692635,0.19045587616827753
0.30772538626931345,0.7276681636495664
0.3077453872693635,0.48451190727140847
0.30776538826941346,0.6104097575954153
0.30778538926946347,0.6864266500148898
0.3078053902695135,0.3153479734908376
0.3078253912695635,0.7431933929514579
0.3078453922696135,0.2419455788101277
0.3078653932696635,0.708994765411572
0.3078853942697135,0.5591553509429301
0.3079053952697635,0.5483487921935023
0.3079253962698135,0.7124048963254149
0.3079453972698635,0.23040486172036734
0.30796539826991354,0.7423707291194879
0.3079853992699635,0.33280945919453964
0.3080054002700135,0.6797213957905134
0.3080254012700635,0.620998302816972
0.3080454022701135,0.46461632346310827
0.3080654032701635,0.7305005186899248
0.3080854042702135,0.18658381152859674
0.30810540527026353,0.7341922543180744
0.30812540627031354,0.43690699253317916
0.30814540727036355,0.6356024030758355
0.3081654082704135,0.669150855461462
0.30818540927046356,0.3600948690449668
0.3082054102705135,0.7406660917821675
0.3082254112705635,0.21528517262672078
0.30824541227061353,0.7165451418558452
0.30826541327066354,0.5326350048834534
0.30828541427071354,0.5707600820589938
0.30830541527076355,0.704358380730214
0.30832541627081356,0.2527878732273594
0.30834541727086356,0.7424152578220651
0.30836541827091357,0.30995467281673983
0.3083854192709636,0.6859998051242224
0.3084054202710136,0.6100059843840656
0.30842542127106354,0.47889250614796436
0.3084454222711136,0.7277460033081198
0.30846542327116355,0.18940992108596588
0.30848542427121356,0.7344836788715282
0.30850542527126357,0.429927186360466
0.3085254262713136,0.6371347336500132
0.3085454272713636,0.6674892930647005
0.3085654282714136,0.36017368591475246
0.3085854292714636,0.7400568989308064
0.3086054302715136,0.219030817155865
0.3086254312715636,0.7143371669738956
0.30864543227161356,0.5391304989510313
0.3086654332716636,0.5621466620391039
0.3086854342717136,0.7070623506253391
0.3087054352717636,0.2406594969828183
0.3087254362718136,0.7411546072159012
0.3087454372718636,0.3308274087194735
0.3087654382719136,0.6774110751516725
0.3087854392719636,0.6231941073435335
0.3088054402720136,0.4532618376304379
0.3088254412720636,0.7311369494238705
0.30884544227211363,0.1882601167016077
0.3088654432721636,0.729524075794752
0.30888544427221365,0.4643399927324038
0.3089054452722636,0.6161370561239025
0.3089254462723136,0.6817617302001927
0.3089454472723636,0.31645954456021796
0.3089654482724136,0.7411520414896425
0.30898544927246363,0.25514102966706254
0.30900545027251364,0.7015203828778299
0.30902545127256364,0.5760947369101657
0.30904545227261365,0.5200430501747777
0.30906545327266366,0.7187461646406492
0.30908545427271367,0.20469914793607663
0.3091054552727637,0.7368634293634091
0.3091254562728136,0.3956829585969459
0.30914545727286363,0.650190944950447
0.30916545827291364,0.6552587823912123
0.30918545927296365,0.3836605454183184
0.30920546027301365,0.7376071127186073
0.30922546127306366,0.21156053444647088
0.30924546227311367,0.7156025469685047
0.3092654632731637,0.531832812375624
0.3092854642732137,0.5642534150716103
0.3093054652732637,0.7056258222803623
0.3093254662733137,0.23973570430407415
0.30934546727336365,0.7396946877391527
0.3093654682734137,0.3415765642387325
0.30938546927346366,0.6710315484849952
0.30940547027351367,0.6311925769614004
0.3094254712735637,0.43231950067430824
0.3094454722736137,0.7328703554408825
0.3094654732736637,0.19421151912956702
0.3094854742737137,0.7233954416970935
0.3095054752737637,0.49591376103468593
0.3095254762738137,0.5915270112346749
0.3095454772738637,0.6942527958221406
0.3095654782739137,0.27240645627794224
0.30958547927396374,0.7402206399585747
0.3096054802740137,0.3057741880535843
0.3096254812740637,0.6828590178289317
0.3096454822741137,0.6129676982534329
0.3096654832741637,0.46231969033434595
0.3096854842742137,0.7287280370938434
0.3097054852742637,0.19090372319903431
0.30972548627431373,0.72715677169209
0.30974548727436374,0.47249335563480094
0.30976548827441375,0.6060021266843286
0.3097854892744637,0.6866518163721533
0.30980549027451376,0.29288126304371886
0.3098254912745637,0.7398619152695235
0.3098454922746137,0.28787391633049064
0.30986549327466373,0.6880820851877794
0.30988549427471374,0.603172612076715
0.30990549527476374,0.47559600046106265
0.30992549627481375,0.7263922870363455
0.30994549727486376,0.19170034853720777
0.30996549827491376,0.7281382702489053
0.30998549927496377,0.4638788112342683
0.3100055002750138,0.6100095551192122
0.3100255012750638,0.6841210242585098
0.31004550227511374,0.29783986676365104
0.3100655032751638,0.7393794919313015
0.31008550427521375,0.28623380249444574
0.31010550527526376,0.6878167493366609
0.31012550627531377,0.6031428165424215
0.3101455072753638,0.47343029227830774
0.3101655082754138,0.7264191566735682
0.3101855092754638,0.1923274562515581
0.3102055102755138,0.7267641478667292
0.3102255112755638,0.47068669556977993
0.3102455122756138,0.6042200545868821
0.31026551327566376,0.686935723261721
0.3102855142757138,0.28699085536639934
0.3103055152757638,0.7387882316779504
0.3103255162758138,0.30047426830884094
0.3103455172758638,0.6819697259531617
0.3103655182759138,0.6126057853595188
0.3103855192759638,0.45572214754155066
0.3104055202760138,0.7284584056422616
0.3104255212760638,0.19477560398132138
0.31044552227611383,0.7226362476845332
0.31046552327616384,0.4920613663390291
0.3104855242762138,0.5878334594177177
0.31050552527626385,0.6944351034170494
0.3105255262763138,0.2621745822905346
0.3105455272763638,0.7376276768764367
0.3105655282764138,0.33153565877427005
0.3105855292764638,0.66966052285853
0.31060553027651383,0.6301769368929405
0.31062553127656384,0.4214079681030294
0.31064553227661384,0.731873886914277
0.31066553327666385,0.20613553459500536
0.31068553427671386,0.7148939125782406
0.31070553527676387,0.5257621184256884
0.3107255362768139,0.5587032045247575
0.3107455372768638,0.7052385253166151
0.3107655382769139,0.22909983718676827
0.31078553927696384,0.7348513782247286
0.31080554027701385,0.37997621520153835
0.31082554127706385,0.6487470216198724
0.31084554227711386,0.6532237917245384
0.31086554327716387,0.36930333750261013
0.3108855442772139,0.7352203221706768
0.3109055452772639,0.23744253116080913
0.3109255462773139,0.7016087273441173
0.3109455472773639,0.5678299613439454
0.31096554827741385,0.5129701085354309
0.3109855492774639,0.7172146771678476
0.31100555027751386,0.20132154773835198
0.31102555127756387,0.7286368491278932
0.3110455522776139,0.4432515185848072
0.3110655532776639,0.615439227841135
0.3110855542777139,0.6783863411120942
0.3111055552777639,0.3016936663550354
0.3111255562778139,0.7365130986400924
0.3111455572778639,0.2974217640412411
0.3111655582779139,0.6796020709995744
0.3111855592779639,0.6130773951659418
0.31120556027801394,0.4458178113836231
0.3112255612780639,0.7278603363640149
0.3112455622781139,0.20218218111841788
0.3112655632781639,0.7162561600202922
0.3112855642782139,0.5144876177725959
0.3113055652782639,0.5638178747075895
0.3113255662783139,0.7021466798678875
0.31134556727836393,0.23274460225143268
0.31136556827841394,0.7331750728030918
0.31138556927846395,0.38405574550072685
0.31140557027851395,0.6437760313396057
0.31142557127856396,0.6561253238955925
0.3114455722786139,0.35538084857309216
0.311465573278664,0.7344276597116919
0.31148557427871393,0.25451529578931087
0.31150557527876394,0.6935551293674342
0.31152557627881394,0.5844540576986643
0.31154557727886395,0.48597128014754404
0.31156557827891396,0.7212147548777615
0.31158557927896396,0.1985042025148317
0.31160558027901397,0.7217015593095008
0.311625581279064,0.48263535417565684
0.311645582279114,0.5861108521065908
0.31166558327916394,0.6924498123695735
0.311685584279214,0.25607590339366726
0.31170558527926395,0.7337540309266828
0.31172558627931396,0.3569744132332998
0.31174558727936397,0.6538961706998715
0.311765588279414,0.6450805223539859
0.311785589279464,0.37682079051452955
0.311805590279514,0.7325186197795232
0.311825591279564,0.24260253520744202
0.311845592279614,0.696804698542854
0.311865593279664,0.574778071833887
0.31188559427971396,0.49548153408430784
0.311905595279764,0.718725785043518
0.311925596279814,0.20032703894953963
0.311945597279864,0.72159527474016
0.311965598279914,0.47862314138944695
0.311985599279964,0.5865291911528725
0.312005600280014,0.6914443122769517
0.312025601280064,0.2556365883531697
0.312045602280114,0.7326356772414062
0.31206560328016403,0.36276564534714706
0.31208560428021404,0.6496970135352915
0.31210560528026404,0.6483465413955586
0.31212560628031405,0.3655202614163555
0.312145607280364,0.7322492089339363
0.31216560828041406,0.25480170590882134
0.312185609280464,0.691132038686095
0.312205610280514,0.5862286325108776
0.31222561128056403,0.47667942914236316
0.31224561228061404,0.721218208211799
0.31226561328066404,0.2022635096480879
0.31228561428071405,0.7164650321378238
0.31230561528076406,0.5026976540057569
0.31232561628081407,0.5656623688985539
0.3123456172808641,0.6991178682063639
0.312365618280914,0.23292791837684862
0.3123856192809641,0.7295370095489992
0.31240562028101404,0.4006056656630459
0.31242562128106405,0.6301735460532779
0.31244562228111405,0.6645339607975292
0.31246562328116406,0.3227125982606501
0.31248562428121407,0.732611652778782
0.3125056252812641,0.2957150796618093
0.3125256262813141,0.6746430379537603
0.3125456272813641,0.6153565819450911
0.3125656282814141,0.4269654347810507
0.31258562928146405,0.7267641840569783
0.3126056302815141,0.22031105998464878
0.31262563128156406,0.7039054286274831
0.31264563228161407,0.5495285729462229
0.3126656332816641,0.5183431748399742
0.3126856342817141,0.7121715785971583
0.3127056352817641,0.20658278954339904
0.3127256362818141,0.7216104724087056
0.3127456372818641,0.46690774242338856
0.3127656382819141,0.5892294004269987
0.3127856392819641,0.6883041694153197
0.31280564028201413,0.2569712197939606
0.31282564128206414,0.7301720141756061
0.3128456422821141,0.37288293164235614
0.31286564328216415,0.6411476052023913
0.3128856442822141,0.654091132130047
0.3129056452822641,0.34327663744178283
0.3129256462823141,0.7310351420574829
0.3129456472823641,0.28264477920475495
0.31296564828241413,0.677874981666097
0.31298564928246414,0.608180703643806
0.31300565028251415,0.4346877663818484
0.31302565128256415,0.724928456844425
0.31304565228261416,0.22041132601807806
0.3130656532826641,0.7029010875960969
0.3130856542827142,0.5494894863559495
0.31310565528276413,0.5144933115043121
0.31312565628281414,0.7120466657188076
0.31314565728286414,0.20697522014488712
0.31316565828291415,0.7188553739272059
0.31318565928296416,0.4783073909188182
0.31320566028301416,0.5780798077735709
0.31322566128306417,0.6921812917005724
0.3132456622831142,0.24362773970795323
0.3132656632831642,0.7275590694844914
0.31328566428321414,0.398118835677085
0.3133056652832642,0.6264891970377124
0.31332566628331415,0.6648352828609216
0.31334566728336416,0.31232959348011924
0.31336566828341417,0.730205735523114
0.3133856692834642,0.3176052388560249
0.3134056702835142,0.6623797899043613
0.3134256712835642,0.6293669714667991
0.3134456722836142,0.39103397319359623
0.3134656732836642,0.7275279802331253
0.3134856742837142,0.2508087911140436
0.3135056752837642,0.688376710767057
0.3135256762838142,0.5852209890864127
0.3135456772838642,0.46504557922586587
0.31356567828391424,0.7199245485516875
0.3135856792839642,0.21278909366003548
0.3136056802840142,0.7066030233049339
0.3136256812840642,0.5323119088372869
0.3136456822841142,0.5281179600928944
0.3136656832841642,0.707554466002787
0.31368568428421423,0.2117044338506256
0.31370568528426424,0.7186494555684239
0.31372568628431424,0.47160338770982296
0.31374568728436425,0.5791821259890273
0.3137656882844142,0.6904115560210076
0.31378568928446426,0.24404966725290017
0.3138056902845142,0.7256679433094353
0.3138256912845642,0.40581856838462227
0.31384569228461423,0.6194020859884946
0.31386569328466424,0.6683926461086308
0.31388569428471425,0.2979088844167119
0.31390569528476425,0.728479045566805
0.31392569628481426,0.3399806383554211
0.31394569728486427,0.6505619897952184
0.3139656982849143,0.6413714860079389
0.3139856992849642,0.3602188608105101
0.3140057002850143,0.7276626503659968
0.31402570128506424,0.28120308121017756
0.31404570228511425,0.6743873061362471
0.31406570328516425,0.6092883959598919
0.31408570428521426,0.4215497748186431
0.31410570528526427,0.7236282019682814
0.3141257062853143,0.23719630192241378
0.3141457072853643,0.692330295417048
0.3141657082854143,0.5722615715086156
0.3141857092854643,0.47689382342654096
0.3142057102855143,0.7166681658800971
0.3142257112855643,0.213742584071483
0.31424571228561426,0.7055463326577827
0.3142657132856643,0.5307175122514708
0.3142857142857143,0.5244470258129226
0.3143057152857643,0.7069994839404785
0.3143257162858143,0.21252058483539946
0.3143457172858643,0.7149346104355608
0.3143657182859143,0.48552330934523774
0.3143857192859643,0.5641820541725366
0.3144057202860143,0.6947969309396151
0.31442572128606433,0.2307740858435475
0.31444572228611434,0.7211921785295234
0.3144657232861643,0.4380836322996392
0.31448572428621435,0.5968591976833169
0.3145057252862643,0.6802210516786753
0.3145257262863143,0.2629196653335879
0.3145457272863643,0.7248634751144258
0.3145657282864143,0.3903480161692455
0.31458572928646433,0.623481861851044
0.31460573028651434,0.6634421493443664
0.31462573128656435,0.30279274019077645
0.31464573228661435,0.7263807357435605
0.31466573328666436,0.3446752568619678
0.3146857342867143,0.645041471418626
0.3147057352867644,0.6446607055193009
0.31472573628681433,0.3452468473147415
0.31474573728686434,0.7260953833330743
0.31476573828691434,0.30353762818822366
0.31478573928696435,0.6624184765367652
0.31480574028701436,0.6241236802865514
0.31482574128706436,0.3867388968959987
0.31484574228711437,0.7243018417159014
0.3148657432871644,0.2691167654131785
0.3148857442872144,0.6763579345792117
0.3149057452872644,0.6021354515720616
0.3149257462873144,0.425211934276971
0.31494574728736435,0.7212553263737765
0.3149657482874144,0.24291172305385833
0.31498574928746437,0.6874766564211533
0.3150057502875144,0.5790618450564909
0.3150257512875644,0.459703349257185
0.3150457522876144,0.7171849037580521
0.3150657532876644,0.22549671579945368
0.3150857542877144,0.696281209098955
0.3151057552877644,0.5553259311317298
0.3151257562878144,0.48994649503784343
0.3151457572878644,0.7123027954665271
0.3151657582879144,0.21650767921796524
0.31518575928796444,0.7031875907685203
0.3152057602880144,0.5313951038564808
0.3152257612880644,0.5160667634599612
0.3152457622881144,0.706810642610363
0.3152657632881644,0.2148368981441931
0.3152857642882144,0.7085389493183487
0.31530576528826443,0.5077603218028016
0.31532576628831444,0.538381306112599
0.31534576728836444,0.7009032639471177
0.31536576828841445,0.2189384495808412
0.3153857692884644,0.7126202425032969
0.31540577028851446,0.48490997599331115
0.3154257712885644,0.5572791958504142
0.3154457722886144,0.6947703330383561
0.31546577328866443,0.2271330969727301
0.31548577428871444,0.7156698065528146
0.31550577528876445,0.4633021796633816
0.31552577628881445,0.5731552500592324
0.31554577728886446,0.6885963479984208
0.31556577828891447,0.2378383510014598
0.3155857792889645,0.7178881982357292
0.3156057802890145,0.4433398620023648
0.3156257812890645,0.5863766017558686
0.31564578228911444,0.6825592520932283
0.3156657832891645,0.24970054659736723
0.31568578428921446,0.7194447797227003
0.31570578528926446,0.42535261201668745
0.31572578628931447,0.5972680006769813
0.3157457872893645,0.6768280641505963
0.3157657882894145,0.26164244061336306
0.3157857892894645,0.7204825014801718
0.3158057902895145,0.40958782936198523
0.3158257912895645,0.6061071943566398
0.3158457922896145,0.6715598772157291
0.31586579328966446,0.2728545590281395
0.3158857942897145,0.7211212836254238
0.3159057952897645,0.3962118042141772
0.3159257962898145,0.6131253300562727
0.3159457972898645,0.6668965696665108
0.3159657982899145,0.2827575827414265
0.3159857992899645,0.7214603331726239
0.3160058002900145,0.3853194359068302
0.3160258012900645,0.618509538882877
0.31604580229011453,0.6629615396113541
0.31606580329016454,0.29095548106199604
0.3160858042902145,0.7215796750459907
0.31610580529026455,0.3769498994382944
0.3161258062903145,0.6224061715472781
0.3161458072903645,0.6598567220605724
0.3161658082904145,0.2971910011179114
0.3161858092904645,0.721541121597451
0.31620581029051453,0.37110492188147354
0.31622581129056454,0.6249238986121866
0.31624581229061455,0.6576600858320756
0.31626581329066455,0.3013090707341054
0.31628581429071456,0.7213888581578982
0.31630581529076457,0.3677664034859786
0.3163258162908146,0.6261362965801874
0.31634581729086453,0.6564237428928578
0.31636581829091454,0.3032300256416232
0.31638581929096454,0.7211497794124249
0.31640582029101455,0.36691069707156254
0.31642582129106456,0.626083757441225
0.31644582229111456,0.6561727454668348
0.31646582329116457,0.3029327890580145
0.3164858242912146,0.7208336717776308
0.3165058252912646,0.3685176839519871
0.3165258262913146,0.6247746684594555
0.3165458272913646,0.6569046014725473
0.31656582829141455,0.3004475247864133
0.3165858292914646,0.7204332994388325
0.31660583029151457,0.3725736596605586
0.3166258312915646,0.6221858622720151
0.3166458322916146,0.658589506947213
0.3166658332916646,0.2958572960292351
0.3166858342917146,0.7199244156505477
0.3167058352917646,0.37906787307029716
0.3167258362918146,0.6182623669563763
0.3167458372918646,0.6611712715993813
0.3167658382919146,0.28930848796355235
0.3167858392919646,0.7192656859416574
0.31680584029201464,0.3879833391098801
0.3168258412920646,0.6129165144809249
0.3168458422921146,0.6645688935452564
0.3168658432921646,0.28102987980174177
0.3168858442922146,0.718398475750859
0.3169058452922646,0.3992832861368344
0.31692584629231463,0.6060265158767921
0.31694584729236464,0.6686787152430543
0.31696584829241464,0.2713599695758104
0.31698584929246465,0.7172464214837053
0.3170058502925146,0.4128952924493358
0.31702585129256466,0.5974347091631388
0.3170458522926146,0.6733770600380768
0.3170658532926646,0.26078108725231375
0.31708585429271463,0.7157146706662342
0.31710585529276464,0.4286957262626245
0.31712585629281465,0.586945871293108
0.31714585729286465,0.6785232073988947
0.31716585829291466,0.24995653248399397
0.31718585929296467,0.7136886432597336
0.3172058602930147,0.44649737206071005
0.3172258612930647,0.5743263209639156
0.3172458622931147,0.683962518436361
0.31726586329316464,0.23976306411255657
0.3172858642932147,0.71103213184713
0.31730586529326466,0.4660429229049205
0.31732586629331466,0.5593051239388334
0.31734586729336467,0.6895294785710744
0.3173658682934147,0.23130563534802023
0.3173858692934647,0.7075845233842942
0.3174058702935147,0.48700623203351684
0.3174258712935647,0.5415796984898491
0.3174458722936147,0.6950503880949004
0.3174658732936647,0.22589560154023366
0.31748587429371466,0.7031568911987351
0.3175058752937647,0.509001901924996
0.3175258762938147,0.5208297191696752
0.3175458772938647,0.7003454092080997
0.3175658782939147,0.22497108841503222
0.3175858792939647,0.697526678852488
0.3176058802940147,0.5316022015250569
0.3176258812940647,0.49674568698677085
0.3176458822941147,0.7052296704196065
0.31766588329416473,0.22994431806595206
0.31768588429421474,0.6904306922907495
0.3177058852942647,0.5543588480061478
0.31772588629431475,0.4690820409214445
0.3177458872943647,0.7095131318128322
0.3177658882944147,0.24198077468431797
0.3177858892944647,0.6815561676487273
0.3178058902945147,0.5768262732832715
0.31782589129456473,0.4377489201970839
0.31784589229461474,0.7129989182491928
0.31786589329466475,0.2617484697379656
0.31788589429471475,0.6705298622826561
0.31790589529476476,0.5985828586877333
0.31792589629481477,0.40295989991094555
0.3179458972948648,0.7154798198184072
0.31796589829491473,0.28920919504593856
0.3179858992949648,0.6569055764788727
0.31800590029501474,0.6192472408775822
0.31802590129506475,0.3654501463774601
0.31804590229511476,0.7167326265866969
0.31806590329516476,0.3235336793735557
0.31808590429521477,0.6401515522899883
0.3181059052952648,0.6384879086333918
0.3181259062953148,0.32675956649489496
0.3181459072953648,0.7165098970798389
0.3181659082954148,0.3631904382536316
0.31818590929546475,0.6196413911481184
0.3182059102955148,0.6560255477101332
0.31822591129556477,0.28952191938042976
0.3182459122956148,0.7145286534581464
0.3182659132956648,0.4061919382329985
0.3182859142957148,0.5946565437736895
0.3183059152957648,0.6716286105580312
0.3183259162958148,0.2576032926899877
0.3183459172958648,0.7104553640511335
0.3183659182959148,0.45041841840085556
0.3183859192959648,0.5644168495066295
0.3184059202960148,0.6851031870144542
0.31842592129606484,0.23582677025266
0.3184459222961148,0.7038864670697793
0.3184659232961648,0.49391764360502494
0.3184859242962148,0.5281705796949101
0.3185059252962648,0.6962783863111579
0.3185259262963148,0.22903511350996208
0.31854592729636483,0.6943237466858979
0.31856592829641484,0.5351060271638861
0.31858592929646484,0.4853989235262227
0.31860593029651485,0.7049881816125183
0.31862593129656486,0.24056108478444152
0.31864593229661486,0.6811444330175012
0.3186659332966648,0.5728481351633549
0.3186859342967149,0.4362172871070099
0.31870593529676483,0.7110501360177817
0.31872593629681484,0.2707526490754616
0.31874593729686485,0.6635677474581706
0.31876593829691485,0.6064352455400704
0.31878593929696486,0.3820590181207295
0.31880594029701487,0.71424074092438
0.3188259412970649,0.3165089236720667
0.3188459422971149,0.640624509655689
0.3188659432971649,0.6355030279133633
0.31888594429721484,0.32662293206219806
0.3189059452972649,0.7142663485794087
0.31892594629731486,0.3722561999570848
0.31894594729736486,0.6111480878433163
0.31896594829741487,0.6599262051369468
0.3189859492974649,0.27670988246737543
0.3190059502975149,0.7107279745979926
0.3190259512975649,0.4317710114712008
0.3190459522976149,0.5738306543645922
0.3190659532976649,0.6797153681424533
0.3190859542977149,0.24194718177383506
0.31910595529776487,0.7030778048416054
0.31912595629781493,0.4897831489271778
0.3191459572978649,0.5274399694913331
0.3191659582979149,0.6949274976472509
0.3191859592979649,0.2321522259224455
0.3192059602980149,0.6905656783709541
0.3192259612980649,0.5427267193580582
0.3192459622981149,0.4713774234307421
0.3192659632981649,0.7055917166100308
0.31928596429821493,0.25260200471944066
0.31930596529826494,0.6721768008324309
0.31932596629831494,0.5887006525889826
0.31934596729836495,0.40684306522797287
0.3193659682984149,0.7116459364721712
0.31938596929846497,0.30046530517771197
0.3194059702985149,0.6465717379932678
0.3194259712985649,0.6270290977864541
0.31944597229861493,0.33875667678810917
0.31946597329866494,0.7128772316491978
0.31948597429871495,0.36595364582591433
0.31950597529876495,0.6120665612750686
0.31952597629881496,0.6577591593874408
0.31954597729886497,0.27774441426044943
0.319565978298915,0.7088577547430803
0.31958597929896493,0.4372944415913194
0.319605980299015,0.5667568074827968
0.31962598129906494,0.6812572026414393
0.31964598229911495,0.23960201692037855
0.31966598329916496,0.6988684582150733
0.31968598429921496,0.5052156499900441
0.31970598529926497,0.5090301854536934
0.319725986299315,0.6979331753808985
0.319745987299365,0.23891104633993002
0.319765988299415,0.6818065112494226
0.319785989299465,0.5644624610518205
0.31980599029951495,0.4389435517416725
0.319825991299565,0.708063690975029
0.31984599229961497,0.2790175730917275
0.319865993299665,0.6560855167882372
0.319885994299715,0.6130672178687842
0.319905995299765,0.3610393567104663
0.319925996299815,0.7116715250654188
0.319945997299865,0.34857889322847796
0.319965998299915,0.61957845771906
0.319985999299965,0.6509770546325927
0.320006000300015,0.2881452630888699
0.32002600130006503,0.708424136717793
0.32004600230011504,0.42940748371315834
0.320066003300165,0.5697656512221247
0.32008600430021505,0.678936204205401
0.320106005300265,0.24197854656192194
0.320126006300315,0.6975233909550875
0.320146007300365,0.5065715565795992
0.32016600830041503,0.5045171749173305
0.32018600930046504,0.6978009132845279
0.32020601030051504,0.2432854676951527
0.32022601130056505,0.6775725255872728
0.32024601230061506,0.5721959073191181
0.32026601330066506,0.42440473596294276
0.320286014300715,0.7081713756638224
0.3203060153007651,0.2947758324166721
0.32032601630081503,0.6464395584143937
0.32034601730086504,0.6239446319904299
0.32036601830091505,0.3375458465090796
0.32038601930096505,0.7101887064716668
0.32040602030101506,0.3774784905240026
0.32042602130106507,0.6012351641341234
0.3204460223011151,0.6622957705698364
0.3204660233011651,0.2651563799046873
0.3204860243012151,0.7033855706564062
0.32050602530126504,0.46648916154452197
0.3205260263013151,0.5388019756093919
0.32054602730136506,0.6886040037727452
0.32056602830141506,0.23773674514266496
0.32058602930146507,0.6865252436020083
0.3206060303015151,0.5453535950040121
0.3206260313015651,0.4577540232799326
0.3206460323016151,0.7040940159332036
0.3206660333016651,0.2725346306887808
0.3206860343017151,0.6574165613849078
0.3207060353017651,0.6078562751985443
0.3207260363018151,0.3638748939234751
0.32074603730186513,0.7094030010436121
0.3207660383019151,0.3545838547021814
0.32078603930196514,0.6128104289750705
0.3208060403020151,0.6537051742877523
0.3208260413020651,0.2786557466139945
0.3208460423021151,0.7043442445393806
0.3208660433021651,0.45140780525924556
0.3208860443022151,0.548832220897713
0.32090604530226513,0.684669094775573
0.32092604630231514,0.23935501542675644
0.32094604730236515,0.687705097214094
0.32096604830241515,0.5386948609192882
0.3209860493024651,0.4633056487655137
0.32100605030251517,0.7025629537556242
0.3210260513025651,0.27169129644466244
0.3210460523026151,0.657017249816186
0.32106605330266513,0.6070003348598711
0.32108605430271514,0.3626458172240363
0.32110605530276515,0.708419346753846
0.32112605630281515,0.3596056206416697
0.32114605730286516,0.6084335101018812
0.32116605830291517,0.6557673158199838
0.3211860593029652,0.2734111939648368
0.32120606030301513,0.7021379266383585
0.3212260613030652,0.46297841815964214
0.32124606230311514,0.5373997818507128
0.32126606330316515,0.6873431996676831
0.32128606430321516,0.24110206231394168
0.32130606530326516,0.6822281480629326
0.32132606630331517,0.5533090138423552
0.3213460673033652,0.44227125120154764
0.3213660683034152,0.7040207363245096
0.3213860693034652,0.29033804477836594
0.3214060703035152,0.6455351427844693
0.3214260713035652,0.6212254199651318
0.3214460723036152,0.3348172937396367
0.32146607330366517,0.706944643266471
0.32148607430371523,0.39209404618382926
0.3215060753037652,0.5872314428125227
0.3215260763038152,0.6673735362440419
0.3215460773038652,0.25449445705391727
0.3215660783039152,0.6956903215333412
0.3215860793039652,0.4990508985278852
0.3216060803040152,0.5024534821727974
0.3216260813040652,0.6948923188705363
0.32164608230411523,0.2534519634516067
0.32166608330416524,0.6679448013297061
0.3216860843042152,0.5853945260705095
0.32170608530426525,0.39356992921189543
0.3217260863043152,0.706218531103551
0.3217460873043652,0.3360812323216379
0.3217660883044152,0.619241349506175
0.32178608930446523,0.6460966848345987
0.32180609030451524,0.28746277433167783
0.32182609130456524,0.7020552143870622
0.32184609230461525,0.4509646523797254
0.32186609330466526,0.5435976717417313
0.32188609430471526,0.6840614657565741
0.3219060953047652,0.24340857614067865
0.3219260963048153,0.6809451214859672
0.32194609730486523,0.5528408680692793
0.32196609830491524,0.4384153165301737
0.32198609930496525,0.7028789245151498
0.32200610030501525,0.298981405415575
0.32202610130506526,0.6389040983275874
0.32204610230511527,0.6268136167852367
0.3220661033051653,0.3206548101249402
0.3220861043052153,0.7043826407286733
0.3221061053052653,0.4141535620416871
0.3221261063053153,0.5695744109406521
0.3221461073053653,0.6740800994743349
0.32216610830541526,0.2473416164620371
0.3221861093054653,0.6879194107491678
0.32220611030551527,0.5275901190131664
0.3222261113055653,0.4677817481945259
0.3222461123056153,0.699080341681034
0.3222661133056653,0.2786641773522591
0.3222861143057153,0.6499105023172659
0.3223061153057653,0.6123842571461505
0.3223261163058153,0.34451565183214167
0.3223461173058653,0.7046932048378731
0.32236611830591533,0.3910838271020399
0.3223861193059653,0.5837733746521987
0.32240612030601534,0.6669591115364253
0.3224261213060653,0.2540578556449734
0.3224461223061153,0.6909418064760908
0.3224661233061653,0.5124781349469372
0.3224861243062153,0.4829019109486407
0.3225061253062653,0.6963154412189376
0.32252612630631533,0.2705014885439412
0.32254612730636534,0.6544554854136816
0.32256612830641535,0.6048530702314899
0.32258612930646535,0.35565325533189623
0.3226061303065153,0.7042087927795594
0.32262613130656537,0.3821895123039354
0.3226461323066153,0.5882948114423994
0.3226661333066653,0.6639930483237527
0.32268613430671533,0.25725164314263327
0.32270613530676534,0.6911118056018483
0.32272613630681535,0.5089505170445897
0.32274613730686535,0.4849934492008635
0.32276613830691536,0.6953892033779058
0.32278613930696537,0.27110620271207414
0.3228061403070154,0.6535489421997305
0.3228261413070654,0.605190215559304
0.3228461423071154,0.35334745939462436
0.32286614330716534,0.7034354984057112
0.3228861443072154,0.3871956957987294
0.32290614530726536,0.5839313592219284
0.32292614630731536,0.6656139241655843
0.32294614730736537,0.2552737565260133
0.3229661483074154,0.6887063247851729
0.3229861493074654,0.5171815179155134
0.3230061503075154,0.4744166225631612
0.3230261513075654,0.6963782532269652
0.3230461523076154,0.28015720407579525
0.3230661533076654,0.6471776782492258
0.32308615430771537,0.6131994725751693
0.32310615530776543,0.33807542497598225
0.3231261563078154,0.7021857689320816
0.3231461573078654,0.40589125869643683
0.3231661583079154,0.5702393417330951
0.3231861593079654,0.6713466880059148
0.3232061603080154,0.25064547315953417
0.3232261613080654,0.6832199915593983
0.3232461623081154,0.5361741300091799
0.32326616330816543,0.45063404195332296
0.32328616430821544,0.6986321829247366
0.3233061653082654,0.30035063079868846
0.32332616630831545,0.6343212445638389
0.3233461673083654,0.6275652737179707
0.3233661683084154,0.3118347217625864
0.3233861693084654,0.699579541502623
0.32340617030851543,0.43778304511264543
0.32342617130856544,0.5455674679301212
0.32344617230861544,0.6798812247433144
0.32346617330866545,0.25021955512522404
0.32348617430871546,0.6733170500192069
0.32350617530876546,0.5637246225739884
0.32352617630881547,0.41279764728879637
0.3235461773088655,0.7008201488608822
0.32356617830891543,0.3356525891444
0.32358617930896544,0.6128362655108373
0.32360618030901545,0.6460254688347966
0.32362618130906545,0.2801742538026673
0.32364618230911546,0.6940121475892572
0.32366618330916547,0.48098826754847
0.3236861843092155,0.5071719242428014
0.3237061853092655,0.6892311799479156
0.3237261863093155,0.26473804246485927
0.3237461873093655,0.6566716055221336
0.3237661883094155,0.5964674735126275
0.32378618930946546,0.3616141200777331
0.3238061903095155,0.700976669308606
0.32382619130956547,0.3880119311836755
0.3238461923096155,0.5792499320336729
0.3238661933096655,0.6656660619314902
0.3238861943097155,0.2554651096588833
0.3239061953097655,0.6830290394992887
0.3239261963098155,0.531409461827948
0.3239461973098655,0.45199329322932363
0.3239661983099155,0.6969046578234355
0.32398619930996553,0.304970859586091
0.3240062003100155,0.6296483142868095
0.32402620131006554,0.6302571117890499
0.3240462023101155,0.30390537769387693
0.3240662033101655,0.6964555213705866
0.3240862043102155,0.4541560361318684
0.3241062053102655,0.5287230354357005
0.3241262063103155,0.6832610719948454
0.32414620731036553,0.25773034955337515
0.32416620831041554,0.6630073292874357
0.32418620931046555,0.5831592835692568
0.32420621031051555,0.3798299649714184
0.3242262113105655,0.6999641099788926
0.32424621231061557,0.37367798010718445
0.3242662133106655,0.5868558555194037
0.3242862143107155,0.6608168082693331
0.32430621531076553,0.25988482891073156
0.32432621631081554,0.6836591941963098
0.32434621731086555,0.5254808430206512
0.32436621831091556,0.4563743972331748
0.32438621931096556,0.6954764913806498
0.32440622031101557,0.3048509315322622
0.3244262213110656,0.6285476755907934
0.3244462223111156,0.6300866009171807
0.3244662233111656,0.3022969316032268
0.32448622431121554,0.6948142610014196
0.3245062253112656,0.4603589233151453
0.32452622631131556,0.521170794711657
0.32454622731136556,0.6842434372220931
0.32456622831141557,0.263142267281797
0.3245862293114656,0.6573816111802618
0.3246062303115156,0.5917320478649962
0.3246262313115656,0.36393123420713647
0.3246462323116156,0.6987170359216749
0.3246662333116656,0.39370393201353876
0.3246862343117156,0.5717609855590634
0.32470623531176557,0.667163367120634
0.32472623631181563,0.25580384679709395
0.3247462373118656,0.6765248974326575
0.3247662383119156,0.5469456183645516
0.3247862393119656,0.42728129444082685
0.3248062403120156,0.6969489416250553
0.3248262413120656,0.3337007557775372
0.3248462423121156,0.6097048360873569
0.3248662433121656,0.6450190709977284
0.32488624431221563,0.27809635375467484
0.32490624531226564,0.6884072001567371
0.3249262463123156,0.4977511044542591
0.32494624731236565,0.48337058703818825
0.3249662483124156,0.6906825632632176
0.3249862493124656,0.2884853279985942
0.3250062503125156,0.6375034232940213
0.32502625131256563,0.6186528590095763
0.32504625231261564,0.3182147264316502
0.32506625331266564,0.6948315661961953
0.32508625431271565,0.4470772758776345
0.32510625531276566,0.5294811752871325
0.32512625631281566,0.6808640752831652
0.3251462573128656,0.26296371369647464
0.3251662583129157,0.657484612352755
0.32518625931296563,0.5890825505011075
0.3252062603130157,0.3645993924883587
0.32522626131306565,0.6971527735536677
0.32524626231311565,0.39845672224690676
0.32526626331316566,0.5659457778119977
0.32528626431321567,0.6683354064971693
0.3253062653132657,0.2570417349391771
0.3253262663133157,0.6715372590824917
0.3253462673133657,0.5575468108661882
0.32536626831341564,0.4095822512968698
0.3253862693134657,0.6964264808929239
0.32540627031351566,0.355344609311316
0.3254262713135657,0.5941628341348485
0.32544627231361567,0.6539087114789073
0.32546627331366573,0.26650931669054767
0.3254862743137157,0.6811305243698974
0.3255062753137657,0.5254676881699621
0.3255262763138157,0.4493696704808252
0.3255462773138657,0.6935144803647026
0.3255662783139157,0.32030015862972205
0.3255862793139657,0.6156902242192301
0.32560628031401573,0.6384017816569286
0.3256262813140657,0.2854887562617709
0.32564628231411574,0.6874005905348659
0.3256662833141657,0.49433446447571927
0.32568628431421576,0.48270328650625727
0.3257062853142657,0.6891518516512206
0.3257262863143157,0.2944216171580741
0.3257462873143657,0.631915589969556
0.32576628831441573,0.6226412188474787
0.32578628931446574,0.30856927476576745
0.32580629031451575,0.6912341754752293
0.32582629131456575,0.46554024554374773
0.3258462923146157,0.5096313316065313
0.32586629331466577,0.6839848462540794
0.3258862943147157,0.2772959610753021
0.3259062953147658,0.6439752134495227
0.32592629631481573,0.6074411520917059
0.32594629731486574,0.33177938747970237
0.32596629831491575,0.6933315667789994
0.32598629931496576,0.4402248265832448
0.32600630031501576,0.5307370439127497
0.32602630131506577,0.6785874498849448
0.3260463023151158,0.2674110878232658
0.32606630331516573,0.6527631396518604
0.3260863043152158,0.5935674172628004
0.32610630531526574,0.3526301261906345
0.3261263063153158,0.6942490165888989
0.32614630731536576,0.4191773490150516
0.3261663083154158,0.5467352110492032
0.32618630931546577,0.6734633589936719
0.3262063103155158,0.26275652832769
0.3262263113155658,0.6589646251900462
0.3262463123156158,0.581698220564317
0.3262663133156658,0.3697553452542755
0.3262863143157158,0.6944248328562618
0.3263063153157658,0.40282684556183057
0.32632631631581577,0.5582865474707565
0.32634631731586583,0.6690391292696016
0.3263663183159158,0.2613478635232866
0.32638631931596584,0.6630897056947777
0.3264063203160158,0.5723908136079752
0.3264263213160658,0.38250365558967575
0.3264463223161158,0.6941939672983424
0.3264663233161658,0.3913124010890884
0.3264863243162158,0.5659230486665413
0.32650632531626583,0.6656617218173762
0.32652632631631584,0.2615368310304683
0.3265463273163658,0.6655115514623998
0.32656632831641585,0.566105195180239
0.3265863293164658,0.39056767916736884
0.32660633031651587,0.6938367516372643
0.3266263313165658,0.38464547384000203
0.32664633231661583,0.5700151630178907
0.32666633331666584,0.6636314686716005
0.32668633431671584,0.26215148780247294
0.32670633531676585,0.6664712854901006
0.32672633631681586,0.5631062073683192
0.32674633731686586,0.39390863826647937
0.3267663383169158,0.6934728117181767
0.3267863393169659,0.38268700329012295
0.32680634031701583,0.5707952145555613
0.3268263413170659,0.6630113130705021
0.32684634231711585,0.26267845877400076
0.3268663433171659,0.6660589906238915
0.32688634431721586,0.5634526949627663
0.32690634531726587,0.392578274971816
0.3269263463173159,0.6931395749988586
0.3269463473173659,0.3853606811445069
0.3269663483174159,0.5683287455676467
0.3269863493174659,0.6638195608985371
0.3270063503175159,0.26308131954274017
0.32702635131756586,0.664272381569427
0.3270463523176159,0.567100361248428
0.32706635331766587,0.3866334363363761
0.32708635431771593,0.6927979002886591
0.3271063553177659,0.3926487370484773
0.3271263563178159,0.5625310217809479
0.3271463573178659,0.665962462634244
0.3271663583179159,0.26384722588886184
0.3271863593179659,0.6609971999994683
0.3272063603180159,0.5738564860942607
0.32722636131806593,0.3761914664156448
0.3272463623181159,0.6923177313126013
0.32726636331816594,0.4045541903119729
0.3272863643182159,0.5531703564034565
0.32730636531826596,0.6692388908596388
0.3273263663183159,0.2659692273031855
0.3273463673183659,0.6560032559242104
0.3273663683184159,0.5833840693356097
0.32738636931846593,0.36151118720687053
0.32740637031851594,0.6914781963904021
0.32742637131856595,0.4210232628510792
0.32744637231861595,0.539874381899229
0.3274663733186659,0.6733489038043123
0.32748637431871597,0.2708949993016576
0.3275063753187659,0.6489354005184432
0.327526376318816,0.5952098181721288
0.32754637731886593,0.34314712051057755
0.327566378318916,0.6899661788642298
0.32758637931896595,0.44184138659248173
0.32760638031901596,0.5221479938936983
0.32762638131906596,0.6779048233666051
0.32764638231911597,0.28038927446686435
0.327666383319166,0.6392989298374729
0.327686384319216,0.6087396014408272
0.327706385319266,0.32218989990130437
0.32772638631931594,0.6873714908399875
0.327746387319366,0.46653565628446453
0.32776638831941596,0.49942110131639705
0.327786389319466,0.6824426670846359
0.327806390319516,0.2962543830958093
0.327826391319566,0.6264395866351303
0.327846392319616,0.6232832455695131
0.327866393319666,0.3005829417954766
0.327886394319716,0.6831761033919679
0.327906395319766,0.49432049436534253
0.327926396319816,0.47116148195083685
0.32794639731986597,0.6864309279562867
0.32796639831991603,0.31989584879023847
0.327986399319966,0.6095209794025085
0.32800640032001604,0.638086848991705
0.328026401320066,0.2814328013601251
0.328046402320116,0.6767343482863238
0.328066403320166,0.5241134825951447
0.328086404320216,0.43711558810178497
0.328106405320266,0.6892729162555262
0.32812640632031603,0.3518194669612492
0.32814640732036604,0.587509475911451
0.328166408320416,0.6523667348304165
0.32818640932046605,0.2690902888927534
0.328206410320516,0.6672408792328817
0.32822641132056607,0.5546240150502652
0.328246412320616,0.39777255064733585
0.3282664133206661,0.6902982463170828
0.32828641432071604,0.3912596221805445
0.32830641532076604,0.559194100117602
0.32832641632081605,0.6653364860946003
0.32834641732086606,0.26863144732385963
0.32836641832091606,0.6536843024765033
0.32838641932096607,0.5844883017323756
0.3284064203210161,0.3551458016084146
0.32842642132106603,0.688738549280035
0.3284464223211161,0.4361595378135102
0.32846642332116605,0.5233077133677753
0.3284864243212161,0.6762181121271599
0.32850642532126606,0.2844468000213138
0.32852642632131607,0.6347891633354139
0.3285464273213661,0.6124058076784986
0.3285664283214161,0.3138143840781835
0.3285864293214661,0.6836820991689514
0.3286064303215161,0.4835752970420634
0.3286264313215661,0.478892362503895
0.32864643232161606,0.6842298416299505
0.3286664333216661,0.3182489323889091
0.32868643432171607,0.6089638675295619
0.32870643532176613,0.6372340862105919
0.3287264363218161,0.28165827452601583
0.3287464373218661,0.674002192119156
0.3287664383219161,0.5303352767442168
0.3287864393219661,0.4261697354648627
0.3288064403220161,0.6885448932853191
0.3288264413220661,0.367692036574273
0.32884644232211613,0.5743132283346981
0.3288664433221661,0.6580173233530112
0.32888644432221614,0.2688981592512144
0.3289064453222661,0.6582570191160627
0.32892644632231616,0.5736522659585432
0.3289464473223661,0.36823634044964726
0.32896644832241617,0.6882163557247943
0.3289864493224661,0.42684868323781167
0.32900645032251613,0.5288770223145378
0.32902645132256614,0.6739455509298102
0.32904645232261615,0.2840755658152015
0.32906645332266615,0.63457195919489
0.32908645432271616,0.6114598200337327
0.32910645532276617,0.31345620244518513
0.3291264563228161,0.6820626698251994
0.3291464573228662,0.488404542608729
0.32916645832291613,0.47147563228170286
0.3291864593229662,0.68425446467458
0.32920646032301615,0.3284240862023767
0.32922646132306616,0.6005610437599743
0.32924646232311616,0.6424303321478464
0.32926646332316617,0.27661743059384514
0.3292864643232162,0.6685088262402997
0.3293064653232662,0.5460267532446197
0.3293264663233162,0.40386112973478355
0.32934646732336614,0.6880761741856626
0.3293664683234162,0.39377349139999135
0.32938646932346616,0.5534817860304592
0.3294064703235162,0.6657697310623102
0.3294264713235662,0.274445815382675
0.3294464723236162,0.6453912387121302
0.3294664733236662,0.5955621842700684
0.3294864743237162,0.3347099701436197
0.3295064753237662,0.6842426894883124
0.3295264763238162,0.4668624622975664
0.3295464773238662,0.49116998048779764
0.32956647832391617,0.6809097634726387
0.32958647932396623,0.3141782995464369
0.3296064803240162,0.6097951052539727
0.32962648132406625,0.6349445269175044
0.3296464823241162,0.28329819873391965
0.32966648332416626,0.6710358588436277
0.3296864843242162,0.5358814745640431
0.3297064853242662,0.4149531253318375
0.3297264863243162,0.6871718484433644
0.32974648732436623,0.3857287921957388
0.32976648832441624,0.5582071928526013
0.3297864893244662,0.6634404115708983
0.32980649032451625,0.2744785871336253
0.3298264913245662,0.6458916928146894
0.32984649232461627,0.5937943633374541
0.3298664933246662,0.3358263522171147
0.3298864943247163,0.683416000893848
0.32990649532476624,0.4685870153265202
0.32992649632481624,0.48788148217503646
0.32994649732486625,0.6808070401130232
0.32996649832491626,0.31940685071455505
0.32998649932496626,0.6051720788442579
0.33000650032501627,0.6378567044993416
0.3300265013250663,0.280449990730378
0.33004650232511623,0.6676525901577023
0.3300665033251663,0.5451190860222849
0.33008650432521625,0.4015203157568207
0.3301065053252663,0.6865870557282587
0.33012650632531626,0.40196631725754345
0.33014650732536627,0.5445280966459933
0.3301665083254163,0.6676636793149381
0.3301865093254663,0.2814055927051569
0.3302065103255163,0.6366263178576725
0.3302265113255663,0.6063357576699134
0.3302465123256163,0.3171261680689532
0.33026651332566626,0.679519258233343
0.3302865143257163,0.49294672003916684
0.33030651532576627,0.46160187000820824
0.33032651632581633,0.6834010773284633
0.3303465173258663,0.3453903024710285
0.33036651832591635,0.585630123715812
0.3303865193259663,0.6498481320770901
0.3304065203260163,0.2738065714343578
0.3304265213260663,0.6569716710386851
0.3304465223261163,0.5713851986676085
0.33046652332616633,0.3648439722912891
0.3304865243262163,0.6846602043127008
0.33050652532626634,0.4421842193029712
0.3305265263263163,0.5097742252307969
0.33054652732636636,0.6760401367758062
0.3305665283264163,0.30548405110924803
0.33058652932646637,0.6144464537154574
0.3306065303265163,0.6293701810952022
0.33062653132656633,0.28817352786078765
0.33064653232661634,0.6695890357386188
0.33066653332666635,0.5358431335991121
0.33068653432671635,0.41055429438670227
0.33070653532676636,0.6853910869107708
0.33072653632681637,0.3974839270838823
0.3307465373268663,0.5459464053721014
0.3307665383269164,0.6663302064832478
0.33078653932696633,0.28344170242924926
0.3308065403270164,0.6341647977257715
0.33082654132706635,0.6082391994368282
0.33084654232711636,0.31295818753858257
0.33086654332716636,0.6769485973517043
0.33088654432721637,0.5025773006123103
0.3309065453272664,0.44856485768171106
0.3309265463273164,0.6834834815033463
0.3309465473273664,0.3619388943934491
0.33096654832741634,0.5719949122693885
0.3309865493274664,0.6558822279048663
0.33100655032751636,0.2756447565075791
0.3310265513275664,0.6472992204606253
0.3310465523276164,0.5884023095293103
0.33106655332766644,0.3390989862107666
0.3310865543277164,0.6808505966463442
0.3311065553277664,0.47405068131391637
0.3311265563278164,0.4774841682349999
0.3311465573278664,0.6803375135114157
0.3311665583279164,0.3364605307485916
0.33118655932796637,0.5899782381492514
0.33120656032801643,0.6461163958576105
0.3312265613280664,0.2764291555225194
0.33124656232811645,0.6556895592624967
0.3312665633281664,0.571599656369772
0.33128656432821646,0.36129035805415954
0.3313065653282664,0.6826062857870546
0.3313265663283164,0.4519961099426754
0.3313465673283664,0.49769864583466517
0.33136656832841643,0.6770557414357722
0.33138656932846644,0.32016660616433656
0.33140657032851645,0.6015708052438198
0.33142657132856645,0.6382204873563957
0.3314465723286164,0.2805581655475174
0.33146657332866647,0.6606189278518338
0.3314865743287164,0.5592190236201773
0.3315065753287665,0.3770175703183505
0.33152657632881644,0.6831440305549434
0.33154657732886644,0.437361955420151
0.33156657832891645,0.5100398647310157
0.33158657932896646,0.6744582469192162
0.33160658032901646,0.31137524745725736
0.33162658132906647,0.6079485036213476
0.3316465823291165,0.6330854629427749
0.33166658332916643,0.28435225115542034
0.3316865843292165,0.6629171116208178
0.33170658532926645,0.5522067263601396
0.3317265863293165,0.3853152009702972
0.33174658732936646,0.6830621996013925
0.33176658832941647,0.43050510077528464
0.3317865893294665,0.5152114476773336
0.3318065903295165,0.6730709929464025
0.3318265913295665,0.3085871793554859
0.3318465923296165,0.6098047681301404
0.3318665933296665,0.6312490320996965
0.33188659432971646,0.2858374069055634
0.3319065953297665,0.6630271932389072
0.33192659632981647,0.5510434994679856
0.33194659732986653,0.3859327810565986
0.3319665983299165,0.6826517561360318
0.33198659932996655,0.4314662485906289
0.3320066003300165,0.5135787929578437
0.3320266013300665,0.673110062844318
0.3320466023301165,0.31110885558678314
0.3320666033301665,0.6073848820524614
0.33208660433021653,0.6328627098941005
0.33210660533026654,0.284572903946095
0.33212660633031654,0.6610401233963017
0.3321466073303665,0.5557557744860866
0.33216660833041656,0.3789483014599615
0.3321866093304665,0.681904726621295
0.33220661033051657,0.44014921744881197
0.3322266113305665,0.5051155038543867
0.33224661233061653,0.6744750388443633
0.33226661333066654,0.3192626555942313
0.33228661433071655,0.6005051969471362
0.33230661533076655,0.637686273500672
0.33232661633081656,0.28155298569929865
0.33234661733086657,0.6567042634436426
0.3323666183309165,0.5659285988017725
0.3323866193309666,0.36474842253202894
0.33240662033101653,0.6805165934616133
0.3324266213310666,0.45630870372482
0.33244662233111655,0.48943387041121444
0.33246662333116656,0.6767562722428587
0.33248662433121656,0.3342204029660366
0.33250662533126657,0.588551953651318
0.3325266263313166,0.6451085469735515
0.3325466273313666,0.27926591521330707
0.3325666283314166,0.6494125008286303
0.33258662933146654,0.5807124686656884
0.3326066303315166,0.34435340976429407
0.33262663133156656,0.6778826539038245
0.3326466323316166,0.4793647004555621
0.3326666333316666,0.46591726622266477
0.33268663433171664,0.6792532044939856
0.3327066353317666,0.3574690513837821
0.3327266363318166,0.5704696562818454
0.3327466373318666,0.6541918189532611
0.3327666383319166,0.28172491677628503
0.3327866393319666,0.638164764293015
0.3328066403320166,0.5988466546571647
0.33282664133206663,0.32012339175162896
0.3328466423321166,0.6730809084100627
0.33286664333216665,0.5081631276065965
0.3328866443322166,0.43406654742807693
0.33290664533226666,0.6809936576514071
0.3329266463323166,0.3899574091882632
0.3329466473323666,0.544775910121357
0.3329666483324166,0.6637328611777386
0.33298664933246663,0.2940219030573518
0.33300665033251664,0.6215033683420584
0.33302665133256665,0.6187288478255485
0.33304665233261666,0.2967877663480344
0.3330666533326666,0.6648276005840204
0.33308665433271667,0.5408515279862519
0.3331066553327666,0.3943026509020594
0.3331266563328167,0.6807367562635902
0.33314665733286664,0.43118195237060275
0.33316665833291664,0.509710926335328
0.33318665933296665,0.6723238550595386
0.33320666033301666,0.3208756094347406
0.33322666133306666,0.5974329018859822
0.33324666233311667,0.638535683532557
0.3332666633331667,0.2822468863522605
0.33328666433321663,0.6513880979277961
0.3333066653332667,0.574990040967028
0.33332666633331665,0.3495758730364128
0.3333466673333667,0.6769353110589396
0.33336666833341666,0.47870759261159923
0.3333866693334667,0.4638043300030986
0.3334066703335167,0.6783847802575492
0.3334266713335667,0.3642409554243736
0.3334466723336167,0.5633950418322327
0.3334666733336667,0.6563570523410809
0.3334866743337167,0.28663908527592025
0.3335066753337667,0.6304330654348026
0.3335266763338167,0.6078740750959549
0.33354667733386667,0.3078189512395886
0.33356667833391673,0.6676285996919147
0.3335866793339667,0.5285256755452223
0.33360668033401675,0.4074788456742606
0.3336266813340667,0.6801302704522243
0.3336466823341167,0.4213723054072915
0.3336666833341667,0.5165526195743185
0.3336866843342167,0.6702781711562091
0.33370668533426673,0.3179866048109112
0.33372668633431674,0.5988759534862427
0.33374668733436674,0.6369008983608007
0.3337666883344167,0.2835335682609158
0.33378668933446676,0.6502391705491078
0.3338066903345167,0.5761032672233916
0.33382669133456677,0.34656931191285656
0.3338466923346167,0.6754306288504738
0.33386669333466673,0.48525548197610385
0.33388669433471674,0.4551186349412449
0.33390669533476675,0.6783430166871963
0.33392669633481675,0.37596798388736513
0.33394669733486676,0.5529068353672986
0.33396669833491677,0.6597796351040498
0.3339866993349667,0.2936739941022879
0.3340067003350168,0.6212835773564033
0.33402670133506673,0.6174604721200029
0.3340467023351168,0.29718605794111697
0.33406670333516675,0.661529363481387
0.3340867043352168,0.5474616940552289
0.33410670533526676,0.3823202328852633
0.33412670633531677,0.6783500018913611
0.3341467073353668,0.45008696498266315
0.3341667083354168,0.4890153899635026
0.3341867093354668,0.6744683150196061
0.3342067103355168,0.34521504453500357
0.3342267113355668,0.5761835639109814
0.33424671233561676,0.6496693222992223
0.3342667133356668,0.28501805796150725
0.3342867143357168,0.6346101485176813
0.33430671533576684,0.601136324162959
0.3343267163358168,0.3141963517473517
0.3343467173358668,0.667444773714101
0.3343667183359168,0.5254711491429266
0.3343867193359668,0.4081992109644433
0.3344067203360168,0.6788226229877325
0.3344267213360668,0.4258935123740299
0.33444672233611683,0.5100465399880002
0.3344667233361668,0.6706431243802002
0.33448672433621685,0.3278264940921735
0.3345067253362668,0.5893912956978741
0.33452672633631686,0.6421298930446738
0.3345467273363668,0.2839781641029451
0.3345667283364168,0.6415008322117649
0.3345867293364668,0.5903372894911049
0.33460673033651683,0.32649562929950493
0.33462673133656684,0.6699741213832475
0.33464673233661685,0.5124996999264632
0.33466673333666686,0.42230056100455055
0.3346867343367168,0.6784264402340964
0.33470673533676687,0.4136411893835873
0.3347267363368168,0.5197738297832244
0.3347467373368669,0.6682952614037536
0.33476673833691684,0.32103901545064206
0.3347867393369669,0.5944875884421587
0.33480674033701685,0.6386093490253536
0.33482674133706686,0.2847929314114497
0.33484674233711686,0.6434530433165446
0.33486674333716687,0.5865397379615344
0.3348867443372169,0.33048969550213325
0.3349067453372669,0.6701877899253276
0.3349267463373169,0.509715264573912
0.33494674733736685,0.4244498974853213
0.3349667483374169,0.677976515556438
0.33498674933746686,0.41332722609140055
0.3350067503375169,0.519172808462004
0.3350267513375669,0.6681071167791302
0.3350467523376169,0.3230328173068392
0.3350667533376669,0.5923216113248365
0.3350867543377169,0.6396975555562072
0.3351067553377669,0.28525444046473725
0.3351267563378169,0.6409816759659491
0.3351467573378669,0.5901805384942876
0.33516675833791687,0.3254352237020181
0.33518675933796693,0.6683452740944306
0.3352067603380169,0.5172557794119598
0.33522676133806695,0.4147902015132027
0.3352467623381169,0.6775503633024461
0.3352667633381669,0.42479908315050363
0.3352867643382169,0.5083068078341902
0.3353067653382669,0.6699854068367411
0.33532676633831693,0.3340564477996686
0.33534676733836694,0.58268049282502
0.33536676833841694,0.6450795177560587
0.3353867693384669,0.2867755344319403
0.33540677033851696,0.63368635590771
0.3354267713385669,0.6006509033398486
0.33544677233861697,0.3128588745857989
0.3354667733386669,0.6639247032609624
0.335486774338717,0.5343131625955934
0.33550677533876694,0.3936132032030899
0.33552677633881695,0.6764964569090439
0.33554677733886695,0.44781192390148905
0.33556677833891696,0.48637505499218575
0.33558677933896697,0.6730756076723794
0.335606780339017,0.3561352770891714
0.335626781339067,0.5643080950656039
0.33564678233911693,0.6535781691047835
0.335666783339167,0.29417784832877336
0.33568678433921695,0.6202247484805676
0.335706785339267,0.6163538821854962
0.33572678633931696,0.2972526634178115
0.33574678733936697,0.6555908746397348
0.335766788339417,0.5590442116894278
0.335786789339467,0.36227256000143643
0.335806790339517,0.6734315459646015
0.335826791339567,0.4813265776724231
0.335846792339617,0.45214960411779165
0.33586679333966696,0.6758140838809658
0.335886794339717,0.39146347660997277
0.335906795339767,0.5349471635890349
0.33592679633981704,0.6632730936850384
0.335946797339867,0.3146671146378873
0.335966798339917,0.5982040103602122
0.335986799339967,0.6348466653587628
0.336006800340017,0.28745862320828497
0.336026801340067,0.6410819655092675
0.336046802340117,0.5885134950694048
0.33606680334016703,0.3255208504903228
0.336086804340217,0.6661884362384617
0.33610680534026705,0.5226496116672333
0.336126806340317,0.4053671522708143
0.33614680734036706,0.6759684062553579
0.336166808340417,0.4399556193486832
0.3361868093404671,0.4917071867305699
0.336206810340517,0.6716493345397146
0.33622681134056703,0.35465813938079827
0.33624681234061704,0.5640667591271704
0.33626681334066705,0.6530849119510481
0.33628681434071706,0.2965392631444544
0.33630681534076706,0.6169833977908104
0.33632681634081707,0.6189261742328173
0.336346817340867,0.29516481153337787
0.3363668183409171,0.6516402511655194
0.33638681934096704,0.5672572363599967
0.3364068203410171,0.35033551303635074
0.33642682134106705,0.6705741908718821
0.33644682234111706,0.4974804843871922
0.33646682334116707,0.4327365239914935
0.3364868243412171,0.675677361243232
0.3365068253412671,0.4147226272270498
0.3365268263413171,0.5133748948835845
0.3365468273413671,0.6676812348806338
0.33656682834141705,0.33623620011025734
0.3365868293414671,0.5784549477179064
0.33660683034151706,0.6461366547706175
0.3366268313415671,0.29135618914173794
0.3366468323416171,0.6253272118304922
0.3366668333416671,0.6096377326466793
0.3366868343417171,0.3025032994305968
0.3367068353417671,0.6556441061201805
0.3367268363418171,0.5565324771254675
0.3367468373418671,0.3625469863086519
0.3367668383419171,0.6716726377780158
0.33678683934196707,0.48686412956684966
0.33680684034201713,0.4430432955330986
0.3368268413420671,0.6749739702541376
0.33684684234211715,0.40651256520661505
0.3368668433421671,0.5195210806044749
0.33688684434221716,0.6660816450459957
0.3369068453422671,0.3324758250619828
0.3369268463423171,0.5809895562503379
0.33694684734236713,0.6445179731802972
0.33696684834241714,0.2915016432581408
0.33698684934246714,0.6255499811868946
0.3370068503425171,0.6090066138241305
0.33702685134256716,0.3028345133626257
0.3370468523426171,0.654761882676046
0.33706685334266717,0.5581003519059572
0.3370868543427171,0.359670908269949
0.3371068553427672,0.6706686986188397
0.33712685634281714,0.4918170556903366
0.33714685734286715,0.4366071887039662
0.33716685834291715,0.6747104128931892
0.33718685934296716,0.41503704734201347
0.33720686034301717,0.511113475615802
0.3372268613430672,0.6674466832271511
0.3372468623431172,0.3419519166699387
0.33726686334316713,0.5723382176686884
0.3372868643432172,0.6485626984801066
0.33730686534326715,0.2958849922479111
0.3373268663433172,0.6178757543974319
0.33734686734336716,0.6170259233302849
0.33736686834341717,0.29650032995884273
0.3373868693434672,0.6488598208607104
0.3374068703435172,0.5715285738371838
0.3374268713435672,0.34258311885462267
0.3374468723436172,0.6671491415733541
0.3374668733436672,0.5116194681503836
0.33748687434371716,0.4135699809184441
0.3375068753437672,0.6742068987791838
0.3375268763438172,0.4401198850976186
0.33754687734386724,0.4873070822573212
0.3375668783439172,0.6707733482276935
0.33758687934396725,0.3667722972689264
0.3376068803440172,0.5510073997251866
0.3376268813440672,0.6568312777014765
0.3376468823441172,0.31007104285758674
0.3376668833441672,0.6005064842691592
0.33768688434421723,0.6316946114702625
0.3377068853442672,0.2906403151794423
0.33772688634431725,0.6360112725401197
0.3377468873443672,0.5942577456221395
0.33776688834441726,0.31626992209761784
0.3377868893444672,0.6590869961978089
0.3378068903445173,0.5436266318872212
0.3378268913445672,0.37504955786655664
0.33784689234461723,0.6712640541800454
0.33786689334466724,0.4805382233227495
0.33788689434471725,0.4461801722986034
0.33790689534476726,0.673548796913116
0.33792689634481726,0.4099007980398365
0.33794689734486727,0.5135360062644719
0.3379668983449172,0.6663097715701691
0.3379868993449673,0.34359119502273877
0.33800690034501724,0.5694900890806143
0.3380269013450673,0.6493029931718038
0.33804690234511725,0.2997308758824189
0.33806690334516726,0.6122576773119531
0.33808690434521727,0.621785015225666
0.3381069053452673,0.29402333972516065
0.3381269063453173,0.6426365315709975
0.3381469073453673,0.5827912065135886
0.3381669083454173,0.32799177907907223
0.33818690934546725,0.6620751016818701
0.3382069103455173,0.5317866171898121
0.33822691134556726,0.3879210864315843
0.3382469123456173,0.6718321260459507
0.3382669133456673,0.470003942996072
0.33828691434571734,0.4557923688115155
0.3383069153457673,0.6726930809473712
0.3383269163458173,0.40260427189510234
0.3383469173458673,0.5188243034837285
0.3383669183459173,0.6649144894658632
0.3383869193459673,0.3406953029616293
0.33840692034601727,0.5711894306425159
0.33842692134606733,0.6482570733232167
0.3384469223461173,0.3001236214542533
0.33846692334616735,0.6116030965275726
0.3384869243462173,0.6220850947887743
0.33850692534626736,0.29414542041052066
0.3385269263463173,0.6407967683595598
0.3385469273463673,0.5855935430377683
0.33856692834641733,0.32421704726841455
0.33858692934646734,0.6600304489062717
0.33860693034651734,0.5383109548076402
0.33862693134656735,0.37906137078807284
0.33864693234661736,0.67042576255205
0.3386669333466673,0.4810958348429164
0.33868693434671737,0.4430720176243212
0.3387069353467673,0.672728685842165
0.3387269363468174,0.4177423359881096
0.33874693734686734,0.5043416634887137
0.33876693834691735,0.6672562798446384
0.33878693934696735,0.3566568797408147
0.33880694034701736,0.5567899207976669
0.33882694134706737,0.6539165059412071
0.3388469423471174,0.31068169704124254
0.3388669433471674,0.5985700795789577
0.33888694434721733,0.6322731511181584
0.3389069453472674,0.29263331437964
0.33892694634731735,0.6299638938921376
0.3389469473473674,0.6016840504658569
0.33896694834741736,0.3078398598267999
0.33898694934746737,0.6519871901667404
0.3390069503475174,0.5615939497313612
0.3390269513475674,0.35050625915310213
0.3390469523476174,0.6656941106279387
0.3390669533476674,0.5121155240456083
0.3390869543477174,0.40800802051633117
0.33910695534776736,0.6718941524917945
0.3391269563478174,0.45502936372108155
0.3391469573478674,0.46815074733489337
0.33916695834791744,0.6710650423581753
0.3391869593479674,0.39510890397785436
0.33920696034801745,0.5230924586361753
0.3392269613480674,0.6633473112569047
0.3392469623481174,0.34099960564850484
0.3392669633481674,0.5693089743828903
0.3392869643482174,0.648575473183891
0.33930696534826743,0.3040066578102718
0.33932696634831744,0.606010417011461
0.33934696734836745,0.6263429696374833
0.3393669683484174,0.29367731038350753
0.33938696934846746,0.6336933366537316
0.3394069703485174,0.5961301483667002
0.3394269713485675,0.31242666317778073
0.3394469723486174,0.6532587110588759
0.33946697334866743,0.5575567367715881
0.33948697434871744,0.3541211393769096
0.33950697534876745,0.665579204248449
0.33952697634881746,0.5108477355303284
0.33954697734886746,0.40805946234098195
0.33956697834891747,0.6713224053226899
0.3395869793489674,0.45758492568093295
0.3396069803490175,0.4642637728650912
0.33962698134906744,0.6708970019187185
0.3396469823491175,0.40165546070807917
0.33966698334916745,0.5161882993269427
0.33968698434921746,0.6644520739590031
0.33970698534926747,0.3498876878340507
0.3397269863493175,0.5606910926086538
0.3397469873493675,0.6519009007303832
0.3397669883494175,0.3113380341994744
0.3397869893494675,0.5968893832227139
0.33980699034951745,0.6329658995183914
0.3398269913495675,0.294417276182323
0.33984699234961746,0.6250545359296266
0.3398669933496675,0.6072598123465893
0.3398869943497175,0.30290728829818303
0.33990699534976754,0.6458922896255384
0.3399269963498175,0.5744359063818277
0.3399469973498675,0.33392772519401875
0.3399669983499175,0.6601606257642282
0.3399869993499675,0.5344562878434093
0.3400070003500175,0.37972496209346235
0.3400270013500675,0.6684968530017997
0.34004700235011753,0.48802886863211475
0.3400670033501675,0.4315362036694409
0.34008700435021755,0.6713540534596343
0.3401070053502675,0.4372121432266501
0.34012700635031756,0.4825093152664933
0.3401470073503675,0.6689886583275595
0.3401670083504175,0.38602209570695634
0.34018700935046753,0.5285594455277255
0.34020701035051754,0.6614708068308425
0.34022701135056754,0.34058447959085025
0.34024701235061755,0.5678763082936871
0.34026701335066756,0.6487074590090769
0.3402870143507175,0.3081793182110781
0.34030701535076757,0.6000687883576952
0.3403270163508175,0.6304799413579109
0.3403470173508676,0.29494964118091377
0.34036701835091754,0.625458867815594
0.34038701935096755,0.6065068121355885
0.34040702035101755,0.30327721569702165
0.34042702135106756,0.6446348637472443
0.34044702235111757,0.5765517098951315
0.3404670233511676,0.3306977014121089
0.3404870243512176,0.6582107306055133
0.34050702535126753,0.5406031344727042
0.3405270263513176,0.3712300619080526
0.34054702735136755,0.6667131748131399
0.3405670283514176,0.4991520071846675
0.34058702935146756,0.41798040890031146
0.3406070303515176,0.6705379579651792
0.3406270313515676,0.4535667695778143
0.3406470323516176,0.46522877417738007
0.3406670333516676,0.6699402605579436
0.3406870343517176,0.40648963983197905
0.3407070353517676,0.509227051140298
0.3407270363518176,0.6650408823467482
0.3407470373518676,0.3620417753544386
0.3407670383519176,0.548024450124405
0.34078703935196764,0.6558405749513485
0.3408070403520176,0.32549861802102253
0.34082704135206765,0.580921912029946
0.3408470423521176,0.6422413320927053
0.3408670433521676,0.3021790774875009
0.3408870443522176,0.6079431963165571
0.3409070453522676,0.6240780650531037
0.34092704635231763,0.29576732298785907
0.34094704735236764,0.6294564247991219
0.34096704835241765,0.6011680139494338
0.3409870493524676,0.3069176237163784
0.34100705035251766,0.6459443808910643
0.3410270513525676,0.57338877553533
0.3410470523526177,0.3330621398755377
0.3410670533526676,0.657880975588429
0.34108705435271763,0.5407978359288778
0.34110705535276764,0.3695345969332713
0.34112705635281765,0.6656725929717152
0.34114705735286766,0.5038035176688045
0.34116705835291766,0.4112141704080083
0.34118705935296767,0.6696353555569768
0.3412070603530176,0.4633826406904844
0.3412270613530677,0.4537826817039446
0.34124706235311764,0.6699908304239579
0.3412670633531677,0.4213055679016157
0.34128706435321765,0.4942429081714306
0.3413070653532677,0.6668707169812444
0.34132706635331767,0.38027285705369146
0.3413470673533677,0.5308628418640832
0.3413670683534177,0.660326097333301
0.3413870693534677,0.34381269870070036
0.3414070703535177,0.5628623389893679
0.3414270713535677,0.6503399425105472
0.3414470723536177,0.3157986175996703
0.34146707335366766,0.5900707214214528
0.3414870743537177,0.6368436197424734
0.3415070753537677,0.29959683583867147
0.34152707635381774,0.6126553612401523
0.3415470773538677,0.6197396909271959
0.3415670783539177,0.2971196219880195
0.3415870793539677,0.6309389609229579
0.3416070803540177,0.5989345789119388
0.3416270813540677,0.30824295342063873
0.3416470823541177,0.6452893912951948
0.34166708335416773,0.5743856222004043
0.3416870843542177,0.33091187569690433
0.34170708535426775,0.6560593331723688
0.3417270863543177,0.546167108499038
0.34174708735436776,0.36185439435062444
0.3417670883544177,0.663556777329106
0.3417870893544677,0.5145579243527703
0.34180709035451773,0.3975002206132872
0.34182709135456774,0.6680333025565588
0.34184709235461774,0.480147670612278
0.34186709335466775,0.43470258778900167
0.34188709435471776,0.6696819928044645
0.3419070953547677,0.4439465301202388
0.34192709635481777,0.47109384339591165
0.3419470973548677,0.6686403118947576
0.3419670983549178,0.40746659774440047
0.34198709935496774,0.505126116746435
0.3420071003550178,0.6649954772509094
0.34202710135506775,0.37272376595502804
0.34204710235511776,0.5359358819895697
0.34206710335516777,0.6587912547514426
0.3420871043552178,0.3421031563990288
0.3421071053552678,0.5631538305060876
0.3421271063553178,0.6500359599115357
0.3421471073553678,0.318056955639357
0.34216710835541775,0.5867294786539368
0.3421871093554678,0.6387120163419077
0.34220711035551776,0.3026710427037059
0.3422271113555678,0.606796393370497
0.3422471123556178,0.624787819157266
0.3422671133556678,0.2972225706108473
0.3422871143557178,0.6235795256916952
0.3423071153557678,0.6082329313082896
0.3423271163558178,0.3018954285835344
0.3423471173558678,0.637336525538188
0.3423671183559178,0.5890377876364556
0.3423871193559678,0.31577287881972743
0.34240712035601784,0.6483232490107371
0.3424271213560678,0.5672390034323659
0.34244712235611785,0.3371026680649402
0.3424671233561678,0.6567751862693164
0.3424871243562178,0.5429509086561342
0.3425071253562678,0.3637125266529176
0.3425271263563178,0.6628987794729716
0.34254712735636783,0.5164028101175256
0.34256712835641784,0.3934179492682003
0.34258712935646785,0.666868589975768
0.3426071303565178,0.4879794618741473
0.34262713135656786,0.4243122831753945
0.3426471323566178,0.6688277609762081
0.3426671333566679,0.45825918090800316
0.3426871343567178,0.4549079466816068
0.3427071353567679,0.6688902408420394
0.34272713635681784,0.42804028969428565
0.34274713735686785,0.4841559172331206
0.34276713835691786,0.6671438960101794
0.34278713935696786,0.3983431979410526
0.34280714035701787,0.5113920646903939
0.3428271413570679,0.6636540613775503
0.3428471423571179,0.37037453219031136
0.34286714335716784,0.5362537976198481
0.3428871443572179,0.6584673354426414
0.34290714535726785,0.34544390242341805
0.3429271463573179,0.5585953144679252
0.34294714735736787,0.6516155857679194
0.3429671483574179,0.3248348233188664
0.3429871493574679,0.5784153621758946
0.3430071503575179,0.6431202249289615
0.3430271513575679,0.30964746949815647
0.3430471523576179,0.5958017165028794
0.3430671533576679,0.632996869792874
0.34308715435771786,0.30064634501376514
0.3431071553577679,0.6108914786473849
0.3431271563578179,0.621260518509746
0.34314715735786794,0.2981519911216365
0.3431671583579179,0.6238442660403223
0.3431871593579679,0.6079313727577821
0.3432071603580179,0.30200670776949823
0.3432271613580679,0.6348250494733415
0.3432471623581179,0.5930413946592464
0.3432671633581679,0.3116220973160451
0.34328716435821793,0.6439938022885491
0.3433071653582679,0.5766416115229619
0.34332716635831795,0.3260911798002691
0.3433471673583679,0.6514997557169995
0.34336716835841796,0.5588100588061196
0.3433871693584679,0.3443315584358249
0.343407170358518,0.6574786560856145
0.34342717135856793,0.5396600761228671
0.34344717235861794,0.36522435310787077
0.34346717335866794,0.6620519094499785
0.34348717435871795,0.5193484432626378
0.34350717535876796,0.3877237347392606
0.34352717635881796,0.6653268656408865
0.343547177358868,0.49808257779434906
0.3435671783589179,0.410926511919819
0.343587179358968,0.6673977539068098
0.34360718035901794,0.47612574822162407
0.343627181359068,0.4341036076273379
0.34364718235911795,0.66834696071027
0.34366718335916796,0.45379904920916075
0.34368718435921797,0.45670228370623933
0.343707185359268,0.6682464591629883
0.343727186359318,0.43147882397950577
0.343747187359368,0.4783298669899473
0.343767188359418,0.667159277070565
0.34378718935946795,0.40958840015018416
0.343807190359518,0.49872837517523144
0.34382719135956796,0.6651409397991106
0.343847192359618,0.3885835055650424
0.343867193359668,0.5177467792815037
0.343887194359718,0.6622408545243283
0.343907195359768,0.3689315639543794
0.343927196359818,0.5353149700691902
0.343947197359868,0.6585036203066109
0.343967198359918,0.3510861476879034
0.343987199359968,0.5514214126727689
0.344007200360018,0.6539702581200966
0.34402720136006804,0.33545897856927775
0.344047202360118,0.5660950951273978
0.34406720336016805,0.6486793593697631
0.344087204360218,0.3223927236903167
0.34410720536026806,0.579391590441644
0.344127206360318,0.6426681524364027
0.344147207360368,0.31213813900396326
0.34416720836041803,0.5913826818690316
0.34418720936046804,0.6359734856368843
0.34420721036051805,0.30483869283111514
0.344227211360568,0.6021488866317964
0.34424721236061806,0.6286327226750746
0.344267213360668,0.30052468768769514
0.3442872143607181,0.6117742364894088
0.344307215360768,0.6206845436920418
0.3443272163608181,0.2991173473659541
0.34434721736086804,0.620342758889845
0.34436721836091805,0.6121696420349657
0.34438721936096806,0.30044174316189143
0.34440722036101806,0.6279362058443131
0.34442722136106807,0.6031313042493897
0.3444472223611181,0.30424619101415684
0.3444672233611681,0.6346326771342325
0.34448722436121804,0.5936158589302389
0.3445072253612681,0.31022511381222323
0.34452722636131805,0.6405058702115753
0.3445472273613681,0.5836729793796085
0.34456722836141807,0.3180423781892364
0.3445872293614681,0.6456247586732087
0.3446072303615181,0.5733558257101493
0.3446272313615681,0.32735264796696373
0.3446472323616181,0.6500584569935387
0.3446672333616681,0.5627192804394792
0.3446872343617181,0.3378186253332003
0.34470723536176806,0.6538710962865234
0.3447272363618181,0.5518222318097322
0.3447472373618681,0.3491305129916635
0.34476723836191814,0.6571077369762582
0.3447872393619681,0.5407278545685212
0.34480724036201815,0.36100351964519667
0.3448272413620681,0.6598195928777759
0.3448472423621181,0.5295011162965302
0.3448672433621681,0.3731883696168847
0.3448872443622181,0.6620541687403801
0.34490724536226813,0.518208566974216
0.3449272463623181,0.3854729749281544
0.34494724736236815,0.6638555985979288
0.3449672483624181,0.5069174705409344
0.34498724936246816,0.3976816566967612
0.3450072503625181,0.665264971767329
0.3450272513625682,0.49569482726288694
0.34504725236261813,0.40967271241506276
0.34506725336266814,0.6663206372457003
0.34508725436271814,0.4846063259468434
0.34510725536276815,0.4213349991671687
0.34512725636281816,0.6670584812054191
0.34514725736286817,0.47371527069328606
0.3451672583629182,0.4325840559940734
0.3451872593629681,0.6675121749936971
0.3452072603630182,0.46308153007234154
0.34522726136306814,0.44335814342887575
0.3452472623631182,0.6677133928755181
0.34526726336316815,0.45276055658024844
0.34528726436321816,0.45361445154074875
0.34530726536326817,0.6676919999811286
0.3453272663633182,0.4428025211577582
0.3453472673633682,0.46332562672736083
0.3453672683634182,0.6674762117272507
0.3453872693634682,0.4332516013679979
0.34540727036351815,0.47247669240500706
0.3454272713635682,0.6670927264867027
0.34544727236361816,0.424145452998606
0.3454672733636682,0.4810623866215716
0.3454872743637182,0.6665668335954826
0.3455072753637682,0.4155148844714657
0.3455272763638182,0.4890849055863989
0.3455472773638682,0.6659224989525314
0.3455672783639182,0.4073837419703907
0.3455872793639682,0.49655202251696123
0.3456072803640182,0.6651824305484798
0.3456272813640682,0.39976900191182213
0.34564728236411824,0.5034755408743723
0.3456672833641682,0.664368126265168
0.34568728436421825,0.39268105717929813
0.3457072853642682,0.509870037736951
0.34572728636431826,0.6634999062477476
0.3457472873643682,0.38612417502306867
0.3457672883644182,0.5157518537400557
0.34578728936446823,0.662596932084178
0.34580729036451824,0.38009709806266817
0.34582729136456825,0.521138289124698
0.34584729236461825,0.6616772149154162
0.34586729336466826,0.37459375618679547
0.3458872943647182,0.5260469697053639
0.3459072953647683,0.660757614494195
0.3459272963648182,0.36960405550461883
0.3459472973648683,0.5304953513580197
0.34596729836491824,0.6598538310621254
0.34598729936496825,0.36511471119706
0.34600730036501826,0.5345003362217352
0.34602730136506826,0.6589803917764887
0.34604730236511827,0.36111009363721613
0.3460673033651683,0.5380779782719489
0.3460873043652183,0.6581506332674958
0.34610730536526824,0.3575730606521348
0.3461273063653183,0.5412432595883058
0.34614730736536825,0.6573766817307702
0.3461673083654183,0.3544857533148415
0.34618730936546827,0.5440099222917627
0.3462073103655183,0.6566694318267926
0.3462273113655683,0.3518303373231672
0.3462473123656183,0.5463903437557412
0.3462673133656683,0.6560385254777132
0.3462873143657183,0.34958967646560474
0.3463073153657683,0.5483954452753733
0.34632731636581826,0.6554923315157544
0.3463473173658683,0.34774792895917994
0.3463673183659183,0.5500346263513739
0.34638731936596834,0.6550379269736772
0.3464073203660183,0.34629106078337546
0.34642732136606835,0.5513157183925101
0.3464473223661183,0.6546810806916891
0.3464673233661683,0.3452072729425577
0.3464873243662183,0.5522449530742112
0.3465073253662683,0.6544262397674894
0.34652732636631833,0.3444873415914133
0.34654732736636834,0.5528269417304768
0.34656732836641835,0.6542765192651785
0.3465873293664683,0.34412487116176815
0.34660733036651836,0.5530646630860689
0.3466273313665683,0.6542336954937003
0.3466473323666184,0.34411646129698775
0.34666733336666833,0.5529594575032314
0.34668733436671834,0.6542982030514116
0.34670733536676834,0.344461788544845
0.34672733636681835,0.5525110266316847
0.34674733736686836,0.6544691357511729
0.34676733836691837,0.3451636035175406
0.3467873393669684,0.5517174379841558
0.3468073403670183,0.6547442514436512
0.3468273413670684,0.3462276438911856
0.34684734236711834,0.5505751346260792
0.3468673433671684,0.6551199806579294
0.34688734436721835,0.3476624631939729
0.34690734536726836,0.5490789508064255
0.34692734636731837,0.6555914389118174
0.3469473473673684,0.34947917512522936
0.3469673483674184,0.5472221349980007
0.3469873493674684,0.6561524424166293
0.3470073503675184,0.35169111328979275
0.34702735136756835,0.5449963826068285
0.3470473523676184,0.6567955268344748
0.34706735336766836,0.3543134067569631
0.3470873543677184,0.5423918815006207
0.3471073553677684,0.6575119686165984
0.34712735636781844,0.3573624730782803
0.3471473573678684,0.539397374419703
0.3471673583679184,0.6582918083463575
0.3471873593679684,0.36085543229572264
0.3472073603680184,0.5360002437007343
0.3472273613680684,0.6591238753956178
0.34724736236811843,0.3648094479410876
0.34726736336816844,0.5321866250792415
0.3472873643682184,0.6599958130519934
0.34730736536826845,0.36924100445221864
0.3473273663683184,0.5279415591458521
0.34734736736836846,0.6608941031663254
0.3473673683684184,0.37416513418021574
0.3473873693684684,0.5232491911171694
0.34740737036851843,0.6618040892071844
0.34742737136856844,0.37959461138478046
0.34744737236861845,0.5180930320725837
0.34746737336866845,0.6627099964825677
0.34748737436871846,0.3855391350666861
0.3475073753687684,0.5124562977340028
0.3475273763688185,0.6635949481381248
0.3475473773688684,0.3920045263883058
0.3475673783689185,0.5063223441716267
0.34758737936896844,0.6644409754102191
0.34760738036901845,0.3989919698664955
0.34762738136906846,0.4996752236889974
0.34764738236911846,0.665229020479293
0.34766738336916847,0.40649732964764573
0.3476873843692185,0.4925003881539255
0.3477073853692685,0.6659389301469344
0.34772738636931844,0.41451057267239677
0.3477473873693685,0.48478557129737804
0.34776738836941845,0.6665494384594053
0.3477873893694685,0.4230153290732491
0.34780739036951847,0.4765218855541397
0.34782739136956853,0.6670381362976767
0.3478473923696185,0.43198861648111186
0.3478673933696685,0.46770517206509493
0.3478873943697185,0.6673814259001597
0.3479073953697685,0.44140074886049785
0.3479273963698185,0.45833764400393545
0.3479473973698685,0.6675544582292491
0.3479673983699185,0.4512154426615241
0.3479873993699685,0.4484298616509723
0.34800740037001854,0.6675310510963797
0.3480274013700685,0.461390123294864
0.34804740237011855,0.438003070920076
0.3480674033701685,0.6672835859970341
0.3480874043702185,0.4718764246289546
0.3481074053702685,0.42709192276281355
0.3481274063703185,0.6667828817200294
0.34814740737036853,0.48262086344469546
0.34816740837041854,0.41574756586214695
0.34818740937046855,0.6659980429991299
0.3482074103705185,0.4935656610767401
0.34822741137056856,0.4040410651035871
0.3482474123706185,0.6648962828126395
0.3482674133706686,0.5046496762272443
0.34828741437071853,0.3920670401076401
0.34830741537076854,0.6634427174785704
0.34832741637081854,0.5158094072156248
0.34834741737086855,0.37994733790841245
0.34836741837091856,0.6616001344975128
0.34838741937096857,0.5269800186883773
0.3484074203710186,0.3678344504405837
0.3484274213710685,0.6593287343289539
0.3484474223711186,0.5380963480239279
0.34846742337116854,0.35591426476126237
0.3484874243712186,0.6565858490614179
0.34850742537126855,0.5490938491619488
0.3485274263713186,0.34440760155571776
0.34854742737136857,0.6533256435529745
0.3485674283714186,0.5599094369247001
0.3485874293714686,0.3335698772072275
0.3486074303715186,0.6494988083768334
0.3486274313715686,0.5704822018503493
0.3486474323716186,0.3236881500303602
0.3486674333716686,0.6450522592218522
0.34868743437171856,0.580753973567774
0.3487074353717686,0.31507482797113884
0.3487274363718186,0.6399288650110927
0.34874743737186864,0.5906697191667045
0.3487674383719186,0.3080574754002133
0.3487874393719686,0.6340672375599092
0.3488074403720186,0.6001777709771163
0.3488274413720686,0.30296450467630426
0.3488474423721186,0.6274016303173255
0.34886744337216863,0.6092298852009101
0.34888744437221864,0.30010708908792433
0.3489074453722686,0.6198620139526477
0.34892744637231865,0.6177811385351422
0.3489474473723686,0.2997583484965248
0.34896744837241866,0.6113744239022864
0.3489874493724686,0.6257896740085014
0.3490074503725186,0.3021316258357123
0.34902745137256863,0.6018617115281267
0.34904745237261864,0.6332163097523876
0.34906745337266865,0.3073603114516553
0.34908745437271865,0.59124487824181
0.34910745537276866,0.6400240253480575
0.3491274563728186,0.3154819705193341
0.3491474573728687,0.5794452324969271
0.3491674583729186,0.6461773399642026
0.3491874593729687,0.3264293115830995
0.34920746037301864,0.5663876833157592
0.3492274613730687,0.6516415950587691
0.34924746237311866,0.34002974403767083
0.34926746337316866,0.5520055684151419
0.34928746437321867,0.6563821521346541
0.3493074653732687,0.35601402229646156
0.3493274663733187,0.5362475012048683
0.3493474673733687,0.6603635133996748
0.3493674683734187,0.3740330383571285
0.34938746937346865,0.5190867899160928
0.3494074703735187,0.6635483705214417
0.34942747137356867,0.3936805551926025
0.34944747237361873,0.5005339969538736
0.3494674733736687,0.6658965843088709
0.3494874743737187,0.4145188803550677
0.3495074753737687,0.48065310485037777
0.3495274763738187,0.6673640967665287
0.3495474773738687,0.4361043203388704
0.3495674783739187,0.45958144122718186
0.3495874793739687,0.6679017770634798
0.3496074803740187,0.4580096969734164
0.34962748137406874,0.4375528598058578
0.3496474823741187,0.6674542055156177
0.34966748337416875,0.47984205539472247
0.3496874843742187,0.4149225359425246
0.3497074853742687,0.6659584060316082
0.3497274863743187,0.5012546888611515
0.3497474873743687,0.3921900202519796
0.34976748837441873,0.6633425495434517
0.34978748937446874,0.5219535117846849
0.34980749037451875,0.3700149832820911
0.3498274913745687,0.6595246716975193
0.34984749237461876,0.5416984779456294
0.3498674933746687,0.34921781877700964
0.3498874943747188,0.6544114818123933
0.34990749537476873,0.5603011134661868
0.3499274963748188,0.330755936649877
0.34994749737486874,0.6478973930692451
0.34996749837491875,0.5776193419927532
0.34998749937496876,0.3156676881172496
0.35000750037501877,0.6398639850482402
0.3500275013750688,0.593550694194972
0.3500475023751188,0.30498099824079017
0.3500675033751688,0.6301802311271902
0.35008750437521874,0.608024797254408
0.3501075053752688,0.2995934437900566
0.35012750637531875,0.6187040007521403
0.3501475073753688,0.6209958026970116
0.35016750837541877,0.3001427520047367
0.3501875093754688,0.6052855983671557
0.3502075103755188,0.632435181701787
0.3502275113755688,0.30689657874510945
0.3502475123756188,0.5897744437038938
0.3502675133756688,0.6423251230608681
0.3502875143757188,0.3196917961087735
0.35030751537576876,0.5720304371979585
0.3503275163758188,0.6506526207493035
0.3503475173758688,0.3379429394224366
0.35036751837591884,0.5519420596263263
0.3503875193759688,0.6574042350661575
0.3504075203760188,0.3607197155709334
0.3504275213760688,0.5294537182067355
0.3504475223761188,0.662561447715785
0.3504675233761688,0.38687309306102663
0.35048752437621883,0.5046050120798166
0.35050752537626884,0.6660964997814848
0.3505275263763188,0.415177699508349
0.35054752737636885,0.47758393275430083
0.3505675283764188,0.6679685963437587
0.35058752937646886,0.44445915616572385
0.3506075303765188,0.4487936810613236
0.3506275313765689,0.6681203797969085
0.35064753237661883,0.473685784160327
0.35066753337666884,0.4189276211454241
0.35068753437671885,0.6664746172371121
0.35070753537676885,0.5020181487971995
0.35072753637681886,0.3890379456343207
0.3507475373768688,0.6629311233824117
0.3507675383769189,0.5288211945704105
0.3507875393769688,0.36057142338651477
0.3508075403770189,0.6573640650400278
0.35082754137706884,0.5536496012416899
0.3508475423771189,0.33533432969471255
0.35086754337716886,0.6496199930631903
0.35088754437721886,0.5762179157456182
0.35090754537726887,0.31534790603874896
0.3509275463773189,0.63951726491342
0.3509475473773689,0.5963649344752576
0.3509675483774189,0.30257813684445745
0.3509875493774689,0.626848015714342
0.35100755037751885,0.6140186827063001
0.3510275513775689,0.298574695155487
0.35104755237761887,0.6113845867402299
0.35106755337766893,0.6291654301755326
0.3510875543777189,0.30411677184009905
0.3511075553777689,0.592893410892557
0.3511275563778189,0.6418240328151275
0.3511475573778689,0.3189966185575972
0.3511675583779189,0.5711608249370248
0.3511875593779689,0.6520255561889756
0.3512075603780189,0.34203646814085875
0.3512275613780689,0.5460370020398133
0.35124756237811894,0.6597974515372063
0.3512675633781689,0.3713379446729199
0.35128756437821895,0.5175056194252635
0.3513075653782689,0.6651513083783237
0.35132756637831897,0.4046645169810136
0.3513475673783689,0.48578654210378436
0.3513675683784189,0.668073222928911
0.35138756937846893,0.4398196581346178
0.35140757037851894,0.4514737618764692
0.35142757137856895,0.6685159845959433
0.3514475723786189,0.47491801010890644
0.35146757337866896,0.4156964377581683
0.3514875743787189,0.6663925401536225
0.351507575378769,0.5085152646484457
0.35152757637881893,0.3802626331888832
0.351547577378869,0.661570547108763
0.35156757837891894,0.5396186837163679
0.35158757937896895,0.3477053875367742
0.35160758037901896,0.6538683256670482
0.35162758137906897,0.5676241766274979
0.351647582379119,0.3211196965242987
0.351667583379169,0.6430532702244175
0.351687584379219,0.5922233664848766
0.35170758537926894,0.3037024745670693
0.351727586379319,0.6288449602315491
0.35174758737936895,0.6133098778747537
0.351767588379419,0.2980307685142177
0.35178758937946897,0.6109270598879999
0.351807590379519,0.6308994407392561
0.351827591379569,0.3053097063854258
0.351847592379619,0.5889748870822471
0.351867593379669,0.6450681090049636
0.351887594379719,0.3249449573406638
0.351907595379769,0.5627093837005315
0.35192759637981896,0.6559073087697164
0.351947597379869,0.35468367182771304
0.351967598379919,0.5319925861449222
0.35198759937996904,0.6634922189772141
0.352007600380019,0.3912567849418882
0.35202760138006906,0.4969822033423664
0.352047602380119,0.6678596862595981
0.352067603380169,0.4311941920231588
0.352087604380219,0.45835733647038
0.35210760538026903,0.6689924664973667
0.35212760638031904,0.4714718185718666
0.352147607380369,0.41760171881878544
0.35216760838041905,0.6668075310800374
0.352187609380469,0.5098334517813157
0.35220761038051906,0.3772701744170946
0.352227611380569,0.6611473023193621
0.3522476123806191,0.5448221490645493
0.35226761338066903,0.34106858099775544
0.35228761438071904,0.6517740749652098
0.35230761538076905,0.575642846788019
0.35232761638081905,0.3135030247679269
0.35234761738086906,0.638369835384277
0.35236761838091907,0.6019696757643757
0.3523876193809691,0.29893518970417376
0.352407620381019,0.6205467106611445
0.3524276213810691,0.6237661327858544
0.35244762238111904,0.300231085095268
0.3524676233811691,0.5978780495017753
0.35248762438121906,0.6411448035552616
0.35250762538126906,0.3176442410037506
0.35252762638131907,0.5699672723940138
0.3525476273813691,0.6542687390229318
0.3525676283814191,0.3486438026797989
0.3525876293814691,0.5365807534303604
0.3526076303815191,0.6632863439694227
0.35262763138156905,0.38882605553670063
0.3526476323816191,0.49787820852684006
0.35266763338166907,0.6682896343810705
0.35268763438171913,0.4333259808327394
0.3527076353817691,0.45476677735761517
0.3527276363818191,0.6692872906842313
0.3527476373818691,0.4779702896631439
0.3527676383819191,0.4093558355073864
0.3527876393819691,0.6661866258395751
0.3528076403820191,0.519806494439776
0.3528276413820691,0.36536242249529555
0.3528476423821191,0.658781563156111
0.35286764338216914,0.5570940776475152
0.3528876443822191,0.32811843920080214
0.35290764538226915,0.6467471222001121
0.3529276463823191,0.5890238554767846
0.35294764738236917,0.30372246140382486
0.3529676483824191,0.6296455344712876
0.3529876493824691,0.6153847662067599
0.35300765038251913,0.2972032758748148
0.35302765138256914,0.6069562732753137
0.35304765238261915,0.6362865167106266
0.35306765338266916,0.3104295069879488
0.35308765438271916,0.578153571115686
0.3531076553827691,0.6519647157444913
0.3531276563828192,0.34115642431422477
0.35314765738286913,0.5428709905546267
0.3531676583829192,0.6626569493163537
0.35318765938296914,0.38398368035024366
0.35320766038301915,0.5012085888204048
0.35322766138306916,0.6685282842733723
0.35324766238311917,0.43249911628865917
0.3532676633831692,0.4542337667185983
0.3532876643832192,0.669627115208772
0.3533076653832692,0.48118043280495637
0.35332766638331914,0.4046506398743233
0.3533476673833692,0.6658583317698251
0.35336766838341915,0.5262592504687668
0.3533876693834692,0.35738905343581695
0.35340767038351917,0.6569673258402494
0.3534276713835692,0.5656739953639305
0.3534476723836192,0.319504040662976
0.3534676733836692,0.642535375439442
0.3534876743837192,0.598602959188156
0.3535076753837692,0.2986363582003894
0.3535276763838192,0.6219961676438807
0.35354767738386916,0.6249561774609113
0.3535676783839192,0.3000624704224791
0.3535876793839692,0.594697536941555
0.35360768038401924,0.6449857751383463
0.3536276813840692,0.3239950613526012
0.35364768238411926,0.5600549068578958
0.3536676833841692,0.6590341648199005
0.3536876843842192,0.3653565774766347
0.3537076853842692,0.5178722013575003
0.35372768638431923,0.667386845853327
0.35374768738436924,0.41627288294740017
0.35376768838441924,0.46892283928205725
0.35378768938446925,0.670190670892324
0.3538076903845192,0.4692123545689408
0.35382769138456927,0.41582143363064583
0.3538476923846192,0.6674085578478992
0.3538676933846693,0.5188115327486715
0.35388769438471923,0.36394331994718887
0.35390769538476924,0.65879439820317
0.35392769638481925,0.5621089464452773
0.35394769738486925,0.3215900332258655
0.35396769838491926,0.6438846350073015
0.35398769938496927,0.597934572408865
0.3540077003850193,0.29819758161228704
0.3540277013850692,0.6220180831548293
0.3540477023851193,0.6261601381146717
0.35406770338516924,0.3003636075197521
0.3540877043852193,0.5924181709657869
0.35410770538526926,0.6471235437650137
0.35412770638531926,0.3280816600751771
0.35414770738536927,0.5544075633711452
0.3541677083854193,0.6612697646705249
0.3541877093854693,0.37461276066386534
0.3542077103855193,0.5078719583576293
0.3542277113855693,0.6689518674523194
0.35424771238561925,0.43017871178472716
0.3542677133856693,0.4541100518779465
0.35428771438571927,0.6703273922323696
0.35430771538576933,0.4861131220114822
0.3543277163858193,0.3970693073313116
0.35434771738586934,0.665304903763577
0.3543677183859193,0.5368202274566775
0.3543877193859693,0.3444325088957157
0.3544077203860193,0.6535181728847375
0.3544277213860693,0.5796241598888757
0.3544477223861193,0.307094194323091
0.35446772338616933,0.6343277325686821
0.35448772438621934,0.6137713461251172
0.3545077253862693,0.2954537797101991
0.35452772638631935,0.6068773669162651
0.3545477273863693,0.6394740771140616
0.35456772838641937,0.31367457035967655
0.3545877293864693,0.5702764330260537
0.3546077303865193,0.657270725460931
0.35462773138656933,0.35680102963896176
0.35464773238661934,0.5240442775882332
0.35466773338666935,0.667668215142708
0.35468773438671936,0.41387212844666216
0.35470773538676936,0.4690140410829264
0.3547277363868193,0.6709617738176368
0.3547477373868694,0.4737711302294915
0.35476773838691933,0.4088095460312749
0.3547877393869694,0.6671478653836256
0.35480774038701934,0.5288735811515886
0.35482774138706935,0.3514358036990497
0.35484774238711936,0.6558837980398489
0.35486774338716937,0.5754201048914142
0.3548877443872194,0.30923513029379873
0.3549077453872694,0.6364834158597336
0.3549277463873194,0.6122934025373297
0.35494774738736934,0.2947896952986881
0.3549677483874194,0.6079787754688616
0.35498774938746935,0.6397029829909335
0.3550077503875194,0.3135802585451395
0.35502775138756937,0.5693385655204768
0.35504775238761943,0.6582998986690828
0.3550677533876694,0.35990776613342695
0.3550877543877194,0.5200275593753021
0.3551077553877694,0.6686959945273189
0.3551277563878194,0.42082237962129426
0.3551477573878694,0.4611801646159142
0.3551677583879194,0.6712327828599554
0.3551877593879694,0.4836088886573619
0.3552077603880194,0.39752348042481406
0.35522776138806944,0.6658764550925388
0.3552477623881194,0.5400707504344183
0.35526776338816946,0.33927488267858186
0.3552877643882194,0.6521742613339505
0.3553077653882694,0.5865728879730828
0.3553277663883194,0.3013428614613879
0.35534776738836943,0.6292627801709767
0.35536776838841944,0.6223374521471462
0.35538776938846944,0.29688162633593845
0.35540777038851945,0.5959824712687345
0.3554277713885694,0.6478611105527802
0.35544777238861947,0.3282347170953026
0.3554677733886694,0.5512512231035885
0.3554877743887195,0.6639464990718579
0.35550777538876943,0.38488975560503896
0.35552777638881944,0.4949914180588103
0.35554777738886945,0.6712185388423579
0.35556777838891945,0.4511089487434597
0.35558777938896946,0.4299724279589517
0.35560778038901947,0.6699090117842486
0.3556277813890695,0.5143609329996666
0.3556477823891194,0.3644152851371913
0.3556677833891695,0.6597661609574476
0.35568778438921944,0.568045741185305
0.3557077853892695,0.3132513597835495
0.35572778638931946,0.6400317861123063
0.3557477873893695,0.6100562919342407
0.35576778838941947,0.29362224364159084
0.3557877893894695,0.6095111889530944
0.3558077903895195,0.6405569163066483
0.3558277913895695,0.31394099968874184
0.3558477923896195,0.5668732274020586
0.3558677933896695,0.6604447113374401
0.3558877943897195,0.36678754933431373
0.35590779538976947,0.5114925743833225
0.35592779638981953,0.6705536714439162
0.3559477973898695,0.434882742480225
0.35596779838991954,0.4453145556258628
0.3559877993899695,0.6713039574649071
0.3560078003900195,0.5024403829828263
0.3560278013900695,0.37588687762759193
0.3560478023901195,0.6625602173974346
0.3560678033901695,0.5605228458936171
0.35608780439021953,0.3186670426373571
0.35610780539026954,0.6435880373890314
0.3561278063903195,0.6060316678292115
0.35614780739036955,0.29327759683437804
0.3561678083904195,0.613113949873388
0.35618780939046957,0.6389405716947533
0.3562078103905195,0.3110278233389848
0.3562278113905695,0.5696373794819976
0.35624781239061953,0.6602528951215646
0.35626781339066954,0.3649724296032917
0.35628781439071955,0.5123663252014433
0.35630781539076956,0.6709462595966468
0.35632781639081956,0.43588543926984163
0.3563478173908695,0.4433849070927961
0.3563678183909196,0.671520836796259
0.35638781939096953,0.505987943463782
0.3564078203910196,0.3712735582198588
0.35642782139106954,0.6618256703349673
0.3564478223911196,0.5655037493564767
0.35646782339116956,0.313760385079874
0.35648782439121957,0.6410112005113277
0.3565078253912696,0.611317051482642
0.3565278263913196,0.292575947306261
0.3565478273913696,0.6076174680903192
0.3565678283914196,0.643633240730861
0.3565878293914696,0.31806285942302764
0.35660783039151955,0.5600056203680129
0.3566278313915696,0.6636432772730158
0.35664783239161957,0.3793364603734309
0.35666783339166963,0.4976469363144339
0.3566878343917196,0.6723838923395695
0.3567078353917696,0.45417541104364906
0.3567278363918196,0.424046958723442
0.3567478373918696,0.670278383970445
0.3567678383919196,0.5246169809305425
0.3567878393919696,0.3512008603077687
0.3568078403920196,0.6569727510250526
0.3568278413920696,0.5821181724616422
0.35684784239211964,0.30120651135541987
0.3568678433921696,0.631315482916385
0.35688784439221966,0.6247181947855697
0.3569078453922696,0.29615994426987596
0.3569278463923196,0.5915492541792778
0.3569478473923696,0.6532500859740028
0.35696784839241963,0.33932786003245424
0.35698784939246964,0.5360791511415025
0.35700785039251964,0.6690852695842835
0.35702785139256965,0.4115822580247598
0.3570478523926196,0.465611893410287
0.35706785339266967,0.6731475283045593
0.3570878543927196,0.4887371788529317
0.3571078553927697,0.38750542483000866
0.35712785639281963,0.6655505407629217
0.3571478573928697,0.5556917368854728
0.35716785839291965,0.3205641851569946
0.35718785939296965,0.6454892881292921
0.35720786039301966,0.607134838389037
0.35722786139306967,0.29150724712720216
0.3572478623931197,0.6113123841730874
0.3572678633931697,0.6429453529145227
0.3572878643932197,0.31573580693257747
0.35730786539326964,0.5610183806004492
0.3573278663933197,0.6645879888168985
0.35734786739336966,0.3815168844375444
0.3573678683934197,0.4938952533362692
0.35738786939346967,0.6733769430182128
0.3574078703935197,0.4618591341656552
0.3574278713935697,0.414472164981793
0.3574478723936197,0.6698182926973577
0.3574678733936697,0.5356660279252086
0.3574878743937197,0.3385451262495749
0.3575078753937697,0.6533986425687419
0.35752787639381967,0.5939177848496023
0.35754787739386973,0.29404462346913474
0.3575678783939197,0.6225884775914813
0.35758787939396974,0.6352498981341588
0.3576078803940197,0.30419805494581065
0.3576278813940697,0.5752096689295584
0.3576478823941197,0.6610652215575321
0.3576678833941697,0.364193777919864
0.3576878843942197,0.5098425001476199
0.35770788539426973,0.6729604136242547
0.35772788639431974,0.44617693540875464
0.3577478873943697,0.42960734774329346
0.35776788839441975,0.6717293015313809
0.3577878893944697,0.5245338468386754
0.35780789039451977,0.3488643436529932
0.3578278913945697,0.6570426927069324
0.3578478923946198,0.5872189598486386
0.35786789339466973,0.29645576496107784
0.35788789439471974,0.6274097253761286
0.35790789539476975,0.6318776917699792
0.35792789639481976,0.30011376546870644
0.35794789739486976,0.5805085330454892
0.3579678983949197,0.6598842202705489
0.3579878993949698,0.3585320685799681
0.35800790039501973,0.5145893741651828
0.3580279013950698,0.6730405828400563
0.35804790239511974,0.4425341060061291
0.3580679033951698,0.4324784552179981
0.35808790439521976,0.6722999751926843
0.35810790539526977,0.5235714800803033
0.3581279063953198,0.3490692337113608
0.3581479073953698,0.6573669079490054
0.3581679083954198,0.588112648372005
0.3581879093954698,0.29540133827075016
0.3582079103955198,0.6266459310456923
0.35822791139556975,0.6335851900803535
0.3582479123956198,0.3012997202617437
0.35826791339566977,0.5776208552854567
0.35828791439571983,0.661539101078874
0.3583079153957698,0.364005142482158
0.3583279163958198,0.5085068346141257
0.3583479173958698,0.6739203180311628
0.3583679183959198,0.45112010124266705
0.3583879193959698,0.4230114103194626
0.3584079203960198,0.6716798541613554
0.3584279213960698,0.532932390306598
0.3584479223961198,0.33897550588479614
0.35846792339616984,0.654360612512467
0.3584879243962198,0.5965193863601588
0.35850792539626986,0.2913749981800151
0.3585279263963198,0.6200781155131082
0.35854792739636987,0.6400988496070057
0.3585679283964198,0.3089247298370577
0.35858792939646983,0.5660725665452058
0.35860793039651984,0.6656195323483209
0.35862793139656984,0.38135016898425933
0.35864793239661985,0.49099345615658324
0.3586679333966698,0.6750637236988892
0.35868793439671987,0.4716683988421039
0.3587079353967698,0.40118866676168946
0.3587279363968199,0.6691643373161352
0.35874793739686983,0.5516499714267098
0.3587679383969199,0.32059722467447455
0.35878793939696985,0.647059085103973
0.35880794039701985,0.6112063308262603
0.35882794139706986,0.2888151390455901
0.35884794239711987,0.6063770526522441
0.3588679433971699,0.65014389793462
0.3588879443972199,0.3271176178129632
0.3589079453972699,0.5442070005848819
0.35892794639731984,0.6708451584969486
0.3589479473973699,0.4117940196018464
0.35896794839741986,0.46071358041477384
0.3589879493974699,0.6751077124756224
0.35900795039751987,0.5029505373333083
0.3590279513975699,0.3679855523939851
0.3590479523976199,0.6631586209949121
0.3590679533976699,0.577524381908255
0.3590879543977199,0.29963568090773013
0.3591079553977699,0.6334471107807083
0.3591279563978199,0.6298770642328144
0.35914795739786987,0.2962092617266583
0.35916795839791993,0.5829911339728531
0.3591879593979699,0.6615713180574383
0.35920796039801994,0.3609582358268708
0.3592279613980699,0.5093106042368086
0.35924796239811996,0.6751432630773018
0.3592679633981699,0.45513416359903885
0.3592879643982199,0.41667223400700454
0.3593079653982699,0.6718474765281524
0.35932796639831993,0.5420555524007655
0.35934796739836994,0.32806682736663184
0.3593679683984199,0.6510487572252082
0.35938796939846995,0.6071468153951723
0.3594079703985199,0.28769952213711647
0.35942797139856997,0.610240689253819
0.3594479723986199,0.6494003693554564
0.35946797339867,0.3240524941993763
0.35948797439871993,0.5460594565442389
0.35950797539876994,0.6715375900450649
0.35952797639881995,0.41264542371187657
0.35954797739886996,0.45844859814188454
0.35956797839891996,0.6756889744095703
0.35958797939896997,0.5079236954964328
0.35960798039902,0.3614117049384807
0.35962798139906993,0.6621024528666853
0.35964798239912,0.5842790094292188
0.35966798339916994,0.29442501845342306
0.35968798439922,0.6289011969505361
0.35970798539926996,0.6362794323882306
0.35972798639931997,0.3015906743751157
0.35974798739937,0.5726023646651643
0.35976798839942,0.6661281845971013
0.35978798939947,0.3784921339181178
0.35980799039952,0.4909412146982896
0.35982799139957,0.6766106879383897
0.35984799239961995,0.477925459421482
0.35986799339967,0.39179902310259174
0.35988799439971997,0.6687638645937265
0.35990799539977003,0.5634754940609262
0.35992799639982,0.3079802895536202
0.35994799739987,0.6413288208542409
0.35996799839992,0.6239686702884294
0.35998799939997,0.29054250502280865
0.36000800040002,0.5909830488565047
0.36002800140007,0.6604374619948252
0.36004800240012,0.35369857326999143
0.36006800340017,0.5143675368323908
0.36008800440022004,0.6760801047305408
0.36010800540027,0.4541271159713741
0.36012800640032006,0.41557459278687464
0.36014800740037,0.6725927834420738
0.36016800840042007,0.5466253578779314
0.36018800940047,0.321848597043506
0.36020801040052003,0.6492433555603689
0.36022801140057004,0.6139772783055603
0.36024801240062004,0.28650522596693634
0.36026801340067005,0.6029149878344108
0.36028801440072006,0.6556920756871413
0.36030801540077007,0.3376801103553992
0.36032801640082,0.5296906607257551
0.3603480174008701,0.6751892072549328
0.36036801840092003,0.4377397899125444
0.3603880194009701,0.4314779646374342
0.36040802040102005,0.6746769198225514
0.36042802140107005,0.5351568584569456
0.36044802240112006,0.33201868162604786
0.36046802340117007,0.6538109316527844
0.3604880244012201,0.6074720219995785
0.3605080254012701,0.2855559178126457
0.3605280264013201,0.6096045676930273
0.36054802740137004,0.6527938315724656
0.3605680284014201,0.3291750327550083
0.36058802940147006,0.537810945838837
0.3606080304015201,0.6746811268287061
0.36062803140157007,0.42930054055033784
0.3606480324016201,0.43925647192362144
0.3606680334016701,0.675701544839203
0.3606880344017201,0.5299817646692936
0.3607080354017701,0.33642423067173466
0.3607280364018201,0.655723118050732
0.3607480374018701,0.6052001519141487
0.36076803840192007,0.2851722193765519
0.36078803940197013,0.6117433010822214
0.3608080404020201,0.6522781941783183
0.36082804140207014,0.3271668728637014
0.3608480424021201,0.5392629638169285
0.36086804340217016,0.6749497546440033
0.3608880444022201,0.42898925493999385
0.3609080454022701,0.4389113886995721
0.3609280464023201,0.6759822819327392
0.36094804740237013,0.5315090154597784
0.36096804840242014,0.33429043646373385
0.36098804940247015,0.6552456638985312
0.36100805040252015,0.6074428947550428
0.3610280514025701,0.28450275486294724
0.36104805240262017,0.6095297875291931
0.3610680534026701,0.6542836268569997
0.3610880544027202,0.3314559377563458
0.36110805540277013,0.5341172701672676
0.36112805640282014,0.6760341403777906
0.36114805740287015,0.4368581265281451
0.36116805840292016,0.4303898062135071
0.36118805940297016,0.6754774949707789
0.36120806040302017,0.5396653804020023
0.3612280614030702,0.3258202052957839
0.36124806240312013,0.6522372667697458
0.3612680634031702,0.61399836956028
0.36128806440322014,0.28441552671304476
0.3613080654032702,0.6026775898617047
0.36132806640332016,0.658543566163754
0.36134806740337017,0.34278465592016555
0.3613680684034202,0.5219626074617579
0.3613880694034702,0.6776192394318404
0.3614080704035202,0.45283055802908434
0.3614280714035702,0.41358674373900844
0.3614480724036202,0.6737886877025323
0.36146807340367015,0.5538810127572584
0.3614880744037202,0.3123235335398008
0.36150807540377017,0.6461405510326412
0.36152807640382023,0.6241915759072391
0.3615480774038702,0.2874948028225437
0.36156807840392025,0.5903990125421918
0.3615880794039702,0.6644042331913562
0.3616080804040202,0.3625021020866064
0.3616280814040702,0.5019487087149765
0.3616480824041202,0.679044288910262
0.3616680834041702,0.4764648989728486
0.36168808440422023,0.38866542352189415
0.36170808540427024,0.6701475297525283
0.3617280864043202,0.5730550403913948
0.36174808740437026,0.29677355360835533
0.3617680884044202,0.6359425727902712
0.36178808940447027,0.6369161888867233
0.3618080904045202,0.2978052246569652
0.36182809140457023,0.5713734809109331
0.36184809240462024,0.6708636756397345
0.36186809340467024,0.39178536202986186
0.36188809440472025,0.47296219829639874
0.36190809540477026,0.6793097023254248
0.36192809640482027,0.5066218684805547
0.3619480974048702,0.35685191403338873
0.3619680984049203,0.663378245952186
0.36198809940497023,0.5955626435695573
0.3620081004050203,0.2845695439711358
0.36202810140507025,0.6200995027371081
0.36204810240512025,0.6507120746339848
0.36206810340517026,0.31996546134029585
0.36208810440522027,0.543745913136398
0.3621081054052703,0.6766172430677488
0.3621281064053203,0.43061061737165396
0.3621481074053703,0.43415413727918784
0.36216810840542024,0.6770626891693665
0.3621881094054703,0.5412660894792396
0.36220811040552026,0.3219190453771527
0.3622281114055703,0.6518159202798077
0.36224811240562027,0.6193585653211701
0.36226811340567033,0.2837358126467963
0.3622881144057203,0.5964324039786116
0.3623081154057703,0.6638649242698715
0.3623281164058203,0.3572128298884909
0.3623481174058703,0.5053065868709514
0.3623681184059203,0.6800817345799519
0.3623881194059703,0.476976345108749
0.36240812040602033,0.38628356798868035
0.3624281214060703,0.670531466020974
0.36244812240612034,0.5775873184796185
0.3624681234061703,0.2921653747181975
0.36248812440622036,0.6331607250384823
0.3625081254062703,0.6421684892635113
0.3625281264063203,0.3030776809328044
0.3625481274063703,0.5620641708813856
0.36256812840642033,0.6744876274036419
0.36258812940647034,0.409091438061719
0.36260813040652035,0.4542825183716464
0.36262813140657035,0.6793576155598985
0.3626481324066203,0.5269625935800865
0.36266813340667037,0.334511836605365
0.3626881344067203,0.657370808943487
0.3627081354067704,0.6124241534193519
0.36272813640682033,0.28108272264558143
0.36274813740687034,0.6042780910786503
0.36276813840692035,0.6616832489468928
0.36278813940697036,0.3474848888350668
0.36280814040702036,0.5136870305983188
0.36282814140707037,0.680522936709757
0.3628481424071204,0.4705457653300876
0.36286814340717033,0.3917305445153877
0.3628881444072204,0.6720791089998476
0.36290814540727034,0.5757143154778125
0.3629281464073204,0.2922766215372355
0.36294814740737036,0.6343906030564186
0.3629681484074204,0.6427516818870075
0.3629881494074704,0.3027395974357032
0.3630081504075204,0.5610989568364108
0.3630281514075704,0.675637501191148
0.3630481524076204,0.4132041114154751
0.3630681534076704,0.4490756272597359
0.3630881544077204,0.6796011363792591
0.3631081554077704,0.5336404729959446
0.36312815640782037,0.3268486833037488
0.36314815740787043,0.6551006096367104
0.3631681584079204,0.6187093928429974
0.36318815940797045,0.2814398876997629
0.3632081604080204,0.5972220999770282
0.3632281614080704,0.6659432407550466
0.3632481624081204,0.3610185061160378
0.3632681634081704,0.499300983995068
0.3632881644082204,0.6816759870346446
0.36330816540827043,0.48850182081959737
0.36332816640832044,0.3719826720060504
0.3633481674083704,0.6686885136086756
0.36336816840842046,0.5906842489437869
0.3633881694084704,0.283229039120513
0.36340817040852047,0.6240091821016545
0.3634281714085704,0.6525005649109308
0.36344817240862043,0.3196706442514347
0.36346817340867044,0.5403673497636721
0.36348817440872044,0.6796473734571891
0.36350817540877045,0.4432040903911575
0.36352817640882046,0.41796131068737247
0.36354817740887047,0.6769454862630216
0.3635681784089204,0.5600090127031396
0.3635881794089705,0.3021464609285102
0.36360818040902043,0.6434805596111002
0.3636281814090705,0.6363113975164211
0.36364818240912045,0.2925497484644153
0.3636681834091705,0.5727218484588522
0.36368818440922046,0.6746110095096844
0.36370818540927047,0.4008433052268209
0.3637281864093205,0.45952202832282174
0.3637481874093705,0.681266163111703
0.3637681884094205,0.5282156554028695
0.3637881894094705,0.3304360291414585
0.3638081904095205,0.6573642682121544
0.36382819140957046,0.6183854539189743
0.3638481924096205,0.2797931398105411
0.36386819340967047,0.5976654729059052
0.36388819440972053,0.6675146595758562
0.3639081954097705,0.36407437695329176
0.3639281964098205,0.4946748349025423
0.3639481974098705,0.6827567318489149
0.3639681984099205,0.49692981042982165
0.3639881994099705,0.36156021863683446
0.3640082004100205,0.667048874921526
0.36402820141007053,0.5997566637114471
0.3640482024101205,0.27880782781174424
0.36406820341017054,0.6166112324230918
0.3640882044102205,0.6592162021398921
0.36410820541027056,0.3345369805734719
0.3641282064103205,0.5232144403427061
0.3641482074103705,0.682318665128425
0.3641682084104205,0.4676961891283973
0.36418820941047053,0.39123577671366705
0.36420821041052054,0.6736294418498223
0.36422821141057055,0.5814593847387903
0.36424821241062055,0.28568392794046615
0.3642682134106705,0.6308123934948149
0.36428821441072057,0.6505085202384068
0.3643082154107705,0.31261025248750446
0.3643282164108206,0.5457046300578202
0.36434821741087053,0.6807032436853455
0.3643682184109206,0.44179674484113346
0.36438821941097055,0.41716104688240313
0.36440822041102056,0.6779664866090347
0.36442822141107056,0.5644792348651403
0.36444822241112057,0.2965270296405594
0.3644682234111706,0.6412935581280788
0.3644882244112206,0.6421203054938367
0.3645082254112706,0.29757639772717454
0.36452822641132054,0.5629320734816614
0.3645482274113706,0.6785417223103678
0.36456822841142056,0.42012990457185634
0.3645882294114706,0.43834748847166644
0.3646082304115206,0.6807338040997039
0.3646282314115706,0.5496971698018869
0.3646482324116206,0.3081948393051962
0.3646682334116706,0.6488556810556387
0.3646882344117206,0.6347016702679519
0.3647082354117706,0.28805318643243333
0.3647282364118206,0.5756528168818573
0.36474823741187057,0.6763578666103909
0.36476823841192063,0.40319201797805254
0.3647882394119706,0.4545280450145058
0.36480824041202065,0.6824511521065112
0.3648282414120706,0.5378440848227107
0.3648482424121206,0.3184757091414215
0.3648682434121706,0.6541010242701863
0.3648882444122206,0.6288027427647689
0.3649082454122706,0.2824516888535546
0.36492824641232063,0.5845538510314601
0.36494824741237064,0.6746279126027984
0.3649682484124206,0.3910124135285509
0.36498824941247066,0.46592513987935813
0.3650082504125206,0.6836778312464303
0.36502825141257067,0.5294150586794815
0.3650482524126206,0.3259499855299625
0.3650682534126707,0.657787926051044
0.36508825441272064,0.6249641123330477
0.36510825541277064,0.2789354082352523
0.36512825641282065,0.590406251362636
0.36514825741287066,0.6737762226221538
0.36516825841292067,0.3834288087544083
0.3651882594129706,0.4727391795430383
0.3652082604130207,0.684643058012946
0.36522826141307063,0.5247981630748544
0.3652482624131207,0.3298571245097618
0.36526826341317065,0.6599160603721271
0.3652882644132207,0.6233617795424076
0.36530826541327066,0.27704990729363155
0.36532826641332067,0.5931088111853545
0.3653482674133707,0.6738141354201224
0.3653682684134207,0.3806730011212014
0.3653882694134707,0.4748610722265977
0.3654082704135207,0.6853506393298975
0.3654282714135707,0.5242525593321885
0.36544827241362066,0.3297759065691584
0.3654682734136707,0.6605614420314624
0.36548827441372067,0.6241403388940346
0.36550827541377073,0.2763493421219213
0.3655282764138207,0.5927717443068651
0.3655482774138707,0.6748184744184518
0.3655682784139207,0.3827698549961013
0.3655882794139707,0.47228935613088385
0.3656082804140207,0.6858369521426539
0.3656282814140707,0.5278451045542814
0.36564828241412073,0.32560062709644316
0.3656682834141707,0.659724636686079
0.36568828441422074,0.6272929997940279
0.3657082854142707,0.27696597559907277
0.36572828641432076,0.5893322461057107
0.3657482874143707,0.6767419198742208
0.3657682884144208,0.3898313863729654
0.3657882894144707,0.4649097122962055
0.36580829041452073,0.6860234464677842
0.36582829141457074,0.5354739949589072
0.36584829241462075,0.3175499841027653
0.36586829341467075,0.6572686724397121
0.3658882944147207,0.6326534151562007
0.36590829541477077,0.2796190323073343
0.3659282964148207,0.582550292942557
0.3659482974148708,0.679414588538909
0.36596829841492073,0.4020149986258752
0.3659882994149708,0.452509016679386
0.36600830041502075,0.6857160903633336
0.36602830141507076,0.5468563968454926
0.36604830241512076,0.3062576480825277
0.36606830341517077,0.652912538691869
0.3660883044152208,0.639901691539439
0.3661083054152708,0.2855678375471543
0.3661283064153208,0.5720012558440883
0.36614830741537074,0.6825492130500944
0.3661683084154208,0.4194110068887191
0.36618830941547076,0.43483518258439446
0.3662083104155208,0.6846026859534237
0.3662283114155708,0.5615146529547572
0.3662483124156208,0.29295798453949384
0.3662683134156708,0.6462174560233311
0.3662883144157208,0.6485780305990051
0.3663083154157708,0.29646393664673854
0.3663283164158208,0.5570693734431156
0.3663483174158708,0.6857484232013734
0.36636831841592077,0.44188675674720845
0.36638831941597083,0.41173271670672823
0.3664083204160208,0.6822459427593746
0.36642832141607085,0.57877369009871
0.3664483224161208,0.2797375254026826
0.36646832341617086,0.6365644084283196
0.3664883244162208,0.6581035289225973
0.3665083254162708,0.31404448491872833
0.3665283264163208,0.5369539897630257
0.36654832741637083,0.6885112909072859
0.36656832841642084,0.46893680606363547
0.3665883294164708,0.3834084306584524
0.36660833041652086,0.6780689514870569
0.3666283314165708,0.5977810620931562
0.36664833241662087,0.2697500159093401
0.3666683334166708,0.6231221385598696
0.3666883344167209,0.6678054473278131
0.36670833541677084,0.3396506064003647
0.36672833641682084,0.5107174263266525
0.36674833741687085,0.6902348917124761
0.36676833841692086,0.4996004020974526
0.36678833941697087,0.3509011033966455
0.3668083404170209,0.6713285652510967
0.3668283414170709,0.617553065668416
0.36684834241712083,0.26716765122195346
0.3668683434171709,0.6048086592825536
0.36688834441722085,0.6769414849580808
0.3669083454172709,0.37366713146411695
0.36692834641732086,0.4774383947698381
0.36694834741737087,0.690205243580633
0.3669683484174209,0.5324930068166939
0.3669883494174709,0.31680018174300834
0.3670083504175209,0.6610715532239648
0.3670283514175709,0.637038729276221
0.3670483524176209,0.2765396407200762
0.36706835341767086,0.5802612865843761
0.3670883544177209,0.6847152232855668
0.36710835541777087,0.41511483822390344
0.36712835641782093,0.436598925611281
0.3671483574178709,0.6875706434608818
0.3671683584179209,0.5659543333007231
0.3671883594179709,0.28607383463184405
0.3672083604180209,0.6460695388275536
0.3672283614180709,0.6551837645224898
0.3672483624181209,0.3013764817947884
0.36726836341817093,0.5478620067965008
0.3672883644182209,0.6902735840194913
0.36730836541827094,0.4616510942610531
0.3673283664183209,0.3889194617461732
0.36734836741837096,0.6812891697206125
0.3673683684184209,0.5982618901667173
0.367388369418471,0.2663904050631754
0.3674083704185209,0.6247357055574626
0.36742837141857093,0.6709733239208381
0.36744837241862094,0.34238419579511675
0.36746837341867095,0.505941658301524
0.36748837441872095,0.6926766886694579
0.36750837541877096,0.5100513358567851
0.36752837641882097,0.33786397134855944
0.3675483774188709,0.6700415186465791
0.367568378418921,0.627829712991701
0.36758837941897093,0.26672921281735384
0.367608380419021,0.5950507735015351
0.36762838141907095,0.6834360013682467
0.36764838241912096,0.39649169191197786
0.36766838341917096,0.453447380996199
0.36768838441922097,0.6908299929880426
0.367708385419271,0.5569548829180342
0.367728386419321,0.2915918216369619
0.367748387419371,0.6521033601024004
0.36776838841942094,0.6533238805008206
0.367788389419471,0.2934890544226029
0.36780839041952096,0.5545992525038476
0.367828391419571,0.6915980312425908
0.367848392419621,0.4576395692733276
0.367868393419671,0.39160102102013694
0.367888394419721,0.6833672434253082
0.367908395419771,0.5995142569582415
0.367928396419821,0.2636264858645732
0.367948397419871,0.625189131453622
0.367968398419921,0.6736655204990655
0.36798839941997097,0.3459395533613151
0.36800840042002103,0.5010122825214205
0.368028401420071,0.6943807304477052
0.36804840242012105,0.5189460365214574
0.368068403420171,0.32706308176676685
0.36808840442022106,0.6684724328147896
0.368108405420271,0.6357007000509627
0.368128406420321,0.26868666678915243
0.368148407420371,0.5863474306352393
0.36816840842042103,0.6879284207824808
0.36818840942047104,0.415345592218609
0.36820841042052105,0.4335398112243008
0.36822841142057106,0.6904325298352902
0.368248412420621,0.5747722798515053
0.36826841342067107,0.2754909161958363
0.368288414420721,0.6436406339863532
0.3683084154207711,0.6642472512864699
0.36832841642082104,0.31286922699857905
0.36834841742087104,0.5322086139412063
0.36836841842092105,0.6951516846966406
0.36838841942097106,0.48933076833406264
0.36840842042102107,0.35698772038926735
0.3684284214210711,0.6778811365468257
0.3684484224211211,0.621604259262394
0.36846842342117103,0.25964673887674466
0.3684884244212211,0.6054438505116699
0.36850842542127105,0.6843562692759191
0.3685284264213211,0.3868568479909302
0.36854842742137106,0.4604809423239919
0.36856842842142107,0.6940768419916029
0.3685884294214711,0.5574588861129415
0.3686084304215211,0.28809955955781646
0.3686284314215711,0.6539955168266828
0.3686484324216211,0.657788732750136
0.3686684334216711,0.2949902210808393
0.36868843442172106,0.5496284312469727
0.3687084354217711,0.6953033438229723
0.36872843642182107,0.47160933484482603
0.36874843742187113,0.3746692659348824
0.3687684384219211,0.6827954692061158
0.36878843942197115,0.613752684198799
0.3688084404220211,0.25706874121630613
0.3688284414220711,0.6148179676565783
0.3688484424221211,0.6827363280345223
0.3688684434221711,0.37319488143676605
0.36888844442222113,0.472695442347415
0.36890844542227114,0.6959956084820087
0.36892844642232114,0.5502239851190491
0.3689484474223711,0.29345101649128824
0.36896844842242116,0.6582835733785181
0.3689884494224711,0.6560177816114197
0.3690084504225212,0.288795003967124
0.3690284514225711,0.5551682793262136
0.36904845242262113,0.69607586747859
0.36906845342267114,0.4676267954115491
0.36908845442272115,0.3779156899935138
0.36910845542277115,0.6844623608414202
0.36912845642282116,0.6137238424544116
0.36914845742287117,0.25540181868777634
0.3691684584229211,0.6158875828257564
0.3691884594229712,0.684008244121525
0.36920846042302113,0.37441960960376636
0.3692284614230712,0.4706444914514122
0.36924846242312115,0.6969072606125535
0.36926846342317116,0.5542657930323885
0.36928846442322116,0.288599493829107
0.36930846542327117,0.6572225376887251
0.3693284664233212,0.6595748163273059
0.3693484674233712,0.29297540384301735
0.3693684684234212,0.5493437684172295
0.36938846942347114,0.6977985270041156
0.3694084704235212,0.47795630797219624
0.36942847142357116,0.3661366248627368
0.3694484724236212,0.6830721633531698
0.3694684734236712,0.6217348292753216
0.36948847442372124,0.25430354812893124
0.3695084754237712,0.6086202761179986
0.3695284764238212,0.6881194893825774
0.3695484774238712,0.3909520636480657
0.3695684784239212,0.4539088750741068
0.3695884794239712,0.696604632209603
0.3696084804240212,0.5692480300227633
0.36962848142407123,0.27460758743348385
0.3696484824241212,0.650310639853065
0.36966848342417125,0.6679206594048451
0.3696884844242212,0.30967283987242034
0.36970848542427126,0.531134700268869
0.3697284864243212,0.6998883475984506
0.3697484874243712,0.5019740374241327
0.3697684884244212,0.33976157884640207
0.36978848942447123,0.6777823447763226
0.36980849042452124,0.6365922693308794
0.36982849142457125,0.2589588316300332
0.36984849242462126,0.5914960958599567
0.3698684934246712,0.6940334271889435
0.36988849442472127,0.4232946518002431
0.3699084954247712,0.42124867024404133
0.3699284964248213,0.6939487499779076
0.36994849742487124,0.5932449974544891
0.36996849842492124,0.25744423511384196
0.36998849942497125,0.6357392871532527
0.37000850042502126,0.6794070534861217
0.37002850142507127,0.3432436170286126
0.3700485024251213,0.4980045882716069
0.3700685034251713,0.7008683263535894
0.37008850442522123,0.5374023890463964
0.3701085054252713,0.30200764581344874
0.37012850642532125,0.666605666887038
0.3701485074253713,0.6558373520010928
0.37016850842542126,0.2793302940285754
0.3701885094254713,0.561329461149226
0.3702085104255213,0.6998233345163029
0.3702285114255713,0.47025131710251555
0.3702485124256213,0.37204111483701213
0.3702685134256713,0.6867827457465357
0.3702885144257213,0.6228377020417524
0.3703085154257713,0.2501839793145218
0.3703285164258213,0.6100981276513386
0.37034851742587127,0.6914898853815546
0.37036851842592133,0.396472823787602
0.3703885194259713,0.4464924742363468
0.37040852042602135,0.6983518212092386
0.3704285214260713,0.5799327731491356
0.3704485224261213,0.26353527768477225
0.3704685234261713,0.6460934214968342
0.3704885244262213,0.676098577261363
0.37050852542627133,0.3257955909489558
0.37052852642632134,0.5131789864532956
0.37054852742637134,0.7027669959168715
0.3705685284264213,0.5271925113414455
0.37058852942647136,0.31088189795054383
0.3706085304265213,0.6716577320251177
0.3706285314265714,0.6535807613493093
0.3706485324266213,0.2720431258409026
0.37066853342667133,0.567904514021853
0.37068853442672134,0.7009726899207368
0.37070853542677135,0.46605009318482915
0.37072853642682135,0.37519085932407814
0.37074853742687136,0.6888513181515006
0.37076853842692137,0.6237261029848588
0.3707885394269713,0.24780328255154463
0.3708085404270214,0.6107104345186206
0.37082854142707133,0.693532885817654
0.3708485424271214,0.4002977266797515
0.37086854342717135,0.4415742088331465
0.3708885444272214,0.6992654882569284
0.37090854542727136,0.5863873128957506
0.37092854642732137,0.25737422097792784
0.3709485474273714,0.6431858797314738
0.3709685484274214,0.6807431930342078
0.3709885494274714,0.3367314509794761
0.3710085504275214,0.5015728375916493
0.3710285514275714,0.7040599517487889
0.37104855242762136,0.5417661147454207
0.3710685534276714,0.29459954695919727
0.3710885544277214,0.6671771724597215
0.37110855542777144,0.6627280939598624
0.3711285564278214,0.28446265386573316
0.3711485574278714,0.5520689084169438
0.3711685584279214,0.7040547287526118
0.3711885594279714,0.4907904461434528
0.3712085604280214,0.34762270460453454
0.3712285614280714,0.6843161131796263
0.37124856242812143,0.6395338907625993
0.3712685634281714,0.2522312664947993
0.37128856442822145,0.592905544548211
0.3713085654282714,0.6998209703919678
0.37132856642832146,0.43552691054528014
0.3713485674283714,0.40525418057806195
0.3713685684284214,0.6959112054860421
0.3713885694284714,0.611228035316747
0.37140857042852143,0.2447504345392678
0.37142857142857144,0.625148451861486
0.37144857242862145,0.6917574664304034
0.37146857342867146,0.3794579324950725
0.3714885744287214,0.46014065870314563
0.37150857542877147,0.70297143512125
0.3715285764288214,0.5780115770159835
0.3715485774288715,0.26071494387350697
0.37156857842892144,0.6501754088050893
0.3715885794289715,0.6801533026817289
0.37160858042902145,0.3273441323079686
0.37162858142907146,0.5087194773841183
0.37164858242912147,0.70626616748429
0.3716685834291715,0.5403431637125328
0.3716885844292215,0.29404450197809984
0.3717085854292715,0.6692924369771579
0.3717285864293215,0.6652403108431246
0.37174858742937145,0.2844367458652898
0.3717685884294215,0.5499421121937041
0.37178858942947146,0.7063861630463268
0.3718085904295215,0.4990594979598265
0.3718285914295715,0.33704856986280796
0.3718485924296215,0.6836113660913415
0.3718685934296715,0.6472385160283466
0.3718885944297215,0.25513843487963006
0.3719085954297715,0.5840725354870093
0.3719285964298215,0.7037954569896774
0.3719485974298715,0.45545994970077447
0.37196859842992147,0.3830985778720399
0.37198859942997153,0.6940381945339844
0.3720086004300215,0.6263961430438725
0.37202860143007155,0.24169109040786974
0.3720486024301215,0.6119169867066819
0.3720686034301715,0.6988727455536512
0.3720886044302215,0.41130932211001886
0.3721086054302715,0.4277192885947386
0.37212860643032153,0.7013006759217254
0.37214860743037154,0.6030237321035098
0.37216860843042154,0.24362151688563397
0.3721886094304715,0.6344188890763932
0.37220861043052156,0.6919435461459303
0.3722286114305715,0.36871581070126697
0.3722486124306216,0.4684699286665711
0.3722686134306715,0.70598477621922
0.3722886144307216,0.5775199747423766
0.37230861543077154,0.25821973249150026
0.37232861643082155,0.6524769020405553
0.37234861743087155,0.6833047440940473
0.37236861843092156,0.32987335727657646
0.37238861943097157,0.5043577363881063
0.3724086204310215,0.7085685873093277
0.3724286214310716,0.5503854893020977
0.37244862243112153,0.28165669024364637
0.3724686234311716,0.6668792325972626
0.37248862443122155,0.6732427848789001
0.3725086254312716,0.29671560957987847
0.37252862643132156,0.5352542716849817
0.37254862743137157,0.7094502816595701
0.3725686284314216,0.5222205161474415
0.3725886294314716,0.31009037517718446
0.3726086304315216,0.6782919094897568
0.3726286314315716,0.6620463205997593
0.3726486324316216,0.2705836340005663
0.37266863343167156,0.5614744451326316
0.3726886344317216,0.7089697792429877
0.3727086354317716,0.4937039689224031
0.37272863643182164,0.3403527321547578
0.3727486374318716,0.6872689611623088
0.3727686384319216,0.6500137966708092
0.3727886394319716,0.25202071995635994
0.3728086404320216,0.5835185725968324
0.3728286414320716,0.7074248188147622
0.3728486424321216,0.4655545379003283
0.37286864343217163,0.3701784824263616
0.3728886444322216,0.6942693374675354
0.37290864543227165,0.6374563411071618
0.3729286464323216,0.24075830916314203
0.37294864743237166,0.6019310416463511
0.3729686484324216,0.7050823427665712
0.3729886494324717,0.4384789230694305
0.3730086504325216,0.3981360843387878
0.37302865143257163,0.6996739952009764
0.37304865243262164,0.6246963927966367
0.37306865343267165,0.23587581489397547
0.37308865443272166,0.617230586216212
0.3731086554327716,0.7021860510279194
0.37312865643282167,0.4131162947979037
0.3731486574328716,0.42343581008877035
0.3731686584329217,0.7038006597262091
0.37318865943297164,0.6120627253927354
0.3732086604330217,0.23605523273686665
0.37322866143307165,0.6298805790808195
0.37324866243312166,0.6989608659739129
0.37326866343317167,0.38998999607787377
0.3732886644332217,0.44572627556214245
0.3733086654332717,0.706915619214801
0.3733286664333217,0.5998828004257409
0.3733486674333717,0.23983932140553318
0.37336866843342165,0.6402800349995696
0.3733886694334717,0.6956149496456946
0.37340867043352166,0.36947622778483347
0.3734286714335717,0.46492755498249666
0.3734486724336217,0.7092426792983014
0.3734686734336717,0.5884736078752201
0.3734886744337217,0.24583108705648163
0.3735086754337717,0.6487644275244702
0.3735286764338217,0.6923398417598908
0.3735486774338717,0.3517952715786858
0.3735686784339217,0.4811109406736702
0.37358867943397167,0.7109696859655791
0.37360868043402173,0.578132227088858
0.3736286814340717,0.25281338408673437
0.37364868243412175,0.655610513279378
0.3736686834341717,0.689309235084696
0.3736886844342217,0.3370252746047889
0.3737086854342717,0.49441898655866157
0.3737286864343217,0.7122530901147877
0.37374868743437173,0.5691272107638922
0.37376868843442174,0.25979786881068073
0.37378868943447174,0.6610422356053134
0.3738086904345217,0.686676861415903
0.37382869143457176,0.32513376346810585
0.3738486924346217,0.5050152386253739
0.3738686934346718,0.713221005296005
0.3738886944347217,0.5616915706192952
0.3739086954347718,0.26602571855597285
0.37392869643482174,0.6652363320883261
0.37394869743487175,0.6845739161604236
0.37396869843492175,0.3160193029561294
0.37398869943497176,0.5130539705377141
0.37400870043502177,0.713975156293314
0.3740287014350718,0.5560176996736679
0.3740487024351218,0.2709428590823096
0.37406870343517173,0.6683270728077753
0.3740887044352218,0.6831063970282254
0.37410870543527175,0.3095553633811348
0.3741287064353218,0.5186626082516054
0.37414870743537176,0.7145920527376961
0.37416870843542177,0.5522541172793485
0.3741887094354718,0.2741669419543446
0.3742087104355218,0.6704099476532988
0.3742287114355718,0.6823526722811377
0.3742487124356218,0.30562983584918657
0.3742687134356718,0.5219318258881437
0.37428871443572176,0.7151236568312859
0.3743087154357718,0.5505035848959665
0.3743287164358218,0.27545699249617794
0.37434871743587184,0.6715442926365458
0.3743687184359218,0.6823615293766241
0.3743887194359718,0.30417568213016477
0.3744087204360218,0.5229100875060742
0.3744287214360718,0.7155977494296173
0.3744487224361218,0.5508219959014593
0.3744687234361718,0.2746917684964119
0.37448872443622183,0.671754900602744
0.3745087254362718,0.6831508894407801
0.37452872643632185,0.30519005341796046
0.3745487274363718,0.5216006956411374
0.37456872843642186,0.7160181341177246
0.3745887294364718,0.5532175172029664
0.3746087304365219,0.27185984043587286
0.3746287314365718,0.6710326568464862
0.37464873243662183,0.6847073090007255
0.37466873343667184,0.3087404564413813
0.37468873443672185,0.5179603254069856
0.37470873543677186,0.716364754029891
0.37472873643682186,0.5576497213960687
0.37474873743687187,0.2670627845579029
0.3747687384369218,0.6693342045320452
0.3747887394369719,0.6869863271748079
0.37480874043702184,0.31495725773013633
0.3748287414370719,0.5118987356885027
0.37484874243712185,0.7165937306017925
0.37486874343717186,0.5640288131632826
0.37488874443722187,0.2605319493936371
0.3749087454372719,0.6665805949536746
0.3749287464373219,0.6899136512619474
0.3749487474373719,0.3240123947829435
0.3749687484374219,0.5032800177729946
0.37498874943747185,0.7166372669721447
0.3750087504375219,0.572215411832239
0.37502875143757186,0.2526582118789218
0.3750487524376219,0.6626548246167937
0.3750687534376719,0.693387103255559
0.3750887544377219,0.33608512440002997
0.3751087554377719,0.49192653415010684
0.3751287564378219,0.7164032910717715
0.3751487574378719,0.5820215900093393
0.3751687584379219,0.24403210055260752
0.3751887594379719,0.6573981160195065
0.37520876043802187,0.6972791726503802
0.37522876143807193,0.35131738629017056
0.3752487624381219,0.47762780701478813
0.37526876343817195,0.7157746438919448
0.3752887644382219,0.5932138962214002
0.37530876543827196,0.23548769477538112
0.3753287664383219,0.6506047793641413
0.3753487674383719,0.7014399391372313
0.37536876843842193,0.36976392294130367
0.37538876943847194,0.4601582654441279
0.37540877043852194,0.7146075456715276
0.37542877143857195,0.6055188711870972
0.37544877243862196,0.22813710709862484
0.3754687734386719,0.6420155316135733
0.375488774438722,0.705700047627956
0.3755087754387719,0.3913451045800522
0.375528776438822,0.43931019030262564
0.37554877743887194,0.7127289945223099
0.37556877843892195,0.6186311337425618
0.37558877943897195,0.22337349882143664
0.37560878043902196,0.6313093129900347
0.37562878143907197,0.7098733444741111
0.375648782439122,0.41581227522480513
0.375668783439172,0.41495151969587213
0.37568878443922193,0.7099326655128976
0.375708785439272,0.6322235641955452
0.37572878643932195,0.22281248049526134
0.375748787439372,0.61809405909145
0.37576878843942196,0.7137587230194655
0.37578878943947197,0.44273494715669237
0.375808790439522,0.3871219750312308
0.375828791439572,0.7059727815114996
0.375848792439622,0.6459585911840806
0.375868793439672,0.22814160962194782
0.375888794439722,0.601897810700182
0.37590879543977196,0.7171406790069885
0.375928796439822,0.47151547576021036
0.375948797439872,0.35618331973946404
0.37596879843992204,0.7005553234272714
0.375988799439972,0.6594992309019934
0.37600880044002205,0.24086596195352739
0.376028801440072,0.5821634470120184
0.376048802440122,0.7197880344611083
0.376068803440172,0.5014304708277662
0.376088804440222,0.32303522442359456
0.37610880544027203,0.6933258557382005
0.37612880644032204,0.6725184205549796
0.37614880744037205,0.26198092374912235
0.376168808440422,0.5582540680240693
0.37618880944047206,0.7214502367355506
0.376208810440522,0.5316912078932898
0.3762288114405721,0.2893863303543557
0.376248812440622,0.6838532214215762
0.37626881344067203,0.6847053343948467
0.37628881444072204,0.2916606635747093
0.37630881544077205,0.5294830613873196
0.37632881644082206,0.7218505546793373
0.37634881744087206,0.5615104248901537
0.37636881844092207,0.258014833055215
0.376388819440972,0.6716085587872563
0.3764088204410221,0.6957676941235603
0.37642882144107204,0.32908670291581943
0.3764488224411221,0.4951952014307788
0.37646882344117205,0.7206753504660773
0.37648882444122206,0.590162032158876
0.37650882544127207,0.23285675175374412
0.3765288264413221,0.655939868563106
0.3765488274413721,0.7054294586012119
0.3765688284414221,0.37251383354819473
0.3765888294414721,0.45494443748745395
0.37660883044152205,0.7175583826861386
0.3766288314415721,0.6170234472997506
0.37664883244162206,0.21866280555732878
0.3766688334416721,0.6360445230148379
0.3766888344417221,0.7134235655979473
0.37670883544177214,0.4195752111305703
0.3767288364418221,0.4088374619512403
0.3767488374418721,0.7120587960563599
0.3767688384419221,0.6415957518305521
0.3767888394419721,0.2200002001139088
0.3768088404420221,0.6109474219772782
0.3768288414420721,0.7194794920378845
0.37684884244212213,0.46771914292715205
0.3768688434421721,0.35811980560856965
0.37688884444222215,0.7036311455180095
0.3769088454422721,0.6635022928415701
0.37692884644232216,0.239715504943397
0.3769488474423721,0.5795045976846942
0.3769688484424221,0.7233052311614726
0.37698884944247213,0.5146212250449916
0.37700885044252214,0.3060112805017714
0.37702885144257214,0.6915857381422261
0.37704885244262215,0.682469965879724
0.37706885344267216,0.2775472058845448
0.3770888544427221,0.5404777709496541
0.3771088554427722,0.7245628257510001
0.3771288564428221,0.5584531721271082
0.3771488574428722,0.25853120967044596
0.37716885844292214,0.6750384691471559
0.37718885944297215,0.6982986357054229
0.37720886044302215,0.3298297685826435
0.37722886144307216,0.49277492502778997
0.37724886244312217,0.7228358482050891
0.3772688634431722,0.5979737404201682
0.3772888644432222,0.22452476560481446
0.37730886544327213,0.6528530445212213
0.3773288664433222,0.7108233711165849
0.37734886744337215,0.3906338135528502
0.3773688684434222,0.43603103294637235
0.37738886944347216,0.7175862367380721
0.3774088704435222,0.6324779212594587
0.3774288714435722,0.21370850830878396
0.3774488724436222,0.623589638864058
0.3774688734436722,0.7198721859626276
0.3774888744437222,0.4536574371083509
0.3775088754437722,0.37177270409865104
0.3775288764438222,0.7080969073777491
0.3775488774438722,0.661668441098141
0.3775688784439222,0.2324669750135751
0.37758887944397224,0.5855033646150264
0.3776088804440222,0.725219497502423
0.37762888144407225,0.5137822922018144
0.3776488824441222,0.3052730944621672
0.3776688834441722,0.6933963301590956
0.3776888844442222,0.6855054703988486
0.3777088854442722,0.27978895496311906
0.37772888644432223,0.5367057262247271
0.37774888744437224,0.7265329281051477
0.37776888844442225,0.5677173031163006
0.3777888894444722,0.247375212676899
0.37780889044452226,0.6721641480872144
0.3778288914445722,0.7040674816017024
0.3778488924446223,0.3471047490876322
0.3778688934446722,0.4757473419845989
0.37788889444472223,0.7233085100848856
0.37790889544477224,0.6138575184077973
0.37792889644482225,0.2137762148776579
0.37794889744487226,0.6426297042866168
0.37796889844492226,0.7174344686121307
0.37798889944497227,0.42253739136897284
0.3780089004450222,0.40310424049283
0.3780289014450723,0.714786958332273
0.37804890244512224,0.6517806386413993
0.3780689034451723,0.2186622295632575
0.37808890444522225,0.6025161695968675
0.3781089054452723,0.7255902206562354
0.37812890644532227,0.4958431340135324
0.3781489074453723,0.32410079213462206
0.3781689084454223,0.6998424063115724
0.3781889094454723,0.6817173293745813
0.3782089104455223,0.2649100173866538
0.3782289114455723,0.5491956860102535
0.3782489124456223,0.728332378888043
0.37826891344567226,0.5607471060737697
0.3782889144457223,0.25263663032307204
0.3783089154457723,0.6768387663614706
0.37832891644582234,0.7041414248794033
0.3783489174458723,0.34073036869688955
0.3783689184459223,0.4804891790353967
0.3783889194459723,0.7251747925101437
0.3784089204460223,0.6146445600134001
0.3784289214460723,0.21125114290636518
0.3784489224461223,0.6434707113658424
0.37846892344617233,0.7194944775151175
0.3784889244462223,0.4274755348667821
0.37850892544627235,0.39701684433069206
0.3785289264463223,0.7152241296017328
0.37854892744637236,0.657246332338802
0.3785689284464223,0.2203754975087263
0.3785889294464723,0.5966850576534634
0.37860893044652233,0.7280043888661141
0.37862893144657234,0.5098448024109876
0.37864893244662234,0.3071483201834469
0.37866893344667235,0.6970126785691249
0.37868893444672236,0.6893202905929653
0.3787089354467723,0.28107234006201315
0.3787289364468224,0.533015695571255
0.3787489374468723,0.7295470888317578
0.3787689384469224,0.579826535725286
0.37878893944697234,0.2328376307307179
0.3788089404470224,0.6682810770746208
0.37882894144707235,0.7118724383731306
0.37884894244712236,0.37247012570545546
0.37886894344717237,0.45025456227391797
0.3788889444472224,0.723504260239514
0.3789089454472724,0.6351729404536651
0.37892894644732233,0.20611524271161744
0.3789489474473724,0.6257632368854245
0.37896894844742235,0.7256955333673453
0.3789889494474724,0.4686152692437195
0.37900895044752236,0.3522995443908184
0.3790289514475724,0.7085759661405971
0.3790489524476224,0.6765733802902535
0.3790689534476724,0.24574351658172774
0.3790889544477224,0.5652407122271393
0.3791089554477724,0.7311214424458886
0.3791289564478224,0.5529483095459838
0.3791489574478724,0.258096961383223
0.3791689584479224,0.6825186094818451
0.3791889594479724,0.705628767600848
0.37920896044802244,0.3362198901121503
0.3792289614480724,0.48278507018685146
0.37924896244812245,0.7278401407319691
0.3792689634481724,0.6196329896708886
0.3792889644482224,0.20570851732680853
0.3793089654482724,0.6418311217548825
0.3793289664483224,0.7238007700841915
0.37934896744837243,0.4425695407137719
0.37936896844842244,0.3795344206878549
0.37938896944847245,0.7146877298299914
0.3794089704485224,0.6688658387818592
0.37942897144857246,0.22910024674546176
0.3794489724486224,0.5816339753156425
0.3794689734486725,0.7319388988744537
0.3794889744487224,0.538399127747161
0.3795089754487725,0.27287252612159546
0.37952897644882244,0.6893373982494146
0.37954897744887245,0.7028588479781279
0.37956897844892246,0.31972669514392177
0.37958897944897246,0.4967590648711385
0.37960898044902247,0.7300314156958522
0.3796289814490724,0.6136467041627744
0.3796489824491225,0.2062888640878789
0.37966898344917244,0.6478929260063031
0.3796889844492225,0.7238007583197524
0.37970898544927245,0.43467611242755533
0.3797289864493225,0.3870711937021161
0.37974898744937247,0.7169594118661469
0.3797689884494225,0.6680664410964482
0.3797889894494725,0.22522052854280938
0.3798089904495225,0.5846597476326448
0.3798289914495725,0.7330491926664511
0.3798489924496225,0.5386135322837994
0.3798689934496725,0.2716552492522729
0.37988899444972246,0.6901259674515071
0.3799089954497725,0.7046081324980785
0.3799289964498225,0.32266088274171123
0.37994899744987254,0.4934217862243852
0.3799689984499225,0.7307961915515376
0.3799889994499725,0.6185280773157186
0.3800090004500225,0.2028026107154808
0.3800290014500725,0.644943913658862
0.3800490024501225,0.7261865807017677
0.3800690034501725,0.44593335419285285
0.38008900445022253,0.374495937025257
0.3801090054502725,0.7157765335262379
0.38012900645032255,0.674583719094859
0.3801490074503725,0.23316170754523574
0.38016900845042256,0.574585216208019
0.3801890094504725,0.7345452354553754
0.3802090104505226,0.5538129113176598
0.38022901145057253,0.25402166312947516
0.38024901245062254,0.6848036521796023
0.38026901345067254,0.7107083267149741
0.38028901445072255,0.34573073777397384
0.38030901545077256,0.4720721384693064
0.3803290164508225,0.7298582700670395
0.3803490174508726,0.6336143201023704
0.3803690184509225,0.19852306634237885
0.3803890194509726,0.6321318793100329
0.38040902045102254,0.7304233240595815
0.3804290214510726,0.47565244006683755
0.38044902245112255,0.34140833477179017
0.38046902345117256,0.7103730730682879
0.38048902445122257,0.6872741087482723
0.3805090254512726,0.2580446063394599
0.3805290264513226,0.5494151832943511
0.3805490274513726,0.7355764765536443
0.3805690284514226,0.5819088516537815
0.38058902945147255,0.22483327174234702
0.3806090304515226,0.6717960751091666
0.38062903145157256,0.7198112343646195
0.3806490324516226,0.38995428017499634
0.3806690334516726,0.4301203283547373
0.3806890344517226,0.7259319313438392
0.3807090354517726,0.6563612166844168
0.3807290364518226,0.20551780651688856
0.3807490374518726,0.606553283369423
0.3807690384519226,0.7350140298031829
0.3807890394519726,0.5207608831955863
0.3808090404520226,0.2894126188343596
0.38082904145207264,0.6986929250536924
0.3808490424521226,0.703673584391141
0.38086904345217265,0.30765700507240745
0.3808890444522226,0.504731538888697
0.3809090454522726,0.7343528029887555
0.3809290464523226,0.6186216053796895
0.3809490474523726,0.19860364061669536
0.38096904845242263,0.6476593369719165
0.38098904945247264,0.7296103497137117
0.38100905045252265,0.4532628566653279
0.3810290514525726,0.3647496015765571
0.38104905245262266,0.7165649068957641
0.3810690534526726,0.6828419858150285
0.3810890544527227,0.24217105894447244
0.3811090554527726,0.5626857310286545
0.3811290564528227,0.7376032972307156
0.38114905745287264,0.5751875314974577
0.38116905845292265,0.22923027129833956
0.38118905945297266,0.6769338355324624
0.38120906045302266,0.7204683695184669
0.38122906145307267,0.38453199744381256
0.3812490624531227,0.4342543358426908
0.3812690634531727,0.7280310898580374
0.38128906445322264,0.658211544353467
0.3813090654532727,0.20341072838739152
0.38132906645332265,0.6062339161554081
0.3813490674533727,0.7371045363555087
0.38136906845342267,0.5278700169083714
0.3813890694534727,0.2798446861662424
0.3814090704535227,0.6976620166438542
0.3814290714535727,0.7085470742367982
0.3814490724536227,0.32092807421129577
0.3814690734536727,0.4919568764028487
0.3814890744537227,0.7349408623857879
0.38150907545377266,0.630865570528651
0.3815290764538227,0.1929018389322933
0.3815490774538727,0.6385279857671086
0.38156907845392274,0.7339597795569673
0.3815890794539727,0.4791524374177068
0.3816090804540227,0.33504135367626026
0.3816290814540727,0.7122417204061667
0.3816490824541227,0.6947762884969068
0.3816690834541727,0.2682485914159126
0.3816890844542227,0.5374655583777482
0.38170908545427273,0.7386436177016724
0.3817290864543227,0.6021232107374763
0.38174908745437275,0.20436833449079017
0.3817690884544227,0.6623406702297138
0.38178908945447276,0.7290916687034252
0.3818090904545227,0.43191185487185696
0.3818290914545728,0.3858548715057582
0.38184909245462273,0.7224016258151047
0.38186909345467274,0.6801127264198664
0.38188909445472274,0.22980059165246605
0.38190909545477275,0.5723928397308207
0.38192909645482276,0.7401653656579859
0.38194909745487277,0.5735030869447343
0.3819690984549228,0.22837371058147704
0.3819890994549727,0.6798205829698829
0.3820091004550228,0.7233171188347961
0.38202910145507274,0.38892159035760554
0.3820491024551228,0.4285823088190194
0.38206910345517275,0.7293987304268948
0.38208910445522276,0.6655478796279187
0.38210910545527277,0.20557228674662403
0.3821291064553228,0.5987018947561837
0.3821491074553728,0.7403155383803519
0.3821691084554228,0.5466123537520892
0.3821891094554728,0.2565005178799132
0.38220911045552275,0.6925571027517721
0.3822291114555728,0.7173788258847763
0.38224911245562276,0.3523331609972684
0.3822691134556728,0.4624434631842864
0.3822891144557228,0.7341585381112038
0.3823091154557728,0.6520773601861497
0.3823291164558228,0.19289451640426789
0.3823491174558728,0.6181164461204323
0.3823691184559228,0.7397461578052283
0.3823891194559728,0.5229951763254196
0.3824091204560228,0.2829860701978478
0.3824291214560728,0.7017010973259323
0.38244912245612284,0.7119466251653247
0.3824691234561728,0.3233771975275842
0.38248912445622285,0.48789629221158326
0.3825091254562728,0.7373653328052903
0.38252912645632287,0.6406441709214887
0.3825491274563728,0.18789649398203395
0.3825691284564228,0.6319758616611452
0.38258912945647283,0.7389798272966799
0.38260913045652284,0.5039898379878234
0.38262913145657285,0.30451877441440056
0.38264913245662285,0.7080690012954632
0.38266913345667286,0.7075994582006373
0.3826891344567228,0.30240506861531813
0.3827091354567729,0.5057353155215245
0.3827291364568228,0.739516753804616
0.3827491374568729,0.6320709057422451
0.38276913845692284,0.18682750344266688
0.38278913945697285,0.6412431544187921
0.38280914045702286,0.738418514546855
0.38282914145707286,0.49063547682553466
0.38284914245712287,0.31943168706007563
0.3828691434571729,0.712217290833119
0.3828891444572229,0.7047976691306166
0.38290914545727284,0.28920734322244035
0.3829291464573229,0.516680339939222
0.38294914745737285,0.7409549050780282
0.3829691484574229,0.626995166979674
0.38298914945747287,0.18681957531820473
0.3830091504575229,0.6465497158168938
0.3830291514575729,0.7383420922638689
0.3830491524576229,0.48364012186254374
0.3830691534576729,0.32696915501884877
0.3830891544577229,0.7144908179620426
0.3831091554577729,0.7038543835604307
0.38312915645782286,0.28343178960820586
0.3831491574578729,0.5212093271156117
0.3831691584579229,0.741882977067673
0.38318915945797294,0.6258183657354393
0.3832091604580229,0.18617092973543342
0.38322916145807295,0.6482359239779663
0.3832491624581229,0.7389033977862933
0.3832691634581729,0.48338937635742085
0.3832891644582229,0.3268121729358653
0.3833091654582729,0.7150510648355392
0.38332916645832293,0.7049131873860128
0.38334916745837294,0.2849274604771092
0.38336916845842295,0.5194963848786437
0.3833891694584729,0.7423734272643566
0.38340917045852296,0.6286729651232139
0.3834291714585729,0.18440367241993172
0.383449172458623,0.6463750644725167
0.38346917345867293,0.740124575219524
0.38348917445872294,0.48995957500884635
0.38350917545877294,0.3188524260403072
0.38352917645882295,0.713888955724495
0.38354917745887296,0.7079371880687411
0.38356917845892297,0.2939064086909424
0.383589179458973,0.5113894022617196
0.3836091804590229,0.742371237547752
0.383629181459073,0.635409978055107
0.38364918245912294,0.18229018403727743
0.383669183459173,0.6407771158405022
0.38368918445922295,0.7418973816134405
0.38370918545927296,0.503108370449229
0.38372918645932297,0.3031822315345707
0.383749187459373,0.7108244190636458
0.383769188459423,0.7127120160041727
0.383789189459473,0.3108772264751726
0.383809190459523,0.49640448217331457
0.38382919145957295,0.7416934586969617
0.383849192459623,0.6456079523484363
0.38386919345967296,0.18190546316705516
0.383889194459723,0.6309709486165967
0.383909195459773,0.7439879220391798
0.38392919645982304,0.5222426895410501
0.383949197459873,0.28030854419885937
0.383969198459923,0.7054921876345797
0.383989199459973,0.7188625684653642
0.384009200460023,0.3363546549117988
0.384029201460073,0.4737447794602821
0.38404920246012303,0.7400240013577305
0.38406920346017304,0.6586048754003626
0.384089204460223,0.1866059831784578
0.38410920546027305,0.6161637493435363
0.384129206460323,0.7460440185580475
0.38414920746037307,0.5463927793457387
0.384169208460423,0.25164754530052064
0.384189209460473,0.6973104428142631
0.38420921046052303,0.7258804134297381
0.38422921146057304,0.3704149291563456
0.38424921246062305,0.44238926875849993
0.38426921346067305,0.7369002899225554
0.38428921446072306,0.6735525182851755
0.384309215460773,0.20067993525961225
0.3843292164608231,0.5951789637651966
0.384349217460873,0.7476012430626585
0.3843692184609231,0.5742336840015639
0.38438921946097304,0.22035306186652204
0.38440922046102305,0.6854258348616028
0.38442922146107306,0.7331559865746454
0.38444922246112306,0.4122574703821915
0.38446922346117307,0.4013656104521389
0.3844892244612231,0.7316857449189648
0.3845092254612731,0.6894875136257779
0.38452922646132304,0.22836114166923516
0.3845492274613731,0.5663857032314803
0.38456922846142305,0.7480815976941827
0.3845892294614731,0.6041810210132725
0.38460923046152307,0.19234555534599984
0.38462923146157313,0.6686255929809101
0.3846492324616231,0.7400074616934247
0.3846692334616731,0.4599952913142139
0.3846892344617231,0.35044533095524044
0.3847092354617731,0.7235187372404204
0.3847292364618231,0.7054067977362004
0.3847492374618731,0.27217788895741013
0.3847692384619231,0.5276707379870751
0.3847892394619731,0.7467767171613454
0.38480924046202314,0.6345516210484595
0.3848292414620731,0.17683850423878097
0.38484924246212315,0.6452072902378445
0.3848692434621731,0.7456968149513917
0.3848892444622231,0.5108346710448933
0.3849092454622731,0.29165681556292106
0.3849292464623231,0.711224209507589
0.38494924746237313,0.7203306327934013
0.38496924846242314,0.3313067170935355
0.38498924946247315,0.47661184098816506
0.3850092504625231,0.742804703481884
0.38502925146257316,0.6637433488586488
0.3850492524626231,0.18482774549483572
0.3850692534626732,0.612808548884461
0.38508925446272313,0.7494229524109149
0.38510925546277314,0.5616023769043232
0.38512925646282314,0.23192870748109418
0.38514925746287315,0.6931686573981837
0.38516925846292316,0.733336755823382
0.38518925946297317,0.401144612896869
0.3852092604630232,0.4112768068309441
0.3852292614630731,0.7350251893262092
0.3852492624631232,0.6903757401863082
0.38526926346317314,0.22429506025986665
0.3852892644632232,0.5682533943916055
0.38530926546327315,0.7502807423871403
0.3853292664633232,0.6093738420553996
0.38534926746337317,0.18592405772451387
0.3853692684634232,0.6670359493853274
0.3853892694634732,0.7435533947886471
0.3854092704635232,0.4747336597775416
0.3854292714635732,0.3325796318067893
0.3854492724636232,0.7218895309137687
0.3854692734636732,0.7133497638238337
0.38548927446372316,0.2942530019832883
0.3855092754637732,0.507662620856558
0.3855292764638232,0.7471713609410057
0.38554927746387324,0.6519206867574664
0.3855692784639232,0.17472313683303714
0.3855892794639732,0.6295176966952688
0.3856092804640232,0.7501030340418757
0.3856292814640732,0.5451851000637044
0.3856492824641232,0.24943585264859655
0.38566928346417323,0.7011917879356341
0.38568928446422324,0.7318155481764191
0.3857092854642732,0.3835049014200953
0.38572928646432325,0.4276396188752479
0.3857492874643732,0.7386407406617115
0.38576928846442327,0.6878414996383151
0.3857892894644732,0.2145352333040374
0.3858092904645232,0.5760161711293893
0.38582929146457323,0.7519880254598659
0.38584929246462324,0.6075299716583622
0.38586929346467325,0.18536313138399396
0.38588929446472325,0.6696789264830909
0.38590929546477326,0.7450594633259253
0.3859292964648232,0.47652725532510865
0.3859492974648733,0.32959798287760667
0.3859692984649232,0.7226062531449717
0.3859892994649733,0.7164176478817862
0.38600930046502324,0.3012167324553246
0.3860293014650733,0.5008886646722804
0.38604930246512326,0.7478991010418168
0.38606930346517326,0.6592081156243534
0.38608930446522327,0.1753502994623334
0.3861093054652733,0.6225210486543712
0.3861293064653233,0.7523241085649327
0.38614930746537324,0.5608926803258045
0.3861693084654233,0.2300236166673681
0.38618930946547325,0.6959083095795403
0.3862093104655233,0.73731761657564
0.38622931146557327,0.4106030692796103
0.38624931246562333,0.4001723184097792
0.3862693134656733,0.7359046522041622
0.3862893144657233,0.6995235885744497
0.3863093154657733,0.238878653130926
0.3863293164658233,0.552937688229505
0.3863493174658733,0.7525556648656573
0.3863693184659233,0.6303006461542399
0.3863893194659733,0.17092715685130616
0.3864093204660233,0.6536223527652127
0.38642932146607334,0.7502493804400375
0.3864493224661233,0.5165372623369698
0.38646932346617335,0.28168259519976335
0.3864893244662233,0.7129399765500883
0.3865093254662733,0.728757847334818
0.3865293264663233,0.35436409531377355
0.3865493274663733,0.4535752693607161
0.38656932846642333,0.7440349402472749
0.38658932946647334,0.6833490764754271
0.38660933046652335,0.199691934716995
0.3866293314665733,0.5882595305120017
0.38664933246662336,0.7545866818841955
0.3866693334666733,0.60425201002713
0.3866893344667234,0.18503838002322476
0.38670933546677333,0.6739792639769148
0.3867293364668234,0.7473722704707612
0.38674933746687334,0.4790168048467451
0.38676933846692335,0.32529070356885387
0.38678933946697336,0.7237895902889251
0.38680934046702337,0.7210573609856475
0.3868293414670734,0.31227714082392516
0.3868493424671233,0.4901619804842818
0.3868693434671734,0.7489130013055322
0.38688934446722334,0.6700424839805081
0.3869093454672734,0.17928673634167305
0.38692934646732335,0.6108917335875134
0.3869493474673734,0.7553817725400718
0.38696934846742337,0.5840683864674397
0.3869893494674734,0.2026805969035062
0.3870093504675234,0.686614501779258
0.3870293514675734,0.7449445209649354
0.3870493524676234,0.452031011362585
0.3870693534676734,0.35517815101316114
0.3870893544677234,0.7303377810654216
0.38710935546777336,0.7156251335666789
0.3871293564678234,0.28571054804210305
0.3871493574678734,0.5121157099896196
0.38716935846792344,0.7517680467349492
0.3871893594679734,0.6614396942268789
0.3872093604680234,0.17038171384414927
0.3872293614680734,0.6235922233324983
0.3872493624681234,0.7558821265565833
0.3872693634681734,0.5721703428808137
0.38728936446822343,0.21449446765874466
0.38730936546827344,0.6933349245170672
0.3873293664683234,0.743854535604048
0.38734936746837345,0.4379873797705611
0.3873693684684234,0.369946094049643
0.38738936946847347,0.7336783663267931
0.3874093704685234,0.7134685881735168
0.3874293714685735,0.2741885975459205
0.38744937246862343,0.5212161446654846
0.38746937346867344,0.7533114709028458
0.38748937446872345,0.6587957680766054
0.38750937546877345,0.16720679323901258
0.38752937646882346,0.6278859959029259
0.3875493774688734,0.7566241240241963
0.3875693784689235,0.5700469847313928
0.3875893794689734,0.21606559753723129
0.3876093804690235,0.6950335691860431
0.38762938146907344,0.7445802478081729
0.3876493824691235,0.43807234385168536
0.38766938346917346,0.3693930982904554
0.38768938446922346,0.7342998651475771
0.38770938546927347,0.7150605172502089
0.3877293864693235,0.27729022835354017
0.3877493874693735,0.518080417387235
0.3877693884694235,0.7536995900717699
0.3877893894694735,0.6625036407591639
0.38780939046952345,0.16804162089439373
0.3878293914695735,0.623876212886137
0.38784939246962347,0.757519427665556
0.38786939346967353,0.5780143053951013
0.3878893944697235,0.2065601067663038
0.3879093954697735,0.6913616075180024
0.3879293964698235,0.7468314174709537
0.3879493974698735,0.4526558851381239
0.3879693984699235,0.3527674022897202
0.3879893994699735,0.7315818729064213
0.3880094004700235,0.7199052441929586
0.3880294014700735,0.2961888367988165
0.38804940247012354,0.5016534139478579
0.3880694034701735,0.7524677154555769
0.38808940447022355,0.6720211950826196
0.3881094054702735,0.17558385333000773
0.3881294064703235,0.6107918282674605
0.3881494074703735,0.7582830031056027
0.3881694084704235,0.5952133947056807
0.38818940947047353,0.18847073966620495
0.38820941047052354,0.6819305961553539
0.38822941147057355,0.7503899683913415
0.3882494124706235,0.48051801444232306
0.38826941347067356,0.3204298810626701
0.3882894144707235,0.7254617753072742
0.3883094154707736,0.7276532970725148
0.38832941647082353,0.33114357787743265
0.3883494174708736,0.47104156234874633
0.38836941847092354,0.7494441287435236
0.38838941947097355,0.6863243856455818
0.38840942047102356,0.19557100635289182
0.38842942147107357,0.5873367054370816
0.3884494224711236,0.7585096368844635
0.3884694234711736,0.6197236214874434
0.3884894244712236,0.16878264738998727
0.38850942547127354,0.6654687135362046
0.3885294264713236,0.7545341755408564
0.38854942747137355,0.5192370430210346
0.3885694284714236,0.27366214227319585
0.38858942947147357,0.7147465846095238
0.3886094304715236,0.7371153568619775
0.3886294314715736,0.3820828745935618
0.3886494324716236,0.4237126118838667
0.3886694334716736,0.7435612754028207
0.3886894344717236,0.7035931965280278
0.3887094354717736,0.23586736581032916
0.38872943647182356,0.5503928806959464
0.3887494374718736,0.757155875155749
0.3887694384719236,0.6487608225983836
0.38878943947197364,0.16077032380859096
0.3888094404720236,0.6393470281972213
0.3888294414720736,0.7580882976779425
0.3888494424721236,0.5650264185278007
0.3888694434721736,0.21844664424346955
0.3888894444722236,0.6973703422443531
0.38890944547227363,0.7467801725454664
0.38892944647232364,0.4459805356878957
0.3889494474723736,0.3575361698545682
0.38896944847242365,0.7331420119648209
0.3889894494724736,0.7216926702643988
0.38900945047252367,0.30101480079136245
0.3890294514725736,0.49538143341093765
0.3890494524726237,0.7527335659827565
0.38906945347267363,0.679156261571501
0.38908945447272364,0.18256578271586693
0.38910945547277365,0.5993454006444764
0.38912945647282365,0.7595594354708142
0.38914945747287366,0.6131734225079848
0.38916945847292367,0.17142444704984652
0.3891894594729737,0.6700136374430304
0.3892094604730236,0.7549418712845796
0.3892294614730737,0.5164949720393477
0.38924946247312364,0.2751498341012819
0.3892694634731737,0.7156084866373179
0.38928946447322366,0.7384408439055054
0.38930946547327366,0.3871549263676285
0.38932946647332367,0.41715036328692773
0.3893494674733737,0.743136632614109
0.3893694684734237,0.7078568819493916
0.3893894694734737,0.24747884246861723
0.3894094704735237,0.5391452055363096
0.38942947147357365,0.7570679029344936
0.3894494724736237,0.6590159336870712
0.38946947347367367,0.16273655409791934
0.38948947447372373,0.627391722321701
0.3895094754737737,0.7597300545845006
0.3895294764738237,0.5857975931792374
0.3895494774738737,0.19429327221625114
0.3895694784739237,0.6869040587004415
0.3895894794739737,0.75175647267661
0.3896094804740237,0.48209106488854536
0.3896294814740737,0.3149852405805323
0.3896494824741237,0.725237153689734
0.38966948347417374,0.7322740881415593
0.3896894844742237,0.35023277359438787
0.38970948547427375,0.4508443070657082
0.3897294864743237,0.7480883037218661
0.38974948747437377,0.6988348002879917
0.3897694884744237,0.2203456841073993
0.3897894894744737,0.5613342754068315
0.38980949047452373,0.7589615016911854
0.38982949147457374,0.6472263830422333
0.38984949247462375,0.15842460117100407
0.38986949347467376,0.6404557131867468
0.38988949447472376,0.7595981475869383
0.3899094954747737,0.5716737781021352
0.3899294964748238,0.20829244538296515
0.38994949747487373,0.6940592570279904
0.3899694984749238,0.7503226538985317
0.38998949947497374,0.46713886105049524
0.39000950047502375,0.33117762965128533
0.39002950147507376,0.7288481515314879
0.39004950247512377,0.7301629411651297
0.3900695034751738,0.3378146457094222
0.3900895044752238,0.46109985961552796
0.3901095054752738,0.7497039084959016
0.39012950647532374,0.6967712563924513
0.3901495074753738,0.21433480693202694
0.39016950847542375,0.5657562118128814
0.3901895094754738,0.7596237872004065
0.39020951047552377,0.6462703999907851
0.3902295114755738,0.1575678498840805
0.3902495124756238,0.6412622628363962
0.3902695134756738,0.7601069750156395
0.3902895144757238,0.5734646587380801
0.3903095154757738,0.20536755573835527
0.3903295164758238,0.6931029933830237
0.39034951747587376,0.7514421671379834
0.3903695184759238,0.4738053467756238
0.3903895194759738,0.32255112472806047
0.39040952047602384,0.7273412492809357
0.3904295214760738,0.7328110925355171
0.39044952247612386,0.35033203784987454
0.3904695234761738,0.4489527038131803
0.3904895244762238,0.7484473955393247
0.3905095254762738,0.7022312868119406
0.39052952647632383,0.22789133493015476
0.39054952747637384,0.5531278079840077
0.39056952847642384,0.7592418581595203
0.39058952947647385,0.6564277580630172
0.3906095304765238,0.1592865353257373
0.39062953147657387,0.6298963849863084
0.3906495324766238,0.761226152890293
0.3906695334766739,0.5909278949490888
0.39068953447672383,0.1864475663445807
0.39070953547677384,0.6837110093212989
0.39072953647682385,0.7548458873237256
0.39074953747687385,0.5012884391876147
0.39076953847692386,0.28931812243957244
0.39078953947697387,0.7201729273765015
0.3908095404770239,0.7396073771117632
0.3908295414770738,0.38765053077829514
0.3908495424771239,0.41292096209635387
0.39086954347717384,0.743642029560276
0.3908895444772239,0.7140607257346342
0.39090954547727386,0.2652122648614489
0.39092954647732386,0.5210560226091875
0.39094954747737387,0.7570109615659312
0.3909695484774239,0.6757010641728239
0.3909895494774739,0.17427867976238484
0.3910095504775239,0.603813638964458
0.3910295514775739,0.7619658281948953
0.39104955247762385,0.6209413732961359
0.3910695534776739,0.16233543546346382
0.39108955447772387,0.6635183404516221
0.39110955547777393,0.759240609708093
0.3911295564778239,0.5456239371902862
0.39114955747787394,0.2351183029966215
0.3911695584779239,0.7052186813540532
0.3911895594779739,0.7487619797041777
0.3912095604780239,0.44728310269380733
0.3912295614780739,0.35017024170152256
0.3912495624781239,0.7333449156502231
0.39126956347817393,0.7296829229995724
0.39128956447822394,0.33129736883053795
0.3913095654782739,0.46402839567071114
0.39132956647832395,0.7510604209212448
0.3913495674783739,0.7003308425899605
0.39136956847842397,0.22090008802609154
0.3913895694784739,0.55726255607142
0.3914095704785239,0.7603877783505945
0.39142957147857393,0.658133676874123
0.39144957247862394,0.15842765271170756
0.39146957347867395,0.6274246861529681
0.39148957447872396,0.7624464885082075
0.39150957547877396,0.5997074586202632
0.3915295764788239,0.1764343327487211
0.391549577478874,0.678158473537401
0.39156957847892393,0.757628438069044
0.391589579478974,0.521609215577112
0.39160958047902394,0.2626944294552111
0.39162958147907395,0.713876797344353
0.39164958247912396,0.7456844240132
0.39166958347917397,0.4228907883211415
0.391689584479224,0.37516995534402253
0.391709585479274,0.7381439753225109
0.391729586479324,0.7257317585819038
0.39174958747937394,0.3109911988162189
0.391769588479424,0.48065705863734987
0.39178958947947395,0.7534641443589387
0.391809590479524,0.6962068674877532
0.39182959147957397,0.2095326572423055
0.39184959247962403,0.5662077663009207
0.391869593479674,0.7614407377849483
0.391889594479724,0.6548187897452667
0.391909595479774,0.1561113632671322
0.391929596479824,0.6310754647272854
0.391949597479874,0.7629659788711101
0.391969598479924,0.5986549377329758
0.391989599479974,0.176255950755228
0.392009600480024,0.67865567425018
0.39202960148007404,0.7583540502488296
0.392049602480124,0.5248247510412866
0.39206960348017406,0.2575995110394014
0.392089604480224,0.7127575671668749
0.392109605480274,0.7474080216629022
0.392129606480324,0.4324550890137656
0.39214960748037403,0.36385995804313
0.39216960848042404,0.7364652813895673
0.39218960948047404,0.7294297501995157
0.39220961048052405,0.3271062089314283
0.392229611480574,0.46558439552897335
0.39224961248062407,0.7519905783970968
0.392269613480674,0.7031895749608547
0.3922896144807241,0.22684495668567994
0.39230961548077403,0.550109437871907
0.39232961648082404,0.7607995215876341
0.39234961748087405,0.6668906370792588
0.39236961848092405,0.16249273411965565
0.39238961948097406,0.6157392757834473
0.39240962048102407,0.7637668154413172
0.3924296214810741,0.6182146716086779
0.392449622481124,0.1608120367359681
0.3924696234811741,0.6650179510193283
0.39248962448122404,0.7612911018621188
0.3925096254812741,0.5546609894307404
0.39252962648132406,0.2209120036624974
0.3925496274813741,0.7012623780929356
0.39256962848142407,0.7533617906556926
0.3925896294814741,0.4746288455656148
0.3926096304815241,0.3157196989622254
0.3926296314815741,0.7273402238969449
0.3926496324816241,0.7395831946485983
0.3926696334816741,0.37994932625144795
0.3926896344817241,0.4158651994376782
0.39270963548177407,0.7454140794384144
0.39272963648182413,0.7191659242318961
0.3927496374818741,0.2801381552261721
0.39276963848192414,0.5045377492200426
0.3927896394819741,0.75700047848671
0.3928096404820241,0.6909018082564657
0.3928296414820741,0.19578226231007884
0.3928496424821241,0.576501272412137
0.3928696434821741,0.7630928637461183
0.39288964448222413,0.6531572627578242
0.39290964548227414,0.15360061908996944
0.3929296464823241,0.6324180405072669
0.39294964748237415,0.7642691221910268
0.3929696484824241,0.6039662057286215
0.39298964948247417,0.1694845033536584
0.3930096504825241,0.6748739688905708
0.3930296514825741,0.7607657314991482
0.39304965248262413,0.541399713208307
0.39306965348267414,0.23509912134902744
0.39308965448272415,0.7065840266413547
0.39310965548277416,0.7525194106878126
0.39312965648282416,0.4645444744269258
0.3931496574828741,0.32583978758226295
0.3931696584829242,0.7298044618048413
0.39318965948297413,0.7391818488314569
0.3932096604830242,0.37552663328706876
0.39322966148307414,0.4187971764943278
0.3932496624831242,0.7462394002875714
0.39326966348317416,0.7201146999335717
0.39328966448322417,0.28258118513183755
0.3933096654832742,0.5012838807632874
0.3933296664833242,0.7571056810338656
0.3933496674833742,0.6943758106771412
0.39336966848342414,0.20225676708521043
0.3933896694834742,0.5692460953262168
0.39340967048352415,0.7632262046594791
0.3934296714835742,0.6607182375312022
0.39344967248362417,0.1560232310115257
0.39346967348367423,0.623126227047566
0.3934896744837242,0.7651099224834297
0.3935096754837742,0.617647878072541
0.3935296764838242,0.1587557252855675
0.3935496774838742,0.6649649346162844
0.3935696784839242,0.763009100135913
0.3935896794839742,0.5636331590035059
0.3936096804840242,0.20788275476288948
0.3936296814840742,0.6970100916421242
0.39364968248412424,0.7569549388057519
0.3936696834841742,0.49763616660396637
0.39368968448422426,0.28587561934848543
0.3937096854842742,0.7212081147710301
0.3937296864843242,0.746775292154556
0.3937496874843742,0.4202046751862198
0.39376968848442423,0.37267034723373194
0.39378968948447424,0.7390890495495509
0.39380969048452424,0.7320988001953846
0.39382969148457425,0.3352648895693797
0.3938496924846242,0.4545653949855684
0.39386969348467427,0.7517951103609587
0.3938896944847242,0.7123507802379676
0.3939096954847743,0.25210211071573496
0.39392969648482423,0.5253295563096863
0.3939496974848743,0.7601464069396564
0.39396969848492425,0.6867493729988445
0.39398969948497425,0.1855739153550226
0.39400970048502426,0.5836257082938233
0.39402970148507427,0.7647048772021043
0.3940497024851243,0.654317817887272
0.3940697034851742,0.15177647306246658
0.3940897044852243,0.6304237114397038
0.39410970548527424,0.7658250142162697
0.3941297064853243,0.6139433318606503
0.39414970748537426,0.15964980627187683
0.3941697084854243,0.6674423905336653
0.39418970948547427,0.7636900866786962
0.3942097104855243,0.5645382025084894
0.3942297114855743,0.20529268636991502
0.3942497124856243,0.6964242384289673
0.3942697134856743,0.7583357029538488
0.3942897144857243,0.5053935644264905
0.3943097154857743,0.27497642034917785
0.39432971648582427,0.7188694175607194
0.39434971748587433,0.7496632432881847
0.3943697184859243,0.43684158580399807
0.39438971948597434,0.35334838334708196
0.3944097204860243,0.7359782041155857
0.3944297214860743,0.7374457390518521
0.3944497224861243,0.3612890517330318
0.3944697234861743,0.4292760974195592
0.3944897244862243,0.7486731315122066
0.39450972548627433,0.7213290431739966
0.39452972648632434,0.2844127520264501
0.3945497274863743,0.49696683340174863
0.39456972848642435,0.7576435725002465
0.3945897294864743,0.7008321412583269
0.39460973048652437,0.21570720190004458
0.3946297314865743,0.5545191679769267
0.3946497324866244,0.7633902327759141
0.39466973348667433,0.6753527628151644
0.39468973448672434,0.1670158263203407
0.39470973548677435,0.602152736648602
0.39472973648682436,0.7662622253063965
0.39474973748687436,0.6441888149676023
0.3947697384869243,0.14838050159782462
0.3947897394869744,0.640978097855393
0.39480974048702433,0.7664854654605145
0.3948297414870744,0.6065934305888421
0.39484974248712434,0.16318575089147183
0.3948697434871744,0.6723303872725224
0.39488974448722436,0.764183258389208
0.39490974548727437,0.5618919216799974
0.3949297464873244,0.20648210694977312
0.3949497474873744,0.6974686847154231
0.3949697484874244,0.759390507877319
0.3949897494874744,0.5097004577893219
0.3950097504875244,0.26795871306831964
0.39502975148757435,0.717468974100307
0.3950497524876244,0.7520629891961853
0.39506975348767437,0.45028958612117476
0.39508975448772443,0.3367652222773809
0.3951097554877744,0.7332064510353149
0.3951297564878244,0.7420830369865526
0.3951497574878744,0.3851073971809061
0.3951697584879244,0.4047340381118784
0.3951897594879744,0.7453733353026853
0.3952097604880244,0.7292630007288657
0.3952297614880744,0.31737767042879483
0.3952497624881244,0.4671251673355128
0.39526976348817444,0.7545071132993665
0.3952897644882244,0.7133480284226799
0.39530976548827446,0.2524907274257582
0.3953297664883244,0.5219180851597398
0.3953497674883744,0.7610186670979667
0.3953697684884244,0.6940202528628564
0.39538976948847443,0.1976884326408036
0.39540977048852444,0.5687762322699813
0.39542977148857444,0.7652165327767435
0.39544977248862445,0.6709073853055076
0.3954697734886744,0.160599315222455
0.39548977448872447,0.6082214930121717
0.3955097754887744,0.7673264766485755
0.3955297764888245,0.6436001801024599
0.39554977748887443,0.14683343173240798
0.3955697784889245,0.6411173602329381
0.39558977948897445,0.7675067319929513
0.39560978048902445,0.6116852651803926
0.39562978148907446,0.15783475367411762
0.39564978248912447,0.6683914791760571
0.3956697834891745,0.7658596025760506
0.3956897844892245,0.5748022341801755
0.3957097854892745,0.19041883183477934
0.39572978648932444,0.6909065100340349
0.3957497874893745,0.7624401814757672
0.39576978848942446,0.532735847797001
0.3957897894894745,0.23828064825682208
0.39580979048952447,0.7094118442034463
0.3958297914895745,0.7572628661600258
0.3958497924896245,0.4855536486048272
0.3958697934896745,0.29434618242028293
0.3958897944897245,0.7245351646216883
0.3959097954897745,0.7503062654047112
0.3959297964898245,0.4337923020391245
0.39594979748987447,0.35260693651184044
0.39596979848992453,0.7367914537825339
0.3959897994899745,0.7415170287942084
0.39600980049002454,0.37867677649552883
0.3960298014900745,0.4088891757588067
0.3960498024901245,0.7465981230839974
0.3960698034901745,0.7308131004594405
0.3960898044902245,0.3223204473423101
0.3961098054902745,0.4607894129674792
0.39612980649032453,0.7542909596282492
0.39614980749037454,0.7180869114606694
0.3961698084904245,0.26780633321394026
0.39618980949047455,0.5072374829795592
0.3962098104905245,0.7601386716371124
0.39622981149057457,0.7032090818970096
0.3962498124906245,0.2190171368086769
0.3962698134906746,0.5480183511775187
0.39628981449072453,0.7643553106507905
0.39630981549077454,0.6860333035690711
0.39632981649082455,0.18011621617172638
0.39634981749087456,0.5833951828702089
0.39636981849092456,0.7671105274609724
0.39638981949097457,0.6664032106598868
0.3964098204910246,0.1547240802342381
0.39642982149107453,0.6138575071135197
0.3964498224911246,0.7685378927401683
0.39646982349117454,0.6441622020559706
0.3964898244912246,0.14504326125168202
0.39650982549127456,0.6399707175034023
0.39652982649132457,0.7687415959091735
0.3965498274913746,0.6191673176369302
0.3965698284914246,0.1513049721182865
0.3965898294914746,0.6622945176398012
0.3966098304915246,0.7678018340252571
0.3966298314915746,0.5913083221547627
0.39664983249162455,0.17179809699283174
0.3966698334916746,0.6813437185552728
0.39668983449172457,0.7657791681387042
0.39670983549177463,0.5605329981663542
0.3967298364918246,0.2034406572322834
0.3967498374918746,0.6975731756497001
0.3967698384919246,0.7627180817690559
0.3967898394919746,0.526879122540642
0.3968098404920246,0.24259581122066248
0.3968298414920746,0.711375543894684
0.3968498424921246,0.7586499351439275
0.3968698434921746,0.490512485316956
0.39688984449222464,0.28579673499091673
0.3969098454922746,0.7230852483399842
0.39692984649232466,0.7535954733368693
0.3969498474923746,0.45176840543727337
0.39696984849242467,0.330192409786786
0.3969898494924746,0.7329850125317702
0.39700985049252463,0.7475670170130105
0.39702985149257464,0.41119145182874645
0.39704985249262464,0.3737037129112125
0.39706985349267465,0.7413130245882228
0.39708985449272466,0.7405704405149777
0.39710985549277467,0.3695648025884201
0.3971298564928246,0.4149791786300935
0.3971498574928747,0.748269803720352
0.39716985849292463,0.7326070222033059
0.3971898594929747,0.32791779220052397
0.39720986049302465,0.45325469122930784
0.39722986149307465,0.7540243658313105
0.39724986249312466,0.7236752350428631
0.39726986349317467,0.28749933580225706
0.3972898644932247,0.4881923910917983
0.3973098654932747,0.7587195668256879
0.3973298664933247,0.713772530075368
0.39734986749337464,0.24970805601396293
0.3973698684934247,0.5197383339922069
0.39738986949347466,0.7624766398017756
0.3974098704935247,0.7028971503564944
0.39742987149357467,0.2159783577337366
0.3974498724936247,0.5480125661845535
0.3974698734936747,0.7653990028538649
0.3974898744937247,0.691049997331575
0.3975098754937747,0.18763451047885824
0.3975298764938247,0.5732312991954607
0.3975498774938747,0.7675754344829073
0.39756987849392467,0.6782365543342107
0.39758987949397473,0.16573801560800794
0.3976098804940247,0.5956553005467721
0.39762988149407474,0.7690827139420119
0.3976498824941247,0.6644688528632879
0.39766988349417476,0.15096103781286008
0.3976898844942247,0.6155575971009511
0.3977098854942747,0.7699878151697287
0.3977298864943247,0.6497674458891716
0.39774988749437473,0.14351544627464644
0.39776988849442474,0.6332044912545819
0.39778988949447475,0.770349730979512
0.39780989049452475,0.6341633298598827
0.3978298914945747,0.14315278657721092
0.39784989249462477,0.6488453152740923
0.3978698934946747,0.7702209918037479
0.3978898944947248,0.6176997338807964
0.39790989549477473,0.14923084203690534
0.39792989649482474,0.6627076863344619
0.39794989749487475,0.7696489318101368
0.39796989849492476,0.6004336732011069
0.39798989949497476,0.16082570393871656
0.39800990049502477,0.6749960806849272
0.3980299014950748,0.7686767451713314
0.39804990249512473,0.5824371473774124
0.3980699034951748,0.176860679268374
0.39808990449522474,0.6858923090908683
0.3981099054952748,0.7673443667661822
0.39812990649532476,0.5637978544099576
0.39814990749537477,0.19622592158911037
0.3981699084954248,0.6955569995269107
0.3981899094954748,0.7656892045623002
0.3982099104955248,0.5446192947776545
0.3982299114955748,0.2178718079091193
0.3982499124956248,0.704131539945793
0.39826991349567475,0.7637467452028854
0.3982899144957248,0.5250201564280108
0.39830991549577477,0.24086972425614123
0.39832991649582483,0.7117401575531492
0.3983499174958748,0.7615510497451295
0.39836991849592485,0.505132905516439
0.3983899194959748,0.2644422816106969
0.3984099204960248,0.7184919518781766
0.3984299214960748,0.7591351528889496
0.3984499224961248,0.48510155789664916
0.3984699234961748,0.2879696145414698
0.39848992449622483,0.72448278605291
0.39850992549627484,0.75653137626434
0.3985299264963248,0.465078670068482
0.39854992749637486,0.3109797146066718
0.3985699284964248,0.7297969930648522
0.39858992949647487,0.7537715642540599
0.3986099304965248,0.4452216599271363
0.39862993149657483,0.33312992515769635
0.39864993249662484,0.7345088844135318
0.39866993349667484,0.7508872493637804
0.39868993449672485,0.4256886384623426
0.39870993549677486,0.3541849730571231
0.39872993649682487,0.7386840656971772
0.3987499374968748,0.7479097531363122
0.3987699384969249,0.4066339940734495
0.39878993949697483,0.3739950600893367
0.3988099404970249,0.7423805725615544
0.39882994149707485,0.7448702280220599
0.39884994249712485,0.3882040114114125
0.39886994349717486,0.3924759982605761
0.39888994449722487,0.7456498443510141
0.3989099454972749,0.741799645357189
0.3989299464973249,0.3705328193375324
0.3989499474973749,0.4095922714858015
0.39896994849742484,0.7485375539388852
0.3989899494974749,0.7387287345644378
0.39900995049752486,0.35373894403895434
0.3990299514975749,0.42534320808743686
0.39904995249762487,0.7510843117258477
0.39906995349767493,0.735687878858216
0.3990899544977249,0.33792269512259426
0.3991099554977749,0.43975205824056374
0.3991299564978249,0.7533262605172963
0.3991499574978749,0.7327069730085619
0.3991699584979249,0.3231645404687671
0.3991899594979749,0.45285758999327375
0.39920996049802493,0.7552955763833725
0.3992299614980749,0.7298152490001814
0.39924996249812494,0.30952453987666534
0.3992699634981749,0.46470776486500903
0.39928996449822496,0.7570208888685386
0.3993099654982749,0.7270410757709651
0.3993299664983249,0.2970428195848511
0.3993499674983749,0.4753550717774828
0.39936996849842493,0.7585276322812704
0.39938996949847494,0.7244117394198194
0.39940997049852495,0.2857409905626953
0.39942997149857495,0.484853148725769
0.3994499724986249,0.7598383382481166
0.39946997349867497,0.7219532104592788
0.3994899744987249,0.2756243515062145
0.399509975498775,0.49325438308436576
0.39952997649882493,0.7609728783305905
0.39954997749887494,0.7196899047120483
0.39956997849892495,0.26668467781861116
0.39958997949897496,0.5006082418470778
0.39960998049902496,0.7619486642871345
0.39962998149907497,0.7176444443647564
0.399649982499125,0.2589033812138644
0.39966998349917493,0.5069601366389268
0.399689984499225,0.7627808124524095
0.39970998549927494,0.7158374254619729
0.399729986499325,0.2522548284201544
0.39974998749937496,0.5123506734590766
0.399769988499425,0.7634822777702558
0.399789989499475,0.7142871977528586
0.399809990499525,0.24670962705941468
0.399829991499575,0.5168151733608575
0.399849992499625,0.764063962142752
0.399869993499675,0.7130096623657934
0.399889994499725,0.24223771615471906
0.399909995499775,0.5203833791783867
0.39992999649982497,0.7645348010186336
0.39994999749987503,0.7120180921529727
0.399969998499925,0.2388111321072463
0.39998999949997505,0.5230792854464668
0.400010000500025,0.7649018314408823
0.400030001500075,0.7113229789936221
0.400050002500125,0.23640635380307112
0.400070003500175,0.5249210459588578
0.400090004500225,0.7651702441590512
0.40011000550027503,0.7109319115341526
0.40013000650032504,0.23500615913271322
0.400150007500375,0.5259209264670001
0.40017000850042506,0.7653434218274252
0.400190009500475,0.7108494862159005
0.40021001050052507,0.23460094853400365
0.400230011500575,0.5260852801963312
0.40025001250062503,0.7654229647570479
0.40027001350067504,0.7110772535798033
0.40029001450072504,0.23518950822505558
0.40031001550077505,0.5254145319855013
0.40033001650082506,0.7654087051837758
0.40035001750087507,0.7116137011499258
0.400370018500925,0.23677919840184128
0.4003900195009751,0.5239031634721831
0.40041002050102503,0.7652987104891241
0.4004300215010751,0.7124542733282808
0.40045002250112505,0.23938556109805684
0.4004700235011751,0.5215396979153678
0.40049002450122506,0.7650892753380062
0.40051002550127507,0.7135914280082023
0.4005300265013251,0.24303135118012587
0.4005500275013751,0.5183066889266021
0.4005700285014251,0.7647749021748913
0.40059002950147504,0.715014728772931
0.4006100305015251,0.2477450046922517
0.40063003150157506,0.5141807240252909
0.4006500325016251,0.7643482690449296
0.40067003350167507,0.7167109707909216
0.40069003450172513,0.2535585735592677
0.4007100355017751,0.509132461253652
0.4007300365018251,0.7638001831699451
0.4007500375018751,0.7186643376902263
0.4007700385019251,0.26050517606707074
0.4007900395019751,0.5031267266041499
0.4008100405020251,0.7631195181709164
0.40083004150207513,0.7208565859745083
0.4008500425021251,0.2686160394596042
0.40087004350217514,0.4961227120664458
0.4008900445022251,0.7622931322691568
0.40091004550227516,0.7232672527769168
0.4009300465023251,0.27791724353344077
0.4009500475023751,0.48807432988783084
0.4009700485024251,0.7613057641487817
0.40099004950247513,0.7258738821171956
0.40101005050252514,0.2884263096944458
0.40103005150257515,0.47893079939188926
0.40105005250262515,0.7601399025102923
0.4010700535026751,0.728652264187878
0.40109005450272517,0.3001488152450983
0.4011100555027751,0.4686375696004939
0.4011300565028252,0.758775624553851
0.40115005750287513,0.7315766817778517
0.4011700585029252,0.31307524131678005
0.40119005950297515,0.4571377158302027
0.40121006050302516,0.7571903977965787
0.40123006150307516,0.7346201575126619
0.40125006250312517,0.32717827911467345
0.4012700635031752,0.4443739918648448
0.40129006450322513,0.75535883863906
0.4013100655032752,0.7377546954282718
0.40133006650332514,0.3424108171184286
0.4013500675033752,0.4302917733314749
0.40137006850342516,0.7532524199737916
0.4013900695034752,0.7409515102931654
0.4014100705035252,0.35870480619831385
0.4014300715035752,0.41484319028478533
0.4014500725036252,0.7508391188584181
0.4014700735036752,0.7441812381917505
0.4014900745037252,0.37597114992487646
0.4015100755037752,0.3979928155649847
0.4015300765038252,0.7480829938119032
0.40155007750387517,0.7474141220730994
0.40157007850392523,0.3941006949384497
0.4015900795039752,0.37972534060712754
0.40161008050402525,0.7449436796429886
0.4016300815040752,0.7506201662946131
0.4016500825041252,0.41296630844081156
0.4016700835041752,0.3600557145814549
0.4016900845042252,0.7413757858876613
0.4017100855042752,0.7537692545803998
0.40173008650432523,0.4324259365980267
0.40175008750437524,0.33904221435516774
0.4017700885044252,0.7373281830060839
0.40179008950447526,0.7568312261822041
0.4018100905045252,0.45232645124449045
0.40183009150457527,0.3168027999322472
0.4018500925046252,0.7327431584904409
0.40187009350467523,0.7597759054636469
0.40189009450472524,0.47250802446052353
0.40191009550477524,0.29353481578057744
0.40193009650482525,0.7275554233063676
0.40195009750487526,0.7625730803399152
0.40197009850492527,0.4928087310782986
0.4019900995049752,0.2695375201008262
0.4020101005050253,0.7216909479023461
0.40203010150507523,0.7651924251818072
0.4020501025051253,0.5130690720376567
0.40207010350517525,0.24523594722685
0.4020901045052253,0.7150656071661827
0.40211010550527526,0.7676033636469803
0.40213010650532527,0.5331361368559956
0.4021501075053753,0.22120314959299814
0.4021701085054253,0.7075836162836451
0.4021901095054753,0.7697748665354069
0.4022101105055253,0.5528671751881892
0.4022301115055753,0.19817595787761666
0.40225011250562526,0.6991357463612426
0.4022701135056753,0.7716751789782421
0.40229011450572527,0.5721324167985212
0.40231011550577533,0.17705732788134743
0.4023301165058253,0.6895973231421355
0.4023501175058753,0.7732714700655494
0.4023701185059253,0.5908170552663227
0.4023901195059753,0.15889680772951653
0.4024101205060253,0.6788260389299992
0.4024301215060753,0.774529396280782
0.40245012250612533,0.6088223839437763
0.4024701235061753,0.14484083290734392
0.40249012450622534,0.6666596552565643
0.4025101255062753,0.7754125677242217
0.40253012650632536,0.6260661343551209
0.4025501275063753,0.1360478751206742
0.4025701285064253,0.6529137538934128
0.4025901295064753,0.7758819029890653
0.40261013050652533,0.6424821133052914
0.40263013150657534,0.1335709280596926
0.40265013250662535,0.6373798261249597
0.40267013350667535,0.7758948545357409
0.4026901345067253,0.6580192630286205
0.40271013550677537,0.1382208194924333
0.4027301365068253,0.6198242032603152
0.4027501375068754,0.7754044813374051
0.40277013850692533,0.6726402801311797
0.4027901395069754,0.1504352479167454
0.40281014050702535,0.5999886675065047
0.40283014150707536,0.774358339245296
0.40285014250712536,0.6863199262720883
0.40287014350717537,0.17018487902781262
0.4028901445072254,0.5775940989651754
0.4029101455072754,0.7726971517316276
0.4029301465073254,0.69904315032126
0.40295014750737534,0.19694415036968171
0.4029701485074254,0.5523492835375883
0.40299014950747536,0.7703532141995386
0.4030101505075254,0.7108031219123545
0.4030301515075754,0.22973940083707478
0.4030501525076254,0.5239680989646354
0.4030701535076754,0.767248473762672
0.4030901545077254,0.7215992531490104
0.4031101555077754,0.2672654540338207
0.4031301565078254,0.49219973638180287
0.4031501575078754,0.7632922132952209
0.40317015850792537,0.7314352615267846
0.40319015950797543,0.30804293160390395
0.4032101605080254,0.4568782685576148
0.40323016150807545,0.7583782540770841
0.4032501625081254,0.7403173045785844
0.4032701635081754,0.3505803354569718
0.4032901645082254,0.41799921951259283
0.4033101655082754,0.7523815766943716
0.4033301665083254,0.7482521963953941
0.40335016750837543,0.39350948029593746
0.40337016850842544,0.3758305060620625
0.4033901695084754,0.7451542478643836
0.40341017050852546,0.7552456982897686
0.4034301715085754,0.43567604062675575
0.40345017250862547,0.3310605667802987
0.4034701735086754,0.7365205372611123
0.4034901745087255,0.7613008602894399
0.40351017550877544,0.4761818666375477
0.40353017650882544,0.28497343627366345
0.40355017750887545,0.726271124633006
0.40357017850892546,0.7664163761924373
0.40359017950897547,0.5143868007939773
0.4036101805090255,0.23961436789100493
0.4036301815090755,0.7141563549360215
0.40365018250912543,0.7705849017997933
0.4036701835091755,0.5498829154413255
0.40369018450922545,0.19787033962128572
0.4037101855092755,0.6998786373345387
0.40373018650932546,0.7737912725515925
0.40375018750937547,0.5824542488995863
0.4037701885094255,0.16335205888436763
0.4037901895094755,0.68308437414286
0.4038101905095255,0.7760105419445419
0.4038301915095755,0.6120323817476138
0.4038501925096255,0.13996670623770482
0.40387019350967546,0.6633563737554585
0.4038901945097255,0.7772057444769341
0.40391019550977547,0.6386545780449508
0.40393019650982553,0.13116466950155556
0.4039501975098755,0.6402087628670463
0.4039701985099255,0.7773252649912898
0.4039901995099755,0.6624279815674474
0.4040102005100255,0.1390363681685466
0.4040302015100755,0.613088320079479
0.4040502025101255,0.7762996686713595
0.40407020351017553,0.6835010159899663
0.4040902045102255,0.16362195178399264
0.40411020551027554,0.5813894385956269
0.4041302065103255,0.7740378112045396
0.40415020751037556,0.7020417117218548
0.4041702085104255,0.2027928358588441
0.4041902095104756,0.5444952770421098
0.4042102105105255,0.7704220058752765
0.40423021151057553,0.7182219709336874
0.40425021251062554,0.2527958773304729
0.40427021351067555,0.5018656177544185
0.40429021451072555,0.765301974291749
0.40431021551077556,0.7322065415228345
0.40433021651082557,0.30919806202887296
0.4043502175108755,0.45320186282302477
0.4043702185109256,0.7584872544181029
0.40439021951097553,0.7441454950434299
0.4044102205110256,0.36781015012993434
0.40443022151107555,0.39872685017785303
0.40445022251112556,0.7497376961126047
0.40447022351117556,0.7541691495987197
0.40449022451122557,0.425285259652197
0.4045102255112756,0.33960778935581853
0.4045302265113256,0.7387516703316805
0.4045502275113756,0.7623845588916689
0.40457022851142554,0.47932588361168454
0.4045902295114756,0.2784950146856768
0.40461023051152556,0.7251517190866247
0.4046302315115756,0.7688728555794202
0.4046502325116256,0.5286037366937312
0.4046702335116756,0.22000823074123602
0.4046902345117256,0.7084677165343992
0.4047102355117756,0.7736868690282299
0.4047302365118256,0.572542127369663
0.4047502375118756,0.1707782612911699
0.4047702385119256,0.6881184752030192
0.40479023951197557,0.7768485262722403
0.40481024051202563,0.6110751683646514
0.4048302415120756,0.1385089079601901
0.40485024251212565,0.6633946607256574
0.4048702435121756,0.7783455890156269
0.40489024451222566,0.6444433132251282
0.4049102455122756,0.1298320555377736
0.4049302465123256,0.6334498992298729
0.4049502475123756,0.77812727963508
0.40497024851242563,0.6730432656372202
0.40499024951247564,0.14768485842113946
0.40501025051252565,0.597314879292618
0.40503025151257566,0.7760983065559405
0.4050502525126256,0.6973283871251899
0.40507025351267567,0.18982976403347543
0.4050902545127256,0.5539638560444954
0.4051102555127757,0.7721107164145503
0.40513025651282564,0.7177479116672343
0.40515025751287564,0.2496810919783854
0.40517025851292565,0.5024873276829338
0.40519025951297566,0.7659528839999441
0.40521026051302567,0.7347128123721968
0.4052302615130757,0.3188710565702256
0.4052502625131257,0.4424578931676411
0.40527026351317563,0.7573348225671366
0.4052902645132257,0.7485784782334353
0.40531026551327565,0.38983915066015234
0.4053302665133257,0.3745997615537665
0.40535026751337566,0.7458689150060382
0.40537026851342567,0.7596371221337472
0.4053902695134757,0.4572258210451227
0.4054102705135257,0.30181911538948464
0.4054302715135757,0.7310452757846964
0.4054502725136257,0.7681151512807453
0.4054702735136757,0.518017214981962
0.40549027451372566,0.23037838597414545
0.4055102755137757,0.712201594548174
0.40553027651382567,0.7741723841637286
0.40555027751387573,0.5710148713552531
0.4055702785139257,0.17037719714294153
0.40559027951397575,0.6884892474369347
0.4056102805140257,0.7779010605109218
0.4056302815140757,0.6161656830487217
0.4056502825141257,0.13408521246187674
0.4056702835141757,0.6588423327838362
0.40569028451422573,0.779323196719838
0.40571028551427574,0.654017700400297
0.40573028651432574,0.13137485938223362
0.4057502875143757,0.6219674443069472
0.40577028851442576,0.7783851106036955
0.4057902895144757,0.6853608288021875
0.4058102905145258,0.16442877136224168
0.4058302915145757,0.5763956844590236
0.40585029251462573,0.7749479672383993
0.40587029351467574,0.7110205089091357
0.40589029451472575,0.2261666708189826
0.40591029551477575,0.5206841906645656
0.40593029651482576,0.7687730509316343
0.40595029751487577,0.7317532903695328
0.4059702985149257,0.30404874291918654
0.4059902995149758,0.4539291725998804
0.40601030051502573,0.7595002226402495
0.4060303015150758,0.7482019358405135
0.40605030251512575,0.3857838664622065
0.40607030351517576,0.3768300868171759
0.40609030451522576,0.7466178233605769
0.40611030551527577,0.7608816296252602
0.4061303065153258,0.4628153502087581
0.4061503075153758,0.2934780155450398
0.4061703085154258,0.7294224898221477
0.40619030951547574,0.7701801626862469
0.4062103105155258,0.5307667548352011
0.40623031151557576,0.21344227782519773
0.4062503125156258,0.7069688536167507
0.4062703135156758,0.7763623664451881
0.40629031451572584,0.5882993944498283
0.4063103155157758,0.15222738871443559
0.4063303165158258,0.6780140603946619
0.4063503175158758,0.7795733549082837
0.4063703185159258,0.6357723324576618
0.4063903195159758,0.1269538160798496
0.4064103205160258,0.6409754515258324
0.40643032151607583,0.7798373405552114
0.4064503225161258,0.6742765344570805
0.40647032351617585,0.14712421602193496
0.4064903245162258,0.5939522510193637
0.40651032551627586,0.7770496971825724
0.4065303265163258,0.7050831285813258
0.4065503275163758,0.20775906670832953
0.4065703285164258,0.53493338525998
0.40659032951647583,0.7709600590047709
0.40661033051652584,0.729378096966001
0.40663033151657585,0.2925982781911684
0.40665033251662586,0.46244752124758826
0.4066703335166758,0.7611439154464935
0.40669033451672587,0.7481580237464138
0.4067103355167758,0.3838767355719117
0.4067303365168259,0.3770851419577162
0.40675033751687584,0.7469597625950564
0.40677033851692584,0.7622040685774066
0.40679033951697585,0.4692911268648807
0.40681034051702586,0.2842727407375122
0.40683034151707587,0.7274891738714947
0.4068503425171259,0.772087801535416
0.4068703435171759,0.543050767005535
0.40689034451722583,0.19756371035585144
0.4069103455172759,0.7014601230893862
0.40693034651732585,0.7781852030539647
0.4069503475173759,0.6038407904422273
0.40697034851742586,0.13867510752448678
0.4069903495174759,0.6671646062397925
0.4070103505175259,0.7806872100259312
0.4070303515175759,0.6525762991329486
0.4070503525176259,0.12869921482235147
0.4070703535176759,0.6224124751603525
0.4070903545177259,0.7796008321717053
0.40711035551777586,0.6909473730722105
0.4071303565178259,0.17323473556633145
0.40715035751787587,0.5646419226964677
0.40717035851792593,0.7747369357126431
0.4071903595179759,0.720692605670022
0.40721036051802595,0.2572529255061121
0.4072303615180759,0.4914817928624872
0.4072503625181259,0.7656809703293641
0.4072703635181759,0.7433081202972359
0.4072903645182259,0.3566892779860101
0.40731036551827593,0.4023624300116751
0.40733036651832594,0.7517422848472528
0.40735036751837594,0.7599670762420838
0.4073703685184259,0.4524892290682011
0.40739036951847596,0.30196201439062303
0.4074103705185259,0.7318775307366199
0.407430371518576,0.7715236717293257
0.4074503725186259,0.5351689032365532
0.40747037351867593,0.20514489672079905
0.40749037451872594,0.7045869500088517
0.40751037551877595,0.7785407995713887
0.40753037651882595,0.6023485449995156
0.40755037751887596,0.13848817784517958
0.40757037851892597,0.667797110693652
0.4075903795189759,0.7813143258283941
0.407610380519026,0.6551350035592448
0.40763038151907593,0.12902575751586398
0.407650382519126,0.6187910222538854
0.40767038351917595,0.7798820705155421
0.407690384519226,0.6957623342169037
0.40771038551927596,0.18283994880509455
0.40773038651932597,0.554376707971033
0.407750387519376,0.774011038343495
0.407770388519426,0.7264828573135633
0.407790389519476,0.27875244067838023
0.40781039051952594,0.47179053185768094
0.407830391519576,0.7631572882654272
0.40785039251962596,0.7491698461513172
0.407870393519676,0.386646965227245
0.407890394519726,0.3713527031244212
0.40791039551977604,0.7463919345142617
0.407930396519826,0.765234885027261
0.407950397519876,0.48575246339893696
0.407970398519926,0.26200476868375083
0.407990399519976,0.722287234142233
0.408010400520026,0.7756554329320094
0.408030401520076,0.5677831653119282
0.40805040252012603,0.16778066241160475
0.408070403520176,0.6887656969359661
0.40809040452022605,0.781023286559555
0.408110405520276,0.632097988230984
0.40813040652032606,0.12429897787044873
0.408150407520376,0.6429529262835597
0.408170408520426,0.7815784374431232
0.408190409520476,0.6810617814862705
0.40821041052052603,0.15432088250275858
0.40823041152057604,0.5811961443922233
0.40825041252062605,0.7772139634196605
0.40827041352067606,0.7175957044443575
0.408290414520726,0.2446531505459173
0.40831041552077607,0.4997395258225077
0.408330416520826,0.7674436306022359
0.4083504175208761,0.7442432033332204
0.40837041852092604,0.3592308605558827
0.4083904195209761,0.3972451810138938
0.40841042052102605,0.7513236810606011
0.40843042152107606,0.7629367591598255
0.40845042252112607,0.46831386639480277
0.4084704235211761,0.2810014800695567
0.4084904245212261,0.7273196634780071
0.40851042552127603,0.7750149044775292
0.4085304265213261,0.5588167064712496
0.40855042752137605,0.1759800135413782
0.4085704285214261,0.6931177137149213
0.40859042952147606,0.781296146051824
0.4086104305215261,0.628957161393002
0.4086304315215761,0.12395798277652326
0.4086504325216261,0.6454245045496925
0.4086704335216761,0.7821375810606581
0.4086904345217261,0.6814570590329982
0.4087104355217761,0.15433009972033487
0.4087304365218261,0.5799592815572173
0.4087504375218761,0.7774525411870455
0.40877043852192607,0.7198802581992995
0.40879043952197613,0.2521038589686255
0.4088104405220261,0.4923060687157873
0.40883044152207615,0.7666751134284797
0.4088504425221261,0.7472954778964047
0.4088704435221761,0.37419454946789493
0.4088904445222261,0.3813271109549459
0.4089104455222761,0.7486600773785692
0.40893044652232613,0.765976460065876
0.40895044752237614,0.48715182614029756
0.40897044852242614,0.25771375694866405
0.4089904495224761,0.7215063390348213
0.40901045052252616,0.7774449416890015
0.4090304515225761,0.5781539990443451
0.4090504525226262,0.15524211260110438
0.4090704535226761,0.6823079570433803
0.40909045452272613,0.7825774798179791
0.40911045552277614,0.6468177730542399
0.40913045652282615,0.12353075955837683
0.40915045752287615,0.6269205236913564
0.40917045852292616,0.7816806978571931
0.40919045952297617,0.6969474179339223
0.4092104605230261,0.18381294884424781
0.4092304615230762,0.5501334128787216
0.40925046252312614,0.7745039447628678
0.4092704635231762,0.7326798638493228
0.40929046452322615,0.3025222239320084
0.4093104655232762,0.44751460618714756
0.40933046652332616,0.7601741619781812
0.40935046752337617,0.7573050329790446
0.4093704685234262,0.42986843903463084
0.4093904695234762,0.3218894530861512
0.4094104705235262,0.7370372828873631
0.4094304715235762,0.7731148656075053
0.4094504725236262,0.5379115545300236
0.40947047352367616,0.19691716181619706
0.4094904745237262,0.702395018100025
0.4095104755237762,0.7815273053013937
0.40953047652382624,0.6203627365931936
0.4095504775238762,0.1247930573744239
0.4095704785239262,0.6521781697936112
0.4095904795239762,0.7832199164781624
0.4096104805240262,0.6802955483803951
0.4096304815240762,0.1514459591447924
0.4096504825241262,0.5808317284031285
0.40967048352417623,0.7781930726277481
0.4096904845242262,0.7226737571833723
0.40971048552427625,0.26120754837275484
0.4097304865243262,0.4824800438922745
0.40975048752437626,0.7657365386417778
0.4097704885244262,0.7517401595817846
0.4097904895244762,0.3964582070051018
0.4098104905245262,0.3564009148397864
0.40983049152457623,0.7442804550769024
0.40985049252462624,0.7705105102452684
0.40987049352467625,0.515998422469252
0.40989049452472626,0.22129954844728544
0.4099104955247762,0.7111122554186243
0.40993049652482627,0.7808831980817104
0.4099504975248762,0.6076566512579133
0.4099704985249263,0.13015703894992742
0.40999049952497624,0.6619838062155945
0.4100105005250263,0.7838273088524359
0.41003050152507625,0.6737022999194429
0.41005050252512626,0.1418535536886173
0.41007050352517627,0.5908649424704793
0.4100905045252263,0.7794918400611277
0.4101105055252763,0.7198058794518418
0.4101305065253263,0.25013564596371957
0.4101505075253763,0.49097046805707567
0.41017050852542625,0.7671925002539104
0.4101905095254763,0.7509946356443028
0.41021051052552626,0.39137179689755064
0.4102305115255763,0.36057114027130943
0.4102505125256263,0.7452522569855504
0.4102705135256763,0.770829985940062
0.4102905145257263,0.5166255126265691
0.4103105155257763,0.21947347480026957
0.4103305165258263,0.7106722356521739
0.4103505175258763,0.7815237775934311
0.4103705185259263,0.6115036228643774
0.41039051952597627,0.12719606069545064
0.41041052052602633,0.6586612870676676
0.4104305215260763,0.7841796212566848
0.41045052252612635,0.6787600393403609
0.4104705235261763,0.14818787327482544
0.4104905245262263,0.5823591950945406
0.4105105255262763,0.7789329610783134
0.4105305265263263,0.7248714773214725
0.41055052752637633,0.26852847086377424
0.41057052852642634,0.4742933274613407
0.41059052952647634,0.7649324879136543
0.4106105305265263,0.7553850935051541
0.41063053152657636,0.4152735532401041
0.4106505325266263,0.33440787564479374
0.4106705335266764,0.7401333445208438
0.4106905345267263,0.7741026130333637
0.4107105355267764,0.539757888101878
0.41073053652682634,0.19164996181078786
0.41075053752687635,0.7008762839921957
0.41077053852692635,0.7832832058245651
0.41079053952697636,0.6311432344189501
0.41081054052702637,0.11985220128430168
0.4108305415270764,0.6413226198948206
0.4108505425271264,0.7839324465682399
0.41087054352717634,0.6943738990410488
0.4108905445272264,0.17617277285448854
0.41091054552727635,0.55335714957643
0.4109305465273264,0.7759400415169405
0.41095054752737636,0.736699468053352
0.41097054852742637,0.3179443894561371
0.4109905495274764,0.4296501625828258
0.4110105505275264,0.7580085518647447
0.4110305515275764,0.7637625013978693
0.4110505525276264,0.4653841961978741
0.4110705535276764,0.27748645134073824
0.41109055452772636,0.7273372588640568
0.4111105555277764,0.7791974204129841
0.4111305565278264,0.5810857298125475
0.41115055752787644,0.14781520668963957
0.4111705585279264,0.679046679305669
0.4111905595279764,0.7849780893509364
0.4112105605280264,0.6624560462766909
0.4112305615280764,0.12891806235675646
0.4112505625281264,0.6055752555968766
0.4112705635281764,0.7817174883143146
0.41129056452822643,0.7171134930600176
0.4113105655282764,0.2393318851058211
0.41133056652832645,0.49751056719126363
0.4113505675283764,0.7687409657429192
0.41137056852842646,0.7525111475032437
0.4113905695284764,0.397224011839563
0.4114105705285265,0.351493107197153
0.4114305715285764,0.7438830216031868
0.41145057252862643,0.773802132356869
0.41147057352867644,0.5340080807226765
0.41149057452872645,0.19627951125522128
0.41151057552877646,0.7029677070360707
0.41153057652882646,0.78400849441907
0.41155057752887647,0.6327228843271471
0.4115705785289264,0.11843589495014795
0.4115905795289765,0.6390467588201137
0.41161058052902644,0.7844594590814865
0.4116305815290765,0.6991737305107432
0.41165058252912645,0.186539093713688
0.41167058352917646,0.5422526836022077
0.41169058452922647,0.7750135688631274
0.4117105855292765,0.742263293918011
0.4117305865293265,0.3430908217477866
0.4117505875293765,0.4044182044629162
0.4117705885294265,0.7539653428695545
0.41179058952947645,0.7686626825941197
0.4118105905295265,0.49554484075700395
0.41183059152957646,0.24029711405044196
0.4118505925296265,0.7175861356394853
0.4118705935296765,0.7824473494094897
0.4118905945297265,0.6089385978359164
0.4119105955297765,0.12564875533872993
0.4119305965298265,0.6593057973108387
0.4119505975298765,0.7856203502328948
0.4119705985299265,0.6853765311096033
0.4119905995299765,0.15722372582415636
0.41201060053002647,0.5691077664811327
0.41203060153007653,0.7784775945785584
0.4120506025301265,0.7347266506857699
0.41207060353017655,0.3074735793314982
0.4120906045302265,0.43651653085130593
0.41211060553027656,0.7596131329424775
0.4121306065303265,0.7650286802602115
0.4121506075303765,0.47029381932864145
0.41217060853042653,0.26889903335972565
0.41219060953047654,0.7255015120829754
0.41221061053052654,0.7813073847192302
0.41223061153057655,0.5943219103508521
0.41225061253062656,0.13450651302569863
0.4122706135306765,0.6696335846890641
0.4122906145307266,0.7861302398173375
0.4123106155307765,0.6777592248110247
0.4123306165308266,0.1446926814990725
0.41235061753087654,0.5816674921364656
0.41237061853092655,0.7800995640250924
0.41239061953097655,0.7311801943183521
0.41241062053102656,0.29170881339128163
0.41243062153107657,0.4497852485894851
0.4124506225311266,0.7619331869372928
0.4124706235311766,0.7637398834421777
0.41249062453122654,0.4610987946345275
0.4125106255312766,0.27859184087120914
0.41253062653132655,0.7280522945597354
0.4125506275313766,0.7811902255962346
0.41257062853142656,0.5909205214250444
0.41259062953147657,0.13640485069177655
0.4126106305315266,0.6716399591690536
0.4126306315315766,0.786473280129932
0.4126506325316266,0.6775015615351899
0.4126706335316766,0.14396553555512584
0.4126906345317266,0.581646623651122
0.41271063553177656,0.7803161227921673
0.4127306365318266,0.7322556680210885
0.4127506375318766,0.29584185468983726
0.41277063853192664,0.44532104929210825
0.4127906395319766,0.7613469083143614
0.41281064053202665,0.7651254575169572
0.4128306415320766,0.4689620739323128
0.4128506425321266,0.2686359274755027
0.4128706435321766,0.7256324882594047
0.4128906445322266,0.7822600337582979
0.41291064553227663,0.5992433437240937
0.41293064653232664,0.12960735336633494
0.41295064753237665,0.6656023401333394
0.4129706485324266,0.7867105913759656
0.41299064953247666,0.6846798107565668
0.4130106505325266,0.15498062152826012
0.4130306515325767,0.5690025329785254
0.4130506525326266,0.7790923356851944
0.41307065353267663,0.7378178288552454
0.41309065453272664,0.32000671323816493
0.41311065553277665,0.422666415303504
0.41313065653282666,0.7576736868009867
0.41315065753287666,0.7689594852910856
0.41317065853292667,0.49311218988075317
0.4131906595329766,0.2395755179257847
0.4132106605330267,0.7177827732515827
0.41323066153307664,0.7842364232775476
0.4132506625331267,0.6181727020093257
0.41327066353317665,0.11888964832989868
0.41329066453322666,0.6505256434561804
0.41331066553327667,0.7864867376031028
0.4133306665333267,0.6982511356034208
0.4133506675333767,0.18269820160236946
0.4133706685334267,0.5419222570001363
0.4133906695334767,0.7759225806427823
0.41341067053352665,0.7469940477299586
0.4134306715335767,0.3639791216111634
0.41345067253362666,0.3799722738874548
0.4134706735336767,0.750101123123851
0.4134906745337267,0.7744988687126287
0.41351067553377674,0.5309114159586118
0.4135306765338267,0.19467141384401512
0.4135506775338767,0.703088277299871
0.4135706785339267,0.7864299173507885
0.4135906795339767,0.6451570722298401
0.4136106805340267,0.11645461341417293
0.4136306815340767,0.6240330000435464
0.41365068253412673,0.7850925053433988
0.4136706835341767,0.716318829950216
0.41369068453422675,0.23385947533736667
0.4137106855342767,0.4969265235788155
0.41373068653432676,0.769915885769121
0.4137506875343767,0.7584383443670643
0.4137706885344267,0.42513331169815066
0.41379068953447673,0.31566346813207313
0.41381069053452674,0.7372789136534433
0.41383069153457674,0.7807408543640362
0.41385069253462675,0.5778735978651016
0.41387069353467676,0.1446387760639426
0.4138906945347267,0.679255933548419
0.4139106955347768,0.7879512407626543
0.4139306965348267,0.676760286519262
0.4139506975348768,0.14086321647900205
0.41397069853492674,0.5819415990219735
0.41399069953497675,0.7814034124857836
0.41401070053502675,0.736497814343676
0.41403070153507676,0.31134908906772474
0.41405070253512677,0.4285943039913769
0.4140707035351768,0.7593615492268669
0.4140907045352268,0.7703702816145301
0.41411070553527674,0.4975990245152412
0.4141307065353268,0.23208424641841052
0.41415070753537675,0.7163225575508136
0.4141707085354268,0.7861227868255487
0.41419070953547676,0.6285067240641039
0.4142107105355268,0.11404461303134775
0.4142307115355768,0.6412851623191649
0.4142507125356268,0.7871482773792172
0.4142707135356768,0.709178944956423
0.4142907145357268,0.20925650483801
0.4143107155357768,0.5167928438529966
0.41433071653582676,0.7734202769068019
0.4143507175358768,0.7561871282016119
0.4143707185359268,0.40894470639084635
0.41439071953597684,0.3319041850401675
0.4144107205360268,0.7413642847860501
0.41443072153607685,0.7808356799444128
0.4144507225361268,0.5727249871779612
0.4144707235361768,0.14800174372312724
0.4144907245362268,0.6825160257274864
0.4145107255362768,0.7888973900152287
0.41453072653632683,0.6772749889553134
0.41455072753637684,0.1398694581316401
0.41457072853642685,0.5814521077364299
0.4145907295364768,0.782048514593606
0.41461073053652686,0.7390373653848699
0.4146307315365768,0.3202512520990329
0.4146507325366269,0.41929802473226935
0.4146707335366768,0.758332850025288
0.41469073453672683,0.7730740934025614
0.41471073553677684,0.5118766022025191
0.41473073653682685,0.21399437888420167
0.41475073753687686,0.7113144088115275
0.41477073853692686,0.7878954123134886
0.41479073953697687,0.6420262878973203
0.4148107405370268,0.11265384172009002
0.4148307415370769,0.6279387433080789
0.41485074253712684,0.7869717687970853
0.4148707435371769,0.719881262152376
0.41489074453722685,0.24168428150603022
0.4149107455372769,0.48799364674297857
0.41493074653732687,0.7697934235918322
0.4149507475373769,0.7637328890045614
0.4149707485374269,0.44972082611517933
0.4149907495374769,0.28574084568932195
0.4150107505375269,0.7315391163906361
0.41503075153757685,0.7851109985908543
0.4150507525376269,0.6052007858660458
0.41507075353767686,0.12094747945350225
0.4150907545377269,0.6612031882419063
0.4151107555377769,0.7894044094702048
0.41513075653782694,0.6998591507903856
0.4151507575378769,0.1813186312658463
0.4151707585379269,0.5394553541282096
0.4151907595379769,0.7774580918435541
0.4152107605380269,0.7536947671528403
0.4152307615380769,0.39074439293766705
0.4152507625381269,0.34928769919692854
0.41527076353817693,0.745759866661114
0.4152907645382269,0.7813562401899274
0.41531076553827695,0.569020551509708
0.4153307665383269,0.14956467498854134
0.41535076753837696,0.6849227065488176
0.4153707685384269,0.7902477446462765
0.4153907695384769,0.68028448653218
0.41541077053852693,0.14186116391808082
0.41543077153857694,0.5769784606438723
0.41545077253862694,0.782506262336191
0.41547077353867695,0.7438499894792199
0.41549077453872696,0.33914765141433423
0.4155107755387769,0.39996264305161366
0.415530776538827,0.7556958504734453
0.4155507775388769,0.7773406390711628
0.415570778538927,0.5359316347578016
0.41559077953897694,0.18426781043370646
0.415610780539027,0.7016483513488905
0.41563078153907695,0.7901957608364543
0.41565078253912696,0.6625668949583335
0.41567078353917697,0.12050266883567806
0.415690784539227,0.6036043971055651
0.415710785539277,0.7857695913207692
0.41573078653932694,0.735071273436047
0.415750787539377,0.2978933144510124
0.41577078853942695,0.4374882505646005
0.415790789539477,0.7625044674211668
0.41581079053952696,0.7736830944970378
0.415830791539577,0.5082854686663676
0.415850792539627,0.21570430609476338
0.415870793539677,0.713097843129297
0.415890794539727,0.7897865941193879
0.415910795539777,0.6480821215544732
0.415930796539827,0.11143635197129503
0.415950797539877,0.6216295448963688
0.415970798539927,0.7878359155681876
0.415990799539977,0.7281568355389919
0.41601080054002704,0.2683501041305264
0.416030801540077,0.4630091512639027
0.41605080254012705,0.7669581106820078
0.416070803540177,0.7708979589985937
0.416090804540227,0.48804565365254104
0.416110805540277,0.23894418632438533
0.416130806540327,0.7203920166928606
0.41615080754037703,0.7894225580529927
0.41617080854042704,0.6380195964716274
0.41619080954047705,0.10872637742524512
0.416210810540527,0.6326122686762318
0.41623081154057706,0.7891057063732086
0.416250812540627,0.723757763413833
0.4162708135406771,0.25065432367449003
0.416290814540727,0.47776058319001147
0.41631081554077703,0.7695484211483347
0.41633081654082704,0.7693685028819871
0.41635081754087705,0.47660935764518997
0.41637081854092706,0.251783767236747
0.41639081954097706,0.7242122011241964
0.41641082054102707,0.7893736108067989
0.416430821541077,0.6332418767145928
0.4164508225411271,0.10805851994693577
0.41647082354117704,0.6374820155688695
0.4164908245412271,0.7898212595677223
0.41651082554127705,0.7223078283654354
0.4165308265413271,0.24445913598179286
0.41655082754137707,0.48256956885660535
0.4165708285414271,0.7705450854396112
0.4165908295414771,0.7693196361886651
0.4166108305415271,0.4747518829660471
0.4166308315415771,0.25339024026989754
0.4166508325416271,0.7248933536595531
0.4166708335416771,0.7897745352533091
0.41669083454172706,0.634181894156917
0.4167108355417771,0.10739442644446955
0.4167308365418271,0.6366298244442646
0.41675083754187714,0.7900807332850597
0.4167708385419271,0.7239723877487527
0.4167908395419771,0.24960439750768748
0.4168108405420271,0.47769446565466256
0.4168308415420771,0.7700254460526668
0.4168508425421271,0.7707995444070885
0.4168708435421771,0.48263175985004686
0.41689084454222713,0.24360232103646948
0.4169108455422771,0.7224685397885243
0.41693084654232715,0.7906226180676349
0.4169508475423771,0.6407912006404647
0.41697084854242716,0.1071184940859674
0.4169908495424771,0.6299495912712614
0.4170108505425271,0.7898437839757744
0.41703085154257713,0.7286281876685952
0.41705085254262714,0.2663816873602962
0.41707085354267714,0.46278493043556496
0.41709085454272715,0.7678832964620491
0.41711085554277716,0.7736763227684024
0.4171308565428271,0.4997870810986353
0.4171508575428772,0.22283409040630833
0.4171708585429271,0.7166733466333534
0.4171908595429772,0.7917792472599235
0.41721086054302714,0.6525438143889052
0.4172308615430772,0.11006023886277191
0.41725086254312715,0.6168237331216714
0.41727086354317716,0.7889314281746631
0.41729086454322717,0.7358788809459428
0.4173108655432772,0.29528012224274625
0.4173308665433272,0.43690321440815927
0.4173508675433772,0.7638191241407021
0.4173708685434272,0.7776510182012442
0.41739086954347715,0.5251105802430948
0.4174108705435272,0.19257552216734075
0.41743087154357716,0.7069107003922911
0.4174508725436272,0.7929753800955028
0.4174708735436772,0.6684967090722795
0.4174908745437272,0.12130961725230115
0.4175108755437772,0.596052194666907
0.4175308765438272,0.7870190654716035
0.4175508775438772,0.7451032307218124
0.4175708785439272,0.3363029840129214
0.4175908795439772,0.3986659296875087
0.4176108805440272,0.7573084495412417
0.41763088154407724,0.7822835489214525
0.4176508825441272,0.5568607576663949
0.41767088354417725,0.15658449383499154
0.4176908845442272,0.6921681449565714
0.4177108855442772,0.7938174320832995
0.4177308865443272,0.6874028948962202
0.4177508875443772,0.14729621511591318
0.41777088854442723,0.5657321627255067
0.41779088954447724,0.7836178128017358
0.41781089054452725,0.7555254775121377
0.4178308915445772,0.38817408936290243
0.41785089254462726,0.34673320664199214
0.4178708935446772,0.7475385117668228
0.4178908945447273,0.7870237598354757
0.41791089554477723,0.5927880326790562
0.4179308965448273,0.12269518937622564
0.41795089754487724,0.670871079338794
0.41797089854492725,0.7937869700885686
0.41799089954497726,0.7078613745664233
0.41801090054502726,0.1935463637591269
0.41803090154507727,0.5231350960850736
0.4180509025451273,0.7780347642991754
0.4180709035451773,0.7662917235575417
0.41809090454522724,0.4479260893401561
0.4181109055452773,0.2811777940866669
0.41813090654532725,0.7332948874127934
0.4181509075453773,0.791237092673719
0.41817090854542727,0.6304018603707283
0.4181909095454773,0.10418705062949866
0.4182109105455273,0.6406503935813095
0.4182309115455773,0.7922244401521272
0.4182509125456273,0.728473979765804
0.4182709135456773,0.26147923900417624
0.4182909145457273,0.46476804407315664
0.41831091554577726,0.7692962782262549
0.4183309165458273,0.7765340492742088
0.4183509175458773,0.5112449050597591
0.41837091854592734,0.20664707422492354
0.4183909195459773,0.7127671428622744
0.4184109205460273,0.794212978197057
0.4184309215460773,0.6673130557014183
0.4184509225461273,0.11772072424785138
0.4184709235461773,0.5980204221313872
0.4184909245462273,0.7882830364127357
0.41851092554627733,0.7479724603531647
0.4185309265463273,0.34631994825582474
0.41855092754637735,0.38722844152378477
0.4185709285464273,0.7560076396890866
0.41859092954647736,0.7854059059214878
0.4186109305465273,0.573467332874444
0.4186309315465774,0.13773273264707556
0.41865093254662733,0.6832270774861395
0.41867093354667734,0.7951429773370488
0.41869093454672734,0.7015296245007149
0.41871093554677735,0.1748417478093897
0.41873093654682736,0.538079452965543
0.41875093754687737,0.7808315251014584
0.4187709385469274,0.7652864321206787
0.4187909395469773,0.4384054842017783
0.4188109405470274,0.29047657590857384
0.41883094154707734,0.7361039301439269
0.4188509425471274,0.7920763671956106
0.41887094354717735,0.6306702023762024
0.41889094454722736,0.10253739539985225
0.41891094554727737,0.6405303225847364
0.4189309465473274,0.793052476824463
0.4189509475473774,0.7316073719420253
0.4189709485474274,0.2714633271510339
0.4189909495474774,0.45482673508033566
0.41901095054752735,0.7682703199521025
0.4190309515475774,0.7795394671905819
0.41905095254762736,0.527307506018131
0.4190709535476774,0.1863442548199225
0.4190909545477274,0.7064179635294726
0.4191109555477774,0.7956732267975917
0.4191309565478274,0.6802966547844223
0.4191509575478774,0.13192722653434308
0.4191709585479274,0.5784895979029694
0.4191909595479774,0.7866603019354951
0.4192109605480274,0.7566308177957114
0.4192309615480774,0.3878468403097837
0.41925096254812744,0.34427311014662204
0.4192709635481774,0.7481966906346766
0.41929096454822745,0.7899752801956279
0.4193109655482774,0.6055394633526817
0.41933096654832747,0.1108636406592825
0.4193509675483774,0.6619658157465882
0.4193709685484274,0.7951607243819093
0.41939096954847743,0.7211690751305346
0.41941097054852744,0.23093285698782817
0.41943097154857745,0.4887502696215258
0.41945097254862745,0.7741181716457601
0.41947097354867746,0.7760636192367234
0.4194909745487274,0.5013128996412657
0.4195109755487775,0.21586386445878158
0.41953097654882743,0.7168053539352975
0.4195509775488775,0.7958184862260216
0.41957097854892744,0.6696713509082387
0.41959097954897745,0.11734904755764404
0.41961098054902746,0.594946678114076
0.41963098154907746,0.7891206985720073
0.41965098254912747,0.753097789902203
0.4196709835491775,0.367444846138647
0.4196909845492275,0.3642172965330141
0.41971098554927744,0.7525350908543932
0.4197309865493275,0.7895243257548294
0.41975098754937745,0.5976022139112527
0.4197709885494275,0.11501707353189146
0.41979098954947747,0.6678563688132104
0.4198109905495275,0.796059510392105
0.4198309915495775,0.7193616093298776
0.4198509925496275,0.2234184432122173
0.4198709935496775,0.4943027672841478
0.4198909945497275,0.7753661127946889
0.4199109955497775,0.7763682552685449
0.41993099654982746,0.5007865439716356
0.4199509975498775,0.21552707660376433
0.4199709985499275,0.717106883012235
0.41999099954997754,0.79651681432068
0.4200110005500275,0.6723079847331873
0.42003100155007755,0.11921755923779526
0.4200510025501275,0.5911848716616963
0.4200710035501775,0.7891159552723179
0.4200910045502275,0.7558123904427653
0.4201110055502775,0.37975494583486546
0.42013100655032753,0.3508672925336941
0.42015100755037754,0.750234182940543
0.42017100855042755,0.791268675487078
0.4201910095504775,0.6088006822889181
0.42021101055052756,0.10704908981913776
0.4202310115505775,0.6595814164047051
0.4202510125506276,0.7960926007864094
0.42027101355067753,0.7267747006441586
0.42029101455072754,0.2483640071472149
0.42031101555077754,0.4723185370792454
0.42033101655082755,0.7722484641253528
0.42035101755087756,0.7805453069459792
0.42037101855092757,0.5260007105958838
0.4203910195509776,0.18494535715731217
0.4204110205510275,0.7072611885995069
0.4204310215510776,0.7976700140858227
0.42045102255112754,0.6877013857039819
0.4204710235511776,0.1407855229776264
0.42049102455122755,0.5661481525283734
0.42051102555127756,0.7863454536716217
0.42053102655132757,0.764177336879611
0.4205510275513776,0.42365727226469496
0.4205710285514276,0.30325327338574093
0.4205910295514776,0.740463708604779
0.4206110305515276,0.7946330105178129
0.42063103155157755,0.6367279260682401
0.4206510325516276,0.09826458219009236
0.42067103355167756,0.6348410993424477
0.4206910345517276,0.7945532429594858
0.4207110355517776,0.7416857806276468
0.42073103655182764,0.3083839881010502
0.4207510375518776,0.41866897058590213
0.4207710385519276,0.7635050583111297
0.4207910395519776,0.7873824977207166
0.4208110405520276,0.5720884007897968
0.4208310415520776,0.1341424033299141
0.42085104255212763,0.6843993639311922
0.42087104355217764,0.7981658221277684
0.4208910445522276,0.7123566945286106
0.42091104555227765,0.19817199697676532
0.4209310465523276,0.5137211691533743
0.42095104755237767,0.7792552180054824
0.4209710485524276,0.7760618588414169
0.4209910495524776,0.4930037062100463
0.42101105055252763,0.22243836239087986
0.42103105155257764,0.7201389082166304
0.42105105255262765,0.7980139810643854
0.42107105355267765,0.6753379863619606
0.42109105455272766,0.12039150856543833
0.4211110555527776,0.5868080266831487
0.4211310565528277,0.7896184443404027
0.42115105755287763,0.7606415065169833
0.4211710585529277,0.40124196082322844
0.42119105955297764,0.32629104476302107
0.42121106055302765,0.7459736894914611
0.42123106155307766,0.7946339504157443
0.42125106255312766,0.6297999153110972
0.42127106355317767,0.09731140079976332
0.4212910645532277,0.641662387923925
0.4213110655532777,0.7958752197986717
0.42133106655332764,0.74098459653761
0.4213510675533777,0.303105911955058
0.42137106855342765,0.4223155760920585
0.4213910695534777,0.7646332314947026
0.42141107055352767,0.7883754152950715
0.42143107155357773,0.5752038790399084
0.4214510725536277,0.12982786105622532
0.4214710735536777,0.6826358949458798
0.4214910745537277,0.7989057204219504
0.4215110755537777,0.7169090517278924
0.4215310765538277,0.21050377788366964
0.42155107755387766,0.5021347171541803
0.4215710785539277,0.7780028056625071
0.4215910795539777,0.7794744392191111
0.42161108055402774,0.5117093708479943
0.4216310815540777,0.19896223644470395
0.42165108255412775,0.7133254850844917
0.4216710835541777,0.799333415939961
0.4216910845542277,0.6882561113037172
0.4217110855542777,0.1387682556715553
0.4217310865543277,0.5654365356465042
0.42175108755437773,0.7873973659839085
0.42177108855442774,0.7681064060381501
0.42179108955447775,0.44068927971395894
0.4218110905545277,0.28163682492355063
0.42183109155457776,0.7364178527506811
0.4218510925546277,0.7976183217773101
0.4218710935546778,0.6549710207112641
0.42189109455472773,0.10045728373790914
0.42191109555477774,0.6147298743622882
0.42193109655482774,0.7937526918682897
0.42195109755487775,0.7544276605059641
0.42197109855492776,0.3651971525297003
0.42199109955497777,0.3619615486595389
0.4220111005550278,0.7538563357010644
0.4220311015550777,0.7941189566968101
0.4220511025551278,0.6171952008527982
0.42207110355517774,0.09901961863052322
0.4220911045552278,0.6529425874231504
0.42211110555527775,0.7977530054827666
0.4221311065553278,0.7386104216750322
0.42215110755537777,0.29007195912220973
0.4221711085554278,0.4325593838088319
0.4221911095554778,0.7670409426069617
0.4222111105555278,0.7891345923313122
0.4222311115555778,0.5753601646203068
0.42225111255562775,0.12793395657218407
0.4222711135556778,0.6826157017121935
0.42229111455572776,0.7999152951265529
0.4223111155557778,0.7208726942630275
0.4223311165558278,0.22132908291962625
0.42235111755587784,0.4915373303980422
0.4223711185559278,0.7769896912532614
0.4223911195559778,0.7829346130818684
0.4224111205560278,0.5302624333790467
0.4224311215560778,0.1755536596310342
0.4224511225561278,0.7057492396158898
0.42247112355617783,0.8006451169835355
0.42249112455622784,0.701502788844144
0.4225111255562778,0.16477433954829335
0.42253112655632785,0.5395779637973142
0.4225511275563778,0.7844549212590347
0.42257112855642787,0.7757788601670418
0.4225911295564778,0.483089865988225
0.4226111305565278,0.23072445023972923
0.42263113155657783,0.7238602769288198
0.42265113255662784,0.8002736011472903
0.42267113355667785,0.6808765627927742
0.42269113455672785,0.12434745025507475
0.42271113555677786,0.5782406330046073
0.4227311365568278,0.7900037182702051
0.4227511375568779,0.7679310482357598
0.42277113855692783,0.4353704061912208
0.4227911395569779,0.2856038183375137
0.42281114055702784,0.7380862880130212
0.4228311415570779,0.7990818353621251
0.42285114255712786,0.6594647613123057
0.42287114355717786,0.10106270873113778
0.42289114455722787,0.6091809836903201
0.4229111455572779,0.7940726198963586
0.4229311465573279,0.7596663114381392
0.42295114755737784,0.3888309741937902
0.4229711485574279,0.33581256340076593
0.42299114955747785,0.7492802052795722
0.4230111505575279,0.7973165159410073
0.42303115155757787,0.637828120406787
0.42305115255762793,0.09309252892133499
0.4230711535576779,0.6338601776005156
0.4230911545577279,0.7970045491745966
0.4231111555577779,0.7512734256060859
0.4231311565578279,0.3451861470167378
0.4231511575578779,0.37945874076207914
0.4231711585579279,0.7580848942898006
0.4231911595579779,0.7951993532633251
0.4232111605580279,0.6165993056460238
0.42323116155807794,0.09677882190071103
0.4232511625581279,0.6534730745329972
0.42327116355817795,0.7990735798744861
0.4232911645582279,0.743052120965234
0.4233111655582779,0.3059099921752125
0.4233311665583279,0.4161003900037159
0.4233511675583779,0.7649879170996143
0.42337116855842793,0.792931892545959
0.42339116955847794,0.5964530534500445
0.42341117055852795,0.1078872988424962
0.4234311715585779,0.668960733484716
0.42345117255862796,0.8005013573125045
0.4234711735586779,0.7353060330967719
0.423491174558728,0.2720593991305563
0.42351117555877793,0.44600716045688293
0.42353117655882794,0.7703606391879277
0.42355117755887794,0.7906969480730712
0.42357117855892795,0.5780683609112514
0.42359117955897796,0.12254225449522589
0.42361118055902797,0.6810481649542045
0.423631181559078,0.8014677769794138
0.4236511825591279,0.7283321256986114
0.423671183559178,0.24420114354969488
0.42369118455922794,0.46972220697418526
0.423711185559278,0.7744857293798989
0.42373118655932795,0.7886576081200768
0.423751187559378,0.5620882841700887
0.42377118855942797,0.13767224156425645
0.423791189559478,0.6902839989234753
0.423811190559528,0.8021177183930274
0.423831191559578,0.722407738330035
0.423851192559628,0.222455412193974
0.423871193559678,0.4878303626674823
0.423891194559728,0.7775762933019229
0.42391119555977796,0.7869546495572299
0.423931196559828,0.5490830799862082
0.423951197559878,0.1510777734999819
0.42397119855992804,0.6970741678260975
0.423991199559978,0.8025651053508853
0.424011200560028,0.7177766571239969
0.424031201560078,0.20662818652769543
0.424051202560128,0.5008465502080286
0.424071203560178,0.7797890310026637
0.42409120456022803,0.785703135445737
0.42411120556027804,0.5395209077501949
0.424131206560328,0.16130591589057247
0.42415120756037805,0.7017078544016097
0.424171208560428,0.8028952123113378
0.42419120956047807,0.7146357012840203
0.424211210560528,0.19638332937395953
0.424231211560578,0.5091674150516304
0.42425121256062803,0.7812331133368481
0.42427121356067804,0.7849889069985135
0.42429121456072805,0.533747721372408
0.42431121556077805,0.16747347593064793
0.42433121656082806,0.7043761127794699
0.424351217560878,0.8031658886220094
0.4243712185609281,0.7131232381077602
0.42439121956097803,0.19140638049902764
0.4244112205610281,0.513053194451729
0.42443122156107804,0.7819759413394191
0.4244512225611281,0.7848655924410592
0.42447122356117806,0.53197543398717
0.42449122456122806,0.16911576979938187
0.42451122556127807,0.7051840970230412
0.4245312265613281,0.8034081812988363
0.4245512275613781,0.713310806113972
0.4245712285614281,0.19152653089205346
0.4245912295614781,0.5126222010903335
0.42461123056152805,0.782046551682272
0.4246312315615781,0.7853526253164055
0.42465123256162807,0.5342759875109874
0.42467123356167813,0.16609273251074996
0.4246912345617281,0.7041577276507083
0.4247112355617781,0.8036266747061861
0.4247312365618281,0.7151986885513458
0.4247512375618781,0.19677903542300804
0.4247712385619281,0.5078492354914548
0.4247912395619781,0.7814371175266223
0.4248112405620281,0.7864345937133662
0.4248312415620781,0.5405790994151836
0.42485124256212814,0.1585622347531
0.4248712435621781,0.7012452985169934
0.42489124456222815,0.8037997161323052
0.4249112455622781,0.7187158858336001
0.4249312465623281,0.20740108557329467
0.4249512475623781,0.498564486092257
0.4249712485624281,0.780102731633296
0.42499124956247814,0.7880620410360973
0.42501125056252814,0.5506729373572937
0.42503125156257815,0.14702298741214664
0.4250512525626281,0.6963141256095677
0.42507125356267816,0.8038795524825362
0.4250912545627281,0.7237245169525193
0.4251112555627782,0.22376064906031565
0.42513125656282813,0.4844531798386784
0.4251512575628782,0.7779594176071948
0.42517125856292814,0.7901536268309401
0.42519125956297815,0.5642089312071085
0.42521126056302816,0.1324260304526118
0.42523126156307817,0.6891419174071379
0.4252512625631282,0.8037922620511877
0.4252712635631782,0.7300282535415933
0.4252912645632282,0.24622491831326662
0.42531126556327814,0.4650601680598646
0.4253312665633282,0.7748800684185604
0.42535126756337815,0.792599354371343
0.4253712685634282,0.5807132937528137
0.42539126956347817,0.11634435401405889
0.4254112705635282,0.6794021314798971
0.4254312715635782,0.8034372241564106
0.4254512725636282,0.7373839760040647
0.4254712735636782,0.27498748280050206
0.4254912745637282,0.43980963294468267
0.4255112755637782,0.7706877301815115
0.42553127656382816,0.7952643998629716
0.4255512775638782,0.5996077483331798
0.4255712785639282,0.1011635334272484
0.42559127956397824,0.6666422370819793
0.4256112805640282,0.8026857229172941
0.4256312815640782,0.745515477484625
0.4256512825641282,0.3098910640976059
0.4256712835641782,0.4080606459847852
0.4256912845642282,0.765145298958829
0.42571128556427823,0.7979929498250723
0.42573128656432824,0.6202402494883703
0.4257512875643782,0.09020301284305864
0.42577128856442825,0.6502537172945887
0.4257912895644782,0.801378117513073
0.42581129056452827,0.7541277860915859
0.4258312915645782,0.35029780336030136
0.4258512925646283,0.36923761774533564
0.42587129356467823,0.7579402350805658
0.42589129456472824,0.8006113712893683
0.42591129556477825,0.6419237082110941
0.42593129656482825,0.08760496955983758
0.42595129756487826,0.6294333259240124
0.42597129856492827,0.7993188070603795
0.4259912995649783,0.7629205853689522
0.42601130056502823,0.3950583139756509
0.4260313015650783,0.3231031620513134
0.42605130256512824,0.7486622703639848
0.4260713035651783,0.8029299932129401
0.42609130456522826,0.663978034798932
0.42611130556527826,0.09778866152803167
0.42613130656532827,0.6031378391568685
0.4261513075653783,0.7962679352835689
0.4261713085654283,0.7715993143079655
0.4261913095654783,0.44260477632855644
0.4262113105655283,0.2702738333770317
0.42623131156557825,0.7367712419744039
0.4262513125656283,0.8047427404638481
0.42627131356567827,0.6857693476215809
0.42629131456572833,0.1243761964562231
0.4263113155657783,0.5700423532790462
0.4263313165658283,0.7919283576043995
0.4263513175658783,0.7798827962393319
0.4263713185659283,0.49114870695162327
0.4263913195659783,0.2130808156197975
0.4264113205660283,0.7215511490916549
0.4264313215660783,0.8058237908499433
0.4264513225661283,0.7067405609433755
0.42647132356617834,0.16883824499226147
0.4264913245662283,0.5285319801691727
0.42651132556627835,0.7859257388120107
0.4265313265663283,0.7875066028573604
0.42655132756637837,0.5389235459711776
0.4265713285664283,0.15673944581382876
0.42659132956647833,0.7020455574202247
0.42661133056652834,0.8059202596011555
0.42663133156657834,0.7264295234849254
0.42665133256662835,0.2295302152216296
0.42667133356667836,0.47680301014331566
0.42669133456672836,0.7777786287013878
0.4267113355667783,0.794221693978454
0.4267313365668284,0.5843994459748612
0.42675133756687833,0.11031821346898116
0.4267713385669284,0.6769696136213575
0.42679133956697834,0.8047395696461136
0.42681134056702835,0.744473563183506
0.42683134156707836,0.3018291028881028
0.42685134256712837,0.41324735117931466
0.4268713435671784,0.7668537965523002
0.4268913445672284,0.7997880677975883
0.4269113455672784,0.6264179084447316
0.42693134656732834,0.08615494842589813
0.4269513475673784,0.6445984962824954
0.42697134856742835,0.8019295188524068
0.4269913495674784,0.7606016957158992
0.42701135056752837,0.3794580378173575
0.4270313515675784,0.3374655087198336
0.4270513525676284,0.7522998102994143
0.4270713535676784,0.8039631053972309
0.4270913545677284,0.6642313283622925
0.4271113555677784,0.09605931335797596
0.4271313565678284,0.602650748615596
0.42715135756787836,0.7970479252938185
0.4271713585679284,0.7746171825913541
0.4271913595679784,0.4562759255495398
0.42721136056802844,0.2524219559600511
0.4272313615680784,0.7329488526449416
0.42725136256812846,0.8064839025905395
0.4272713635681784,0.6974648996780376
0.4272913645682284,0.14486698356186362
0.4273113655682784,0.5482435933999691
0.42733136656832843,0.7895168380345243
0.42735136756837844,0.7863733759088565
0.42737136856842844,0.5276103769594472
0.42739136956847845,0.16792647185873183
0.4274113705685284,0.7071741342721737
0.42743137156857847,0.8070420399425702
0.4274513725686284,0.7260332067191925
0.4274713735686785,0.226183212092261
0.42749137456872843,0.47815907373000094
0.42751137556877844,0.7785532255875519
0.42753137656882845,0.7957450355353177
0.42755137756887845,0.5907163318028418
0.42757137856892846,0.10350793751100983
0.42759137956897847,0.6726928639528682
0.4276113805690285,0.8052477637395704
0.42763138156907843,0.7500421126176657
0.4276513825691285,0.32511981219036595
0.42767138356917844,0.3900428718361895
0.4276913845692285,0.763063273761652
0.42771138556927846,0.8025958552507183
0.42773138656932846,0.6445360501673811
0.42775138756937847,0.08457912667925765
0.4277713885694285,0.6263301368034545
0.4277913895694785,0.8005780964373985
0.4278113905695285,0.7696961936391128
0.4278313915695785,0.4258481099423302
0.42785139256962845,0.28580584156855054
0.4278713935696785,0.7414807224877079
0.42789139456972847,0.8067409887309831
0.42791139556977853,0.6891610524621872
0.4279313965698285,0.12705822112361354
0.42795139756987854,0.5638639706725469
0.4279713985699285,0.7922993540616552
0.4279913995699785,0.7852204647332263
0.4280114005700285,0.5173817494654116
0.4280314015700785,0.1784937248288409
0.4280514025701285,0.711523106486698
0.42807140357017853,0.807900863486031
0.42809140457022854,0.7253019935770055
0.4281114055702785,0.2221478738670522
0.42813140657032855,0.4804178339718033
0.4281514075703785,0.7793479301922843
0.42817140857042857,0.7967963094815091
0.4281914095704785,0.594704443829703
0.42821141057052853,0.09921322655563554
0.42823141157057854,0.6698454859439006
0.42825141257062854,0.8056390731225135
0.42827141357067855,0.7538960715252295
0.42829141457072856,0.3417859846611105
0.42831141557077856,0.37280296374957617
0.4283314165708285,0.7601427837564614
0.4283514175708786,0.8045058552500353
0.42837141857092853,0.6570501142523816
0.4283914195709786,0.08851095538277001
0.42841142057102855,0.6116399068089239
0.42843142157107855,0.7992716860815062
0.42845142257112856,0.7758611412956334
0.42847142357117857,0.4587664336834067
0.4284914245712286,0.24682450118184912
0.4285114255712786,0.7322889519299176
0.4285314265713286,0.808275222677752
0.42855142757137854,0.7057854312342835
0.4285714285714286,0.16204372112096987
0.42859142957147855,0.5305424558084114
0.4286114305715286,0.7877262058619737
0.42863143157157857,0.7919569211052119
0.42865143257162863,0.5583696001376863
0.4286714335716786,0.13113369213317685
0.4286914345717286,0.6921231435188552
0.4287114355717786,0.8078031457608358
0.4287314365718286,0.7429547534164695
0.4287514375718786,0.29009429162087413
0.42877143857192856,0.42031038784001185
0.4287914395719786,0.7693131555331317
0.4288114405720286,0.8027065360714851
0.42883144157207864,0.6369095778708089
0.4288514425721286,0.08152327700044137
0.42887144357217866,0.6341040483023674
0.4288914445722286,0.8024550017075933
0.4289114455722786,0.7705270186222928
0.4289314465723286,0.4267610755351776
0.42895144757237863,0.28250554123800775
0.42897144857242864,0.7413500714467548
0.42899144957247864,0.8083385286559169
0.42901145057252865,0.6962353758532154
0.4290314515725786,0.13886293543821215
0.42905145257262867,0.5503954770343646
0.4290714535726786,0.7910900781552673
0.4290914545727287,0.7900837989398342
0.42911145557277863,0.5437961178338451
0.42913145657282864,0.14586561017689187
0.42915145757287865,0.6995562196637392
0.42917145857292865,0.8087153974469805
0.42919145957297866,0.7398066610932751
0.42921146057302867,0.27552559464711035
0.4292314615730787,0.43246401755512165
0.42925146257312863,0.7717673724757895
0.4292714635731787,0.8027168879360562
0.42929146457322864,0.6337030737770741
0.4293114655732787,0.08068063064288564
0.42933146657332866,0.6371916114214109
0.4293514675733787,0.8032127403333962
0.42937146857342867,0.7708980077535483
0.4293914695734787,0.42731752604411255
0.4294114705735287,0.2809271498961222
0.4294314715735787,0.7412384874476661
0.4294514725736287,0.8089913708387957
0.42947147357367865,0.6991773638519838
0.4294914745737287,0.14442854258446455
0.42951147557377867,0.5444233231123702
0.42953147657382873,0.7904981628378924
0.4295514775738787,0.7920181551022276
0.42957147857392874,0.5544375329649881
0.4295914795739787,0.13335092700371434
0.4296114805740287,0.6941009073528422
0.4296314815740787,0.8088890850526095
0.4296514825741287,0.7454070163443427
0.4296714835741787,0.29861941528751335
0.42969148457422873,0.4108615556881284
0.42971148557427874,0.7681245326804707
0.4297314865743287,0.8048145713883349
0.42975148757437875,0.6483459705708112
0.4297714885744287,0.08193989820213612
0.42979148957447877,0.621594069451806
0.4298114905745287,0.8016670009350605
0.42983149157457873,0.7770039598769867
0.42985149257462874,0.46051917043167157
0.42987149357467874,0.2418644711577646
0.42989149457472875,0.7317933128886336
0.42991149557477876,0.8100933737360381
0.42993149657482876,0.7139718771359345
0.4299514975748787,0.18185971344057233
0.4299714985749288,0.5110594916946898
0.42999149957497873,0.7855478461517682
0.4300115005750288,0.7972610006144529
0.43003150157507875,0.58799879800077
0.43005150257512875,0.10066306371121514
0.43007150357517876,0.6741039811387768
0.43009150457522877,0.8077845186232556
0.4301115055752788,0.7583948658421751
0.4301315065753288,0.3589344912130317
0.4301515075753788,0.35223070275476986
0.43017150857542874,0.7571026530775827
0.4301915095754788,0.8081617523758232
0.43021151057552875,0.677358150908548
0.4302315115755788,0.10448332711416963
0.43025151257562877,0.5829571414641973
0.43027151357567883,0.7967444615417916
0.4302915145757288,0.7872270891852171
0.4303115155757788,0.5204421431411149
0.4303315165758288,0.17001892235183205
0.4303515175758788,0.7100924186242465
0.4303715185759288,0.8104870610786629
0.4303915195759788,0.7370589975487631
0.4304115205760288,0.2614862703615616
0.4304315215760788,0.4425914163731394
0.43045152257612884,0.7742590321300332
0.4304715235761788,0.8041073738475661
0.43049152457622886,0.6369777725736301
0.4305115255762788,0.07849199906950294
0.4305315265763288,0.6335757377352202
0.4305515275763788,0.8037677136004735
0.43057152857642883,0.7755864728708914
0.43059152957647884,0.4498643616884913
0.43061153057652884,0.2527016904049531
0.43063153157657885,0.7350041416722396
0.4306515325766288,0.8109276171638278
0.43067153357667887,0.7141280557629262
0.4306915345767288,0.18092743029157415
0.4307115355767789,0.5105180682480884
0.43073153657682883,0.785923090591963
0.43075153757687884,0.7987870122038512
0.43077153857692885,0.5949916118019282
0.43079153957697885,0.09390390764912365
0.43081154057702886,0.6691159572670407
0.43083154157707887,0.8079906608253032
0.4308515425771289,0.7632679131449888
0.43087154357717883,0.38180263334665715
0.4308915445772289,0.3272901794238615
0.43091154557727884,0.7523432618440017
0.4309315465773289,0.8099817512368519
0.43095154757737886,0.6910294244174959
0.4309715485774289,0.12502741862292077
0.43099154957747887,0.5596894257840139
0.4310115505775289,0.7938199775713646
0.4310315515775789,0.7929805972759418
0.4310515525776289,0.5541894605556753
0.4310715535776789,0.13054999087084115
0.4310915545777289,0.6939946444540923
0.4311115555777789,0.8103777054916457
0.43113155657782887,0.7512690184150707
0.43115155757787893,0.32179814312052646
0.4311715585779289,0.38649892951481485
0.43119155957797894,0.764367718890892
0.4312115605780289,0.8083513425172274
0.4312315615780789,0.6694210452150766
0.4312515625781289,0.0934752199116627
0.4312715635781789,0.5943669550771183
0.4312915645782289,0.7991010733598014
0.43131156557827893,0.7874137075817594
0.43133156657832894,0.5176398385958312
0.4313515675783789,0.17114157287135168
0.43137156857842895,0.711162143712097
0.4313915695784789,0.8116293886973214
0.43141157057852897,0.7406139429607084
0.4314315715785789,0.27391290676291824
0.43145157257862893,0.4297978802112354
0.43147157357867894,0.7725438507386528
0.43149157457872894,0.806609031765627
0.43151157557877895,0.6510352935583456
0.43153157657882896,0.07989735115396741
0.43155157757887896,0.6179121935266845
0.4315715785789289,0.8025462734752329
0.431591579578979,0.7827410955302848
0.43161158057902893,0.4882242564824967
0.431631581579079,0.20539771166613507
0.43165158257912895,0.7225333615513068
0.431671583579179,0.8122565990163898
0.43169158457922896,0.7322677112181856
0.43171158557927897,0.24003174780633518
0.431731586579329,0.45875182542780885
0.431751587579379,0.7778187094708316
0.431771588579429,0.8052080191056509
0.431791589579479,0.6374666561584006
0.431811590579529,0.07622271262536134
0.43183159157957896,0.6326364178790264
0.431851592579629,0.8046757212790956
0.43187159357967897,0.779506552714118
0.43189159457972903,0.4682391196916672
0.431911595579779,0.22848351880640289
0.431931596579829,0.7293047033638199
0.431951597579879,0.8126155116467467
0.431971598579929,0.7270281161759511
0.431991599579979,0.220289839779101
0.432011600580029,0.47502693495235776
0.432031601580079,0.7807773569861106
0.432051602580129,0.8044737851356946
0.43207160358017904,0.6299559857003886
0.432091604580229,0.07596052665474766
0.43211160558027906,0.6399567343357427
0.432131606580329,0.8058101718898254
0.432151607580379,0.7780948152404663
0.432171608580429,0.45918787876587996
0.43219160958047903,0.2385187879513145
0.43221161058052904,0.7321519562750259
0.43223161158057904,0.8129217874520631
0.43225161258062905,0.7254217439258255
0.432271613580679,0.21415329275326567
0.43229161458072907,0.47970482869711584
0.432311615580779,0.7817299958391896
0.4323316165808291,0.8045902680816235
0.43235161758087903,0.6292196263037949
0.4323716185809291,0.07556003712897655
0.43239161958097905,0.6405539542644993
0.43241162058102905,0.806101983254603
0.43243162158107906,0.7786908901389957
0.43245162258112907,0.46174304428780594
0.4324716235811791,0.23493391517181442
0.4324916245812291,0.7313385689416114
0.4325116255812791,0.8132554076831506
0.43253162658132904,0.7276297370522201
0.4325516275813791,0.22139379032023127
0.43257162858142906,0.4730886140689148
0.4325916295814791,0.7807547180315632
0.43261163058152907,0.8055898037921952
0.4326316315815791,0.6353517510708969
0.4326516325816291,0.07470196841181789
0.4326716335816791,0.6344590461007845
0.4326916345817291,0.805548627107365
0.4327116355817791,0.7812591460821571
0.4327316365818291,0.47576162523347226
0.43275163758187907,0.21781390350572338
0.43277163858192913,0.7267568591062435
0.4327916395819791,0.8135626398720743
0.43281164058202914,0.7334614484762023
0.4328316415820791,0.24243440691194632
0.4328516425821291,0.45466364504333534
0.4328716435821791,0.7777085246908298
0.4328916445822291,0.8073523326469475
0.4329116455822791,0.6478102310862424
0.43293164658232913,0.07633838292945484
0.43295164758237914,0.6210554071516193
0.4329716485824291,0.8039939506014309
0.43299164958247915,0.7855485754779821
0.4330116505825291,0.5002671126061564
0.43303165158257917,0.18810797974835758
0.4330516525826291,0.7179113514905892
0.4330716535826792,0.8136575028868447
0.43309165458272914,0.7423826014171366
0.43311165558277914,0.2779054837505133
0.43313165658282915,0.4231340083696826
0.43315165758287916,0.7722096257771116
0.43317165858292916,0.8096148684029689
0.43319165958297917,0.6654881842804319
0.4332116605830292,0.0865579000168201
0.43323166158307913,0.5989949603972703
0.4332516625831292,0.8011171294973751
0.43327166358317915,0.7911230535650577
0.4332916645832292,0.5334275786954035
0.43331166558327916,0.1487754609301216
0.43333166658332917,0.7038397821151824
0.4333516675833792,0.8132211870161381
0.4333716685834292,0.7535916448647415
0.4333916695834792,0.3275966284406024
0.4334116705835292,0.37664769089885625
0.4334316715835792,0.7635852397177371
0.43345167258362916,0.8119876220993305
0.4334716735836792,0.6868662672104144
0.43349167458372917,0.11354881972814546
0.43351167558377923,0.5660337613661959
0.4335316765838292,0.796404014918263
0.4335516775838792,0.7974081717833704
0.4335716785839292,0.5726502892602122
0.4335916795839792,0.10700684982502398
0.4336116805840292,0.6829531059870843
0.4336316815840792,0.8117939991653066
0.4336516825841292,0.7661261681742352
0.4336716835841792,0.3893752410938873
0.43369168458422924,0.3136208491930396
0.4337116855842792,0.7507686199806379
0.43373168658432926,0.8139692359598599
0.4337516875843792,0.7102236313414224
0.43377168858442927,0.16464274728265488
0.4337916895844792,0.5188404027866741
0.43381169058452923,0.7890890445856282
0.43383169158457924,0.8037411965608869
0.43385169258462924,0.6148847604626951
0.43387169358467925,0.07683777440698687
0.43389169458472926,0.6527626331832626
0.43391169558477927,0.8087501339682279
0.4339316965848292,0.7789735253797303
0.4339516975848793,0.4588636660139262
0.43397169858492923,0.23513119015646938
0.4339916995849793,0.7321138900359719
0.43401170058502925,0.8149505916782765
0.43403170158507925,0.7338624615481485
0.43405170258512926,0.24176101194773614
0.43407170358517927,0.45302656061710755
0.4340917045852293,0.7780459138185433
0.4341117055852793,0.8094088702036828
0.4341317065853293,0.6570885554849315
0.43415170758537924,0.07879295146363173
0.4341717085854293,0.6094663187530376
0.43419170958547926,0.8032397010893135
0.4342117105855293,0.791159012764232
0.43423171158557927,0.5302976104090134
0.4342517125856293,0.15038728968251974
0.4342717135856793,0.7050747153661129
0.4342917145857293,0.8141939041942036
0.4343117155857793,0.7562900996355015
0.4343317165858293,0.3384438839750867
0.4343517175858793,0.3642963874265368
0.43437171858592927,0.7615878976148277
0.43439171958597933,0.8136585051816074
0.4344117205860293,0.6966830629482028
0.43443172158607934,0.13087918514676744
0.4344517225861293,0.5474658836863516
0.43447172358617936,0.7940721884783469
0.4344917245862293,0.8017911466774165
0.4345117255862793,0.5981098858828919
0.4345317265863293,0.08467931339148495
0.43455172758637933,0.6656675250980165
0.43457172858642934,0.8107691573654336
0.43459172958647935,0.7763159356843612
0.43461173058652935,0.4420330084804025
0.4346317315865793,0.2532728738810074
0.43465173258662937,0.7371078274390973
0.4346717335866793,0.8156686926855647
0.4346917345867294,0.7318241897798896
0.43471173558677934,0.23292541460917063
0.43473173658682934,0.45939761214700864
0.43475173758687935,0.7794953408859426
0.43477173858692936,0.810052833380187
0.43479173958697936,0.6582535650625888
0.43481174058702937,0.07852928832542512
0.4348317415870794,0.6076640995728868
0.43485174258712933,0.803419164589753
0.4348717435871794,0.7930497425534812
0.43489174458722935,0.5397371284864534
0.4349117455872794,0.1383725641463075
0.43493174658732936,0.7004384770960287
0.43495174758737937,0.8144628674817693
0.4349717485874294,0.7614242916275481
0.4349917495874794,0.36224376673674363
0.4350117505875294,0.33921114507885086
0.4350317515875794,0.7567830671187857
0.4350517525876294,0.81513299623013
0.43507175358767936,0.7086395678754567
0.4350917545877294,0.1584073800961048
0.43511175558777937,0.5218214502047286
0.43513175658782943,0.7902997367237632
0.4351517575878794,0.805813816727535
0.43517175858792945,0.6233706305051211
0.4351917595879794,0.07181240404773466
0.4352117605880294,0.6447777092458448
0.4352317615880794,0.8087358688605953
0.4352517625881294,0.7849793407920518
0.43527176358817943,0.48976068761361946
0.4352917645882294,0.1958017413833254
0.43531176558827944,0.7214713744852409
0.4353317665883294,0.8160889701415842
0.43535176758837946,0.7487894836702063
0.4353717685884294,0.30150024771339623
0.43539176958847947,0.3974358775076321
0.4354117705885294,0.7684875159526469
0.43543177158857943,0.8139877438261894
0.43545177258862944,0.6900754262811051
0.43547177358867944,0.11636325639530831
0.43549177458872945,0.5592742613667746
0.43551177558877946,0.7965299747050919
0.43553177658882947,0.8022989335065185
0.4355517775888794,0.5970936022688426
0.4355717785889295,0.08345167644919507
0.43559177958897943,0.6659864181590327
0.4356117805890295,0.8116088502594951
0.43563178158907945,0.7791604460899418
0.43565178258912945,0.4552139077827743
0.43567178358917946,0.23579441019259767
0.43569178458922947,0.7330398736192347
0.4357117855892795,0.8167877471698788
0.4357317865893295,0.740507041503625
0.4357517875893795,0.2652429829268423
0.43577178858942944,0.42946700972203367
0.4357917895894795,0.7746212048749532
0.43581179058952946,0.8132071519550521
0.4358317915895795,0.6790994909778392
0.43585179258962947,0.09816195314027082
0.43587179358967953,0.5775866450709962
0.4358917945897295,0.7995923522096667
0.4359117955897795,0.8004998824853906
0.4359317965898295,0.5835549100711256
0.4359517975898795,0.09287699876330129
0.4359717985899295,0.6752272194996092
0.43599179958997947,0.8129414061420746
0.43601180059002953,0.7767513328041676
0.4360318015900795,0.4407612202484832
0.43605180259012954,0.2517375619925114
0.4360718035901795,0.7373186206384944
0.43609180459022956,0.817218237761251
0.4361118055902795,0.7380429703391889
0.4361318065903295,0.25463082608035975
0.4361518075903795,0.4380771389223198
0.43617180859042953,0.7763577350812879
0.43619180959047954,0.8133451765435088
0.43621181059052955,0.6775957172606097
0.43623181159057955,0.09559266773189966
0.4362518125906295,0.5797110230033464
0.43627181359067957,0.8001390351424265
0.4362918145907295,0.8009401792420663
0.4363118155907796,0.5849799701834181
0.43633181659082954,0.09100561206913693
0.43635181759087954,0.6741233090736022
0.43637181859092955,0.8131121222461286
0.43639181959097956,0.778273004457348
0.43641182059102956,0.44827061096390536
0.43643182159107957,0.2422616390563301
0.4364518225911296,0.7350465711775482
0.43647182359117953,0.8176033069372666
0.4364918245912296,0.7418837572120142
0.43651182559127955,0.2696800286363073
0.4365318265913296,0.42412328771547503
0.43655182759137956,0.7739763987112174
0.4365718285914296,0.8145116854886184
0.4365918295914796,0.6858748906560186
0.4366118305915296,0.1074944073929337
0.4366318315915796,0.5659339778069508
0.4366518325916296,0.7982150803933519
0.4366718335916796,0.8036023913807624
0.43669183459172956,0.6011994008868746
0.4367118355917796,0.07879280199255638
0.43673183659182957,0.6624180117271051
0.43675183759187963,0.8120302622175103
0.4367718385919296,0.7835000641821142
0.43679183959197965,0.4769012701356085
0.4368118405920296,0.2078397920598694
0.4368318415920796,0.7257444604726087
0.4368518425921296,0.8177421611523236
0.4368718435921796,0.7514129789532353
0.43689184459222963,0.310617430609297
0.43691184559227964,0.3860058832215998
0.43693184659232964,0.7669387411031816
0.4369518475923796,0.8163704568157493
0.43697184859242966,0.7025904389791833
0.4369918495924796,0.1406482133199832
0.43701185059252967,0.5338983120357244
0.4370318515925796,0.793272736324348
0.43705185259262963,0.8079364202848933
0.43707185359267964,0.6296735897777395
0.43709185459272965,0.06766691265722803
0.43711185559277965,0.6378990813423041
0.43713185659282966,0.8091312519611008
0.43715185759287967,0.7915146167268527
0.4371718585929296,0.5229808155191099
0.4371918595929797,0.15268917034125395
0.43721186059302963,0.7075746693072212
0.4372318615930797,0.8170123854650329
0.43725186259312965,0.7650714305078606
0.43727186359317965,0.37587986468376466
0.43729186459322966,0.32050850896103306
0.43731186559327967,0.753748149895729
0.4373318665933297,0.8181695322437855
0.4373518675933797,0.725092159156082
0.4373718685934297,0.2049584265267625
0.43739186959347964,0.47832100355317847
0.4374118705935297,0.7840588733466369
0.43743187159357966,0.8129472097238563
0.4374518725936297,0.6660474014158433
0.43747187359367967,0.08091529834429427
0.43749187459372973,0.5957949806025883
0.4375118755937797,0.8033027228719227
0.4375318765938297,0.8008987232347887
0.4375518775938797,0.5801136670200736
0.4375718785939297,0.09271829203957967
0.4375918795939797,0.6767788297021708
0.4376118805940297,0.8143424174623352
0.43763188159407973,0.7807321894398113
0.4376518825941297,0.4589761668726435
0.43767188359417974,0.227144886638502
0.4376918845942297,0.7315138880544725
0.43771188559427976,0.8187728037501782
0.4377318865943297,0.750095214488702
0.4377518875943797,0.3031973046177285
0.4377718885944297,0.391292322702982
0.43779188959447973,0.7683021679736367
0.43781189059452974,0.8173087660496232
0.43783189159457975,0.7052050811984494
0.43785189259462975,0.14593089033336368
0.4378718935946797,0.5276815324609202
0.43789189459472977,0.7926755359639495
0.4379118955947797,0.8099712624187014
0.4379318965948298,0.6404363756513991
0.43795189759487974,0.06672255420748678
0.43797189859492974,0.6264790643247835
0.43799189959497975,0.8080918235383954
0.43801190059502976,0.7961264092574885
0.43803190159507976,0.5484543518970938
0.43805190259512977,0.12250185359259241
0.4380719035951798,0.6949862021829286
0.43809190459522973,0.8166244534307653
0.4381119055952798,0.7744009681558849
0.43813190659532975,0.4230074836272374
0.4381519075953798,0.26750617728563414
0.43817190859542976,0.7420049493368788
0.4381919095954798,0.8194180135297155
0.4382119105955298,0.7424778489886346
0.4382319115955798,0.2694918655548546
0.4382519125956298,0.42107014718065383
0.4382719135956798,0.7741248310407401
0.4382919145957298,0.8169471506483653
0.4383119155957798,0.6967867201655243
0.4383319165958298,0.12597787931262638
0.43835191759587977,0.5447059876167597
0.43837191859592983,0.795713030066466
0.4383919195959798,0.80913621211173
0.43841192059602985,0.6322150551586494
0.4384319215960798,0.0654498701637756
0.4384519225961298,0.6346193172369533
0.4384719235961798,0.8095355866595757
0.4384919245962298,0.795375326219227
0.43851192559627983,0.5423839370584275
0.43853192659632984,0.12809311680974408
0.43855192759637984,0.6979126239538007
0.4385719285964298,0.8172819247317291
0.43859192959647986,0.7744475078132972
0.4386119305965298,0.4222322830764077
0.43863193159657987,0.2673656237078955
0.4386519325966298,0.7421382910907303
0.43867193359667983,0.8199065566787526
0.43869193459672984,0.7443697852886128
0.43871193559677985,0.2767350394688652
0.43873193659682985,0.4136807385793509
0.43875193759687986,0.7729315701232643
0.43877193859692987,0.8178266689154904
0.4387919395969798,0.7021613870571247
0.4388119405970299,0.13743630211238733
0.43883194159707983,0.5334440682810706
0.4388519425971299,0.7940918667112618
0.43887194359717985,0.8110180973926749
0.4388919445972299,0.6436253054038601
0.43891194559727986,0.06602151418332372
0.43893194659732987,0.6223967930664782
0.4389519475973799,0.8080835604626302
0.4389719485974299,0.7990361369243715
0.4389919495974799,0.5634872373925714
0.4390119505975299,0.10521902092297374
0.4390319515975799,0.6863034498256979
0.43905195259762986,0.8164600110061605
0.4390719535976799,0.7809732299304952
0.43909195459772987,0.4569445222285753
0.43911195559777993,0.2264564617252891
0.4391319565978299,0.7318430117753458
0.4391519575978799,0.8201479549994811
0.4391719585979299,0.7553571165134335
0.4391919595979799,0.32500483742179054
0.4392119605980299,0.36779123911303024
0.4392319615980799,0.7642289700354985
0.43925196259812993,0.8196200276289873
0.4392719635981799,0.719995661247029
0.43929196459822994,0.18589123655390416
0.4393119655982799,0.4909619652187961
0.43933196659832996,0.7870987117539695
0.4393519675983799,0.8149881631849211
0.4393719685984299,0.6718057555029368
0.4393919695984799,0.08443281683081309
0.43941197059852993,0.586223212800537
0.43943197159857994,0.8028875023246094
0.43945197259862995,0.8060400009335005
0.43947197359867995,0.6067732064459116
0.4394919745987299,0.07093235847190967
0.43951197559877997,0.6565942823561217
0.4395319765988299,0.813189997627833
0.43955197759888,0.7922301862893457
0.43957197859892994,0.5204937948186756
0.43959197959898,0.1505884417046735
0.43961198059902995,0.7078548812995561
0.43963198159907996,0.8190195534587437
0.43965198259912996,0.7726315326095058
0.43967198359917997,0.41040394469315844
0.43969198459923,0.27833366929570846
0.43971198559928,0.7451043203376941
0.43973198659933,0.8209759705876977
0.43975198759937995,0.7458487911519459
0.43977198859943,0.2815403759413309
0.43979198959947996,0.40732481724299
0.43981199059953,0.7721261025438972
0.43983199159958,0.819346584500228
0.43985199259963,0.7099049365819973
0.43987199359968,0.1557897013458242
0.43989199459973,0.5155035842092324
0.43991199559978,0.7915619827816687
0.43993199659983,0.8141604017083779
0.43995199759988,0.6621402032112612
0.43997199859992997,0.07434371906185126
0.43999199959998003,0.599250394952132
0.44001200060003,0.805211632086801
0.44003200160008005,0.8052077045023445
0.44005200260013,0.599251460466828
0.44007200360018,0.0741638231164566
0.44009200460023,0.6620932444125822
0.44011200560028,0.8142815218993634
0.44013200660033003,0.7920318853750282
0.44015200760038004,0.5178105833192238
0.44017200860043004,0.15248983749034845
0.44019200960048,0.7088167754795234
0.44021201060053006,0.8195602501105241
0.44023201160058,0.7738967708901073
0.44025201260063007,0.4160008747418329
0.44027201360068,0.2708846454763003
0.4402920146007301,0.7435185437495531
0.44031201560078004,0.8215338407392523
0.44033201660083005,0.7497319463674166
0.44035201760088005,0.29766783184326795
0.44037201860093006,0.3914070915153121
0.44039201960098007,0.7692760380337866
0.4404120206010301,0.8204578014008742
0.4404320216010801,0.7180628626665663
0.44045202260113003,0.17861498970022632
0.4404720236011801,0.4950343310399069
0.44049202460123005,0.7882893841413333
0.4405120256012801,0.8163986716507896
0.44053202660133006,0.6769479049868576
0.44055202760138007,0.0894486993882194
0.4405720286014301,0.5775105659750995
0.4405920296014801,0.8021002957265051
0.4406120306015301,0.8092533664272574
0.4406320316015801,0.6239849113787754
0.4406520326016301,0.06302869198226059
0.44067203360168006,0.6410370262757525
0.4406920346017301,0.8117773251053423
0.44071203560178007,0.7987512680047929
0.44073203660183013,0.5565406560621088
0.4407520376018801,0.10877658720011776
0.4407720386019301,0.6894189953677682
0.4407920396019801,0.8180508524297301
0.4408120406020301,0.7844418667566989
0.4408320416020801,0.47252872623573094
0.4408520426021301,0.2044097177194702
0.44087204360218013,0.7261967672556459
0.4408920446022301,0.8214056791535169
0.44091204560228014,0.765669848091602
0.4409320466023301,0.3722756358956831
0.44095204760238016,0.3167549069700808
0.4409720486024301,0.7541744310527607
0.4409920496024802,0.8221423723569501
0.4410120506025301,0.7415403737783
0.44103205160258013,0.2619036715009126
0.44105205260263014,0.42254631168274676
0.44107205360268015,0.775440550839813
0.44109205460273015,0.8204164460157584
0.44111205560278016,0.7108813682109554
0.44113205660283017,0.15714270010721684
0.4411520576028801,0.5120888860504004
0.4411720586029302,0.7915123346817475
0.44119205960298014,0.8162617623396903
0.4412120606030302,0.6722201179115329
0.44123206160308015,0.08281249940833495
0.44125206260313016,0.584095596983
0.44127206360318016,0.8034807428337011
0.44129206460323017,0.8096023490680329
0.4413120656032802,0.6238145596612644
0.4413320666033302,0.06205481594511852
0.4413520676033802,0.6407177028377677
0.44137206860343015,0.812125771675302
0.4413920696034802,0.8002552989001125
0.44141207060353016,0.5638247081612244
0.4414320716035802,0.10027972504631318
0.4414520726036302,0.6848986702826189
0.4414720736036802,0.8180006599660294
0.4414920746037302,0.7879264734857623
0.4415120756037802,0.4907839993512496
0.4415320766038302,0.18136288367600534
0.4415520776038802,0.7193403634511631
0.4415720786039302,0.8214911599748616
0.44159207960398017,0.7722003460762004
0.44161208060403023,0.4046117281044658
0.4416320816040802,0.28063410790652443
0.44165208260413025,0.7462271013925523
0.4416720836041802,0.8228564361672853
0.44169208460423026,0.7525255987356563
0.4417120856042802,0.30836743650750315
0.4417320866043302,0.3787204299483812
0.44175208760438023,0.7672346102068115
0.44177208860443024,0.8222568213928425
0.44179208960448024,0.7281993951884724
0.44181209060453025,0.21044578089813387
0.44183209160458026,0.46565865309547755
0.4418520926046302,0.7836200813506506
0.44187209360468027,0.8197722068731377
0.4418920946047302,0.6983563044623118
0.4419120956047803,0.1255908488918368
0.44193209660483024,0.5384785249065263
0.44195209760488025,0.7963186285072724
0.44197209860493025,0.8154136818007734
0.44199209960498026,0.6619739167929088
0.44201210060503027,0.0718209248316388
0.4420321016050803,0.5977852904945392
0.4420521026051303,0.8060239960841541
0.44207210360518023,0.8091302090209859
0.4420921046052303,0.6179181262015725
0.44211210560528025,0.06231774165701593
0.4421321066053303,0.6454964990008016
0.44215210760538026,0.8132503678709849
0.44217210860543027,0.8008115716689475
0.4421921096054803,0.5650687005490197
0.4422121106055303,0.09762546303600389
0.4422321116055803,0.6837326665234145
0.4422521126056303,0.8183779233738376
0.4422721136056803,0.7902884974936574
0.44229211460573026,0.5025892319098434
0.4423121156057803,0.165795700914471
0.4423321166058303,0.7143862565211834
0.44235211760588034,0.8216858496524889
0.4423721186059303,0.7773307343347401
0.44239211960598035,0.43042340499533815
0.4424121206060303,0.25005491843841016
0.4424321216060803,0.7390088938545549
0.4424521226061303,0.8233760950610866
0.4424721236061803,0.761643917251602
0.44249212460623033,0.3500740584647727
0.4425121256062803,0.33637394177982793
0.44253212660633034,0.7588247559784254
0.4425521276063803,0.8235904165476262
0.44257212860643036,0.7428663797678896
0.4425921296064803,0.26557468388675076
0.4426121306065304,0.41632145982937774
0.4426321316065803,0.774783159877803
0.44265213260663033,0.8224225976823352
0.44267213360668034,0.7205677084385302
0.44269213460673035,0.18421552633308627
0.44271213560678035,0.4862839843776535
0.44273213660683036,0.7876155276579123
0.44275213760688037,0.8199271882604484
0.4427721386069303,0.6942519585630721
0.4427921396069804,0.11614870936616559
0.44281214060703034,0.5456179802734688
0.4428321416070804,0.7978849434128678
0.44285214260713035,0.8161257332028017
0.44287214360718036,0.6633702088917954
0.44289214460723036,0.07204118772982789
0.44291214560728037,0.5951247466570144
0.4429321466073304,0.8060257917328545
0.4429521476073804,0.8110111903991856
0.4429721486074304,0.6273496686529744
0.44299214960748035,0.05918828182510173
0.4430121506075304,0.636129135220314
0.44303215160758036,0.8123742790537108
0.4430521526076304,0.8045510558025597
0.4430721536076804,0.585649773769071
0.44309215460773044,0.07835262755969531
0.4431121556077804,0.6700176999053921
0.4431321566078304,0.8171929194586024
0.4431521576078804,0.7966931061132579
0.4431721586079304,0.5378700250786292
0.4431921596079804,0.12370012589491385
0.44321216060803037,0.6980454048374795
0.44323216160808043,0.8206860486099337
0.4432521626081304,0.7873595910976534
0.44327216360818045,0.4838728627850226
0.4432921646082304,0.18580514797294087
0.44331216560828046,0.721273681800157
0.4433321666083304,0.8230104175286082
0.4433521676083804,0.7764510069366402
0.44337216860843043,0.4240208419466485
0.44339216960848044,0.2552416998143888
0.44341217060853044,0.7405726258898657
0.44343217160858045,0.8242900386977087
0.44345217260863046,0.763851431571467
0.4434721736086804,0.35944473777095814
0.44349217460873047,0.32482489835963374
0.4435121756087804,0.756644233157877
0.4435321766088305,0.8246216507306596
0.44355217760888044,0.7494281600239966
0.44357217860893045,0.29231129585479776
0.44359217960898045,0.3901282654881693
0.44361218060903046,0.7700510277686164
0.44363218160908047,0.824080471856474
0.4436521826091305,0.733034341494363
0.4436721836091805,0.22598162957866208
0.44369218460923043,0.44899372412477245
0.4437121856092805,0.7812431260362313
0.44373218660933045,0.8227246696429152
0.4437521876093805,0.7145128551293491
0.44377218860943046,0.16489210448638372
0.4437921896094805,0.500769728217019
0.4438121906095305,0.790581366042144
0.4438321916095805,0.8205988857516827
0.4438521926096305,0.6937019673438153
0.4438721936096805,0.11401247991600913
0.4438921946097305,0.5456585384689144
0.44391219560978046,0.7983561531093829
0.4439321966098305,0.8177370670752413
0.4439521976098805,0.6704433855872832
0.44397219860993054,0.07789278122199365
0.4439921996099805,0.5842715933460778
0.44401220061003055,0.8048024476224653
0.4440322016100805,0.8141647907897646
0.4440522026101305,0.6445933559457043
0.4440722036101805,0.059573257436515197
0.4440922046102305,0.6173655649171064
0.44411220561028053,0.8101115437251448
0.44413220661033054,0.809901224076114
0.44415220761038054,0.6160373973137682
0.4441722086104305,0.05981786851936889
0.44419220961048056,0.6457020462719186
0.4442122106105305,0.8144402810841599
0.4442322116105806,0.8049608245696429
0.4442522126106305,0.5847090560116188
0.44427221361068053,0.07703422909397709
0.44429221461073054,0.6699818281996845
0.44431221561078055,0.8179182449098832
0.44433221661083055,0.7993548613779209
0.44435221761088056,0.5506126190670041
0.44437221861093057,0.10788222726066471
0.4443922196109805,0.6908204411868736
0.4444122206110306,0.8206534054450343
0.44443222161108054,0.7930928160851562
0.4444522226111306,0.5138489609160601
0.44447222361118055,0.14823024802383017
0.44449222461123056,0.7087447899198239
0.44451222561128056,0.8227365519593178
0.44453222661133057,0.7861837065925997
0.4445522276113806,0.4746425747798318
0.4445722286114306,0.1940407420765865
0.4445922296114806,0.7241995242434867
0.44461223061153055,0.82424479577725
0.4446322316115806,0.7786373625805839
0.44465223261163056,0.4333664150050769
0.4446722336116806,0.24193536858833434
0.4446922346117306,0.7375571122657033
0.44471223561178064,0.8252443525625744
0.4447322366118306,0.7704656687183568
0.4447522376118806,0.39055968384735407
0.4447722386119306,0.28941093282470925
0.4447922396119806,0.7491285985091061
0.4448122406120306,0.8257927640334125
0.4448322416120806,0.7616837800478515
0.44485224261213063,0.3469326009933816
0.4448722436121806,0.3348077124131797
0.44489224461223065,0.7591736650032671
0.4449122456122806,0.8259406808576589
0.44493224661233066,0.7523113026994861
0.4449522476123806,0.3033521616910487
0.4449722486124306,0.3771554364010131
0.44499224961248063,0.7679094628588796
0.44501225061253064,0.8257332991740534
0.44503225161258064,0.7423734224106187
0.44505225261263065,0.26080459920101356
0.44507225361268066,0.41598908045974775
0.4450922546127306,0.7755181016330789
0.44511225561278067,0.8252115209264231
0.4451322566128306,0.7319019533367337
0.4451522576128807,0.22033405037445133
0.44517225861293064,0.4511836248687978
0.44519225961298065,0.7821528752924042
0.44521226061303065,0.8244128913045782
0.44523226161308066,0.7209362709744191
0.44525226261313067,0.18296234477695664
0.4452722636131807,0.48282537182799384
0.4452922646132307,0.7879433779632425
0.44531226561328063,0.8233723537864653
0.4453322666133307,0.7095240862979274
0.44535226761338065,0.1496004979884524
0.4453722686134307,0.5111202435113787
0.44539226961348066,0.7929996794419709
0.4454122706135307,0.8221228535959001
0.4454322716135807,0.6977220143882448
0.4454522726136307,0.12096633728334383
0.4454722736136807,0.5363325421574411
0.4454922746137307,0.797415721067442
0.4455122756137807,0.8206958131032546
0.4455322766138307,0.6855958907363666
0.4455522776138807,0.09752289725832539
0.4455722786139307,0.5587462613196029
0.44559227961398074,0.8012720729326592
0.4456122806140307,0.8191214972622824
0.44563228161408075,0.6732207928057214
0.4456522826141307,0.07944821789163056
0.4456722836141807,0.578642005138248
0.4456922846142307,0.804638171461449
0.4457122856142807,0.8174292831898559
0.44573228661433073,0.6606807337542067
0.44575228761438074,0.06664013031514952
0.44577228861443075,0.5962841982505577
0.4457922896144807,0.8075741355428045
0.44581229061453076,0.815647845127914
0.4458322916145807,0.6480680093936516
0.4458522926146308,0.05875197529564884
0.4458722936146807,0.6119148125464628
0.44589229461473073,0.8101322412290106
0.44591229561478074,0.8138052640855922
0.44593229661483075,0.6354821977433925
0.44595229761488075,0.055249497639100885
0.44597229861493076,0.6257510608535057
0.44599229961498077,0.8123581196590386
0.4460123006150307,0.8119290701983564
0.4460323016150808,0.6230288315616913
0.44605230261513074,0.05547685350603106
0.4460723036151808,0.6379853947490357
0.44609230461523075,0.814291730324888
0.4461123056152808,0.8100462251469034
0.44613230661533076,0.6108177860581179
0.44615230761538077,0.05872070576859733
0.4461723086154308,0.6487867531070329
0.4461923096154808,0.8159681516358706
0.4462123106155308,0.8081830517141904
0.4462323116155808,0.5989614439616253
0.4462523126156308,0.06426459302129117
0.44627231361568076,0.6583024120689362
0.4462923146157308,0.81741822259976
0.4463123156157808,0.8063651175752062
0.44633231661583084,0.587572716093987
0.4463523176158808,0.07142963359940421
0.4463723186159308,0.6666600483125211
0.4463923196159808,0.8186690629499159
0.4464123206160308,0.8046170806534334
0.4464323216160808,0.5767630049312179
0.4464523226161308,0.07960098459638858
0.44647232361618083,0.6739697925219508
0.4464923246162308,0.8197444938760949
0.44651232561628085,0.8029625037164196
0.4465323266163308,0.5666402004479947
0.44655232761638086,0.08824173547425676
0.4465723286164308,0.6803261523410156
0.4465923296164808,0.8206653773941214
0.44661233061653083,0.8014236462223803
0.44663233161658084,0.5573067907806775
0.44665233261663084,0.09689702653338526
0.44667233361668085,0.6858097460019167
0.44669233461673086,0.8214498890880426
0.4467123356167808,0.8000212417340041
0.44673233661683087,0.548858156055937
0.4467523376168808,0.10519140239726979
0.4467723386169309,0.6904888242936352
0.44679233961698084,0.8221137363034244
0.4468123406170309,0.7987742693815404
0.44683234161708085,0.5413810938372795
0.44685234261713086,0.11282208781459074
0.44687234361718087,0.694420579022342
0.4468923446172309,0.8226703316974368
0.4469123456172809,0.7976997278595287
0.4469323466173309,0.5349526015189122
0.4469523476173809,0.11955031088897533
0.44697234861743085,0.697652246835774
0.4469923496174809,0.8231309302776542
0.44701235061753086,0.7968124202069868
0.4470323516175809,0.5296389179197069
0.4470523526176309,0.1251922031639187
0.4470723536176809,0.7002220219753389
0.4470923546177309,0.8235047365650111
0.4471123556177809,0.7961247571965651
0.4471323566178309,0.5254948060272593
0.4471523576178809,0.12961028882847314
0.4471723586179309,0.7021597927755296
0.4471923596179809,0.8237989872422448
0.44721236061803094,0.7956465864458738
0.4472323616180809,0.5225630441552653
0.44725236261813095,0.13270617894290956
0.4472723636181809,0.7034877159029796
0.4472923646182309,0.8240190135471769
0.4473123656182809,0.7953850534496266
0.4473323666183309,0.520874084776859
0.44735236761838093,0.13441481188492077
0.44737236861843094,0.7042206402609771
0.44739236961848095,0.8241682866701462
0.4474123706185309,0.7953444996034417
0.44743237161858096,0.5204458402751148
0.4474523726186309,0.1347004090070047
0.447472373618681,0.7043663899635397
0.4474923746187309,0.8242484485268671
0.447512375618781,0.7955264009781964
0.44753237661883094,0.5212835616097033
0.44755237761888095,0.13355421871328993
0.44757237861893095,0.7039259127860145
0.44759237961898096,0.82425932943038
0.44761238061903097,0.7959293501633737
0.447632381619081,0.5233797887560098
0.447652382619131,0.13099407768739968
0.44767238361918094,0.7028932974305723
0.447692384619231,0.824198953381194
0.44771238561928095,0.7965490819728986
0.447732386619331,0.5267143678290911
0.44775238761938096,0.12706580006870388
0.44777238861943097,0.7012556597614117
0.447792389619481,0.8240635309222891
0.447812390619531,0.7973785422732942
0.447832391619581,0.5312545470989579
0.447852392619631,0.12184639399351319
0.447872393619681,0.6989928949967178
0.44789239461973096,0.8238474387229434
0.447912395619781,0.7984079976493796
0.447932396619831,0.5369551795513996
0.44795239761988104,0.11544907723038439
0.447972398619931,0.6960772896160998
0.447992399619981,0.8235431842668156
0.448012400620031,0.7996251822011562
0.448032401620081,0.5437590706651918
0.448052402620131,0.10802999813338107
0.448072403620181,0.6924729836524388
0.44809240462023103,0.8231413531977726
0.448112405620281,0.8010154764690078
0.44813240662033105,0.5515975150200373
0.448152407620381,0.09979643819031014
0.44817240862043106,0.6881352710929238
0.448192409620481,0.8226305360070933
0.4482124106205311,0.8025621123451652
0.44823241162058103,0.5603910625042379
0.44825241262063104,0.0910160506346939
0.44827241362068104,0.6830097235795758
0.44829241462073105,0.8219972297873354
0.44831241562078106,0.8042463969446366
0.44833241662083106,0.5700505446030023
0.44835241762088107,0.08202634961369716
0.448372418620931,0.677031121012703
0.4483924196209811,0.8212257097039586
0.44841242062103104,0.8060479477157287
0.4484324216210811,0.5804783739239167
0.44845242262113105,0.07324319171589354
0.44847242362118106,0.670122172477893
0.44849242462123107,0.8202978636143547
0.4485124256212811,0.8079449306892456
0.4485324266213311,0.5915701080439866
0.4485524276213811,0.06516640106609303
0.4485724286214311,0.6621920137251324
0.44859242962148105,0.8191929818114541
0.4486124306215311,0.809914293554271
0.44863243162158106,0.6032162445499071
0.4486524326216311,0.05838005171578895
0.4486724336216811,0.6531344749411035
0.4486924346217311,0.8178874921328253
0.4487124356217811,0.8119319853220449
0.4487324366218311,0.6153041908222224
0.4487524376218811,0.05354439434112469
0.4487724386219311,0.6428261282997384
0.4487924396219811,0.8163546285660758
0.4488124406220311,0.8139731545778909
0.44883244162208114,0.6277203330259626
0.4488524426221311,0.05137626347536418
0.44887244362218115,0.6311241538017782
0.4488924446222311,0.814564018859913
0.44891244562228116,0.8160123186965552
0.4489324466223311,0.6403521160289772
0.4489524476223811,0.05261538304891755
0.44897244862243113,0.6178641128442441
0.44899244962248114,0.8124811734036732
0.44901245062253115,0.8180234968601876
0.44903245162258115,0.6530900417742957
0.44905245262263116,0.05797565810075889
0.4490724536226811,0.6028578046065325
0.4490924546227312,0.8100668535281308
0.4491124556227811,0.819980300179355
0.4491324566228312,0.6658294975798426
0.44915245762288114,0.06808346778500186
0.44917245862293115,0.5858915209761657
0.44919245962298116,0.8072762922522935
0.44921246062303116,0.8218559726157647
0.44923246162308117,0.6784723379413371
0.4492524626231312,0.08340888516547361
0.4492724636231812,0.5667252416373761
0.44929246462323114,0.8040582339790372
0.4493124656232812,0.8236233766331604
0.44933246662333115,0.6909281613265564
0.4493524676233812,0.1041997295552432
0.44937246862343116,0.5450936664143184
0.44939246962348117,0.8003537514569202
0.4494124706235312,0.8252549174726509
0.4494324716235812,0.7031152450684603
0.4494524726236312,0.13043092387375407
0.4494724736236812,0.5207105278854853
0.4494924746237312,0.796094788030582
0.44951247562378116,0.8267223995817963
0.4495324766238312,0.7149611240341862
0.4495524776238812,0.16178122249997426
0.44957247862393124,0.4932784409115829
0.4495924796239812,0.7912023603564389
0.44961248062403125,0.8279968078644221
0.4496324816240812,0.7264028199602325
0.4496524826241312,0.19764519172947254
0.4496724836241812,0.46250770606099134
0.4496924846242312,0.7855843409385443
0.44971248562428123,0.8290480049909722
0.4497324866243312,0.7373867461531298
0.44975248762438125,0.23718104967351764
0.4497724886244312,0.428149025926376
0.44979248962448126,0.7791327206899749
0.4498124906245312,0.8298443338125577
0.4498324916245813,0.7478683255954273
0.44985249262463123,0.27938681820463973
0.44987249362468124,0.39004689639927065
0.44989249462473124,0.7717202293933861
0.44991249562478125,0.8303521108164846
0.44993249662483126,0.7578113686822883
0.44995249762488126,0.32319105422690086
0.44997249862493127,0.34822198088887585
0.4499924996249812,0.763196167213798
0.4500125006250313,0.8305349922604105
0.45003250162508124,0.767187260060498
0.45005250262513125,0.36754230734447596
0.45007250362518125,0.30299071986781834
0.45009250462523126,0.7533812763005179
0.45011250562528127,0.8303531888510847
0.4501325066253313,0.7759740029693772
0.4501525076253813,0.41148374014993383
0.4501725086254313,0.25512599484285026
0.4501925096254813,0.7420614644704584
0.4502125106255313,0.829762497130466
0.4502325116255813,0.784155164771624
0.4502525126256313,0.4542046550551794
0.45027251362568127,0.20604924180142362
0.4502925146257313,0.72898019691431
0.4503125156257813,0.8287131055464154
0.4503325166258313,0.7917187601751696
0.4503525176258813,0.49506677945858
0.4503725186259313,0.1580165771063443
0.4503925196259813,0.713829424920153
0.4504125206260313,0.8271481197289045
0.45043252162608133,0.7986560997476424
0.45045252262613134,0.5336081398135708
0.45047252362618134,0.11421800100445667
0.4504925246262313,0.6962390768596538
0.4505125256262813,0.8250017337193342
0.4505325266263313,0.8049606215159689
0.4505525276263813,0.569530227960192
0.4505725286264313,0.07866359257937856
0.45059252962648133,0.6757654991297585
0.45061253062653134,0.822196950432391
0.45063253162658135,0.8106267131490351
0.45065253262663135,0.6026749357603787
0.45067253362668136,0.05572544417956163
0.45069253462673137,0.6518799932578903
0.4507125356267814,0.8186427236008632
0.4507325366268313,0.8156485218597873
0.45075253762688133,0.6329970121715663
0.45077253862693134,0.04929963384668101
0.45079253962698135,0.6239600917034771
0.45081254062703136,0.8142303525633278
0.45083254162708136,0.8200187384919789
0.45085254262713137,0.6605363374252121
0.4508725436271814,0.061769074523703324
0.4508925446272314,0.5912890377229945
0.4509125456272814,0.8088289076119762
0.4509325466273314,0.8237273312537221
0.4509525476273814,0.6853927229331412
0.45097254862743136,0.09317823704116673
0.45099254962748136,0.5530740298132887
0.4510125506275314,0.8022793940567653
0.4510325516275814,0.8267601925020263
0.4510525526276314,0.7077045947052721
0.4510725536276814,0.1410556550673674
0.4510925546277314,0.5085024765095159
0.4511125556277814,0.7943872749672174
0.4511325566278314,0.8290976481193795
0.4511525576278814,0.7276319404706189
0.45117255862793143,0.20102389210450716
0.4511925596279814,0.4568690185772818
0.4512125606280314,0.7849128651942725
0.4512325616280814,0.8307127622041249
0.4512525626281314,0.7453432901200804
0.4512725636281814,0.2679081207739525
0.4512925646282314,0.3978236237841001
0.4513125656282814,0.7735589892125485
0.45133256662833143,0.8315693483290947
0.45135256762838144,0.7610061810590174
0.45137256862843145,0.3368380614349403
0.45139256962848145,0.3318042571968228
0.45141257062853146,0.7599551858759466
0.4514325716285814,0.8316195703882107
0.4514525726286314,0.774780443337169
0.45147257362868143,0.40396425573659767
0.45149257462873144,0.26069877654143336
0.45151257562878144,0.7436377073852712
0.45153257662883145,0.8308009779344677
0.45155257762888146,0.7868136440759214
0.45157257862893146,0.4666993519912901
0.45159257962898147,0.18866911752210364
0.4516125806290315,0.7240247478726554
0.4516325816290815,0.8290327688077074
0.4516525826291315,0.7972380972279499
0.45167258362918145,0.5236106064254848
0.45169258462923145,0.12279065360049901
0.45171258562928146,0.7003870880772554
0.45173258662933147,0.8262109999920579
0.4517525876293815,0.8061689333272903
0.4517725886294315,0.5741485559245033
0.4517925896294815,0.07275294026920512
0.4518125906295315,0.6718163890503059
0.4518325916295815,0.8222023683202039
0.4518525926296315,0.8137028113156252
0.4518725936296815,0.6183526318588994
0.45189259462973147,0.04876261465478459
0.4519125956297815,0.6371982335021504
0.4519325966298315,0.8168360457157261
0.4519525976298815,0.8199169277936383
0.4519725986299315,0.6566055048585863
0.4519925996299815,0.05774452874831711
0.4520126006300315,0.5952077063532963
0.4520326016300815,0.8098928667926562
0.45205260263013153,0.824868031978507
0.45207260363018154,0.6894563493936963
0.45209260463023154,0.09985261790508418
0.45211260563028155,0.5443672488719205
0.4521326066303315,0.8010909171656785
0.4521526076303815,0.8285911843125409
0.4521726086304315,0.7175065784465299
0.4521926096304815,0.16803817911513008
0.45221261063053153,0.48324770195476047
0.45223261163058154,0.7900662525003779
0.45225261263063155,0.8310980008287843
0.45227261363068155,0.7413426770974592
0.45229261463073156,0.2511892914292588
0.45231261563078157,0.4109592498428559
0.4523326166308316,0.776347110114946
0.4523526176308815,0.8323741012252921
0.45237261863093153,0.7615008263952869
0.45239261963098154,0.3383980493470334
0.45241262063103155,0.3281476918419465
0.45243262163108156,0.7593196497258634
0.45245262263113156,0.8323754208092591
0.45247262363118157,0.7784512752208032
0.4524926246312316,0.4216997543346695
0.4525126256312816,0.23866457847577893
0.4525326266313316,0.7381832645997779
0.4525526276313816,0.8310229462792138
0.4525726286314316,0.7925940461554563
0.45259262963148156,0.4966384203069257
0.45261263063153157,0.1516005154331716
0.4526326316315816,0.711894607586808
0.4526526326316316,0.8281952786122075
0.4526726336316816,0.8042605107014322
0.4526926346317316,0.5615248539995878
0.4527126356317816,0.0820996810943908
0.4527326366318316,0.679103593506941
0.4527526376318816,0.8237181921406345
0.4527726386319316,0.8137174555575553
0.45279263963198163,0.6163816841800611
0.45281264063203164,0.04805098679497419
0.4528326416320816,0.6380962921729696
0.4528526426321316,0.8173500179204396
0.4528726436321816,0.8211716141956645
0.4528926446322316,0.6620877911614456
0.4529126456322816,0.06159854250939765
0.4529326466323316,0.586788820958832
0.45295264763238163,0.8087611951744049
0.45297264863243164,0.8267734507561617
0.45299264963248165,0.6998335345337172
0.45301265063253165,0.12101697929736917
0.45303265163258166,0.5228828113791614
0.4530526526326316,0.7975056726246905
0.4530726536326816,0.8306194229328646
0.45309265463273163,0.7308262474304893
0.45311265563278164,0.2113506737110071
0.45313265663283164,0.44442599306917474
0.45315265763288165,0.7829810050763629
0.45317265863293166,0.8327521335444051
0.45319265963298166,0.7561548694691245
0.45321266063303167,0.31339700909799756
0.4532326616330817,0.3512242925902159
0.4532526626331317,0.7643731265091728
0.4532726636331817,0.833157775787664
0.45329266463323165,0.776742478397659
0.45331266563328165,0.4121781958254575
0.45333266663333166,0.24763603386546984
0.45335266763338167,0.740581477988425
0.4533726686334317,0.8317601133553966
0.4533926696334817,0.7933419065968731
0.4534126706335317,0.49963517612876407
0.4534326716335817,0.1464680952834228
0.4534526726336317,0.7101222542153112
0.4534726736336817,0.8284099081806012
0.4534926746337317,0.8065493868185775
0.4535126756337817,0.5731690611956037
0.4535326766338317,0.07070174581826315
0.4535526776338817,0.6710171155332605
0.4535726786339317,0.8228681781133754
0.4535926796339817,0.8168233230232423
0.4536126806340317,0.6332322726268694
0.4536326816340817,0.04631662266601875
0.4536526826341317,0.6207050867983437
0.45367268363418173,0.8147808671140908
0.45369268463423174,0.8245019891790463
0.45371268563428174,0.6815351887430029
0.45373268663433175,0.08535845996107434
0.4537526876343817,0.556098201756867
0.4537726886344317,0.8036413552324606
0.4537926896344817,0.8298173514237841
0.4538126906345317,0.720061543832926
0.45383269163458173,0.17529576432803856
0.45385269263463174,0.4741000106189477
0.45387269363468175,0.7887356695389157
0.45389269463473175,0.8329037267789642
0.45391269563478176,0.7506339077957559
0.45393269663483177,0.288806129401272
0.4539526976348818,0.37329076948450657
0.4539726986349318,0.7690634350455607
0.45399269963498173,0.8338004662490838
0.45401270063503174,0.7747703479036551
0.45403270163508175,0.40159905250569405
0.45405270263513176,0.25787174679700964
0.45407270363518176,0.7432264589804979
0.45409270463523177,0.8324477040103525
0.4541127056352818,0.7936712770963965
0.4541327066353318,0.5005176724306619
0.4541527076353818,0.14399039118366022
0.4541727086354318,0.7092797708112561
0.4541927096354818,0.8286736143440641
0.4542127106355318,0.8082539848537017
0.45423271163558177,0.5816776442055461
0.4542527126356318,0.06308375225012151
0.4542727136356818,0.664557578566033
0.4542927146357318,0.822170565829504
0.4543127156357818,0.8191974344448605
0.4543327166358318,0.6460369917792105
0.4543527176358818,0.04948492511353219
0.4543727186359318,0.6055493078455801
0.4543927196359818,0.8124559464378841
0.45441272063603183,0.8269821707346677
0.45443272163608184,0.6962476959095635
0.4544527226361318,0.11255400660056311
0.4544727236361818,0.5280861810907787
0.4544927246362318,0.798811086527137
0.4545127256362818,0.8319200297682698
0.4545327266363318,0.7351227269234385
0.4545527276363818,0.22648336862844282
0.45457272863643183,0.428561673325244
0.45459272963648184,0.7801885845543614
0.45461273063653185,0.8341720802788041
0.45463273163658185,0.7650755835203448
0.45465273263663186,0.3537907445406277
0.45467273363668187,0.30774136604643465
0.4546927346367318,0.7550751521787112
0.45471273563678183,0.8337540606097033
0.45473273663683184,0.7880017376086582
0.45475273763688184,0.4693645356748777
0.45477273863693185,0.17885784386766446
0.45479273963698186,0.7212974249634998
0.45481274063703186,0.8305279322680377
0.45483274163708187,0.8053216115444233
0.4548527426371319,0.5640044646554664
0.4548727436371819,0.07620955702746826
0.4548927446372319,0.6757751797435755
0.4549127456372819,0.8241765486819546
0.45493274663733185,0.8180635539394869
0.45495274763738186,0.6377451220107584
0.45497274863743187,0.04594424776648821
0.4549927496374819,0.6143024234637656
0.4550127506375319,0.8141558293281143
0.4550327516375819,0.8269414718744422
0.4550527526376319,0.6939486870607989
0.4550727536376819,0.10751104712185003
0.4550927546377319,0.5316931704381123
0.4551127556377819,0.7996149786389709
0.4551327566378319,0.8324132584368183
0.4551527576378819,0.736399677059915
0.4551727586379319,0.23108764290853018
0.4551927596379819,0.4233409836242419
0.4552127606380319,0.7792700546052508
0.4552327616380819,0.8347172980708875
0.4552527626381319,0.7683039404972674
0.4552727636381819,0.36888626828664783
0.45529276463823193,0.29063781976611985
0.45531276563828194,0.7512107578718132
0.45533276663833194,0.8338869074113545
0.45535276763838195,0.7921065624482959
0.45537276863843196,0.49062642717154525
0.4553927696384819,0.15285090812751218
0.4554127706385319,0.7126215312065154
0.4554327716385819,0.829741485894754
0.45545277263863193,0.8095784787820345
0.45547277363868194,0.5871532333462175
0.45549277463873195,0.05751969843828058
0.45551277563878195,0.6594332154635877
0.45553277663883196,0.8218500871112469
0.45555277763888197,0.8219548310951973
0.455572778638932,0.660111918421139
0.455592779638982,0.05806747019313705
0.45561278063903193,0.5860842544422511
0.45563278163908194,0.809458275546829
0.45565278263913195,0.8300544128315167
0.45567278363918196,0.7142257522835131
0.45569278463923196,0.1574143386535128
0.45571278563928197,0.48613686104058695
0.455732786639332,0.7913621166951738
0.455752787639382,0.8343633164826739
0.455772788639432,0.7540816974077568
0.455792789639482,0.3030300363514632
0.455812790639532,0.3560285581724661
0.455832791639582,0.7657041600480743
0.45585279263963197,0.8350819301557033
0.455872793639682,0.7832750656374216
0.455892794639732,0.44351534282784444
0.455912795639782,0.20644020321566411
0.455932796639832,0.7296599952032445
0.455952797639882,0.8321363460273492
0.455972798639932,0.8043986366689405
0.455992799639982,0.5571496539042006
0.456012800640032,0.0804296712519812
0.45603280164008203,0.6790041313893049
0.45605280264013204,0.825151673765799
0.45607280364018205,0.819239402099909
0.456092804640232,0.6423760626551913
0.456112805640282,0.04648892158402585
0.456132806640332,0.6076844086866077
0.456152807640382,0.81337808769183
0.456172808640432,0.8289740373846944
0.45619280964048203,0.7044748354815049
0.45621281064053204,0.13119455386710188
0.45623281164058205,0.5081117927138215
0.45625281264063205,0.795550600520398
0.45627281364068206,0.8343113959682107
0.45629281464073207,0.7492925725195647
0.456312815640782,0.2822641366887223
0.45633281664083203,0.3746902454413895
0.45635281764088204,0.7696503440004553
0.45637281864093204,0.8355773511759007
0.45639281964098205,0.7814667161725977
0.45641282064103206,0.4337794420370277
0.45643282164108206,0.21650989118334726
0.45645282264113207,0.7325234277287666
0.4564728236411821,0.8327457872868327
0.4564928246412321,0.8042922933680078
0.4565128256412821,0.5558417518108991
0.4565328266413321,0.080743177888816
0.45655282764138205,0.6793333220144145
0.45657282864143206,0.8254150821455888
0.45659282964148207,0.8199903643963631
0.4566128306415321,0.6457934480878951
0.4566328316415821,0.04759403254160359
0.4566528326416321,0.603005476087647
0.4566728336416821,0.8127194057126034
0.4566928346417321,0.829987401060411
0.4567128356417821,0.7099997663415809
0.4567328366418321,0.1454645513921327
0.4567528376418821,0.49464611072633724
0.45677283864193213,0.7931493733875942
0.4567928396419821,0.8351158220518174
0.4568128406420321,0.7553952103294558
0.4568328416420821,0.3084804631305751
0.4568528426421321,0.34863975353400295
0.4568728436421821,0.7642369604797551
0.4568928446422321,0.8357298980754877
0.45691284564228213,0.7873062638947058
0.45693284664233214,0.4636619829047128
0.45695284764238214,0.1808860298925083
0.45697284864243215,0.7220441715478451
0.45699284964248216,0.8317446881818233
0.4570128506425321,0.8093964221195916
0.4570328516425821,0.5836690759741783
0.4570528526426321,0.05751848869484652
0.45707285364268213,0.6604412982012996
0.45709285464273214,0.8225977108309921
0.45711285564278215,0.824053984893011
0.45713285664283215,0.6694620004436147
0.45715285764288216,0.06702536256115597
0.45717285864293217,0.5705295562785588
0.4571928596429822,0.8071166928541633
0.4572128606430322,0.8327485809295966
0.4572328616430822,0.7292857671070174
0.45725286264313214,0.2050490703277687
0.45727286364318215,0.44220827299997323
0.45729286464323216,0.7832532854555673
0.45731286564328216,0.8362682084436606
0.45733286664333217,0.7707144312018384
0.4573528676433822,0.379462844383345
0.4573728686434322,0.2749142388973401
0.4573928696434822,0.747613906373693
0.4574128706435322,0.8348412985096565
0.4574328716435822,0.7991632364072826
0.4574528726436322,0.5265001812045926
0.4574728736436822,0.10850519223176479
0.4574928746437322,0.6947128493305522
0.4575128756437822,0.8281551219725513
0.4575328766438322,0.818183949146334
0.4575528776438822,0.6332287556265048
0.4575728786439322,0.042649840906972936
0.4575928796439822,0.6160510132984022
0.4576128806440322,0.8152645761658237
0.4576328816440822,0.8299857727140415
0.45765288264413223,0.7069228741116005
0.45767288364418224,0.13721724983664446
0.45769288464423225,0.5001982004320279
0.4577128856442822,0.7943574054648165
0.4577328866443322,0.835826142831749
0.4577528876443822,0.7571551213615977
0.4577728886444322,0.31604252196989
0.4577928896444822,0.33931373324204406
0.45781289064453223,0.7623042529845445
0.45783289164458224,0.8362371821028097
0.45785289264463225,0.7911857874362425
0.45787289364468226,0.48329567840802257
0.45789289464473226,0.15615175261269548
0.45791289564478227,0.713890182296692
0.4579328966448323,0.8311083015022365
0.45795289764488223,0.8138009915272432
0.45797289864493224,0.6071919442761968
0.45799289964498224,0.044397139210531275
0.45801290064503225,0.640719420632574
0.45803290164508226,0.8196312601853964
0.45805290264513226,0.8279664771886366
0.45807290364518227,0.6920584359580528
0.4580929046452323,0.10296244582195638
0.4581129056452823,0.530625167331777
0.4581329066453323,0.8000796228071844
0.4581529076453823,0.8353899163002263
0.4581729086454323,0.7490130845961623
0.45819290964548226,0.28071870396717713
0.45821291064553227,0.3723693642066713
0.4582329116455823,0.7693466603771306
0.4582529126456323,0.836863873886437
0.4582729136456823,0.7870060865356813
0.4582929146457323,0.46103233716526765
0.4583129156457823,0.18104835630016608
0.4583329166458323,0.7221157256749058
0.4583529176458823,0.8324135619590651
0.4583729186459323,0.8119376513136117
0.45839291964598233,0.5959893194965643
0.4584129206460323,0.0484818034179403
0.4584329216460823,0.6495996833877995
0.4584529226461323,0.8212683704131566
0.4584729236461823,0.8274201757581348
0.4584929246462323,0.6874298708824474
0.4585129256462823,0.09394857112306013
0.45853292664633233,0.5386194007099283
0.45855292764638234,0.8016327291976507
0.45857292864643234,0.8355127646473217
0.45859292964648235,0.7478324128811478
0.45861293064653236,0.27574783529148555
0.45863293164658236,0.3761739179320923
0.4586529326466323,0.7701697713114717
0.4586729336466823,0.8371751676424741
0.45869293464673233,0.7874790415122802
0.45871293564678234,0.46319294375785514
0.45873293664683235,0.17765321131250175
0.45875293764688235,0.721043873603121
0.45877293864693236,0.832467957253044
0.45879293964698237,0.813060928485346
0.4588129406470324,0.6017110904743692
0.4588329416470824,0.0453898560625919
0.4588529426471324,0.6444383005590959
0.4588729436471824,0.8205293753790529
0.45889294464723235,0.8285935590030559
0.45891294564728236,0.6939500359729248
0.45893294664733236,0.1067463712582548
0.45895294764738237,0.5255507520672015
0.4589729486474324,0.7993018156304379
0.4589929496474824,0.8363075686333981
0.4590129506475324,0.7538763179180364
0.4590329516475824,0.3013706980588348
0.4590529526476324,0.3510100192198876
0.4590729536476824,0.7648985248655544
0.4590929546477324,0.8371845445885501
0.4591129556477824,0.792556069848805
0.4591329566478324,0.4895001852224841
0.4591529576478824,0.14641537013822856
0.4591729586479324,0.710417237866759
0.4591929596479824,0.8311781306726191
0.4592129606480324,0.8169793610015657
0.4592329616480824,0.6233441445235033
0.4592529626481324,0.04028418259832133
0.45927296364818243,0.6241582297226587
0.45929296464823244,0.8171577792909035
0.45931296564828245,0.8312217127935011
0.45933296664833245,0.7104263049382561
0.4593529676483824,0.14649574426952242
0.4593729686484324,0.48905976774677684
0.4593929696484824,0.7925321789196269
0.4594129706485324,0.837447645056744
0.45943297164858243,0.7660501355441
0.45945297264863244,0.35641214599664467
0.45947297364868245,0.2948507081768842
0.45949297464873246,0.7523986095676408
0.45951297564878246,0.8364727680154415
0.45953297664883247,0.801302048350041
0.4595529776488825,0.5358965863489781
0.45957297864893243,0.0947854200056388
0.45959297964898244,0.6879780602518226
0.45961298064903244,0.8279531548527043
0.45963298164908245,0.8228895668541105
0.45965298264913246,0.6570316890228143
0.45967298364918247,0.05322292796820355
0.4596929846492325,0.5845396531669197
0.4597129856492825,0.810233280057987
0.4597329866493325,0.8345717787847772
0.4597529876493825,0.7339279181489904
0.4597729886494325,0.22153924971079378
0.4597929896494825,0.4229969160960687
0.45981299064953246,0.7797681214051061
0.45983299164958247,0.8381882827249025
0.4598529926496325,0.782227431216511
0.4598729936496825,0.4354983395066927
0.4598929946497325,0.20707566999332538
0.4599129956497825,0.7298891807189254
0.4599329966498325,0.8341677212838333
0.4599529976498825,0.8121387035459051
0.4599729986499325,0.5949164603700429
0.4599929996499825,0.04698329434360217
0.46001300065003253,0.6486742704674398
0.46003300165008254,0.8216096455493455
0.4600530026501325,0.8295377390767968
0.4600730036501825,0.6971344688405297
0.4600930046502325,0.11356277178756584
0.4601130056502825,0.5171504621315108
0.4601330066503325,0.7979355044053469
0.46015300765038253,0.83752900163615
0.46017300865043254,0.7606507251055517
0.46019300965048254,0.33132455296546126
0.46021301065053255,0.31902697425066195
0.46023301165058256,0.7579388387265013
0.46025301265063256,0.8373737826086299
0.4602730136506825,0.7998209423711409
0.4602930146507325,0.5272161526859312
0.46031301565078253,0.10239494943733263
0.46033301665083254,0.691903287899659
0.46035301765088255,0.8288473094656903
0.46037301865093255,0.8231895659731189
0.46039301965098256,0.6574197500124846
0.46041302065103257,0.05322280184508092
0.4604330216510826,0.5829095774024392
0.4604530226511326,0.8101043117711865
0.4604730236511826,0.8354024436295456
0.4604930246512326,0.7378164087414885
0.46051302565128255,0.2360288279811048
0.46053302665133256,0.40867868461617607
0.46055302765138256,0.7769587129264023
0.46057302865143257,0.8386478942773139
0.4605930296514826,0.7868967711809272
0.4606130306515326,0.4589853760141155
0.4606330316515826,0.17847188733467462
0.4606530326516326,0.7212603382011709
0.4606730336516826,0.8333485659930998
0.4606930346517326,0.8163283055093806
0.4607130356517826,0.6173959376934177
0.46073303665183263,0.039228524601349776
0.4607530376518826,0.6280758166750364
0.4607730386519326,0.818248163914553
0.4607930396519826,0.8325531418824313
0.4608130406520326,0.7153365624518273
0.4608330416520826,0.16051755322870573
0.4608530426521326,0.47417183481815495
0.4608730436521826,0.789882054845754
0.46089304465223263,0.8387773819261922
0.46091304565228264,0.7744452736000731
0.46093304665233265,0.3962934718570019
0.46095304765238265,0.2488340138031797
0.4609730486524326,0.7411603316015215
0.4609930496524826,0.8360580080266626
0.4610130506525326,0.8097370412325046
0.4610330516525826,0.5803138760059983
0.46105305265263263,0.054010360079992284
0.46107305365268264,0.6586146540855866
0.46109305465273265,0.8236265078338837
0.46111305565278266,0.8296176505773591
0.46113305665283266,0.6950837804788765
0.46115305765288267,0.10907873487129821
0.4611730586529327,0.519419036519208
0.4611930596529827,0.7985242314380315
0.46121306065303264,0.8383602095164655
0.46123306165308264,0.7636029249849867
0.46125306265313265,0.34470663695009374
0.46127306365318266,0.30313156093879545
0.46129306465323267,0.7543318410481472
0.4613130656532827,0.8376299002213512
0.4613330666533327,0.8041556351489072
0.4613530676533827,0.5495815531449947
0.4613730686534327,0.07828358507556224
0.4613930696534827,0.678482352217774
0.4614130706535327,0.8270571971580467
0.4614330716535827,0.8271323109595857
0.46145307265363267,0.678966508418909
0.4614730736536827,0.07905284620283137
0.4614930746537327,0.5485689659376813
0.4615130756537827,0.8040153615615945
0.4615330766538327,0.8378470841586098
0.4615530776538827,0.7554441454519931
0.4615730786539327,0.3080661469287251
0.4615930796539827,0.3392300215153946
0.4616130806540327,0.7624367406260746
0.46163308165408273,0.8385125476675618
0.46165308265413274,0.8002219576473238
0.4616730836541827,0.5281909590679463
0.4616930846542327,0.09880993049559876
0.4617130856542827,0.6901236894506452
0.4617330866543327,0.829060982199149
0.4617530876543827,0.8255144007118755
0.46177308865443273,0.6686381753767459
0.46179308965448274,0.06451542171813843
0.46181309065453274,0.5646052012801854
0.46183309165458275,0.8070359229823547
0.46185309265463276,0.8375529711392685
0.46187309365468276,0.7508323266056299
0.46189309465473277,0.2882837609730652
0.4619130956547827,0.3576743008018202
0.46193309665483273,0.766431630741298
0.46195309765488274,0.8389887591035602
0.46197309865493275,0.798400015223708
0.46199309965498275,0.51825785193367
0.46201310065503276,0.10868884033394172
0.46203310165508277,0.6948999197184763
0.4620531026551328,0.8299370698845556
0.4620731036551828,0.8250335657443482
0.4620931046552328,0.6652179801714746
0.4621131056552828,0.06040305297122846
0.4621331066553328,0.5692064404426473
0.46215310765538276,0.8079418304960747
0.46217310865543276,0.837655163228811
0.46219310965548277,0.7502813949609548
0.4622131106555328,0.2859959412024727
0.4622331116555828,0.35919341940414745
0.4622531126556328,0.7667623849708075
0.4622731136556828,0.839193764004576
0.4622931146557328,0.7989177341661023
0.4623131156557828,0.5207694741211876
0.4623331166558328,0.10540158918103334
0.46235311765588283,0.6933445732070469
0.4623731186559328,0.8298002351094824
0.4623931196559828,0.8257879550238887
0.4624131206560328,0.6690950391864919
0.4624331216560828,0.06495040836738247
0.4624531226561328,0.5628444267387225
0.4624731236561828,0.8068241722160847
0.4624931246562328,0.8381892095603889
0.46251312565628283,0.7538672564061225
0.46253312665633284,0.3012811019170224
0.46255312765638285,0.3438359975579717
0.46257312865643285,0.7634503526980884
0.46259312965648286,0.8391222794864466
0.4626131306565328,0.80173414452748
0.4626331316565828,0.5354979139470009
0.4626531326566328,0.0896242351499739
0.46267313365668283,0.6852647066316281
0.46269313465673284,0.8285944920060653
0.46271313565678285,0.8276953299846239
0.46273313665683286,0.6798596517639267
0.46275313765688286,0.08037642725514114
0.46277313865693287,0.5448265202564757
0.4627931396569829,0.8035245730627981
0.4628131406570329,0.8390490625844853
0.46283314165708284,0.7612148620940214
0.46285314265713284,0.33375236255831436
0.46287314365718285,0.31090378089401116
0.46289314465723286,0.7560970514464405
0.46291314565728287,0.8386299568739527
0.4629331466573329,0.8065466157937764
0.4629531476573829,0.5610143343349431
0.4629731486574329,0.06561209362446599
0.4629931496574829,0.6697041425746159
0.4630131506575329,0.8260886580946302
0.4630331516575829,0.8305030731504623
0.4630531526576329,0.696375466968663
0.46307315365768287,0.1120587974857552
0.4630931546577329,0.5132282726508486
0.4631131556577829,0.7976112800931813
0.4631331566578329,0.8399927198662962
0.4631531576578829,0.7715648866168666
0.4631731586579329,0.3819372958882257
0.4631931596579829,0.2596168643389963
0.4632131606580329,0.7438085530172183
0.4632331616580829,0.8374290665196094
0.46325316265813293,0.8128361399610372
0.46327316365818294,0.5948255717083647
0.46329316465823295,0.04297349762057267
0.4633131656582829,0.6447612849907002
0.4633331666583329,0.8218513936038703
0.4633531676583829,0.833813725725846
0.4633731686584329,0.7169790100435625
0.46339316965848293,0.16589144458843907
0.46341317065853294,0.46479195897448666
0.46343317165858294,0.788307237866599
0.46345317265863295,0.8406495802705674
0.46347317365868296,0.7839010093201103
0.46349317465873296,0.4425121124798439
0.46351317565878297,0.19120441248550907
0.4635331766588329,0.7250153878392114
0.46355317765888293,0.8350730229336243
0.46357317865893294,0.8199367450898976
0.46359317965898295,0.6337092215696
0.46361318065903295,0.0382261227045098
0.46363318165908296,0.6072359731425819
0.46365318265913297,0.8151948264086938
0.463673183659183,0.8371163988240955
0.463693184659233,0.7397621378652042
0.463713185659283,0.2440095942898132
0.463733186659333,0.3951538836403362
0.463753187659383,0.7743441658527211
0.46377318865943296,0.8405211007743778
0.46379318965948296,0.7971017162300584
0.46381319065953297,0.5102373892270448
0.463833191659583,0.11383648665471753
0.463853192659633,0.6971323330308574
0.463873193659683,0.8309182147329935
0.463893194659733,0.8271079423548312
0.463913195659783,0.6742433509331223
0.463933196659833,0.07171003456483643
0.463953197659883,0.552117091527142
0.46397319865993303,0.8050634874381386
0.46399319965998304,0.8398104869528968
0.464013200660033,0.7628645309979704
0.464033201660083,0.3413029484979287
0.464053202660133,0.3006453449398512
0.464073203660183,0.7536890021328627
0.464093204660233,0.8389618566665171
0.464113205660283,0.8100753824934317
0.46413320666033303,0.5789782268813868
0.46415320766038304,0.0505910341109555
0.46417320866043305,0.6559665058224016
0.46419320966048305,0.8240424654373543
0.46421321066053306,0.8335883405202789
0.464233211660583,0.7133771203867012
0.464253212660633,0.1555669307901888
0.464273213660683,0.47222215146407565
0.46429321466073303,0.7898232252900469
0.46431321566078304,0.8412062771504636
0.46433321666083305,0.7846980075084249
0.46435321766088306,0.4462858678691523
0.46437321866093306,0.18502419815836474
0.46439321966098307,0.723041358834429
0.4644132206610331,0.8351219622698604
0.4644332216610831,0.8218456438458137
0.4644532226611331,0.6432669306653332
0.46447322366118304,0.04160440542774283
0.46449322466123305,0.5947954981534651
0.46451322566128306,0.8130824924976934
0.46453322666133307,0.8386125043106792
0.4645532276613831,0.7488302354339351
0.4645732286614331,0.28038494523669927
0.4645932296614831,0.3596409707514796
0.4646132306615331,0.7668617507607346
0.4646332316615831,0.8404848479516416
0.4646532326616331,0.8040525212407559
0.4646732336616831,0.5463289657076348
0.4646932346617331,0.0756841132160034
0.4647132356617831,0.6769297626564423
0.4647332366618331,0.827819534332768
0.4647532376618831,0.831570223084577
0.4647732386619331,0.6994374726924029
0.4647932396619831,0.11937693697890839
0.4648132406620331,0.5034296295817476
0.4648332416620831,0.795917428107858
0.4648532426621331,0.841377111054964
0.46487324366218313,0.7792046052306778
0.46489324466223314,0.41884329165172707
0.46491324566228315,0.21501716145831778
0.4649332466623331,0.7318291323535148
0.4649532476623831,0.8365921474073191
0.4649732486624331,0.8200783838426275
0.4649932496624831,0.6327172365284128
0.46501325066253313,0.03707520678604948
0.46503325166258314,0.6062247991230613
0.46505325266263314,0.8152839063121884
0.46507325366268315,0.8384902756788528
0.46509325466273316,0.7458371001501657
0.46511325566278316,0.2683194939271501
0.46513325666283317,0.3698948969132565
0.4651532576628832,0.7690497659287204
0.46517325866293313,0.840940000504744
0.46519325966298314,0.8038422916607703
0.46521326066303315,0.5448533057900867
0.46523326166308315,0.076137002138185
0.46525326266313316,0.6772140233184564
0.46527326366318317,0.828020346578806
0.4652932646632332,0.8321715038154778
0.4653132656632832,0.70206823024014
0.4653332666633332,0.12583150747602637
0.4653532676633832,0.49660598172675685
0.4653732686634332,0.7946458101876195
0.4653932696634832,0.8418093715481572
0.46541327066353316,0.7823330493249834
0.46543327166358317,0.4342419451209277
0.4654532726636332,0.19640925470921733
0.4654732736636832,0.7263805969300118
0.4654932746637332,0.8360182603807009
0.4655132756637832,0.8225458589313732
0.4655332766638332,0.6457702389899371
0.4655532776638832,0.042567718180538464
0.4655732786639332,0.5899687023361652
0.46559327966398323,0.8123748809862368
0.46561328066403324,0.8397913993276138
0.4656332816640832,0.7548401474656795
0.4656532826641332,0.30603578340123033
0.4656732836641832,0.33260441838587357
0.4656932846642332,0.76090503839487
0.4657132856642832,0.8404842482122103
0.4657332866643332,0.8095946470145624
0.46575328766438323,0.5750297140040792
0.46577328866443324,0.05096480893572543
0.46579328966448325,0.6568460031113091
0.46581329066453325,0.8246032895648383
0.46583329166458326,0.8352619325361057
0.46585329266463327,0.7205445745104634
0.4658732936646832,0.17767862882142277
0.4658932946647332,0.449854096433563
0.46591329566478323,0.7854950097026366
0.46593329666483324,0.8422153685849814
0.46595329766488325,0.7932141025918983
0.46597329866493326,0.4891102263527837
0.46599329966498326,0.13286369088486014
0.46601330066503327,0.7048093350226865
0.4660333016650833,0.8328624897162598
0.4660533026651333,0.8284689562769315
0.4660733036651833,0.6786414451602565
0.46609330466523324,0.07847951394029745
0.46611330566528325,0.5407748807418236
0.46613330666533326,0.8031933693317428
0.46615330766538327,0.8417605325924095
0.4661733086654333,0.7732688861049846
0.4661933096654833,0.3900285944950216
0.4662133106655333,0.24414724695413437
0.4662333116655833,0.7395962523620069
0.4662533126656333,0.838177203114741
0.4662733136656833,0.8195919115299285
0.4662933146657333,0.6285407577818523
0.4663133156657833,0.03527004265702242
0.4663333166658333,0.6087994755638965
0.4663533176658833,0.8159931149803793
0.4663733186659333,0.8395187505734261
0.4663933196659833,0.7496492658054036
0.4664133206660333,0.28433620712888774
0.4664333216660833,0.3520325483886181
0.4664533226661333,0.7651610867582171
0.4664733236661833,0.84125964832501
0.46649332466623333,0.8087858979708508
0.46651332566628334,0.5701613581230153
0.46653332666633335,0.053255961861315995
0.46655332766638336,0.6593632138145287
0.4665733286664333,0.8252316783339148
0.4665933296664833,0.8358015317961264
0.4666133306665333,0.7223363735215709
0.46663333166658333,0.1836908429553632
0.46665333266663334,0.4431358001743135
0.46667333366668334,0.7841716128052444
0.46669333466673335,0.8426267695304841
0.46671333566678336,0.7962174639312218
0.46673333666683336,0.5042916803399013
0.46675333766688337,0.11459812444983994
0.4667733386669334,0.6971469941921029
0.46679333966698333,0.8318332717832346
0.46681334066703334,0.8308741310540034
0.46683334166708335,0.6914747231272623
0.46685334266713335,0.1023052419511706
0.46687334366718336,0.5156056892204854
0.46689334466723337,0.7984379670180721
0.4669133456672834,0.842672634952505
0.4669333466673334,0.7820948284535347
0.4669533476673834,0.4329139909872469
0.4669733486674334,0.1945885996594766
0.4669933496674834,0.7256391271004264
0.4670133506675334,0.8364573724712426
0.46703335166758336,0.8249835024282626
0.46705335266763337,0.6574445274555051
0.4670733536676834,0.051293554783786985
0.4670933546677334,0.5718971116049404
0.4671133556677834,0.8092091345688917
0.4671333566678334,0.8417139789993153
0.4671533576678834,0.7666927427959073
0.4671733586679334,0.3593031714183116
0.4671933596679834,0.275019095564713
0.46721336066803343,0.7473234330700635
0.46723336166808344,0.8395906053235718
0.46725336266813344,0.8183770264512553
0.4672733636681834,0.6209190743016298
0.4672933646682334,0.03363726063974634
0.4673133656682834,0.615299527680746
0.4673333666683334,0.8173653092935491
0.4673533676683834,0.8400189852609222
0.46737336866843343,0.7503703477906789
0.46739336966848344,0.2876981596861803
0.46741337066853345,0.3467391207165824
0.46743337166858345,0.7639506610413725
0.46745337266863346,0.84160427791456
0.46747337366868347,0.8113139500649592
0.4674933746687334,0.5828874135255326
0.4675133756687834,0.04388792263446096
0.46753337666883343,0.6487366567652076
0.46755337766888344,0.8235406659185988
0.46757337866893345,0.8378250590507005
0.46759337966898346,0.7335793300351483
0.46761338066903346,0.2224979708327765
0.46763338166908347,0.40679801654315906
0.4676533826691335,0.7767600405528525
0.4676733836691835,0.8427906569000598
0.4676933846692335,0.8040703500239191
0.4677133856692835,0.5446242312157722
0.46773338666933345,0.07217917684830588
0.46775338766938346,0.6745062983378388
0.46777338866943347,0.8282017621137127
0.4677933896694835,0.8353489473517677
0.4678133906695335,0.7168596380192426
0.4678333916695835,0.1672291097248137
0.4678533926696335,0.4553163026306142
0.4678733936696835,0.7866369925098918
0.4678933946697335,0.8433857510673681
0.4679133956697835,0.7969379733710538
0.4679333966698335,0.5076002836636692
0.46795339766988353,0.10870435456365857
0.4679733986699335,0.6943285695136343
0.4679933996699835,0.8316978979012183
0.4680134006700335,0.8327912804550601
0.4680334016700835,0.7008211459846453
0.4680534026701335,0.12374610451578841
0.4680734036701835,0.4935590644282371
0.4680934046702335,0.7942201845176493
0.46811340567028353,0.8435833157595328
0.46813340667033354,0.7902173414215244
0.46815340767038355,0.47334636701937305
0.46817340867043356,0.1460856769181865
0.4681934096704835,0.7094637835062415
0.4682134106705335,0.8342936384437679
0.4682334116705835,0.8303369664463702
0.46825341267063353,0.6861117956773748
0.46827341367068354,0.09203073824565756
0.46829341467073354,0.5230072130561593
0.46831341567078355,0.7999729983164994
0.46833341667083356,0.8435430499045492
0.46835341767088357,0.784205878431152
0.4683734186709336,0.4433029494899239
0.4683934196709836,0.17969522052524367
0.4684134206710336,0.72082370836023
0.46843342167108354,0.8361898572372854
0.46845342267113355,0.8281525948636363
0.46847342367118355,0.6733753218360767
0.46849342467123356,0.07060281773126076
0.46851342567128357,0.5449831922245162
0.4685334266713336,0.8042309802263071
0.4685534276713836,0.8433949558828904
0.4685734286714336,0.7791823780978147
0.4685934296714836,0.41869482501609034
0.4686134306715336,0.2070143671669672
0.4686334316715836,0.7290581647789031
0.4686534326716336,0.8375373023046299
0.46867343367168357,0.826381923990381
0.4686934346717336,0.6632038086375376
0.4687134356717836,0.05725259561901064
0.4687334366718336,0.5605331039194458
0.4687534376718836,0.8072332214940269
0.4687734386719336,0.8432412467084643
0.4687934396719836,0.7753896646500952
0.4688134406720336,0.40045939434564326
0.46883344167208363,0.2268452361716073
0.46885344267213364,0.7346171774544197
0.46887344367218364,0.8384452467869161
0.4688934446722336,0.8251405134697315
0.4689134456722836,0.6560912736855871
0.4689334466723336,0.04975994188961502
0.4689534476723836,0.5704114508256509
0.4689734486724336,0.8091428921288903
0.46899344967248363,0.8431568219198216
0.46901345067253364,0.7730176645942946
0.46903345167258365,0.3892333702547272
0.46905345267263365,0.23869987571750995
0.46907345367268366,0.7377932097621265
0.46909345467273367,0.8389868845313161
0.4691134556727837,0.8245105308408667
0.4691334566728336,0.6523939999728211
0.46915345767288363,0.04641302630134299
0.46917345867293364,0.5750983095603093
0.46919345967298365,0.8100602771026085
0.46921346067303366,0.8431890789085076
0.46923346167308366,0.7721891559190955
0.46925346267313367,0.3853787571407056
0.4692734636731837,0.24241539095629103
0.4692934646732337,0.7387479266909319
0.4693134656732837,0.839202543614433
0.4693334666733337,0.8245366497931247
0.4693534676733837,0.6523018473697404
0.46937346867343366,0.04630236889820066
0.46939346967348367,0.5748193600097447
0.4694134706735337,0.8100303918786843
0.4694334716735837,0.8433576143016605
0.4694534726736337,0.7729501597747999
0.4694734736736837,0.38901683290233735
0.4694934746737337,0.2379535152651847
0.4695134756737837,0.7375267000396338
0.4695334766738337,0.8391013803622464
0.4695534776738837,0.8252237455907461
0.46957347867393373,0.6558230341943159
0.4695934796739837,0.04944414257551752
0.4696134806740337,0.5695572402079996
0.4696334816740837,0.8090463636331756
0.4696534826741337,0.8436541667518515
0.4696734836741837,0.7752663239965755
0.4696934846742337,0.40004285066504497
0.4697134856742837,0.22534180713864171
0.46973348667433373,0.7340626878833694
0.46975348767438374,0.838661902221343
0.46977348867443375,0.8265367884388274
0.46979348967448376,0.6627834730013216
0.46981349067453376,0.05678045913937628
0.4698334916745837,0.5590504328667594
0.4698534926746337,0.807049090050305
0.46987349367468373,0.8440429462679188
0.46989349467473374,0.7790258175818834
0.46991349567478374,0.4181107018049484
0.46993349667483375,0.20474130928265644
0.46995349767488376,0.7281710029605495
0.46997349867493377,0.8378314002621373
0.4699934996749838,0.8284029748377272
0.4700135006750338,0.6728407339312219
0.4700335016750838,0.0700554350411208
0.47005350267513374,0.5427798138460643
0.47007350367518375,0.8039231057604432
0.47009350467523375,0.8444612878235346
0.47011350567528376,0.784048343567433
0.47013350667533377,0.44259796087563874
0.4701535076753838,0.17665888351297143
0.4701735086754338,0.7195321987857591
0.4701935096754838,0.8365241172425176
0.4702135106755338,0.8307157726334015
0.4702335116755838,0.6855117039629417
0.4702535126756338,0.09151724030837444
0.4702735136756838,0.519947126332931
0.47029351467573377,0.7994879937318052
0.4703135156757838,0.844820365800991
0.4703335166758338,0.7900990281750502
0.4703535176758838,0.47257852458380367
0.4703735186759338,0.1423494835161407
0.4703935196759838,0.7076629614664967
0.4704135206760338,0.8346177048415293
0.4704335216760838,0.8333402414560855
0.47045352267613383,0.7002116082006817
0.47047352367618384,0.12339161286052773
0.47049352467623384,0.4894581672694719
0.47051352567628385,0.7934839685320169
0.4705335266763338,0.8450055159140916
0.4705535276763838,0.7969052934932742
0.4705735286764338,0.5068344407840535
0.4705935296764838,0.10444918756590467
0.47061353067653383,0.6918704842787586
0.47063353167658384,0.831947196154874
0.47065353267663385,0.8361187674990557
0.47067353367668385,0.7163002900355221
0.47069353467673386,0.16715340156171826
0.47071353567678387,0.4499434287051932
0.4707335366768339,0.785549297980986
0.4707535376768838,0.8448755276929982
0.47077353867693383,0.804174476714022
0.47079353967698384,0.543926676673895
0.47081354067703385,0.0677803712037274
0.47083354167708386,0.6711858036196334
0.47085354267713386,0.828295279078135
0.47087354367718387,0.8388762363276175
0.4708935446772339,0.7331300819421686
0.4709135456772839,0.22278933787945052
0.4709335466773339,0.39989367456508
0.4709535476773839,0.7751858387250613
0.4709735486774339,0.8442600714459689
0.47099354967748386,0.8116099709368017
0.47101355067753387,0.5823205732070481
0.4710335516775839,0.0399731560756364
0.4710535526776339,0.6442715944854525
0.4710735536776839,0.8233770078159769
0.4710935546777339,0.8414236445405301
0.4711135556777839,0.7500890149773491
0.4711335566778339,0.2883931372182772
0.4711535576778839,0.33807918580135055
0.4711735586779339,0.761706899867667
0.47119355967798393,0.8429541622304573
0.47121356067803394,0.8189239996039575
0.4712335616780839,0.6205375243259594
0.4712535626781339,0.03104326169191307
0.4712735636781839,0.6093054443497385
0.4712935646782339,0.8168160749567172
0.4713135656782839,0.8435591740281022
0.4713335666783339,0.7666339699582501
0.47135356767838393,0.36038289290904313
0.47137356867843394,0.26457489449000593
0.47139356967848395,0.7441586672393689
0.47141357067853396,0.8407081578683457
0.47143357167858396,0.8258456852809761
0.4714535726786339,0.6572931655642491
0.4714735736786839,0.05083266558733521
0.47149357467873393,0.5638617561213368
0.47151357567878394,0.8081081218644695
0.47153357667883394,0.8450657461999886
0.47155357767888395,0.7823104773199032
0.47157357867893396,0.43431934173432185
0.47159357967898397,0.18285062181950096
0.471613580679034,0.7212025514705989
0.471633581679084,0.8372111021217884
0.471653582679134,0.8321236650534322
0.471673583679184,0.6915893024610057
0.47169358467923395,0.10438566235164376
0.47171358567928395,0.5048848191155696
0.47173358667933396,0.7965638611199574
0.47175358767938397,0.8457039366850772
0.471773588679434,0.7967584855601916
0.471793589679484,0.5059486739873168
0.471813590679534,0.10305185760377227
0.471833591679584,0.6909425310605165
0.471853592679634,0.8320640302375516
0.471873593679684,0.8375229592628276
0.471893594679734,0.7227460296172337
0.471913595679784,0.18806014164613108
0.471933596679834,0.42903673139218584
0.471953597679884,0.7812203632207273
0.471973598679934,0.8451987288421086
0.471993599679984,0.809705659611052
0.472013600680034,0.5720044806925211
0.472033601680084,0.04464775036328455
0.472053602680134,0.6506857958680778
0.47207360368018403,0.8247377635192811
0.47209360468023404,0.8418159626859059
0.47211360568028404,0.7503804109922171
0.47213360668033405,0.2902084198133983
0.472153607680384,0.33415471797072527
0.472173608680434,0.7607018920241867
0.472193609680484,0.8432177212656331
0.472213610680534,0.8209510307800336
0.47223361168058403,0.6305268803985395
0.47225361268063404,0.03279337238727382
0.47227361368068405,0.5966625494537118
0.47229361468073405,0.814506058236775
0.47231361568078406,0.84476717450554
0.47233361668083407,0.7743499351317981
0.4723536176808841,0.39649296331724326
0.4723736186809341,0.2232938733564453
0.47239361968098403,0.7330018983964302
0.47241362068103404,0.8393367597064463
0.47243362168108405,0.8303419292845747
0.47245362268113406,0.6807541199239923
0.47247362368118406,0.0836150272681516
0.47249362468123407,0.5238870412262632
0.4725136256812841,0.8003385890889392
0.4725336266813341,0.8461104901829538
0.4725536276813841,0.794680813196222
0.4725736286814341,0.4954776176729355
0.4725936296814841,0.11265707989268206
0.4726136306815341,0.6951491921254525
0.47263363168158407,0.8329859637524893
0.4726536326816341,0.8377462571219154
0.4726736336816841,0.7227926120233492
0.4726936346817341,0.18877312855984976
0.4727136356817841,0.42686365158895107
0.4727336366818341,0.7807273260824903
0.4727536376818841,0.8455163363400137
0.4727736386819341,0.8114962833842941
0.4727936396819841,0.5809391436852914
0.47281364068203413,0.038637703028379315
0.47283364168208414,0.6427374872721687
0.4728536426821341,0.8233636965130264
0.4728736436821841,0.8430205684686457
0.4728936446822341,0.7572547087558702
0.4729136456822841,0.31966308938852994
0.4729336466823341,0.3032364549668234
0.4729536476823841,0.7534023815540369
0.47297364868243413,0.8425432059097482
0.47299364968248414,0.8249528685732256
0.47301365068253415,0.6511248673747101
0.47303365168258416,0.044984593560560934
0.47305365268263416,0.569439730181722
0.47307365368268417,0.809296208124048
0.4730936546827341,0.8459722369762165
0.47311365568278413,0.7849661240160997
0.47313365668283414,0.44756095260946865
0.47315365768288414,0.164534897022797
0.47317365868293415,0.7148713360301059
0.47319365968298416,0.8365633371611729
0.47321366068303417,0.8351860041868205
0.4732336616830842,0.7069282905909969
0.4732536626831342,0.1422253060830641
0.4732736636831842,0.4672685980929667
0.4732936646832342,0.7890030500809012
0.47331366568328415,0.8463109792310892
0.47333366668333415,0.8067681645583342
0.47335366768338416,0.5565117131437017
0.47337366868343417,0.05356199041295062
0.4733936696834842,0.6597176221128346
0.4734136706835342,0.8266435303088836
0.4734336716835842,0.8422615661445284
0.4734536726836342,0.7503377900923686
0.4734736736836842,0.2909289201216372
0.4734936746837342,0.3305391796185358
0.4735136756837842,0.759698292185323
0.4735336766838342,0.8435803775287247
0.4735536776838842,0.8233992098626028
0.4735736786839342,0.6424728553358473
0.4735936796839842,0.03834665460001381
0.4736136806840342,0.5797737113746323
0.4736336816840842,0.8113457845375452
0.4736536826841342,0.8461260321887231
0.4736736836841842,0.7835114953443758
0.47369368468423423,0.4406445622260303
0.47371368568428424,0.17108487541846967
0.47373368668433424,0.7169161841269794
0.47375368768438425,0.8370520243092755
0.47377368868443426,0.8354272207635857
0.4737936896844842,0.7075631648720724
0.4738136906845342,0.14433225350573384
0.4738336916845842,0.4643176996226622
0.47385369268463423,0.7883819807796515
0.47387369368468424,0.8465438313491643
0.47389369468473425,0.8083457731745103
0.47391369568478425,0.5644238451865116
0.47393369668483426,0.04711237783691808
0.47395369768488427,0.653448586900102
0.4739736986849343,0.8255498370746245
0.4739936996849843,0.8432056074527113
0.47401370068503423,0.7557473043454932
0.47403370168508424,0.3139394752343079
0.47405370268513425,0.3065181327045818
0.47407370368518426,0.7540032820416712
0.47409370468523426,0.8430035272653509
0.47411370568528427,0.8263230789301775
0.4741337066853343,0.6574985941843223
0.4741537076853843,0.05123245285610589
0.4741737086854343,0.5581519577569267
0.4741937096854843,0.8071426784220955
0.4742137106855343,0.8468277968898418
0.4742337116855843,0.7908250114759912
0.47425371268563427,0.4764775168599188
0.4742737136856843,0.1299328904637283
0.4742937146857343,0.7019349008896698
0.4743137156857843,0.8345608042197519
0.4743337166858343,0.8384823316899271
0.4743537176858843,0.7245495154732785
0.4743737186859343,0.1958191267275374
0.4743937196859843,0.41721406681594786
0.4744137206860343,0.7785864833139321
0.47443372168608433,0.8460550397585704
0.47445372268613434,0.8157924910185967
0.47447372368618435,0.602391256146677
0.4744937246862343,0.029523421679738676
0.4745137256862843,0.6217295809272348
0.4745337266863343,0.8195579371254904
0.4745537276863843,0.8454195829044273
0.4745737286864343,0.7718899474499421
0.47459372968648433,0.38601930381665056
0.47461373068653434,0.22970422599906937
0.47463373168658435,0.7342984951421632
0.47465373268663436,0.8401823930664876
0.47467373368668436,0.8327718686059842
0.47469373468673437,0.6916747466172573
0.4747137356867843,0.10624014485769187
0.47473373668683433,0.4976058648054651
0.47475373768688434,0.7951009504137577
0.47477373868693434,0.8472643164474233
0.47479373968698435,0.8047547265978436
0.47481374068703436,0.5460369385385359
0.47483374168708437,0.05968637114922301
0.4748537426871344,0.6645614166016185
0.4748737436871844,0.8277813995691509
0.4748937446872344,0.8430993100822353
0.4749137456872844,0.7528985716260909
0.4749337466873344,0.3025852493277884
0.47495374768738435,0.3158594194908377
0.47497374868743436,0.7560613435087956
0.47499374968748437,0.8435858791246674
0.4750137506875344,0.8268448672868866
0.4750337516875844,0.6595591021307974
0.4750537526876344,0.053655909550123684
0.4750737536876844,0.553211473427145
0.4750937546877344,0.8061976637853806
0.4751137556877844,0.8473993341453148
0.4751337566878344,0.7942155546818481
0.4751537576878844,0.49334986423896454
0.47517375868793443,0.10986487132818509
0.4751937596879844,0.6932022586018036
0.4752137606880344,0.8331647520476667
0.4752337616880844,0.840519206572811
0.4752537626881344,0.7354559579522949
0.4752737636881844,0.2345118679420744
0.4752937646882344,0.3801815853011191
0.47531376568828443,0.7705535485134795
0.47533376668833444,0.8455659242910022
0.47535376768838444,0.8214348602932154
0.47537376868843445,0.6310804930667564
0.47539376968848446,0.03195984718796715
0.4754137706885344,0.5902213498251843
0.4754337716885844,0.8135007016572742
0.4754537726886344,0.847037644135246
0.47547377368868443,0.7852090852828661
0.47549377468873444,0.449398824640814
0.47551377568878445,0.15736715719844796
0.47553377668883445,0.7117797066889835
0.47555377768888446,0.8365775462715604
0.47557377868893447,0.8382250121151676
0.4755937796889845,0.7212439385426114
0.4756137806890345,0.18613875544174843
0.4756337816890845,0.42341849586152264
0.47565378268913444,0.7797849805608221
0.47567378368918445,0.8466689585517891
0.47569378468923446,0.8172015690576616
0.47571378568928446,0.6091215348198875
0.47573378668933447,0.02793392572465609
0.4757537876893845,0.6131620868010731
0.4757737886894345,0.8180096673089156
0.4757937896894845,0.8466071976166465
0.4758137906895345,0.7786858148874694
0.4758337916895845,0.4183760948666416
0.4758537926896345,0.1912483329178155
0.4758737936896845,0.7227791421088692
0.4758937946897345,0.8385732101491624
0.4759137956897845,0.8366445047437664
0.4759337966898345,0.7117712072136407
0.4759537976898845,0.15773627947155025
0.4759737986899345,0.44819212996965563
0.4759937996899845,0.7849393364783678
0.4760138006900345,0.8472556050334027
0.4760338016900845,0.814669016753676
0.47605380269013453,0.5960660218074058
0.47607380369018454,0.029604349636046547
0.47609380469023455,0.6248391494418073
0.4761138056902845,0.8203126176882067
0.4761338066903345,0.8463969937497143
0.4761538076903845,0.7753761901942734
0.4761738086904345,0.40301766220645935
0.4761938096904845,0.20749618006636428
0.47621381069053453,0.7275810311198679
0.47623381169058454,0.8394745757602496
0.47625381269063455,0.8360620349940696
0.47627381369068456,0.7081097445894059
0.47629381469073456,0.14774514569714425
0.47631381569078457,0.4565140903320547
0.4763338166908346,0.7866397576794466
0.47635381769088453,0.8475290715998651
0.47637381869093454,0.8141607955819874
0.47639381969098454,0.5933824483012828
0.47641382069103455,0.030038708988672554
0.47643382169108456,0.6266501897286677
0.47645382269113457,0.8206956707916288
0.4764738236911846,0.8465552085408639
0.4764938246912346,0.7756690824188287
0.4765138256912846,0.4045642990116485
0.4765338266913346,0.2050229366371876
0.4765538276913846,0.726759848799288
0.4765738286914346,0.8394157269770949
0.47659382969148456,0.8365947960680165
0.47661383069153457,0.7106926269548154
0.4766338316915846,0.15523784497797433
0.4766538326916346,0.4491155437077472
0.4766738336916846,0.7850782415340765
0.4766938346917346,0.8475468485698778
0.4767138356917846,0.8157545599875191
0.4767338366918346,0.6013829014619442
0.4767538376918846,0.027993475517847446
0.4767738386919346,0.6188020452197237
0.47679383969198463,0.8191919059011035
0.4768138406920346,0.8470860854393217
0.4768338416920846,0.779542512236321
0.4768538426921346,0.4229069511405898
0.4768738436921846,0.1839318446696993
0.4768938446922346,0.7202062579483324
0.4769138456922846,0.8383581857642626
0.47693384669233463,0.8381823033486354
0.47695384769238464,0.7192301307810937
0.47697384869243464,0.18098849500893027
0.47699384969248465,0.42532567076164024
0.47701385069253466,0.7800544001001439
0.47703385169258467,0.8472244940390071
0.4770538526926346,0.8192713616047088
0.4770738536926846,0.6191741561482469
0.47709385469273463,0.02791212792285066
0.47711385569278464,0.6003453613846099
0.47713385669283465,0.8155878701768345
0.47715385769288465,0.8478513524774106
0.47717385869293466,0.7865686162014491
0.47719385969298467,0.4565663281328174
0.4772138606930347,0.14574343409119417
0.4772338616930847,0.7070961021753286
0.4772538626931347,0.8360843531603073
0.47727386369318464,0.8405925751085592
0.47729386469323465,0.7327725649943951
0.47731386569328466,0.22667588924442544
0.47733386669333466,0.3831181269057537
0.47735386769338467,0.7709185588184015
0.4773738686934347,0.8463265439415611
0.4773938696934847,0.8243028591977631
0.4774138706935347,0.6448236470855365
0.4774338716935847,0.039837401606740326
0.4774538726936347,0.5689517596395355
0.4774738736936847,0.8093679090647998
0.4774938746937347,0.8485677194004171
0.4775138756937847,0.7959954627946071
0.4775338766938347,0.502591014357959
0.4775538776938847,0.0956517289500791
0.4775738786939347,0.6856947584198463
0.4775938796939847,0.83217125465038
0.4776138806940347,0.8434450189727576
0.4776338816940847,0.7498830705948483
0.4776538826941347,0.29245574506285776
0.47767388369418473,0.31980744497364005
0.47769388469423474,0.756475235170976
0.47771388569428475,0.8444711056173888
0.47773388669433475,0.8302691219165876
0.4777538876943847,0.6756214698141628
0.4777738886944347,0.077319583882628
0.4777938896944847,0.5207816035191674
0.4778138906945347,0.7996850394071309
0.47783389169458473,0.8488356891020202
0.47785389269463474,0.8068576673702395
0.47787389369468475,0.5564869245181588
0.47789389469473476,0.04730135177688419
0.47791389569478476,0.6530929921914564
0.47793389669483477,0.8259645996986226
0.4779538976948848,0.8462472469350413
0.47797389869493473,0.768887129540859
0.47799389969498474,0.37449416610334507
0.47801390069503474,0.23439845730813846
0.47803390169508475,0.7347168181817677
0.47805390269513476,0.8410963904939416
0.47807390369518477,0.8364888049498462
0.4780939046952348,0.708617015959545
0.4781139056952848,0.15084319221245457
0.4781339066953348,0.4501519688343951
0.4781539076953848,0.7851362407074404
0.4781739086954348,0.8481128548710509
0.4781939096954848,0.8181326222893656
0.47821391069553476,0.6131252099010799
0.47823391169558477,0.026658639732046623
0.4782539126956348,0.6044642894541181
0.4782739136956848,0.8164337580730134
0.4782939146957348,0.848407084318075
0.4783139156957848,0.7881591460923698
0.4783339166958348,0.46482054539355694
0.4783539176958848,0.1341966573448417
0.4783739186959348,0.7022944413829387
0.4783939196959848,0.8353862100047098
0.47841392069603483,0.8422348428550134
0.47843392169608484,0.7411147135005464
0.4784539226961348,0.2587313806069279
0.4784739236961848,0.3506249052879339
0.4784939246962348,0.7634411435834269
0.4785139256962848,0.8456873439289583
0.4785339266963348,0.8288427070671884
0.47855392769638483,0.6677365743550726
0.47857392869643484,0.06549410925145799
0.47859392969648484,0.5322815457615798
0.47861393069653485,0.8019707525486028
0.47863393169658486,0.8492324376482168
0.47865393269663487,0.8063013894754001
0.4786739336966848,0.5538190294772887
0.4786939346967348,0.04810550806570537
0.47871393569678483,0.6536552042226913
0.47873393669683484,0.8261393397475416
0.47875393769688485,0.8467596144207619
0.47877393869693485,0.7710133858434264
0.47879393969698486,0.38478628642826795
0.47881394069703487,0.22139737245177493
0.4788339416970849,0.7308189087041437
0.4788539426971349,0.840594796149802
0.4788739436971849,0.8381095282995887
0.4788939446972349,0.7168046565282022
0.47891394569728485,0.17555923644156113
0.47893394669733486,0.4262411797484374
0.47895394769738486,0.7799777249566407
0.47897394869743487,0.8478838236393075
0.4789939496974849,0.8222268923828823
0.4790139506975349,0.6336840795385301
0.4790339516975849,0.03260281229247232
0.4790539526976349,0.5796760601766544
0.4790739536976849,0.811500008963891
0.4790939546977349,0.8492719379111177
0.4791139556977849,0.796926832244462
0.47913395669783493,0.5077321600741809
0.4791539576978849,0.08747888885363994
0.4791739586979349,0.680823404931243
0.4791939596979849,0.8314403088032667
0.4792139606980349,0.8451417019442943
0.4792339616980849,0.7583793685325829
0.4792539626981349,0.32951003741046114
0.4792739636981849,0.2788171877290308
0.47929396469823493,0.7460613713954602
0.47931396569828494,0.8432535668815763
0.47933396669833495,0.8351328684682897
0.47935396769838495,0.7002529363304051
0.4793739686984349,0.13005432153156163
0.4793939696984849,0.4666045142610208
0.4794139706985349,0.7884220867396169
0.4794339716985849,0.8488482203553472
0.47945397269863493,0.8180923475209229
0.47947397369868494,0.6127326863018477
0.47949397469873495,0.02607900591713006
0.47951397569878496,0.602359294364672
0.47953397669883496,0.8160384677346396
0.47955397769888497,0.849152354535396
0.479573978698935,0.7918360260987582
0.479593979698985,0.48320047996025095
0.47961398069903494,0.11176689411392587
0.47963398169908494,0.6924608861885906
0.47965398269913495,0.8337150429019528
0.47967398369918496,0.8443864011001214
0.47969398469923497,0.7526805027760888
0.479713985699285,0.30607284739671853
0.479733986699335,0.3015482026936418
0.479753987699385,0.7515840622465658
0.479773988699435,0.844244191557916
0.479793989699485,0.8341501973596344
0.479813990699535,0.6947140899415172
0.479833991699585,0.11713597597908335
0.47985399269963497,0.4777025273777652
0.479873993699685,0.7906796681476083
0.479893994699735,0.8491947152263661
0.479913995699785,0.8173668724582853
0.479933996699835,0.6090477894434205
0.479953997699885,0.025637173468524073
0.479973998699935,0.6052211911829742
0.479993999699985,0.8166160863127215
0.480014000700035,0.8493404537236612
0.48003400170008503,0.7920816439570332
0.48005400270013504,0.48461994019905075
0.480074003700185,0.10934230874663606
0.480094004700235,0.691181077145157
0.480114005700285,0.833527317845174
0.480134006700335,0.8448710050638616
0.480154007700385,0.7550849264198144
0.48017400870043503,0.31654882097207837
0.48019400970048504,0.28991445579488484
0.48021401070053504,0.7485901435002904
0.48023401170058505,0.8438705607646775
0.48025401270063506,0.8354625733956836
0.48027401370068507,0.7013410195247403
0.4802940147007351,0.13374501042278042
0.480314015700785,0.4614086189486676
0.48033401670083503,0.7872207730823962
0.48035401770088504,0.8490662419525589
0.48037401870093505,0.8202410233702703
0.48039401970098505,0.6233906084007157
0.48041402070103506,0.028030355229529402
0.48043402170108507,0.5888622879624075
0.4804540227011351,0.8133332125662357
0.4804740237011851,0.8498552105210119
0.4804940247012351,0.7976383920980925
0.4805140257012851,0.5117511485774432
0.48053402670133505,0.08104750895841586
0.48055402770138506,0.6766837117131623
0.48057402870143506,0.8307827453711939
0.48059402970148507,0.8464830600611774
0.4806140307015351,0.7651239744654501
0.4806340317015851,0.36012185269524344
0.4806540327016351,0.24357021971645915
0.4806740337016851,0.7364007615689404
0.4806940347017351,0.8419196851038346
0.4807140357017851,0.8387740962752422
0.4807340367018351,0.7187935076042498
0.48075403770188513,0.18380381910296573
0.4807740387019351,0.4149707443112215
0.4807940397019851,0.7772571934016688
0.4808140407020351,0.8481525185004128
0.4808340417020851,0.8261236451558219
0.4808540427021351,0.6528901829982975
0.4808740437021851,0.048039964455027756
0.4808940447022351,0.5497447383449017
0.48091404570228513,0.8053975010350222
0.48093404670233514,0.8502739678811211
0.48095404770238515,0.8074150929420248
0.48097404870243515,0.5597422121815693
0.48099404970248516,0.04112589371030914
0.4810140507025351,0.6456464220330268
0.4810340517025851,0.8247105109236447
0.4810540527026351,0.8486397965899375
0.48107405370268513,0.7808531398180706
0.48109405470273514,0.43196939736761597
0.48111405570278515,0.16427996453621507
0.48113405670283516,0.7121943281052124
0.48115405770288516,0.837630381120602
0.48117405870293517,0.8432549737670153
0.4811940597029852,0.743699990231375
0.4812140607030352,0.2718261365372722
0.48123406170308514,0.3318472712181394
0.48125406270313514,0.758455223943678
0.48127406370318515,0.8456694493056355
0.48129406470323516,0.8337954989263369
0.48131406570328517,0.6919292130237509
0.4813340667033352,0.1122253028669927
0.4813540677033852,0.479442137776919
0.4813740687034352,0.7908665876304969
0.4813940697034852,0.8497409944389986
0.4814140707035352,0.8195770458078964
0.4814340717035852,0.6199544200861634
0.4814540727036352,0.026782122214498685
0.48147407370368517,0.5905168341059451
0.4814940747037352,0.8136541655635593
0.4815140757037852,0.8503467612810528
0.4815340767038352,0.7994702270312645
0.4815540777038852,0.521084014677562
0.4815740787039352,0.07051693755214061
0.4815940797039852,0.6698623959207252
0.4816140807040352,0.8295369877962416
0.4816340817040852,0.8476799111613791
0.48165408270413523,0.7717556292234542
0.48167408370418524,0.39067682530743725
0.48169408470423525,0.20826154693111565
0.4817140857042852,0.7259957683491107
0.4817340867043352,0.8402580183727272
0.4817540877043852,0.8416726112851168
0.4817740887044352,0.7339146655624662
0.48179408970448523,0.23594447079672182
0.48181409070453524,0.3647278864064115
0.48183409170458524,0.7659149798901791
0.48185409270463525,0.8469261432235421
0.48187409370468526,0.8320031773868766
0.48189409470473527,0.6823850433344179
0.4819140957047853,0.0927299925640501
0.4819340967048352,0.49725386159969787
0.48195409770488523,0.7945129280322193
0.48197409870493524,0.8502256014622602
0.48199409970498525,0.8180684763348087
0.48201410070503525,0.6124338545313028
0.48203410170508526,0.025082588019574442
0.48205410270513527,0.597457932933142
0.4820741037051853,0.8150515624891262
0.4820941047052353,0.8505406290882174
0.4821141057052853,0.7989213033366219
0.4821341067053353,0.5186717936293987
0.4821541077053853,0.07172816588279449
0.48217410870543526,0.670376632306224
0.48219410970548526,0.8296813807839598
0.48221411070553527,0.848026158497396
0.4822341117055853,0.7731694608599277
0.4822541127056353,0.39760256897320356
0.4822741137056853,0.19936437810895505
0.4822941147057353,0.7230923418408021
0.4823141157057853,0.8398190168696541
0.4823341167058353,0.842642607533451
0.4823541177058853,0.7388363372400434
0.48237411870593533,0.25471070693874587
0.48239411970598534,0.34568001758925837
0.4824141207060353,0.7613990022016246
0.4824341217060853,0.8463939143140371
0.4824541227061353,0.834164449053729
0.4824741237061853,0.6932026444848647
0.4824941247062353,0.1162967651754292
0.4825141257062853,0.47334504019237655
0.48253412670633533,0.7894364156987203
0.48255412770638534,0.8500036448263731
0.48257412870643535,0.8221669277026518
0.48259412970648535,0.6327148787509342
0.48261413070653536,0.032083320029112454
0.4826341317065853,0.5729058388304894
0.4826541327066353,0.8100388299563234
0.4826741337066853,0.851009904828897
0.48269413470673533,0.8059918977235485
0.48271413570678534,0.5532258481749421
0.48273413670683535,0.04316050317371525
0.48275413770688536,0.6473454416605167
0.48277413870693536,0.825126495455127
0.48279413970698537,0.8495962829381581
0.4828141407070354,0.7846919982454772
0.4828341417070854,0.4512389318474082
0.4828541427071354,0.1393139356620834
0.48287414370718534,0.7024191925617193
0.48289414470723535,0.8360011629704598
0.48291414570728536,0.8458006863308937
0.48293414670733537,0.756953194286299
0.4829541477073854,0.3274443352470729
0.4829741487074354,0.2722757208445972
0.4829941497074854,0.7432735075460228
0.4830141507075354,0.8435463495674459
0.4830341517075854,0.8395299328935429
0.4830541527076354,0.7210024578819612
0.4830741537076854,0.19362461501245143
0.4830941547077354,0.4011249051032686
0.4831141557077854,0.7737852507543952
0.4831341567078354,0.8483581376649688
0.4831541577078854,0.8305605983223525
0.4831741587079354,0.6745286709886116
0.4831941597079854,0.07938611964737533
0.4832141607080354,0.5084928014817168
0.4832341617080854,0.7967114649759232
0.4832541627081354,0.8508294569155018
0.48327416370818543,0.8185280502825819
0.48329416470823544,0.6146999484154627
0.48331416570828545,0.025083046913903798
0.4833341667083354,0.5923120467415327
0.4833541677083854,0.8139783527546266
0.4833741687084354,0.8512038981115261
0.4833941697084854,0.8029043344990997
0.48341417070853543,0.5384849885743908
0.48343417170858544,0.05287641362696593
0.48345417270863544,0.6561848415624166
0.48347417370868545,0.8269291628903829
0.48349417470873546,0.8496094307170958
0.48351417570878547,0.7829652060499468
0.4835341767088355,0.4437163482173733
0.4835541777088855,0.14596849917551374
0.48357417870893543,0.7046263513294332
0.48359417970898544,0.8365040328233168
0.48361418070903545,0.846078506659099
0.48363418170908545,0.7577476597529467
0.48365418270913546,0.33158593924430724
0.48367418370918547,0.2663565918521209
0.4836941847092355,0.7414993112808853
0.4837141857092855,0.8433631974614842
0.4837341867093355,0.840558519108874
0.4837541877093855,0.7260032785053567
0.4837741887094355,0.210932254027833
0.48379418970948546,0.38368424152755176
0.48381419070953546,0.7697460354094503
0.48383419170958547,0.8479697331877148
0.4838541927096355,0.8329149902930879
0.4838741937096855,0.6861628070252673
0.4838941947097355,0.10223668753505022
0.4839141957097855,0.484115618685727
0.4839341967098355,0.7915140056197926
0.4839541977098855,0.8506448381113728
0.4839741987099355,0.8229288684369304
0.48399419970998553,0.6363497932091435
0.48401420071003554,0.034543527151059
0.4840342017100855,0.5650286733771529
0.4840542027101355,0.8083493072811091
0.4840742037101855,0.8516047411835627
0.4840942047102355,0.8102887438128434
0.4841142057102855,0.5745259625338623
0.4841342067103355,0.029902512255555028
0.48415420771038553,0.628578591193605
0.48417420871043554,0.8213640743278199
0.48419420971048555,0.8509852847942303
0.48421421071053555,0.7945785969936416
0.48423421171058556,0.4989278029391303
0.48425421271063557,0.0867039029148515
0.4842742137106855,0.6781168319714679
0.4842942147107355,0.8313619292513594
0.48431421571078553,0.8488581248361415
0.48433421671083554,0.7752619526002431
0.48435421771088555,0.4090472368671452
0.48437421871093556,0.18200453349458667
0.48439421971098556,0.7167793500271036
0.48441422071103557,0.8389270966971584
0.4844342217110856,0.8452411099695402
0.4844542227111356,0.7516642919067688
0.4844742237111856,0.30740335309525896
0.48449422471123554,0.28913270611045216
0.48451422571128555,0.7471042497862981
0.48453422671133556,0.8444864964454423
0.48455422771138557,0.8401045095975037
0.4845742287114356,0.7229578110700837
0.4845942297114856,0.20190982301192148
0.4846142307115356,0.3902483434498978
0.4846342317115856,0.771032346287307
0.4846542327116356,0.848352822194133
0.4846742337116856,0.8333741920070729
0.4846942347117356,0.6881570315504856
0.4847142357117856,0.1073315724594954
0.4847342367118356,0.47759347180197464
0.4847542377118856,0.7900151448347539
0.4847742387119356,0.8507545132904958
0.4847942397119856,0.8249325033426822
0.4848142407120356,0.6461417995460539
0.4848342417120856,0.042774190356509485
0.4848542427121356,0.5497569848968453
0.4848742437121856,0.8051315256952746
0.48489424471223563,0.8518567350568775
0.48491424571228564,0.8146174021571524
0.48493424671233565,0.5957375217263581
0.48495424771238566,0.023586771142440396
0.4849742487124356,0.6081740399869713
0.4849942497124856,0.817184793028688
0.4850142507125356,0.8517761729354624
0.48503425171258563,0.8022203336895233
0.48505425271263564,0.5359015626420529
0.48507425371268564,0.05249331262832467
0.48509425471273565,0.6551266138004795
0.48511425571278566,0.826776426629176
0.48513425671283567,0.8505915422464935
0.4851542577128857,0.7874833791932156
0.4851742587129357,0.46608440213051994
0.48519425971298563,0.11842065706925078
0.48521426071303564,0.6928624861262245
0.48523426171308565,0.8343600981028871
0.48525426271313565,0.8483511079359323
0.48527426371318566,0.770096408218926
0.48529426471323567,0.3868335402253742
0.4853142657132857,0.20395750550104125
0.4853342667133357,0.7232971192367903
0.4853542677133857,0.8402806810326495
0.4853742687134357,0.8450781045813363
0.4853942697134857,0.7496953378047916
0.4854142707135357,0.3006368849384685
0.48543427171358566,0.2937426651020354
0.48545427271363567,0.747966389517852
0.4854742737136857,0.8448023491509857
0.4854942747137357,0.8407746794422888
0.4855142757137857,0.7258632249441606
0.4855342767138357,0.21278627589272353
0.4855542777138857,0.37812579039342264
0.4855742787139357,0.7680690653227964
0.4855942797139857,0.848128886439943
0.48561428071403573,0.8354248052963827
0.48563428171408574,0.6981368610171292
0.48565428271413574,0.13167239301343164
0.4856742837141857,0.45269569282960376
0.4856942847142357,0.7845310140259415
0.4857142857142857,0.8504184731558599
0.4857342867143357,0.8289964953815802
0.4857542877143857,0.6660228541010338
0.48577428871443573,0.06766986304005927
0.48579428971448574,0.5163958118536789
0.48581429071453575,0.7980660323964017
0.48583429171458575,0.8517945528505968
0.48585429271463576,0.821443580410122
0.48587429371468577,0.6290288382356944
0.4858942947147357,0.030251805709579364
0.4859142957147857,0.5698640623651121
0.48593429671483573,0.8092260763775867
0.48595429771488574,0.8523539094589703
0.48597429871493575,0.8127072646021307
0.48599429971498576,0.586717155287797
0.48601430071503576,0.02442854373361589
0.48603430171508577,0.6143961645810294
0.4860543027151358,0.8184404083278936
0.4860743037151858,0.8521727485564209
0.4860943047152358,0.8027176552454104
0.4861143057152858,0.5387893227938485
0.48613430671533575,0.048788596064307264
0.48615430771538576,0.6514112584221726
0.48617430871543577,0.8260453150843178
0.4861943097154858,0.8513113435867175
0.4862143107155358,0.7913954523074982
0.4862343117155858,0.48520817722880416
0.4862543127156358,0.09653844642271736
0.4862743137156858,0.6822187768223239
0.4862943147157358,0.8323064202274477
0.4863143157157858,0.8498176456590802
0.4863343167158358,0.7786539858200048
0.48635431771588583,0.42635800960197945
0.4863743187159358,0.1585815740624742
0.4863943197159858,0.7079402319821404
0.4864143207160358,0.8374353887873949
0.4864343217160858,0.8477301423436452
0.4864543227161358,0.7644017941556076
0.4864743237161858,0.3632279019516068
0.4864943247162358,0.22648698551258017
0.48651432571628583,0.729501746984751
0.48653432671633584,0.841602457215507
0.48655432771638585,0.8450801713249404
0.48657432871643586,0.7485459398283578
0.4865943297164858,0.2975780793377168
0.4866143307165358,0.2940474614822852
0.4866343317165858,0.7476544614479954
0.48665433271663583,0.8449458758207126
0.48667433371668584,0.8418938381928717
0.48669433471673584,0.7309962535905826
0.48671433571678585,0.23201822693979535
0.48673433671683586,0.3574831752100983
0.48675433771688587,0.7630028128659122
0.4867743387169359,0.8475790694600522
0.4867943397169859,0.83819364678112
0.4868143407170359,0.7116706727632375
0.48683434171708584,0.16990756031440807
0.48685434271713585,0.4149416966553532
0.48687434371718585,0.7760322198935261
0.48689434471723586,0.8495961072150713
0.48691434571728587,0.8339999203136994
0.4869343467173359,0.6905017841520821
0.4869543477173859,0.11500755223027112
0.4869743487174359,0.4658453028114277
0.4869943497174859,0.78713312812132
0.4870143507175359,0.8510759124005097
0.4870343517175859,0.8293320687960883
0.4870543527176359,0.6674445829801502
0.48707435371768587,0.0709009471165585
0.4870943547177359,0.5103490467680858
0.4871143557177859,0.7966207751894541
0.4871343567178359,0.8520855278029273
0.4871543577178859,0.8242097402342069
0.4871743587179359,0.6424853055516581
0.4871943597179859,0.04031540167170544
0.4872143607180359,0.5489708077576183
0.48723436171808593,0.8047509874396845
0.48725436271813594,0.8526826665046671
0.48727436371818594,0.8186538788178807
0.4872943647182359,0.615650978928574
0.4873143657182859,0.024581892591353474
0.4873343667183359,0.5823675942301093
0.4873543677183859,0.811732624365571
0.4873743687184359,0.8529177173038658
0.48739436971848593,0.8126877011716864
0.48741437071853594,0.5870190621800127
0.48743437171858595,0.0234338883681751
0.48745437271863595,0.6112128519195857
0.48747437371868596,0.8177373160574957
0.48749437471873597,0.8528353291822688
0.487514375718786,0.8063375914781803
0.4875343767188359,0.5567262555820157
0.48755437771888593,0.03520679740831953
0.48757437871893594,0.6361360689763189
0.48759437971898595,0.8229070649385124
0.48761438071903596,0.852475666776092
0.48763438171908596,0.7996339075272374
0.48765438271913597,0.5249752770309599
0.487674383719186,0.057322767011304204
0.487694384719236,0.6576979272339257
0.487714385719286,0.8273601824590938
0.487734386719336,0.8518754050455271
0.48775438771938595,0.7926116824099605
0.48777438871943596,0.49203822537453246
0.48779438971948597,0.086856213558165
0.487814390719536,0.6763843852910046
0.487834391719586,0.8311959344706915
0.487854392719636,0.8510685139121889
0.487874393719686,0.7853112008632019
0.487894394719736,0.45825516062747207
0.487914395719786,0.12100370514369102
0.487934396719836,0.6926100427161894
0.487954397719886,0.8344981862868199
0.48797439871993603,0.8500868708500524
0.487994399719986,0.7777784254465818
0.488014400720036,0.424026816714211
0.488034401720086,0.15737521756441697
0.488054402720136,0.7067254607562573
0.488074403720186,0.837338271787132
0.488094404720236,0.8489607300668834
0.488114405720286,0.770065246146685
0.48813440672033603,0.3898009675002495
0.48815440772038604,0.19411115916080895
0.48817440872043605,0.7190256476847638
0.48819440972048606,0.8397772587302131
0.48821441072053606,0.847719070131836
0.488234411720586,0.7622295279264166
0.488254412720636,0.3560528537843842
0.48827441372068603,0.2298752642409181
0.48829441472073604,0.7297583390719947
0.48831441572078604,0.841867742298888
0.48833441672083605,0.846389837069496
0.48835441772088606,0.7543349344334773
0.48837441872093607,0.32326111092935245
0.4883944197209861,0.26378039673152964
0.4884144207210361,0.7391314737207624
0.4884344217210861,0.843655268291606
0.48845442272113604,0.8450000965872864
0.48847442372118605,0.746450512510591
0.48849442472123605,0.29188158764522654
0.48851442572128606,0.2952910099956055
0.48853442672133607,0.7473196669119486
0.4885544277213861,0.8451794641162188
0.4885744287214361,0.8435761068917538
0.4885944297214861,0.7386500310888874
0.4886144307215361,0.2623220604604028
0.4886344317215861,0.32412836569298437
0.4886544327216361,0.7544696799253803
0.4886744337216861,0.8464749381215155
0.48869443472173607,0.8421433221941526
0.4887144357217861,0.7310110789117921
0.4887344367218361,0.23492092493562244
0.4887544377218861,0.35019048540885067
0.4887744387219361,0.7607049727206416
0.4887944397219861,0.8475719944248469
0.4888144407220361,0.8407263363182043
0.4888344417220861,0.7236139375918968
0.48885444272213613,0.20993242190913153
0.48887444372218614,0.3734899941611928
0.48889444472223614,0.7661294578820046
0.48891444572228615,0.8484972002270068
0.4889344467223361,0.8393487755784957
0.4889544477223861,0.7165402586542531
0.4889744487224361,0.18751994427718388
0.4889944497224861,0.39410854518389826
0.48901445072253613,0.7708305769112692
0.48903445172258614,0.8492738348391189
0.48905445272263615,0.8380331501712805
0.48907445372268615,0.7098715842586795
0.48909445472273616,0.1677577164566187
0.48911445572278617,0.41216480987185616
0.4891344567228362,0.7748818103463824
0.4891544577228861,0.8499222436967684
0.48917445872293613,0.8368006735574325
0.48919445972298614,0.7036877605705523
0.48921446072303615,0.15063994745099246
0.48923446172308616,0.4277927786310002
0.48925446272313616,0.7783447185570032
0.48927446372318617,0.8504601160263899
0.4892944647232362,0.8356710595737795
0.4893144657232862,0.6980652986854237
0.4893344667233362,0.13609567946961887
0.4893544677233862,0.44112752054305904
0.4893744687234362,0.7812705948170603
0.48939446972348616,0.8509027012340351
0.48941447072353617,0.8346623072206455
0.4894344717235862,0.6930757410640083
0.4894544727236362,0.12400711906822948
0.4894744737236862,0.4522961415964409
0.4894944747237362,0.783701797781503
0.4895144757237862,0.8512629762407968
0.4895344767238362,0.8337904830832422
0.4895544777238862,0.6887840906055137
0.4895744787239362,0.11422923819577
0.48959447972398623,0.46141225371493877
0.48961448072403624,0.7856728178014469
0.4896344817240862,0.8515517736963802
0.4896544827241362,0.833069511153895
0.4896744837241862,0.6852473558899667
0.4896944847242362,0.10660875794800445
0.4897144857242862,0.4685727429291196
0.4897344867243362,0.7872111205802886
0.48975448772438623,0.8517778791122684
0.48977448872443624,0.8325109793237371
0.48979448972448625,0.68251325988578
0.48981449072453626,0.10100112130986572
0.48983449172458626,0.4738559914332442
0.4898544927246362,0.7883378023716533
0.4898744937246862,0.8519481033700669
0.48989449472473623,0.8321239709987774
0.48991449572478624,0.6806191517277288
0.48993449672483624,0.09728457416413808
0.48995449772488625,0.477320977869526
0.48997449872493626,0.7890680831149856
0.48999449972498627,0.8520673356764698
0.4900145007250363,0.8319149291969271
0.4900345017250863,0.6795911528421874
0.4900545027251363,0.09537090207344076
0.4900745037251863,0.47900687402822706
0.49009450472523625,0.789411657194752
0.49011450572528625,0.8521385808072456
0.49013450672533626,0.8318875590646797
0.49015450772538627,0.6794435603159036
0.4901745087254363,0.09521266151187385
0.4901945097254863,0.47893289458592503
0.4902145107255363,0.7893729157219652
0.4902345117255863,0.8521629833601934
0.4902545127256363,0.832042773116935
0.4902745137256863,0.6801785225251886
0.4902945147257363,0.09680689452689603
0.4903145157257863,0.4770982572453929
0.4903345167258363,0.7889510490756378
0.4903545177258863,0.8521398406737879
0.4903745187259363,0.8323786816776511
0.4903945197259863,0.6817859949044421
0.4904145207260363,0.1001953548293961
0.4904345217260863,0.4734821884588052
0.4904545227261363,0.7881400337098129
0.49047452372618633,0.8520666050587328
0.49049452472623634,0.8328906290690047
0.49051452572628634,0.684243976705249
0.49053452672633635,0.10546124981703099
0.4905545277263863,0.46804397697652855
0.4905745287264363,0.786928502641526
0.4905945297264863,0.8519388749948459
0.4906145307265363,0.8335712741611143
0.49063453172658633,0.6875190231002161
0.49065453272663634,0.11272247600992141
0.49067453372668635,0.4607231445736537
0.49069453472673635,0.7852994944930239
0.49071453572678636,0.851750373955956
0.49073453672683637,0.8344107120072057
0.4907545377268864,0.6915670196345888
0.4907745387269364,0.12212135243149871
0.49079453972698633,0.4514398821256535
0.49081454072703634,0.7832300711055042
0.49083454172708635,0.8514929145112374
0.49085454272713636,0.8353966315689951
0.49087454372718636,0.6963341987112247
0.49089454472723637,0.13381098928195045
0.4909145457272864,0.4400960013999526
0.4909345467273364,0.7806907885273316
0.4909545477273864,0.8511563443053919
0.4909745487274364,0.8365145030128762
0.4909945497274864,0.7017583694376514
0.49101455072753636,0.14793869951081687
0.49103455172758637,0.42657679345901467
0.4910545527276364,0.7776450001619488
0.4910745537276864,0.8507284693878303
0.4910945547277364,0.8377477868394612
0.4911145557277864,0.7077703239505233
0.4911345567278364,0.1646272697663696
0.4911545577278864,0.4107543813610144
0.4911745587279364,0.774047964031474
0.4911945597279864,0.8501949491221847
0.49121456072803643,0.8390781561628571
0.49123456172808644,0.7142953753731773
0.4912545627281364,0.1839554099402108
0.4912745637281864,0.39249342763002115
0.4912945647282364,0.769845717978127
0.4913145657282864,0.8495391554957287
0.4913345667283364,0.8404857228645082
0.4913545677283864,0.7212549759290546
0.49137456872843643,0.20593919942000377
0.49139456972848644,0.3716604267162039
0.49141457072853645,0.764973677056633
0.49143457172858646,0.8487419879986562
0.49145457272863646,0.8419492580480654
0.49147457372868647,0.7285683592155086
0.4914945747287364,0.23051670057655888
0.49151457572878643,0.34813829040675076
0.49153457672883644,0.7593548961633733
0.49155457772888644,0.8477816332510083
0.49157457872893645,0.8434463972159233
0.49159457972898646,0.736154149002855
0.49161458072903647,0.2575379599142169
0.4916345817290865,0.3218485040482071
0.4916545827291365,0.7528979279267933
0.4916745837291865,0.8466332560995814
0.4916945847292365,0.8449538207876435
0.49171458572928645,0.7439318787115354
0.49173458672933645,0.28676224439113013
0.49175458772938646,0.29278371065916575
0.49177458872943647,0.7454941913896516
0.4917945897294865,0.8452686058317703
0.4918145907295365,0.8464474009537896
0.4918345917295865,0.7518233707868273
0.4918545927296365,0.31786354306548553
0.4918745937296865,0.2610539504978727
0.4918945947297365,0.7370147519515483
0.4919145957297865,0.8436555172014026
0.4919345967298365,0.847902306251146
0.4919545977298865,0.7597539334702477
0.4919745987299365,0.3504442122912923
0.4919945997299865,0.2269494820545719
0.4920146007300365,0.7273063995851241
0.4920346017300865,0.8417572809003596
0.4920546027301365,0.8492930556198771
0.4920746037301865,0.7676533429861052
0.49209460473023653,0.3840553920063283
0.49211460573028654,0.19102129484401698
0.49213460673033654,0.7161869052746883
0.49215460773038655,0.8395318515067791
0.49217460873043656,0.8505935138776852
0.4921946097304865,0.775456591058751
0.4922146107305365,0.4182217692529851
0.4922346117305865,0.15417579456754973
0.49225461273063653,0.703439344229542
0.49227461373068654,0.8369308523004324
0.49229461473073655,0.8517768204374664
0.49231461573078655,0.7831043898419096
0.49233461673083656,0.45246767059162807
0.49235461773088657,0.11777114816820838
0.4923746187309366,0.6888054165693037
0.4923946197309866,0.8338983250365655
0.49241462073103653,0.8528152425275346
0.49243462173108654,0.7905434376603606
0.49245462273113655,0.48634145957281905
0.49247462373118656,0.08368856054091742
0.49249462473123656,0.6719778045819584
0.49251462573128657,0.8303691578385358
0.4925346267313366,0.8536799430049947
0.4925546277313866,0.7977264586189681
0.4925746287314366,0.5194357582501296
0.4925946297314866,0.05433433999625378
0.4926146307315366,0.6525918408081598
0.4926346317315866,0.8262671047583254
0.49265463273163657,0.8543406508864426
0.4926746337316866,0.804612036525818
0.4926946347317366,0.5514019209997658
0.4927146357317866,0.032516135461482513
0.4927346367318366,0.6302172291988973
0.4927546377318866,0.821502284672488
0.4927746387319366,0.8547652197126634
0.4927946397319866,0.8111642682015108
0.4928146407320366,0.5819582131416982
0.49283464173208663,0.021145151870395607
0.49285464273213664,0.6043514494166329
0.49287464373218665,0.8159680132345429
0.4928946447322366,0.854919054541422
0.4929146457322866,0.8173522633622283
0.4929346467323366,0.6108920562497377
0.4929546477323866,0.022763381261068368
0.4929746487324366,0.5744180946305023
0.49299464973248663,0.8095367772636614
0.49301465073253664,0.8547643823024357
0.49303465173258665,0.8231495176577429
0.49305465273263666,0.6380573450528503
0.49307465373268666,0.03898234806397986
0.49309465473273667,0.5397762455998503
0.4931146557327866,0.8020551037958068
0.49313465673283663,0.8542593319338154
0.49315465773288664,0.8285331827832827
0.49317465873293664,0.6633681691077749
0.49319465973298665,0.0700105199608619
0.49321466073303666,0.4997517862827831
0.49323466173308667,0.7933370038737904
0.4932546627331367,0.8533567793966194
0.4932746637331867,0.8334832529289647
0.4932946647332367,0.6867903185071016
0.4933146657332867,0.1144699344344413
0.4933346667333367,0.4537091337558936
0.49335466773338665,0.7831555836532917
0.49337466873343666,0.8520028973011352
0.49339466973348667,0.8379816807657761
0.4934146707335367,0.7083317979494546
0.4934346717335867,0.16960954936360678
0.4934546727336367,0.40119246354405913
0.4934746737336867,0.7712323172030081
0.4934946747337367,0.850135328019144
0.4935146757337867,0.8420114287993831
0.4935346767338367,0.7280333091991181
0.4935546777338867,0.2318499723712802
0.49357467873393673,0.34217693370353774
0.4935946797339867,0.7572233834352058
0.4936146807340367,0.8476808707526339
0.4936346817340867,0.8455554534560749
0.4936546827341367,0.7459593670550013
0.4936746837341867,0.29745338625815354
0.4936946847342367,0.2774732737611077
0.49371468573428673,0.7407024290955984
0.49373468673433674,0.8445525342087321
0.49375468773438674,0.8485956095916275
0.49377468873443675,0.7621904419758596
0.49379468973448676,0.36309336118880575
0.4938146907345367,0.20929896638356998
0.4938346917345867,0.7211392368850542
0.4938546927346367,0.8406457532795815
0.49387469373468673,0.851111451960012
0.49389469473473674,0.7768163019096493
0.49391469573478675,0.4261919381950703
0.49393469673483675,0.14192158672565244
0.49395469773488676,0.6978742888095771
0.49397469873493677,0.8358334948634083
0.4939946997349868,0.853078896908664
0.4940147007350368,0.7899305650867534
0.4940347017350868,0.485013542673477
0.49405470273513674,0.08205471731268704
0.49407470373518675,0.6700906239969697
0.49409470473523676,0.8299598771873007
0.49411470573528676,0.8544686912750679
0.49413470673533677,0.8016263704142916
0.4941547077353868,0.5385849627031738
0.4941747087354368,0.038412053955657166
0.4941947097354868,0.6367877374866344
0.4942147107355368,0.8228317888435404
0.4942347117355868,0.8552446146122634
0.4942547127356368,0.8119930119231946
0.49427471373568677,0.5865300928884515
0.4942947147357368,0.019833764885736193
0.4943147157357868,0.5967696052751614
0.4943347167358368,0.8142078064181925
0.4943547177358868,0.8553613134229028
0.4943747187359368,0.821113356191553
0.4943947197359868,0.6288888231742291
0.4944147207360368,0.032174851424316205
0.4944347217360868,0.5486740291279723
0.49445472273613683,0.8037834613963665
0.49447472373618684,0.8547616288564105
0.49449472473623685,0.8290618550833366
0.4945147257362868,0.6659591448598505
0.4945347267363368,0.07551523398608781
0.4945547277363868,0.491099395826392
0.4945747287364368,0.7911715934213388
0.4945947297364868,0.8533732278875508
0.49461473073653683,0.8359029709828306
0.49463473173658684,0.6981767695693639
0.49465473273663685,0.14374209015751582
0.49467473373668686,0.42293403912265937
0.49469473473673686,0.7758761702662927
0.49471473573678687,0.8511042757808258
0.4947347367368369,0.8416898404423688
0.49475473773688683,0.7260318553301132
0.49477473873693684,0.22697894173598288
0.49479473973698684,0.34405769525354535
0.49481474073703685,0.7572576534785511
0.49483474173708686,0.8478377851585086
0.49485474273713687,0.8464630092056769
0.4948747437371869,0.7500160494847217
0.4948947447372369,0.31513056701525044
0.4949147457372869,0.2566084585010599
0.4949347467373369,0.734488039358907
0.4949547477373869,0.8434241304162952
0.49497474873743685,0.8502490724974896
0.49499474973748686,0.7705916836323574
0.49501475073753687,0.400419076088556
0.4950347517375869,0.16680478111736852
0.4950547527376369,0.706494890710851
0.4950747537376869,0.837671005798841
0.4950947547377369,0.8530590452464362
0.4951147557377869,0.7881759095185552
0.4951347567378369,0.4781594488901776
0.4951547577378869,0.08653523456704076
0.4951747587379369,0.6718979283245948
0.49519475973798693,0.8303298035606054
0.4952147607380369,0.8548862633182738
0.4952347617380869,0.8031342385818766
0.4952547627381369,0.5463018877472585
0.4952747637381869,0.032561244461425026
0.4952947647382369,0.6289535991996527
0.4953147657382869,0.8210769592191183
0.49533476673833693,0.855703573206999
0.49535476773838694,0.8157795713729975
0.49537476873843694,0.6045527678473963
0.49539476973848695,0.020912463529676246
0.49541477073853696,0.5755524284985338
0.49543477173858697,0.8094882132971346
0.4954547727386369,0.8554594960001509
0.4954747737386869,0.8263740998000378
0.49549477473873693,0.6535787586285506
0.49551477573878694,0.05798288530619544
0.49553477673883695,0.5093803887292898
0.49555477773888695,0.7950029474699664
0.49557477873893696,0.8540729396565352
0.49559477973898697,0.8351323976610097
0.495614780739037,0.6944572422628046
0.495634781739087,0.13574879453255484
0.495654782739137,0.42848771996467283
0.49567478373918694,0.7768748208733732
0.49569478473923695,0.8514258632323618
0.49571478573928696,0.8422246369074167
0.49573478673933696,0.728355548300307
0.49575478773938697,0.2364486823500988
0.495774788739437,0.33270999775448085
0.495794789739487,0.7541041779529107
0.495814790739537,0.8473530393708868
0.495834791739587,0.8477792518925518
0.495854792739637,0.7563692769318537
0.495874793739687,0.3420262384649849
0.495894794739737,0.2264729613189362
0.495914795739787,0.7253482181924373
0.495934796739837,0.8416276743707243
0.495954797739887,0.8518845851497947
0.495974798739937,0.7794553657583427
0.495994799739987,0.4402503505425579
0.496014800740037,0.12272478424895106
0.496034801740087,0.6888099301586107
0.496054802740137,0.8339410654810486
0.49607480374018703,0.8545891309611789
0.49609480474023704,0.7984154702091655
0.49611480574028705,0.5254185291083645
0.49613480674033705,0.044787363900100935
0.496154807740387,0.6421250219742975
0.496174808740437,0.8238736151922315
0.496194809740487,0.8558999724735735
0.496214810740537,0.8139030066566758
0.49623481174058703,0.5963243741347395
0.49625481274063704,0.019357305853633454
0.49627481374068705,0.5823194886991295
0.49629481474073706,0.8108532768906886
0.49631481574078706,0.8557788905382
0.49633481674083707,0.8264392617045793
0.4963548177408871,0.6540525797658375
0.49637481874093703,0.05938320575464287
0.49639481974098704,0.5060482168513868
0.49641482074103704,0.7940958016209976
0.49643482174108705,0.854135394328642
0.49645482274113706,0.8364311464884815
0.49647482374118707,0.7005200569963004
0.4964948247412371,0.15263586963729672
0.4965148257412871,0.41062972539834663
0.4965348267413371,0.7725191386753576
0.4965548277413871,0.8508155483369286
0.4965748287414371,0.8441870978278014
0.4965948297414871,0.7377257565341883
0.49661483074153706,0.27106764255928106
0.49663483174158707,0.2968748180269155
0.4966548327416371,0.7446229943408803
0.4966748337416871,0.8455848798558219
0.4966948347417371,0.8499296077729881
0.4967148357417871,0.7674408275161284
0.4967348367418371,0.38922969450382305
0.4967548377418871,0.1747238501905714
0.4967748387419371,0.7083275432995717
0.4967948397419871,0.8381027349311513
0.49681484074203713,0.8538037418484
0.49683484174208714,0.7911215370884044
0.4968548427421371,0.49311563191936814
0.4968748437421871,0.06967223354105752
0.4968948447422371,0.6607842895704609
0.4969148457422871,0.8278840419154908
0.4969348467423371,0.8558812651163196
0.49695484774238713,0.8099180106021797
0.49697484874243714,0.5784900328605658
0.49699484974248714,0.01949762029535325
0.49701485074253715,0.5982408835822542
0.49703485174258716,0.814242317242103
0.49705485274263717,0.8561598772252174
0.4970748537426871,0.8247156992295787
0.4970948547427371,0.6462953568959435
0.49711485574278713,0.05016019792661567
0.49713485674283714,0.516247759484127
0.49715485774288715,0.7962047040542224
0.49717485874293715,0.8545566537167639
0.49719485974298716,0.8361816625443825
0.49721486074303717,0.6993138983629825
0.4972348617430872,0.15057076562903976
0.4972548627431372,0.4110146014708372
0.4972748637431872,0.7723860415172806
0.4972948647432372,0.8508940839962431
0.49731486574328715,0.8448048226521434
0.49733486674333716,0.7405242195919601
0.49735486774338716,0.2825885082378816
0.49737486874343717,0.2836615235532023
0.4973948697434872,0.7408062738613852
0.4974148707435372,0.8448759734049928
0.4974348717435872,0.8509268314950008
0.4974548727436372,0.7724953228301589
0.4974748737436872,0.41179244485707645
0.4974948747437372,0.14920633660198945
0.4975148757437872,0.6986418247483593
0.49753487674383723,0.8360487162365546
0.4975548777438872,0.8547630296050065
0.4975748787439372,0.797256704570079
0.4975948797439872,0.5214359257662551
0.4976148807440372,0.045633516872696116
0.4976348817440872,0.6419444651152734
0.4976548827441372,0.8237406972662221
0.4976748837441872,0.8564136440016274
0.49769488474423723,0.8163439705216535
0.49771488574428724,0.6082252752894696
0.49773488674433725,0.022019772380074625
0.49775488774438725,0.5655264886311971
0.4977748887444372,0.8069683867812474
0.4977948897444872,0.8558649938747962
0.4978148907445372,0.8308892461506633
0.4978348917445872,0.6748149078487365
0.49785489274463723,0.09532058943549601
0.49787489374468724,0.46372680579115666
0.49789489474473725,0.7842917871006472
0.49791489574478726,0.8529794514311
0.49793489674483726,0.8417077078586961
0.49795489774488727,0.7253142752150822
0.4979748987449373,0.22977616945389182
0.4979948997449873,0.33403274938120964
0.49801490074503724,0.7535955107747603
0.49803490174508724,0.8474712501809261
0.49805490274513725,0.8493657879130708
0.49807490374518726,0.7634997874549384
0.49809490474523727,0.37457900393889754
0.4981149057452873,0.18704380690457725
0.4981349067453373,0.7117727815253152
0.4981549077453873,0.8388626697391396
0.4981749087454373,0.8542290467167238
0.4981949097454873,0.792352395819588
0.4982149107455373,0.4999746880651127
0.49823491174558726,0.061511039250687655
0.49825491274563727,0.6543303979390153
0.4982749137456873,0.8264111098019346
0.4982949147457373,0.856491111964172
0.4983149157457873,0.8140803621222809
0.4983349167458373,0.5982388838271482
0.4983549177458873,0.019341353792071247
0.4983749187459373,0.5751270071468793
0.4983949197459873,0.8089913049390692
0.4984149207460373,0.8561848987921228
0.49843492174608733,0.8302676849632452
0.49845492274613734,0.6720527625181406
0.4984749237461873,0.0908162079722501
0.4984949247462373,0.4671465436133657
0.4985149257462873,0.7849077808778964
0.4985349267463373,0.8531755755110301
0.4985549277463873,0.8420229778842122
0.49857492874643733,0.7267000312852707
0.49859492974648734,0.2354783732538739
0.49861493074653734,0.3270868852330407
0.49863493174658735,0.7516022336295156
0.49865493274663736,0.8471318975427163
0.49867493374668737,0.8500951720898419
0.4986949347467374,0.7670452208872304
0.4987149357467873,0.390291223186617
0.49873493674683733,0.1690392905318464
0.49875493774688734,0.7052217006169511
0.49877493874693735,0.8374682559825082
0.49879493974698735,0.8549527616570869
0.49881494074703736,0.7968258182001843
0.49883494174708737,0.5206105563048352
0.4988549427471374,0.04454461728933268
0.4988749437471874,0.6400844687200834
0.4988949447472374,0.8232431454554698
0.4989149457472874,0.8568306802525362
0.49893494674733735,0.8187210131259687
0.49895494774738736,0.6196195203536062
0.49897494874743736,0.027710019061262945
0.49899494974748737,0.5484411673294123
0.4990149507475374,0.8029893763917578
0.4990349517475874,0.855748289351369
0.4990549527476374,0.8345885842548495
0.4990749537476874,0.6919542685490679
0.4990949547477374,0.13471132011051706
0.4991149557477874,0.42225549214268676
0.4991349567478374,0.77443643612877
0.49915495774788743,0.8514984492581573
0.4991749587479374,0.8456825767945931
0.4991949597479874,0.7442322609392149
0.4992149607480374,0.29953716429854604
0.4992349617480874,0.26217001561380315
0.4992549627481374,0.7340711604746797
0.4992749637481874,0.843602327443148
0.4992949647482374,0.8528119271822556
0.49931496574828743,0.7819928298514063
0.49933496674833744,0.45533194120715287
0.49935496774838745,0.10063919127695453
0.49937496874843745,0.6765047127996645
0.49939496974848746,0.8312167652129413
0.4994149707485374,0.8564421388050268
0.4994349717485874,0.8092505023831938
0.4994549727486374,0.5770506101585047
0.49947497374868743,0.01851592678302115
0.49949497474873744,0.5938327446693022
0.49951497574878745,0.8129688565824803
0.49953497674883746,0.8567490178183987
0.49955497774888746,0.828758519658413
0.49957497874893747,0.6653869225129196
0.4995949797489875,0.08019753114158801
0.4996149807490375,0.47619478878411037
0.49963498174908744,0.7866737064175509
0.49965498274913744,0.8536297714439927
0.49967498374918745,0.8423501618294085
0.49969498474923746,0.7280570890549202
0.49971498574928747,0.2419837208599275
0.4997349867493375,0.3181610393762514
0.4997549877493875,0.7488678031366284
0.4997749887494375,0.8466694433070393
0.4997949897494875,0.8512036374686035
0.4998149907495375,0.7723884482187685
0.4998349917495875,0.4144627631411115
0.4998549927496375,0.14117497091849324
0.49987499374968747,0.6940892436308571
0.4998949947497375,0.835050335154668
0.4999149957497875,0.8560162591542689
0.4999349967498375,0.803772779548558
0.4999549977498875,0.5527587612218271
0.4999749987499375,0.024898690549128195
0.4999949997499875,0.6140057454544021
0.5000150007500375,0.8173766029808867
0.5000350017500875,0.857102825688833
0.5000550027501376,0.8258621086344569
0.5000750037501875,0.6523912534169551
0.5000950047502375,0.06061524776365866
0.5001150057502874,0.4974661795168369
0.5001350067503375,0.7913621676240822
0.5001550077503876,0.8544309799527445
0.5001750087504375,0.8410426973394624
0.5001950097504875,0.7218335846913702
0.5002150107505375,0.2220408795852082
0.5002350117505876,0.33633698092152836
0.5002550127506376,0.7532972524302618
0.5002750137506875,0.8475957958210492
0.5002950147507376,0.8508220881684907
0.5003150157507876,0.7700021437604875
0.5003350167508376,0.40501807309140286
0.5003550177508875,0.14990721685435393
0.5003750187509375,0.6971957993236023
0.5003950197509875,0.8357211903457477
0.5004150207510376,0.856083650269589
0.5004350217510876,0.8034627107336269
0.5004550227511375,0.5517702363920863
0.5004750237511876,0.02488367318042358
0.5004950247512376,0.6137132917670829
0.5005150257512876,0.8172545706296679
0.5005350267513375,0.8572304686080269
0.5005550277513876,0.826579607236148
0.5005750287514376,0.6557871774156161
0.5005950297514876,0.06598970530071359
0.5006150307515376,0.4901515637338236
0.5006350317515875,0.7895883558054945
0.5006550327516376,0.8542405644120061
0.5006750337516876,0.8421390126887625
0.5006950347517376,0.7269148482368344
0.5007150357517876,0.23980190584911293
0.5007350367518376,0.3179550508312679
0.5007550377518877,0.7483970618499428
0.5007750387519376,0.8466397840173242
0.5007950397519876,0.851856841764966
0.5008150407520375,0.7753549536312794
0.5008350417520876,0.42847333696917944
0.5008550427521377,0.12455492056879403
0.5008750437521876,0.6865655289372403
0.5008950447522376,0.8333770720077319
0.5009150457522876,0.8567040240854095
0.5009350467523377,0.8084018326304514
0.5009550477523876,0.5742794253465173
0.5009750487524376,0.018197435985890062
0.5009950497524877,0.5928969847755698
0.5010150507525377,0.8125561049728289
0.5010350517525877,0.8570833186737371
0.5010550527526376,0.8307679455436323
0.5010750537526876,0.6748237284625875
0.5010950547527376,0.0996138605160171
0.5011150557527877,0.4528438446638275
0.5011350567528376,0.7809301071497458
0.5011550577528876,0.8528892975518007
0.5011750587529377,0.8453784702952966
0.5011950597529877,0.7422005900985413
0.5012150607530377,0.2951948596556625
0.5012350617530876,0.26178521945359856
0.5012550627531377,0.733006417153425
0.5012750637531876,0.8434588133490343
0.5012950647532377,0.8539729192046529
0.5013150657532877,0.7873205218764366
0.5013350667533376,0.48099519616871544
0.5013550677533877,0.07274200984459855
0.5013750687534377,0.6596324645786572
0.5013950697534877,0.8273867171050953
0.5014150707535376,0.8574696881757474
0.5014350717535877,0.817557225345534
0.5014550727536378,0.6156083164862748
0.5014750737536877,0.02621143332606726
0.5014950747537377,0.5466808336498383
0.5015150757537876,0.8021348939995994
0.5015350767538377,0.8561475521855616
0.5015550777538877,0.8375054046915896
0.5015750787539377,0.7054543416388611
0.5015950797539876,0.1744040627942955
0.5016150807540377,0.37886425859706235
0.5016350817540878,0.7632924225342729
0.5016550827541377,0.8496817183710278
0.5016750837541877,0.8499220948392425
0.5016950847542377,0.7645492254292781
0.5017150857542878,0.38420848763315785
0.5017350867543378,0.168529356851297
0.5017550877543877,0.7032771624229388
0.5017750887544377,0.8370339719870288
0.5017950897544877,0.8563610481598452
0.5018150907545378,0.8035219887850876
0.5018350917545877,0.5531708899959143
0.5018550927546377,0.023191050874245576
0.5018750937546878,0.6094984340419475
0.5018950947547378,0.8161463831003497
0.5019150957547878,0.8575254326307614
0.5019350967548377,0.8291045011107739
0.5019550977548878,0.6675489839302393
0.5019750987549377,0.08694867498826528
0.5019950997549878,0.46426614096917884
0.5020151007550377,0.7833140533009605
0.5020351017550877,0.85341132372949
0.5020551027551378,0.8453293785748931
0.5020751037551878,0.7417711328955249
0.5020951047552378,0.29507576273626324
0.5021151057552877,0.25980116471931447
0.5021351067553378,0.73201154190294
0.5021551077553879,0.8432734611547847
0.5021751087554378,0.8545080858779857
0.5021951097554878,0.7898709489598672
0.5022151107555377,0.49316286820495847
0.5022351117555878,0.06079748754554239
0.5022551127556378,0.6509623272218975
0.5022751137556878,0.8253861648292445
0.5022951147557377,0.857811705449535
0.5023151157557878,0.8210773375536558
0.5023351167558379,0.6317856645217912
0.5023551177558878,0.03875297813904428
0.5023751187559378,0.5224577095811552
0.5023951197559878,0.79649196434203
0.5024151207560379,0.8555497572774179
0.5024351217560878,0.8409077118386309
0.5024551227561378,0.7210479785079382
0.5024751237561877,0.22339023695152427
0.5024951247562378,0.3298159802466643
0.5025151257562879,0.7507122385183599
0.5025351267563378,0.8472182065744426
0.5025551277563878,0.8525228333295397
0.5025751287564378,0.7779351370971648
0.5025951297564879,0.44183819431976856
0.5026151307565379,0.10743797516034752
0.5026351317565878,0.6776080043699885
0.5026551327566379,0.8313168390549635
0.5026751337566878,0.8575869282762845
0.5026951347567379,0.8143167128874276
0.5027151357567878,0.6018720210963376
0.5027351367568378,0.02033133721653205
0.5027551377568878,0.5597830017510999
0.5027751387569379,0.8048439775337434
0.5027951397569879,0.8567083064797778
0.5028151407570378,0.8372913255890637
0.5028351417570879,0.7045585763260859
0.5028551427571379,0.17399934097958764
0.5028751437571879,0.3764620595392664
0.5028951447572378,0.7622417411863213
0.5029151457572878,0.8495761045949694
0.5029351467573379,0.8508943975669306
0.5029551477573879,0.7690079395584625
0.5029751487574379,0.4045789768898594
0.5029951497574878,0.1444789093076936
0.5030151507575379,0.6934202590203403
0.503035151757588,0.8348247526480157
0.5030551527576379,0.8572701039252997
0.5030751537576879,0.8096134418425036
0.5030951547577379,0.5812329508566736
0.503115155757788,0.01695461827228876
0.5031351567578379,0.580942466544543
0.5031551577578879,0.8095471987053261
0.5031751587579378,0.8572900898879744
0.5031951597579879,0.8349888788979273
0.503215160758038,0.694221988195808
0.5032351617580879,0.14689319762243175
0.5032551627581379,0.4016930214720292
0.5032751637581879,0.7682214393377755
0.503295164758238,0.8507794312134128
0.5033151657582879,0.8499755680825055
0.5033351667583379,0.7641347324476784
0.503355167758388,0.3849546758573014
0.5033751687584379,0.1639915012025503
0.503395169758488,0.7006249970047564
0.5034151707585379,0.8364152444928843
0.5034351717585879,0.8571317337014204
0.5034551727586379,0.8075427675894465
0.503475173758688,0.5723439529170538
0.503495174758738,0.01734604099659257
0.5035151757587879,0.5886638531604292
0.503535176758838,0.8112274882583891
0.503555177758888,0.8575273524685584
0.503575178758938,0.8343268327869677
0.5035951797589879,0.6913160176869326
0.5036151807590379,0.14022060806718492
0.503635181759088,0.4073438584364445
0.503655182759138,0.7694447584381922
0.503675183759188,0.8510484806203928
0.5036951847592379,0.8499604830740605
0.503715185759288,0.7639143340822594
0.503735186759338,0.384626148786122
0.503755187759388,0.1634648947734917
0.5037751887594379,0.7001944521369317
0.503795189759488,0.8363089699315
0.5038151907595381,0.857293412061323
0.503835191759588,0.8083673755527041
0.503855192759638,0.5762853498860628
0.5038751937596879,0.016862184515100707
0.503895194759738,0.5839422220562759
0.503915195759788,0.8100985384063323
0.503935196759838,0.8574966821200559
0.503955197759888,0.8354058620829133
0.503975198759938,0.6962085829444529
0.5039951997599881,0.1532652478116403
0.504015200760038,0.39389232539722385
0.504035201760088,0.7660677857184068
0.504055202760138,0.8504194629902948
0.504075203760188,0.850868718621561
0.5040952047602381,0.7683766999389475
0.504115205760288,0.4036084543989533
0.504135206760338,0.1429541594154958
0.504155207760388,0.6920726117437324
0.5041752087604381,0.8344806797247987
0.504195209760488,0.8577261352436095
0.504215210760538,0.8119902463052767
0.504235211760588,0.59256854174995
0.5042552127606381,0.017928960372068908
0.5042752137606881,0.56618069115255
0.504295214760738,0.8060073783943439
0.504315215760788,0.8571239098281443
0.504335216760838,0.8380872227969083
0.5043552177608881,0.7082802562850413
0.504375218760938,0.18731900553454434
0.504395219760988,0.3602735780767675
0.5044152207610381,0.7576467650063989
0.5044352217610881,0.8487499542904523
0.5044552227611381,0.8525448121755145
0.504475223761188,0.7769779616263093
0.5044952247612381,0.44028040178797023
0.5045152257612882,0.10513628012584118
0.5045352267613381,0.675164378555935
0.5045552277613881,0.8306564487530606
0.504575228761438,0.8582527300619025
0.5045952297614881,0.8179740388779083
0.5046152307615381,0.6192166270499901
0.5046352317615881,0.029855893276946016
0.504655232761638,0.5331083477087056
0.5046752337616881,0.7984043137524809
0.5046952347617382,0.8561824061163797
0.5047152357617881,0.8420145358093826
0.5047352367618381,0.7260589555438995
0.5047552377618881,0.2439969309477984
0.5047752387619381,0.30437743838672926
0.5047952397619881,0.7430363851420743
0.5048152407620381,0.845704104736372
0.504835241762088,0.8546740644382078
0.5048552427621381,0.7887144466397003
0.5048752437621882,0.4911307021081087
0.5048952447622381,0.058263670022704495
0.5049152457622881,0.647086661825705
0.5049352467623381,0.8242679340216035
0.5049552477623882,0.8585531162878466
0.5049752487624382,0.825620306781098
0.5049952497624881,0.6531088339425745
0.5050152507625381,0.06687848175557018
0.5050352517625881,0.4805448995280145
0.5050552527626382,0.7862253192092468
0.5050752537626881,0.8542813969792858
0.5050952547627381,0.8466630862728544
0.5051152557627882,0.747528981759661
0.5051352567628382,0.3219573019135079
0.5051552577628882,0.22511959353687805
0.5051752587629381,0.7201118295015841
0.5051952597629882,0.8407097324958277
0.5052152607630382,0.8568072459910149
0.5052352617630882,0.8023173696369622
0.5052552627631381,0.5508403087014194
0.5052752637631881,0.021432396881847737
0.5052952647632382,0.6036378478284261
0.5053152657632882,0.8143442853364479
0.5053352667633382,0.8581646822802268
0.5053552677633881,0.8340813948110097
0.5053752687634382,0.6905773619664825
0.5053952697634883,0.14130222555382788
0.5054152707635382,0.4024712549267706
0.5054352717635882,0.7676393000171814
0.5054552727636381,0.8508333310634697
0.5054752737636882,0.8513984297639973
0.5054952747637382,0.770522635604541
0.5055152757637882,0.4145770027594775
0.5055352767638381,0.12868882226877237
0.5055552777638882,0.6852170204167926
0.5055752787639383,0.8328663725673007
0.5055952797639882,0.858380521119834
0.5056152807640382,0.8164651796207404
0.5056352817640882,0.6131952249912325
0.5056552827641383,0.026399973165020404
0.5056752837641882,0.5380013756014922
0.5056952847642382,0.7992949429401348
0.5057152857642881,0.8564637794172639
0.5057352867643382,0.8424685142048899
0.5057552877643883,0.7281142161364033
0.5057752887644382,0.25279491855707226
0.5057952897644882,0.29329526860343
0.5058152907645382,0.739554885802445
0.5058352917645883,0.8449788908579294
0.5058552927646383,0.8555218939580201
0.5058752937646882,0.7930744451801325
0.5058952947647383,0.5111812980531801
0.5059152957647883,0.04177092230508913
0.5059352967648383,0.6321803823604145
0.5059552977648882,0.8207608201885445
0.5059752987649382,0.8587127874946461
0.5059952997649882,0.8299509685208171
0.5060153007650383,0.6725428017033028
0.5060353017650883,0.10203676585987001
0.5060553027651382,0.44030822583864243
0.5060753037651883,0.7764846257758984
0.5060953047652383,0.8526063133231861
0.5061153057652883,0.8499232306153695
0.5061353067653382,0.7629400745493359
0.5061553077653882,0.38438426874156384
0.5061753087654383,0.15820674348682373
0.5061953097654883,0.6966828702469671
0.5062153107655383,0.8354293708301945
0.5062353117655882,0.8582815283656735
0.5062553127656383,0.8136400319792705
0.5062753137656884,0.6012441245475809
0.5062953147657383,0.020689681384763462
0.5063153157657883,0.5508509030884108
0.5063353167658383,0.8021007143616211
0.5063553177658884,0.8569581052993461
0.5063753187659383,0.8417652079287243
0.5063953197659883,0.7249456720538132
0.5064153207660382,0.24325912314078174
0.5064353217660883,0.3011918774529666
0.5064553227661384,0.7413970526603217
0.5064753237661883,0.845390046387268
0.5064953247662383,0.8556309966865668
0.5065153257662883,0.7932498842886473
0.5065353267663384,0.5126443871762782
0.5065553277663883,0.03996437118094845
0.5065753287664383,0.6298428368584357
0.5065953297664884,0.8201455516625732
0.5066153307665384,0.8588281268707741
0.5066353317665884,0.8311448293238686
0.5066553327666383,0.6779885792126814
0.5066753337666883,0.11429312869545685
0.5066953347667383,0.4264966037254785
0.5067153357667884,0.7729761614405328
0.5067353367668384,0.8519794173751081
0.5067553377668883,0.851083815281484
0.5067753387669384,0.7684799107214557
0.5067953397669884,0.4080136844929615
0.5068153407670384,0.13258098044569241
0.5068353417670883,0.6859940778689827
0.5068553427671383,0.8329654029396502
0.5068753437671883,0.8587643923944184
0.5068953447672384,0.8181293023835671
0.5069153457672884,0.621268169651596
0.5069353467673383,0.032688366824722266
0.5069553477673884,0.5235903031567098
0.5069753487674384,0.7956784060232521
0.5069953497674884,0.8560886494585287
0.5070153507675383,0.8448895051762727
0.5070353517675884,0.7390970392245937
0.5070553527676385,0.29385874936888556
0.5070753537676884,0.2491584460570373
0.5070953547677384,0.7263444642096807
0.5071153557677883,0.84207790432985
0.5071353567678384,0.857169464983707
0.5071553577678884,0.8028033503439042
0.5071753587679384,0.5547282674198248
0.5071953597679884,0.018929317518570937
0.5072153607680384,0.5957639927593816
0.5072353617680885,0.8122340861068021
0.5072553627681384,0.8583395102379504
0.5072753637681884,0.8372694952693321
0.5072953647682384,0.7050400530891078
0.5073153657682885,0.18315729802341052
0.5073353667683385,0.35765542877302026
0.5073553677683884,0.7557785781331656
0.5073753687684384,0.8484999288488528
0.5073953697684884,0.8543623025463419
0.5074153707685385,0.7853141152800255
0.5074353717685884,0.4796031795641532
0.5074553727686384,0.06366963426912667
0.5074753737686885,0.6489867664832688
0.5074953747687385,0.8244293462014876
0.5075153757687885,0.859188069434364
0.5075353767688384,0.8284499578722188
0.5075553777688884,0.6665407901882375
0.5075753787689384,0.09265781699281969
0.5075953797689885,0.4469568658802484
0.5076153807690384,0.7775594465704907
0.5076353817690884,0.852938582980391
0.5076553827691385,0.8506175251352691
0.5076753837691885,0.765913602336759
0.5076953847692385,0.39886918188552856
0.5077153857692884,0.13990819526498405
0.5077353867693385,0.6884284118371495
0.5077553877693886,0.8334642029427378
0.5077753887694385,0.8589873491731184
0.5077953897694885,0.8186859889719653
0.5078153907695384,0.6242423504485072
0.5078353917695885,0.035753520913432174
0.5078553927696385,0.5167472541386575
0.5078753937696885,0.7938664535836115
0.5078953947697384,0.8559045749248514
0.5079153957697885,0.8461904147666018
0.5079353967698386,0.7449949463091783
0.5079553977698885,0.31725321338011325
0.5079753987699385,0.22320318549331164
0.5079953997699885,0.7179082233355379
0.5080154007700386,0.8401680907628155
0.5080354017700885,0.8580256604396044
0.5080554027701385,0.8082779656387223
0.5080754037701884,0.5792784093536022
0.5080954047702385,0.0158618711353122
0.5081154057702886,0.5701850782175276
0.5081354067703385,0.8061754502472174
0.5081554077703885,0.8577807601003213
0.5081754087704385,0.8413319223322803
0.5081954097704886,0.723115904040646
0.5082154107705386,0.2404877920514982
0.5082354117705885,0.2996759416867957
0.5082554127706385,0.7401124108504609
0.5082754137706885,0.8451303582165008
0.5082954147707386,0.8565497812772518
0.5083154157707885,0.7975794077254044
0.5083354167708385,0.5332701523184085
0.5083554177708886,0.026149711766542637
0.5083754187709386,0.6107919502251848
0.5083954197709886,0.8155042552633647
0.5084154207710385,0.8588640645577388
0.5084354217710886,0.8362958526149386
0.5084554227711386,0.7010018233866864
0.5084754237711886,0.17388911045810357
0.5084954247712385,0.36402848184443937
0.5085154257712885,0.7569075795587374
0.5085354267713386,0.8487802886559833
0.5085554277713886,0.8547781440981365
0.5085754287714386,0.7869951335910436
0.5085954297714885,0.4882106818417917
0.5086154307715386,0.054866318690150656
0.5086354317715887,0.6415104909118151
0.5086554327716386,0.8225674372516838
0.5086754337716886,0.8593910855484299
0.5086954347717386,0.8313394182509205
0.5087154357717886,0.679521978329025
0.5087354367718386,0.12088440681761164
0.5087554377718886,0.41553259584008595
0.5087754387719385,0.7695925702518189
0.5087954397719886,0.8514367805241797
0.5088154407720387,0.8529071142554954
0.5088354417720886,0.7769688780480161
0.5088554427721386,0.4462454744389841
0.5088754437721886,0.09087094142817159
0.5088954447722387,0.664570891666423
0.5089154457722886,0.8278737637581687
0.5089354467723386,0.8595533865924676
0.5089554477723885,0.8267180813825357
0.5089754487724386,0.659637910208387
0.5089954497724887,0.0822798376000479
0.5090154507725386,0.4552733934694344
0.5090354517725886,0.7790747570335677
0.5090554527726386,0.8533394373618511
0.5090754537726887,0.8511123920798253
0.5090954547727387,0.7679607205678474
0.5091154557727886,0.40940647369172595
0.5091354567728387,0.12618716371896221
0.5091554577728887,0.6815912865124624
0.5091754587729387,0.8317879193444924
0.5091954597729886,0.8595061644189701
0.5092154607730386,0.8226757766997604
0.5092354617730886,0.6423290785103641
0.5092554627731387,0.056581366328376306
0.5092754637731887,0.4847696265535888
0.5092954647732386,0.7859876295125817
0.5093154657732887,0.8546680453340504
0.5093354667733387,0.8495470848212954
0.5093554677733887,0.7604163480902371
0.5093754687734386,0.37938529338374294
0.5093954697734887,0.1560543813979923
0.5094154707735387,0.6937129014574988
0.5094354717735887,0.834569819914846
0.5094554727736387,0.8593726692658418
0.5094754737736886,0.8194320126554804
0.5094954747737387,0.6285070844025924
0.5095154757737888,0.04101605551627151
0.5095354767738387,0.5054027495966761
0.5095554777738887,0.7907676152185511
0.5095754787739387,0.8555546858404042
0.5095954797739888,0.8483377935943386
0.5096154807740387,0.7547318608541792
0.5096354817740887,0.35741394397941306
0.5096554827741386,0.17800164938145557
0.5096754837741887,0.7017131277814399
0.5096954847742388,0.8363996500947307
0.5097154857742887,0.8592460199288501
0.5097354867743387,0.817167766475323
0.5097554877743887,0.6189322819370047
0.5097754887744388,0.032650690366026164
0.5097954897744887,0.5182233763684567
0.5098154907745387,0.7937034411025242
0.5098354917745888,0.8560911347278511
0.5098554927746388,0.8475799618304706
0.5098754937746888,0.751218992607751
0.5098954947747387,0.3442669098848439
0.5099154957747887,0.19090216902115267
0.5099354967748387,0.7060865944456803
0.5099554977748888,0.8373935734976775
0.5099754987749388,0.859189598071748
0.5099954997749887,0.8160123303109001
0.5100155007750388,0.6141447640500763
0.5100355017750888,0.029215896170309667
0.5100555027751388,0.5239078038069169
0.5100755037751887,0.7949668205543923
0.5100955047752388,0.8563332281485799
0.5101155057752887,0.8473336156435375
0.5101355067753388,0.7500758874814242
0.5101555077753888,0.340340762858625
0.5101755087754387,0.19432119390436822
0.5101955097754888,0.7070972062860265
0.5102155107755388,0.8376131064392524
0.5102355117755888,0.8592368788810406
0.5102555127756387,0.816033193251766
0.5102755137756888,0.6144170457036556
0.5102955147757389,0.029561014238886484
0.5103155157757888,0.5227614695234973
0.5103355167758388,0.7946298901192446
0.5103555177758887,0.8563032432689625
0.5103755187759388,0.8476204237323662
0.5103955197759888,0.75136787008682
0.5104155207760388,0.3457397413039101
0.5104355217760888,0.18817126935579095
0.5104555227761388,0.7048058634643393
0.5104755237761889,0.8370698882622043
0.5104955247762388,0.8593912740782399
0.5105155257762888,0.8172306085929358
0.5105355267763388,0.6197311907605286
0.5105555277763889,0.033829239525803176
0.5105755287764389,0.5147270951734456
0.5105955297764888,0.7926724277901294
0.5106155307765388,0.8559908899993616
0.5106355317765888,0.8484226944965415
0.5106555327766389,0.7550211427758247
0.5106755337766888,0.3603075184577853
0.5106955347767388,0.17262562975639
0.5107155357767889,0.6990770429077547
0.5107355367768389,0.8357267088276712
0.5107555377768889,0.8596262906031487
0.5107755387769388,0.8195377495021142
0.5107955397769889,0.6297807266431541
0.5108155407770388,0.04343469821155132
0.5108355417770889,0.49938366625650515
0.5108555427771388,0.7889800917076342
0.5108755437771888,0.8553531469682882
0.5108955447772389,0.8496845339700689
0.5109155457772889,0.7608303620790331
0.5109355467773389,0.38358516981760277
0.5109555477773888,0.14827075201177245
0.5109755487774389,0.6895650808026815
0.510995549777489,0.8334949647741894
0.5110155507775389,0.8598860346150922
0.5110355517775889,0.8228264349550285
0.5110555527776388,0.6439972329579499
0.5110755537776889,0.06083111254002692
0.5110955547777389,0.47593880284078494
0.5111155557777889,0.7833333802764432
0.5111355567778388,0.8543128463387191
0.5111555577778889,0.8513149639216374
0.511175558777939,0.7684789244214292
0.5111955597779889,0.4147234184652494
0.5112155607780389,0.1165271403994805
0.5112355617780889,0.6756785614895581
0.511255562778139,0.830228065880037
0.511275563778189,0.8600858212381325
0.5112955647782389,0.8269174936230422
0.5113155657782888,0.661600909895419
0.5113355667783389,0.08898052197369294
0.511355567778389,0.4432355484409311
0.5113755687784389,0.7753854213981936
0.5113955697784889,0.8527555764538571
0.5114155707785389,0.8531924102557432
0.511435571778589,0.7775688579495557
0.511455572778639,0.45241304945627014
0.5114755737786889,0.08038140820183017
0.511495574778739,0.6565190947875641
0.5115155757787889,0.8257095680635073
0.511535576778839,0.8601123926016916
0.5115555777788889,0.8315941066639807
0.5115755787789389,0.6816718049792053
0.511595579778989,0.13045498311753653
0.511615580779039,0.3998302884585753
0.511635581779089,0.764624733592792
0.5116555827791389,0.8505240826178881
0.511675583779189,0.8551696721736438
0.511695584779239,0.7876558041266046
0.511715585779289,0.49490232144311813
0.511735586779339,0.045362894875272265
0.5117555877793889,0.6307900848766362
0.511775588779439,0.819633807614164
0.511795589779489,0.8598229957155653
0.511815590779539,0.8366160619990574
0.5118355917795889,0.7032337703022059
0.511855592779639,0.18630793397062467
0.511875593779689,0.344274628776806
0.511895594779739,0.7503164156702673
0.511915595779789,0.8474088342717837
0.511935596779839,0.8570782971848225
0.5119555977798891,0.7982839783842322
0.511975598779939,0.5401360328183146
0.511995599779989,0.02031405436558959
0.5120156007800389,0.5966756679448821
0.512035601780089,0.8115753115667237
0.5120556027801391,0.8590422995195709
0.512075603780189,0.8417328089522588
0.512095604780239,0.7253388986013448
0.512115605780289,0.2551693578421697
0.5121356067803391,0.27588106704196347
0.512155607780389,0.7314114980121982
0.512175608780439,0.8431326714559432
0.5121956097804891,0.8587311995159476
0.512215610780539,0.8090163739546586
0.5122356117805891,0.5859918959707909
0.512255612780639,0.016814772277283837
0.512275613780689,0.5517113849853652
0.512295614780739,0.8009408769137326
0.5123156157807891,0.8575557725246757
0.512335616780839,0.8466934712157382
0.512355617780889,0.7471389509863761
0.5123756187809391,0.333147940542677
0.5123956197809891,0.19645970884328165
0.5124156207810391,0.7064095723145183
0.512435621781089,0.8373262343573297
0.512455622781139,0.8599223087971066
0.512475623781189,0.8194567033908463
0.5124956247812391,0.6305407635368852
0.5125156257812891,0.04581668040522515
0.512535626781339,0.4927388061718058
0.5125556277813891,0.7868943321144651
0.5125756287814391,0.8550975795909729
0.5125956297814891,0.8512524223079949
0.512615630781539,0.7679333534779642
0.5126356317815891,0.4147609067132938
0.5126556327816392,0.11350897415091205
0.5126756337816891,0.6731566397839234
0.5126956347817391,0.8294888450113579
0.512715635781789,0.8604219177409381
0.5127356367818391,0.8292612736047622
0.5127556377818892,0.6722486930766721
0.5127756387819391,0.11179107816968073
0.512795639781989,0.4162383187426148
0.5128156407820391,0.7682377238135943
0.5128356417820892,0.8513300812195557
0.5128556427821391,0.8551694666024109
0.5128756437821891,0.7871894543357276
0.5128956447822391,0.4944427671959669
0.5129156457822891,0.0440880355018881
0.5129356467823392,0.6285690472036822
0.5129556477823891,0.8189259907564441
0.5129756487824391,0.8599660603178833
0.5129956497824891,0.8381406437668879
0.5130156507825392,0.7100719915707726
0.5130356517825891,0.20848855660194943
0.5130556527826391,0.31982993003244153
0.5130756537826892,0.7432231199217713
0.5130956547827392,0.8458102683209531
0.5131156557827892,0.8582039056252174
0.5131356567828391,0.8045371670854071
0.5131556577828891,0.5678383328387133
0.5131756587829391,0.014623251058456419
0.5131956597829892,0.5683349293716811
0.5132156607830392,0.8046484018355657
0.5132356617830891,0.8582374735985779
0.5132556627831392,0.8458520626517596
0.5132756637831892,0.7434446019119394
0.5132956647832392,0.3210785369124994
0.5133156657832891,0.2065982579523456
0.5133356667833392,0.709257436640603
0.5133556677833893,0.8379352850609141
0.5133756687834392,0.8601016155660153
0.5133956697834892,0.8197444524468399
0.5134156707835391,0.6323701982271698
0.5134356717835892,0.04877063008469654
0.5134556727836392,0.48688737981999464
0.5134756737836892,0.7852070226939201
0.5134956747837391,0.8548341193678114
0.5135156757837892,0.8521840579857016
0.5135356767838393,0.7721913753967733
0.5135556777838892,0.4334289691814812
0.5135756787839392,0.09385076470966153
0.5135956797839892,0.6624605715335151
0.5136156807840392,0.8268533714716214
0.5136356817840892,0.8605735119386114
0.5136556827841392,0.8326813623403224
0.5136756837841892,0.6871115375430483
0.5136956847842392,0.1470357738901268
0.5137156857842893,0.37873601323080686
0.5137356867843392,0.7584204523685738
0.5137556877843892,0.8492182262183373
0.5137756887844392,0.8569340834196117
0.5137956897844893,0.7964097970566377
0.5138156907845393,0.5342413822289994
0.5138356917845892,0.021115555439506255
0.5138556927846392,0.5971035889138372
0.5138756937846892,0.8113158566394034
0.5138956947847393,0.8592621216866274
0.5139156957847892,0.8432790500888181
0.5139356967848392,0.7323011160548054
0.5139556977848893,0.28240058794842304
0.5139756987849393,0.2442138345572218
0.5139956997849893,0.7209266057957213
0.5140157007850392,0.840633134682855
0.5140357017850893,0.8598788210003594
0.5140557027851393,0.8163531862277035
0.5140757037851893,0.6185307149901402
0.5140957047852392,0.035423682297616485
0.5141157057852892,0.5053278320513863
0.5141357067853393,0.7894263338792205
0.5141557077853893,0.8556898283437161
0.5141757087854393,0.851487340118246
0.5141957097854892,0.768818123954801
0.5142157107855393,0.42080709788605264
0.5142357117855894,0.10446723484074646
0.5142557127856393,0.6674785481284786
0.5142757137856893,0.8279644762706937
0.5142957147857393,0.860734469677754
0.5143157157857893,0.8323325386798736
0.5143357167858393,0.6859064508670435
0.5143557177858893,0.14527027552493108
0.5143757187859392,0.37903501255691785
0.5143957197859893,0.7582094365414169
0.5144157207860394,0.8491764694381166
0.5144357217860893,0.8572310614753739
0.5144557227861393,0.7977775701500084
0.5144757237861893,0.540721877375179
0.5144957247862394,0.018432033549026252
0.5145157257862893,0.5900309508509036
0.5145357267863393,0.8095016985766909
0.5145557277863892,0.8591006249890752
0.5145757287864393,0.8446405292425021
0.5145957297864894,0.7382725748892032
0.5146157307865393,0.30473021640101944
0.5146357317865893,0.2200751662213748
0.5146557327866393,0.7128745729401513
0.5146757337866894,0.8387027576456507
0.5146957347867394,0.8603616524240174
0.5147157357867893,0.8202754669401224
0.5147357367868394,0.6354892950167781
0.5147557377868894,0.053891168439226145
0.5147757387869394,0.47751356154758207
0.5147957397869893,0.7825172841852938
0.5148157407870393,0.8543748799996224
0.5148357417870894,0.8534924367380845
0.5148557427871394,0.778216623310889
0.5148757437871894,0.4599753495991273
0.5148957447872393,0.06783316099203676
0.5149157457872894,0.645648933566919
0.5149357467873394,0.8226740789010768
0.5149557477873894,0.8605959689103388
0.5149757487874393,0.8372508947018249
0.5149957497874894,0.7068582366945946
0.5150157507875394,0.20274161013626987
0.5150357517875894,0.3208757857468517
0.5150557527876394,0.7425142391463576
0.5150757537876893,0.8456131419579376
0.5150957547877394,0.8589737397505516
0.5151157557877895,0.8081883718143826
0.5151357567878394,0.5850845314591778
0.5151557577878894,0.01698032949592641
0.5151757587879394,0.5444941202113986
0.5151957597879895,0.7984958580314296
0.5152157607880394,0.8574270979061135
0.5152357617880894,0.8494184633663729
0.5152557627881393,0.7593035634262515
0.5152757637881894,0.3848293625912199
0.5152957647882395,0.13744209318383943
0.5153157657882894,0.6819186992945705
0.5153357667883394,0.8312865422559181
0.5153557677883894,0.8609801448683718
0.5153757687884395,0.8301857467903245
0.5153957697884894,0.6773682355062965
0.5154157707885394,0.12722593310431662
0.5154357717885895,0.3948336993739314
0.5154557727886395,0.7617890876586483
0.5154757737886895,0.8499786609590521
0.5154957747887394,0.8572307698848117
0.5155157757887894,0.7972693883702295
0.5155357767888394,0.539776591309767
0.5155557777888895,0.018051233858987256
0.5155757787889395,0.5881894722281574
0.5155957797889894,0.808836344024251
0.5156157807890395,0.8591293808880758
0.5156357817890895,0.8456855188641981
0.5156557827891395,0.7429131013001297
0.5156757837891894,0.32351256766399183
0.5156957847892395,0.19850489215732067
0.5157157857892894,0.7049486725011049
0.5157357867893395,0.8367468154995272
0.5157557877893895,0.8608383302180376
0.5157757887894394,0.8242853361594363
0.5157957897894895,0.6529418073010472
0.5158157907895395,0.08044535972955819
0.5158357917895895,0.4435240921534239
0.5158557927896394,0.7738280213466662
0.5158757937896895,0.8526100929227309
0.5158957947897396,0.8556588739071413
0.5159157957897895,0.7887142955250784
0.5159357967898395,0.5046762591415708
0.5159557977898894,0.033683746710971574
0.5159757987899395,0.6147846149395507
0.5159957997899896,0.8151159751615294
0.5160158007900395,0.8600154755271779
0.5160358017900895,0.8428681178280407
0.5160558027901395,0.730891697615454
0.5160758037901896,0.2815802676703518
0.5160958047902395,0.2399775605294301
0.5161158057902895,0.718330055142416
0.5161358067903395,0.8399016568671953
0.5161558077903896,0.8605866234356292
0.5161758087904396,0.8202777033155033
0.5161958097904895,0.6364907202536052
0.5162158107905395,0.05680704279776613
0.5162358117905895,0.470895721397129
0.5162558127906396,0.7804104910553158
0.5162758137906895,0.8540084969645898
0.5162958147907395,0.8546470264518893
0.5163158157907896,0.7835370814812007
0.5163358167908396,0.4838529345899292
0.5163558177908896,0.046889745084614805
0.5163758187909395,0.628064988668231
0.5163958197909896,0.8182277138997506
0.5164158207910395,0.8604218827384956
0.5164358217910896,0.8413906182487246
0.5164558227911396,0.7247143724165049
0.5164758237911895,0.261476613199665
0.5164958247912396,0.25919608573034114
0.5165158257912896,0.7240098772351976
0.5165358267913396,0.8412252112243173
0.5165558277913895,0.8604866486609597
0.5165758287914396,0.8186753110219488
0.5165958297914897,0.630101465734276
0.5166158307915396,0.049449673377940546
0.5166358317915896,0.47979724870829404
0.5166558327916395,0.7824482406698164
0.5166758337916896,0.8544449377319346
0.5166958347917396,0.8544280552685865
0.5167158357917896,0.782383942928976
0.5167358367918395,0.4796751462831708
0.5167558377918896,0.04936031188009127
0.5167758387919397,0.6298828985198665
0.5167958397919896,0.8185944914440707
0.5168158407920396,0.8605160877568637
0.5168358417920896,0.8414775112805161
0.5168558427921397,0.7251745626423036
0.5168758437921896,0.26378544144846944
0.5168958447922396,0.2559319141208851
0.5169158457922896,0.7227806902058552
0.5169358467923396,0.8409100809187656
0.5169558477923897,0.8606484033662106
0.5169758487924396,0.8197000363927673
0.5169958497924896,0.6346474758030949
0.5170158507925396,0.055374600767185395
0.5170358517925897,0.4711638090138905
0.5170558527926397,0.7802088792578022
0.5170758537926896,0.8540087364836927
0.5170958547927397,0.8550900610141229
0.5171158557927896,0.7854740187031733
0.5171358567928397,0.49282303645911474
0.5171558577928896,0.03966408710240024
0.5171758587929396,0.6204093416672769
0.5171958597929897,0.8162665064236095
0.5172158607930397,0.8603393810764864
0.5172358617930897,0.843191460851366
0.5172558627931396,0.732386460497328
0.5172758637931897,0.2888992052536891
0.5172958647932397,0.22981802931605705
0.5173158657932897,0.7144139013640992
0.5173358667933396,0.8389241471621108
0.5173558677933896,0.8610781593211289
0.5173758687934397,0.823320549536385
0.5173958697934897,0.649753749275593
0.5174158707935397,0.07732840065451888
0.5174358717935896,0.4438895965967965
0.5174558727936397,0.773379378788924
0.5174758737936898,0.8526030596054825
0.5174958747937397,0.8565285736248708
0.5175158757937897,0.7924351574895576
0.5175358767938397,0.5217951820088448
0.5175558777938898,0.023215321286280836
0.5175758787939397,0.5983603000241153
0.5175958797939897,0.8109163289190587
0.5176158807940396,0.8597239460906941
0.5176358817940897,0.8462486082757626
0.5176558827941398,0.745290138658407
0.5176758837941897,0.33555902910680213
0.5176958847942397,0.18179760707249784
0.5177158857942897,0.6977849475060935
0.5177358867943398,0.8349302571401217
0.5177558877943897,0.8615163107648
0.5177758887944397,0.8289747684732963
0.5177958897944898,0.6732000789756183
0.5178158907945397,0.12180352698765849
0.5178358917945898,0.39537316412113527
0.5178558927946397,0.7610194587483339
0.5178758937946897,0.8498995148000322
0.5178958947947397,0.8584112224907092
0.5179158957947898,0.8023343749065106
0.5179358967948398,0.563000969856217
0.5179558977948897,0.013620277333905074
0.5179758987949398,0.5606964470605069
0.5179958997949898,0.801781079254482
0.5180159007950398,0.8583422264867386
0.5180359017950897,0.8501925183411062
0.5180559027951397,0.7622789353615484
0.5180759037951898,0.40058131378060546
0.5180959047952398,0.11626050352489817
0.5181159057952898,0.670432480122062
0.5181359067953397,0.8283053877020816
0.5181559077953898,0.8616129918119195
0.5181759087954398,0.83598004365035
0.5181959097954898,0.7021646626183466
0.5182159107955397,0.19471937512590798
0.5182359117955898,0.32169784544626945
0.5182559127956399,0.7412967476306016
0.5182759137956898,0.8453610279294194
0.5182959147957398,0.8603088691645137
0.5183159157957897,0.814054598340756
0.5183359167958398,0.6117018132114068
0.5183559177958899,0.03256636600779979
0.5183759187959398,0.5020776623417401
0.5183959197959898,0.7874926372269891
0.5184159207960398,0.8556970993699154
0.5184359217960899,0.8544515801163498
0.5184559227961398,0.7814879294137849
0.5184759237961898,0.4776891425876406
0.5184959247962398,0.04849020666814871
0.5185159257962898,0.6279931307400504
0.5185359267963399,0.8179938974897362
0.5185559277963898,0.8608671973146711
0.5185759287964398,0.843524923035456
0.5185959297964898,0.733516344872764
0.5186159307965399,0.2946309843405873
0.5186359317965898,0.22123863226479615
0.5186559327966398,0.7110065888876058
0.5186759337966899,0.8381325053989646
0.5186959347967399,0.8616690594856032
0.5187159357967899,0.8263921783178134
0.5187359367968398,0.6626819178768938
0.5187559377968898,0.1014911863259447
0.5187759387969398,0.414812225102421
0.5187959397969899,0.7657193077928502
0.5188159407970399,0.8510524233279925
0.5188359417970898,0.8583640801139996
0.5188559427971399,0.8010815096517583
0.5188759437971899,0.5583727083319603
0.5188959447972399,0.013375851165019248
0.5189159457972898,0.5632115724946123
0.5189359467973399,0.8022576105092991
0.51895594779739,0.8585985495744055
0.5189759487974399,0.8507628552282651
0.5189959497974899,0.7644012253674558
0.5190159507975398,0.40992777999065794
0.5190359517975899,0.10562162685579625
0.5190559527976399,0.6646444150161841
0.5190759537976899,0.8268668232988745
0.5190959547977398,0.8618131880261186
0.5191159557977899,0.8382139120539497
0.51913595679784,0.7113532118417865
0.5191559577978899,0.22302934437919744
0.5191759587979399,0.2917429450349188
0.5191959597979898,0.7324697183070603
0.5192159607980399,0.8433132632556538
0.51923596179809,0.8612020810003825
0.5192559627981399,0.8195019359164054
0.5192759637981899,0.634473660679232
0.5192959647982399,0.05695039431737029
0.51931596579829,0.46503340117787173
0.5193359667983399,0.7781804237360798
0.5193559677983899,0.8538678200885828
0.51937596879844,0.8568650229205388
0.51939596979849,0.7926398844439914
0.51941597079854,0.5240053155839512
0.5194359717985899,0.020766977699330884
0.5194559727986399,0.5928324307881209
0.5194759737986899,0.809374900818487
0.51949597479874,0.8598881890343922
0.5195159757987899,0.8485391224079396
0.5195359767988399,0.7545268956054526
0.51955597779889,0.3724461441712993
0.51957597879894,0.1410285499752743
0.51959597979899,0.6807531067238309
0.5196159807990399,0.8307772084488177
0.51963598179909,0.8621472542177172
0.51965598279914,0.835574269481853
0.51967598379919,0.7004673928361741
0.51969598479924,0.19198650422073998
0.5197159857992899,0.32139416494960316
0.51973598679934,0.7406747410934275
0.51975598779939,0.8452984931645675
0.51977598879944,0.861012045550618
0.5197959897994899,0.816841933729754
0.51981599079954,0.6237182141610818
0.5198359917995901,0.044682884693670655
0.51985599279964,0.48060167126283126
0.51987599379969,0.7819122660366338
0.5198959947997399,0.8547365074752821
0.51991599579979,0.8565324376146366
0.51993599679984,0.7905654106101385
0.51995599779989,0.5159180148616267
0.5199759987999399,0.023780935242290566
0.51999599979999,0.5982045139187133
0.5200160008000401,0.810621039513532
0.52003600180009,0.8601919953919109
0.52005600280014,0.848469748347278
0.52007600380019,0.7540542821245759
0.5200960048002401,0.3713054532969957
0.52011600580029,0.14111645506033552
0.52013600680034,0.6804928710003753
0.52015600780039,0.8307012657245326
0.52017600880044,0.8623088348440567
0.5201960098004901,0.8362778221623004
0.52021601080054,0.7033478863281637
0.52023601180059,0.20090199773457643
0.52025601280064,0.3114643261123949
0.5202760138006901,0.7376908671323721
0.5202960148007401,0.8446136684210248
0.52031601580079,0.8614089302594289
0.5203360168008401,0.819037808919099
0.5203560178008901,0.6328944806130503
0.5203760188009401,0.05579821647175859
0.52039601980099,0.4645769014491632
0.52041602080104,0.7778151968067383
0.52043602180109,0.8539167558623604
0.5204560228011401,0.8575625016277124
0.5204760238011901,0.7953400551589184
0.52049602480124,0.535831578239946
0.5205160258012901,0.016085707558555016
0.5205360268013401,0.580640279572451
0.5205560278013901,0.8062778797921186
0.52057602880144,0.859593606498275
0.52059602980149,0.8506153212881991
0.5206160308015401,0.7631035235296264
0.5206360318015901,0.4066623926009105
0.5206560328016401,0.1058268625296196
0.52067603380169,0.6637932510904888
0.5206960348017401,0.8265921292698676
0.5207160358017902,0.862245903354555
0.5207360368018401,0.8401829090143157
0.5207560378018901,0.7193347598389324
0.5207760388019401,0.2502180279340692
0.5207960398019902,0.26132425580621077
0.5208160408020401,0.7227624479108324
0.5208360418020901,0.841028527706274
0.52085604280214,0.8622073278264747
0.5208760438021901,0.8256143849298963
0.5208960448022402,0.6598879341274346
0.5209160458022901,0.09863404262512933
0.5209360468023401,0.4138331444130995
0.5209560478023901,0.7648664994006651
0.5209760488024402,0.8510621617668715
0.5209960498024901,0.8596071371924153
0.5210160508025401,0.8059238201438722
0.5210360518025902,0.5794888455317959
0.5210560528026402,0.01575555753196616
0.5210760538026902,0.5358489101149597
0.5210960548027401,0.7952539954992898
0.5211160558027901,0.8576534228972018
0.5211360568028401,0.8544011820191583
0.5211560578028902,0.7796845339139216
0.5211760588029402,0.4728399104779622
0.5211960598029901,0.04850447873685122
0.5212160608030402,0.6263181586169355
0.5212360618030902,0.8173692847513245
0.5212560628031402,0.8614202249044175
0.5212760638031901,0.846379413705234
0.5212960648032401,0.744885036968636
0.5213160658032902,0.338738214163331
0.5213360668033402,0.17122887729391947
0.5213560678033902,0.6919719385351354
0.5213760688034401,0.8334944418312413
0.5213960698034902,0.862742779224545
0.5214160708035402,0.8351538772729152
0.5214360718035902,0.6987648820227743
0.5214560728036401,0.18969030146436097
0.5214760738036902,0.32011102097298366
0.5214960748037403,0.739668755858819
0.5215160758037902,0.8451480035103686
0.5215360768038402,0.8618264506863077
0.5215560778038901,0.8201279488881701
0.5215760788039402,0.63771345195059
0.5215960798039903,0.06321986678001248
0.5216160808040402,0.4530260739645918
0.5216360818040902,0.7746307554670674
0.5216560828041402,0.8533471610031952
0.5216760838041903,0.8587377747347174
0.5216960848042402,0.8004456601220364
0.5217160858042902,0.5574918342380596
0.5217360868043402,0.01253568150334112
0.5217560878043903,0.55774153187654
0.5217760888044403,0.8005092568735729
0.5217960898044902,0.8587744028597547
0.5218160908045402,0.8534222917023522
0.5218360918045902,0.7749198314206694
0.5218560928046403,0.45444031850400723
0.5218760938046902,0.06168863412349251
0.5218960948047402,0.6364195227037415
0.5219160958047903,0.8197954011444198
0.5219360968048403,0.8618825936561102
0.5219560978048903,0.8457089472867214
0.5219760988049402,0.741941658265046
0.5219960998049902,0.3289553917237907
0.5220161008050402,0.17969267174419012
0.5220361018050903,0.6948140227334496
0.5220561028051403,0.8341858674366501
0.5220761038051902,0.8629611592185018
0.5220961048052403,0.8353033958733663
0.5221161058052903,0.6993883963752635
0.5221361068053403,0.1923690375093013
0.5221561078053902,0.3160782814181273
0.5221761088054403,0.7382797865105498
0.5221961098054904,0.844843865903003
0.5222161108055403,0.8621775168647762
0.5222361118055903,0.8217710528832213
0.5222561128056402,0.6445839347383573
0.5222761138056903,0.07392162064938206
0.5222961148057403,0.43896412736636936
0.5223161158057903,0.7709055071912675
0.5223361168058402,0.8525731885665256
0.5223561178058903,0.8596023610701362
0.5223761188059404,0.8045099699141853
0.5223961198059903,0.5744575634419593
0.5224161208060403,0.014416031356022959
0.5224361218060903,0.5382729198808646
0.5224561228061403,0.7956168443176876
0.5224761238061904,0.8579319196716101
0.5224961248062403,0.8552239933119058
0.5225161258062903,0.7827137355065934
0.5225361268063403,0.4862296578176112
0.5225561278063904,0.03766103564232999
0.5225761288064403,0.6150060377229775
0.5225961298064903,0.8144663754667624
0.5226161308065403,0.8613065479170291
0.5226361318065904,0.8489547861076774
0.5226561328066404,0.7553264066711343
0.5226761338066903,0.3792216456946733
0.5226961348067403,0.12844569064352795
0.5227161358067903,0.6734659741990023
0.5227361368068404,0.8288924392244761
0.5227561378068903,0.8629604674486019
0.5227761388069403,0.8406315811301732
0.5227961398069904,0.7209967991146776
0.5228161408070404,0.25842422246189795
0.5228361418070904,0.24890315578998073
0.5228561428071403,0.7180181445091313
0.5228761438071904,0.8399095061867304
0.5228961448072404,0.8630658499092084
0.5229161458072904,0.8300110404999621
0.5229361468073404,0.6780521269717144
0.5229561478073903,0.13912321797999663
0.5229761488074404,0.3677801979453523
0.5229961498074904,0.7521896540386461
0.5230161508075404,0.8482395192080353
0.5230361518075903,0.8617245697610139
0.5230561528076404,0.8167605529332365
0.5230761538076905,0.6245379611080434
0.5230961548077404,0.047852985338052934
0.5231161558077904,0.47033414596592005
0.5231361568078404,0.778616011932079
0.5231561578078904,0.8544006265078675
0.5231761588079404,0.8589817748354679
0.5231961598079904,0.8004452188754028
0.5232161608080403,0.5584228462543401
0.5232361618080904,0.012166417517903531
0.5232561628081405,0.553414129999578
0.5232761638081904,0.7992122830847929
0.5232961648082404,0.8587669537159562
0.5233161658082904,0.8548343867283106
0.5233361668083405,0.7805118050800293
0.5233561678083904,0.4781471314442769
0.5233761688084404,0.04203687345118294
0.5233961698084904,0.6189558732804661
0.5234161708085404,0.8153609465035876
0.5234361718085905,0.861609079820236
0.5234561728086404,0.8492360006541841
0.5234761738086904,0.7562716439449165
0.5234961748087404,0.38377379070650863
0.5235161758087905,0.12251501216149904
0.5235361768088405,0.670256183568674
0.5235561778088904,0.8280633134627376
0.5235761788089405,0.863121690792578
0.5235961798089905,0.8420991501638377
0.5236161808090405,0.7268867843486363
0.5236361818090904,0.27891639245126243
0.5236561828091404,0.2266726775312935
0.5236761838091905,0.710466037838533
0.5236961848092405,0.8380502989072068
0.5237161858092905,0.8634426654062468
0.5237361868093404,0.8332956009365359
0.5237561878093905,0.6913681666343492
0.5237761888094405,0.1730024455458833
0.5237961898094905,0.3320796758498378
0.5238161908095404,0.7421615638696231
0.5238361918095905,0.8458605684907538
0.5238561928096405,0.8626663824647463
0.5238761938096905,0.8226551802783155
0.5238961948097405,0.6486024806944711
0.5239161958097904,0.08199691814592382
0.5239361968098405,0.4266744869518269
0.5239561978098906,0.7673251054044525
0.5239761988099405,0.8518950391953991
0.5239961998099905,0.8608530897405118
0.5240162008100405,0.8099636083495367
0.5240362018100906,0.5974370201429998
0.5240562028101405,0.02462978479954811
0.5240762038101905,0.5065120775974783
0.5240962048102404,0.787446299750664
0.5241162058102905,0.8564549005146926
0.5241362068103406,0.8580355636420942
0.5241562078103905,0.7949598711167692
0.5241762088104405,0.536869151284932
0.5241962098104905,0.013788942428141788
0.5242162108105406,0.5719177153406915
0.5242362118105905,0.803637095893644
0.5242562128106405,0.8597683101073376
0.5242762138106906,0.8542238947778754
0.5242962148107406,0.7773338816838838
0.5243162158107906,0.46640305421533446
0.5243362168108405,0.04912318561174881
0.5243562178108905,0.6248452004627995
0.5243762188109405,0.8167290895878203
0.5243962198109906,0.8620093220965993
0.5244162208110406,0.8494089806615499
0.5244362218110905,0.756725551713808
0.5244562228111406,0.3866305068205924
0.5244762238111906,0.11801774481464093
0.5244962248112406,0.667559137094533
0.5245162258112905,0.8273481527464505
0.5245362268113406,0.8633114681739359
0.5245562278113906,0.8435651437335672
0.5245762288114406,0.7327269869343807
0.5245962298114906,0.3000188207759927
0.5246162308115405,0.2035174677894992
0.5246362318115906,0.7021126584172768
0.5246562328116406,0.8359693944071632
0.5246762338116906,0.863777633563391
0.5246962348117405,0.8366521896154251
0.5247162358117906,0.7048903784704065
0.5247362368118407,0.21168687748267964
0.5247562378118906,0.2916041538608252
0.5247762388119406,0.730202017343319
0.5247962398119905,0.8429570051451049
0.5248162408120406,0.8634873466175593
0.5248362418120907,0.8286171573657809
0.5248562428121406,0.6727452981882698
0.5248762438121906,0.12962808578686164
0.5248962448122406,0.373799313844731
0.5249162458122907,0.7531722606761045
0.5249362468123406,0.8485930373139001
0.5249562478123906,0.8625022502694515
0.5249762488124406,0.8193959775453444
0.5249962498124907,0.6358304274293993
0.5250162508125407,0.06364903768832761
0.5250362518125906,0.44635547434377126
0.5250562528126406,0.7720712516523369
0.5250762538126906,0.853098251862197
0.5250962548127407,0.8608702880460011
0.5251162558127906,0.8089152363564532
0.5251362568128406,0.5937459182182047
0.5251562578128907,0.022748358719337062
0.5251762588129407,0.5084709780190235
0.5251962598129907,0.7877106736899142
0.5252162608130406,0.8566473159318813
0.5252362618130907,0.8586289779758597
0.5252562628131406,0.7970942380855125
0.5252762638131907,0.5462328223362843
0.5252962648132407,0.011912999330823836
0.5253162658132906,0.5608142129389361
0.5253362668133407,0.800719778231553
0.5253562678133907,0.8593799766801565
0.5253762688134407,0.8558080387175975
0.5253962698134906,0.7838475576110604
0.5254162708135407,0.4932838752143863
0.5254362718135908,0.030294215499735704
0.5254562728136407,0.6046188643945083
0.5254762738136907,0.8115885985321302
0.5254962748137406,0.861409356682796
0.5255162758137907,0.8524315566329058
0.5255362768138407,0.7690882731100254
0.5255562778138907,0.43528323968270966
0.5255762788139406,0.07199397689004926
0.5255962798139907,0.6412187267077726
0.5256162808140408,0.820701298622647
0.5256362818140907,0.8628281764132152
0.5256562828141407,0.8485198290937974
0.5256762838141907,0.7527320587575494
0.5256962848142408,0.37315940608391107
0.5257162858142908,0.128719992652469
0.5257362868143407,0.6718437346037257
0.5257562878143907,0.8283614316500281
0.5257762888144407,0.8637134715306932
0.5257962898144908,0.8440909805797882
0.5258162908145407,0.7347022887280529
0.5258362918145907,0.30851508492418817
0.5258562928146407,0.19248888604058156
0.5258762938146908,0.6975508033752389
0.5258962948147408,0.8348109295752678
0.5259162958147907,0.8641302069060153
0.5259362968148408,0.8391624191315464
0.5259562978148907,0.714936246251366
0.5259762988149408,0.24367591296181884
0.5259962998149907,0.2571748640204538
0.5260163008150407,0.719216884839157
0.5260363018150908,0.8402443636375005
0.5260563028151408,0.8641340733906971
0.5260763038151908,0.833752178109461
0.5260963048152407,0.6933924336343581
0.5261163058152908,0.18159002746997938
0.5261363068153408,0.31884492057898606
0.5261563078153908,0.737556969639235
0.5261763088154408,0.8448196791239447
0.5261963098154907,0.8637736719078983
0.5262163108155408,0.8278801697810377
0.5262363118155908,0.6700588315505203
0.5262563128156408,0.1255326978595993
0.5262763138156907,0.375399256161869
0.5262963148157408,0.7531494165351188
0.5263163158157909,0.8486663116791359
0.5263363168158408,0.8630922318251022
0.5263563178158908,0.8215693615992806
0.5263763188159408,0.6449617554622674
0.5263963198159909,0.0786352192024943
0.5264163208160408,0.42600993733171977
0.5264363218160908,0.7664609985623456
0.5264563228161407,0.8518913571275715
0.5264763238161908,0.8621289695064601
0.5264963248162409,0.8148468723312069
0.5265163258162908,0.6181747120468095
0.5265363268163408,0.043346582582870025
0.5265563278163908,0.47062066987540974
0.5265763288164409,0.7778688465693145
0.5265963298164908,0.8545842887475297
0.5266163308165408,0.8609201634711393
0.5266363318165909,0.8077449731911047
0.5266563328166408,0.5898263956352854
0.5266763338166909,0.02099765691579134
0.5266963348167408,0.5095872044908438
0.5267163358167908,0.7876786247672581
0.5267363368168408,0.8568205843634313
0.5267563378168909,0.8595000013192656
0.5267763388169409,0.8003019687255083
0.5267963398169908,0.5601067324784287
0.5268163408170409,0.011618216003169762
0.5268363418170909,0.5434492085844544
0.5268563428171409,0.7961391564092093
0.5268763438171908,0.8586645295107529
0.5268963448172408,0.857901238227169
0.5269163458172909,0.7925629239894659
0.5269363468173409,0.529269748594005
0.5269563478173909,0.014055757824425837
0.5269763488174408,0.5727983182889178
0.5269963498174909,0.8034540158833477
0.527016350817541,0.8601713930445344
0.5270363518175909,0.8561556957516177
0.5270563528176408,0.7845801988344095
0.5270763538176909,0.49763208581518936
0.527096354817741,0.02632298352773851
0.5271163558177909,0.5982083655880954
0.5271363568178409,0.8097906478167953
0.5271563578178908,0.8613891207900322
0.5271763588179409,0.8542946218689821
0.527196359817991,0.7764137478486927
0.5272163608180409,0.46556628713678483
0.5272363618180909,0.0460314354308744
0.5272563628181409,0.6202027292883919
0.527276363818191,0.8152875192841502
0.5272963648182409,0.8623596559178253
0.5273163658182909,0.8523489277746065
0.527336366818341,0.7681311460425416
0.5273563678183909,0.43348854295593264
0.527376368818441,0.07077816932678814
0.5273963698184909,0.6392424922832918
0.5274163708185409,0.820059727694741
0.5274363718185909,0.8631199677909077
0.527456372818641,0.8503493135233025
0.527476373818691,0.7598073063525641
0.5274963748187409,0.4018413850836684
0.527516375818791,0.09841147274338788
0.527536376818841,0.6557255172440242
0.527556377818891,0.8242034035457044
0.5275763788189409,0.8637028513494936
0.5275963798189909,0.8483262926052487
0.5276163808190409,0.7515238654617121
0.527636381819091,0.37107270312683105
0.527656382819141,0.12716454857076323
0.5276763838191909,0.6699907463021706
0.527696384819241,0.827799174516511
0.527716385819291,0.8641375446499512
0.527736386819341,0.8463101247707128
0.5277563878193909,0.7433682288198427
0.527776388819441,0.3416132377774874
0.5277963898194911,0.15568495401227253
0.527816390819541,0.6823245872079873
0.527836391819591,0.8309148980080022
0.5278563928196409,0.8644502015447897
0.527876393819691,0.8443306665463534
0.527896394819741,0.7354322833017223
0.527916395819791,0.3138551657561426
0.527936396819841,0.18299943185685102
0.527956397819891,0.6929677402779212
0.5279763988199411,0.8336078220943912
0.527996399819991,0.8646642486371299
0.528016400820041,0.8424171496527434
0.528036401820091,0.7278108051225689
0.528056402820141,0.2881343790362457
0.528076403820191,0.20844864097512308
0.528096404820241,0.7021216620649883
0.528116405820291,0.8359262983102241
0.528136406820341,0.8648006498096508
0.5281564078203911,0.8405978987653896
0.528176408820441,0.7205996095629934
0.528196409820491,0.2647185477863128
0.528216410820541,0.23161512368079745
0.5282364118205911,0.7099543207905668
0.5282564128206411,0.8379111414467632
0.528276413820691,0.8648780972666473
0.528296414820741,0.8389000014576271
0.528316415820791,0.7138935060524924
0.5283364168208411,0.24380215268084593
0.528356417820891,0.25225729036343375
0.528376418820941,0.7166051395256359
0.5283964198209911,0.839596709886796
0.5284164208210411,0.8649131447196386
0.5284364218210911,0.8373489445695061
0.528456422821141,0.7077841351887246
0.5284764238211911,0.22550859576312143
0.5284964248212412,0.27025470101300275
0.5285164258212911,0.7221891418935223
0.528536426821341,0.8410117633885048
0.528556427821391,0.8649202957936408
0.5285764288214411,0.8359682324265598
0.5285964298214911,0.7023577722909685
0.5286164308215411,0.2098984960989744
0.528636431821591,0.28556552124512047
0.5286564328216411,0.7268003673714518
0.5286764338216912,0.8421801424056928
0.5286964348217411,0.8649120586988137
0.5287164358217911,0.8347790030852991
0.5287364368218411,0.6976931844440836
0.5287564378218911,0.19698254393902773
0.5287764388219411,0.29819489699540885
0.5287964398219911,0.730514640485821
0.528816440822041,0.8431213031092513
0.5288364418220911,0.8648989765311543
0.5288564428221412,0.8337996590386794
0.5288764438221911,0.6938596246743791
0.5288964448222411,0.1867369189098731
0.5289164458222911,0.3081722418688372
0.5289364468223412,0.7333917774391366
0.5289564478223912,0.8438507345254358
0.5289764488224411,0.8648896411099547
0.528996449822491,0.8330455283553285
0.5290164508225411,0.6909150392217102
0.5290364518225912,0.1791192595326342
0.5290564528226411,0.3155354072727833
0.5290764538226911,0.7354773046881931
0.5290964548227411,0.8443802780219278
0.5291164558227912,0.8648906969374917
0.5291364568228412,0.8325285711226387
0.5291564578228911,0.6889045526128387
0.5291764588229412,0.17408341273856281
0.5291964598229912,0.3203199994115703
0.5292164608230412,0.7368037515159329
0.5292364618230911,0.8447183644617757
0.5292564628231411,0.8649068406154765
0.5292764638231912,0.8322571442412365
0.5292964648232412,0.6878592822517348
0.5293164658232912,0.17159157165954508
0.5293364668233411,0.3225525008823541
0.5293564678233912,0.737391565118281
0.5293764688234412,0.8448701802112106
0.5293964698234912,0.8649408198316845
0.5294164708235412,0.8322358351097923
0.5294364718235912,0.687795520764076
0.5294564728236412,0.171622822894356
0.5294764738236912,0.32224624724767764
0.5294964748237412,0.7372496834479955
0.5295164758237911,0.8448377697551691
0.5295364768238412,0.8649934348200216
0.5295564778238913,0.8324653717855168
0.5295764788239412,0.6887143109955167
0.5295964798239912,0.1741775028221058
0.5296164808240412,0.3193996658356677
0.5296364818240913,0.736375788167477
0.5296564828241412,0.8446200796187118
0.5296764838241912,0.8650635439845785
0.5296964848242411,0.8329426137569773
0.5297164858242912,0.6906014261286534
0.5297364868243413,0.17927708713558882
0.5297564878243912,0.3139965062424889
0.5297764888244412,0.734756247717551
0.5297964898244912,0.8442129454813209
0.5298164908245413,0.8651480741718914
0.5298364918245912,0.833660623867779
0.5298564928246412,0.6934277552503378
0.5298764938246913,0.1869596252766998
0.5298964948247413,0.3060080940750025
0.5299164958247913,0.7323657483803573
0.5299364968248412,0.8436090217070389
0.5299564978248912,0.8652420348752556
0.5299764988249412,0.834608818321005
0.5299964998249913,0.6971500827224032
0.5300165008250413,0.19727101884741954
0.5300365018250912,0.2953979438232601
0.5300565028251413,0.7291665990328253
0.5300765038251913,0.8427976497732048
0.5300965048252413,0.8653385344739343
0.5301165058252912,0.835773188165402
0.5301365068253413,0.70171223737433
0.5301565078253913,0.21025276820687877
0.5301765088254413,0.28212939347274024
0.5301965098254913,0.7251076828574523
0.5302165108255412,0.8417646591952189
0.5302365118255913,0.865428795455175
0.5302565128256413,0.8371365826287324
0.5302765138256913,0.7070465744488657
0.5302965148257412,0.22592718815316498
0.5303165158257913,0.26617728533344104
0.5303365168258414,0.7201230163767159
0.5303565178258913,0.8404920913140088
0.5303765188259413,0.8655021644334089
0.5303965198259912,0.8386790420157977
0.5304165208260413,0.7130757399696641
0.5304365218260914,0.24428150132301113
0.5304565228261413,0.24754510984842037
0.5304765238261913,0.7141298628803411
0.5304965248262413,0.8389578325827208
0.5305165258262914,0.8655461116657379
0.5305365268263413,0.8403781659421409
0.5305565278263913,0.7197146542550803
0.5305765288264414,0.2652525870043706
0.5305965298264914,0.22628940471852732
0.5306165308265414,0.7070263344233163
0.5306365318265913,0.8371351395266405
0.5306565328266413,0.865546213636279
0.5306765338266913,0.8422095013970693
0.5306965348267414,0.7268726401286177
0.5307165358267913,0.2887143880103745
0.5307365368268413,0.2025534414568803
0.5307565378268914,0.6986884052311589
0.5307765388269414,0.8349920320349044
0.5307965398269914,0.8654861111071158
0.5308165408270413,0.8441469345732326
0.5308365418270914,0.7344556133068592
0.5308565428271413,0.31446994107689863
0.5308765438271914,0.17661208277288326
0.5308965448272414,0.6889662534033454
0.5309165458272913,0.8324905247828286
0.5309365468273414,0.8653474337470833
0.5309565478273914,0.8461630705209283
0.5309765488274414,0.7423682488440682
0.5309965498274913,0.3422496099291975
0.5310165508275414,0.14892870605218234
0.5310365518275915,0.6776798529667656
0.5310565528276414,0.8295856578329734
0.5310765538276914,0.8651096809642157
0.5310965548277413,0.8482295854203753
0.5311165558277914,0.7505160393005222
0.5311365568278414,0.37171635742882037
0.5311565578278914,0.12022255902324377
0.5311765588279413,0.6646137669905404
0.5311965598279914,0.8262242762092771
0.5312165608280415,0.8647500467636854
0.5312365618280914,0.8503175374019465
0.5312565628281414,0.7588071677217144
0.5312765638281914,0.4024778923447657
0.5312965648282415,0.09153995248026858
0.5313165658282915,0.6495111660709216
0.5313365668283414,0.8223434937119947
0.5313565678283914,0.8642431741717664
0.5313765688284414,0.8523976233836517
0.5313965698284915,0.767154131009839
0.5314165708285414,0.43410446601842434
0.5314365718285914,0.06431459604116242
0.5314565728286414,0.6320672534752684
0.5314765738286915,0.8178687573043879
0.5314965748287415,0.8635608217979585
0.5315165758287914,0.8544403709261335
0.5315365768288415,0.7754750657857453
0.5315565778288914,0.46615021708431337
0.5315765788289415,0.040391565181180054
0.5315965798289914,0.6119225868040058
0.5316165808290414,0.8127114038094231
0.5316365818290915,0.8626714211715192
0.5316565828291415,0.8564162556494024
0.5316765838291915,0.7836947475439381
0.5316965848292414,0.49817547879248886
0.5317165858292915,0.021979025800682186
0.5317365868293416,0.5886573620407327
0.5317565878293915,0.8067655686779669
0.5317765888294415,0.8615394982207667
0.5317965898294914,0.8582957359269616
0.5318165908295415,0.7917452530308281
0.5318365918295915,0.5297674759322504
0.5318565928296415,0.011489467806692695
0.5318765938296914,0.5617887645568914
0.5318965948297415,0.7999042653475255
0.5319165958297916,0.8601249251573888
0.5319365968298415,0.8600491972945563
0.5319565978298915,0.7995662934118181
0.5319765988299415,0.5605573108478852
0.5319965998299916,0.011248961656017267
0.5320166008300415,0.530775304872954
0.5320366018300915,0.791974401280833
0.5320566028301414,0.8583819594207789
0.5320766038301915,0.8616467989973521
0.5320966048302416,0.8071052406576956
0.5321166058302915,0.590231916779633
0.5321366068303415,0.023097066085257335
0.5321566078303915,0.4950351082383988
0.5321766088304416,0.7827904316925559
0.5321966098304916,0.8562580133113729
0.5322166108305415,0.8630582141682095
0.5322366118305916,0.8143168804090336
0.5322566128306415,0.618540531753283
0.5322766138306916,0.04796402360827719
0.5322966148307415,0.4539900084785686
0.5323166158307915,0.77212627506865
0.5323366168308415,0.8536920801931369
0.5323566178308916,0.8642522530532656
0.5323766188309416,0.8211629312531149
0.5323966198309915,0.6452960237930592
0.5324166208310416,0.08556341872549125
0.5324366218310916,0.4071544844878945
0.5324566228311416,0.7597050319161214
0.5324766238311915,0.8506127189988102
0.5324966248312415,0.865196355176801
0.5325166258312916,0.8276113726047885
0.5325366268313416,0.6703719499592568
0.5325566278313916,0.13433262568728116
0.5325766288314415,0.35429749325521165
0.5325966298314916,0.7451859786721822
0.5326166308315416,0.846935465664838
0.5326366318315916,0.8658559310129509
0.5326566328316416,0.8336356218583442
0.5326766338316916,0.6936965151010981
0.5326966348317417,0.1916707994822992
0.5327166358317916,0.295712462786783
0.5327366368318416,0.7281482991509847
0.5327566378318915,0.8425594948003499
0.5327766388319416,0.8661935261196644
0.5327966398319917,0.839213596696613
0.5328166408320416,0.7152446365029508
0.5328366418320916,0.2544023288706482
0.5328566428321416,0.23262486057552573
0.5328766438321917,0.7080711726532127
0.5328966448322416,0.8373632926040405
0.5329166458322916,0.8661677700637057
0.5329366468323417,0.8443266911129754
0.5329566478323916,0.7350291868851843
0.5329766488324417,0.31930718302985417
0.5329966498324916,0.1677230375757667
0.5330166508325416,0.6843103907769814
0.5330366518325916,0.8311990165157269
0.5330566528326417,0.8657320578434933
0.5330766538326916,0.8489586845500254
0.5330966548327416,0.7530922577644339
0.5331166558327917,0.3835582956571938
0.5331366568328417,0.10567935032180151
0.5331566578328917,0.6560731040791054
0.5331766588329416,0.8238851001007979
0.5331966598329916,0.8648328914115812
0.5332166608330416,0.8530945929385929
0.5332366618330917,0.7694970267403606
0.5332566628331417,0.44497604648078526
0.5332766638331916,0.05332011155468787
0.5332966648332417,0.6223955745365337
0.5333166658332917,0.815196503032553
0.5333366668333417,0.8634077811854656
0.5333566678333916,0.85671945867157
0.5333766688334417,0.7843205723858693
0.5333966698334918,0.5020958638426086
0.5334166708335417,0.018910933130308796
0.5334366718335917,0.5821358064592523
0.5334566728336416,0.8048517952538147
0.5334766738336917,0.8613825689894494
0.5334966748337417,0.8598170634803921
0.5335166758337917,0.7976477847334587
0.5335366768338416,0.5541009690466222
0.5335566778338917,0.010170992420412448
0.5335766788339418,0.5340070223173263
0.5335966798339917,0.7924959951227748
0.5336166808340417,0.8586679801350695
0.5336366818340916,0.8623685334383648
0.5336566828341417,0.8095663758559564
0.5336766838341918,0.6006868559104801
0.5336966848342417,0.031441116500327125
0.5337166858342917,0.47670437533208154
0.5337366868343417,0.777677764849438
0.5337566878343918,0.8551551366346208
0.5337766888344417,0.8643507878848204
0.5337966898344917,0.8201629003263481
0.5338166908345418,0.6419110304444249
0.5338366918345918,0.08152867113504358
0.5338566928346418,0.4092212972454198
0.5338766938346917,0.7598192661083043
0.5338966948347417,0.8507096561270712
0.5339166958347917,0.8657347625941534
0.5339366968348418,0.8295196404450818
0.5339566978348917,0.6780595877011589
0.5339766988349417,0.15383795264866557
0.5339966998349918,0.3315082541901886
0.5340167008350418,0.7381768922726937
0.5340367018350918,0.8451638078515817
0.5340567028351417,0.866483309687871
0.5340767038351918,0.8377121849046366
0.5340967048352419,0.7095433353358297
0.5341167058352918,0.238836262042516
0.5341367068353418,0.24564602229618826
0.5341567078353917,0.7117917516479002
0.5341767088354418,0.8383059778339608
0.5341967098354918,0.8665486393772481
0.5342167108355418,0.8448075217039801
0.5342367118355917,0.7368243080721023
0.5342567128356418,0.32719783914027445
0.5342767138356919,0.15752576915980185
0.5342967148357418,0.67943149385824
0.5343167158357918,0.8298663827406451
0.5343367168358417,0.8658691167204112
0.5343567178358918,0.8508624677064114
0.5343767188359418,0.760367897638779
0.5343967198359918,0.4119028611355491
0.5344167208360417,0.0783505969990781
0.5344367218360918,0.6395329493231326
0.5344567228361419,0.8194975303646941
0.5344767238361918,0.8643651529524053
0.5344967248362418,0.8559222611639918
0.5345167258362918,0.7806142337789471
0.5345367268363419,0.4887957327467318
0.5345567278363919,0.024056492706745355
0.5345767288364418,0.5901750093496707
0.5345967298364918,0.8067473176200913
0.5346167308365418,0.8619338247250473
0.5346367318365919,0.8600191441147003
0.5346567328366418,0.7979629038069879
0.5346767338366918,0.5561142534912838
0.5346967348367418,0.01038051066497908
0.5347167358367919,0.5291573698133742
0.5347367368368419,0.7910218698418474
0.5347567378368918,0.858441699388024
0.5347767388369419,0.8631707538183964
0.5347967398369919,0.8127662993984456
0.5348167408370419,0.6136838156564479
0.5348367418370918,0.04454678776453473
0.5348567428371418,0.4543571797316728
0.5348767438371919,0.771534341990902
0.5348967448372419,0.8537151154776961
0.5349167458372919,0.8653781212857502
0.5349367468373418,0.8253281551946852
0.5349567478373919,0.6621981915807594
0.534976748837442,0.12006583813673366
0.5349967498374919,0.3647027733831617
0.5350167508375419,0.7472353204366787
0.5350367518375918,0.8475268275705047
0.5350567528376419,0.8666230342945727
0.5350767538376919,0.8359049167274906
0.5350967548377419,0.7027218768316317
0.5351167558377918,0.22024818291985032
0.5351367568378419,0.2622727690874213
0.535156757837892,0.7167214748375563
0.5351767588379419,0.8395774185892643
0.5351967598379919,0.8668644534558801
0.5352167608380419,0.8447083766239978
0.535236761838092,0.7363973892299926
0.5352567628381419,0.32707101699820124
0.5352767638381919,0.1557696333605747
0.5352967648382418,0.6781254057187569
0.5353167658382919,0.8294691326899563
0.535336766838342,0.8660335598569853
0.5353567678383919,0.8519085699590838
0.5353767688384419,0.7642962472902828
0.5353967698384919,0.4276762612462594
0.535416770838542,0.06382401441776396
0.535436771838592,0.6290110194087741
0.5354567728386419,0.8166686893071231
0.535476773838692,0.8640268413555144
0.535496774838742,0.8576362715466056
0.535516775838792,0.787356558923066
0.5355367768388419,0.5156646993944844
0.5355567778388919,0.012840934458450968
0.535576778838942,0.5663593932182506
0.535596779838992,0.8004541141108851
0.535616780839042,0.8606963598533798
0.5356367818390919,0.861984637857655
0.535656782839142,0.8063672607657365
0.535676783839192,0.5893541678469023
0.535696784839242,0.024001002396861162
0.5357167858392919,0.48688226863820594
0.5357367868393419,0.7798387101724986
0.535756787839392,0.8558359335117275
0.535776788839442,0.8650096200804614
0.535796789839492,0.8219746756265681
0.5358167908395419,0.6495943296936206
0.535836791839592,0.09688247087259474
0.535856792839642,0.38822451070029007
0.535876793839692,0.7534635890906183
0.535896794839742,0.849161336907046
0.535916795839792,0.8667287629343348
0.5359367968398421,0.8346978563256223
0.535956797839892,0.6982298422465142
0.535976798839942,0.20877407903369463
0.5359967998399919,0.27208559464383747
0.536016800840042,0.7194511146287783
0.5360368018400921,0.8402816471639285
0.536056802840142,0.8671179002283353
0.536076803840192,0.8449457295826053
0.536096804840242,0.7372735102569992
0.5361168058402921,0.3312327141074479
0.536136806840342,0.150107048673412
0.536156807840392,0.6752231507213328
0.536176808840442,0.8286573678631973
0.5361968098404921,0.866105048347498
0.5362168108405421,0.8530326972528218
0.536236811840592,0.7685468807199045
0.536256812840642,0.4445515702721115
0.536276813840692,0.049763931954626715
0.5362968148407421,0.6173337855411938
0.536316815840792,0.8135387182962073
0.536336816840842,0.8635604450061868
0.5363568178408921,0.8591912295724821
0.5363768188409421,0.7935670583716486
0.5363968198409921,0.540321259185628
0.536416820841042,0.008950862223090538
0.536436821841092,0.5415098710380555
0.536456822841142,0.7938743067502017
0.5364768238411921,0.8592811115911938
0.5364968248412421,0.863580846584727
0.536516825841292,0.813543895184319
0.5365368268413421,0.6174963644703914
0.5365568278413921,0.05017665423661615
0.5365768288414421,0.44347784929247636
0.536596829841492,0.7681766266917516
0.5366168308415421,0.8529674112983434
0.5366368318415922,0.8662931683614574
0.5366568328416421,0.8294176596159818
0.5366768338416921,0.6782733430758104
0.536696834841742,0.15807201533478402
0.5367168358417921,0.32196278568612335
0.5367368368418421,0.7343288094527851
0.5367568378418921,0.8441876326267599
0.536776838841942,0.8673526497454319
0.5367968398419921,0.8419052872162404
0.5368168408420422,0.7256865455211576
0.5368368418420921,0.2933464501068812
0.5368568428421421,0.18597710839968506
0.5368768438421921,0.6893265042628034
0.5368968448422421,0.8323243385192483
0.5369168458422922,0.8667122916504308
0.5369368468423421,0.8515423468480008
0.5369568478423921,0.7625756902437257
0.5369768488424421,0.42303071587371976
0.5369968498424922,0.0653172490598312
0.5370168508425421,0.6290026385598351
0.5370368518425921,0.8164926542024157
0.5370568528426422,0.8642430298516196
0.5370768538426922,0.8587164849120332
0.5370968548427422,0.7912700319086485
0.5371168558427921,0.5320203112935523
0.5371368568428421,0.009160288379871763
0.5371568578428921,0.5479817636496918
0.5371768588429422,0.7954154065577218
0.5371968598429921,0.8597145441330989
0.5372168608430421,0.8636915785610773
0.5372368618430922,0.8135699980071427
0.5372568628431422,0.6179342768068181
0.5372768638431922,0.051287105745934
0.5372968648432421,0.44071256384031177
0.5373168658432922,0.7672334414029744
0.5373368668433423,0.8527636950329427
0.5373568678433922,0.8666228731683605
0.5373768688434422,0.8308252043188037
0.5373968698434921,0.6837764446490749
0.5374168708435422,0.17255525269982733
0.5374368718435922,0.3058188145105507
0.5374568728436422,0.7292257745751429
0.5374768738436921,0.8428443129331338
0.5374968748437422,0.8675632853075643
0.5375168758437923,0.8440272895239518
0.5375368768438422,0.7337431883785578
0.5375568778438922,0.3211289690952717
0.5375768788439422,0.15727548123626103
0.5375968798439922,0.6774327785623544
0.5376168808440422,0.8291480430610694
0.5376368818440922,0.8664603412973689
0.5376568828441421,0.8538897771886977
0.5376768838441922,0.7716066280548565
0.5376968848442423,0.4575679158786762
0.5377168858442922,0.039026695589053945
0.5377368868443422,0.6062879493063452
0.5377568878443922,0.8104795734760399
0.5377768888444423,0.8631419996216886
0.5377968898444923,0.8609084119394426
0.5378168908445422,0.8003230052900587
0.5378368918445922,0.5673656726402543
0.5378568928446422,0.013502308227668205
0.5378768938446923,0.5088009735562322
0.5378968948447422,0.7850602205617063
0.5379168958447922,0.8572877038344755
0.5379368968448422,0.8654025337118897
0.5379568978448923,0.8220795427350751
0.5379768988449423,0.6507369379335824
0.5379968998449922,0.10150403903212996
0.5380169008450423,0.37917750146467794
0.5380369018450923,0.7502234015887534
0.5380569028451423,0.8483779920923054
0.5380769038451922,0.8675394876338696
0.5380969048452422,0.838449499005856
0.5381169058452923,0.7126922827321607
0.5381369068453423,0.2541281582771191
0.5381569078453923,0.22245679251551367
0.5381769088454422,0.7019681368493056
0.5381969098454923,0.8356110607001254
0.5382169108455424,0.8673432701849825
0.5382369118455923,0.8505423692663384
0.5382569128456423,0.7585164000402532
0.5382769138456923,0.40955604545819113
0.5382969148457423,0.07448962924495763
0.5383169158457923,0.6344158359827907
0.5383369168458423,0.8177666135875691
0.5383569178458922,0.8646867729640006
0.5383769188459423,0.8591201206205231
0.5383969198459924,0.7924549324542035
0.5384169208460423,0.5375749243859308
0.5384369218460923,0.008527472183114887
0.5384569228461423,0.5396089934475308
0.5384769238461924,0.7929847326979124
0.5384969248462423,0.8592642351280689
0.5385169258462923,0.8646778590042973
0.5385369268463422,0.8176125399988456
0.5385569278463923,0.6339582128901858
0.5385769288464424,0.07408208030829949
0.5385969298464923,0.40952338626114637
0.5386169308465423,0.7584111160367237
0.5386369318465923,0.8505363504544922
0.5386569328466424,0.8674938625016976
0.5386769338466924,0.8361718073331702
0.5386969348467423,0.7041824932223183
0.5387169358467924,0.22964404914853503
0.5387369368468424,0.2457965108062004
0.5387569378468924,0.7096540383620589
0.5387769388469423,0.837633781297818
0.5387969398469923,0.8676533118098314
0.5388169408470423,0.8496340813141557
0.5388369418470924,0.754970928080672
0.5388569428471424,0.3973245153351743
0.5388769438471923,0.0840196419470519
0.5388969448472424,0.6400780827132984
0.5389169458472924,0.8191937561542374
0.5389369468473424,0.8650470074030928
0.5389569478473923,0.8590069994557809
0.5389769488474424,0.7917686448466084
0.5389969498474924,0.5353949760205299
0.5390169508475424,0.008437737101842523
0.5390369518475924,0.540438991908852
0.5390569528476423,0.7930866630945105
0.5390769538476924,0.8593419560896826
0.5390969548477424,0.8649327028072084
0.5391169558477924,0.8184796043016397
0.5391369568478424,0.6374917759791338
0.5391569578478924,0.08015864301517614
0.5391769588479425,0.4012940254462767
0.5391969598479924,0.7559656292814768
0.5392169608480424,0.8499143719612973
0.5392369618480923,0.8677664304650179
0.5392569628481424,0.8377763578392753
0.5392769638481925,0.7102788446368776
0.5392969648482424,0.24848324348145137
0.5393169658482924,0.2258324379666478
0.5393369668483424,0.7025633445035203
0.5393569678483925,0.835725647209244
0.5393769688484424,0.8676145027581387
0.5393969698484924,0.8514465907202963
0.5394169708485425,0.7618245668874953
0.5394369718485925,0.4230589276627596
0.5394569728486425,0.06186896958148873
0.5394769738486924,0.6248407250123833
0.5394969748487424,0.8151609529060313
0.5395169758487924,0.8643952092162251
0.5395369768488425,0.8607337498773954
0.5395569778488924,0.7985726640169841
0.5395769788489424,0.56158133417532
0.5395969798489925,0.011711592890242529
0.5396169808490425,0.5116530910394167
0.5396369818490925,0.7855427086496198
0.5396569828491424,0.8576466821222245
0.5396769838491925,0.866277418521086
0.5396969848492424,0.8247305615094497
0.5397169858492925,0.6608982822679211
0.5397369868493425,0.12283616654025849
0.5397569878493924,0.35331280655899877
0.5397769888494425,0.742528127961146
0.5397969898494925,0.8465391478493168
0.5398169908495425,0.8684329618790172
0.5398369918495924,0.8432111974165308
0.5398569928496425,0.7300400190378898
0.5398769938496926,0.31083223905755764
0.5398969948497425,0.16359485747444458
0.5399169958497925,0.6792075133310018
0.5399369968498424,0.8297069037445411
0.5399569978498925,0.8672633022074574
0.5399769988499425,0.8559046291654151
0.5399969998499925,0.7780752984308832
0.5400170008500425,0.4829970504290547
0.5400370018500925,0.022319277706491926
0.5400570028501426,0.584977341542126
0.5400770038501925,0.8049034767579768
0.5400970048502425,0.8625169400465214
0.5401170058502925,0.8639966144349063
0.5401370068503426,0.8116011573625665
0.5401570078503926,0.6105286521906621
0.5401770088504425,0.044090198626371375
0.5401970098504925,0.4464593406283332
0.5402170108505425,0.7684386394327429
0.5402370118505926,0.8535608159514395
0.5402570128506425,0.8681666454589023
0.5402770138506925,0.8349907816328489
0.5402970148507426,0.698611283686187
0.5403170158507926,0.21396115003527888
0.5403370168508426,0.25964675258411185
0.5403570178508925,0.7142314058788363
0.5403770188509426,0.8392289836480878
0.5403970198509925,0.8686938742643351
0.5404170208510426,0.851047479456771
0.5404370218510925,0.7585955940642627
0.5404570228511425,0.41000673389145936
0.5404770238511926,0.0718222231791747
0.5404970248512426,0.632450673192874
0.5405170258512926,0.8175341309768226
0.5405370268513425,0.8654891211127267
0.5405570278513926,0.8615238536921755
0.5405770288514427,0.7996072456416979
0.5405970298514926,0.5641941073816832
0.5406170308515426,0.011863377396448264
0.5406370318515925,0.5088265889524215
0.5406570328516426,0.785141815139883
0.5406770338516926,0.8580548043125098
0.5406970348517426,0.8674557042020488
0.5407170358517925,0.8277549290284566
0.5407370368518426,0.670842340055934
0.5407570378518927,0.143350603641508
0.5407770388519426,0.3311919607962243
0.5407970398519926,0.7364427091901846
0.5408170408520426,0.8453538125499764
0.5408370418520927,0.8693514625739734
0.5408570428521426,0.8469067092379561
0.5408770438521926,0.7422658126095437
0.5408970448522425,0.3512403190452913
0.5409170458522926,0.12412510137706517
0.5409370468523427,0.6620706333763322
0.5409570478523926,0.8255370295824355
0.5409770488524426,0.8672738752101404
0.5409970498524926,0.8594507131957015
0.5410170508525427,0.790139244741506
0.5410370518525927,0.5274885363950114
0.5410570528526426,0.0078416281052918
0.5410770538526927,0.5474426234991769
0.5410970548527426,0.7954266142926668
0.5411170558527927,0.8608285989994884
0.5411370568528426,0.8668019375095344
0.5411570578528926,0.8224270527878738
0.5411770588529426,0.6501593483769397
0.5411970598529927,0.10068643027389876
0.5412170608530427,0.3764081144429766
0.5412370618530926,0.7495710445233141
0.5412570628531427,0.8490474169212987
0.5412770638531927,0.869695474596712
0.5412970648532427,0.8441148603656392
0.5413170658532926,0.7311326684612275
0.5413370668533426,0.31283139472927246
0.5413570678533927,0.1608605818978673
0.5413770688534427,0.6786443036320833
0.5413970698534927,0.8301165535932495
0.5414170708535426,0.868326088669789
0.5414370718535927,0.858231185161324
0.5414570728536428,0.7844133089464881
0.5414770738536927,0.5051397003045434
0.5414970748537427,0.012458264676263956
0.5415170758537927,0.5675197717771161
0.5415370768538428,0.8008393888076095
0.5415570778538927,0.8623655179494008
0.5415770788539427,0.8665525827711374
0.5415970798539926,0.8197358650942648
0.5416170808540427,0.6393831593552923
0.5416370818540928,0.08171176753422302
0.5416570828541427,0.39759786764231353
0.5416770838541927,0.755623886500515
0.5416970848542427,0.8508526504455182
0.5417170858542928,0.8700126059458324
0.5417370868543427,0.8431170982670488
0.5417570878543927,0.7267302647498737
0.5417770888544428,0.29782193463266016
0.5417970898544927,0.17537315208784102
0.5418170908545428,0.6847039975589763
0.5418370918545927,0.8319050063969285
0.5418570928546427,0.8689015135296748
0.5418770938546927,0.858145503849108
0.5418970948547428,0.7832286594770167
0.5419170958547928,0.5000772850627999
0.5419370968548427,0.013938092027948878
0.5419570978548928,0.5718372872491154
0.5419770988549428,0.8021253153003637
0.5419970998549928,0.8629077981806795
0.5420171008550427,0.8668909574115682
0.5420371018550927,0.8200835084548911
0.5420571028551427,0.6400837528050315
0.5420771038551928,0.08248729595759036
0.5420971048552428,0.3964470380918988
0.5421171058552927,0.755454207723065
0.5421371068553428,0.8510035348194293
0.5421571078553928,0.8704266306561302
0.5421771088554428,0.8441041391138553
0.5421971098554927,0.7297200827652617
0.5422171108555428,0.30714338071176717
0.5422371118555929,0.16600808343556697
0.5422571128556428,0.6811118248271842
0.5422771138556928,0.8311148868104203
0.5422971148557427,0.8690812184588407
0.5423171158557928,0.8592703962685656
0.5423371168558428,0.7867883986065225
0.5423571178558928,0.5130164874074896
0.5423771188559428,0.00970881096173008
0.5423971198559928,0.5609428490813966
0.5424171208560429,0.7994238865016221
0.5424371218560928,0.8624929462170435
0.5424571228561428,0.8678279987891565
0.5424771238561928,0.8234647969647729
0.5424971248562428,0.6522156693940904
0.5425171258562929,0.10336022352754974
0.5425371268563428,0.37276085518317625
0.5425571278563928,0.7489912558600385
0.5425771288564428,0.8494707395308201
0.5425971298564929,0.870901678989846
0.5426171308565428,0.8469812798088958
0.5426371318565928,0.7397264198115514
0.5426571328566429,0.340393804064528
0.5426771338566929,0.13357685323634927
0.5426971348567429,0.6672717506285248
0.5427171358567928,0.8275875120741281
0.5427371368568428,0.8687801281306406
0.5427571378568928,0.8614717267132476
0.5427771388569429,0.7946515656787034
0.5427971398569928,0.542370041535772
0.5428171408570428,0.006349993855571589
0.5428371418570929,0.5332100424057079
0.5428571428571429,0.7923041156819733
0.5428771438571929,0.8609612836670213
0.5428971448572428,0.8692045179777247
0.5429171458572929,0.8294692989934135
0.542937146857343,0.6741218437202833
0.5429571478573929,0.14877979845240266
0.5429771488574429,0.32449204817990596
0.5429971498574928,0.7352194587244015
0.5430171508575429,0.8459584051504923
0.5430371518575929,0.8712456928364958
0.5430571528576429,0.8513868649817953
0.5430771538576928,0.7554271898759651
0.5430971548577429,0.3952790561159286
0.543117155857793,0.0830004634866735
0.5431371568578429,0.6409713866516156
0.5431571578578929,0.8207588892031374
0.5431771588579429,0.8677445116958997
0.5431971598579929,0.8644241925136006
0.543217160858043,0.8058358657798828
0.5432371618580929,0.5844053028659879
0.5432571628581429,0.01978475480141793
0.5432771638581929,0.4846214380879192
0.543297164858243,0.7796537123624588
0.5433171658582929,0.8579373738778534
0.5433371668583429,0.8707047747963678
0.5433571678583929,0.8373662716726626
0.543377168858443,0.7029102359431854
0.543397169858493,0.2229318177987603
0.5434171708585429,0.24920150458962925
0.5434371718585929,0.711894932553388
0.5434571728586429,0.8398498489488406
0.543477173858693,0.8711122440637603
0.5434971748587429,0.8567536452653584
0.5435171758587929,0.7748696962284134
0.543537176858843,0.4664411914769797
0.543557177858893,0.02940789809916542
0.543577178858943,0.5978222651356921
0.5435971798589929,0.8095265518008199
0.543617180859043,0.8655336214010735
0.543637181859093,0.8676500853829215
0.543657182859143,0.8190327407774843
0.543677183859193,0.6338535639940904
0.5436971848592429,0.07139155901196348
0.543717185859293,0.4086524222334236
0.543737186859343,0.759371675046692
0.543757187859393,0.8527742020256872
0.5437771888594429,0.8718730025222626
0.543797189859493,0.8462407031314749
0.543817190859543,0.7351172295101887
0.543837191859593,0.3232840931809471
0.543857192859643,0.14958281906152782
0.543877193859693,0.674889115231323
0.543897194859743,0.8300757667721032
0.543917195859793,0.8699906753944894
0.543937196859843,0.8623895814981982
0.5439571978598929,0.7958996467297981
0.543977198859943,0.5455447769789376
0.5439971998599931,0.005892179046231013
0.544017200860043,0.5303020725716684
0.544037201860093,0.7919542916640016
0.544057202860143,0.8614699390903523
0.5440772038601931,0.8705594038904718
0.544097204860243,0.8328564702484452
0.544117205860293,0.6850564924857718
0.544137206860343,0.17405344158273356
0.544157207860393,0.2981762272838044
0.5441772088604431,0.7277227319524111
0.544197209860493,0.8444301270601312
0.544217210860543,0.872117095491815
0.544237211860593,0.855131833234008
0.5442572128606431,0.7674480859811244
0.544277213860693,0.43779868336309413
0.544297214860743,0.0481989854691892
0.5443172158607931,0.6169535868235443
0.5443372168608431,0.8148394862806595
0.5443572178608931,0.8671654395359041
0.544377218860943,0.8675473676079493
0.544397219860993,0.8165544519370088
0.544417220861043,0.6234570015231213
0.5444372218610931,0.056221138866023646
0.5444572228611431,0.427120790897074
0.544477223861193,0.7646670529973657
0.5444972248612431,0.8545261536943147
0.5445172258612931,0.8724688365680465
0.5445372268613431,0.8460451246564319
0.544557227861393,0.7332385759241313
0.5445772288614431,0.31608464782445506
0.5445972298614931,0.1563256539965076
0.5446172308615431,0.6780639669160694
0.5446372318615931,0.8312134138715908
0.544657232861643,0.8706769143417321
0.5446772338616931,0.86312915566769
0.5446972348617432,0.7973305671212784
0.5447172358617931,0.5499937357450262
0.544737236861843,0.005982316615246829
0.5447572378618931,0.525876905660689
0.5447772388619432,0.7910531697299504
0.5447972398619931,0.8616113349839106
0.5448172408620431,0.8714544109545905
0.544837241862093,0.8353031197635479
0.5448572428621431,0.6930682273445617
0.5448772438621932,0.19410934112483805
0.5448972448622431,0.27764016916813417
0.5449172458622931,0.7216178138100519
0.5449372468623431,0.8430842606897407
0.5449572478623932,0.8725748564905272
0.5449772488624431,0.8575609164482716
0.5449972498624931,0.7752880728555576
0.5450172508625432,0.46607287337944514
0.5450372518625932,0.028976743010596554
0.5450572528626432,0.5985287862724235
0.5450772538626931,0.8102511621895787
0.5450972548627431,0.8665233048900249
0.5451172558627931,0.8693979632559202
0.5451372568628432,0.8231227311309536
0.5451572578628932,0.6471675445141176
0.5451772588629431,0.0918743617122756
0.5451972598629932,0.384316281675934
0.5452172608630432,0.7531587462359298
0.5452372618630932,0.8517606383396268
0.5452572628631431,0.873280307877269
0.5452772638631932,0.8510948285705027
0.5452972648632431,0.7507052802244178
0.5453172658632932,0.3755680692269725
0.5453372668633432,0.09968543273541254
0.5453572678633931,0.6516221089787704
0.5453772688634432,0.824425721680361
0.5453972698634932,0.869848608884523
0.5454172708635432,0.8665779698944518
0.5454372718635931,0.8097953023866039
0.5454572728636432,0.5964010915980713
0.5454772738636933,0.026938509611493737
0.5454972748637432,0.46926841081986337
0.5455172758637932,0.7763539414679671
0.5455372768638431,0.8581249946931374
0.5455572778638932,0.8731218972965602
0.5455772788639432,0.8440004019007552
0.5455972798639932,0.7240971583480698
0.5456172808640432,0.28486013294880297
0.5456372818640932,0.18672547842791917
0.5456572828641433,0.6906315277900748
0.5456772838641932,0.8350019382963505
0.5456972848642432,0.8720153162358291
0.5457172858642932,0.8632506232786988
0.5457372868643433,0.795709090342633
0.5457572878643933,0.5423999621089651
0.5457772888644432,0.00471030467542212
0.5457972898644932,0.5342318087269871
0.5458172908645432,0.79362078952551
0.5458372918645933,0.8627923003917936
0.5458572928646432,0.8723698151626773
0.5458772938646932,0.8365765108430662
0.5458972948647433,0.6962557629454704
0.5459172958647933,0.2016113699090724
0.5459372968648433,0.26978604795014915
0.5459572978648932,0.719514319253439
0.5459772988649433,0.8429428093359129
0.5459972998649932,0.8733480594418385
0.5460173008650433,0.859662575540095
0.5460373018650932,0.7813591134829323
0.5460573028651432,0.48753548553486814
0.5460773038651933,0.017128319221392217
0.5460973048652433,0.583106878363001
0.5461173058652933,0.8065719572712458
0.5461373068653432,0.8662040153739031
0.5461573078653933,0.8712554443020105
0.5461773088654434,0.8291542746430008
0.5461973098654933,0.6682519234722486
0.5462173108655433,0.1324638421078009
0.5462373118655932,0.34027092543162923
0.5462573128656433,0.7410061237191524
0.5462773138656933,0.8489148107757961
0.5462973148657433,0.8741009265840808
0.5463173158657932,0.8560555498373432
0.5463373168658433,0.7673400539954526
0.5463573178658934,0.43467680565283817
0.5463773188659433,0.04974870861515457
0.5463973198659933,0.6195592562224901
0.5464173208660433,0.8163002837474727
0.5464373218660934,0.8686847150688178
0.5464573228661433,0.869981578335822
0.5464773238661933,0.8220905466366576
0.5464973248662433,0.6413851942210234
0.5465173258662933,0.0808865843879049
0.5465373268663434,0.39633352048047327
0.5465573278663933,0.756976372197248
0.5465773288664433,0.8533879541990977
0.5465973298664933,0.8744768320641917
0.5466173308665434,0.8526644067729363
0.5466373318665934,0.754319428588424
0.5466573328666433,0.38677005690761085
0.5466773338666934,0.08921977432710021
0.5466973348667433,0.6464472553020647
0.5467173358667934,0.8235561688885124
0.5467373368668433,0.8704765952516432
0.5467573378668933,0.8687262545604454
0.5467773388669434,0.815752315125677
0.5467973398669934,0.6170816174425887
0.5468173408670434,0.046506010345697665
0.5468373418670933,0.43890546233003414
0.5468573428671434,0.7686999732936779
0.5468773438671934,0.8566971365878888
0.5468973448672434,0.8746384232676603
0.5469173458672933,0.8497100681519983
0.5469373468673433,0.7429915812418939
0.5469573478673934,0.346385351644239
0.5469773488674434,0.12643028215494775
0.5469973498674934,0.6658404903953501
0.5470173508675433,0.8288576935011273
0.5470373518675934,0.8717605482732649
0.5470573528676435,0.8676423125688142
0.5470773538676934,0.8104935034178831
0.5470973548677434,0.59675515429166
0.5471173558677934,0.026120639654036607
0.5471373568678435,0.4696444781452911
0.5471573578678934,0.7770418145254779
0.5471773588679434,0.8590801817794649
0.5471973598679933,0.8747136765678248
0.5472173608680434,0.8473889156652592
0.5472373618680935,0.7340173430486527
0.5472573628681434,0.3154128150653663
0.5472773638681934,0.15626598988990198
0.5472973648682434,0.6791719470708797
0.5473173658682935,0.8325591890723534
0.5473373668683434,0.8726689440560295
0.5473573678683934,0.8668543760226374
0.5473773688684433,0.8066271019013538
0.5473973698684934,0.5816603740115681
0.5474173708685435,0.015477439269541184
0.5474373718685934,0.4900844402262656
0.5474573728686434,0.7825763462070422
0.5474773738686934,0.8607015179665978
0.5474973748687435,0.8747982886162081
0.5475173758687935,0.8458606230497576
0.5475373768688434,0.7279580187478787
0.5475573778688935,0.29500825384018514
0.5475773788689435,0.17625624023484676
0.5475973798689935,0.6873830161630432
0.5476173808690434,0.8348938285487045
0.5476373818690934,0.8732932507826325
0.5476573828691434,0.8664547511919636
0.5476773838691935,0.8043967848550948
0.5476973848692435,0.5727642566398046
0.5477173858692934,0.010809920886681895
0.5477373868693435,0.5013451253762136
0.5477573878693935,0.7856626053396905
0.5477773888694435,0.8616667573625058
0.5477973898694934,0.8749563480455005
0.5478173908695435,0.8452366059348537
0.5478373918695936,0.7252143414603265
0.5478573928696435,0.2857478029555147
0.5478773938696935,0.18536385828085078
0.5478973948697434,0.6910287063461218
0.5479173958697935,0.8359994658087097
0.5479373968698436,0.873688453020844
0.5479573978698935,0.8664995583658398
0.5479773988699435,0.8039527026282927
0.5479973998699935,0.5706543189325594
0.5480174008700436,0.009748418678359922
0.5480374018700935,0.5040587678709929
0.5480574028701435,0.7864887000011017
0.5480774038701934,0.8620312850374021
0.5480974048702435,0.8752203444834128
0.5481174058702936,0.8455712026988826
0.5481374068703435,0.7259805946838978
0.5481574078703935,0.28784877768555933
0.5481774088704435,0.18324008551625548
0.5481974098704936,0.6903413668706859
0.5482174108705435,0.8359330536463755
0.5482374118705935,0.8738754762199091
0.5482574128706436,0.867006155012732
0.5482774138706936,0.805335723619521
0.5482974148707436,0.5754869415766023
0.5483174158707935,0.011711421149955024
0.5483374168708435,0.49836145384835406
0.5483574178708935,0.7850942143821066
0.5483774188709436,0.8618046250095256
0.5483974198709936,0.8755912128978263
0.5484174208710435,0.8468572498522265
0.5484374218710936,0.7302215732531838
0.5484574228711436,0.30130425976879355
0.5484774238711936,0.16991541762636722
0.5484974248712435,0.6852571426129495
0.5485174258712936,0.8346764845509657
0.5485374268713437,0.8738422956054185
0.5485574278713936,0.8679525357443709
0.5485774288714436,0.8084730356024517
0.5485974298714935,0.5869729087102511
0.5486174308715436,0.01799287338361027
0.5486374318715936,0.4838910875932383
0.5486574328716436,0.7813747484870075
0.5486774338716935,0.8609514412514406
0.5486974348717436,0.8760387667564132
0.5487174358717937,0.8490269266269762
0.5487374368718436,0.7376762648446165
0.5487574378718936,0.32584650923169733
0.5487774388719435,0.14587107048123574
0.5487974398719936,0.6754076300949649
0.5488174408720436,0.8321349482898476
0.5488374418720936,0.8735439810823626
0.5488574428721436,0.8692789269181777
0.5488774438721936,0.8131859787616886
0.5488974448722437,0.6043991753734639
0.5489174458722936,0.03160924298529434
0.5489374468723436,0.45978036743135886
0.5489574478723936,0.7750693717876906
0.5489774488724437,0.859389317246696
0.5489974498724937,0.8765025305612404
0.5490174508725436,0.8519577657666308
0.5490374518725936,0.7478878107888054
0.5490574528726436,0.3607570273648798
0.5490774538726937,0.11251344274532156
0.5490974548727436,0.6600754644779387
0.5491174558727936,0.8281274258277794
0.5491374568728437,0.8729015433806621
0.5491574578728937,0.8708912985688659
0.5491774588729437,0.8192087348887258
0.5491974598729936,0.6266907453521277
0.5492174608730437,0.056757827962432
0.5492374618730937,0.4246705788840966
0.5492574628731437,0.7657284737833722
0.5492774638731936,0.8569827794411999
0.5492974648732436,0.8768926493053607
0.5493174658732937,0.8554827744680307
0.5493374668733437,0.7602549627615925
0.5493574678733937,0.40463900579722245
0.5493774688734436,0.07313310379109579
0.5493974698734937,0.6381090647086268
0.5494174708735438,0.8223673648317203
0.5494374718735937,0.8717990530978358
0.5494574728736437,0.8726660728569158
0.5494774738736936,0.8262145608923412
0.5494974748737437,0.6525154425446168
0.5495174758737937,0.09764991521937788
0.5495374768738437,0.37683378290819797
0.5495574778738936,0.7526556325391666
0.5495774788739437,0.853532237774768
0.5495974798739938,0.8770902384104712
0.5496174808740437,0.8594028887360949
0.5496374818740937,0.7740965036850879
0.5496574828741437,0.45531710762845695
0.5496774838741938,0.03431558547375847
0.5496974848742437,0.6077915041673895
0.5497174858742937,0.8144294955243605
0.5497374868743437,0.8700780475048945
0.5497574878743937,0.8744549786208834
0.5497774888744438,0.8338450761223063
0.5497974898744937,0.6804237371855646
0.5498174908745437,0.15673613369016698
0.5498374918745937,0.3146233951786639
0.5498574928746438,0.7348119788224546
0.5498774938746938,0.8487554152582993
0.5498974948747437,0.876946233393896
0.5499174958747938,0.863499631010679
0.5499374968748438,0.7887178630133254
0.5499574978748938,0.5099871027603339
0.5499774988749437,0.0071911490271894035
0.5499974998749937,0.566670662671328
0.5500175008750438,0.8036955655328409
0.5500375018750938,0.8675276272830222
0.5500575028751438,0.8760888050419338
0.5500775038751937,0.841737931939819
0.5500975048752438,0.7090011190419564
0.5501175058752938,0.23298758790919033
0.5501375068753438,0.23773321346328571
0.5501575078753937,0.7106646904249273
0.5501775088754437,0.8422571131866162
0.5501975098754938,0.8762774577941645
0.5502175108755438,0.8675458745242839
0.5502375118755938,0.8034692957106454
0.5502575128756437,0.5656067923682938
0.5502775138756938,0.006700346635910057
0.5502975148757439,0.5114113143974799
0.5503175158757938,0.7892665821939482
0.5503375168758438,0.8638677083961075
0.5503575178758938,0.8773787050603258
0.5503775188759439,0.8495489574164594
0.5503975198759938,0.7370021671018454
0.5504175208760438,0.32140252801151237
0.5504375218760937,0.15007958918599199
0.5504575228761438,0.6779542215721939
0.5504775238761939,0.8334802513509032
0.5504975248762438,0.874858147793757
0.5505175258762938,0.8713129385779117
0.5505375268763438,0.8177876555241371
0.5505575278763939,0.6193805153753591
0.5505775288764438,0.046423390390033584
0.5505975298764938,0.4379080518177484
0.5506175308765439,0.769820539476175
0.5506375318765938,0.8587213221672785
0.5506575328766439,0.8781135911976291
0.5506775338766938,0.8569662577658325
0.5506975348767438,0.7634400360026757
0.5507175358767938,0.4143955827762777
0.5507375368768439,0.0648176795354112
0.5507575378768939,0.6333577413463118
0.5507775388769438,0.8216260147726453
0.5507975398769939,0.8724043609133774
0.5508175408770439,0.8745726586779035
0.5508375418770939,0.831218079661073
0.5508575428771438,0.66914508709927
0.5508775438771938,0.12979242094575721
0.5508975448772438,0.3424065849679077
0.5509175458772939,0.743380880790484
0.5509375468773439,0.8515690665216809
0.5509575478773938,0.8780518896574971
0.5509775488774439,0.8637152547559626
0.5509975498774939,0.7876201367268446
0.5510175508775439,0.5043172088496136
0.5510375518775938,0.008700635560177652
0.5510575528776439,0.572082233344453
0.551077553877694,0.8055217761150172
0.5510975548777439,0.8685472093883027
0.5511175558777939,0.8770933640356393
0.5511375568778438,0.8434162668882097
0.5511575578778939,0.7135394458693787
0.551177558877944,0.24522034804399578
0.5511975598779939,0.22551916254509757
0.5512175608780439,0.7069425745554574
0.5512375618780939,0.8416736896736237
0.551257562878144,0.8769052279463208
0.5512775638781939,0.8695548275417966
0.5512975648782439,0.8091236274145193
0.551317565878294,0.5855388391939657
0.5513375668783439,0.015479611403661879
0.551357567878394,0.48768928771945785
0.5513775688784439,0.7833990606498606
0.5513975698784939,0.8627880579964144
0.5514175708785439,0.8786286101371393
0.551437571878594,0.8541350830923746
0.5514575728786439,0.7519606246923531
0.5514775738786939,0.3718883352226966
0.551497574878744,0.10204993657849655
0.551517575878794,0.6558952580626493
0.551537576878844,0.8279531751214836
0.5515575778788939,0.874310133705621
0.5515775788789439,0.874265206473904
0.5515975798789939,0.8277570455100641
0.551617580879044,0.6551751556040877
0.551637581879094,0.10065133718682526
0.5516575828791439,0.37343876748924265
0.551677583879194,0.7525158334947225
0.551697584879244,0.8544234739453955
0.551717585879294,0.8788967842883699
0.5517375868793439,0.8632003203501226
0.551757587879394,0.7843881877651142
0.5517775888794441,0.49099854192877573
0.551797589879494,0.013842572879452623
0.551817590879544,0.5832754859969967
0.5518375918795939,0.8087624455393387
0.551857592879644,0.8697808102977835
0.551877593879694,0.8776279189162465
0.551897594879744,0.8434864858156794
0.5519175958797939,0.7126519943404486
0.551937596879844,0.24160625432557287
0.5519575978798941,0.2291820325159992
0.551977598879944,0.7085181750582901
0.551997599879994,0.8424173233677984
0.552017600880044,0.8775479278829841
0.552037601880094,0.8704797009245155
0.552057602880144,0.8111704923107724
0.552077603880194,0.5921869174162088
0.552097604880244,0.019473959188792248
0.552117605880294,0.47946866474613575
0.5521376068803441,0.7815095269075154
0.552157607880394,0.8626301269628575
0.552177608880444,0.8793967635473536
0.552197609880494,0.8563704587685236
0.5522176108805441,0.7588274839414662
0.5522376118805941,0.39546917378547064
0.552257612880644,0.08086376331164345
0.552277613880694,0.6444290312399501
0.552297614880744,0.8251768856332419
0.5523176158807941,0.8741105405055081
0.552337616880844,0.8758471761195071
0.552357617880894,0.8328350355897474
0.552377618880944,0.6728935632981121
0.5523976198809941,0.13650648042073243
0.5524176208810441,0.33548668301036755
0.552437621881094,0.7419724791298447
0.5524576228811441,0.8518341851093857
0.5524776238811941,0.8792562119330235
0.5524976248812441,0.8664988061461134
0.552517625881294,0.7951969496417562
0.552537626881344,0.5308710380359533
0.5525576278813941,0.0022186437845057153
0.5525776288814441,0.5494587337878944
0.5525976298814941,0.8001490783115822
0.552617630881544,0.8679041252401811
0.5526376318815941,0.8791416277501414
0.5526576328816442,0.8499472132711137
0.5526776338816941,0.7349293600192409
0.5526976348817441,0.31139638543767467
0.5527176358817941,0.15998035216595596
0.5527376368818441,0.6831124459430586
0.5527576378818941,0.8357918952452716
0.5527776388819441,0.8767589970256785
0.552797639881994,0.8739385837598475
0.5528176408820441,0.8233687842182086
0.5528376418820942,0.6370074354637131
0.5528576428821441,0.06858717976095603
0.5528776438821941,0.4098321787868565
0.5528976448822441,0.7630746540358172
0.5529176458822942,0.8578892076387221
0.5529376468823441,0.8801151146125598
0.5529576478823941,0.8630157227486973
0.552977648882444,0.7816160324274775
0.5529976498824941,0.4787725284980312
0.5530176508825442,0.019708387862530652
0.5530376518825941,0.5933038866853622
0.5530576528826441,0.8118814832334424
0.5530776538826941,0.8712259510873882
0.5530976548827442,0.8786824903755178
0.5531176558827942,0.8447877893806991
0.5531376568828441,0.7155467754191612
0.5531576578828942,0.24880891387654153
0.5531776588829442,0.2221438220914782
0.5531976598829942,0.706614642359144
0.5532176608830441,0.8423974220727484
0.5532376618830941,0.8783597534222717
0.5532576628831442,0.8724305200947379
0.5532776638831942,0.8162685106014909
0.5532976648832442,0.6096589299087374
0.5533176658832941,0.033753985939942645
0.5533376668833442,0.4555677246392055
0.5533576678833942,0.7756146944041273
0.5533776688834442,0.861573724250156
0.5533976698834941,0.8805904012687339
0.5534176708835442,0.8606185860752045
0.5534376718835942,0.7721715952817715
0.5534576728836442,0.4427334035942027
0.5534776738836942,0.042681390110400924
0.5534976748837441,0.6180610232188243
0.5535176758837942,0.8186218346337467
0.5535376768838443,0.873191388228974
0.5535576778838942,0.8784152539187211
0.5535776788839442,0.8416232546755122
0.5535976798839942,0.7033417714680752
0.5536176808840443,0.21240538560531408
0.5536376818840942,0.2586545228760017
0.5536576828841442,0.719008347827718
0.5536776838841941,0.8459989329786148
0.5536976848842442,0.879307573371191
0.5537176858842943,0.8717094191491245
0.5537376868843442,0.8125091957116068
0.5537576878843942,0.5947862506002525
0.5537776888844442,0.020406141960424347
0.5537976898844943,0.47741246451482094
0.5538176908845442,0.7816138992206733
0.5538376918845942,0.8634458413696404
0.5538576928846443,0.8809741817800385
0.5538776938846943,0.8597269455147298
0.5538976948847443,0.7682095029555904
0.5539176958847942,0.42737943132754236
0.5539376968848442,0.054328681264667125
0.5539576978848942,0.6276862681160431
0.5539776988849443,0.8213650189245376
0.5539976998849943,0.8741296427893945
0.5540177008850442,0.8785806088353051
0.5540377018850943,0.8409381673890631
0.5540577028851443,0.7001543665288426
0.5540777038851943,0.20293426585209237
0.5540977048852442,0.26825493665695954
0.5541177058852943,0.7222764201736404
0.5541377068853443,0.8470942202596419
0.5541577078853943,0.879808109249814
0.5541777088854443,0.8719891694996151
0.5541977098854942,0.8126569251885722
0.5542177108855443,0.594664405387864
0.5542377118855943,0.020051587382946528
0.5542577128856443,0.47801626848448653
0.5542777138856942,0.7819543602713988
0.5542977148857443,0.8637549622225094
0.5543177158857944,0.8813986459735814
0.5543377168858443,0.8605315692398549
0.5543577178858943,0.7703523892170071
0.5543777188859442,0.4346348246641322
0.5543977198859943,0.04874513992297528
0.5544177208860444,0.6236454781586189
0.5544377218860943,0.8204699421439909
0.5544577228861443,0.8741578252830776
0.5544777238861943,0.8792564379966791
0.5544977248862444,0.8428768894195048
0.5545177258862943,0.7065262521010004
0.5545377268863443,0.22034394552705644
0.5545577278863943,0.2509045814175804
0.5545777288864444,0.7168809803250943
0.5545977298864944,0.8457959726531485
0.5546177308865443,0.8798988756262824
0.5546377318865943,0.8732894829062784
0.5546577328866443,0.8167374781615399
0.5546777338866944,0.6093856896706977
0.5546977348867443,0.03256786048072234
0.5547177358867943,0.4573606214821113
0.5547377368868444,0.7766362842594126
0.5547577378868944,0.8624925331416831
0.5547777388869444,0.8818408441933258
0.5547977398869943,0.8629644150067987
0.5548177408870444,0.7783372834422287
0.5548377418870943,0.46374026211636454
0.5548577428871444,0.028422805885440296
0.5548777438871944,0.6052166972322959
0.5548977448872443,0.8157553715155322
0.5549177458872944,0.8732000145543442
0.5549377468873444,0.8803562365095642
0.5549577478873944,0.8472145330399888
0.5549777488874443,0.7215525125071112
0.5549977498874944,0.2649489684169849
0.5550177508875445,0.20645291216674957
0.5550377518875944,0.7018913243454556
0.5550577528876444,0.841859050953951
0.5550777538876943,0.8794553968471959
0.5550977548877444,0.8754363125238938
0.5551177558877944,0.8242301850555425
0.5551377568878444,0.636826825687657
0.5551577578878943,0.06639704991084652
0.5551777588879444,0.4127174901788514
0.5551977598879945,0.7647759673902735
0.5552177608880444,0.8593927104090092
0.5552377618880944,0.8821262319323441
0.5552577628881444,0.8667126104192191
0.5552777638881945,0.7910826801445524
0.5552977648882444,0.5111714291883238
0.5553177658882944,0.005686043577599854
0.5553377668883444,0.5693130119471517
0.5553577678883944,0.8064518223981039
0.5553777688884445,0.8709798992812987
0.5553977698884944,0.8816380378124234
0.5554177708885444,0.853405331476344
0.5554377718885944,0.743116019125673
0.5554577728886445,0.3353468401537564
0.5554777738886945,0.13718023519693773
0.5554977748887444,0.6747058832171662
0.5555177758887945,0.8346242804324016
0.5555377768888444,0.878185024905751
0.5555577778888945,0.8780855966661705
0.5555777788889444,0.8341906576102346
0.5555977798889944,0.6731157761389209
0.5556177808890445,0.1335859821844818
0.5556377818890945,0.3391351376624937
0.5556577828891445,0.7443411624519398
0.5556777838891944,0.8538821190973607
0.5556977848892445,0.8819297743404599
0.5557177858892945,0.8712715575949987
0.5557377868893445,0.8069595926931008
0.5557577878893945,0.5707850110944189
0.5557777888894444,0.006057083409118806
0.5557977898894945,0.509867810541702
0.5558177908895445,0.7909851176301553
0.5558377918895945,0.866981439567689
0.5558577928896444,0.8827189817047164
0.5558777938896945,0.8606897146241081
0.5558977948897446,0.768425560571221
0.5559177958897945,0.4252288435097039
0.5559377968898445,0.05627578035042645
0.5559577978898945,0.6302768365254228
0.5559777988899446,0.8228507262526458
0.5559977998899945,0.8756006839675796
0.5560178008900445,0.8807596778749652
0.5560378018900944,0.8454539002247281
0.5560578028901445,0.7135537590261128
0.5560778038901946,0.23900123064446027
0.5560978048902445,0.232703024188961
0.5561178058902945,0.7115007876616125
0.5561378068903445,0.8449529588833665
0.5561578078903946,0.8807648164212475
0.5561778088904445,0.8760158867050757
0.5561978098904945,0.8241605005553495
0.5562178108905446,0.6349535423175371
0.5562378118905945,0.06273418588561241
0.5562578128906446,0.4173779907857623
0.5562778138906945,0.7664828935934486
0.5562978148907445,0.8603549797799297
0.5563178158907945,0.8830824107206148
0.5563378168908446,0.8682192029998035
0.5563578178908946,0.7946613414685288
0.5563778188909445,0.5231281633151107
0.5563978198909946,0.0025672592675304263
0.5564178208910446,0.559707243835234
0.5564378218910946,0.8043504094993413
0.5564578228911445,0.8709542752310275
0.5564778238911945,0.8828774407032477
0.5564978248912446,0.8568420175512428
0.5565178258912946,0.7537203117346312
0.5565378268913446,0.3709277092846155
0.5565578278913945,0.10372097863901855
0.5565778288914446,0.6593070593626392
0.5565978298914946,0.8308930209841511
0.5566178308915446,0.8779402861868988
0.5566378318915945,0.8802594720775644
0.5566578328916446,0.8410312444588152
0.5566778338916947,0.6965634647390078
0.5566978348917446,0.1899442848227942
0.5567178358917946,0.28211521211675916
0.5567378368918445,0.7277459018483923
0.5567578378918946,0.8497169758622559
0.5567778388919447,0.8820571803597582
0.5567978398919946,0.8751548180461223
0.5568178408920446,0.8194930626717624
0.5568378418920946,0.6165244865039597
0.5568578428921447,0.03864104107236112
0.5568778438921946,0.44883582543817857
0.5568978448922446,0.7752229059679567
0.5569178458922946,0.8630880957213702
0.5569378468923446,0.8837551602844318
0.5569578478923947,0.867309389723752
0.5569778488924446,0.7903136602396956
0.5569978498924946,0.5056852090794504
0.5570178508925446,0.007378161625700385
0.5570378518925947,0.5753517692903194
0.5570578528926446,0.8087196697212808
0.5570778538926946,0.8724513919752245
0.5570978548927447,0.8832772150845641
0.5571178558927947,0.856266808782122
0.5571378568928447,0.7507032027819778
0.5571578578928946,0.35931943539412403
0.5571778588929446,0.1147953280514625
0.5571978598929946,0.665162941807896
0.5572178608930447,0.8327278879922347
0.5572378618930947,0.8787387751037061
0.5572578628931446,0.8807069200034064
0.5572778638931947,0.8413203726139525
0.5572978648932447,0.6966833614953
0.5573178658932947,0.1894995140063794
0.5573378668933446,0.28281795358041556
0.5573578678933947,0.7282330214435936
0.5573778688934448,0.8501158641790091
0.5573978698934947,0.8825508017838133
0.5574178708935447,0.8759909787224872
0.5574378718935946,0.8214335748121759
0.5574578728936447,0.6228758082593165
0.5574778738936947,0.045605562104089406
0.5574978748937447,0.4394623378907295
0.5575178758937946,0.7729610085797044
0.5575378768938447,0.8627348725389922
0.5575578778938948,0.8842647743548914
0.5575778788939447,0.8689434226713182
0.5575978798939947,0.7951214084996467
0.5576178808940447,0.5229854771875564
0.5576378818940947,0.0024758524364718393
0.5576578828941448,0.5609633512601568
0.5576778838941947,0.8051779514747878
0.5576978848942447,0.8717978175999002
0.5577178858942947,0.8840991443559695
0.5577378868943448,0.8592342734840832
0.5577578878943947,0.7602868208259578
0.5577778888944447,0.3926623269284747
0.5577978898944947,0.08436652643345166
0.5578178908945448,0.6494109772759284
0.5578378918945948,0.8287289575171111
0.5578578928946447,0.8781093153485867
0.5578778938946947,0.8821511063036075
0.5578978948947447,0.8463627319037165
0.5579178958947948,0.7140242248563633
0.5579378968948447,0.23793265826729945
0.5579578978948947,0.2345476304965529
0.5579778988949448,0.712954067622767
0.5579978998949948,0.8461330557848368
0.5580179008950448,0.8822056235296499
0.5580379018950947,0.8784168440056924
0.5580579028951448,0.8296129830022292
0.5580779038951948,0.6524654223213098
0.5580979048952448,0.08957348692755548
0.5581179058952948,0.3870101552036218
0.5581379068953447,0.758918172161606
0.5581579078953948,0.8590565338502181
0.5581779088954448,0.8844405793823348
0.5581979098954948,0.8727996248121767
0.5582179108955447,0.807989533008461
0.5582379118955948,0.5709280167890987
0.5582579128956449,0.005209824955245335
0.5582779138956948,0.512274924112483
0.5582979148957448,0.7926176835571869
0.5583179158957948,0.8686177988333569
0.5583379168958448,0.8850388551415204
0.5583579178958948,0.8651083954192784
0.5583779188959448,0.780129638981437
0.5583979198959947,0.46507398559972724
0.5584179208960448,0.02799860437258053
0.5584379218960949,0.6070892572657476
0.5584579228961448,0.8176765827175698
0.5584779238961948,0.8755782334708023
0.5584979248962448,0.8841289671990441
0.5585179258962949,0.8550479368009155
0.5585379268963448,0.7441960667050928
0.5585579278963948,0.33455233147705243
0.5585779288964448,0.139124289273523
0.5585979298964948,0.6770669086495014
0.5586179308965449,0.8365337272695782
0.5586379318965948,0.8804616067238372
0.5586579328966448,0.8817633188763196
0.5586779338966948,0.8422005920625791
0.5586979348967449,0.6977723764688736
0.5587179358967949,0.19067297388386484
0.5587379368968448,0.2823098065910952
0.5587579378968949,0.7286912782784072
0.5587779388969449,0.8508395061136386
0.5587979398969949,0.8836295324636381
0.5588179408970448,0.8779295560382769
0.5588379418970948,0.8259989611260318
0.5588579428971449,0.6378342902961834
0.5588779438971949,0.06483797626403633
0.5588979448972449,0.41578171857915774
0.5589179458972948,0.7671412315066811
0.5589379468973449,0.861724964266976
0.558957947897395,0.885329781005773
0.5589779488974449,0.8725557407631896
0.5589979498974949,0.8056889036353312
0.5590179508975449,0.5609921237100464
0.5590379518975949,0.0021281137193365947
0.5590579528976449,0.5244537367673824
0.5590779538976949,0.796142256853604
0.5590979548977448,0.8699766010316273
0.5591179558977949,0.8857275824699422
0.559137956897845,0.8655107767839488
0.5591579578978949,0.7802832772731504
0.5591779588979449,0.4644394846225957
0.5591979598979949,0.02858429179066033
0.559217960898045,0.6082022858488658
0.5592379618980949,0.8182891396666985
0.5592579628981449,0.8761489386954837
0.5592779638981948,0.8849260632352988
0.5592979648982449,0.8566008640289143
0.559317965898295,0.7485104497430354
0.5593379668983449,0.34835791562510215
0.5593579678983949,0.12619242907784434
0.5593779688984449,0.6716491182294211
0.559397969898495,0.8353810503951216
0.559417970898545,0.8806374500820543
0.5594379718985949,0.8829795768690342
0.559457972898645,0.8455623711351368
0.559477973898695,0.7087707226497624
0.559497974898745,0.22037559594466596
0.5595179758987949,0.2529492793473733
0.5595379768988449,0.719738644761745
0.5595579778988949,0.8486746517865938
0.559577978898945,0.8837263847504403
0.559597979898995,0.8799022661392774
0.5596179808990449,0.8320513402703158
0.559637981899095,0.6591341328942328
0.559657982899145,0.10043577554818417
0.559677983899195,0.3758742091337932
0.5596979848992449,0.7564845434629026
0.559717985899295,0.859058472584324
0.559737986899345,0.8856205967490223
0.559757987899395,0.8756733310153031
0.559777988899445,0.815629903653434
0.5597979898994949,0.5974541240335715
0.559817990899545,0.019201577679440748
0.559837991899595,0.4804849612024297
0.559857992899645,0.7848675900486719
0.559877993899695,0.867169527841363
0.559897994899745,0.8864670517301021
0.5599179958997951,0.8702399521621067
0.559937996899845,0.795750314937753
0.559957997899895,0.5217434387117089
0.5599779988999449,0.002702321211422251
0.559997999899995,0.5643998268891824
0.560018000900045,0.8070349291923868
0.560038001900095,0.8734709144446553
0.560058002900145,0.8863695806715801
0.560078003900195,0.8635185002867943
0.5600980049002451,0.7717383347744413
0.560118005900295,0.43105212195616893
0.560138006900345,0.05290670480458547
0.560158007900395,0.6301642748069197
0.5601780089004451,0.8245233807200113
0.5601980099004951,0.8783037484546167
0.560218010900545,0.8853991504305009
0.560238011900595,0.8553944753707239
0.560258012900645,0.7427798142360276
0.5602780139006951,0.32710995344025096
0.560298014900745,0.14731026932354932
0.560318015900795,0.6814378045052902
0.5603380169008451,0.8384380498360108
0.5603580179008951,0.8819223215699102
0.5603780189009451,0.8836011195278662
0.560398019900995,0.8457215265517208
0.5604180209010451,0.707918228525522
0.560438021901095,0.216655980060119
0.5604580229011451,0.25725827834661963
0.560478023901195,0.7215610135134277
0.560498024901245,0.8495814263883071
0.5605180259012951,0.8845182300717032
0.5605380269013451,0.8810004471721271
0.5605580279013951,0.8343198848083364
0.560578028901445,0.6660776517756113
0.5605980299014951,0.1132406593813877
0.5606180309015452,0.36272143253571354
0.5606380319015951,0.7532015406959063
0.5606580329016451,0.8585433417132198
0.560678033901695,0.88623718819817
0.5606980349017451,0.8776055081413398
0.5607180359017951,0.8209745926281239
0.5607380369018451,0.6161362398743726
0.560758037901895,0.035686591410666685
0.5607780389019451,0.45459318168521623
0.5607980399019952,0.7783826295312299
0.5608180409020451,0.8657629798293947
0.5608380419020951,0.8871909327552422
0.5608580429021451,0.8734109657581911
0.5608780439021952,0.805434044050878
0.5608980449022452,0.5570894586522877
0.5609180459022951,0.0010330068591843857
0.560938046902345,0.5308841223171141
0.5609580479023951,0.7986101744273794
0.5609780489024452,0.8715716802466825
0.5609980499024951,0.8874657948389425
0.5610180509025451,0.8684000273385131
0.5610380519025951,0.7874095689515732
0.5610580529026452,0.48835524604294567
0.5610780539026952,0.01533773482119274
0.5610980549027451,0.5928788428739448
0.5611180559027952,0.8150010474471706
0.5611380569028451,0.8762227000264838
0.5611580579028952,0.887128983097746
0.5611780589029451,0.8625463250582788
0.5611980599029951,0.7665771241595188
0.5612180609030452,0.4102691025084097
0.5612380619030952,0.07054271371242406
0.5612580629031452,0.6428895110552677
0.5612780639031951,0.8283870108683515
0.5612980649032452,0.8799121253227147
0.5613180659032952,0.8862332799394609
0.5613380669033452,0.8558156137208885
0.5613580679033952,0.7425826024069314
0.5613780689034451,0.3247613421719292
0.5613980699034952,0.15032126198492984
0.5614180709035452,0.6832508558017705
0.5614380719035952,0.8393924953315627
0.5614580729036451,0.8827937416044817
0.5614780739036952,0.8848206280262602
0.5614980749037453,0.8481674446540787
0.5615180759037952,0.7150528261065312
0.5615380769038452,0.23605557075225433
0.5615580779038952,0.23860794161233406
0.5615780789039453,0.7159710113244528
0.5615980799039952,0.8484909981365792
0.5616180809040452,0.8849897432280207
0.5616380819040951,0.8829249359917712
0.5616580829041452,0.8395569544823154
0.5616780839041953,0.6836148899675564
0.5616980849042452,0.15097670594773122
0.5617180859042952,0.32433754033319484
0.5617380869043452,0.7426671082990253
0.5617580879043953,0.856045521054792
0.5617780889044452,0.8865985471663818
0.5617980899044952,0.8805743324192578
0.5618180909045452,0.8299368930237299
0.5618380919045952,0.6479269825553572
0.5618580929046453,0.07827554629739865
0.5618780939046952,0.4017981349020324
0.5618980949047452,0.7646042670459816
0.5619180959047952,0.8623375326363134
0.5619380969048453,0.8877005680256104
0.5619580979048953,0.8777930285710145
0.5619780989049452,0.819260001169688
0.5619980999049953,0.6077238092722291
0.5620181009050453,0.0266367698405803
0.5620381019050953,0.46903115659811967
0.5620581029051452,0.7827610682340259
0.5620781039051952,0.8675877996207544
0.5620981049052453,0.8883625404097967
0.5621181059052953,0.8746029022234781
0.5621381069053453,0.8074818325424702
0.5621581079053952,0.5628786878962496
0.5621781089054453,0.001936526035879375
0.5621981099054953,0.5261440623897299
0.5622181109055453,0.7978928528646377
0.5622381119055953,0.8719714763255879
0.5622581129056453,0.8886407930641008
0.5622781139056954,0.8710248801402696
0.5622981149057453,0.7945640873640643
0.5623181159057953,0.5134815169060738
0.5623381169058452,0.005230582087816311
0.5623581179058953,0.574158908335743
0.5623781189059454,0.8105843636584157
0.5623981199059953,0.8756291277197685
0.5624181209060453,0.8885837563243192
0.5624381219060953,0.8670801706500264
0.5624581229061454,0.7804784885989337
0.5624781239061953,0.45992637837678363
0.5624981249062453,0.0327400548235606
0.5625181259062952,0.6143745585652977
0.5625381269063453,0.8212908813730387
0.5625581279063954,0.8786748549164612
0.5625781289064453,0.8882339003502355
0.5625981299064953,0.8627913774905681
0.5626181309065453,0.7652111752530716
0.5626381319065954,0.40299440760508654
0.5626581329066453,0.07769296467053469
0.5626781339066953,0.6480635126068093
0.5626981349067454,0.8303694720950647
0.5627181359067954,0.8812023388907184
0.5627381369068454,0.8876292435081988
0.5627581379068953,0.8581835096754817
0.5627781389069453,0.7487675133780325
0.5627981399069953,0.3439082322173625
0.5628181409070454,0.13271002716837188
0.5628381419070954,0.6763519057328373
0.5628581429071453,0.838102433268035
0.5628781439071954,0.8832893743890418
0.5628981449072454,0.8868045296795702
0.5629181459072954,0.8532848885172207
0.5629381469073453,0.7311771328052956
0.5629581479073954,0.2843277890924202
0.5629781489074455,0.1915228996972456
0.5629981499074954,0.7001888631952388
0.5630181509075454,0.8447148196936335
0.5630381519075953,0.8850012977224692
0.5630581529076454,0.8857921446798815
0.5630781539076954,0.8481279415275113
0.5630981549077454,0.7124988927682308
0.5631181559077953,0.22625994515731726
0.5631381569078454,0.24966159963119539
0.5631581579078955,0.7203547151562733
0.5631781589079454,0.8503875565776972
0.5631981599079954,0.8863935955475762
0.5632181609080453,0.8846228217286524
0.5632381619080954,0.8427498636333267
0.5632581629081455,0.6928253743765488
0.5632781639081954,0.17187162305938655
0.5632981649082454,0.30438888548146004
0.5633181659082954,0.7374832013090055
0.5633381669083455,0.8552672861598255
0.5633581679083954,0.8875139006059132
0.5633781689084454,0.8833261715905611
0.5633981699084954,0.8371931190730462
0.5634181709085455,0.672286411787514
0.5634381719085955,0.12322737937468936
0.5634581729086454,0.3543020173318172
0.5634781739086954,0.7520863490761076
0.5634981749087454,0.8594737989641217
0.5635181759087955,0.8884035235405024
0.5635381769088454,0.8819310629753505
0.5635581779088954,0.831505752983589
0.5635781789089455,0.6510511310091978
0.5635981799089955,0.08200644555552311
0.5636181809090455,0.3988909395224692
0.5636381819090954,0.7645774052569858
0.5636581829091455,0.863105674409702
0.5636781839091956,0.8890986298257337
0.5636981849092455,0.8804658719487325
0.5637181859092955,0.8257414803616409
0.5637381869093454,0.6293279917102671
0.5637581879093955,0.04927256847767447
0.5637781889094455,0.4381796079256356
0.5637981899094955,0.7752903241401133
0.5638181909095454,0.8662445876998045
0.5638381919095955,0.8896311424108279
0.5638581929096456,0.87895861468765
0.5638781939096955,0.819959522414434
0.5638981949097455,0.6073624429576023
0.5639181959097954,0.02535856240376514
0.5639381969098455,0.47248764598163995
0.5639581979098955,0.7845434006608775
0.5639781989099455,0.8690135086870753
0.5639981999099954,0.89009421283143
0.5640182009100455,0.877524744148399
0.5640382019100956,0.8143632164638988
0.5640582029101455,0.5856380082702235
0.5640782039101955,0.00984823824314254
0.5640982049102455,0.502819821659677
0.5641182059102956,0.7927799458138061
0.5641382069103456,0.8715588589145669
0.5641582079103955,0.8905467791983328
0.5641782089104455,0.8761868471712031
0.5641982099104955,0.8089647432559341
0.5642182109105456,0.5643059404127064
0.5642382119105955,0.0018888413271600576
0.5642582129106455,0.5290406083512694
0.5642782139106955,0.7998895801974644
0.5642982149107456,0.8737779273934714
0.5643182159107956,0.8909118106907018
0.5643382169108455,0.8748908812874407
0.5643582179108956,0.8037598671283059
0.5643782189109456,0.5436178962697252
0.5643982199109956,0.000198812038980916
0.5644182209110455,0.5516002638516195
0.5644382219110955,0.8060224374151773
0.5644582229111456,0.8757124747645161
0.5644782239111956,0.8912100164583191
0.5644982249112456,0.8736626710835527
0.5645182259112955,0.7988217380511722
0.5645382269113456,0.5238936219205573
0.5645582279113956,0.0033144591173491
0.5645782289114456,0.5709112623749533
0.5645982299114956,0.8113015855385267
0.5646182309115455,0.877397760646622
0.5646382319115956,0.8914598460097547
0.5646582329116456,0.8725268975183096
0.5646782339116956,0.7942238784541217
0.5646982349117455,0.5054477709682386
0.5647182359117956,0.009770336873371612
0.5647382369118457,0.5873372745405449
0.5647582379118956,0.8158279413415181
0.5647782389119456,0.8788635248463985
0.5647982399119956,0.8916776388306794
0.5648182409120457,0.8715067826934932
0.5648382419120956,0.7900384735760821
0.5648582429121456,0.4885796409546932
0.5648782439121955,0.01821990063307179
0.5648982449122456,0.6011905733693332
0.5649182459122957,0.8196841239546242
0.5649382469123456,0.8801347589005747
0.5649582479123956,0.8918777231578046
0.5649782489124456,0.8706237464094962
0.5649982499124957,0.7863345319283699
0.5650182509125456,0.47356427470240925
0.5650382519125956,0.027502377065655406
0.5650582529126457,0.6127337049581547
0.5650782539126956,0.8229374733119678
0.5650982549127457,0.881232312871927
0.5651182559127956,0.8920724770426435
0.5651382569128456,0.8698970515368557
0.5651582579128956,0.7831759917751567
0.5651782589129457,0.4606455327568163
0.5651982599129957,0.03666657902675531
0.5652182609130456,0.6221830218883744
0.5652382619130957,0.8256424079935495
0.5652582629131457,0.8821733717968809
0.5652782639131957,0.8922723628507777
0.5652982649132456,0.8693434558659673
0.5653182659132956,0.7806198579327366
0.5653382669133457,0.45003139289931426
0.5653582679133957,0.04496617033740956
0.5653782689134457,0.6297127404097672
0.5653982699134956,0.8278422563842932
0.5654182709135457,0.8829718281635192
0.5654382719135957,0.8924859446482413
0.5654582729136457,0.8689768880037086
0.5654782739136957,0.7787144563993484
0.5654982749137457,0.44189135739753416
0.5655182759137958,0.05183971953790512
0.5655382769138457,0.6354588035951977
0.5655582779138957,0.8295706629071202
0.5655782789139456,0.8836385705955917
0.5655982799139957,0.8927198964018419
0.5656182809140458,0.8688081640303668
0.5656382819140957,0.7774978922596683
0.5656582829141457,0.4363555277152178
0.5656782839141957,0.05688564902798697
0.5656982849142458,0.6395221851702961
0.5657182859142957,0.8308526455803307
0.5657382869143457,0.8841817040284667
0.5657582879143958,0.8929790074771043
0.5657782889144457,0.8688447598806169
0.5657982899144958,0.7769967887964065
0.5658182909145457,0.43351470322827945
0.5658382919145957,0.05983878372639072
0.5658582929146457,0.6419714601791513
0.5658782939146958,0.8317053608918502
0.5658982949147457,0.8846067127103839
0.5659182959147957,0.8932661904996607
0.5659382969148458,0.869090651854289
0.5659582979148958,0.7772253734053747
0.5659782989149458,0.4334208109305744
0.5659982999149957,0.060552501501875584
0.5660183009150457,0.6428445664085083
0.5660383019150957,0.8321386153735767
0.5660583029151458,0.8849165740949754
0.5660783039151958,0.8935824952283006
0.5660983049152457,0.8695462343643994
0.5661183059152958,0.7781849595362931
0.5661383069153458,0.4360870783218779
0.5661583079153958,0.05898866903039248
0.5661783089154457,0.6421497242186976
0.5661983099154958,0.8321551494348047
0.5662183109155459,0.8851118288722072
0.5662383119155958,0.8939271306666315
0.5662583129156458,0.8702083201828307
0.5662783139156957,0.7798638542972796
0.5662983149157458,0.44148759657846615
0.5663183159157958,0.05521644631483208
0.5663383169158458,0.6398654961127606
0.5663583179158957,0.8317507067850408
0.5663783189159458,0.8851906098671396
0.5663983199159959,0.894297496220214
0.5664183209160458,0.8710702242563856
0.5664383219160958,0.782237699927812
0.5664583229161458,0.4495562356836995
0.5664783239161958,0.04942035902455003
0.5664983249162459,0.6359399660489822
0.5665183259162958,0.8309138914611197
0.5665383269163458,0.8851486301804204
0.5665583279163958,0.8946892213098563
0.5665783289164459,0.8721219279075664
0.5665983299164958,0.7852702349868839
0.5666183309165458,0.46018520709431787
0.5666383319165958,0.041917424194821744
0.5666583329166459,0.6302890122581155
0.5666783339166959,0.829625803149536
0.5666983349167458,0.8849791286208821
0.5667183359167958,0.8950962115032728
0.5667383369168458,0.8733503161745085
0.5667583379168959,0.7889144393063068
0.5667783389169458,0.473223854860038
0.5667983399169958,0.033182199383079876
0.5668183409170459,0.6227936462218423
0.5668383419170959,0.8278594294818771
0.5668583429171459,0.8846727680735608
0.5668783439171958,0.8955106979401829
0.5668983449172459,0.8747394774266294
0.566918345917296,0.793114006847741
0.5669383469173459,0.4884784316647728
0.5669583479173959,0.02387701690280844
0.5669783489174458,0.6132964057314607
0.5669983499174959,0.8255787602814869
0.5670183509175459,0.8842174798179154
0.5670383519175959,0.8959232856217989
0.5670583529176458,0.8762710514559257
0.5670783539176959,0.7978050738147373
0.567098354917746,0.505713633670398
0.5671183559177959,0.014882003209516511
0.5671383569178459,0.6015968410641565
0.5671583579178959,0.8227375724118098
0.5671783589179459,0.8835982437998676
0.5671983599179959,0.896322995005408
0.5672183609180459,0.8779246100974183
0.5672383619180958,0.8029181171804842
0.5672583629181459,0.5246565083769323
0.567278363918196,0.007315618080560506
0.5672983649182459,0.5874462518175712
0.5673183659182959,0.8192778135834488
0.5673383669183459,0.8827967912633313
0.567358367918396,0.8966972902745385
0.567378368918446,0.8796780532426434
0.5673983699184959,0.8083799319848886
0.5674183709185459,0.5450030299868187
0.5674383719185959,0.0025318042789876432
0.567458372918646,0.5705420735029396
0.5674783739186959,0.8151274876864784
0.5674983749187459,0.8817912117079585
0.567518375918796,0.8970320866043263
0.567538376918846,0.881508002767996
0.567558377918896,0.8141155952396322
0.5675783789189459,0.5664272141997984
0.567598379918996,0.0020759659786368703
0.567618380919046,0.5505227738820343
0.567638381919096,0.8101979107623505
0.5676583829191459,0.8805554404926805
0.5676783839191959,0.8973117276401207
0.567698384919246,0.8833901774665265
0.567718385919296,0.8200503296797831
0.567738386919346,0.5885922066219054
0.5677583879193959,0.007582013215513528
0.567778388919446,0.5269649616784692
0.567798389919496,0.804380163180533
0.567818390919546,0.8790585960475372
0.567838391919596,0.8975189231622481
0.567858392919646,0.8852997332762618
0.567878393919696,0.8261111917835396
0.567898394919746,0.6111624229184532
0.567918395919796,0.020600918961616446
0.5679383969198459,0.4993859024089106
0.567958397919896,0.7975405066615635
0.5679783989199461,0.877264125959512
0.567998399919996,0.8976346353825192
0.568018400920046,0.8872115548438507
0.568038401920096,0.8322285238946987
0.5680584029201461,0.633815624285119
0.568078403920196,0.04237087423001264
0.568098404920246,0.4672571907144306
0.5681184059202959,0.789514461072233
0.568138406920346,0.875128708151123
0.5681584079203961,0.8976379003321017
0.568178408920446,0.8891004864756212
0.568198409920496,0.8383371285631036
0.568218410920546,0.6562538169626112
0.5682384119205961,0.07356809546517044
0.568258412920646,0.43003952134308576
0.568278413920696,0.7800991421739607
0.5682984149207461,0.8726008357077505
0.5683184159207961,0.8975055681139648
0.5683384169208461,0.8909414925342428
0.568358417920896,0.8443771424582501
0.568378418920946,0.6782120578943287
0.568398419920996,0.11410439035365652
0.5684184209210461,0.38725494460361237
0.5684384219210961,0.7690433469398599
0.568458422921146,0.869618989682015
0.5684784239211961,0.8972119420906165
0.5684984249212461,0.8927097391596908
0.5685184259212961,0.8502946055892784
0.568538426921346,0.6994645746432877
0.5685584279213961,0.16304445166240705
0.568578428921446,0.3386217882142866
0.5685984299214961,0.7560347435915931
0.5686184309215461,0.8661092707775301
0.568638431921596,0.8967282919230525
0.5686584329216461,0.8943805904802022
0.5686784339216961,0.8560417376942997
0.5686984349217461,0.7198279859916128
0.568718435921796,0.21868879824504295
0.5687384369218461,0.2842865462119064
0.5687584379218962,0.7406834033186094
0.5687784389219461,0.861982314256268
0.5687984399219961,0.896022208191361
0.568818440922046,0.8959295130912436
0.5688384419220961,0.8615769462486962
0.5688584429221462,0.7391617627222747
0.5688784439221961,0.2788128052243783
0.5688984449222461,0.2251885737892652
0.5689184459222961,0.7225008652346281
0.5689384469223462,0.8571292472336178
0.5689584479223961,0.8950567562676185
0.5689784489224461,0.8973318822210871
0.5689984499224962,0.8668645992140703
0.5690184509225462,0.757366337282394
0.5690384519225962,0.34099549474799673
0.5690584529226461,0.16356725551540832
0.5690784539226961,0.7008741155479872
0.5690984549227461,0.8514163557468752
0.5691184559227962,0.8937893730287572
0.5691384569228461,0.8985626814523036
0.5691584579228961,0.8718746000602294
0.5691784589229462,0.7743794295321913
0.5691984599229962,0.4029449441721346
0.5692184609230462,0.10353066783088469
0.5692384619230961,0.6750346519558394
0.5692584629231462,0.8446779992679279
0.5692784639231961,0.8921704301847151
0.5692984649232462,0.8995960848504428
0.5693184659232962,0.8765818031704095
0.5693384669233461,0.7901712045511846
0.5693584679233962,0.46274211550940436
0.5693784689234462,0.05141412355220579
0.5693984699234962,0.6440249984644366
0.5694184709235461,0.8367071270612199
0.5694384719235962,0.8901413599959813
0.5694584729236463,0.900404905490624
0.5694784739236962,0.8809653049698195
0.5694984749237462,0.8047388396139536
0.5695184759237961,0.5189671195629686
0.5695384769238462,0.01541237515982813
0.5695584779238962,0.6066703376761085
0.5695784789239462,0.8272424927794286
0.5695984799239961,0.8876321993214494
0.5696184809240462,0.9009598871654599
0.5696384819240963,0.8850076405906038
0.5696584829241462,0.8181009816199724
0.5696784839241962,0.5707152703897376
0.5696984849242462,0.003934957661209773
0.5697184859242963,0.5615747796637948
0.5697384869243463,0.8159513055236074
0.5697584879243962,0.8845583508252158
0.5697784889244462,0.9012288057599119
0.5697984899244962,0.8886939083700102
0.5698184909245463,0.8302924542258223
0.5698384919245962,0.6175363297292612
0.5698584929246462,0.02274719846717915
0.5698784939246962,0.5071865976790815
0.5698984949247463,0.8024055727150945
0.5699184959247963,0.8808162775798503
0.5699384969248462,0.9011753322892825
0.5699584979248963,0.8920108353404294
0.5699784989249462,0.8413594502099057
0.5699984999249963,0.6593358939365697
0.5700185009250462,0.07219821540771683
0.5700385019250962,0.44202449329465837
0.5700585029251463,0.7860497802052874
0.5700785039251963,0.8762777268068394
0.5700985049252463,0.9007575892318017
0.5701185059252962,0.8949457865255939
0.5701385069253463,0.851355335001408
0.5701585079253964,0.6962700101059826
0.5701785089254463,0.14650625719996027
0.5701985099254963,0.3652358447784737
0.5702185109255462,0.7661568985355526
0.5702385119255963,0.8707819011646185
0.5702585129256463,0.899926303023773
0.5702785139256963,0.8974857092217908
0.5702985149257462,0.8603370999338028
0.5703185159257963,0.728651792214323
0.5703385169258464,0.23586068699368487
0.5703585179258963,0.2777458220035893
0.5703785189259463,0.7417693300683805
0.5703985199259963,0.8641247330129262
0.5704185209260464,0.8986224145347278
0.5704385219260963,0.8996159902326993
0.5704585229261463,0.8683624400793192
0.5704785239261962,0.7568779762879132
0.5704985249262463,0.32992066695624955
0.5705185259262964,0.18421203393472504
0.5705385269263463,0.711622329102913
0.5705585279263963,0.8560440248870492
0.5705785289264463,0.8967739500474788
0.5705985299264964,0.9013191884048569
0.5706185309265464,0.8754873893784015
0.5706385319265963,0.7813762030481242
0.5706585329266464,0.42055096281836973
0.5706785339266963,0.09541790165986572
0.5706985349267464,0.6740524124783869
0.5707185359267963,0.8461986336815788
0.5707385369268463,0.8942918684643173
0.5707585379268963,0.902573585438475
0.5707785389269464,0.8817644205748244
0.5707985399269964,0.8025701666765853
0.5708185409270463,0.5028038796845327
0.5708385419270964,0.02911891934562133
0.5708585429271464,0.6269094888453544
0.5708785439271964,0.8341390063202809
0.5708985449272463,0.8910644716518797
0.5709185459272963,0.9033514726736684
0.5709385469273464,0.8872409042914625
0.5709585479273964,0.820858543735085
0.5709785489274464,0.5745400000835019
0.5709985499274963,0.005648918062749893
0.5710185509275464,0.5675361478720058
0.5710385519275964,0.8192651094022587
0.5710585529276464,0.8869497710621247
0.5710785539276964,0.9036170570352096
0.5710985549277464,0.891957815473404
0.5711185559277965,0.8366037323339496
0.5711385569278464,0.6355217445209462
0.5711585579278964,0.037198913150645684
0.5711785589279463,0.4929881200347211
0.5711985599279964,0.800766046301796
0.5712185609280465,0.8817649084707196
0.5712385619280964,0.9033238204854469
0.5712585629281464,0.8959485719151227
0.5712785639281964,0.8501271161649733
0.5712985649282465,0.68655420700967
0.5713185659282964,0.11853443009544469
0.5713385669283464,0.40090793675960285
0.5713585679283965,0.7775335368185691
0.5713785689284464,0.8752712731666901
0.5713985699284965,0.9024110962591927
0.5714185709285464,0.8992378847593693
0.5714385719285964,0.8617083768827926
0.5714585729286464,0.7288810375821307
0.5714785739286965,0.22964475262945663
0.5714985749287465,0.2918442084572202
0.5715185759287964,0.7480398565859129
0.5715385769288465,0.8671532482519514
0.5715585779288965,0.9007995193782856
0.5715785789289465,0.9018404908048759
0.5715985799289964,0.8715871025838544
0.5716185809290464,0.7638306392645747
0.5716385819290964,0.34787863139048847
0.5716585829291465,0.17390686675062642
0.5716785839291965,0.7101733259770445
0.5716985849292464,0.8569874058691801
0.5717185859292965,0.8983848485371929
0.5717385869293465,0.9037596169945826
0.5717585879293965,0.8799655091760196
0.5717785889294464,0.7926397185287286
0.5717985899294965,0.4574729247373484
0.5718185909295466,0.06864131899875141
0.5718385919295965,0.6610424717849557
0.5718585929296465,0.8441972272422831
0.5718785939296964,0.8950294090445525
0.5718985949297465,0.904984993171787
0.5719185959297965,0.8870115028138427
0.5719385969298465,0.8163829293658121
0.5719585979298965,0.5512806250119782
0.5719785989299465,0.010481048026244378
0.5719985999299966,0.5968274577653082
0.5720186009300465,0.8279857298924642
0.5720386019300965,0.8905500187539397
0.5720586029301465,0.9054901723266814
0.5720786039301965,0.8928615892428549
0.5720986049302466,0.8359585707619861
0.5721186059302965,0.6280881283203958
0.5721386069303465,0.02854834539976704
0.5721586079303965,0.512964415589981
0.5721786089304466,0.8072344082745914
0.5721986099304965,0.8847006419393392
0.5722186109305465,0.9052288261288715
0.5722386119305966,0.897623309145288
0.5722586129306466,0.8521002647170345
0.5722786139306966,0.6895576108006968
0.5722986149307465,0.12062417314705462
0.5723186159307965,0.4054865619381997
0.5723386169308465,0.7803517274428198
0.5723586179308966,0.8771470205130568
0.5723786189309465,0.9041295382441374
0.5723986199309965,0.9013769722916526
0.5724186209310466,0.8653982918241563
0.5724386219310966,0.7382669365667657
0.5724586229311466,0.25345641930066887
0.5724786239311965,0.2753687746248096
0.5724986249312466,0.7450503306646463
0.5725186259312967,0.8674289071369465
0.5725386269313466,0.9020883868779548
0.5725586279313966,0.904176494660906
0.5725786289314465,0.8763224773510125
0.5725986299314966,0.7767675251795085
0.5726186309315466,0.39025073154481665
0.5726386319315966,0.13802646671147328
0.5726586329316465,0.6980398603184507
0.5726786339316966,0.8549028564294973
0.5726986349317467,0.8989582374989512
0.5727186359317966,0.906049120018233
0.5727386369318466,0.8852430132999378
0.5727586379318966,0.8072397061112248
0.5727786389319466,0.5097938377908549
0.5727986399319966,0.033487838593877925
0.5728186409320466,0.6346817332635436
0.5728386419320965,0.8386541699506199
0.5728586429321466,0.8945330649289552
0.5728786439321967,0.9069937290795804
0.5728986449322466,0.8924478832132121
0.5729186459322966,0.8314278190947664
0.5729386469323466,0.605957835798682
0.5729586479323967,0.014326583013197811
0.5729786489324467,0.5488940633985825
0.5729986499324966,0.8173596716737535
0.5730186509325466,0.888524631633023
0.5730386519325966,0.9069772917437922
0.5730586529326467,0.8981566146252424
0.5730786539326966,0.8506828774204419
0.5730986549327466,0.6803957733893915
0.5731186559327967,0.09818522316065649
0.5731386569328467,0.4343792462752263
0.5731586579328967,0.7890729886251213
0.5731786589329466,0.8805271868010139
0.5731986599329967,0.9059287700455225
0.5732186609330467,0.902530495260249
0.5732386619330967,0.8660341960913492
0.5732586629331466,0.7371910654698997
0.5732786639331966,0.2448640351115426
0.5732986649332467,0.2901623359072729
0.5733186659332967,0.7508936852891651
0.5733386669333467,0.8699630279722683
0.5733586679333966,0.9037293732790859
0.5733786689334467,0.9056794634615062
0.5733986699334968,0.8782589399056071
0.5734186709335467,0.7804390013119544
0.5734386719335967,0.3991078808714936
0.5734586729336467,0.13511931404164074
0.5734786739336967,0.6984893324095877
0.5734986749337467,0.8559969338300408
0.5735186759337967,0.9001973968602314
0.5735386769338466,0.9076657732842156
0.5735586779338967,0.8879397709031163
0.5735786789339468,0.8134963882665952
0.5735986799339967,0.5301743966613723
0.5736186809340467,0.02515594021986852
0.5736386819340967,0.6255460800642498
0.5736586829341468,0.8373992425791374
0.5736786839341967,0.8950647532819366
0.5736986849342467,0.9085042983079117
0.5737186859342966,0.8955092354692242
0.5737386869343467,0.8389089520009978
0.5737586879343968,0.6313505419841983
0.5737786889344467,0.02965494290254259
0.5737986899344967,0.523727484109847
0.5738186909345467,0.812323824763692
0.5738386919345968,0.8879403826070151
0.5738586929346468,0.9081589709865366
0.5738786939346967,0.9012823638488073
0.5738986949347468,0.8585450610501233
0.5739186959347968,0.7065359107861575
0.5739386969348468,0.15274549014979252
0.5739586979348967,0.38550518676344736
0.5739786989349467,0.7779476411456547
0.5739986999349967,0.8782523809117354
0.5740187009350468,0.9065342952604166
0.5740387019350968,0.9054794877039053
0.5740587029351467,0.8737577299218305
0.5740787039351968,0.7618667427752697
0.5740987049352468,0.32460729666664073
0.5741187059352968,0.216398941312571
0.5741387069353467,0.7299029287137275
0.5741587079353968,0.8651547558667777
0.5741787089354468,0.9034599848028837
0.5741987099354968,0.908240946873659
0.5742187109355468,0.885521258308571
0.5742387119355967,0.8027149770513589
0.5742587129356468,0.48247547882001507
0.5742787139356968,0.06228615330401857
0.5742987149357468,0.6614857493898794
0.5743187159357968,0.8473741636180703
0.5743387169358468,0.8986653110755564
0.5743587179358969,0.9096347101509968
0.5743787189359468,0.8945336185321393
0.5743987199359968,0.8331112196845386
0.5744187209360467,0.6047892071728301
0.5744387219360968,0.015027330565245751
0.5744587229361469,0.5630420405777604
0.5744787239361968,0.8229535321317762
0.5744987249362468,0.8917372122455336
0.5745187259362968,0.9096571328137881
0.5745387269363469,0.9012890066114381
0.5745587279363968,0.8559161379654651
0.5745787289364468,0.693582165954109
0.5745987299364969,0.11919739125162088
0.5746187309365469,0.42381540351541946
0.5746387319365969,0.788819816311092
0.5746587329366468,0.8820517029778492
0.5746787339366968,0.9082260685098431
0.5746987349367468,0.9061272380151764
0.5747187359367969,0.8731212208961387
0.5747387369368469,0.7569418761166524
0.5747587379368968,0.3025056711976508
0.5747787389369469,0.24434126757064525
0.5747987399369969,0.740069485776848
0.5748187409370469,0.868659899682615
0.5748387419370968,0.9051641432944117
0.5748587429371469,0.9092655772430902
0.5748787439371968,0.8861056188893344
0.5748987449372469,0.802300277727625
0.5749187459372969,0.47665413690559594
0.5749387469373468,0.07161232296971243
0.5749587479373969,0.6689035438902893
0.5749787489374469,0.8500947988060538
0.5749987499374969,0.9001677781756088
0.5750187509375468,0.9108167360200905
0.5750387519375969,0.8958220865143905
0.575058752937647,0.8351116827370418
0.5750787539376969,0.6092856535418067
0.5750987549377469,0.01719948745312417
0.5751187559377968,0.563667693082738
0.5751387569378469,0.8240373072111099
0.575158757937897,0.8927537348480993
0.5751787589379469,0.9107948486171334
0.5751987599379969,0.9029231285072031
0.5752187609380469,0.8591068641262748
0.575238761938097,0.702759198968506
0.5752587629381469,0.13705384798052886
0.5752787639381969,0.41120575887999045
0.5752987649382469,0.7867336387442605
0.575318765938297,0.8821680449794109
0.575338766938347,0.9091092061160616
0.5753587679383969,0.9078433568963179
0.5753787689384469,0.8767851375843547
0.5753987699384969,0.7675275709337972
0.575418770938547,0.3367743604327141
0.5754387719385969,0.21493587332234107
0.5754587729386469,0.7320025558744399
0.575478773938697,0.8672291958207131
0.575498774938747,0.9055430177071315
0.575518775938797,0.9108506694959031
0.5755387769388469,0.8898154981476813
0.5755587779388969,0.812707715585624
0.5755787789389469,0.5150531975483422
0.575598779938997,0.045034339695884426
0.575618780939047,0.6497539229485043
0.5756387819390969,0.8460526691636678
0.575658782939147,0.8997107026344081
0.575678783939197,0.912074344770131
0.575698784939247,0.8993119100582346
0.5757187859392969,0.844659732290461
0.575738786939347,0.6440574343186742
0.575758787939397,0.03926292664425066
0.575778788939447,0.5250137720152739
0.575798789939497,0.8155575605359211
0.5758187909395469,0.890980750453519
0.575838791939597,0.9115140476487391
0.575858792939647,0.9060108333656909
0.575878793939697,0.8675491751416179
0.5758987949397469,0.7316914565490678
0.575918795939797,0.21164653072487544
0.5759387969398471,0.34419716123009136
0.575958797939897,0.7705789664276842
0.575978798939947,0.8783391475929416
0.575998799939997,0.909029844555068
0.5760188009400471,0.910381610998048
0.576038801940097,0.884065952236833
0.576058802940147,0.7908624360783862
0.576078803940197,0.4229443752874208
0.576098804940247,0.13182690483538112
0.5761188059402971,0.7023465393951028
0.576138806940347,0.8601449601570529
0.576158807940397,0.9043087343038343
0.576178808940447,0.912691332106427
0.5761988099404971,0.8959487762779471
0.576218810940547,0.8313539144444874
0.576238811940597,0.5876742323646742
0.576258812940647,0.01671494223178376
0.576278813940697,0.5964764667949214
0.5762988149407471,0.8336836335407408
0.576318815940797,0.8967962974634035
0.576338816940847,0.9130368778251854
0.576358817940897,0.9043209413883755
0.5763788189409471,0.8595339075424954
0.5763988199409971,0.6991202738367993
0.576418820941047,0.12353493159291008
0.5764388219410971,0.43400019083655955
0.5764588229411471,0.7943373013382024
0.5764788239411971,0.8855697873359191
0.576498824941247,0.911349541239906
0.576518825941297,0.9098952569800958
0.5765388269413471,0.8793962712492407
0.5765588279413971,0.7723625116010396
0.5765788289414471,0.3472220447708974
0.576598829941497,0.21436110410509318
0.5766188309415471,0.734067444669954
0.5766388319415972,0.8691051037185308
0.5766588329416471,0.9073707851564214
0.576678833941697,0.9130944649816479
0.5766988349417471,0.8934397777872091
0.5767188359417972,0.8209788269708113
0.5767388369418471,0.542089714836202
0.5767588379418971,0.03424159256655434
0.576778838941947,0.6389955001794755
0.5767988399419971,0.844841823220047
0.5768188409420472,0.9005892129404376
0.5768388419420971,0.9141157543889002
0.5768588429421471,0.9032340411003448
0.5768788439421971,0.853889246603164
0.5768988449422472,0.6748092876720597
0.5769188459422971,0.07585757608416771
0.5769388469423471,0.488093185904381
0.576958847942397,0.8083542898737806
0.5769788489424471,0.8901149848280268
0.5769988499424972,0.9129539353696872
0.5770188509425471,0.9097573887061549
0.5770388519425971,0.8765515540366682
0.5770588529426471,0.7600942231259658
0.5770788539426972,0.2985470505572719
0.5770988549427472,0.26868055225470555
0.5771188559427971,0.7517726289239827
0.5771388569428472,0.8744414291683271
0.5771588579428972,0.9093866030676958
0.5771788589429472,0.9135915363132237
0.5771988599429971,0.8922760320312053
0.5772188609430471,0.8151813127027872
0.5772388619430971,0.515012385469558
0.5772588629431472,0.055709590152528056
0.5772788639431972,0.6610376410583958
0.5772988649432471,0.8509891591209833
0.5773188659432972,0.9029129765491732
0.5773388669433472,0.915026876911496
0.5773588679433972,0.9030830096107515
0.5773788689434471,0.8515493559919625
0.5773988699434972,0.6631049136437785
0.5774188709435473,0.05826309517928117
0.5774388719435972,0.5133672560191428
0.5774588729436472,0.8152152168661679
0.5774788739436971,0.8926210138802815
0.5774988749437472,0.914106854134107
0.5775188759437972,0.9102030669982941
0.5775388769438472,0.8760597825831239
0.5775588779438972,0.7562787360971308
0.5775788789439472,0.2817370307662747
0.5775988799439973,0.29016790319943125
0.5776188809440472,0.758861242220934
0.5776388819440972,0.8769255410958183
0.5776588829441471,0.910621380154153
0.5776788839441972,0.914357629663508
0.5776988849442473,0.8927543565346774
0.5777188859442972,0.8150334496325343
0.5777388869443472,0.5112723899816587
0.5777588879443972,0.06218179498417516
0.5777788889444473,0.6667632338914294
0.5777988899444972,0.8530537553798379
0.5778188909445472,0.9040424453705189
0.5778388919445973,0.915908322540762
0.5778588929446473,0.9040327488435984
0.5778788939446973,0.8529985388215146
0.5778988949447472,0.6663838480311843
0.5779188959447972,0.06167063264537879
0.5779388969448472,0.513554709251385
0.5779588979448973,0.8160128207865573
0.5779788989449473,0.8933724945248428
0.5779988999449972,0.9149215936250282
0.5780189009450473,0.9113210409181334
0.5780389019450973,0.8781113004214937
0.5780589029451473,0.7617772720746969
0.5780789039451972,0.2979974609125708
0.5780989049452473,0.2785835981275597
0.5781189059452974,0.7565022482134734
0.5781389069453473,0.8768348081784249
0.5781589079453973,0.9111662197084578
0.5781789089454472,0.9154354848680608
0.5781989099454973,0.8949200626643644
0.5782189109455473,0.8207056374368433
0.5782389119455973,0.5318235564108345
0.5782589129456472,0.050048370057623554
0.5782789139456973,0.6570323746701647
0.5782989149457474,0.8512475662154392
0.5783189159457973,0.9040370262778907
0.5783389169458473,0.9167706205472596
0.5783589179458972,0.9060574780806836
0.5783789189459473,0.8581331648795947
0.5783989199459973,0.6842820729073893
0.5784189209460473,0.08742495676865121
0.5784389219460973,0.48832914214820516
0.5784589229461473,0.810731728944871
0.5784789239461974,0.8923669475403775
0.5784989249462473,0.9153776583597057
0.5785189259462973,0.9130492466896184
0.5785389269463473,0.8825108505751021
0.5785589279463974,0.7757880580802501
0.5785789289464474,0.3467989922996641
0.5785989299464973,0.23356859219187184
0.5786189309465473,0.7440337672261235
0.5786389319465973,0.8740320558097345
0.5786589329466474,0.9109572437418935
0.5786789339466973,0.9167398066361087
0.5786989349467473,0.8985593863795185
0.5787189359467974,0.8314024483965013
0.5787389369468474,0.5735152257695924
0.5787589379468974,0.029897434990632094
0.5787789389469473,0.6296015412501734
0.5787989399469974,0.8451292076760055
0.5788189409470473,0.9027565147823379
0.5788389419470974,0.9175038690732996
0.5788589429471473,0.9089494013430018
0.5788789439471973,0.8662869626969385
0.5788989449472474,0.7137618682058975
0.5789189459472974,0.14657103728661605
0.5789389469473474,0.43318465338435097
0.5789589479473973,0.7982271857202079
0.5789789489474474,0.8893156507594845
0.5789989499474975,0.9153255954641303
0.5790189509475474,0.9151879250318001
0.5790389519475974,0.8887265228612101
0.5790589529476473,0.7960891217207053
0.5790789539476974,0.4240552763127681
0.5790989549477474,0.15757216779522054
0.5791189559477974,0.7186827239665641
0.5791389569478473,0.8679233450910401
0.5791589579478974,0.9097714128167155
0.5791789589479475,0.9180684908327713
0.5791989599479974,0.9032473065573318
0.5792189609480474,0.8455987851164759
0.5792389619480974,0.629522541852495
0.5792589629481475,0.030769766598366395
0.5792789639481974,0.5783770591098867
0.5792989649482474,0.8334474748168006
0.5793189659482973,0.8998353089986733
0.5793389669483474,0.9178822768671034
0.5793589679483975,0.9123571984785623
0.5793789689484474,0.876411229384382
0.5793989699484974,0.7500280965399139
0.5794189709485474,0.24862430492379647
0.5794389719485975,0.34031644495757934
0.5794589729486475,0.7757744996329017
0.5794789739486974,0.8835683864578048
0.5794989749487475,0.9144785827748957
0.5795189759487974,0.917426217480547
0.5795389769488475,0.8960158225789231
0.5795589779488974,0.8197228872514668
0.5795789789489474,0.5193139887396846
0.5795989799489975,0.06954114732405361
0.5796189809490475,0.6744485345219486
0.5796389819490975,0.8572663176854104
0.5796589829491474,0.9071932963917925
0.5796789839491975,0.9191154795320491
0.5796989849492475,0.9084316877354021
0.5797189859492975,0.8614667295016473
0.5797389869493474,0.6910185110802726
0.5797589879493974,0.09550269744127018
0.5797789889494475,0.4919203827215983
0.5797989899494975,0.8136654490105679
0.5798189909495475,0.8945983472983665
0.5798389919495974,0.9175591524114058
0.5798589929496475,0.9158387209977494
0.5798789939496976,0.8873298033734852
0.5798989949497475,0.7879698674343398
0.5799189959497975,0.38542886051559355
0.5799389969498475,0.20660596718309518
0.5799589979498976,0.7379056444900911
0.5799789989499475,0.8739171583404285
0.5799989999499975,0.9123794453242733
0.5800190009500474,0.9193693920920801
0.5800390019500975,0.9035763996006265
0.5800590029501476,0.8438068207402458
0.5800790039501975,0.617524514993605
0.5800990049502475,0.029511349505692876
0.5801190059502975,0.5997156872710618
0.5801390069503476,0.8397087601784026
0.5801590079503975,0.9025303356659305
0.5801790089504475,0.9194730273109701
0.5801990099504976,0.9135201433149257
0.5802190109505475,0.8773033977448597
0.5802390119505976,0.7498664288833802
0.5802590129506475,0.24288352967563415
0.5802790139506975,0.3541781404136879
0.5802990149507475,0.7808467706506295
0.5803190159507976,0.8858680059866509
0.5803390169508476,0.9160370171860974
0.5803590179508975,0.9189053274605723
0.5803790189509476,0.8979655926192067
0.5803990199509976,0.8234806819811525
0.5804190209510476,0.5298972311341437
0.5804390219510975,0.0676148872872799
0.5804590229511475,0.6738273688019514
0.5804790239511975,0.8581540969945373
0.5804990249512476,0.9083172458446842
0.5805190259512976,0.9205490213293989
0.5805390269513475,0.910665444552176
0.5805590279513976,0.8661258314168502
0.5805790289514476,0.7054197878424253
0.5805990299514976,0.12080135144423733
0.5806190309515475,0.47400983860150336
0.5806390319515976,0.8107346017684964
0.5806590329516477,0.8946229250261263
0.5806790339516976,0.9186046487006098
0.5806990349517476,0.91793738038432
0.5807190359517975,0.8918035964588472
0.5807390369518476,0.8007594562670353
0.5807590379518976,0.43186470033307556
0.5807790389519476,0.16611941201274777
0.5807990399519976,0.7251022414036077
0.5808190409520476,0.871535598808786
0.5808390419520977,0.9125844070259644
0.5808590429521476,0.921035951240291
0.5808790439521976,0.9074678337773872
0.5808990449522476,0.8540934944636215
0.5809190459522976,0.6554294211480521
0.5809390469523477,0.048508907779293384
0.5809590479523976,0.5624597432484901
0.5809790489524476,0.8320610534889739
0.5809990499524976,0.9011373469712978
0.5810190509525477,0.9203952408454904
0.5810390519525976,0.916653101870112
0.5810590529526476,0.8853384699188426
0.5810790539526977,0.7762210210909806
0.5810990549527477,0.33128911850528786
0.5811190559527977,0.27535105627161294
0.5811390569528476,0.7611773509903326
0.5811590579528976,0.8814204425493999
0.5811790589529476,0.915758575231782
0.5811990599529977,0.9211320082770007
0.5812190609530477,0.9041280087850971
0.5812390619530976,0.8416327167766474
0.5812590629531477,0.6017419254703208
0.5812790639531977,0.034577414586156215
0.5812990649532477,0.6259340825144013
0.5813190659532976,0.847571486052634
0.5813390669533477,0.9060407968416457
0.5813590679533978,0.921641071715411
0.5813790689534477,0.9152245024454472
0.5813990699534977,0.8788671103430531
0.5814190709535476,0.7508080686704188
0.5814390719535977,0.23875398341510898
0.5814590729536477,0.3701634896815907
0.5814790739536977,0.7869629227114708
0.5814990749537476,0.8888115124524604
0.5815190759537977,0.9181408224977438
0.5815390769538478,0.9210012904331456
0.5815590779538977,0.9008562646911055
0.5815790789539477,0.829305242395236
0.5815990799539977,0.5472878096880224
0.5816190809540477,0.06365011249086555
0.5816390819540977,0.6712411782757133
0.5816590829541477,0.8589869785360019
0.5816790839541977,0.9097607738026204
0.5816990849542477,0.922519923007764
0.5817190859542978,0.913812237157802
0.5817390869543477,0.8727298414437029
0.5817590879543977,0.725828307570761
0.5817790889544477,0.16376178547320291
0.5817990899544978,0.44422902997658
0.5818190909545478,0.805567912160105
0.5818390919545977,0.8943691601363118
0.5818590929546477,0.9199488787147226
0.5818790939546977,0.9207823331063272
0.5818990949547478,0.8978679833751906
0.5819190959547977,0.817788406750634
0.5819390969548477,0.49577140045970347
0.5819590979548978,0.11216799867208478
0.5819790989549478,0.7034983191442138
0.5819990999549978,0.867413113699752
0.5820191009550477,0.9125939572818837
0.5820391019550978,0.9231700869296979
0.5820591029551478,0.9125647538403945
0.5820791039551978,0.8672931543946405
0.5820991049552477,0.7028720681810988
0.5821191059552977,0.11087073711008712
0.5821391069553478,0.4989333066494889
0.5821591079553978,0.8189724803816052
0.5821791089554478,0.8985369763402895
0.5821991099554977,0.9213421750194134
0.5822191109555478,0.9205915150678644
0.5822391119555979,0.8953732480439385
0.5822591129556478,0.8078255424453018
0.5822791139556978,0.4510523043357854
0.5822991149557478,0.16186338667360042
0.5823191159557978,0.7261913329638647
0.5823391169558478,0.8735723027015806
0.5823591179558978,0.9147482492415631
0.5823791189559477,0.9236986937399774
0.5823991199559978,0.9116138585644725
0.5824191209560479,0.8629211584618481
0.5824391219560978,0.6836450073292992
0.5824591229561478,0.07873127875028535
0.5824791239561978,0.5374637317071409
0.5824991249562479,0.8284460022332174
0.5825191259562978,0.9016150936260641
0.5825391269563478,0.9224367818451423
0.5825591279563977,0.9205232788445333
0.5825791289564478,0.8935620711554783
0.5825991299564979,0.8001491562186533
0.5826191309565478,0.41646816009942733
0.5826391319565978,0.20264227269832408
0.5826591329566478,0.7415980475608662
0.5826791339566979,0.8779379463995713
0.5826991349567479,0.9163680789636742
0.5827191359567978,0.9241860447580432
0.5827391369568479,0.911068191405409
0.5827591379568979,0.8599390278251163
0.5827791389569479,0.6697439637042418
0.5827991399569978,0.062311757180979144
0.5828191409570478,0.5626872546956956
0.5828391419570979,0.8347960274473499
0.5828591429571479,0.9038037689965085
0.5828791439571979,0.9233143295207622
0.5828991449572478,0.9206486527390133
0.5829191459572979,0.8925876474999095
0.5829391469573479,0.7953880252731405
0.5829591479573979,0.39440519952656933
0.5829791489574478,0.23010737688904026
0.5829991499574979,0.7511475766043261
0.5830191509575479,0.8808128715113038
0.5830391519575979,0.9175497737852878
0.5830591529576479,0.9246876893420168
0.5830791539576978,0.9110062373372818
0.5830991549577479,0.8585944646442016
0.583119155957798,0.6624254807819283
0.5831391569578479,0.056123533658819114
0.5831591579578979,0.5766067727480729
0.5831791589579479,0.8385138237213473
0.583199159957998,0.9052294306313743
0.5832191609580479,0.9240273273216654
0.5832391619580979,0.9210132988141052
0.5832591629581478,0.8925507448126928
0.5832791639581979,0.7939762760527693
0.583299164958248,0.3862378968943139
0.5833191659582979,0.24271592708523593
0.5833391669583479,0.7556577211123683
0.5833591679583979,0.882374855524612
0.583379168958448,0.9183508188814565
0.5833991699584979,0.9252354193978599
0.5834191709585479,0.911470507099357
0.583439171958598,0.8590248461295629
0.583459172958648,0.6624169487541549
0.583479173958698,0.05656955774073361
0.5834991749587479,0.5803116735088862
0.5835191759587979,0.8398562528480269
0.5835391769588479,0.9059598148001634
0.583559177958898,0.9246023333354472
0.583579178958948,0.9216360676909395
0.5835991799589979,0.8934884475465442
0.583619180959048,0.796084704886318
0.583639181959098,0.3924890643095219
0.583659182959148,0.24005403809226683
0.5836791839591979,0.7554692038895384
0.583699184959248,0.8827014085315641
0.583719185959298,0.9187951575622257
0.583739186959348,0.9258379550272209
0.583759187959398,0.9124642742409372
0.5837791889594479,0.861237404208313
0.583799189959498,0.6698040274573231
0.583819190959548,0.06305318039440495
0.583839191959598,0.5740187416003659
0.5838591929596479,0.8388857553635001
0.583879193959698,0.9060117338815743
0.5838991949597481,0.9250418153337627
0.583919195959798,0.9225087351445201
0.583939196959848,0.8953697759893171
0.5839591979598979,0.8015908715754326
0.583979198959948,0.41294231144475624
0.583999199959998,0.22218033038730065
0.584019200960048,0.7504984466224771
0.584039201960098,0.881779944738759
0.584059202960148,0.9188756660705032
0.5840792039601981,0.9264817567790988
0.584099204960248,0.9139517186525812
0.584119205960298,0.8651072743324484
0.584139206960348,0.6840102525412823
0.5841592079603981,0.0781825671693948
0.5841792089604481,0.5570746124402299
0.584199209960498,0.8354785738142935
0.584219210960548,0.9053531403324917
0.584239211960598,0.9253251028748682
0.5842592129606481,0.9235972162715343
0.584279213960698,0.8980992984483255
0.584299214960748,0.8100958189728116
0.584319215960798,0.4465501123315946
0.5843392169608481,0.1898700565317241
0.5843592179608981,0.7402182303052529
0.584379218960948,0.8795056409986856
0.5843992199609981,0.9185542347219082
0.584419220961048,0.9271320854644681
0.5844392219610981,0.9158615926035303
0.584459222961148,0.870394162346068
0.584479223961198,0.7038737796689654
0.5844992249612481,0.10713232224823355
0.5845192259612981,0.5278967973508553
0.5845392269613481,0.829302877388437
0.584559227961398,0.903899805736601
0.5845792289614481,0.9254084709483091
0.5845992299614982,0.9248441423178623
0.5846192309615481,0.9015281068906709
0.5846392319615981,0.8209841033253018
0.584659232961648,0.4912220064803615
0.5846792339616981,0.14588843602925383
0.5846992349617481,0.7235604071852624
0.5847192359617981,0.8756662167412008
0.584739236961848,0.9177593038514834
0.5847592379618981,0.9277341360549647
0.5847792389619482,0.9180937662229895
0.5847992399619981,0.8767739841591397
0.5848192409620481,0.7278153202189221
0.5848392419620981,0.15575163993991592
0.5848592429621482,0.48391043108243065
0.5848792439621981,0.8197603676116536
0.5848992449622481,0.9015056810899552
0.584919245962298,0.925224060812505
0.5849392469623481,0.9261723101399719
0.5849592479623982,0.9054699524817822
0.5849792489624481,0.8335133264199477
0.5849992499624981,0.543765194350096
0.5850192509625481,0.09760285473395738
0.5850392519625982,0.6987185731516776
0.5850592529626482,0.8699094841349577
0.5850792539626981,0.9163800897485785
0.5850992549627482,0.9282138040613764
0.5851192559627981,0.9205274153380438
0.5851392569628482,0.883878558668734
0.5851592579628981,0.7540711935648396
0.5851792589629481,0.22728484517026634
0.5851992599629982,0.42172111971525184
0.5852192609630482,0.8058743927693633
0.5852392619630982,0.8979444398801905
0.5852592629631481,0.9246769832613972
0.5852792639631982,0.9274882334629639
0.5852992649632482,0.9097193926520978
0.5853192659632982,0.8469127941488455
0.5853392669633481,0.6002167735741659
0.5853592679633981,0.0604439040270398
0.5853792689634482,0.6628154168276075
0.5853992699634982,0.8616845290090813
0.5854192709635482,0.9142559229735521
0.5854392719635981,0.9284773949066767
0.5854592729636482,0.923029315877319
0.5854792739636983,0.8913352766104089
0.5854992749637482,0.7809414025663507
0.5855192759637982,0.31912594274207745
0.5855392769638482,0.3382843534880474
0.5855592779638983,0.7860908350020559
0.5855792789639482,0.8928772649830238
0.5855992799639982,0.9236394857123688
0.5856192809640481,0.9286848598043351
0.5856392819640982,0.9140686972448203
0.5856592829641483,0.8604705753052215
0.5856792839641982,0.656539698446591
0.5856992849642482,0.05842702225268066
0.5857192859642982,0.6114172580350199
0.5857392869643483,0.8501386859368737
0.5857592879643982,0.9111578380371899
0.5857792889644482,0.9284093209539813
0.5857992899644983,0.9254607270077464
0.5858192909645482,0.898799786335134
0.5858392919645983,0.8069931913640881
0.5858592929646482,0.42240477479393035
0.5858792939646982,0.23504428680075395
0.5858992949647482,0.7579301216885757
0.5859192959647983,0.8857976053429313
0.5859392969648483,0.9219403535982291
0.5859592979648982,0.9296424341070241
0.5859792989649483,0.9183208992888694
0.5859992999649983,0.8735940606539379
0.5860193009650483,0.7093740019293402
0.5860393019650982,0.11403409661106476
0.5860593029651482,0.5380565184624645
0.5860793039651983,0.8339360377512048
0.5860993049652483,0.906757288098691
0.5861193059652983,0.9278664559731905
0.5861393069653482,0.9276815885302239
0.5861593079653983,0.9059774392758155
0.5861793089654483,0.8311773655283683
0.5861993099654983,0.5255091264037269
0.5862193109655482,0.12820829531388747
0.5862393119655983,0.717388143434104
0.5862593129656484,0.8759353340439224
0.5862793139656983,0.9193464797828824
0.5862993149657483,0.93022639847653
0.5863193159657982,0.9222974194891047
0.5863393169658483,0.8858384059036776
0.5863593179658984,0.7565015900486196
0.5863793189659483,0.22825206554314836
0.5863993199659983,0.43476716851607605
0.5864193209660483,0.8109311404083701
0.5864393219660984,0.900572568296727
0.5864593229661483,0.9266671564168038
0.5864793239661983,0.9295510579185589
0.5864993249662483,0.9126323672066016
0.5865193259662983,0.8528489245924652
0.5865393269663484,0.6188517258734789
0.5865593279663983,0.0620085017707101
0.5865793289664483,0.6579665100945236
0.5865993299664983,0.8620860711777207
0.5866193309665484,0.9155312135622043
0.5866393319665983,0.9302809647278576
0.5866593329666483,0.9258397267072489
0.5866793339666984,0.8969060285885435
0.5866993349667484,0.7968992261094056
0.5867193359667984,0.3740021468844927
0.5867393369668483,0.29765946947198946
0.5867593379668983,0.777570429179604
0.5867793389669483,0.8918749776191307
0.5867993399669984,0.9245716795738699
0.5868193409670484,0.9309235672716661
0.5868393419670983,0.9185855546988146
0.5868593429671484,0.8717144630550552
0.5868793439671984,0.6973814852643971
0.5868993449672484,0.09498967466427034
0.5869193459672983,0.5694784607169423
0.5869393469673484,0.8422967464398128
0.5869593479673985,0.9100195186554648
0.5869793489674484,0.9296163455961898
0.5869993499674984,0.9288051736133305
0.5870193509675483,0.9066256567687672
0.5870393519675984,0.8304905055484696
0.5870593529676484,0.5166094989500527
0.5870793539676984,0.14767382269239604
0.5870993549677483,0.727793262215174
0.5871193559677984,0.8795189121317554
0.5871393569678485,0.9212481694348468
0.5871593579678984,0.9316393759685857
0.5871793589679484,0.9237045401844554
0.5871993599679984,0.8877420655946877
0.5872193609680484,0.7601976121128269
0.5872393619680985,0.23521244860146395
0.5872593629681484,0.43867867418167894
0.5872793639681984,0.8132652104910529
0.5872993649682484,0.9020905338176091
0.5873193659682985,0.9279861743812331
0.5873393669683484,0.9310572557784372
0.5873593679683984,0.9149205646967715
0.5873793689684484,0.8577919886039304
0.5873993699684985,0.6353096126771598
0.5874193709685485,0.06415483493291783
0.5874393719685984,0.6511617317375522
0.5874593729686484,0.8616213169172042
0.5874793739686984,0.9162131367487748
0.5874993749687485,0.931507764031191
0.5875193759687984,0.9278873811090156
0.5875393769688484,0.901065324423614
0.5875593779688985,0.8088603075970147
0.5875793789689485,0.4180258989736651
0.5875993799689985,0.2622465505792279
0.5876193809690484,0.7691634346345306
0.5876393819690985,0.8905978164370998
0.5876593829691485,0.9250485783757562
0.5876793839691985,0.9324499619209096
0.5876993849692485,0.9217736852177153
0.5877193859692984,0.8795979248794716
0.5877393869693485,0.7255139968939934
0.5877593879693985,0.14141314759270374
0.5877793889694485,0.5308791348613181
0.5877993899694984,0.834928952451953
0.5878193909695485,0.9087242395524404
0.5878393919695986,0.930279093974525
0.5878593929696485,0.9310425199738236
0.5878793939696985,0.9119005725135285
0.5878993949697485,0.8458525775885389
0.5879193959697985,0.5794293399410173
0.5879393969698485,0.0975858038958655
0.5879593979698985,0.6993704534857499
0.5879793989699484,0.8736217218983592
0.5879993999699985,0.920297934803285
0.5880194009700486,0.9328044348540644
0.5880394019700985,0.927193965427426
0.5880594029701485,0.8967608398521115
0.5880794039701985,0.7910434815028211
0.5880994049702486,0.3406399936765129
0.5881194059702985,0.34970882577464124
0.5881394069703485,0.7935173680691265
0.5881594079703985,0.8975784891556005
0.5881794089704485,0.927597973249707
0.5881994099704986,0.9330644471136775
0.5882194109705485,0.920483974204204
0.5882394119705985,0.8736703399617328
0.5882594129706485,0.6984986304810412
0.5882794139706986,0.09700332569078424
0.5882994149707486,0.584932464239314
0.5883194159707985,0.847760449851028
0.5883394169708486,0.9129403600939336
0.5883594179708986,0.9318733522586279
0.5883794189709486,0.9311848917994412
0.5883994199709985,0.9100650180762809
0.5884194209710485,0.8377899850410234
0.5884394219710986,0.5398307558205925
0.5884594229711486,0.1406281062538749
0.5884794239711986,0.726089011429335
0.5884994249712485,0.8807112468709923
0.5885194259712986,0.9229213335880756
0.5885394269713486,0.9338025171517196
0.5885594279713986,0.927026676009632
0.5885794289714485,0.8944353927349895
0.5885994299714986,0.7801904168041099
0.5886194309715486,0.2956510875973319
0.5886394319715986,0.4000833532112969
0.5886594329716486,0.8066076831385383
0.5886794339716985,0.9016539962432302
0.5886994349717486,0.9292829419481957
0.5887194359717987,0.9337129471255635
0.5887394369718486,0.9201660627006674
0.5887594379718986,0.8709862036984914
0.5887794389719486,0.6844435141975083
0.5887994399719987,0.08423153651999794
0.5888194409720486,0.6110627945536269
0.5888394419720986,0.8543489921202203
0.5888594429721485,0.9153665875057007
0.5888794439721986,0.9330162265958476
0.5888994449722487,0.9316817894634014
0.5889194459722986,0.9098026747005412
0.5889394469723486,0.8351176773732166
0.5889594479723986,0.524210262801244
0.5889794489724487,0.1638488076818476
0.5889994499724986,0.7374011324395353
0.5890194509725486,0.8840973333781952
0.5890394519725987,0.9244310020798091
0.5890594529726487,0.9346703657982576
0.5890794539726987,0.9275679855448024
0.5890994549727486,0.8945626227885971
0.5891194559727986,0.7785518731809401
0.5891394569728486,0.286363004557995
0.5891594579728987,0.41555448231293957
0.5891794589729487,0.8111074591605197
0.5891994599729986,0.9034108476724728
0.5892194609730487,0.9303026450022673
0.5892394619730987,0.9345147037285043
0.5892594629731487,0.9209931034532922
0.5892794639731986,0.8721198990102934
0.5892994649732487,0.6864967793856459
0.5893194659732987,0.08725159371022523
0.5893394669733487,0.6144304457396652
0.5893594679733987,0.8558276684207387
0.5893794689734486,0.9162929723042637
0.5893994699734987,0.9338213698121143
0.5894194709735487,0.9326152162790509
0.5894394719735987,0.9112675873209309
0.5894594729736486,0.8384817168771229
0.5894794739736987,0.5358184465473957
0.5894994749737488,0.15828600364560813
0.5895194759737987,0.735581915441337
0.5895394769738487,0.8842498868618477
0.5895594779738986,0.9249652434859942
0.5895794789739487,0.9354656972096735
0.5895994799739988,0.9288604530665592
0.5896194809740487,0.8972390676728277
0.5896394819740987,0.7866670476428388
0.5896594829741487,0.313025716214877
0.5896794839741988,0.39739532258666654
0.5896994849742487,0.8077533732218318
0.5897194859742987,0.9030230508785565
0.5897394869743487,0.930710554691342
0.5897594879743988,0.9354822718612192
0.5897794889744488,0.9229496856315982
0.5897994899744987,0.8770100436011726
0.5898194909745487,0.7045192211235898
0.5898394919745987,0.1057891190059968
0.5898594929746488,0.5953830379865968
0.5898794939746987,0.852319983366892
0.5898994949747487,0.9157540432174675
0.5899194959747988,0.9342879067295702
0.5899394969748488,0.9339498628546841
0.5899594979748988,0.9143422464482429
0.5899794989749487,0.8474226329859103
0.5899994999749987,0.5728733712595748
0.5900195009750487,0.12737645615837426
0.5900395019750988,0.7199397729752834
0.5900595029751488,0.8810632681499642
0.5900795039751987,0.9244875255638411
0.5900995049752488,0.936144607732282
0.5901195059752988,0.9308047081482376
0.5901395069753488,0.9021543053655712
0.5901595079753987,0.8031333917399125
0.5901795089754488,0.37501115122475204
0.5901995099754989,0.34358944953883225
0.5902195109755488,0.7956259715799101
0.5902395119755988,0.9003044719573157
0.5902595129756487,0.9304285336488685
0.5902795139756988,0.9365278363355187
0.5902995149757488,0.9258380982420281
0.5903195159757988,0.8849719992416049
0.5903395169758487,0.7350750218533808
0.5903595179758988,0.15565859916416028
0.5903795189759489,0.5494169359427377
0.5903995199759988,0.8429725531682989
0.5904195209760488,0.9135391950540926
0.5904395219760988,0.9343066687611745
0.5904595229761489,0.9355428312337584
0.5904795239761989,0.9186677231746844
0.5904995249762488,0.8605219067507592
0.5905195259762988,0.6286982654663515
0.5905395269763488,0.09121604839725798
0.5905595279763989,0.6864733272178678
0.5905795289764488,0.8738112037463566
0.5905995299764988,0.9227817742821219
0.5906195309765488,0.9365668938085371
0.5906395319765989,0.9331800381801528
0.5906595329766489,0.9086766020286998
0.5906795339766988,0.825097043446444
0.5906995349767488,0.4665528214315334
0.5907195359767988,0.2528021399504047
0.5907395369768489,0.7717185802790939
0.5907595379768988,0.8946470950164407
0.5907795389769488,0.9292384549303766
0.5907995399769989,0.9374700267137923
0.5908195409770489,0.9293098046878452
0.5908395419770989,0.8948687161696248
0.5908595429771488,0.7724656525731793
0.5908795439771989,0.2549893479031687
0.590899544977249,0.4667904109280189
0.5909195459772989,0.8255840776739019
0.5909395469773489,0.9091045183089919
0.5909595479773988,0.9336133454131791
0.5909795489774489,0.9371063891581217
0.5909995499774989,0.9236352482905951
0.5910195509775489,0.8756541451403721
0.5910395519775988,0.6925238204462192
0.5910595529776489,0.09712673310192546
0.591079553977699,0.6264514597979696
0.5910995549777489,0.8608251907002439
0.5911195559777989,0.9193324317342235
0.5911395569778489,0.9364071810446319
0.591159557977899,0.9355595879867014
0.5911795589779489,0.9158108869489028
0.5911995599779989,0.8487367809673039
0.5912195609780488,0.5712196140717475
0.5912395619780989,0.14359139745424948
0.591259562978149,0.7296664281383435
0.5912795639781989,0.884722390169035
0.5912995649782489,0.9266282396337369
0.5913195659782989,0.9379135393093908
0.591339566978349,0.9327865938496935
0.591359567978399,0.9052305437762265
0.5913795689784489,0.8103598798235786
0.5913995699784989,0.39757837060402457
0.5914195709785489,0.33618245596742247
0.591439571978599,0.7956146601890922
0.5914595729786489,0.9014255934665142
0.5914795739786989,0.931798871225506
0.5914995749787489,0.9383059606805604
0.591519575978799,0.9286612588028624
0.591539576978849,0.8909845257605323
0.5915595779788989,0.754575580918452
0.591579578978949,0.19920585153191897
0.591599579978999,0.5233722845631381
0.591619580979049,0.8388713786803661
0.5916395819790989,0.9133706153252923
0.5916595829791489,0.9353605680470712
0.591679583979199,0.9376731474086214
0.591699584979249,0.9229633437538955
0.591719585979299,0.871706598124696
0.5917395869793489,0.6723267403928878
0.591759587979399,0.09129226253700415
0.591779588979449,0.6562742801574628
0.591799589979499,0.8682141155098217
0.591819590979549,0.9220391176866458
0.591839591979599,0.9376477443176249
0.5918595929796491,0.9360367798541323
0.591879593979699,0.9153550215432477
0.591899594979749,0.845328795499702
0.5919195959797989,0.5518758066599155
0.591939596979849,0.17146398969995827
0.591959597979899,0.7436982850699358
0.591979598979949,0.8887506714024267
0.591999599979999,0.9283630999935524
0.592019600980049,0.9388758165154759
0.5920396019800991,0.933359434380504
0.592059602980149,0.9053410734453652
0.592079603980199,0.8086998451165354
0.5920996049802489,0.38669759609847865
0.592119605980299,0.35550684810798183
0.5921396069803491,0.801339024592857
0.592159607980399,0.9035023267450346
0.592179608980449,0.932945793006022
0.592199609980499,0.9391782867764008
0.5922196109805491,0.9295451098463073
0.592239611980599,0.8922058696704267
0.592259612980649,0.7570415388280626
0.5922796139806991,0.20404088537851753
0.5922996149807491,0.5263028585035693
0.5923196159807991,0.8403330390050846
0.592339616980849,0.9143111862609477
0.592359617980899,0.9361862925773116
0.592379618980949,0.9386287831060096
0.5923996199809991,0.92443322021597
0.592419620981049,0.8749160322243373
0.592439621981099,0.6833850327485713
0.5924596229811491,0.09757616256566201
0.5924796239811991,0.6499663666854569
0.5924996249812491,0.8675152637831488
0.592519625981299,0.9223374167831404
0.5925396269813491,0.9383522070954576
0.5925596279813992,0.9372538544169396
0.5925796289814491,0.9177857049202688
0.5925996299814991,0.8519725243913299
0.592619630981549,0.5788649394724532
0.5926396319815991,0.15083914722636071
0.5926596329816491,0.7338517332093148
0.5926796339816991,0.8869973789450651
0.592699634981749,0.9283341620881171
0.5927196359817991,0.9396232625802081
0.5927396369818492,0.9350397037469566
0.5927596379818991,0.9092658115403119
0.5927796389819491,0.8211922509569995
0.592799639981999,0.4370997539304528
0.5928196409820491,0.3105978422965543
0.5928396419820992,0.7907458744111404
0.5928596429821491,0.9012934100209813
0.5928796439821991,0.9328034666452685
0.5928996449822491,0.9401181123699426
0.5929196459822992,0.9319345802627484
0.5929396469823491,0.8984059053882081
0.5929596479823991,0.7794081439282603
0.5929796489824491,0.26984899143873403
0.5929996499824992,0.47580422162159947
0.5930196509825492,0.830157192304685
0.5930396519825991,0.9119827913732823
0.5930596529826491,0.9360874111029008
0.5930796539826991,0.9399110915227437
0.5930996549827492,0.927847678089982
0.5931196559827991,0.8845602414195706
0.5931396569828491,0.7221374601400987
0.5931596579828992,0.13248115793358134
0.5931796589829492,0.6041861038416964
0.5931996599829992,0.8581797501446997
0.5932196609830491,0.9200871122370525
0.5932396619830992,0.9384230047927624
0.5932596629831491,0.9390427328861579
0.5932796639831992,0.9226448195050129
0.5932996649832492,0.8668370745583105
0.5933196659832991,0.6435019891314157
0.5933396669833492,0.10674017803613026
0.5933596679833992,0.6952962517863305
0.5933796689834492,0.8786121434370858
0.5933996699834991,0.9262857589585733
0.5934196709835492,0.9399761930360918
0.5934396719835993,0.9375262600215397
0.5934596729836492,0.9161407778978603
0.5934796739836992,0.8440034371239493
0.5934996749837491,0.5373931988051571
0.5935196759837992,0.2057465756026008
0.5935396769838492,0.7589159533926559
0.5935596779838992,0.8938445651690277
0.5935796789839491,0.9310420893991322
0.5935996799839992,0.940863469915733
0.5936196809840493,0.9353513662068232
0.5936396819840992,0.9080877393860061
0.5936596829841492,0.8143576996314076
0.5936796839841992,0.4024213291247962
0.5936996849842493,0.35772528543754295
0.5937196859842993,0.803860170093625
0.5937396869843492,0.9054142901462082
0.5937596879843992,0.934679248513703
0.5937796889844492,0.9411659264880448
0.5937996899844993,0.9324860599723281
0.5938196909845492,0.898159074582381
0.5938396919845992,0.7755765655988709
0.5938596929846492,0.2539649259799078
0.5938796939846993,0.49907145018321
0.5938996949847493,0.8362750727581456
0.5939196959847992,0.9143354111017864
0.5939396969848493,0.9374269826916988
0.5939596979848992,0.940938560129663
0.5939796989849493,0.9288770394058993
0.5939996999849992,0.8859273062421434
0.5940197009850492,0.7245830248449496
0.5940397019850993,0.1369933863476896
0.5940597029851493,0.6091244109001711
0.5940797039851993,0.8601800012312737
0.5940997049852492,0.921294012677237
0.5941197059852993,0.9394513177819415
0.5941397069853493,0.940216543367726
0.5941597079853993,0.9244488608116452
0.5941797089854493,0.8708350105122136
0.5941997099854992,0.6575945394827305
0.5942197109855493,0.10803753372955693
0.5942397119855993,0.6897882005803173
0.5942597129856493,0.8781824713403572
0.5942797139856992,0.9267654597450027
0.5942997149857493,0.9408738477600648
0.5943197159857994,0.9390195000272146
0.5943397169858493,0.9191020445152367
0.5943597179858993,0.852157649468335
0.5943797189859493,0.570780767045035
0.5943997199859994,0.17875201608592847
0.5944197209860493,0.7482551171445176
0.5944397219860993,0.8919948740172929
0.5944597229861492,0.9310864282580548
0.5944797239861993,0.9417845685580987
0.5944997249862494,0.9373544524187252
0.5945197259862993,0.9127101873915764
0.5945397269863493,0.8289586423309014
0.5945597279863993,0.462447541643659
0.5945797289864494,0.30383388040367226
0.5945997299864993,0.7910146459675147
0.5946197309865493,0.9027639767896187
0.5946397319865994,0.9345002007251371
0.5946597329866493,0.94225061003453
0.5946797339866994,0.9352178721039316
0.5946997349867493,0.9051161187333456
0.5947197359867993,0.8000407532551996
0.5947397369868493,0.3379486334868731
0.5947597379868994,0.4331633798145487
0.5947797389869494,0.822801660424612
0.5947997399869993,0.9112746004711991
0.5948197409870494,0.9371858301613191
0.5948397419870994,0.9423223080293288
0.5948597429871494,0.9325971258252509
0.5948797439871993,0.8961271456882348
0.5948997449872493,0.7639070048916463
0.5949197459872994,0.2164976359488472
0.5949397469873494,0.5427045252631326
0.5949597479873994,0.8468652737342942
0.5949797489874493,0.9180756001624304
0.5949997499874994,0.9392773498299665
0.5950197509875494,0.9420375210814973
0.5950397519875994,0.9294715220381339
0.5950597529876493,0.8855095008008563
0.5950797539876994,0.7187642373934993
0.5950997549877495,0.13178968430342242
0.5951197559877994,0.6282241019685118
0.5951397569878494,0.8654068299830193
0.5951597579878993,0.923558823957113
0.5951797589879494,0.9408767030876828
0.5951997599879995,0.9414247721326808
0.5952197609880494,0.9258131116762987
0.5952397619880994,0.8729822554774991
0.5952597629881494,0.6626415157965946
0.5952797639881995,0.11440757823696182
0.5952997649882494,0.6931496941670934
0.5953197659882994,0.8799273080263279
0.5953397669883495,0.9280095079435872
0.5953597679883994,0.9420626267393895
0.5953797689884495,0.940505595589581
0.5953997699884994,0.9215873672572645
0.5954197709885494,0.858211246189805
0.5954397719885994,0.5937609709651703
0.5954597729886495,0.16640432306411507
0.5954797739886994,0.742285905865038
0.5954997749887494,0.891464770485537
0.5955197759887995,0.9316390839958456
0.5955397769888495,0.9428968747204993
0.5955597779888995,0.9392963442091399
0.5955797789889494,0.9167538498346095
0.5955997799889994,0.8408040445752116
0.5956197809890494,0.5113747249615771
0.5956397819890995,0.26113538450584467
0.5956597829891495,0.7797692762387322
0.5956797839891994,0.9007495397466891
0.5956997849892495,0.9346069670115773
0.5957197859892995,0.943428660910822
0.5957397869893495,0.9378096292854364
0.5957597879893994,0.9112669688902375
0.5957797889894495,0.8203077815658166
0.5957997899894996,0.4172689050042791
0.5958197909895495,0.3672834994690415
0.5958397919895995,0.8087211644574208
0.5958597929896494,0.9083046849263857
0.5958797939896995,0.9370353044030033
0.5958997949897495,0.9436978886103663
0.5959197959897995,0.9360555143115891
0.5959397969898494,0.9050769426062171
0.5959597979898995,0.7962128135689299
0.5959797989899496,0.31776493266146116
0.5959997999899995,0.4653934496111539
0.5960198009900495,0.8313933037210781
0.5960398019900995,0.9145114675924607
0.5960598029901495,0.9390191448170961
0.5960798039901996,0.9437375395437215
0.5960998049902495,0.9340425462024335
0.5961198059902995,0.8981310719686778
0.5961398069903495,0.7679668653612964
0.5961598079903996,0.22500604527481216
0.5961798089904495,0.54820908435608
0.5961998099904995,0.8493908445569246
0.5962198109905495,0.9196524921368598
0.5962398119905996,0.9406335693545729
0.5962598129906496,0.9435754710949542
0.5962798139906995,0.9317786827972317
0.5962998149907495,0.8903754485368144
0.5963198159907995,0.7350063200347852
0.5963398169908496,0.15513218420843367
0.5963598179908995,0.6152774938138895
0.5963798189909495,0.863861036784328
0.5963998199909996,0.9239405871835206
0.5964198209910496,0.9419387722500325
0.5964398219910996,0.9432357897309737
0.5964598229911495,0.9292721566085508
0.5964798239911996,0.8817572182343989
0.5964998249912496,0.6968132895265335
0.5965198259912996,0.1220198578717148
0.5965398269913496,0.6687368431412313
0.5965598279913995,0.8756315236433851
0.5965798289914496,0.9275384468837978
0.5965998299914996,0.9429837332721753
0.5966198309915496,0.9427399150688569
0.5966398319915995,0.9265322999789882
0.5966598329916496,0.8722275168194527
0.5966798339916997,0.6530077663470741
0.5966998349917496,0.13002954414914691
0.5967198359917996,0.7112368346882987
0.5967398369918496,0.8853067464539948
0.5967598379918996,0.9305722018125951
0.5967798389919496,0.9438089067363222
0.5967998399919996,0.9421074129355479
0.5968198409920495,0.9235703442228697
0.5968398419920996,0.8617451700117253
0.5968598429921497,0.6034811138922689
0.5968798439921996,0.17218874615551744
0.5968998449922496,0.7451618136534665
0.5969198459922996,0.893334071363565
0.5969398469923497,0.9331409399066847
0.5969598479923997,0.9444482126027637
0.5969798489924496,0.9413566509788523
0.5969998499924996,0.9204001939244656
0.5970198509925496,0.8502812049631185
0.5970398519925997,0.5485667769640501
0.5970598529926496,0.2352178073891536
0.5970798539926996,0.7724376781645688
0.5970998549927496,0.9000490992612156
0.5971198559927997,0.9353234829876403
0.5971398569928497,0.9449305242495081
0.5971598579928996,0.9405053131176787
0.5971798589929497,0.917039166721014
0.5971998599929997,0.8378241423636008
0.5972198609930497,0.489223006241848
0.5972398619930996,0.30616145098929115
0.5972598629931496,0.7945527437506454
0.5972798639931997,0.9057069048834754
0.5972998649932497,0.9371832748729855
0.5973198659932997,0.9452807873666561
0.5973398669933496,0.9395707969735612
0.5973598679933997,0.9135086784985066
0.5973798689934497,0.8243859250554059
0.5973998699934997,0.4271717248082804
0.5974198709935497,0.3759646608264417
0.5974398719935997,0.8126374629788338
0.5974598729936497,0.9105037852190428
0.5974798739936997,0.9387719506914597
0.5974998749937497,0.945520864081039
0.5975198759937996,0.9385705098890536
0.5975398769938497,0.9098348441600629
0.5975598779938998,0.8100081903643319
0.5975798789939497,0.364909709239984
0.5975998799939997,0.43975257939062834
0.5976198809940497,0.8275468247532274
0.5976398819940998,0.9145925730173601
0.5976598829941497,0.9401319720288649
0.5976798839941997,0.945670169044771
0.5976998849942496,0.9375220732544267
0.5977198859942997,0.9060489555960537
0.5977398869943498,0.7947684202896327
0.5977598879943997,0.3055093818504998
0.5977798889944497,0.4956421625268642
0.5977998899944997,0.8399290203760149
0.5978198909945498,0.9180935480983288
0.5978398919945997,0.9412985913346501
0.5978598929946497,0.9457461454742485
0.5978798939946998,0.9364434410301761
0.5978998949947498,0.902187792048744
0.5979198959947998,0.7787853304293944
0.5979398969948497,0.2521843042397146
0.5979598979948997,0.5434588069512116
0.5979798989949497,0.8502782947719114
0.5979998999949998,0.9211023043162485
0.5980199009950498,0.9423013285372461
0.5980399019950997,0.945764616206826
0.5980599029951498,0.9353529361805957
0.5980799039951998,0.8982937148375021
0.5980999049952498,0.7622227241039213
0.5981199059952997,0.20770523010068412
0.5981399069953498,0.5838342100831961
0.5981599079953998,0.8589742689989105
0.5981799089954498,0.9236954865371594
0.5981999099954998,0.9431650886372318
0.5982199109955497,0.9457400359186018
0.5982399119955998,0.9342692079621441
0.5982599129956498,0.8944144995279905
0.5982799139956998,0.7452909916859265
0.5982999149957497,0.17385679154477743
0.5983199159957998,0.6176870632736063
0.5983399169958499,0.8663107961006735
0.5983599179958998,0.9259350195268277
0.5983799189959498,0.943911012134795
0.5983999199959997,0.9456856644936142
0.5984199209960498,0.933211113439849
0.5984399219960999,0.8906028651450999
0.5984599229961498,0.7282455247357741
0.5984799239961998,0.15113796393298845
0.5984999249962498,0.6459625859350534
0.5985199259962999,0.8725170571355402
0.5985399269963498,0.9278712563368064
0.5985599279963998,0.94455712467329
0.5985799289964499,0.9456136773154938
0.5985999299964999,0.9321975280384489
0.5986199309965499,0.8869156725397908
0.5986399319965998,0.7113815692241738
0.5986599329966498,0.1388029676683604
0.5986799339966998,0.6695194658001876
0.5986999349967499,0.8777730077093187
0.5987199359967998,0.9295453434949789
0.5987399369968498,0.94511883450991
0.5987599379968999,0.9455352253856993
0.5987799389969499,0.9312470921658337
0.5987999399969999,0.8834127825623849
0.5988199409970498,0.6950254513089686
0.5988399419970999,0.13518289135133094
0.5988599429971498,0.6890921903426671
0.5988799439971999,0.8822207356833283
0.5988999449972499,0.9309910120133342
0.5989199459972998,0.9456093138760416
0.5989399469973499,0.945460456232456
0.5989599479973999,0.9303779037134736
0.5989799489974499,0.8801555884111114
0.5989999499974998,0.679522611871453
0.5990199509975499,0.1381281058732391
0.5990399519976,0.7052883971396986
0.5990599529976499,0.8859728568772085
0.5990799539976999,0.932235942721037
0.5990999549977498,0.9460397913232116
0.5991199559977999,0.9453985052556866
0.5991399569978499,0.9296071692327079
0.5991599579978999,0.877205263717022
0.5991799589979498,0.6652233742486929
0.5991999599979999,0.1454137132504683
0.59921996099805,0.7186004357639132
0.5992399619980999,0.8891187540196328
0.5992599629981499,0.9333028125045004
0.5992799639981999,0.9464197756624722
0.59929996499825,0.9453574662114872
0.5993199659983,0.9289508294760026
0.5993399669983499,0.8746207960054863
0.5993599679983999,0.6524677178234419
0.5993799689984499,0.15501984641610295
0.5993999699985,0.7294211099045713
0.5994199709985499,0.8917292325252151
0.5994399719985999,0.9342100985992207
0.59945997299865,0.9467572273287594
0.5994799739987,0.9453443488009019
0.59949997499875,0.9284231774056879
0.5995199759987999,0.872456901031259
0.59953997699885,0.6415704368468613
0.5995599779988999,0.16527390937311792
0.59957997899895,0.738059117492593
0.5995999799989999,0.8938600016165302
0.5996199809990499,0.9349726971846916
0.5996399819991,0.9470586894282409
0.59965998299915,0.9453650306438338
0.5996799839992,0.928036488358332
0.5996999849992499,0.870761933836567
0.5997199859993,0.6328078947666829
0.59973998699935,0.1748866785627183
0.5997599879994,0.7447524200284676
0.59977998899945,0.8955542719785217
0.5997999899994999,0.9356023974672982
0.59981999099955,0.9473293879803325
0.5998399919996,0.945424210200394
0.59985999299965,0.927800682543479
0.5998799939996999,0.8695759242446014
0.59989999499975,0.6264071922449145
0.5999199959998001,0.18292631354882108
0.59993999699985,0.749679026107475
0.5999599979999,0.8968446772260328
0.59997999899995,0.9361082414154475
0.6,0.947573308704263
