1500039510020185.5
1499889509618492.5
1499739539213170.5
1499589598795222.5
1499439688355655.2
1499289807885479.2
1499139957375707.8
1498990136817358.8
1498840346201453.2
1498690585519016.2
1498540854761075.2
1498391153918662.5
1498241482982813
1498091841944566.5
1497942230794965.2
1497792649525055.5
1497643098125886.5
1497493576588511.8
1497344084903988.5
1497194623063376.8
1497045191057740.8
1496895788878148.2
1496746416515670
1496597073961381
1496447761206359.5
1496298478241687.2
1496149225058449.2
1496000001647735.5
1495850808000637.5
1495701644108251.8
1495552509961677.8
1495403405552018.5
1495254330870381.2
1495105285907876
1494956270655616
1494807285104719
1494658329246306.2
1494509403071501.5
1494360506571433.5
1494211639737232.8
1494062802560035
1493913995030978.5
1493765217141205.5
1493616468881861.5
1493467750244095.8
1493319061219061
1493170401797913
1493021771971811.8
1492873171731920.5
1492724601069406
1492576059975438.5
1492427548441191.8
1492279066457843
1492130614016573
1491982191108566.2
1491833797725010.2
1491685433857097
1491537099496020.5
1491388794632979.5
1491240519259175.8
1491092273365814.5
1490944056944104.8
1490795869985258.8
1490647712480492.2
1490499584421024.5
1490351485798078.5
1490203416602880.5
1490055376826660
1489907366460650.5
1489759385496088.8
1489611433924214.8
1489463511736272
1489315618923508.5
1489167755477174.2
1489019921388523.5
1488872116648814
1488724341249306.2
1488576595181265.5
1488428878435959.5
1488281191004659.8
1488133532878641.2
1487985904049181.8
1487838304507563.8
1487690734245072.8
1487543193252997
1487395681522629
1487248199045264.2
1487100745812202
1486953321814745
1486805927044199
1486658561491873.2
1486511225149081.8
1486363918007139.8
1486216640057367.2
1486069391291087.8
1485922171699627.8
1485774981274317.8
1485627820006491.2
1485480687887484.8
1485333584908638.8
1485186511061297.5
1485039466336808.2
1484892450726521.8
1484745464221791.2
1484598506813975.5
1484451578494434.8
1484304679254533.8
1484157809085640
1484010967979125
1483864155926363.5
1483717372918733
1483570618947615.5
1483423894004395.5
1483277198080461.8
1483130531167205.8
1482983893256022.5
1482837284338310.2
1482690704405471.2
1482544153448910.8
1482397631460037.5
1482251138430263.8
1482104674351004.5
1481958239213678.8
1481811833009709
1481665455730520.8
1481519107367543.2
1481372787912208.8
1481226497355953
1481080235690215.5
1480934002906438.5
1480787798996068.2
1480641623950553.5
1480495477761348
1480349360419907
1480203271917690.2
1480057212246160.5
1479911181396784
1479765179361030.5
1479619206130372.8
1479473261696286.8
1479327346050252.5
1479181459183753
1479035601088274.8
1478889771755307.8
1478743971176344.2
1478598199342881
1478452456246418.2
1478306741878458.8
1478161056230509.2
1478015399294079.2
1477869771060682.5
1477724171521835
1477578600669056.8
1477433058493871.2
1477287544987804.8
1477142060142387.5
1476996603949152.5
1476851176399636.5
1476705777485378.8
1476560407197923.5
1476415065528816.5
1476269752469608.5
1476124468011851.8
1475979212147103.2
1475833984866923
1475688786162874
1475543616026523.2
1475398474449439.5
1475253361423197
1475108276939371.5
1474963220989543.2
1474818193565295
1474673194658213.2
1474528224259887.8
1474383282361911.8
1474238368955881
1474093484033395.5
1473948627586058
1473803799605475.2
1473659000083256
1473514229011013.8
1473369486380363.8
1473224772182926.2
1473080086410323.8
1472935429054182.2
1472790800106130.8
1472646199557802
1472501627400831.8
1472357083626859.2
1472212568227527
1472068081194480.8
1471923622519369.2
1471779192193844.8
1471634790209563
1471490416558182.5
1471346071231365.5
1471201754220777.8
1471057465518087.2
1470913205114966.2
1470768973003089.5
1470624769174136
1470480593619787.5
1470336446331728.2
1470192327301646.8
1470048236521234.5
1469904173982186.2
1469760139676200.2
1469616133594977.5
1469472155730222
1469328206073642.2
1469184284616949
1469040391351856.2
1468896526270081.8
1468752689363346
1468608880623373
1468465100041890.2
1468321347610627.8
1468177623321319.5
1468033927165702.2
1467890259135516.5
1467746619222505
1467603007418415
1467459423714995.8
1467315868104000.8
1467172340577186.2
1467028841126312
1466885369743140.2
1466741926419437
1466598511146971.8
1466455123917516.8
1466311764722848
1466168433554743.8
1466025130404986.5
1465881855265361.2
1465738608127656.5
1465595388983664.2
1465452197825179
1465309034643999.2
1465165899431926
1465022792180763.8
1464879712882320.2
1464736661528406.8
1464593638110837.2
1464450642621428.8
1464307675052002
1464164735394380.2
1464021823640391.2
1463878939781864.2
1463736083810633.5
1463593255718534.2
1463450455497406.8
1463307683139094
1463164938635442
1463022221978299.5
1462879533159519.2
1462736872170956.8
1462594239004470.5
1462451633651922.8
1462309056105178.5
1462166506356105.8
1462023984396576.2
1461881490218464.5
1461739023813648
1461596585174007.8
1461454174291428
1461311791157796.2
1461169435765002.5
1461027108104940.5
1460884808169506.5
1460742535950601
1460600291440127
1460458074629990.8
1460315885512100.8
1460173724078370.5
1460031590320715.2
1459889484231053.8
1459747405801308.2
1459605355023403.2
1459463331889267.5
1459321336390832.2
1459179368520032
1459037428268804
1458895515629089.5
1458753630592832.5
1458611773151979.8
1458469943298481.5
1458328141024291
1458186366321365
1458044619181662.8
1457902899597147.2
1457761207559784
1457619543061541.8
1457477906094393.2
1457336296650313.2
1457194714721280
1457053160299275.2
1456911633376283.2
1456770133944291.8
1456628661995291.5
1456487217521276.2
1456345800514243.2
1456204410966192.5
1456063048869127.2
1455921714215053.5
1455780406995980.8
1455639127203921.8
1455497874830892.2
1455356649868910.5
1455215452309998.5
1455074282146181
1454933139369486.2
1454792023971945.2
1454650935945592.2
1454509875282464.2
1454368841974601.8
1454227836014048.2
1454086857392850.5
1453945906103057.8
1453804982136722.8
1453664085485901.2
1453523216142652.2
1453382374099037.8
1453241559347122.8
1453100771878974.8
1452960011686666
1452819278762269.8
1452678573097864
1452537894685528.2
1452397243517346.8
1452256619585405.8
1452116022881795.2
1451975453398607
1451834911127936.8
1451694396061884.2
1451553908192550.2
1451413447512040.5
1451273014012462.2
1451132607685926.5
1450992228524547.8
1450851876520443
1450711551665732
1450571253952538
1450430983372987.5
1450290739919209.8
1450150523583336.8
1450010334357504
1449870172233850
1449730037204516.5
1449589929261647.5
1449449848397390.5
1449309794603896
1449169767873318
1449029768197812.8
1448889795569540.2
1448749849980662.8
1448609931423346.2
1448470039889759.2
1448330175372073.8
1448190337862464.5
1448050527353109
1447910743836188.2
1447770987303886.2
1447631257748389.8
1447491555161888.5
1447351879536575.2
1447212230864646.5
1447072609138300.5
1446933014349739.5
1446793446491168.2
1446653905554795
1446514391532830.5
1446374904417488.5
1446235444200986.5
1446096010875543.5
1445956604433383.5
1445817224866731.8
1445677872167817.8
1445538546328872.8
1445399247342132.2
1445259975199834
1445120729894218.8
1444981511417530.8
1444842319762016.8
1444703154919926.5
1444564016883513
1444424905645032
1444285821196742.5
1444146763530906
1444007732639788
1443868728515655.8
1443729751150779.8
1443590800537434
1443451876667895.5
1443312979534443.8
1443174109129361.2
1443035265444933.8
1442896448473449.5
1442757658207200.5
1442618894638481
1442480157759588.8
1442341447562824
1442202764040490.2
1442064107184893.8
1441925476988344
1441786873443153
1441648296541636.2
1441509746276111.8
1441371222638901
1441232725622327.5
1441094255218718.8
1440955811420404.8
1440817394219718.5
1440679003608995.5
1440540639580574.8
1440402302126798
1440263991240010.2
1440125706912558.8
1439987449136794.5
1439849217905070.8
1439711013209744
1439572835043173.8
1439434683397722.2
1439296558265754.8
1439158459639639.5
1439020387511747.8
1438882341874453.2
1438744322720133.5
1438606330041167.8
1438468363829939.2
1438330424078833.5
1438192510780239.5
1438054623926548.5
1437916763510155
1437778929523456.8
1437641121958854.2
1437503340808750
1437365586065550.8
1437227857721665
1437090155769505.5
1436952480201486.8
1436814831010026.5
1436677208187545.5
1436539611726467.2
1436402041619218.5
1436264497858228.8
1436126980435929.8
1435989489344757.2
1435852024577149
1435714586125546.2
1435577173982392.8
1435439788140135
1435302428591223.5
1435165095328110.2
1435027788343250.5
1434890507629103
1434753253178128.5
1434616024982791.8
1434478823035559.5
1434341647328901.5
1434204497855290.5
1434067374607202
1433930277577114.8
1433793206757510.2
1433656162140872.8
1433519143719688.8
1433382151486449
1433245185433646
1433108245553775.8
1432971331839336.5
1432834444282830.2
1432697582876760.8
1432560747613635.5
1432423938485964.8
1432287155486261
1432150398607040.2
1432013667840821.8
1431876963180126
1431740284617477.8
1431603632145404.2
1431467005756435.5
1431330405443104.8
1431193831197947.5
1431057283013502.2
1430920760882310.5
1430784264796917
1430647794749868.2
1430511350733714.8
1430374932741009
1430238540764306.8
1430102174796166.8
1429965834829150.2
1429829520855821.2
1429693232868747
1429556970860497.5
1429420734823645
1429284524750765.2
1429148340634436.5
1429012182467240
1428876050241760.2
1428739943950583.5
1428603863586299.2
1428467809141500.2
1428331780608782.2
1428195777980742.8
1428059801249983
1427923850409106.5
1427787925450720
1427652026367433
1427516153151857.8
1427380305796609
1427244484294304.5
1427108688637565.2
1426972918819014.5
1426837174831278.8
1426701456666986.2
1426565764318770
1426430097779264.2
1426294457041106
1426158842096936
1426023252939396.8
1425887689561135
1425752151954799
1425616640113040
1425481154028512.5
1425345693693873
1425210259101782.2
1425074850244902.2
1424939467115898.5
1424804109707439.5
1424668778012195.8
1424533472022841.2
1424398191732052.8
1424262937132509.2
1424127708216893
1423992504977889
1423857327408184.8
1423722175500470.8
1423587049247440
1423451948641788.8
1423316873676216
1423181824343423
1423046800636114
1422911802546995.8
1422776830068779
1422641883194175.5
1422506961915901.5
1422372066226674
1422237196119214.8
1422102351586247
1421967532620497.5
1421832739214695.2
1421697971361572.2
1421563229053863
1421428512284305
1421293821045638.5
1421159155330606.2
1421024515131954.8
1420889900442431.5
1420755311254788
1420620747561778
1420486209356158.5
1420351696630689
1420217209378131.5
1420082747591251
1419948311262814.8
1419813900385593.5
1419679514952360.2
1419545154955891
1419410820388964.5
1419276511244361.5
1419142227514866.8
1419007969193266.5
1418873736272350.5
1418739528744911
1418605346603742.8
1418471189841643.8
1418337058451414.5
1418202952425857.8
1418068871757779.5
1417934816439988.8
1417800786465296.5
1417666781826516.5
1417532802516466
1417398848527963.8
1417264919853832.8
1417131016486897.5
1416997138419986
1416863285645927.8
1416729458157556
1416595655947707
1416461879009218.8
1416328127334932.5
1416194400917692
1416060699750343.8
1415927023825737.2
1415793373136724.5
1415659747676159.5
1415526147436900.2
1415392572411806.8
1415259022593741.2
1415125497975569.5
1414991998550159.5
1414858524310382
1414725075249111
1414591651359222.2
1414458252633594.5
1414324879065109.2
1414191530646651.2
1414058207371107.2
1413924909231366.8
1413791636220321.8
1413658388330867.5
1413525165555901.8
1413391967888324.8
1413258795321039.5
1413125647846951.5
1412992525458969.2
1412859428150004
1412726355912969
1412593308740780.5
1412460286626358
1412327289562623.2
1412194317542500.2
1412061370558916.2
1411928448604800.5
1411795551673085.8
1411662679756707.2
1411529832848602.2
1411397010941711
1411264214028976.5
1411131442103344.8
1410998695157764
1410865973185185
1410733276178561.2
1410600604130849.2
1410467957035007.8
1410335334883998.2
1410202737670785
1410070165388335
1409937618029617.8
1409805095587605
1409672598055271.8
1409540125425595.5
1409407677691556
1409275254846136.5
1409142856882322
1409010483793100.2
1408878135571461.8
1408745812210400.2
1408613513702911.5
1408481240041994
1408348991220648.2
1408216767231878.8
1408084568068691.8
1407952393724096
1407820244191103.2
1407688119462727.5
1407556019531986.2
1407423944391898.2
1407291894035486.2
1407159868455774.5
1407027867645790.8
1406895891598564.8
1406763940307129
1406632013764519
1406500111963772
1406368234897928.8
1406236382560032.8
1406104554943129
1405972752040266
1405840973844494.2
1405709220348867.5
1405577491546442
1405445787430276.2
1405314107993431.2
1405182453228971.2
1405050823129962.5
1404919217689474
1404787636900577.8
1404656080756347.5
1404524549249860.5
1404393042374196
1404261560122436.2
1404130102487665.2
1403998669462971.2
1403867261041443.2
1403735877216173.8
1403604517980257.8
1403473183326793
1403341873248879.5
1403210587739619.8
1403079326792119.8
1402948090399486.8
1402816878554831
1402685691251266.2
1402554528481907.8
1402423390239873.8
1402292276518284.8
1402161187310264.5
1402030122608938.5
1401899082407435.5
1401768066698886.8
1401637075476425.2
1401506108733187.5
1401375166462312.5
1401244248656941.2
1401113355310217.2
1400982486415287.8
1400851641965301.5
1400720821953409.8
1400590026372766.8
1400459255216528.8
1400328508477855.8
1400197786149909.2
1400067088225853.5
1399936414698855
1399805765562083.8
1399675140808711.8
1399544540431913
1399413964424865.2
1399283412780747.2
1399152885492742
1399022382554033.8
1398891903957809.8
1398761449697260
1398631019765576.8
1398500614155955.2
1398370232861592.2
1398239875875688
1398109543191444.8
1397979234802068
1397848950700765
1397718690880746
1397588455335223.2
1397458244057412
1397328057040530.2
1397197894277798
1397067755762438
1396937641487675.2
1396807551446737.8
1396677485632856
1396547444039262.5
1396417426659192.5
1396287433485884.2
1396157464512578
1396027519732516.2
1395897599138944.8
1395767702725111.2
1395637830484266.5
1395507982409663.5
1395378158494557
1395248358732205.5
1395118583115869.2
1394988831638811.5
1394859104294297.8
1394729401075595.8
1394599721975975.8
1394470066988711.5
1394340436107077.8
1394210829324353
1394081246633817.5
1393951688028754.2
1393822153502448.8
1393692643048189.2
1393563156659265.8
1393433694328971.8
1393304256050602.2
1393174841817455.5
1393045451622831.8
1392916085460034.2
1392786743322367.8
1392657425203141
1392528131095664.2
1392398860993250
1392269614889213.5
1392140392776872.8
1392011194649548.5
1391882020500563.2
1391752870323242.2
1391623744110913.2
1391494641856906.5
1391365563554554.5
1391236509197193
1391107478778159
1390978472290793.2
1390849489728437.8
1390720531084438
1390591596352141.5
1390462685524897.8
1390333798596060
1390204935558982.8
1390076096407023.2
1389947281133541.5
1389818489731900
1389689722195463.2
1389560978517598.8
1389432258691676.2
1389303562711067.5
1389174890569147
1389046242259292.5
1388917617774883
1388789017109301
1388660440255930
1388531887208157.8
1388403357959373
1388274852502967.8
1388146370832336.2
1388017912940875
1387889478821983.2
1387761068469062.5
1387632681875516.8
1387504319034752.2
1387375979940178.2
1387247664585205.5
1387119372963248.2
1386991105067722.2
1386862860892046.2
1386734640429641.5
1386606443673931.2
1386478270618341.8
1386350121256300.8
1386221995581239.5
1386093893586591.2
1385965815265791.2
1385837760612277.8
1385709729619491
1385581722280874.2
1385453738589872.8
1385325778539934
1385197842124508.2
1385069929337048.2
1384942040171009
1384814174619847.8
1384686332677024.5
1384558514336001
1384430719590242.5
1384302948433216.2
1384175200858391
1384047476859239.2
1383919776429234.8
1383792099561854.8
1383664446250578
1383536816488886.5
1383409210270263.5
1383281627588195.8
1383154068436172.2
1383026532807683.5
1382899020696223.8
1382771532095288
1382644066998375.5
1382516625398986.5
1382389207290624.5
1382261812666794.2
1382134441521004.8
1382007093846765.8
1381879769637589.8
1381752468886992
1381625191588490
1381497937735604
1381370707321855.8
1381243500340770.2
1381116316785874
1380989156650696.8
1380862019928770.5
1380734906613629.2
1380607816698809.8
1380480750177850.5
1380353707044293
1380226687291681
1380099690913560.8
1379972717903480.2
1379845768254990.8
1379718841961645.2
1379591939016999.5
1379465059414611
1379338203148040.2
1379211370210850.2
1379084560596606
1378957774298874.2
1378831011311225.5
1378704271627231.5
1378577555240466.8
1378450862144508.5
1378324192332935.5
1378197545799329.5
1378070922537274.5
1377944322540356.8
1377817745802165
1377691192316290
1377564662076325.5
1377438155075867
1377311671308512.5
1377185210767862.5
1377058773447519.8
1376932359341089.5
1376805968442179.2
1376679600744398.5
1376553256241359.5
1376426934926677
1376300636793967.5
1376174361836851
1376048110048948
1375921881423882.8
1375795675955281.5
1375669493636773
1375543334461988
1375417198424559.8
1375291085518123.5
1375164995736317.5
1375038929072782
1374912885521159.5
1374786865075094.8
1374660867728235
1374534893474230
1374408942306731.2
1374283014219393.2
1374157109205872.5
1374031227259828
1373905368374920.8
1373779532544814
1373653719763174
1373527930023668.5
1373402163319968.2
1373276419645746
1373150698994677
1373025001360438.2
1372899326736709.8
1372773675117173.2
1372648046495513.5
1372522440865417.2
1372396858220572.8
1372271298554672
1372145761861408.2
1372020248134477.5
1371894757367577.8
1371769289554410.2
1371643844688677
1371518422764083.2
1371393023774336.8
1371267647713146.8
1371142294574225.8
1371016964351288
1370891657038050
1370766372628230.5
1370641111115550.8
1370515872493734.5
1370390656756507.5
1370265463897598
1370140293910735.8
1370015146789654.2
1369890022528087.8
1369764921119774
1369639842558452.5
1369514786837864.5
1369389753951754.8
1369264743893869.5
1369139756657957.5
1369014792237769.2
1368889850627058.5
1368764931819580.8
1368640035809093.8
1368515162589357.2
1368390312154133.8
1368265484497188.2
1368140679612287.5
1368015897493200.5
1367891138133698.8
1367766401527555.8
1367641687668548
1367516996550453.8
1367392328167053.2
1367267682512129.2
1367143059579467
1367018459362853.8
1366893881856079.2
1366769327052935.5
1366644794947216
1366520285532717.8
1366395798803239.2
1366271334752581.2
1366146893374547
1366022474662942
1365898078611574.2
1365773705214253
1365649354464790.8
1365525026357001.8
1365400720884703.2
1365276438041714
1365152177821855
1365027940218949.5
1364903725226823.8
1364779532839305.2
1364655363050224.5
1364531215853413.8
1364407091242707.8
1364282989211943.2
1364158909754959.8
1364034852865598.5
1363910818537702.8
1363786806765119.2
1363662817541695.5
1363538850861282
1363414906717731.2
1363290985104898
1363167086016639.8
1363043209446815.8
1362919355389287
1362795523837917.8
1362671714786573.5
1362547928229123
1362424164159436.8
1362300422571387
1362176703458848.8
1362053006815699
1361929332635817.8
1361805680913085.8
1361682051641387.5
1361558444814608.5
1361434860426637
1361311298471364
1361187758942681.5
1361064241834484.8
1360940747140670.8
1360817274855139
1360693824971790.8
1360570397484530
1360446992387262.5
1360323609673896.5
1360200249338342.5
1360076911374513
1359953595776322.8
1359830302537688.5
1359707031652530
1359583783114768.2
1359460556918327.2
1359337353057132.2
1359214171525111.8
1359091012316195.8
1358967875424316.8
1358844760843409.5
1358721668567410.5
1358598598590259
1358475550905896.2
1358352525508265.2
1358229522391312
1358106541548984.5
1357983582975232
1357860646664007.2
1357737732609264.5
1357614840804960
1357491971245053
1357369123923504.2
1357246298834276.8
1357123495971335.5
1357000715328648.5
1356877956900185.5
1356755220679917.8
1356632506661819.8
1356509814839867.5
1356387145208039.2
1356264497760316
1356141872490680.2
1356019269393116.5
1355896688461612.8
1355774129690157.8
1355651593072742.8
1355529078603361.5
1355406586276010
1355284116084686
1355161668023389.8
1355039242086123.5
1354916838266891.5
1354794456559700.5
1354672096958559.2
1354549759457479
1354427444050472.8
1354305150731555.2
1354182879494744.8
1354060630334060.2
1353938403243523.8
1353816198217159.2
1353694015248992.5
1353571854333052
1353449715463368.2
1353327598633973.2
1353205503838902.2
1353083431072191.8
1352961380327881.2
1352839351600011.5
1352717344882625.8
1352595360169769.2
1352473397455490
1352351456733838
1352229537998864.5
1352107641244623.8
1351985766465172
1351863913654567.5
1351742082806870.8
1351620273916144.5
1351498486976453.2
1351376721981863.8
1351254978926445.5
1351133257804269.2
1351011558609408.8
1350889881335938.8
1350768225977937.2
1350646592529483.8
1350524980984660.5
1350403391337550.8
1350281823582241.2
1350160277712820
1350038753723377.2
1349917251608005.5
1349795771360799
1349674312975855.2
1349552876447272.8
1349431461769152.2
1349310068935596.8
1349188697940712
1349067348778605
1348946021443385.5
1348824715929164.5
1348703432230056.2
1348582170340176.2
1348460930253642.5
1348339711964575.2
1348218515467096.2
1348097340755330.2
1347976187823403.2
1347855056665443.8
1347733947275582.8
1347612859647952.2
1347491793776687.8
1347370749655926.2
1347249727279806.2
1347128726642469
1347007747738057.8
1346886790560718.2
1346765855104597.5
1346644941363845.2
1346524049332613
1346403179005054.8
1346282330375326.2
1346161503437585.5
1346040698185992.2
1345919914614709
1345799152717900
1345678412489731.2
1345557693924371.5
1345436997015990.8
1345316321758762.5
1345195668146860.8
1345075036174462.5
1344954425835746.8
1344833837124894
1344713270036088
1344592724563513.2
1344472200701357.8
1344351698443809.8
1344231217785061.5
1344110758719306
1343990321240739.2
1343869905343558.5
1343749511021963.5
1343629138270156.2
1343508787082340.5
1343388457452722.2
1343268149375509.2
1343147862844912
1343027597855142.5
1342907354400415
1342787132474945.8
1342666932072953
1342546753188657.8
1342426595816282
1342306459950050.5
1342186345584189.8
1342066252712928.8
1341946181330498.2
1341826131431131
1341706103009062.2
1341586096058528.2
1341466110573768.8
1341346146549024.5
1341226203978539
1341106282856557.2
1340986383177326.2
1340866504935095.5
1340746648124116.8
1340626812738643.2
1340506998772930.2
1340387206221235.5
1340267435077819
1340147685336942
1340027956992868
1339908250039863
1339788564472194.8
1339668900284133.8
1339549257469950.8
1339429636023920.5
1339310035940318.8
1339190457213423.8
1339070899837515.2
1338951363806875.8
1338831849115789
1338712355758541.5
1338592883729421.5
1338473433022719
1338354003632727
1338234595553739
1338115208780051.8
1337995843305964
1337876499125775.8
1337757176233789.8
1337637874624310.5
1337518594291644.8
1337399335230101
1337280097433989.5
1337160880897623
1337041685615316.8
1336922511581387
1336803358790152.5
1336684227235934
1336565116913054.2
1336446027815838.5
1336326959938613
1336207913275707.2
1336088887821451.2
1335969883570178.5
1335850900516223.8
1335731938653924
1335612997977618
1335494078481647.2
1335375180160354.2
1335256303008084
1335137447019183.5
1335018612188002
1334899798508890.2
1334781005976201.8
1334662234584291
1334543484327515.2
1334424755200233.8
1334306047196807.2
1334187360311599.2
1334068694538974.8
1333950049873300.2
1333831426308945.5
1333712823840281.5
1333594242461681.2
1333475682167519.8
1333357142952174.2
1333238624810023.8
1333120127735449.5
1333001651722834.5
1332883196766563.5
1332764762861024.5
1332646350000605.8
1332527958179698.5
1332409587392696
1332291237633993
1332172908897987
1332054601179077
1331936314471663.8
1331818048770150.2
1331699804068941.5
1331581580362445
1331463377645069.2
1331345195911225.2
1331227035155326
1331108895371786.5
1330990776555023.5
1330872678699456.2
1330754601799505.2
1330636545849593.8
1330518510844146.2
1330400496777589.8
1330282503644352.8
1330164531438866.2
1330046580155563.2
1329928649788878.2
1329810740333247.8
1329692851783110.5
1329574984132907
1329457137377080.2
1329339311510074.8
1329221506526337
1329103722420315.2
1328985959186460.2
1328868216819224.5
1328750495313062.2
1328632794662430
1328515114861786
1328397455905590.5
1328279817788306
1328162200504396.5
1328044604048328
1327927028414569.5
1327809473597590.2
1327691939591862.8
1327574426391860.8
1327456933992060.5
1327339462386940
1327222011570978.8
1327104581538658.8
1326987172284464
1326869783802879.8
1326752416088394.5
1326635069135497.2
1326517742938680
1326400437492435.8
1326283152791260.8
1326165888829652
1326048645602108.8
1325931423103132.8
1325814221327227
1325697040268896.8
1325579879922649.2
1325462740282993.5
1325345621344440.5
1325228523101503.2
1325111445548697.2
1324994388680538.8
1324877352491546.5
1324760336976241.2
1324643342129146
1324526367944785.5
1324409414417685.8
1324292481542375.5
1324175569313385
1324058677725247
1323941806772495.2
1323824956449666.5
1323708126751298.2
1323591317671930.8
1323474529206106.5
1323357761348368.8
1323241014093263.8
1323124287435339
1323007581369144.2
1322890895889231.2
1322774230990153.5
1322657586666466
1322540962912726.8
1322424359723495
1322307777093331.5
1322191215016799.5
1322074673488464.2
1321958152502892.5
1321841652054653.5
1321725172138317.5
1321608712748457.5
1321492273879648
1321375855526465.8
1321259457683489
1321143080345298.2
1321026723506475.5
1320910387161605
1320794071305273
1320677775932067.2
1320561501036577.8
1320445246613396.5
1320329012657116.8
1320212799162334.2
1320096606123646.8
1319980433535653
1319864281392955.2
1319748149690156.2
1319632038421860.8
1319515947582676.2
1319399877167211.2
1319283827170077
1319167797585886
1319051788409252.8
1318935799634793.5
1318819831257127
1318703883270873.5
1318587955670655
1318472048451095.5
1318356161606821.5
1318240295132460
1318124449022641
1318008623271996.2
1317892817875159.2
1317777032826765.5
1317661268121451.8
1317545523753857.5
1317429799718623.8
1317314096010393.5
1317198412623811.2
1317082749553524.2
1316967106794180.2
1316851484340430.2
1316735882186926.5
1316620300328323
1316504738759276
1316389197474443.5
1316273676468484.8
1316158175736062
1316042695271839
1315927235070480.5
1315811795126654.2
1315696375435029.8
1315580975990277.5
1315465596787070.5
1315350237820083.5
1315234899083993.2
1315119580573478.8
1315004282283219.5
1314889004207898.5
1314773746342199.5
1314658508680808.2
1314543291218413.2
1314428093949703.8
1314312916869371.5
1314197759972109.8
1314082623252614
1313967506705581.2
1313852410325710.8
1313737334107703
1313622278046260.8
1313507242136089
1313392226371893.8
1313277230748383.5
1313162255260268.2
1313047299902260.2
1312932364669073.2
1312817449555422.5
1312702554556026
1312587679665603
1312472824878875
1312357990190564.8
1312243175595397.5
1312128381088099.2
1312013606663399.8
1311898852316028.8
1311784118040718.5
1311669403832204
1311554709685220
1311440035594505.2
1311325381554799
1311210747560843.2
1311096133607380.8
1310981539689157
1310866965800919
1310752411937415.8
1310637878093397.8
1310523364263617.2
1310408870442829.5
1310294396625790
1310179942807257
1310065508981990.2
1309951095144751.5
1309836701290304.2
1309722327413414.2
1309607973508848.2
1309493639571375
1309379325595766
1309265031576793.5
1309150757509232.2
1309036503387858.5
1308922269207450
1308808054962787.2
1308693860648651.8
1308579686259827
1308465531791098.8
1308351397237254
1308237282593082
1308123187853373.5
1308009113012921
1307895058066519.2
1307781023008964.5
1307667007835055.2
1307553012539591
1307439037117373.5
1307325081563206.5
1307211145871895.2
1307097230038247.5
1306983334057071.8
1306869457923178.5
1306755601631381.2
1306641765176493.8
1306527948553332.8
1306414151756715.8
1306300374781463
1306186617622396
1306072880274338.5
1305959162732115.2
1305845464990553.8
1305731787044482.8
1305618128888733
1305504490518136.8
1305390871927528.2
1305277273111743.8
1305163694065621
1305050134784000.2
1304936595261722
1304823075493629.8
1304709575474569.2
1304596095199386.5
1304482634662930.8
1304369193860052
1304255772785602.2
1304142371434436.2
1304028989801409.5
1303915627881379.2
1303802285669205
1303688963159748.5
1303575660347872
1303462377228440.2
1303349113796320.2
1303235870046379.8
1303122645973489.5
1303009441572520.8
1302896256838347.2
1302783091765844.8
1302669946349890
1302556820585362.5
1302443714467142.8
1302330627990113.5
1302217561149158.5
1302104513939164.5
1301991486355019.2
1301878478391612
1301765490043834.8
1301652521306580
1301539572174743.2
1301426642643221.2
1301313732706912.2
1301200842360716.5
1301087971599536.8
1300975120418275.8
1300862288811839.8
1300749476775136
1300636684303073.5
1300523911390563.5
1300411158032518.2
1300298424223852.5
1300185709959481.8
1300073015234324.8
1299960340043301
1299847684381331.5
1299735048243340.2
1299622431624251.5
1299509834518992.5
1299397256922491.5
1299284698829678.8
1299172160235486.5
1299059641134848.2
1298947141522699.8
1298834661393978
1298722200743622.2
1298609759566573.2
1298497337857773.5
1298384935612167.8
1298272552824701.2
1298160189490322.2
1298047845603980
1297935521160626
1297823216155213.5
1297710930582697
1297598664438033
1297486417716180
1297374190412097.8
1297261982520748
1297149794037094.8
1297037624956102.5
1296925475272739
1296813344981972.2
1296701234078773.2
1296589142558114.2
1296477070414968.5
1296365017644312.5
1296252984241123.2
1296140970200379.8
1296028975517063.2
1295917000186156.2
1295805044202643.2
1295693107561510
1295581190257744.8
1295469292286336.5
1295357413642277
1295245554320559.2
1295133714316177.8
1295021893624129
1294910092239411.5
1294798310157025
1294686547371971
1294574803879253.2
1294463079673876.5
1294351374750847.5
1294239689105175.2
1294128022731869.8
1294016375625943
1293904747782408.8
1293793139196282.5
1293681549862581.5
1293569979776324.2
1293458428932531.5
1293346897326226
1293235384952431.2
1293123891806173.2
1293012417882479.2
1292900963176378.5
1292789527682902.2
1292678111397082.8
1292566714313954.5
1292455336428553
1292343977735916.8
1292232638231084.5
1292121317909098
1292010016764999.8
1291898734793834.8
1291787471990648.8
1291676228350490
1291565003868408.2
1291453798539454.8
1291342612358682.5
1291231445321146.5
1291120297421903.5
1291009168656011.2
1290898059018529.5
1290786968504520.8
1290675897109047.5
1290564844827175.2
1290453811653970.2
1290342797584501.2
1290231802613838.2
1290120826737053
1290009869949219.2
1289898932245411.5
1289788013620707.5
1289677114070185.5
1289566233588925.5
1289455372172009.8
1289344529814522
1289233706511547.2
1289122902258172.8
1289012117049487.2
1288901350880581
1288790603746546.2
1288679875642476.8
1288569166563468
1288458476504616.8
1288347805461022.5
1288237153427785.2
1288126520400007.5
1288015906372793.2
1287905311341247.8
1287794735300478.2
1287684178245593.8
1287573640171705.2
1287463121073924.5
1287352620947365.5
1287242139787144.2
1287131677588378
1287021234346185.5
1286910810055687.5
1286800404712006.2
1286690018310266.2
1286579650845592.8
1286469302313113.2
1286358972707956.8
1286248662025254
1286138370260137.5
1286028097407740.8
1285917843463200
1285807608421652.8
1285697392278237.5
1285587195028095.5
1285477016666369
1285366857188201.5
1285256716588739.5
1285146594863129.8
1285036492006522
1284926408014066.5
1284816342880915.2
1284706296602222.8
1284596269173144.8
1284486260588838.5
1284376270844462.8
1284266299935178.5
1284156347856148
1284046414602535.2
1283936500169505.5
1283826604552226.2
1283716727745866.8
1283606869745597.5
1283497030546590.2
1283387210144019.2
1283277408533060.2
1283167625708890
1283057861666687.8
1282948116401634
1282838389908910.5
1282728682183701.5
1282618993221192.2
1282509323016569.5
1282399671565022.8
1282290038861741.8
1282180424901918.8
1282070829680747.2
1281961253193423
1281851695435142.5
1281742156401104.5
1281632636086509.5
1281523134486559
1281413651596456.5
1281304187411407.5
1281194741926618.5
1281085315137298.2
1280975907038656.5
1280866517625905
1280757146894257.2
1280647794838928.2
1280538461455134.5
1280429146738094
1280319850683027.5
1280210573285155.5
1280101314539701.5
1279992074441890.2
1279882852986948.5
1279773650170103.8
1279664465986586
1279555300431626.5
1279446153500458
1279337025188315.2
1279227915490434.2
1279118824402052.8
1279009751918410.5
1278900698034748.2
1278791662746308.5
1278682646048336
1278573647936076.5
1278464668404777.2
1278355707449687.5
1278246765066058.2
1278137841249141.8
1278028935994192
1277920049296464.5
1277811181151216.8
1277702331553707.5
1277593500499197
1277484687982947.5
1277375894000222.8
1277267118546288.2
1277158361616410.5
1277049623205858
1276940903309901.5
1276832201923812
1276723519042863.5
1276614854662330.8
1276506208777490.2
1276397581383620.2
1276288972476000.5
1276180382049912.5
1276071810100639.2
1275963256623465.2
1275854721613676.8
1275746205066561.8
1275637706977409.8
1275529227341511.2
1275420766154159.2
1275312323410648.2
1275203899106273.5
1275095493236332.8
1274987105796125.2
1274878736780951
1274770386186113
1274662054006914.5
1274553740238661
1274445444876659.8
1274337167916219
1274228909352649.5
1274120669181262.8
1274012447397372
1273904243996292.2
1273796058973340.2
1273687892323834.2
1273579744043094
1273471614126440.5
1273363502569196.8
1273255409366687.5
1273147334514238.8
1273039278007178.2
1272931239840835.2
1272823220010540.8
1272715218511627
1272607235339428
1272499270489279.8
1272391323956518.8
1272283395736484.8
1272175485824517.2
1272067594215958.5
1271959720906152.2
1271851865890443.2
1271744029164178.5
1271636210722706
1271528410561376
1271420628675539.2
1271312865060549.2
1271205119711760.5
1271097392624529
1270989683794212.5
1270881993216170.5
1270774320885763.5
1270666666798354.2
1270559030949306.8
1270451413333986.2
1270343813947760.2
1270236232785997.5
1270128669844068
1270021125117343.8
1269913598601198
1269806090291006.2
1269698600182144.5
1269591128269991
1269483674549925.2
1269376239017329
1269268821667585
1269161422496077.2
1269054041498191.8
1268946678669316.2
1268839334004839.8
1268732007500152.8
1268624699150647.5
1268517408951717.5
1268410136898758.5
1268302882987167
1268195647212341.5
1268088429569682
1267981230054589.8
1267874048662468.5
1267766885388722.2
1267659740228757.5
1267552613177981.8
1267445504231804.5
1267338413385636.2
1267231340634890
1267124285974979.2
1267017249401319.5
1266910230909327.8
1266803230494423
1266696248152025
1266589283877555.2
1266482337666437.5
1266375409514096.2
1266268499415958
1266161607367450.2
1266054733364002.8
1265947877401046
1265841039474013.2
1265734219578337.8
1265627417709455.5
1265520633862803.5
1265413868033820.5
1265307120217946.8
1265200390410624
1265093678607295
1264986984803405
1264880308994400.5
1264773651175729.2
1264667011342840.5
1264560389491185
1264453785616215.8
1264347199713386.5
1264240631778153
1264134081805972
1264027549792302.5
1263921035732604.2
1263814539622339.2
1263708061456970.5
1263601601231962.5
1263495158942782.2
1263388734584897
1263282328153776.2
1263175939644890.5
1263069569053712.5
1262963216375716
1262856881606376.5
1262750564741171
1262644265775577.8
1262537984705076.8
1262431721525149.5
1262325476231279.5
1262219248818950.5
1262113039283649
1262006847620862.8
1261900673826080.5
1261794517894793.2
1261688379822492.8
1261582259604673
1261476157236829
1261370072714457.5
1261264006033056.8
1261157957188126
1261051926175167.5
1260945912989683
1260839917627177
1260733940083155.5
1260627980353125.5
1260522038432596.2
1260416114317077.8
1260310208002081.8
1260204319483121.5
1260098448755712
1259992595815369.8
1259886760657612.2
1259780943277959
1259675143671930.8
1259569361835050
1259463597762840.5
1259357851450827.5
1259252122894538
1259146412089500.5
1259040719031245
1258935043715302.2
1258829386137205.5
1258723746292489
1258618124176689
1258512519785342.5
1258406933113988.5
1258301364158167
1258195812913420.2
1258090279375291.5
1257984763539325.8
1257879265401069
1257773784956069.2
1257668322199876
1257562877128039.8
1257457449736113.2
1257352040019649.8
1257246647974205
1257141273595335.5
1257035916878599.8
1256930577819557.2
1256825256413769.5
1256719952656799
1256614666544210.2
1256509398071568.8
1256404147234442
1256298914028398.2
1256193698449007.8
1256088500491842.5
1255983320152475.2
1255878157426481
1255773012309435.5
1255667884796916
1255562774884502.5
1255457682567775
1255352607842316
1255247550703708.2
1255142511147536.5
1255037489169388.2
1254932484764851.2
1254827497929514.2
1254722528658968.2
1254617576948806.2
1254512642794621.5
1254407726192009.5
1254302827136567.2
1254197945623892.5
1254093081649585.5
1253988235209247
1253883406298480
1253778594912888.5
1253673801048078.2
1253569024699656
1253464265863230.5
1253359524534412
1253254800708811.5
1253150094382042.2
1253045405549718.8
1252940734207456.8
1252836080350873.5
1252731443975587.8
1252626825077220
1252522223651392
1252417639693727
1252313073199849.2
1252208524165385.2
1252103992585962.5
1251999478457210
1251894981774758
1251790502534238.8
1251686040731286
1251581596361534
1251477169420619.5
1251372759904179.8
1251268367807855
1251163993127285
1251059635858112
1250955295995980
1250850973536533.8
1250746668475420
1250642380808286.5
1250538110530783.2
1250433857638560.2
1250329622127270
1250225403992566.8
1250121203230105.5
1250017019835543
1249912853804536.8
1249808705132747
1249704573815834.5
1249600459849461.8
1249496363229292.8
1249392283950992.5
1249288222010228.2
1249184177402667.8
1249080150123981
1248976140169839
1248872147535914.2
1248768172217881
1248664214211414.2
1248560273512191.2
1248456350115890.2
1248352444018191
1248248555214774.5
1248144683701323.5
1248040829473522.2
1247936992527056
1247833172857611.8
1247729370460877.8
1247625585332544.2
1247521817468302
1247418066863844
1247314333514864.2
1247210617417058.5
1247106918566123
1247003236957756.8
1246899572587660
1246795925451533.2
1246692295545079.5
1246588682864002.5
1246485087404008.5
1246381509160804.2
1246277948130097.8
1246174404307599
1246070877689019.2
1245967368270071.5
1245863876046469.8
1245760401013929.2
1245656943168167.2
1245553502504901.8
1245450079019853
1245346672708742
1245243283567291.8
1245139911591225.2
1245036556776269
1244933219118149.5
1244829898612595.2
1244726595255336
1244623309042102.8
1244520039968628
1244416788030646
1244313553223892
1244210335544102.8
1244107134987016.5
1244003951548373
1243900785223913.2
1243797636009379.8
1243694503900516.5
1243591388893068.5
1243488290982782.5
1243385210165407
1243282146436691
1243179099792385.8
1243076070228243.5
1242973057740018.2
1242870062323464.5
1242767083974339.8
1242664122688401.2
1242561178461408.8
1242458251289122.8
1242355341167305.2
1242252448091720.5
1242149572058133
1242046713062309.8
1241943871100017.8
1241841046167026.5
1241738238259106.8
1241635447372030.5
1241532673501571
1241429916643503
1241327176793602.8
1241224453947648
1241121748101417.8
1241019059250692.2
1240916387391253.5
1240813732518884.2
1240711094629369.5
1240608473718495
1240505869782048.2
1240403282815818
1240300712815594.2
1240198159777168.8
1240095623696334.2
1239993104568885.2
1239890602390617.5
1239788117157328
1239685648864815
1239583197508879
1239480763085320.8
1239378345589943
1239275945018550
1239173561366947.2
1239071194630941.2
1238968844806340.2
1238866511888954
1238764195874593.8
1238661896759071.2
1238559614538200.5
1238457349207797
1238355100763677
1238252869201658
1238150654517559.5
1238048456707203
1237946275766409.2
1237844111691002.2
1237741964476807
1237639834119649
1237537720615356.5
1237435623959758.2
1237333544148684.5
1237231481177966.5
1237129435043438
1237027405740933
1236925393266287.5
1236823397615338.8
1236721418783924.8
1236619456767885.8
1236517511563063.5
1236415583165300
1236313671570439.5
1236211776774327.5
1236109898772810.8
1236008037561737.5
1235906193136957
1235804365494320
1235702554629679.2
1235600760538888
1235498983217801.5
1235397222662275.8
1235295478868168.5
1235193751831339.2
1235092041547648
1234990348012956.8
1234888671223128.5
1234787011174027.8
1234685367861520.8
1234583741281474.5
1234482131429757.5
1234380538302239.8
1234278961894792.8
1234177402203289.2
1234075859223603
1233974332951609.5
1233872823383185.5
1233771330514209.8
1233669854340560.8
1233568394858119.5
1233466952062768.5
1233365525950391.2
1233264116516873
1233162723758099.2
1233061347669957.8
1232959988248337.8
1232858645489129.5
1232757319388224.8
1232656009941516
1232554717144898.2
1232453440994266.8
1232352181485518.8
1232250938614552.8
1232149712377268.2
1232048502769566.2
1231947309787349.5
1231846133426521.8
1231744973682988
1231643830552654.8
1231542704031429.8
1231441594115222.5
1231340500799943
1231239424081503.5
1231138363955817.2
1231037320418798.5
1230936293466363.2
1230835283094428.5
1230734289298913.2
1230633312075737
1230532351420821.2
1230431407330088.5
1230330479799462.5
1230229568824868.8
1230128674402233.8
1230027796527485.5
1229926935196552.8
1229826090405366.5
1229725262149859.2
1229624450425963.2
1229523655229613.8
1229422876556746.2
1229322114403298
1229221368765208
1229120639638416.2
1229019927018863.8
1228919230902493
1228818551285247.5
1228717888163073.2
1228617241531917
1228516611387725.8
1228415997726449
1228315400544037.8
1228214819836443.8
1228114255599619.8
1228013707829521
1227913176522102.5
1227812661673322.2
1227712163279138.2
1227611681335510.5
1227511215838400
1227410766783769.5
1227310334167582.5
1227209917985804.2
1227109518234401.2
1227009134909341.2
1226908768006593
1226808417522127.2
1226708083451915.8
1226607765791931.2
1226507464538148.2
1226407179686542.5
1226306911233090.8
1226206659173771.5
1226106423504564.2
1226006204221450
1225906001320410.8
1225805814797430.5
1225705644648493.5
1225605490869586.5
1225505353456697
1225405232405813.2
1225305127712925.8
1225205039374025.5
1225104967385106.2
1225004911742161
1224904872441185.5
1224804849478176.2
1224704842849131.2
1224604852550050
1224504878576932.8
1224404920925781.8
1224304979592600
1224205054573392
1224105145864163.5
1224005253460921.5
1223905377359674.8
1223805517556432.5
1223705674047206
1223605846828007.8
1223506035894851
1223406241243751
1223306462870723.8
1223206700771786.8
1223106954942958.8
1223007225380260
1222907512079712
1222807815037337.2
1222708134249160
1222608469711205.2
1222508821419499.8
1222409189370071.2
1222309573558949.2
1222209973982163.8
1222110390635747
1222010823515731.8
1221911272618152.8
1221811737939045
1221712219474446
1221612717220393.8
1221513231172927.8
1221413761328089
1221314307681919.2
1221214870230462.2
1221115448969762.2
1221016043895866
1220916655004820.2
1220817282292673.5
1220717925755475.5
1220618585389277.2
1220519261190131.8
1220419953154092.5
1220320661277214
1220221385555552.5
1220122125985166.2
1220022882562113.8
1219923655282454.8
1219824444142251
1219725249137565.2
1219626070264461
1219526907519003.8
1219427760897260
1219328630395297.8
1219229516009185.5
1219130417734993.8
1219031335568794.8
1218932269506660.5
1218833219544665.8
1218734185678885.8
1218635167905397.5
1218536166220278.5
1218437180619608.2
1218338211099467.2
1218239257655937.5
1218140320285102
1218041398983045.2
1217942493745852.5
1217843604569610.8
1217744731450408.5
1217645874384335
1217547033367480.8
1217448208395938.2
1217349399465800.2
1217250606573161.5
1217151829714118
1217053068884766
1216954324081205
1216855595299533.8
1216756882535853.5
1216658185786266
1216559505046874.8
1216460840313784.8
1216362191583101.5
1216263558850932.8
1216164942113386
1216066341366571.8
1215967756606600.8
1215869187829585.2
1215770635031638.5
1215672098208875.2
1215573577357411.8
1215475072473365.2
1215376583552854
1215278110591998.2
1215179653586918.5
1215081212533737.5
1214982787428578.5
1214884378267566.2
1214785985046827
1214687607762488.2
1214589246410678.2
1214490900987526.8
1214392571489165.2
1214294257911725.8
1214195960251341.8
1214097678504148.5
1213999412666281.8
1213901162733878.8
1213802928703078.5
1213704710570020.5
1213606508330845.8
1213508321981697
1213410151518717.5
1213311996938052.2
1213213858235847.2
1213115735408249.8
1213017628451408.2
1212919537361472.8
1212821462134594.8
1212723402766925.8
1212625359254619.8
1212527331593831.2
1212429319780716.8
1212331323811433.2
1212233343682139
1212135379388994.2
1212037430928159.5
1211939498295797.5
1211841581488071.8
1211743680501146.5
1211645795331188.2
1211547925974363.8
1211450072426841.8
1211352234684791.8
1211254412744385
1211156606601793
1211058816253189.5
1210961041694749.5
1210863282922648.2
1210765539933063.2
1210667812722172.8
1210570101286156.2
1210472405621194.5
1210374725723469.8
1210277061589165
1210179413214464.8
1210081780595555
1209984163728622.5
1209886562609855.5
1209788977235443.5
1209691407601577
1209593853704447.8
1209496315540249.2
1209398793105175.5
1209301286395422.2
1209203795407186
1209106320136665.2
1209008860580058.8
1208911416733567.5
1208813988593392.5
1208716576155737.2
1208619179416805.5
1208521798372802.8
1208424433019935.8
1208327083354412
1208229749372441
1208132431070232.5
1208035128443998
1207937841489950.5
1207840570204304
1207743314583273.2
1207646074623074.5
1207548850319925.8
1207451641670045.5
1207354448669653.8
1207257271314972
1207160109602222.5
1207062963527629
1206965833087416
1206868718277810
1206771619095038
1206674535535328.8
1206577467594912
1206480415270018.5
1206383378556880.5
1206286357451731.2
1206189351950805.2
1206092362050338.8
1205995387746568.2
1205898429035732.2
1205801485914070
1205704558377822
1205607646423230.5
1205510750046538.2
1205413869243989.5
1205317004011830
1205220154346305.8
1205123320243665.2
1205026501700157.5
1204929698712032.2
1204832911275542
1204736139386938.5
1204639383042475.8
1204542642238409
1204445916970995.2
1204349207236491
1204252513031155.2
1204155834351248
1204059171193030.2
1203962523552764.2
1203865891426714
1203769274811144
1203672673702319.5
1203576088096508.2
1203479517989978.5
1203382963378999.8
1203286424259842.8
1203189900628778.5
1203093392482081.5
1202996899816025.2
1202900422626885.2
1202803960910938.2
1202707514664462.2
1202611083883736.2
1202514668565040.2
1202418268704656
1202321884298866.2
1202225515343954.5
1202129161836205.8
1202032823771906.5
1201936501147344
1201840193958807
1201743902202585
1201647625874969.2
1201551364972251.8
1201455119490725.8
1201358889426686.2
1201262674776428.5
1201166475536249.5
1201070291702447.2
1200974123271321.5
1200877970239172.2
1200781832602301.5
1200685710357011.8
1200589603499607
1200493512026392.8
1200397435933675.5
1200301375217762.5
1200205329874962.5
1200109299901585.2
1200013285293942.8
1199917286048346.5
1199821302161110
1199725333628547.8
1199629380446976.2
1199533442612712
1199437520122073.5
1199341612971379.8
1199245721156951.5
1199149844675111
1199053983522179.8
1198958137694483.5
1198862307188346.2
1198766492000094.8
1198670692126056.8
1198574907562561
1198479138305937.5
1198383384352517.2
1198287645698632.5
1198191922340616.8
1198096214274804.8
1198000521497532
1197904844005136.2
1197809181793954.8
1197713534860327
1197617903200593.8
1197522286811096.5
1197426685688178
1197331099828182.5
1197235529227455
1197139973882341.8
1197044433789190
1196948908944349
1196853399344168.5
1196757904984998.8
1196662425863192.8
1196566961975103.5
1196471513317085.2
1196376079885493.8
1196280661676686
1196185258687019.8
1196089870912854.2
1195994498350549.8
1195899140996467.8
1195803798846971.2
1195708471898423
1195613160147188.8
1195517863589634.5
1195422582222127
1195327316041035
1195232065042728
1195136829223577
1195041608579953.5
1194946403108231
1194851212804783
1194756037665985.2
1194660877688214.2
1194565732867848
1194470603201264.2
1194375488684844
1194280389314967.8
1194185305088018
1194090236000378.2
1193995182048433
1193900143228568
1193805119537170
1193710110970627
1193615117525328
1193520139197664
1193425175984025.8
1193330227880806.2
1193235294884399
1193140376991199.2
1193045474197602.8
1192950586500007
1192855713894810
1192760856378411.2
1192666013947211.8
1192571186597613
1192476374326018.5
1192381577128831
1192286795002457.5
1192192027943302.8
1192097275947775.2
1192002539012283.2
1191907817133236.5
1191813110307045.8
1191718418530123.8
1191623741798883.2
1191529080109738.5
1191434433459105.2
1191339801843400
1191245185259041
1191150583702446.2
1191055997170036
1190961425658231.8
1190866869163455.8
1190772327682131.5
1190677801210683.5
1190583289745537.5
1190488793283120
1190394311819859.8
1190299845352185
1190205393876527
1190110957389316
1190016535886985.2
1189922129365968.5
1189827737822700
1189733361253616
1189638999655153.5
1189544653023750.8
1189450321355847
1189356004647882.5
1189261702896299
1189167416097539.5
1189073144248047.2
1188978887344267.5
1188884645382646.2
1188790418359630.8
1188696206271669.2
1188602009115211.2
1188507826886707.2
1188413659582609
1188319507199369.5
1188225369733442.8
1188131247181283.5
1188037139539348.2
1187943046804094.2
1187848968971979.8
1187754906039464.5
1187660858003009
1187566824859075
1187472806604126
1187378803234625.5
1187284814747039
1187190841137832.5
1187096882403473.8
1187002938540431
1186909009545174
1186815095414173.5
1186721196143901
1186627311730830
1186533442171434.5
1186439587462189.8
1186345747599572
1186251922580058.8
1186158112400128.5
1186064317056261
1185970536544937
1185876770862638.8
1185783020005848.2
1185689283971051
1185595562754731.2
1185501856353376
1185408164763472.2
1185314487981508.8
1185220826003975.2
1185127178827362.5
1185033546448162.2
1184939928862867.5
1184846326067972.8
1184752738059973.2
1184659164835365
1184565606390645.5
1184472062722313.2
1184378533826868.2
1184285019700810.8
1184191520340643
1184098035742867.8
1184004565903989.2
1183911110820512.8
1183817670488944.2
1183724244905791.5
1183630834067562.8
1183537437970767.5
1183444056611916.8
1183350689987522
1183257338094096
1183164000928153.2
1183070678486208.5
1182977370764778.2
1182884077760379.5
1182790799469530.5
1182697535888751.2
1182604287014562.2
1182511052843484.8
1182417833372041.5
1182324628596756.8
1182231438514155.5
1182138263120763.8
1182045102413108.5
1181951956387718.2
1181858825041122.2
1181765708369850.8
1181672606370435.5
1181579519039409
1181486446373305.2
1181393388368659
1181300345022006
1181207316329883.2
1181114302288828.8
1181021302895382
1180928318146083
1180835348037473.2
1180742392566094.8
1180649451728491.8
1180556525521208.8
1180463613940791.2
1180370716983786.2
1180277834646741.2
1180184966926205.5
1180092113818729
1179999275320862.8
1179906451429159.5
1179813642140171.8
1179720847450454.8
1179628067356563.5
1179535301855054.5
1179442550942485.8
1179349814615416.2
1179257092870405
1179164385704013.2
1179071693112803
1178979015093337
1178886351642180
1178793702755897
1178701068431054.2
1178608448664219
1178515843451960
1178423252790846.5
1178330676677449.5
1178238115108340
1178145568080091.5
1178053035589277.2
1177960517632472.8
1177868014206253.8
1177775525307197
1177683050931881.2
1177590591076885.2
1177498145738789.5
1177405714914175.2
1177313298599625
1177220896791722.5
1177128509487052.2
1177036136682199.8
1176943778373751.8
1176851434558296
1176759105232421.5
1176666790392718.2
1176574490035777.2
1176482204158190.2
1176389932756551
1176297675827453.2
1176205433367492.5
1176113205373265.5
1176020991841368.8
1175928792768401.2
1175836608150962.8
1175744437985653.5
1175652282269075.2
1175560140997831.2
1175468014168524.8
1175375901777761
1175283803822145.8
1175191720298286
1175099651202790.2
1175007596532266.8
1174915556283326.8
1174823530452580.5
1174731519036641.2
1174639522032121.8
1174547539435637
1174455571243802
1174363617453233.5
1174271678060549.2
1174179753062367.8
1174087842455308.8
1173995946235993.2
1173904064401043.2
1173812196947081.2
1173720343870731.2
1173628505168618.8
1173536680837369.5
1173444870873610.5
1173353075273970.2
1173261294035078
1173169527153563.5
1173077774626059
1172986036449196.5
1172894312619609.8
1172802603133932.8
1172710907988801.2
1172619227180852
1172527560706722.8
1172435908563052
1172344270746479.8
1172252647253646.5
1172161038081194.8
1172069443225767
1171977862684007.2
1171886296452561
1171794744528073.2
1171703206907192.5
1171611683586566
1171520174562843
1171428679832674
1171337199392710.5
1171245733239604.5
1171154281370009.8
1171062843780580.5
1170971420467972.2
1170880011428841.5
1170788616659846
1170697236157644.8
1170605869918896.2
1170514517940262.2
1170423180218404.2
1170331856749985
1170240547531668.2
1170149252560119
1170057971832003.2
1169966705343987.8
1169875453092740.8
1169784215074930.8
1169692991287228.8
1169601781726305.2
1169510586388832.5
1169419405271483.8
1169328238370933.2
1169237085683856.2
1169145947206929
1169054822936828.8
1168963712870234
1168872617003824.2
1168781535334280
1168690467858283
1168599414572514.8
1168508375473659.8
1168417350558402.2
1168326339823428
1168235343265423.5
1168144360881076.2
1168053392667075.2
1167962438620110.5
1167871498736872.2
1167780573014052.8
1167689661448344.5
1167598764036441.8
1167507880775039
1167417011660832.5
1167326156690518.8
1167235315860795.8
1167144489168363.2
1167053676609920.8
1166962878182169.5
1166872093881811.2
1166781323705549.5
1166690567650088.2
1166599825712132.5
1166509097888389.2
1166418384175564.2
1166327684570367
1166236999069506.2
1166146327669692.5
1166055670367636.8
1165965027160051.8
1165874398043650.5
1165783783015147.8
1165693182071258.5
1165602595208699.2
1165512022424188
1165421463714442.2
1165330919076182.5
1165240388506128.5
1165149872001002
1165059369557525.5
1164968881172422.8
1164878406842418.2
1164787946564237.2
1164697500334606.8
1164607068150254.5
1164516650007909
1164426245904299.5
1164335855836157.5
1164245479800214
1164155117793201.8
1164064769811854.8
1163974435852907.5
1163884115913096
1163793809989156.8
1163703518077827.8
1163613240175847.8
1163522976279956.5
1163432726386894.5
1163342490493404.5
1163252268596228.2
1163162060692109.8
1163071866777794.2
1162981686850027.8
1162891520905556.8
1162801368941129.2
1162711230953494.2
1162621106939401.5
1162530996895601.8
1162440900818847.2
1162350818705890.8
1162260750553485.8
1162170696358388.2
1162080656117353
1161990629827137.8
1161900617484500.2
1161810619086199.2
1161720634628994.8
1161630664109648
1161540707524920.2
1161450764871575.2
1161360836146376.8
1161270921346089.8
1161181020467480
1161091133507314.8
1161001260462361.5
1160911401329389.5
1160821556105169
1160731724786470.5
1160641907370066
1160552103852729
1160462314231233
1160372538502353.2
1160282776662865.5
1160193028709547
1160103294639175.2
1160013574448529.5
1159923868134389.8
1159834175693536.2
1159744497122752.2
1159654832418819.8
1159565181578522.8
1159475544598646.5
1159385921475977
1159296312207300.8
1159206716789406
1159117135219081.5
1159027567493116.8
1158938013608303.2
1158848473561432.8
1158758947349298
1158669434968693
1158579936416412.5
1158490451689252.5
1158400980784009.5
1158311523697481.5
1158222080426467
1158132650967766.5
1158043235318180.8
1157953833474510.8
1157864445433559.8
1157775071192131.8
1157685710747030.8
1157596364095063.2
1157507031233035.5
1157417712157755
1157328406866031
1157239115354673
1157149837620491.8
1157060573660298.8
1156971323470906.2
1156882087049128.5
1156792864391779.5
1156703655495675
1156614460357631.8
1156525278974467
1156436111342999.8
1156346957460049
1156257817322435.5
1156168690926980.5
1156079578270506.8
1155990479349837.5
1155901394161796.8
1155812322703210.2
1155723264970904.2
1155634220961706.5
1155545190672444.8
1155456174099948.5
1155367171241048
1155278182092574.5
1155189206651360.2
1155100244914238.5
1155011296878042.8
1154922362539609.5
1154833441895773.8
1154744534943372.8
1154655641679245
1154566762100229
1154477896203165
1154389043984894.2
1154300205442258.2
1154211380572100.2
1154122569371263.8
1154033771836594.2
1153944987964937.2
1153856217753139.5
1153767461198048.8
1153678718296513.8
1153589989045384.5
1153501273441511.5
1153412571481746.2
1153323883162941.5
1153235208481951
1153146547435629.2
1153057900020831.5
1152969266234415
1152880646073236.2
1152792039534154.2
1152703446614028.2
1152614867309718.8
1152526301618086.5
1152437749535994.5
1152349211060305.8
1152260686187884.5
1152172174915596
1152083677240306.2
1151995193158882.2
1151906722668192.2
1151818265765105.8
1151729822446491.5
1151641392709221.5
1151552976550167.2
1151464573966202
1151376184954199.2
1151287809511033.8
1151199447633581.5
1151111099318719
1151022764563324
1150934443364275
1150846135718452.2
1150757841622735.5
1150669561074006.5
1150581294069148
1150493040605043
1150404800678576
1150316574286632.5
1150228361426098.5
1150140162093861.2
1150051976286809.5
1149963804001831.8
1149875645235818.8
1149787499985661
1149699368248250.5
1149611250020480.5
1149523145299244.8
1149435054081438.2
1149346976363956.5
1149258912143696.8
1149170861417556.5
1149082824182434.2
1148994800435230
1148906790172844.2
1148818793392177.8
1148730810090134.2
1148642840263616.2
1148554883909528.5
1148466941024775.8
1148379011606265
1148291095650903.2
1148203193155598.8
1148115304117260.2
1148027428532798
1147939566399123
1147851717713147.2
1147763882471783.8
1147676060671945.8
1147588252310548.8
1147500457384508
1147412675890740.5
1147324907826163.5
1147237153187696
1147149411972257
1147061684176767.2
1146973969798148.2
1146886268833321.8
1146798581279211.8
1146710907132742
1146623246390837.8
1146535599050425
1146447965108430.8
1146360344561783.2
1146272737407411
1146185143642244.2
1146097563263213.2
1146009996267250.2
1145922442651287.8
1145834902412259.8
1145747375547099.5
1145659862052744
1145572361926128.5
1145484875164191
1145397401763869.5
1145309941722103
1145222495035832
1145135061701997.8
1145047641717541.8
1144960235079407.5
1144872841784538.2
1144785461829879.2
1144698095212376.5
1144610741928976
1144523401976625.2
1144436075352273.5
1144348762052870
1144261462075365.2
1144174175416710.2
1144086902073857.2
1143999642043759.8
1143912395323372
1143825161909648.5
1143737941799545.8
1143650734990020
1143563541478030
1143476361260533.8
1143389194334491.2
1143302040696863.2
1143214900344611
1143127773274697
1143040659484085
1142953558969738.8
1142866471728624
1142779397757707.2
1142692337053954.2
1142605289614334.8
1142518255435816.2
1142431234515369.2
1142344226849964.5
1142257232436573.8
1142170251272169.8
1142083283353725.5
1141996328678216
1141909387242616.5
1141822459043903.8
1141735544079054
1141648642345046.5
1141561753838859.8
1141474878557473.8
1141388016497869.5
1141301167657028.8
1141214332031934.5
1141127509619570.2
1141040700416920.8
1140953904420971.2
1140867121628708.5
1140780352037119.8
1140693595643193.2
1140606852443917.8
1140520122436284
1140433405617282.8
1140346701983905.8
1140260011533146.2
1140173334261997.8
1140086670167454.8
1140000019246513.2
1139913381496169.2
1139826756913420.8
1139740145495265.5
1139653547238702.8
1139566962140733.5
1139480390198358
1139393831408578.2
1139307285768397.2
1139220753274819
1139134233924848
1139047727715490
1138961234643751
1138874754706639
1138788287901162.5
1138701834224330.2
1138615393673152.8
1138528966244640.8
1138442551935806.2
1138356150743662.5
1138269762665222.8
1138183387697502
1138097025837515.8
1138010677082280.8
1137924341428814.2
1137838018874134.5
1137751709415260.8
1137665413049213.5
1137579129773012.8
1137492859583681.8
1137406602478242.2
1137320358453718.2
1137234127507134.8
1137147909635517.2
1137061704835891.8
1136975513105286
1136889334440728.2
1136803168839247.5
1136717016297873.8
1136630876813637.5
1136544750383572
1136458637004708.5
1136372536674081.5
1136286449388725.2
1136200375145675.2
1136114313941967.8
1136028265774640
1135942230640730.2
1135856208537277.8
1135770199461322
1135684203409903.8
1135598220380065.2
1135512250368848.8
1135426293373298
1135340349390457.2
1135254418417371.8
1135168500451087.8
1135082595488652.2
1134996703527113.2
1134910824563520
1134824958594922
1134739105618369.8
1134653265630915.5
1134567438629610.5
1134481624611509.2
1134395823573665.2
1134310035513134
1134224260426971.2
1134138498312234.2
1134052749165980.5
1133967012985268.8
1133881289767158.8
1133795579508710.8
1133709882206986.5
1133624197859047.5
1133538526461957.8
1133452868012780.2
1133367222508580.8
1133281589946424.8
1133195970323379
1133110363636511
1133024769882889.2
1132939189059583
1132853621163662.8
1132768066192199.5
1132682524142264.2
1132596995010931.8
1132511478795274.2
1132425975492367
1132340485099285.5
1132255007613106
1132169543030906
1132084091349763.8
1131998652566757.8
1131913226678968.2
1131827813683476.5
1131742413577363.8
1131657026357712.8
1131571652021606.5
1131486290566130.2
1131400941988368.5
1131315606285407.5
1131230283454334.5
1131144973492237
1131059676396203.5
1130974392163324.2
1130889120790689.8
1130803862275391
1130718616614520.5
1130633383805170.8
1130548163844437
1130462956729412.8
1130377762457194.8
1130292581024878.8
1130207412429563
1130122256668345.8
1130037113738326.2
1129951983636604.2
1129866866360281.2
1129781761906459
1129696670272239.8
1129611591454728
1129526525451027.2
1129441472258243.5
1129356431873483
1129271404293852.8
1129186389516460.8
1129101387538415.5
1129016398356827.2
1128931421968806.2
1128846458371464.2
1128761507561913
1128676569537266.8
1128591644294638.2
1128506731831143.8
1128421832143898
1128336945230018.2
1128252071086621.8
1128167209710827
1128082361099753.5
1127997525250520.8
1127912702160250.5
1127827891826064.5
1127743094245085.5
1127658309414436.2
1127573537331242.5
1127488777992628.8
1127404031395721.5
1127319297537647.8
1127234576415535
1127149868026512.8
1127065172367710.5
1126980489436258.5
1126895819229288.2
1126811161743932
1126726516977322.8
1126641884926594.8
1126557265588882.5
1126472658961321.5
1126388065041049
1126303483825201.8
1126218915310918.5
1126134359495338
1126049816375600.5
1125965285948846.5
1125880768212218.1
1125796263162857.6
1125711770797908.8
1125627291114515.1
1125542824109822.5
1125458369780976.6
1125373928125124.4
1125289499139413.5
1125205082820992.5
1125120679167010.8
1125036288174618.5
1124951909840967
1124867544163208
1124783191138494.9
1124698850763980.4
1124614523036820.1
1124530207954168.8
1124445905513182.8
1124361615711019.1
1124277338544835.9
1124193074011791.9
1124108822109046.5
1124024582833760.6
1123940356183095.6
1123856142154213.6
1123771940744277.1
1123687751950451
1123603575769899.2
1123519412199787.9
1123435261237283
1123351122879552.1
1123266997123763.5
1123182883967086
1123098783406689.5
1123014695439744.8
1122930620063423.2
1122846557274897.4
1122762507071340.6
1122678469449926.6
1122594444407830.2
1122510431942227.8
1122426432050295.5
1122342444729211
1122258469976152.6
1122174507788299.5
1122090558162831.5
1122006621096929.6
1121922696587775.5
1121838784632551.6
1121754885228441.2
1121670998372629
1121587124062299.6
1121503262294639
1121419413066834
1121335576376072
1121251752219541.8
1121167940594432.2
1121084141497933.4
1121000354927236.8
1120916580879533.9
1120832819352017
1120749070341880.1
1120665333846317.2
1120581609862523.5
1120497898387694.9
1120414199419028.2
1120330512953721
1120246838988972.2
1120163177521980.8
1120079528549947
1119995892070072.1
1119912268079557.1
1119828656575605.8
1119745057555420.8
1119661471016206.8
1119577896955168.9
1119494335369513
1119410786256446.4
1119327249613176.4
1119243725436911.5
1119160213724861.2
1119076714474235.6
1118993227682245.9
1118909753346103.8
1118826291463021.4
1118742842030213.2
1118659405044893.1
1118575980504276.2
1118492568405578.5
1118409168746017
1118325781522809.1
1118242406733173.5
1118159044374329.5
1118075694443497.1
1117992356937897.5
1117909031854752.1
1117825719191284.2
1117742418944716.8
1117659131112274.1
1117575855691181.5
1117492592678664.8
1117409342071950.8
1117326103868267
1117242878064841.8
1117159664658904.8
1117076463647685.9
1116993275028415.6
1116910098798326.4
1116826934954650.1
1116743783494620.5
1116660644415471.6
1116577517714438.5
1116494403388756.8
1116411301435663.6
1116328211852396.2
1116245134636193
1116162069784292.9
1116079017293936
1115995977162363.2
1115912949386815.6
1115829933964536.5
1115746930892768.1
1115663940168755.1
1115580961789742.4
1115497995752975.4
1115415042055700.9
1115332100695166
1115249171668618.9
1115166254973308.8
1115083350606485.4
1115000458565398.5
1114917578847301
1114834711449444.1
1114751856369081.2
1114669013603466.2
1114586183149853.8
1114503365005499.2
1114420559167659.1
1114337765633590.5
1114254984400551.1
1114172215465800.4
1114089458826597
1114006714480202.2
1113923982423876.8
1113841262654882.6
1113758555170482.9
1113675859967941
1113593177044521.5
1113510506397489.8
1113427848024111.5
1113345201921654.1
1113262568087385.1
1113179946518573
1113097337212487.4
1113014740166397.8
1112932155377575.9
1112849582843292.9
1112767022560821.5
1112684474527434.9
1112601938740407.9
1112519415197015.1
1112436903894532.4
1112354404830236.2
1112271918001404.4
1112189443405314.9
1112106981039246.5
1112024530900479.6
1111942092986294.2
1111859667293972.5
1111777253820796.2
1111694852564048.8
1111612463521013.8
1111530086688976
1111447722065221
1111365369647035
1111283029431705.4
1111200701416519.1
1111118385598766.1
1111036081975735.2
1110953790544716.8
1110871511303002
1110789244247882.9
1110706989376651.9
1110624746686602.8
1110542516175029.8
1110460297839227.8
1110378091676493.1
1110295897684122.4
1110213715859413.4
1110131546199663.5
1110049388702173
1109967243364241
1109885110183168.6
1109802989156257.1
1109720880280808.9
1109638783554127.2
1109556698973516
1109474626536279.9
1109392566239724.2
1109310518081155.9
1109228482057881
1109146458167208.5
1109064446406446.5
1108982446772904.5
1108900459263892.6
1108818483876722.6
1108736520608705.9
1108654569457155.1
1108572630419384
1108490703492706.5
1108408788674438.1
1108326885961894
1108244995352391.6
1108163116843247.6
1108081250431780.8
1107999396115310
1107917553891155
1107835723756636.4
1107753905709075.6
1107672099745794.9
1107590305864117.2
1107508524061366.2
1107426754334866.4
1107344996681943.8
1107263251099923.4
1107181517586133.2
1107099796137900.4
1107018086752553.4
1106936389427421.8
1106854704159835.5
1106773030947125.5
1106691369786623.1
1106609720675661.4
1106528083611573.1
1106446458591692.8
1106364845613354.4
1106283244673894.4
1106201655770648.5
1106120078900954.4
1106038514062149.6
1105956961251572.9
1105875420466564.1
1105793891704463.5
1105712374962612.1
1105630870238351.6
1105549377529025.1
1105467896831975.4
1105386428144547.4
1105304971464085.5
1105223526787935.6
1105142094113444.8
1105060673437960
1104979264758829.4
1104897868073402
1104816483379027.4
1104735110673056.1
1104653749952839.5
1104572401215729.5
1104491064459079.1
1104409739680241.2
1104328426876571.4
1104247126045423.9
1104165837184155
1104084560290121.2
1104003295360680.4
1103922042393190.4
1103840801385010.6
1103759572333500.4
1103678355236020.9
1103597150089933.5
1103515956892599.8
1103434775641383.4
1103353606333647.5
1103272448966756.8
1103191303538076.4
1103110170044972.6
1103029048484812
1102947938854962
1102866841152791.5
1102785755375669.4
1102704681520965.8
1102623619586050.6
1102542569568296.2
1102461531465074.2
1102380505273758
1102299490991721
1102218488616337.9
1102137498144984.1
1102056519575035.6
1101975552903869.5
1101894598128863
1101813655247394.9
1101732724256844.1
1101651805154590.9
1101570897938015.1
1101490002604499.2
1101409119151425.1
1101328247576175.8
1101247387876134.9
1101166540048687.1
1101085704091217.9
1101004880001113.1
1100924067775759.8
1100843267412545.4
1100762478908858.4
1100681702262087.8
1100600937469624
1100520184528857.1
1100439443437178.9
1100358714191981.6
1100277996790658
1100197291230602
1100116597509208.1
1100035915623871.4
1099955245571988.2
1099874587350955.6
1099793940958170.2
1099713306391031.4
1099632683646937.6
1099552072723288.9
1099471473617485.9
1099390886326929.9
1099310310849023
1099229747181168.4
1099149195320769.5
1099068655265231
1098988127011957.9
1098907610558356
1098827105901832.5
1098746613039794.1
1098666131969650
1098585662688808.1
1098505205194679.1
1098424759484673
1098344325556201.2
1098263903406675.8
1098183493033509.4
1098103094434115.6
1098022707605908.9
1097942332546304.2
1097861969252716.8
1097781617722564.4
1097701277953263.4
1097620949942232.1
1097540633686889.6
1097460329184655.1
1097380036432949.2
1097299755429193
1097219486170808.4
1097139228655217.5
1097058982879844.5
1096978748842112.8
1096898526539447.8
1096818315969274.8
1096738117129020.1
1096657930016111.1
1096577754627975.6
1096497590962042.2
1096417439015740.2
1096337298786499.8
1096257170271751.9
1096177053468928.2
1096096948375461.1
1096016854988784
1095936773306330.1
1095856703325534.5
1095776645043832.5
1095696598458660.2
1095616563567454.4
1095536540367653.1
1095456528856694.4
1095376529032017.6
1095296540891062.4
1095216564431269.5
1095136599650080.6
1095056646544937
1094976705113282.6
1094896775352560
1094816857260214.4
1094736950833690.5
1094657056070434.2
1094577172967892.2
1094497301523511.9
1094417441734741.1
1094337593599029
1094257757113825.1
1094177932276579.1
1094098119084743.2
1094018317535768.4
1093938527627107.5
1093858749356213.8
1093778982720541.2
1093699227717544.9
1093619484344679.9
1093539752599402.8
1093460032479170.2
1093380323981440.5
1093300627103671.8
1093220941843323.6
1093141268197855.6
1093061606164728.5
1092981955741403.9
1092902316925344
1092822689714011.6
1092743074104870.2
1092663470095384.9
1092583877683020.2
1092504296865242.5
1092424727639518
1092345170003314.4
1092265623954099.2
1092186089489342.2
1092106566606512.2
1092027055303079.9
1091947555576515.9
1091868067424292.6
1091788590843882.2
1091709125832758
1091629672388394
1091550230508265
1091470800189846.6
1091391381430614.5
1091311974228046.2
1091232578579618.9
1091153194482811.2
1091073821935102.5
1090994460933972.4
1090915111476901.5
1090835773561371.2
1090756447184863.6
1090677132344861.4
1090597829038848.5
1090518537264308.2
1090439257018726.9
1090359988299589.2
1090280731104382.1
1090201485430592.8
1090122251275708.9
1090043028637219.2
1089963817512613.2
1089884617899381
1089805429795013.1
1089726253197001.6
1089647088102838.6
1089567934510017.2
1089488792416030.6
1089409661818374.2
1089330542714542.6
1089251435102031.9
1089172338978338.6
1089093254340960.1
1089014181187395
1088935119515141.6
1088856069321699.9
1088777030604569.9
1088698003361253
1088618987589250.2
1088539983286064.9
1088460990449199.6
1088382009076158.4
1088303039164446.2
1088224080711568.2
1088145133715030.5
1088066198172340
1087987274081004.1
1087908361438531.2
1087829460242430.5
1087750570490211.1
1087671692179384.1
1087592825307460
1087513969871951.4
1087435125870370.4
1087356293300230.5
1087277472159045.8
1087198662444330.9
1087119864153601.4
1087041077284373.4
1086962301834163.9
1086883537800490.6
1086804785180872.1
1086726043972826.8
1086647314173875.4
1086568595781537.6
1086489888793335.1
1086411193206789.6
1086332509019424.1
1086253836228761.8
1086175174832326.5
1086096524827643.6
1086017886212238.5
1085939258983637.5
1085860643139367.1
1085782038676955.8
1085703445593931.2
1085624863887822.9
1085546293556160.6
1085467734596474.6
1085389187006296.9
1085310650783158.8
1085232125924593.4
1085153612428133.9
1085075110291314.6
1084996619511670
1084918140086736.2
1084839672014049
1084761215291145.4
1084682769915563.2
1084604335884841.1
1084525913196517.9
1084447501848133.4
1084369101837228.2
1084290713161343.8
1084212335818021.8
1084133969804805
1084055615119236.9
1083977271758861.1
1083898939721223.4
1083820619003868.4
1083742309604342.8
1083664011520193.2
1083585724748967.5
1083507449288213.9
1083429185135481.6
1083350932288320
1083272690744280.1
1083194460500913.1
1083116241555770.2
1083038033906404.9
1082959837550369.8
1082881652485219
1082803478708507.5
1082725316217790.5
1082647165010624
1082569025084565.4
1082490896437171.8
1082412779066001.4
1082334672968613.6
1082256578142567.2
1082178494585423.6
1082100422294743.2
1082022361268087.9
1081944311503020
1081866272997102.8
1081788245747900.4
1081710229752977.1
1081632225009898.5
1081554231516230.1
1081476249269539.1
1081398278267392.5
1081320318507358.8
1081242369987005.8
1081164432703904.4
1081086506655623.8
1081008591839735.2
1080930688253810.2
1080852795895421.1
1080774914762140.8
1080697044851543.1
1080619186161202.2
1080541338688693.5
1080463502431592.5
1080385677387475.6
1080307863553920.6
1080230060928504.9
1080152269508807
1080074489292406.2
1079996720276882.9
1079918962459817.2
1079841215838790.9
1079763480411385.5
1079685756175184.5
1079608043127771.2
1079530341266729.1
1079452650589644
1079374971094100.8
1079297302777685.8
1079219645637986
1079141999672589.1
1079064364879083.1
1078986741255057.6
1078909128798101.9
1078831527505806.6
1078753937375762.6
1078676358405561.9
1078598790592796.9
1078521233935060.4
1078443688429947
1078366154075050.5
1078288630867966.8
1078211118806291.4
1078133617887621.1
1078056128109553.2
1077978649469685.8
1077901181965617.4
1077823725594947.6
1077746280355276.5
1077668846244204.2
1077591423259333.5
1077514011398265.5
1077436610658603.2
1077359221037950.5
1077281842533911.2
1077204475144090.5
1077127118866093.9
1077049773697527.5
1076972439635998.4
1076895116679114.6
1076817804824483.8
1076740504069715.6
1076663214412419.5
1076585935850205.8
1076508668380685.8
1076431412001471
1076354166710174
1076276932504407.9
1076199709381786.8
1076122497339924.9
1076045296376437.5
1075968106488940.6
1075890927675050.9
1075813759932384.9
1075736603258561.5
1075659457651198.6
1075582323107916
1075505199626333.1
1075428087204071.1
1075350985838751.4
1075273895527995.6
1075196816269426.8
1075119748060668.1
1075042690899344
1074965644783078.5
1074888609709497.9
1074811585676227.6
1074734572680894.9
1074657570721127.1
1074580579794552.4
1074503599898799.5
1074426631031498.1
1074349673190278.4
1074272726372771.1
1074195790576608.1
1074118865799420.9
1074041952038843.4
1073965049292508.5
1073888157558050.6
1073811276833104.9
1073734407115306.6
1073657548402292.5
1073580700691699.1
1073503863981164.4
1073427038268326.4
1073350223550824.5
1073273419826298.1
1073196627092387.9
1073119845346734.4
1073043074586979.8
1072966314810766.1
1072889566015736.6
1072812828199534.9
1072736101359805.2
1072659385494193.2
1072582680600344.2
1072505986675904.8
1072429303718521.9
1072352631725843.6
1072275970695517.9
1072199320625194.4
1072122681512522.4
1072046053355152.5
1071969436150736.1
1071892829896924.9
1071816234591371.1
1071739650231728.2
1071663076815650
1071586514340790.8
1071509962804805.9
1071433422205350.8
1071356892540082.5
1071280373806657.6
1071203866002734.5
1071127369125971.4
1071050883174027.5
1070974408144562.6
1070897944035237.5
1070821490843713
1070745048567651.1
1070668617204714.2
1070592196752565.8
1070515787208869.8
1070439388571289.9
1070363000837492.4
1070286624005142.4
1070210258071906.5
1070133903035452.1
1070057558893447
1069981225643559.5
1069904903283458.9
1069828591810815.1
1069752291223298.8
1069676001518580.9
1069599722694333
1069523454748228.4
1069447197677939.4
1069370951481140.2
1069294716155505.4
1069218491698709.8
1069142278108429.5
1069066075382341.1
1068989883518121.5
1068913702513448.5
1068837532366000.9
1068761373073457.1
1068685224633497.9
1068609087043802.9
1068532960302053.2
1068456844405931.2
1068380739353119.1
1068304645141299.8
1068228561768157.1
1068152489231375.6
1068076427528640.2
1068000376657636.6
1067924336616051.4
1067848307401571.5
1067772289011884.5
1067696281444679
1067620284697643.9
1067544298768468.9
1067468323654844.2
1067392359354461.1
1067316405865011.1
1067240463184186.4
1067164531309679.9
1067088610239185.6
1067012699970397.8
1066936800501010.8
1066860911828720.9
1066785033951224
1066709166866217
1066633310571397.5
1066557465064463.8
1066481630343114.4
1066405806405049.2
1066329993247968.5
1066254190869572.9
1066178399267564.1
1066102618439643.6
1066026848383515.1
1065951089096881.4
1065875340577446.8
1065799602822916
1065723875830994.2
1065648159599388
1065572454125803.6
1065496759407948.8
1065421075443531.2
1065345402230259.9
1065269739765843.5
1065194088047992.8
1065118447074417.9
1065042816842829.9
1064967197350941.1
1064891588596464
1064815990577111.9
1064740403290598.4
1064664826734638.1
1064589260906946.2
1064513705805238.6
1064438161427231.6
1064362627770642.4
1064287104833188.5
1064211592612588.9
1064136091106562.1
1064060600312827.9
1063985120229106.8
1063909650853119.5
1063834192182588
1063758744215234.4
1063683306948781.2
1063607880380952.9
1063532464509473.2
1063457059332066.8
1063381664846459.8
1063306281050377.6
1063230907941547.4
1063155545517696.6
1063080193776553.4
1063004852715846
1062929522333304.6
1062854202626658.8
1062778893593639.1
1062703595231977.4
1062628307539404.8
1062553030513654.6
1062477764152459.6
1062402508453553.9
1062327263414671.8
1062252029033548.8
1062176805307920.4
1062101592235523.2
1062026389814094.4
1061951198041371.4
1061876016915092.8
1061800846432997.5
1061725686592825.5
1061650537392316.1
1061575398829211.5
1061500270901252.5
1061425153606181.4
1061350046941741.2
1061274950905675.2
1061199865495727.8
1061124790709643.5
1061049726545167.8
1060974673000046.4
1060899630072026.8
1060824597758855.4
1060749576058280.9
1060674564968051.4
1060599564485916.1
1060524574609625.1
1060449595336928.9
1060374626665578.4
1060299668593325.6
1060224721117922.6
1060149784237122.9
1060074857948680
1059999942250347.8
1059925037139881.9
1059850142615037.4
1059775258673570.6
1059700385313238.5
1059625522531798.5
1059550670327008.4
1059475828696627.5
1059400997638415
1059326177150130.8
1059251367229535.5
1059176567874390.5
1059101779082457.9
1059027000851499.6
1058952233179279.6
1058877476063560.9
1058802729502108.5
1058727993492687.4
1058653268033063.1
1058578553121002.1
1058503848754271.2
1058429154930638.2
1058354471647871.2
1058279798903739.2
1058205136696011.1
1058130485022457.9
1058055843880849.8
1057981213268958.1
1057906593184555
1057831983625413.1
1057757384589305.8
1057682796074006.6
1057608218077290.4
1057533650596931.9
1057459093630707.4
1057384547176392.8
1057310011231765.6
1057235485794603.1
1057160970862683.6
1057086466433786.1
1057011972505690.1
1056937489076175.8
1056863016143023.6
1056788553704015.5
1056714101756933.1
1056639660299559.4
1056565229329677.2
1056490808845071.1
1056416398843524.8
1056341999322824.1
1056267610280754.5
1056193231715102.2
1056118863623654.5
1056044506004199
1055970158854524
1055895822172418.4
1055821495955671.6
1055747180202073.8
1055672874909415.9
1055598580075488.8
1055524295698085.1
1055450021774996.9
1055375758304017.9
1055301505282941.6
1055227262709562.8
1055153030581676.4
1055078808897078.1
1055004597653564.4
1054930396848932.1
1054856206480979.2
1054782026547502.9
1054707857046303.4
1054633697975179.1
1054559549331930.5
1054485411114358.1
1054411283320263.4
1054337165947448.2
1054263058993715
1054188962456867
1054114876334707.9
1054040800625042.1
1053966735325674.9
1053892680434411.8
1053818635949058.5
1053744601867422.8
1053670578187311.2
1053596564906532.5
1053522562022895.1
1053448569534208.1
1053374587438282
1053300615732927
1053226654415954.2
1053152703485175.6
1053078762938403.8
1053004832773451
1052930912988131.8
1052857003580259.6
1052783104547649.5
1052709215888117.4
1052635337599478.9
1052561469679550.9
1052487612126150.6
1052413764937096
1052339928110205.5
1052266101643298.6
1052192285534194.5
1052118479780713.9
1052044684380677.8
1051970899331907.6
1051897124632225.8
1051823360279454.9
1051749606271418.4
1051675862605940.4
1051602129280845.5
1051528406293959
1051454693643106.5
1051380991326114.8
1051307299340811.1
1051233617685022.5
1051159946356578
1051086285353306
1051012634673036.1
1050938994313598.5
1050865364272824
1050791744548543.5
1050718135138589.6
1050644536040794.6
1050570947252991.6
1050497368773014.5
1050423800598697.2
1050350242727875.5
1050276695158384.4
1050203157888060
1050129630914739.5
1050056114236259.9
1049982607850459.6
1049909111755177
1049835625948251.5
1049762150427522.8
1049688685190831.4
1049615230236018
1049541785560924.8
1049468351163393.6
1049394927041267.2
1049321513192389.5
1049248109614604.2
1049174716305756.2
1049101333263690.6
1049027960486253.2
1048954597971290.8
1048881245716650
1048807903720178.8
1048734571979725.2
1048661250493138.2
1048587939258267.6
1048514638272963.1
1048441347535075.5
1048368067042456
1048294796792956.6
1048221536784429.8
1048148287014728.4
1048075047481706.1
1048001818183217.6
1047928599117117.9
1047855390281261.5
1047782191673505.6
1047709003291706.2
1047635825133720.8
1047562657197407.1
1047489499480623.8
1047416351981229.6
1047343214697084.8
1047270087626049.2
1047196970765983.8
1047123864114750.2
1047050767670210
1046977681430226.6
1046904605392662.5
1046831539555381.9
1046758483916249.1
1046685438473129.4
1046612403223888.2
1046539378166392
1046466363298507.4
1046393358618101.9
1046320364123043.4
1046247379811200.6
1046174405680443.1
1046101441728639.6
1046028487953662
1045955544353380.1
1045882610925666.1
1045809687668391.9
1045736774579430.4
1045663871656654.9
1045590978897939.4
1045518096301158.4
1045445223864186.9
1045372361584901.2
1045299509461176.9
1045226667490891.6
1045153835671922.4
1045081014002147.5
1045008202479445.5
1044935401101695.8
1044862609866778.1
1044789828772573.2
1044717057816961.8
1044644296997825.9
1044571546313047.6
1044498805760509.5
1044426075338095.5
1044353355043689.1
1044280644875175.2
1044207944830438.9
1044135254907366
1044062575103842.6
1043989905417756.1
1043917245846993.9
1043844596389444
1043771957042995.1
1043699327805536.8
1043626708674958.9
1043554099649151.2
1043481500726006
1043408911903413.8
1043336333179267.4
1043263764551459.6
1043191206017883.8
1043118657576433.9
1043046119225004.6
1042973590961491
1042901072783788.9
1042828564689794.8
1042756066677404.8
1042683578744517.5
1042611100889030.5
1042538633108842.5
1042466175401852.9
1042393727765961.2
1042321290199068.2
1042248862699074.8
1042176445263882.4
1042104037891393.2
1042031640579510.6
1041959253326137.1
1041886876129177.4
1041814508986535.2
1041742151896116.2
1041669804855825.9
1041597467863570.4
1041525140917256.6
1041452824014792
1041380517154084.6
1041308220333043.1
1041235933549576.6
1041163656801594.6
1041091390087008
1041019133403727
1040946886749663.4
1040874650122729.2
1040802423520837.2
1040730206941900.2
1040658000383832.8
1040585803844548.6
1040513617321963
1040441440813991.5
1040369274318550
1040297117833555.5
1040224971356924.8
1040152834886576.2
1040080708420427.9
1040008591956399
1039936485492409
1039864389026378.2
1039792302556227.2
1039720226079877.5
1039648159595250.8
1039576103100269.5
1039504056592857
1039432020070936.1
1039359993532432.1
1039287976975269.1
1039215970397372.6
1039143973796668.5
1039071987171083.1
1039000010518543.9
1038928043836978.1
1038856087124314.2
1038784140378480.8
1038712203597407.6
1038640276779023.9
1038568359921261.1
1038496453022049.5
1038424556079321.1
1038352669091008
1038280792055043.1
1038208924969359.9
1038137067831891.8
1038065220640574
1037993383393341.2
1037921556088129.2
1037849738722874.2
1037777931295513.2
1037706133803983
1037634346246222.4
1037562568620169
1037490800923762.2
1037419043154942.1
1037347295311648.5
1037275557391822.2
1037203829393404.9
1037132111314338.1
1037060403152564.5
1036988704906027.4
1036917016572669.9
1036845338150436.8
1036773669637272.2
1036702011031122.1
1036630362329932.2
1036558723531648.9
1036487094634219.2
1036415475635591
1036343866533712.2
1036272267326531.6
1036200678011998.9
1036129098588063
1036057529052675.5
1035985969403786.9
1035914419639348.6
1035842879757313.1
1035771349755633
1035699829632261.5
1035628319385152.5
1035556819012260.5
1035485328511540.1
1035413847880947.4
1035342377118438.1
1035270916221969.2
1035199465189497.5
1035128024018981.4
1035056592708378.6
1034985171255648.5
1034913759658750.2
1034842357915644
1034770966024290.5
1034699583982651
1034628211788687
1034556849440360.9
1034485496935635.8
1034414154272474.4
1034342821448841.6
1034271498462701.4
1034200185312018.8
1034128881994759.9
1034057588508890.8
1033986304852378.1
1033915031023189.4
1033843767019292.5
1033772512838655.9
1033701268479248.8
1033630033939040.1
1033558809216000.8
1033487594308101.2
1033416389213312.8
1033345193929607.1
1033274008454956.8
1033202832787334.6
1033131666924714.2
1033060510865069.6
1032989364606375.5
1032918228146606.8
1032847101483739.5
1032775984615750.1
1032704877540614.9
1032633780256312
1032562692760818.8
1032491615052113.9
1032420547128176.5
1032349488986986.4
1032278440626523.2
1032207402044768.4
1032136373239703
1032065354209308.9
1031994344951568.5
1031923345464464.5
1031852355745980.9
1031781375794101.5
1031710405606810.9
1031639445182094.2
1031568494517937.6
1031497553612327
1031426622463249.5
1031355701068692.4
1031284789426643.5
1031213887535091.8
1031142995392025.6
1031072112995435.4
1031001240343310.6
1030930377433642.1
1030859524264421.6
1030788680833640.8
1030717847139291.8
1030647023179367.6
1030576208951861.9
1030505404454768.5
1030434609686082.1
1030363824643797.8
1030293049325911.5
1030222283730419
1030151527855317.8
1030080781698604.5
1030010045258277.4
1029939318532334.8
1029868601518775.8
1029797894215599.6
1029727196620806.9
1029656508732397.6
1029585830548373.6
1029515162066736.4
1029444503285488
1029373854202631.6
1029303214816170.5
1029232585124108.4
1029161965124450
1029091354815200.2
1029020754194364.6
1028950163259949.5
1028879582009961.4
1028809010442407.5
1028738448555295.9
1028667896346634.1
1028597353814432
1028526820956698.2
1028456297771443
1028385784256676.6
1028315280410410.4
1028244786230655.9
1028174301715425.1
1028103826862730.8
1028033361670586.1
1027962906137004.9
1027892460260001.4
1027822024037590.6
1027751597467787.2
1027681180548608.4
1027610773278069.8
1027540375654188.5
1027469987674982.2
1027399609338469.1
1027329240642667.9
1027258881585597.5
1027188532165277.9
1027118192379729
1027047862226972.4
1026977541705028.5
1026907230811920.1
1026836929545669.1
1026766637904298.8
1026696355885832.4
1026626083488294.1
1026555820709708.8
1026485567548101.1
1026415324001497.2
1026345090067923.2
1026274865745406.1
1026204651031972.6
1026134445925651.2
1026064250424470
1025994064526457.9
1025923888229644.4
1025853721532059.6
1025783564431733.9
1025713416926698.5
1025643279014985.2
1025573150694626
1025503031963653.6
1025432922820101.2
1025362823262003
1025292733287392.5
1025222652894305.4
1025152582080776.4
1025082520844842
1025012469184538.4
1024942427097902.5
1024872394582972.1
1024802371637785.2
1024732358260380.5
1024662354448796.9
1024592360201074.5
1024522375515252.6
1024452400389373.2
1024382434821476.9
1024312478809605.5
1024242532351801.6
1024172595446108
1024102668090568.1
1024032750283225.9
1023962842022126
1023892943305313
1023823054130833.4
1023753174496732.1
1023683304401056.9
1023613443841854.1
1023543592817171.9
1023473751325058.2
1023403919363562.1
1023334096930732.6
1023264284024619.5
1023194480643273.6
1023124686784745.5
1023054902447086.6
1022985127628349
1022915362326585.2
1022845606539847.9
1022775860266191.1
1022706123503668.6
1022636396250334.9
1022566678504245.5
1022496970263456
1022427271526022.4
1022357582290001.6
1022287902553450.9
1022218232314428
1022148571570991.4
1022078920321199.5
1022009278563112.2
1021939646294789
1021870023514290.8
1021800410219678.1
1021730806409012.8
1021661212080356.6
1021591627231772.2
1021522051861322.8
1021452485967071.8
1021382929547083.6
1021313382599422.2
1021243845122153.9
1021174317113343.5
1021104798571057.6
1021035289493362.9
1020965789878326.8
1020896299724016.9
1020826819028501.8
1020757347789850.2
1020687886006131.5
1020618433675415.9
1020548990795773.5
1020479557365275.8
1020410133381993.4
1020340718843999.2
1020271313749365.5
1020201918096165.1
1020132531882471.9
1020063155106359.6
1019993787765903.4
1019924429859178.2
1019855081384259.9
1019785742339224.5
1019716412722148.9
1019647092531109.9
1019577781764186.1
1019508480419455.1
1019439188494995.9
1019369905988888.1
1019300632899211.4
1019231369224046.2
1019162114961473.6
1019092870109574.8
1019023634666431.9
1018954408630127.5
1018885191998744
1018815984770365.6
1018746786943076.2
1018677598514960.4
1018608419484103
1018539249848589.8
1018470089606507
1018400938755941.1
1018331797294979.4
1018262665221709.5
1018193542534219.5
1018124429230598.4
1018055325308935.4
1017986230767320.1
1017917145603842.8
1017848069816594.4
1017779003403666.1
1017709946363149.9
1017640898693138
1017571860391723.1
1017502831456999.1
1017433811887059.6
1017364801679999
1017295800833912.6
1017226809346895.1
1017157827217043.2
1017088854442453.1
1017019891021221.9
1016950936951446.9
1016881992231226.1
1016813056858658.5
1016744130831842.9
1016675214148878.9
1016606306807866.5
1016537408806906.8
1016468520144100
1016399640817548.8
1016330770825354.5
1016261910165620.1
1016193058836449
1016124216835944.6
1016055384162211.4
1015986560813353.9
1015917746787477.4
1015848942082687.8
1015780146697091
1015711360628794.2
1015642583875904.5
1015573816436529.8
1015505058308778.1
1015436309490758.8
1015367569980580.8
1015298839776354
1015230118876188.9
1015161407278196.4
1015092704980487.8
1015024011981174.9
1014955328278370.2
1014886653870187.1
1014817988754738.2
1014749332930138.2
1014680686394501
1014612049145941.9
1014543421182576.1
1014474802502519.8
1014406193103889.2
1014337592984801.9
1014269002143374.9
1014200420577726.5
1014131848285975.2
1014063285266239.6
1013994731516640
1013926187035296
1013857651820328.1
1013789125869857.4
1013720609182005.8
1013652101754895
1013583603586648
1013515114675387.6
1013446635019237.5
1013378164616322.1
1013309703464765.4
1013241251562693.1
1013172808908230.4
1013104375499503.9
1013035951334639.9
1012967536411765.8
1012899130729009.1
1012830734284498
1012762347076361.2
1012693969102728
1012625600361728
1012557240851491.1
1012488890570148.6
1012420549515831.1
1012352217686670.9
1012283895080799.8
1012215581696350.4
1012147277531456.2
1012078982584251
1012010696852868.8
1011942420335444.1
1011874153030112.6
1011805894935010
1011737646048272.6
1011669406368036.5
1011601175892439.9
1011532954619619.8
1011464742547714.6
1011396539674863.2
1011328345999204.9
1011260161518879.1
1011191986232026.5
1011123820136787.8
1011055663231304
1010987515513717.2
1010919376982169.1
1010851247634803.2
1010783127469762.2
1010715016485190.1
1010646914679231
1010578822050029.9
1010510738595731.9
1010442664314482.8
1010374599204428.9
1010306543263717
1010238496490494.2
1010170458882908.5
1010102430439108.1
1010034411157241.1
1009966401035458
1009898400071907.8
1009830408264740.6
1009762425612107.6
1009694452112159.9
1009626487763049
1009558532562927.5
1009490586509948
1009422649602263.5
1009354721838028.5
1009286803215396.1
1009218893732522.2
1009150993387561.2
1009083102178669.2
1009015220104002.2
1008947347161717.2
1008879483349971.1
1008811628666921.8
1008743783110727.4
1008675946679546.8
1008608119371539.1
1008540301184863.8
1008472492117681.4
1008404692168152.4
1008336901334437.9
1008269119614699.6
1008201347007099.8
1008133583509801
1008065829120966.5
1007998083838759.9
1007930347661345.4
1007862620586887.5
1007794902613551.2
1007727193739502.8
1007659493962907.4
1007591803281932.4
1007524121694744.2
1007456449199511.1
1007388785794400.9
1007321131477582.1
1007253486247223.9
1007185850101495.6
1007118223038567.6
1007050605056610.2
1006982996153794.8
1006915396328291.9
1006847805578274.8
1006780223901915.2
1006712651297386.5
1006645087762862
1006577533296515.6
1006509987896522
1006442451561056
1006374924288293
1006307406076408.8
1006239896923580.4
1006172396827984
1006104905787797.8
1006037423801198.9
1005969950866366.1
1005902486981478.2
1005835032144714.5
1005767586354255
1005700149608279.6
1005632721904969.8
1005565303242506.5
1005497893619071.5
1005430493032847.2
1005363101482016.5
1005295718964762.1
1005228345479268.5
1005160981023719.5
1005093625596299.6
1005026279195194.5
1004958941818589.6
1004891613464671.2
1004824294131626.1
1004756983817641.1
1004689682520904.1
1004622390239603.4
1004555106971927
1004487832716064.4
1004420567470205.2
1004353311232539.4
1004286064001257.6
1004218825774550.8
1004151596550610.4
1004084376327628.5
1004017165103797.6
1003949962877310.6
1003882769646361.2
1003815585409142.8
1003748410163850.5
1003681243908678.9
1003614086641823.1
1003546938361479.4
1003479799065844
1003412668753113.6
1003345547421485.8
1003278435069157.9
1003211331694328.8
1003144237295196.9
1003077151869961.6
1003010075416822.8
1002943007933980
1002875949419634.8
1002808899871987.6
1002741859289240.6
1002674827669595.6
1002607805011255.1
1002540791312422.8
1002473786571301.8
1002406790786096.2
1002339803955010.8
1002272826076250.4
1002205857148020.2
1002138897168526.9
1002071946135976.2
1002005004048575.4
1001938070904532
1001871146702053.8
1001804231439349.1
1001737325114626.9
1001670427726096.2
1001603539271967.2
1001536659750450.2
1001469789159755.5
1001402927498094.8
1001336074763679.5
1001269230954722
1001202396069434.9
1001135570106031.4
1001068753062725
1001001944937730
1000935145729260.8
1000868355435532.5
1000801574054760.5
1000734801585161.2
1000668038024951
1000601283372346.4
1000534537625565.5
1000467800782825.6
1000401072842345.5
1000334353802343.8
1000267643661040
1000200942416653.8
1000134250067405.5
1000067566611516.1
1000000892047206.6
999934226372699
999867569586214.88
999800921685977.62
999734282670209.88
999667652537135.38
999601031284978
999534418911962.75
999467815416314.38
999401220796258.5
999334635050021
999268058175828.38
999201490171907.62
999134931036485.75
999068380767791.25
999001839364051.88
998935306823496.5
998868783144354.75
998802268324856.25
998735762363231.12
998669265257710.12
998602777006524.38
998536297607905.62
998469827060085.88
998403365361297.5
998336912509774.12
998270468503748.62
998204033341455.62
998137607021129
998071189541004
998004780899316
997938381094300.75
997871990124194.62
997805607987234.5
997739234681657.38
997672870205701.5
997606514557605
997540167735606
997473829737944.38
997407500562859.25
997341180208590.88
997274868673379.75
997208565955467
997142272053093.88
997075986964502.62
997009710687935.62
996943443221635.75
996877184563846.5
996810934712811.25
996744693666774.88
996678461423981.62
996612237982677
996546023341106.38
996479817497516.38
996413620450153.5
996347432197264.75
996281252737097.62
996215082067900.38
996148920187921.25
996082767095409.25
996016622788614.12
995950487265784.88
995884360525173
995818242565028.62
995752133383603.12
995686032979148.25
995619941349916.25
995553858494159.88
995487784410132.12
995421719096086.62
995355662550277.25
995289614770959.25
995223575756386.62
995157545504815.62
995091524014501.75
995025511283701.38
994959507310671.62
994893512093669.38
994827525630952.75
994761547920779.75
994695578961409.25
994629618751100.38
994563667288112.88
994497724570706.25
994431790597141.75
994365865365679.88
994299948874582.25
994234041122110.88
994168142106528
994102251826096.38
994036370279079.5
993970497463741.25
993904633378345.62
993838778021157.38
993772931390441.5
993707093484464.12
993641264301490.62
993575443839787.75
993509632097622.5
993443829073262.38
993378034764975.38
993312249171029.75
993246472289694.25
993180704119238.25
993114944657931.38
993049193904043.88
992983451855846.62
992917718511610
992851993869606.62
992786277928107.62
992720570685386
992654872139714.38
992589182289366.38
992523501132615.75
992457828667736.75
992392164893004.25
992326509806693.25
992260863407080
992195225692439.88
992129596661050.12
992063976311187.25
991998364641129.12
991932761649153.5
991867167333538.88
991801581692564.25
991736004724508.5
991670436427651.88
991604876800274.5
991539325840657
991473783547080.5
991408249917826.88
991342724951177.62
991277208645415.75
991211700998823.88
991146202009685.38
991080711676284.5
991015229996905.38
990949756969832.75
990884292593351.88
990818836865748.5
990753389785308.62
990687951350319.12
990622521559066.38
990557100409838.5
990491687900923.25
990426284030609
990360888797184.62
990295502198939.38
990230124234163.12
990164754901145.88
990099394198178.5
990034042123552
989968698675558
989903363852488
989838037652635.5
989772720074292.5
989707411115752.75
989642110775310
989576819051258.38
989511535941892.75
989446261445508.38
989380995560400.38
989315738284865.5
989250489617200
989185249555700.38
989120018098664.75
989054795244390.62
988989580991176.12
988924375337320.38
988859178281122.38
988793989820881.75
988728809954898.5
988663638681473.62
988598475998907.75
988533321905502.38
988468176399559.5
988403039479381.5
988337911143270.75
988272791389531.12
988207680216465.88
988142577622379
988077483605575.38
988012398164360.12
987947321297038.38
987882253001916.25
987817193277300.12
987752142121496.75
987687099532813.5
987622065509557.75
987557040050037.88
987492023152562.5
987427014815440.62
987362015036981.75
987297023815495.62
987232041149292.88
987167067036684.12
987102101475980.88
987037144465494.5
986972196003537.38
986907256088422
986842324718461.62
986777401891969.5
986712487607259.5
986647581862646.25
986582684656444.38
986517795986969.12
986452915852536.25
986388044251461.75
986323181182062.62
986258326642655.5
986193480631558.12
986128643147088.25
986063814187564.12
985998993751304.88
985934181836629.38
985869378441857.5
985804583565309.25
985739797205305.38
985675019360166.88
985610250028215
985545489207771.88
985480736897159.62
985415993094701.38
985351257798719.75
985286531007539
985221812719482.75
985157102932875.62
985092401646042.75
985027708857309.62
984963024565001.88
984898348767446
984833681462968.5
984769022649896.75
984704372326558.38
984639730491280.88
984575097142393.75
984510472278225.12
984445855897104.62
984381247997362
984316648577327.62
984252057635332
984187475169706.5
984122901178782.38
984058335660891.88
983993778614367.12
983929230037541.38
983864689928747.88
983800158286320
983735635108592.5
983671120393899.5
983606614140576.25
983542116346958.25
983477627011381.5
983413146132182
983348673707697.12
983284209736263.75
983219754216219.62
983155307145903.12
983090868523652.12
983026438347806.38
982962016616704.75
982897603328687.25
982833198482094.12
982768802075266.25
982704414106544.88
982640034574271.25
982575663476787.75
982511300812436.5
982446946579560.88
982382600776503.5
982318263401608.88
982253934453220.5
982189613929683.62
982125301829343
982060998150544.12
981996702891633
981932416050956
981868137626860
981803867617692
981739606021799.88
981675352837531.38
981611108063235.62
981546871697261
981482643737957.5
981418424183674.38
981354213032762.12
981290010283571.38
981225815934453.38
981161629983759.62
981097452429841.75
981033283271052.75
980969122505745.25
980904970132272.62
980840826148988
980776690554246.38
980712563346401.75
980648444523809.25
980584334084824.38
980520232027802.88
980456138351100.88
980392053053075.62
980327976132083.88
980263907586483.25
980199847414632
980135795614888
980071752185610.88
980007717125159.25
979943690431893.25
979879672104172.62
979815662140358.38
979751660538811.38
979687667297893
979623682415965.25
979559705891390.25
979495737722530.75
979431777907750
979367826445411.62
979303883333879
979239948571517.62
979176022156691.62
979112104087766.38
979048194363107.75
978984292981081.88
978920399940055.12
978856515238394.62
978792638874467.75
978728770846642.25
978664911153286.88
978601059792769.5
978537216763460.12
978473382063727.75
978409555691942.38
978345737646474.5
978281927925695
978218126527975
978154333451686.12
978090548695200.62
978026772256891
977963004135130.38
977899244328291.5
977835492834749
977771749652876.5
977708014781048.75
977644288217640.88
977580569961028.25
977516860009587
977453158361693.38
977389465015724.25
977325779970056.5
977262103223068
977198434773136.62
977134774618641.12
977071122757959.75
977007479189472.5
976943843911558.5
976880216922598.25
976816598220972.25
976752987805061.5
976689385673247.38
976625791823911.62
976562206255436.5
976498628966204.88
976435059954599.75
976371499219004.12
976307946757802.88
976244402569379.62
976180866652119.5
976117339004407.62
976053819624629.5
975990308511171.25
975926805662419.25
975863311076760.5
975799824752582
975736346688272.12
975672876882218.12
975609415332809.5
975545962038434.5
975482516997482.62
975419080208344
975355651669408.5
975292231379067
975228819335710.38
975165415537730.38
975102019983518.75
975038632671467.75
974975253599970.25
974911882767419.62
974848520172208.75
974785165812732.38
974721819687384.38
974658481794559.75
974595152132653.75
974531830700062.25
974468517495181
974405212516406.75
974341915762136.25
974278627230766.88
974215346920696.5
974152074830322.88
974088810958045
974025555302261.75
973962307861372.5
973899068633777.12
973835837617875.75
973772614812069.12
973709400214758.38
973646193824344.88
973582995639230.5
973519805657817.62
973456623878508.88
973393450299707.88
973330284919817.62
973267127737242.25
973203978750386.12
973140837957654.25
973077705357451.5
973014580948183.88
972951464728257
972888356696077.75
972825256850052.88
972762165188589.5
972699081710095.75
972636006412979
972572939295648.5
972509880356512.75
972446829593981.12
972383787006463.38
972320752592370
972257726350111.25
972194708278098.38
972131698374742.62
972068696638455.75
972005703067650.38
971942717660738.38
971879740416133.75
971816771332249.25
971753810407498.88
971690857640297.12
971627913029058.62
971564976572198.5
971502048268132.38
971439128115275.88
971376216112045.62
971313312256858.38
971250416548130.75
971187528984281.25
971124649563727.25
971061778284887.12
970998915146179.88
970936060146024.75
970873213282841.12
970810374555049.25
970747543961069.5
970684721499322.62
970621907168229.88
970559100966213.12
970496302891694.62
970433512943096.25
970370731118841.25
970307957417352.88
970245191837054.88
970182434376371.25
970119685033726.62
970056943807545.75
969994210696254.25
969931485698277.75
969868768812042.38
969806060035974.75
969743359368501.62
969680666808050.75
969617982353049.5
969555306001926.25
969492637753109.38
969429977605028.38
969367325556112.25
969304681604790.88
969242045749494.62
969179417988654
969116798320700.12
969054186744064
968991583257178.12
968928987858474.12
968866400546385.12
968803821319343.88
968741250175784.12
968678687114139.38
968616132132844.25
968553585230333.12
968491046405041.25
968428515655404.25
968365992979857.38
968303478376837.75
968240971844781.5
968178473382126
968115982987308.5
968053500658767.12
967991026394940
967928560194266.12
967866102055184.25
967803651976133.88
967741209955555.38
967678775991888.75
967616350083575
967553932229054.5
967491522426769.75
967429120675162.12
967366726972673.88
967304341317748
967241963708827.62
967179594144355.88
967117232622777.25
967054879142535.88
966992533702076.5
966930196299844.38
966867866934284.5
966805545603843.62
966743232306967.5
966680927042103
966618629807697.25
966556340602198
966494059424053
966431786271710.75
966369521143619.88
966307264038229.5
966245014953989.38
966182773889349
966120540842759.38
966058315812670.38
965996098797534
965933889795801.25
965871688805924.25
965809495826355.38
965747310855547.38
965685133891953.25
965622964934026.62
965560803980221.25
965498651028991.62
965436506078792.75
965374369128079.12
965312240175306.88
965250119218931.62
965188006257409.62
965125901289197.62
965063804312753
965001715326532.88
964939634328995.25
964877561318598.62
964815496293801.62
964753439253063.5
964691390194843.25
964629349117601.38
964567316019797.62
964505290899893
964443273756348.38
964381264587625.25
964319263392185.75
964257270168491.88
964195284915006.5
964133307630192.5
964071338312513.5
964009376960433
963947423572415.62
963885478146925.88
963823540682428.62
963761611177389.25
963699689630274
963637776039548.75
963575870403680.25
963513972721135.38
963452082990381.62
963390201209886.75
963328327378118.88
963266461493546.75
963204603554638.88
963142753559865.38
963080911507695.38
963019077396599.25
962957251225047.5
962895432991511.12
962833622694461.38
962771820332370
962710025903709.25
962648239406951.12
962586460840569.38
962524690203036.38
962462927492826.5
962401172708413.5
962339425848271.88
962277686910876.38
962215955894702.5
962154232798225.62
962092517619921.75
962030810358267.62
961969111011739.88
961907419578815.88
961845736057972.75
961784060447689.12
961722392746442.75
961660732952712.75
961599081064978.12
961537437081718.25
961475801001413.5
961414172822544
961352552543590.38
961290940163033.88
961229335679355.88
961167739091038.25
961106150396563.5
961044569594413.75
960982996683072.5
960921431661023.12
960859874526749.38
960798325278735.38
960736783915466
960675250435425.88
960613724837100.75
960552207118976
960490697279538.12
960429195317273.62
960367701230668.88
960306215018212.12
960244736678390.5
960183266209692
960121803610605.38
960060348879619.5
959998902015223.38
959937463015906.88
959876031880159.75
959814608606472.75
959753193193336.62
959691785639242.25
959630385942681.62
959568994102146.38
959507610116128.88
959446233983122
959384865701618.75
959323505270112.62
959262152687097.38
959200807951067.62
959139471060517.88
959078142013943
959016820809838.62
958955507446700.75
958894201923024.88
958832904237308.38
958771614388047.62
958710332373740
958649058192883.62
958587791843976.5
958526533325516.88
958465282636003.88
958404039773936.75
958342804737815
958281577526138.88
958220358137408.38
958159146570124.75
958097942822789
958036746893902.75
957975558781967.88
957914378485486.75
957853206002962
957792041332896.88
957730884473794.75
957669735424159.5
957608594182495.38
957547460747306.75
957486335117099.38
957425217290377.88
957364107265648.38
957303005041416.88
957241910616190
957180823988474.62
957119745156778
957058674119607.75
956997610875472.25
956936555422879.62
956875507760338.88
956814467886359.25
956753435799449.88
956692411498121.38
956631394980883.62
956570386246247.38
956509385292723.75
956448392118824.38
956387406723061.12
956326429103946
956265459259991.88
956204497189711.62
956143542891618.75
956082596364226.5
956021657606049.88
955960726615602.5
955899803391399.75
955838887931957
955777980235789.62
955717080301413.75
955656188127345.75
955595303712102.5
955534427054201
955473558152159.12
955412697004494.12
955351843609725.12
955290997966370.12
955230160072948.62
955169329927979.75
955108507529983.5
955047692877479.88
954986885968989.62
954926086803033.5
954865295378133
954804511692809.5
954743735745585.5
954682967534983.38
954622207059525.38
954561454317735.5
954500709308136.62
954439972029253.12
954379242479609.12
954318520657729.38
954257806562138.88
954197100191363.25
954136401543928.12
954075710618359.88
954015027413185.12
953954351926930.38
953893684158123.5
953833024105291.88
953772371766963.62
953711727141667
953651090227931.25
953590461024285.25
953529839529258.62
953469225741381.5
953408619659183.88
953348021281196.88
953287430605950.88
953226847631978.12
953166272357809.75
953105704781978.25
953045144903016.12
952984592719456.38
952924048229832.25
952863511432677.5
952802982326525.88
952742460909912.12
952681947181371
952621441139437.25
952560942782647.12
952500452109535.88
952439969118640.25
952379493808496.62
952319026177642.12
952258566224614
952198113947950.12
952137669346188.75
952077232417868
952016803161527.25
951956381575705.5
951895967658942.62
951835561409777.88
951775162826752.62
951714771908406.88
951654388653281.88
951594013059919.25
951533645126860.62
951473284852648.5
951412932235825.25
951352587274933.88
951292249968517.75
951231920315120.75
951171598313286.25
951111283961559.5
951050977258484.88
950990678202607.5
950930386792472.88
950870103026627.25
950809826903616.62
950749558421987.75
950689297580287.62
950629044377063.62
950568798810863.38
950508560880235.25
950448330583727.62
950388107919888.75
950327892887269
950267685484417.25
950207485709883.5
950147293562218.12
950087109039971.75
950026932141695.62
949966762865941
949906601211259.88
949846447176203.88
949786300759326.38
949726161959179.5
949666030774317
949605907203292.25
949545791244659.25
949485682896972.38
949425582158786.38
949365489028656.38
949305403505137.75
949245325586786.38
949185255272158.38
949125192559810.62
949065137448299.38
949005089936182.62
948945050022017.62
948885017704362.38
948824992981775.25
948764975852815
948704966316041
948644964370012.38
948584970013289.25
948524983244431.62
948465004062000.12
948405032464555.62
948345068450659.62
948285112018873.5
948225163167759.25
948165221895879.5
948105288201796.88
948045362084074.5
947985443541275.88
947925532571964.88
947865629174705.5
947805733348062.5
947745845090600.75
947685964400885.62
947626091277482.25
947566225718957.5
947506367723877.12
947446517290808.12
947386674418317.5
947326839104972.62
947267011349341.5
947207191149992.25
947147378505493.25
947087573414413.75
947027775875323
946967985886790.12
946908203447385.75
946848428555679.75
946788661210243.12
946728901409646.75
946669149152462.25
946609404437261.25
946549667262615.88
946489937627098.88
946430215529283
946370500967741.62
946310793941047.88
946251094447776.5
946191402486501.12
946131718055796.62
946072041154238.12
946012371780400.75
945952709932860.62
945893055610193.75
945833408810976.62
945773769533785.88
945714137777199
945654513539793.25
945594896820146.88
945535287616837.62
945475685928444.62
945416091753546.62
945356505090723.12
945296925938553.62
945237354295618.25
945177790160497.5
945118233531772
945058684408023.12
944999142787832.12
944939608669780.88
944880082052451.62
944820562934427.12
944761051314290.12
944701547190623.75
944642050562011.88
944582561427038.38
944523079784287.62
944463605632344.25
944404138969793.25
944344679795220.38
944285228107211.25
944225783904351.75
944166347185228.88
944106917948428.88
944047496192539.25
943988081916147.5
943928675117841.62
943869275796209.62
943809883949840.38
943750499577322.88
943691122677246.38
943631753248200.5
943572391288775.25
943513036797561.25
943453689773148.88
943394350214129.75
943335018119094.75
943275693486635.88
943216376315345.5
943157066603816.12
943097764350640.38
943038469554411.75
942979182213723.62
942919902327170
942860629893345.25
942801364910843.5
942742107378260.75
942682857294191.5
942623614657231.88
942564379465977.62
942505151719025.38
942445931414971.88
942386718552414.12
942327513129949.62
942268315146176.25
942209124599692.12
942149941489095.62
942090765812986.12
942031597569962.38
941972436758624
941913283377571.12
941854137425403.75
941794998900722.88
941735867802129.12
941676744128223.88
941617627877609.12
941558519048886.75
941499417640659
941440323651529
941381237080099.12
941322157924973.75
941263086184755.88
941204021858050
941144964943460.38
941085915439592.12
941026873345050.38
940967838658440.62
940908811378368.88
940849791503441.12
940790779032264.38
940731773963444.88
940672776295590.75
940613786027309
940554803157207.88
940495827683895.75
940436859605981.12
940377898922073.25
940318945630781.5
940259999730715.38
940201061220485.25
940142130098701.5
940083206363974.38
940024290014916
939965381050137.12
939906479468249.62
939847585267865.88
939788698447598.38
939729819006059.88
939670946941863.62
939612082253623.38
939553224939952.5
939494374999466
939435532430778
939376697232503.75
939317869403258
939259048941657.12
939200235846316.5
939141430115852.88
939082631748882.62
939023840744023
938965057099891.12
938906280815105.12
938847511888282.88
938788750318042.62
938729996103003.62
938671249241784.12
938612509733004.5
938553777575284
938495052767243
938436335307501.62
938377625194681.12
938318922427402.62
938260227004287.5
938201538923957.75
938142858185035.5
938084184786143.5
938025518725904.12
937966860002941.38
937908208615878.12
937849564563338.75
937790927843947.5
937732298456328.88
937673676399107.88
937615061670909.88
937556454270360.5
937497854196085.62
937439261446711.88
937380676020865.5
937322097917174.12
937263527134264.5
937204963670765
937146407525303.12
937087858696507.5
937029317183006.88
936970782983430.25
936912256096407.12
936853736520567.12
936795224254540.62
936736719296958
936678221646450.25
936619731301647.88
936561248261183
936502772523687.12
936444304087792.62
936385842952131.75
936327389115337.38
936268942576042.88
936210503332881.88
936152071384487.88
936093646729495.5
936035229366539.12
935976819294253.38
935918416511274
935860021016236.25
935801632807775.88
935743251884529.62
935684878245133.75
935626511888225.25
935568152812441.5
935509801016420.12
935451456498798.88
935393119258216.25
935334789293310.88
935276466602721.75
935218151185087.75
935159843039049.25
935101542163245.75
935043248556317.88
934984962216906
934926683143651.38
934868411335195.25
934810146790179.38
934751889507245.62
934693639485036.5
934635396722195
934577161217363.38
934518932969186
934460711976305.88
934402498237367.12
934344291751014.5
934286092515892.38
934227900530646.12
934169715793920.75
934111538304362.38
934053368060617.12
933995205061331.25
933937049305151.25
933878900790724.88
933820759516699
933762625481721.5
933704498684440.62
933646379123504.5
933588266797562.38
933530161705263.12
933472063845256.25
933413973216191.38
933355889816718.88
933297813645489.12
933239744701152.88
933181682982361
933123628487765.5
933065581216017.75
933007541165770.12
932949508335675.12
932891482724385.25
932833464330554
932775453152834.62
932717449189881
932659452440347.38
932601462902888.12
932543480576157.88
932485505458812.38
932427537549506.5
932369576846896.38
932311623349638
932253677056388
932195737965803.25
932137806076540.62
932079881387257.75
932021963896612.62
931964053603263.38
931906150505868.12
931848254603086.38
931790365893576.62
931732484375998.62
931674610049012.25
931616742911277.5
931558882961454.88
931501030198205.5
931443184620190.25
931385346226070.75
931327515014508.75
931269690984166.38
931211874133706.25
931154064461790.88
931096261967084
931038466648248.38
930980678503948.12
930922897532847.62
930865123733611.12
930807357104903.38
930749597645389.75
930691845353735.5
930634100228606.5
930576362268669.12
930518631472589
930460907839034.12
930403191366670.88
930345482054166.75
930287779900189.75
930230084903407.75
930172397062489.5
930114716376103.5
930057042842919
929999376461605.5
929941717230832.5
929884065149270.25
929826420215589.5
929768782428460.62
929711151786554.75
929653528288543.38
929595911933098.12
929538302718891.25
929480700644595.12
929423105708882.12
929365517910425.88
929307937247899.5
929250363719976.75
929192797325331.88
929135238062638.62
929077685930572.5
929020140927807.88
928962603053020.5
928905072304885.75
928847548682080.12
928790032183279.62
928732522807160.88
928675020552401.12
928617525417677.62
928560037401668
928502556503050
928445082720502.5
928387616052703.38
928330156498332.25
928272704056068.12
928215258724590.75
928157820502580
928100389388716.12
928042965381679.75
927985548480151.88
927928138682813.75
927870735988346.5
927813340395432.88
927755951902754.38
927698570508994
927641196212834.38
927583829012958.88
927526468908050.88
927469115896794.38
927411769977873.5
927354431149972.75
927297099411777
927239774761971.38
927182457199241.62
927125146722273.25
927067843329752.38
927010547020365.5
926953257792799.62
926895975645741.62
926838700577879
926781432587899.38
926724171674491.12
926666917836342.5
926609671072142.38
926552431380579.75
926495198760343.62
926437973210124.38
926380754728611.62
926323543314495.62
926266338966467.12
926209141683217.38
926151951463437.5
926094768305819.12
926037592209054.38
925980423171835.38
925923261192855
925866106270805.75
925808958404381.25
925751817592274.75
925694683833180.62
925637557125792.75
925580437468805.75
925523324860914.5
925466219300814.25
925409120787200.5
925352029318769
925294944894216.25
925237867512237.88
925180797171531.75
925123733870794.38
925066677608723.38
925009628384016.5
924952586195371.75
924895551041487.62
924838522921062.88
924781501832796.5
924724487775387.75
924667480747536.5
924610480747942.75
924553487775307
924496501828329.5
924439522905711.62
924382551006154.38
924325586128359.38
924268628271028.75
924211677432864.5
924154733612569.5
924097796808846.5
924040867020398.88
923983944245929.88
923927028484143.62
923870119733743.88
923813217993435.75
923756323261923.5
923699435537912.62
923642554820108.12
923585681107216.25
923528814397943
923471954690994.62
923415101985077.88
923358256278899.88
923301417571168.12
923244585860589.75
923187761145873.5
923130943425726.88
923074132698859.25
923017328963979.12
922960532219796.12
922903742465019.5
922846959698359.25
922790183918525.62
922733415124229.25
922676653314181.12
922619898487091.62
922563150641673.25
922506409776637.25
922449675890696
922392948982561.75
922336229050947.38
922279516094565.75
922222810112130.62
922166111102355.38
922109419063954
922052733995641.38
921996055896131.38
921939384764139.75
921882720598381.12
921826063397571.75
921769413160426.75
921712769885663.12
921656133571997
921599504218145.25
921542881822825.25
921486266384754.38
921429657902650.5
921373056375231.62
921316461801216.5
921259874179323.38
921203293508272
921146719786781
921090153013570.5
921033593187360.62
920977040306871.38
920920494370823.75
920863955377938.38
920807423326936.75
920750898216540.38
920694380045471.38
920637868812451.38
920581364516203.5
920524867155450.12
920468376728915
920411893235321.12
920355416673392.38
920298947041852.88
920242484339427.12
920186028564839.62
920129579716815.62
920073137794080.5
920016702795359.25
919960274719379
919903853564865
919847439330544.62
919791032015144.25
919734631617391.5
919678238136013.5
919621851569738.25
919565471917293.88
919509099177409.12
919452733348812.5
919396374430233.12
919340022420400.75
919283677318044.38
919227339121894.75
919171007830681.62
919114683443136.25
919058365957989.12
919002055373971.5
918945751689815.25
918889454904252.25
918833165016014.5
918776882023834.62
918720605926445.62
918664336722580.25
918608074410972.38
918551818990355.25
918495570459463.38
918439328817030.88
918383094061792.75
918326866192483.62
918270645207839.12
918214431106594.62
918158223887486.12
918102023549250
918045830090622.5
917989643510340.75
917933463807141.62
917877290979763.25
917821125026942.5
917764965947418.25
917708813739928.5
917652668403211.88
917596529936007.62
917540398337055
917484273605093.5
917428155738863.38
917372044737104.75
917315940598557.88
917259843321964.25
917203752906064.25
917147669349600.25
917091592651313.25
917035522809945.75
916979459824240
916923403692938.75
916867354414785.25
916811311988522.62
916755276412894.62
916699247686644.75
916643225808518
916587210777258.12
916531202591610.75
916475201250320.38
916419206752133
916363219095794.12
916307238280049.88
916251264303646.75
916195297165331.38
916139336863851
916083383397952.38
916027436766383.62
915971496967892.25
915915564001227.12
915859637865136
915803718558368.5
915747806079673.38
915691900427800
915636001601498.25
915580109599518.12
915524224420610.12
915468346063524.75
915412474527013.25
915356609809826.62
915300751910716.75
915244900828435.12
915189056561734.5
915133219109366.88
915077388470085.25
915021564642642.75
914965747625792.75
914909937418288.88
914854134018885.5
914798337426336.75
914742547639397
914686764656821.75
914630988477365.62
914575219099784.75
914519456522834.5
914463700745271.38
914407951765851.38
914352209583331.75
914296474196469.38
914240745604021.5
914185023804746.12
914129308797400.75
914073600580744.12
914017899153534.38
913962204514530.88
913906516662492
913850835596178.25
913795161314348.75
913739493815763.75
913683833099183.75
913628179163369.25
913572532007081.38
913516891629081.38
913461258028130.88
913405631202991.5
913350011152426
913294397875196.38
913238791370065.88
913183191635797.25
913127598671154
913072012474899.88
913016433045798.88
912960860382615.25
912905294484113.5
912849735349059
912794182976216.25
912738637364351.62
912683098512230.12
912627566418618.5
912572041082282.62
912516522501989.62
912461010676506.25
912405505604599.75
912350007285038.12
912294515716589
912239030898020.88
912183552828101.75
912128081505600.88
912072616929287
912017159097930.12
911961708010299.25
911906263665165
911850826061297
911795395197466.5
911739971072444.25
911684553685001.25
911629143033909.12
911573739117939.75
911518341935865.25
911462951486457.62
911407567768490.25
911352190780735.12
911296820521966.75
911241456990958
911186100186482.88
911130750107315.5
911075406752230.5
911020070120002.62
910964740209407
910909417019219
910854100548213.88
910798790795168.38
910743487758858
910688191438060
910632901831550.88
910577618938107.75
910522342756508.25
910467073285530
910411810523951.12
910356554470549.75
910301305124105
910246062483395.38
910190826547200.5
910135597314299.38
910080374783472.5
910025158953499.38
909969949823160.88
909914747391237.5
909859551656510.12
909804362617760.5
909749180273769.88
909694004623320.38
909638835665193.88
909583673398173.38
909528517821041
909473368932580.62
909418226731574.75
909363091216807.75
909307962387063.25
909252840241125.75
909197724777779.5
909142615995809.62
909087513894001.12
909032418471139.62
908977329726010.75
908922247657400.25
908867172264094.88
908812103544880.75
908757041498545.62
908701986123876
908646937419659.5
908591895384684
908536860017737.62
908481831317608.75
908426809283086
908371793912958.5
908316785206015
908261783161045.75
908206787776840.12
908151799052188.62
908096816985881.25
908041841576709.12
907986872823463.12
907931910724934.5
907876955279914.88
907822006487196
907767064345570.62
907712128853830.5
907657200010769.12
907602277815178.88
907547362265853.62
907492453361586.62
907437551101172.38
907382655483404.62
907327766507077.88
907272884170987.25
907218008473927.75
907163139414694.75
907108276992083.88
907053421204891.38
906998572051913.12
906943729531946.12
906888893643786.75
906834064386232.62
906779241758080.88
906724425758129.38
906669616385176.12
906614813638019.38
906560017515457.88
906505228016290.38
906450445139316.25
906395668883334.5
906340899247145.38
906286136229548.62
906231379829345.12
906176630045334.75
906121886876319.12
906067150321099
906012420378476
905957697047252
905902980326229
905848270214209.38
905793566709995.62
905738869812391.25
905684179520198.75
905629495832222.38
905574818747265.25
905520148264132.12
905465484381627
905410827098554.62
905356176413719.88
905301532325928.38
905246894833985.25
905192263936696.62
905137639632868.75
905083021921307.38
905028410800820.12
904973806270213
904919208328294.25
904864616973870.62
904810032205750.5
904755454022741.88
904700882423653.12
904646317407293
904591758972470.5
904537207117995
904482661842675.75
904428123145323.25
904373591024746.75
904319065479757.62
904264546509166
904210034111783.12
904155528286420.25
904101029031889
904046536347001.12
903992050230568.88
903937570681404.88
903883097698321.38
903828631280131.88
903774171425649.25
903719718133687.62
903665271403060.25
903610831232582
903556397621066.75
903501970567329.5
903447550070185.12
903393136128449
903338728740936.62
903284327906464
903229933623847.5
903175545891903
903121164709447.75
903066790075298.38
903012421988272.62
902958060447187.75
902903705450861.62
902849356998112.38
902795015087758.62
902740679718619
902686350889512.62
902632028599258.75
902577712846676.62
902523403630586.62
902469100949808.5
902414804803163
902360515189470.38
902306232107552
902251955556229.12
902197685534323.25
902143422040656.25
902089165074050.25
902034914633327.75
901980670717311
901926433324823.75
901872202454688.25
901817978105729.12
901763760276769.38
901709548966633.88
901655344174146.25
901601145898131.62
901546954137414.88
901492768890821.12
901438590157176.12
901384417935305.38
901330252224035.38
901276093022192
901221940328602.38
901167794142093
901113654461491.62
901059521285625.38
901005394613322
900951274443409.75
900897160774716.62
900843053606071.75
900788952936303.75
900734858764242
900680771088715.5
900626689908554.62
900572615222588.88
900518547029649
900464485328565.25
900410430118168.75
900356381397290.38
900302339164761.75
900248303419414.62
900194274160081
900140251385593.25
900086235094783.38
900032225286485
899978221959530.5
899924225112754
899870234744988.38
899816250855068.38
899762273441827.75
899708302504101.12
899654338040723.38
899600380050529.5
899546428532354.88
899492483485035.12
899438544907406.38
899384612798304.12
899330687156565.75
899276767981027.38
899222855270526.5
899168949023900
899115049239985.75
899061155917621.5
899007269055645.38
898953388652895.75
898899514708211.38
898845647220431.5
898791786188394.88
898737931610941.62
898684083486911
898630241815143.62
898576406594479.5
898522577823759.25
898468755501824
898414939627514.75
898361130199673.12
898307327217141
898253530678760.38
898199740583373.25
898145956929822.75
898092179716951
898038408943602
897984644608618.5
897930886710844.5
897877135249124
897823390222301.12
897769651629220.5
897715919468727
897662193739665.5
897608474440881.5
897554761571220.75
897501055129528.75
897447355114652.25
897393661525437
897339974360730.5
897286293619379.5
897232619300231.12
897178951402133
897125289923933.12
897071634864479.38
897017986222620.38
896964343997204.88
896910708187081.25
896857078791099.5
896803455808108.5
896749839236958.62
896696229076499.25
896642625325581.12
896589027983054.75
896535437047771
896481852518581
896428274394336.12
896374702673888.25
896321137356089.12
896267578439791.25
896214025923846.75
896160479807108.88
896106940088430.25
896053406766664.75
895999879840665.62
895946359309286.5
895892845171382.12
895839337425806.75
895785836071414.88
895732341107061.62
895678852531602.5
895625370343892.5
895571894542787.88
895518425127144.38
895464962095818.62
895411505447667.12
895358055181546.88
895304611296315
895251173790828.75
895197742663946.12
895144317914525
895090899541423.62
895037487543500.38
894984081919614.38
894930682668624.38
894877289789390.12
894823903280770.88
894770523141626.75
894717149370817.75
894663781967204.5
894610420929647.5
894557066257007.88
894503717948147
894450376001925.88
894397040417207
894343711192851.88
894290388327723.38
894237071820683.5
894183761670595.75
894130457876322.88
894077160436728.38
894023869350675.75
893970584617029.38
893917306234653.38
893864034202412.12
893810768519170.62
893757509183793.5
893704256195146.62
893651009552095
893597769253505.12
893544535298242.62
893491307685174
893438086413166
893384871481085.62
893331662887800
893278460632176.75
893225264713083.5
893172075129388.12
893118891879959.25
893065714963664.88
893012544379374.62
892959380125957
892906222202281.62
892853070607218
892799925339636.12
892746786398406.25
892693653782398.62
892640527490484.12
892587407521533.5
892534293874418.25
892481186548009.62
892428085541179.88
892374990852800.62
892321902481744.5
892268820426883.88
892215744687091.62
892162675261241
892109612148205.38
892056555346858.12
892003504856073.75
891950460674726.12
891897422801689.5
891844391235839.12
891791365976049.5
891738347021196.25
891685334370154.75
891632328021800.88
891579327975010.5
891526334228660.25
891473346781626.62
891420365632786.62
891367390781017.25
891314422225195.75
891261459964200.12
891208503996908
891155554322198
891102610938948.12
891049673846037.38
890996743042344.88
890943818526749.62
890890900298131.38
890837988355369.88
890785082697345.38
890732183322937.62
890679290231028
890626403420496.62
890573522890225.38
890520648639095
890467780665987.75
890414918969785.12
890362063549369.5
890309214403623.25
890256371531429.25
890203534931670.62
890150704603229.88
890097880544991.62
890045062755838.75
889992251234656.12
889939445980327.12
889886646991737.25
889833854267770.88
889781067807313
889728287609249.25
889675513672465.25
889622745995846.75
889569984578280.12
889517229418651.88
889464480515848.25
889411737868756.88
889359001476264.38
889306271337258.62
889253547450627.25
889200829815258.12
889148118430039.62
889095413293860.5
889042714405609.38
888990021764175.38
888937335368448
888884655217316.38
888831981309671
888779313644401.38
888726652220398.5
888673997036552.25
888621348091754.38
888568705384895.62
888516068914867.5
888463438680561.75
888410814680870.25
888358196914685.5
888305585380899.38
888252980078405.5
888200381006095.88
888147788162864.75
888095201547605
888042621159211
887990046996576.38
887937479058595.5
887884917344163
887832361852173.88
887779812581523.12
887727269531105.88
887674732699818.38
887622202086555.88
887569677690215.12
887517159509691.88
887464647543883.5
887412141791686.5
887359642251998.12
887307148923716
887254661805737.5
887202180896961.12
887149706196284.75
887097237702607.25
887044775414826.75
886992319331843
886939869452554.62
886887425775861.88
886834988300663.88
886782557025861
886730131950353.75
886677713073042.5
886625300392828.12
886572893908611.88
886520493619295
886468099523779
886415711620966
886363329909757.88
886310954389057.5
886258585057766.75
886206221914789.5
886153864959028.38
886101514189386.88
886049169604768.75
885996831204078
885944498986218.88
885892172950095.75
885839853094613.5
885787539418676.62
885735231921191.25
885682930601062.12
885630635457195.62
885578346488497.38
885526063693873.75
885473787072231.38
885421516622476.88
885369252343517.62
885316994234260.5
885264742293613.62
885212496520484.38
885160256913781.25
885108023472412.25
885055796195286.25
885003575081312
884951360129398.5
884899151338455.38
884846948707392
884794752235118.5
884742561920545
884690377762582.12
884638199760139.88
884586027912130
884533862217462.88
884481702675050.75
884429549283804.62
884377402042636.88
884325260950459.62
884273126006185.25
884220997208726.62
884168874556996.5
884116758049908.38
884064647686375.62
884012543465312.12
883960445385631.5
883908353446248.38
883856267646077
883804187984032.62
883752114459029.75
883700047069983.88
883647985815810.62
883595930695425.62
883543881707745.12
883491838851685.25
883439802126162.75
883387771530093.88
883335747062396.62
883283728721987.62
883231716507784.88
883179710418705.88
883127710453668.88
883075716611592.25
883023728891394.5
882971747291994.38
882919771812311.38
882867802451264.75
882815839207773.75
882763882080758.75
882711931069139.38
882659986171836.62
882608047387770.5
882556114715862.38
882504188155033.12
882452267704204
882400353362297.12
882348445128234.12
882296543000937.12
882244646979328.62
882192757062331.5
882140873248868
882088995537862.12
882037123928236.62
881985258418915.75
881933399008823
881881545696882.75
881829698482019.5
881777857363157.75
881726022339222.62
881674193409139.12
881622370571833
881570553826229.62
881518743171255.12
881466938605835.62
881415140128897.88
881363347739368.25
881311561436173.88
881259781218241.88
881208007084499.75
881156239033875.38
881104477065296.5
881052721177691.38
881000971369988.5
880949227641116.88
880897489990005
880845758415582.62
880794032916778.75
880742313492523.62
880690600141746.75
880638892863378.5
880587191656349.38
880535496519590.25
880483807452032.12
880432124452606.12
880380447520243.75
880328776653876.62
880277111852437.12
880225453114857
880173800440069.25
880122153827006.12
880070513274601
880018878781787
879967250347497.5
879915627970666.5
879864011650227.75
879812401385115.88
879760797174264.75
879709199016609.75
879657606911085.25
879606020856627.25
879554440852170.75
879502866896651.5
879451298989005.75
879399737128169.5
879348181313079.38
879296631542672
879245087815884.75
879193550131654
879142018488918.38
879090492886614.75
879038973323681.75
878987459799056.88
878935952311679.5
878884450860487.62
878832955444420.62
878781466062417.5
878729982713418
878678505396361.5
878627034110188.25
878575568853838.75
878524109626252.75
878472656426371.75
878421209253136
878369768105487.38
878318332982366.88
878266903882716.5
878215480805477.88
878164063749593.62
878112652714006
878061247697657.75
878009848699492
877958455718451.5
877907068753480.25
877855687803521.5
877804312867519.5
877752943944418.12
877701581033162.12
877650224132696.12
877598873241964.88
877547528359913.75
877496189485488.25
877444856617633.88
877393529755296.5
877342208897422.5
877290894042957.88
877239585190849.88
877188282340045
877136985489490.62
877085694638134
877034409784922.88
876983130928805
876931858068728.62
876880591203642.12
876829330332494
876778075454233.5
876726826567809.25
876675583672171.12
876624346766268.25
876573115849050.88
876521890919468.88
876470671976472.62
876419459019012.75
876368252046040
876317051056505.75
876265856049361
876214667023557.75
876163483978047.25
876112306911782
876061135823714
876009970712796.25
875958811577981.12
875907658418221.75
875856511232471.38
875805370019683.88
875754234778812.75
875703105508812
875651982208636.12
875600864877239.12
875549753513576.5
875498648116602.5
875447548685273
875396455218542.88
875345367715368.5
875294286174705.38
875243210595510
875192140976738.62
875141077317348
875090019616295.12
875038967872537.25
874987922085031.88
874936882252736.12
874885848374608.75
874834820449607.25
874783798476690.62
874732782454817
874681772382945.5
874630768260035.12
874579770085045.5
874528777856936
874477791574666.5
874426811237197.5
874375836843488.75
874324868392501.38
874273905883195.88
874222949314533.5
874171998685475.5
874121053994983.38
874070115242019
874019182425544.25
873968255544521.75
873917334597913.88
873866419584683.5
873815510503793.25
873764607354206.88
873713710134887.38
873662818844799
873611933482905.25
873561054048170.62
873510180539559.62
873459312956036.88
873408451296567.25
873357595560116
873306745745648.5
873255901852130.62
873205063878528.12
873154231823806.88
873103405686933.62
873052585466874.88
873001771162597.75
872950962773069
872900160297256.12
872849363734126.75
872798573082648.62
872747788341789.88
872697009510518.75
872646236587804
872595469572614
872544708463918.25
872493953260685.75
872443203961886.25
872392460566489.25
872341723073464.75
872290991481783.12
872240265790414.88
872189545998330.38
872138832104500.88
872088124107897.75
872037422007492
871986725802255.62
871936035491160.12
871885351073178.12
871834672547281.62
871783999912443.62
871733333167636.75
871682672311833.88
871632017344008.75
871581368263134.75
871530725068186
871480087758135.88
871429456331959.5
871378830788630.62
871328211127124.62
871277597346416.12
871226989445480.5
871176387423293.38
871125791278830.38
871075201011067.38
871024616618980.62
870974038101546.62
870923465457741.88
870872898686543.62
870822337786928.62
870771782757874.5
870721233598358.62
870670690307359.38
870620152883854.5
870569621326822.25
870519095635241.38
870468575808090.5
870418061844349
870367553742995.75
870317051503010.62
870266555123373.12
870216064603063.5
870165579941061.62
870115101136348.5
870064628187904.25
870014161094710.38
869963699855747.5
869913244469997.38
869862794936441.5
869812351254061.88
869761913421840.75
869711481438760
869661055303802.88
869610635015951.62
869560220574189.75
869509811977500.25
869459409224866.88
869409012315273.12
869358621247703.25
869308236021141.5
869257856634572.38
869207483086980.38
869157115377350.62
869106753504668.38
869056397467918.62
869006047266087.75
868955702898160.75
868905364363124.62
868855031659965.25
868804704787669.38
868754383745223.75
868704068531615.38
868653759145831.75
868603455586860.38
868553157853689
868502865945305.12
868452579860698
868402299598855.12
868352025158766
868301756539419.12
868251493739803.62
868201236758909
868150985595725
868100740249241.5
868050500718448.5
868000267002336.25
867950039099895.5
867899817010117.25
867849600731992
867799390264511.62
867749185606667.12
867698986757450.88
867648793715854.12
867598606480869.62
867548425051489.38
867498249426706.5
867448079605513.62
867397915586904.12
867347757369871.25
867297604953408.38
867247458336509.88
867197317518169.25
867147182497381.38
867097053273140.12
867046929844440.88
866996812210278.38
866946700369647.88
866896594321544.88
866846494064965.12
866796399598904.62
866746310922359.12
866696228034325.5
866646150933800
866596079619779.88
866546014091262
866495954347243.75
866445900386722.75
866395852208696.62
866345809812163.5
866295773196121.62
866245742359569.5
866195717301505.5
866145698020929.38
866095684516839.38
866045676788235.75
865995674834117.38
865945678653484.88
865895688245337.75
865845703608676.5
865795724742501.75
865745751645814.25
865695784317615.12
865645822756905.62
865595866962687.25
865545916933961.38
865495972669730.5
865446034168996.25
865396101430761.5
865346174454028.62
865296253237800.62
865246337781080.38
865196428082871.38
865146524142177.25
865096625958001.75
865046733529349
864996846855222.88
864946965934628.25
864897090766569.38
864847221350051.88
864797357684080.12
864747499767660.12
864697647599797.25
864647801179497.5
864597960505766.75
864548125577611.38
864498296394038.25
864448472954053.5
864398655256664.75
864348843300878.5
864299037085703.25
864249236610145.62
864199441873214.38
864149652873917.25
864099869611262.62
864050092084259
864000320291915.5
863950554233241
863900793907244.62
863851039312936.38
863801290449325.5
863751547315422.25
863701809910236.62
863652078232779.38
863602352282060.88
863552632057092
863502917556884
863453208780448
863403505726795.88
863353808394939.25
863304116783890.25
863254430892660.75
863204750720263.88
863155076265711.62
863105407528017.5
863055744506194.38
863006087199255.38
862956435606214.75
862906789726085.88
862857149557883
862807515100620.38
862757886353312.62
862708263314974.12
862658645984620.25
862609034361265.88
862559428443926.88
862509828231618.25
862460233723356.62
862410644918157.62
862361061815037.62
862311484413013.25
862261912711101.38
862212346708318.75
862162786403682.88
862113231796211.25
862063682884921
862014139668830.88
861964602146958.38
861915070318322.38
861865544181941
861816023736833.25
861766508982018.12
861716999916514.88
861667496539343.12
861617998849522.38
861568506846073
861519020528014.62
861469539894368.12
861420064944153.5
861370595676392.38
861321132090105.25
861271674184313.62
861222221958039
861172775410302.88
861123334540127.62
861073899346535.25
861024469828548.25
860975045985188.88
860925627815480.75
860876215318446.12
860826808493108.88
860777407338492.25
860728011853620.25
860678622037516.62
860629237889205.88
860579859407712.12
860530486592060.12
860481119441274.88
860431757954381.38
860382402130405.12
860333051968371.25
860283707467305.88
860234368626234.88
860185035444184.75
860135707920181.62
860086386053252.25
860037069842423.5
859987759286722.62
859938454385176.75
859889155136813.62
859839861540661
859790573595746.62
859741291301099.25
859692014655746.75
859642743658718.38
859593478309042.62
859544218605748.62
859494964547865.88
859445716134423.88
859396473364452.38
859347236236981.5
859298004751041.5
859248778905662.5
859199558699875.75
859150344132711.62
859101135203201.62
859051931910376.62
859002734253268.88
858953542230909.38
858904355842330.75
858855175086565
858805999962644.62
858756830469602.12
858707666606470.75
858658508372283.38
858609355766073.12
858560208786874.12
858511067433719.5
858461931705643.88
858412801601681.12
858363677120865.62
858314558262232.38
858265445024815.88
858216337407651.5
858167235409774.5
858118139030220.62
858069048268025.12
858019963122224.38
857970883591854.38
857921809675952.12
857872741373553.5
857823678683695.88
857774621605416.12
857725570137751.75
857676524279740
857627484030418.88
857578449388826.25
857529420354000.25
857480396924979.62
857431379100802.5
857382366880508.12
857333360263135.38
857284359247723.75
857235363833312.38
857186374018941.38
857137389803650.38
857088411186479.75
857039438166470
856990470742661.5
856941508914095.38
856892552679812.12
856843602038853.62
856794656990260.88
856745717533076
856696783666340.5
856647855389096.88
856598932700387.38
856550015599254.5
856501104084741.25
856452198155890.38
856403297811745.38
856354403051349.25
856305513873746.38
856256630277979.75
856207752263094.38
856158879828134.12
856110012972143.62
856061151694167.62
856012295993251.12
855963445868439.25
855914601318777.5
855865762343311.62
855816928941087
855768101111150.38
855719278852547.5
855670462164325.25
855621651045530
855572845495209.12
855524045512409.38
855475251096178.38
855426462245563.62
855377678959612.75
855328901237374.25
855280129077895.88
855231362480226.5
855182601443414.5
855133845966509
855085096048558.75
855036351688613.75
854987612885722.88
854938879638936.12
854890151947303.38
854841429809875.12
854792713225701.62
854744002193833.38
854695296713321.62
854646596783216.75
854597902402570.75
854549213570434.62
854500530285860.38
854451852547899.62
854403180355604.88
854354513708028.25
854305852604222.5
854257197043240.12
854208547024134.5
854159902545958.75
854111263607765.88
854062630208610.25
854014002347544.88
853965380023624.88
853916763235903.62
853868151983436.38
853819546265277.38
853770946080481.62
853722351428104.38
853673762307201.12
853625178716827.38
853576600656038.5
853528028123891.25
853479461119441.38
853430899641745.75
853382343689860.38
853333793262842.88
853285248359749.88
853236708979638.75
853188175121567.12
853139646784592.62
853091123967773.25
853042606670167.25
852994094890833.12
852945588628829
852897087883214.25
852848592653047.25
852800102937388
852751618735295.38
852703140045829.12
852654666868049.38
852606199201016.12
852557737043789.5
852509280395430.25
852460829254999.12
852412383621556.75
852363943494164.75
852315508871883.88
852267079753776.5
852218656138903.5
852170238026327.88
852121825415111.25
852073418304316.12
852025016693005.25
851976620580241.5
851928229965088.12
851879844846607.88
851831465223864.75
851783091095922
851734722461844.38
851686359320695.12
851638001671539.25
851589649513441
851541302845465.12
851492961666676.75
851444625976141.12
851396295772923.5
851347971056089.5
851299651824705.25
851251338077836.38
851203029814549.62
851154727033911
851106429734987.62
851058137916846.12
851009851578553.62
850961570719177.62
850913295337785.25
850865025433444.75
850816761005223.88
850768502052191
850720248573414
850672000567962
850623758034903.38
850575520973307.5
850527289382243.38
850479063260780.5
850430842607988.5
850382627422937.38
850334417704697.12
850286213452337.88
850238014664930.5
850189821341545.12
850141633481253.25
850093451083125.5
850045274146233.62
849997102669648.88
849948936652443.38
849900776093688.75
849852620992457.25
849804471347821.25
849756327158853.38
849708188424626.5
849660055144213.62
849611927316688
849563804941122.75
849515688016592
849467576542169.25
849419470516929
849371369939945
849323274810292
849275185127044.75
849227100889278
849179022096066.88
849130948746486.75
849082880839613.5
849034818374522.25
848986761350289.38
848938709765990.75
848890663620703.25
848842622913502.88
848794587643466.75
848746557809671.75
848698533411195
848650514447114.12
848602500916506.62
848554492818450.5
848506490152023.5
848458492916304.25
848410501110370.75
848362514733302.12
848314533784176.62
848266558262074.25
848218588166073.62
848170623495254.38
848122664248696.38
848074710425479.25
848026762024683.5
847978819045389.12
847930881486677
847882949347627.38
847835022627321.62
847787101324840.75
847739185439266.38
847691274969679.75
847643369915162.88
847595470274797.62
847547576047666.25
847499687232851.12
847451803829435
847403925836500.5
847356053253130.62
847308186078409.12
847260324311418.75
847212467951243.75
847164616996967.5
847116771447674.38
847068931302448.62
847021096560374.5
846973267220536.88
846925443282020.62
846877624743911.12
846829811605293.12
846782003865252.62
846734201522874.88
846686404577246.5
846638613027452.75
846590826872580.88
846543046111716.62
846495270743947.25
846447500768359.62
846399736184040.75
846351976990078.12
846304223185559.38
846256474769572.38
846208731741204.62
846160994099545
846113261843681.12
846065534972702.38
846017813485697.12
845970097381754.62
845922386659963.75
845874681319414.25
845826981359195.75
845779286778397.88
845731597576111
845683913751424.75
845636235303430.38
845588562231217.88
845540894533878.75
845493232210503.5
845445575260183.75
845397923682010.75
845350277475076.25
845302636638472.25
845255001171290.75
845207371072624.12
845159746341564.62
845112126977205.5
845064512978639
845016904344958.88
844969301075257.88
844921703168630
844874110624168.62
844826523440967.88
844778941618121.75
844731365154724.75
844683794049871.38
844636228302656.38
844588667912174.88
844541112877521.5
844493563197792.25
844446018872082.12
844398479899487.5
844350946279103.75
844303418010027.38
844255895091354.75
844208377522182.38
844160865301607
844113358428725.75
844065856902636
844018360722434.5
843970869887219.62
843923384396088.25
843875904248139.5
843828429442470.75
843780959978180.75
843733495854368.12
843686037070131.5
843638583624570
843591135516783
843543692745869.75
843496255310929.62
843448823211063.12
843401396445369.62
843353975012949.88
843306558912903.75
843259148144332.62
843211742706336.75
843164342598017.38
843116947818475.62
843069558366813
843022174242131.38
842974795443532.38
842927421970118.12
842880053820990.75
842832690995253.12
842785333492007.25
842737981310356.62
842690634449403.88
842643292908252.38
842595956686005.75
842548625781767.5
842501300194641.62
842453979923732
842406664968143.25
842359355326979.38
842312050999345.5
842264751984346.12
842217458281086.62
842170169888672
842122886806208
842075609032800.12
842028336567554.38
841981069409576.62
841933807557973.5
841886551011851.25
841839299770316.38
841792053832476.25
841744813197437.25
841697577864307.62
841650347832193.88
841603123100204.5
841555903667446.88
841508689533029.25
841461480696059.88
841414277155647.25
841367078910900
841319885960927
841272698304837.75
841225515941740.75
841178338870746.38
841131167090963.5
841084000601502.62
841036839401473.5
840989683489986.5
840942532866152.12
840895387529080.88
840848247477883.88
840801112711672.12
840753983229557.12
840706859030649.88
840659740114062.5
840612626478906.38
840565518124294.25
840518415049338
840471317253149.88
840424224734843
840377137493530.12
840330055528324.12
840282978838338.62
840235907422686.88
840188841280482.25
840141780410839.25
840094724812871.38
840047674485693.25
840000629428419.12
839953589640163.88
839906555120042.25
839859525867169.12
839812501880660.12
839765483159630.38
839718469703195.62
839671461510471.75
839624458580575
839577460912621
839530468505727
839483481359009
839436499471584.38
839389522842569.75
839342551471082.38
839295585356239.88
839248624497159.88
839201668892959.88
839154718542758.38
839107773445673.5
839060833600823.25
839013899007326.75
838966969664302.38
838920045570869.62
838873126726147.25
838826213129255
838779304779312.12
838732401675438.62
838685503816754.62
838638611202380.12
838591723831435.75
838544841703041.62
838497964816319
838451093170388.5
838404226764371.75
838357365597389.38
838310509668563.88
838263658977016.38
838216813521869
838169973302244
838123138317263.62
838076308566050.5
838029484047727.12
837982664761416.88
837935850706242.38
837889041881327.38
837842238285795.12
837795439918769.75
837748646779374.88
837701858866734.5
837655076179973.25
837608298718215.38
837561526480585.62
837514759466209
837467997674210.5
837421241103715.5
837374489753849.5
837327743623738
837281002712507.25
837234267019282.88
837187536543191.38
837140811283359.12
837094091238913
837047376408979.38
837000666792685.88
836953962389159.5
836907263197527.38
836860569216917.75
836813880446457.88
836767196885276.12
836720518532500.5
836673845387259.75
836627177448681.88
836580514715896.25
836533857188031.62
836487204864217.12
836440557743582.5
836393915825256.62
836347279108370.12
836300647592052.12
836254021275433.5
836207400157643.88
836160784237814.62
836114173515075.88
836067567988558.75
836020967657394.5
835974372520714.12
835927782577649.5
835881197827332.12
835834618268894
835788043901466.88
835741474724183.62
835694910736176.25
835648351936577.88
835601798324520.88
835555249899138.62
835508706659564.25
835462168604931.25
835415635734373.25
835369108047024.12
835322585542017.75
835276068218488.5
835229556075570.88
835183049112399.12
835136547328108.5
835090050721833.62
835043559292709.88
834997073039872.62
834950591962457.25
834904116059599.62
834857645330435.88
834811179774102
834764719389734.25
834718264176469.38
834671814133443.75
834625369259794.75
834578929554658.88
834532495017174.12
834486065646477.5
834439641441706.75
834393222402000
834346808526495
834300399814330.25
834253996264644.12
834207597876575.38
834161204649262.38
834114816581844.75
834068433673461
834022055923251.5
833975683330355.12
833929315893911.75
833882953613061.62
833836596486944.75
833790244514701.38
833743897695472.25
833697556028398.25
833651219512619.75
833604888147278.5
833558561931515.38
833512240864472.38
833465924945290.75
833419614173112.5
833373308547079.75
833327008066334.75
833280712730020.12
833234422537278.12
833188137487252.12
833141857579084.62
833095582811919.5
833049313184899.38
833003048697168.62
832956789347870.38
832910535136149.12
832864286061148.75
832818042122013.75
832771803317888.62
832725569647918.12
832679341111247.25
832633117707021
832586899434385
832540686292484.25
832494478280464.88
832448275397472.5
832402077642653.5
832355885015153.62
832309697514119.88
832263515138698.62
832217337888036.75
832171165761281.25
832124998757579.38
832078836876078.75
832032680115926.38
831986528476270.62
831940381956258.75
831894240555039.88
831848104271761.75
831801973105572.88
831755847055622.25
831709726121058.5
831663610301031
831617499594688.88
831571394001181.75
831525293519658.75
831479198149270.62
831433107889166.62
831387022738497.62
831340942696413.5
831294867762065.25
831248797934603.5
831202733213179.12
831156673596943.5
831110619085047.88
831064569676643.88
831018525370883.25
830972486166917.88
830926452063899.75
830880423060981.5
830834399157315.12
830788380352053.88
830742366644350.25
830696358033357.25
830650354518228.25
830604356098116.88
830558362772176.38
830512374539560.75
830466391399424.12
830420413350920.25
830374440393204
830328472525429.38
830282509746751.62
830236552056325.5
830190599453306
830144651936848.62
830098709506108.62
830052772160241.88
830006839898404.12
829960912719751.62
829914990623440.12
829869073608626.75
829823161674467.25
829777254820119.25
829731353044739.25
829685456347484.75
829639564727512.75
829593678183980.88
829547796716047.12
829501920322869
829456049003604.88
829410182757413
829364321583451.88
829318465480880
829272614448856.5
829226768486540
829180927593090.25
829135091767666.12
829089261009427.5
829043435317534.12
828997614691145.88
828951799129422.88
828905988631525.62
828860183196614.75
828814382823850.38
828768587512394.12
828722797261406.38
828677012070049
828631231937483.12
828585456862870.12
828539686845372.38
828493921884151.62
828448161978370
828402407127189.88
828356657329774
828310912585284.75
828265172892885.5
828219438251738.88
828173708661008.5
828127984119857.62
828082264627450.38
828036550182950.25
827990840785521.25
827945136434327.62
827899437128533.88
827853742867304.5
827808053649804.25
827762369475198.25
827716690342651.38
827671016251329.25
827625347200397.12
827579683189021
827534024216366.38
827488370281599.62
827442721383886.75
827397077522394.38
827351438696288.88
827305804904737.25
827260176146906.62
827214552421963.75
827168933729076.38
827123320067411.75
827077711436137.88
827032107834422.25
826986509261433.25
826940915716339
826895327198308.12
826849743706509.12
826804165240110.88
826758591798282.38
826713023380192.62
826667459985011.38
826621901611907.75
826576348260051.88
826530799928613.12
826485256616762.25
826439718323669.12
826394185048504.38
826348656790438.5
826303133548642.38
826257615322287.12
826212102110543.88
826166593912584.12
826121090727578.88
826075592554700.75
826030099393120.88
825984611242012
825939128100546.12
825893649967895.5
825848176843233.12
825802708725731.75
825757245614564.25
825711787508904
825666334407924.38
825620886310798.62
825575443216701
825530005124805
825484572034285.12
825439143944315.38
825393720854070.25
825348302762724.5
825302889669452.88
825257481573430.38
825212078473832.38
825166680369834.38
825121287260611.38
825075899145339.62
825030516023194.75
824985137893353.25
824939764754990.88
824894396607284.62
824849033449410.62
824803675280546.12
824758322099868
824712973906553.5
824667630699779.88
824622292478724.75
824576959242566
824531630990481.25
824486307721648.88
824440989435246.75
824395676130454
824350367806448.75
824305064462409.88
824259766097516.5
824214472710947.75
824169184301883.12
824123900869501.88
824078622412984.12
824033348931509.12
823988080424257.75
823942816890409.75
823897558329145.88
823852304739646.5
823807056121092.5
823761812472664.88
823716573793544.75
823671340082913.62
823626111339952.62
823580887563844.12
823535668753769.25
823490454908910.75
823445246028450.38
823400042111570.88
823354843157454.5
823309649165284.38
823264460134243.38
823219276063514.38
823174096952280.88
823128922799726.62
823083753605034.88
823038589367389.75
822993430085975.38
822948275759975.62
822903126388575.25
822857981970958.38
822812842506310.25
822767707993815.5
822722578432659.25
822677453822027
822632334161104
822587219449075.88
822542109685128.62
822497004868448.38
822451904998220.75
822406810073632.75
822361720093870.25
822316635058120.75
822271554965570.5
822226479815406.88
822181409606817.12
822136344338988.5
822091284011108.88
822046228622365.75
822001178171947.38
821956132659041.38
821911092082836.88
821866056442521.62
821821025737284.88
821775999966315
821730979128801.38
821685963223933.12
821640952250899.5
821595946208890.12
821550945097094.75
821505948914703.5
821460957660906
821415971334893.12
821370989935854.75
821326013462982
821281041915465.25
821236075292495.88
821191113593264.75
821146156816963.25
821101204962783
821056258029915.62
821011316017553.12
820966378924887.25
820921446751110.62
820876519495415.25
820831597156994
820786679735039.38
820741767228744.5
820696859637302.38
820651956959906.38
820607059195749.88
820562166344026.5
820517278403930.25
820472395374654.88
820427517255394.75
820382644045343.88
820337775743697.25
820292912349649
820248053862394.62
820203200281128.62
820158351605046.75
820113507833343.88
820068668965215.88
820023834999858.38
819979005936467.38
819934181774239.12
819889362512369.25
819844548150055.12
819799738686492.75
819754934120879.38
819710134452411.38
819665339680286.5
819620549803701.75
819575764821854.75
819530984733943.12
819486209539164.62
819441439236717.5
819396673825800
819351913305610.38
819307157675347
819262406934209
819217661081394.88
819172920116104.12
819128184037535.75
819083452844889.12
819038726537364
818994005114160.12
818949288574477.5
818904576917516.12
818859870142476.62
818815168248559
818770471234964.38
818725779100893
818681091845546.5
818636409468125.62
818591731967832.25
818547059343867.38
818502391595432.88
818457728721730.62
818413070721962.62
818368417595331.38
818323769341038.75
818279125958287.88
818234487446281
818189853804221.62
818145225031312.25
818100601126756.62
818055982089758
818011367919519.88
817966758615246.12
817922154176140.75
817877554601407.75
817832959890251.75
817788370041877.12
817743785055488.12
817699204930290.25
817654629665487.88
817610059260286.75
817565493713891.75
817520933025508.62
817476377194343
817431826219600.88
817387280100488.12
817342738836211.12
817298202425976.25
817253670868989.88
817209144164459
817164622311590.12
817120105309591
817075593157668.25
817031085855029.38
816986583400882.38
816942085794434.75
816897593034894.5
816853105121469.75
816808622053368.88
816764143829799.88
816719670449972.12
816675201913093.75
816630738218374.12
816586279365022.25
816541825352247.75
816497376179259.62
816452931845267.88
816408492349482.38
816364057691112.88
816319627869369.75
816275202883463.38
816230782732604.12
816186367416002.75
816141956932870.38
816097551282417.62
816053150463856.25
816008754476397.12
815964363319251.88
815919976991632.5
815875595492750.75
815831218821818.62
815786846978048.5
815742479960652.88
815698117768843.88
815653760401835
815609407858838.38
815565060139067.88
815520717241736.25
815476379166057
815432045911243.75
815387717476510.5
815343393861071.12
815299075064139.62
815254761084930.5
815210451922657.88
815166147576536.88
815121848045781.75
815077553329608
815033263427230.12
814988978337864.38
814944698060725.5
814900422595029.5
814856151939992.12
814811886094829.25
814767625058757.25
814723368830992.38
814679117410751.38
814634870797250.25
814590628989706.62
814546391987337
814502159789359.12
814457932394989.88
814413709803446.88
814369492013948
814325279025711
814281070837953.88
814236867449894.88
814192668860752.5
814148475069745.12
814104286076091.88
814060101879011
814015922477722.12
813971747871444.25
813927578059396.75
813883413040799.12
813839252814871.38
813795097380833.12
813750946737904.62
813706800885306.38
813662659822258.12
813618523547981.12
813574392061695.62
813530265362623.12
813486143449984
813442026323000.25
813397913980892.62
813353806422883.25
813309703648193.62
813265605656045.88
813221512445661.88
813177424016264
813133340367075
813089261497316.75
813045187406212.88
813001118092985.62
812957053556858.62
812912993797055
812868938812798.12
812824888603311.62
812780843167819.5
812736802505545.38
812692766615713.62
812648735497548.62
812604709150274.38
812560687573116.12
812516670765298.25
812472658726046
812428651454584.25
812384648950138.38
812340651211934
812296658239196.62
812252670031152.12
812208686587026.25
812164707906045.62
812120733987436
812076764830424.38
812032800434236.88
811988840798100.88
811944885921242.88
811900935802890.5
811856990442270.5
811813049838610.62
811769113991138.75
811725182899082.38
811681256561669.62
811637334978128.62
811593418147687.75
811549506069575.25
811505598743020.25
811461696167251
811417798341497
811373905264986.88
811330016936950.5
811286133356617
811242254523216.12
811198380435977.75
811154511094131.75
811110646496908.62
811066786643538
811022931533251.12
810979081165277.88
810935235538849.88
810891394653197.62
810847558507552.38
810803727101145.5
810759900433208.38
810716078502972.75
810672261309670.5
810628448852533.5
810584641130793.62
810540838143683.75
810497039890436
810453246370283.25
810409457582458
810365673526193.5
810321894200722.75
810278119605279.12
810234349739096.12
810190584601407.12
810146824191446.38
810103068508447.5
810059317551645
810015571320272.62
809971829813565.5
809928093030757.62
809884360971084.25
809840633633780.12
809796911018080.38
809753193123220.38
809709479948435.62
809665771492961.62
809622067756034.38
809578368736889.62
809534674434763.5
809490984848892.5
809447299978512.62
809403619822861
809359944381174.12
809316273652689
809272607636642.75
809228946332272.62
809185289738816.12
809141637855510.75
809097990681594.5
809054348216304.75
809010710458880.38
808967077408558.75
808923449064579.25
808879825426179.75
808836206492599.38
808792592263076.88
808748982736851.38
808705377913162.12
808661777791248.62
808618182370350.12
808574591649706.62
808531005628558.25
808487424306144.5
808443847681706.25
808400275754483.25
808356708523716.5
808313145988646.62
808269588148514.38
808226035002560.88
808182486550027.38
808138942790155.25
808095403722186
808051869345361.5
808008339658923.12
807964814662113.5
807921294354174.38
807877778734348.5
807834267801878.12
807790761556005.75
807747259995974.62
807703763121027.62
807660270930407.88
807616783423358.62
807573300599123.62
807529822456946.12
807486348996070.5
807442880215740.12
807399416115199.62
807355956693693
807312501950465.12
807269051884760.12
807225606495823.25
807182165782899.12
807138729745233
807095298382070.25
807051871692656.25
807008449676236.5
806965032332056.88
806921619659363.5
806878211657402
806834808325419.25
806791409662661.25
806748015668374.62
806704626341806.12
806661241682202.75
806617861688811.5
806574486360879.62
806531115697654.75
806487749698384
806444388362315.5
806401031688696.62
806357679676776.12
806314332325801.62
806270989635021.62
806227651603684.62
806184318231039.5
806140989516335.12
806097665458820.25
806054346057744.25
806011031312356.25
805967721221906
805924415785643
805881115002817.12
805837818872678.12
805794527394476.62
805751240567462.62
805707958390886.5
805664680863999.12
805621407986051
805578139756293.5
805534876173977.12
805491617238353.62
805448362948674.12
805405113304190.5
805361868304154.25
805318627947817.62
805275392234432.38
805232161163250.75
805188934733525.25
805145712944508.38
805102495795452.88
805059283285611.62
805016075414237.62
804972872180584
804929673583904.38
804886479623451.88
804843290298480.62
804800105608244.12
804756925551996.5
804713750128991.75
804670579338484.38
804627413179728.62
804584251651979.5
804541094754491.62
804497942486519.75
804454794847319.38
804411651836145.25
804368513452253.5
804325379694899
804282250563338.12
804239126056826.25
804196006174619.88
804152890915975.12
804109780280148.25
804066674266396
804023572873974.75
803980476102141.88
803937383950153.88
803894296417268.38
803851213502742.25
803808135205833.62
803765061525799.62
803721992461898.38
803678928013387.88
803635868179526
803592812959571.38
803549762352782.25
803506716358417.38
803463674975735.12
803420638203995.12
803377606042455.88
803334578490377.12
803291555547018
803248537211638
803205523483497.12
803162514361855
803119509845971.75
803076509935107.62
803033514628523.12
802990523925478.5
802947537825234.75
802904556327052.25
802861579430192.62
802818607133916.5
802775639437485.38
802732676340160.75
802689717841204.12
802646763939877.5
802603814635442.75
802560869927162.12
802517929814297.38
802474994296111.62
802432063371866.75
802389137040826.12
802346215302252.12
802303298155408.25
802260385599557.38
802217477633963
802174574257888.62
802131675470598
802088781271354.88
802045891659423.25
802003006634067.5
801960126194551.5
801917250340140.25
801874379070097.62
801831512383689.38
801788650280179.75
801745792758834.12
801702939818917.62
801660091459695.75
801617247680434.12
801574408480398.25
801531573858854.38
801488743815067.88
801445918348305.88
801403097457833.88
801360281142919.12
801317469402827.75
801274662236826.75
801231859644183.12
801189061624164
801146268176036.75
801103479299068.62
801060694992527.5
801017915255680.75
800975140087796.88
800932369488143.25
800889603455988.88
800846841990601.38
800804085091250
800761332757203
800718584987729.12
800675841782097.88
800633103139578
800590369059439.12
800547639540950.62
800504914583382.12
800462194186003.12
800419478348084.25
800376767068894.88
800334060347705.75
800291358183787.12
800248660576409.62
800205967524843.88
800163279028360.88
800120595086231.62
800077915697727.25
800035240862119.38
799992570578679
799949904846678.38
799907243665388.62
799864587034082.62
799821934952031.75
799779287418508.5
799736644432785.5
799694005994135.12
799651372101830.12
799608742755143.62
799566117953348.5
799523497695717.75
799480881981525.25
799438270810044.12
799395664180548.38
799353062092311.5
799310464544607.75
799267871536711.12
799225283067896
799182699137436.75
799140119744607.88
799097544888684.38
799054974568941.12
799012408784653.25
798969847535095.62
798927290819544.12
798884738637273.88
798842190987560.88
798799647869680.62
798757109282909.25
798714575226523.12
798672045699798.38
798629520702011.5
798587000232439
798544484290358
798501972875044.75
798459465985777.12
798416963621831.62
798374465782486.12
798331972467018
798289483674704.88
798246999404824.75
798204519656655.5
798162044429475.38
798119573722562.62
798077107535195.75
798034645866653.12
797992188716213.88
797949736083156.62
797907287966760.75
797864844366305.12
797822405281069.5
797779970710333.25
797737540653375.88
797695115109477.5
797652694077917.88
797610277557977.25
797567865548936
797525458050074.62
797483055060673.38
797440656580013.62
797398262607375.5
797355873142040.88
797313488183290.38
797271107730405.5
797228731782667.88
797186360339359.12
797143993399761.25
797101630963156
797059273028825.62
797016919596052.25
796974570664118.62
796932226232307
796889886299900.38
796847550866181.5
796805219930433.38
796762893491939.25
796720571549982.75
796678254103847
796635941152815.88
796593632696173.12
796551328733202.62
796509029263188.75
796466734285415.25
796424443799167.12
796382157803728.62
796339876298384.62
796297599282419.88
796255326755119.5
796213058715768.5
796170795163652.5
796128536098056.62
796086281518266.88
796044031423568.75
796001785813248.12
795959544686591.5
795917308042884.75
795875075881414.5
795832848201467.12
795790625002329.25
795748406283288
795706192043630.12
795663982282642.62
795621776999613.38
795579576193829.38
795537379864578.25
795495188011148
795453000632826.12
795410817728901.12
795368639298661
795326465341394
795284295856388.62
795242130842933.75
795199970300318.12
795157814227830.62
795115662624760.5
795073515490396.75
795031372824029.12
794989234624946.75
794947100892439.88
794904971625797.75
794862846824311
794820726487269.5
794778610613963.5
794736499203683.5
794694392255720.25
794652289769364.38
794610191743906.88
794568098178639
794526009072851.25
794483924425836
794441844236883.88
794399768505287.25
794357697230337.5
794315630411326.75
794273568047547
794231510138290.62
794189456682850.12
794147407680517.75
794105363130586.62
794063323032349.25
794021287385099
793979256188128.75
793937229440732
793895207142202.12
793853189291832.75
793811175888917.62
793769166932750.62
793727162422625.88
793685162357837.62
793643166737680.25
793601175561448
793559188828436
793517206537938.62
793475228689251.25
793433255281668.5
793391286314486
793349321786998.88
793307361698503
793265406048293.88
793223454835667.5
793181508059919.75
793139565720346.75
793097627816245
793055694346910.5
793013765311640.5
792971840709731
792929920540479.62
792888004803183.12
792846093497138.5
792804186621643.38
792762284175995
792720386159491.25
792678492571429.75
792636603411108.5
792594718677825.38
792552838370879.12
792510962489567.5
792469091033189.62
792427224001043.75
792385361392428.88
792343503206643.88
792301649442987.88
792259800100760.38
792217955179260.38
792176114677788
792134278595642.38
792092446932123.88
792050619686532
792008796858167.5
791966978446330
791925164450320.62
791883354869439.62
791841549702987.62
791799748950265.75
791757952610575
791716160683216.62
791674373167491.75
791632590062702.12
791590811368149.12
791549037083134.75
791507267206960.75
791465501738929.38
791423740678342.75
791381984024503.25
791340231776713.38
791298483934275.88
791256740496493.5
791215001462669.12
791173266832106.12
791131536604107.38
791089810777976.62
791048089353017
791006372328532.88
790964659703827.5
790922951478205
790881247650969.5
790839548221425.5
790797853188877.12
790756162552629.12
790714476311986.38
790672794466253.12
790631117014735.25
790589443956737.25
790547775291564.75
790506111018523
790464451136917.88
790422795646055
790381144545240.12
790339497833779.38
790297855510978.88
790256217576145.25
790214584028584.62
790172954867603.88
790131330092509.5
790089709702608.88
790048093697208.5
790006482075616
789964874837138.5
789923271981083.5
789881673506758.88
789840079413472.12
789798489700531.5
789756904367244.88
789715323412920.62
789673746836866.75
789632174638392.25
789590606816805.5
789549043371415.38
789507484301530.88
789465929606461.12
789424379285515.25
789382833338002.75
789341291763233.25
789299754560516.25
789258221729161.75
789216693268479.38
789175169177779.62
789133649456372.5
789092134103568.88
789050623118678.62
789009116501013.12
788967614249882.75
788926116364598.62
788884622844472
788843133688814
788801648896936.12
788760168468149.75
788718692401767
788677220697099.25
788635753353459
788594290370158
788552831746508.88
788511377481823.88
788469927575415.5
788428482026596.5
788387040834679.88
788345603998978.62
788304171518806
788262743393475.12
788221319622299.38
788179900204592.62
788138485139668.25
788097074426840.62
788055668065423.38
788014266054730.75
787972868394077.12
787931475082777
787890086120144.88
787848701505495.5
787807321238144
787765945317405
787724573742594.12
787683206513026.12
787641843628017.12
787600485086882.25
787559130888937.5
787517781033498.75
787476435519882
787435094347403.38
787393757515379.25
787352425023126.25
787311096869960.5
787269773055199.38
787228453578159.38
787187138438157.88
787145827634511.62
787104521166538.38
787063219033555.38
787021921234880.38
786980627769831
786939338637725.12
786898053837880.88
786856773369616.62
786815497232250.5
786774225425100.88
786732957947486.75
786691694798726.5
786650435978139.25
786609181485044
786567931318759.88
786526685478606.12
786485443963902.5
786444206773968.62
786402973908124
786361745365688.75
786320521145982.62
786279301248326.25
786238085672039.5
786196874416443.38
786155667480857.88
786114464864604.38
786073266567003.38
786032072587376
785990882925043.5
785949697579327.25
785908516549548.75
785867339835029.25
785826167435091
785784999349055.38
785743835576245.12
785702676115981.75
785661520967588
785620370130386.25
785579223603698.88
785538081386849
785496943479159.25
785455809879952.62
785414680588552.38
785373555604282.12
785332434926464.88
785291318554424.5
785250206487484.62
785209098724969.25
785167995266202.25
785126896110507.88
785085801257210.5
785044710705634.5
785003624455104.25
784962542504944.88
784921464854481.25
784880391503038
784839322449940.62
784798257694514.12
784757197236084.38
784716141073976.62
784675089207516.62
784634041636030.25
784592998358843.62
784551959375282.75
784510924684674.12
784469894286344
784428868179618.88
784387846363825.75
784346828838291
784305815602342.25
784264806655305.88
784223801996509.88
784182801625281.25
784141805540947.62
784100813742836.75
784059826230276.5
784018843002594.75
783977864059119.62
783936889399179.5
783895919022102.38
783854952927217.38
783813991113852.75
783773033581337.62
783732080329000.75
783691131356171.12
783650186662178.25
783609246246351.5
783568310108020.12
783527378246513.88
783486450661162.88
783445527351296.5
783404608316245.38
783363693555339.38
783322783067909.12
783281876853284.75
783240974910797.25
783200077239777.12
783159183839555.5
783118294709463.25
783077409848831.88
783036529256992.5
782995652933276.5
782954780877015.75
782913913087541.75
782873049564186.62
782832190306282.25
782791335313160.88
782750484584154.75
782709638118596.38
782668795915818.38
782627957975153.5
782587124295934.5
782546294877494.5
782505469719166.62
782464648820284
782423832180180.38
782383019798188.88
782342211673643.75
782301407805878.5
782260608194227.12
782219812838023.88
782179021736602.88
782138234889298.62
782097452295445.62
782056673954378.62
782015899865432.12
781975130027941.62
781934364441241.75
781893603104668
781852846017555.62
781812093179240.12
781771344589057.25
781730600246342.75
781689860150432.5
781649124300662.5
781608392696369.25
781567665336888.62
781526942221557.75
781486223349712.5
781445508720690.25
781404798333827.38
781364092188461.5
781323390283929.25
781282692619568
781241999194715.62
781201310008709.38
781160625060887
781119944350586.38
781079267877145.62
781038595639902.5
780997927638195.88
780957263871363.62
780916604338744.62
780875949039677.38
780835297973500.88
780794651139553.88
780754008537175.62
780713370165705.38
780672736024482.5
780632106112846.5
780591480430136.75
780550858975693.5
780510241748856.25
780469628748965.5
780429019975361.12
780388415427383.62
780347815104373.38
780307219005671
780266627130617.38
780226039478553.12
780185456048819.75
780144876840757.62
780104301853708.88
780063731087014.38
780023164540016.12
779982602212055.38
779942044102474.38
779901490210614.88
779860940535819.12
779820395077429.25
779779853834787.62
779739316807237
779698783994119.88
779658255394779.12
779617731008557.5
779577210834798.5
779536694872844.88
779496183122040.25
779455675581728
779415172251251.62
779374673129955.25
779334178217182.38
779293687512277.38
779253201014584.25
779212718723447.25
779172240638210.88
779131766758219.75
779091297082818.5
779050831611352
779010370343165.25
778969913277603.38
778929460414011.62
778889011751735.5
778848567290120.38
778808127028512
778767690966256.12
778727259102698.62
778686831437185.75
778646407969063.5
778605988697678.5
778565573622376.88
778525162742505.62
778484756057411.25
778444353566440.62
778403955268940.88
778363561164259.25
778323171251742.62
778282785530739
778242404000595.62
778202026660660.12
778161653510280.62
778121284548804.75
778080919775580.88
778040559189957.12
778000202791281.88
777959850578903.62
777919502552171
777879158710433
777838819053038.25
777798483579336.12
777758152288675.38
777717825180405.88
777677502253876.38
777637183508437.25
777596868943437.5
777556558558227.5
777516252352157.12
777475950324576.38
777435652474835.62
777395358802285.25
777355069306275.88
777314783986157.88
777274502841282.38
777234225871000
777193953074662.38
777153684451620
777113420001224.88
777073159722828.12
777032903615781.38
776992651679436.38
776952403913145
776912160316259.5
776871920888131.5
776831685628113.88
776791454535558.62
776751227609818.62
776711004850246.12
776670786256194.5
776630571827016.25
776590361562064.62
776550155460692.88
776509953522254.38
776469755746102.38
776429562131590.88
776389372678073.5
776349187384903.88
776309006251436.38
776268829277024.88
776228656461024.12
776188487802788
776148323301671.38
776108162957028.62
776068006768215
776027854734585.38
775987706855494.62
775947563130298.25
775907423558351.25
775867288139009.5
775827156871628.25
775787029755563.62
775746906790171.12
775706787974807.25
775666673308827.88
775626562791589.38
775586456422448
775546354200760.62
775506256125883.75
775466162197174
775426072413988.75
775385986775684.62
775345905281619.38
775305827931150
775265754723634.12
775225685658429.38
775185620734893.38
775145559952384.12
775105503310259.75
775065450807878.12
775025402444597.62
774985358219777
774945318132774.25
774905282182948.62
774865250369658.38
774825222692263
774785199150121.25
774745179742592.38
774705164469035.75
774665153328810.75
774625146321277.25
774585143445794.88
774545144701723.5
774505150088422.88
774465159605253.62
774425173251575.5
774385191026749.38
774345212930135.5
774305238961094.75
774265269118987.5
774225303403175.12
774185341813018.62
774145384347879.12
774105431007118
774065481790096.5
774025536696176.5
773985595724719.38
773945658875087.5
773905726146642.25
773865797538746.38
773825873050761.62
773785952682050.62
773746036431975.75
773706124299899.88
773666216285185.5
773626312387195.75
773586412605293.62
773546516938842
773506625387204.75
773466737949744.62
773426854625825.88
773386975414811.75
773347100316066.25
773307229328953.25
773267362452836.75
773227499687081.25
773187641031050.75
773147786484110.25
773107936045623.75
773068089714956.5
773028247491473
772988409374538.5
772948575363518.12
772908745457777
772868919656680.62
772829097959594.38
772789280365884.12
772749466874915.62
772709657486054.88
772669852198667.5
772630051012120.38
772590253925779.12
772550460939010.75
772510672051181.38
772470887261658
772431106569807.38
772391329974996.38
772351557476592.38
772311789073962.25
772272024766473.62
772232264553493.88
772192508434390.75
772152756408531.62
772113008475284.88
772073264634018
772033524884099.62
771993789224897.75
771954057655780.75
771914330176117.38
771874606785276
771834887482625.62
771795172267535.12
771755461139373.62
771715754097509.75
771676051141313.75
771636352270154.25
771596657483401.38
771556966780424.5
771517280160593.62
771477597623278.5
771437919167849.38
771398244793676.5
771358574500130
771318908286580.62
771279246152398.75
771239588096955.38
771199934119621.12
771160284219767.12
771120638396764.25
771080996649984.25
771041358978798
771001725382577.12
770962095860693.5
770922470412518.75
770882849037424.75
770843231734783.62
770803618503967.5
770764009344348.38
770724404255299.12
770684803236191.88
770645206286399.62
770605613405295
770566024592251
770526439846640.62
770486859167837.25
770447282555213.88
770407710008144.12
770368141526001.75
770328577108160
770289016753993.12
770249460462874.75
770209908234179.38
770170360067280.88
770130815961553.75
770091275916372.38
770051739931111.5
770012208005145.62
769972680137849.88
769933156328599
769893636576768.25
769854120881733
769814609242868.25
769775101659549.88
769735598131153.25
769696098657054.38
769656603236628.88
769617111869252.88
769577624554302.5
769538141291154.12
769498662079184
769459186917768.75
769419715806285.12
769380248744109.5
769340785730619.25
769301326765191.12
769261871847202.5
769222420976030.5
769182974151052.5
769143531371646.25
769104092637189.25
769064657947059.5
769025227300634.75
768985800697293.12
768946378136412.75
768906959617372.12
768867545139549.25
768828134702323.25
768788728305072.5
768749325947176
768709927628012.5
768670533346961.12
768631143103401.25
768591756896712
768552374726273.12
768512996591463.62
768473622491663.88
768434252426253.25
768394886394612.12
768355524396120.12
768316166430158
768276812496105.62
768237462593343.75
768198116721252.88
768158774879213.75
768119437066607.25
768080103282814.25
768040773527216.25
768001447799193.88
767962126098129
767922808423402.75
767883494774397.12
767844185150493.62
767804879551074.12
767765577975520.5
767726280423215.12
767686986893540.12
767647697385878
767608411899611.25
767569130434122.12
767529852988793.88
767490579563009
767451310156150.88
767412044767602.25
767372783396746.75
767333526042967.5
767294272705648.12
767255023384172.25
767215778077923.5
767176536786286.12
767137299508643.75
767098066244380.88
767058836992881.25
767019611753529.88
766980390525710.75
766941173308809
766901960102209.12
766862750905296.12
766823545717454.88
766784344538070.62
766745147366528.62
766705954202214.12
766666765044513.12
766627579892810.75
766588398746493.25
766549221604946
766510048467555.62
766470879333707.75
766431714202788.88
766392553074185.5
766353395947283.88
766314242821471
766275093696133.5
766235948570658.38
766196807444432.38
766157670316843
766118537187277.25
766079408055122.88
766040282919767.12
766001161780597.62
765962044637002.25
765922931488369
765883822334085.88
765844717173540.88
765805616006122.62
765766518831219.12
765727425648219.25
765688336456511.38
765649251255484.5
765610170044527.25
765571092823029.12
765532019590378.88
765492950345966
765453885089179.75
765414823819409.75
765375766536045.62
765336713238477.25
765297663926094.5
765258618598287.12
765219577254445.75
765180539893960.25
765141506516221.38
765102477120619.38
765063451706545
765024430273389
764985412820542.25
764946399347396
764907389853341
764868384337769
764829382800070.88
764790385239638.75
764751391655863.62
764712402048137.75
764673416415852.88
764634434758401
764595457075174.12
764556483365564.62
764517513628965
764478547864767.75
764439586072365.5
764400628251150.75
764361674400516.88
764322724519856.25
764283778608562.62
764244836666028.75
764205898691648.38
764166964684814.88
764128034644921.88
764089108571363.12
764050186463532.5
764011268320824
763972354142631.75
763933443928350
763894537677373
763855635389095.5
763816737062911.62
763777842698216.88
763738952294405.38
763700065850872.62
763661183367013.38
763622304842223
763583430275897
763544559667430.62
763505693016219.62
763466830321659.38
763427971583146.38
763389116800075.88
763350265971844.62
763311419097848.5
763272576177483.75
763233737210147
763194902195234.75
763156071132143.75
763117244020270.75
763078420859013
763039601647767.12
763000786385930.75
762961975072900.75
762923167708075.12
762884364290850.75
762845564820626
762806769296798.25
762767977718765.5
762729190085926
762690406397677.62
762651626653419.12
762612850852548.38
762574078994464.25
762535311078565.25
762496547104250.5
762457787070918.5
762419030977968.5
762380278824799.62
762341530610811.12
762302786335402.38
762264045997973
762225309597922.62
762186577134651
762147848607558
762109124016043.5
762070403359507.75
762031686637351
761992973848973.88
761954264993776.38
761915560071159.5
761876859080523.88
761838162021270.38
761799468892800
761760779694513.75
761722094425813
761683413086098.88
761644735674773.25
761606062191237.25
761567392634893
761528727005141.88
761490065301386.38
761451407523028.25
761412753669469.75
761374103740113.12
761335457734360.88
761296815651615.88
761258177491280.25
761219543252757.25
761180912935449.38
761142286538760.25
761103664062092.5
761065045504849.88
761026430866435.5
760987820146252.75
760949213343705.62
760910610458197.88
760872011489133.25
760833416435915.75
760794825297949.75
760756238074639.12
760717654765388.75
760679075369602.5
760640499886685.62
760601928316042.38
760563360657078
760524796909197.25
760486237071805.25
760447681144307.38
760409129126108.75
760370581016615.12
760332036815231.75
760293496521364.5
760254960134419.25
760216427653802
760177899078918.5
760139374409175.5
760100853643978.75
760062336782735
760023823824850.62
759985314769732.38
759946809616787.12
759908308365421.5
759869811015043
759831317565058.25
759792828014875.12
759754342363900.38
759715860611542
759677382757207.38
759638908800304.38
759600438740240.62
759561972576424.5
759523510308263.88
759485051935167.12
759446597456542.5
759408146871798.38
759369700180343.62
759331257381586.5
759292818474936.38
759254383459801.75
759215952335592
759177525101716.12
759139101757583.62
759100682302603.75
759062266736186.12
759023855057740.5
758985447266676.38
758947043362404.12
758908643344333.12
758870247211874.12
758831854964437.12
758793466601432.62
758755082122271
758716701526362.88
758678324813119.12
758639951981950.5
758601583032268.12
758563217963482.75
758524856775006
758486499466248.88
758448146036623.25
758409796485540.25
758371450812412
758333109016649.88
758294771097666.12
758256437054872.62
758218106887681.75
758179780595505.38
758141458177756.38
758103139633847.25
758064824963190.25
758026514165198.62
757988207239284.75
757949904184862.12
757911605001343.5
757873309688142.25
757835018244671.75
757796730670345.38
757758446964577
757720167126780
757681891156368.5
757643619052756.12
757605350815357.38
757567086443585.88
757528825936856.62
757490569294583.25
757452316516181
757414067601064.12
757375822548647.5
757337581358346.12
757299344029574.88
757261110561749.12
757222880954283.75
757184655206594.5
757146433318096.25
757108215288205.5
757070001116337.25
757031790801907.75
756993584344332.75
756955381743028.38
756917182997410.88
756878988106896.5
756840797070901.75
756802609888843
756764426560137.12
756726247084200.75
756688071460451
756649899688304.62
756611731767179
756573567696491.25
756535407475658.62
756497251104098.88
756459098581229.38
756420949906468
756382805079232.62
756344664098941.12
756306526965011.5
756268393676862.12
756230264233911.12
756192138635577.12
756154016881278.5
756115898970434
756077784902462.38
756039674676782.5
756001568292813.5
755963465749974.5
755925367047684.62
755887272185363.25
755849181162430
755811093978304.25
755773010632406
755734931124154.75
755696855452970.75
755658783618274
755620715619484.62
755582651456023
755544591127309.38
755506534632764.38
755468481971808.75
755430433143863.38
755392388148348.5
755354346984686
755316309652296.25
755278276150601.12
755240246479021.5
755202220636979.12
755164198623895.38
755126180439192
755088166082291
755050155552614
755012148849583.38
754974145972621
754936146921149.5
754898151694590.88
754860160292368
754822172713903.25
754784188958619.5
754746209025939.62
754708232915286.38
754670260626083.25
754632292157753.12
754594327509719.62
754556366681405.88
754518409672235.75
754480456481632.62
754442507109020.5
754404561553823.12
754366619815464.75
754328681893369.25
754290747786961.12
754252817495664.62
754214891018904.25
754176968356104.62
754139049506690.38
754101134470086.62
754063223245717.88
754025315833009.5
753987412231386.5
753949512440274.5
753911616459098.62
753873724287284.5
753835835924257.75
753797951369444
753760070622269.38
753722193682159.75
753684320548541.38
753646451220840
753608585698482.5
753570723980895
753532866067504.38
753495011957737
753457161651019.88
753419315146779.75
753381472444443.75
753343633543438.88
753305798443192.62
753267967143132.38
753230139642685.25
753192315941279.38
753154496038341.88
753116679933301.25
753078867625584.75
753041059114621.12
753003254399838
752965453480663.88
752927656356527.25
752889863026856.5
752852073491080.38
752814287748627.62
752776505798927.12
752738727641407.5
752700953275498.5
752663182700628.62
752625415916227.88
752587652921725.25
752549893716550.38
752512138300133
752474386671902.88
752436638831289.88
752398894777724.12
752361154510635.75
752323418029454.62
752285685333611.5
752247956422536.62
752210231295660.88
752172509952414.75
752134792392229
752097078614534.62
752059368618762.62
752021662404344.12
751983959970710.62
751946261317293.25
751908566443523.5
751870875348833.25
751833188032653.75
751795504494417.5
751757824733555.75
751720148749501.25
751682476541685.62
751644808109541.38
751607143452500.88
751569482569996.62
751531825461461.38
751494172126327.88
751456522564029
751418876773997.5
751381234755666.62
751343596508469.5
751305962031839.75
751268331325210.25
751230704388015
751193081219687.5
751155461819661.62
751117846187371
751080234322249.88
751042626223732.38
751005021891252.5
750967421324244.88
750929824522143.38
750892231484383.38
750854642210399
750817056699625.25
750779474951496.88
750741896965449.12
750704322740916.88
750666752277335.5
750629185574140.5
750591622630766.88
750554063446650.88
750516508021227.5
750478956353933.12
750441408444203.38
750403864291474.38
750366323895182.25
750328787254763.25
750291254369653.75
750253725239290.12
750216199863109.12
750178678240547.5
750141160371042
750103646254029.38
750066135888947.12
750028629275231.88
749991126412321.5
749953627299652.75
749916131936663.5
749878640322791.25
749841152457473.75
749803668340148.88
749766187970254.62
749728711347229
749691238470509.88
749653769339536.12
749616303953745.5
749578842312577.12
749541384415469.25
749503930261860.62
749466479851190.25
749429033182897
749391590256419.88
749354151071198.25
749316715626671.25
749279283922278.25
749241855957459
749204431731652.75
749167011244299.75
749129594494839.25
749092181482711.88
749054772207357.25
749017366668215.75
748979964864727.5
748942566796333.12
748905172462473.12
748867781862587.75
748830394996118.38
748793011862505.38
748755632461190.12
748718256791613.25
748680884853216.5
748643516645440.62
748606152167727.25
748568791419518.12
748531434400254.5
748494081109378.38
748456731546331.62
748419385710556.25
748382043601494.12
748344705218587.75
748307370561279.12
748270039629011
748232712421225.5
748195388937365.62
748158069176873.88
748120753139193.38
748083440823767
748046132230037.62
748008827357448.88
747971526205443.62
747934228773465.62
747896935060958.12
747859645067365.12
747822358792129.88
747785076234696.75
747747797394509.5
747710522271012.25
747673250863649.12
747635983171864.5
747598719195102.88
747561458932808.5
747524202384426.38
747486949549400.75
747449700427177.12
747412455017200
747375213318914.75
747337975331766.5
747300741055200.38
747263510488661.88
747226283631596.62
747189060483450.25
747151841043668.25
747114625311697
747077413286981.88
747040204968969.38
747003000357105.5
746965799450836.62
746928602249609.12
746891408752869.5
746854218960064.38
746817032870640.38
746779850484044.75
746742671799724
746705496817125.62
746668325535696.38
746631157954883.88
746593994074135.25
746556833892898.25
746519677410620.38
746482524626749.38
746445375540733
746408230152019.5
746371088460056.62
746333950464292.62
746296816164175.88
746259685559154.62
746222558648677.62
746185435432193
746148315909150
746111200078997
746074087941183.5
746036979495158
745999874740369.88
745962773676268.5
745925676302303.12
745888582617923.12
745851492622578.38
745814406315718.5
745777323696792.88
745740244765252.12
745703169520545.75
745666097962124.25
745629030089437.75
745591965901936.5
745554905399071.12
745517848580292
745480795445050.12
745443745992795.88
745406700222980.62
745369658135055
745332619728470.5
745295585002678
745258553957129.25
745221526591275.25
745184502904567.75
745147482896458.5
745110466566399.12
745073453913841.75
745036444938238.12
744999439639040.62
744962438015701.12
744925440067672.38
744888445794406.25
744851455195355.88
744814468269973.38
744777485017711.88
744740505438024.25
744703529530363.25
744666557294182.12
744629588728934
744592623834072.12
744555662609050
744518705053321.25
744481751166339.25
744444800947557.88
744407854396430.88
744370911512412.5
744333972294956.5
744297036743517.25
744260104857548.75
744223176636505.62
744186252079842.38
744149331187013.5
744112413957473.75
744075500390677.75
744038590486080.88
744001684243137.75
743964781661303.88
743927882740034.25
743890987478784.12
743854095877009.25
743817207934165.12
743780323649707.25
743743443023091.62
743706566053774.25
743669692741210.62
743632823084857.62
743595957084170.75
743559094738606.88
743522236047621.88
743485381010673
743448529627216.25
743411681896708.88
743374837818607.5
743337997392369.12
743301160617450.75
743264327493309.88
743227498019403.62
743190672195189.12
743153850020124.5
743117031493666.62
743080216615273.88
743043405384403.88
743006597800514.5
742969793863063.88
742932993571510.12
742896196925311.5
742859403923926.38
742822614566813.38
742785828853430.75
742749046783237.62
742712268355692.5
742675493570254.5
742638722426382.5
742601954923535.62
742565191061173.25
742528430838754.5
742491674255738.88
742454921311586.12
742418172005755.75
742381426337707.38
742344684306901.25
742307945912797
742271211154855
742234480032535.12
742197752545298.12
742161028692604
742124308473913.38
742087591888686.88
742050878936385.38
742014169616469.5
741977463928400.38
741940761871639.12
741904063445646.5
741867368649884.12
741830677483813.25
741793989946895.38
741757306038592
741720625758364.88
741683949105675.88
741647276079986.88
741610606680759.75
741573940907456.75
741537278759540.25
741500620236472
741463965337715.12
741427314062731.5
741390666410984.5
741354022381936.38
741317381975050.12
741280745189788.62
741244112025615.12
741207482481992.75
741170856558384.62
741134234254254.38
741097615569065.12
741061000502281
741024389053365.12
740987781221782
740951177006994.88
740914576408468.25
740877979425666
740841386058052.5
740804796305092
740768210166248.88
740731627640987.88
740695048728773.5
740658473429070.75
740621901741344.12
740585333665059
740548769199680.12
740512208344673
740475651099502.75
740439097463634.62
740402547436534.25
740366001017667.38
740329458206499.62
740292919002496.88
740256383405125
740219851413849.88
740183323028138
740146798247455.12
740110277071268.12
740073759499043
740037245530246.62
740000735164345.62
739964228400806.62
739927725239096.62
739891225678682.62
739854729719031.62
739818237359610.75
739781748599887.5
739745263439328.88
739708781877403
739672303913577
739635829547318.88
739599358778096.25
739562891605377.12
739526428028629.5
739489968047321.62
739453511660921.5
739417058868897.62
739380609670718.75
739344164065852.75
739307722053769
739271283633935.75
739234848805822.12
739198417568897
739161989922629.5
739125565866488.88
739089145399944.12
739052728522465
739016315233520.75
738979905532581.25
738943499419115.88
738907096892594.75
738870697952487.5
738834302598264.38
738797910829395.38
738761522645350.62
738725138045600.75
738688757029616
738652379596866.88
738616005746824.12
738579635478958.62
738543268792740.88
738506905687642.25
738470546163133.38
738434190218685.75
738397837853770.38
738361489067859
738325143860422.88
738288802230933.5
738252464178862.75
738216129703682.38
738179798804864.12
738143471481880.12
738107147734202.5
738070827561303.25
738034510962655.12
737998197937730
737961888486000.88
737925582606940.12
737889280300020.38
737852981564714.75
737816686400495.88
737780394806837
737744106783211.12
737707822329091.88
737671541443952
737635264127265.38
737598990378505.38
737562720197145.88
737526453582660.38
737490190534522.75
737453931052207.25
737417675135187.5
737381422782938.12
737345173994933.25
737308928770647.38
737272687109554.5
737236449011129.88
737200214474847.62
737163983500183
737127756086610.62
737091532233605.62
737055311940643
737019095207198
736982882032746
736946672416762.38
736910466358722.88
736874263858102.5
736838064914377.62
736801869527023.75
736765677695516.88
736729489419332.88
736693304697948.38
736657123530839.12
736620945917481.62
736584771857352.38
736548601349927.88
736512434394684.75
736476270991099.88
736440111138649.88
736403954836811.88
736367802085063
736331652882880.25
736295507229741.12
736259365125122.62
736223226568502.62
736187091559358.38
736150960097167.88
736114832181408.5
736078707811558.38
736042586987095.75
736006469707498.12
735970355972244.25
735934245780812
735898139132680
735862036027326.62
735825936464230.62
735789840442870.62
735753747962725.25
735717659023273.75
735681573623994.88
735645491764368
735609413443871.88
735573338661986.38
735537267418190.38
735501199711963.88
735465135542786
735429074910137.12
735393017813496.5
735356964252344.38
735320914226160.62
735284867734425.5
735248824776619
735212785352221.75
735176749460714.12
735140717101576.38
735104688274289.5
735068662978334.12
735032641213191.12
734996622978341.38
734960608273265.88
734924597097445.88
734888589450362.62
734852585331497.5
734816584740331.88
734780587676347.38
734744594139025.5
734708604127848.38
734672617642297.38
734636634681855
734600655246002.75
734564679334223.25
734528706945998.62
734492738080811.12
734456772738143.12
734420810917477.62
734384852618297
734348897840084
734312946582321.62
734276998844492.75
734241054626080.62
734205113926568.12
734169176745439
734133243082176
734097312936263.12
734061386307183.75
734025463194421.62
733989543597460.62
733953627515784.38
733917714948877.12
733881805896222.62
733845900357305.5
733809998331609.62
733774099818619.88
733738204817820.25
733702313328695.62
733666425350730.62
733630540883410.12
733594659926218.88
733558782478641.88
733522908540164.5
733487038110271.38
733451171188448.5
733415307774180.75
733379447866954
733343591466253.5
733307738571565.12
733271889182374.75
733236043298168.12
733200200918431.38
733164362042650.5
733128526670311.88
733092694800901.5
733056866433906.12
733021041568811.88
732985220205105.88
732949402342274.38
732913587979804.38
732877777117182.75
732841969753896.5
732806165889432.62
732770365523278.62
732734568654921.5
732698775283848.88
732662985409548.25
732627199031506.88
732591416149213
732555636762154
732519860869818.12
732484088471693
732448319567267
732412554156028.38
732376792237465.38
732341033811066.25
732305278876319.62
732269527432714.25
732233779479738.62
732198035016881.62
732162294043632
732126556559479.12
732090822563911.88
732055092056419.5
732019365036491.25
731983641503616.5
731947921457284.88
731912204896986
731876491822209.62
731840782232445
731805076127182.88
731769373505912.75
731733674368124.88
731697978713309.25
731662286540956.5
731626597850556.88
731590912641600.75
731555230913579
731519552665981.88
731483877898300.75
731448206610026.12
731412538800649.25
731376874469660.88
731341213616552.5
731305556240815.25
731269902341940.88
731234251919420.38
731198604972745.5
731162961501408.12
731127321504899.88
731091684982712.62
731056051934338.5
731020422359269.62
730984796256998
730949173627016
730913554468815.88
730877938781890.5
730842326565731.88
730806717819833.12
730771112543687
730735510736786.25
730699912398623.88
730664317528693
730628726126486.88
730593138191498.38
730557553723221.5
730521972721149
730486395184775.25
730450821113593.25
730415250507097.25
730379683364780.75
730344119686137.88
730308559470662.75
730273002717849.5
730237449427192.25
730201899598185.38
730166353230323.62
730130810323101.25
730095270876013.12
730059734888553.75
730024202360218.25
729988673290501.38
729953147678898.25
729917625524904
729882106828013.75
729846591587723.12
729811079803527.38
729775571474922.25
729740066601403
729704565182465.75
729669067217606
729633572706320.12
729598081648103.75
729562594042453
729527109888864.25
729491629186833.88
729456151935858.25
729420678135434
729385207785057.5
729349740884225.62
729314277432435.12
729278817429182.88
729243360873966.12
729207907766281.62
729172458105626.88
729137011891499.12
729101569123395.62
729066129800814
729030693923251.75
728995261490206.75
728959832501176.62
728924406955659.38
728888984853152.75
728853566193155.25
728818150975164.62
728782739198679.5
728747330863198
728711925968218.88
728676524513240.38
728641126497761.38
728605731921280.38
728570340783296.62
728534953083309.12
728499568820816.38
728464187995318.12
728428810606313.25
728393436653301.38
728358066135781.62
728322699053253.88
728287335405217.62
728251975191172.38
728216618410618.38
728181265063055.38
728145915147983.62
728110568664902.75
728075225613313.38
728039885992715.62
728004549802610.25
727969217042497.12
727933887711877.62
727898561810252
727863239337121.12
727827920291985.88
727792604674347.5
727757292483706.75
727721983719565
727686678381423.75
727651376468783.88
727616077981147.25
727580782918015.25
727545491278889.75
727510203063272.5
727474918270665.25
727439636900570
727404358952488.88
727369084425923.88
727333813320377.5
727298545635352
727263281370349.62
727228020524873.38
727192763098425.38
727157509090508.88
727122258500626.38
727087011328280.88
727051767572975.38
727016527234213.12
726981290311497.12
726946056804330.88
726910826712218
726875600034661.5
726840376771165.38
726805156921233
726769940484368.62
726734727460075.75
726699517847858.75
726664311647221.12
726629108857667.62
726593909478702.25
726558713509829.5
726523520950553.75
726488331800379.62
726453146058811.88
726417963725355
726382784799514.25
726347609280794
726312437168699.88
726277268462736.75
726242103162410
726206941267224.75
726171782776686.5
726136627690300.88
726101476007573.5
726066327728010.12
726031182851116.12
725996041376398.12
725960903303361.62
725925768631513
725890637360358.25
725855509489403.62
725820385018155.75
725785263946121
725750146272805.88
725715031997717.12
725679921120361.5
725644813640245.88
725609709556877.38
725574608869762.62
725539511578409.25
725504417682324.12
725469327181015
725434240073989
725399156360753.62
725364076040816.62
725328999113685.75
725293925578868.75
725258855435873.62
725223788684208.38
725188725323380.88
725153665352899.75
725118608772272.88
725083555581009
725048505778616.12
725013459364603.38
724978416338479.12
724943376699752.12
724908340447931.5
724873307582525.88
724838278103044.62
724803252008996.5
724768229299891.12
724733209975237.5
724698194034545.5
724663181477324.38
724628172303083.62
724593166511333.25
724558164101582.88
724523165073342.5
724488169426122.12
724453177159431.88
724418188272781.62
724383202765682.12
724348220637643.5
724313241888176.38
724278266516791
724243294522998.5
724208325906309.38
724173360666234.38
724138398802284.62
724103440313971
724068485200805
724033533462297.5
723998585097960
723963640107303.75
723928698489840.5
723893760245081.5
723858825372539
723823893871724.25
723788965742149.38
723754040983326.5
723719119594767.5
723684201575984.5
723649286926490
723614375645796.38
723579467733415.75
723544563188861
723509662011644.5
723474764201279.38
723439869757278
723404978679153.62
723370090966419.12
723335206618587.62
723300325635172.5
723265448015686.75
723230573759644.12
723195702866557.75
723160835335941.62
723125971167308.75
723091110360173.75
723056252914049.88
723021398828451.38
722986548102892.25
722951700736886.62
722916856729948.62
722882016081592.75
722847178791333.38
722812344858684.75
722777514283162.12
722742687064279.5
722707863201552.38
722673042694495
722638225542622.75
722603411745450.62
722568601302493.62
722533794213267.38
722498990477286.75
722464190094067.75
722429393063125.5
722394599383976
722359809056134.5
722325022079117.38
722290238452440.12
722255458175619.12
722220681248170.12
722185907669609.5
722151137439453.5
722116370557218.62
722081607022421.38
722046846834578.12
722012089993205.75
721977336497820.62
721942586347940.25
721907839543080.88
721873096082760.12
721838355966494.62
721803619193802.12
721768885764199.62
721734155677204.5
721699428932334.38
721664705529106.88
721629985467039.62
721595268745650.25
721560555364457
721525845322977.38
721491138620729.88
721456435257232.38
721421735232003.38
721387038544561
721352345194423.62
721317655181110
721282968504138.62
721248285163028
721213605157297.38
721178928486465.38
721144255150051
721109585147573.38
721074918478551.62
721040255142505.12
721005595138953
720970938467415
720936285127410.38
720901635118458.88
720866988440080.38
720832345091794.5
720797705073121.38
720763068383580.62
720728435022692.75
720693804989977.62
720659178284955.88
720624554907147.62
720589934856073.25
720555318131253.5
720520704732209
720486094658460.38
720451487909528.62
720416884484934.62
720382284384199.25
720347687606843.88
720313094152389.38
720278504020357.25
720243917210268.75
720209333721645.75
720174753554009.38
720140176706881.38
720105603179783.62
720071032972237.88
720036466083766
720001902513890.25
719967342262132.5
719932785328015.12
719898231711060.38
719863681410790.62
719829134426728.5
719794590758396.38
719760050405317
719725513367013.12
719690979643007.62
719656449232823.38
719621922135983.62
719587398352011.38
719552877880429.62
719518360720762.12
719483846872531.88
719449336335262.62
719414829108477.88
719380325191701.25
719345824584456.5
719311327286267.62
719276833296658.5
719242342615153.12
719207855241275.75
719173371174550.38
719138890414501.75
719104412960653.62
719069938812531.12
719035467969658.38
719001000431560.5
718966536197762
718932075267787.62
718897617641162.62
718863163317411.88
718828712296060.5
718794264576633.75
718759820158657.12
718725379041655.5
718690941225155
718656506708680.88
718622075491759
718587647573915
718553222954674.62
718518801633564.12
718484383610109.38
718449968883836.5
718415557454271.75
718381149320941.5
718346744483372
718312342941090.12
718277944693621.88
718243549740494.5
718209158081234.5
718174769715368.62
718140384642424.12
718106002861927.75
718071624373406.75
718037249176388.5
718002877270400.25
717968508654969.12
717934143329623
717899781293889.12
717865422547295.62
717831067089369.62
717796714919639.62
717762366037633.12
717728020442878.5
717693678134903.62
717659339113236.75
717625003377406.38
717590670926940.62
717556341761368.25
717522015880217.62
717487693283017.62
717453373969296.5
717419057938583.88
717384745190408.25
717350435724298.62
717316129539784.25
717281826636394.25
717247527013658
717213230671104.88
717178937608264.38
717144647824665.88
717110361319839.38
717076078093314.25
717041798144620.75
717007521473288.5
716973248078847.62
716938977960828.12
716904711118760.38
716870447552174.62
716836187260601.12
716801930243570.5
716767676500613.12
716733426031260
716699178835041.38
716664934911488.62
716630694260132.12
716596456880503.38
716562222772133
716527991934552.62
716493764367293.12
716459540069886.12
716425319041863
716391101282755.38
716356886792094.88
716322675569413
716288467614242
716254262926113.25
716220061504559.25
716185863349111.62
716151668459302.75
716117476834665
716083288474730.62
716049103379032
716014921547101.75
715980742978472.62
715946567672676.88
715912395629247.75
715878226847717.75
715844061327620.38
715809899068488.25
715775740069854.62
715741584331252.75
715707431852216.12
715673282632277.88
715639136670971.75
715604993967831.25
715570854522389.88
715536718334181.88
715502585402740.62
715468455727600.5
715434329308295.12
715400206144359
715366086235326.12
715331969580730.88
715297856180107.62
715263746032990.88
715229639138915.12
715195535497415.25
715161435108025.88
715127337970281.75
715093244083718
715059153447869.5
715025066062271.5
714990981926458.88
714956901039967.25
714922823402331.88
714888749013088.12
714854677871771.75
714820609977918.25
714786545331063.5
714752483930743
714718425776493.12
714684370867849.38
714650319204348.12
714616270785525.5
714582225610917.75
714548183680061.12
714514144992492.25
714480109547747.5
714446077345363.5
714412048384877.12
714378022665824.88
714344000187743.88
714309980950170.75
714275964952643
714241952194697.5
714207942675871.62
714173936395702.62
714139933353727.75
714105933549484.75
714071936982511
714037943652344.38
714003953558522.38
713969966700583.12
713935983078064.25
713902002690504.12
713868025537440.5
713834051618412
713800080932956.5
713766113480612.62
713732149260918.75
713698188273413.25
713664230517635
713630275993122.75
713596324699415.38
713562376636051.25
713528431802570.12
713494490198510.38
713460551823411.75
713426616676813.12
713392684758253.75
713358756067273.5
713324830603411.5
713290908366207.62
713256989355201.38
713223073569932.62
713189161009941
713155251674766.88
713121345563950
713087442677030.5
713053543013548.62
713019646573044.88
712985753355059.38
712951863359132.75
712917976584805.5
712884093031618.25
712850212699111.75
712816335586826.88
712782461694304.62
712748591021085.75
712714723566711.62
712680859330723.12
712646998312661.88
712613140512068.88
712579285928485.75
712545434561454
712511586410515.12
712477741475210.88
712443899755083.25
712410061249674
712376225958524.75
712342393881178.12
712308565017175.75
712274739366060.25
712240916927373.62
712207097700658.38
712173281685456.88
712139468881312
712105659287766.12
712071852904362.12
712038049730642.88
712004249766151
711970453010429.88
711936659463022.25
711902869123471.62
711869081991320.88
711835298066113.75
711801517347393.5
711767739834703.62
711733965527587.88
711700194425589.75
711666426528253.12
711632661835121.88
711598900345740
711565142059651.25
711531386976400.25
711497635095530.75
711463886416587.5
711430140939114.5
711396398662656.5
711362659586757.75
711328923710963.25
711295191034817.38
711261461557865.25
711227735279651.62
711194012199721.5
711160292317620.12
711126575632892.38
711092862145083.75
711059151853739.5
711025444758404.88
710991740858625.75
710958040153947.38
710924342643915.5
710890648328076.12
710856957205975
710823269277157.88
710789584541171
710755902997560.25
710722224645872.25
710688549485652.75
710654877516448.5
710621208737805.75
710587543149271.25
710553880750391.5
710520221540713.12
710486565519783.25
710452912687148.25
710419263042355.62
710385616584952
710351973314484.88
710318333230501
710284696332548.38
710251062620173.88
710217432092925.12
710183804750349.75
710150180591995.38
710116559617409.75
710082941826140.62
710049327217736.25
710015715791743.88
709982107547712.5
709948502485189.62
709914900603724
709881301902863.5
709847706382156.88
709814114041152.5
709780524879399
709746938896445.12
709713356091839.5
709679776465131.12
709646200015868.88
709612626743601.88
709579056647879
709545489728249.75
709511925984263.12
709478365415468.75
709444808021415.88
709411253801654.12
709377702755733
709344154883202.38
709310610183612.12
709277068656511.88
709243530301451.88
709209995117981.75
709176463105652
709142934264012.75
709109408592614.38
709075886091007
709042366758741.25
709008850595367.88
708975337600437.25
708941827773500.25
708908321114107.62
708874817621810.5
708841317296159.38
708807820136705.75
708774326143000.38
708740835314595.12
708707347651040.75
708673863151888.88
708640381816690.88
708606903644998.5
708573428636363.38
708539956790337.12
708506488106471.75
708473022584318.88
708439560223431
708406101023359.62
708372644983657.38
708339192103876.38
708305742383568.88
708272295822287.38
708238852419584.25
708205412175012.25
708171975088124
708138541158472.38
708105110385610
708071682769090
708038258308465.25
708004837003289
707971418853114.25
707938003857494.38
707904592015982.75
707871183328132.75
707837777793498
707804375411631.88
707770976182088.38
707737580104421.12
707704187178184
707670797402930.75
707637410778215.75
707604027303592.75
707570646978616.38
707537269802840.38
707503895775819.62
707470524897108.25
707437157166260.88
707403792582832.12
707370431146376.75
707337072856449.5
707303717712605.12
707270365714398.75
707237016861385.12
707203671153119.88
707170328589157.75
707136989169054.12
707103652892364.5
707070319758644.25
707036989767449
707003662918334.25
706970339210855.88
706937018644569.25
706903701219030.88
706870386933796.12
706837075788421.5
706803767782462.75
706770462915476.38
706737161187018.5
706703862596645.62
706670567143914
706637274828380.25
706603985649601.25
706570699607133.38
706537416700533.62
706504136929358.75
706470860293165.88
706437586791511.75
706404316423953.88
706371049190049.25
706337785089355
706304524121428.88
706271266285828.12
706238011582110.38
706204760009833.12
706171511568554.25
706138266257831.38
706105024077222.5
706071785026285.5
706038549104578.5
706005316311659.62
705972086647087
705938860110419
705905636701214
705872416419030.38
705839199263426.75
705805985233961.88
705772774330194.12
705739566551682.5
705706361897985.88
705673160368663.25
705639961963273.5
705606766681376.12
705573574522529.88
705540385486294.12
705507199572228.5
705474016779892.25
705440837108844.88
705407660558646.25
705374487128856
705341316819033.62
705308149628739.38
705274985557532.88
705241824604974.38
705208666770624
705175512054041.88
705142360454788.25
705109211972423.5
705076066606508.12
705042924356602.75
705009785222267.88
704976649203064
704943516298552.38
704910386508293.5
704877259831848.5
704844136268778.12
704811015818643.75
704777898481006.5
704744784255427.75
704711673141468.75
704678565138690.88
704645460246655.75
704612358464924.88
704579259793060.12
704546164230623
704513071777175.62
704479982432279.75
704446896195497.5
704413813066391
704380733044522.25
704347656129453.62
704314582320747.5
704281511617966.25
704248444020672.5
704215379528428.62
704182318140797.38
704149259857341.75
704116204677624.12
704083152601208
704050103627655.88
704017057756531
703984014987396.62
703950975319816
703917938753352.12
703884905287568.88
703851874922029.62
703818847656297.75
703785823489937.12
703752802422511.25
703719784453584.25
703686769582719.88
703653757809482
703620749133434.75
703587743554142.38
703554741071169.12
703521741684079.25
703488745392437.12
703455752195807.12
703422762093754.12
703389775085842.38
703356791171636.88
703323810350702.12
703290832622603.5
703257857986905.62
703224886443173.5
703191917990972.5
703158952629867.62
703125990359424.25
703093031179207.62
703060075088783.5
703027122087717
702994172175574.25
702961225351920.5
702928281616321.75
702895340968343.88
702862403407552.75
702829468933514.38
702796537545794.88
702763609243960.38
702730684027577.25
702697761896212
702664842849430.62
702631926886800.12
702599014007886.75
702566104212257.38
702533197499478.62
702500293869117.38
702467393320740.5
702434495853915.12
702401601468208.12
702368710163186.88
702335821938418.62
702302936793470.5
702270054727910.12
702237175741304.75
702204299833222.12
702171427003229.75
702138557250895.62
702105690575787.25
702072826977472.75
702039966455519.88
702007109009496.88
701974254638971.88
701941403343512.88
701908555122688.5
701875709976066.75
701842867903216.5
701810028903705.75
701777192977103.62
701744360122978.62
701711530340899.5
701678703630435.25
701645879991154.62
701613059422626.75
701580241924420.62
701547427496105.75
701514616137250.88
701481807847425.75
701449002626199.62
701416200473142.25
701383401387822.88
701350605369811.38
701317812418677.38
701285022533990.75
701252235715321.5
701219451962239.38
701186671274314.75
701153893651117.5
701121119092218.12
701088347597186.62
701055579165593.75
701022813797009.62
700990051491005
700957292247150.5
700924536065016.62
700891782944174.5
700859032884194.75
700826285884648.5
700793541945106.62
700760801065140.38
700728063244320.75
700695328482219.25
700662596778407
700629868132455.75
700597142543936.62
700564420012421.38
700531700537481.88
700498984118689.62
700466270755616.5
700433560447834.62
700400853194915.75
700368148996431.88
700335447851955.5
700302749761058.38
700270054723313.38
700237362738292.5
700204673805568.38
700171987924713.5
700139305095300.5
700106625316902.12
700073948589091.12
700041274911440.5
700008604283522.88
699975936704911.62
699943272175179.75
699910610693900.5
699877952260646.88
699845296874992.62
699812644536510.88
699779995244775.12
699747348999359.25
699714705799836.5
699682065645781.12
699649428536766.5
699616794472366.88
699584163452155.88
699551535475708
699518910542597
699486288652397.38
699453669804683.25
699421053999029
699388441235009.25
699355831512198.5
699323224830171.25
699290621188502.25
699258020586766.5
699225423024538.38
699192828501393.38
699160237016906
699127648570651.75
699095063162205.62
699062480791142.88
699029901457038.75
698997325159468.88
698964751898008.75
698932181672233.62
698899614481719.62
698867050326042
698834489204776.88
698801931117499.75
698769376063787.25
698736824043214.88
698704275055359
698671729099795.75
698639186176101.38
698606646283852.38
698574109422625
698541575591996
698509044791541.5
698476517020838.88
698443992279464.25
698411470566994.88
698378951883007.5
698346436227079.25
698313923598786.88
698281413997707.88
698248907423419.25
698216403875498.38
698183903353522.75
698151405857069.75
698118911385717
698086419939041.75
698053931516622.38
698021446118035.88
697988963742860.88
697956484390674.75
697924008061055.62
697891534753581.75
697859064467831.25
697826597203382.38
697794132959813.38
697761671736702.88
697729213533629
697696758350170.62
697664306185906.25
697631857040414.62
697599410913274.5
697566967804064.88
697534527712364.62
697502090637752.88
697469656579808.5
697437225538111
697404797512239.5
697372372501773.25
697339950506291.75
697307531525374.5
697275115558601.38
697242702605551.5
697210292665805.12
697177885738941.62
697145481824541.25
697113080922183.75
697080683031449.25
697048288151917.75
697015896283169.75
696983507424785.5
696951121576345
696918738737429
696886358907617.88
696853982086492.5
696821608273633.25
696789237468621
696756869671036.38
696724504880460.62
696692143096474.62
696659784318659.25
696627428546596
696595075779865.62
696562726018049.88
696530379260729.75
696498035507487.12
696465694757903.12
696433357011559.5
696401022268038.12
696368690526920.5
696336361787788.5
696304036050224.25
696271713313809.62
696239393578126.5
696207076842757.5
696174763107284.25
696142452371289.62
696110144634355.62
696077839896065
696045538156000.12
696013239413743.5
695980943668878.12
695948650920986.5
695916361169651.62
695884074414456.38
695851790654983.75
695819509890816.75
695787232121538.88
695754957346732.88
695722685565982.5
695690416778870.88
695658150984981.62
695625888183898.12
695593628375204.12
695561371558483.12
695529117733319.25
695496866899296.25
695464619055997.88
695432374203008.38
695400132339911.5
695367893466291.75
695335657581733.25
695303424685820.25
695271194778137.25
695238967858268.62
695206743925799
695174522980312.88
695142305021395.25
695110090048630.62
695077878061604
695045669059900
695013463043104.25
694981260010801.12
694949059962576.38
694916862898014.88
694884668816702.12
694852477718223.5
694820289602164.5
694788104468110.5
694755922315647.38
694723743144360.62
694691566953836
694659393743659.62
694627223513417.12
694595056262694.75
694562891991078.5
694530730698154.5
694498572383509
694466417046728.38
694434264687399
694402115305107.12
694369968899439.75
694337825469983
694305685016324
694273547538049.25
694241413034745.75
694209281506000.38
694177152951400.12
694145027370532
694112904762983.25
694080785128341.12
694048668466193
694016554776126.12
693984444057728
693952336310586.25
693920231534288.25
693888129728422
693856030892575
693823935026335.38
693791842129290.75
693759752201029.38
693727665241139.25
693695581249208.38
693663500224825.25
693631422167577.88
693599347077055
693567274952844.62
693535205794535.62
693503139601716.25
693471076373975.75
693439016110902.5
693406958812085.38
693374904477113.25
693342853105575.25
693310804697060.25
693278759251157.62
693246716767456.5
693214677245545.88
693182640685015.62
693150607085454.75
693118576446453.12
693086548767600.12
693054524048485.5
693022502288698.88
692990483487830.25
692958467645469.5
692926454761206.38
692894444834631.25
692862437865333.88
692830433852905
692798432796934.25
692766434697012.5
692734439552729.88
692702447363677
692670458129444.5
692638471849622.75
692606488523802.88
692574508151575.5
692542530732531.5
692510556266261.75
692478584752357.5
692446616190409.62
692414650580009.5
692382687920748.25
692350728212217.25
692318771454007.88
692286817645711.75
692254866786920.25
692222918877225.12
692190973916218.12
692159031903491
692127092838635.62
692095156721243.62
692063223550907.62
692031293327219
691999366049770.62
691967441718154.38
691935520331962.5
691903601890787.5
691871686394221.88
691839773841858.12
691807864233288.75
691775957568106.75
691744053845904.38
691712153066275
691680255228811.25
691648360333106.25
691616468378752.88
691584579365344.62
691552693292474.38
691520810159735.5
691488929966721.38
691457052713025.38
691425178398241.12
691393307021962.25
691361438583782.38
691329573083295.12
691297710520094.62
691265850893774.25
691233994203928.5
691202140450151.12
691170289632036.25
691138441749178.12
691106596801171
691074754787609.25
691042915708087.25
691011079562199.5
690979246349540.5
690947416069705
690915588722287.62
690883764306883.12
690851942823086.5
690820124270492.62
690788308648696.62
690756495957293.25
690724686195878
690692879364046
690661075461392.62
690629274487513
690597476442002.88
690565681324457.62
690533889134473
690502099871644.38
690470313535568
690438530125839.38
690406749642054.38
690374972083809.12
690343197450699.5
690311425742321.75
690279656958272.25
690247891098147
690216128161542.5
690184368148055.12
690152611057281.25
690120856888817.88
690089105642261.12
690057357317208
690025611913255.25
689993869429999.75
689962129867038.5
689930393223968.38
689898659500386.75
689866928695890.38
689835200810076.88
689803475842543.25
689771753792887.25
689740034660706
689708318445597.12
689676605147158.38
689644894764987.38
689613187298681.88
689581482747839.62
689549781112058.75
689518082390936.88
689486386584072.5
689454693691063.25
689423003711507.88
689391316645004.25
689359632491151
689327951249546.25
689296272919788.75
689264597501476.88
689232924994209.5
689201255397585.25
689169588711202.75
689137924934661.12
689106264067559
689074606109495.88
689042951060070.38
689011298918882
688979649685529.75
688948003359613.12
688916359940731.25
688884719428483.88
688853081822470.25
688821447122290.12
688789815327543.38
688758186437829.38
688726560452748.25
688694937371899.62
688663317194883.88
688631699921300.62
688600085550750.12
688568474082832.62
688536865517148.38
688505259853297.75
688473657090881.12
688442057229499.12
688410460268752
688378866208240.62
688347275047565.5
688315686786327.75
688284101424127.75
688252518960567
688220939395246
688189362727766.12
688157788957728.38
688126218084733.88
688094650108384.25
688063085028280.5
688031522844024.5
687999963555217.12
687968407161460.5
687936853662356
687905303057505.62
687873755346511
687842210528974
687810668604496.5
687779129572680.62
687747593433128.5
687716060185442.25
687684529829224.25
687653002364076.5
687621477789601.62
687589956105402
687558437311080.38
687526921406239
687495408390480.75
687463898263408.38
687432391024624.75
687400886673732.5
687369385210335
687337886634035
687306390944435.75
687274898141140.38
687243408223752.12
687211921191874.5
687180437045110.62
687148955783064.25
687117477405338.62
687086001911537.75
687054529301265
687023059574124.38
686991592729719.62
686960128767654.5
686928667687533.25
686897209488959.75
686865754171538.38
686834301734873
686802852178568.12
686771405502228.12
686739961705457.25
686708520787860.12
686677082749041.38
686645647588605.38
686614215306157.12
686582785901301.38
686551359373642.62
686519935722786.25
686488514948337
686457097049900.25
686425682027080.75
686394269879484
686362860606715.12
686331454208379.5
686300050684082.62
686268650033430
686237252256027.38
686205857351480
686174465319394
686143076159374.75
686111689871028.62
686080306453961.25
686048925907778.62
686017548232087
685986173426492.25
685954801490601
685923432424019.25
685892066226353.5
685860702897210.12
685829342436195.75
685797984842916.75
685766630116980
685735278257992.12
685703929265560
685672583139290.5
685641239878790.5
685609899483667.12
685578561953527.25
685547227287978.38
685515895486627.38
685484566549082
685453240474949
685421917263836.5
685390596915351.38
685359279429101.88
685327964804695.25
685296653041739.38
685265344139842
685234038098611
685202734917654.38
685171434596580.12
685140137134996.38
685108842532511.12
685077550788732.88
685046261903269.75
685014975875730.38
684983692705723
684952412392856.12
684921134936738.38
684889860336978.5
684858588593185.12
684827319704967.12
684796053671933.5
684764790493692.88
684733530169854.75
684702272700027.75
684671018083821.5
684639766320844.75
684608517410707.25
684577271353018.12
684546028147386.75
684514787793422.88
684483550290736.12
684452315638936
684421083837632.25
684389854886434.88
684358628784953.38
684327405532798.12
684296185129578.88
684264967574905.88
684233752868389.12
684202541009639.12
684171331998265.88
684140125833880
684108922516091.88
684077722044512
684046524418751
684015329638419.25
683984137703128
683952948612487.62
683921762366109.38
683890578963603.88
683859398404582.25
683828220688655.62
683797045815435.25
683765873784532.12
683734704595557.62
683703538248123.38
683672374741840.38
683641214076320.5
683610056251175.25
683578901266016.25
683547749120455.12
683516599814103.88
683485453346574.25
683454309717478.25
683423168926427.75
683392030973034.88
683360895856912
683329763577671.12
683298634134924.62
683267507528284.62
683236383757364
683205262821774.88
683174144721130.12
683143029455042.12
683111917023123.62
683080807424987.62
683049700660246.88
683018596728514.25
682987495629402.75
682956397362525.5
682925301927495.62
682894209323926.38
682863119551430.75
682832032609622.5
682800948498114.88
682769867216521.38
682738788764455.62
682707713141531.12
682676640347361.62
682645570381560.88
682614503243743
682583438933521.38
682552377450510.38
682521318794323.88
682490262964576.25
682459209960881.5
682428159782854
682397112430107.88
682366067902257.62
682335026198917.88
682303987319703
682272951264227.62
682241918032106.62
682210887622954.62
682179860036386.25
682148835272016.75
682117813329460.88
682086794208333.75
682055777908250.5
682024764428826.12
681993753769676
681962745930415.5
681931740910660
681900738710024.75
681869739328125.62
681838742764577.88
681807749018997.5
681776758090999.88
681745769980201.12
681714784686216.75
681683802208663.12
681652822547156
681621845701311.62
681590871670746
681559900455075.38
681528932053916.25
681497966466884.62
681467003693597.25
681436043733670.38
681405086586720.75
681374132252365
681343180730219.88
681312232019902
681281286121028.38
681250343033215.88
681219402756081.5
681188465289242.25
681157530632315.12
681126598784917.75
681095669746667
681064743517180.5
681033820096075.38
681002899482969.38
680971981677479.88
680941066679224.5
680910154487820.88
680879245102887
680848338524040.38
680817434750899.12
680786533783081.25
680755635620204.62
680724740261887.5
680693847707747.75
680662957957404
680632071010474.38
680601186866577.25
680570305525331
680539426986354.25
680508551249265.75
680477678313683.75
680446808179227.5
680415940845515.12
680385076312166.12
680354214578799
680323355645033.12
680292499510487.12
680261646174780.62
680230795637532.5
680199947898362.12
680169102956888.75
680138260812732
680107421465511.25
680076584914846
680045751160356
680014920201660.62
679984092038380.12
679953266670134
679922444096542.38
679891624317225
679860807331801.88
679829993139893.38
679799181741119.5
679768373135100.5
679737567321456.5
679706764299808.38
679675964069776.12
679645166630980.62
679614371983042
679583580125581.5
679552791058219.38
679522004780576.5
679491221292273.88
679460440592932.25
679429662682172.88
679398887559616.62
679368115224884.88
679337345677598.38
679306578917379
679275814943847.5
679245053756625.75
679214295355334.88
679183539739596.75
679152786909032.62
679122036863264.62
679091289601914.12
679060545124603.12
679029803430953.62
678999064520587.38
678968328393126.5
678937595048193
678906864485409.25
678876136704397.12
678845411704779.38
678814689486178
678783970048215.75
678753253390514.88
678722539512698
678691828414388
678661120095207.25
678630414554778.75
678599711792725.12
678569011808669.75
678538314602235.12
678507620173044.5
678476928520721.12
678446239644887.88
678415553545168.25
678384870221185.62
678354189672563.12
678323511898924.38
678292836899893.12
678262164675092.5
678231495224146.62
678200828546678.75
678170164642313.25
678139503510673.5
678108845151383.75
678078189564067.88
678047536748350
678016886703854.12
677986239430204.75
677955594927026
677924953193942
677894314230577.62
677863678036556.88
677833044611504.62
677802413955045.38
677771786066803.88
677741160946404.75
677710538593473
677679919007633.38
677649302188510.88
677618688135730.62
677588076848917.5
677557468327697
677526862571693.88
677496259580533.88
677465659353842
677435061891244
677404467192365.25
677373875256831.25
677343286084267.62
677312699674300.25
677282116026554.75
677251535140656.88
677220957016232.88
677190381652908.25
677159809050309.5
677129239208062.25
677098672125793.25
677068107803128.25
677037546239693.88
677006987435116.25
676976431389022
676945878101037.62
676915327570789.5
676884779797904.62
676854234782009.38
676823692522730.88
676793153019695.62
676762616272530.75
676732082280863.12
676701551044320
676671022562528.25
676640496835115
676609973861707.88
676579453641934
676548936175420.62
676518421461795.5
676487909500685.88
676457400291719.38
676426893834524
676396390128726.88
676365889173956.25
676335390969839.75
676304895516005.5
676274402812081.38
676243912857695.5
676213425652475.88
676182941196050.75
676152459488048.62
676121980528097.25
676091504315825.62
676061030850861.75
676030560132834.62
676000092161372.38
675969626936104.12
675939164456658.12
675908704722663.5
675878247733749
675847793489543.62
675817341989676.25
675786893233775.88
675756447221472
675726003952393.38
675695563426169.62
675665125642429.88
675634690600803.62
675604258300920.25
675573828742409.38
675543401924900.38
675512977848023.25
675482556511407.5
675452137914683
675421722057479.75
675391308939427.25
675360898560156.12
675330490919295.75
675300086016476.88
675269683851329.25
675239284423483.5
675208887732569.62
675178493778218.25
675148102560059.75
675117714077724.75
675087328330843.75
675056945319047.38
675026565041966.5
674996187499231.62
674965812690474
674935440615324.38
674905071273413.62
674874704664373.12
674844340787833.62
674813979643426.62
674783621230783.25
674753265549535
674722912599312.88
674692562379748.75
674662214890473.88
674631870131120.12
674601528101318.75
674571188800701.88
674540852228901.12
674510518385548.38
674480187270275.5
674449858882714.62
674419533222497.5
674389210289256.62
674358890082624.12
674328572602231.88
674298257847712.75
674267945818698.75
674237636514822.5
674207329935716.38
674177026081013.12
674146724950345.25
674116426543345.62
674086130859646.88
674055837898882
674025547660684
673995260144685.38
673964975350519.88
673934693277819.88
673904413926219.25
673874137295350.62
673843863384847.75
673813592194343.88
673783323723472.5
673753057971866.88
673722794939160.88
673692534624988.12
673662277028982.12
673632022150776.75
673601769990005.75
673571520546303.38
673541273819303.12
673511029808639.38
673480788513946.12
673450549934857.5
673420314071007.75
673390080922031.12
673359850487562.12
673329622767235
673299397760684.5
673269175467544.88
673238955887451.12
673208739020037.5
673178524864939.25
673148313421790.75
673118104690227.12
673087898669883.25
673057695360394.12
673027494761395
672997296872520.88
672967101693407
672936909223688.62
672906719463001.25
672876532410980
672846348067260.75
672816166431478.62
672785987503269.5
672755811282268.88
672725637768112.75
672695466960436.75
672665298858876.75
672635133463068.75
672604970772648.62
672574810787252.62
672544653506516.62
672514498930077.12
672484347057570
672454197888632.12
672424051422899.5
672393907660008.62
672363766599596
672333628241298.38
672303492584752.38
672273359629594.5
672243229375461.88
672213101821990.88
672182976968819
672152854815582.62
672122735361919.38
672092618607466
672062504551859.75
672032393194737.88
672002284535737.62
671972178574496.5
671942075310651.75
671911974743841.12
671881876873701.88
671851781699872
671821689221988.75
671791599439690.38
671761512352614.38
671731427960398.62
671701346262681.25
671671267259100
671641190949293.38
671611117332899.12
671581046409555.88
671550978178901.38
671520912640574.38
671490849794213.12
671460789639456.25
671430732175942
671400677403309.25
671370625321196.5
671340575929242.5
671310529227086.12
671280485214366.25
671250443890721.75
671220405255791.62
671190369309214.88
671160336050630.62
671130305479678.12
671100277595996.38
671070252399225.25
671040229889003.62
671010210064971.12
670980192926767.12
670950178474031.38
670920166706403.5
670890157623523
670860151225030
670830147510563.75
670800146479764.75
670770148132272.5
670740152467727.38
670710159485769.38
670680169186038.38
670650181568175
670620196631819.12
670590214376611.38
670560234802192.12
670530257908201.75
670500283694280.88
670470312160070.12
670440343305209.88
670410377129341.25
670380413632104.75
670350452813141.62
670320494672092.25
670290539208598
670260586422299.75
670230636312838.75
670200688879856.12
670170744122993
670140802041891
670110862636191
670080925905534.88
670050991849563.88
670021060467919.62
669991131760243.88
669961205726178.12
669931282365364.38
669901361677444.12
669871443662059.5
669841528318852.38
669811615647464.75
669781705647538.62
669751798318716.38
669721893660639.88
669691991672951.75
669662092355294
669632195707309.25
669602301728639.75
669572410418928.25
669542521777817.25
669512635804949.38
669482752499967.38
669452871862513.75
669422993892231.88
669393118588764.12
669363245951754
669333375980844
669303508675677.62
669273644035897.88
669243782061147.88
669213922751071
669184066105310.62
669154212123510.12
669124360805313.12
669094512150363
669064666158303.38
669034822828778
669004982161430.5
668975144155904.75
668945308811844.5
668915476128893.75
668885646106696.62
668855818744897
668825994043139
668796172001066.75
668766352618324.75
668736535894557
668706721829408.12
668676910422522.12
668647101673544.12
668617295582118.25
668587492147889.25
668557691370501.75
668527893249600.5
668498097784830.38
668468304975836.12
668438514822263
668408727323755.5
668378942479959.12
668349160290518.75
668319380755079.88
668289603873287.38
668259829644786.75
668230058069223.38
668200289146242.75
668170522875490.25
668140759256611.5
668110998289252.12
668081239973057.88
668051484307674.5
668021731292747.75
667991980927923.62
667962233212847.88
667932488147166.75
667902745730526.12
667873005962572.38
667843268842951.38
667813534371309.62
667783802547293.38
667754073370549.12
667724346840723.25
667694622957462.12
667664901720412.62
667635183129221.12
667605467183534.5
667575753882999.25
667546043227262.5
667516335215971.12
667486629848771.88
667456927125312
667427227045238.5
667397529608198.5
667367834813839
667338142661807.75
667308453151751.5
667278766283318.12
667249082056154.88
667219400469909.38
667189721524229.12
667160045218761.75
667130371553155
667100700527056.62
667071032140114.5
667041366391976.38
667011703282290.5
666982042810704.5
666952384976867
666922729780425.62
666893077221028.88
666863427298325
666833780011962.12
666804135361589
666774493346853.62
666744853967405
666715217222891.38
666685583112961.62
666655951637264.25
666626322795448.25
666596696587162.38
666567073012055.38
666537452069776.25
666507833759974.25
666478218082298.12
666448605036397.25
666418994621920.88
666389386838518.12
666359781685838.38
666330179163531
666300579271245.62
666270982008631.62
666241387375338.5
666211795371016
666182205995313.88
666152619247881.75
666123035128369.62
666093453636427.38
666063874771704.88
666034298533852.12
666004724922519.38
665975153937356.5
665945585578013.88
665916019844141.88
665886456735390.62
665856896251410.5
665827338391852.12
665797783156366
665768230544602.62
665738680556212.5
665709133190846.62
665679588448155.5
665650046327790.12
665620506829401.38
665590969952640.25
665561435697157.5
665531904062604.5
665502375048632.12
665472848654891.75
665443324881034.62
665413803726712
665384285191575.25
665354769275275.88
665325255977465.38
665295745297795.38
665266237235917.38
665236731791483.25
665207228964144.5
665177728753553.12
665148231159360.88
665118736181219.88
665089243818782
665059754071699.25
665030266939624
665000782422208.12
664971300519104.12
664941821229964.12
664912344554440.62
664882870492186
664853399042852.62
664823930206093.38
664794463981560.5
664765000368907
664735539367785.38
664706080977848.5
664676625198749.38
664647172030140.75
664617721471675.62
664588273523007.12
664558828183788.38
664529385453672.5
664499945332312.75
664470507819362.38
664441072914474.75
664411640617303.38
664382210927501.62
664352783844723
664323359368621.12
664293937498849.88
664264518235062.75
664235101576913.5
664205687524056.25
664176276076144.62
664146867232832.75
664117460993774.5
664088057358624.12
664058656327035.62
664029257898663.5
663999862073161.75
663970468850184.75
663941078229387
663911690210422.88
663882304792947
663852921976613.88
663823541761078.12
663794164145994.38
663764789131017.5
663735416715802.5
663706046900003.88
663676679683276.88
663647315065276.5
663617953045657.62
663588593624075.5
663559236800185.38
663529882573642.38
663500530944102
663471181911219.38
663441835474650.12
663412491634049.62
663383150389073.5
663353811739377.5
663324475684617
663295142224448
663265811358526.12
663236483086507.38
663207157408047.75
663177834322803
663148513830429.25
663119195930582.75
663089880622919.38
663060567907095.62
663031257782767.75
663001950249591.88
662972645307224.75
662943342955322.62
662914043193542.12
662884746021539.75
662855451438972.25
662826159445496.25
662796870040768.62
662767583224446.12
662738298996185.62
662709017355644
662679738302478.62
662650461836346.25
662621187956904.12
662591916663809.5
662562647956719.5
662533381835291.5
662504118299183
662474857348051.25
662445598981553.75
662416343199348.25
662387090001092.38
662357839386443.5
662328591355059.75
662299345906598.62
662270103040718.25
662240862757076.25
662211625055330.88
662182389935140.12
662153157396162
662123927438054.75
662094700060476.5
662065475263085.62
662036253045540.5
662007033407499.5
661977816348621
661948601868563.75
661919389966986
661890180643546.75
661860973897904.5
661831769729718.12
661802568138646.38
661773369124348.25
661744172686482.5
661714978824708.38
661685787538684.75
661656598828070.75
661627412692525.75
661598229131708.88
661569048145279.5
661539869732896.88
661510693894220.5
661481520628910.12
661452349936624.88
661423181817024.5
661394016269768.62
661364853294517.25
661335692890929.88
661306535058666.5
661277379797387
661248227106751.38
661219076986419.62
661189929436051.75
661160784455308.12
661131642043848.75
661102502201334
661073364927424.12
661044230221779.62
661015098084060.88
660985968513928.38
660956841511042.75
660927717075064.62
660898595205654.62
660869475902473.5
660840359165182.25
660811244993441.62
660782133386912.38
660753024345255.75
660723917868132.62
660694813955204.25
660665712606131.62
660636613820576.12
660607517598199
660578423938661.5
660549332841625.12
660520244306751.38
660491158333701.75
660462074922137.88
660432994071721.25
660403915782113.62
660374840052976.88
660345766883972.75
660316696274763
660287628225009.75
660258562734375
660229499802520.88
660200439429109.25
660171381613802.5
660142326356262.88
660113273656152.5
660084223513133.88
660055175926869.38
660026130897021.5
659997088423252.75
659968048505225.88
659939011142603.25
659909976335047.88
659880944082222.38
659851914383789.5
659822887239412.38
659793862648753.75
659764840611476.88
659735821127244.5
659706804195720
659677789816566.38
659648777989447.12
659619768714025.38
659590761989964.5
659561757816928
659532756194579.25
659503757122581.88
659474760600599.62
659445766628296
659416775205334.62
659387786331379.5
659358800006094.25
659329816229142.88
659300835000189.5
659271856318897.75
659242880184932.12
659213906597956.5
659184935557635.25
659155967063632.38
659127001115612.5
659098037713239.88
659069076856178.75
659040118544093.75
659011162776649.5
658982209553510.5
658953258874341.5
658924310738807.25
658895365146572.38
658866422097301.88
658837481590660.62
658808543626313.5
658779608203925.75
658750675323162.12
658721744983687.88
658692817185168.38
658663891927268.62
658634969209654.12
658606049031990.25
658577131393942.38
658548216295175.88
658519303735356.5
658490393714149.75
658461486231221.38
658432581286237
658403678878862.5
658374779008763.62
658345881675606.38
658316986879056.62
658288094618780.38
658259204894443.88
658230317705713
658201433052254.12
658172550933733.5
658143671349817.5
658114794300172.38
658085919784464.5
658057047802360.5
658028178353526.88
657999311437630.12
657970447054337.12
657941585203314.38
657912725884228.88
657883869096747.38
657855014840536.62
657826163115263.75
657797313920595.75
657768467256199.75
657739623121742.75
657710781516892
657681942441314.62
657653105894678.12
657624271876649.88
657595440386897.12
657566611425087.38
657537784990888.38
657508961083967.5
657480139703992.5
657451320850631.12
657422504523551
657393690722420.12
657364879446906.25
657336070696677.38
657307264471401.62
657278460770746.88
657249659594381.38
657220860941973.25
657192064813190.75
657163271207702.12
657134480125175.88
657105691565280.38
657076905527683.88
657048122012055.12
657019341018062.75
656990562545375.12
656961786593661.25
656933013162589.75
656904242251829.38
656875473861049.12
656846707989917.88
656817944638104.62
656789183805278.5
656760425491108.62
656731669695264
656702916417414
656674165657227.75
656645417414374.75
656616671688524.25
656587928479345.88
656559187786509
656530449609683.25
656501713948538.38
656472980802743.88
656444250171969.62
656415522055885.38
656386796454161
656358073366466.25
656329352792471.38
656300634731846.25
656271919184261.12
656243206149385.88
656214495626891
656185787616446.62
656157082117723
656128379130390.62
656099678654120
656070980688581.38
656042285233445.62
656013592288383.12
655984901853064.5
655956213927160.75
655927528510342.38
655898845602280.38
655870165202645.62
655841487311109
655812811927341.75
655784139051014.75
655755468681799.12
655726800819366.12
655698135463387
655669472613532.88
655640812269475.38
655612154430885.88
655583499097435.62
655554846268796.38
655526195944639.62
655497548124637.12
655468902808460.38
655440259995781.5
655411619686271.88
655382981879603.62
655354346575448.75
655325713773478.88
655297083473366.5
655268455674783.5
655239830377402.12
655211207580894.5
655182587284933
655153969489189.88
655125354193337.62
655096741397048.62
655068131099995.38
655039523301850.25
655010918002286.25
654982315200975.88
654953714897591.75
654925117091806.88
654896521783294
654867928971726
654839338656776
654810750838116.62
654782165515421.38
654753582688363.38
654725002356615.5
654696424519851.25
654667849177743.88
654639276329966.62
654610705976193.12
654582138116096.62
654553572749350.88
654525009875629.25
654496449494605.62
654467891605953.5
654439336209346.88
654410783304459.38
654382232890965
654353684968537.5
654325139536851
654296596595579.5
654268056144397.12
654239518182978.12
654210982710996.62
654182449728126.88
654153919234043.25
654125391228420.12
654096865710932
654068342681253.25
654039822139058.62
654011304084022.38
653982788515819.62
653954275434124.88
653925764838612.88
653897256728958.62
653868751104836.88
653840247965922.62
653811747311890.88
653783249142416.75
653754753457175.38
653726260255841.75
653697769538091.38
653669281303599.38
653640795552041.25
653612312283092.25
653583831496427.88
653555353191723.75
653526877368655.25
653498404026898.12
653469933166128.25
653441464786021.25
653412998886252.75
653384535466498.75
653356074526435.12
653327616065738
653299160084083.12
653270706581146.88
653242255556605.12
653213807010134.38
653185360941410.75
653156917350110.38
653128476235909.88
653100037598485.75
653071601437514.12
653043167752671.75
653014736543635.12
652986307810081.12
652957881551686.12
652929457768127.12
652901036459080.88
652872617624224.38
652844201263234.25
652815787375787.88
652787375961562
652758967020233.88
652730560551480.62
652702156554979.25
652673755030407.38
652645355977442.12
652616959395760.88
652588565285041.25
652560173644960.5
652531784475196.25
652503397775426.12
652475013545327.88
652446631784579.12
652418252492857.62
652389875669841.12
652361501315207.75
652333129428635.38
652304760009801.88
652276393058385.38
652248028574064
652219666556515.88
652191307005419.12
652162949920452.25
652134595301293.5
652106243147621.38
652077893459114
652049546235450.12
652021201476308.38
651992859181367.12
651964519350305.12
651936181982801.12
651907847078534
651879514637182.5
651851184658425.5
651822857141942
651794532087411
651766209494511.5
651737889362922.62
651709571692323.62
651681256482393.62
651652943732812
651624633443258
651596325613411.12
651568020242950.75
651539717331556.5
651511416878907.75
651483118884684.12
651454823348565.62
651426530270231.62
651398239649361.88
651369951485636.5
651341665778735.25
651313382528338
651285101734124.88
651256823395776
651228547512971.38
651200274085391.12
651172003112715.5
651143734594624.88
651115468530799.62
651087204920920.12
651058943764666.62
651030685061719.88
651002428811760.25
650974175014468.5
650945923669525.25
650917674776611.25
650889428335407.25
650861184345594.12
650832942806852.75
650804703718864.25
650776467081309.25
650748232893869.12
650720001156224.75
650691771868057.5
650663545029048.62
650635320638879.12
650607098697230.75
650578879203784.5
650550662158222.12
650522447560225
650494235409474.62
650466025705652.75
650437818448440.88
650409613637520.88
650381411272574.38
650353211353283.38
650325013879329.62
650296818850395.25
650268626266162.12
650240436126312.25
650212248430527.88
650184063178491
650155880369884.12
650127700004389.12
650099522081688.75
650071346601465.12
650043173563400.62
650015002967178
649986834812479.62
649958669098988.25
649930505826386.38
649902344994356.75
649874186602582.12
649846030650745.5
649817877138529.62
649789726065617.5
649761577431692
649733431236436.12
649705287479533.25
649677146160666.25
649649007279518.5
649620870835773.12
649592736829113.62
649564605259223.25
649536476125785.5
649508349428483.88
649480225167001.88
649452103341023.12
649423983950231.12
649395866994309.75
649367752472942.5
649339640385813.62
649311530732606.62
649283423513005.62
649255318726694.5
649227216373357.38
649199116452678.25
649171018964341.25
649142923908030.75
649114831283430.75
649086741090225.62
649058653328099.75
649030567996737.75
649002485095823.75
648974404625042.62
648946326584078.62
648918250972616.62
648890177790341.12
648862107036937
648834038712089.12
648805972815482.12
648777909346801
648749848305730.75
648721789691956.38
648693733505162.88
648665679745035.62
648637628411259.5
648609579503519.75
648581533021501.88
648553488964891
648525447333372.75
648497408126632.5
648469371344355.62
648441336986227.75
648413305051934.62
648385275541161.62
648357248453594.75
648329223788919.62
648301201546822.12
648273181726988.25
648245164329103.75
648217149352854.75
648189136797927.25
648161126664007.38
648133118950781.25
648105113657935
648077110785155
648049110332127.62
648021112298539.25
647993116684076.12
647965123488424.88
647937132711272
647909144352304.12
647881158411207.88
647853174887670
647825193781377
647797215092016
647769238819273.75
647741264962837.12
647713293522393.25
647685324497628.88
647657357888231.25
647629393693887.5
647601431914284.75
647573472549110.25
647545515598051.5
647517561060795.62
647489608937030
647461659226442.25
647433711928719.62
647405767043550
647377824570620.88
647349884509619.75
647321946860234.5
647294011622153
647266078795063
647238148378652.38
647210220372609.12
647182294776621
647154371590376.38
647126450813563.12
647098532445869.5
647070616486983.75
647042702936594
647014791794388.62
646986883060056.12
646958976733284.88
646931072813763.25
646903171301179.88
646875272195223.38
646847375495582.25
646819481201945.25
646791589314001
646763699831438.62
646735812753946.75
646707928081214.25
646680045812930.25
646652165948783.62
646624288488463.5
646596413431659.12
646568540778059.38
646540670527353.75
646512802679231.5
646484937233381.75
646457074189494.12
646429213547258
646401355306362.88
646373499466498.25
646345646027353.88
646317794988619.12
646289946349984
646262100111138.12
646234256271771.38
646206414831573.62
646178575790234.75
646150739147444.75
646122904902893.62
646095073056271.5
646067243607268.5
646039416555574.88
646011591900880.75
645983769642876.62
645955949781252.62
645928132315699.38
645900317245907.25
645872504571566.62
645844694292368.25
645816886408002.62
645789080918160.38
645761277822532.38
645733477120809.5
645705678812682.25
645677882897841.88
645650089375979
645622298246784.75
645594509509950.25
645566723165166.62
645538939212124.75
645511157650516
645483378480031.62
645455601700363
645427827311201.5
645400055312238.5
645372285703165.38
645344518483673.75
645316753653455.12
645288991212201.25
645261231159603.75
645233473495354.38
645205718219144.88
645177965330667
645150214829612.88
645122466715674.38
645094720988543.38
645066977647912
645039236693472.38
645011498124916.62
644983761941937.12
644956028144225.88
644928296731475.5
644900567703378
644872841059626.12
644845116799912.25
644817394923928.75
644789675431368.5
644761958321923.75
644734243595287.62
644706531251152.62
644678821289211.5
644651113709157.25
644623408510682.75
644595705693480.88
644568005257244.75
644540307201667.25
644512611526441.5
644484918231260.75
644457227315818.38
644429538779807.38
644401852622921.25
644374168844853.25
644346487445296.88
644318808423945.62
644291131780493.12
644263457514632.62
644235785626058
644208116114463
644180448979541.25
644152784220986.62
644125121838492.88
644097461831754
644069804200463.88
644042148944316.62
644014496063006.12
643986845556226.62
643959197423672.38
643931551665037.38
643903908280016
643876267268302.5
643848628629591.38
643820992363577
643793358469953.88
643765726948416.38
643738097798659.38
643710471020377.25
643682846613264.75
643655224577016.88
643627604911328
643599987615893.25
643572372690407.38
643544760134565.5
643517149948062.38
643489542130593.25
643461936681853.25
643434333601537.38
643406732889341
643379134544959.38
643351538568087.75
643323944958421.5
643296353715656.12
643268764839487
643241178329609.5
643213594185719.5
643186012407512.62
643158432994684.38
643130855946930.5
643103281263947
643075708945429.38
643048138991073.88
643020571400576.25
642993006173632.38
642965443309938.62
642937882809190.88
642910324671085.25
642882768895318
642855215481585.5
642827664429584
642800115739009.75
642772569409559.25
642745025440928.88
642717483832815.38
642689944584915.12
642662407696924.75
642634873168541
642607340999460.5
642579811189380.12
642552283737996.62
642524758645006.88
642497235910107.88
642469715532996.62
642442197513370.12
642414681850925.5
642387168545359.75
642359657596370.38
642332149003654.25
642304642766908.88
642277138885831.5
642249637360119.5
642222138189470.5
642194641373582
642167146912151.38
642139654804876.38
642112165051454.5
642084677651583.62
642057192604961.5
642029709911285.88
642002229570254.5
641974751581565.5
641947275944916.88
641919802660006.38
641892331726532.38
641864863144192.75
641837396912685.88
641809933031709.88
641782471500963
641755012320143.5
641727555488950.12
641700101007080.88
641672648874234.5
641645199090109.5
641617751654404.38
641590306566817.88
641562863827048.5
641535423434795.25
641507985389756.62
641480549691631.75
641453116340119.5
641425685334918.62
641398256675728.38
641370830362247.5
641343406394175.38
641315984771211
641288565493053.62
641261148559402.62
641233733969957
641206321724416.38
641178911822480.25
641151504263847.75
641124099048218.75
641096696175292.5
641069295644768.88
641041897456347.38
641014501609727.88
640987108104609.88
640959716940693.38
640932328117678.38
640904941635264.62
640877557493152.12
640850175691041
640822796228631.25
640795419105622.88
640768044321716.38
640740671876611.75
640713301770009.25
640685934001609.38
640658568571112.5
640631205478219
640603844722629.25
640576486304044
640549130222163.75
640521776476689
640494425067320.62
640467075993759.5
640439729255706.25
640412384852861.62
640385042784926.62
640357703051602.12
640330365652589.25
640303030587589.12
640275697856302.62
640248367458430.88
640221039393675.38
640193713661737.25
640166390262317.62
640139069195118.12
640111750459840.12
640084434056184.88
640057119983854
640029808242549.12
640002498831971.75
639975191751823.62
639947887001806.38
639920584581622
639893284490972
639865986729558.38
639838691297083.12
639811398193248.25
639784107417755.62
639756818970307.25
639729532850605.38
639702249058352.12
639674967593249.88
639647688455000.75
639620411643307
639593137157871.25
639565864998395.62
639538595164582.88
639511327656135.38
639484062472755.75
639456799614146.62
639429539080010.75
639402280870050.62
639375024983969.25
639347771421469.38
639320520182253.88
639293271266025.75
639266024672488
639238780401343.5
639211538452295.38
639184298825047
639157061519301.38
639129826534761.62
639102593871131.12
639075363528113.38
639048135505411.62
639020909802729.25
638993686419769.75
638966465356236.75
638939246611833.88
638912030186264.75
638884816079232.88
638857604290442.38
638830394819596.62
638803187666399.75
638775982830555.5
638748780311767.75
638721580109740.75
638694382224178.38
638667186654784.75
638639993401264
638612802463320.38
638585613840658.12
638558427532981.5
638531243539994.88
638504061861402.5
638476882496909
638449705446218.75
638422530709036.5
638395358285066.75
638368188174014
638341020375583.12
638313854889478.88
638286691715405.88
638259530853069.12
638232372302173.62
638205216062424
638178062133525.62
638150910515183.25
638123761207102.12
638096614208987.38
638069469520544.25
638042327141477.88
638015187071493.62
637988049310296.88
637960913857593
637933780713087.5
637906649876485.88
637879521347493.62
637852395125816.38
637825271211159.62
637798149603229.38
637771030301731.12
637743913306370.75
637716798616854.25
637689686232887.38
637662576154176.12
637635468380426.38
637608362911344.38
637581259746636.25
637554158886007.88
637527060329165.75
637499964075815.88
637472870125664.75
637445778478418.62
637418689133784
637391602091467.12
637364517351174.75
637337434912613.38
637310354775489.38
637283276939509.75
637256201404380.88
637229128169809.75
637202057235503
637174988601167.5
637147922266510.38
637120858231238.25
637093796495058.38
637066737057677.62
637039679918803.12
637012625078142.12
636985572535401.88
636958522290289.5
636931474342512.25
636904428691777.62
636877385337792.88
636850344280265.62
636823305518903.12
636796269053413.12
636769234883503.12
636742203008880.88
636715173429254
636688146144330.25
636661121153817.38
636634098457423.38
636607078054856
636580059945823.25
636553044130033
636526030607193.38
636499019377012.62
636472010439198.75
636445003793459.88
636417999439504.38
636390997377040.38
636363997605776.5
636337000125420.88
636310004935682
636283012036268.38
636256021426888.62
636229033107251.25
636202047077064.88
636175063336038.25
636148081883880
636121102720299.12
636094125845004.25
636067151257704.38
636040178958108.25
636013208945925.25
635986241220864
635959275782633.75
635932312630943.75
635905351765502.88
635878393186020.75
635851436892206.25
635824482883769
635797531160418.25
635770581721863.38
635743634567814
635716689697979.5
635689747112069.75
635662806809794
635635868790862.12
635608933054983.75
635581999601868.62
635555068431226.75
635528139542767.75
635501212936201.88
635474288611238.75
635447366567588.62
635420446804961.5
635393529323067.5
635366614121616.75
635339701200319.38
635312790558885.88
635285882197026.25
635258976114451.12
635232072310870.88
635205170785995.88
635178271539536.75
635151374571203.88
635124479880708
635097587467759.75
635070697332070
635043809473349
635016923891308.12
634990040585657.88
634963159556109.25
634936280802373.25
634909404324160.75
634882530121183
634855658193150.88
634828788539775.62
634801921160768.38
634775056055840.5
634748193224703.38
634721332667068
634694474382646
634667618371148.88
634640764632287.88
634613913165774.62
634587063971320.88
634560217048638
634533372397437.88
634506530017432.25
634479689908332.75
634452852069851.38
634426016501699.88
634399183203590.12
634372352175234.25
634345523416344.25
634318696926632.12
634291872705810
634265050753590
634238231069684.62
634211413653805.75
634184598505666
634157785624977.62
634130975011453
634104166664804.62
634077360584745
634050556770986.62
634023755223242.12
633996955941224.38
633970158924645.75
633943364173219.25
633916571686657.62
633889781464673.62
633862993506980.25
633836207813290.38
633809424383317
633782643216773.25
633755864313372.25
633729087672827
633702313294850.62
633675541179156.62
633648771325458.12
633622003733468.5
633595238402901.12
633568475333469.38
633541714524886.88
633514955976867
633488199689123.5
633461445661369.75
633434693893319.62
633407944384686.88
633381197135185.12
633354452144528.25
633327709412430
633300968938604.5
633274230722765.75
633247494764627.5
633220761063904.12
633194029620309.5
633167300433557.75
633140573503363.25
633113848829440.12
633087126411502.75
633060406249265.5
633033688342442.75
633006972690748.88
632980259293898.5
632953548151606
632926839263586.12
632900132629553.5
632873428249222.75
632846726122308.5
632820026248525.75
632793328627589.25
632766633259213.88
632739940143114.5
632713249279006.25
632686560666604
632659874305622.88
632633190195778
632606508336784.38
632579828728357.62
632553151370212.75
632526476262065
632499803403629.88
632473132794622.75
632446464434759
632419798323754.25
632393134461323.88
632366472847183.62
632339813481049.25
632313156362636.25
632286501491660.5
632259848867837.75
632233198490883.75
632206550360514.5
632179904476445.88
632153260838393.88
632126619446074.5
632099980299203.88
632073343397498.25
632046708740673.62
632020076328446.25
631993446160532.38
631966818236648.5
631940192556510.75
631913569119835.75
631886947926339.75
631860328975739.25
631833712267751.12
631807097802091.75
631780485578477.88
631753875596626
631727267856253.12
631700662357075.88
631674059098811.25
631647458081176.12
631620859303887.12
631594262766661.62
631567668469216.5
631541076411268.75
631514486592535.75
631487899012734.38
631461313671582.12
631434730568796.12
631408149704093.75
631381571077192.25
631354994687809.25
631328420535662.12
631301848620468.38
631275278941945.5
631248711499811.12
631222146293782.88
631195583323578.62
631169022588916
631142464089512.75
631115907825086.75
631089353795356
631062802000038.25
631036252438851.88
631009705111514.38
630983160017744.12
630956617157259.25
630930076529777.88
630903538135018.12
630877001972698.5
630850468042537.25
630823936344252.62
630797406877563.25
630770879642187.25
630744354637843.5
630717831864250.38
630691311321126.38
630664793008190.25
630638276925160.75
630611763071756.62
630585251447696.5
630558742052699.5
630532234886484.25
630505729948769.88
630479227239275.12
630452726757719.25
630426228503821.12
630399732477300.25
630373238677875.38
630346747105265.88
630320257759191
630293770639370.12
630267285745522.62
630240803077367.75
630214322634625
630187844417014
630161368424254.25
630134894656065.25
630108423112166.75
630081953792278.5
630055486696120
630029021823411.12
630002559173871.88
629976098747221.88
629949640543181.25
629923184561469.88
629896730801807.75
629870279263915
629843829947511.75
629817382852318.12
629790937978054.38
629764495324440.62
629738054891197.25
629711616678044.75
629685180684703.12
629658746910893.25
629632315356335.38
629605886020750.12
629579458903858
629553034005379.75
629526611325036
629500190862547.38
629473772617634.88
629447356590018.88
629420942779420.75
629394531185561.12
629368121808161
629341714646941.38
629315309701623.38
629288906971928
629262506457576.5
629236108158290
629209712073789.62
629183318203797
629156926548033.12
629130537106219.5
629104149878077.5
629077764863328.62
629051382061694.5
629025001472896.5
628998623096656.38
628972246932695.75
628945872980736.25
628919501240499.75
628893131711708
628866764394082.88
628840399287346.25
628814036391220
628787675705426.12
628761317229686.75
628734960963723.75
628708606907259.62
628682255060016.12
628655905421715.75
628629557992080.62
628603212770833
628576869757695.62
628550528952390.5
628524190354640.12
628497853964167.12
628471519780693.88
628445187803943.25
628418858033637.62
628392530469499.75
628366205111252.25
628339881958618.25
628313561011320.25
628287242269081.25
628260925731624.38
628234611398672.12
628208299269947.75
628181989345174.25
628155681624074.75
628129376106372.38
628103072791790.38
628076771680052.12
628050472770880.62
628024176063999.38
627997881559131.75
627971589256001.12
627945299154331.12
627919011253845
627892725554266.38
627866442055318.88
627840160756726.38
627813881658212.5
627787604759500.75
627761330060315.25
627735057560379.62
627708787259417.75
627682519157153.75
627656253253311.5
627629989547614.88
627603728039788.12
627577468729555.38
627551211616640.88
627524956700768.5
627498703981662.88
627472453459048.12
627446205132648.5
627419959002188.62
627393715067392.88
627367473327985.62
627341233783691.5
627314996434235.12
627288761279341.12
627262528318734
627236297552138.62
627210068979279.62
627183842599882
627157618413670.62
627131396420370.12
627105176619705.75
627078959011402.25
627052743595184.88
627026530370778.62
627000319337908.62
626974110496300
626947903845678
626921699385768
626895497116295.25
626869297036985.12
626843099147563
626816903447754.25
626790709937284.62
626764518615879.38
626738329483264.38
626712142539165
626685957783307.12
626659775215416.38
626633594835218.5
626607416642439.5
626581240636805.12
626555066818041.25
626528895185873.88
626502725740029
626476558480232.62
626450393406210.88
626424230517690
626398069814396.12
626371911296055.5
626345754962394.25
626319600813138.88
626293448848015.62
626267299066751
626241151469071.5
626215006054703.38
626188862823373.5
626162721774808.38
626136582908734.62
626110446224879
626084311722968.12
626058179402728.75
626032049263887.88
626005921306172.25
625979795529308.75
625953671933024.25
625927550517046.12
625901431281101.25
625875314224916.62
625849199348219.5
625823086650737.12
625796976132196.62
625770867792325.12
625744761630850.25
625718657647499.12
625692555841999.5
625666456214078.5
625640358763463.88
625614263489883
625588170393063.62
625562079472733.25
625535990728619.75
625509904160450.88
625483819767953.88
625457737550857.25
625431657508888.62
625405579641775.88
625379503949247
625353430431030.12
625327359086853
625301289916444.12
625275222919531.25
625249158095842.88
625223095445107
625197034967052.12
625170976661406.38
625144920527898.38
625118866566256.25
625092814776208.62
625066765157484
625040717709810.88
625014672432918
624988629326533.75
624962588390387.12
624936549624206.62
624910513027721.12
624884478600659.38
624858446342750.38
624832416253722.88
624806388333306
624780362581228.62
624754338997220
624728317581008.88
624702298332324.75
624676281250896.62
624650266336453.75
624624253588725.38
624598243007440.88
624572234592329.62
624546228343121
624520224259544.5
624494222341329.5
624468222588205.75
624442224999902.62
624416229576150
624390236316677.38
624364245221214.5
624338256289491.12
624312269521237.25
624286284916182.5
624260302474056.88
624234322194590.38
624208344077513
624182368122554.75
624156394329445.62
624130422697915.88
624104453227695.62
624078485918515.25
624052520770104.62
624026557782194.38
624000596954515.12
623974638286796.62
623948681778769.75
623922727430164.88
623896775240712.5
623870825210143.38
623844877338187.88
623818931624576.62
623792988069040.75
623767046671310.75
623741107431117.38
623715170348191.62
623689235422264.38
623663302653066.5
623637372040328.88
623611443583782.62
623585517283158.75
623559593138188.5
623533671148603.12
623507751314133.62
623481833634511.38
623455918109467.5
623430004738733.62
623404093522041
623378184459120.88
623352277549704.75
623326372793524.5
623300470190311.38
623274569739797.12
623248671441713.25
623222775295791.62
623196881301763.88
623170989459361.88
623145099768317.38
623119212228362.25
623093326839228.5
623067443600648
623041562512352.75
623015683574075
622989806785546.62
622963932146499.88
622938059656666.88
622912189315779.88
622886321123571.25
622860455079773.12
622834591184118.12
622808729436338.38
622782869836166.5
622757012383335.12
622731157077576.5
622705303918623.38
622679452906208.38
622653604040064.12
622627757319923.38
622601912745519
622576070316583.62
622550230032850.25
622524391894051.62
622498555899920.75
622472722050190.75
622446890344594.5
622421060782865.12
622395233364735.75
622369408089939.5
622343584958209.75
622317763969279.5
622291945122882.12
622266128418751.12
622240313856619.62
622214501436221.38
622188691157289.5
622162883019557.88
622137077022759.75
622111273166628.88
622085471450898.88
622059671875303.5
622033874439576.5
622008079143451.5
621982285986662.5
621956494968943.25
621930706090027.62
621904919349649.75
621879134747543.75
621853352283443.38
621827571957082.88
621801793768196.25
621776017716517.75
621750243801781.62
621724472023722.25
621698702382073.62
621672934876570.38
621647169506946.88
621621406272937.62
621595645174277
621569886210699.5
621544129381939.75
621518374687732.38
621492622127812
621466871701913.25
621441123409771.12
621415377251120.38
621389633225695.75
621363891333232.12
621338151573464.38
621312413946127.62
621286678450957
621260945087687.12
621235213856053.25
621209484755790.88
621183757786634.88
621158032948320.5
621132310240583.12
621106589663158
621080871215780.62
621055154898186.25
621029440710110.38
621003728651288.62
620978018721456.38
620952310920349.25
620926605247702.88
620900901703253
620875200286735.38
620849500997885.5
620823803836439.5
620798108802133.12
620772415894702.12
620746725113882.5
620721036459410.38
620695349931021.62
620669665528452.38
620643983251438.75
620618303099716.88
620592625073023
620566949171093.25
620541275393664
620515603740471.5
620489934211252.25
620464266805742.62
620438601523679
620412938364798
620387277328836.12
620361618415529.88
620335961624616
620310306955831.12
620284654408912
620259003983595.5
620233355679618.12
620207709496717.12
620182065434629
620156423493091
620130783671839.88
620105145970612.88
620079510389146.88
620053876927179.12
620028245584446.75
620002616360686.88
619976989255636.88
619951364269033.88
619925741400615.38
619900120650118.62
619874502017281.12
619848885501840.25
619823271103533.38
619797658822098.62
619772048657272.88
619746440608794.25
619720834676400.12
619695230859828.5
619669629158816.88
619644029573103.12
619618432102425.25
619592836746520.88
619567243505128.25
619541652377985.12
619516063364829.75
619490476465400.12
619464891679434.12
619439309006670.12
619413728446846.25
619388149999700.75
619362573664971.75
619336999442397.88
619311427331717.5
619285857332668.75
619260289444990.38
619234723668420.62
619209160002698.38
619183598447561.75
619158039002749.62
619132481668000.75
619106926443053.62
619081373327647.25
619055822321520.38
619030273424411.75
619004726636060.25
618979181956204.88
618953639384584.62
618928098920938.5
618902560565005.62
618877024316524.88
618851490175235.5
618825958140876.88
618800428213188
618774900391908.25
618749374676777
618723851067533.5
618698329563917.12
618672810165667.5
618647292872524
618621777684226.12
618596264600513.62
618570753621125.88
618545244745802.62
618519737974283.75
618494233306308.75
618468730741617.62
618443230279950.12
618417731921046
618392235664645.38
618366741510488.12
618341249458314.25
618315759507863.75
618290271658876.88
618264785911093.62
618239302264254.25
618213820718098.88
618188341272367.75
618162863926801.38
618137388681140
618111915535123.88
618086444488493.62
618060975540989.62
618035508692352.38
618010043942322.62
617984581290640.75
617959120737047.5
617933662281283.62
617908205923089.62
617882751662206.62
617857299498375.12
617831849431336.25
617806401460830.75
617780955586599.5
617755511808383.75
617730070125924.12
617704630538962.25
617679193047238.75
617653757650495.12
617628324348472.25
617602893140911.75
617577464027554.62
617552037008142.25
617526612082416.12
617501189250117.38
617475768510987.88
617450349864768.88
617424933311202.12
617399518850028.88
617374106480991
617348696203830
617323288018287.75
617297881924106
617272477921026.5
617247076008790.88
617221676187141.5
617196278455819.88
617170882814568.25
617145489263128.38
617120097801242.62
617094708428652.88
617069321145101.12
617043935950329.88
617018552844081
616993171826097.12
616967792896120.38
616942416053893.12
616917041299157.75
616891668631656.75
616866298051132.62
616840929557327.75
616815563149985
616790198828846.38
616764836593655
616739476444153.62
616714118380084.62
616688762401191.12
616663408507215.75
616638056697901.38
616612706972990.88
616587359332227.38
616562013775353.62
616536670302112.75
616511328912247.88
616485989605502
616460652381618.38
616435317240340.25
616409984181410.62
616384653204573.12
616359324309570.75
616333997496147
616308672764045.38
616283350113009.12
616258029542781.88
616232711053107.25
616207394643728.62
616182080314389.62
616156768064834.12
616131457894805.62
616106149804048
616080843792305
616055539859320.38
616030238004838
616004938228602
615979640530356
615954344909844.25
615929051366810.75
615903759900999.5
615878470512154.75
615853183200020.5
615827897964341.12
615802614804860.75
615777333721323.62
615752054713474.25
615726777781056.88
615701502923816
615676230141496.12
615650959433841.62
615625690800597
615600424241507
615575159756316.12
615549897344769.25
615524637006610.75
615499378741585.75
615474122549438.75
615448868429914.62
615423616382758.5
615398366407714.88
615373118504529.12
615347872672946.25
615322628912710.88
615297387223568.5
615272147605264.12
615246910057542.75
615221674580149.88
615196441172830.5
615171209835330
615145980567393.88
615120753368767.38
615095528239196
615070305178425.25
615045084186200.38
615019865262267
614994648406370.88
614969433618257.62
614944220897672.62
614919010244362
614893801658071.25
614868595138546.25
614843390685532.88
614818188298777
614792987978024.5
614767789723021.38
614742593533513.62
614717399409247
614692207349968.12
614667017355422.88
614641829425357.38
614616643559517.88
614591459757650.75
614566278019502.12
614541098344818.38
614515920733345.88
614490745184831.25
614465571699020.62
614440400275660.75
614415230914498.12
614390063615279.38
614364898377751
614339735201659.75
614314574086752.38
614289415032775.5
614264258039476.12
614239103106600.88
614213950233896.75
614188799421110.62
614163650667989.5
614138503974280.38
614113359339730.38
614088216764086.38
614063076247095.62
614037937788505.38
614012801388062.62
613987667045514.75
613962534760609.12
613937404533093
613912276362713.75
613887150249218.75
613862026192355.62
613836904191871.62
613811784247514.5
613786666359031.75
613761550526171
613736436748679.88
613711325026306.12
613686215358797.62
613661107745901.88
613636002187367
613610898682940.62
613585797232370.88
613560697835405.62
613535600491792.75
613510505201280.5
613485411963616.75
613460320778549.75
613435231645827.62
613410144565198.62
613385059536410.88
613359976559212.75
613334895633352.38
613309816758578.62
613284739934639.38
613259665161283.38
613234592438259
613209521765314.75
613184453142199.25
613159386568661
613134322044448.88
613109259569311.38
613084199142997.38
613059140765255.62
613034084435834.88
613009030154484.12
612983977920952.12
612958927734987.75
612933879596340.12
612908833504758.38
612883789459991.12
612858747461788.12
612833707509898
612808669604070.25
612783633744053.88
612758599929598.38
612733568160452.75
612708538436366.88
612683510757089.5
612658485122370.38
612633461531959
612608439985604.88
612583420483057.5
612558403024066.62
612533387608381.62
612508374235752.38
612483362905928.62
612458353618660
612433346373696.38
612408341170787.5
612383338009683.38
612358336890133.88
612333337811888.88
612308340774698.62
612283345778313
612258352822482
612233361906956
612208373031485
612183386195819.25
612158401399708.88
612133418642904.5
612108437925156.12
612083459246214.25
612058482605829.25
612033508003751.62
612008535439731.88
611983564913520.5
611958596424868.12
611933629973525.25
611908665559242.62
611883703181771
611858742840861.12
611833784536263.62
611808828267729.38
611783874035009.38
611758921837854.38
611733971676015.25
611709023549243.25
611684077457289.12
611659133399904.12
611634191376839.38
611609251387845.75
611584313432674.75
611559377511077.5
611534443622805.12
611509511767609.12
611484581945240.75
611459654155451.38
611434728397992.5
611409804672615.62
611384882979072.12
611359963317113.62
611335045686491.75
611310130086958.12
611285216518264.25
611260304980162.25
611235395472403.38
611210487994739.75
611185582546923.12
611160679128705.38
611135777739838.38
611110878380074.12
611085981049164.62
611061085746861.62
611036192472917.75
611011301227084.88
610986412009115.12
610961524818760.62
610936639655773.75
610911756519906.62
610886875410911.75
610861996328541.25
610837119272547.62
610812244242683.5
610787371238701.25
610762500260353.38
610737631307392.38
610712764379570.88
610687899476641.62
610663036598357.25
610638175744470.25
610613316914733.75
610588460108900.25
610563605326722.75
610538752567954.12
610513901832347.38
610489053119655.38
610464206429631.12
610439361762027.62
610414519116598
610389678493095.5
610364839891273
610340003310884
610315168751681.62
610290336213419.12
610265505695849.88
610240677198727.25
610215850721804.62
610191026264835.38
610166203827573.12
610141383409771.38
610116565011183.62
610091748631563.62
610066934270664.75
610042121928240.88
610017311604045.75
609992503297833.12
609967697009356.75
609942892738370.5
609918090484628.25
609893290247883.88
609868492027891.5
609843695824404.88
609818901637178.38
609794109465965.88
609769319310521.5
609744531170599.5
609719745045954
609694960936339.38
609670178841509.75
609645398761219.62
609620620695223.12
609595844643274.88
609571070605129.25
609546298580540.75
609521528569263.88
609496760571053.25
609471994585663.38
609447230612849
609422468652364.75
609397708703965.38
609372950767405.62
609348194842440.38
609323440928824.25
609298689026312.5
609273939134659.75
609249191253621
609224445382951.38
609199701522405.88
609174959671739.5
609150219830707.5
609125481999065
609100746176567.12
609076012362969.25
609051280558026.5
609026550761494.25
609001822973128
608977097192683
608952373419914.88
608927651654578.88
608902931896430.62
608878214145225.62
608853498400719.62
608828784662668.12
608804072930826.88
608779363204951.38
608754655484797.75
608729949770121.75
608705246060679
608680544356225.38
608655844656517.12
608631146961309.88
608606451270359.62
608581757583422.62
608557065900254.62
608532376220612.12
608507688544251
608483002870927.75
608458319200398.25
608433637532419
608408957866746.25
608384280203136.5
608359604541345.75
608334930881130.62
608310259222247.88
608285589564453.75
608260921907504.75
608236256251157.62
608211592595168.88
608186930939295.25
608162271283293.5
608137613626920.25
608112957969932.38
608088304312086.75
608063652653140
608039002992849.38
608014355330971.5
607989709667263.62
607965066001482.62
607940424333385.5
607915784662729.5
607891146989271.75
607866511312769.38
607841877632979.62
607817245949659.75
607792616262567
607767988571458.88
607743362876092.5
607718739176225.62
607694117471615.38
607669497762019.38
607644880047195.25
607620264326900.5
607595650600892.75
607571038868929.62
607546429130768.88
607521821386168.12
607497215634885.25
607472611876678.12
607448010111304.38
607423410338522.12
607398812558089.12
607374216769763.38
607349622973303
607325031168465.88
607300441355010.25
607275853532694.12
607251267701275.75
607226683860513.38
607202102010165
607177522149989.12
607152944279744.12
607128368399188.12
607103794508079.62
607079222606177.12
607054652693239
607030084769023.88
607005518833290.25
606980954885796.62
606956392926302
606931832954564.5
606907274970343.25
606882718973396.88
606858164963484
606833612940363.75
606809062903794.75
606784514853536.12
606759968789346.5
606735424710985.12
606710882618211
606686342510783.25
606661804388460.88
606637268251002.88
606612734098168.62
606588201929717.25
606563671745408
606539143545000.12
606514617328253.12
606490093094926.38
606465570844779.25
606441050577571
606416532293061.38
606392015991009.75
606367501671175.88
606342989333319.12
606318478977199.12
606293970602575.88
606269464209208.75
606244959796857.88
606220457365282.62
606195956914243.25
606171458443499.38
606146961952811
606122467441938
606097974910640.5
606073484358678.38
606048995785811.88
606024509191801
606000024576406
605975541939387
605951061280504.12
605926582599517.75
605902105896188.25
605877631170275.88
605853158421541
605828687649744.12
605804218854645.62
605779752036006
605755287193585.75
605730824327145.62
605706363436446.12
605681904521248
605657447581311.75
605632992616398.25
605608539626268.12
605584088610682.38
605559639569401.88
605535192502187.25
605510747408799.62
605486304288999.88
605461863142549.12
605437423969208.25
605412986768738.5
605388551540900.88
605364118285456.5
605339687002166.62
605315257690792.5
605290830351095.38
605266404982836.62
605241981585777.5
605217560159679.38
605193140704303.88
605168723219412.12
605144307704766
605119894160126.75
605095482585256.12
605071072979915.62
605046665343867
605022259676871.88
604997855978692
604973454249089.12
604949054487825.25
604924656694662
604900260869361.38
604875867011685.25
604851475121395.62
604827085198254.38
604802697242023.75
604778311252465.62
604753927229342.12
604729545172415.62
604705165081448.25
604680786956202.12
604656410796439.75
604632036601923
604607664372414.62
604583294107676.75
604558925807472
604534559471562.5
604510195099711.25
604485832691680.5
604461472247232.75
604437113766130.88
604412757248137.38
604388402693015
604364050100526.38
604339699470434.25
604315350802501.5
604291004096491
604266659352165.75
604242316569288.38
604217975747622.12
604193636886929.75
604169299986974.38
604144965047519.25
604120632068327.25
604096301049161.75
604071971989785.62
604047644889962.25
604023319749455
603998996568027.12
603974675345441.88
603950356081462.75
603926038775853.12
603901723428376.5
603877410038796.12
603853098606875.88
603828789132379.12
603804481615069.5
603780176054710.62
603755872451066.25
603731570803900.12
603707271112976
603682973378057.5
603658677598908.62
603634383775293.25
603610091906975.25
603585801993718.62
603561514035287.25
603537228031445.25
603512943981956.62
603488661886585.5
603464381745096.12
603440103557252.5
603415827322818.88
603391553041559.62
603367280713239
603343010337621.25
603318741914470.75
603294475443552
603270210924629.25
603245948357467.25
603221687741830.38
603197429077483.25
603173172364190.25
603148917601716.25
603124664789825.88
603100413928283.88
603076165016854.75
603051918055303.62
603027673043395.12
603003429980894
602979188867565.25
602954949703174.12
602930712487485.25
602906477220263.62
602882243901274.38
602858012530282.62
602833783107053.5
602809555631352
602785330102943.62
602761106521593.25
602736884887066.5
602712665199128.5
602688447457544.75
602664231662080.38
602640017812501
602615805908572
602591595950058.88
602567387936727.25
602543181868342.62
602518977744670.62
602494775565477
602470575330527.38
602446377039587.38
602422180692423
602397986288799.88
602373793828483.88
602349603311240.88
602325414736836.75
602301228105037.38
602277043415609
602252860668317.5
602228679862929
602204500999209.5
602180324076925.25
602156149095842.38
602131976055727.12
602107804956345.75
602083635797464.38
602059468578849.5
602035303300267.5
602011139961484.88
601986978562267.75
601962819102382.88
601938661581596.75
601914505999675.75
601890352356386.62
601866200651495.88
601842050884770.38
601817903055976.62
601793757164881.5
601769613211251.62
601745471194854
601721331115455.38
601697192972822.62
601673056766722.75
601648922496922.62
601624790163189.38
601600659765289.88
601576531302991.38
601552404776060.88
601528280184265.62
601504157527372.62
601480036805149.38
601455918017362.88
601431801163780.62
601407686244169.88
601383573258298
601359462205932.5
601335353086840.62
601311245900790.12
601287140647548.38
601263037326882.88
601238935938561.38
601214836482351.38
601190738958020.75
601166643365337
601142549704067.88
601118457973981.38
601094368174845.12
601070280306427.12
601046194368495.12
601022110360817.12
600998028283161.12
600973948135295.25
600949869916987.25
600925793628005.5
600901719268117.88
600877646837092.75
600853576334698.12
600829507760702.38
600805441114873.75
600781376396980.5
600757313606791
600733252744073.62
600709193808597
600685136800129.25
600661081718439
600637028563294.88
600612977334465.25
600588928031718.75
600564880654824.25
600540835203550
600516791677665.25
600492750076938.38
600468710401138.38
600444672650034
600420636823394
600396602920987.38
600372570942583.12
600348540887950.12
600324512756857.25
600300486549073.75
600276462264368.75
600252439902511.38
600228419463270.62
600204400946415.75
600180384351716.12
600156369678940.88
600132356927859.25
600108346098240.62
600084337189854.5
600060330202470.25
600036325135857.25
600012321989785.12
599988320764023.25
599964321458341.38
599940324072508.75
599916328606295.38
599892335059471
599868343431805
599844353723067.25
599820365933027.38
599796380061455.62
599772396108121.62
599748414072795.12
599724433955246.12
599700455755244.88
599676479472561
599652505106964.62
599628532658226.12
599604562126115.25
599580593510402.5
599556626810857.88
599532662027251.38
599508699159353.5
599484738206934.88
599460779169765.25
599436822047615.12
599412866840255.25
599388913547455.88
599364962168987.5
599341012704620.5
599317065154125.62
599293119517273.25
599269175793834.5
599245233983579.38
599221294086278.88
599197356101703.88
599173420029625.12
599149485869813.38
599125553622039.25
599101623286074
599077694861688.38
599053768348653.5
599029843746740.12
599005921055719.25
598982000275362.12
598958081405439.88
598934164445723.75
598910249395984.38
598886336255993.62
598862425025522.5
598838515704342.25
598814608292224.12
598790702788939.5
598766799194260.12
598742897507957.12
598718997729802.12
598695099859566.25
598671203897021.38
598647309841939.12
598623417694091.12
598599527453248.62
598575639119183.75
598551752691668.25
598527868170473.62
598503985555371.88
598480104846134.62
598456226042534
598432349144341.62
598408474151329.88
598384601063270.12
598360729879934.75
598336860601096.12
598312993226525.75
598289127755996
598265264189279
598241402526147.25
598217542766372.5
598193684909727.5
598169828955984
598145974904914.75
598122122756292.25
598098272509888.5
598074424165476.25
598050577722827.75
598026733181716
598002890541913
597979049803191.75
597955210965324.5
597931374028084.38
597907538991243.88
597883705854575.75
597859874617852.62
597836045280847.38
597812217843333.25
597788392305082.75
597764568665868.75
597740746925464.25
597716927083642.5
597693109140176.5
597669293094839
597645478947403.5
597621666697642.62
597597856345330.25
597574047890239
597550241332142.5
597526436670813.62
597502633906026
597478833037553.25
597455034065168.12
597431236988644.5
597407441807755.75
597383648522275.5
597359857131977
597336067636634.12
597312280036020.12
597288494329909
597264710518074.38
597240928600289.62
597217148576329
597193370445966.12
597169594208974.75
597145819865128.62
597122047414201.88
597098276855968.38
597074508190202.12
597050741416677.25
597026976535167.25
597003213545446.75
596979452447289.75
596955693240470.5
596931935924762.75
596908180499941.12
596884426965779.88
596860675322053.25
596836925568535.38
596813177705000.88
596789431731224
596765687646979.25
596741945452041.25
596718205146184.12
596694466729182.88
596670730200811.75
596646995560845.62
596623262809058.88
596599531945226.25
596575802969122.75
596552075880522.88
596528350679201.75
596504627364933.62
596480905937493.75
596457186396657.12
596433468742198.5
596409752973892.88
596386039091515.12
596362327094840.75
596338616983644.5
596314908757701.5
596291202416786.88
596267497960676.12
596243795389144.12
596220094701966.38
596196395898917.88
596172698979774.12
596149003944310.75
596125310792302.88
596101619523525.88
596077930137755.38
596054242634767
596030557014336.12
596006873276238.38
595983191420249.25
595959511446144.5
595935833353700.12
595912157142691.38
595888482812894.25
595864810364084.5
595841139796038
595817471108530.62
595793804301338.25
595770139374236.62
595746476327002
595722815159410.5
595699155871237.88
595675498462260.25
595651842932253.75
595628189280994.88
595604537508259.25
595580887613823.5
595557239597463.62
595533593458956.12
595509949198077.5
595486306814603.5
595462666308311.12
595439027678976.62
595415390926376.62
595391756050287.25
595368123050485.25
595344491926747.25
595320862678849.88
595297235306569.75
595273609809683.5
595249986187967.88
595226364441199.75
595202744569155.88
595179126571612.88
595155510448348
595131896199137.62
595108283823759.12
595084673321989.5
595061064693605.25
595037457938383.88
595013853056102.38
594990250046538
594966648909467.5
594943049644668.25
594919452251917.62
594895856730992.62
594872263081670.88
594848671303729.25
594825081396945.38
594801493361096.75
594777907195960.75
594754322901314.38
594730740476935.88
594707159922602.25
594683581238091.38
594660004423180.62
594636429477647.62
594612856401270.5
594589285193826.5
594565715855093.62
594542148384849.25
594518582782871.62
594495019048938.5
594471457182827.75
594447897184317.25
594424339053184.88
594400782789209
594377228392167.25
594353675861837.88
594330125197998.88
594306576400428.5
594283029468904.88
594259484403206.25
594235941203110.5
594212399868396.38
594188860398842.12
594165322794225.88
594141787054326.25
594118253178921.25
594094721167790
594071191020710.38
594047662737461.38
594024136317821
594000611761568.12
593977089068481.62
593953568238339.88
593930049270921.62
593906532166005.5
593883016923370.62
593859503542795.38
593835992024058.75
593812482366939.62
593788974571217
593765468636670
593741964563077.12
593718462350217.5
593694961997870.25
593671463505814.88
593647966873829.75
593624472101694.38
593600979189188.12
593577488136090
593553998942179.38
593530511607235.38
593507026131037.5
593483542513364.75
593460060753997.25
593436580852713.75
593413102809293.88
593389626623517.25
593366152295163.38
593342679824011.88
593319209209842.25
593295740452434.12
593272273551567.38
593248808507021.62
593225345318576.38
593201883986011.62
593178424509107.12
593154966887642.88
593131511121398.75
593108057210154.25
593084605153689.88
593061154951785.38
593037706604220.88
593014260110776
592990815471231.38
592967372685367.12
592943931752963
592920492673799.62
592897055447656.88
592873620074315.25
592850186553554.88
592826754885156.5
592803325068899.75
592779897104565.62
592756470991934.62
592733046730786.88
592709624320903.12
592686203762063.62
592662785054049.25
592639368196640.5
592615953189618.12
592592540032762.5
592569128725854.75
592545719268675.38
592522311661005.25
592498905902625.25
592475501993316
592452099932858.75
592428699721034.12
592405301357623.38
592381904842407
592358510175166.5
592335117355682.75
592311726383737
592288337259110.12
592264949981583.38
592241564550938.25
592218180966955.62
592194799229416.88
592171419338103.25
592148041292796.38
592124665093277.38
592101290739327.62
592077918230728.75
592054547567261.88
592031178748709.12
592007811774851.5
591984446645470.88
591961083360348.5
591937721919266.62
591914362322006.5
591891004568350
591867648658078.75
591844294590974.5
591820942366819.5
591797591985395.12
591774243446483.5
591750896749866.38
591727551895326
591704208882644.12
591680867711602.75
591657528381984.25
591634190893570.5
591610855246143.75
591587521439486
591564189473379.5
591540859347606.38
591517531061949.25
591494204616190.25
591470880010111.38
591447557243495.62
591424236316125
591400917227782.12
591377599978249.25
591354284567309
591330970994744.12
591307659260337
591284349363870.25
591261041305126.38
591237735083888.25
591214430699938.75
591191128153060.38
591167827443035.88
591144528569648.25
591121231532680.25
591097936331915
591074642967135
591051351438123.38
591028061744663.12
591004773886537.5
590981487863529.38
590958203675421.62
590934921321997.75
590911640803040.75
590888362118333.88
590865085267660.12
590841810250802.88
590818537067545.88
590795265717671.88
590771996200964.5
590748728517206.88
590725462666182.88
590702198647675.62
590678936461469
590655676107345.88
590632417585090.38
590609160894486.12
590585906035316.62
590562653007365.38
590539401810416.12
590516152444253.12
590492904908659.5
590469659203419.38
590446415328316.38
590423173283134.62
590399933067658.12
590376694681670.5
590353458124955.88
590330223397298.12
590306990498481.75
590283759428290.38
590260530186508.38
590237302772919.5
590214077187308.25
590190853429459
590167631499155.75
590144411396182.88
590121193120324.62
590097976671365.5
590074762049089.75
590051549253281.75
590028338283726
590005129140207.12
589981921822509.75
589958716330418
589935512663716.75
589912310822190.38
589889110805624.12
589865912613802.12
589842716246509.25
589819521703530.25
589796328984650.12
589773138089653.38
589749949018325
589726761770450.12
589703576345813.25
589680392744199.88
589657210965394.5
589634031009182.25
589610852875348.25
589587676563678
589564502073956
589541329405967.62
589518158559498.12
589494989534332.88
589471822330257.12
589448656947055.88
589425493384514.75
589402331642418.88
589379171720554
589356013618705.25
589332857336658
589309702874198.12
589286550231111
589263399407182.38
589240250402197.38
589217103215942
589193957848201.88
589170814298762.88
589147672567410.38
589124532653930.25
589101394558108.5
589078258279730.75
589055123818583.25
589031991174451.25
589008860347121.25
588985731336379
588962604142010.75
588939478763802
588916355201539.38
588893233455008.88
588870113523996.38
588846995408288.38
588823879107670.75
588800764621930.12
588777651950852.5
588754541094224.38
588731432051831.75
588708324823461.25
588685219408899.62
588662115807932.75
588639014020347.5
588615914045929.88
588592815884467
588569719535745.12
588546624999551.12
588523532275671.25
588500441363892.38
588477352264001.5
588454264975785
588431179499029.75
588408095833522.5
588385013979050.5
588361933935400
588338855702358.5
588315779279712.38
588292704667248.88
588269631864755.38
588246560872018.38
588223491688825.25
588200424314962.88
588177358750218.75
588154294994379.88
588131233047233.38
588108172908566.5
588085114578166.62
588062058055821.25
588039003341317.38
588015950434442.5
587992899334984
587969850042729.62
587946802557466.5
587923756878982.38
587900713007064.38
587877670941500.62
587854630682078.62
587831592228585.75
587808555580809.88
587785520738538.5
587762487701559.88
587739456469661.25
587716427042630.62
587693399420255.88
587670373602324.88
587647349588625.75
587624327378945.88
587601306973073.88
587578288370797.38
587555271571904.62
587532256576183.5
587509243383422.25
587486231993408.88
587463222405931.75
587440214620779.12
587417208637738.88
587394204456599.75
587371202077149.75
587348201499177.5
587325202722471
587302205746819
587279210572009.62
587256217197831.75
587233225624073.5
587210235850523.5
587187247876970.5
587164261703203.12
587141277329010
587118294754179.38
587095313978500.5
587072335001762
587049357823752.62
587026382444261
587003408863076
586980437079986.75
586957467094782
586934498907250.75
586911532517181.75
586888567924364.25
586865605128587.25
586842644129640
586819684927311.12
586796727521390
586773771911666
586750818097928.25
586727866079965.88
586704915857568
586681967430524.25
586659020798623.75
586636075961656.12
586613132919410.25
586590191671676
586567252218243
586544314558900.38
586521378693437.75
586498444621644.75
586475512343311
586452581858226.12
586429653166179.75
586406726266961.38
586383801160361
586360877846168.5
586337956324173.5
586315036594165.75
586292118655935
586269202509271.62
586246288153965.25
586223375589805.88
586200464816583.38
586177555834087.75
586154648642109.5
586131743240438.25
586108839628864.38
586085937807177.75
586063037775169
586040139532628
586017243079345.25
585994348415110.62
585971455539715
585948564452948.5
585925675154601.38
585902787644464.12
585879901922327.25
585857017987981.38
585834135841216.62
585811255481824
585788376909593.62
585765500124316.5
585742625125783.38
585719751913784.38
585696880488110.75
585674010848552.88
585651142994901.88
585628276926948.38
585605412644483.12
585582550147297.12
585559689435181.25
585536830507926.75
585513973365324
585491118007164.5
585468264433239
585445412643339
585422562637255
585399714414778.62
585376867975700.62
585354023319812.62
585331180446905.88
585308339356771.12
585285500049200.25
585262662523984.25
585239826780914.75
585216992819782.88
585194160640380.12
585171330242498.12
585148501625928.25
585125674790462.12
585102849735891
585080026462006.88
585057204968601.25
585034385255465.88
585011567322392
584988751169171.88
584965936795597
584943124201459.25
584920313386550.5
584897504350662.38
584874697093587
584851891615116.25
584829087915042.12
584806285993156.25
584783485849251.12
584760687483118.5
584737890894550.62
584715096083339.62
584692303049277.25
584669511792156.38
584646722311768.75
584623934607906.75
584601148680362.38
584578364528928.38
584555582153396.75
584532801553560.25
584510022729210.75
584487245680141.12
584464470406143.75
584441696907011.12
584418925182535.62
584396155232509.88
584373387056726.88
584350620654978.75
584327856027058.38
584305093172758.25
584282332091871.25
584259572784190.5
584236815249508.25
584214059487617.5
584191305498311.12
584168553281382.25
584145802836623.38
584123054163827.62
584100307262788.38
584077562133297.88
584054818775150
584032077188137.25
584009337372052.88
583986599326690
583963863051842.25
583941128547302.25
583918395812863.38
583895664848319.12
583872935653462.62
583850208228087.5
583827482571986.75
583804758684954
583782036566782.5
583759316217266
583736597636197.88
583713880823371.62
583691165778580.62
583668452501618.88
583645740992279.88
583623031250357
583600323275644.38
583577617067935.5
583554912627024.38
583532209952704.38
583509509044769.5
583486809903013.62
583464112527230.75
583441416917214.75
583418723072759.38
583396030993658.88
583373340679707.25
583350652130698.5
583327965346426.38
583305280326685.62
583282597071269.75
583259915579973.5
583237235852590.75
583214557888915.62
583191881688742.75
583169207251866.25
583146534578080.5
583123863667179.75
583101194518958.5
583078527133211.25
583055861509732.38
583033197648316.5
583010535548757.88
582987875210851.25
582965216634391.25
582942559819172.62
582919904764989.62
582897251471637.25
582874599938910.12
582851950166603
582829302154510.75
582806655902428
582784011410150
582761368677471.12
582738727704186.75
582716088490091.25
582693451034980.12
582670815338648.12
582648181400890.5
582625549221502
582602918800277.88
582580290137013.62
582557663231503.88
582535038083544
582512414692929.38
582489793059455.12
582467173182916.5
582444555063109
582421938699827.75
582399324092868.25
582376711242026.25
582354100147096.62
582331490807875.25
582308883224157.38
582286277395738.88
582263673322415.12
582241071003981.75
582218470440234.38
582195871630968.62
582173274575980.62
582150679275065.5
582128085728019.38
582105493934637.88
582082903894717.12
582060315608052.75
582037729074440.62
582015144293676.75
581992561265557.12
581969979989877.88
581947400466434.75
581924822695023.88
581902246675441.38
581879672407483.5
581857099890946.12
581834529125625.5
581811960111318.12
581789392847819.88
581766827334927.5
581744263572436.62
581721701560144.25
581699141297846.25
581676582785339.38
581654026022420
581631471008884.25
581608917744529
581586366229150.75
581563816462546.12
581541268444511.25
581518722174843.25
581496177653338.62
581473634879794.12
581451093854006.38
581428554575771.88
581406017044887.88
581383481261151
581360947224358.12
581338414934306
581315884390791.62
581293355593611.88
581270828542564
581248303237444.5
581225779678050.62
581203257864179.88
581180737795628.75
581158219472194.88
581135702893674.75
581113188059866.12
581090674970566.12
581068163625572
581045654024680.62
581023146167689.75
581000640054396.88
580978135684599.12
580955633058093.75
580933132174678.5
580910633034150.62
580888135636307.75
580865639980947.62
580843146067867.12
580820653896864.5
580798163467737.25
580775674780283
580753187834299.38
580730702629584
580708219165935
580685737443149.75
580663257461026.5
580640779219362.5
580618302717956
580595827956605.25
580573354935107.62
580550883653261.25
580528414110864.25
580505946307714.75
580483480243610.5
580461015918349.88
580438553331730.75
580416092483551.62
580393633373610.5
580371176001705.62
580348720367635.12
580326266471197.38
580303814312191
580281363890413.88
580258915205664.62
580236468257741.5
580214023046443.38
580191579571568.25
580169137832914.62
580146697830281.5
580124259563466.88
580101823032270
580079388236488.88
580056955175922.5
580034523850369.25
580012094259628.5
579989666403498.38
579967240281777.75
579944815894265.75
579922393240761
579899972321062.5
579877553134969
579855135682279.62
579832719962793
579810305976308.75
579787893722625.38
579765483201541.88
579743074412857.88
579720667356372.12
579698262031884
579675858439192.25
579653456578096.62
579631056448396.12
579608658049890.12
579586261382377.88
579563866445658.5
579541473239531.75
579519081763797
579496692018253.62
579474304002700.75
579451917716938.25
579429533160765.75
579407150333982.62
579384769236388.25
579362389867782.62
579340012227965.38
579317636316735.88
579295262133894.25
579272889679239.88
579250518952572.75
579228149953692.62
579205782682399.5
579183417138492.75
579161053321772.75
579138691232039.5
579116330869092.62
579093972232732.38
579071615322758.5
579049260138971.25
579026906681170.75
579004554949157.25
578982204942730.38
578959856661690.62
578937510105838.5
578915165274973.88
578892822168897
578870480787408.25
578848141130308.25
578825803197397
578803466988475.12
578781132503342.75
578758799741800.5
578736468703649.12
578714139388688.88
578691811796720.25
578669485927543.75
578647161780960.5
578624839356770.62
578602518654775
578580199674774.25
578557882416569.12
578535566879960.62
578513253064749.25
578490940970735.88
578468630597721.38
578446321945506.88
578424015013893
578401709802680.75
578379406311671.12
578357104540665.12
578334804489464.12
578312506157868.62
578290209545680.12
578267914652699.5
578245621478728.25
578223330023567.38
578201040287018
578178752268881.38
578156465968959
578134181387052.25
578111898522962.12
578089617376490.25
578067337947438
578045060235607
578022784240798.25
578000509962813.62
577978237401454.38
577955966556522.5
577933697427819.25
577911430015146.25
577889164318305.25
577866900337098
577844638071326.25
577822377520791.62
577800118685295.75
577777861564640.62
577755606158628.12
577733352467060.12
577711100489738.25
577688850226464.75
577666601677041.38
577644354841270.5
577622109718953.5
577599866309893
577577624613890.88
577555384630749.25
577533146360270.25
577510909802255.88
577488674956508.5
577466441822830.5
577444210401024.12
577421980690891.25
577399752692234.75
577377526404856.62
577355301828559.5
577333078963145.38
577310857808417
577288638364177.12
577266420630227.88
577244204606371.88
577221990292411.62
577199777688149.88
577177566793389.12
577155357607932.25
577133150131581.5
577110944364139.88
577088740305410.5
577066537955195.62
577044337313298.25
577022138379521
576999941153667.12
576977745635539.25
576955551824940.62
576933359721673.75
576911169325541.75
576888980636348.12
576866793653895.38
576844608377986.88
576822424808425.5
576800242945014.62
576778062787557.38
576755884335857
576733707589716.5
576711532548939.25
576689359213328.75
576667187582688.12
576645017656820.75
576622849435530
576600682918619.5
576578518105892.5
576556354997152.5
576534193592202.88
576512033890847.5
576489875892889.75
576467719598133.25
576445565006381.5
576423412117438.25
576401260931107.38
576379111447192.38
576356963665497
576334817585825
576312673207980.38
576290530531767
576268389556988.5
576246250283448.88
576224112710952
576201976839302.12
576179842668302.88
576157710197758.38
576135579427472.62
576113450357250
576091322986894.5
576069197316209.88
576047073345000.75
576024951073071.25
576002830500225.62
575980711626267.88
575958594451002.5
575936478974233.62
575914365195766
575892253115403.75
575870142732951.25
575848034048213
575825927060993.5
575803821771097.38
575781718178328.75
575759616282492.5
575737516083393.25
575715417580835.5
575693320774624.12
575671225664563.38
575649132250458.38
575627040532113.62
575604950509334.12
575582862181924.25
575560775549689.25
575538690612433.88
575516607369963
575494525822081.62
575472445968594.5
575450367809306.75
575428291344023.25
575406216572549.5
575384143494689.88
575362072110249.88
575340002419034.75
575317934420849.5
575295868115499.12
575273803502789
575251740582524.62
575229679354511
575207619818553.62
575185561974457.5
575163505822028.38
575141451361071.38
575119398591392.25
575097347512796
575075298125088.38
575053250428075.12
575031204421561.5
575009160105353.12
574987117479255.38
574965076543074.5
574943037296615.75
574920999739685
574898963872087.62
574876929693629.5
574854897204116.88
574832866403355.12
574810837291150.25
574788809867307.88
574766784131634.38
574744760083935.38
574722737724017
574700717051684.88
574678698066745.25
574656680769004.5
574634665158268.25
574612651234342.88
574590638997034.38
574568628446149.25
574546619581493.25
574524612402872.75
574502606910094
574480603102963.62
574458600981287.62
574436600544872.38
574414601793524.38
574392604727049.75
574370609345255.38
574348615647947.38
574326623634932.5
574304633306017
574282644661007.62
574260657699711.12
574238672421933.62
574216688827482.38
574194706916163.5
574172726687784.25
574150748142151
574128771279070.5
574106796098349.5
574084822599795.12
574062850783214.25
574040880648413.38
574018912195199.62
573996945423380
573974980332761.62
573953016923151.12
573931055194355.62
573909095146182.25
573887136778438.25
573865180090930.75
573843225083466.5
573821271755853
573799320107897.5
573777370139407.25
573755421850189.12
573733475240051
573711530308799.75
573689587056243
573667645482188.12
573645705586442.25
573623767368813.12
573601830829108.12
573579895967134.88
573557962782700.62
573536031275613.25
573514101445680.12
573492173292709
573470246816507.5
573448322016883.38
573426398893644.12
573404477446597.62
573382557675551.88
573360639580314.12
573338723160692.62
573316808416495.12
573294895347529.5
573272983953603.75
573251074234525.62
573229166190103.38
573207259820144.88
573185355124458.25
573163452102851.12
573141550755132.12
573119651081109.25
573097753080590.5
573075856753384.12
573053962099298.25
573032069118141.38
573010177809721.5
572988288173847.12
572966400210326.38
572944513918967.88
572922629299579.75
572900746351970.5
572878865075948.62
572856985471322.5
572835107537900.75
572813231275491.88
572791356683904.38
572769483762946.75
572747612512428
572725742932156.38
572703875021940.62
572682008781589.75
572660144210912.12
572638281309716.75
572616420077812.38
572594560515007.62
572572702621111.5
572550846395933.12
572528991839281
572507138950964.12
572485287730791.88
572463438178572.75
572441590294116.25
572419744077231.12
572397899527726.38
572376056645411.25
572354215430095.12
572332375881586.88
572310537999695.62
572288701784230.88
572266867235001.88
572245034351817.88
572223203134487.88
572201373582821.62
572179545696628.38
572157719475717.75
572135894919898.75
572114072028981.12
572092250802774.12
572070431241087.62
572048613343731.12
572026797110513.88
572004982541245.75
571983169635736.38
571961358393795.62
571939548815232.5
571917740899857.62
571895934647480
571874130057909.75
571852327130957
571830525866430.88
571808726264141.75
571786928323899.5
571765132045514
571743337428795
571721544473552.62
571699753179597.12
571677963546738.38
571656175574786.38
571634389263551.12
571612604612843.12
571590821622472.25
571569040292248.88
571547260621982.88
571525482611484.75
571503706260565
571481931569033.62
571460158536700.88
571438387163377.38
571416617448873.5
571394849392999.5
571373082995566
571351318256383.25
571329555175262
571307793752012.62
571286033986445.88
571264275878372.12
571242519427602
571220764633946.5
571199011497216
571177260017221.25
571155510193773
571133762026682
571112015515759.12
571090270660815.12
571068527461660.88
571046785918107.25
571025046029965.38
571003307797045.88
570981571219159.75
570959836296118.12
570938103027732.12
570916371413812.62
570894641454170.75
570872913148617.62
570851186496964.25
570829461499022.12
570807738154602.25
570786016463515.88
570764296425574.12
570742578040588.62
570720861308370.38
570699146228730.62
570677432801481.12
570655721026433.12
570634010903398.12
570612302432187.5
570590595612612.5
570568890444484.88
570547186927616.38
570525485061818.25
570503784846902.12
570482086282679.88
570460389368962.88
570438694105563.12
570417000492291.88
570395308528961.5
570373618215383.12
570351929551369
570330242536730.88
570308557171280.25
570286873454829.62
570265191387190.38
570243510968175
570221832197594.75
570200155075262.25
570178479600989.25
570156805774588
570135133595870.38
570113463064648.38
570091794180734.5
570070126943940.75
570048461354079.5
570026797410962.62
570005135114402.62
569983474464211.88
569961815460202.5
569940158102186.75
569918502389977.25
569896848323386.5
569875195902226.62
569853545126310.25
569831895995449.75
569810248509457.75
569788602668146.62
569766958471329.38
569745315918818
569723675010425.5
569702035745964.62
569680398125247.75
569658762148087.88
569637127814297.62
569615495123689.62
569593864076076.88
569572234671272.38
569550606909088.38
569528980789338.25
569507356311835
569485733476391.25
569464112282820.12
569442492730934.5
569420874820547.75
569399258551472.5
569377643923522.12
569356030936509.5
569334419590247.75
569312809884550.62
569291201819230.62
569269595394101.25
569247990608975.75
569226387463667.62
569204785957989.75
569183186091755.75
569161587864778.88
569139991276872.62
569118396327850.5
569096803017525.75
569075211345712
569053621312222.5
569032032916871.25
569010446159471.38
568988861039836.75
568967277557780.75
568945695713117.38
568924115505660.12
568902536935222.5
568880960001618.62
568859384704661.88
568837811044166.5
568816239019946
568794668631814.12
568773099879584.88
568751532763072.5
568729967282090.5
568708403436452.75
568686841225973.62
568665280650467
568643721709747
568622164403627.5
568600608731922.62
568579054694446.62
568557502291013.75
568535951521438
568514402385533.38
568492854883114.75
568471309013995.88
568449764777991.38
568428222174915.25
568406681204582.12
568385141866806.25
568363604161402.12
568342068088184.12
568320533646966.62
568299000837564.38
568277469659791.75
568255940113463.5
568234412198393.62
568212885914397.38
568191361261289.12
568169838238883.75
568148316846995.38
568126797085439.38
568105278954030.12
568083762452582.62
568062247580911.62
568040734338831.62
568019222726158
567997712742705.25
567976204388288.75
567954697662722.75
567933192565822.75
567911689097403.75
567890187257280.62
567868687045268.62
567847188461182.38
567825691504837.38
567804196176048.75
567782702474631.75
567761210400401.12
567739719953172.5
567718231132761.12
567696743938982.25
567675258371651
567653774430582.88
567632292115593.38
567610811426497.62
567589332363111.25
567567854925249.38
567546379112727.75
567524904925362
567503432362967.5
567481961425359.75
567460492112354.25
567439024423767
567417558359413.38
567396093919109.12
567374631102669.88
567353169909911.25
567331710340649.5
567310252394699.88
567288796071878.38
567267341372000.75
567245888294883.12
567224436840341.25
567202987008191
567181538798248.25
567160092210329.12
567138647244249.88
567117203899826
567095762176873.88
567074322075209.5
567052883594649.25
567031446735009
567010011496104.88
566988577877753.12
566967145879770.25
566945715501972.25
566924286744175.38
566902859606196.12
566881434087850.75
566860010188955.75
566838587909327.25
566817167248781.75
566795748207135.75
566774330784205.88
566752914979808.62
566731500793760.12
566710088225877.38
566688677275976.88
566667267943875.25
566645860229388.88
566624454132334.88
566603049652529.5
566581646789789.75
566560245543932.62
566538845914774.25
566517447902131.88
566496051505822.38
566474656725662.62
566453263561469.12
566431872013059.25
566410482080249.75
566389093762857.88
566367707060700.12
566346321973593.75
566324938501356
566303556643803.88
566282176400754.5
566260797772024.75
566239420757432.12
566218045356793.75
566196671569927
566175299396648.62
566153928836776.25
566132559890127.38
566111192556519.12
566089826835768.88
566068462727693.88
566047100232111.75
566025739348840
566004380077696
565983022418497
565961666371060.75
565940311935205.12
565918959110747.38
565897607897505
565876258295295.88
565854910303937.62
565833563923247.88
565812219153044.5
565790875993144.88
565769534443367.12
565748194503529.12
565726856173448.5
565705519452943.12
565684184341830.88
565662850839929.88
565641518947057.75
565620188663032.88
565598859987672.75
565577532920795.62
565556207462219.88
565534883611763.12
565513561369243.75
565492240734479.5
565470921707289.25
565449604287490.5
565428288474901.88
565406974269341.25
565385661670627.25
565364350678578.25
565343041293012.25
565321733513747.62
565300427340602.88
565279122773396.62
565257819811946.88
565236518456072.38
565215218705591.5
565193920560322.88
565172624020085
565151329084696.38
565130035753975.75
565108744027741.5
565087453905812.75
565066165388007.75
565044878474145.25
565023593164044
565002309457523
564981027354400.88
564959746854496.38
564938467957628.5
564917190663616
564895914972278
564874640883433.12
564853368396900.5
564832097512498.88
564810828230047.62
564789560549365.75
564768294470272
564747029992585.62
564725767116125.88
564704505840711.88
564683246166162.5
564661988092297.38
564640731618935.38
564619476745896
564598223472998.62
564576971800062
564555721726906
564534473253349.88
564513226379213
564491981104314.62
564470737428474.38
564449495351511.75
564428254873246.12
564407015993497.12
564385778712084.25
564364543028827.12
564343308943545.25
564322076456058.5
564300845566186.25
564279616273748.38
564258388578564.5
564237162480454.38
564215937979237.88
564194715074734.62
564173493766764.88
564152274055147.88
564131055939704
564109839420252.75
564088624496614.25
564067411168608.62
564046199436055.62
564024989298775.38
564003780756587.75
563982573809313.25
563961368456771.5
563940164698782.88
563918962535167.25
563897761965745.38
563876562990336.88
563855365608762.38
563834169820841.75
563812975626395.5
563791783025244.12
563770592017207.75
563749402602106.62
563728214779761.25
563707028549992.38
563685843912620
563664660867464.62
563643479414347.12
563622299553087.62
563601121283507
563579944605425.62
563558769518664.12
563537596023043.12
563516424118383.5
563495253804505.62
563474085081230.38
563452917948378.62
563431752405771
563410588453228.38
563389426090571.38
563368265317621.12
563347106134198.25
563325948540123.88
563304792535218.88
563283638119304
563262485292200.5
563241334053729.38
563220184403711.75
563199036341968.25
563177889868320.38
563156744982589.12
563135601684595.75
563114459974161.25
563093319851106.88
563072181315253.75
563051044366423.5
563029909004437.25
563008775229115.88
562987643040281.38
562966512437754.62
562945383421357.44
562924255990910.75
562903130146236.5
562882005887155.62
562860883213490
562839762125061.25
562818642621690.44
562797524703199.56
562776408369410.06
562755293620143.75
562734180455221.94
562713068874466.5
562691958877699.38
562670850464741.94
562649743635416.25
562628638389543.75
562607534726946.56
562586432647446.38
562565332150865.25
562544233237024.75
562523135905747
562502040156854.19
562480945990167.94
562459853405510.38
562438762402703.44
562417672981569.44
562396585141930.25
562375498883608.12
562354414206424.94
562333331110203.12
562312249594764.75
562291169659932.12
562270091305527.38
562249014531372.75
562227939337290.88
562206865723103.75
562185793688633.88
562164723233703.31
562143654358134.94
562122587061750.88
562101521344373.75
562080457205825.88
562059394645929.81
562038333664508.38
562017274261383.81
561996216436378.75
561975160189315.81
561954105520017.88
561933052428307.31
561912000914006.94
561890950976939.5
561869902616927.62
561848855833794.38
561827810627362.31
561806766997454.25
561785724943893.06
561764684466501.94
561743645565103.44
561722608239520.44
561701572489576.19
561680538315093.56
561659505715895.69
561638474691805.44
561617445242645.88
561596417368240.06
561575391068411.44
561554366342982.81
561533343191777.38
561512321614618.56
561491301611329.44
561470283181733.44
561449266325653.56
561428251042913.25
561407237333335.69
561386225196744.69
561365214632963.19
561344205641814.69
561323198223122.75
561302192376710.75
561281188102402.38
561260185400020.75
561239184269389.81
561218184710332.88
561197186722673.81
561176190306236
561155195460843
561134202186318.75
561113210482486.88
561092220349171.19
561071231786195.12
561050244793382.81
561029259370557.94
561008275517544.44
560987293234165.88
560966312520246.31
560945333375609.88
560924355800080.25
560903379793481.62
560882405355637.56
560861432486372.5
560840461185510.31
560819491452875.25
560798523288291.06
560777556691582.06
560756591662572.62
560735628201086.62
560714666306948.5
560693705979982.12
560672747220012.06
560651790026862.5
560630834400357.94
560609880340322.25
560588927846580.12
560567976918956.12
560547027557274.31
560526079761359.25
560505133531035.38
560484188866127.38
560463245766459.56
560442304231856.62
560421364262142.88
560400425857143.06
560379489016682
560358553740584.12
560337620028674.12
560316687880776.69
560295757296716.81
560274828276318.88
560253900819407.88
560232974925808.38
560212050595345.62
560191127827844.25
560170206623129.12
560149286981025.19
560128368901357.19
560107452383950.56
560086537428629.88
560065624035220.31
560044712203546.75
560023801933434.62
560002893224708.69
559981986077194.19
559961080490716.25
559940176465099.94
559919274000170.81
559898373095753.75
559877473751674.12
559856575967757.06
559835679743828.25
559814785079712.69
559793891975235.69
559773000430222.88
559752110444499.56
559731222017891.25
559710335150223.19
559689449841321.06
559668566091010.19
559647683899116.44
559626803265465.06
559605924189881.62
559585046672192.06
559564170712221.75
559543296309796.62
559522423464741.94
559501552176883.81
559480682446047.81
559459814272059.88
559438947654745.56
559418082593930.75
559397219089441.44
559376357141103.44
559355496748742.69
559334637912184.88
559313780631256.25
559292924905782.69
559272070735590.31
559251218120504.94
559230367060352.56
559209517554959.56
559188669604151.94
559167823207755.88
559146978365597.25
559126135077502.62
559105293343298
559084453162809.81
559063614535863.94
559042777462286.94
559021941941905.31
559001107974545.12
558980275560032.94
558959444698194.75
558938615388857.44
558917787631847.25
558896961426990.75
558876136774114.19
558855313673044.31
558834492123607.81
558813672125631
558792853678940.5
558772036783363.06
558751221438725.25
558730407644853.81
558709595401575.5
558688784708716.75
558667975566104.5
558647167973565.81
558626361930927.19
558605557438015.44
558584754494657.44
558563953100680.38
558543153255910.81
558522354960175.94
558501558213302.31
558480763015117.25
558459969365447.88
558439177264121
558418386710963.75
558397597705803.06
558376810248466.5
558356024338780.81
558335239976573.25
558314457161670.94
558293675893901.31
558272896173091.62
558252117999068.94
558231341371660.62
558210566290693.88
558189792755996.5
558169020767395.38
558148250324718.12
558127481427792.06
558106714076444.81
558085948270503.81
558065184009796.38
558044421294150.38
558023660123392.88
558002900497352.06
557982142415855.06
557961385878729.69
557940630885803.44
557919877436904.25
557899125531859.88
557878375170497.62
557857626352645.69
557836879078131.62
557816133346783.5
557795389158428.81
557774646512895.56
557753905410011.56
557733165849604.94
557712427831503.62
557691691355535.19
557670956421528.06
557650223029310.06
557629491178709.44
557608760869553.81
557588032101671.69
557567304874891.06
557546579189040.19
557525855043947
557505132439439.69
557484411375346.69
557463691851496.19
557442973867716.5
557422257423835.62
557401542519682.25
557380829155084.56
557360117329871.06
557339407043869.81
557318698296909.56
557297991088818.69
557277285419425.62
557256581288559.06
557235878696047.06
557215177641718.62
557194478125402.19
557173780146926.44
557153083706119.69
557132388802810.81
557111695436828.69
557091003608001.75
557070313316158.88
557049624561128.56
557028937342739.88
557008251660821.56
556987567515202.5
556966884905711.19
556946203832176.88
556925524294428.56
556904846292294.88
556884169825604.94
556863494894187.56
556842821497872.12
556822149636487.31
556801479309862.44
556780810517826.19
556760143260208
556739477536837.12
556718813347542.44
556698150692153.25
556677489570498.69
556656829982408.25
556636171927710.94
556615515406236.12
556594860417813.12
556574206962271.12
556553555039439.88
556532904649148.44
556512255791226.31
556491608465502.88
556470962671807.88
556450318409970.44
556429675679820.31
556409034481186.81
556388394813899.81
556367756677788.81
556347120072683.31
556326484998413
556305851454807.44
556285219441696.69
556264588958910.12
556243960006277.56
556223332583628.69
556202706690793.56
556182082327601.94
556161459493883.38
556140838189468.06
556120218414185.75
556099600167866.5
556078983450340.06
556058368261436.5
556037754600985.69
556017142468817.88
555996531864763.12
555975922788651.12
555955315240312.44
555934709219576.88
555914104726274.88
555893501760236.19
555872900321291.44
555852300409270.5
555831702024003.88
555811105165321.88
555790509833054.44
555769916027032.25
555749323747085.5
555728732993044.69
555708143764740
555687556062002
555666969884661.19
555646385232547.94
555625802105492.88
555605220503326.25
555584640425878.94
555564061872981.31
555543484844464.19
555522909340157.81
555502335359893.19
555481762903500.88
555461191970811.56
555440622561655.94
555420054675864.69
555399488313268.94
555378923473699.19
555358360156986.38
555337798362961.12
555317238091454.56
555296679342297.5
555276122115321
555255566410355.69
555235012227232.75
555214459565783.44
555193908425838.38
555173358807228.75
555152810709785.69
555132264133340.25
555111719077723.56
555091175542766.94
555070633528301.12
555050093034157.62
555029554060167.81
555009016606162.69
554988480671973.62
554967946257431.81
554947413362368.88
554926881986615.81
554906352130004.31
554885823792365.38
554865296973530.62
554844771673331.81
554824247891600.06
554803725628166.94
554783204882863.88
554762685655522.81
554742167945974.94
554721651754051.88
554701137079585.44
554680623922407.19
554660112282348.94
554639602159242.12
554619093552918.56
554598586463210
554578080889948.44
554557576832965.38
554537074292092.75
554516573267162.38
554496073758006.19
554475575764456.25
554455079286344.06
554434584323502
554414090875761.62
554393598942955.44
554373108524915.06
554352619621472.62
554332132232460.19
554311646357710
554291161997054.19
554270679150324.62
554250197817353.75
554229717997973.69
554209239692016.69
554188762899314.94
554168287619700.69
554147813853006.19
554127341599063.94
554106870857706.25
554086401628765.31
554065933912073.69
554045467707463.81
554025003014768.12
554004539833818.88
553984078164448.75
553963618006490.44
553943159359776.12
553922702224138.75
553902246599410.44
553881792485424.19
553861339882012.56
553840888789008.25
553820439206243.69
553799991133551.94
553779544570765.56
553759099517717.44
553738655974240.19
553718213940166.81
553697773415330
553677334399562.75
553656896892697.94
553636460894568.19
553616026405006.81
553595593423846.69
553575161950920.69
553554731986061.94
553534303529103.31
553513876579878.19
553493451138219.38
553473027203960.19
553452604776933.38
553432183856972.5
553411764443910.62
553391346537581
553370930137816.75
553350515244451.06
553330101857317.62
553309689976249.38
553289279601079.75
553268870731642
553248463367769.81
553228057509296.25
553207653156054.94
553187250307879.31
553166848964602.69
553146449126058.94
553126050792081.25
553105653962503.31
553085258637158.56
553064864815880.94
553044472498503.75
553024081684860.69
553003692374785.69
552983304568112.06
552962918264674
552942533464304.81
552922150166838.5
552901768372108.69
552881388079949.56
552861009290194.62
552840632002677.81
552820256217233.12
552799881933694.44
552779509151895.81
552759137871671
552738768092854.12
552718399815279.06
552698033038780.19
552677667763191.25
552657303988346.38
552636941714079.88
552616580940225.75
552596221666618.31
552575863893091.44
552555507619479.69
552535152845617.06
552514799571338.12
552494447796476.81
552474097520867.44
552453748744344.69
552433401466742.69
552413055687895.94
552392711407638.62
552372368625805.38
552352027342230.62
552331687556749
552311349269194.62
552291012479402.31
552270677187206.62
552250343392442.06
552230011094943.38
552209680294544.88
552189350991081.5
552169023184387.88
552148696874298.81
552128372060648.62
552108048743272.38
552087726922005
552067406596681
552047087767135.5
552026770433202.88
552006454594718.38
551986140251516.88
551965827403433.25
551945516050302.31
551925206191959.06
551904897828238.88
551884590958976.31
551864285584006.62
551843981703164.69
551823679316286
551803378423205.31
551783079023758
551762781117778.81
551742484705103.31
551722189785566.81
551701896359004.31
551681604425251.12
551661313984142.38
551641025035513.81
551620737579200.44
551600451615037.62
551580167142860.81
551559884162505.31
551539602673806.88
551519322676600.62
551499044170722.12
551478767156006.81
551458491632290.56
551438217599408.5
551417945057196.44
551397674005489.75
551377404444124.5
551357136372935.94
551336869791759.88
551316604700432
551296341098787.88
551276078986663.69
551255818363894.81
551235559230317.12
551215301585766.44
551195045430078.81
551174790763089.81
551154537584635.38
551134285894551.56
551114035692674.25
551093786978839.56
551073539752883.19
551053294014641.25
551033049763949.75
551012807000644.94
550992565724562.75
550972325935539.12
550952087633410.56
550931850818013
550911615489182.75
550891381646755.69
550871149290568.56
550850918420457.06
550830689036258
550810461137807.25
550790234724941.25
550770009797496.5
550749786355309.25
550729564398216.06
550709343926052.94
550689124938656.81
550668907435863.88
550648691417510.81
550628476883433.88
550608263833469.69
550588052267454.94
550567842185226.19
550547633586620.12
550527426471473
550507220839621.88
550487016690903.31
550466814025154.19
550446612842210.75
550426413141910.12
550406214924089.25
550386018188584.56
550365822935233.19
550345629163871.56
550325436874337
550305246066466.25
550285056740096.31
550264868895063.81
550244682531205.94
550224497648359.94
550204314246362.5
550184132325050.75
550163951884261.81
550143772923832.69
550123595443600.56
550103419443402.69
550083244923075.81
550063071882457.44
550042900321385
550022730239695.31
550002561637225.81
549982394513813.69
549962228869296.56
549942064703511.38
549921902016295.75
549901740807486.75
549881581076921.94
549861422824439.06
549841266049875.12
549821110753067.81
549800956933854.44
549780804592072.88
549760653727560.38
549740504340154.56
549720356429692.94
549700209996013.38
549680065038953.44
549659921558350.62
549639779554042.75
549619639025867.38
549599499973662.62
549579362397265.81
549559226296514.94
549539091671247.69
549518958521302.06
549498826846515.94
549478696646726.88
549458567921773.19
549438440671492.44
549418314895722.88
549398190594302.31
549378067767068.69
549357946413860.06
549337826534514.56
549317708128870.38
549297591196765.19
549277475738037.5
549257361752525.31
549237249240066.88
549217138200500.19
549197028633663.5
549176920539395.06
549156813917533.38
549136708767916.44
549116605090382.5
549096502884770.19
549076402150917.62
549056302888663.38
549036205097845.56
549016108778302.81
548996013929873.56
548975920552396.38
548955828645709.44
548935738209651.44
548915649244060.94
548895561748776.56
548875475723636.94
548855391168480.31
548835308083145.69
548815226467471.69
548795146321296.94
548775067644460
548754990436799.81
548734914698155
548714840428364.44
548694767627267
548674696294701.19
548654626430506.12
548634558034520.69
548614491106583.75
548594425646533.94
548574361654210.5
548554299129452.56
548534238072098.75
548514178481988.31
548494120358960
548474063702853.19
548454008513506.81
548433954790760.12
548413902534451.88
548393851744421.56
548373802420508.44
548353754562551.5
548333708170390
548313663243863.06
548293619782810.38
548273577787070.88
548253537256484.06
548233498190888.94
548213460590125.19
548193424454032.25
548173389782449.44
548153356575216.06
548133324832171.69
548113294553155.94
548093265738008.12
548073238386567.94
548053212498674.62
548033188074167.94
548013165112887.75
547993143614673.38
547973123579364.5
547953105006800.69
547933087896822.06
547913072249267.88
547893058063978.12
547873045340792.31
547853034079550.56
547833024280092.69
547813015942258.19
547793009065887.12
547773003650819.31
547752999696894.88
547732997203953.44
547712996171835.12
547692996600379.75
547672998489427.56
547653001838818.56
547633006648392.44
547613012917989.69
547593020647450.19
547573029836614.19
547553040485321.62
547533052593412.81
547513066160727.75
547493081187106.88
547473097672390.5
547453115616418.44
547433135019031.38
547413155880069.5
547393178199373.25
547373201976782.69
547353227212138.38
547333253905280.56
547313282056049.88
547293311664286.75
547273342729831.38
547253375252524.56
547233409232206.62
547213444668718.31
547193481561899.81
547173519911592.06
547153559717635.5
547133600979870.81
547113643698138.69
547093687872279.56
547073733502134.38
547053780587543.81
547033829128348.75
547013879124389.5
546993930575507.31
546973983481542.81
546954037842336.81
546934093657730.31
546914150927563.94
546894209651679
546874269829916.06
546854331462116.31
546834394548120.44
546814459087769.75
546794525080905.12
546774592527367.75
546754661426998.31
546734731779638.25
546714803585128.75
546694876843310.69
546674951554025.44
546655027717113.88
546635105332417.56
546615184399777.56
546595264919035.25
546575346890031.56
546555430312608.06
546535515186606.31
546515601511867.25
546495689288232.38
546475778515543.06
546455869193640.94
546435961322367.12
546416054901563.44
546396149931070.88
546376246410731.25
546356344340386.25
546336443719877.19
546316544549045.69
546296646827733.31
546276750555781.88
546256855733032.88
546236962359327.94
546217070434508.69
546197179958417.12
546177290930894.94
546157403351783.69
546137517220925.25
546117632538161.38
546097749303334.12
546077867516285.12
546057987176856.31
546038108284889.44
546018230840226.75
545998354842710.12
545978480292181.31
545958607188482.5
545938735531455.44
545918865320942.62
545898996556785.75
545879129238827
545859263366908.38
545839398940872.25
545819535960560.75
545799674425815.75
545779814336479.75
545759955692394.88
545740098493403.44
545720242739347.62
545700388430069.69
545680535565411.88
545660684145216.81
545640834169326.75
545620985637583.81
545601138549830.69
545581292905909.81
545561448705663.56
545541605948934.25
545521764635564.62
545501924765397.12
545482086338274.25
545462249354038.75
545442413812532.81
545422579713599.38
545402747057081.06
545382915842820.56
545363086070660.19
545343257740443.06
545323430852011.81
545303605405209.06
545283781399877.81
545263958835860.56
545244137713000.31
545224318031139.88
545204499790122.19
545184682989789.94
545164867629986.19
545145053710553.88
545125241231335.94
545105430192175.31
545085620592914.88
545065812433398.06
545046005713467.56
545026200432966.62
545006396591738.06
544986594189625.31
544966793226471.31
544946993702119.38
544927195616412.56
544907398969194.06
544887603760307.31
544867809989595.38
544848017656901.56
544828226762069.12
544808437304941.5
544788649285361.94
544768862703173.88
544749077558220.62
544729293850345.5
544709511579392.31
544689730745204.19
544669951347624.69
544650173386497.19
544630396861665.56
544610621772973.06
544590848120263.44
544571075903379.94
544551305122166.44
544531535776466.75
544511767866124.31
544492001390982.75
544472236350885.81
544452472745677.5
544432710575201.25
544412949839300.75
544393190537820.19
544373432670603.12
544353676237493.56
544333921238335.12
544314167672971.88
544294415541247.56
544274664843006.44
544254915578092.12
544235167746348.69
544215421347620.25
544195676381750.81
544175932848584.44
544156190747964.94
544136450079736.81
544116710843743.75
544096973039830.25
544077236667840.25
544057501727617.94
544037768219007.69
544018036141853.56
543998305496000
543978576281291
543958848497571.06
543939122144684.44
543919397222475.56
543899673730788.62
543879951669468.12
543860231038358.31
543840511837303.88
543820794066149.25
543801077724738.62
543781362812916.75
543761649330528.06
543741937277417.25
543722226653428.5
543702517458406.69
543682809692196.56
543663103354642.5
543643398445589.31
543623694964881.44
543603992912363.88
543584292287881.12
543564593091278.19
543544895322399.5
543525198981089.94
543505504067194.69
543485810580558.12
543466118521025.31
543446427888441.12
543426738682650.44
543407050903498.19
543387364550829.38
543367679624488.75
543347996124321.44
543328314050172.75
543308633401887.31
543288954179310.38
543269276382286.81
543249600010662.19
543229925064281.19
543210251542989.25
543190579446631.19
543170908775052.56
543151239528098.44
543131571705614.06
543111905307444.69
543092240333435.56
543072576783432.19
543052914657279.75
543033253954823.56
543013594675908.94
542993936820381.56
542974280388086.62
542954625378869.62
542934971792575.94
542915319629051.12
542895668888140.88
542876019569690.44
542856371673545.5
542836725199551.5
542817080147554.38
542797436517399.38
542777794308932.25
542758153521998.88
542738514156444.56
542718876212115.44
542699239688856.94
542679604586514.88
542659970904935
542640338643963.38
542620707803445.5
542601078383227.25
542581450383154.69
542561823803073.56
542542198642829.94
542522574902269.5
542502952581238.38
542483331679582.38
542463712197147.81
542444094133780.44
542424477489326.25
542404862263631.56
542385248456542.38
542365636067904.81
542346025097564.81
542326415545368.81
542306807411162.81
542287200694793.19
542267595396105.94
542247991514947.25
542228389051163.75
542208788004601.44
542189188375106.88
542169590162526.06
542149993366705.56
542130397987491.75
542110804024731.12
542091211478269.75
542071620347954.38
542052030633631.44
542032442335147.38
542012855452348.81
541993269985082
541973685933193.75
541954103296530.56
541934522074939.12
541914942268265.81
541895363876357.44
541875786899060.81
541856211336222.44
541836637187689.12
541817064453307.31
541797493132924.19
541777923226386.25
541758354733540.5
541738787654233.44
541719221988312.12
541699657735623.56
541680094896014.44
541660533469331.69
541640973455422.19
541621414854133.19
541601857665311.31
541582301888803.81
541562747524457.38
541543194572119.31
541523643031636.81
541504092902856.69
541484544185626.12
541464996879792.25
541445450985202.38
541425906501703.5
541406363429142.81
541386821767367.62
541367281516225.06
541347742675562.62
541328205245227.38
541308669225066.69
541289134614927.81
541269601414658.31
541250069624105.44
541230539243116.5
541211010271538.94
541191482709220.31
541171956556008.12
541152431811749.69
541132908476292.56
541113386549484.19
541093866031172.44
541074346921204.5
541054829219428.19
541035312925691
541015798039840.75
540996284561724.94
540976772491191.19
540957261828087.38
540937752572261.25
540918244723560.5
540898738281832.75
540879233246925.94
540859729618687.75
540840227396966.31
540820726581609.19
540801227172464.25
540781729169379.62
540762232572203.06
540742737380782.75
540723243594966.19
540703751214601.94
540684260239537.44
540664770669621.25
540645282504701.06
540625795744625
540606310389241.31
540586826438398.06
540567343891943.44
540547862749725.38
540528383011592.25
540508904677392.31
540489427746973.81
540469952220184.81
540450478096873.62
540431005376888.62
540411534060078.19
540392064146290.69
540372595635374.12
540353128527177.25
540333662821548.38
540314198518335.94
540294735617388.25
540275274118553.81
540255814021681.44
540236355326619.25
540216898033216.06
540197442141320.12
540177987650780.25
540158534561445
540139082873163.06
540119632585782.81
540100183699153.12
540080736213122.88
540061290127540.44
540041845442254.69
540022402157114.38
540002960271968.25
539983519786665.12
539964080701053.94
539944643014983.19
539925206728301.94
539905771840859.38
539886338352503.94
539866906263084.81
539847475572450.75
539828046280451.12
539808618386934.5
539789191891750.12
539769766794746.81
539750343095773.75
539730920794680.25
539711499891315.06
539692080385527.5
539672662277166.56
539653245566081.69
539633830252121.81
539614416335136.19
539595003814974
539575592691484.75
539556182964517.62
539536774633921.69
539517367699546.5
539497962161241.19
539478558018855.44
539459155272238.31
539439753921239.44
539420353965708
539400955405493.69
539381558240446
539362162470414.12
539342768095247.94
539323375114796.62
539303983528910.12
539284593337437.75
539265204540229.06
539245817137133.75
539226431128001.62
539207046512682.25
539187663291025.12
539168281462880.25
539148901028097.19
539129521986525.81
539110144338015.69
539090768082416.81
539071393219578.75
539052019749351.62
539032647671585.31
539013276986129.31
538993907692833.94
538974539791548.94
538955173282124.31
538935808164409.88
538916444438255.81
538897082103512.06
538877721160028.62
538858361607655.69
538839003446243.06
538819646675641.06
538800291295699.75
538780937306269.38
538761584707199.75
538742233498341.44
538722883679544.5
538703535250659.25
538684188211535.62
538664842562024.25
538645498301975.25
538626155431239
538606813949665.94
538587473857106.06
538568135153410.06
538548797838428.25
538529461912011.12
538510127374008.88
538490794224272.12
538471462462651.56
538452132088997.44
538432803103160.38
538413475504990.75
538394149294339.31
538374824471056.69
538355501034993.44
538336178986000
538316858323927.19
538297539048625.94
538278221159946.56
538258904657739.94
538239589541856.69
538220275812147.94
538200963468464.06
538181652510656.12
538162342938574.62
538143034752070.62
538123727950995.25
538104422535199
538085118504533
538065815858847.94
538046514597995.19
538027214721825.38
538007916230189.62
537988619122938.94
537969323399924.25
537950029060997
537930736106007.81
537911444534808.06
537892154347248.62
537872865543181.06
537853578122456.19
537834292084925.38
537815007430439.56
537795724158850.38
537776442270008.94
537757161763766.44
537737882639974.12
537718604898483.31
537699328539145.69
537680053561812.19
537660779966334.44
537641507752563.56
537622236920351.38
537602967469549.19
537583699400008.25
537564432711580.31
537545167404116.75
537525903477469.25
537506640931489.19
537487379766028.19
537468119980937.75
537448861576069.69
537429604551275.62
537410348906407
537391094641315.69
537371841755853.44
537352590249871.88
537333340123222.62
537314091375757.69
537294844007328.62
537275598017787.44
537256353406985.94
537237110174775.75
537217868321009
537198627845537.44
537179388748213.19
537160151028887.81
537140914687413.62
537121679723642.38
537102446137426.25
537083213928617.19
537063983097067.06
537044753642628.12
537025525565152.5
537006298864492.25
536987073540499.25
536967849593026
536948627021924.56
536929405827047
536910186008245.69
536890967565372.69
536871750498280.5
536852534806821.19
536833320490847.19
536814107550210.56
536794895984763.94
536775685794359.56
536756476978849.75
536737269538087.06
536718063471923.62
536698858780212.38
536679655462805.31
536660453519555.12
536641252950314.31
536622053754935.38
536602855933270.81
536583659485173.31
536564464410495.38
536545270709089.5
536526078380808.75
536506887425505.31
536487697843032.06
536468509633241.56
536449322795986.88
536430137331120.38
536410953238495.06
536391770517963.44
536372589169378.44
536353409192593.12
536334230587460.06
536315053353832.19
536295877491562.31
536276703000503.56
536257529880508.69
536238358131430.56
536219187753122.38
536200018745437
536180851108227.56
536161684841346.88
536142519944648.12
536123356417984.31
536104194261208.75
536085033474174.31
536065874056734.12
536046716008741.56
536027559330049.69
536008404020511.81
535989250079980.88
535970097508310.5
535950946305353.5
535931796470963.62
535912648004993.88
535893500907297.69
535874355177728.25
535855210816139.19
535836067822383.88
535816926196315.44
535797785937787.56
535778647046653.62
535759509522767.25
535740373365981.69
535721238576150.56
535702105153127.25
535682973096765.62
535663842406919.12
535644713083441.19
535625585126185.62
535606458535006.06
535587333309756.25
535568209450289.5
535549086956459.75
535529965828121
535510846065126.56
535491727667330.56
535472610634586.31
535453494966748.06
535434380663669.44
535415267725204.44
535396156151206.69
535377045941530.19
535357937096029.06
535338829614557
535319723496968.06
535300618743116.12
535281515352855.31
535262413326039.5
535243312662522.94
535224213362159.38
535205115424803.12
535186018850308.19
535166923638528.81
535147829789319
535128737302532.88
535109646178024.88
535090556415649
535071468015259.56
535052380976710.62
535033295299856.62
535014210984551.81
534995128030650.56
534976046438007.06
534956966206475.69
534937887335911.06
534918809826167.25
534899733677098.81
534880658888560.06
534861585460405.75
534842513392490.06
534823442684667.56
534804373336792.75
534785305348720.12
534766238720304.56
534747173451400.25
534728109541861.94
534709046991544.12
534689985800301.81
534670925967989.25
534651867494461.25
534632810379572.69
534613754623178
534594700225132.25
534575647185289.94
534556595503506
534537545179635
534518496213532.19
534499448605052.12
534480402354049.56
534461357460379.69
534442313923897.25
534423271744457.31
534404230921914.62
534385191456124.25
534366153346941.12
534347116594220.44
534328081197817.06
534309047157586
534290014473382.56
534270983145061.62
534251953172478.56
534232924555488.06
534213897293945.69
534194871387706.5
534175846836625.75
534156823640558.5
534137801799359.94
534118781312885.62
534099762180990.62
534080744403530.44
534061727980360.06
534042712911335.06
534023699196310.81
534004686835142.75
533985675827686.06
533966666173796.19
533947657873328.75
533928650926139.19
533909645332083
533890641091015.44
533871638202792.31
533852636667269.12
533833636484301.5
533814637653744.69
533795640175454.62
533776644049287
533757649275097.25
533738655852741.19
533719663782074.31
533700673062952.5
533681683695231.5
533662695678767.12
533643709013414.81
533624723699030.56
533605739735470.44
533586757122590
533567775860245.12
533548795948291.62
533529817386585.69
533510840174982.94
533491864313339.56
533472889801511.12
533453916639353.88
533434944826724
533415974363477.25
533397005249469.69
533378037484557.38
533359071068596.56
533340106001443.19
533321142282953.5
533302179912983.38
533283218891389.12
533264259218027.19
533245300892753.44
533226343915424.25
533207388285895.69
533188434004024.44
533169481069666.31
533150529482677.94
533131579242915.31
533112630350235.19
533093682804493.81
533074736605547.38
533055791753252.44
533036848247465.31
533017906088042.69
532998965274840.88
532980025807716.31
532961087686525.5
532942150911125.25
532923215481371.88
532904281397121.81
532885348658231.94
532866417264558.81
532847487215959.06
532828558512289.19
532809631153406
532790705139166
532771780469426.31
532752857144043.31
532733935162873.81
532715014525774.69
532696095232602.75
532677177283214.81
532658260677467.56
532639345415218
532620431496322.81
532601518920639.25
532582607688023.94
532563697798333.81
532544789251426
532525882047157.38
532506976185385.12
532488071665965.88
532469168488757
532450266653615.44
532431366160398.44
532412467008962.88
532393569199165.81
532374672730864.62
532355777603916.38
532336883818178.38
532317991373507.5
532299100269761.31
532280210506796.88
532261322084471.62
532242435002642.5
532223549261167
532204664859902.69
532185781798706.62
532166900077436.31
532148019695948.88
532129140654102
532110262951753.06
532091386588759.5
532072511564978.62
532053637880268
532034765534485.38
532015894527488
531997024859133.56
531978156529279.44
531959289537783.38
531940423884503
531921559569295.94
531902696592019.62
531883834952531.88
531864974650690.62
531846115686353.25
531827258059377.56
531808401769621.25
531789546816942.31
531770693201198.38
531751840922247.31
531732989979946.69
531714140374154.56
531695292104729.06
531676445171527.69
531657599574408.5
531638755313229.25
531619912387848.31
531601070798123.31
531582230543912.31
531563391625073.25
531544554041464.31
531525717792943.62
531506882879369
531488049300598.62
531469217056490.5
531450386146903.12
531431556571694.38
531412728330722.38
531393901423845.31
531375075850921.62
531356251611809.5
531337428706367
531318607134452.5
531299786895924.19
531280967990640.69
531262150418460
531243334179240.62
531224519272840.75
531205705699119.06
531186893457933.94
531168082549143.56
531149272972606.56
531130464728181.38
531111657815726.69
531092852235100.69
531074047986162
531055245068769.19
531036443482780.94
531017643228055.88
530998844304452.31
530980046711829.19
530961250450045
530942455518958.56
530923661918428.31
530904869648313.31
530886078708471.88
530867289098763.25
530848500819045.81
530829713869178.38
530810928249019.94
530792143958429.31
530773360997265.38
530754579365386.69
530735799062652.5
530717020088921.62
530698242444053.06
530679466127905.56
530660691140338.12
530641917481209.94
530623145150379.88
530604374147707.12
530585604473050.44
530566836126269.12
530548069107222.25
530529303415768.94
530510539051768.12
530491776015079.12
530473014305561.31
530454253923073.5
530435494867475.19
530416737138625.31
530397980736383.44
530379225660608.62
530360471911160.38
530341719487897.69
530322968390680
530304218619367
530285470173817.69
530266723053891.56
530247977259448
530229232790346.5
530210489646446.44
530191747827607.44
530173007333688.69
530154268164549.94
530135530320050.81
530116793800050.62
530098058604409.06
530079324732985.56
530060592185640.06
530041860962231.88
530023131062620.94
530004402486666.5
529985675234228.5
529966949305166.88
529948224699341
529929501416610.75
529910779456835.81
529892058819876.25
529873339505591.56
529854621513841.75
529835904844486.44
529817189497385.81
529798475472399.69
529779762769387.75
529761051388210.12
529742341328726.56
529723632590797.38
529704925174282.25
529686219079041.25
529667514304934.38
529648810851821.81
529630108719563.69
529611407908019.69
529592708417050.44
529574010246515.56
529555313396275.62
529536617866190.56
529517923656120.56
529499230765925.75
529480539195466.62
529461848944603.31
529443160013195.88
529424472401104.81
529405786108190.44
529387101134313.06
529368417479332.88
529349735143110.38
529331054125505.75
529312374426379.69
529293696045592.56
529275018983004.5
529256343238476.31
529237668811868.38
529218995703041.25
529200323911855.19
529181653438171
529162984281849.12
529144316442750.19
529125649920734.88
529106984715663.5
529088320827397
529069658255795.94
529050997000721.12
529032337062032.88
529013678439592.19
528995021133259.81
528976365142896.44
528957710468362.88
528939057109519.88
528920405066228.25
528901754338348.88
528883104925742.69
528864456828270.25
528845810045792.75
528827164578171
528808520425265.94
528789877586938.5
528771236063049.56
528752595853460.44
528733956958031.88
528715319376625
528696683109100.62
528678048155320.12
528659414515144.44
528640782188434.88
528622151175052.12
528603521474857.62
528584893087712.75
528566266013478.31
528547640252015.75
528529015803186
528510392666850.75
528491770842870.94
528473150331108.06
528454531131423.06
528435913243677.44
528417296667732.88
528398681403450.31
528380067450691.31
528361454809317.12
528342843479189.44
528324233460169.5
528305624752118.69
528287017354898.75
528268411268370.88
528249806492396.94
528231203026838.19
528212600871556.25
528194000026412.69
528175400491269.25
528156802265987.44
528138205350428.69
528119609744455
528101015447927.94
528082422460709.25
528063830782660.44
528045240413643.31
528026651353519.62
528008063602151.44
527989477159400.12
527970892025127.69
527952308199195.88
527933725681466.69
527915144471802
527896564570063.38
527877985976113.06
527859408689812.94
527840832711024.94
527822258039610.88
527803684675432.88
527785112618352.81
527766541868232.88
527747972424935.19
527729404288321.44
527710837458254.06
527692271934595
527673707717206.56
527655144805950.5
527636583200689.44
527618022901285.12
527599463907600.06
527580906219496.44
527562349836836.31
527543794759482.06
527525240987296
527506688520140.5
527488137357877.5
527469587500369.62
527451038947479.44
527432491699068.94
527413945755000.69
527395401115136.94
527376857779340.31
527358315747473.25
527339775019398.19
527321235594977.44
527302697474073.75
527284160656549.56
527265625142267.44
527247090931089.94
527228558022879.56
527210026417499.12
527191496114811.12
527172967114678.25
527154439416962.94
527135913021528.12
527117387928236.44
527098864136950.62
527080341647533.38
527061820459847.44
527043300573755.81
527024781989121
527006264705805.94
526987748723673.44
526969234042586.38
526950720662407.69
526932208583000.19
526913697804226.81
526895188325950.38
526876680148034.19
526858173270340.88
526839667692733.5
526821163415075.06
526802660437228.81
526784158759057.56
526765658380424.44
526747159301192.5
526728661521224.81
526710165040384.75
526691669858535.25
526673175975539.5
526654683391260.56
526636192105562
526617702118306.69
526599213429357.94
526580726038579.12
526562239945833.5
526543755150984.38
526525271653894.94
526506789454428.62
526488308552448.69
526469828947818.81
526451350640402
526432873630061.81
526414397916661.75
526395923500065.25
526377450380135.88
526358978556736.81
526340508029731.88
526322038798984.38
526303570864358.06
526285104225716.38
526266638882922.81
526248174835841.19
526229712084335
526211250628268.06
526192790467503.69
526174331601905.88
526155874031338.25
526137417755664.56
526118962774748.44
526100509088453.56
526082056696643.94
526063605599183.25
526045155795935.44
526026707286764.06
526008260071533.25
525989814150106.75
525971369522348.56
525952926188122.31
525934484147292.19
525916043399722.19
525897603945276.12
525879165783818.12
525860728915211.88
525842293339321.75
525823859056011.69
525805426065145.88
525786994366588
525768563960202.44
525750134845853.5
525731707023405.06
525713280492721.31
525694855253666.44
525676431306104.69
525658008649900.25
525639587284917.44
525621167211020.25
525602748428073.12
525584330935940.56
525565914734486.62
525547499823575.62
525529086203071.94
525510673872840.19
525492262832744.44
525473853082649.31
525455444622418.94
525437037451917.94
525418631571011
525400226979562.31
525381823677436.5
525363421664497.94
525345020940611.44
525326621505641.31
525308223359452.25
525289826501908.69
525271430932875.62
525253036652217.31
525234643659798.5
525216251955483.94
525197861539138.19
525179472410626.25
525161084569812.56
525142698016561.94
525124312750739.06
525105928772209.06
525087546080836.38
525069164676485.88
525050784559022.75
525032405728311.31
525014028184216.94
524995651926604.25
524977276955338.25
524958903270283.75
524940530871306
524922159758269.75
524903789931039.88
524885421389481.69
524867054133460.06
524848688162840.19
524830323477486.88
524811960077265.38
524793597962040.69
524775237131678.25
524756877586042.81
524738519324999.69
524720162348414.12
524701806656151.31
524683452248076.56
524665099124054.75
524646747283951.5
524628396727631.94
524610047454961.5
524591699465805.31
524573352760028.69
524555007337497.12
524536663198076
524518320341630.69
524499978768026.44
524481638477128.88
524463299468803.31
524444961742915.44
524426625299330.38
524408290137913.88
524389956258531.44
524371623661048.56
524353292345330.94
524334962311243.81
524316633558653.12
524298306087424.38
524279979897423.25
524261654988515.12
524243331360565.94
524225009013441.5
524206687947007.25
524188368161129.12
524170049655672.56
524151732430503.62
524133416485488
524115101820491.56
524096788435379.94
524078476330019.06
524060165504275
524041855958013.38
524023547691100.19
524005240703401.25
523986934994782.75
523968630565110.38
523950327414250.31
523932025542068.25
523913724948430.38
523895425633202.88
523877127596251.62
523858830837442.69
523840535356642.06
523822241153716.19
523803948228530.81
523785656580952.25
523767366210846.69
523749077118080.12
523730789302519.06
523712502764029.44
523694217502477.62
523675933517729.75
523657650809652.31
523639369378111.44
523621089222973.44
523602810344104.56
523584532741371.31
523566256414640.12
523547981363777.19
523529707588649
523511435089121.81
523493163865062.44
523474893916337
523456625242812.06
523438357844354.06
523420091720829.62
523401826872105.44
523383563298047.62
523365300998523.12
523347039973398.38
523328780222540.12
523310521745814.75
523292264543089
523274008614229.56
523255753959103.12
523237500577576.56
523219248469516.12
523200997634789
523182748073261.81
523164499784801.38
523146252769274.19
523128007026547.5
523109762556487.75
523091519358962.19
523073277433837.31
523055036780980.06
523036797400257.56
523018559291536.62
523000322454684.25
522982086889567.19
522963852596052.62
522945619574007.44
522927387823298.88
522909157343793.62
522890928135358.88
522872700197861.75
522854473531169.38
522836248135148.88
522818024009667.19
522799801154591.56
522781579569789.25
522763359255127.44
522745140210473.06
522726922435693.56
522708705930656.31
522690490695228.25
522672276729277
522654064032669.44
522635852605273.12
522617642446955.44
522599433557583.75
522581225937025.12
522563019585147.12
522544814501817.44
522526610686903.12
522508408140271.75
522490206861790.75
522472006851327.56
522453808108749.81
522435610633925
522417414426720.44
522399219487003.81
522381025814642.94
522362833409505.12
522344642271458
522326452400369.12
522308263796106.5
522290076458537.44
522271890387529.75
522253705582951
522235522044669
522217339772551.69
522199158766466.56
522180979026281.5
522162800551864.12
522144623343082.56
522126447399804.38
522108272721897.56
522090099309229.81
522071927161669.19
522053756279083.62
522035586661340.88
522017418308309
521999251219855.75
521981085395849.5
521962920836157.88
521944757540649
521926595509190.88
521908434741651.69
521890275237899.5
521872116997802.12
521853960021228.06
521835804308045.06
521817649858121.62
521799496671325.56
521781344747525.31
521763194086588.81
521745044688384.5
521726896552780.69
521708749679645.31
521690604068846.88
521672459720253.62
521654316633733.88
521636174809155.94
521618034246388.06
521599894945298.62
521581756905756.12
521563620127629.06
521545484610785.44
521527350355094.06
521509217360423.31
521491085626641.69
521472955153617.38
521454825941219.25
521436697989315.69
521418571297775.25
521400445866466.62
521382321695258.06
521364198784018.44
521346077132616.31
521327956740920.38
521309837608799.06
521291719736121.25
521273603122755.62
521255487768570.75
521237373673435.62
521219260837218.62
521201149259788.75
521183038941014.75
521164929880765.5
521146822078909.56
521128715535316.06
521110610249853.69
521092506222391.5
521074403452798
521056301940942.38
521038201686693.69
521020102689920.62
521002004950492.38
520983908468277.56
520965813243145.5
520947719274965.19
520929626563605.62
520911535108935.69
520893444910824.56
520875355969141.56
520857268283755.56
520839181854535.69
520821096681351.06
520803012764071.12
520784930102564.75
520766848696701.31
520748768546349.81
520730689651379.62
520712612011660.19
520694535627060.5
520676460497450
520658386622697.81
520640314002673.62
520622242637246.5
520604172526285.88
520586103669661
520568036067241.38
520549969718896.62
520531904624495.88
520513840783908.75
520495778197004.56
520477716863653.12
520459656783723.62
520441597957085.75
520423540383608.88
520405484063162.75
520387428995617
520369375180841.06
520351322618704.56
520333271309077.12
520315221251828.62
520297172446828.5
520279124893946.5
520261078593052.19
520243033544015.62
520224989746706.44
520206947200994.12
520188905906748.81
520170865863840.06
520152827072137.94
520134789531512.06
520116753241832.25
520098718202968.44
520080684414790.62
520062651877168.69
520044620589972.38
520026590553071.75
520008561766336.88
519990534229637.69
519972507942844
519954482905826
519936459118453.5
519918436580596.88
519900415292126.12
519882395252911.06
519864376462822.12
519846358921729.25
519828342629502.69
519810327586012.38
519792313791128.75
519774301244721.88
519756289946662
519738279896819.44
519720271095064.19
519702263541266.69
519684257235297.31
519666252177026.25
519648248366323.75
519630245803060.25
519612244487106.12
519594244418331.69
519576245596607.38
519558248021803.5
519540251693790.69
519522256612439.25
519504262777619.75
519486270189202.38
519468278847057.94
519450288751056.88
519432299901069.69
519414312296966.94
519396325938619.12
519378340825897.12
519360356958671.25
519342374336812.31
519324392960190.62
519306412828677.25
519288433942142.62
519270456300457.56
519252479903492.75
519234504751118.81
519216530843206.75
519198558179627.12
519180586760250.81
519162616584948.44
519144647653591.19
519126679966049.56
519108713522194.56
519090748321897
519072784365027.75
519054821651458
519036860181058.38
519018899953699.88
519000940969253.44
518982983227590.31
518965026728581.25
518947071472097.19
518929117458009.38
518911164686188.81
518893213156506.62
518875262868833.75
518857313823041.38
518839366019000.5
518821419456582.62
518803474135658.56
518785530056099.56
518767587217776.94
518749645620561.81
518731705264325.56
518713766148939.25
518695828274274.19
518677891640201.56
518659956246593.06
518642022093319.62
518624089180252.62
518606157507263.62
518588227074223.88
518570297881004.88
518552369927477.75
518534443213514.25
518516517738985.62
518498593503763.56
518480670507719.31
518462748750724.31
518444828232650.31
518426908953368.81
518408990912751.38
518391074110669.31
518373158546994.5
518355244221598.44
518337331134352.94
518319419285129.19
518301508673799.38
518283599300234.69
518265691164307.25
518247784265888.62
518229878604850.31
518211974181064.38
518194070994402.44
518176169044736.38
518158268331937.81
518140368855878.62
518122470616430.88
518104573613466.19
518086677846856.56
518068783316473.69
518050890022189.62
518032997963876.31
518015107141405.75
517997217554649.62
517979329203480.06
517961442087769.31
517943556207389.06
517925671562211.5
517907788152108.5
517889905976952.44
517872025036615.12
517854145330968.88
517836266859885.5
517818389623237.44
517800513620896.69
517782638852735.5
517764765318626
517746893018440.38
517729021952051.06
517711152119330.06
517693283520149.69
517675416154382.31
517657550021900.19
517639685122575.56
517621821456280.81
517603959022888.31
517586097822270.31
517568237854299.5
517550379118848
517532521615788.25
517514665344992.69
517496810306334
517478956499684.38
517461103924916.44
517443252581902.62
517425402470515.44
517407553590627.69
517389705942111.62
517371859524839.94
517354014338685.19
517336170383520.12
517318327659217.19
517300486165649.06
517282645902688.56
517264806870208.25
517246969068081
517229132496179.25
517211297154375.81
517193463042543.5
517175630160555.25
517157798508283.56
517139968085601.25
517122138892381.38
517104310928496.69
517086484193820.06
517068658688224.19
517050834411582.25
517033011363766.81
517015189544651.25
516997368954108.12
516979549592010.44
516961731458231.38
516943914552643.81
516926098875120.94
516908284425535.38
516890471203760.62
516872659209669.5
516854848443135.25
516837038904030.75
516819230592229.25
516801423507603.94
516783617650027.94
516765813019374.5
516748009615516.5
516730207438327.5
516712406487680.62
516694606763449.19
516676808265506.19
516659010993725
516641214947979.25
516623420128141.88
516605626534086.44
516587834165686
516570043022814.19
516552253105344.31
516534464413149.88
516516676946103.94
516498890704080.25
516481105686952.38
516463321894593.5
516445539326877.19
516427757983677
516409977864866.5
516392198970319.06
516374421299908.5
516356644853508.06
516338869630991.5
516321095632232.62
516303322857104.81
516285551305481.75
516267780977237.06
516250011872244.62
516232243990377.94
516214477331510.88
516196711895516.94
516178947682269.94
516161184691643.94
516143422923512.38
516125662377749.19
516107903054228.12
516090144952823.25
516072388073408.12
516054632415856.81
516036877980043
516019124765840.81
516001372773124.19
515983622001766.81
515965872451642.88
515948124122626.12
515930377014590.94
515912631127410.94
515894886460960.38
515877143015113.06
515859400789743.31
515841659784725.25
515823919999932.62
515806181435239.94
515788444090521
515770707965650.19
515752973060501.56
515735239374949.31
515717506908867.56
515699775662130.81
515682045634612.94
515664316826188.31
515646589236731.38
515628862866116.25
515611137714217.38
515593413780908.88
515575691066065.19
515557969569560.56
515540249291269.69
515522530231066.62
515504812388825.81
515487095764421.88
515469380357729.12
515451666168622.12
515433953196975.12
515416241442662.81
515398530905559.69
515380821585540.31
515363113482479.06
515345406596250.5
515327700926729.38
515309996473790.25
515292293237307.75
515274591217156.31
515256890413210.81
515239190825345.88
515221492453436.19
515203795297356.25
515186099356981
515168404632185.12
515150711122843.38
515133018828830.62
515115327750021.31
515097637886290.62
515079949237513.19
515062261803564
515044575584317.56
515026890579649.06
515009206789433.44
514991524213545.44
514973842851860.06
514956162704252.06
514938483770596.62
514920806050768.69
514903129544643.25
514885454252095.12
514867780172999.44
514850107307231.5
514832435654666.06
514814765215178.31
514797095988643.25
514779427974936.25
514761761173932.19
514744095585506.38
514726431209533.69
514708768045889.5
514691106094449.19
514673445355087.75
514655785827680.44
514638127512102.5
514620470408229.38
514602814515936.12
514585159835098.12
514567506365590.69
514549854107289.12
514532203060069
514514553223805.38
514496904598373.81
514479257183649.56
514461610979508.38
514443965985825.38
514426322202476.12
514408679629336
514391038266280.69
514373398113185.62
514355759169926.25
514338121436378.12
514320484912416.81
514302849597918
514285215492757.19
514267582596809.94
514249950909951.81
514232320432058.69
514214691163006.19
514197063102669.75
514179436250925.31
514161810607648.44
514144186172715.06
514126562946000.69
514108940927381.19
514091320116732.19
514073700513929.75
514056082118849.69
514038464931367.5
514020848951359.31
514003234178700.94
513985620613268.31
513968008254937.06
513950397103583.5
513932787159083.19
513915178421312.38
513897570890146.94
513879964565462.69
513862359447135.81
513844755535042.25
513827152829058.25
513809551329059.44
513791951034922.19
513774351946522.56
513756754063736.56
513739157386440.56
513721561914510.25
513703967647822.12
513686374586252.25
513668782729676.94
513651192077972.12
513633602631014.25
513616014388679.5
513598427350844.25
513580841517384.44
513563256888176.56
513545673463097.06
513528091242022.06
513510510224828.06
513492930411391.19
513475351801587.94
513457774395294.81
513440198192388.12
513422623192744.19
513405049396239.5
513387476802750.75
513369905412154.12
513352335224326.31
513334766239143.62
513317198456482.75
513299631876220.19
513282066498232.56
513264502322396.19
513246939348587.88
513229377576684.38
513211817006562.06
513194257638097.62
513176699471167.75
513159142505649.25
513141586741418.62
513124032178352.75
513106478816328.06
513088926655221.56
513071375694910.12
513053825935270.25
513036277376178.88
513018730017512.69
513001183859148.81
512983638900963.81
512966095142834.62
512948552584638
512931011226251.19
512913471067550.88
512895932108414
512878394348717.5
512860857788338.25
512843322427153.56
512825788265040.12
512808255301875.06
512790723537535.25
512773192971898
512755663604840.31
512738135436239.06
512720608465971.69
512703082693914.88
512685558119946.25
512668034743942.56
512650512565781.19
512632991585339.06
512615471802493.75
512597953217122.31
512580435829101.81
512562919638309.75
512545404644623.31
512527890847919.81
512510378248076.38
512492866844970.5
512475356638479.38
512457847628480.5
512440339814851.25
512422833197468.81
512405327776210.75
512387823550954.5
512370320521577.5
512352818687956.94
512335318049970.62
512317818607495.94
512300320360410.31
512282823308591.44
512265327451916.5
512247832790263.31
512230339323509.5
512212847051532.56
512195355974209.94
512177866091419.5
512160377403038.75
512142889908945.38
512125403609017
512107918503131.38
512090434591166.25
512072951872999.19
512055470348508.12
512037990017570.5
512020510880064.38
512003032935867.44
511985556184857.44
511968080626912.31
511950606261909.75
511933133089727.81
511915661110244.19
511898190323336.94
511880720728883.62
511863252326762.44
511845785116851.31
511828319099028.12
511810854273170.88
511793390639157.5
511775928196866.19
511758466946174.69
511741006886961.19
511723548019103.62
511706090342480.38
511688633856969.19
511671178562448.38
511653724458795.81
511636271545889.75
511618819823608.56
511601369291830.19
511583919950432.81
511566471799294.62
511549024838294.06
511531579067309.12
511514134486218.06
511496691094899.38
511479248893231.06
511461807881091.69
511444368058359.38
511426929424912.5
511409491980629.38
511392055725388.62
511374620659068.31
511357186781546.94
511339754092703
511322322592414.88
511304892280561.12
511287463157020
511270035221670.12
511252608474389.88
511235182915058.06
511217758543552.94
511200335359753
511182913363537.12
511165492554783.69
511148072933371.38
511130654499178.62
511113237252084.31
511095821191966.94
511078406318705.31
511060992632177.88
511043580132263.5
511026168818840.81
511008758691788.62
510991349750985.75
510973941996310.75
510956535427642.56
510939130044859.94
510921725847841.81
510904322836466.69
510886921010613.81
510869520370161.69
510852120914989.5
510834722644976.06
510817325560000.06
510799929659940.75
510782534944676.88
510765141414087.62
510747749068051.56
510730357906447.94
510712967929156
510695579136054.44
510678191527022.44
510660805101938.88
510643419860683.12
510626035803134.06
510608652929171
510591271238672.75
510573890731518.62
510556511407588
510539133266759.81
510521756308913.25
510504380533927.5
510487005941682.06
510469632532055.88
510452260304928.44
510434889260178.69
510417519397686.19
510400150717330.25
510382783218990.06
510365416902545.06
510348051767874.56
510330687814858.06
510313325043374.81
510295963453304.25
510278603044525.75
510261243816918.88
510243885770363
510226528904737.62
510209173219922.25
510191818715796.25
510174465392239.44
510157113249131.06
510139762286350.81
510122412503778.19
510105063901292.94
510087716478774.5
510070370236102.56
510053025173156.75
510035681289816.62
510018338585962.12
510000997061472.69
509983656716228.06
509966317550107.88
509948979562992.25
509931642754760.5
509914307125292.5
509896972674468.19
509879639402167.25
509862307308269.69
509844976392655
509827646655203.25
509810318095794.19
509792990714307.94
509775664510624.12
509758339484622.69
509741015636183.75
509723692965187.12
509706371471512.94
509689051155040.81
509671732015651.19
509654414053223.62
509637097267638.56
509619781658775.81
509602467226515.44
509585153970737.56
509567841891322.38
509550530988149.94
509533221261100.19
509515912710053.5
509498605334890
509481299135489.88
509463994111733.12
509446690263500.06
509429387590671
509412086093126.19
509394785770745.88
509377486623410.06
509360188650999.38
509342891853394
509325596230474.31
509308301782120.5
509291008508212.94
509273716408632.31
509256425483258.62
509239135731972.56
509221847154654.19
509204559751184.31
509187273521443.19
509169988465311.44
509152704582669.25
509135421873397.31
509118140337376.31
509100859974486.56
509083580784608.62
509066302767623.19
509049025923410.69
509031750251851.75
509014475752827.19
508997202426217.25
508979930271902.81
508962659289764.69
508945389479683.38
508928120841539.5
508910853375213.81
508893587080587.31
508876321957540.38
508859058005954.06
508841795225708.75
508824533616685.56
508807273178765.31
508790013911828.75
508772755815756.62
508755498890429.81
508738243135729.44
508720988551536.06
508703735137730.81
508686482894194.38
508669231820807.94
508651981917452.44
508634733184008.69
508617485620357.75
508600239226380.56
508582994001958.38
508565749946972
508548507061302.5
508531265344830.88
508514024797438.56
508496785419006.31
508479547209415.38
508462310168546.81
508445074296281.75
508427839592501.56
508410606057087.25
508393373689920
508376142490881
508358912459851.75
508341683596713.19
508324455901346.56
508307229373633.38
508290004013454.81
508272779820692.25
508255556795226.88
508238334936940.06
508221114245713.19
508203894721427.75
508186676363965
508169459173206.19
508152243149033.12
508135028291326.94
508117814599969.31
508100602074841.44
508083390715825.06
508066180522801.5
508048971495652.5
508031763634259.31
508014556938503.56
507997351408266.94
507980147043430.94
507962943843877.31
507945741809487.31
507928540940142.94
507911341235725.69
507894142696117.25
507876945321199.25
507859749110853.31
507842554064961.31
507825360183404.94
507808167466066
507790975912826
507773785523566.94
507756596298170.56
507739408236518.69
507722221338493
507705035603975.38
507687851032848
507670667624992.31
507653485380290.5
507636304298624.12
507619124379875.44
507601945623926.25
507584768030658.56
507567591599954.12
507550416331695.12
507533242225763.62
507516069282041.5
507498897500410.81
507481726880753.5
507464557422951.88
507447389126887.81
507430221992443.62
507413056019501
507395891207942.38
507378727557650
507361565068505.81
507344403740392.06
507327243573190.81
507310084566784.56
507292926721055.25
507275770035885.38
507258614511156.81
507241460146752.06
507224306942553.56
507207154898443.38
507190004014303.94
507172854290017.38
507155705725466.44
507138558320533.12
507121412075100
507104266989049.31
507087123062263.62
507069980294625.38
507052838686016.94
507035698236320.69
507018558945419.12
507001420813195.06
506984283839530.56
506967148024308.38
506950013367410.94
506932879868720.94
506915747528121
506898616345493.38
506881486320721
506864357453686.38
506847229744272.25
506830103192361.06
506812977797835.56
506795853560578.38
506778730480472.38
506761608557400.25
506744487791244.44
506727368181888.06
506710249729213.69
506693132433104.19
506676016293442.25
506658901310110.75
506641787482992.38
506624674811970.19
506607563296927
506590452937745.44
506573343734308.69
506556235686499.56
506539128794201.06
506522023057295.81
506504918475667.12
506487815049197.75
506470712777770.88
506453611661269.25
506436511699575.88
506419412892574.06
506402315240146.69
506385218742176.94
506368123398547.56
506351029209142
506333936173843.25
506316844292534.44
506299753565098.56
506282663991418.94
506265575571378.88
506248488304861.31
506231402191749.56
506214317231926.75
506197233425276.19
506180150771681.12
506163069271024.94
506145988923190.62
506128909728061.69
506111831685521.56
506094754795453.31
506077679057740.5
506060604472266.19
506043531038914.06
506026458757567.44
506009387628109.75
505992317650424.19
505975248824394.38
505958181149903.94
505941114626836.06
505924049255074.38
505906985034502.25
505889921965003.5
505872860046461.38
505855799278759.56
505838739661781.44
505821681195410.75
505804623879531.25
505787567714026.25
505770512698779.56
505753458833674.62
505736406118595.44
505719354553425.44
505702304138048.38
505685254872347.88
505668206756207.69
505651159789511.81
505634113972143.62
505617069303987.12
505600025784925.94
505582983414844.12
505565942193625.25
505548902121153.25
505531863197311.88
505514825421985.12
505497788795056.94
505480753316411
505463718985931.38
505446685803501.75
505429653769006.5
505412622882329.25
505395593143354.06
505378564551964.81
505361537108045.75
505344510811480.81
505327485662153.81
505310461659949.06
505293438804750.56
505276417096442.5
505259396534908.69
505242377120033.44
505225358851700.81
505208341729795
505191325754200.25
505174310924800.5
505157297241480.19
505140284704123.38
505123273312614.44
505106263066837.31
505089253966676.69
505072246012016.31
505055239202740.94
505038233538734.75
505021229019881.75
505004225646066.69
504987223417173.69
504970222333087.31
504953222393691.56
504936223598871.19
504919225948510.5
504902229442493.88
504885234080705.88
504868239863030.69
504851246789353.06
504834254859557.38
504817264073528.25
504800274431149.94
504783285932307.19
504766298576884.5
504749312364766.5
504732327295837.62
504715343369982.5
504698360587086
504681378947032.44
504664398449706.69
504647419094993.06
504630440882776.56
504613463812941.81
504596487885373.44
504579513099956.19
504562539456574.81
504545566955114.19
504528595595458.88
504511625377493.75
504494656301103.62
504477688366173.31
504460721572587.56
504443755920231.44
504426791408989.44
504409828038746.69
504392865809388.19
504375904720798.56
504358944772862.94
504341985965466.06
504325028298493.19
504308071771829
504291116385358.75
504274162138967
504257209032539.12
504240257065960.19
504223306239115.12
504206356551888.94
504189408004166.62
504172460595833.69
504155514326774.81
504138569196875.19
504121625206020.12
504104682354094.75
504087740640984.19
504070800066573.56
504053860630748.12
504036922333393
504019985174393.69
504003049153635.19
503986114271002.81
503969180526381.75
503952247919657.5
503935316450715.38
503918386119440.44
503901456925718.38
503884528869434.19
503867601950473.56
503850676168721.62
503833751524063.94
503816828016385.75
503799905645572.75
503782984411510.31
503766064314083.69
503749145353178.56
503732227528680.38
503715310840474.69
503698395288446.94
503681480872482.69
503664567592467.38
503647655448286.81
503630744439826.56
503613834566971.94
503596925829608.88
503580018227622.88
503563111760899.69
503546206429324.69
503529302232783.75
503512399171162.75
503495497244347.12
503478596452222.75
503461696794675.12
503444798271590.31
503427900882853.94
503411004628351.88
503394109507969.62
503377215521593.38
503360322669108.81
503343430950401.81
503326540365358.12
503309650913863.75
503292762595804.56
503275875411066.44
503258989359535.38
503242104441097.06
503225220655637.81
503208338003043.31
503191456483199.75
503174576095992.94
503157696841308.94
503140818719034.06
503123941729053.94
503107065871255
503090191145522.88
503073317551744.06
503056445089804.44
503039573759590.31
503022703560987.62
503005834493882.62
502988966558161.56
502972099753710.5
502955234080415.69
502938369538163.19
502921506126839.56
502904643846330.81
502887782696523.19
502870922677303.06
502854063788556.56
502837206030170.31
502820349402030.38
502803493904023.12
502786639536034.81
502769786297952.12
502752934189661.19
502736083211048.31
502719233362000.25
502702384642403.12
502685537052143.56
502668690591107.94
502651845259182.69
502635001056254.25
502618157982209.44
502601316036934.44
502584475220315.81
502567635532240.31
502550796972594.38
502533959541264.69
502517123238137.69
502500288063100
502483454016038.19
502466621096839.25
502449789305389.44
502432958641575.56
502416129105284.38
502399300696402.5
502382473414816.81
502365647260413.69
502348822233080.25
502331998332703.06
502315175559169.06
502298353912364.81
502281533392177.12
502264713998493.06
502247895731199.31
502231078590182.81
502214262575330.25
502197447686528.62
502180633923664.88
502163821286626
502147009775298.56
502130199389569.88
502113390129326.75
502096581994456.12
502079774984845.19
502062969100380.62
502046164340949.69
502029360706439.31
502012558196736.75
501995756811728.69
501978956551302.38
501962157415345.19
501945359403743.88
501928562516385.75
501911766753157.75
501894972113947.25
501878178598641.31
501861386207127.25
501844594939292
501827804795022.94
501811015774207.44
501794227876732.56
501777441102485.56
501760655451353.69
501743870923224.5
501727087517985
501710305235522.75
501693524075724.75
501676744038478.56
501659965123671.75
501643187331191.38
501626410660925
501609635112759.81
501592860686583.69
501576087382283.69
501559315199747.31
501542544138862.19
501525774199515.56
501509005381595.31
501492237684988.56
501475471109583.12
501458705655266.25
501441941321925.94
501425178109449.38
501408416017724.31
501391655046638.25
501374895196079.06
501358136465934.12
501341378856091.19
501324622366437.94
501307866996861.94
501291112747251.12
501274359617493.06
501257607607475.44
501240856717085.94
501224106946212.62
501207358294742.94
501190610762564.75
501173864349566
501157119055634.44
501140374880657.94
501123631824524.19
501106889887121.12
501090149068336.62
501073409368058.69
501056670786175.12
501039933322573.75
501023196977142.75
501006461749769.88
500989727640343.31
500972994648750.69
500956262774880.38
500939532018620.06
500922802379858.12
500906073858482.31
500889346454380.69
500872620167441.5
500855894997552.75
500839170944602.62
500822448008479
500805726189070.25
500789005486264.44
500772285899949.81
500755567430014.38
500738850076346.31
500722133838834.06
500705418717365.62
500688704711829.5
500671991822113.5
500655280048106.25
500638569389696
500621859846771
500605151419219.38
500588444106929.62
500571737909790.25
500555032827689.31
500538328860515.44
500521626008156.69
500504924270501.75
500488223647438.94
500471524138856.75
500454825744643.44
500438128464687.56
500421432298877.81
500404737247102.38
500388043309249.94
500371350485208.88
500354658774867.88
500337968178115.38
500321278694840.06
500304590324930.25
500287903068274.75
500271216924762.25
500254531894281.25
500237847976720.31
500221165171968.12
500204483479913.56
500187802900445.06
500171123433451.56
500154445078821.38
500137767836443.5
500121091706206.81
500104416687999.81
500087742781711.38
500071069987230.25
500054398304445.38
500037727733245.44
500021058273519.25
500004389925155.69
